id_product,name_product,description
cap-type-c-type-c-2m-xmobile-dr-t11?utm_flashsale=1,Cáp Type C - Type C 2m Xmobile DR-T11,"Cáp Type C - Type C 2m Xmobile DR-T11 hỗ trợ sạc nhanh giúp rút ngắn đáng kể thời gian chờ đợi, mang đến sự tiện lợi tối đa cho người dùng. Thiết kế nhỏ gọn, dễ dàng mang theo bên mình, cáp sạc sẽ là người bạn đồng hành tin cậy trong mọi chuyến đi. • Với công suất tối đa 60W, cáp sạc này không chỉ sạc nhanh cho điện thoại mà còn tương thích với nhiều thiết bị khác như laptop, tablet, loa Bluetooth,... Bạn có thể thoải mái sử dụng một chiếc cáp duy nhất cho mọi thiết bị giúp tiết kiệm không gian và giảm bớt sự lộn xộn bên trong balo. • Thiết kế tối giản, màu sắc hiện đại và chất liệu cao cấp tạo nên vẻ ngoài sang trọng và tinh tế cho chiếc cáp Xmobile này. Phần đầu cắm được gia công tỉ mỉ, đảm bảo kết nối ổn định và truyền năng lượng hiệu quả. Xem thêm"
sac-xe-hoi-type-c-pd-30w-baseus-tiny-star-mini-vchxxc,Sạc xe hơi Baseus VCHXXC,"Trong cuộc sống hiện đại, việc sở hữu một thiết bị sạc nhanh, an toàn và tiện lợi trên xe hơi là vô cùng cần thiết. Sạc xe hơi Type C PD 30W Baseus Tiny Star Mini VCHXXC sẽ là một giải pháp hoàn hảo để bạn luôn giữ các thiết bị của mình đầy pin trên mọi hành trình. Sản phẩm này nổi bật với công nghệ sạc tiên tiến, thiết kế nhỏ gọn và khả năng tương thích với nhiều thiết bị khác nhau. Thiết kế siêu nhỏ gọn, đậm chất công nghệ Ấn tượng đầu tiên về adapter sạc này chính là thiết kế hình trụ nhỏ gọn, với kích thước chỉ 5.9 cm chiều dài và 2 cm đường kính. Thiết kế này không chỉ giúp tiết kiệm không gian trong xe mà còn mang lại vẻ ngoài tinh tế và hiện đại. Xem thêm"
adapter-chuyen-doi-usb-c-6-in-1-ugreen-60384,Adapter chuyển đổi USB C 6 in 1 Ugreen 60384,"Adapter chuyển đổi USB C 6 in 1 Ugreen 60384 mang đến giải pháp mở rộng kết nối hoàn hảo, biến cổng USB-C trên thiết bị của bạn thành tâm điểm cho mọi nhu cầu ngoại vi. Thiết kế nhỏ gọn, tiện lợi cùng khả năng kết nối đa dạng sẽ là người bạn đồng hành lý tưởng cho công việc của bạn. • Hub chuyển đổi tương thích với hầu hết các mẫu laptop và máy tính bảng sử dụng cổng Type C. Bạn chỉ cần cắm vào thiết bị và sử dụng ngay, không cần cài đặt phức tạp, mang đến cho bạn trải nghiệm kết nối tiện lợi và hiệu quả. • Hub chuyển đổi Ugreen được trang bị 6 đầu ra đa dạng giúp bạn dễ dàng kết nối với nhiều thiết bị khác nhau gồm 2 cổng USB 3.0, 1 khe đọc thẻ nhớ SD, 1 khe đọc thẻ nhớ microSD, 1 cổng HDMI và 1 cổng Type C. Xem thêm"
adapter-sac-3-cong-usb-type-c-iq4-gan-120w-anker-a2148,Sạc 3 cổng Anker A2148,"Adapter sạc 3 cổng USB Type C IQ4 GaN 120W Anker A2148 là lựa chọn lý tưởng cho những ai cần sạc nhanh chóng và tiện lợi. Với thiết kế nhỏ gọn, bạn có thể dễ dàng mang theo adapter này đi khắp mọi nơi. Đặc biệt, công suất sạc lên đến 120W đảm bảo các thiết bị của bạn sẽ được nạp đầy pin một cách cực kỳ nhanh chóng. • Adapter sạc Anker A2148 sở hữu thiết kế đầy tinh tế với gam màu đen hiện đại, dễ dàng hòa hợp với mọi không gian. Kích thước nhỏ gọn tối ưu giúp bạn dễ dàng mang theo bên mình mà không chiếm nhiều diện tích. Đặc biệt, phần chấu sạc có thể gập lại là một điểm cộng lớn, không chỉ giúp bảo vệ chấu sạc tốt hơn mà còn tăng tính di động, thuận tiện cho việc cất giữ. • Tuy có kích thước nhỏ gọn nhưng chiếc adapter này vẫn được trang bị 2 cổng Type C và 1 cổng USB, cho phép bạn sạc cùng lúc 3 thiết bị một cách dễ dàng và hiệu quả. Nhờ vậy, bạn không còn phải chờ đợi hay thay phiên sạc từng thiết bị, tiết kiệm đáng kể thời gian và tối ưu hóa trải nghiệm sử dụng. Xem thêm"
cap-type-c-1m-xmobile-dr-t10?utm_flashsale=1,Cáp Type C 1m Xmobile DR-T10,"Với cáp Type C 1m Xmobile DR-T10, việc sạc pin và truyền dữ liệu trở nên thật dễ dàng và nhanh chóng. Thiết kế sang trọng, hiện đại của cáp không chỉ làm đẹp cho không gian làm việc của bạn mà còn mang đến cảm giác thoải mái khi sử dụng. • Hỗ trợ công suất lên đến 15W, chiếc cáp sạc này tương thích với nhiều loại thiết bị như điện thoại, tai nghe Bluetooth, loa Bluetooth,... Nhờ đó, bạn không cần phải mang theo quá nhiều cáp sạc, tiết kiệm không gian trong balo của bạn. • Cáp sạc Xmobile có thiết kế tối giản, màu sắc hiện đại và chất liệu cao cấp tạo nên vẻ ngoài tinh tế, phù hợp với mọi phong cách. Phần đầu cắm được gia công tỉ mỉ, đảm bảo kết nối ổn định và bền bỉ theo thời gian. Xem thêm"
adapter-sac-type-c-pd-gan-30w-xmobile-ds051a?utm_flashsale=1,Sạc Xmobile DS051A,"Adapter sạc Type C PD GaN 30W Xmobile DS051A một phụ kiện sở hữu thiết kế tối giản và nhỏ gọn, phù hợp với lối sống năng động hiện nay. • Với kích thước chỉ 2.8 x 2.8 x 3.6 cm, sản phẩm dễ dàng đồng hành cùng bạn trong mọi chuyến đi, từ túi xách đến góc làm việc gọn gàng. • Được tích hợp công nghệ GaN tiên tiến, adapter sạc tối ưu hóa hiệu suất sạc trong khi vẫn giữ nhiệt độ ổn định hơn so với các loại sạc truyền thống. • Công nghệ Power Delivery giúp adapter sạc Xmobile cùng công suất sạc tối đa 30W, đáp ứng linh hoạt các nhu cầu sạc của bạn. Từ sạc nhanh điện thoại, máy tính bảng đến các thiết bị hỗ trợ cổng Type C khác. • Ngoài ra, adapter sạc 30W này cũng sở hữu chấu sạc có thể gấp gọn, đem lại sự tiện lợi khi mang theo củ sạc đi xa hoặc để trong nơi có không gian hẹp. Xem thêm"
adapter-sac-2-cong-usb-type-c-iq3-20w-anker-a2348,Sạc 2 cổng Anker A2348,"Adapter sạc 2 cổng USB Type C IQ3 20W Anker A2348 được thiết kế với khả năng cung cấp năng lượng đồng thời cho hai thiết bị. • Adapter sạc này được trang bị hai cổng kết nối: một cổng USB-A và một cổng Type-C. Sự hiện diện của cả hai cổng kết nối cho phép adapter tương thích với nhiều loại thiết bị khác nhau. • Về khả năng sạc, cổng USB của sản phẩm được thiết kế để cung cấp công suất tối đa 18W, trong khi cổng Type-C có thể đạt công suất tối đa 20W. • Kích thước nhỏ gọn của adapter sạc Anker sẽ mang đến tính di động cao và hạn chế chiếm dụng không gian cắm sạc trên ổ điện, ngay cả khi ổ điện có không gian hạn chế. • Công nghệ PowerIQ 3.0 được tích hợp trong adapter sạc 2 cổng này, giúp sản phẩm tập trung vào việc tối ưu tốc độ sạc cho từng thiết bị. Hơn nữa, hệ thống MultiProtect cũng được trang bị để bảo vệ thiết bị sạc và củ sạc tránh khỏi các nguy cơ tiềm ẩn như quá áp và quá dòng. Xem thêm"
cap-type-c-type-c-240w-1m-anker-zolo-a8060,Cáp Type C - Type C 1m Anker Zolo A8060,Không có mô tả
bo-de-sac-khong-day-3-in-1-15w-maggo-kem-cap-type-c-type-c-1-5m-anker-b2557,Sạc không dây 3 in 1 MagGo kèm Cáp Type C - Type C 1.5m Anker B2557,"Bộ Đế sạc không dây 3 in 1 15W MagGo kèm Cáp Type C - Type C 1.5m Anker B2557 là giải pháp toàn diện cho những ai sử dụng hệ sinh thái Apple. Với khả năng sạc nhanh tối đa 15W và hỗ trợ chuẩn Qi2, sản phẩm không chỉ đảm bảo tốc độ sạc ấn tượng mà còn tương thích hoàn hảo với MagSafe. • Khả năng sạc nhanh 15W của adapter sạc Anker này là một điểm nhấn nổi bật, giúp tối ưu hóa thời gian người dùng sạc thiết bị. Đế sạc còn hỗ trợ bạn sạc Apple Watch Series 9 lên đến 47% chỉ trong 30 phút, nhanh hơn so với các loại sạc thông thường. • Thiết kế gập siêu nhỏ gọn của sản phẩm là yếu tố chinh phục người dùng yêu thích sự linh hoạt. Với kích thước khi gập tương đương một bộ bài, adapter sạc này dễ dàng mang theo trong túi xách hoặc hành lý, biến sản phẩm thành lựa chọn lý tưởng cho những chuyến đi xa hoặc các buổi làm việc ngoài văn phòng. Xem thêm"
adapter-sac-3-cong-usb-type-c-iq4-gan-100w-anker-a2343,Sạc 3 cổng Anker A2343,"Adapter sạc đã trở thành một phần không thể thiếu trong cuộc sống hiện đại, giúp chúng ta duy trì năng lượng cho các thiết bị di động. Adapter Sạc 3 cổng USB Type C IQ4 GaN 100W Anker A2343 nổi bật như một giải pháp sạc nhanh, an toàn và vô cùng tiện lợi. Sản phẩm này hứa hẹn mang đến trải nghiệm sạc tối ưu cho mọi thiết bị của bạn. Thiết kế tối giản, nhỏ gọn Anker A2343 sở hữu thiết kế hình trụ nhỏ gọn, các góc cạnh bo tròn mềm mại, mang đến vẻ ngoài hiện đại và tinh tế. Với kích thước chỉ nhỏ gọn, bạn có thể dễ dàng mang theo adapter sạc này đi bất cứ đâu, từ văn phòng, quán cà phê đến những chuyến công tác xa nhà. Xem thêm"
cap-thunderbolt-3-usb-c-0-8m-belkin-f2cd084,Cáp Thunderbolt 3 USB-C 0.8m Belkin F2CD084,"Belkin mang đến cho bạn giải pháp kết nối đột phá với cáp Thunderbolt 3 USB-C 0.8m Belkin F2CD084. Sản phẩm hứa hẹn mang đến trải nghiệm truyền dữ liệu và sạc pin siêu tốc, đáp ứng mọi nhu cầu kết nối của bạn một cách hoàn hảo. • Trải nghiệm công nghệ sạc pin đột phá với bộ sạc 100W, mang đến tốc độ sạc nhanh chóng và hiệu quả cho các thiết bị di động sử dụng cổng USB-C. Công nghệ tiên tiến đảm bảo sạc pin an toàn và hiệu quả, bảo vệ tuổi thọ pin cho thiết bị của bạn. • Cáp sạc cho laptop còn hỗ trợ tốc độ truyền tải dữ liệu lên đến 40 Gbps giúp bạn dễ dàng truyền tải video 4K, hình ảnh chất lượng cao và các tệp tin lớn chỉ trong chớp mắt. • Cáp sạc Belkin dài 0.8m mang đến sự tiện lợi và linh hoạt tối đa cho người dùng. Nhờ chiều dài lý tưởng này, bạn có thể thoải mái làm việc ở mọi vị trí mà không bị gò bó bởi khoảng cách hay vướng víu bởi dây cáp ngắn. Xem thêm"
cap-type-c-1m-ava-cs-cl0862?utm_flashsale=1,Cáp Type C 1m AVA+ CS-CL0862,Không có mô tả
bo-adapter-sac-kem-cap-type-c-type-c-pd-45w-samsung-ep-t4511,Sạc Samsung kèm cáp Type C - Type C EP-T4511,"Bộ Adapter sạc kèm cáp Type C - Type C PD 45W Samsung EP-T4511 là sản phẩm chính hãng từ Samsung, được thiết kế để sạc nhanh cho các thiết bị di động sử dụng cổng Type-C. • Bộ sạc này bao gồm adapter sạc 45 W và cáp sạc Type-C - Type-C, giúp bạn sạc thiết bị nhanh chóng và hiệu quả. • Adapter hỗ trợ sạc nhanh Power Delivery đến 45 W, giúp sạc nhanh cho các thiết bị di động tương thích như Samsung Galaxy S23 Ultra, S22 Ultra, Note 20 Ultra,... Đặc biệt hơn thì củ sạc còn tích hợp công nghệ IC thông minh giúp giảm điện năng tiêu thụ trong thời gian chờ. • Adapter sạc Samsung có kích thước nhỏ gọn, nhẹ nhàng, dễ dàng mang theo bên mình khi di chuyển. Bên cạnh đó, adapter sạc được làm từ chất liệu cao cấp, đảm bảo an toàn và độ bền cao. Xem thêm"
adapter-sac-type-c-pd-20w-xmobile-ds602a?utm_flashsale=1,Sạc Xmobile DS602A,"Adapter Sạc Type C PD 20W Xmobile DS602A sở hữu kiểu dáng đơn giản, kích thước gọn chắc, hỗ trợ cung cấp năng lượng cho thiết bị nhanh chóng và an toàn. • Diện mạo thời thượng, adapter sạc có kích thước nhỏ gọn, các cạnh được bo viền mềm mại, cầm thoải mái và cất giữ gọn gàng. • Sạc pin nhanh chóng cho nhiều loại thiết bị với mức sạc tối đa 20 W, cung cấp năng lượng kịp thời mang đến cho bạn sự tiện lợi mỗi khi sử dụng. • Cổng ra Type C phổ biến, tương thích với nhiều loại cáp sạc hiện nay. • Adapter sạc Xmobile dùng cho các thiết bị phổ biến hiện nay như điện thoại, máy tính bảng và các thiết bị khác có mức nhận sạc thích hợp. Xem thêm"
adapter-sac-12w-ava-plus-dc01?utm_flashsale=1,Sạc AVA+ DC01,"Việc sở hữu một adapter sạc chất lượng cao là điều vô cùng quan trọng để đảm bảo thiết bị của bạn luôn hoạt động ổn định. Adapter Sạc 12W AVA+ DC01 là lựa chọn hoàn hảo, đáp ứng nhu cầu sạc nhanh chóng và an toàn cho các thiết bị di động của bạn. • Adapter sạc này được thiết kế nhỏ gọn, tiện lợi, dễ dàng mang theo bên mình. • Kích thước nhỏ và khối lượng nhẹ, bạn có thể bỏ nó vào túi xách, ba lô hay thậm chí túi áo mà không cảm thấy vướng víu. • Với công suất sạc lên đến 12 W, adapter sạc này cung cấp dòng điện ổn định và mạnh mẽ cho các thiết bị của bạn. Với công suất này, bạn có thể sạc nhanh các thiết bị như iPhone, iPad và các dòng điện thoại khác. Xem thêm"
adapter-sac-type-c-pd-qc-4-0-gan-20w-ugreen-nexode-cd318,Sạc Ugreen Nexode CD318,"Adapter sạc Type C PD QC 4.0+ GaN 20W Ugreen Nexode CD318 được làm cân bằng về thiết kế và công nghệ nạp năng lượng, mang đến một giải pháp sạc gọn nhẹ nhưng ổn định. • Với kích thước chỉ 8 x 3 x 3 cm, adapter sạc 20W dễ dàng hòa mình vào không gian làm việc hay túi xách cá nhân, sẵn sàng phục vụ nhu cầu sạc mọi lúc, mọi nơi. • Công nghệ GaN được tích hợp giúp adapter sạc duy trì nhiệt độ ổn định trong suốt quá trình sạc, đảm bảo hiệu suất tối ưu mà vẫn bảo vệ thiết bị khỏi rủi ro quá nhiệt. • Sở hữu công suất tối đa 20W, adapter sạc Ugreen hỗ trợ nạp năng lượng cho đa dạng các thiết bị Type C hiện đại thông qua công nghệ Power Delivery và Quick Charge 4.0+, đáp ứng nhanh chóng nhu cầu sạc của người dùng. Xem thêm"
adapter-sac-type-c-pd-gan-30w-xmobile-ds230-trang?utm_flashsale=1,Sạc Xmobile DS230,"Adapter Sạc Type C PD GaN 30W Xmobile DS230 ấn tượng với thiết kế tối giản, màu sắc trang nhã, dòng sạc tối đa lên tới 30 W, đầu ra cổng Type C thông dụng. • Kiểu dáng nhỏ gọn, màu trắng nhã nhặn. Dễ dàng cho phép bạn cầm gọn trong lòng bàn tay, tiện lợi cất giữ và mang theo bên mình. • Adapter sạc với đầu ra Type C phổ biến, phù hợp với nhiều thiết bị bao gồm cả thế hệ iPhone mới: iPhone 15, iPhone 15 Plus, iPhone 15 Pro, iPhone 15 Pro Max. • Trang bị đầu cắm 2 chấu thông dụng, tương thích với hầu hết mọi ổ cắm. • Với công suất tối đa có thể hỗ trợ lên đến 30 W, giúp sạc nhanh chóng và an toàn.  này hoàn toàn đáp ứng sạc pin được cho điện thoại, máy tính bảng, ,... của bạn. Xem thêm"
adapter-sac-type-c-pd-qc-4-0-gan-30w-ugreen-nexode-cd319,Sạc Ugreen Nexode CD319 90666,"Adapter Sạc Type C PD QC 4.0+ GaN 30W Ugreen Nexode CD319 là một phụ kiện được kết hợp giữa công nghệ tiên tiến và thiết kế tối giản, đáp ứng nhu cầu sạc hiện đại. • Với dòng điện đầu vào linh hoạt từ 100-240V, sản phẩm này phù hợp cho người dùng di chuyển quốc tế, mang lại sự tiện lợi mà không cần đến các bộ chuyển đổi phức tạp. • Nhờ tích hợp công nghệ GaN, adapter sạc đảm bảo hiệu suất sạc ổn định trong khi duy trì nhiệt độ ở mức an toàn, giúp thiết bị của bạn hoạt động bền bỉ hơn. • Adapter sạc Ugreen sở hữu công suất tối đa lên đến 30W, tương thích với nhiều thiết bị Type C hiện đại. • Với công nghệ Power Delivery và Quick Charge 4.0+, hỗ trợ sạc nhanh không chỉ cho điện thoại thông minh mà còn cả máy tính bảng, laptop nhỏ gọn, và các phụ kiện khác, đảm bảo mọi thiết bị luôn sẵn sàng cho công việc. Xem thêm"
adapter-sac-type-c-pd-qc-4-0-20w-ugreen-cd317-60450,Sạc Ugreen CD137 60450,"Adapter sạc Type C PD QC 4.0+ 20W Ugreen CD137 60450 là một lựa chọn phù hợp cho những ai tìm kiếm một phụ kiện nhỏ gọn nhưng vẫn đáp ứng được nhu cầu sạc nhanh. • Với kích thước chỉ 8 x 4 x 2 cm, mẫu adapter sạc này cho phép bạn dễ dàng mang theo bên mình, từ văn phòng, nơi ở cho đến những chuyến công tác xa. • Sở hữu công nghệ Quick Charge 4.0+ tiên tiến, adapter sạc Ugreen sẽ hỗ trợ tối ưu hóa hiệu suất sạc và kiểm soát nhiệt lượng một cách hiệu quả, giảm thiểu nguy cơ quá nhiệt trong quá trình sử dụng. • Công nghệ Power Delivery còn đem lại khả năng sạc nhanh với công suất 20W, phù hợp với các thiết bị Type C hiện đại. • Các mức điện áp linh hoạt (5V, 9V, 12V) giúp tương thích với nhiều loại thiết bị, từ điện thoại, máy tính bảng đến các phụ kiện công nghệ khác. Xem thêm"
adapter-chuyen-doi-type-c-4-in-1-xmobile-ds606h,Adapter chuyển đổi Type C 4 in 1 Xmobile DS606H,"Adapter chuyển đổi Type C 4 in 1 Xmobile DS606H chính là sự lựa chọn hoàn hảo nếu bạn đang tìm kiếm một giải pháp tiện lợi và hiệu quả để mở rộng khả năng kết nối của thiết bị. Với thiết kế nhỏ gọn và dễ dàng mang theo, sản phẩm này sẽ trở thành người bạn đồng hành lý tưởng trong mọi chuyến đi của bạn. • Hub chuyển đổi Xmobile được trang bị 4 cổng ra đa dạng, giúp bạn dễ dàng kết nối với nhiều thiết bị khác nhau gồm 2 cổng USB 3.0, 1 cổng HDMI và 1 cổng Type-C. • 2 cổng USB 3.0 với tốc độ truyền tải dữ liệu lên đến 5 Gbps, bạn có thể dễ dàng kết nối với các thiết bị ngoại vi như chuột, bàn phím, ổ cứng di động và nhiều thiết bị khác. • Cổng HDMI hỗ trợ độ phân giải 4K 30 Hz, giúp bạn kết nối với màn hình, tivi hay máy chiếu một cách dễ dàng, mang lại trải nghiệm hình ảnh sắc nét và sống động. Xem thêm"
adapter-sac-2-cong-usb-type-c-pd-qc-3-0-gan-35w-ugreen-nexode-cd350-15539,Sạc 2 cổng Ugreen Nexode CD350 15539,"Adapter Sạc 2 cổng USB Type C PD QC 3.0 GaN 35W Ugreen Nexode CD350 đem đến một thiết kế gọn nhưng vẫn cho hiệu suất sạc tốt. • Sở hữu thiết kế nhỏ gọn (8.4 x 3.6 x 3.6 cm), dễ dàng đồng hành cùng bạn trong mọi chuyến đi, từ không gian làm việc tại văn phòng đến những hành trình quốc tế nhờ khả năng tương thích dải điện áp từ 100-240V. • Được tích hợp công nghệ GaN, adapter sạc không chỉ đảm bảo khả năng sạc nhanh mà còn duy trì nhiệt độ ở mức an toàn, giảm thiểu hao mòn cho cả thiết bị và adapter. • Với công suất tối đa 35W, adapter sạc Ugreen đáp ứng linh hoạt nhu cầu sạc, từ điện thoại, máy tính bảng đến các thiết bị cao cấp hơn như laptop nhỏ gọn. • Cổng USB hỗ trợ công suất lên đến 22.5W, trong khi cổng Type C đạt 35W, giúp bạn dễ dàng sạc đồng thời hai thiết bị mà không làm giảm hiệu năng. Xem thêm"
adapter-sac-type-c-iq3-67w-anker-a2671,Sạc Anker A2671,"Adapter Sạc Type C IQ3 67W Anker A2671 được thiết kế như một giải pháp sạc tinh gọn nhưng đầy mạnh mẽ. • Sở hữu kích thước nhỏ gọn chỉ 4 cm x 3.4 cm x 6.3 cm, thiết bị dễ dàng đồng hành cùng bạn trong mọi hành trình, từ văn phòng đến những chuyến du lịch xa. • Tích hợp công nghệ PowerIQ 3.0, adapter sạc này đảm bảo khả năng tối ưu hóa dòng sạc cho nhiều thiết bị khác nhau, từ smartphone đến laptop. • Công suất sạc tối đa 67W sẽ đem đến cho adapter sạc Anker này khả năng tương thích rộng rãi với nhiều thiết bị điện tử hiện đại hiện nay. • Bên cạnh đó, công nghệ ActiveShield đóng vai trò như một lá chắn an toàn cho toàn bộ quá trình sạc. Bằng cách theo dõi và kiểm soát nhiệt độ theo thời gian thực, ActiveShield ngăn chặn các nguy cơ quá nhiệt hoặc quá tải dòng điện. Xem thêm"
adapter-sac-3-cong-usb-type-c-iq3-67w-anker-a2674,Sạc 3 cổng Anker A2674,"Adapter sạc 3 cổng USB Type C IQ3 67W Anker A2674 là sự kết hợp giữa thiết kế gọn nhẹ và công suất mạnh mẽ. Sản phẩm này mang lại sự tiện lợi khi chỉ cần một thiết bị để có thể sạc được 3 thiết bị gồm điện thoại, máy tính bảng và cả máy tính xách tay thông qua cổng Type-C. • Được thiết kế với 2 cổng Type-C và 1 cổng USB với mức công suất sạc tối đa khi sử dụng 1 cổng là 67W cho 2 cổng Type-C và 22.5W cho cổng USB, adapter sạc Anker này cho khả năng sạc được các laptop tương thích có hỗ trợ cổng Type-C. • Điểm nổi bật của adapter sạc này không chỉ nằm ở hiệu suất mà còn ở tính di động. Với kích thước nhỏ hơn 35% so với bộ sạc đầu ra 65W truyền thống, thiết bị này dễ dàng nằm gọn trong balo hay túi xách của bạn. Xem thêm"
adapter-type-c-pd-20w-anker-powerport-nano-a2633,Sạc Anker PowerPort III Nano A2633,"Thiết kế nhỏ nhắn, tinh tế, dễ đặt gọn trong túi xách của bạn Adapter Sạc Type C PD 20W Anker PowerPort III Nano A2633 trắng với kích thước nhỏ nhắn và trọng lượng nhẹ tương đương 1 cục pin AAA, thật nhẹ nhàng để mang kèm cục sạc trong hành trang của bạn mọi nơi, mọi lúc. Tích hợp 1 cổng sạc USB-C với công suất 20 W giúp sạc nhanh cho các thiết bị Xem thêm"
bo-adapter-sac-3-cong-type-c-pd-qc-4-0-gan-65w-ugreen-x755-25870,Sạc 3 cổng kèm Cáp Type C - Type C Ugreen X755 25870,"Bộ Adapter Sạc 3 cổng Type C PD QC 4.0+ GaN 65W kèm Cáp Type C - Type C 1.5m Ugreen X755 25870 là một giải pháp tối ưu hóa năng lượng, dành cho những người dùng hiện đại. • Với kích thước 5.4 x 4 x 3.2 cm, sản phẩm có thể tiết kiệm không gian và tiện lợi để mang theo bên mình, từ công việc hàng ngày đến những chuyến đi xa. • Công nghệ GaN tiên tiến là yếu tố then chốt, giúp tăng hiệu suất sạc mà vẫn kiểm soát tốt nhiệt độ hoạt động. • Adapter sạc này cung cấp ba cổng sạc, bao gồm hai cổng Type C và một cổng USB, với tổng công suất tối đa lên đến 65W. • Các cổng Type C1 và Type C2 đều hỗ trợ sạc nhanh ở mức tối đa 65W, đủ khả năng cung cấp năng lượng cho các thiết bị cao cấp như laptop, máy tính bảng và điện thoại thông minh. Xem thêm"
adapter-sac-4-cong-super-gan-100w-kem-cap-type-c-type-c-baseus-ccspc100cs,Sạc 4 cổng kèm Cáp Type C - Type C Baseus CCSPC100CS,"Bộ Adapter Sạc 4 cổng Super GaN Desktop Charger 100W kèm Cáp Type C - Type C Baseus CCSPC100CS là sự lựa chọn hoàn hảo cho những ai cần một giải pháp sạc nhanh, tiện lợi và an toàn cho nhiều thiết bị cùng lúc. Với công nghệ hiện đại và khả năng sạc mạnh mẽ, sản phẩm này chắc chắn sẽ đáp ứng mọi nhu cầu sử dụng của bạn trong cuộc sống hàng ngày. • Adapter sạc này sở hữu thiết kế hiện đại, kích thước tối ưu, giúp bạn dễ dàng mang theo bên mình dù là khi đi làm hay du lịch. Được chế tạo từ chất liệu cao cấp, sản phẩm không chỉ mang lại độ bền cao mà còn tạo cảm giác chắc chắn và an toàn khi sử dụng. • Sạc Baseus này cung cấp công suất lên đến 100W, cho phép bạn sạc nhanh các thiết bị như: Điện thoại, máy tính bảng và cả laptop. Công nghệ Super GaN (GaN 6) giúp sản phẩm cải thiện hiệu suất sạc, giúp tiết kiệm thời gian và đảm bảo an toàn cho các thiết bị của bạn trong quá trình sạc. Xem thêm"
cap-type-c-type-c-1m-baseus-tungsten-gold-magnetic-cb000097,Cáp Type C - Type C 1m Baseus Tungsten Gold Magnetic CB000097,"Cáp Type C - Type C 1m Baseus Tungsten Gold Magnetic CB000097 chính là sự kết hợp hoàn hảo giữa thiết kế hiện đại, tính năng tiên tiến và độ bền vượt trội, mang đến trải nghiệm sạc tối ưu cho người dùng. • Điểm nổi bật của cáp sạc này là hệ thống nam châm mạnh mẽ được tích hợp trong sợi cáp, giúp cáp tự định vị một cách dễ dàng và nhanh chóng. Nhờ thiết kế thông minh này, cáp đảm bảo kết nối ổn định trong suốt quá trình sạc, mang lại hiệu suất vượt trội mà không bị gián đoạn. • Vỏ cáp sạc Baseus được làm từ chất liệu chống bám bụi và chống trượt, giúp cáp luôn sạch sẽ và dễ dàng cầm nắm trong mọi điều kiện, tiện lợi cho những ai thường xuyên mang cáp theo bên mình hoặc sử dụng trong môi trường nhiều bụi bẩn. Hơn thế nữa, các vật liệu cấu thành cáp không chỉ giúp tăng độ bền mà còn đảm bảo an toàn khi sử dụng lâu dài, ngay cả trong những điều kiện khắc nghiệt. Xem thêm"
cap-2-in-1-type-c-type-c-1-2m-140w-anker-a8895,Cáp 2 in 1 Type C - Type C 1.2m Anker A8895,Không có mô tả
adapter-sac-type-c-pd-gan-30w-ugreen-nexode-90901,Sạc Ugreen Nexode 90901,"Adapter Sạc Type C PD GaN 30W Ugreen Nexode 90901 sở hữu công suất sạc cao lên đến 30 W nhưng vẫn đảm bảo về tính an toàn, giúp bạn an tâm sử dụng thường xuyên. • Sở hữu công suất sạc tối đa là 30 W cùng 2 công nghệ sạc hiện đại là Power Delivery và GaN, adapter được cải thiện tốc độ và hiệu quả sạc mà vẫn đảm bảo an toàn. • Adapter sạc Ugreen có kích thước nhỏ gọn, có thể gấp gọn chân cắm để dễ dàng mang theo trong túi mà không lo về các tác động làm hư sản phẩm, sẵn sàng đồng hành với bạn đi du lịch, đi làm, đi học,... • Mẫu adapter sạc này được trang bị cổng Type-C có thể tương thích với nhiều thiết bị điện tử như máy tính bảng, điện thoại, sạc dự phòng,... Xem thêm"
sac-khong-day-2-in-1-qi2-67w-magnetic-baseus-picogo-bsw-540,Sạc không dây 2 in 1 kèm Cáp Type C - Type C Baseus PicoGo BSW-540,"Đế sạc không dây 2 in 1 Qi2 67W Magnetic kèm Cáp Type C - Type C Baseus PicoGo BSW-540 nổi bật với thiết kế tối giản, mang đến sự tinh tế và tiện lợi. Kích thước nhỏ gọn không chỉ giúp tiết kiệm không gian trên bàn làm việc mà còn phù hợp cho những người thường xuyên di chuyển. • Điểm đặc biệt của adapter sạc này nằm ở khả năng kết hợp giữa sạc không dây Qi2 15W và sạc có dây 67W. Với công suất mạnh mẽ, thiết bị hỗ trợ nhiều nhu cầu sạc khác nhau, đáp ứng mọi tình huống, dù bạn cần sạc nhanh hay sạc an toàn trong thời gian dài. • Sạc không dây công suất 15W sẽ đảm bảo tốc độ sạc ổn định, lý tưởng cho các thiết bị hỗ trợ chuẩn Qi. Trong khi đó, dây sạc 67W tích hợp sẽ mang lại khả năng nạp năng lượng nhanh chóng cho các thiết bị có dung lượng pin lớn như laptop hay tablet. Xem thêm"
adapter-sac-3-cong-gan5-pro-fast-140w-cap-type-c-type-c-baseus-ccgan140cs,Sạc 3 cổng kèm Cáp Type C - Type C Baseus CCGAN140CS,"Mong muốn sạc cùng lúc nhiều thiết bị một cách ổn định của người dùng, sẽ không còn là khó khăn với bộ Adapter Sạc 3 cổng GaN5 Pro Fast 140W đến từ nhà Baseus, hỗ trợ sạc lên đến 3 thiết bị nhưng vẫn đảm bảo viên pin không bị quá tải nhờ chip GaN5 Pro. • Mẫu adapter sạc này được thiết kế phần chân cắm với 2 chấu có thể gập lại khi không sử dụng, vừa tạo khả năng tương thích cao với nhiều cổng sạc vừa mang đến sự bảo vệ tốt cho một trong những phần quan trọng nhất trên sản phẩm. • Sở hữu BPS 2.0, công nghệ tách nguồn điện nổi tiếng của Baseus, phiên bản adapter sạc 3 cổng này có thể sạc nhanh cho 2 cổng và điều chỉnh nguồn năng lượng đúng theo từng khả năng của máy, giúp cho thiết bị nhận được nguồn điện phù hợp và bảo vệ tốt lõi pin bên trong. Xem thêm"
de-sac-khong-day-7-in-1-hub-magnetic-qi2-15w-baseus-magpro-bs-oh122,Sạc không dây 7 in 1 Baseus MagPro BS-OH122,"Đế Sạc Không Dây 7 in 1 HUB Magnetic Qi2 15W Baseus MagPro BS-OH122 là một giải pháp đa năng để hỗ trợ sạc và kết nối cho các thiết bị điện tử của mình. Với thiết kế nhỏ gọn, hiệu năng vượt trội và loạt tính năng hiện đại, sản phẩm này không chỉ đáp ứng nhu cầu sạc mà còn tối ưu hóa trải nghiệm làm việc và giải trí của bạn. • Baseus MagPro BS-OH122 có khả năng sạc không dây chuẩn Qi2 với công suất lên đến 15W, giúp bạn dễ dàng nạp năng lượng cho các thiết bị hỗ trợ sạc không dây như điện thoại thông minh, tai nghe hay các phụ kiện khác. Giá đỡ từ tính đảm bảo thiết bị luôn được cố định chắc chắn trong quá trình sạc. • Baseus MagPro tích hợp dây cáp Type C đi kèm, cho phép bạn sạc nhanh các thiết bị từ điện thoại, máy tính bảng cho đến laptop. Với công suất này, bạn có thể thoải mái làm việc, học tập hoặc giải trí mà không lo gián đoạn. Xem thêm"
sac-khong-day-magpro-2-in-1-15w-baseus-bs-w531,Sạc không dây 2 in 1 Baseus BS-W531,"Đế sạc không dây 2 in 1 15W MagPro Baseus BS-W531 có thiết kế nhỏ gọn, khối lượng nhẹ, công suất sạc tối đa lên đến 15 W, sạc cùng lúc cho 3 thiết bị, đem đến cho bạn trải nghiệm sử dụng tuyệt vời. • Đế sạc có hình dạng khối lập phương nhỏ gọn, thiết kế giá đỡ nam châm ở mặt trên vừa giữ chặt điện thoại khi sạc, vừa hỗ trợ nâng điện thoại lên 1 góc nghiêng lý tưởng, tối ưu trải nghiệm xem cho người dùng. • Khối lượng đế sạc gọn nhẹ, dễ dàng mang theo adapter sạc khi đi công tác, đi du lịch hoặc các hoạt động hàng ngày. • Sản phẩm có thể sạc cùng lúc 3 thiết bị, bao gồm 1 điện thoại (sạc không dây, tối đa 15 W), 1 tai nghe TWS (sạc không dây, tối đa 5 W) và 1 thiết bị khác qua cổng Type C (sạc có dây, tối đa 5 W). Xem thêm"
cap-type-c-lightning-1m-xmobile-lcl-04?utm_flashsale=1,Cáp Type C - Lightning 1m Xmobile LCL-04,"Với thiết kế nhỏ gọn, tinh tế và độ bền cao, cáp Type C - Lightning 1m Xmobile LCL-04 là người bạn đồng hành tuyệt vời dành cho các thiết bị điện tử của bạn. Cáp sạc dễ dàng cuộn gọn để bỏ túi, luôn sẵn sàng phục vụ bạn mọi lúc, mọi nơi. Tốc độ sạc nhanh chóng giúp bạn tiết kiệm thời gian, để bạn tập trung vào công việc và tận hưởng những giây phút giải trí. • Với cấu trúc chắc chắn từ lớp vỏ bện chặt và chuôi cáp cứng cáp, dây cáp này được thiết kế để chịu các tác động mạnh từ môi trường. Nhờ đó, sản phẩm đảm bảo độ bền cao, hoạt động ổn định trong thời gian dài, đáp ứng mọi nhu cầu sử dụng. • Đầu vào Type C phổ biến, cáp sạc này dễ dàng kết nối với đa dạng thiết bị, từ adapter, pin dự phòng cho đến các cổng Type C trên máy tính. Đầu ra Lightning tương thích với các sản phẩm của Apple có trang bị cổng sạc tương ứng. Xem thêm"
cap-type-c-type-c-1m-ugreen-us535-15311,Cáp Type C - Type C 1m Ugreen US535 15311,"Cáp Type C - Type C 1m Ugreen US535 15311 là sự kết hợp cân bằng giữa công nghệ hiện đại và thiết kế tinh gọn. • Với độ dài dây 1m, cáp sạc Ugreen không chỉ mang lại sự linh hoạt trong sử dụng mà còn hạn chế tình trạng rối dây thường gặp. Cổng kết nối Type-C ở cả hai đầu đảm bảo tính tương thích cao với nhiều thiết bị hiện đại, từ điện thoại thông minh, phụ kiện điện tử cho đến laptop. • Cáp sạc hỗ trợ sạc nhanh với công suất tối đa 240W, đáp ứng yêu cầu của những thiết bị đòi hỏi nguồn điện lớn như laptop hay máy tính bảng. Khả năng truyền tải dòng điện mạnh mẽ giúp tối ưu hóa thời gian sạc, mang lại hiệu suất vượt trội cho các thiết bị được kết nối. • Ngoài chức năng sạc, cáp sạc trên 60W còn nổi bật với khả năng truyền dữ liệu ổn định. Tốc độ truyền tải được đảm bảo, giúp bạn dễ dàng chuyển đổi dữ liệu giữa các thiết bị mà không gặp gián đoạn. Xem thêm"
cap-type-c-type-c-1m-ugreen-us557-15267,Cáp Type C - Type C 1m Ugreen US557 15267,"Cáp Type C - Type C 1m Ugreen US557 15267 được thiết kế để tối ưu hóa hiệu suất sạc và truyền dữ liệu, mang đến sự tiện lợi cho người dùng công nghệ. • Nhờ khả năng hỗ trợ công suất sạc tối đa lên tới 100W, cáp sạc Ugreen không chỉ đảm bảo tốc độ sạc nhanh chóng mà còn tương thích với nhiều thiết bị như laptop, máy tính bảng và điện thoại thông minh. • Cáp có độ dài 1m, vừa đủ để sử dụng linh hoạt mà không gây bất tiện trong không gian làm việc hoặc sinh hoạt. • Về mặt kết nối, cáp sạc sử dụng đầu vào và đầu ra Type-C, phù hợp với xu hướng phổ biến hiện nay của các thiết bị điện tử. Loại cổng này không chỉ đảm bảo khả năng cắm sạc nhanh gọn, đảo chiều dễ dàng mà còn hỗ trợ tốc độ truyền dữ liệu ổn định. Xem thêm"
cap-type-c-lightning-2m-xmobile-lcl-05?utm_flashsale=1,Cáp Type C - Lightning 2m Xmobile LCL-05,Không có mô tả
cap-type-c-type-c-1m-ugreen-us557-15275,Cáp Type C - Type C 1m Ugreen US557 15275,"Cáp Type C - Type C 1m Ugreen US557 15275 là sự kết hợp giữa tính năng hiện đại và thiết kế tinh tế, mang đến giải pháp sạc hiệu quả cho các thiết bị công nghệ. • Với độ dài dây 1m, cáp sạc cân bằng giữa sự tiện lợi và gọn gàng, phù hợp với nhiều tình huống sử dụng từ bàn làm việc đến khi di chuyển. • Đầu cắm Type-C ở cả hai đầu không chỉ tương thích với nhiều thiết bị mà còn đảm bảo tốc độ truyền tải ổn định và hiệu quả. • Điểm nổi bật của cáp sạc Ugreen này nằm ở khả năng hỗ trợ sạc nhanh với công suất tối đa lên đến 100W. Nhờ công nghệ tiên tiến, cáp sạc này không chỉ đáp ứng tốt nhu cầu sạc cho điện thoại thông minh mà còn hỗ trợ laptop và các thiết bị tiêu thụ điện năng cao. Xem thêm"
adapter-sac-2-cong-usb-type-c-iq3-kem-cap-type-c-type-c-1-5m-20w-anker-b2348,Sạc 2 cổng Anker kèm Cáp Type C - Type C B2348,"Bộ Adapter Sạc 2 cổng USB Type C IQ3 kèm Cáp Type C - Type C 1.5m 20W Anker B2348 với thiết kế tinh tế, công suất mạnh mẽ và công nghệ sạc hiện đại, adapter này chắc chắn sẽ đáp ứng tốt mọi nhu cầu sạc của bạn. • Adapter sạc Anker này nổi bật với thiết kế nhỏ gọn, vuông vắn và màu trắng thanh lịch, phù hợp với mọi không gian sử dụng. Kích thước nhỏ gọn giúp bạn dễ dàng mang theo trong các chuyến đi du lịch, công tác hay sử dụng tại nhà và văn phòng mà không chiếm nhiều diện tích. • Adapter được trang bị 2 cổng sạc, gồm 1 cổng USB và 1 cổng Type C, cho phép bạn sạc cùng lúc hai thiết bị một cách tiện lợi. Điều này giúp bạn tiết kiệm thời gian và không cần phải mang theo nhiều adapter sạc khác nhau. • Với công suất sạc tối đa lên đến 20W, Bộ Adapter Sạc Anker B2348 đảm bảo cung cấp nguồn năng lượng mạnh mẽ và ổn định cho các thiết bị của bạn. Từ , máy tính bảng đến các thiết bị khác, adapter này đáp ứng tốt nhu cầu sạc nhanh và hiệu quả. Xem thêm"
cap-3-dau-type-c-type-c-lightning-micro-1-5m-baseus-flash-series-2-cb000004,Cáp 3 đầu Type C - Type C Lightning Micro 1.5m Baseus Flash Series 2 CB000004,"Cáp 3 Đầu Type C - Type C Lightning Micro 1.5m Baseus Flash Series 2 CB000004 không chỉ đáp ứng đầy đủ nhu cầu sạc và kết nối mà còn giúp bạn tiết kiệm thời gian và tối ưu hóa không gian sử dụng. • Cáp sạc Baseus được thiết kế với 3 đầu ra: Micro, Type C và Lightning, giúp bạn dễ dàng sạc nhiều thiết bị khác nhau từ điện thoại, máy tính bảng đến các thiết bị ngoại vi. Với đầu vào chuẩn Type C, cáp tương thích với các củ sạc hiện đại, đảm bảo hiệu suất sạc ổn định. • Baseus Flash Series 2 hỗ trợ dòng điện sạc tối ưu trên từng đầu ra. Cổng Type C có công suất lên tới 100W, đảm bảo sạc nhanh cho laptop, máy tính bảng hay các thiết bị có yêu cầu năng lượng cao. Cổng Lightning với công suất 20W sẽ hỗ trợ đáp ứng nhu cầu sạc nhanh cho các dòng iPhone. Ngoài ra, cáp còn có khả năng sạc đồng thời cả 3 cổng với công suất tổng 15W, giúp bạn tiết kiệm thời gian đáng kể khi cần nạp năng lượng cho nhiều thiết bị cùng lúc. Xem thêm"
cap-type-c-lightning-mfi-0-9m-anker-542-bio-a80b1,Cáp Type C - Lightning MFi 0.9m Anker 542 Bio A80B1,"Cáp Type C - Lightning MFi 0.9m Anker 542 Bio A80B1 là sản phẩm hoàn hảo cho những ai đang tìm kiếm một phụ kiện sạc vừa hiệu quả, vừa thân thiện với môi trường. Với những tính năng vượt trội và chất liệu bền bỉ từ các nguồn sinh học, chiếc cáp này đáp ứng được tất cả nhu cầu của người dùng hiện đại – từ độ bền đến khả năng sạc nhanh và tính tương thích tuyệt đối. Sản xuất từ vật liệu sinh học Điểm đặc biệt nhất của Anker 542 Bio A80B1 chính là thiết kế từ vật liệu sinh học, giúp giảm thiểu tác động lên môi trường. Vỏ ngoài của cáp sạc được sản xuất từ cây ngô và mía, hai loại thực vật có khả năng tái tạo cao. Xem thêm"
cap-type-c-type-c-2m-baseus-glimmer-cb000025,Cáp Type C - Type C 2m Baseus Glimmer CB000025,"Cáp Type C - Type C 2m Baseus Glimmer CB000025 là dạng cáp sạc nhanh 100 W, kích thước dây lên đến 2 m tiện lợi sử dụng, được bao phủ bởi chất liệu bền bỉ và chắc chắn, dễ dàng bỏ vào balo hay túi xách mang theo bất cứ đâu. • Diện mạo cáp sạc thanh lịch, hạn chế bám bẩn và có thể mang theo bất cứ đâu mà không chiếm nhiều diện tích. • Công suất sạc lên đến 100 W, giúp bạn có thể cung cấp năng lượng cho các thiết bị thông qua đầu Type C nhanh chóng, tiết kiệm thời gian. • Chiều dài cáp lên đến 2 m, cho phép cung cấp pin cho các thiết bị điện tử ở khoảng cách xa cực kỳ tiện lợi. Xem thêm"
adapter-chuyen-doi-type-c-4-in-1-xmobile-ds122f,Adapter chuyển đổi Type C 4 in 1 Xmobile DS122F,"Thiết kế nhỏ gọn, dễ mang theo bên người Adapter chuyển đổi Type C 4 in 1 Xmobile DS122F Xám có kiểu dáng thon dài với các góc được bo tròn mềm mại, cho cảm giác cầm tốt và không chiếm nhiều diện tích khi sử dụng để kết nối với các thiết bị khác. Xem thêm"
cap-type-c-type-c-0-9m-anker-a8865,Cáp Type C - Type C 0.9m Anker A8865,"Với công suất sạc khủng 140W, cáp Type C - Type C 0.9m Anker A8865 giúp bạn tiết kiệm thời gian sạc đáng kể. Đồng thời, chip bảo vệ thông minh sẽ bảo vệ thiết bị của bạn khỏi những hư hỏng không mong muốn. Thiết kế nhỏ gọn và bền bỉ giúp bạn dễ dàng mang theo mọi nơi. • Khi sử dụng cáp sạc Anker bạn không cần phải lo lắng về việc tìm kiếm cáp sạc cho từng thiết bị khác nhau. Từ chiếc smartphone yêu thích đến chiếc laptop làm việc, tất cả đều có thể được sạc một cách dễ dàng và nhanh chóng. • Cáp sạc Anker có công suất lên đến 140W sẽ giúp bạn tiết kiệm thời gian chờ đợi sạc pin đáng kể. Chỉ trong tích tắc, thiết bị của bạn sẽ được nạp đầy năng lượng, giúp bạn luôn sẵn sàng cho mọi hoạt động. • Chip Power Tuner thông minh sẽ bảo vệ thiết bị của bạn một cách toàn diện. Bằng cách điều chỉnh điện áp và dòng điện một cách ổn định, chip sẽ ngăn ngừa tình trạng quá nhiệt, quá tải hoặc ngắn mạch, đảm bảo thiết bị của bạn luôn hoạt động ổn định. Xem thêm"
cap-type-c-1m-xmobile-ds09cp-wb?utm_flashsale=1,Cáp Type C 1m Xmobile DS09CP-WB,"Vẻ ngoài dễ thương với gam màu hồng, chiều dài 1 m Cáp sạc Xmobile được thiết kế chắc chắn từ chuôi cho đến thân dây cáp, chất liệu dẻo dai cho bạn dễ dàng cuộn gọn và cho vào túi xách, balo để mang theo khi đi làm, đi học hoặc khi cần đi công tác xa nhà. Xem thêm"
adapter-sac-type-c-pd-gan-30w-ugreen-robot-nexode-25036,Sạc Ugreen Robot Nexode 25036,"Adapter Sạc Type C PD GaN 30W Ugreen Robot Nexode 25036 sở hữu kiểu dáng bắt mắt với tone màu nữ tính, xinh xắn cùng màn hình LED biểu cảm dễ thương, bên trong là công suất sạc mạnh mẽ 30 W giúp sản phẩm trở thành phụ kiện lý tưởng cho mọi nhu cầu sạc của bạn khi di chuyển khắp mọi nơi. • Với ngoại hình robot đẹp mắt và phần đế như một đôi giày nhỏ đi kèm để bảo vệ chân cắm, mang đến cho bạn một người bạn nhỏ dễ thương, tiện lợi có thể mang đi đến mọi nơi. • Sở hữu màn hình LED biểu cảm thông báo trạng thái trong quá trình sạc, vừa giúp bạn dễ dàng theo dõi, vừa tăng thêm sự thú vị cho trải nghiệm sạc của bạn. • Adapter sạc tích hợp công nghệ Power Delivery, đầu ra Type-C tối đa 30 W, tương thích nhiều thiết bị như tai nghe nhét tai, điện thoại, máy tính bảng,... Xem thêm"
cap-type-c-type-c-1-8m-anker-543-bio-based-a80e2,Cáp Type C - Type C 1.8m Anker 543 Bio-Based A80E2,Không có mô tả
adapter-4-cong-usb-type-c-pd-65w-kem-cap-type-c-type-c-1m-baseus-ccgan65s6,Sạc 4 cổng Baseus kèm Cáp Type C - Type C CCGAN65S6,"Bộ Adapter Sạc 4 cổng USB Type C PD QC 3.0 GaN6 Pro 65W kèm Cáp Type C - Type C 1m Baseus CCGAN65S6 là một lựa chọn hoàn hảo cho những người dùng đang tìm kiếm một giải pháp sạc hiệu quả, an toàn và tiện lợi. Với thiết kế nhỏ gọn, hiệu suất vượt trội và công nghệ hiện đại, sản phẩm này chắc chắn sẽ là lựa chọn đáng tin cậy cho mọi thiết bị di động của bạn. • Adapter sạc Baseus không chỉ mang lại hiệu suất vượt trội mà còn gây ấn tượng với thiết kế gọn gàng và tinh tế. Kích thước nhỏ gọn, lý tưởng cho việc mang theo bên mình khi di chuyển. • Bộ sạc này được trang bị 4 cổng sạc, bao gồm 2 cổng Type C và 2 cổng USB, cho phép sạc nhiều thiết bị cùng lúc một cách nhanh chóng và hiệu quả. Xem thêm"
cap-lightning-1m-xmobile-dr-l001x-do-den?utm_flashsale=1,Cáp Lightning 1m Xmobile DR-L001X,"Màu sắc nổi bật, rất trẻ trung và bắt mắt, thiết kế chắc chắn với lớp vỏ bọc nylon hạn chế tối đa tình trạng xoắn rối hay đứt gãy dây Cáp Lightning 1m Xmobile DR-L001X Đỏ đen sẽ là món phụ kiện được các bạn trẻ yêu thích. Xem thêm"
cap-type-c-type-c-240w-40-gbps-1m-anker-515-a8487,Cáp Type C - Type C 240W 40 Gbps 1m Anker 515 A8487,"Anker 515 A8487 không chỉ nổi bật với thiết kế đẹp, mà còn là sự kết hợp hoàn hảo giữa hiệu suất mạnh mẽ, độ bền vượt trội và khả năng tương thích linh hoạt. Nếu bạn đang tìm kiếm một sợi cáp Type C - Type C chất lượng, có khả năng sạc nhanh, truyền tải dữ liệu siêu tốc và kết nối màn hình ngoài, Anker 515 A8487 chắc chắn là lựa chọn tuyệt vời để đáp ứng mọi nhu cầu công việc và giải trí. • Anker 515 A8487 không chỉ hỗ trợ sạc nhanh mà còn cho phép kết nối màn hình với độ phân giải lên tới 8K@60Hz hoặc 4K@144Hz. Với tính năng này, người dùng có thể mở rộng không gian làm việc của mình, phản chiếu nội dung trên màn hình lớn, nâng cao trải nghiệm giải trí và làm việc. • Với công suất sạc tối đa 240W, cáp sạc Anker có thể sạc nhanh hầu hết các thiết bị USB-C, từ điện thoại thông minh đến máy tính xách tay công suất lớn. Khi kết hợp với bộ sạc tương thích, cáp giúp tiết kiệm thời gian, giữ cho thiết bị của bạn luôn sẵn sàng và hoạt động ổn định, phục vụ hoàn hảo cho công việc lẫn nhu cầu giải trí. Xem thêm"
de-sac-khong-day-magsafe-3-in-1-15w-anker-737-cube-y1811,Sạc không dây MagSafe 3 in 1 Anker 737 Cube Y1811,"Đế sạc không dây MagSafe 3 in 1 15W Anker 737 Cube Y1811 được thương hiệu Anker cho ra mắt với thiết kế nhỏ gọn, trang bị gam màu đẹp, sạc 3 trong 1 dễ dàng, tiện lợi mang theo bất cứ đâu, hỗ trợ chuẩn sạc MagSafe cho bạn yên tâm dùng cho các sản phẩm của Apple. • Đế sạc 15 W được trang bị công nghệ sạc MagSafe được Apple cấp phép, cung cấp năng lượng cùng lúc nhanh chóng cho 3 thiết bị: iPhone, AirPods và Apple Watch. • Đế sạc Anker có thể kết nối và sạc cho các sản phẩm như iPhone 15, iPhone 15 Plus, iPhone 15 Pro, iPhone 15 Pro Max,... một cách an toàn và tiện lợi. • Đế sạc Anker hỗ trợ sạc cho điện thoại lên tới 15W, khu vực sạc tai nghe và đồng hồ đạt 5 W, nạp năng lượng an toàn, bảo vệ pin thiết bị. Xem thêm"
adapter-sac-chuyen-doi-usb-type-c-14-in-1-160w-dual-display-1m-anker-a83b6,Sạc chuyển đổi 14 in 1 kèm Cáp Type C - Type C 1m Anker A83B6,"Bộ adapter sạc chuyển đổi USB Type C 14-in-1 160W Dual Display kèm Cáp Type C - Type C 1m Anker A83B6 được thiết kế để đơn giản hóa không gian làm việc của bạn và nâng cao hiệu suất làm việc. Với khả năng sạc siêu nhanh, đa dạng cổng cùng các công nghệ bảo vệ tiên tiến, Anker A83B6 hứa hẹn mang lại trải nghiệm sạc và kết nối chưa từng có. • Adapter sạc Anker sở hữu thiết kế hình trụ đứng gọn gàng và hiện đại, giúp tối ưu hóa không gian trên bàn làm việc của bạn. Với các cổng kết nối được bố trí hợp lý ở mặt trước và mặt sau, việc quản lý dây cáp trở nên đơn giản hơn. Bên cạnh đó, các khe tản nhiệt được tích hợp khéo léo đảm bảo thiết bị hoạt động ổn định và mát mẻ ngay cả khi sạc nhiều thiết bị cùng lúc. • Chiếc adapter này còn được trang bị màn hình hiển thị thông minh, cung cấp thông tin chi tiết và trực quan về trạng thái sạc, tổng công suất đầu ra hiện tại và công suất đầu ra của từng cổng cụ thể. Nhờ đó mà bạn có thể dễ dàng theo dõi và quản lý quá trình sạc, nắm bắt được mọi thứ đang diễn ra với các thiết bị của mình chỉ bằng một cái nhìn. Xem thêm"
cap-type-c-type-c-1m-ugreen-70427,Cáp Type C - Type C 1m Ugreen 70427,"Cáp Type C - Type C 1m Ugreen 70427 sở hữu đầu ra Type C thông dụng, cung cấp mức sạc lớn lên tới 100 W, đáp ứng tốt nhu cầu sạc pin nhanh chóng và an toàn cho các thiết bị của bạn. • Chế tác chỉn chu với lớp vỏ ngoài được bện chặt từ các sợi nylon, chuôi cáp bền bỉ gia tăng khả năng chịu lực kéo, cho thời gian sử dụng lâu dài. • Cung cấp mức sạc lên tới 100 W, cáp sạc có thể sạc pin được cho hầu hết các thiết bị điện tử của bạn từ điện thoại, máy tính bảng tới máy tính,... • Chiều dài dây cáp 1 m, không quá dài cũng không quá ngắn, phù hợp với các khoảng cách sạc pin thông thường, dễ dàng kết nối thiết bị nhận sạc với ổ điện gần đó. • Đầu ra và đầu vào đều là Type C, dễ dàng kết nối với , sạc dự phòng,... phù hợp để lấy nguồn điện, đồng thời tương thích với các cổng sạc của đa số thiết bị hiện giờ. Xem thêm"
adapter-sac-type-c-iq3-20w-anker-nano-pro-a2637,Sạc Anker Nano Pro A2637,"Adapter Sạc Type C IQ3 20W Anker Nano Pro A2637 với thiết kế nhỏ gọn, công suất mạnh mẽ và các công nghệ sạc hiện đại, sản phẩm này chắc chắn sẽ đáp ứng mọi nhu cầu sạc của bạn, trở thành người bạn đồng hành tin cậy cho các thiết bị công nghệ. • Sạc Anker Nano Pro A2637 nổi bật với thiết kế tinh tế và kích thước cực kỳ nhỏ gọn. Adapter sạc này không chỉ dễ dàng mang theo khi đi du lịch hay công tác, mà còn phù hợp với mọi không gian, từ nhà ở đến văn phòng. • Với cổng ra Type C phổ biến, Adapter Sạc Anker Nano Pro A2637 tương thích với nhiều loại cáp sạc hiện nay. Điều này mang lại sự linh hoạt và tiện lợi cho người dùng, giúp bạn dễ dàng kết nối và sạc các thiết bị khác nhau mà không cần lo lắng về vấn đề tương thích. Xem thêm"
cap-day-rut-type-c-type-c-1m-baseus-retractable-bright-mirror-cb000062,Cáp Dây Rút Type C - Type C 1m Baseus Retractable Bright Mirror CB000062,"Cáp Dây Rút Type C - Type C 1m 100W Baseus Retractable Bright Mirror CB000062 sở hữu thiết kế thông minh, chất liệu bền bỉ, đầu ra Type C cùng công suất sạc lên đến 100 W, chắc hẳn đây sẽ là món phụ kiện được nhiều người ưa thích. • Cáp sạc có cổng ra Type C, hỗ trợ sạc nhanh cho các thiết bị như điện thoại, máy tính bảng, laptop,... và nhiều thiết bị khác có cổng tương tự. • Công suất sạc nhanh lên đến 100 W, tối ưu hóa thời gian sạc pin. • Cáp sạc Baseus có thiết kế dây rút linh hoạt, có thể điều chỉnh độ dài đến 1 m, tiết kiệm không gian và dễ dàng mang theo khi đi du lịch hay công tác. Xem thêm"
cap-type-c-lightning-0-2m-xmobile-l2203?utm_flashsale=1,Cáp Type C - Lightning 0.2m Xmobile L2203,"Cáp Type C - Lightning 0.2m Xmobile L2203 sở hữu diện mạo thanh lịch, gam màu dễ sử dụng, tiện lợi tương thích với mọi thiết bị giúp bạn truyền tải năng lượng và cung cấp năng lượng nhanh chóng, độ dài đến 0.2 m sẽ đem đến cho bạn những cảm nhận hoàn hảo. • Kiểu dáng cáp sạc nhìn khá trang nhã, chiều dài 0.2 m dễ dàng sử dụng và thích hợp với nhiều độ tuổi. • Cáp sạc Xmobile thích hợp sử dụng trên các thiết bị phổ biến hiện nay như: điện thoại, máy tính bảng, tai nghe,... • Truyền tải hình ảnh, video, âm thanh và tập tin nhanh chóng. Bạn có thể chuyển trên điện thoại hoặc laptop hoặc ngược lại, bạn chỉ cần kết nối cáp sạc giữa 2 thiết bị và lựa chọn những tập tin bạn cần gửi đi và sao lưu lại lên thiết bị. Xem thêm"
adapter-sac-2-cong-type-c-pd-gan-35w-mazer-gan35us,Sạc 2 cổng Mazer GAN35US,"Adapter Sạc 2 cổng Type C PD GaN 35W Mazer GAN35US sở hữu kiểu dáng sang trọng, gam màu thanh lịch, cung cấp năng lượng cho các thiết bị nhanh chóng, tương thích đa dạng với các thiết bị điện tử hiện nay, tiện lợi mang theo bất cứ đâu, mang đến cho bạn những trải nghiệm hoàn hảo nhất. • Kiểu dáng adapter sạc nhỏ nhắn, gam màu năng động, phích cắm có thể gập gọn vô cùng tiện lợi, dễ dàng mang theo bất cứ đâu. • Trang bị 2 cổng sạc Type C, mức sạc tại mỗi cổng khi sạc riêng lẻ như sau: 5V - 3A, 9V - 3A, 12V - 2.92A, 15V - 2.33A, 20V - 1.75A (Max 35W). • Công suất sạc 35 W khi sạc cùng lúc 2 cổng, bao gồm 1 cổng 20 W và 1 cổng 15 W, cho phép bạn sạc các thiết bị điện tử đồng thời, tốc độ sạc nhanh chóng, tiết kiệm thời gian hơn. Xem thêm"
adapter-sac-3-cong-usb-type-c-pd-qc3-0-gan-65w-ugreen-nexode-10334,Sạc 3 cổng Ugreen Nexode 10334,"Adapter Sạc 3 cổng USB Type C PD QC3.0 GaN 65W Ugreen Nexode 10334 sở hữu thiết kế hình chữ nhật với gam màu lịch lãm, hỗ trợ sạc nhanh lên đến 3 thiết bị cùng một lúc giúp người dùng tiết kiệm thời gian. • Được thiết kế với chân cắm có thể gấp gọn, hỗ trợ người dùng dễ dàng mang theo trong túi mà không lo đầu cắm bị hư hỏng. • Adapter sạc Ugreen tăng cường hiệu suất sạc pin nhờ trang bị các công nghệ sạc hiện đại như: GaN, Power Delivery và Quick Charge 3.0. • Nhờ vào 2 cổng Type-C (tối đa 65 W ở mỗi cổng) và 1 cổng USB (tối đa 22.5 W) thông dụng của adapter sạc, người dùng sẽ có thể nạp pin cho nhiều loại thiết bị cùng một lúc như điện thoại, tai nghe, máy tính bảng,... và cả laptop có hỗ trợ cổng sạc Type-C. Xem thêm"
adapter-sac-type-c-pd-gan5-20w-baseus-ccgan20cs,Sạc Baseus CCGAN20CS,"Adapter Sạc Type C PD GaN5 20W Baseus CCGAN20CS là một lựa chọn hoàn hảo cho những người dùng cần một thiết bị sạc nhỏ gọn, hiệu quả và an toàn. Với thiết kế hiện đại, công nghệ GaN5 tiên tiến và tính năng sạc nhanh Power Delivery, adapter này sẽ là lựa chọn lý tưởng cho bạn. • Nổi bật với thiết kế nhỏ gọn và tiện lợi. Với kích thước cực kỳ nhỏ nhắn, bạn có thể dễ dàng mang theo bộ sạc này trong túi xách, ba lô hoặc thậm chí là túi áo mà không cảm thấy cồng kềnh. • Adapter sạc này sử dụng công nghệ GaN thế hệ thứ 5, cho phép sản phẩm đạt được hiệu suất cao mà vẫn giữ được kích thước nhỏ gọn. Công nghệ GaN5 giúp giảm nhiệt độ phát sinh trong quá trình sạc, tăng độ bền cho sản phẩm và đảm bảo quá trình sạc diễn ra an toàn hơn. • Với công suất sạc tối đa lên đến 20 W, cùng sự hỗ trợ sạc nhanh của công nghệ Power Delivery. Giúp bạn có thể sạc đầy các thiết bị của mình một cách nhanh chóng. Xem thêm"
adapter-sac-type-c-pd-gan-20w-ugreen-nexode-90902,Sạc Ugreen Nexode 90902,"Adapter Sạc Type C PD GaN 20W Ugreen Nexode 90902 sở hữu thiết kế nhỏ gọn, với gam màu tối sang trọng cùng công suất sạc lên đến 20 W, đem đến sự tiện dụng với khả năng tương thích nhiều thiết bị như điện thoại, máy tính bảng,... • Củ sạc sở hữu thiết kế đẹp mắt, màu sắc sang trọng cùng chân gập tiện lợi giúp thu gọn kích thước phù hợp để bạn mang theo mọi lúc, mọi nơi. • Adapter sạc được trang bị cổng kết nối Type-C thông dụng, hỗ trợ nạp pin cho nhiều loại thiết bị như điện thoại, máy tính bảng, tai nghe,... • Adapter sạc Ugreen với công suất 20 W cùng công nghệ GaN tiên tiến mang đến khả năng sạc nhanh tiện lợi mà không làm củ sạc bị quá nóng, giúp bạn tiết kiệm được thời gian và an toàn hơn khi sạc. Xem thêm"
type-c-pd-25w-samsung-ep-ta800n,Sạc Samsung EP-TA800N,"Nhỏ gọn, tiện mang theo đến bất kỳ nơi nào Đường nét adapter sạc mềm mại, màu trắng sạch đẹp, màu đen sang trọng, duy trì độ mới lâu, cầm trên tay cực thoải mái, giúp bạn thao tác khi sạc cũng như khi cất giữ, dịch chuyển sản phẩm linh hoạt, nhanh nhẹn. Xem thêm"
cap-type-c-type-c-1m-ugreen-50997,Cáp Type C - Type C 1m Ugreen 50997,"Cáp Type C - Type C 1m Ugreen 50997 là một món phụ kiện đa năng, đáp ứng mọi nhu cầu sạc và truyền dữ liệu cho thiết bị điện tử của bạn. Cổng ra Type-C thông dụng, cùng công suất sạc lên đến 60W, mang đến cho người dùng trải nghiệm sử dụng tuyệt vời. • Cáp sạc Ugreen được trang bị công suất tối đa lên đến 60W, nhờ vậy bạn có thể sạc đầy pin điện thoại, máy tính bảng hay laptop một cách nhanh chóng, tối ưu thời gian chờ đợi. • Thiết kế nhỏ gọn, tiện lợi mang theo mọi lúc mọi nơi, cùng gam màu đen thanh lịch, tinh tế, tôn lên phong cách của bạn. Chất liệu dây cáp sạc cao cấp, chống đứt gãy, đảm bảo an toàn và sử dụng lâu dài trong mọi điều kiện. • Cáp Type C - Type C hỗ trợ kết nối nhiều thiết bị sử dụng chuẩn Type C như điện thoại thông minh, , laptop, ổ cứng di động, màn hình,... một cách dễ dàng và nhanh chóng. Xem thêm"
cap-day-rut-type-c-type-c-1m-baseus-retractable-free2pull-mini-cb000088,Cáp Dây Rút Type C - Type C 1m Baseus Retractable Free2Pull Mini CB000088,"Với thiết kế thông minh, khả năng sạc nhanh và độ bền vượt trội, cáp Dây Rút Type C - Type C 1m Baseus Retractable Free2Pull Mini CB000088 hứa hẹn sẽ là món phụ kiện không thể thiếu cho mọi thiết bị của bạn. • Điểm nổi bật của cáp dây rút Baseus này chính là khả năng truyền tải năng lượng mạnh mẽ với công suất lên đến 60W nên bạn có thể nạp đầy pin cho các thiết bị của mình một cách nhanh chóng và hiệu quả. • Cáp sạc Type C - Type C tương thích tốt với các thiết bị hỗ trợ công nghệ sạc nhanh như điện thoại thông minh, máy tính bảng, và thậm chí là laptop có cổng Type-C. Bạn có thể dễ dàng sạc nhanh các thiết bị như MacBook, iPad Pro, hay những chiếc smartphone cao cấp chỉ trong thời gian ngắn. • Điểm nhấn khác biệt của cáp sạc này chính là thiết kế dây rút thông minh. Với cơ chế rút gọn linh hoạt, bạn có thể kéo dài dây ra khi sử dụng và dễ dàng thu gọn lại khi không cần thiết, không chỉ giúp tiết kiệm không gian trong túi xách hay balo, mà còn mang lại sự tiện lợi tối đa khi bạn di chuyển. Xem thêm"
adapter-chuyen-doi-usb-type-c-4-in-1-hyperdrive-hd41,Adapter chuyển đổi USB Type C 4 in 1 HyperDrive HD41,"Adapter chuyển đổi USB Type C 4 in 1 HyperDrive HD41 sở hữu kiểu dáng gọn nhẹ, màu sắc trang nhã, trang bị cổng HDMI trình chiếu truy xuất dữ liệu sắc nét, sống động chuẩn 4K ở 60 Hz, kết nối HDMI trực tiếp với HDMI, nhỏ gọn dễ dàng mang theo bất cứ đâu. • Adapter sạc chuyển đổi với thiết kế nhỏ gọn, thay thế cho nhiều loại dây cáp, cổng chuyển đổi, dễ mang theo mọi lúc mọi nơi. • Chất liệu adapter chuyển đổi sản xuất từ vỏ nhôm được gia công chính xác với màu sắc, diện mạo và đường nét thiết kế giống như MacBook Pro & MacBook Air. • Trải nghiệm video HDMI 4K 60 Hz rõ ràng, độ phân giải cao trên màn hình 4K. Ngoài ra, adapter Hyper chuyển đổi yêu cầu kết nối HDMI trực tiếp với HDMI. Xem thêm"
cap-type-c-type-c-0-2m-xmobile-cs-dc06?utm_flashsale=1,Cáp Type C - Type C 0.2m Xmobile CS-DC06,"Cáp Type C - Type C 0.2m Xmobile CS-DC06 sở hữu nhiều ưu điểm vượt trội như tốc độ truyền tải dữ liệu siêu nhanh, khả năng sạc pin nhanh chóng, thiết kế nhỏ gọn và bền bỉ. Sản phẩm hoàn hảo cho những người dùng đam mê công nghệ và luôn tìm kiếm những giải pháp kết nối tối ưu. • Thiết kế nhỏ gọn, màu trắng thanh lịch giúp cáp sạc này trở nên nổi bật và dễ dàng mang theo. Dây cáp sạc siêu bền, hạn chế bị đứt gãy khi cuộn lại, đảm bảo bạn luôn kết nối mọi lúc mọi nơi. • Cáp Xmobile có đầu ra Type C thông dụng, tương thích với nhiều thiết bị điện thoại, máy tính bảng, laptop,... hiện nay. Công suất tối đa 60W, thời gian nạp đầy pin cho điện thoại sẽ được rút ngắn, không làm gián đoạn công việc của bạn. • Đầu vào Type-C phổ biến, cáp sạc Xmobile cho phép bạn kết nối với vô vàn thiết bị khác nhau, từ adapter sạc, màn hình, laptop đến sạc dự phòng. Sự linh hoạt này giúp bạn dễ dàng tạo nên một bộ sạc hoàn chỉnh, đáp ứng mọi nhu cầu sử dụng. Xem thêm"
cap-type-c-lightning-0-2m-xmobile-cs-dc06?utm_flashsale=1,Cáp Type C - Lightning 0.2m Xmobile CS-DC06,"Cáp Type-C to Lightning 0.2m Xmobile CS-DC06 Trắng là người bạn đồng hành không thể thiếu cho các thiết bị di động của bạn. Với thiết kế nhỏ gọn và linh hoạt, chiếc cáp này giúp bạn dễ dàng sạc pin và truyền dữ liệu mọi lúc mọi nơi. Công suất sạc tối đa lên đến 30W, bạn sẽ không còn phải lo lắng về việc chờ đợi quá lâu để thiết bị đầy pin. • Với chiều dài chỉ 0.2m, cáp Xmobile thực sự rất nhỏ gọn. Bạn có thể dễ dàng bỏ vào balo, túi xách mà không lo chiếm quá nhiều diện tích. Nhờ đó, bạn luôn sẵn sàng sạc pin cho thiết bị của mình bất cứ khi nào cần, dù đang đi làm, đi học hay đi du lịch. • Công suất lên đến 30W, cáp sẽ giúp bạn tiết kiệm tối đa thời gian chờ đợi. Chỉ trong một thời gian ngắn, thiết bị của bạn sẽ được nạp đầy năng lượng, giúp bạn luôn sẵn sàng cho mọi hoạt động. Xem thêm"
adapter-sac-type-c-iq3-33w-anker-a2331,Sạc Anker A2331,"Adapter sạc Type-C IQ3 33W Anker A2331 sở hữu thiết kế tối ưu cho nhu cầu di chuyển. Với khối lượng nhẹ, kích thước nhỏ gọn cùng chân cắm gập tiện dụng, sản phẩm sẽ dễ dàng nằm gọn trong túi xách hay ngăn balo của bạn mà không chiếm nhiều không gian. • Được trang bị 2 cổng gồm USB và Type-C với công suất tối đa 33W, adapter Anker cho khả năng sạc nhanh hiệu quả. Khi sạc đơn lẻ từng cổng người dùng sẽ có thể sạc các thiết bị tương thích với công suất 33W, còn khi sử dụng cả 2 cổng, công suất sạc sẽ được chia nhỏ để đảm bảo hiệu suất sạc được giữ an toàn và ổn định. • Anker tích hợp công nghệ ActiveShield trên mẫu adapter sạc 2 cổng này, cho phép cảm biến nhiệt độ hoạt động liên tục để theo dõi nhiệt độ, kết hợp với chip điều chỉnh công suất giúp tối ưu dòng điện và đảm bảo an toàn, nâng cao độ bền cho cả củ sạc và pin. Xem thêm"
adapter-sac-type-c-pd-gan-30w-ugreen-robot-nexode-15550,Sạc Ugreen Robot Nexode 15550,"Adapter Sạc Type C PD GaN 30W Ugreen Robot Nexode 15550 tạo điểm nhấn thu hút với màn hình LED biểu cảm ngộ nghĩnh và công suất sạc 30 W, giúp người dùng tiết kiệm thời gian. • Củ sạc có thiết kế nhỏ gọn đi kèm là chân đế để bảo vệ đầu cắm khi không sử dụng, mang đến một sản phẩm tinh gọn, tiện lợi có thể dễ dàng để trong balo, túi xách. • Adapter sạc cung cấp các dòng sạc Type-C: 5V - 3A, 9V - 3A, 12V - 2.5A, 15V - 2A, 20V - 1.5A, 3.3-11.0V - 2.7A, với công suất tối đa là 30 W. • Sản phẩm không chỉ sạc được tai nghe, điện thoại, máy tính bảng mà còn có thể tương thích với cả MacBook Air. •  này được trang bị với các công nghệ như Power Delivery và GaN, hỗ trợ sạc nhanh chóng và an toàn hơn. Xem thêm"
bo-adapter-sac-5-cong-type-c-pd-qc-3-0-gan-300w-kem-cap-type-c-type-c-1m-ugreen-nexode-90903b,Sạc 5 cổng kèm Cáp Type C - Type C Ugreen Nexode 90903B,"Bộ Adapter Sạc 5 cổng Type C PD QC 3.0 GaN 300W kèm Cáp Type C - Type C 1m Ugreen Nexode 90903B là một lựa chọn tuyệt vời cho nhu cầu sạc nhiều thiết bị cùng lúc với tốc độ nhanh chóng. Sạc nhanh đa thiết bị đồng thời với tổng công suất lên đến 300W, tiết kiệm thời gian sạc đáng kể. • Sở hữu tổng công suất lên đến 300W, adapter sạc Ugreen mang đến khả năng sạc nhanh và hiệu quả cho nhiều thiết bị giúp bạn tiết kiệm thời gian một cách tối ưu. Điểm nổi bật của adapter là khả năng tương thích rộng rãi với nhiều thiết bị từ các thương hiệu khác nhau. Nhờ vậy, bạn chỉ cần một adapter duy nhất để đáp ứng mọi nhu cầu sạc cho các thiết bị điện tử của mình. • Thiết kế nhỏ gọn giúp bạn dễ dàng mang theo bên mình trong mọi chuyến đi. Dù bạn là người thường xuyên di chuyển công tác hay đơn giản là thích làm việc tại quán cà phê, đảm bảo thiết bị của bạn luôn được sạc đầy năng lượng. Càng tiện lợi hơn với cáp Type C - Type C đi kèm, bạn không cần tốn thời gian và chi phí để mua thêm cáp sạc phù hợp. Xem thêm"
cap-type-c-type-c-1m-xmobile-ds103?utm_flashsale=1,Cáp Type C - Type C 1m Xmobile DS103,"Cáp Type C - Type C 1m Xmobile DS103 sở hữu thiết kế đẹp mắt, chất liệu dây bền bỉ, đầu ra Type C thông dụng, cùng công suất sạc lên đến 60 W, mang đến cho người dùng trải nghiệm sử dụng tuyệt vời. • Cáp sạc có thiết kế đẹp mắt, gam màu xanh tươi sáng, mang lại cảm giác trẻ trung và năng động. • Được làm từ chất liệu cao cấp, bền bỉ và an toàn, hạn chế đứt gãy hay rối dây khi sử dụng. • Cáp có đầu ra Type C, hỗ trợ sạc nhanh cho điện thoại, máy tính bảng, laptop và các thiết bị khác có cổng Type C. • Công suất tối đa của cáp sạc Xmobile là 60 W, đảm bảo sạc nhanh và hiệu quả. • Chiều dài dây 1 m, không quá ngắn hay quá dài, vừa đủ để sử dụng, dễ dàng cuộn gọn bỏ vào balo, túi xách mà không lo chiếm nhiều diện tích. Xem thêm"
sac-xe-hoi-2-cong-12w-ava-sn-613?utm_flashsale=1,Sạc xe hơi 2 cổng AVA+ SN-613,"Trong cuộc sống hiện đại, việc sở hữu một thiết bị sạc tiện lợi và an toàn trên xe hơi là vô cùng quan trọng. Sạc xe hơi 2 cổng 12W AVA+ SN-613 chính là giải pháp sạc nhanh chóng và hiệu quả, giúp bạn luôn kết nối và làm việc trên mọi nẻo đường. Điểm nổi bật của sản phẩm này là thiết kế nhỏ gọn, khả năng sạc cùng lúc hai thiết bị và tương thích với nhiều loại thiết bị khác nhau. Thiết kế nhỏ gọn, tinh tế Adapter sạc AVA+ sở hữu kiểu dáng hình trụ đơn giản nhưng không kém phần tinh tế. Với kích thước nhỏ gọn, chiều dài chỉ 6 cm và đường kính 2.7 cm, sản phẩm không chiếm nhiều diện tích trong xe của bạn. Màu đen sang trọng và lịch lãm giúp sản phẩm dễ dàng hòa nhập với nội thất xe hơi. Xem thêm"
adapter-sac-4-cong-type-c-pd-gan-140w-belkin-wch014,Sạc 4 cổng Belkin WCH014,"Adapter Sạc 4 cổng Type C PD GaN 140W Belkin WCH014 là sản phẩm hoàn hảo cho những người thường xuyên di chuyển hoặc sử dụng nhiều thiết bị điện tử. Với thiết kế nhỏ gọn, công suất mạnh mẽ và 4 cổng sạc đa năng, adapter sẽ giúp bạn sạc nhanh chóng, hiệu quả và an toàn cho tất cả các thiết bị của mình. • Vỏ ngoài của adapter sạc Belkin được làm từ nhựa cao cấp, có độ bền cao và chịu nhiệt tốt. Thiết kế hiện đại, phích cắm có thể gập lại rất gọn gàng dễ dàng mang theo bên mình mọi lúc mọi nơi, bề mặt nhám giúp cầm nắm chắc chắn, hạn chế trơn trượt. • Với dòng sạc tối đa 140W, bạn không còn phải lo lắng về việc sạc pin cho nhiều thiết bị điện tử khác nhau. Dòng sạc mạnh mẽ này có thể sạc nhanh cho laptop, điện thoại, máy tính bảng, tai nghe Bluetooth, chuột không dây,... giúp bạn tiết kiệm thời gian và mang lại sự tiện lợi tối đa. Xem thêm"
cap-type-c-type-c-1m-xmobile-dr-t09?utm_flashsale=1,Cáp Type C - Type C 1m Xmobile DR-T09,"Cáp Type C - Type C 1m Xmobile DR-T09 sở hữu thiết kế thời thượng, màu sắc thanh lịch, chiều dài vừa phải, chất liệu dây bền bỉ cùng khả năng sạc, truyền tải dữ liệu nhanh chóng, đem đến cho bạn trải nghiệm sử dụng tuyệt vời. • Sở hữu thiết kế gọn nhẹ, gam màu thanh lịch, chất liệu dây cáp sạc bền bỉ không dễ hư hỏng, gãy nứt trong quá trình sử dụng. • Đầu ra Type C thông dụng, cùng công suất tối đa lên tới 60 W, hỗ trợ nạp pin nhanh chóng cho nhiều thiết bị điện thoại, máy tính bảng, laptop,... • Đầu vào Type C giúp người dùng dễ dàng kết hợp cáp sạc Xmobile với adapter có cổng ra tương tự để tạo thành bộ sạc hoàn chỉnh. Xem thêm"
cap-type-c-1m-hydrus-jxl-33?utm_flashsale=1,Cáp Type C 1m Hydrus JXL-33,Không có mô tả
cap-type-c-2m-hydrus-cv-12?utm_flashsale=1,Cáp Type C 2m Hydrus CV-12,Không có mô tả
cap-micro-2m-hydrus-ltpp-40?utm_flashsale=1,Cáp Micro 2m Hydrus LTPP-40,Không có mô tả
cap-lightning-2m-hydrus-cv-14?utm_flashsale=1,Cáp Lightning 2m Hydrus CV-14,Không có mô tả
cap-type-c-1m-mbest-ds462x,Cáp Type C 1m Mbest DS462X,"Cáp sạc Mbest có tốc độ sạc mạnh mẽ với công suất tới 15 W Đầu ra 5V - 3A rút ngắn thời gian sạc pin cho thiết bị, giúp bạn duy trì liên lạc, làm việc, trải nghiệm giải trí hiệu suất, không còn sợ bị gián đoạn trong các hoạt động hằng ngày của mình. Xem thêm"
de-sac-khong-day-magnetic-15w-belkin-boostcharge-wia008,Sạc không dây Magnetic Belkin BoostCharge WIA008,"Trong thế giới công nghệ không ngừng phát triển, việc sở hữu một thiết bị sạc tiện lợi và hiệu quả là vô cùng quan trọng. Đế sạc không dây Magnetic 15W Belkin BoostCharge WIA008 là một giải pháp hoàn hảo, mang đến trải nghiệm sạc nhanh chóng, an toàn và đầy phong cách cho các thiết bị của bạn. Với thiết kế hiện đại, công nghệ sạc tiên tiến và khả năng tương thích rộng rãi, sản phẩm này hứa hẹn sẽ trở thành người bạn đồng hành không thể thiếu của mọi tín đồ công nghệ. Thiết kế gập mở tiện lợi, đơn giản mà tinh tế Belkin BoostCharge WIA008 gây ấn tượng ngay từ cái nhìn đầu tiên với thiết kế gập mở linh hoạt, tạo nên sự tiện lợi tối đa cho người dùng. Bạn có thể dễ dàng điều chỉnh đế sạc để phù hợp với nhiều góc độ xem khác nhau, vừa sạc vừa thoải mái tận hưởng nội dung trên điện thoại hoặc tablet. Thiết kế này đặc biệt hữu ích khi bạn muốn thực hiện cuộc gọi video, xem phim hoặc làm việc. Xem thêm"
de-sac-khong-day-magnetic-8-in-1-type-c-pd-65w-anker-637-maggo-a9137,Sạc không dây Magnetic 8 in 1 Anker 637 MagGo A9137,"Đế sạc không dây Magnetic 8 in 1 Type C PD 65W Anker 637 MagGo A9137 là giải pháp hoàn hảo để tối ưu hóa không gian làm việc của bạn. Với thiết kế 8 trong 1 thông minh, bạn có thể sạc đồng thời nhiều thiết bị khác nhau, từ điện thoại, tai nghe đến đồng hồ thông minh. Đồng thời, công nghệ sạc không dây tiên tiến của đế sạc sẽ loại bỏ mớ dây nhợ rườm rà, trả lại không gian làm việc gọn gàng và hiện đại. • Nhờ có thiết kế nhỏ gọn, chiếc đế sạc Anker này không chiếm quá nhiều diện tích trên bàn làm việc của bạn. Đặc biệt, thiết kế hai mặt thông minh giúp bạn dễ dàng quản lý các dây cáp lộn xộn, đồng thời vẫn có thể sử dụng phần sạc không dây từ tính ở mặt trước. • Đế sạc có công suất lên đến 65W qua cổng Type C, đế sạc này giúp bạn nạp đầy năng lượng cho các thiết bị trong thời gian ngắn. Chỉ trong nháy mắt, các thiết bị của bạn sẽ được nạp đầy năng lượng, sẵn sàng đồng hành cùng bạn trong công việc và giải trí. Xem thêm"
adapter-sac-10w-hydrus-zc103?utm_flashsale=1,Sạc Hydrus ZC103,"Adapter Sạc 10W Hydrus ZC103, một sản phẩm đến từ Thế Giới Di Động, được thiết kế để cung cấp nguồn điện cho các thiết bị di động thông qua cổng USB. • Khả năng tương thích với dải điện áp đầu vào 100 - 240V ~ 50/60 Hz cho phép adapter sạc này hoạt động được với nhiều chuẩn điện áp khác nhau. • Dòng điện đầu ra 5V - 2A, cho công suất sạc tối đa 10W, sẽ phù hợp với việc sạc các thiết bị như điện thoại thông minh, máy nghe nhạc hoặc các thiết bị tương thích khác. • Với kích thước 7.8 x 3.7 x 2.2 cm, adapter sạc Hydrus dễ dàng mang theo trong túi xách hoặc balo mà không chiếm nhiều không gian. • Hydrus ZC103 không chỉ mang đến hiệu suất sạc ổn định mà còn đi kèm mức giá rất hợp lý. Đây là lựa chọn kinh tế dành cho những ai muốn sở hữu một bộ sạc chất lượng mà không cần đầu tư quá nhiều chi phí. Xem thêm"
adapter-sac-2-cong-type-c-pd-qc-3-0-20w-xmobile-dc02?utm_flashsale=1,Sạc 2 cổng Xmobile DC02,"Adapter Sạc 2 cổng Type C PD QC 3.0 20W Xmobile DC02 là sự kết hợp hoàn hảo giữa thiết kế tinh tế và công nghệ hiện đại. Với hai cổng sạc sẽ giúp bạn sạc nhanh chóng và an toàn mọi thiết bị. Không chỉ vậy, thiết kế nhỏ gọn, dễ dàng mang theo giúp bạn luôn kết nối năng lượng mọi lúc, mọi nơi. • Adapter sạc với thiết kế nhỏ gọn, màu trắng tinh khôi và khả năng tương thích đa dạng, sẽ là người bạn đồng hành hoàn hảo cho mọi chuyến đi và mọi hoạt động hàng ngày của bạn. • Chiếc adapter sạc nhanh này thực sự tiện lợi với hai cổng sạc, Type-C và USB. Bạn có thể thoải mái sạc đồng thời hai thiết bị khác nhau, tiết kiệm thời gian và không cần phải mang theo nhiều bộ sạc. Từ nay, việc sạc điện thoại, máy tính bảng hay tai nghe sẽ trở nên dễ dàng hơn bao giờ hết. Xem thêm"
cap-lightning-1m-hydrus-ltpp-10?utm_flashsale=1,Cáp Lightning 1m Hydrus LTPP-10,Không có mô tả
cap-lightning-1m-hydrus-jxl-15?utm_flashsale=1,Cáp Lightning 1m Hydrus JXL-15,Không có mô tả
cap-type-c-supervooc-oppo-dl129?utm_flashsale=1,Cáp Type C SuperVOOC 1m OPPO DL129,"Kiểu dáng đơn giản, màu trắng trang nhã, chiều dài dây 1 m Cáp Type C SuperVOOC 1m OPPO DL129 có dây dẫn bọc nhựa cao cấp, dày dặn, kháng vỡ, chuôi kim loại cứng cáp tăng độ bền cho dây cáp. Xem thêm"
adapter-sac-2-4a-hydrus-jlc-333?utm_flashsale=1,Sạc Hydrus JLC-333,"Đến từ nhà Hydrus của Thế Giới Di Động, adapter Sạc 2.4A Hydrus JLC-333 là một sản phẩm không cầu kỳ trong thiết kế hay tính năng, bởi củ sạc này tập trung vào việc mang lại một giải pháp sạc an toàn. • Adapter sạc Hydrus sở hữu kích thước nhỏ gọn, mang lại sự tiện lợi trong việc mang theo bên mình. Với thiết kế đơn giản, hài hòa và không chiếm nhiều diện tích, sản phẩm dễ dàng được cất gọn trong túi xách hay balo, phù hợp với cả những người thường xuyên di chuyển. • Công suất đầu ra tối đa 12W cùng dòng điện 2.4A qua cổng USB giúp adapter sạc này đáp ứng nhu cầu sạc vừa đủ cho một số loại thiết bị. Tốc độ sạc ổn định sẽ giúp các thiết bị được cung cấp năng lượng một cách an toàn và hạn chế tình trạng hư hỏng xảy ra. Xem thêm"
cap-type-c-1m-hydrus-cs-dc046?utm_flashsale=1,Cáp Type C 1m Hydrus CS-DC046,Không có mô tả
adapter-sac-2-cong-2-4a-hydrus-h-35?utm_flashsale=1,Sạc 2 cổng Hydrus H-35,"Được sản xuất tại Trung Quốc và phân phối bởi Thế Giới Di Động, adapter Sạc 2 cổng 12W Hydrus H-35 là một sản phẩm với mức giá phải chăng, đáp ứng nhu cầu sạc hàng ngày của bạn. • Adapter sạc Hydrus được chế tác với tiêu chí nhỏ gọn và tiện dụng. Sở hữu kích thước chỉ 3.3 x 3.1 x 5.5 cm, sản phẩm dễ dàng nằm gọn trong túi xách, balo hoặc thậm chí túi áo khoác. • Với hai cổng USB đầu ra 5V - 2.4A, adapter sạc mang lại khả năng sạc đồng thời hai thiết bị cùng lúc. Tổng công suất 12W đủ đáp ứng cho các thiết bị tai nghe, máy nghe nhạc hay các sản phẩm tương thích. • Việc tích hợp hai cổng sạc còn giúp người dùng tiết kiệm thời gian và không gian, làm gọn hơn nơi làm việc và giải trí của người dùng. Xem thêm"
cap-lightning-1m-hydrus-cw-19?utm_flashsale=1,Cáp Lightning 1m Hydrus CW-19,Không có mô tả
cap-micro-1m-hydrus-ltpp-40?utm_flashsale=1,Cáp Micro 1m Hydrus LTPP-40,"Cáp Micro 1m Hydrus LTPP-40 không chỉ nhỏ gọn mà còn bền bỉ vượt trội. Dây cáp được làm từ chất liệu cao cấp, chịu được nhiều lần uốn cong mà không lo bị đứt gãy. Bên cạnh đó, khả năng tương thích rộng rãi với các dòng điện thoại khác nhau giúp bạn yên tâm sử dụng lâu dài. • Cáp sạc được làm từ chất liệu cao cấp nên có độ bền cao, chịu được va đập và kéo căng tốt. Bạn có thể thoải mái cuộn cáp sạc lại để bỏ vào túi quần, túi xách mà không lo chiếm quá nhiều diện tích. • Không quá dài cũng không quá ngắn, chiều dài 1 mét của cáp sạc Hydrus là sự lựa chọn hoàn hảo cho hầu hết các nhu cầu sử dụng hàng ngày. Bạn có thể dễ dàng kết nối thiết bị với nguồn điện khi đang nằm trên giường, ngồi làm việc ở bàn,... • Với công suất sạc 10.5W mạnh mẽ, chiếc điện thoại của bạn sẽ được nạp đầy năng lượng nhanh chóng, giúp bạn tiết kiệm thời gian và luôn sẵn sàng cho mọi hoạt động. Xem thêm"
cap-type-c-1m-hydrus-cv-12?utm_flashsale=1,Cáp Type C 1m Hydrus CV-12,Không có mô tả
sac-xe-hoi-2-cong-usb-type-c-pd-qc-3-0-30w-xmobile-sn-571,Sạc xe hơi 2 cổng Xmobile SN-571,"Dành cho những ai thường xuyên di chuyển bằng xe hơi, việc sở hữu một thiết bị sạc tiện lợi là vô cùng cần thiết. Sạc xe hơi 2 cổng USB Type C PD QC 3.0 30W Xmobile SN-571 chính là giải pháp hoàn hảo, giúp bạn nạp đầy năng lượng cho các thiết bị di động một cách nhanh chóng và an toàn ngay trên xe. Sản phẩm này không chỉ nổi bật với khả năng sạc nhanh mà còn sở hữu thiết kế nhỏ gọn, tinh tế, phù hợp với mọi không gian nội thất xe hơi. Nhỏ gọn, sang trọng, nâng tầm không gian nội thất xe Adapter sạc Xmobile sở hữu thiết kế hình trụ nhỏ gọn với kích thước chỉ dài 3.9 cm và đường kính 2.2 cm, không chiếm nhiều diện tích trong xe. Màu bạc sang trọng của sản phẩm cũng góp phần tạo điểm nhấn tinh tế cho không gian nội thất. Xem thêm"
adapter-sac-2-cong-12w-hydrus-zc102e?utm_flashsale=1,Sạc 2 cổng Hydrus ZC102E,"Thế Giới Di Động, một trong những nhà bán lẻ điện tử hàng đầu Việt Nam, mang đến cho người tiêu dùng một mẫu adapter sạc 2 cổng tiện dụng, chính là adapter sạc 2 cổng 12W Hydrus ZC102E. Sản phẩm được sản xuất tại Trung Quốc và phân phối chính thức bởi Thế Giới Di Động, đảm bảo nguồn gốc xuất xứ rõ ràng và chất lượng sản phẩm. • Điểm nổi bật của sản phẩm nằm ở khả năng tương thích với nguồn điện đầu vào linh hoạt từ 100-240V~50/60 Hz, 0.3A, cho phép adapter sạc có thể hoạt động ổn định trong đa dạng môi trường điện áp. • Thêm nữa, việc sở hữu một adapter sạc hai cổng USB 5V - 2.4A sẽ giúp bạn tiết kiệm đáng kể thời gian và không gian. Người dùng có thể sạc đồng thời tai nghe không dây, đồng hồ thông minh hoặc bất kỳ thiết bị nào khác tương thích, mà không cần mang theo nhiều bộ sạc. Xem thêm"
adapter-sac-2-cong-12w-hydrus-zc102u?utm_flashsale=1,Sạc 2 cổng Hydrus ZC102U,"Trong cuộc sống hiện đại, việc sở hữu nhiều thiết bị di động là điều quá đỗi quen thuộc. Để đáp ứng nhu cầu sạc nhanh và tiện lợi, Thế Giới Di Động đem tới cho người dùng adapter sạc 2 cổng 12W Hydrus ZC102U, giúp bạn sạc hiệu quả các thiết bị không yêu cầu công suất sạc quá lớn. • Adapter sạc 2 cổng được thiết kế để hoạt động ổn trong nhiều môi trường điện áp khác nhau. Dải điện áp đầu vào từ 100-240V~50/60 Hz giúp sản phẩm phù hợp với đa dạng các tiêu chuẩn điện năng. • Sản phẩm được trang bị hai cổng USB với dòng điện đầu ra 5V - 2.4A, cung cấp tổng công suất 12W, giúp tiết kiệm thời gian và còn tối ưu hóa trải nghiệm sạc. • Thiết kế nhỏ gọn của adapter sạc, cho phép sản phẩm có thể nằm gọn trong ổ điện đa giắc cắm mà không chiếm diện tích và có thể dễ dàng mang theo mọi lúc. Xem thêm"
adapter-sac-usb-24a-ava-cs-tc021-trang?utm_flashsale=1,Sạc AVA+ CS-TC021,"Adapter Sạc USB 12W AVA+ CS-TC021 Trắng sở hữu thiết kế gọn gàng, đẹp mắt, sử dụng cùng cáp sạc để cung cấp nguồn điện cho các thiết bị điện tử của bạn. • Adapter sạc cung cấp dòng sạc lên đến 12 W giúp nạp pin nhanh chóng. • Sử dụng với nhiều thiết bị như điện thoại, máy tính bảng, sạc dự phòng,... nhờ cổng ra USB. • Tương thích đa dạng cáp sạc thông dụng hiện nay. • Kiểu dáng nhỏ nhắn, màu trắng sạch đẹp, dễ dàng mang chiếc adapter AVA+ này theo bạn đến mọi nơi."
cap-micro-1m-hydrus-cs-dc52?utm_flashsale=1,Cáp Micro 1m Hydrus CS-DC52,Không có mô tả
adapter-sac-5w-hydrus-w176?utm_flashsale=1,Sạc Hydrus W176,"Adapter Sạc 5W Hydrus W176 chính là lựa chọn lý tưởng dành cho những ai tìm kiếm một củ sạc tiện lợi, nhỏ gọn và hiệu quả. • Với đầu vào điện áp rộng từ 100-240V, adapter sạc Hydrus có thể hoạt động ổn định trong nhiều điều kiện nguồn điện khác nhau. • Adapter Hydrus W176 được trang bị cổng USB tiêu chuẩn, cho phép bạn kết nối dễ dàng với hầu hết các loại cáp sạc. Chỉ cần cắm thiết bị vào và bắt đầu sạc, không cần bất kỳ thao tác phức tạp nào. • Đầu ra USB 5V - 1A, tương đương với công suất 5W, cho phép adapter sạc nạp pin tương đối hiệu quả cho các thiết bị tương thích. • Hydrus W176 không chạy đua với công nghệ sạc tốc độ cao mà tập trung vào khả năng sạc ổn định và hạn chế rủi ro, giúp giảm thiểu nguy cơ quá tải hoặc quá nhiệt xảy ra. Xem thêm"
adapter-sac-6-cong-usb-type-c-pd-qc-3-0-gan-200w-ugreen-40913,Sạc 6 cổng Ugreen 40913,"Adapter Sạc 6 cổng USB Type C PD QC 3.0 GaN 200W Ugreen 40913 sở hữu thiết kế nhỏ gọn, tiện lợi cùng khả năng sạc nhanh ấn tượng với tổng công suất lên đến 200W, đáp ứng nhu cầu sạc cho nhiều thiết bị cùng lúc, tiết kiệm thời gian và tối ưu hóa hiệu quả sử dụng. • Với 6 cổng sạc, adapter Ugreen giúp bạn sạc cùng lúc tối đa 6 thiết bị điện tử, bao gồm điện thoại, máy tính bảng, laptop, tai nghe Bluetooth, loa di động,... chỉ với một ổ cắm duy nhất. Trong đó 4 cổng Type C sẽ có công suất tối đa 100W, còn USB A sẽ có mức công suất tối đa là 22.5W. • Công suất tổng lên đến 200W, adapter cung cấp nguồn điện mạnh mẽ để sạc nhanh mọi thiết bị của bạn. Công nghệ GaN tiên tiến giúp tăng hiệu quả sạc pin, giảm thời gian sạc và tiết kiệm năng lượng. Nhờ vậy, bạn có thể sạc đầy pin cho nhiều thiết bị trong thời gian ngắn, tối ưu hóa hiệu quả sử dụng và tiết kiệm thời gian chờ đợi đáng kể. Xem thêm"
adapter-sac-type-c-20w-cho-iphone-ipad-apple-mhje3,Adapter sạc Apple USB-C 20W,"Apple là một trong những thương hiệu đình đám nhất hiện nay khi sở hữu nhiều dòng sản phẩm đẳng cấp và chất lượng cao. Trong đó, phải kể đến Adapter Sạc 20W Apple là một Adapter mang lại trải nghiệm sạc ấn tượng cho người dùng. Thiết kế gọn đẹp, đầu cắm 2 chấu phổ biến Ấn tượng đầu tiên khi cầm củ sạc Apple này trên tay, kiểu dáng nhỏ gọn, chiều ngang chỉ khoảng 2/3 thẻ căn cước công dân và chiều dài cũng chỉ gần bằng thẻ này. Đặc biệt, mình có thể cầm trọn trong lòng bàn tay, điều này cũng tương đương với việc củ sạc không chiếm nhiều diện tích trên ổ cắm và trong các ngăn balo, túi xách,... Xem thêm"
cap-micro-1m-xmobile-ltm-02-xanh-reu?utm_flashsale=1,Cáp Micro USB 1m Xmobile LTM-02,"Thiết kế nhẹ đẹp, vỏ dây chất liệu nylon bền chắc Cáp Micro 1m Xmobile LTM-02 xanh rêu mang kiểu dáng nhẹ nhàng, tiện kết nối, thao tác với mọi người dùng. Không sợ hụt dây khi sạc, ghép nối với thiết bị khác nhờ chiều dài dây đến 1 m. Xem thêm"
cap-type-c-lightning-1m-ava-l2206?utm_flashsale=1,Cáp Type C - Lightning 1m AVA+ L2206,"Cáp Type C - Lightning 1m AVA+ L2206 sở hữu diện mạo thanh lịch, gam màu đẹp mắt, tương thích với nhiều thiết bị giúp bạn truyền tải dữ liệu và cung cấp năng lượng nhanh chóng, độ dài 1 m vừa đủ sử dụng, đáp ứng nhu cầu sạc pin hàng ngày. • Cáp sạc có kiểu dáng trang nhã, gam màu trắng sang trọng dễ dàng sử dụng và kết hợp với nhiều phụ kiện khác. • Cáp Type C - Lightning tương thích tốt với các thiết bị điện thoại, máy tính bảng, tai nghe,... của Apple. • Hỗ trợ công nghệ Power Delivery với công suất sạc lên đến 27 W, cho phép bạn nạp pin nhanh chóng, tiết kiệm thời gian hiệu quả. Xem thêm"
cap-lightning-1m-xmobile-l2205?utm_flashsale=1,Cáp Lightning 1m Xmobile L2205,"Cáp Lightning 1m Xmobile L2205 sở hữu kích thước vừa vặn, gam màu thanh lịch, truyền tải thông tin nhanh chóng, cung cấp năng lượng cho các thiết bị vô cùng tiện lợi và đem đến những tiện ích tuyệt vời. • Thiết kế tinh tế, màu sắc trang nhã, cáp dù được bện chắc chắn, đầu cáp được làm từ vỏ hợp kim bền chắc giúp bảo vệ linh kiện bên trong tối đa. • Độ dài cáp sạc 1 m giúp bạn có thể cuộn gọn lại và mang theo bất cứ đâu mà không lo chiếm quá nhiều diện tích. • Tương thích với các thiết bị như: điện thoại, pin sạc dự phòng, máy tính bảng,... nhờ có cổng Lightning. • Sử dụng được cho các adapter, pin sạc dự phòng,... phù hợp nhờ tích hợp đầu vào USB. Xem thêm"
cap-type-c-1m-xmobile-l2205?utm_flashsale=1,Cáp Type C 1m Xmobile L2205,"Cáp Type C 1m Xmobile L2205 sở hữu gam màu đẹp mắt, mang phong cách khá đơn giản, chiều dài dây cáp vừa đủ để sử dụng, truyền tải dữ liệu và nạp pin nhanh chóng, cáp không chiếm quá nhiều diện tích trên bàn, hứa hẹn mang đến cho bạn những trải nghiệm tuyệt vời. • Lớp vỏ cáp sạc được làm bằng chất liệu dù chắc chắn, hạn chế đứt gãy, thiết kế sang trọng, phù hợp với mọi lứa tuổi. • Tốc độ sạc mạnh mẽ với đầu ra cổng Type C 5V - 3A tương đương 15 W.
• Dây cáp với chiều dài 1 m dễ dàng cuộn lại, mang theo khi cần, không chiếm diện tích balo hay túi xách của bạn.
• Sử dụng kèm được với nhiều adapter hay pin dự phòng tương thích thông qua đầu USB.
• Truyền tải hình ảnh, video, tập tin,... 1 cách nhanh chóng và tiện lợi từ điện thoại sang laptop hoặc ngược lại chỉ cần 1 sợi . Xem thêm"
adapter-sac-type-c-pd-25w-samsung-ep-t2510n,Sạc Samsung EP-T2510N,"Adapter Sạc Type C PD 25W Samsung EP-T2510N có kích thước nhỏ gọn, chân cắm chắc chắn, chất liệu vỏ ngoài bền bỉ, tích hợp công nghệ hiện đại Power Delivery và GaN hứa hẹn sẽ mang đến trải nghiệm tuyệt vời cho người dùng. • Công nghệ GaN trên adapter sạc giúp tối ưu kích thước sản phẩm, cho vẻ ngoài nhỏ gọn, dễ dàng bỏ vào túi xách, balo mang theo bên mình. • Được làm từ chất liệu nhựa cao cấp, giúp bảo vệ linh kiện bên trong một cách tối ưu. • Tích hợp công nghệ sạc nhanh Power Delivery 25 W, nạp pin nhanh chóng cho nhiều thiết bị như điện thoại, máy tính bảng,... Xem thêm"
cap-type-c-lightning-1m-xmobile-l2320?utm_flashsale=1,Cáp Type C - Lightning 1m Xmobile L2320,"Cáp Type C - Lightning 1m Xmobile L2320 là sự kết hợp hài hòa giữa thiết kế tối giản và hiệu năng tối ưu, mang đến giải pháp sạc và truyền dữ liệu hiệu quả cho người dùng thiết bị Apple có hỗ trợ Lightning. • Cáp sạc cung cấp sự linh hoạt cần thiết với độ dài dây 1 mét, đáp ứng nhu cầu sử dụng trong nhiều tình huống, từ làm việc tại bàn đến sạc pin trong khi di chuyển. • Khả năng sạc của cáp sạc Lightning được hỗ trợ tối đa với công suất 27W, nhờ đầu ra Lightning và đầu vào Type-C. Dòng điện 9V - 3A đảm bảo cung cấp nguồn năng lượng ổn định và nhanh chóng, giúp các thiết bị sạc đầy pin trong thời gian ngắn mà vẫn an toàn. • Bên cạnh khả năng sạc nhanh, cáp sạc Xmobile còn hỗ trợ truyền dữ liệu với tốc độ ổn định, phục vụ hiệu quả cho việc sao lưu, đồng bộ tập tin và chia sẻ thông tin. Xem thêm"
adapter-sac-type-c-pd-20w-ava-cs-chg078?utm_flashsale=1,Sạc AVA+ CS-CHG078,"Adapter Sạc Type C PD 20W AVA+ CS-CHG078 có thiết kế đẹp mắt, kiểu dáng nhỏ gọn, hỗ trợ sạc nhanh lên đến 20 W, tương ứng với nhiều thiết bị điện thoại, máy tính bảng,... • Adapter sạc có thiết kế đẹp mắt, màu sắc sang trọng cùng kiểu dáng nhỏ gọn cho bạn dễ dàng mang sạc theo ra ngoài. • Trang bị cổng kết nối Type C thông dụng, hỗ trợ nạp pin cho nhiều loại thiết bị như điện thoại, máy tính bảng, tai nghe,... • Với công suất 20 W cùng với công nghệ Power Delivery mang đến khả năng sạc nhanh tiện lợi, đồng thời tiết kiệm được thời gian sạc hiệu quả. •  có chất liệu vỏ ngoài cứng cáp, bảo vệ linh kiện bên trong hạn chế hư hỏng khi va đập, rơi rớt hiệu quả. Xem thêm"
adapter-sac-usb-12w-ava-cs-chg076?utm_flashsale=1,Sạc AVA+ CS-CHG076,"Adapter Sạc 2.4A AVA+ CS-CHG076 có thiết kế đẹp mắt, gam màu trắng sang trọng cùng công suất sạc 12 W, chất liệu bền bỉ, đem đến trải nghiệm tuyệt vời cho người sử dụng. • Sở hữu thiết kế sang trọng, gam màu thanh lịch cùng kiểu dáng nhỏ gọn, cho bạn dễ dàng bỏ túi, balo mang theo bên mình. • Vỏ ngoài làm bằng chất liệu cứng cáp, giúp bảo vệ tốt linh kiện bên trong. • Adapter sạc có công suất 12 W, hỗ trợ nạp pin cho nhiều thiết bị. • Trang bị cổng kết nối USB-A giúp thiết bị dễ dàng kết nối với nhiều loại cáp sạc khác nhau. • Adapter sạc AVA+ cung cấp dòng điện ổn định 2.4A, cho khả năng tương thích cao với hầu hết các thiết bị hiện nay như điện thoại, máy tính bảng, tai nghe,... Xem thêm"
adapter-sac-type-c-pd-20w-xmobile-cs-tc041-trang?utm_flashsale=1,Sạc Xmobile CS-TC041,"Adapter Sạc Type C PD 20W Xmobile CS-TC041 là phụ kiện hỗ trợ cung cấp năng lượng nhanh chóng, an toàn, thân thiện người dùng mà ai cũng nên sở hữu. • Adapter Xmobile có kích thước nhỏ gọn, cầm trong tay hoặc cất giữ đều dễ dàng, chấu 2 chân tròn phổ biến sử dụng được ở mọi nơi. • Adapter sạc hỗ trợ Power Delivery điều chỉnh được điện áp thích hợp với nhiều điện thoại, máy tính bảng, có các dòng sạc mạnh mẽ gồm 9V - 2.22A, 5V - 3A, 12V - 1.66A, tối đa công suất còn đạt tới 20 W. • Adapter sạc nhanh kết nối được với nhiều dây cáp sạc, thiết bị qua cổng USB Type-C thông dụng. Xem thêm"
cap-type-c-lightning-1m-apple-mm0a3-trang,Cáp Type C - Lightning 1m Apple MM0A3,"Cáp Type C - Lightning 1m Apple MM0A3 Trắng sở hữu thiết kế đơn giản, độ dài 1 m cùng khả năng sạc nhanh lên đến 87 W chính là sự lựa chọn tuyệt vời cho các iFans chân chính. Thiết kế tinh giản, chiều dài lý tưởng 1 m “Sang - xịn - mịn” là ba từ chính xác nhất để mình miêu tả vẻ ngoài của cáp Type C - Lightning 1 m Apple MM0A3. Không thể phủ nhận một điều rằng Apple rất chỉn chu trong từng sản phẩm ngay từ vỏ hộp cho đến sản phẩm bên trong. Cảm giác của mình khi đập hộp sợi dây cáp này phải gọi là đã, tổng thể của dây cáp được hoàn thiện tỉ mỉ với sắc màu trắng quen thuộc. Xem thêm"
cap-micro-1m-xmobile-dr-m02?utm_flashsale=1,Cáp Micro USB 1m Xmobile DR-M02,"Vẻ ngoài đơn giản, chiều dài 1 m tiện dụng Xmobile DR-M02 có kiểu dáng hiện đại, màu xám đẹp mắt, chuôi cắm bền chắc, hạn chế ăn mòn, biến dạng, dây nylon chịu lực kéo tốt cho bạn sử dụng cáp sạc thuận tiện, dài lâu, cất giữ dễ dàng. Xem thêm"
cap-type-c-lightning-1m-baseus-dura-cb000123,Cáp Type C - Lightning 1m Baseus Dura CB000123,"Cáp Type C - Lightning 1m Baseus Dura CB000123 là sự lựa chọn tối ưu dành cho những người tìm kiếm sự tiện lợi và hiệu quả trong quá trình sạc. • Được thiết kế với đầu vào USB Type-C và đầu ra Lightning, sản phẩm hỗ trợ tối đa công suất 20W, đảm bảo khả năng sạc nhanh, tiết kiệm thời gian mà vẫn giữ được sự ổn định. • Độ dài 1m của mẫu cáp sạc Type-C - Lightning này sẽ mang đến sự linh hoạt trong nhiều tình huống sử dụng, từ bàn làm việc đến không gian thư giãn. • Sự kết hợp giữa thiết kế nhỏ gọn và tính năng hiện đại giúp cáp sạc đáp ứng tốt nhu cầu của người dùng thiết bị Apple. Khả năng tương thích với cổng Lightning không chỉ giúp sạc pin nhanh chóng mà còn bảo vệ an toàn cho thiết bị, nhờ dòng điện đầu ra được kiểm soát chặt chẽ. Xem thêm"
cap-type-c-1m-baseus-cafule-catklf-bg1,Cáp Type C 1m Baseus Cafule CATKLF-B1,"Cáp Type C 1m Baseus Cafule CATKLF-B1 được xây dựng dựa trên ý tưởng về một sản phẩm vừa hiệu quả vừa bền bỉ. • Với đầu vào USB Type-A và đầu ra Type-C, cáp sạc được thiết kế để đáp ứng nhu cầu sạc các thiết bị hiện đại. Công suất tối đa 15W và dòng điện 5V - 3A giúp quá trình sạc diễn ra nhanh chóng mà vẫn đảm bảo độ an toàn cho thiết bị, tạo nên sự cân bằng giữa hiệu suất và tính ổn định. • Sợi cáp dài 1m mang đến sự linh hoạt cho người dùng trong các tình huống khác nhau, từ sạc tại văn phòng, trên xe hơi, đến không gian nhỏ gọn tại gia đình. • Thiết kế dây chắc chắn của cáp sạc 15W không chỉ đảm bảo độ bền mà còn giảm thiểu tình trạng gãy hoặc đứt ngầm, vốn thường gặp ở các sản phẩm cáp thông thường, mang lại sự an tâm trong suốt quá trình sử dụng. Xem thêm"
cap-3-dau-lightning-type-c-micro-1m-xmobile-dr002?utm_flashsale=1,Cáp 3 đầu Lightning Type C Micro 1m Xmobile DR002,"Thiết kế tinh tế, chắc chắn Cáp sạc Xmobile có vỏ dây chất liệu nylon chất lượng tốt, chống xoắn rối, tiện cuộn lại và mang theo bên mình khi đi ra ngoài. Với độ dài 1 m, cáp 3 đầu dễ dàng kết nối các thiết bị với nhau. Xem thêm"
cap-type-c-lightning-xmobile-lpdc-21?utm_flashsale=1,Cáp Type C - Lightning 1m Xmobile LPDC-21,"Ngoại hình thời thượng với gam màu xám lịch lãm, chế tác gọn nhẹ Cáp Type C - Lightning Xmobile LPDC-21 được sản xuất với chất liệu vỏ dây bện cho độ bền chắc cao, chuôi kim loại cứng cáp, hạn chế biến dạng khi sử dụng. Chiều dài cáp sạc 1 m phối ghép 2 thiết bị dễ dàng, không sợ căng dây, cuộn lại và di chuyển linh hoạt. Xem thêm"
adapter-sac-2-cong-usb-type-c-pd-qc-3-0-gan-pps-30w-xmobile-acl100-qp30?utm_flashsale=1,Sạc 2 cổng Xmobile ACL100-QP30,"Adapter Sạc 2 cổng USB Type C PD QC 3.0 GaN PPS 30W Xmobile ACL100-QP30 là một thiết bị tích hợp nhiều công nghệ sạc tiện lợi. Với công suất tối đa 30W khi sạc ở cổng Type C và 18W khi thông qua cổng USB, củ sạc này sẽ đáp ứng được nhu cầu sạc hàng ngày của người dùng. • Sở hữu công nghệ PPS (Programmable Power Supply), một công nghệ sạc thông minh, adapter sạc sẽ tự động điều chỉnh dòng điện và điện áp, tối ưu hóa tốc độ sạc mà không gây hại nhiều cho pin. • Được tích hợp cả công nghệ Power Delivery (PD) và Quick Charge 3.0, tốc độ sạc của adapter sạc Xmobile sẽ nhanh hơn so với các củ sạc không được hỗ trợ. Bởi cả hai tiêu chuẩn này đều được thiết kế để rút ngắn thời gian chờ, cho phép bạn nhanh chóng tiếp tục công việc hoặc giải trí. • Thiết kế nhỏ gọn của adapter sạc 30W này, cho phép người dùng dễ dàng bỏ vào túi xách hoặc balo, trở thành người bạn đồng hành lý tưởng trong các chuyến công tác hoặc du lịch. Xem thêm"
cap-type-c-lightning-1m-baseus-titanium-alloy-cb000135,Cáp Type C - Lightning 1m Baseus Titanium Alloy CB000135,Không có mô tả
adapter-sac-type-c-pd-45w-samsung-ep-t4511nb-den,Sạc Samsung EP-T4511,"Adapter Sạc Type C PD 45W Samsung EP-T4511NB với thiết kế nhỏ gọn, được làm từ vật liệu tái chế và tích hợp công nghệ sạc thông minh, chiếc adapter này hứa hẹn sẽ tối ưu hóa trải nghiệm sạc của bạn, đồng thời góp phần giảm thiểu tác động tiêu cực đến môi trường. • Một trong những điểm nổi bật nhất của  adapter sạc Samsung này chính là lớp vỏ được làm từ vật liệu tái chế, góp phần giảm thiểu rác thải nhựa và bảo vệ môi trường sống. Với kích thước nhỏ gọn, bộ sạc này dễ dàng mang theo mọi lúc mọi nơi, từ văn phòng đến những chuyến đi du lịch. • Với khả năng sạc nhanh Power Delivery lên đến 45W, adapter này là giải pháp lý tưởng để nạp đầy pin cho các thiết bị di động cao cấp như Samsung Galaxy S23 Ultra, S22 Ultra, Note 20 Ultra,... Đặc biệt, công nghệ IC thông minh tích hợp còn giúp giảm đáng kể lượng điện năng tiêu thụ ở chế độ chờ, mang lại hiệu quả sử dụng năng lượng tối ưu. Xem thêm"
cap-type-c-type-c-1m-apple-mqkj3,Cáp Type C - Type C 1m Apple MQKJ3,"Cáp Type C - Type C 1m Apple MQKJ3 hứa hẹn sẽ là 1 món phụ kiện cần thiết dành cho các dòng sản phẩm Apple có cổng sạc Type C, thiết kế nhỏ gọn, gam màu trang nhã, tiện lợi mang theo bất cứ đâu. • Chiều dài cáp 1 m, vừa đủ để sạc thiết bị với nguồn cắm điện đồng thời dễ dàng cuộn gọn gàng để mang theo, vỏ ngoài vỏ dù bện chặt bền bỉ bảo vệ dây dẫn bên trong. • Người dùng yên tâm không lo ngại vướng víu hay chiếm diện tích khi bỏ vào balo. • Là sản phẩm chính hãng của Apple, đảm bảo an toàn dành cho các thiết bị của hãng, bảo vệ tối ưu trong quá trình sử dụng. • Người dùng có thể sử dụng cáp sạc Apple để truyền tải hay đồng bộ các dữ liệu, thông tin từ điện thoại sang laptop hay ngược lại thông qua cổng Type C thông dụng. Xem thêm"
cap-lightning-1m-ava-jxl-08?utm_flashsale=1,Cáp Lightning 1m AVA+ JXL-08,"Cáp Lightning 1m AVA+ JXL-08 sở hữu kích thước nhỏ gọn, gam màu thanh lịch, cung cấp năng lượng cho điện thoại, máy tính bảng,... vô cùng tiện lợi, đem đến trải nghiệm sử dụng tuyệt vời cho người dùng. • Cáp sạc có thiết kế gọn nhẹ, cùng gam màu trang nhã, dễ dàng kết hợp với các adapter hoặc sạc dự phòng nhờ đầu vào USB thông dụng. • Được làm từ chất liệu cao cấp, bền bỉ, không gây hại cho thiết bị và người sử dụng. • Cáp có đầu ra Lightning, hỗ trợ nạp pin ổn định cho nhiều thiết bị như: điện thoại, máy tính bảng,... • Cáp sạc AVA+ có công suất tối đa 12 W, đảm bảo sạc pin an toàn và hiệu quả. • Chiều dài dây 1 m, vừa đủ dùng, dễ dàng cuộn gọn dây để bỏ vào balo, túi xách mang theo đi học, đi làm cực tiện lợi. Xem thêm"
cap-type-c-lightning-1m-baseus-glimmer-cb000022,Cáp Type C - Lightning 1m Baseus Glimmer CB000022,"Cáp Type C - Lightning 1m Baseus Glimmer CB000022 sở hữu thiết kế trẻ trung, chất liệu bền bỉ, gam màu năng động, hỗ trợ sạc pin nhanh chóng và tối ưu, hứa hẹn mang đến cho bạn những trải nghiệm tốt nhất. • Chiều dài cáp sạc 1 m giúp người dùng dễ dàng mang theo bất cứ đâu hay đặt trên bàn học, bàn làm việc,… mà không chiếm nhiều diện tích. • Chất liệu cáp sạc cao cấp, hạn chế xoắn rối hay nứt gãy trong quá trình sử dụng. • Công suất sạc 20 W cung cấp năng lượng cho thiết bị đầy nhanh để bạn có thêm nhiều thời gian tận hưởng các sở thích hằng ngày. • Cáp sạc Baseus trang bị đầu vào Type C, có thể tương thích với nhiều thiết bị cung cấp nguồn điện phổ biến như sạc dự phòng, laptop, adapter sạc,... Xem thêm"
cap-type-c-type-c-1m-ava-ds106?utm_flashsale=1,Cáp Type C - Type C 1m AVA+ DS106,"Cáp Type C - Type C 1m AVA+ DS106 có thiết kế nhỏ gọn, chất liệu bền bỉ, tốc độ sạc nhanh 60 W, tương thích với nhiều thiết bị. Đây sẽ là món phụ kiện cần thiết, tiện lợi và an toàn cho việc sạc pin hàng ngày. • Cáp sạc có thiết kế đơn giản và tinh tế, màu trắng sang trọng, dễ dàng kết hợp với các thiết bị khác. • Chất liệu bền bỉ và an toàn, cung cấp dòng sạc ổn định. • Tốc độ sạc nhanh và hiệu quả, hỗ trợ công suất tối đa 60 W và đầu ra Type C, cho phép sạc đầy pin nhanh chóng, tiết kiệm thời gian hiệu quả. • Cáp Type C có chiều dài dây 1 m vừa phải, tiện lợi cho việc sử dụng, dễ dàng cất gọn và mang theo bên mình. Xem thêm"
cap-lightning-ava-dr-l04?utm_flashsale=1,Cáp Lightning 1m AVA+ DR-L04,"Vẻ ngoài nổi bật với gam màu xanh Navy Cáp Lightning AVA+ DR-L04 có dây dẫn thuần sắc trẻ trung, thời trang, chiều dài dây đến 1 m, kết nối thiết bị nằm cách xa ổ điện thuận tiện. Xem thêm"
adapter-sac-type-c-pd-gan5s-30w-baseus-ccgan30s5-s,Sạc Baseus CCGAN30S5-S,"Adapter Sạc Type C PD GaN5S 30W Baseus CCGAN30S5-S sở hữu thiết kế nhỏ gọn, cùng tính năng sạc nhanh PD 30 W, kết hợp công nghệ GaN5S tiên tiến để tối ưu hóa hiệu suất và độ bền, đem đến trải nghiệm tối ưu cho người dùng. • Adapter sạc Baseus có kích thước nhỏ gọn, khối lượng nhẹ, dễ dàng bỏ vào balo và túi xách, tiện lợi mang theo khi đi du lịch hay công tác. • Lớp vỏ được làm từ chất liệu cao cấp, giúp bảo vệ linh kiện bên trong an toàn, hạn chế hỏng hóc do va đập, rơi rớt. • Với cổng ra Type C cùng công suất sạc nhanh lên đến 30 W, có thể nạp pin nhanh cho nhiều loại thiết bị như điện thoại, máy tính bảng, tai nghe,... Xem thêm"
cap-lightning-1m-baseus-glimmer-cb000023,Cáp Lightning 1m Baseus Glimmer CB000023,"Cáp Lightning 1m Baseus Glimmer CB000023 mang kiểu dáng thiết kế trang nhã, độ dài dây vừa vặn sử dụng, cho phép sạc và truyền dữ liệu ổn định, có thể cuộn gọn mang theo bất cứ đâu mà không chiếm nhiều diện tích, hứa hẹn mang đến cho bạn những trải nghiệm tối ưu. • Về phần thiết kế của dây cáp sạc cũng không quá cầu kỳ, kiểu dáng thông dụng, phù hợp với mọi đối tượng. • Cáp sạc dài 1 m cho phép bạn đặt thiết bị sạc ở một khoảng cách vừa so với ổ điện. • Ngoài ra, cáp sạc còn giúp bạn truyền tải dữ liệu nhanh chóng với tốc độ 480 Mbps giữa 2 thiết bị một cách dễ dàng mà không cần kết nối mạng. Xem thêm"
cap-type-c-20cm-ava-ds06cb-tb?utm_flashsale=1,Cáp Type C 0.2m AVA+ DS06C,"Vẻ ngoài đơn giản mà thời trang với 2 màu cơ bản là đen và trắng, kiểu dáng gọn nhẹ Chất liệu vỏ cáp sạc được làm từ nhựa tốt, bền bỉ, hạn chế được tình trạng đứt gãy, bảo vệ linh kiện bên trong hiệu quả. Độ dài chỉ 0.2 m nên rất tiện cuộn lại và cất trong túi đeo chéo, balo mang đi đến công sở, trường học, khách sạn,... Xem thêm"
cap-lightning-1m-xmobile-l2320?utm_flashsale=1,Cáp Lightning 1m Xmobile L2320,"Cáp Lightning 1m Xmobile L2320 là một sản phẩm kết nối tinh gọn, được thiết kế để cân bằng giữa hiệu suất và độ bền. • Mẫu cáp sạc này hỗ trợ đầu vào USB Type-A và đầu ra Lightning, đảm bảo cung cấp nguồn điện ổn định ở mức tối đa 12W. • Chiều dài 1m của cáp sạc Lightning đem lại độ dài vừa đủ để sử dụng thuận tiện, tránh rườm rà trong các không gian làm việc hay di chuyển hàng ngày. • Cáp sạc Xmobile này được thiết kế dành cho các thiết bị Apple, cung cấp dòng điện 5V - 2.4A, đáp ứng nhu cầu sạc ổn định và an toàn, phù hợp với những ai cần một chiếc cáp ổn định để sử dụng trong công việc và đời sống hàng ngày. Xem thêm"
cap-micro-1m-ava-jxl-17?utm_flashsale=1,Cáp Micro USB 1m AVA+ JXL-17,"Cáp Micro 1m AVA+ JXL-17 là lựa chọn lý tưởng cho những ai đang tìm kiếm giải pháp sạc và kết nối bền bỉ, hiệu suất cao và an toàn. Với thiết kế nhỏ gọn và khả năng sạc ấn tượng, sản phẩm này chắc chắn sẽ đáp ứng mọi nhu cầu của bạn. • Cáp Micro này có chiều dài 1 m, mang đến sự tiện lợi khi sử dụng ở bất kỳ đâu, từ nhà riêng, văn phòng đến xe hơi. • Điểm nổi bật của cáp sạc AVA+ chính là khả năng sạc với hiệu suất lên tới 10.5 W. Với hiệu suất này, bạn có thể sạc đầy pin cho các thiết bị của mình một cách nhanh chóng và hiệu quả. • Sản phẩm đảm bảo chất lượng vượt trội, giúp bạn truyền tải dữ liệu một cách nhanh chóng và ổn định. Xem thêm"
cap-type-c-type-c-1m-100w-baseus-dura-cb000121,Cáp Type C - Type C 1m 100W Baseus Dura CB000121,"Cáp Type C - Type C 1m 100W Baseus Dura CB000121 được thiết kế để đáp ứng nhu cầu sạc nhanh và hiệu quả, là lựa chọn đáng cân nhắc cho những người sử dụng các thiết bị công nghệ hiện đại. • Với công suất đầu ra lên đến 100W, cáp sạc này cho phép sạc nhanh, giảm thiểu thời gian chờ đợi, đồng thời tương thích với nhiều dòng thiết bị từ điện thoại, máy tính bảng đến laptop. • Cáp sạc Baseus được thiết kế với chiều dài tiêu chuẩn 1m, mang lại sự linh hoạt và tiện dụng trong nhiều tình huống, từ làm việc tại bàn đến di chuyển trong không gian hẹp. • Đầu cắm USB Type-C cả hai đầu của cáp sạc trên 60W này đảm bảo khả năng kết nối dễ dàng và ổn định với các thiết bị hiện đại, giữ vững độ bền trong quá trình sử dụng lâu dài. Xem thêm"
cap-type-c-type-c-1m-baseus-glimmer-cb000025,Cáp Type C - Type C 1m Baseus Glimmer CB000025,"Cáp Type C - Type C 1m Baseus Glimmer CB000025 với diện mạo nhỏ gọn, kích thước dài 1 m tiện lợi, hỗ trợ người dùng sạc pin cho các thiết bị điện tử và truyền tải dữ liệu nhanh chóng, mang đến những trải nghiệm tối ưu cho người dùng. • Chiều dài dây cáp sạc 1 m, giúp bạn sạc thiết bị ở khoảng cách vừa phải với nguồn điện. • Công suất sạc lên đến 100 W cho phép bạn nạp năng lượng cho các thiết bị điện tử nhanh chóng, rút ngắn thời gian chờ đợi. • Khi kết hợp với adapter phù hợp thì bạn có thể cung cấp pin cho các thiết bị như: điện thoại, máy tính bảng, laptop,... Hay kể cả là với iPhone 15, iPhone 15 Plus, iPhone 15 Pro, iPhone 15 Pro Max. Xem thêm"
cap-3-dau-type-c-type-c-lightning-micro-1-2m-xmobile-ltto-12,Cáp 3 đầu Type C - Type C Lightning Micro 1.2m Xmobile LTTO-12,"Cáp 3 đầu Type C - Type C Lightning Micro 1.2m Xmobile LTTO-12 sẽ khiến bạn bất ngờ với thiết kế độc đáo 3 trong 1. Thay vì phải mang theo nhiều loại cáp khác nhau, giờ đây bạn chỉ cần một sợi cáp duy nhất để đáp ứng mọi nhu cầu sạc và truyền dữ liệu của mình. • Chất liệu cao cấp giúp cáp bền bỉ, hạn chế tình trạng đứt gãy trong quá trình sử dụng. Cáp sạc có thể dễ dàng cuộn gọn, bỏ túi, mang theo bên mình mọi lúc mọi nơi. Chiều dài 1.2m vừa đủ để bạn sử dụng linh hoạt mà không lo vướng víu. • Với dây cáp 3 trong 1 gồm: Type C, Lightning và Micro bạn không cần phải loay hoay tìm kiếm nhiều loại cáp sạc khác nhau nữa. Chỉ một sợi cáp duy nhất là đủ để sạc pin cho mọi thiết bị trong gia đình từ điện thoại đến laptop. Xem thêm"
adapter-sac-type-c-pd-20w-anker-powerport-iii-cube-a2149,Sạc Anker PowerPort III Cube A2149,"Adapter Sạc Type C PD 20W Anker PowerPort III Cube A2149 là một sản phẩm tiên tiến từ thương hiệu Anker, một trong những tên tuổi hàng đầu trong lĩnh vực phụ kiện điện tử. Với thiết kế nhỏ gọn, hiệu năng mạnh mẽ và khả năng tương thích cao, PowerPort III Cube A2149 hứa hẹn sẽ là lựa chọn hoàn hảo cho nhu cầu sạc nhanh. • Adapter sạc có thiết kế hình khối vuông, nhỏ gọn, dễ dàng mang theo trong túi xách, thậm chí là trong túi áo. Kích thước nhỏ nhưng vẫn đảm bảo độ bền và chắc chắn, giúp bạn có thể sử dụng sản phẩm lâu dài. Chấu sạc có thể gấp gọn tiện lợi. • Với công nghệ Power Delivery, adapter sạc Anker cho phép sạc nhanh các thiết bị của bạn chỉ trong thời gian ngắn. Giúp bạn tiết kiệm thời gian và đảm bảo thiết bị luôn sẵn sàng hoạt động. Xem thêm"
cap-type-c-2m-ava-ds08c?utm_flashsale=1,Cáp Type C 2m AVA+ DS08C,"AVA+ DS08C thiết kế quen thuộc, dây cáp dài đến 2 m Kiểu dáng cáp sạc thông thường cho bạn dễ dàng làm quen, thao tác khi truyền dữ liệu, sạc pin cho các thiết bị yêu thích của mình. Xem thêm"
adapter-sac-2-cong-type-c-pd-qc-3-0-20w-baseus-cube-ccxfk20ue,Sạc 2 cổng Baseus Cube CCXFK20UE,"Adapter Sạc 2 cổng Type C PD QC 3.0 20W Baseus Cube CCXFK20UE sở hữu kiểu dáng hiện đại, gam màu thanh lịch, trang bị 2 cổng sạc với công suất sạc nhanh lên đến 20 W, chắc hẳn đây sẽ là món phụ kiện không thể thiếu hỗ trợ nạp pin cho 2 thiết bị cùng lúc. • Adapter sạc sở hữu thiết kế sang trọng, hiện đại, vỏ ngoài cứng cáp giúp bảo vệ tốt linh kiện bên trong. • Adapter có 2 cổng sạc Type C và USB tiện lợi với công suất tối đa lên đến 20 W. • Khi sử dụng 2 cổng sạc cùng lúc tổng công suất sạc sẽ là 15 W, giúp nạp pin nhanh chóng cho 2 thiết bị. • Trang bị công nghệ Power Delivery và QC 3.0 phù hợp để sạc pin an toàn cho các thiết bị như: điện thoại, máy tính bảng, tai nghe,... Xem thêm"
cap-lightning-1m-baseus-cafule-calklf-bg1,Cáp Lightning 1m Baseus Cafule CALKLF-BG1,"Cáp Lightning 1m Baseus Cafule CALKLF-BG1 mang đến giải pháp sạc hiệu quả trong một thiết kế bền bỉ và tiện dụng. • Sở hữu chiều dài 1 mét, cáp sạc 12W được thiết kế phù hợp cho nhiều tình huống sử dụng, từ sạc tại bàn làm việc đến kết nối với các thiết bị ở khoảng cách gần. • Đầu cáp USB Type-A và Lightning tương thích với nhiều thiết bị Apple, giúp người dùng dễ dàng sử dụng mà không cần thay đổi phụ kiện. • Được thiết kế để hỗ trợ sạc nhanh, cáp sạc Baseus cung cấp dòng điện đầu ra tối đa 5V - 2.4A, đạt công suất lên đến 12W, giúp tiết kiệm thời gian sạc và đảm bảo hiệu suất ổn định cho các thiết bị di động. • Ngoài ra, hãng còn tập trung vào độ bền và sự an toàn trong từng chi tiết của cáp sạc này. Vật liệu chế tạo chất lượng cùng các lớp bảo vệ bổ sung giúp dây cáp chịu được áp lực uốn cong theo thời gian, giảm thiểu rủi ro hỏng hóc khi sử dụng hàng ngày. Xem thêm"
cap-type-c-1m-ava-cs-cl086?utm_flashsale=1,Cáp Type C 1m AVA+ CS-CL086,"Cáp Type C 1m AVA+ CS-CL086 sở hữu thiết kế hiện đại, chiều dài dây 1 m thông dụng, chất liệu bền bỉ, cổng sạc Type C cùng công suất sạc lên đến 18 W hỗ trợ nạp pin nhanh chóng cho nhiều thiết bị. • Cáp sạc có thiết kế đẹp mắt, màu sắc thanh lịch, chất liệu dây bền bỉ, hạn chế đứt gãy hiệu quả. • Chiều dài tiêu chuẩn 1 m đáp ứng nhu cầu sử dụng, dễ dàng mang theo mọi lúc mọi nơi mà không chiếm quá nhiều diện tích. • Cáp sạc nhanh có đầu ra Type C tương thích với nhiều thiết bị máy tính bảng, điện thoại, tai nghe,... • Cáp sạc AVA+ có công suất sạc lên đến 18 W không chỉ giúp nạp pin nhanh chóng mà còn tiết kiệm thời gian hiệu quả. Xem thêm"
adapter-sac-2-cong-type-c-pd-qc-3-0-20w-xmobile-ds255a?utm_flashsale=1,Sạc 2 cổng Xmobile DS255A,"Adapter Sạc 2 cổng Type C PD QC 3.0 20W Xmobile DS255A sở hữu kiểu dáng đẹp mắt, gam màu thanh lịch, tương thích đa dạng với các thiết bị điện tử hiện nay, đem đến cho bạn những trải nghiệm hoàn hảo nhất. • Adapter sạc có thiết kế nhỏ gọn và đẹp mắt, màu trắng tinh khôi, phù hợp với nhiều loại thiết bị khác nhau. • Vỏ ngoài của adapter được làm từ nhựa cứng cáp, giúp bảo vệ tốt linh kiện bên trong. • Trang bị 2 cổng ra, Type C và USB A, cho phép sạc đồng thời 2 thiết bị khác nhau. • Adapter sạc nhanh hỗ trợ Power delivery và QC 3.0 giúp điều chỉnh dòng điện phù hợp với từng thiết bị, bảo vệ quá dòng, quá áp, quá nhiệt, đảm bảo an toàn cho thiết bị và người dùng. Xem thêm"
cap-type-c-lightning-mfi-0-9m-anker-322-a81b5,Cáp Type C - Lightning MFI 0.9m Anker 322 A81B5,"Cáp Type C - Lightning MFI 0.9m Anker 322 A81B5 sở hữu ngoại hình thời thượng, chiều dài vừa phải, chất liệu cáp sạc bền bỉ, cung cấp năng lượng nhanh chóng, mang đến cho bạn những trải nghiệm tốt nhất trong quá trình sử dụng. • Thiết kế cáp sạc thanh lịch, chế tác gọn nhẹ, kích thước 0.9 m dễ quấn lại và bỏ vào balo hay túi xách mang theo bất cứ đâu mà không chiếm nhiều diện tích. • Chất liệu vỏ sạc được làm từ sợi Nylon dệt kép có độ bền cao, bảo vệ tối ưu cho cáp sạc. • Cáp sạc Anker đạt chứng nhận MFI của Apple đảm bảo chất lượng và độ an toàn. • Cáp sạc trang bị đầu ra Lightning thông dụng, tương thích với các thiết bị hỗ trợ cổng sạc lightning như iPhone và iPad. Xem thêm"
adapter-sac-2-cong-type-c-pd-qc-3-0-20w-baseus-palm-cczc20us,Sạc 2 cổng Baseus Palm CCZC20US,"Adapter sạc 2 cổng Type C PD QC 3.0 20W Baseus Palm CCZC20US, đến từ nhà Baseus là một lựa chọn đáng cân nhắc cho những ai tìm kiếm một củ sạc 2 cổng vừa tiện lợi, vừa đảm bảo về chất lượng. • Với thiết kế nhỏ gọn và tối giản, adapter sạc dễ dàng nằm gọn trong lòng bàn tay, túi xách hay balo, đồng hành cùng bạn qua mọi chuyến đi. • Sự kết hợp của hai cổng sạc – Type C và USB-A – mang lại tính linh hoạt cao, cho phép người dùng sạc đồng thời hai thiết bị. • Công nghệ PD và QC 3.0 được tích hợp trong adapter sạc 2 cổng này còn hỗ trợ công suất sạc tối đa 20W, giúp tăng tốc thời gian nạp pin mà vẫn đảm bảo an toàn cho thiết bị. • Tính tương thích đa dạng là một điểm sáng của . Sản phẩm tương thích với nhiều dòng thiết bị, từ iPhone, iPad đến Samsung, Google Pixel và thậm chí là các phụ kiện như tai nghe không dây. Xem thêm"
adapter-sac-type-c-pd-gan5s-20w-baseus-ccgan20s5-s,Adapter Sạc Type C PD 3.0 GaN5S 20W Baseus CCGAN20S5-S,"Adapter Sạc Type C PD 3.0 GaN5S 20W Baseus CCGAN20S5-S là một giải pháp sạc nhanh chóng và an toàn, được thiết kế để đáp ứng nhu cầu của cuộc sống hiện đại. Với công nghệ tiên tiến và kiểu dáng nhỏ gọn, sản phẩm này hứa hẹn mang đến trải nghiệm sạc tiện lợi cho mọi thiết bị của bạn. Thiết kế nhỏ gọn tinh tế Với thiết kế hình vuông nhỏ gọn, adapter sạc 20W có kích thước chỉ 3.1 cm x 3.1 cm x 4.7 cm, dễ dàng bỏ túi mang theo bất cứ đâu. Thiết kế này không chỉ giúp tiết kiệm không gian mà còn tạo vẻ ngoài hiện đại và tinh tế. Xem thêm"
bo-adapter-sac-kem-cap-type-c-type-c-pd-25w-samsung-ep-t2510xw,Bộ Adapter sạc kèm cáp Type C - Type C Samsung EP-T2510XW,"Bộ Adapter sạc kèm cáp Type C - Type C PD 25W Samsung EP-T2510XW sở hữu thiết kế nhỏ gọn, chất liệu bền bỉ cùng chuẩn sạc nhanh Power Delivery 25W, đi kèm cáp Type C tiện lợi, đảm bảo đây sẽ là món phụ kiện khiến bạn hài lòng khi sử dụng. • Sở hữu kiểu dáng thanh lịch, với gam màu tinh tế, phù hợp sử dụng cho cả nam và nữ. • Lớp vỏ ngoài của adapter sạc cứng cáp, giúp bảo vệ tốt linh kiện bên trong, yên tâm sử dụng lâu dài. • Công nghệ GaN giúp tối ưu kích thước bộ sạc đem đến diện mạo nhỏ gọn, dễ dàng bỏ vừa vào ngăn nhỏ của balo, túi xách để mang theo ra ngoài. • Adapter sạc Samsung tích hợp công nghệ sạc nhanh Power Delivery, cho khả năng sạc pin ổn định, nhanh chóng với công suất tối đa 25 W, sạc được cho nhiều thiết bị như , máy tính bảng,... Xem thêm"
adapter-sac-type-c-pd-20w-baseus-palm-cczc20cs,Sạc Baseus Palm CCZC20CS,"Adapter sạc Type C PD 20W Baseus Palm CCZC20CS mang lại giải pháp sạc gọn nhẹ, hiệu quả cho các thiết bị di động. Với thiết kế nhỏ nhắn chỉ 3.1 x 3.1 x 5.1 cm, thiết bị dễ dàng nằm gọn trong túi xách, balo hay thậm chí là túi áo. • Điểm nhấn công nghệ Power Delivery 3.0 cho phép adapter sạc cung cấp dòng sạc tối đa 20W, tối ưu thời gian sạc cho các thiết bị từ điện thoại thông minh đến máy tính bảng. • Đầu ra Type-C của adapter sạc Baseus được thiết kế tương thích với nhiều mức điện áp, từ 5V đến 12V, phù hợp với đa dạng thiết bị điện tử. • Adapter sạc 20W cũng được chế tạo từ vật liệu bền bỉ, giúp adapter duy trì hiệu suất ổn định và nâng cao tính an toàn cho sản phẩm. Kích thước nhỏ của adapter sạc còn tăng tính tiện dụng khi phải di chuyển thường xuyên hoặc sử dụng trong không gian nhỏ. Xem thêm"
cap-type-c-lightning-2m-baseus-dura-cb000123,Cáp Type C - Lightning 2m Baseus Dura CB000123,"Cáp Type C - Lightning 2m Baseus Dura CB000123 mang đến sự cân bằng giữa tính thẩm mỹ và hiệu năng. • Với chiều dài 2m, cáp sạc Type-C - Lightning này không chỉ đảm bảo sự linh hoạt khi sử dụng mà còn tạo nên sự thoải mái trong các tình huống kết nối xa. • Được thiết kế bởi thương hiệu Baseus, cáp sạc sở hữu vẻ ngoài hiện đại cùng chất liệu chắc chắn, hướng tới độ bền và tuổi thọ cao, tối đa hóa sự tiện lợi trong các tác vụ hàng ngày. • Khả năng hỗ trợ sạc nhanh lên đến 20W chính là điểm nhấn của cáp sạc Baseus. Đầu ra Lightning cho phép tương thích với nhiều thiết bị Apple, từ iPhone đến iPad, mang đến trải nghiệm sạc nhanh và ổn định. • Kết hợp với đầu vào USB Type-C, cáp dễ dàng sử dụng với các bộ sạc Type-C hiện đại, đảm bảo tính tương thích cao trong hệ sinh thái thiết bị hiện nay. Xem thêm"
cap-lightning-2m-ava-kalf-trang?utm_flashsale=1,Cáp Lightning 2m AVA+ Kalf,"Sử dụng được trong nhiều hoàn cảnh với thiết kế gọn nhẹ, dây dài 2 m Độ dài lý tưởng giúp kết nối các thiết bị ở vị trí cách xa nhau dễ dàng, không cần lo lắng đến vấn đề thiếu dây, căng dây. Chất liệu cáp sạc là nhựa bền bỉ, bảo vệ lõi cáp và kéo dài tuổi thọ cho sản phẩm. Sắc màu trắng thuần khiết, phù hợp sở thích cho cả phái mạnh và phái đẹp. Xem thêm"
cap-type-c-1m-ava-dr-t02?utm_flashsale=1,Cáp Type C 1m AVA+ DR-T02,"Gọn nhẹ, chiều dài dây cáp đến 1 m Cáp Type C AVA+ DR-T02 được làm đơn giản, màu đen lịch lãm đồng nhất từ dây cáp đến chuôi cắm, dây dày dặn, bao bọc kín, bảo vệ tốt linh kiện bên dưới. Chất liệu mềm, thao tác quấn lại nhẹ nhàng, rất linh hoạt khi cất giữ và mang đi. Xem thêm"
cap-type-c-type-c-1m-baseus-titanium-alloy-cb000136,Cáp Type C - Type C 1m Baseus Titanium Alloy CB000136,Không có mô tả
bo-adapter-sac-67w-kem-cap-type-c-1m-xiaomi-hypercharge-trang,Sạc kèm cáp Type C Xiaomi HyperCharge,"Bộ Adapter Sạc 67W kèm cáp Type C 1m Xiaomi HyperCharge là một giải pháp sạc nhanh cho các thiết bị di động và là một sản phẩm sạc an toàn cho cả người dùng và thiết bị. • Với công suất 67W, adapter sạc này có thể rút ngắn đáng kể thời gian sạc pin cho các thiết bị tương thích, như điện thoại, máy tính bảng hoặc các sản phẩm tương thích khác. • Adapter sạc Xiaomi có kích thước tương đối nhỏ gọn với chiều dài 4.93 cm, chiều ngang 2.8 cm và chiều cao 9.3 cm, thuận tiện cho việc mang theo. • Về thông số kỹ thuật, adapter sạc 67W có điện áp đầu vào rộng (100-240V) giúp người dùng yên tâm sử dụng khi đi du lịch hoặc công tác ở nước ngoài, bởi độ tương thích cao. • Sản phẩm cũng được tích hợp công nghệ Power Delivery (PD), một chuẩn sạc nhanh cho phép thiết bị và bộ sạc giao tiếp để điều chỉnh điện áp và dòng điện phù hợp, tối ưu hóa quá trình sạc và bảo vệ pin. Xem thêm"
cap-lightning-xmobile-ljet-l11?utm_flashsale=1,Cáp Lightning 0.2m Xmobile LJET-L11,"Vẻ ngoài đơn giản, màu xám thanh lịch Cáp Lightning Xmobile LJET-L11 xám có độ dài 0.2 m, cực gọn nhẹ, cất giữ trong túi xách, balo không chiếm diện tích, hỗ trợ bạn sạc pin, truyền dữ liệu tiện lợi khi cần. Dây dẫn được bện dẻo dai, cho khả năng chịu lực tốt, đầu cáp gập được nhiều lần, không sợ đứt gãy. Xem thêm"
cap-type-c-type-c-1m-baseus-coolplay-cb000047,Cáp Type C - Type C 1m Baseus CoolPlay CB000047,"Cáp Type C - Type C 1m Baseus CoolPlay CB000047 là cáp sạc nhanh 100 W với đầu cáp cứng cáp và mạnh mẽ, dây cáp được bao phủ bằng chất liệu bền bỉ, chắc chắn. • Diện mạo cáp sạc chỉn chu với vỏ ngoài được sản xuất bằng vật liệu chất lượng cao và bền bỉ, khả năng uốn cong cao, giúp tăng độ bền cho cáp. • Kích thước 1 m cho phép bạn có không gian để sạc và sử dụng các thiết bị một cách thoải mái. • Trang bị chip E - Marker giúp cáp sạc kiểm soát được dòng điện, điện áp trong quá trình sử dụng. • Công suất sạc nhanh của cáp sạc Baseus lên đến 100 W với cổng sạc Type C cho phép bạn có thể sạc được các thiết bị như: Điện thoại, máy tính bảng, laptop,... Xem thêm"
adapter-sac-type-c-iq3-30w-anker-zolo-a2698,Sạc Anker Zolo A2698,"Trong cuộc sống hiện đại, việc sở hữu một chiếc adapter sạc chất lượng là vô cùng quan trọng. Adapter Sạc Type C IQ3 GaN 30W Anker Zolo A2698 nổi bật với công nghệ sạc tiên tiến, thiết kế nhỏ gọn và khả năng tương thích rộng rãi, hứa hẹn sẽ là người bạn đồng hành lý tưởng cho mọi thiết bị của bạn. Thiết kế tinh tế đến từng đường nét Ấn tượng đầu tiên về Anker Zolo A2698 là thiết kế hình trụ nhỏ gọn, tối ưu hóa không gian và dễ dàng mang theo bên mình. Với kích thước chỉ 3.2 cm - 3.15 cm - 3.6 cm, sản phẩm này không chiếm nhiều diện tích trong túi xách hay balo của bạn. Xem thêm"
cap-type-c-type-c-2m-ava-lcb-18?utm_flashsale=1,Cáp Type C - Type C 2m AVA+ LCB-18,"Cáp Type C - Type C 2m AVA+ LCB-18 sẽ là giải pháp hoàn hảo cho ai đang tìm mua một cáp sạc an toàn, giá thành hợp lý. Với thiết kế tối giản nhưng không kém phần sang trọng, cùng khả năng sạc nhanh vượt trội, sản phẩm sẽ giúp bạn tiết kiệm thời gian và tận hưởng cuộc sống số một cách trọn vẹn. • Cáp sạc màu trắng cùng với thiết kế đơn giản nhưng không kém phần tinh tế. Chiều dài 2m lý tưởng, cho phép bạn thoải mái vừa sạc vừa sử dụng điện thoại ở nhiều vị trí khác nhau mà không lo bị vướng víu. • Với cổng Type C, bạn không chỉ sạc điện thoại mà còn có thể sạc cho nhiều thiết bị khác như máy tính bảng, laptop,... nhờ khả năng tương thích rộng rãi. Cho dù bạn đang sử dụng thiết bị nào, chỉ cần có cổng Type C là bạn đã có thể tận hưởng tốc độ sạc nhanh chóng và ổn định. Xem thêm"
adapter-sac-type-c-iq3-20w-anker-zolo-a2699,Sạc Anker Zolo A2699,"Adapter sạc Type C IQ3 GaN 20W Anker Zolo A2699 là một thiết bị nhỏ gọn, tiện lợi với kích thước dài 3.6 cm, ngang 3.2 cm và cao 5 cm, giúp người dùng dễ dàng mang theo trong các chuyến đi hoặc sử dụng hàng ngày mà không bị cồng kềnh hay chiếm diện tích. • Thiết bị hỗ trợ đầu vào từ 100-240V~50/60Hz, 0.6A, đáp ứng tiêu chuẩn điện áp ở nhiều khu vực khác nhau, đảm bảo tính linh hoạt khi sử dụng. • Đầu ra cổng Type C của adapter sạc cung cấp các mức điện áp và dòng điện khác nhau như 5V - 3A, 9V - 2.22A và 12V - 1.66A, tối đa 20W, dễ dàng tương thích với các điện thoại Android và các phụ kiện như tai nghe không dây, loa bluetooth,.. • Adapter sạc 20W còn được tích hợp công nghệ GaN, hỗ trợ tác vụ nạp điện hoạt động hiệu quả hơn trong khi vẫn duy trì được kích thước nhỏ gọn và hạn chế tỏa nhiệt, cho phép duy trì độ ổn định của nguồn sạc, đặc biệt khi sử dụng ở công suất cao. Xem thêm"
cap-lightning-1m-baseus-discolor-cb000104,Cáp Lightning 1m Baseus Discolor CB000104,Không có mô tả
bo-adapter-sac-type-c-pd-30w-kem-cap-type-c-type-c-1m-baseus-palm-cczc30cs,Sạc Baseus Palm kèm Cáp Type C - Type C CCZC30CS,"Bộ Adapter Sạc Type C PD 30W kèm Cáp Type C - Type C 1m Baseus Palm CCZC30CS là một phụ kiện sạc hiệu quả cho điện thoại và các sản phẩm điện tử tương thích khác. • Với thiết kế nhỏ gọn, adapter sạc Baseus này dễ dàng theo chân bạn trong các chuyến đi xa hoặc gọn gàng trên bàn làm việc, mang lại sự tiện lợi tối đa mà không chiếm nhiều không gian trên ổ cắm. • Sản phẩm nổi bật với công nghệ Power Delivery (PD) 30W, cung cấp dòng điện sạc nhanh cho các thiết bị hỗ trợ. Từ iPhone, iPad cho đến các thiết bị Android. Đi kèm theo adapter sạc là cáp Type-C - Type-C dài 1m, giúp tăng tính linh hoạt trong quá trình sử dụng. • Adapter sạc 30W cũng được tích hợp các lớp chống quá dòng, quá áp và quá nhiệt, đảm bảo không chỉ thiết bị của bạn mà cả chính người dùng đều được bảo vệ một cách tối ưu trong nhiều tình huống. Xem thêm"
cap-type-c-type-c-1m-baseus-display-2-cb000156,Cáp Type C - Type C 1m Baseus Display 2 CB000156,Không có mô tả
cap-3-dau-lightning-type-c-micro-1-2m-baseus-starspeed-cb000030,Cáp 3 đầu Lightning Type C Micro 1.2m Baseus StarSpeed CB000030,"Cáp 3 đầu Lightning Type C Micro 1.2m Baseus StarSpeed CB000030 sở hữu gam màu đẹp mắt, kiểu dáng trang nhã, tích hợp 3 cổng sạc giúp bạn có thể sạc được các thiết bị cùng lúc nhanh chóng và sao chép/truyền dữ liệu tiện lợi, mang đến cho bạn những trải nghiệm tối ưu nhất. • Diện mạo cáp sạc mạnh mẽ, gam màu đẹp mắt, dễ dàng cuộn gọn, mang theo bất cứ đâu. • Nạp đầy pin các thiết bị cùng 1 lúc nhanh chóng nhờ trang bị 3 cổng sạc phổ biến hiện nay bao gồm: Lightning, micro USB và Type C. • Dễ dàng trao đổi hình ảnh, nhạc hay các tài liệu dung lượng lớn qua cáp sạc với đường truyền ổn định và nhanh chóng. Xem thêm"
adapter-sac-2-cong-type-c-pd-qc-3-0-gan-30w-ugreen-x516-6501,Sạc 2 cổng Ugreen X516 65014,"Trong thế giới công nghệ số hiện đại, việc sở hữu một chiếc adapter sạc đa năng, nhỏ gọn và hiệu suất cao là vô cùng cần thiết. Adapter Sạc 2 cổng Type C PD QC 3.0 GaN 30W Ugreen X516 6501 chính là giải pháp sạc nhanh, an toàn và tiện lợi mà bạn đang tìm kiếm. Với thiết kế nhỏ gọn, công nghệ sạc tiên tiến và khả năng tương thích với nhiều thiết bị, sản phẩm này hứa hẹn sẽ trở thành người bạn đồng hành không thể thiếu của mọi tín đồ công nghệ. Nhỏ mà có võ, thiết kế tối giản, tinh tế Adapter sạc sở hữu thiết kế hình trụ nhỏ gọn, giúp bạn dễ dàng mang theo bên mình mọi lúc mọi nơi. Với kích thước chỉ 4.4 cm x 3.3 cm x 3.8 cm, chiếc adapter này không chiếm nhiều không gian trong túi xách hay balo của bạn. Xem thêm"
adapter-sac-1a-hydrus-ch01?utm_flashsale=1,Sạc Hydrus CH01,"Adapter sạc 1A Hydrus CH01 là một sản phẩm đơn giản, dễ sử dụng. Củ sạc này sở hữu những thông số kỹ thuật cơ bản đáp ứng nhu cầu sạc hàng ngày cho các thiết bị di động. • Đầu vào điện áp 100 - 240V cho phép adapter sạc hoạt động linh hoạt trong nhiều điều kiện điện áp khác nhau. • Đầu ra USB 5V - 1A cung cấp nguồn điện ổn định, đem lại một quá trình sạc diễn ra an toàn và hiệu quả. • Với công suất tối đa 5W, adapter sạc Hydrus phù hợp để sạc cho các thiết bị có dung lượng pin vừa phải. • Kích thước nhỏ gọn của sản phẩm cũng là một ưu điểm, giúp người dùng dễ dàng mang theo bên mình trong quá trình di chuyển. Xem thêm"
adapter-sac-2-cong-type-c-pd-qc-3-0-30w-baseus-palm-cczc30us,Sạc 2 cổng Baseus Palm CCZC30US,"Adapter Sạc 2 cổng Type C PD QC 3.0 30W Baseus Palm CCZC30US là sự lựa chọn lý tưởng cho những ai tìm kiếm giải pháp sạc nhanh, an toàn và linh hoạt. • Thiết kế nhỏ gọn, tối giản mang đến sự tiện lợi trong việc cất giữ và mang theo, dù là trong balo công việc hay túi du lịch. • Với công suất tối đa 30W, adapter sạc đảm bảo hiệu suất sạc nhanh và ổn định, đáp ứng nhu cầu nạp năng lượng cho cả điện thoại thông minh lẫn máy tính bảng và các phụ kiện tương thích. • Công nghệ sạc nhanh Power Delivery (PD) và Quick Charge (QC) 3.0 được tích hợp trong adapter sạc Baseus, sẽ giảm thiểu thời gian chờ đợi và duy trì sự ổn định trong quá trình sạc. • Bên cạnh hiệu suất, còn tích hợp các tính năng chống quá dòng, quá nhiệt và ngắn mạch, giữ cho thiết bị của bạn luôn trong trạng thái ổn định và giảm thiểu nguy cơ hư hỏng trong quá trình sử dụng. Xem thêm"
adapter-sac-type-c-pd-gan-20w-ugreen-x512,Sạc Ugreen X512,"Adapter Sạc Type C PD GaN 20W Ugreen X512 hứa hẹn sẽ là giải pháp hoàn hảo, giúp bạn tiết kiệm thời gian và luôn sẵn sàng kết nối. Sản phẩm này nổi bật với công nghệ sạc GaN tiên tiến, thiết kế nhỏ gọn và khả năng tương thích với nhiều thiết bị. Thiết kế nhỏ gọn, chắc chắn Ugreen X512 sở hữu thiết kế hình trụ đơn giản nhưng không kém phần tinh tế. Kích thước nhỏ gọn chỉ 4.1 cm - 3.3 cm - 3.4 cm giúp bạn dễ dàng mang theo bên mình mọi lúc mọi nơi, từ văn phòng, quán cà phê đến những chuyến du lịch xa. Với kích thước này, bạn có thể thoải mái cất giữ adapter sạc trong túi xách, balo mà không lo chiếm diện tích. Xem thêm"
adapter-sac-type-c-pd-gan-30w-ugreen-x513,Sạc Ugreen X513,"Trong cuộc sống hiện đại, việc sở hữu một chiếc adapter sạc chất lượng là vô cùng quan trọng để đảm bảo các thiết bị điện tử luôn sẵn sàng hoạt động. Adapter Sạc Type C PD GaN 30W Ugreen X513 nổi bật với khả năng sạc nhanh, thiết kế nhỏ gọn và tích hợp công nghệ GaN tiên tiến, hứa hẹn mang đến trải nghiệm sạc an toàn và hiệu quả cho người dùng. Sản phẩm này không chỉ là một phụ kiện hữu ích mà còn là một giải pháp sạc thông minh, tiện lợi và an toàn cho mọi thiết bị của bạn. Thiết kế tối giản, nhỏ gọn tỏng lo Adapter Sạc Type C PD GaN 30W Ugreen X513 gây ấn tượng với thiết kế hình trụ nhỏ gọn, dễ dàng bỏ túi mang theo bất cứ đâu. Với kích thước chỉ 4.1 cm x 3.3 cm x 3.4 cm, sản phẩm không chiếm nhiều diện tích trong túi xách hay balo của bạn. Xem thêm"
cap-chuyen-doi-type-c-sang-35mm-apple-mu7e2-trang,Cáp chuyển đổi Type C - 3.5mm Apple MU7E2,"Cáp chuyển đổi Type-C sang 3.5mm Apple MU7E2 Trắng có thiết kế nhỏ gọn, dễ dàng sử dụng và mang theo Xem thêm"
adapter-sac-type-c-samsung-ep-t1510n-trang,Sạc Samsung EP-T1510N,"Adapter Sạc Type C 15W Samsung EP-T1510N sở hữu thiết kế tối giản cùng mức công suất sạc tối đa 15 W cho phép sạc an toàn cho các thiết bị điện tử, đồng hành hàng ngày cùng bạn. Vẻ ngoài tối giản, màu trắng sang trọng Adapter sạc này mang đến một kiểu dáng đơn giản, đẹp mắt, các cạnh và mép được bo hơi cong một chút, cho cảm giác mềm mại khi cầm nắm, không bị đau tay. Về tổng thể, củ sạc nhỏ gọn, bạn có thể mang nó theo trong mọi chuyến hành trình bằng cách bỏ vào balo hoặc túi áo. Xem thêm"
bo-adapter-sac-120w-kem-cap-type-c-1m-xiaomi-charging-trang,Sạc kèm cáp Type C 1m Xiaomi Charging,"Bộ adapter sạc 120W kèm cáp Type C 1m của Xiaomi Charging được thiết kế để cung cấp năng lượng hiệu quả và an toàn cho nhiều loại thiết bị, từ điện thoại thông minh đến máy tính bảng và cả một số dòng máy tính xách tay hỗ trợ sạc qua cổng Type C. • Về thông số kỹ thuật, adapter sạc có khả năng tương thích với nguồn điện đầu vào rộng, từ 110-240V, cho phép kết nối với nhiều tiêu chuẩn điện áp khác nhau. • Điểm nổi bật của bộ sạc nằm ở công suất đầu ra. Với dòng sạc tối đa lên đến 120W, bộ sạc này có khả năng sạc nhanh cho các thiết bị tương thích, giúp tiết kiệm thời gian đáng kể khi sạc điện thoại hoặc laptop. • Về kích thước, adapter sạc Xiaomi có chiều dài 5.61 cm, chiều ngang 2.88 cm và chiều cao 9.6 cm. Kích thước này tương đối nhỏ gọn, thuận tiện cho việc mang theo khi di chuyển. Xem thêm"
sac-xe-hoi-2-cong-24a-xmobile-sn-177-den?utm_flashsale=1,Sạc xe hơi 2 cổng Xmobile SN-177,"Sạc xe hơi 2 cổng USB 12W Xmobile SN-177 Đen với thiết kế nhỏ gọn, dễ dàng cất giữ trên xe hơi, mang theo tới mọi nơi. 
• Sạc xe hơi được cắm sạc để nạp pin trên xe hơi trực tiếp qua đầu tẩu thuốc lá quen thuộc.
• Sạc xe hơi Xmobile cho phép người dùng dễ dàng liên kết sạc pin cho tablet, điện thoại, quạt mini, máy chụp ảnh kỹ thuật số,... qua cáp sạc tương thích.
• Có 2 cổng ra USB 5V - 2.4A cho phép bạn có thể sạc được 2 thiết bị đồng thời, rất tiện lợi. Xem thêm"
adapter-sac-type-c-pd-gan6-pro-45w-baseus-picogo-ccgan45cs,Sạc Baseus PicoGo CCGAN45CS,"Adapter sạc Type C PD GaN6 Pro 45W Baseus PicoGo CCGAN45CS, sở hữu thiết kế nhỏ gọn, dễ dàng vừa vặn trong túi quần hoặc túi áo, góp phần tiết kiệm diện tích sử dụng trên ổ điện đa giắc cắm. • Điểm nổi bật của adapter sạc này chính là công nghệ GaN6 Pro tiên tiến, giúp tối ưu hóa hiệu suất sạc mà vẫn giảm thiểu sinh nhiệt. • Công nghệ Power Delivery 3.0 được tích hợp mang lại khả năng cung cấp nguồn điện lên tới 45W, đáp ứng mọi nhu cầu từ điện thoại thông minh đến máy tính bảng. • Đầu ra Type-C linh hoạt với nhiều mức điện áp khác nhau (từ 5V đến 20V) của adapter sạc Baseus đảm bảo sự tương thích với hầu hết các thiết bị, đem lại sự tiện lợi trong suốt quá trình sử dụng. • Vỏ ngoài của được chế tạo từ vật liệu chất lượng, mang lại độ bền khá, giúp sản phẩm duy trì hiệu suất ổn định trong thời gian dài và chịu được tác động từ các điều kiện sử dụng hàng ngày. Xem thêm"
cap-type-c-lightning-2m-baseus-unbreakable-cb000049,Cáp Type C - Lightning 2m Baseus Unbreakable CB000049,"Cáp Type C - Lightning 2m Baseus Unbreakable CB000049 mang kiểu dáng được lấy ý tưởng từ các con tàu vũ trụ mạnh mẽ, tiện kết nối với nhiều thiết bị, hạn chế hụt dây khi sạc nhờ chiều dài đến 2 m, mang đến cho bạn những trải nghiệm tối ưu. • Kiểu dáng cáp sạc táo bạo, kích thước 2 m dễ sử dụng, phù hợp với mọi lứa tuổi. • Trang bị công nghệ điều khiển nhiệt thông minh, giúp giảm nhiệt độ của cáp sạc khi sạc các thiết bị điện tử, bảo vệ an toàn trong quá trình sử dụng. • Cáp sạc Baseus phù hợp sử dụng cho các thiết bị như: điện thoại, máy tính bảng,... • Công suất sạc mạnh mẽ đến 20 W, rút ngắn thời gian nạp pin tối ưu. Xem thêm"
sac-xe-hoi-3-cong-20w-xmobile-sn-156-den-xam,Sạc xe hơi 3 cổng Xmobile SN-156,"Sạc xe hơi 3 cổng USB Type C PD QC 3.0 20W Xmobile SN-156 Đen xám cho phép bạn sạc nhanh tiện lợi cho các thiết bị khác với 3 cổng sạc. • Thiết kế sạc xe hơi nhỏ gọn, thuận tiện mang theo mà không chiếm nhiều diện tích. • Phù hợp để sạc các thiết bị: điện thoại, máy tính bảng, quạt mini... khi đang di chuyển bằng xe hơi và sử dụng nguồn điện của xe để sạc thiết bị trực tiếp. • Sạc xe hơi Xmobile được trang bị công nghệ Power Delivery và Quick Charge 3.0 hiện đại giúp tăng tốc độ sạc nhanh hơn cho các thiết bị. • Tích hợp 3 cổng sạc: 1 USB 12 W, 1 USB 18 W và Type-C 20 W thuận tiện hơn khi sạc nhiều thiết bị cùng lúc. Xem thêm"
cap-type-c-type-c-2m-baseus-titanium-alloy-cb000136,Cáp Type C - Type C 2m Baseus Titanium Alloy CB000136,Không có mô tả
cap-type-c-1m-xmobile-tc27-1000-trang?utm_flashsale=1,Cáp Type C 1m Xmobile TC27-1000,"Kiểu dáng đơn giản, vỏ bọc nhựa dẻo tránh xoắn rối Cáp sạc Xmobile có màu trắng trẻ trung, năng động, chất liệu nhựa dẻo bền tốt, cách điện, độ dài dây 1 m cho bạn kết nối các thiết bị linh hoạt, không cần quá lo lắng về khoảng cách giữa chúng. Xem thêm"
cap-3-dau-lightning-type-c-micro-evalu-spanker-b2,Cáp 3 đầu Lightning Type C Micro 1m eValu Spanker B 2,"Thiết kế cáp 3 đầu sạc được 3 thiết bị cùng lúc Với 3 đầu cắm phổ biến là Lightning, Micro USB và Type-C, bạn có thể thoải mái sạc cho các loại thiết bị quen dùng dễ dàng, tiết kiệm chi phí tối đa. Xem thêm"
cap-type-c-type-c-0-9m-anker-544-bio-a80f1,Cáp Type C - Type C 0.9m Anker 544 Bio A80F1,"Cáp Type C - Type C 0.9m Anker 544 Bio A80F1 sở hữu thiết kế sang trọng, độ dài 0.9 m cùng khả năng sạc nhanh lên đến 140 W chính là sự lựa chọn tuyệt vời cho mọi đối tượng sử dụng. • Thiết kế cáp sạc gọn đẹp, dài 0.9 m dễ quấn lại mang theo bất cứ đâu. • Vỏ cáp làm từ chất liệu sinh học có khoảng 40% bao gồm hỗn hợp độc quyền dựa trên thực vật như ngô và mía, an toàn sức khoẻ và bảo vệ môi trường. • Cáp sạc hỗ trợ sạc nhanh với công suất 140 W cho phép bạn sạc pin nhanh chóng và rút ngắn thời gian chờ đợi. • Cổng Type C thông dụng kết hợp với adapter phù hợp giúp cung cấp năng lượng nhanh chóng cho thiết bị. Xem thêm"
cap-type-c-type-c-1m-magnetic-baseus-picogo-cb000153,Cáp Type C - Type C 1m Magnetic Baseus PicoGo CB000153,"Cáp Type C - Type C 1m Magnetic Baseus PicoGo CB000153 là một sản phẩm được thiết kế để đáp ứng nhu cầu sạc nhanh chóng, ổn định. • Với chiều dài dây 1m, cáp mang đến sự linh hoạt cần thiết cho các tình huống sử dụng hàng ngày, từ bàn làm việc cho đến các không gian hẹp. • Thiết kế đầu nối từ tính (Magnetic) không chỉ tăng tính tiện lợi khi sử dụng mà còn giúp bảo vệ cổng sạc và giảm thiểu nguy cơ gãy hỏng trong quá trình kết nối. • Hỗ trợ công suất sạc tối đa lên đến 240W, cáp sạc cho khả năng sạc nhanh chóng, thích hợp với nhiều thiết bị, từ điện thoại thông minh đến các dòng laptop hiện đại. • Đầu vào và đầu ra của cáp sạc Baseus ra đều sử dụng chuẩn USB Type-C, mang lại khả năng tương thích cao với nhiều thiết bị. Xem thêm"
cap-type-c-lightning-1m-xmobile-l2145?utm_flashsale=1,Cáp Type C - Lightning 1m Xmobile L2145,"Cáp Type C - Lightning 1m Xmobile L2145 mang đến một thiết kế đơn giản, độ dài dây vừa đủ, hỗ trợ sạc nhanh - truyền dữ liệu mượt mà,... • Phần dây sạc được thiết kế đơn giản, chiều dài dây 1 m không quá dài cũng không quá ngắn, đủ cho bạn sử dụng và gấp gọn dễ dàng. • Cáp sạc Xmobile này hỗ trợ sạc nhanh với công suất tối đa lên tới 27 W. • Cho phép bạn truyền tải dữ liệu nhanh chóng với đường truyền mượt mà, ổn định. • Với chân sạc Lightning, bạn có thể thoải mái sạc cho iPhone, iPad. • Trang bị khả năng điều chỉnh dòng điện để phù hợp và an toàn với thiết bị. Xem thêm"
adapter-sac-type-c-iq3-45w-anker-a2643,Sạc Anker A2643,"Anker là thương hiệu hàng đầu về phụ kiện công nghệ. Adapter Sạc Type C IQ3 45W Anker A2643 được trang bị công nghệ tiên tiến và thiết kế hiện đại, hứa hẹn sẽ trở thành trợ thủ đắc lực cho mọi nhu cầu sạc của bạn. • Adapter sạc Anker sở hữu thiết kế tinh tế với màu đen thanh lịch, phù hợp với mọi không gian. • Kích thước nhỏ gọn giúp bạn dễ dàng mang theo bên mình, từ văn phòng làm việc đến những chuyến đi công tác hay du lịch. Adapter sạc này không chỉ mang lại tính thẩm mỹ cao mà còn cực kỳ tiện lợi khi sử dụng. • Với công nghệ sạc nhanh IQ3 và công suất 45 W mạnh mẽ, adapter sạc nhanh này đảm bảo hiệu suất sạc tối ưu cho mọi thiết bị của bạn. Từ điện thoại thông minh, máy tính bảng cho đến laptop, đều có thể sạc nhanh và hiệu quả. Xem thêm"
cap-lightning-1m-apple-mxly2,Cáp Lightning 1m Apple MXLY2,"Cáp Lightning 1m Apple MXLY2 trắng có thiết kế đơn giản với chiều dài 1 m, thích hợp dùng trong nhiều trường hợp khác nhau. Xem thêm"
adapter-sac-type-c-iq3-25w-anker-a2656,Sạc Anker A2656,"Adapter sạc Type C IQ3 25W Anker A2656 mang đến một giải pháp sạc nhỏ gọn, hiệu quả với thiết kế kích thước dài 6.69 cm, ngang 3.8 cm và cao 2.2 cm. Sản phẩm dễ dàng mang theo trong túi xách hoặc balo mà không chiếm nhiều diện tích • Sử dụng công nghệ GaN, adapter sạc Anker mang đến hiệu suất sạc tốt trong một kích thước nhỏ gọn, hỗ trợ giảm thiểu sự tỏa nhiệt và tối ưu khả năng chuyển đổi năng lượng, giúp quá trình sạc trở nên an toàn và hiệu quả hơn. • Với khả năng hỗ trợ Power Delivery, adapter sạc đảm bảo cung cấp nguồn sạc ổn định và nhanh chóng cho các thiết bị tương thích. Đầu ra Type C với công suất tối đa 25W đáp ứng nhu cầu sạc nhanh của nhiều loại điện thoại thông minh và thiết bị điện tử. Xem thêm"
adapter-sac-type-c-iq3-30w-anker-zolo-a2698-den,Sạc Anker Zolo A2698,"Với thiết kế cực kỳ nhỏ gọn và công suất mạnh mẽ, adapter Sạc Type C IQ3 30W Anker Zolo A2698 là giải pháp sạc tối ưu cho các thiết bị của bạn. Công nghệ IQ3 hiện đại giúp tối ưu hóa dòng điện, đảm bảo thiết bị của bạn được sạc nhanh chóng và hiệu quả. Đây chính là phụ kiện không thể thiếu, nâng tầm trải nghiệm công nghệ của bạn. • Với công suất 30W, adapter sạc Anker này cung cấp khả năng sạc nhanh vượt trội cho hầu hết các thiết bị như điện thoại thông minh, máy tính bảng, tai nghe, đồng hồ thông minh,... Giờ đây, bạn sẽ không còn phải chờ đợi hàng giờ để thiết bị sạc đầy pin, mà thay vào đó là tận hưởng sự tiện lợi và hiệu quả tối đa. • Điểm nổi bật tạo nên sự khác biệt của adapter này chính là công nghệ PowerIQ 3.0 (IQ3) độc quyền từ Anker. Công nghệ thông minh này có khả năng tự động nhận diện và cung cấp dòng sạc tối ưu, đảm bảo tốc độ sạc nhanh nhất trong khi vẫn bảo vệ an toàn cho pin thiết bị của bạn. Xem thêm"
cap-micro-1m-evalu-ltm-01-do-den?utm_flashsale=1,Cáp Micro USB 1m eValu LTM-01,"Cáp Micro 1m eValu LTM-01 Đỏ đen có màu sắc nổi bật với vỏ bọc được thiết kế bằng sợi nilon bền bỉ giúp hạn chế đứt gãy, chống rối tiện lợi khi sử dụng. Chiều dài lên đến 1 m giúp bạn kết nối với nguồn điện, thiết bị ở khoảng cách xa. Xem thêm"
adapter-sac-type-c-iq3-20w-anker-a2347,Sạc Anker A2347,"Adapter Sạc Type C IQ3 20W Anker A2347 sở hữu thiết kế gọn gàng, gam màu thanh lịch, cổng sạc Type C thông dụng cùng công suất sạc lên đến 20 W, hứa hẹn đem đến trải nghiệm tuyệt vời cho người dùng. • Sở hữu thiết kế sang trọng, gam màu thanh lịch, chất liệu vỏ ngoài cứng cáp, hạn chế hư hỏng khi va đập. • Đầu vào 100 - 240V ~ 0.6A, 50 - 60 Hz giúp adapter sạc này có thể hoạt động một cách ổn định, chân cắm 2 chấu phù hợp với dạng ổ điện của Việt Nam. • Công suất tối đa lên đến 20 W có khả năng sạc nhanh cho nhiều thiết bị, giúp tiết kiệm thời gian hiệu quả. •  trang bị cổng Type C hiện đại, cho phép kết nối với đa dạng các loại cáp sạc khác. Xem thêm"
adapter-sac-2-cong-type-c-pd-gan-67w-xmobile-ds266?utm_flashsale=1,Adapter Sạc 2 cổng Type C PD GaN 67W Xmobile DS266,"Adapter Sạc 2 cổng Type C PD GaN 67W Xmobile DS266 sở hữu vẻ ngoài sang trọng, kích thước gọn nhẹ, hỗ trợ sạc pin nhanh chóng, đây sẽ là mẫu adapter mang đến trải nghiệm tuyệt vời cho người dùng, đáp ứng nhiều nhu cầu sạc. • Thiết kế adapter sạc nhỏ gọn, kiểu dáng tối giản nhưng sang trọng, dễ dàng mang theo bên mình, bỏ vào túi quần hay balo mà không lo bị chiếm diện tích. Vỏ ngoài cứng cáp giúp bảo vệ tốt các linh kiện bên trong. • Trang bị 2 cổng Type C, khi sạc riêng lẻ, mỗi cổng đều đáp ứng mức sạc lên tới 67 W. Khi sạc cùng lúc cho 2 thiết bị qua 2 cổng, tổng công suất đạt được là 65 W (1 cổng 45 W, 1 cổng 20 W), hỗ trợ sạc pin nhanh chóng cho các thiết bị. Xem thêm"
cap-type-c-type-c-1m-baseus-discolor-cb000103,Cáp Type C - Type C 1m Baseus Discolor CB000103,Không có mô tả
cap-type-c-ava-ds07?utm_flashsale=1,Cáp Type C 1m AVA+ DS07,"AVA+ DS07 có dây dẫn thanh mảnh, màu trắng và đen sang trọng Chuôi cắm được làm gọn chắc, đầu kim loại cứng cáp, hạn chế biến dạng dưới tác động lực mạnh và tần suất dùng cao. Chiều dài dây đến 1 m, thoải mái kết nối thiết bị ở xa ổ cắm, dây dễ quấn lại và mang đi xa khi cần. Xem thêm"
cap-type-c-ava-tc1000n?utm_flashsale=1,Cáp Type C 1m AVA+ TC1000N,"Màu trắng trang nhã, chiều dài 1 m Trên chuôi cắm có in logo thương hiệu AVA+ rõ nét, kích cỡ chuôi thon gọn, cầm thuận tay khi kết nối dây cáp với các thiết bị. Dây nhựa mềm, bền, cho khả năng chịu lực tốt, cho bạn dễ dàng cuộn dây cáp và đặt vào túi xách, balo, vali mang đi đến bất kỳ nơi nào bạn muốn. Xem thêm"
cap-lightning-20cm-xmobile-dr-l06-den?utm_flashsale=1,Cáp Lightning 0.2m Xmobile DR-L06,"Vỏ dây cáp chất liệu nylon tốt, màu đen thanh lịch Cáp Lightning 0.2 m Xmobile DR-L06 chế tác với vật liệu chất lượng cao, vỏ dây bền chắc bảo vệ toàn diện lõi bên trong, chịu lực kéo, dễ cuộn gọn dây cáp dài 0.2 m để mang theo bên mình khi đến công ty, trường học hoặc khi đi du lịch, công tác xa nhà. Xem thêm"
cap-lightning-1m-xmobile-al31-1000?utm_flashsale=1,Cáp Lightning 1m Xmobile AL31-1000,"Cáp Lightning 1m Xmobile AL31-1000 với dây bọc nhựa dẻo thanh lịch, bền tốt Cáp dài 1 m tiện dụng dễ dàng cuốn gọn mà không sợ xoắn rối hay đứt gãy, tiện lợi để bạn mang theo bên mình. Xem thêm"
cap-type-c-type-c-0-9m-anker-powerline-iii-flow-a8552-den,Cáp Type C - Type C 0.9m Anker PowerLine III Flow A8552,"Cáp Type C - Type C 0.9m Anker PowerLine III Flow A8552 sở hữu thiết kế đơn giản, chất liệu bền bỉ, trang bị công nghệ sạc nhanh hiện đại,... hứa hẹn sẽ là món phụ kiện đáng đầu tư để nâng cao trải nghiệm sạc pin của bạn. • Dây sạc bền bỉ, dẻo dai với độ dài 0.9 m đủ sức đáp ứng mọi nhu cầu sạc pin thông thường của bạn. • Công nghệ sạc nhanh Power Delivery trên cáp sạc Anker cho mức công suất tối đa có thể lên tới 100 W. • Đầu vào và đầu ra đều sử dụng cổng Type-C nên bạn có thể linh hoạt cắm vào Adapter và thiết bị cần sạc bằng đầu nào cũng được. Xem thêm"
cap-lightning-1m-xmobile-ltl-01x-xanh-reu?utm_flashsale=1,Cáp Lightning 1m Xmobile LTL-01X,"Thiết kế đơn giản cùng chất liệu nylon có độ bền cao Cáp Lightning Xmobile LTL-01X sử dụng lớp vỏ nylon chống rối, chịu được các tác động mạnh bên ngoài như kéo, xoắn, gập,... hạn chế đứt gãy, cho người dùng dễ dàng uốn, gập và mang theo. Xem thêm"
adapter-chuyen-doi-usb-c-5-in-1-baseus-ultrajoy-bs-oh150,Adapter chuyển đổi USB C 5 in 1 Baseus UltraJoy BS-OH150,"Adapter chuyển đổi USB C 5 in 1 Baseus UltraJoy BS-OH150 có thiết kế nhỏ gọn, khối lượng nhẹ, trang bị nhiều cổng ra vừa giúp sạc pin nhanh, vừa hỗ trợ xuất hình với độ phân giải lên đến 4K cho khả năng hiển thị sắc nét và sống động. • Adapter chuyển đổi có kiểu dáng tối giản, thiết kế nguyên khối cứng cáp, chắc chắn. • Khối lượng gọn nhẹ, dễ dàng bỏ vào túi, balo mang theo ra ngoài đi làm, đi học cực tiện lợi. • Adapter chuyển đổi Baseus có 5 cổng ra, bao gồm: - 3 cổng USB 3.0, cho phép bạn kết nối với các thiết bị như: chuột, bàn phím, USB,... - 1 cổng HDMI 4K, hỗ trợ xuất hình ảnh và âm thanh chất lượng cao từ thiết bị ra màn hình lớn. Xem thêm"
cap-sac-apple-watch-magnetic-type-c-1m-apple-mt0h3-trang,Cáp sạc Magnetic Type C cho Apple Watch 1m,Không có mô tả
adapter-sac-usb-12w-ava-asuc01?utm_flashsale=1,Sạc AVA+ ASUC01,"Tiết kiệm thời gian sạc với công suất lên đến 12 W Adapter AVA+ được thiết lập dòng sạc lớn giúp tăng tốc độ nạp pin, cho điện thoại của bạn luôn đầy năng lượng để kịp thời trả lời email cho khách hàng hay theo dõi tin tức mới, xem phim cùng nhiều hoạt động giải trí khác cả ngày mà không sợ thiết bị tắt nguồn. Xem thêm"
cap-type-c-type-c-2m-apple-mu2g3,Cáp Type C - Type C 240W 2m Apple MU2G3,"Cáp Type C - Type C 240W 2m Apple MU2G3 được thiết kế với dây bện, chiều dài 2 m cùng công suất đến 240 W sẽ là lựa chọn hoàn hảo cho nhu cầu sạc pin, đồng bộ hóa dữ liệu và truyền tải file của bạn. • Cáp sạc Type-C - Type-C này sở hữu chiều dài 2 m lý tưởng, giúp bạn dễ dàng kết nối thiết bị ở mọi vị trí, dù trên bàn làm việc, sofa hay trong xe hơi. • Sợi dây cáp sạc được thiết kế theo kiểu bện độc đáo, không chỉ mang lại vẻ ngoài thời trang mà còn tăng độ bền chắc, chống rối và gãy gập hiệu quả, đảm bảo tuổi thọ sử dụng lâu dài. • Cáp được trang bị hai đầu cắm Type-C tiện lợi, tương thích với nhiều thiết bị điện tử sử dụng chuẩn kết nối này như điện thoại, máy tính bảng, laptop,... • Hỗ trợ công suất sạc lên đến 240 W, cho phép bạn nạp đầy pin thiết bị một cách nhanh chóng, tiết kiệm thời gian chờ đợi. Xem thêm"
adapter-sac-3-cong-usb-type-c-pd-qc-4-0-gan-65w-ugreen-robot-cd361,Sạc Ugreen Robot CD361,"Adapter Sạc 3 cổng USB Type C PD QC 4.0+ GaN 65W Ugreen Robot CD361, sở hữu thiết kế đẹp mắt cùng công suất sạc tốt và đa cổng kết nối, hứa hẹn đem đến trải nghiệm sạc thú vị và hiệu quả. • Với hai cổng USB-C và một cổng USB-A, adapter sạc cho phép bạn sạc nhiều thiết bị cùng lúc mà không ảnh hưởng nhiều đến hiệu suất. • Điểm nhấn của sản phẩm nằm ở thiết kế hình robot đáng yêu, tạo nét khác biệt trong không gian làm việc hay góc sạc cá nhân, khiến việc sạc trở nên giải trí và thư giãn hơn. • Màn hình LED trên khuôn mặt của ""robot"" sẽ hiển thị nhiều biểu cảm sạc khác nhau cả khi sử dụng và không sử dụng. Khi thiết bị đang sạc hoặc hoàn thành, màn hình LED sẽ cập nhật thông tin, mang lại sự tiện lợi và hiện đại trong trải nghiệm sử dụng. Xem thêm"
adapter-sac-4-cong-usb-type-c-iq3-gan-140w-ai-led-display-anker-zolo-b2697,Sạc 4 cổng Anker Zolo kèm Cáp Type C - Type C 1.5m B2697,"Anker vừa ra mắt bộ adapter sạc 4 cổng USB Type C IQ3 GaN 140W AI LED Display kèm Cáp Type C - Type C 1.5m Anker Zolo B2697. Đây là một giải pháp sạc toàn diện, mạnh mẽ và an toàn. Với thiết kế hiện đại, công suất vượt trội cùng hàng loạt công nghệ tiên tiến, Zolo B2697 hứa hẹn sẽ là người bạn đồng hành lý tưởng cho mọi tín đồ công nghệ. • Adapter sạc được làm từ chất liệu cao cấp với tông màu bạc sang trọng, tạo cảm giác chắc chắn và hiện đại. Điểm đặc biệt nằm ở thiết kế chân cắm có thể gập gọn giúp tối ưu hóa không gian khi di chuyển và bảo vệ chân sạc. Với kích thước nhỏ gọn so với công suất mà nó mang lại, Zolo B2697 dễ dàng nằm gọn trong túi xách hay balo. • Các cổng sạc trên adapter này đã được tinh chỉnh lại hoàn toàn để mang lại vẻ ngoài thẩm mỹ vượt trội so với các bộ sạc đa cổng thông thường. Đặc biệt, khi cắm vào ổ điện trên tường, tất cả các dây cáp đều hướng thẳng xuống mặt đất, giúp bộ sạc giữ được vẻ gọn gàng và ổn định. Thiết kế này cũng giúp trọng tâm của bộ sạc được đặt gần tường hơn, giảm thiểu đáng kể nguy cơ bị rơi hoặc lỏng lẻo khỏi ổ cắm, đảm bảo an toàn và tiện lợi tối đa cho người dùng. Xem thêm"
cap-type-c-1m-baseus-coolplay-cb000046,Cáp Type C 1m Baseus CoolPlay CB000046,"Cáp Type C 1m Baseus CoolPlay CB000046 với chất liệu bền bỉ và cứng cáp, dễ dàng cuộn gọn để vào balo, túi xách mà không lo bị gãy, tiện lợi trong việc mang theo đi học, đi làm. Cáp sạc có thể dùng để sạc và truyền dữ liệu tối ưu. • Dây cáp kiểu dáng mạnh mẽ, độ dài 1 m dùng được ở những khoảng cách vừa phải. • Có thể cuộn gọn cáp lại và bỏ vào balo hay túi xách dễ dàng mang theo trong những chuyến đi mà không lo bị hư hại. • Vỏ cáp sạc dày dặn lên đến 6 mm, dày hơn cáp sạc thông thường 3 mm, bảo vệ tốt linh kiện trong quá trình sử dụng. Xem thêm"
cap-type-c-type-c-0-9m-anker-543-nylon-bio-braided-a80e5,Cáp Type C - Type C 0.9m Anker 543 Nylon Bio-braided A80E5,"Anker 543 Nylon Bio-braided A80E5 được thiết kế tinh tế, có khả năng chống gãy gập, công suất sạc nhanh ấn tượng và sự linh hoạt trong sử dụng. Cáp sạc này chắc chắn sẽ trở thành phụ kiện không thể thiếu trong bộ sưu tập công nghệ của bạn. • Cáp Type C - Type C 0.9m Anker 543 Nylon Bio-braided A80E5 được sản xuất từ chất liệu nylon bện sinh học, mang lại sự bền bỉ vượt trội đồng thời tạo cảm giác mềm mại và dễ chịu khi cầm nắm. • Cáp có khả năng chống gãy gập và chịu lực uốn cong hiệu quả, khắc phục hoàn toàn các vấn đề như đứt đoạn hay hư hỏng thường gặp trên các loại cáp thông thường. Dù bạn sử dụng cáp ở bất kỳ tình huống nào, từ cuộn gọn trong túi đến sử dụng linh hoạt tại văn phòng, cáp Anker đều đảm bảo sự ổn định và tuổi thọ cao. Xem thêm"
adapter-sac-usb-12w-ava-tces1-trang?utm_flashsale=1,Sạc AVA+ TCES1,"Tăng tốc độ sạc lên tới 12 W Khi điện thoại yếu pin, kết nối với adapter sạc và cáp sạc phù hợp sẽ giúp điện thoại được bổ sung năng lượng liên tục và đầy pin trong thời gian ngắn, bạn không cần phải chờ đợi quá lâu như khi sạc với các adapter có dòng sạc thấp khác. Xem thêm"
cap-type-c-lightning-2m-xmobile-l2145?utm_flashsale=1,Cáp Type C - Lightning 2m Xmobile L2145,"Cáp Type C - Lightning 2m Xmobile L2145 mang kiểu dáng thiết kế tối giản, độ dài dây ấn tượng, cho phép sạc nhanh và truyền dữ liệu mượt mà,... • Về phần thiết kế, dây cáp sạc Xmobile này không quá cầu kỳ, kiểu dáng thông dụng. • Điểm đặc biệt đến từ chiều dài dây sạc lên tới 2 m cho phép bạn đặt điện thoại ở một khoảng cách khá xa so với ổ điện. • Hỗ trợ sạc nhanh tiện lợi với mức công suất sạc tối đa lên tới 27 W. • Ngoài ra, cáp sạc còn cho phép bạn truyền tải dữ liệu giữa 2 thiết bị một cách dễ dàng. • Đầu ra là cổng Lightning hoàn toàn phù hợp với các thiết bị của nhà Apple như iPhone, iPad. Xem thêm"
sac-xe-hoi-xmobile-dual-usb-ts-c063s-xam,Sạc xe hơi 2 cổng Xmobile TS-C063S,"Thiết kế nhỏ gọn, chức năng hữu ích Sản phẩm có thiết kế nhỏ gọn không chiếm nhiều diện tích giúp việc cất giữ. Dùng để sạc cho điện thoại, máy tính bảng, thiết bị định vị,… trên xe hơi. Xem thêm"
cap-sac-magsafe-apple-1m-mx6x3,Cáp sạc MagSafe Apple 1m MX6X3,"Cáp sạc MagSafe Apple 1m MX6X3 với thiết kế thông minh, khả năng tương thích linh hoạt và hiệu suất sạc mạnh mẽ, là sản phẩm lý tưởng cho những ai đang tìm kiếm giải pháp sạc không dây tiện ích và hiệu quả. • Với chiều dài 1m, cáp sạc này mang lại sự linh hoạt, cho phép bạn dễ dàng sử dụng điện thoại trong khi đang sạc mà không bị vướng víu. • Cáp sạc Apple không chỉ tối ưu hóa thời gian sạc mà còn đảm bảo hiệu suất vượt trội so với các phương pháp sạc thông thường. Khi sử dụng cùng adapter 30W (bán riêng), cáp sạc hỗ trợ sạc không dây nhanh lên đến 25W cho các mẫu iPhone 16 và iPhone 16 Pro, có thể sạc đầy khoảng 50% pin chỉ trong khoảng 30 phút (theo thông tin từ Apple), giúp tiết kiệm thời gian tối đa. Xem thêm"
sac-xe-hoi-2-cong-usb-type-c-iq3-30w-anker-a2741,Sạc xe hơi 2 cổng USB Type C IQ3 30W Anker A2741,"Với cuộc sống hiện đại và nhu cầu sử dụng các thiết bị di động ngày càng tăng, việc sở hữu một chiếc Sạc xe hơi 2 cổng USB Type C IQ3 30W Anker A2741 là vô cùng cần thiết. Sản phẩm này không chỉ giúp bạn sạc nhanh chóng các thiết bị trên xe hơi mà còn đảm bảo an toàn tuyệt đối. Đây thực sự là một giải pháp sạc tiện lợi và an toàn cho mọi hành trình. Thiết kế nhỏ gọn, chất liệu bền bỉ Adapter sạc Anker sở hữu thiết kế hình trụ nhỏ gọn với kích thước chỉ dài 5.51 cm và đường kính 2.39 cm, giúp bạn dễ dàng mang theo và sử dụng trên mọi loại xe hơi mà không chiếm nhiều không gian. Sản phẩm được hoàn thiện từ chất liệu cao cấp, đảm bảo độ bền bỉ và khả năng chịu nhiệt tốt, giúp bạn yên tâm sử dụng trong thời gian dài. Xem thêm"
adapter-sac-type-c-iq3-gan-45w-anker-nano-a2692,Sạc Anker Nano A2692,"Trong thế giới công nghệ hiện đại, adpater sạc nổi lên như một giải pháp sạc nhanh, an toàn và tiện lợi, đáp ứng nhu cầu ngày càng cao của người dùng. Adapter Sạc Type C IQ3 GaN 45W Anker Nano A2692 với thiết kế nhỏ gọn, công nghệ tiên tiến và khả năng tương thích đa dạng, sản phẩm này hứa hẹn sẽ trở thành người bạn đồng hành không thể thiếu của bạn trong cuộc sống số. Thiết kế tối giản đến bất ngờ Anker Nano A2692 sở hữu thiết kế vô cùng nhỏ gọn với kích thước chỉ 3.69 cm x 3.2 cm x 3.3 cm. Bạn có thể dễ dàng bỏ túi adapter sạc Anker này và mang đi bất cứ đâu mà không lo chiếm diện tích. Xem thêm"
cap-type-c-1m-baseus-glimmer-cb000024,Cáp Type C 1m Baseus Glimmer CB000024,"Cáp Type C 1m Baseus Glimmer CB000024 là món phụ kiện cần thiết cho mọi người, được chế tác đẹp mắt, gam màu sang trọng, cáp sạc dùng để cung cấp năng lượng và truyền tải dữ liệu nhanh chóng, mang đến cho bạn những trải nghiệm tối ưu nhất. • Sợi cáp chắc chắn được bao bọc bên ngoài bởi vỏ nylon bền bỉ cho khả năng chịu lực và chống nứt gãy tốt. • Cáp sạc sở hữu chiều dài 1 m, con số lý tưởng đủ để sạc pin ở khoảng cách xa nhất định cho các thiết bị, đáp ứng nhu cầu sạc hàng ngày. • Cho phép đồng bộ dữ liệu nhanh chóng, chuyển tệp một cách mượt mà với tốc độ 480 Mbps từ thiết bị này sang thiết bị khác mà không cần kết nối mạng. Xem thêm"
cap-type-c-type-c-1m-240w-anker-zolo-a8060,Cáp Type C - Type C 1m 240W Anker Zolo A8060,Không có mô tả
cap-type-c-20cm-ava-dr-t03?utm_flashsale=1,Cáp Type C 0.2m AVA+ DR-T03,"Thiết kế đơn giản, dài chỉ 0.2 m, có tính di động cao Cáp Type C 0.2 m AVA+ DR-T03 có kiểu dáng thân thiện, dễ cắm vào các thiết bị và phụ kiện khác nhau, sở hữu tông màu thời thượng tạo điểm nhấn cho túi đồ phụ kiện của bạn trông cao cấp, thời trang hơn. Xem thêm"
adapter-sac-dual-type-c-35w-apple-mnwp3-trang,Adapter sạc Apple 2 cổng USB-C 35W MNWP3,"Adapter sạc Apple 2 cổng USB-C 35W MNWP3 là một giải pháp tối ưu cho người dùng Apple khi cần sạc nhanh và tiện lợi. Với thiết kế nhỏ gọn, công suất mạnh mẽ và khả năng sạc đồng thời hai thiết bị, đây là một phụ kiện không thể thiếu để tối ưu hóa trải nghiệm sử dụng các sản phẩm trong hệ sinh thái Apple. Củ sạc Apple 35W - Thiết kế nhỏ gọn, thanh lịch Adapter sạc Apple mang đến thiết kế tối giản với các góc bo tròn tinh tế, giúp dễ dàng cầm nắm và cất giữ. Lớp vỏ ngoài được làm từ chất liệu cách điện cao cấp, vừa bền bỉ vừa đảm bảo an toàn khi sử dụng. Xem thêm"
cap-type-c-lightning-1-5m-beats,Cáp Type C - Lightning 1.5m Beats,Không có mô tả
cap-lightning-1m-hydrus-cs-c-021,Cáp Lightning 1m Hydrus CS-C-021,"Vỏ dây nhựa chắc chắn, độ dài 1 m, dễ cuộn gọn và mang theo bên mình mọi lúc Cáp sạc Hydrus có dây dẫn được làm thuôn dài, chuôi cáp chắc chắn, chịu được nhiều lần kéo, gập, thuận tiện cho việc sử dụng, cất giữ. Thiết kế 3 tone màu thời trang gồm màu xanh ngọc thanh thoát, màu xanh Navy sang trọng và màu hồng dễ thương, phù hợp với sở thích của cả phái mạnh và phái đẹp. Xem thêm"
cap-type-c-type-c-1m-xmobile-ds101?utm_flashsale=1,Cáp Type C - Type C 1m Xmobile DS101,"Cáp Type C - Type C 1m Xmobile DS101 sở hữu kiểu dáng tối giản, dây cáp được bao phủ chất liệu nylon bền bỉ, bảo vệ linh kiện bên trong cáp sạc, chiều dài dây 1 m thuận tiện hơn trong quá trình sạc. • Kiểu dáng gọn gàng, chất liệu nylon bền bỉ, chống xoắn rối tốt giúp tăng tuổi thọ cáp sạc. • Hỗ trợ sạc an toàn với dòng sạc ổn định, nạp pin nhanh chóng cho các thiết bị như đồng hồ thông minh, điện thoại, laptop,... có cổng Type-C với công suất đến từ 15 W - 60 W. • Ngoài ra, cáp sạc còn có thể sử dụng tốt và an toàn với các sản phẩm iPhone 15, iPhone 15 Plus, iPhone 15 Pro, iPhone 15 Pro Max. • Mức sạc được tuỳ chỉnh sao cho phù hợp với từng thiết bị nhận sạc, đảm bảo an toàn khi sạc và bảo vệ pin của thiết bị. Xem thêm"
cap-lightning-mfi-2m-mbest-ds951-wb-gold,Cáp Lightning MFI 2m Mbest DS951-WB,"Cáp sạc Mbest trang bị 2 đầu Lightning và USB cho khả năng kết nối đa dạng Mbest DS951-WB được tích hợp đầu ra cổng Lightning, đạt chuẩn MFi cho khả năng phù hợp hoàn hảo với các thiết bị iPhone, iPad, iPod, ngoài ra nó còn đảm bảo quá trình sử dụng an toàn, tránh cháy nổ, bảo vệ người dùng và phụ kiện tối ưu. Xem thêm"
adapter-sac-usb-12w-ava-tced2-trang?utm_flashsale=1,Sạc 2 Cổng AVA+ TCED2,"Adapter sạc AVA+ vỏ nhựa màu trắng thời trang, kích thước nhỏ gọn tiện mang theo Dễ dàng đặt adapter trong hành trang thường nhật của bạn để tiện sử dụng ngay khi cần. Xem thêm"
cap-type-c-20cm-xmobile-tc200b?utm_flashsale=1,Cáp Type C 0.2m Xmobile TC200B,"Kiểu dáng đơn giản, dây dài 0.2 m Kết cấu gọn gàng, chất liệu dây mềm mại, kháng vỡ, uốn cong dễ dàng, có thể cuộn lại và cho vào túi xách, balo để mang đi làm, đi học, du lịch mà không lo chiếm nhiều diện tích. Xem thêm"
cap-lightning-mfi-1m-mbest-ds950-wb,Cáp Lightning MFI 1m Mbest DS950-WB,"Thiết kế tinh tế, dây bọc nylon hạn chế đứt gãy Cáp Lightning sở hữu chiều dài thông dụng 1 m, có kết cấu gọn gàng, màu đen sành điệu, thời thượng. Chất liệu vỏ cáp sạc bọc nylon dẻo dai, độ bền cao, cuộn lại và cất giữ đơn giản trong túi xách, balo hoặc túi đeo chéo nhỏ, dây cáp không chiếm nhiều diện tích nên cực tiện mang đi khi cần. Xem thêm"
cap-type-c-type-c-2m-xmobile-dr-t08?utm_flashsale=1,Cáp Type C - Type C 2m Xmobile DR-T08,"Cáp Type C - Type C 2m Xmobile DR-T08 sẽ là món phụ kiện cần thiết hỗ trợ bạn tối đa về vấn đề sạc pin với kiểu dáng thiết kế đơn giản, dây dài tiện dụng, hỗ trợ sạc nhanh hiện đại,... • Cáp sạc có thiết kế tối giản, màu sắc trung tính, phù hợp với nhiều người dùng. • Chiều dài dây cáp là 2 m, tiện lợi khi cần sạc ở khoảng cách xa so với ổ điện, dễ dàng cuốn gọn, cất giữ và mang theo bên mình mọi lúc mọi nơi. • Được làm từ vật liệu chất lượng, an toàn và bền bỉ, cho thời gian sử dụng lâu dài. • Hỗ trợ sạc nhanh cho nhiều thiết bị với mức công suất tối đa đạt tới 60 W. • Cáp sạc Xmobile này có khả năng tự điều chỉnh dòng điện đầu ra sao cho phù hợp với loại thiết bị mà bạn đang sạc, tăng tuổi thọ pin, hạn chế tối đa tình trạng cháy nổ. Xem thêm"
cap-type-c-1m-mbest-ds002-wb-cam?utm_flashsale=1,Cáp Type C 1m Mbest DS002-WB,"Thiết kế đơn giản, nổi bật, dây dài 1 m Cáp sạc có vỏ dây màu cam thời trang, bọc nylon dai chắc, đảm bảo an toàn cho dây cáp, dễ dàng cuộn gọn và cho vào túi đựng mang theo bên mình đến bất cứ nơi nào bạn muốn. Xem thêm"
cap-lightning-20cm-ava-dr-l05,Cáp Lightning 0.2m AVA+ DR-L05,"Nhỏ gọn, chất liệu nhựa tốt, sử dụng bền lâu Bảo vệ lõi cáp toàn diện với dây nhựa dày dặn, bẻ gập đầu cáp linh động, hạn chế đứt gãy. Bề mặt phủ sắc xanh Navy thời trang, phù hợp sở thích của cả nam và nữ giới. Chiều dài 0.2 m, kết nối các thiết bị nằm gần nhau dễ dàng. Xem thêm"
adapter-sac-apple-type-c-70w,Adapter sạc Apple Type C 70W,Không có mô tả
cap-micro-2m-xmobile-dr-m03?utm_flashsale=1,Cáp Micro USB 2m Xmobile DR-M03,"Cáp Micro 2 m Xmobile DR-M03 thiết kế đẹp mắt với vỏ bọc dây nylon bền chắc, thẩm mỹ cao Cáp sạc chống xoắn rối tốt, hạn chế nứt gãy, dễ dàng quấn gọn để bảo quản và mang theo. Dây cáp dài 2 m thoải mái sử dụng sạc pin hay kết nối ở khoảng cách xa. Xem thêm"
adapter-sac-3-cong-usb-type-c-pd-qc-3-0-gan-65w-ugreen-cd244-10335,Sạc 3 cổng Ugreen CD244 10335,"Adapter sạc ngày càng trở thành một phần không thể thiếu trong cuộc sống hiện đại, giúp chúng ta nạp năng lượng cho các thiết bị một cách nhanh chóng và an toàn. Adapter Sạc 3 cổng USB Type C PD QC 3.0 GaN 65W Ugreen CD244 10335 nổi bật với khả năng sạc nhanh, đa cổng và thiết kế nhỏ gọn, hứa hẹn mang đến trải nghiệm sạc tối ưu cho người dùng. Nhỏ gọn trong lòng bàn tay, tiện lợi mang theo khắp nơi Với thiết kế hình trụ nhỏ gọn cùng kích thước chỉ 6.6 cm - 4 cm - 3.1 cm, adapter sạc Ugreen CD244 dễ dàng nằm gọn trong lòng bàn tay hoặc túi xách của bạn. Bạn có thể mang theo chiếc adapter sạc này đến bất cứ đâu, từ văn phòng làm việc đến quán cà phê hay những chuyến du lịch dài ngày mà không lo chiếm diện tích. Xem thêm"
24a-dual-ava-jc20-trang,Sạc AVA+ JC20,"Tốc độ sạc mạnh mẽ 12 W Adapter AVA+ cung cấp năng lượng liên tục và mạnh mẽ cho thiết bị, giúp điện thoại của bạn đầy pin nhanh, đáp ứng ngay nhu cầu xem bóng đá trực tuyến, kiểm tra email hay gọi điện trò chuyện hàng giờ với người thân. Xem thêm"
cap-type-c-1m-xmobile-cn033?utm_flashsale=1,Cáp Type C 1m Xmobile CN033,"Dây cáp sạc Type C 1 m Xmobile CN033 nhỏ gọn, tiện lợi, phù hợp để sạc cho các thiết bị có mức nhận sạc nhỏ, dễ dàng cuốn gọn để mang theo hàng ngày. • Cáp sạc Xmobile là dạng dây bện chắc chắn và bền hơn, hạn chế được các trường hợp cong gãy không mong muốn. • Dây cáp sạc có độ dài 1 m là chiều dài phổ biến nhất, sử dụng để sạc điện thoại, máy tính bảng,... hay truyền dữ liệu giữa laptop và điện thoại. • Thiết kế 1 đầu dây là USB Type-A, đầu còn lại là Type-C với công suất truyền tải tối đa 15 W (5V - 3A). • Dễ dàng cuốn gọn dây cáp và bỏ vào balo, túi nhỏ để mang theo, tiện lợi cung cấp năng lượng cho các thiết bị khi hết pin. Xem thêm"
adapter-sac-3-cong-usb-type-c-pd-qc-3-0-65w-anker-powerport-iii-pod-a2667,Sạc 3 cổng Anker PowerPort III Pod A2667,"Adapter Sạc 3 cổng USB Type C PD QC 3.0 GaN 65W Anker PowerPort III Pod A2667 mang đến sự tiện lợi nhờ trang bị sạc nhanh cùng lúc cho tối đa tới 3 thiết bị, giúp tối ưu trải nghiệm sử dụng cho người dùng. • Adapter sạc được trang bị tới 3 cổng sạc, trong đó có 2 cổng USB-C và 1 cổng USB-A, cho phép sạc cùng lúc 3 thiết bị. • Tăng cường hiệu suất sạc pin nhờ trang bị các công nghệ sạc nhanh hiện đại: Power Delivery và Quick Charge 3.0. • Khi sạc cùng lúc 2 hoặc 3 thiết bị, điện năng sẽ được phân phối đều để đảm bảo mức sạc hợp lý và tối ưu nhất cho từng thiết bị. • Vỏ ngoài bền bỉ, chất lượng giúp bảo vệ và tăng thời gian sử dụng cho chiếc này. Xem thêm"
adapter-sac-type-c-pd-gan-30w-ugreen-nexode-15329,Sạc Ugreen Nexode 15329,"Adapter Sạc Type C PD GaN 30W Ugreen Nexode 15329 nổi bật với thiết kế nhỏ gọn cùng màu sắc thanh lịch nhưng vẫn đảm bảo công suất sạc tốt, mang đến cho bạn những trải nghiệm tuyệt vời. • Adapter sạc được sản xuất nhỏ gọn để có thể dễ dàng bỏ vừa túi quần của người dùng. Thêm nữa, bạn còn có thể gập gọn đầu cắm để dễ dàng mang theo mà không lo về các tác động làm hư sản phẩm. • Trang bị công nghệ sạc Power Delivery với công suất sạc tối đa 30 W, cho phép bạn sạc pin cho các thiết bị điện tử như: điện thoại, máy tính bảng, tai nghe,... nhanh chóng và tiết kiệm thời gian. • Adapter sạc Ugreen tối ưu hóa trải nghiệm sạc của bạn với công nghệ GaN như tiết kiệm năng lượng, tản nhiệt, kích thước nhỏ gọn. Xem thêm"
cap-type-c-type-c-1-5m-beats,Cáp Type C - Type C 1.5m Beats,Không có mô tả
cap-lightning-1m-ava-kalf?utm_flashsale=1,Cáp Lightning 1m AVA+ Kalf,"AVA+ Kalf gọn nhẹ, vỏ nhựa dai bền, dây dài 1 m Chất liệu nhựa được bao phủ từ chuôi cáp này đến chuôi cáp kia, thiết kế hoàn chỉnh, đầu chuôi làm từ kim loại cứng cáp giúp nâng cao độ bền cho dây cáp, kháng vỡ, dễ quấn lại nhờ khả năng chịu lực uốn cong tốt. Cáp sạc AVA+ sở hữu màu sắc trang nhã, sang trọng, phù hợp với hầu hết người dùng Xem thêm"
cap-type-c-type-c-1m-xmobile-dr-t06?utm_flashsale=1,Cáp Type C - Type C 1m Xmobile DR-T06,"Cáp Type C - Type C 1m Xmobile DR-T06 được thiết kế tối giản, đẹp mắt với chuẩn công nghệ hiện đại và công suất sạc nhanh,... hỗ trợ sạc tiện lợi, phù hợp để mang đi bất kỳ đâu. • Cáp sạc Xmobile với cổng sạc Type C tiện lợi phù hợp với nhiều thiết bị điện thoại kể cả laptop. • Hỗ trợ công nghệ sạc nhanh Power Delivery với công suất tối đa đạt 60 W. • Chiều dài dây cáp này lên tới 1 m đủ cho bạn sạc thoải mái khi cần đặt lên kệ ở khoảng cách xa so với ổ cắm. • Không chỉ cung cấp năng lượng mà cáp sạc này còn cho phép bạn truyền dữ liệu nhanh chóng. Xem thêm"
adapter-sac-type-c-pd-20w-rockrose-powercube-sc-neo,Sạc Rockrose Powercube SC NEO,"Adapter Sạc Type C PD 20W Rockrose Powercube SC NEO là sản phẩm lý tưởng dành cho những ai đang tìm kiếm một giải pháp sạc nhanh, hiệu quả và an toàn cho các thiết bị di động của mình. Với công nghệ Power Delivery tiên tiến, sản phẩm này đảm bảo cung cấp nguồn năng lượng mạnh mẽ và ổn định cho mọi thiết bị. • Adapter sạc Rockrose sở hữu thiết kế nhỏ gọn và tinh tế. Vẻ ngoài nổi bật không chỉ phù hợp với mọi không gian mà còn dễ dàng mang theo bên mình. Có thể bỏ vào túi xách, ba lô, hoặc thậm chí là túi áo mà không cảm thấy bất tiện, luôn sẵn sàng cho mọi tình huống cần sạc. • Với công suất tối đa lên đến 20 W, adapter sạc này cung cấp tốc độ sạc nhanh chóng, giúp tiết kiệm thời gian sạc đáng kể. Xem thêm"
cap-type-c-lightning-mfi-1m-mbest-ds954,Cáp Type C - Lightning MFI 1m Mbest DS954,"Màu xanh Navy thời thượng, dây dài 1 m dễ dùng Cáp Type C - Lightning MFI 1m Mbest DS954 có vỏ dây cáp được làm từ sợi nylon dai chắc, khả năng uốn cong tốt, cho bạn dễ dàng quấn lại và đem theo bên mình trong mọi hành trình. Xem thêm"
adapter-sac-2-cong-usb-type-c-15w-xmobile-mfk3a,Sạc 2 cổng Xmobile MFK3A,"Adapter Sạc 2 cổng USB Type C 15W Xmobile MFK3A Đen với thiết kế gọn gàng, đặt vào túi xách, balo, chỉ chiếm 1 không gian rất nhỏ nên bạn có thể dịch chuyển đến bất cứ đâu. • Adapter sạc sở hữu gam màu đen mạnh mẽ, đẹp mắt, lớp vỏ dày, cách điện tốt. • Thiết kế jack 2 chân cố định cứng cáp, cắm trực tiếp được vào ổ điện, cho bạn sử dụng linh động ở nhiều nơi. • Mỗi cổng cung cấp dòng điện mạnh mẽ, cho tốc độ nạp pin nhanh chóng, với cổng Type-C là 5V - 3A và cổng USB là 5V - 2.4A. • Với 2 nguồn ra, adapter Xmobile có thể sạc được cùng 1 lúc 2 máy, giảm thời gian chờ đợi đáng kể với tổng dòng sạc đến 3.4A. Xem thêm"
bo-de-sac-khong-day-2-in-1-15w-maggo-kem-cap-type-c-type-c-1-5m-anker-a2544,Sạc không dây 2 in 1 MagGo kèm Cáp Type C - Type C 1.5m Anker A2544,"Bộ đế sạc không dây 2 in 1 15W MagGo Anker A2544 mang đến sự tiện lợi cho người dùng Apple với khả năng sạc đồng thời iPhone và tai nghe cùng lúc. • Với công suất sạc không dây tối đa 15W qua chuẩn Qi2, adapter sạc này sẵn sàng cung cấp năng lượng nhanh chóng cho iPhone 15 Pro và các mẫu iPhone từ 12 trở lên. • Sự linh hoạt trong thiết kế của adapter sạc 15W này được thể hiện qua khả năng xoay 45° theo chiều dọc và 360° theo chiều ngang, góp phần tối ưu hóa góc nhìn và mang lại sự thoải mái khi sử dụng điện thoại trong lúc sạc. • Thiết kế hiện đại của adapter sạc Anker còn được tích hợp hai đèn LED thông minh ngay tại đế, một đèn dành cho điện thoại, đèn còn lại dành cho tai nghe, hỗ trợ bạn kiểm soát tình trạng năng lượng của cả hai thiết bị. Xem thêm"
cap-type-c-type-c-2m-baseus-discolor-cb000103,Cáp Type C - Type C 2m Baseus Discolor CB000103,Không có mô tả
adapter-sac-2-cong-type-c-pd-3-0-45w-ugreen-nexode-cd294-90573,Sạc 2 cổng Ugreen Nexode CD294 90573,"Trong thế giới công nghệ ngày càng phát triển, việc sở hữu một chiếc adapter sạc chất lượng là vô cùng quan trọng. Adapter Sạc 2 cổng Type C PD 3.0 45W Ugreen Nexode CD294 90573 nổi bật với khả năng sạc nhanh chóng, thiết kế nhỏ gọn và tích hợp nhiều công nghệ tiên tiến, hứa hẹn sẽ là người bạn đồng hành lý tưởng cho mọi thiết bị của bạn. Nhỏ gọn, tinh tế, dễ dàng mang theo Ấn tượng đầu tiên về chiếc adapter này chính là thiết kế hình trụ nhỏ gọn, với kích thước chỉ 4.9 cm - 4 cm - 4 cm. Nhờ vậy, bạn có thể dễ dàng bỏ túi, mang theo bên mình mọi lúc mọi nơi mà không lo bị chiếm diện tích. Thiết kế tối giản nhưng không kém phần tinh tế của adapter sạc này cũng là một điểm cộng lớn, phù hợp với mọi phong cách người dùng. Xem thêm"
adapter-type-c-sang-hdmi-type-c-usb-apple-muf82,Adapter chuyển đổi Type C 3 in 1 Apple MUF82,"Adapter chuyển đổi Type C sang HDMI/Type C/USB Apple MUF82 Trắng có thiết kế nhỏ gọn, sang trọng giúp người dùng dễ dàng mang theo bên mình sử dụng. Adapter là sản phẩm chính hãng của Apple được thiết kế cho Macbook và iPad Pro. Xem thêm"
adapter-2-cong-usb-typecpd-kem-cap-typec-typec-1m-100w-baseus-ccgan100e5,Sạc 2 cổng kèm Cáp Type C - Type C Baseus CCGAN100E5,"Bộ Adapter Sạc 2 cổng USB Type C PD QC 3.0 GaN5 kèm Cáp Type C - Type C 1m 100W Baseus CCGAN100E5 được coi là siêu phẩm của thương hiệu Baseus, từ khi ra mắt với kiểu dáng gọn nhẹ, công suất sạc lớn và nhanh chóng, tương thích với nhiều loại thiết bị, mang đến cho người dùng những trải nghiệm tốt nhất. • Kích thước adapter sạc nhỏ, vừa vặn khi sử dụng, không chiếm quá nhiều diện tích trên ổ điện. • Adapter trang bị công nghệ GaN5 mang đến khả năng tích hợp chip cao hơn và độ chuyển đổi năng lượng nhanh hơn. • Hỗ trợ sạc nhanh cùng lúc 1 cổng Type C 65 W và 1 cổng USB 30 W. Bạn có thể sạc cùng một lúc 2 thiết bị ví dụ như vừa sạc laptop và điện thoại với công suất đầu ra cao, mang lại hiệu quả cao hơn. Xem thêm"
cap-lightning-20cm-ava-kalf?utm_flashsale=1,Cáp Lightning 0.2m AVA+ Kalf,"Thon gọn, chất liệu dây nhựa cao cấp dẻo dai Dây nhựa bọc toàn diện cáp sạc, chuôi sử dụng vật liệu kim loại tăng khả năng chịu tác động lực, hạn chế đứt gãy. Vẻ ngoài trẻ trung với gam màu trắng tươi sáng, giữ độ mới lâu, chiều dài 0.2 m thu gọn dây nhanh, đơn giản. Xem thêm"
adapter-sac-3-cong-usb-type-c-pd-65w-samsung-ep-t6530n,Sạc 3 cổng Samsung EP-T6530,"Mới đây, nhà Samsung đã cho ra mắt Adapter sạc 3 cổng USB Type C PD 65W Samsung EP-T6530 Đen khi sạc được cho 3 thiết bị cùng một lúc. Được xem là củ sạc đa năng phù hợp với thời đại 4.0, khi nhu cầu sử dụng nhiều thiết bị di động cùng lúc của người dùng như: laptop, máy tính bảng, tai nghe, đồng hồ thông minh. Mang một thiết kế hoàn thiện kết hợp màu đen đầy tinh tế Vẫn là thiết kế khá tương đồng như củ sạc 45 W PD Power Adapter, nhưng ở củ sạc 65 W PD Power Adapter các đường góc cạnh bao quanh củ sạc được gia công tỉ mỉ, từng đường nét vuông vức, chắc chắn và đẹp hơn. Xem thêm"
cap-type-c-1m-xmobile-cn035-xanh,Cáp Type C 1m Xmobile CN035,"Cáp Type C 1m Xmobile CN035 gọn nhẹ, bền chắc, sạc nhanh ấn tượng, hỗ trợ bạn tối đa trong các vấn đề sạc pin, truyền dữ liệu mọi lúc mọi nơi. • Thiết kế cáp sạc đơn giản, chiều dài dây 1 m tối ưu trải nghiệm sử dụng. Vừa tiện lợi khi sạc, vừa giúp cuốn gọn dễ dàng mà không bị rối dây. • Chất liệu lõi cáp chất lượng, an toàn khi sạc, vỏ bọc bên ngoài được bện chắc chắn cho thời gian sử dụng lâu dài. • Trang bị công nghệ Power Delivery hiện đại, sạc pin nhanh chóng cho nhiều thiết bị với mức công suất tối đa 27 W qua cổng sạc Type C. • Sử dụng đầu vào USB-A thông dụng,  dễ dàng kết hợp với nhiều Adapter để tạo thành bộ phụ kiện sạc pin hoàn chỉnh. Xem thêm"
adapter-chuyen-doi-type-c-4-in-1-hyperdrive-next-hd4001,Adapter chuyển đổi Type C 4 in 1 HyperDrive Next HD4001,"Xu hướng laptop ngày càng mỏng nhẹ khiến các cổng kết nối truyền thống bị thu gọn đáng kể. Điều này đòi hỏi người dùng phải có một giải pháp kết nối linh hoạt hơn, adapter chuyển đổi Type C 4 in 1 HyperDrive Next HD4001 là một lựa chọn hoàn hảo. Với đầy đủ các cổng kết nối thông dụng, sản phẩm này giúp laptop dễ dàng kết nối nhiều thiết bị ngoại vi, nâng cao hiệu suất làm việc và trải nghiệm giải trí. • Chỉ với một chiếc hub chuyển đổi nhỏ gọn, bạn đã có trong tay 4 cổng kết nối đa năng: Type C, USB, HDMI (4K) và Type C PD 100W. Đây thực sự là một giải pháp hoàn hảo để mở rộng khả năng kết nối của chiếc laptop mỏng nhẹ của bạn. • Công nghệ sạc nhanh Power Delivery với công suất sạc lên đến 100W của hub chuyển đổi HyperDrive sẽ giúp bạn sạc đầy pin cho các thiết bị như điện thoại, tai nghe, loa, chuột,... một cách nhanh chóng. Xem thêm"
adapter-sac-2-cong-kem-cap-type-c-type-c-pd-50w-samsung-ep-t5020xb,Bộ Adapter sạc 2 cổng kèm cáp Type C - Type C Samsung EP-T5020XB,"Với khả năng sạc nhanh và an toàn, adapter sạc 2 cổng kèm cáp Type C - Type C PD 50W Samsung EP-T5020XB là phụ kiện lý tưởng để nạp đầy năng lượng cho thiết bị của bạn. Sản phẩm này không chỉ giúp bạn sạc pin một cách nhanh chóng mà còn đảm bảo an toàn tối đa trong suốt quá trình, nhờ vào những đặc điểm ưu việt mà củ sạc Samsung mang lại. Nếu bạn đang tìm kiếm một giải pháp sạc nhanh và chất lượng, đây chính là lựa chọn hoàn hảo. • Bộ sạc này sở hữu kích thước nhỏ gọn, dễ dàng nằm gọn trong túi xách hay balo, cực kỳ tiện lợi để bạn mang theo đi học hoặc đi làm mỗi ngày. Đặc biệt, Adapter kèm cáp Type C - Type C đi kèm giúp việc sạc pin trở nên thuận tiện hơn bao giờ hết. Xem thêm"
cap-type-c-lightning-mfi-1m-mbest-ds640-wb-den,Cáp Type C - Lightning MFI 1m Mbest DS640-WB,"Cáp Type C - Lightning MFI 1m Mbest DS640-WB đen có thiết kế chắc chắn với lớp vải dù bảo vệ, cho cáp khỏi gập gãy trong quá trình sử dụng Xem thêm"
cap-usb-type-c-1-5m-beats,Cáp USB - Type C 1.5m Beats,Không có mô tả
sac-xe-hoi-3-cong-usb-type-c-iq3-67w-anker-535-a2731,Sạc xe hơi 3 cổng Anker 535 A2731,"Sạc xe hơi 3 cổng USB Type C IQ3 67W Anker 535 A2731 là một giải pháp sạc nhanh chóng và tiện lợi, đảm bảo các thiết bị của bạn luôn đầy pin trên mọi hành trình. Với thiết kế nhỏ gọn, công suất mạnh mẽ và khả năng tương thích đa dạng, sản phẩm này sẽ là người bạn đồng hành lý tưởng trên xe hơi. Thiết kế tối giản, bền bỉ Adapter sạc sở hữu kiểu dáng hình trụ đơn giản nhưng không kém phần tinh tế. Với kích thước nhỏ gọn, dài chỉ 6 cm và đường kính 3.2 cm, bạn có thể dễ dàng mang theo mà không chiếm nhiều không gian trong xe. Vỏ ngoài được làm từ vật liệu cao cấp, mang đến độ bền bỉ và khả năng chịu nhiệt tốt, đảm bảo an toàn trong quá trình sử dụng. Xem thêm"
adapter-chuyen-doi-type-c-6-in-1-hyperdrive-next-hd4002,Adapter chuyển đổi Type C 6 in 1 HyperDrive Next HD4002,"Adapter chuyển đổi Type C 6 in 1 HyperDrive Next HD4002 sẽ mang đến cho bạn những trải nghiệm vượt trội với tốc độ truyền dữ liệu siêu nhanh, khả năng xuất hình ảnh 4K sắc nét và công suất sạc mạnh mẽ. Sản phẩm này sẽ là người bạn đồng hành lý tưởng cho những ai sử dụng nhiều thiết bị điện tử và làm việc ở nhiều nơi khác nhau. • Sở hữu 6 cổng kết nối gồm 1 Type C, 1 khe đọc thẻ nhớ SD, 2 USB, 1 HDMI (4K) và 1 Type C (PD 100W) đáp ứng nhu cầu chuyển dữ liệu, kết nối với các thiết bị khác và cả việc sạc pin. • Hub chuyển đổi có thiết kế tối giản, gam màu xanh hài hòa với mọi không gian làm việc. Kích thước khá nhỏ gọn, bạn có thể đem theo muôn nơi từ văn phòng công ty, nhà ở, thư viện đến các quán cà phê học tập. Xem thêm"
cap-sac-magsafe-apple-2m-mx6y3,Cáp sạc MagSafe Apple 2m MX6Y3,Không có mô tả
cap-type-c-type-c-0-2m-beats-meq94,Cáp Type C - Type C 0.2m Beats MEQ94,Không có mô tả
adapter-sac-3-cong-usb-type-c-iq3-gan-100w-anker-prime-a2688,Sạc 3 cổng Anker Prime A2688,"Ngày nay, việc sở hữu một adapter không chỉ là một nhu cầu, mà còn là một giải pháp tiện lợi và an toàn cho cuộc sống hiện đại. Adapter Sạc 3 cổng USB Type C IQ3 GaN 100W Anker Prime A2688 với khả năng sạc nhanh chóng và hiệu quả, sản phẩm này hứa hẹn sẽ là người bạn đồng hành đáng tin cậy của bạn trên mọi hành trình. Thiết kế tối giản, sang trọng đến từng đường nét Anker Prime A2688 sở hữu kiểu dáng hình hộp chữ nhật với các góc cạnh bo cong nhẹ, mang lại cảm giác cầm nắm thoải mái và chắc chắn. Thiết kế này không chỉ tối giản mà còn toát lên vẻ sang trọng, phù hợp với mọi không gian làm việc và giải trí. Xem thêm"
adapter-sac-4-cong-usb-type-c-iq3-gan-140w-led-display-anker-zolo-b2697-den,Sạc 4 cổng Anker Zolo kèm Cáp Type C - Type C 1.5m B2697,Không có mô tả
cap-type-c-type-c-2m-mbest-ds076x-trang,Cáp Type C - Type C 2m Mbest DS076X,"Thiết kế gọn nhẹ, chịu lực bẻ cong mạnh Hai đầu cáp đối xứng, bọc kim loại, dây phủ nhựa bền bỉ, bảo vệ lõi bên trong khi sử dụng. Mbest DS076X có tone trắng nhã nhặn, tạo điểm nhấn cho túi đồ phụ kiện của bạn thêm thời trang hơn. Độ dài cáp sạc Mbest 2 m, phù hợp để dùng trong mọi tình huống như tại nhà, công ty, trên xe,... Xem thêm"
adapter-sac-usb-105w-ava-ds017a-tb,Sạc AVA+ DS017A-TB,"Nâng cao tốc độ sạc với công suất lên đến 10.5 W Adapter sạc USB hỗ trợ dòng sạc mạnh mẽ cho bạn bổ sung năng lượng cho các thiết bị nhanh chóng, rút ngắn thời gian chờ đợi để bạn kịp thời trở lại với guồng quay công việc bận rộn hay tận hưởng thế giới giải trí hấp dẫn ngay khi bạn muốn. Xem thêm"
adapter-sac-2-cong-type-c-pd-pps-gan-ii-65w-anker-powerport-iii-a2666,Sạc 2 cổng Anker PowerPort III A2666,"Adapter Sạc 2 cổng Type C PD PPS GaN II 65W Anker PowerPort III A2666 sở hữu kiểu dáng sang trọng, màu sắc tinh tế, tổng công suất sạc lên đến 65 W giúp sạc nhanh chóng, mang đến cho người dùng những trải nghiệm tuyệt vời. • Kiểu dáng sang trọng, kích thước vừa vặn với tay cầm, tiện lợi mang theo bất kì đâu. • Khi sử dụng 1 cổng thì công suất sạc tối đa có thể đạt là 65 W. Tuy nhiên tuỳ vào thiết bị nhận sạc mà dòng sạc sẽ tự điều chỉnh mức sạc để bảo vệ an toàn quá trình sạc và pin của thiết bị như: 5V - 3A, 9V - 3A, 15V - 3A, 20V - 3.25A. • Khi sử dụng 2 cổng sạc cùng lúc thì ở cổng sạc trên có mức công suất tối đa là 20 W và ở cổng sạc dưới mức công suất tối đa là 45 W. Xem thêm"
adapter-sac-3-cong-usb-type-c-iq3-100w-anker-a2145,Sạc 3 cổng Anker A2145,"Adapter Sạc 3 cổng USB Type-C IQ3 100W Anker A2145 không chỉ là một thiết bị sạc thông thường mà là một công cụ tiện lợi quan trọng cho tất cả các thiết bị số của bạn. Được trang bị công nghệ GaN2 tiên tiến, sản phẩm này có thiết kế nhỏ gọn, dễ dàng mang theo mỗi khi di chuyển. • Adapter được hỗ trợ công nghệ GaN2, Anker tạo ra một bộ sạc nhỏ gọn hơn, nhẹ nhàng hơn nhưng vẫn giữ được công suất sạc đến 100 W. • Thiết kế chân cắm gập gọn cung cấp sự tiện lợi cho người dùng, cho phép dễ dàng gấp gọn và đưa vào túi xách hay hộp đựng mà không lo lắng về việc gây hư hỏng cho đầu cắm. • Adapter 3 cổng sạc (2 Type-C và 1 USB-A) có khả năng sạc đồng thời nhiều thiết bị, Anker A2145 mang lại tiện ích tối đa. Cụ thể, cổng đơn: Type-C 1 (tối đa 100 W) / Type-C 2 (tối đa 100 W) / USB-A (tối đa 22.5 W). Cổng kép: Type-C 1 + Type-C 2 (60 W Max + 40 W Max) / Type-C 1 + USB-A (80 W Max + 18 W Max) / Type-C 2 + USB-A (60 W Max + 22.5 W Max). Ba cổng: Type-C 1 (45 W Max), Type-C 2 (30 W Max), USB-A (18 W Max). Xem thêm"
adapter-chuyen-doi-type-c-7-in-1-hyperdrive-next-hd4003,Adapter chuyển đổi Type C 7 in 1 HyperDrive Next HD4003,"Adapter chuyển đổi Type C 7 in 1 HyperDrive Next HD4003 sẽ là người bạn đồng hành lý tưởng. Với 7 cổng kết nối đa dạng, sản phẩm này giúp bạn mở rộng khả năng của thiết bị, đáp ứng mọi nhu cầu sử dụng, từ làm việc, học tập đến giải trí. Với thiết kế thông minh và tính năng vượt trội, sản phẩm này sẽ mang đến cho bạn những trải nghiệm bất ngờ. • Adapter chuyển đổi có 7 đầu ra gồm: 1 Gigabit Ethernet, 2 USB, 1 khe đọc thẻ nhớ SD, 1 khe đọc thẻ nhớ microSD, 1 HDMI (4K) và 1 Type C (PD 100W) phục vụ nhu cầu sử dụng đa dạng của người dùng. • Thông qua cổng HDMI hỗ trợ 4K trên hub chuyển đổi, bạn có thể dễ dàng mở rộng không gian làm việc bằng cách kết nối laptop với màn hình lớn, giúp bạn làm việc hiệu quả hơn. • Với tốc độ truyền dữ liệu siêu nhanh của cổng USB, bạn có thể nhanh chóng di chuyển các tệp giữa máy tính và các thiết bị lưu trữ khác.  sẽ giúp bạn tối ưu hóa quy trình làm việc, tăng năng suất và hiệu quả. Xem thêm"
cap-type-c-lightning-0-2m-beats-meqm4,Cáp Type C - Lightning 0.2m Beats MEQM4,Không có mô tả
adapter-sac-3-cong-usb-type-c-pd-3-0-gan-100w-ugreen-nexode-pro-x757-25874,Sạc 3 cổng kèm Cáp Type C - Type C 1.5m Ugreen Nexode Pro X757 25874,Không có mô tả
sac-xe-hoi-type-c-iq3-75w-anker-nano-a2738-kem-cap-day-rut-type-c,Sạc xe hơi Anker Nano A2738 kèm Cáp Dây rút Type C,"Sạc xe hơi không chỉ là một phụ kiện, mà còn là người bạn đồng hành không thể thiếu trên mọi nẻo đường. Sạc xe hơi Type C IQ3 75W Anker Nano A2738 kèm Cáp Dây rút Type C giúp bạn hoàn toàn có thể yên tâm tận hưởng những chuyến đi dài mà không lo hết pin thiết bị. Sản phẩm này mang đến sự tiện lợi, an toàn và tốc độ sạc vượt trội, đáp ứng mọi nhu cầu của người dùng hiện đại. Thiết kế nhỏ gọn, tinh tế đến từng đường nét Adapter sạc sở hữu thiết kế hình tẩu vô cùng nhỏ gọn, với kích thước chỉ 10 cm x 5 cm x 2.9 cm. Thiết kế này không chỉ giúp tiết kiệm không gian trong xe mà còn mang đến vẻ ngoài tinh tế, sang trọng. Sản phẩm đi kèm cáp dây rút Type C, giúp bạn dễ dàng kết nối và sạc thiết bị mà không lo dây bị rối hay vướng víu. Thiết kế dây rút cũng giúp bạn điều chỉnh độ dài dây phù hợp với nhu cầu sử dụng. Xem thêm"
adapter-sac-usb-12w-ava-ds020b,Sạc 2 cổng AVA+ DS020B,"Thiết kế nhỏ gọn, dễ dàng cất giữ Kích thước của adapter AVA+ khá nhỏ gọn nằm trọn trong lòng bàn tay của bạn, không chiếm quá nhiều diện tích trong balo, túi xách của bạn nên rất dễ dàng mang đi hằng ngày hoặc cho vào vali khi đi công tác, du lịch xa nhà. Xem thêm"
adapter-sac-apple-type-c-140w,Adapter sạc Apple Type C 140W,Không có mô tả
adapter-sac-type-c-pd-20w-innostyle-ultra-minicube-imc20pd,Sạc Innostyle Ultra Minicube IMC20PD,"Adapter Sạc Type C PD 20W Innostyle Ultra Minicube IMC20PD sở hữu kiểu dáng đơn giản, kích thước gọn chắc vừa tay cầm, hỗ trợ cung cấp năng lượng cho thiết bị nhanh chóng và an toàn, hứa hẹn mang đến trải nghiệm tốt cho người dùng. • Adapter sạc sở hữu vẻ bề ngoài khá nhỏ gọn, màu sắc tối giản, phù hợp với mọi phong cách sử dụng của bạn. • Phích cắm được thiết kế dẹp, tương thích với đa số các ổ cắm phổ biến hiện nay. • Được làm từ chất liệu nhựa cao cấp, cách điện tốt và hạn chế ảnh hưởng linh kiện bên trong mỗi khi bạn lỡ làm rơi rớt hay va đập. Xem thêm"
cap-type-c-type-c-1-5m-innostyle-powerflex-icc150al,Cáp Type C - Type C 1.5m Innostyle Powerflex ICC150AL,"Cáp Type C - Type C 1.5m Innostyle Powerflex ICC150AL sở hữu kiểu dáng nhỏ gọn, kích thước dài tiện lợi, hỗ trợ người dùng cung cấp năng lượng và truyền tải dữ liệu nhanh chóng, mang đến những trải nghiệm tối ưu. • Cáp sạc được làm từ chất liệu Nylon bền bỉ, lõi bên trong được làm bằng đồng cao cấp, giúp hạn chế xoắn đứt trong quá trình sử dụng. • Chiều dài dây cáp lên đến 1.5 m, giúp bạn sạc thiết bị ở khoảng cách khá xa nguồn điện. • Cáp sạc Innostyle trang bị đầu Type C phổ biến hiện nay, cho phép bạn truyền tải dữ liệu nhanh chóng và ổn định. Xem thêm"
adapter-chuyen-doi-type-c-8-in-1-hyperdrive-next-hd4004,Adapter chuyển đổi Type C 8 in 1 HyperDrive Next HD4004,"Nhu cầu kết nối đa thiết bị ngày càng tăng cao, nên các thiết bị chuyển đổi đa cổng như adapter chuyển đổi Type C 8 in 1 HyperDrive Next HD4004 rất được ưa chuộng. Với 8 cổng đa năng, bạn có thể dễ dàng kết nối mọi thứ từ laptop, điện thoại đến các thiết bị ngoại vi khác chỉ trong một thiết bị nhỏ gọn. • Nhanh gấp nhiều lần so với các chuẩn USB truyền thống, cổng USB 3.2 trên hub chuyển đổi HyperDrive với tốc độ 10 Gbps cho phép bạn truyền tải dữ liệu nhanh chóng. Việc sao chép phim, ảnh hoặc các file tài liệu lớn sẽ không còn là vấn đề nan giải, bạn sẽ tối ưu được thời gian làm việc hơn. • Mở rộng không gian làm việc và giải trí của bạn với cổng HDMI 4K. Kết nối hub với màn hình lớn để tận hưởng hình ảnh sắc nét, sống động, như đang làm việc trong một studio chuyên nghiệp. Cho dù bạn đang làm việc, xem phim hay chơi game, cổng HDMI đều mang đến trải nghiệm thị giác tuyệt vời. Xem thêm"
de-sac-khong-day-2-in-1-qi2-15w-magnetic-ugreen-w709-45775,Sạc Không Dây 2 in 1 kèm Cáp Type C - Type C 1m Ugreen W709 45775,"Nếu bạn đang tìm kiếm một giải pháp sạc đa năng, tiện lợi và hiện đại. Đế Sạc Không Dây 2 in 1 Qi2 15W Magnetic kèm Cáp Type C - Type C 1m Ugreen W709 45775 chính là lựa chọn hoàn hảo cho bạn, thiết bị này không chỉ giúp bạn sạc nhanh chóng mà còn mang đến sự gọn gàng cho không gian làm việc và giải trí của bạn. Thiết kế tối giản, sạc 2 trong 1 tiện lợi Adapter sạc sở hữu thiết kế hình trụ nhỏ gọn, tinh tế, dễ dàng mang theo bên mình. Với khả năng sạc không dây, bạn chỉ cần đặt thiết bị lên đế sạc là có thể nạp năng lượng một cách nhanh chóng. Đặc biệt, thiết kế 2 trong 1 cho phép bạn sạc cùng lúc hai thiết bị, tiết kiệm thời gian và không gian một cách tối ưu. Xem thêm"
adapter-chuyen-doi-usb-c-6-in-1-hyperdrive-hd22e,Adapter chuyển đổi Type C 6 in 1 HyperDrive HD22E,"Thiết kế nhỏ gọn, sang trọng với vỏ ngoài bằng Aluminium CNC cao cấp nguyên khối màu xám Chất liệu cao cấp sáng bóng không han gỉ, dùng bền tốt, hạn chế trầy xước, mang lại nét thẩm mỹ sang trọng cho Adapter chuyển đổi Type-C 6 in 1 HyperDrive HD22E trong mọi không gian sử dụng. Thật dễ dàng để mang theo nó trong balo, giỏ xách tới công sở, trường học hay trong hành trang du lịch của bạn. Kết nối đa năng với nhiều thiết bị cùng lúc nhờ 6 cổng chuyển đổi Bao gồm 2 cổng USB 3.0, cổng USB Type-C, cổng SD, Micro SD và cổng HDMI, thiết bị chuyển đổi từ cổng Type-C của Macbook gồm có Macbook Pro 12/13/15 inch 2016 - 2017, Macbook Air 13 inch 2018, iPad Pro 2018, Surface Go, Surface Pro X, Surface Pro 7, Surfacebook 2 13/15 inch, laptop Surface 3 13/15 inch hoặc các laptop có dùng ra 6 cổng kết nối tiện lợi. Xem thêm"
cap-micro-ava-mu200,Cáp Micro USB 0.2m AVA+ MU200,"Gọn nhẹ, chiều dài dây cáp 0.2 m Cáp Micro AVA+ MU200 màu trắng đơn giản, vỏ nhựa dai bền, dễ gấp gọn, chống nứt gãy, tiện mang theo, chiều dài 0.2 m kết nối thuận tiện ở khoảng cách gần. Xem thêm"
cap-type-c-type-c-1-25m-mazer-c2c125,Cáp Type C - Type C 1.25m Mazer C2C125,"Cáp Type C - Type C 1.25m Mazer C2C125 sở hữu kiểu dáng tối giản, dây cáp được bao phủ chất liệu nylon có độ bền cao, bảo vệ tốt các linh kiện bên trong và có chiều dài dây 1.25 m sử dụng được nhiều nơi. • Dây cáp có kiểu dáng gọn gàng, chất liệu nylon bền bỉ, chống xoắn rối sử dụng vô cùng tiện và có tuổi thọ cao. • Chiều dài cáp 1.25 m vừa đủ dùng và có thể cuộn lại để bỏ vào balo, túi xách mang đi mọi nơi. • Cáp sạc Type-C hỗ trợ nạp pin nhanh chóng với dòng sạc có thể truyền tải lên đến 100 W. Đồng thời, bạn cũng có thể dùng sợi cáp này để truyền dữ liệu giữa 2 thiết bị mà không cần thông qua internet, vô cùng tiện lợi. • Cáp sạc Mazer dùng được các sản phẩm: , , , ,... hỗ trợ sạc nhanh, truyền dữ liệu an toàn. Xem thêm"
adapter-chuyen-doi-type-c-10-in-1-hyperdrive-next-hd4005,Adapter chuyển đổi Type C 10 in 1 HyperDrive Next HD4005,"Nếu bạn đang tìm kiếm một giải pháp tối ưu để kết nối và quản lý các thiết bị điện tử của mình thì adapter chuyển đổi Type C 10 in 1 HyperDrive Next HD4005 chính là lựa chọn hoàn hảo. Thiết kế nhỏ gọn, dễ dàng mang đi bất cứ đâu cùng với hệ thống cổng kết nối đa dạng giúp bạn làm việc hiệu quả hơn. Đặc biệt, khả năng truyền tải dữ liệu tốc độ cao và xuất hình ảnh 4K sẽ mang đến trải nghiệm người dùng tuyệt vời. • Không còn loay hoay với nhiều dây cáp lằng nhằng, hub chuyển đổi Type C là giải pháp hoàn hảo để kết nối mọi thiết bị của bạn. Chỉ với một thao tác cắm đơn giản, bạn đã có thể tận hưởng trải nghiệm làm việc và giải trí liền mạch. Sản phẩm tương thích với hầu hết các thiết bị sử dụng cổng Type-C, bạn sẽ tiết kiệm thời gian và công sức hơn. Xem thêm"
de-sac-khong-day-2-in-1-15w-magsafe-belkin-boostcharge-pro-wiz020,Sạc không dây 2 in 1 Belkin BoostCharge Pro WIZ020,"Đế sạc không dây 2 in 1 15W MagSafe Belkin BoostCharge Pro WIZ020 là sự hòa quyện giữa công nghệ hiện đại và thiết kế tinh tế, mang đến sự tiện lợi cho người dùng. • Hỗ trợ 2 đế sạc không dây với công suất tối đa lên đến 15W, adapter sạc cho hiệu suất sạc ổn định cho cả 2 thiết bị cùng lúc, giúp bạn duy trì kết nối trong suốt cả ngày dài. Với MagSafe, việc sạc sẽ trở nên dễ dàng và an toàn hơn mà không cần dây sạc rườm rà. • Bệ sạc không dây có thể tùy chỉnh của adapter sạc Belkin còn cho phép người dùng biến iPhone thành một chiếc đồng hồ để bàn, một màn hình thông báo hay thậm chí là một khung ảnh số. Người dùng có thể tùy chỉnh đế sạc từ 0 đến 70 độ để đem lại sự phù hợp cho nhiều không gian và cách sử dụng khác nhau. Xem thêm"
sac-khong-day-3-in-1-15w-maggo-ufo-kem-adapter-40w-cap-type-c-anker-b25m8,Sạc không dây MagGo UFO 3 in 1 kèm Cáp Type C - Type C 1.5m Anker B25M8,"Bộ đế sạc không dây 3 in 1 15W MagGo UFO kèm Adapter Sạc 40W Cáp Type C - Type C 1.5m Anker B25M8 sẽ mang đến giải pháp sạc nhanh chóng, tiện lợi và hiện đại cho các thiết bị điện tử của bạn. Với khả năng sạc cùng lúc nhiều thiết bị, thiết kế gọn nhẹ cùng công nghệ hiện đại, bộ đế sạc này giúp cuộc sống của bạn trở nên dễ dàng hơn. • Bộ sạc không dây này được chứng nhận tương thích với MagSafe, cho phép bạn sạc iPhone, Apple Watch và tai nghe không dây nhanh chóng. Đế sạc cung cấp công suất đầu ra lên đến 15W, đáp ứng nhu cầu sạc nhanh cho các dòng iPhone 12 trở lên, khi được cập nhật iOS 17.4. • Bộ sạc không dây Anker được thiết kế để sạc cùng lúc iPhone, tai nghe không dây và Apple Watch, giúp bạn tiết kiệm không gian và loại bỏ sự rối rắm của dây sạc trên bàn làm việc. Dù bạn đang ở văn phòng hay tại nhà, thiết bị này không chỉ giúp duy trì sự ngăn nắp mà còn mang lại trải nghiệm sử dụng hiện đại và tiện lợi. Xem thêm"
bo-adapter-sac-5-cong-qi2-desktop-charger-140w-baseus-nomos-ccnms140,Sạc 5 cổng Baseus kèm Cáp Type C - Type C Nomos CCNMS140,"Bộ Adapter Sạc 5 cổng Qi2 Desktop Charger 140W kèm Cáp Type C - Type C Baseus Nomos CCNMS140 là giải pháp sạc toàn diện với thiết kế 5 trong 1 tiện lợi. Sản phẩm này tương thích với nhiều loại thiết bị khác nhau cho phép bạn sạc đồng thời nhiều thiết bị mà không cần nhiều củ sạc riêng lẻ. Đặc biệt, với công suất sạc tối đa lên đến 140W, adapter sạc mang đến tốc độ sạc nhanh chóng và hiệu quả cho thiết bị của bạn. • Với kích thước nhỏ gọn, bộ sạc Baseus dễ dàng đặt gọn gàng trên bàn làm việc, tủ đầu giường hoặc mang theo khi di chuyển. Chất liệu cao cấp cùng hoàn thiện tỉ mỉ không chỉ toát lên vẻ sang trọng mà còn đảm bảo độ bền bỉ vượt trội cho sản phẩm. • Với khả năng cung cấp công suất lên đến 140W, bạn có thể sạc nhanh chóng nhiều thiết bị, từ điện thoại, máy tính bảng cho đến laptop. Nhờ tích hợp công nghệ Power Delivery 3.1, bộ sạc này không chỉ nâng cao hiệu suất sạc mà còn đảm bảo an toàn cho các thiết bị trong suốt quá trình sạc. Xem thêm"
cap-usb-type-c-0-2m-beats-meql4,Cáp USB - Type C 0.2m Beats MEQL4,Không có mô tả
adapter-6-cong-powercombo-tower-power-strip-gan-100w-baseus-ccgan100-s2ace,Sạc 6 cổng Baseus CCGAN100-S2ACE,"Baseus đã cho ra mắt adapter sạc 6 cổng PowerCombo Tower Power Strip GaN 100W Baseus CCGAN100-S2ACE - một giải pháp sạc toàn diện, tối ưu hóa không gian và đảm bảo an toàn cho mọi thiết bị điện tử của bạn. Với thiết kế độc đáo, công nghệ tiên tiến và khả năng sạc mạnh mẽ, sản phẩm này hứa hẹn sẽ là trợ thủ đắc lực cho mọi không gian làm việc hay giải trí hiện đại. • Chiếc adapter sạc này sở hữu thiết kế dạng tháp đứng nhỏ gọn và tinh tế giúp tiết kiệm không gian đáng kể trên bàn làm việc hoặc trong không gian giải trí của bạn. Vỏ ngoài được làm từ vật liệu cao cấp, mang lại vẻ ngoài sang trọng và độ bền bỉ cao. • Adapter còn được trang bị màn hình LED hiển thị công suất sạc và điện áp theo thời gian thực. Nhờ đó, người dùng có thể dễ dàng nắm bắt chính xác tình trạng nạp năng lượng của các thiết bị, đảm bảo quá trình sạc diễn ra hiệu quả và an toàn. Xem thêm"
adapter-sac-4-cong-usb-type-c-pd-3-0-gan-160w-ugreen-nexode-pro-x763-25877,Sạc 4 cổng kèm Cáp Type C - Type C 1.5m Ugreen Nexode Pro X763 25877,"Bộ Adapter Sạc 4 cổng USB Type C PD 3.0 GaN 160W kèm Cáp Type C - Type C 1.5m Ugreen Nexode Pro X763 25877 không chỉ là một tiện ích mà còn là giải pháp sạc nhanh, an toàn và hiệu quả cho mọi thiết bị của bạn. Điểm nổi bật của sản phẩm này là khả năng sạc đa dạng thiết bị cùng lúc với công suất lớn, tích hợp công nghệ GaN tiên tiến, mang đến trải nghiệm sạc tối ưu cho người dùng. Thiết kế tối giản, nhỏ gọn đến bất ngờ Ấn tượng đầu tiên về adapter sạc Ugreen này là thiết kế hình hộp chữ nhật với các góc cạnh bo tròn nhẹ, tạo cảm giác chắc chắn và hiện đại. Với kích thước chỉ 7 cm - 3.3 cm - 7 cm, sản phẩm vô cùng nhỏ gọn, dễ dàng mang theo bên mình trong những chuyến đi công tác hay du lịch. Bộ sản phẩm còn đi kèm dây cáp Type C to Type C dài 1.5m, giúp bạn kết nối và sạc các thiết bị Type C một cách dễ dàng. Xem thêm"
cap-type-c-lightning-2m-xmobile-cl-pd01-2000-den,Cáp Type C - Lightning 2m Xmobile CL-PD01-2000,"Thiết kế đơn giản với chất liệu bền bỉ Cáp Type C - Lightning 2m Xmobile CL-PD01-2000 Đen sử dụng chất liệu cao su cao cấp, không lo bị hỏng khi uốn gập. Cáp sạc có độ dài 2 m cho người dùng sử dụng trong nhiều trường hợp khác nhau. Xem thêm"
cap-micro-20cm-ava-hku601,Cáp Micro USB 0.2m AVA+ HKU601,"Thiết kế thanh mảnh, sử dụng lâu bền Cáp Micro 0.2 m AVA+ HKU601 với 2 màu trắng, đen dễ dàng cho nhiều sự lựa chọn phù hợp với phong cách của bạn. Với lớp nhựa dẻo bọc ngoài cho sử dụng chắc chắn, bền bỉ. Xem thêm"
cap-type-c-lightning-1m-xmobile-qc-tc06-1000,Cáp Type C - Lightning 1m Xmobile QC-TC06-1000,"Cáp Type C - Lightning 1m Xmobile QC-TC06-1000 là dạng cáp sạc nhanh 20 W, thiết kế đầu cáp dạng trong suốt trendy trẻ trung hiện nay, dây cáp được bao phủ chất liệu nylon bện bền bỉ, chắc chắn. • Dây dẫn và vỏ ngoài được làm từ chất liệu cao cấp cho phép cáp chịu được lực kéo lớn, yên tâm trong quá trình sử dụng. • Thiết kế đầu cáp dạng trong suốt đẹp mắt, trang bị đèn LED sáng lên mỗi khi kết nối, chiều dài 1 m lý tưởng cho các nhu cầu sạc cơ bản, dễ dàng cuộn gọn bỏ vào balo hay túi xách mang theo bất cứ đâu. • Cáp sạc Xmobile hỗ trợ sạc nhanh với mức công suất tối đa đạt 20 W, nạp đầy pin nhanh chóng, rút ngắn thời gian chờ đợi cho người dùng. •  được sản xuất dành riêng cho iPhone, iPad và các thiết bị điện tử khác của Apple có cổng sạc Lightning. Xem thêm"
adapter-sac-4-cong-usb-type-c-pd-qc-3-0-gan-200w-ugreen-x764-35539,Sạc 4 cổng Ugreen X764 35539,"Trong cuộc sống hiện đại, việc sở hữu một chiếc adapter sạc đa năng và mạnh mẽ là vô cùng cần thiết. Adapter Sạc 4 cổng USB Type C PD QC 3.0 GaN 200W Ugreen X764 35539 nổi bật như một giải pháp hoàn hảo, không chỉ giúp bạn sạc nhanh chóng mà còn đảm bảo an toàn cho các thiết bị của bạn. Với công suất lớn và tích hợp nhiều công nghệ tiên tiến, đây chắc chắn là một người bạn đồng hành không thể thiếu cho mọi tín đồ công nghệ. Thiết kế tối giản, nhỏ gọn Ấn tượng đầu tiên về Ugreen X764 35539 là thiết kế hình hộp chữ nhật vuông vắn nhưng vẫn có những đường bo tròn nhẹ ở các cạnh, mang lại cảm giác cầm nắm thoải mái và chắc chắn. Với kích thước chỉ 7.6 cm x 3.6 cm x 7.6 cm, củ sạc này vô cùng nhỏ gọn, dễ dàng bỏ vào túi xách hoặc balo mà không chiếm quá nhiều diện tích. Xem thêm"
adapter-sac-3-cong-usb-type-c-iq3-gan-67w-anker-prime-a2669,Sạc 3 cổng Anker Prime A2669,"Trong cuộc sống hiện đại, một chiếc adapter sạc chất lượng không chỉ là phụ kiện mà còn là người bạn đồng hành không thể thiếu, giúp bạn nạp năng lượng cho các thiết bị một cách nhanh chóng và an toàn. Adapter Sạc 3 cổng USB Type C IQ3 GaN 67W Anker Prime A2669 nổi bật với khả năng sạc nhanh, thiết kế nhỏ gọn và tích hợp nhiều công nghệ tiên tiến, hứa hẹn mang đến trải nghiệm sạc tuyệt vời cho mọi thiết bị của bạn. Thiết kế tối giản, gấp gọn tiện lợi Anker Prime A2669 sở hữu thiết kế hình trụ quen thuộc, nhỏ gọn với kích thước chỉ 5 cm - 3.85 cm - 3.98 cm, dễ dàng bỏ túi mang theo bất cứ đâu. Vẻ ngoài của adapter được hoàn thiện tỉ mỉ, mang đến cảm giác chắc chắn và bền bỉ. Ngoài ra, adapter còn có thể gấp gọn, giúp bạn dễ dàng mang theo khi di chuyển. Xem thêm"
