id_product,name_product,description
asus-vivobook-go-15-e1504fa-r5-nj776w,Asus Vivobook Go 15 E1504FA R5 7520U (NJ776W),"Laptop Asus Vivobook Go 15 E1504FA R5 7520U (NJ776W) mang phong cách thiết kế sang trọng, hiệu năng mạnh mẽ cùng tính đa năng sử dụng, chắc chắn sẽ giúp bạn đáp ứng mọi tác vụ công việc và học tập hàng ngày một cách hiệu quả và chuyên nghiệp nhất. Thiết kế quen thuộc, kiểu cách sang trọng Kiểu dáng đã quá quen thuộc đến từ các dòng Vivobook nhà Asus, tuy vậy nhưng với thiết kế ngoại hình tối giản hiện đại như vậy, cá nhân mình lại nhận thấy cực kì phù hợp với xu hướng thời trang hiện nay. Laptop Asus vẫn giữ được nét thuần tuý với gam màu bạc sáng khá thu hút, vỏ được chế tác bằng nhựa nhưng lại rất cứng cáp, độ bền lại còn được đảm bảo chuẩn quân đội MIL STD 810H và các bề mặt được gia công ghép nối rất kĩ, nên mình chỉ việc trang bị thêm một chiếc túi chống sốc là có thể an tâm mang theo mọi nơi rồi. Xem thêm"
hp-15-fd0234tu-i5-9q969pa,HP 15 fd0234TU i5 1334U (9Q969PA),"Tích hợp tuyệt vời với đa dạng chế độ làm việc trong ngày, đẩy cao hiệu suất tư duy sáng tạo cũng như nâng hiệu quả công việc của bạn lên cao nhất với laptop HP 15 fd0234TU i5 1334U (9Q969PA), được tích hợp con chip Gen 13 hiện đại, khối lượng nhẹ nhàng cùng cấu trúc cực kì dễ dàng mang theo bên mình. • Bộ đôi hiệu năng ổn định Intel Core i5 1334U và card tích hợp Intel Iris Xe Graphics cho phép người dùng hoàn thành công việc văn phòng trên Word, chạy hàng trăm hàng tính toán trên Excel hay Sheet mà không bị giật lag gián đoạn, thậm chí người dùng cũng có thể làm việc hiệu quả đối với các phần mềm thiết kế hình ảnh, edit video cơ bản và chiến game nhẹ. • Với RAM 16 GB trên laptop bạn có thể mở nhiều tab trên trình duyệt, chạy nhiều chương trình cùng một lúc mà không bị chậm hay lag máy. Việc hỗ trợ nâng cấp lên đến cũng đảm bảo nhiều lượng tài nguyên hơn cho quá trình vận hành. Ổ cứng có khả năng đọc, ghi dữ liệu nhanh hơn so với các loại ổ cứng HDD cũ, khiến mọi thao tác đều trở nên mượt mà hơn. Xem thêm"
dell-inspiron-15-3520-i5-n5i5057w1,Dell Inspiron 15 3520 i5 1235U (N5I5057W1),"Laptop Dell Inspiron 15 3520 i5 1235U (N5I5057W1) là laptop tầm trung lý tưởng cho văn phòng, học sinh, sinh viên và người dùng cần thiết bị linh hoạt cho công việc và giải trí. Với vi xử lý Intel Core i5 thế hệ 12, máy mang đến hiệu suất ổn định, khả năng đa nhiệm mượt mà và thiết kế gọn nhẹ, phù hợp cho mọi nhu cầu sử dụng hàng ngày. Thiết kế tối giản, độ bền ấn tượng Laptop được ""xây dựng"" với chất liệu nhựa cao cấp, bề mặt được hoàn thiện tỉ mỉ, giúp máy bền bỉ hơn trước các tác động nhẹ hoặc di chuyển. Khối lượng chỉ 1.66 kg, khiến việc di chuyển trở nên dễ dàng mà không gây cảm giác nặng nề, phù hợp cho người dùng làm việc suốt cả ngày. Xem thêm"
lenovo-ideapad-slim-3-15irh10-i5-83k1000hvn,Lenovo IdeaPad Slim 3 15IRH10 i5 13420H (83K1000HVN),"Laptop Lenovo IdeaPad Slim 3 15IRH10 i5 13420H (83K1000HVN) là sự lựa chọn lý tưởng cho học sinh, sinh viên và nhân viên văn phòng nhờ sự kết hợp hoàn hảo giữa hiệu năng ổn định, thiết kế mỏng nhẹ và tính di động cao. Đây là người bạn đồng hành đáng tin cậy, đáp ứng tốt mọi nhu cầu từ học tập, làm việc đến giải trí, mang đến trải nghiệm sử dụng tuyệt vời trong tầm giá. Sức mạnh vượt trội, cân mọi tác vụ với chip Intel Core i5 thế hệ 13 ""Trái tim"" của chiếc laptop học tập - văn phòng này là bộ vi xử lý Intel Core i5 Raptor Lake - 13420H với 8 nhân và 12 luồng, tốc độ tối đa lên đến 4.6 GHz nhờ Turbo Boost. Sức mạnh này cho phép máy xử lý mượt mà các tác vụ văn phòng hàng ngày như soạn thảo văn bản, duyệt web, làm việc với bảng tính, cũng như các ứng dụng đồ họa nhẹ và giải trí đa phương tiện. Card đồ họa tích hợp cũng đủ sức đáp ứng nhu cầu xem phim, chơi game online nhẹ nhàng. Xem thêm"
macbook-air-13-inch-m4-16gb-256gb,MacBook Air 13 inch M4 16GB/256GB,"Không làm người dùng thất vọng, Apple đã cho ra mắt MacBook Air M4 16GB không chỉ là một chiếc laptop siêu mỏng nhẹ mà còn mang đến hiệu suất mạnh mẽ với chip Apple M4 và RAM 16 GB, cùng màn hình Liquid Retina rực rỡ và thời lượng pin ấn tượng. Sản phẩm này là sự lựa chọn hoàn hảo cho mọi nhu cầu, phù hợp cho cả người dùng văn phòng, sinh viên, đặc biệt là nhà sáng tạo nội dung, thiết kế đồ hoạ. Hiệu suất đồ họa ấn tượng Bộ vi xử lý Apple M4 được sản xuất trên tiến trình tiên tiến của Apple, giúp tối ưu hiệu suất và tiết kiệm năng lượng vượt trội. Với 10 nhân CPU, con chip này mang lại khả năng xử lý nhanh chóng và mượt mà cho mọi tác vụ, từ công việc văn phòng, lập trình, chỉnh sửa ảnh đến biên tập video. Xem thêm"
acer-aspire-go-ag15-31p-30m4-i3-nxkrpsv004,Acer Aspire Go AG15 31P 30M4 i3 N305 (NX.KRPSV.004),"Laptop Acer Aspire Go AG15 31P 30M4 i3 N305 (NX.KRPSV.004) là một chiếc laptop sở hữu thiết kế gọn nhẹ, hiệu suất ổn định cùng màn hình lớn, đáp ứng hoàn hảo nhu cầu học tập, làm việc và giải trí nhẹ nhàng. Đây là lựa chọn lý tưởng cho sinh viên, nhân viên văn phòng hoặc những ai đang tìm kiếm một thiết bị đáng tin cậy với mức giá hợp lý. Sức mạnh tiềm ẩn bên trong vẻ ngoài thanh lịch Laptop Acer được trang bị CPU Intel Core i3 Alder Lake chuỗi N - N305 với 8 nhân và 8 luồng, cho phép xử lý mượt mà các tác vụ hàng ngày như soạn thảo văn bản, làm việc trên Excel, duyệt web hay tham gia các cuộc họp trực tuyến. Nhờ xung nhịp tối đa lên đến 3.8 GHz, hiệu năng của máy đủ để đảm bảo sự ổn định trong quá trình sử dụng mà vẫn tiết kiệm điện năng. Xem thêm"
hp-15-fc0085au-r5-a6vv8pa,HP 15 fc0085AU R5 7430U (A6VV8PA),"Nổi bật và quá thân quen trong phân khúc laptop học tập - văn phòng giá rẻ, chiếc laptop HP 15 fc0085AU R5 7430U (A6VV8PA) với cấu hình ổn định, vận hành hiệu quả mọi tác vụ từ làm việc đến giải trí đa phương tiện. Máy hội tụ đầy đủ các yếu tố để trở thành bạn trợ thủ lý tưởng cho người dùng. • Laptop HP với vi xử lý AMD Ryzen 5 - 7430U kết hợp cùng card AMD Radeon Graphics giúp đảm nhận mượt mà từ công việc văn phòng đến giải trí, giải quyết nhanh tài liệu với Microsoft Office và Google Docs. Hơn nữa, một số công việc như thiết kế đồ hoạ thông dụng với Adobe Photoshop, Figma,... • Bộ nhớ RAM 16 GB DDR4 đảm bảo khả năng đa nhiệm mượt mà, phù hợp cho công việc đòi hỏi nhiều tài nguyên như đa nhiệm nhiều cửa sổ công việc, thiết kế đồ hoạ cơ bản mà không lo giật lag, gián đoạn. Ổ cứng với dung lượng cung cấp không gian lưu trữ rộng rãi cho nhiều ứng dụng và tệp tin khác nhau. Xem thêm"
asus-vivobook-15-x1504va-i3-nj1634w,Asus Vivobook 15 X1504VA i3 1315U (NJ1634W),"Một chiếc laptop lý tưởng cho học tập và làm việc không chỉ cần hiệu năng mạnh mẽ mà còn phải có thiết kế tinh tế, hiện đại cùng mức giá hợp lý. Laptop Asus Vivobook 15 X1504VA i3 1315U (NJ1634W) chính là sự lựa chọn đáng tin cậy dành cho sinh viên và nhân viên văn phòng nhờ sự cân bằng hoàn hảo giữa hiệu suất và tính di động. Hiệu năng ổn định Sở hữu bộ vi xử lý Intel Core i3 1315U mạnh mẽ kết hợp cùng card đồ họa tích hợp Intel UHD Graphics, laptop Asus Vivobook mang đến hiệu năng vượt trội cho các công việc soạn thảo văn bản, xử lý số liệu trên Excel, ghi chú nhanh chóng và duyệt web mượt mà. Không chỉ vậy, người dùng cũng có thể chỉnh sửa ảnh cơ bản trên Photoshop, Canva hay giải trí với một số tựa game phổ thông mà không lo giật lag. Xem thêm"
acer-nitro-v-15-anv15-41-r2up-r5-nhqpgsv004,Acer Nitro V 15 ANV15 41 R2UP R5 6600H (NH.QPGSV.004),"Lưu ý: Tất cả sản phẩm gaming dòng Nitro V và Predator khi mua hàng có hoá đơn từ ngày 01/01/2025 trở đi, thời gian bảo hành máy thay đổi từ 1 năm thành 2 năm. Bạn đang tìm kiếm một chiếc laptop không chỉ mạnh mẽ trong cấu hình mà còn đậm cá tính nhưng giá thành lại còn hợp lý. Laptop Acer Nitro V 15 ANV15 41 R2UP R5 6600H (NH.QPGSV.004) chính là lựa chọn hoàn hảo để nâng tầm trải nghiệm game và sáng tạo của bạn. Sở hữu thiết kế ấn tượng cùng hiệu năng vượt trội, chiếc laptop này hứa hẹn sẽ chinh phục cả những game thủ khó tính nhất. Sức mạnh ""khủng"" bên trong Acer Nitro V 15 – Chiến mọi tác vụ thiết kế, kỹ thuật Xem thêm"
lenovo-ideapad-slim-3-15amn8-r5-82xq00j0vn,Lenovo Ideapad Slim 3 15AMN8 R5 7520U (82XQ00J0VN),"Trong thị trường laptop học tập - văn phòng, chiếc laptop Lenovo Ideapad Slim 3 15AMN8 R5 7520U (82XQ00J0VN) nhanh chóng thu hút sự chú ý của người dùng bởi nhiều ưu điểm nổi bật. Chiếc laptop này hội tụ đầy đủ các yếu tố để trở thành người bạn đồng hành lý tưởng cho học sinh, sinh viên và nhân viên văn phòng, đáp ứng mọi nhu cầu học tập, làm việc và giải trí một cách hiệu quả. • So với các đối thủ cùng phân khúc, chiếc laptop Lenovo Ideapad này sở hữu cấu hình khá ấn tượng và mới mẻ, đáp ứng tốt mọi nhu cầu học tập, làm việc và giải trí cơ bản. Với bộ vi xử lý AMD Ryzen 5 7520U có 4 nhân, 8 luồng và tốc độ xung nhịp tối đa lên đến 4.3 GHz. Con chip này mang đến hiệu năng mạnh mẽ, xử lý mượt mà các tác vụ học tập, văn phòng phổ biến như Word, Excel, PowerPoint,... Xem thêm"
msi-thin-15-b12ucx-i5-2046vn,MSI Gaming Thin 15 B12UCX i5 12450H (2046VN),"Sự kết hợp hoàn hảo giữa bộ vi xử lý Intel Gen 12 mạnh mẽ và card đồ họa NVIDIA 20 series tiên tiến biến laptop MSI Gaming Thin 15 B12UCX i5 12450H (2046VN) thành cỗ máy chiến game và sáng tạo nội dung đích thực, đáp ứng mọi nhu cầu sử dụng của người dùng. • Laptop MSI Gaming Thin được trang bị bộ vi xử lý Intel Core i5 12450H với 8 nhân, 12 luồng cung cấp tốc độ xử lý ấn tượng giúp bạn hoàn thành mọi tác vụ một cách nhanh chóng và hiệu quả, dù là những công việc đòi hỏi khả năng tính toán cao hay những tựa game AAA nặng đô. • Card đồ họa NVIDIA GeForce RTX 2050 với bộ nhớ 4 GB cho bạn tận hưởng hình ảnh, đồ hoạ nét, mượt mà trong game và các ứng dụng đồ họa, đồng thời chiến mượt mọi tựa game yêu thích. • Dung lượng RAM 16 GB cho phép bạn mở nhiều ứng dụng cùng lúc, chuyển đổi qua lại linh hoạt mà không lo hiện tượng giật lag hay đơ máy. Xem thêm"
hp-15-fd0303tu-i3-a2nl4pa,HP 15 fd0303TU i3 1315U (A2NL4PA),"Nếu bạn đang tìm kiếm một chiếc laptop HP cơ bản để phục vụ cho việc học hoặc làm việc văn phòng đến thiết kế đồ họa nhẹ nhàng thì còn chần chừ gì nữa mà không tham khảo ngay laptop HP 15 fd0303TU i3 1315U (A2NL4PA). Sản phẩm này ngoại hình hiện đại, gọn gàng sẵn sàng đồng hành cùng bạn ở bất kì đâu. • Với 6 nhân 8 luồng xử lý, chip Intel Core i3 Raptor Lake - 1315U dư sức xử lý mượt mà các tác vụ văn phòng hàng ngày như soạn thảo văn bản trên Word, bảng tính trên Excel, lập trình cơ bản,... Đi kèm với là card đồ họa tích hợp Intel UHD Graphics, cho phép bạn chỉnh sửa ảnh 2D cơ bản trên Photoshop, Canva,... một cách hiệu quả. • Laptop HP được trang bị RAM 8 GB giúp thực hiện đa nhiệm trơn tru, thoải mái mở nhiều ứng dụng cùng lúc mà không lo máy bị giật lag hay đơ. Bạn có thể mở nhiều tab Chrome, sử dụng các phần mềm văn phòng, chỉnh sửa ảnh,... đồng thời mà vẫn đảm bảo hiệu năng mượt mà. Xem thêm"
dell-inspiron-15-3520-i5-25p231,Dell Inspiron 15 3520 i5 1235U (25P2312),"Laptop Dell Inspiron 15 3520 i5 1235U (25P231) hoàn toàn sở hữu mọi yếu tố mà một người dùng cá nhân cơ bản cần, hiệu năng ổn định từ con chip Intel i5, RAM 16 GB, màn hình 15.6 inch thoải mái cũng như sở hữu một mức giá lý tưởng tại Thế Giới Di Động. • Vỏ của mẫu laptop Dell được chế tác với nhựa cứng cáp, các bề mặt được ghép nối chắc chắn với nhau tạo nên kết cấu vững chắc, bạn có thể yên tâm hơn nếu có lỡ xảy ra va đập nhẹ. Khối lượng tổng thể của máy là 1.9 kg, không quá nặng để hầu hết mọi người dùng có thể mang theo cả ngày bên mình. • HD webcam hỗ trợ người dùng có thể làm việc từ xa thông qua các nền tảng trực tuyến nhanh chóng mà không phải kết nối thêm với các thiết bị bên ngoài. • Thiết bị có đầy đủ cổng giao tiếp thông dụng mà bạn cần như: HDMI, USB 2.0, Jack tai nghe 3.5 mm, USB 3.2 và khe SD cho phép kết nối với nhiều thiết bị ngoại vi khác nhau phục vụ cho công việc. Xem thêm"
asus-vivobook-16-x1605va-i5-mb360w,Asus Vivobook 16 X1605VA i5 1335U (MB360W),"Laptop Asus Vivobook 16 X1605VA i5 1335U (MB360W) là khi sức mạnh gặp sang trọng được gói gọn trong một con laptop văn phòng với giá cả hợp lý đáp ứng cho bạn đầy đủ nhu cầu làm việc hay giải trí của người dùng từ chip Intel Gen 13 đến bộ nhớ RAM 16 GB. Thiết kế sang trọng Với vẻ ngoài sang trọng và được hoàn thiện bởi gam màu bạc, chiếc laptop Asus Vivobook này có phần mặt A được khắc nổi logo thu hút và nổi bật mang đến một sự kết hợp hoàn hảo giữa kiểu dáng thanh lịch và hiện đại. Đồng thời về độ bền thì đạt chứng nhận chuẩn quân đội MIL STD 810H giúp đảm bảo độ bền bỉ của máy trong mọi điều kiện sử dụng vì thế mà mình có thể cảm nhận được sự chắc chắn ngay từ cảm giác cầm đầu tiên mặc dù phần vỏ ngoài từ nhựa. Xem thêm"
apple-macbook-air-2020-mgn63saa,MacBook Air 13 inch M1 8GB/256GB,"Laptop Apple MacBook Air M1 2020 thuộc dòng laptop cao cấp sang trọng có cấu hình mạnh mẽ, chinh phục được các tính năng văn phòng lẫn đồ hoạ mà bạn mong muốn, thời lượng pin dài, thiết kế mỏng nhẹ sẽ đáp ứng tốt các nhu cầu làm việc của bạn. Chip Apple M1 tốc độ xử lý nhanh gấp 3.5 lần thế hệ trước Chiếc MacBook này được trang bị con chip Apple M1 được sản xuất độc quyền bởi Nhà Táo trên tiến trình 5 nm, 8 lõi bao gồm 4 lõi tiết kiệm điện và 4 lõi hiệu suất cao, mang đến một hiệu năng kinh ngạc, xử lý mọi tác vụ văn phòng một cách mượt mà như Word, Excel, Powerpoint,... thực hiện tốt các nhiệm vụ chỉnh sửa hình ảnh, kết xuất 2D trên các phần mềm Photoshop, AI,... máy còn hỗ trợ tiết kiệm được điện năng cao. Xem thêm"
acer-aspire-3-a314-42p-r3b3-r7-nxksfsv001,Acer Aspire 3 A314 42P R3B3 R7 5700U (NX.KSFSV.001),"Mẫu máy tính xách tay văn phòng quốc dân, laptop Acer Aspire 3 A314 42P R3B3 R7 5700U (NX.KSFSV.001) với bộ thông số cấu hình ổn định cho mọi công việc và giải trí cá nhân, kiểu dáng thanh lịch cùng kích thước nhỏ gọn là sự lựa chọn hoàn hảo theo xu thế ngày nay. • Bộ vi xử lý AMD Ryzen 7 5700U với xung nhịp cao nhất đạt 4.3 GHz đi cùng với GPU AMD Radeon Graphics mang lại khả năng đa nhiệm hoàn hảo cho các tác vụ công việc thường ngày như soạn thảo văn bản, tính Excel hay giải trí, xem phim, lướt web,... đều không thành vấn đề. • Thậm chí, với cấu hình trên bạn hoàn toàn có thể thực hiện thiết kế banner, poster trên Photoshop, Ai,... chơi các tựa game nhẹ và chạy code thoải mái. • RAM 16 GB LPDDR4X cung cấp hiệu suất vận hành vô cùng linh động, mở đồng thời nhiều tab trình duyệt mà không sợ bị ảnh hưởng đến tốc độ phản hồi. Ổ cứng của mở ra không gian lưu trữ đủ đầy cho mọi tài liệu và tập tin của bạn. Bạn còn có thể tháo lắp ổ SSD và thực hiện nâng cấp dung lượng lên tối đa . Xem thêm"
lenovo-ideapad-slim-3-15irh10-i7-83k1000fvn,Lenovo IdeaPad Slim 3 15IRH10 i7 13620H (83K1000FVN),"Chiếc laptop Lenovo IdeaPad Slim 3 15IRH10 i7 13620H (83K1000FVN) lý tưởng cho học sinh, sinh viên và nhân viên văn phòng đang tìm kiếm một thiết bị mạnh mẽ, thiết kế mỏng nhẹ và màn hình sắc nét. Với bộ vi xử lý Intel Core i7 thế hệ 13, chiếc laptop này hứa hẹn mang đến hiệu năng vượt trội, đáp ứng mọi nhu cầu từ học tập, làm việc đến giải trí. Đây chắc chắn là một lựa chọn đáng cân nhắc trong phân khúc laptop tầm trung. Sức mạnh vượt trội, cân mọi tác vụ với Intel Core i7 Trái tim của chiếc laptop này là bộ vi xử lý Intel Core i7 Raptor Lake - 13620H, với 10 nhân và 16 luồng, tốc độ xung nhịp cơ bản và có thể đạt tối đa nhờ Turbo Boost. Sức mạnh này cho phép máy xử lý mượt mà các tác vụ từ cơ bản đến nâng cao như soạn thảo văn bản, duyệt web, chỉnh sửa ảnh, video và chơi game. Card đồ họa tích hợp cũng đủ sức đáp ứng nhu cầu giải trí nhẹ nhàng và làm việc với các ứng dụng đồ họa không quá nặng. Xem thêm"
msi-modern-15-f13mg-i5-082vn,MSI Modern 15 F13MG i5 1335U (082VN),"Laptop học tập và văn phòng luôn là dòng sản phẩm được ưa chuộng bởi tính tiện dụng, hiệu năng ổn định và phù hợp với nhu cầu đa dạng. Trong đó, laptop MSI Modern 15 F13MG i5 1335U (082VN) nổi bật như một lựa chọn hoàn hảo với thiết kế tinh tế, cấu hình mạnh mẽ và giá cả hợp lý, đáp ứng nhu cầu từ học sinh, sinh viên đến nhân viên văn phòng. Hãy cùng khám phá những ưu điểm nổi bật của chiếc máy tính xách tay này tại Thế Giới Di Động. • MSI Modern 15 được trang bị bộ vi xử lý Intel Core i5 1335U, một mẫu chip thuộc dòng tiết kiệm điện tốt từ nhà Intel, kết hợp cùng card đồ họa tích hợp Intel Iris Xe Graphics. Sự kết hợp này không chỉ đảm bảo khả năng xử lý mượt mà các tác vụ văn phòng như Word, Excel, PowerPoint mà còn có thể đáp ứng tốt các nhu cầu cao hơn như chạy code, chỉnh sửa hình ảnh bằng Photoshop hoặc Adobe Illustrator và thậm chí chơi một số tựa game nhẹ. Xem thêm"
hp-245-g10-r5-a20tdpt,HP 245 G10 R5 7530U (A20TDPT),"Nếu bạn tìm kiếm cho mình chiếc laptop học tập - văn phòng, xử lý mượt mà đa dạng tác vụ trong học tập và công việc hằng ngày, laptop HP 245 G10 R5 7530U (A20TDPT) sẽ là lựa chọn hợp lý dành cho bạn nhờ sở hữu chip AMD Ryzen 5 7000 series, RAM hay bộ nhớ ổn định cùng thiết kế tinh giản, hiện đại vô cùng. • Laptop sẽ giúp bạn hoàn thành mọi tác vụ từ soạn thảo văn bản, làm PowerPoint, nhập liệu,... đến chỉnh sửa hình ảnh, video cơ bản trên Canva nhờ CPU AMD Ryzen 5 7530U cho 6 nhân, 12 luồng mạnh mẽ. Kết hợp với đó là card AMD Radeon Graphics, hỗ trợ tốt về đồ hoạ của máy cho hiển thị rõ nét, mượt hơn khi thiết kế thông dụng, chơi game cấu hình nhẹ hay xem phim. • RAM 8 GB cho khả năng đa nhiệm ổn định, bạn có thể vừa nghe nhạc vừa thiết kế mà ít bị giật lag. Nhằm tối ưu hiệu suất của bạn máy còn trang bị thêm khe trống và có thể nâng cấp lên tối đa . Xem thêm"
asus-vivobook-16-x1605va-i7-mb1875ws,Asus Vivobook 16 X1605VA i7 13620H (MB1875WS),"Nếu bạn đang tìm kiếm một chiếc laptop hiệu suất cao cho công việc văn phòng, học tập hoặc sáng tạo nội dung, laptop Asus Vivobook 16 X1605VA i7 13620H (MB1875WS) chính là một lựa chọn đáng cân nhắc. Với cấu hình mạnh mẽ, thiết kế hiện đại và nhiều tính năng hữu ích, chiếc laptop này đáp ứng tốt mọi nhu cầu từ cơ bản đến nâng cao. ""Cân"" mọi tác vụ với sức mạnh từ Gen 13 Laptop Asus Vivobook được trang bị Intel Core i7 Raptor Lake - 13620H – con chip thế hệ mới với 10 nhân 16 luồng, mang đến khả năng xử lý mượt mà ngay cả với các tác vụ đòi hỏi hiệu suất cao. Với tốc độ tối đa lên đến 4.9 GHz, máy có thể chạy tốt các ứng dụng văn phòng, phần mềm chỉnh sửa ảnh, lập trình hay thậm chí là xử lý video cơ bản. Xem thêm"
lenovo-ideapad-slim-3-16irh10-i5-83k20003vn,Lenovo Ideapad Slim 3 16IRH10 i5 13420H (83K20003VN),"Chào mừng các bạn học sinh, sinh viên và nhân viên văn phòng đến với bài đánh giá chi tiết về chiếc laptop Lenovo Ideapad Slim 3 16IRH10 i5 13420H (83K20003VN). Đây không chỉ là một chiếc laptop thông thường, mà còn là một trợ thủ đắc lực, người bạn đồng hành lý tưởng cho công việc và học tập nhờ hiệu năng mạnh mẽ và thiết kế mỏng nhẹ. Với mức giá cực kỳ hợp lý, đây chắc chắn là một lựa chọn đáng cân nhắc trong phân khúc laptop học tập - văn phòng hiện nay. ""Cân"" mọi tác vụ với sức mạnh vượt trội từ Intel Gen 13 Chiếc laptop này được trang bị bộ vi xử lý Intel Core i5 Raptor Lake - 13420H với 8 nhân và 12 luồng, tốc độ xung nhịp cơ bản và có thể đạt tối đa nhờ Turbo Boost. Với cấu hình này, bạn hoàn toàn có thể xử lý mượt mà các tác vụ văn phòng hàng ngày, từ soạn thảo văn bản, duyệt web, đến các công việc thiết kế đồ họa 2D hoặc chỉnh sửa video cơ bản. Card tích hợp cũng đáp ứng tốt nhu cầu giải trí nhẹ nhàng như xem phim, nghe nhạc và chơi các game online phổ biến. Xem thêm"
dell-inspiron-15-3520-i7-n5i7125w1,Dell Inspiron 15 3520 i7 1255U (N5I7125W1),"Nếu bạn đang tìm kiếm một chiếc laptop văn phòng vừa mạnh mẽ vừa tiện dụng, laptop Dell Inspiron 15 3520 i7 1255U (N5I7125W1) chính là lựa chọn đáng cân nhắc. Với hiệu suất ấn tượng, màn hình rộng sắc nét và thiết kế hiện đại, sản phẩm này sẽ là trợ thủ đắc lực cho công việc lẫn giải trí của bạn. • Laptop Dell được trang bị vi xử lý Intel Core i7 Alder Lake - 1255U, kết hợp với card đồ họa Intel Iris Xe Graphics, mang đến hiệu năng ổn định để xử lý mượt mà các tác vụ văn phòng như soạn thảo tài liệu, làm bảng tính hay thiết kế slide. Không chỉ vậy, card đồ họa tích hợp còn hỗ trợ hiển thị hình ảnh mượt mà, giúp bạn dễ dàng chỉnh sửa ảnh, video cơ bản và tận hưởng trải nghiệm giải trí sắc nét. • Dung lượng RAM 16 GB DDR4 đảm bảo khả năng đa nhiệm vượt trội, giúp bạn làm việc với nhiều ứng dụng cùng lúc mà không lo giật lag. Ổ cứng không chỉ tăng tốc độ khởi động máy, mở phần mềm tức thì mà còn có thể nâng cấp lên  đáp ứng nhu cầu lưu trữ dữ liệu lớn hơn của người dùng. Xem thêm"
acer-aspire-7-a715-76-53pj-i5-nhqgesv007,Acer Aspire 7 A715 76 53PJ i5 12450H (NH.QGESV.007),"Laptop Acer Aspire 7 A715 76 53PJ i5 12450H (NH.QGESV.007) cung cấp hiệu năng mạnh mẽ, thiết kế hiện đại và nhiều công nghệ tiên tiến đáp ứng tốt mọi nhu cầu từ làm việc, học tập đến giải trí đa phương tiện. Đặc biệt sản phẩm đang có mức giá cực kì ""mềm"" tại Thế Giới Di Động. Sức mạnh bên trong: ""Chiến"" mọi tác vụ với Intel Core i5 thế hệ 12 Laptop Acer được trang bị bộ vi xử lý Intel Core i5 12450H thuộc thế hệ Alder Lake tiên tiến, mang lại khả năng xử lý mượt mà cả những tác vụ phức tạp. Kết hợp với card đồ họa Intel UHD Graphics, máy dễ dàng đảm nhận công việc thiết kế đồ họa thông dụng, dựng video ngắn hoặc chơi mượt hơn các tựa game phổ thông như Valorant, LOL,... ở các mức thiết lập khác nhau. Việc hoàn thiện các bản thảo hồ sơ, thuyết trình, trang tính,... cũng vô cùng dễ dàng. Xem thêm"
apple-macbook-air-m2-2022-16gb-256gb,MacBook Air 13 inch M2 16GB/256GB,"Với sức mạnh bùng nổ đến từ bộ vi xử lý M2 cùng thiết kế của một chiếc laptop cao cấp - sang trọng, MacBook Air M2 16GB 256GB đáp ứng đầy đủ mọi nhu cầu từ học tập, văn phòng đến đồ họa, kỹ thuật nâng cao. Nâng tầm mọi trải nghiệm nhờ sức mạnh bùng nổ đến từ bộ vi xử lý M2 Tiếp nối sự thành công của M1, thế hệ M2 sử dụng quy trình sản xuất 5 nm hiện đại với CPU 8 nhân, GPU 8 nhân cho các tác vụ thiết kế đồ họa, chỉnh sửa hình ảnh hay render video trên các ứng dụng như Photoshop, Adobe Illustrator, Adobe Premiere,... chưa bao giờ dễ dàng hơn đến thế. Hiệu suất tăng cao nhờ sự hỗ trợ của 20 tỷ bóng bán dẫn, tăng hơn 25% so với thế hệ M1, tốc độ băng thông lên đến , hứa hẹn cung cấp trải nghiệm nhanh hơn  so với các mẫu MacBook Air chạy . Xem thêm"
hp-pavilion-15-eg3093tu-i5-8c5l4pa,HP Pavilion 15 eg3093TU i5 1335U (8C5L4PA),"Laptop HP Pavilion 15 eg3093TU i5 1335U (8C5L4PA) có hiệu năng tốt với bộ vi xử lý mạnh mẽ từ CPU Gen 13, RAM 16 GB đáp ứng đa dạng nhu cầu sử dụng của bạn. Điều này làm cho chiếc laptop này trở thành lựa chọn hấp dẫn cho công việc văn phòng, giải trí và sử dụng hàng ngày. • Laptop HP Pavilion 15 eg3093TU i5 1335U (8C5L4PA) này được trang bị bộ vi xử lý Intel Core i5 Raptor Lake - 1335U hiệu năng mạnh mẽ, giúp xử lý các tác vụ hàng ngày, đa nhiệm và các ứng dụng đòi hỏi nhiều tài nguyên nhanh chóng và hiệu quả. Với tốc độ tối đa Turbo Boost lên đến 4.6 GHz, laptop có khả năng đáp ứng nhu cầu xử lý cao và tăng cường hiệu suất trong nhiều tình huống. • Sử dụng card Intel Iris Xe Graphics nên máy cung cấp hiệu năng đáng kể cho các tác vụ như văn phòng, giải trí, lướt web và các ứng dụng không yêu cầu đồ họa cao cấp. Điều này làm cho laptop này phù hợp với người dùng văn phòng và giải trí thông thường, thiết kế đồ họa với các ứng dụng Adobe, CapCut mượt mà. Xem thêm"
asus-vivobook-15-x1504va-i5-bq2225ws,Asus Vivobook 15 X1504VA i5 1334U (BQ2225WS),"Laptop Asus Vivobook 15 X1504VA i5 1334U (BQ2225WS) là sự lựa chọn lý tưởng cho học sinh, sinh viên và nhân viên văn phòng, mang đến sự cân bằng hoàn hảo giữa hiệu năng ổn định và thiết kế thanh lịch. Chiếc laptop này nổi bật với bộ vi xử lý Intel Core i5 thế hệ 13 mạnh mẽ, màn hình sắc nét và tính di động cao. Đây chắc chắn là một người bạn đồng hành đáng tin cậy trong công việc và học tập hàng ngày. ""Cân"" mọi tác vụ với sức mạnh từ Intel Core i5 thế hệ 13 Asus Vivobook 15 X1504VA được trang bị bộ vi xử lý Intel Core i5 Raptor Lake - 1334U với 10 nhân và 12 luồng, tốc độ xung nhịp có thể đạt tối đa 4.6 GHz nhờ Turbo Boost. Điều này giúp laptop xử lý mượt mà các tác vụ văn phòng, học tập, duyệt web, xem phim và thậm chí là chỉnh sửa ảnh, video cơ bản. Card đồ họa tích hợp cũng đủ sức đáp ứng nhu cầu giải trí nhẹ nhàng và làm việc với các ứng dụng đồ họa đơn giản. Xem thêm"
lenovo-loq-15iax9e-i5-83lk000bvn,Lenovo Gaming LOQ Essential 15IAX9E i5 12450HX (83LK000BVN),"Laptop Lenovo Gaming LOQ Essential 15IAX9E i5 12450HX (83LK000BVN) không chỉ là một chiếc laptop, mà là vũ khí mạnh mẽ giúp bạn chinh phục mọi đấu trường ảo. Với ngoại hình hầm hố, thiết kế đậm chất gaming và cấu hình siêu mạnh mẽ, chiếc máy này chắc chắn sẽ mang lại những trải nghiệm chơi game không thể tuyệt vời hơn. ""Cân"" mọi tác vụ, ""chiến"" mọi tựa game với sức mạnh đáng gờm Laptop gaming sở hữu con chip Intel Core i5 12450HX với tốc độ xung nhịp tối đa lên đến 4.4 GHz, Lenovo LOQ dễ dàng xử lý các tựa game yêu cầu cao như LOL, GTA V, Cyberpunk 2077 hay bất kỳ tựa game nhập vai. Mọi thao tác đều mượt mà, từ chiến đấu kịch tính cho đến việc sử dụng các phần mềm văn phòng, đồ họa hay lập trình. Với GPU NVIDIA GeForce RTX 2050 4 GB hỗ trợ khả năng xử lý đồ họa vượt trội, giúp bạn chơi game ở mức cấu hình cao tinh chỉnh từ Medium đến High mà không lo giật lag. Từ những pha combat mãn nhãn cho đến các cảnh hành động nhanh, mọi chuyển động đều được tái hiện mượt mà và chân thực. Xem thêm"
dell-inspiron-15-3520-i7-71053682,Dell Inspiron 15 3520 i7 1255U (71053682),"Nếu bạn đang tìm kiếm một chiếc laptop văn phòng mạnh mẽ, tiện dụng với ngoại hình tinh tế, laptop Dell Inspiron 15 3520 i7 1255U (71053682) chắc chắn là một lựa chọn đáng cân nhắc. Với cấu hình vượt trội, màn hình sắc nét và thiết kế hiện đại, sản phẩm này hứa hẹn sẽ trở thành trợ thủ đắc lực cho cả công việc lẫn giải trí. • Laptop Dell được trang bị bộ vi xử lý Intel Core i7 Alder Lake - 1255U, mang đến khả năng vận hành mượt mà. Nhờ đó, người dùng có thể dễ dàng thao tác các công việc văn phòng như soạn thảo tài liệu, xử lý bảng tính, thiết kế slide cũng như thực hiện chỉnh sửa hình ảnh, video cơ bản. Bên cạnh đó, card đồ họa Intel Iris Xe Graphics sẽ giúp tối ưu trải nghiệm giải trí với hình ảnh sắc nét, chuyển động mượt mà, mang lại chất lượng hiển thị ấn tượng. Xem thêm"
acer-aspire-lite-al14-52m-54cj-i5-nxj39sv002,Acer Aspire Lite AL14 52M 54CJ i5 1334U (NX.J39SV.002),"Laptop Acer Aspire Lite AL14 52M 54CJ i5 1334U (NX.J39SV.002) nổi bật với hiệu năng mạnh mẽ nhờ bộ vi xử lý Intel Core i5 1334U, màn hình 14 inch sắc nét. Thiết kế máy hiện đại, tinh tế, phù hợp với nhiều đối tượng người dùng, là một lựa chọn đáng cân nhắc cho những ai đang tìm kiếm một chiếc laptop đa năng, hiệu suất tốt và giá cả phải chăng. Sức mạnh ẩn sau vẻ ngoài thanh lịch của Aspire Lite AL14 Laptop Acer Aspire được trang bị bộ vi xử lý Intel Core i5 1334U với 10 nhân 12 luồng, mang lại hiệu năng ổn định cho các tác vụ hàng ngày. Dù là xử lý văn bản, làm việc trên Excel hay lướt web, máy vẫn đảm bảo tốc độ nhanh chóng. Nhờ công nghệ Turbo Boost, xung nhịp có thể đạt tối đa 4.6 GHz, giúp xử lý mượt mà ngay cả khi làm việc với đồ họa 2D hoặc chỉnh sửa video nhẹ nhàng. Xem thêm"
apple-macbook-air-m2-2022-16gb-256gb-10gpu,MacBook Air 13 inch M2 16GB/256GB,"Siêu phẩm Apple MacBook Air 13 inch M2 16GB 256GB kích thước 13 inch đã chính thức trình làng, mang đến một bước tiến vượt bậc về hiệu năng, hứa hẹn khuấy đảo thị trường máy tính xách tay. Hiệu năng mạnh mẽ từ chip Apple M2 MacBook Air được trang bị chip Apple M2, mang đến hiệu suất CPU mạnh mẽ hơn 18% so với thế hệ M1 trước đây. Nhờ vậy, bạn có thể hoàn thành mọi tác vụ học tập và làm việc từ cơ bản đến nâng cao một cách mượt mà và nhanh chóng hơn bao giờ hết. Dù là xử lý văn bản, chỉnh sửa ảnh, thiết kế đồ họa, lập trình hay chơi game, máy đều có thể đáp ứng một cách hoàn hảo. Với 20 tỷ bóng bán dẫn được sản xuất trên tiến trình 5 nm tiên tiến, MacBook không chỉ mang đến hiệu năng vượt trội mà còn tiết kiệm điện năng đáng kể. Nhờ vậy, bạn có thể thoải mái sử dụng máy trong thời gian dài mà không lo bị gián đoạn bởi tình trạng hết pin. Xem thêm"
msi-modern-15-b12mo-i5-625vn,MSI Modern 15 B12MO i5 1235U (625VN),"Laptop MSI Modern 15 B12MO i5 1235U (625VN) mang đam mê của bạn bắt nhịp với lối sống năng động hiện đại. Dù là bạn đang bận rộn trong văn phòng hay làm việc trên giảng đường, vi xử lý Intel Core Alder lake thế hệ mới cũng sẽ đáp ứng mọi nhu cầu của bạn. Tối giản, tinh tế trên từng góc máy Với phân khúc là một mẫu laptop học tập - văn phòng giá rẻ nhưng theo mình thấy thì em MSI Modern này vẫn sở hữu một vẻ ngoài khá đẹp mắt và có phần “cạnh tranh"" về gu thẩm mỹ khi so với những mẫu ultrabook ở phân khúc trên. Máy được phủ tông màu đen nhám trung tính, đường viền khung máy có thiết kế bo tròn mềm mại, tạo cảm giác khá dịu mắt cũng như hài hoà không gian nên mình có thể mang theo tới bất cứ đâu. Xem thêm"
hp-240-g9-i3-ag2j5at,HP 240 G9 i3 1215U (AG2J5AT),"Nếu bạn là học sinh, sinh viên hay nhân viên văn phòng đang tìm kiếm một chiếc laptop dành cho học tập và làm việc, có thiết kế trang nhã, hiệu năng ổn định cùng giá cả hợp lý, thì HP 240 G9 i3 1215U (AG2J5AT) chính là lựa chọn lý tưởng. • Được trang bị bộ vi xử lý Intel Core i3 1215U thế hệ 12 tiên tiến, chiếc laptop này đủ mạnh để xử lý các tệp Word dài hay những file Excel nặng. Với CPU dòng U, nó còn mang đến khả năng tiết kiệm pin tối ưu, giúp bạn yên tâm sử dụng suốt cả ngày dài học tập. Kết hợp với card đồ họa Intel UHD Graphics, laptop cho khả năng xử lý đồ họa ổn định. Xem thêm"
asus-asus-vivobook-15-oled-a1505za-i5-ma415w,Asus Vivobook 15 OLED A1505ZA i5 12500H (MA415W),"Laptop Asus Vivobook 15 OLED A1505ZA i5 12500H (MA415W) không chỉ ghi điểm bởi thiết kế hiện đại mà còn chinh phục người dùng với màn hình OLED sắc nét, sống động cùng hiệu năng mạnh mẽ, đáp ứng mọi nhu cầu học tập, văn phòng và giải trí. • Được trang bị bộ xử lý Intel Core i5 - 12500H nên chiếc laptop Asus Vivobook này có hiệu năng mạnh mẽ, giúp bạn xử lý mượt mà mọi tác vụ từ cơ bản đến nâng cao như lập trình, thiết kế hình ảnh, render video ngắn,... trên các ứng dụng của nhà Adobe. • Laptop Asus sở hữu card đồ họa tích hợp Intel Iris Xe Graphics giúp bạn giải trí với những tựa game thông dụng trên thị trường hiện nay như LOL, Dota 2,... mượt mà ở mức cài đặt trung bình. Khả năng xử lý đồ họa mạnh mẽ cũng hỗ trợ bạn trong công việc sáng tạo nội dung một cách hiệu quả. Xem thêm"
acer-nitro-v-15-anv15-41-r1jy-r5-nhqpfsv001,Acer Nitro V 15 ANV15 41 R1JY R5 6600H (NH.QPFSV.001),"Lưu ý: Tất cả sản phẩm gaming dòng Nitro V và Predator khi mua hàng có hoá đơn từ ngày 01/01/2025 trở đi, thời gian bảo hành máy thay đổi từ 1 năm thành 2 năm. Laptop Acer Nitro V 15 ANV15 41 R1JY R5 6600H (NH.QPFSV.001) thanh thoát, mướt mắt nhưng vẫn toát lên dáng vẻ mạnh mẽ cá tính với nhiều hoạ tiết độc đáo đi kèm hiệu năng vượt trội từ card rời RTX 30 series. Mẫu laptop gaming từ nhà Acer này sẽ là chiến hữu tuyệt vời cùng anh em bất bại ở mọi thể loại game. Sức mạnh ""khủng"" cân mọi tựa game, làm việc mượt mà Dưới lớp vỏ bắt mắt, Acer Nitro 5 ẩn chứa sức mạnh đột phá. Được trang bị chip AMD Ryzen 5 6600H với xung nhịp tối đa 4.5 GHz, bạn không chỉ có thể chiến đấu xuất sắc trong các tựa game yêu thích mà còn có thể thỏa sức sáng tạo trên các ứng dụng đồ họa nặng như thiết kế 2D, chỉnh sửa video, render, tất cả đều nhờ hiệu suất đáng kinh ngạc từ vi xử lý mạnh mẽ này. Với card đồ họa rời , mọi cảnh vật trong game đều trở nên sống động, chi tiết đến từng chuyển động. Dù bạn đang đắm chìm trong thế giới đầy ảo diệu của Cyberpunk 2077 hay tham gia các trận đấu kịch tính trong Valorant, CS:GO hay FIFA Online 4, chất lượng hình ảnh sắc nét và mượt mà sẽ làm bạn không thể rời mắt. Xem thêm"
asus-fa506nfr-r7-hn113w,Asus TUF Gaming A15 FA506NFR R7 7435HS (HN113W),"Laptop Asus TUF Gaming A15 FA506NFR R7 7435HS (HN113W), mẫu laptop gaming quốc dân dành cho những game thủ và người dùng yêu thích thiết kế đồ họa, nhờ vào hiệu năng vượt trội và mức giá ""siêu hợp lý"". Với nhiều ưu điểm nổi bật, mẫu laptop này chắc chắn sẽ làm hài lòng mọi nhu cầu giải trí và làm việc của người dùng. • Asus TUF Gaming A15 được trang bị bộ vi xử lý AMD Ryzen 7 7435HS, dòng chip HS mạnh mẽ với 8 nhân và 16 luồng, giúp tối ưu hóa khả năng xử lý đa nhiệm. Đây là một con chip lý tưởng cho cả những tác vụ chơi game và làm việc sáng tạo như chỉnh sửa hình ảnh, video, hay thiết kế đồ họa. Đặc biệt, với card đồ họa rời NVIDIA GeForce RTX 2050 4 GB, người dùng hoàn toàn có thể chơi các tựa game hot hiện nay ở mức cài đặt từ trung bình đến cao, đồng thời xử lý các tác vụ đồ họa trên các phần mềm như Photoshop, Illustrator hay Premiere Pro một cách mượt mà. Xem thêm"
dell-inspiron-15-3520-i5-71064798,Dell Inspiron 15 3520 i5 1235U (71064798),"Laptop Dell Inspiron 15 3520 i5 1235U (71064798) là một lựa chọn tuyệt vời cho học sinh, sinh viên và nhân viên văn phòng, nổi bật với hiệu năng ổn định và thiết kế thanh lịch. Chiếc laptop này hứa hẹn mang đến trải nghiệm làm việc và học tập mượt mà, đáp ứng tốt nhu cầu hàng ngày. Với mức giá hợp lý, đây là một sản phẩm đáng để bạn cân nhắc. ""Cân"" mọi tác vụ với hiệu năng vượt trội Dell Inspiron 15 3520 được trang bị bộ vi xử lý Intel Core i5 Alder Lake - 1235U với 10 nhân và 12 luồng, tốc độ xung nhịp lên đến 4.4 GHz nhờ Turbo Boost. Điều này giúp laptop Dell xử lý mượt mà các tác vụ từ cơ bản như soạn thảo văn bản, duyệt web đến các công việc phức tạp hơn như chỉnh sửa ảnh, biên tập video nhẹ nhàng. Card đồ họa tích hợp Intel Iris Xe Graphics cũng đủ sức đáp ứng nhu cầu giải trí và làm việc đồ họa ở mức trung bình. Xem thêm"
lenovo-loq-gaming-15iax9-i5-83gs000jvn,Lenovo Gaming LOQ 15IAX9 i5 12450HX (83GS000JVN),"Laptop Lenovo LOQ Gaming 15IAX9 i5 12450HX (83GS000JVN) mang dáng dấp kiểu mẫu từ những chiếc laptop gaming nhà Lenovo, đưa đến một phiên bản hoàn toàn mới, đầy thời thượng. Laptop gaming còn được tích hợp với cấu hình mạnh mẽ, khung hình mượt mà cho phép bạn trải nghiệm sâu mọi tựa game. • Bên cạnh việc cung cấp khả năng chiến đấu tuyệt vời với kho game lớn ấn tượng từ những tựa trò chơi nhập vai, đua xe FPS như LOL, CS:GO, Valorant đến những con game cấu hình cao AAA tầm trung. Laptop Lenovo còn cho phép người dùng vận dụng chuyên sâu các tác vụ công việc tính toán thường ngày, xem phim, tận hưởng âm nhạc,... hoặc làm đồ hoạ hay thiết kế video nhờ CPU Intel Core i5 12450HX và card rời NVIDIA GeForce RTX 3050 6 GB. Xem thêm"
msi-gf63-thin-12ve-i5-460vn,MSI Gaming GF63 Thin 12VE i5 12450H (460VN),"Laptop gaming ""quốc dân"" đã quá quen thuộc với anh em học sinh, sinh viên bởi mức giá thành hợp lý cùng khả năng đa nhiệm được nhiều công việc khác nhau. Laptop MSI Gaming GF63 Thin 12VE i5 12450H (460VN) nay càng được cải tiến thêm về cấu hình hứa hẹn sẽ mang lại những phút giây chiến game thật thoả mãn cho bạn. • Laptop MSI không chỉ gây ấn tượng mạnh mẽ với hiệu năng vượt trội mà còn nổi bật bởi thiết kế thẩm mỹ và cá tính. Logo MSI được khắc tinh tế trên nắp lưng, kết hợp với các đường nét sắc sảo, tạo nên một diện mạo hiện đại và độc đáo, không chỉ làm hài lòng các game thủ mà còn phù hợp với người dùng văn phòng và sinh viên cần mang máy đến nhiều nơi khác nhau. • Bên cạnh vẻ ngoài, MSI Gaming GF63 Thin còn trang bị các hệ thống thiết kế hợp lý để đảm bảo cho trải nghiệm của game thủ.  không chỉ giúp bạn dễ dàng nhìn thấy trong điều kiện thiếu sáng mà còn tạo nên phong cách cá tính và tiện lợi. Các phím có kích cỡ phù hợp, độ nảy tốt nên cho cảm giác gõ thuận tay, thoải mái trong thời gian dài. Xem thêm"
hp-240-g9-i5-ag2j7at,HP 240 G9 i5 1235U (AG2J7AT),"Nếu bạn đang tìm kiếm một chiếc laptop có thể đồng hành cùng quá trình học tập và làm việc văn phòng, vừa có ngoại hình hiện đại, vừa có mức giá phải chăng, laptop HP 240 G9 i5 1235U (AG2J7AT) chính là lựa chọn lý tưởng. • Laptop học tập - văn phòng này được trang bị bộ vi xử lý Intel Core i5 1235U thuộc thế hệ thứ 12, mang đến hiệu suất ổn định giúp bạn xử lý mượt mà các tài liệu Word dài hàng chục trang hay các file Excel nặng. Việc sử dụng CPU dòng U còn giúp laptop tiết kiệm pin vượt trội, đảm bảo bạn có thể học tập và làm việc suốt cả ngày mà không lo hết pin. • Ngoài ra, GPU tích hợp Intel UHD Graphics cho trải nghiệm xem phim HD rõ nét, hiệu suất tương thích tốt được với các công cụ tinh chỉnh đồ hoạ, hình ảnh và video như Photoshop, Ai, CapCut,... Để tương thích tốt hơn với các công việc đồ hoạ cao hơn, bạn hoàn toàn có thể gắn thêm một thanh RAM để vận hành với card , mở rộng được giới hạn giải trí với các tựa game trung bình. Xem thêm"
acer-aspire-lite-15-al15-71p-517d-i5-nxj7ksv001,Acer Aspire Lite 15 AL15 71P 517D i5 12450H (NX.J7KSV.001),"Laptop Acer Aspire Lite 15 AL15 71P 517D i5 12450H (NX.J7KSV.001) là chiếc laptop lý tưởng cho học sinh, sinh viên và nhân viên văn phòng, nổi bật với hiệu năng ổn định và thiết kế thanh lịch. Chiếc máy này hứa hẹn mang đến trải nghiệm làm việc và học tập hiệu quả với mức giá vô cùng hợp lý. Sức mạnh ""chiến"" mọi tác vụ, cân bằng giữa học tập và giải trí Acer Aspire Lite 15 AL15 được trang bị bộ vi xử lý Intel Core i5 Alder Lake - 12450H với 8 nhân và 12 luồng, xung nhịp tối đa lên đến 4.4 GHz nhờ Turbo Boost. Với cấu hình này, máy có thể dễ dàng xử lý các tác vụ văn phòng hàng ngày, học tập, duyệt web, xem phim và thậm chí là chơi các tựa game nhẹ nhàng. Card đồ họa tích hợp Intel UHD Graphics cũng đủ sức đáp ứng nhu cầu giải trí cơ bản của người dùng. Xem thêm"
asus-vivobook-k3605zf-i5-rp745w,Asus Gaming Vivobook K3605ZF i5 12500H (RP745W),"Khi nhắc đến những mẫu laptop gaming tầm trung, chúng ta không thể nào bỏ qua chiếc laptop Asus Gaming Vivobook K3605ZF i5 12500H (RP745W). Trang bị ""chu đáo"" với cấu hình mạnh mẽ, màn hình lớn 16 inch sắc nét, card rời,... sẵn sàng phục vụ cho mọi vấn đề phát sinh hàng ngày. • Tận dụng sức mạnh của chip Intel Core i5 12500H cùng card rời NVIDIA GeForce RTX 2050 4 GB, laptop này biến mọi tác vụ phức tạp thường ngày trở nên mượt mà và xử lý được nhanh chóng hơn. Các công việc tính toán, lập trình, thiết kế thông dụng, edit video ngắn hay thậm chí là còn chơi được mượt các con game đang hot hit như Fortnite, Valorant, LOL,... • Mở nhiều ứng dụng cùng lúc mà không lo bị giật lag nhờ vào RAM 16 GB. Điều này giúp bạn dễ dàng chuyển đổi giữa các tab trình duyệt, chỉnh sửa ảnh trên GIMP và nghe nhạc trên Spotify cùng một lúc mà vẫn đảm bảo hiệu suất mượt mà. Ngoài ra, sử dụng được nhiều tài nguyên hơn cho phân tích dữ liệu và tính toán nếu người dùng lựa chọn nâng RAM lên tối đa . Xem thêm"
asus-vivobook-14-x1404va-i5-nk050w,Asus Vivobook 14 X1404VA i5 1335U (NK050W),"Bạn đang tìm kiếm một chiếc laptop học tập - văn phòng có khả năng đáp ứng mượt mà mọi tác vụ làm việc cũng như giải trí đa phương tiện, laptop Asus Vivobook 14 X1404VA i5 1335U (NK050W) với hiệu năng mạnh mẽ từ con chip Intel Gen 13 cùng những tính năng hiện đại chắc chắn sẽ là sự lựa chọn tuyệt vời cho bạn. • Laptop Asus được trang bị bộ vi xử lý Intel Core i5 1335U thế hệ mới nhất của Intel với tốc độ xung nhịp tối đa lên đến 4.6 GHz, CPU đảm bảo hiệu suất mạnh mẽ để xử lý mượt mà các tác vụ văn phòng cũng như giải trí đa phương tiện. • Card tích hợp Intel Iris Xe Graphics cho hiệu năng tương đối mạnh mẽ, phù hợp với các ứng dụng đồ họa cơ bản như Photoshop, Canva, chỉnh sửa video hay chơi game nhẹ nhàng. Xem thêm"
lenovo-loq-15iax9-i5-83gs00d9vn,Lenovo Gaming LOQ 15IAX9 i5 12450HX (83GS00D9VN),"Diện mạo độc đáo, mang tính thể thao đến từ dòng gaming mạnh mẽ nhà Lenovo. Laptop Lenovo Gaming LOQ 15IAX9 i5 12450HX (83GS00D9VN) với cấu hình vượt trội từ con chip Intel dòng HX, card rời RTX,... máy hứa hẹn sẽ mang lại nhiều trải nghiệm giải trí thú vị hơn bên cạnh việc chiến game hấp dẫn. • Sở hữu bộ vi xử lý Intel Core i5 Alder Lake - 12450HX gồm 8 nhân 12 luồng mạnh mẽ, Lenovo LOQ cho phép người dùng vận hành tốt các tác vụ đồ họa, văn phòng từ cơ bản đến nâng cao một cách trơn tru, thiết kế website, lập trình hay chiến hấp dẫn với kho game khủng. • Card đồ họa rời NVIDIA GeForce RTX 3050 6 GB cung cấp hiệu suất đồ họa cao, chỉnh sửa, kết xuất hình ảnh 2D, render video với các phần mềm đến từ nhà Adobe. Hơn nữa, việc tăng chất lượng đồ hoạ còn cho thiết lập được các mức cấu hình từ trung bình trở lên ở các con game đình đám LOL, GTA V, Dota 2,... với những chuyển động mướt mắt hơn. Xem thêm"
macbook-pro-14-inch-m4-16gb-512gb,MacBook Pro 14 inch M4 16GB/512GB,"Không rầm rộ ra mắt như những năm trước nhưng Macbook Pro 14 inch M4 16GB/512GB vẫn ""xuất hiện"" không kém sự nổi trội. Sự kết hợp giữa thiết kế thanh thoát và sức mạnh vượt trội của chip Apple M4 đã nâng MacBook Pro lên một tầm cao mới. Đây không còn đơn thuần là một thiết bị làm việc, mà là công cụ sáng tạo đột phá làm thay đổi cách chúng ta tiếp cận và khai thác công nghệ trong các lĩnh vực theo mong muốn từ nhà Táo. Khai thác ""triệt để"" ở mọi lĩnh vực Chip Apple M4 được phát triển trên kiến trúc 3 nm giúp máy tiết kiệm năng lượng tối đa nhưng không làm giảm hiệu năng, nhiều bóng bán dẫn hơn nâng cao khả năng tính toán biến thiết này thành lựa chọn lý tưởng cho những tác vụ nặng, đặc biệt là trên các . Nhờ sự tối ưu từ Apple Silicon, hiệu năng và của chip M4 mang lại khả năng xử lý mượt mà, hoàn hảo cho lập trình viên, nhà thiết kế đồ họa và các chuyên gia công nghệ. Xem thêm"
hp-victus-15-fa1139tx-i5-8y6w3pa,HP Gaming VICTUS 15 fa1139TX i5 12450H (8Y6W3PA),"Dòng Gaming Victus là một mẫu laptop gaming độc đáo từ thiết kế đến hiệu năng của nhà HP. Chỉ với một mức giá tầm trung là bạn có thể sở hữu ngay chiếc laptop HP Gaming VICTUS 15 fa1139TX i5 12450H (8Y6W3PA) có thể cân mượt các tựa game cũng như hỗ trợ làm việc tối ưu nhất. • Giải trí ấn tượng với màn hình 15.6 inch cùng độ phân giải Full HD (1920 x 1080) và tấm nền IPS đem đến cho bạn khung hình to, bao trọn thị giác, khả năng tái tạo màu sắc chuẩn xác từ mọi góc độ. Hơn nữa, màn hình rộng lớn không chỉ giúp bạn chiến game đã mắt còn cho phép thuận tiện chia đôi cửa sổ khi làm việc. • Tần số quét 144 Hz bạn hoàn toàn đắm chìm vào không gian giải trí hấp dẫn với những chuyển động nhân vật game mượt mà và chính xác, hạn chế rách hình hay bóng mờ khi trải nghiệm tốc độ cao như thể loại bắn súng và đua xe. Ngoài ra, công nghệ chống chói giảm tình trạng phản xạ sáng trong môi trường, dễ dàng sử dụng ngoài trời hay cạnh cửa sổ hoặc dưới ánh đèn. Xem thêm"
dell-inspiron-15-3530-i7-p16wd,Dell Inspiron 15 3530 i7 1355U (P16WD),"Laptop Dell Inspiron 15 3530 i7 1355U (P16WD) là một sự lựa chọn tuyệt vời cho những ai đang tìm kiếm một chiếc máy tính xách tay mạnh mẽ và linh hoạt cho cả công việc và giải trí. Máy được trang bị bộ vi xử lý Intel Core i7 thế hệ 13, cung cấp hiệu suất vượt trội để xử lý các tác vụ như chỉnh sửa video, hình ảnh hay xử lý dữ liệu. • Laptop Dell Inspiron được trang bị bộ vi xử lý Intel Core i7 Raptor Lake - 1355U mạnh mẽ với 10 nhân và 12 luồng xử lý. Mang đến hiệu năng mạnh mẽ cho mọi tác vụ từ cơ bản đến nâng cao, đáp ứng tốt nhu cầu sử dụng của học sinh, sinh viên, nhân viên văn phòng. Đi cùng với đó là card tích hợp Intel Iris Xe Graphics, cho phép bạn giải trí mượt mà với các tựa game online nhẹ nhàng, chỉnh sửa ảnh hoặc video cơ bản. Xem thêm"
msi-thin-15-b13uc-i7-1411vn,MSI Thin 15 B13UC i7 13620H (1411VN),"Laptop MSI Thin 15 B13UC i7 13620H (1411VN) không chỉ sở hữu hiệu năng mạnh mẽ, màn hình chất lượng cao và thiết kế mỏng nhẹ mà còn đáp ứng mọi nhu cầu từ công việc đến giải trí. Với Intel Core i7 thế hệ 13, card rời RTX 30 series, màn hình 144 Hz và các tính năng hiện đại khác, đây là lựa chọn lý tưởng cho game thủ, nhà sáng tạo nội dung và người dùng chuyên nghiệp. ""Cân"" mọi tác vụ với sức mạnh vượt trội từ Intel Core i7 thế hệ 13 Laptop MSI Thin được trang bị bộ vi xử lý Intel Core i7 Raptor Lake 13620H, một trong những dòng CPU tiên tiến nhất hiện nay. Với 10 nhân 16 luồng, CPU này xử lý mượt mà mọi tác vụ, từ làm việc văn phòng đến chỉnh sửa video hay lập trình. Turbo Boost lên đến 4.9 GHz giúp máy đạt hiệu suất tối ưu trong các ứng dụng nặng, mang lại trải nghiệm mượt mà và nhanh chóng, tiết kiệm thời gian làm việc cho người dùng. Xem thêm"
asus-vivobook-16-x1605va-i5-mb1876ws,Asus Vivobook 16 X1605VA i5 13420H (MB1876WS),"Nếu bạn đang tìm kiếm một chiếc laptop học tập và làm việc văn phòng với hiệu suất ổn định, thiết kế hiện đại và giá thành hợp lý, laptop Asus Vivobook 16 X1605VA i5 13420H (MB1876WS) là một lựa chọn đáng cân nhắc. Sở hữu cấu hình mạnh mẽ, màn hình lớn sắc nét cùng hàng loạt tính năng thông minh, sản phẩm này đáp ứng tốt nhu cầu của sinh viên, nhân viên văn phòng và cả những người sáng tạo nội dung. ""Cân"" mọi tác vụ với sức mạnh vượt trội từ Intel Core i5 thế hệ 13 Được trang bị bộ vi xử lý Intel Core i5 Raptor Lake - 13420H với 8 nhân 12 luồng, tốc độ tối đa lên đến 4.6 GHz nhờ công nghệ Turbo Boost, laptop Asus Vivobook mang lại khả năng xử lý nhanh chóng, mượt mà. Dù bạn đang thao tác trên các ứng dụng văn phòng, lập trình, chỉnh sửa ảnh hay thực hiện các công việc sáng tạo, chiếc laptop này đều đảm bảo hiệu suất ổn định, giúp tối ưu hóa năng suất làm việc. Xem thêm"
hp-15-fd0015tu-i7-a19c5pa,HP 15 fd0015TU i7 1355U (A19C5PA),"Laptop HP 15 fd0015TU i7 A19C5PA là sự lựa chọn lý tưởng cho những ai cần một chiếc máy tính xách tay mạnh mẽ và đa năng. Với hiệu năng mạnh mẽ, thiết kế trang nhã và màn hình 15.6 inch sắc nét máy đáp ứng mọi nhu cầu sử dụng hằng ngày của bạn. • Laptop HP nổi bật với thiết kế màu vàng sang trọng và tinh tế. Vỏ máy được làm từ chất liệu nhựa cao cấp, vừa nhẹ nhàng vừa bền bỉ, tạo cảm giác chắc chắn khi cầm nắm. Logo HP nổi bật ở mặt lưng, tạo điểm nhấn đặc trưng và mang lại vẻ ngoài chuyên nghiệp. • Bàn phím được thiết kế khoa học với hành trình phím vừa phải, mang lại cảm giác gõ thoải mái và chính xác, hỗ trợ tốt cho công việc văn phòng và học tập. Touchpad rộng, nhạy và mượt mà, cho phép người dùng thao tác dễ dàng và chính xác. Xem thêm"
dell-inspiron-15-3520-i5-n3520i5u165w11slubl,Dell Inspiron 15 3520 i5 1235U (N3520-i5U165W11SLU-BL),"Laptop Dell Inspiron 15 3520 i5 1235U (N3520-i5U165W11SLU-BL) là sự lựa chọn lý tưởng cho học sinh, sinh viên và nhân viên văn phòng nhờ sự kết hợp hoàn hảo giữa hiệu năng ổn định, thiết kế thanh lịch và tính di động cao. Chiếc laptop này không chỉ đáp ứng tốt các nhu cầu học tập, làm việc hàng ngày mà còn mang đến trải nghiệm giải trí tuyệt vời. Đây chắc chắn là một trợ thủ đắc lực đáng để bạn đầu tư. ""Cân"" mọi tác vụ văn phòng, học tập với sức mạnh từ Gen 12 Dell Inspiron 15 3520 được trang bị bộ vi xử lý Intel Core i5 Alder Lake - 1235U với 10 nhân và 12 luồng, mang đến hiệu năng mạnh mẽ để xử lý mọi tác vụ từ cơ bản đến phức tạp. Tốc độ CPU 1.3 GHz, có thể đạt tối đa 4.4 GHz nhờ Turbo Boost, giúp laptop hoạt động mượt mà ngay cả khi chạy nhiều ứng dụng cùng lúc. Card tích hợp đủ sức đáp ứng nhu cầu đồ họa cơ bản, xem phim, lướt web và chơi các game nhẹ nhàng. Xem thêm"
hp-240-g10-i5-b93gzat,HP 240 G10 i5 1334U (B93GZAT),Không có mô tả
asus-vivobook-x1404za-i3-nk246w,Asus Vivobook X1404ZA i3 1215U (NK246W),"Một chiếc laptop học tập - văn phòng không chỉ sở hữu bộ phần cứng ổn định hỗ trợ đa công việc, thiết kế sang trọng đầy cao cấp mà còn có một mức giá siêu lý tưởng. Laptop Asus Vivobook X1404ZA i3 1215U (NK246W) hoàn toàn phù hợp với các bạn sinh viên thuộc các khối ngành kinh tế, tài chính hoặc nhân viên văn phòng. • Laptop Asus Vivobook được trang bị bộ vi xử lý Intel Core i3 1215U tích hợp cùng card Intel UHD Graphics mang lại mức độ vận hành tuyệt vời đối với các công việc soạn thảo văn bản trên Word, thao tác tính với Excel, ghi note, hay duyệt web giải trí và xem phim. Ngoài ra, người dùng cũng hoàn toàn có thể chỉnh sửa hình ảnh đơn giản trên Photoshop, Canva,... và chơi một số tựa game ở mức cấu hình cơ bản. Xem thêm"
lenovo-loq-15arp9-r7-83jc0040vn,Lenovo Gaming LOQ 15ARP9 R7 7435HS (83JC0040VN),"Ấn tượng mạnh mẽ từ vẻ bề ngoài độc đáo, thu hút đến khả năng chiến game đỉnh cao trên mẫu laptop Lenovo Gaming LOQ 15ARP9 R7 7435HS (83JC0040VN). Máy sở hữu con chip AMD Ryzen 7 mạnh mẽ, card rời RTX 40 Series, RAM 24 GB,... sẽ cùng bạn có những khoảnh khắc chiến đấu thực sự xuất thần. • Laptop Lenovo LOQ được trang bị bộ vi xử lý AMD Ryzen 7 7435HS với 8 nhân và 16 luồng. Điều này mang lại hiệu năng mạnh mẽ, giúp bạn xử lý mượt mà mọi tác vụ từ chơi game đến công việc đồ họa nặng. Các game thủ có thể tận hưởng trải nghiệm chiến đấu không bị gián đoạn, trải nghiệm được đa dạng nhiều con game ""hot hit"" trên Steam hay kể cả khi chạy các ứng dụng nặng hoặc thực hiện livestream mà không lo máy bị chậm hay lag. Xem thêm"
msi-thin-15-b12uc-i5-2045vn,MSI Gaming Thin 15 B12UC i5 12450H (2045VN),"Laptop MSI Gaming Thin 15 B12UC i5 12450H (2045VN) không chỉ là một trợ thủ đắc lực cùng bạn trên nhiều chiến trường ảo mà còn hỗ trợ được đa dạng các công việc thường ngày từ thiết kế thông dụng đến đồ hoạ cao với bộ đôi CPU Intel dòng H và card rời RTX 30 Series. Tham khảo ngay laptop với mức giá vô cùng lý tưởng tại Thế Giới Di Động. • Hiệu năng mạnh mẽ từ CPU Intel Core i5 12450H gồm 8 nhân và 12 luồng, vi xử lý này cung cấp tốc độ xử lý ấn tượng, giúp bạn hoàn thành công việc nhanh chóng từ những file Excel, Power BI với hàng triệu dòng dữ liệu,... Giải trí hấp dẫn trên Đấu Trường Chân Lý hay căng não với chiến thuật trên sân cỏ FO4. • Khả năng dựng hình cao trên card rời NVIDIA GeForce RTX 3050 4 GB giúp cải thiện chất lượng hình ảnh trong game, tạo ra những khung cảnh sống động và chân thực nhất, đồng thời cũng nâng cao khả năng chỉnh sửa hình ảnh và đồ hoạ lên đáng kể. Xem thêm"
acer-aspire-a315-44p-r9w8-r7-nxksjsv002,Acer Aspire 3 A315 44P R9W8 R7 5700U (NX.KSJSV.002),"Laptop Acer Aspire A315 44P R9W8 R7 5700U (NX.KSJSV.002) chiếc laptop sở hữu một thiết kế vô cùng thanh lịch, tao nhã đi cùng với nó là cấu hình ""nhẹ nhàng"" phù hợp cho các bạn học sinh, sinh viên hoặc nhân viên văn phòng thiên về các ngành kinh tế nằm trong phân khúc giá. Thiết kế tối giản, thanh lịch Ngay khi được cầm mẫu laptop Acer này trên tay, mình cảm thấy thiết kế nó rất là nhẹ nhàng với những đường nét thanh mảnh tối giản được hoàn thiện bởi lớp vỏ nhựa cứng cáp, không hề có cảm giác ọp ẹp vì thế em nó phù hợp với cả nam lẫn nữ. Xem thêm"
asus-x1404va-i5-nk771ws,Asus Vivobook 14 X1404VA i5 1334U (NK771WS),"Laptop Asus Vivobook 14 X1404VA i5 1334U (NK771WS) là sự lựa chọn tuyệt vời cho học sinh, sinh viên và nhân viên văn phòng đang tìm kiếm một chiếc laptop đáng tin cậy. Với hiệu năng ổn định và thiết kế mỏng nhẹ, chiếc laptop này đáp ứng tốt nhu cầu học tập, làm việc và giải trí hàng ngày, mang lại giá trị vượt trội trong phân khúc giá. ""Cân"" mọi tác vụ văn phòng, học tập với sức mạnh từ Intel thế hệ 13 Trái tim của Asus Vivobook 14 X1404VA là bộ vi xử lý Intel Core i5 Raptor Lake - 1334U với 10 nhân và 12 luồng, xung nhịp có thể đạt tối đa 4.6 GHz nhờ Turbo Boost. Điều này cho phép laptop xử lý mượt mà các tác vụ văn phòng, duyệt web, xem phim và thậm chí là chỉnh sửa ảnh, video cơ bản. Card đồ họa tích hợp Intel Iris Xe Graphics cũng giúp tăng cường khả năng xử lý đồ họa, đáp ứng tốt nhu cầu giải trí và làm việc liên quan đến hình ảnh. Xem thêm"
lenovo-ideapad-slim-3-oled-14irh10-i5-83k0000cvn,Lenovo Ideapad Slim 3 OLED 14IRH10 i5 13420H (83K0000CVN),"Laptop Lenovo Ideapad Slim 3 OLED 14IRH10 i5 13420H (83K0000CVN) là một lựa chọn tuyệt vời cho học sinh, sinh viên và nhân viên văn phòng đang tìm kiếm một chiếc laptop học tập - văn phòng mỏng nhẹ, hiệu năng ổn định và màn hình hiển thị sống động. Với thiết kế thanh lịch, cấu hình mạnh mẽ và màn hình OLED rực rỡ, chiếc laptop này hứa hẹn mang đến trải nghiệm làm việc và giải trí tuyệt vời trong tầm giá. Đây là một sản phẩm đáng để cân nhắc cho những ai ưu tiên sự di động, hiệu suất và chất lượng hiển thị. ""Cân"" mọi tác vụ với hiệu năng vượt trội Xem thêm"
dell-inspiron-15-3520-i5-n3520i5u085w11slu,Dell Inspiron 15 3520 i5 1235U (N3520-i5U085W11SLU),"Dell Inspiron 15 3520 i5 1235U (N3520-i5U085W11SLU) là chiếc laptop lý tưởng cho học sinh, sinh viên và nhân viên văn phòng nhờ sự kết hợp hoàn hảo giữa hiệu năng ổn định, thiết kế thanh lịch và tính di động cao. Hứa hẹn sẽ là người bạn đồng hành đáng tin cậy trong học tập, công việc và giải trí với mức giá hợp lý, đây là một lựa chọn rất đáng cân nhắc. Sức mạnh bên trong – ""Chiến"" mọi tác vụ văn phòng Dell Inspiron 15 3520 được trang bị bộ vi xử lý Intel Core i5 Alder Lake - 1235U với 10 nhân và 12 luồng, xung nhịp tối đa lên đến 4.4 GHz nhờ Turbo Boost. Cấu hình này giúp máy xử lý mượt mà các tác vụ văn phòng hàng ngày như soạn thảo văn bản, duyệt web, làm việc với bảng tính, cũng như các ứng dụng học tập và chỉnh sửa ảnh cơ bản. Card đồ họa tích hợp đủ sức đáp ứng nhu cầu xem phim, giải trí nhẹ nhàng và chơi các game online đơn giản. Xem thêm"
hp-pavilion-x360-14-ek2024tu-core-5-9z2v6pa,HP Pavilion X360 14 ek2024TU Core 5 120U (9Z2V6PA),"Tính năng sử dụng đa dạng đến từ con chip thế hệ hoàn toàn mới, khả năng gập xoay linh hoạt 360 độ đi cùng nhiều tiện ích sử dụng cảm ứng. Laptop HP Pavilion X360 14 ek2024TU Core 5 120U (9Z2V6PA) mang lại cho người dùng giải quyết trọn vẹn nhất mọi công việc và nhu cầu giải trí đa phương tiện. • Laptop HP sử dụng vi xử lý Intel Core 5 120U, sở hữu 10 nhân và 12 luồng, tốc độ cơ bản 1.40 GHz và khả năng tăng tốc lên đến 5.0 GHz, máy đảm bảo xử lý nhanh chóng và hiệu quả các tác vụ từ cơ bản đến phức tạp. Điều này làm cho HP Pavilion phù hợp với các phần mềm chỉnh sửa video như Adobe Premiere, lập trình với Visual Studio Code hoặc chiến các tựa game hấp dẫn như LOL hay FO4. • Card đồ họa tích hợp Intel Graphics cũng đồng thời nâng cao hơn khả năng xử lý đồ hoạ, hỗ trợ nhanh hơn trong các phần mềm tinh chỉnh đồ hoạ hay xem phim với mức phân giải cao. Xem thêm"
asus-vivobook-k3605zc-i5-rp629w,Asus Gaming Vivobook K3605ZC i5 12500H (RP629W),"Laptop Asus Gaming Vivobook K3605ZC i5 12500H (RP629W) nổi bật trong phân khúc tầm trung với bộ cấu hình mạnh mẽ, màn hình sắc nét và thiết kế sang trọng, chiếc máy này chắc chắn sẽ làm hài lòng ngay cả những người dùng khó tính nhất trong thị trường laptop gaming hiện đại. • Laptop được trang bị vi xử lý Intel Core i5 Alder Lake - 12500H, kết hợp cùng card đồ họa rời NVIDIA GeForce RTX 3050 4 GB. Sự kết hợp này không chỉ mang đến khả năng xử lý đa nhiệm mạnh mẽ mà còn đảm bảo hiệu suất cao cho mọi tác vụ, từ làm việc văn phòng, thiết kế đồ họa 2D, edit video thông dụng và lập trình phát triển phần mềm. • Ngoài ra, bộ cấu hình này trên chiếc laptop gaming vẫn đủ khả năng đáp ứng được việc chiến các con game phổ biến như Valorant, LOL, FO4 ở các mức setting hợp lý, đáp ứng yêu cầu làm việc và giải trí toàn diện hơn. Xem thêm"
hp-pavilion-15-eg3091tu-i7-8c5l2pa,HP Pavilion 15 eg3091TU i7 1355U (8C5L2PA),"Laptop HP Pavilion 15 eg3091TU i7 1355U (8C5L2PA) sở hữu trong mình hiệu năng vượt trội từ dòng chip Intel thế hệ mới, vẻ ngoài thanh lịch cùng các tiện ích hiện đại. Đây chắc chắn sẽ là mẫu laptop học tập - văn phòng lý tưởng cho sinh viên và người đi làm. • Laptop HP sở hữu bộ vi xử lý Intel Core i7 1355U - phiên bản mới nhất của Intel có tốc độ xung nhịp cơ bản 1.70 GHz và tăng tốc lên đến 5.0 GHz, CPU đảm bảo cung cấp hiệu suất mạnh mẽ cho các tác vụ đa nhiệm, xử lý dữ liệu và đồ họa. • Card đồ họa tích hợp Intel Iris Xe Graphics mang lại hiệu năng tương đối mạnh mẽ, phù hợp cho các tác vụ văn phòng, trình chiếu đa phương tiện, giải trí và các ứng dụng đồ họa như Photoshop, Canva, AI,... hoặc chơi các tựa game nhẹ. Xem thêm"
acer-aspire-lite-16-g2-al16-52p-572a-i5-nxj2ssv004,Acer Aspire Lite 16 G2 AL16 52P 572A i5 1334U (NX.J2SSV.004),"Khi công nghệ trở thành yếu tố không thể thiếu trong cuộc sống, việc sở hữu một chiếc laptop vừa mạnh mẽ vừa đa năng là điều cần thiết. Laptop Acer Aspire Lite 16 G2 AL16 52P 572A i5 1334U (NX.J2SSV.004) chính là giải pháp toàn diện với mức giá hợp lý, nhiều ưu đãi từ Thế Giới Di Động, đáp ứng mọi nhu cầu từ học tập, làm việc đến giải trí và bảo vệ dữ liệu cá nhân. Sức mạnh ẩn sau vẻ ngoài thanh lịch: ""Cân"" mọi tác vụ văn phòng Chiếc laptop học tập - văn phòng này được trang bị chip Intel Core i5 1334U thế hệ thứ 13, mang lại hiệu suất vượt trội cho mọi hoạt động thường ngày. Với 10 nhân và 12 luồng, máy có khả năng xử lý mượt mà các tác vụ văn phòng như soạn thảo, tạo bảng tính, và quản lý email, đồng thời đảm bảo hiệu năng ổn định khi chỉnh sửa đồ họa 2D hay dựng video cơ bản. Công nghệ tăng xung nhịp lên đến giúp đẩy nhanh tiến độ công việc và tối ưu trải nghiệm. Xem thêm"
macbook-air-15-inch-m4-16gb-256gb,MacBook Air 15 inch M4 16GB/256GB,"Nếu bạn yêu thích sự linh hoạt và tiện ích của MacBook Air nhưng mong muốn một không gian hiển thị rộng rãi hơn, MacBook Air 15 inch M4 16GB/256GB chính là lựa chọn lý tưởng. Được trang bị con chip M4 mới nhất cùng màn hình lớn 15.3 inch, chiếc laptop này mang đến trải nghiệm thị giác tối ưu, hiệu suất mạnh mẽ và thiết kế siêu mỏng nhẹ. Cấu hình mạnh mẽ, hiệu suất vượt trội MacBook Air 15 inch được xây dựng trên tiến trình 3 nm thế hệ thứ hai hiện đại, giúp tối ưu hóa hiệu suất và tiết kiệm năng lượng đáng kể. Với 10 nhân CPU và băng thông bộ nhớ lên đến 120 GB/s, chiếc MacBook Air này có thể xử lý mượt mà từ các tác vụ văn phòng đến thiết kế đồ họa và lập trình phức tạp. Xem thêm"
msi-katana-15-b13udxk-i7-2077vn,MSI Gaming Katana 15 B13UDXK i7 13620H (2077VN),"Laptop MSI Gaming Katana 15 B13UDXK i7 13620H (2077VN) - cỗ máy chiến game đỉnh cao đến từ MSI với chip Intel Gen 13 dòng H hiệu năng cao và card RTX 30 series mạnh mẽ, sẵn sàng chinh phục mọi chiến trường ảo cùng cộng đồng game thủ. • Laptop MSI được trang bị chip Intel Core i7 13620H dòng H mạnh mẽ, đi cùng card rời NVIDIA GeForce RTX 3050 6 GB mang đến hiệu năng xử lý vượt trội, đáp ứng mọi nhu cầu làm việc, học tập và giải trí của bạn. Chiến binh này không chỉ xử lý mượt mà các tác vụ văn phòng, duyệt web thông thường mà còn sẵn sàng đồng hành cùng bạn chinh phục những thử thách đồ họa nặng nề hay những tựa game yêu thích. • Bộ nhớ RAM 16 GB DDR5 trên laptop gaming này mang đến khả năng đa nhiệm vượt trội, cho phép bạn thoải mái chơi game, làm việc với các ứng dụng đồ họa nặng mà không lo giật lag hay gián đoạn. Dù bạn mở nhiều tab trình duyệt, sử dụng nhiều phần mềm cùng lúc hay chiến game với mức cài đặt cao nhất, laptop vẫn vận hành mượt mà, ổn định. Xem thêm"
acer-aspire-lite-15-al15-41p-r3ql-r7-nxj54sv001,Acer Aspire Lite 15 AL15 41P R3QL R7 5700U (NX.J54SV.001),"Laptop Acer Aspire Lite 15 AL15 41P R3QL R7 5700U (NX.J54SV.001) là chiếc laptop lý tưởng cho học sinh, sinh viên và nhân viên văn phòng nhờ sự kết hợp hoàn hảo giữa hiệu năng ổn định và thiết kế thanh lịch. Với bộ vi xử lý AMD Ryzen 7 mạnh mẽ, chiếc laptop này hứa hẹn mang đến trải nghiệm mượt mà trong mọi tác vụ. Đây là một lựa chọn đáng cân nhắc trong phân khúc laptop tầm trung. Sức mạnh ""chiến"" mọi tác vụ Trái tim của chiếc laptop học tập - văn phòng này là CPU AMD Ryzen 7 5700U với 8 nhân 16 luồng, xung nhịp cơ bản 1.8 GHz và có thể đạt tối đa 4.3 GHz nhờ Turbo Boost. Con chip này không chỉ đáp ứng tốt các nhu cầu làm việc văn phòng hàng ngày như soạn thảo văn bản, duyệt web, mà còn xử lý mượt mà các ứng dụng đồ họa và chỉnh sửa ảnh cơ bản. Đi kèm là card đồ họa tích hợp , đủ sức để bạn giải trí với các tựa game online nhẹ nhàng hoặc xem phim chất lượng cao. Xem thêm"
dell-inspiron-15-3520-i7-n3520i7u165w11blufp,Dell Inspiron 15 3520 i7 1255U (N3520-i7U165W11BLU-FP),"Laptop Dell Inspiron 15 3520 i7 1255U (N3520-i7U165W11BLU-FP) là lựa chọn lý tưởng cho những ai cần một chiếc máy tính xách tay văn phòng mạnh mẽ từ chip Intel thế hệ 12, tiện lợi và có thiết kế hiện đại. Sở hữu hiệu năng ổn định, màn hình lớn sắc nét cùng kiểu dáng tinh tế, đây chắc chắn là người bạn đồng hành lý tưởng cho công việc và giải trí. • Trang bị bộ vi xử lý Intel Core i7 - 1255U, laptop mang lại hiệu suất ổn định, giúp bạn dễ dàng xử lý các tác vụ văn phòng như Word, Excel, PowerPoint cũng như chỉnh sửa đồ họa 2D, video cơ bản,... Ngoài ra, khả năng hiển thị mượt mà của card Iris Xe Graphics giúp trải nghiệm giải trí đa phương tiện sống động hơn, mang lại hình ảnh sắc nét và chuyển động mượt mà. • RAM 16 GB DDR4 giúp bạn thoải mái mở nhiều ứng dụng cùng lúc mà không gặp tình trạng giật lag. Ổ cứng có thể tháo rời và thay thế, hỗ trợ nâng cấp tối đa lên , đảm bảo tốc độ truy xuất dữ liệu nhanh chóng, giúp khởi động máy, mở phần mềm tức thì và lưu trữ lượng lớn tài liệu, video,... Xem thêm"
asus-vivobook-x1404za-i5-nk376w,Asus Vivobook X1404ZA i5 1235U (NK376W),"Một gương mặt thân quen trong thị trường laptop học tập - văn phòng, laptop Asus Vivobook X1404ZA i5 1235U (NK376W) sở hữu hơi hướng thời thượng, cao cấp với vẻ ngoài tinh tế đầy thu hút, đi kèm với đó là hiệu năng vượt trội hơn so với những sản phẩm đồng phân khúc, mang lại cho người dùng trải nghiệm tuyệt vời nhất. • Bộ vi xử lý Intel Core i5 1235U sở hữu cấu trúc 10 nhân 12 luồng mạnh mẽ, mang đến tốc độ tối đa lên đến 4.4 GHz nhờ Turbo Boost hỗ trợ bạn giải quyết nhanh gọn, hàng loạt tác vụ văn phòng như Word, Excel, PowerPoint,... Nếu có nhu cầu giải trí, thiết bị cũng hoàn toàn đáp ứng tốt ở các tựa game FO4 hay LOL với mức setting Low đến Medium. • Thoải mái chỉnh sửa hình ảnh hoặc edit các video ngắn với card tích hợp Intel Iris Xe Graphics, ngoài ra card màn hình cũng đem đến những lợi ích nhất định như bổ trợ chất lượng hình ảnh cao để bạn thích thú hơn khi trải nghiệm những video hay phim ảnh Full HD. Xem thêm"
asus-gaming-tuf-f15-fx507zc4-i5-hn330w,Asus TUF Gaming F15 FX507ZC4 i5 12500H (HN330W),"Laptop Asus Gaming TUF F15 FX507ZC4 i5 12500H (HN330W) là người bạn đồng hành hoàn hảo cho các game thủ đam mê sự mạnh mẽ và hiệu năng đỉnh cao. Cấu hình quốc dân với chip Intel dòng H và card đồ họa RTX 30 series, chiếc laptop này sẽ biến mọi trận đấu của bạn trở thành trải nghiệm tuyệt vời. • Màn hình laptop gaming kích thước 15.6 inch sử dụng tấm nền IPS, độ phân giải Full HD (1920 x 1080), mang lại hình ảnh rõ nét. Công nghệ chống chói Anti Glare giúp bạn thoải mái chơi game dưới ánh sáng mạnh mà không bị lóa, làm khó chịu tầm nhìn. • Tần số quét cao 144 Hz giúp bạn có trải nghiệm chơi game mượt mà, không bị xé hình hay trễ ảnh. Điều này giúp bạn luôn nắm bắt nhạy hơn được mọi khoảnh khắc quan trọng trong trận đấu, di chuyển cho thao tác mượt trong những pha giao tranh kịch tính. Ngoài ra, việc làm đồ hoạ động, video cũng trở nên hiệu quả hơn đáng kể. Xem thêm"
hp-245-g10-r5-b8pf9at,HP 245 G10 R5 7530U (B8PF9AT),"Laptop HP 245 G10 R5 7530U (B8PF9AT) là lựa chọn lý tưởng cho học sinh, sinh viên và nhân viên văn phòng nhờ sự kết hợp hoàn hảo giữa hiệu năng ổn định và thiết kế di động. Chiếc laptop này nổi bật với bộ vi xử lý AMD Ryzen 5 mạnh mẽ, mang đến trải nghiệm làm việc và giải trí tuyệt vời. Đây chắc chắn là một người bạn đồng hành đáng tin cậy trong công việc và học tập hàng ngày. Sức mạnh vượt trội cho công việc và học tập HP 245 G10 được trang bị bộ vi xử lý AMD Ryzen 5 7530U với 6 nhân và 12 luồng, tốc độ xung nhịp lên đến 4.5 GHz nhờ Turbo Boost, mang lại hiệu năng mạnh mẽ để xử lý mượt mà các tác vụ văn phòng, học tập và giải trí đa phương tiện. Xem thêm"
lenovo-loq-15irx9-i5-83dv00psvn,Lenovo LOQ 15IRX9 i5 13450HX (83DV00PSVN),"Laptop Lenovo LOQ 15IRX9 i5 13450HX (83DV00PSVN) là một chiếc laptop gaming mạnh mẽ, hướng đến các nhà thiết kế đồ họa, dựng video và kỹ sư. Với hiệu năng vượt trội, màn hình sắc nét và thiết kế bền bỉ, chiếc laptop này sẽ là một công cụ đắc lực, giúp bạn chinh phục mọi thử thách trong công việc và giải trí. Hiệu năng ""chiến"" mọi tác vụ Lenovo LOQ 15IRX9 được trang bị bộ vi xử lý Intel Core i5 Raptor Lake - 13450HX với 10 nhân 16 luồng, tốc độ xung nhịp 2.4 GHz và có thể đạt tối đa 4.6 GHz nhờ Turbo Boost, giúp bạn xử lý mượt mà các tác vụ nặng như thiết kế 3D, dựng video và lập trình. Xem thêm"
hp-240-g10-i5-9h2e4pt,HP 240 G10 i5 1335U (9H2E4PT),"Bạn đang muốn tìm kiếm một mẫu laptop mang hiệu năng ổn định, thiết kế hiện đại lại còn sở hữu một mức giá phù hợp kinh tế thì hãy tham khảo ngay laptop HP 240 G10 i5 1335U (9H2E4PT) từ thương hiệu HP nổi tiếng, mang đến cho người dùng những trải nghiệm sử dụng đầy đủ từ làm việc đến giải trí. • Laptop học tập - văn phòng sử dụng bộ vi xử lý Intel Core i5 1335U tích hợp cùng card Intel UHD Graphics giúp mọi công việc soạn thảo, tính toán hay trình chiếu của bạn ở cơ quan hay trường học đều được hoàn thành hiệu quả nhất. Hơn nữa, người dùng cũng có thể gắn thêm 1 thanh RAM để kích hoạt card Iris Xe Graphics tối ưu hơn cho các tác vụ chỉnh sửa hình ảnh hay edit video ngắn. • Bộ nhớ RAM 16 GB có khả năng nâng cấp cực kì ấn tượng lên đến 64 GB giúp mọi thao tác công việc trở nên thuận tiện hơn, mở nhiều tab cùng lúc mà không sợ bị đứng máy. Ổ cứng mang đến dung lượng lưu trữ vừa đủ cho nhiều tài liệu và thư mục của bạn. Xem thêm"
msi-cyborg-15-a13vek-i7-1423vn,MSI Gaming Cyborg 15 A13VEK i7 13620H (1423VN),"Laptop MSI Cyborg 15 A13VEK i7 13620H (1423VN) không chỉ là một cỗ máy chiến game mạnh mẽ mà còn là người bạn đồng hành lý tưởng cho các nhà sáng tạo nội dung chuyên nghiệp. Sở hữu cấu hình đỉnh cao và thiết kế đẳng cấp, chiếc laptop này sẵn sàng đáp ứng mọi nhu cầu giải trí và sáng tạo của bạn một cách hoàn hảo. • MSI trang bị bộ vi xử lý Intel Core i7 thế hệ 13 tiên tiến 13620H, mang đến hiệu năng mạnh mẽ, sẵn sàng chinh phục mọi thử thách bạn đặt ra. Cho dù bạn là game thủ đam mê chinh phục những tựa game AAA cấu hình cao hay nhà sáng tạo cần xử lý các tác vụ đồ họa nặng nhọc, cỗ máy này cũng sẽ đồng hành cùng bạn, hoàn thành mọi yêu cầu một cách nhanh chóng và ổn định. • Chiến game mượt mà, sắc nét, loại bỏ hoàn toàn hiện tượng giật lag, đơ máy, cho bạn đắm chìm trọn vẹn trong từng khoảnh khắc game với card đồ họa rời . Không chỉ khuấy đảo thế giới game ảo, chiếc  với khả năng xử lý đồ họa tốt còn là người bạn đồng hành đắc lực cho các nhà sáng tạo nội dung. Cải thiện hiệu suất đáng kể cho các tác vụ đồ họa nặng như chỉnh sửa ảnh, cắt ghép video, render 3D,... giúp bạn hoàn thành mọi công việc một cách nhanh chóng và hiệu quả. Xem thêm"
asus-vivobook-s-16-oled-s5606ma-ultra-5-mx050w,Asus Vivobook S 16 OLED S5606MA Ultra 5 125H (MX050W),"Trong thị trường laptop sôi động hiện nay, laptop Asus Vivobook S 16 OLED S5606MA Ultra 5 125H (MX050W) nổi lên như một lựa chọn sáng giá cho những người dùng yêu thích sự mỏng nhẹ, thời trang và hiệu năng mạnh mẽ. Chiếc máy tính xách tay này hội tụ đầy đủ những yếu tố cần thiết để đáp ứng nhu cầu học tập, làm việc và giải trí đa dạng của người dùng. • Asus đã tạo nên bước đột phá khi trang bị cho chiếc laptop của mình con chip Intel Core Ultra 5 Meteor Lake - 125H mạnh mẽ. Sở hữu 14 nhân và 18 luồng cùng card tích hợp Intel Arc Graphics, chiếc máy này mang đến hiệu năng vượt trội, sẵn sàng chinh phục mọi tác vụ. Điểm nhấn ấn tượng là khả năng vận dụng và phân chia luồng cho các tác vụ công việc được cải thiện đáng kể nhờ vào tính năng AI hỗ trợ. Xem thêm"
dell-inspiron-15-3520-i5-n3520i5u165w11blufp,Dell Inspiron 15 3520 i5 1235U (N3520-i5U165W11BLU-FP),"Sẵn sàng cho mọi hành trình học tập và công việc với chiếc laptop Dell Inspiron 15 3520 i5 1235U (N3520-i5U165W11BLU-FP), một mẫu laptop học tập - văn phòng đầy đủ sức mạnh và tính năng hiện đại. Được thiết kế để đáp ứng nhu cầu đa dạng từ học sinh, sinh viên đến người đi làm, chiếc laptop này không chỉ nổi bật với hiệu năng mạnh mẽ mà còn sở hữu mức giá vô cùng ưu đãi tại Thế Giới Di Động. Sức mạnh vượt trội cho công việc và học tập Sức mạnh của laptop Dell đến từ vi xử lý Intel Core i5 1235U kết hợp với card Intel Iris Xe Graphics mang lại hiệu suất mượt mà cho các tác vụ từ văn phòng cơ bản đến các ứng dụng nặng hơn như xử lý dữ liệu, coding hoặc chỉnh sửa hình ảnh. Tốc độ ép xung lên đến 4.4 GHz giúp máy xử lý nhanh chóng các tệp tin Word, Excel, PowerPoint và thậm chí chơi các tựa game nhẹ. Đây chính là người bạn đồng hành lý tưởng cho các buổi làm việc dài hay học tập căng thẳng. Xem thêm"
hp-victus-15-fb1022ax-r5-94f19pa,HP Gaming VICTUS 15 fb1022AX R5 7535HS (94F19PA),"Phong cách thiết kế tối giản nhưng vẫn toát lên rõ nét khí thế mạnh mẽ của một mẫu máy chiến game thời thượng, laptop HP Gaming VICTUS 15 fb1022AX R5 7535HS (94F19PA) với những sự trang bị về cấu hình vượt trội sẽ cùng bạn chinh chiến trên mọi đấu trường ảo. • Laptop HP Gaming VICTUS cho phép người dùng không chỉ chiến đấu hấp dẫn ở mọi tựa game một cách trơn tru mà còn thao tác hiệu quả các tác vụ văn phòng như Word, Excel,... nhờ chip AMD Ryzen 5 7535HS có 6 nhân 12 luồng, với tốc độ cơ bản 3.30 GHz và đạt tối đa đến 4.55 GHz nhờ Turbo Boost. Hơn thế nữa, máy còn hỗ trợ làm hình ảnh, thiết kế đồ hoạ, poster, render video ngắn hiệu quả. • Mang đến hiệu suất chơi game đáng kinh ngạc cùng giải pháp đồ họa hiệu quả nhờ card rời NVIDIA GeForce RTX 2050 4 GB, cho bạn thỏa sức sáng tạo với các nền tảng Adobe hay tận hưởng chất lượng hình ảnh rõ nét trong từng chuyển động ở thế giới ảo của cả các tựa game có đồ họa cao như Valorant, CS:GO, FO4 Online,... Xem thêm"
asus-fa507nur-r7-lp057w,Asus TUF Gaming A15 FA507NUR R7 7435HS (LP057W),"Laptop Asus Gaming TUF A15 FA507NUR R7 7435HS (LP057W) không chỉ thu hút game thủ bởi vẻ ngoài hầm hố, mạnh mẽ mà còn chinh phục bởi cấu hình vượt trội. Sức mạnh được cung cấp bởi bộ vi xử lý AMD hiệu năng cao cùng card đồ họa RTX 40 series, kết hợp cùng các công nghệ hiện đại, chiếc laptop này thành cỗ máy chiến game thực thụ, mang đến cho bạn những trải nghiệm vô cùng hấp dẫn. • Bộ vi xử lý AMD Ryzen 7 - 7435HS với tốc độ xung nhịp tối đa lên đến 4.5 GHz cho bạn chiến game mượt mà, xử lý đa nhiệm trơn tru. Dù là những tựa game Esport kịch tính như LOL hay những game nhập vai thế giới mở rộng lớn như GTA V thì Asus TUF Gaming đều đáp ứng hoàn hảo, cho bạn trải nghiệm chiến game đỉnh cao, thỏa sức khám phá thế giới ảo mà không lo giật lag hay tụt FPS. Xem thêm"
hp-15-fd1063tu-ultra-5-9z2y1pa,HP 15 fd1063TU Ultra 5 125H (9Z2Y1PA),"Laptop HP 15 fd1063TU Ultra 5 125H (9Z2Y1PA) mang hiệu năng vượt trội cùng tính đa nhiệm hiệu quả nhờ con chip thế hệ mới được tích hợp AI, thông số cấu hình ổn định với RAM 16 GB, SSD 512 GB,... Hãy khám phá ngay tính năng tiện lợi mà chiếc laptop học tập - văn phòng này mang lại cho các tác vụ của bạn. • Máy với kiểu dáng hiện đại, tông màu vàng đẹp mắt và không quá gây chú ý giúp người dùng có thể mang máy theo bất cứ đâu, từ trường học, cơ quan hay quán coffee. Kích cỡ hợp lý cùng cân nặng chỉ có 1.65 kg, bạn chỉ cần thêm một chiếc túi chống sốc là đã có thể linh động mang theo di chuyển. • Laptop HP cơ bản còn hỗ trợ các cổng như: HDMI, USB Type-A, USB Type-C 3.2 và Headphone/microphone combo thuận tiện mỗi khi cần kết nối. Xem thêm"
lenovo-ideapad-slim-5-14ahp10-r7-83hv001mvn,Lenovo IdeaPad Slim 5 OLED 14AHP10 R7 8845HS (83HV001MVN),"Laptop Lenovo IdeaPad Slim 5 14AHP10 R7 8845HS (83HV001MVN) là chiếc laptop lý tưởng cho học sinh, sinh viên và nhân viên văn phòng nhờ sự kết hợp hoàn hảo giữa hiệu năng mạnh mẽ, thiết kế mỏng nhẹ và các tính năng thông minh. Với bộ vi xử lý AMD Ryzen 7 8845HS, màn hình OLED sắc nét và thời lượng pin ấn tượng, chiếc laptop này sẽ là người bạn đồng hành đáng tin cậy trong công việc và học tập. Đây chắc chắn là một sự đầu tư xứng đáng cho những ai tìm kiếm một chiếc laptop đa năng và hiệu suất cao. Hiệu năng vượt trội cho mọi tác vụ Xem thêm"
acer-aspire-3-a315-59-5283-i5-nxk6tsv00b,Acer Aspire 3 A315 59 5283 i5 1235U (NX.K6TSV.00B),"Laptop Acer Aspire 3 A315 59 5283 i5 (NX.K6TSV.00B) là một trong những sản phẩm nổi bật của thương hiệu Acer trong phân khúc tầm trung, được thiết kế để đáp ứng nhu cầu của người dùng về đa nhiệm, hỗ trợ cho các tác vụ làm việc văn phòng, học tập hay giải trí. • Laptop Acer Aspire được trang bị bộ vi xử lý Intel Core i5 1235U thế hệ thứ 12 với tốc độ xung nhịp 1.3 GHz (lên tới 4.4 GHz với chế độ Turbo Boost), có khả năng xử lý đa nhiệm hiệu quả, giúp người dùng có thể mở đồng thời nhiều ứng dụng mà không bị lag. • CPU tích hợp với card đồ họa Intel UHD Graphics trên chiếc laptop học tập - văn phòng này đảm bảo hiệu suất xử lý đồ họa cơ bản và đủ mạnh để xem video độ phân giải cao, chơi game đơn giản và thực hiện các tác vụ đồ họa cơ bản. Xem thêm"
msi-gaming-gf63-thin-12uc-i7-887vn,MSI Gaming GF63 Thin 12UC i7 12650H (887VN),"Laptop MSI Gaming GF63 Thin 12UC i7 12650H (887VN) không chỉ là một chiếc laptop mạnh mẽ với bộ vi xử lý Intel Core i7 dòng H cao cấp cùng card đồ họa NVIDIA GeForce RTX, mà còn là người bạn đồng hành đáng tin cậy của cả game thủ và những chuyên viên thiết kế đồ họa chuyên nghiệp. • Đạt hiệu năng tối ưu nhờ bộ vi xử lý Intel Core i7 12650H, laptop sẵn sàng đáp ứng mọi thách thức, từ chơi game đỉnh cao đến xử lý các tác vụ nặng một cách nhanh chóng và ổn định. Với GPU NVIDIA GeForce RTX 3050 4 GB, bạn có thể thả ga chơi game ở độ phân giải cao và tốc độ khung hình nhanh mà không cần lo lắng về tình trạng đơ máy hay giật lag màn hình. • Laptop MSI Gaming GF được trang bị bộ nhớ RAM DDR4 8 GB và ổ cứng SSD NVMe PCIe Gen 4.0 512 GB giúp máy khởi động nhanh chóng và chạy ứng dụng một cách ổn định, có thể đồng thời chiến các tựa game đỉnh cao hay tác vụ đồ họa chuyên nghiệp. Ngoài ra, bạn cũng có khả năng nâng cấp RAM lên tối đa để tối ưu hóa hiệu suất đa nhiệm và xử lý dữ liệu. Xem thêm"
gigabyte-g5-mf5-rc555-i5-9rc55mf5feiaa1vn0c0,GIGABYTE G5 MF5 RC555 i5 13500H (9RC55MF5FEIAA1VN0C0),"Chiếc laptop gaming này được trang bị cấu hình mạnh mẽ với vi xử lý Intel thế hệ 13 dòng H hiệu năng cao, card đồ họa rời RTX 40 series và màn hình tần số quét 144 Hz, mang đến trải nghiệm mượt mà trong mọi trận đấu. Với mức giá dưới 22 triệu, laptop GIGABYTE G5 MF5 RC555 i5 13500H (9RC55MF5FEIAA1VN0C0) sẽ trở thành người bạn đồng hành lý tưởng, giúp bạn thống lĩnh mọi đấu trường ảo một cách đầy tự tin. Sức mạnh ""khủng"" bên trong: Cân mọi tựa game, xử lý đồ họa ""tẹt ga"" GIGABYTE G5 MF5 RC555 được trang bị vi xử lý Intel Core i5 13500H, mang đến hiệu năng mạnh mẽ nhờ 12 nhân 16 luồng, giúp tối ưu khả năng xử lý đa nhiệm. Với xung nhịp tối đa 4.7 GHz nhờ công nghệ Turbo Boost, con chip này đảm bảo hiệu suất cao trong cả tác vụ đơn nhân và đa nhân. Điều này có nghĩa là bạn có thể chơi game, livestream, chỉnh sửa video hay lập trình mà hạn chế gặp tình trạng giật lag. Xem thêm"
dell-inspiron-15-3520-i7-25p2315,Dell Inspiron 15 3520 i7 1255U (25P2315),"Trong thời đại công nghệ phát triển không ngừng, một chiếc laptop mạnh mẽ là trợ thủ không thể thiếu. Laptop Dell Inspiron 15 3520 i7 1255U (25P2315) chính là sự kết hợp hoàn hảo giữa hiệu suất vượt trội và thiết kế tinh tế. Không chỉ giúp bạn xử lý công việc trơn tru, sản phẩm còn mang lại trải nghiệm giải trí ấn tượng nhờ màn hình sống động và công nghệ âm thanh hiện đại. Hiệu suất ấn tượng với vi xử lý Intel Core i7 Laptop Dell Inspiron này là sự lựa chọn lý tưởng cho những ai cần một thiết bị mạnh mẽ để xử lý công việc và giải trí. Sở hữu bộ vi xử lý Intel Core i7 Alder Lake - 1255U, chiếc laptop này mang đến hiệu suất vượt trội, giúp bạn dễ dàng thực hiện các tác vụ văn phòng như soạn thảo văn bản, xử lý bảng tính, thiết kế slide, cũng như chỉnh sửa hình ảnh, video ở mức cơ bản. Kết hợp cùng card đồ họa , Dell Inspiron 15 3520 đảm bảo chất lượng hiển thị sắc nét, chuyển động mượt mà, tối ưu trải nghiệm sử dụng. Xem thêm"
lenovo-loq-15iax9e-i5-83lk0079vn,Lenovo Gaming LOQ Essential 15IAX9E i5 12450HX (83LK0079VN),"Laptop Lenovo LOQ 15IAX9E i5 12450HX (83LK0079VN) là chiếc laptop gaming mạnh mẽ, thiết kế hầm hố, dành cho các game thủ và người dùng chuyên nghiệp đòi hỏi hiệu năng cao. Với bộ vi xử lý Intel Core i5 thế hệ 12 và card đồ họa NVIDIA GeForce RTX 3050, chiếc laptop Lenovo này hứa hẹn mang đến trải nghiệm gaming mượt mà và khả năng xử lý tác vụ nặng ấn tượng. Đây là lựa chọn tuyệt vời cho những ai tìm kiếm một chiếc laptop kỹ thuật đáng giá trong phân khúc. Sức mạnh vượt trội, chiến game đỉnh cao Lenovo LOQ 15IAX9E được trang bị bộ vi xử lý Intel Core i5 Alder Lake - 12450HX với 8 nhân 12 luồng, tốc độ xung nhịp có thể đạt tối đa nhờ Turbo Boost. Với cấu hình này, bạn có thể thoải mái chiến các tựa game AAA như Cyberpunk 2077, Assassin's Creed Valhalla ở mức cài đặt trung bình đến cao. Card đồ họa rời mang đến khả năng xử lý đồ họa ấn tượng, giúp bạn tận hưởng hình ảnh sắc nét và mượt mà trong mọi trò chơi. Xem thêm"
asus-vivobook-15-x1504za-i3-nj102w?utm_flashsale=1,Asus Vivobook 15 X1504ZA i3 1215U (NJ102W),"Một mẫu laptop học tập - văn phòng đến từ nhà Asus mang hiệu năng ổn định để xử lý công việc, nhiều tiện ích sử dụng đi kèm với đó là một mức giá phù hợp. Laptop Asus Vivobook 15 X1504ZA i3 1215U (NJ102W) chắc chắn là sự lựa chọn tuyệt vời cho không chỉ các bạn sinh viên mà còn là người đi làm để giải quyết mọi vấn đề, công việc hàng ngày. • Laptop Asus sử dụng chip Intel Core i3 1215U cho phép người dùng vận hành nhanh chóng các tác vụ văn phòng, doanh nghiệp trên Word, Excel,... hay duyệt web, xem phim, giải trí một cách hiệu quả. Ngoài ra, với card Intel UHD Graphics được tích hợp trên máy, bạn cũng có thể dễ dàng tinh chỉnh hình ảnh 2D, video cơ bản với Photoshop, Canva,... và chơi một số tựa game nhẹ. • Bộ nhớ RAM 8 GB có hỗ trợ nâng cấp tối đa lên đến 16 GB giúp đa nhiệm thêm hiệu quả, mở nhiều tab Chrome, chuyển qua lại giữa các tác vụ mà không lo đến vấn đề giật lag. Hơn nữa, ổ cứng vừa cho phép bạn tải nhiều tài liệu, hình ảnh và video, vừa tăng tốc độ khởi động ứng dụng lên đáng kể. Xem thêm"
acer-aspire-lite-14-51m-59bn-i5-nxktxsv001,Acer Aspire Lite 14 51M 59BN i5 1235U (NX.KTXSV.001),"Chiếc laptop Acer Aspire Lite 14 51M 59BN i5 1235U (NX.KTXSV.001) không chỉ gây ấn tượng bởi thiết kế thanh lịch, mà còn nổi bật với cấu hình phần cứng mạnh mẽ so với các mẫu laptop cùng phân khúc. Đây là chiếc máy lý tưởng cho việc học tập và làm việc văn phòng, mang lại trải nghiệm sử dụng và giải trí tuyệt vời. • Với bộ vi xử lý Intel Core i5 1235U và card đồ họa tích hợp Intel UHD Graphics, bạn có thể dễ dàng thực hiện các công việc hàng ngày của doanh nghiệp hoặc học tập trên nền tảng Microsoft với các ứng dụng như Word, Excel, PowerPoint,... Hiệu năng mạnh mẽ này cũng hỗ trợ tốt cho các hoạt động giải trí như xem phim, lướt web, chỉnh sửa hình ảnh cơ bản hoặc chơi những trò chơi nhẹ. • Ngoài ra khi lựa chọn lắp thêm một thanh RAM thì có thể kích hoạt Dual Channel để máy vận hành với card , tăng cao hơn nữa khả năng tinh chỉnh đồ hoạ hay edit video. Xem thêm"
hp-envy-x360-14-fc0162tu-ultra-5-ay8x1pa,HP Envy x360 14 fc0162TU Ultra 5 125U (AY8X1PA),"Laptop HP Envy x360 14 fc0162TU Ultra 5 125U (AY8X1PA) độc đáo với tính năng gập mở 360 độ hiện đại, thiết kế thanh mảnh sang trọng, hiệu năng mạnh mẽ từ vi xử lý Intel Core Ultra 5 125U, cùng màn hình OLED 2.8K sống động. HP Envy x360 14 được tối ưu hóa để đồng hành cùng bạn trong mọi công việc và khoảnh khắc sáng tạo, là lựa chọn hoàn hảo mà bất kì ai cũng sẽ ""thích mê"". • Laptop HP Envy gây ấn tượng bởi khung kim loại màu bạc sắc sảo, mang đến vẻ ngoài sang trọng mà vẫn tinh tế. Với khối lượng chỉ 1.39 kg, bạn có thể mang máy theo bên mình một cách dễ dàng, tựa như mang theo một quyển sách nhỏ gọn, thuận tiện cho mọi nhu cầu di chuyển. Logo HP mạ crom trên mặt máy tạo điểm nhấn làm nổi bật thương hiệu cao cấp và nâng tầm đẳng cấp. Xem thêm"
asus-x1504za-i5-nj1608w?utm_flashsale=1,Asus Vivobook 15 X1504ZA i5 1235U (NJ1608W),"Bạn đang tìm kiếm một chiếc laptop đa năng, phục vụ tốt cả công việc lẫn giải trí? Laptop Asus Vivobook 15 X1504ZA i5 1235U (NJ1608W) chính là một lựa chọn lý tưởng mà bạn không nên bỏ qua! Sản phẩm này hội tụ đầy đủ những tính năng tiên tiến, thiết kế hiện đại và hiệu năng ấn tượng, phù hợp với học sinh, sinh viên hay nhân viên văn phòng. Hiệu năng mạnh mẽ, xử lý đa nhiệm mượt mà cho công việc và giải trí Laptop được lắp vi xử lý Intel Core i5 1235U thuộc thế hệ 12 với 10 nhân và 12 luồng lý tưởng cho những tác vụ đòi hỏi tính ổn định và tiết kiệm điện năng. Bạn có thể dễ dàng xử lý các tài liệu Word, Excel, làm việc trên Google Drive hay thậm chí là lập trình với các ngôn ngữ như Python, Java mà không gặp phải tình trạng giật lag. Vi xử lý này cũng được tối ưu hóa cho cả làm đồ họa nhẹ và chỉnh sửa video với các phần mềm như Photoshop hay Premiere. Xem thêm"
hp-pavilion-15-eg2088tu-i7-7c0r0pa?utm_flashsale=1,HP Pavilion 15 eg2088TU i7 1260P (7C0R0PA),"Laptop HP Pavilion 15 eg2088TU i7 (7C0R0PA) sẽ là lựa chọn tốt cho người dùng muốn tìm một chiếc laptop học tập - văn phòng đa năng, có thể đáp ứng hoàn hảo cho các tác vụ công việc và giải trí hằng ngày. • Bộ đôi hiệu năng cao Intel Core i7 1260P và card tích hợp Intel Iris Xe Graphics cho phép người dùng hoàn thành công việc văn phòng trên Word, Excel, PowerPoint hay các sản phẩm của Google mượt mà, thậm chí còn có thể chỉnh sửa hình ảnh 3D và chơi game ở mức cấu hình trung bình. • Với RAM 16 GB bạn có thể mở nhiều tab trên trình duyệt, chạy nhiều chương trình cùng lúc mà không bị chậm hay lag máy. Ổ cứng SSD 512 GB NVMe PCIe có khả năng đọc, ghi dữ liệu nhanh hơn so với các loại ổ cứng HDD cũ, khiến mọi thao tác đều trở nên mượt mà hơn. • Kích thước màn hình 15.6 inch cung cấp cho bạn diện tích lớn để hiển thị nhiều thông tin cùng lúc và giúp bạn làm việc hiệu quả hơn. Tấm nền giúp mở rộng góc nhìn, độ phân giải  cho hình ảnh rõ và chi tiết, công nghệ giúp cải thiện độ sáng nhằm tái tạo hình ảnh tốt hơn. Xem thêm"
msi-gaming-sword-16-hx-b14vfkg-i7-045vn,MSI Gaming Sword 16 HX B14VFKG i7 14700HX (045VN),"MSI Gaming Sword 16 HX B14VFKG i7 14700HX (045VN) là laptop gaming mạnh mẽ, được thiết kế dành cho game thủ và người dùng chuyên nghiệp đang tìm kiếm một cỗ máy chiến game đỉnh cao và khả năng xử lý tác vụ nặng mượt mà. Với hiệu năng vượt trội, thiết kế đậm chất gaming và màn hình sắc nét, chiếc laptop MSI Gaming Sword 16 HX B14VFKG i7 14700HX (045VN) hứa hẹn mang đến những trải nghiệm tuyệt vời, xứng đáng là người bạn đồng hành tin cậy trên mọi chiến trường ảo và trong công việc. Sức mạnh vượt trội, chinh phục mọi thử thách Xem thêm"
asus-vivobook-15-oled-a1505va-i5-ma467w,Asus Vivobook 15 OLED A1505VA i5 13500H (MA467W),"Laptop Asus Vivobook 15 OLED A1505VA i5 13500H (MA467W) là lựa chọn đáng tin cậy cho những ai cần một laptop mạnh mẽ với thiết kế tinh tế và công nghệ tiên tiến. Được trang bị bộ vi xử lý Intel Core i5 dòng H, sản phẩm này không chỉ tối ưu hóa hiệu suất làm việc mà còn mang lại trải nghiệm tuyệt vời cho các nhu cầu cho một số công việc liên quan tới đồ họa, kỹ thuật cho đến giải trí đa phương tiện. • Với chip Intel Core i5 13500H và GPU Intel Iris Xe Graphics, Asus Vivobook 15 dễ dàng xử lý các tác vụ văn phòng phức tạp, từ việc soạn thảo văn bản đến tạo lập các bản trình chiếu. Khả năng xử lý đồ họa cơ bản và render video ngắn cũng được nâng cao, đồng thời đáp ứng tốt nhu cầu chơi các tựa game phổ biến hiện nay. Xem thêm"
asus-vivobook-15-x1504za-i5-nj1546w,Asus Vivobook 15 X1504ZA i5 1235U (NJ1546W),"Đừng bỏ lỡ cơ hội sở hữu ngay chiếc laptop Asus Vivobook 15 X1504ZA i5 1235U (NJ1546W) tại Thế Giới Di Động với mức giá niêm yết cực hấp dẫn. Với thiết kế hiện đại, cấu hình hợp lý và cân bằng cho mọi vấn đề từ giải trí đa phương tiện đến học tập và làm việc. • Bên trong laptop Asus Vivobook là CPU Intel Core i5 1235U thế hệ 12, một con chip hậu tố U cân bằng và tương thích tốt với các công việc doanh nghiệp như xử lý các file tài liệu, tính toán trên Excel, đồ hoạ, lập trình thông dụng hoặc giải trí với lướt web, xem phim. • GPU Intel Iris Xe Graphics được tích hợp trên máy mang đến khả năng đồ họa ổn định trên một số công cụ thông dụng, chỉnh sửa hình ảnh đa dụng với Photoshop, AI,... dựng video ngắn trên Capcut. Bên cạnh đó, người dùng cũng có thể chiến được các con game hot như LOL,... nếu tinh chỉnh mức đồ hoạ hợp lý. Xem thêm"
acer-aspire-lite-14-al14-51p-35qd-i3-nxj84sv001,Acer Aspire Lite 14 AL14 51P 35QD i3 1305U (NX.J84SV.001),"Laptop Acer Aspire Lite 14 AL14 51P 35QD i3 1305U (NX.J84SV.001) là chiếc sản phẩm lý tưởng cho học sinh, sinh viên và nhân viên văn phòng nhờ sự cân bằng giữa hiệu năng ổn định, thiết kế mỏng nhẹ và giá cả phải chăng. Chiếc laptop học tập - văn phòng này hứa hẹn mang đến trải nghiệm làm việc và học tập mượt mà, hiệu quả. Với thiết kế tối giản nhưng không kém phần thanh lịch, đây chắc chắn là một lựa chọn đáng cân nhắc trong phân khúc. ""Cân"" mọi tác vụ văn phòng với sức mạnh Trái tim của chiếc laptop Acer này là bộ vi xử lý Intel Core i3 Raptor Lake - 1305U, với 5 nhân và 6 luồng, xung nhịp có thể đạt tối đa nhờ Turbo Boost. Điều này đảm bảo máy có thể xử lý mượt mà các tác vụ văn phòng hàng ngày như soạn thảo văn bản, duyệt web, làm việc với bảng tính và thuyết trình. Card đồ họa tích hợp tuy không quá mạnh mẽ nhưng vẫn đủ sức đáp ứng nhu cầu đồ họa cơ bản, xem phim và chơi các game nhẹ nhàng. Xem thêm"
lenovo-ideapad-slim-3-15irh8-i7-83em003fvn,Lenovo Ideapad Slim 3 15IRH8 i7 13620H (83EM003FVN),"Không thể bỏ lỡ mẫu laptop Lenovo Ideapad Slim 3 15IRH8 i7 13620H (83EM003FVN) bởi cấu hình vô cùng phù hợp với con chip Intel i7 Gen 13, RAM 16 GB, SSD 1 TB,... sẽ là trợ thủ đắc lực cho những sinh viên thuộc nhiều khối ngành, dân văn phòng hay kinh doanh. • Trang bị vi xử lý Intel Core i7 13620H ổn định cùng card màn hình Intel UHD Graphics sẽ cho máy khả năng xử lý nhanh chóng các tác vụ học tập, văn phòng cơ bản hay thậm chí là thiết kế đồ họa của nhà Adobe như Premiere, Photoshop, Lightroom,... Ngoài ra, nếu bạn có những nhu cầu giải trí nhẹ nhàng với những tựa game như FO4, Valorant thì laptop cũng hoàn toàn đáp ứng tốt. • RAM 16 GB LPDDR5 (Onboard) trên chiếc laptop học tập - văn phòng này giúp bạn làm nhiều việc cùng một lúc mà vẫn cho trải nghiệm mượt mà, trơn tru, hoàn toàn có thể làm việc ở Chrome cùng lúc với chỉnh sửa hình ảnh ở Photoshop hoặc tận hưởng một bản nhạc du dương nào đó. Xem thêm"
dell-inspiron-15-3530-i5-n3530i5u165w11slu,Dell Inspiron 15 3530 i5 1334U (N3530-i5U165W11SLU),"Trong tầm giá dưới 20 triệu đồng, laptop Dell Inspiron 15 3530 i5 1334U (N3530-i5U165W11SLU) thực sự là một mẫu sản phẩm sáng giá, kết hợp hoàn hảo giữa hiệu năng vượt trội, thiết kế tinh tế và hàng loạt tính năng hiện đại. Đây là một lựa chọn tốt cho sinh viên và nhân viên văn phòng, đáp ứng đầy đủ cho các yêu cầu doanh nghiệp hoặc trường học. • Dell Inspiron 15 3530 được trang bị bộ vi xử lý Intel Core i5 Raptor Lake - 1334U, mang lại hiệu suất đỉnh cao cho mọi tác vụ hàng ngày. Với tốc độ xung nhịp tối đa lên đến 4.6 GHz nhờ công nghệ Turbo Boost, máy có thể xử lý mượt mà từ công việc văn phòng như soạn thảo văn bản, tạo bảng tính trên Microsoft Office, Google Workspace,... đến các công việc nặng hơn như lập trình và xử lý đồ họa. Bạn sẽ cảm nhận được sự mượt mà và linh hoạt trong từng thao tác. Xem thêm"
dell-inspiron-15-3530-i5-71043885,Dell Inspiron 15 3530 i5 1334U (71043885),"Bạn đang tìm kiếm chiếc laptop giải quyết được nhiều tác vụ từ học tập đến công việc nhưng chỉ với mức giá dưới 20 triệu thì laptop Dell Inspiron 15 3530 i5 1334U (71043885) là sản phẩm phù hợp với bạn. Máy không những sở hữu hiệu năng mạnh mẽ từ chip Intel thế hệ 13, thiết kế hiện đại mà còn đi kèm Office Home & Student vĩnh viễn và Keep Your Hard Drive tiện lợi. • Với chip Intel Core i5 1334U, máy mang đến hiệu suất vượt trội cho mọi hoạt động hàng ngày. Với công nghệ Turbo Boost, máy có thể đạt tốc độ tối đa 4.6 GHz, giúp xử lý nhanh chóng các tác vụ văn phòng như soạn thảo văn bản, tạo bảng tính trên Microsoft Office, Google Workspace,... cho đến những công việc đòi hỏi hiệu suất cao hơn như xử lý đồ họa 2D, render video ngắn,... Mọi thao tác trên máy đều diễn ra mượt mà và linh hoạt, mang đến trải nghiệm sử dụng ấn tượng. Xem thêm"
acer-nitro-5-tiger-an515-58-52sp-i5-nhqfhsv001,Acer Gaming Nitro 5 Tiger AN515 58 52SP i5 12500H (NH.QFHSV.001),"Một bước tiến cấu hình vượt bậc được Acer ưu ái trên chiếc laptop Acer Nitro 5 Tiger AN515 58 52SP i5 (NH.QFHSV.001) khi trang bị bộ vi xử lý Intel Gen 12 đầy mạnh mẽ cùng phong cách thiết kế đậm chất “mãnh hổ”, khơi nguồn sức mạnh tiềm ẩn bên trong mỗi game thủ trên mọi chiến trường ảo. Bùng nổ sức mạnh với con chip Intel Gen 12 mạnh mẽ Mình đã rất kinh ngạc khi Nitro 5 Tiger không chỉ đặc biệt với cái tên trùng với con giáp Mãnh Hổ của năm 2022 mà còn là một trong những nhân vật đại diện đầu tiên của nhà Acer tân trang con chip Intel thế hệ 12 đầy mạnh mẽ. Để giải đáp sự tò mò về sức mạnh vượt bậc của bộ vi xử lý Intel Core i5 Alder Lake 12500H này, mình sẽ sử dụng phần mềm Cinebench R20 để kiểm chứng khả năng của em nó đến đâu nhé. Xem thêm"
hp-pavilion-x360-14-ek2027tu-core-7-9z2v9pa,HP Pavilion X360 14 ek2027TU Core 7 150U (9Z2V9PA),"Khơi mào sự sáng tạo hay thể hiện độ năng động trong học tập và làm việc với khả năng gập xoay 360 độ cùng màn hình cảm ứng siêu tiện lợi. Laptop HP Pavilion X360 14 ek2027TU Core 7 150U (9Z2V9PA) còn được tích hợp cấu hình với con chip Intel Core 7 thế hệ mới cho mọi công việc được hoàn thiện ở hiệu quả cao. • Lớp vỏ bên ngoài laptop HP được chế tác với chất liệu nhựa cao cấp, cấu tạo chắc chắn và hạn chế được độ flex kể cả khi nhấn mạnh xuống các bề mặt. Hơn nữa, chiếu nghỉ tay bằng kim loại khá bền bỉ đảm bảo an toàn cho các linh kiện quan trọng khi có xảy ra va đập. Bản lề gập được 360 độ cho nhiều tư thế và nhu cầu sử dụng khác nhau. • Hãng cũng chú trọng bảo mật tối ưu cho dữ liệu của bạn với cảm biến vân tay. Chỉ cần một chạm nhẹ, bạn đã có thể mở khóa máy một cách nhanh chóng và an toàn, bảo vệ thông tin cá nhân và dữ liệu quan trọng khỏi những kẻ xâm nhập. Xem thêm"
hp-victus-16-s0173ax-r5-a9lg9pa,HP Gaming VICTUS 16 s0173AX R5 7640HS (A9LG9PA),"Chào mừng bạn đến với thế giới của laptop gaming hiệu năng cao, laptop HP Gaming VICTUS 16 s0173AX R5 7640HS (A9LG9PA) sở hữu thiết kế độc đáo, hiệu năng mạnh mẽ và màn hình siêu lớn 16.1 inch sẽ mang đến cho bạn những trải nghiệm gaming đầy phấn khích và chân thực. • Chiếc laptop này được thiết kế với đường nét tinh giản nhưng không kém phần mạnh mẽ, khoác lên mình tông màu đen đầy nam tính vô cùng hợp gu với các game thủ. Đèn chuyển màu RGB - 1 vùng trên bàn phím không chỉ giúp bạn thao tác dễ dàng trong điều kiện thiếu sáng mà còn thổi bùng sắc màu cảm hứng mỗi khi bạn bước vào những trận chiến ảo căng thẳng. Với VICTUS 16, bạn sẽ cảm nhận được sự độc đáo bên trong tính sang trọng ngay từ cái nhìn đầu tiên. • Bạn sẽ không cần phải lo lắng về việc kết nối thêm thiết bị ngoại vi khi tham gia các hoạt động trực tuyến nhờ vào Full HD Webcam tích hợp, kèm theo công tắc khóa camera dễ sử dụng, đóng mở thủ công khi không dùng nữa để bảo vệ tối đa quyền riêng tư của bạn. Xem thêm"
msi-gaming-gf63-thin-12ve-i5-460vn,MSI Gaming GF63 Thin 12VE i5 12450H (460VN),"Laptop MSI Gaming GF63 Thin 12VE i5 12450H (460VN) là chiếc laptop gaming quốc dân mạnh mẽ từ vẻ ngoài đến nội lực và đặc biệt sở hữu card đồ họa rời RTX 4050 đem lại sự vượt trội trong tầm giá chỉ vỏn vẹn xấp xỉ 20 triệu đồng. Chiếc laptop gaming quốc dân với hiệu năng mạnh mẽ trong tầm giá ấn tượng Nằm trong tầm giá là 20 triệu thì con máy này theo mình nhận thấy là sở hữu một bộ vi xử lý khá mạnh mẽ và có phần vượt trội hơn nhiều so với những con máy khác trong cùng tầm giá. Intel Core i5 12450H kết hợp cùng card rời NVIDIA GeForce RTX 4050 6 GB mang đến hiệu năng xử lý đồ họa ấn tượng không chỉ giúp mình thực hiện mượt mà mọi tác vụ thường ngày mà còn thoải mái khi chơi các tựa game cũng như là sử dụng các ứng dụng đồ họa đến từ nhà Adobe, Lightroom,... Xem thêm"
dell-inspiron-15-3520-i5-n3520-i5u085w11slu,Dell Inspiron 15 3520 i5 1235U (N3520-i5U085W11SLU),"Laptop Dell Inspiron 15 3520 i5 1235U (N3520-i5U085W11SLU) là lựa chọn hoàn hảo, kết hợp hiệu năng ổn định, thiết kế hiện đại và mức giá phù hợp với ngân sách của hầu hết người dùng. Chiếc laptop này không chỉ đáp ứng tốt nhu cầu công việc mà còn hỗ trợ giải trí đa phương tiện một cách mượt mà. • Laptop Dell Inspiron sở hữu thiết kế đơn giản nhưng không kém phần sang trọng. Vỏ ngoài được làm từ chất liệu nhựa cao cấp với tông màu bạc, mang lại cảm giác hiện đại và chuyên nghiệp, phù hợp sử dụng ở mọi không gian từ trường học, văn phòng đến quán cà phê. Cân nặng 1.9 kg và thiết kế bo góc gọn gàng giúp người dùng dễ dàng mang theo bên mình mà không cảm thấy quá vướng víu. • Đầy đủ các cổng kết nối thông dụng ở cả 2 cạnh bên máy như: Jack tai nghe 3.5 mm, USB 2.0, USB 3.2, HDMI và khe thẻ nhớ SD hỗ trợ giao tiếp hiệu quả với hầu hết mọi thiết bị ngoại vi trên thị trường hiện nay. Xem thêm"
lenovo-loq-15irx9-i5-83dv003cvn,Lenovo LOQ 15IRX9 i5 13450HX (83DV003CVN),"Lenovo LOQ 15IRX9 là chiếc laptop gaming mạnh mẽ, được thiết kế dành cho các nhà thiết kế đồ họa, dựng video và người làm kỹ thuật chuyên nghiệp. Với hiệu năng vượt trội, màn hình sắc nét và các tính năng hỗ trợ tối ưu, chiếc laptop này sẽ là công cụ đắc lực giúp bạn hoàn thành mọi tác vụ một cách hiệu quả. Đây là sự lựa chọn đáng giá cho những ai tìm kiếm một chiếc Laptop Lenovo LOQ 15IRX9 i5 13450HX (83DV003CVN) để phục vụ cho công việc và giải trí. Sức mạnh vượt trội cho mọi tác vụ Lenovo LOQ 15IRX9 được trang bị bộ vi xử lý Intel Core i5 13450HX mạnh mẽ với 10 nhân và 16 luồng, tốc độ xung nhịp lên đến nhờ Turbo Boost, giúp bạn dễ dàng xử lý các tác vụ nặng như thiết kế đồ họa, dựng video, render 3D và chơi các tựa game AAA một cách mượt mà. Bạn có thể thoải mái chiến các tựa game như Cyberpunk 2077, Assassin's Creed Valhalla hay Forza Horizon 5 với cấu hình này. Card đồ họa cho phép bạn thỏa sức sáng tạo với các phần mềm thiết kế chuyên nghiệp và tận hưởng trải nghiệm gaming tuyệt vời. Xem thêm"
asus-vivobook-15-oled-a1505va-i5-l1341w,Asus Vivobook 15 OLED A1505VA i5 13500H (L1341W),"Bạn đang tìm kiếm cho mình một mẫu laptop học tập - văn phòng mang hiệu năng xử lý mạnh mẽ, khung hình hiển thị sắc nét cùng đa dạng các tính năng hiện đại. Laptop Asus Vivobook 15 OLED A1505VA i5 13500H (L1341W) là một trong những lựa chọn hàng đầu cho việc đáp ứng hoàn hảo nhu cầu công việc, học tập cũng như giải trí thường ngày. Cấu hình vượt trội, đáp ứng đa dạng nhu cầu Mặc dù là chiếc laptop văn phòng nhưng lại sở hữu con chip dòng H siêu mạnh mẽ, vượt trội hơn những sản phẩm cùng giá, với bộ vi xử lý Intel Core i5 13500H cùng card đồ họa Intel Iris Xe Graphics tạo thành “tổ hợp” giúp bạn vận hành trơn tru từ các tác vụ văn phòng, giải trí đến các công việc đồ họa, thiết kế hình ảnh trên Photoshop, Lightroom, SolidWorks,... hay chơi những tựa game thịnh hành trên thị trường hiện nay. Xem thêm"
lenovo-ideapad-5-14iah8-i5-83bf003wvn,Lenovo Ideapad Slim 5 14IAH8 i5 12450H (83BF003WVN),"Laptop Lenovo Ideapad 5 14IAH8 i5 12450H (83BF003WVN) vừa được lên kệ tại Thế Giới Di Động, mẫu sản phẩm laptop học tập - văn phòng sở hữu hơi hướng thời thượng, cao cấp với vẻ ngoài tinh tế đầy thu hút, đi kèm với đó là hiệu năng vượt trội hơn so với những dòng sản phẩm đồng phân khúc, mang lại cho người dùng những trải nghiệm tuyệt vời nhất. • Bộ vi xử lý Intel Core i5 12450H sở hữu cấu trúc 8 nhân 12 luồng mạnh mẽ, mang đến tốc độ xung nhịp tối đa lên đến 4.4 GHz nhờ Turbo Boost hỗ trợ bạn giải quyết nhanh gọn, hàng loạt tác vụ văn phòng như Word, Excel, PowerPoint,... đồng thời cũng đáp ứng người dùng thực hiện trơn tru với các công việc coding hay làm đồ hoạ. • GPU tích hợp Intel UHD Graphics cũng đáp ứng tối thiểu các nhu cầu căn chỉnh hình ảnh trên Photoshop, AI, render các dạng video ngắn hay hỗ trợ chơi được những tựa game nhẹ như Liên Minh Huyền Thoại và Valorant. Xem thêm"
acer-aspire-16-ai-a16-71m-59l5-ultra-5-nxj4ysv001,Acer Aspire 16 AI A16 71M 59L5 Ultra 5 125H (NX.J4YSV.001),"Laptop Acer Aspire 16 AI A16 71M 59L5 Ultra 5 125H (NX.J4YSV.001) phiên bản năm nay sở hữu những cải tiến vượt bậc về cả phần cứng và trải nghiệm người dùng, màn hình 16 inch đã mắt,... sản phẩm này chắc chắn sẽ chinh phục cả những khách hàng khó tính nhất, từ học sinh sinh viên đến người đi làm, lựa chọn cực lý tưởng trong tầm giá. Tối ưu công việc và giải trí với Intel Core Ultra mới và trợ lý AI thông minh Được trang bị bộ vi xử lý Intel Core Ultra 125H thế hệ mới với 14 nhân và 18 luồng, laptop Acer Aspire này dễ dàng đáp ứng các nhu cầu từ làm việc văn phòng, lập trình, đến giải trí đa phương tiện. Tốc độ CPU tối đa đạt 4.5 GHz nhờ công nghệ Turbo Boost góp phần xử lý mượt mà hơn các ứng dụng đòi hỏi hiệu suất cao như chỉnh sửa video cơ bản hoặc đồ họa bán chuyên. Sự kết hợp với card đồ họa mang lại trải nghiệm hình ảnh mượt mà, hỗ trợ tốt cho các ứng dụng như Photoshop, Illustrator và cả những tựa game phổ biến hiện nay. Xem thêm"
hp-elitebook-630-g10-i5-19j0b4pt?utm_flashsale=1,HP Elitebook 630 G10 i5 1335U (9J0B4PT),"Mẫu sản phẩm laptop mỏng nhẹ đến từ HP với ngoại hình thời trang, hiện đại cùng tính cân bằng tuyệt vời, hiệu năng xuất sắc cho bạn sự linh động trong mọi công việc từ đơn giản đến phức tạp. Hãy tham khảo ngay laptop HP Elitebook 630 G10 i5 1335U (9J0B4PT) tại Thế Giới Di Động. • Laptop HP Elitebook được trang bị vi xử lý Intel Core i5 1335U với tốc độ xung nhịp tối đa lên đến 4.6 GHz phối hợp với card Intel UHD Graphics, đảm nhận mượt mà mọi công việc thường ngày bạn gặp với nền tảng Microsoft, lập trình hoàn toàn tốt hay đơn giản hoá việc xử lý hình ảnh, video trên các phần mềm chuyên dụng như Photoshop, AI, CapCut,... • Ngoài ra, người dùng có thể gắn thêm một thanh RAM để kích hoạt card Iris Xe Graphics cho việc xử lý hình ảnh, đồ hoạ và thiết kế ở mức cao hơn. Với điều này thì bạn có thể nâng mức trải nghiệm giải trí hơn rất nhiều nhờ khả năng chiến mượt các con game Esports, FPS tầm trung như Valorant, LOL hay Genshin Impact. Xem thêm"
acer-aspire-a515-58gm-53pz-i5-nxkq4sv008,Acer Gaming Aspire 5 A515 58GM 53PZ i5 13420H (NX.KQ4SV.008),"Laptop Acer Gaming Aspire 5 A515 58GM 53PZ i5 13420H (NX.KQ4SV.008) nổi lên như một ""ngôi sao sáng"" trong phân khúc laptop cận trung cấp, thu hút sự chú ý của đông đảo người dùng. Sở hữu thiết kế tinh tế, hiệu năng ấn tượng từ chip Intel thế hệ 13 cùng mức giá hợp lý, sản phẩm này hứa hẹn sẽ mang đến cho bạn trải nghiệm giải trí và làm việc tuyệt vời. • Cung cấp sức mạnh cho chiếc laptop Acer Aspire Gaming này là bộ vi xử lý Intel Core i5 13420H. Với cấu tạo 8 nhân, 12 luồng xử lý mạnh mẽ, sản phẩm tự tin đáp ứng mọi nhu cầu sử dụng từ các công việc văn phòng đến chơi các tựa game một cách ổn định và trơn tru. • Kết hợp với card rời NVIDIA GeForce RTX 2050 4 GB cho khả năng đồ hoạ ổn định, giúp bạn trải nghiệm các tựa game có cấu hình trung bình một cách mượt mà, trơn tru. Xem thêm"
hp-gaming-victus-16-s0077ax-r7-8c5n6pa,HP Gaming VICTUS 16 s0077AX R7 7840HS (8C5N6PA),"Đón chào mẫu laptop gaming dòng Victus đến nhà HP, với diện mạo hoàn toàn mới, hiệu năng khủng cùng khung hình mở rộng lên đến 16.1 inch. Laptop HP Gaming VICTUS 16 s0077AX R7 7840HS (8C5N6PA) chắc chắn sẽ cho bạn những trải nghiệm giải trí tuyệt vời, đã mắt nhất. Thiết kế cao cấp cùng dáng dấp mạnh mẽ từ dòng máy chiến game Laptop được thiết kế với kiểu dáng tinh giản đi kèm với tông màu đen đầy nam tính mang đến cho máy ngoại hình cuốn hút pha trộn giữa nét hiện đại và mạnh mẽ. Đèn chuyển màu RGB - 1 vùng trên bàn phím còn giúp hỗ trợ các thao tác làm việc hay chơi game khi thiếu sáng cũng như mang đến những nguồn cảm hứng mỗi khi bước vào chiến trường ảo đầy căng thẳng. Xem thêm"
asus-zenbook-14-oled-i5-km657w?utm_flashsale=1,Asus Zenbook 14 OLED UX3402VA i5 13500H (KM657W),"Laptop Asus Zenbook 14 OLED UX3402VA i5 13500H (KM657W) mang trong mình trái tim mạnh mẽ từ chip Intel thế hệ 13, sẵn sàng đáp ứng mọi nhu cầu công việc, học tập và giải trí của bạn. Xử lý đa nhiệm mượt mà mọi tác vụ văn phòng, thỏa sức sáng tạo nội dung chuyên nghiệp chỉ bằng chiếc laptop mỏng nhẹ này. • Với độ dày chỉ 16.9 mm và khối lượng siêu nhẹ 1.39 kg, Zenbook 14 OLED là một người bạn lý tưởng cho những ai thường xuyên di chuyển. Bạn có thể dễ dàng mang theo chiếc laptop này đến bất cứ đâu, từ văn phòng, quán cà phê cho đến những chuyến du lịch xa xôi. Phần vỏ được làm từ kim loại nhôm cao cấp, mang đến cảm giác cầm nắm chắc chắn và tinh tế. • Asus đã trang bị cho chiếc laptop này phần cảm biến vân tay tích hợp ngay trên nút nguồn, cho phép bạn đăng nhập chỉ với một chạm. Thao tác này vừa nhanh chóng, tiện lợi lại đảm bảo tính bảo mật cao cho dữ liệu của bạn. Bên cạnh đó, TouchPad của laptop còn được tích hợp thêm tính năng , vô cùng tiện lợi khi bạn cần nhập số liệu. Xem thêm"
asus-tuf-gaming-f15-fx507zc4-i7-hni7mw,Asus TUF Gaming F15 FX507ZC4 i7 12700H (HNi7MW),"Nếu bạn đang tìm kiếm một chiếc laptop gaming đáng giá trong phân khúc tầm trung thì laptop Asus TUF Gaming F15 FX507ZC4 i7 12700H (HNi7MW) chính là lựa chọn không thể bỏ qua. Với cấu hình mạnh mẽ, thiết kế hiện đại và nhiều tính năng hỗ trợ tối ưu, chiếc máy này không chỉ dành riêng cho game thủ mà còn là công cụ đắc lực cho các tác vụ sáng tạo và công việc hàng ngày. Sức mạnh ""chiến game"" đỉnh cao - Cân mọi tác vụ nặng ""Trung tâm xử lý"" của chiếc laptop Asus này là bộ vi xử lý Intel Core i7 12700H thuộc thế hệ Alder Lake, đi kèm card đồ họa NVIDIA GeForce RTX 3050 4 GB. Sự kết hợp này mang lại sức mạnh vượt trội để bạn chinh phục các tựa game bom tấn như Cyberpunk 2077, Fortnite hay FO4,... Đồng thời, người dùng cũng được khả năng xử lý gọn gàng các thao tác công việc thường ngày, xem phim lướt web và giải quyết các tác vụ đồ hoạ 2D, 3D, lập trình ở các nền tảng chuyên dụng. Xem thêm"
msi-stealth-14-ai-studio-a1vfg-ultra-7-085vn,MSI Gaming Stealth 14 AI Studio A1VFG Ultra 7 155H (085VN),"Laptop MSI Gaming Stealth 14 AI Studio A1VFG Ultra 7 155H (085VN) là dòng laptop gaming cao cấp của MSI, nổi tiếng với thiết kế mỏng nhẹ, sang trọng cùng hiệu năng mạnh mẽ, kết hợp với chip AI thế hệ mới, chiếc laptop này sẽ mang đến cho bạn những trải nghiệm giải trí, đồ họa đỉnh cao không giới hạn. Lôi cuốn với thiết kế cá tính, hệ thống đèn RGB rực rỡ MSI GE Stealth chinh phục người dùng bởi phong cách thiết kế đậm chất thể thao, mang đến sự cá tính và nét bí ẩn đầy cuốn hút. Tông màu xanh đen quyền lực bao phủ toàn bộ thân máy, tô điểm thêm logo Rồng đặc trưng - biểu tượng cho sức mạnh và sự tinh tế của MSI. Máy có khối lượng chỉ 1.7 kg, giúp bạn dễ dàng mang theo bên mình mọi lúc mọi nơi, dù là chinh phục những trận chiến game đỉnh cao hay sáng tạo nội dung chuyên nghiệp. Xem thêm"
dell-inspiron-14-5440-i5-ndy5v1?utm_flashsale=1,Dell Inspiron 14 5440 i5 1334U (NDY5V1),"Laptop Dell Inspiron 14 5440 i5 1334U (NDY5V1) là một thiết bị công nghệ hiện đại, đáp ứng nhu cầu học tập, làm việc và giải trí của người dùng. Với thiết kế thanh lịch, cấu hình mạnh mẽ và nhiều tính năng tiên tiến, sản phẩm này hứa hẹn mang đến trải nghiệm sử dụng tối ưu. Nếu bạn đang tìm kiếm một chiếc laptop có hiệu suất cao, thiết kế gọn nhẹ và khả năng kết nối linh hoạt, Dell Inspiron 14 5440 chính là lựa chọn lý tưởng dành cho bạn. Thiết kế gọn nhẹ, kết nối đa dạng Sở hữu thiết kế thanh lịch với vỏ nhựa cứng cáp màu xanh dương thời thượng, khối lượng chỉ 1.54 kg đi cùng độ dày , chiếc laptop này cho phép bạn dễ dàng mang theo bên mình, đồng hành cùng bạn mọi lúc mọi nơi. Hỗ trợ làm việc tốt hơn là bàn phím có hành trình phím sâu, độ nảy tốt, tích hợp giúp bạn gõ phím chính xác ngay cả trong điều kiện thiếu sáng. Trong khi đó, cũng hỗ trợ hình ảnh rõ nét, giúp học tập và họp trực tuyến đạt hiệu quả cao. Hệ thống bảo mật cũng được nâng cấp với tích hợp, cho phép đăng nhập nhanh chóng chỉ với một chạm, giúp dữ liệu cá nhân luôn được bảo vệ an toàn. Xem thêm"
asus-vivobook-16-a1607ca-ultra-5-mb038ws,Asus Vivobook 16 A1607CA Ultra 5 225H (MB038WS),"Laptop Asus Vivobook 16 A1607CA Ultra 5 225H (MB038WS) là sự lựa chọn hoàn hảo cho người dùng chuyên nghiệp và game thủ, mang đến hiệu năng mạnh mẽ và thiết kế tinh tế. Với bộ vi xử lý Intel Core Ultra 5 thế hệ mới, chiếc laptop này không chỉ đáp ứng tốt các tác vụ văn phòng mà còn xử lý mượt mà các ứng dụng đồ họa và game. Đây là một sản phẩm đáng đầu tư cho những ai tìm kiếm sự cân bằng giữa hiệu suất và tính di động. Sức mạnh vượt trội từ chip AI Asus Vivobook 16 A1607CA sở hữu Intel Core Ultra 5 Arrow Lake - 225H với 14 nhân, 14 luồng và tốc độ Turbo Boost lên đến , kết hợp mạnh mẽ, mang lại hiệu năng vượt trội trong việc xử lý các tác vụ AI như nhận diện hình ảnh, phân tích ngữ nghĩa và tối ưu hóa video. Với khả năng xử lý AI , vi xử lý này giúp tăng tốc các ứng dụng sáng tạo, hỗ trợ trò chơi có AI nâng cao, và cải thiện trải nghiệm người dùng trong các công việc đòi hỏi tính toán phức tạp. Xem thêm"
lenovo-ideapad-slim-5-oled-14irh10-i5-83hr005yvn,Lenovo IdeaPad Slim 5 OLED 14IRH10 i5 13420H (83HR005YVN),"Laptop Lenovo IdeaPad Slim 5 OLED 14IRH10 i5 13420H (83HR005YVN) là sự lựa chọn lý tưởng cho học sinh, sinh viên và nhân viên văn phòng nhờ thiết kế mỏng nhẹ, màn hình OLED sống động và hiệu năng ổn định. Chiếc laptop này mang đến trải nghiệm làm việc và giải trí tuyệt vời, đáp ứng mọi nhu cầu hàng ngày của bạn. Đây là một chiếc laptop đáng mua trong phân khúc, mang lại giá trị vượt trội cho người dùng. Hiệu năng mạnh mẽ cho công việc và học tập Lenovo IdeaPad Slim 5 OLED 14IRH10 được trang bị bộ vi xử lý Intel Core i5 Raptor Lake - 13420H với 8 nhân và 12 luồng, tốc độ xung nhịp lên đến 4.6 GHz nhờ Turbo Boost. Với cấu hình này, máy có thể xử lý mượt mà các tác vụ văn phòng, học tập và thậm chí là chơi các tựa game eSport ở mức cài đặt phù hợp. Card tích hợp cũng đáp ứng tốt nhu cầu đồ họa cơ bản. Xem thêm"
hp-elitebook-630-g10-i7-9h1n9pt?utm_flashsale=1,HP Elitebook 630 G10 i7 1355U (9H1N9PT),"Nhỏ gọn, sang trọng cho cả ngày dài di chuyển hay tiện dụng và mạnh mẽ cho mọi công việc cá nhân đều được tích hợp trên laptop HP Elitebook 630 G10 i7 1355U (9H1N9PT). Tham khảo ngay mẫu máy tiện dụng này với mức giá thành hợp lý tại Thế Giới Di Động để hoàn thiện thật tốt mọi vấn đề. • Chiếc laptop học tập - văn phòng này có giao diện ngoài nhỏ gọn với khối lượng chỉ 1.28 kg, thân máy được vuốt mảnh mai, điểm nhấn bởi logo HP ánh bạc trên mặt A, thể hiện độ tinh tế mà dòng Elitebook muốn mang đến cho người dùng. Vỏ máy chế tác từ kim loại, tăng độ sang trọng và đảm bảo tính bền chắc trong quá trình sử dụng. Sự nhỏ gọn và nhẹ nhàng này giúp người dùng dễ dàng mang theo và sử dụng ở mọi nơi, từ văn phòng đến các cuộc họp hay khi di chuyển. Xem thêm"
acer-nitro-v-anv15-51-53ne-i5-nhqnasv002,Acer Gaming Nitro V ANV15 51 53NE i5 13420H (NH.QNASV.002),"Lưu ý: Tất cả sản phẩm gaming dòng Nitro V và Predator khi mua hàng có hoá đơn từ ngày 01/01/2025 trở đi, thời gian bảo hành máy thay đổi từ 1 năm thành 2 năm. Laptop Acer Gaming Nitro V ANV15 51 53NE i5 13420H (NH.QNASV.002) sở hữu diện mạo ""thoát ly"" hoàn toàn so với thế hệ tiền nhiệm, sắc sảo và cá tính hơn, đi kèm với đó là hiệu năng vượt trội từ con chip Intel Gen 13 dòng H để bạn chinh phục các tựa game đỉnh cao. Thiết kế đầy nổi bật, táo bạo hơn Nhắc đến những mẫu laptop gaming thuộc dòng Nitro nhà Acer thì phải kể đến những mẫu máy có khung hầm hố khá đặc trưng, bản lề dày ""cộm"" hay những đường gân nổi. Tuy nhiên, với dòng Nitro V này thì hãng đã có sự tinh chỉnh khác đi rất nhiều, những đường cắt nét vuông vức hơn có phần giống với những chiếc Acer Aspire, ngoài ra thì vẫn giữ lại những hoạ tiết hoa văn đầy cá tính ở phần mặt lưng làm toát lên được dáng vẻ của một chiếc máy chiến game. Xem thêm"
acer-nitro-v-anv15-51-55ca-i5-nhqn8sv004,Acer Gaming Nitro V ANV15 51 55CA i5 13420H (NH.QN8SV.004),"Lưu ý: Tất cả sản phẩm gaming dòng Nitro V và Predator khi mua hàng có hoá đơn từ ngày 01/01/2025 trở đi, thời gian bảo hành máy thay đổi từ 1 năm thành 2 năm. Acer đã mang trở lại dòng sản phẩm Gaming Nitro với diện mạo mới đầy cá tính và hấp dẫn. Chiếc laptop Acer Gaming Nitro V ANV15 51 55CA i5 13420H (NH.QN8SV.004) không chỉ gây ấn tượng mạnh với thiết kế đậm cá tính mà còn được trang bị cấu hình mạnh mẽ, hứa hẹn mang lại nhiều xúc cảm tuyệt vời khi chơi game. • Với con chip Intel Core i5 13420H, laptop Acer cung cấp hiệu năng mạnh mẽ, giúp xử lý mượt mà các tác vụ nặng và chơi game đòi hỏi cấu hình cao. Khả năng xử lý đa nhiệm của chip cũng được tăng đáng kể, giúp người dùng làm việc và giải trí hiệu quả hơn hẳn nếu so với thế hệ trước. Xem thêm"
dell-latitude-3440-i5-l3440i51235u16g512g?utm_flashsale=1,Dell Latitude 3440 i5 1235U (L3440-I51235U-16G512G),"Laptop Dell Latitude 3440 i5 1235U (L3440-I51235U-16G512G) là một trong những chiếc laptop lý tưởng dành cho sinh viên và người đi làm cho mọi tác vụ doanh nghiệp, học tập. Được trang bị bộ vi xử lý Intel Core i5 thế hệ 12, sản phẩm cho hiệu năng ấn tượng cùng thiết kế tinh tế và gọn nhẹ, giúp bạn làm việc thoải mái mọi lúc mọi nơi. • Bộ vi xử lý Intel Core i5 1235U thế hệ 12 với 10 nhân 12 luồng và tốc độ xung nhịp tối đa lên đến 4.4 GHz giúp máy xử lý mọi tác vụ một cách mượt mà. Từ công việc văn phòng như soạn thảo văn bản trên Microsoft Word, làm bảng tính trên Excel, đến chỉnh sửa ảnh trên Adobe Photoshop hay chạy các phần mềm lập trình như PyCharm. Kết hợp với đó là card đồ họa Intel Iris Xe Graphics, mang lại khả năng xử lý hình ảnh mượt mà khi xem phim hoặc chỉnh sửa ảnh cơ bản. Xem thêm"
asus-fx507vu-i7-lp186w,Asus TUF Gaming F15 FX507VU i7 13620H (LP186W),"Cần một chiếc laptop vừa mạnh mẽ để chiến game, vừa đủ bền để đồng hành cùng bạn trong mọi công việc thì laptop Asus TUF Gaming F15 FX507VU i7 13620H (LP186W) chính là sự lựa chọn hoàn hảo. Với bộ vi xử lý Intel Core i7 thế hệ 13, card đồ họa RTX 4050 và màn hình 144 Hz, chiếc laptop này sẽ mang đến cho bạn hiệu năng vượt trội và hình ảnh mượt mà. • Sở hữu sức mạnh của chip Intel Core i7 - 13620H, chiếc laptop này đáp ứng mọi nhu cầu của bạn, từ làm việc đến giải trí. Với 10 nhân 16 luồng và tốc độ xung nhịp cao, máy chạy mượt mà các tác vụ đa nhiệm, xử lý nhanh chóng các phần mềm chuyên dụng và chiến game đỉnh cao. Dù bạn là một game thủ chuyên nghiệp hay một nhà thiết kế đồ họa, chiếc laptop này sẽ không làm bạn thất vọng. Xem thêm"
msi-katana-15-b13vfk-i7-676vn,MSI Gaming Katana 15 B13VFK i7 13620H (676VN),"Laptop MSI Gaming Katana 15 B13VFK i7 13620H (676VN) là cỗ máy chiến game mạnh mẽ dành cho game thủ và người dùng chuyên nghiệp, những người đòi hỏi hiệu năng cao và trải nghiệm mượt mà. Với card đồ họa rời NVIDIA GeForce RTX 4060 và bộ vi xử lý Intel Core i7 thế hệ 13, sản phẩm này sẽ mang đến cho bạn những giờ phút giải trí tuyệt vời và nâng cao hiệu suất làm việc đáng kể. Đây là một sự đầu tư xứng đáng cho những ai tìm kiếm một chiếc laptop gaming toàn diện. Sức mạnh vượt trội, chiến mọi tựa game Trái tim của chiếc laptop gaming này là bộ vi xử lý Intel Core i7 Raptor Lake - 13620H với 10 nhân và , tốc độ xung nhịp lên đến nhờ Turbo Boost, giúp bạn dễ dàng chinh phục các tựa game AAA và xử lý các tác vụ nặng. Card đồ họa rời mang đến khả năng xử lý đồ họa ấn tượng, cho phép bạn trải nghiệm game ở cài đặt cao nhất và làm việc mượt mà với các ứng dụng thiết kế đồ họa. Xem thêm"
dell-inspiron-15-3530-i7-71043888,Dell Inspiron 15 3530 i7 1355U (71043888),"Laptop Dell Inspiron 15 3530 i7 1355U (71043888) - một giải pháp tuyệt vời không chỉ cho công việc mà còn đáp ứng hoàn hảo nhu cầu giải trí đa phương tiện. Khám phá ngay siêu phẩm này tại Thế Giới Di Động, sản phẩm với những tính năng vượt trội cùng thiết kế tinh tế nhưng lại sở hữu mức giá cực kỳ hấp dẫn. • Về hiệu năng, laptop được trang bị bộ vi xử lý Intel Core i7 1355U thế hệ 13, mang lại khả năng xử lý mượt mà từ công việc văn phòng đến đồ họa và giải trí đa phương tiện. Với tốc độ xung nhịp tối đa 5.0 GHz nhờ Turbo Boost, cùng khả năng xử lý đa nhiệm vượt trội, bạn có thể dễ dàng thực hiện chuyên sâu nhiều dạng tác vụ như đồ hoạ, lập trình, xử lý các file hình ảnh lớn hay học tập, làm việc qua nhiều công cụ, phần mềm hữu ích. Xem thêm"
acer-aspire-7-gaming-a715-76g-5806-i5-nhqmfsv002,Acer Gaming Aspire 7 A715 76G 5806 i5 12450H (NH.QMFSV.002),"Laptop Acer Aspire 7 Gaming A715 76G 5806 i5 12450H (NH.QMFSV.002) đến từ nhà Acer với các thông số cấu hình đầy mạnh mẽ, card rời RTX 30 series cũng như sở hữu một mức giá thành lý tưởng, chắc chắn sẽ mang đến cho anh em những trải nghiệm tuyệt vời. • Bộ vi xử lý Intel Core i5 12450H cùng card đồ họa rời NVIDIA GeForce RTX 3050 4 GB mang lại hiệu suất xử lý vượt trội, cho bạn thỏa sức sáng tạo các thiết kế, đồ hoạ trên nền tảng Photoshop, AI,... đồng thời thoải mái chiến các tựa game hot như: LOL, PUBG, Valorant,... • Bộ nhớ RAM 16 GB chuẩn DDR4 cho phép người dùng đa nhiệm với các ứng dụng đòi hỏi nhiều tài nguyên mà không có tình trạng đơ máy. Đồng thời, laptop cũng có khả năng nâng cấp RAM lên đến 32 GB, tối ưu và tránh tối đa các hiện tượng tràn RAM khi sử dụng với hiệu suất cao hơn. Xem thêm"
lenovo-ideapad-slim-3-15iah8-i5-83er00evn,Lenovo Ideapad Slim 3 15IAH8 i5 12450H (83ER000EVN),"Laptop Lenovo Ideapad Slim 3 15IAH8 i5 12450H (83ER000EVN) một mẫu laptop học tập - văn phòng sở hữu cấu hình mạnh mẽ với con chip Intel dòng H, RAM 16 GB cùng đa dạng các công nghệ hiện đại, hứa hẹn sẽ mang đến cho người dùng những trải nghiệm sử dụng làm việc và giải trí đa phương tiện một cách tối ưu và đầy tiện nghi. Đẹp mắt và thanh lịch hơn Theo như đánh giá cá nhân của mình, khi nhìn vào những chiếc laptop Lenovo IdeaPad thì người dùng có thể sẽ không nhận ra quá nhiều những điểm khác biệt giữa các mẫu, tuy nhiên thiết kế kiểu truyền thống là thế nhưng lại không hề ""lối mòn"" một chút nào, những mẫu máy này vẫn khá thu hút và được ưa chuộng về kiểu dáng, đối với không chỉ các bạn trẻ Gen Z mà còn là những đối tượng người dùng đã đi làm. Xem thêm"
hp-probook-450-g10-i5-9h1n5pt?utm_flashsale=1,HP Probook 450 G10 i5 1335U (9H1N5PT),"Laptop HP Probook 450 G10 i5 1335U (9H1N5PT) là một sản phẩm của thương hiệu HP danh tiếng, mang đến sự kết hợp hoàn hảo giữa hiệu năng và thiết kế. Đây là sự lựa chọn lý tưởng cho học sinh, sinh viên và nhân viên văn phòng, với nhiều tính năng tiên tiến và giá trị vượt trội so với số tiền bạn bỏ ra. • Màn hình laptop HP kích thước 15.6 inch với độ phân giải Full HD (1920 x 1080) mang đến hình ảnh sắc nét, màu sắc sống động và không gian hiển thị rộng rãi. Kết hợp với đó là tấm nền IPS, mang lại độ lý tưởng cao khi có thể quan sát chi tiết các nội dung hiển thị, hỗ trợ hoàn toàn tốt cho các hoạt động đọc tài liệu, sách báo, giải trí,... • Công nghệ chống chói Anti Glare giúp giảm thiểu mỏi mắt, cho phép bạn làm việc lâu dài trong môi trường ánh sáng mạnh mà không cảm thấy khó chịu. Điều này cũng vô cùng hữu ích để bạn yên tâm thay đổi nhiều địa điểm làm việc khác nhau. Xem thêm"
hp-victus-15-fa2731tx-i5-b85lnpa,HP VICTUS 15 fa2731TX i5 13420H (B85LNPA),"Laptop gaming đỉnh cao cho dân kỹ thuật, dựng video và game thủ chuyên nghiệp đã xuất hiện! HP VICTUS 15 fa2731TX i5 13420H (B85LNPA) chính là cỗ máy mạnh mẽ, cân mọi tác vụ từ thiết kế đồ họa, dựng phim đến chiến game AAA. Với hiệu năng vượt trội, thiết kế hầm hố và màn hình sắc nét, đây chắc chắn là một khoản đầu tư xứng đáng cho những ai tìm kiếm sự hoàn hảo. ""Cân tất"" mọi tác vụ nặng với sức mạnh đáng gờm từ Intel và NVIDIA Laptop này được trang bị bộ vi xử lý Intel Core i5 Raptor Lake - 13420H với 8 nhân và 12 luồng, xung nhịp tối đa lên đến 4.6 GHz nhờ Turbo Boost, cho khả năng xử lý đa nhiệm mượt mà, từ render video, chạy các phần mềm kỹ thuật chuyên dụng đến stream game. Xem thêm"
msi-katana-15-b13vek-i5-2416vn,MSI Katana 15 B13VEK i5 13420H (2416VN),"Laptop MSI Katana 15 B13VEK i5 13420H (2416VN) là cỗ máy chiến game mạnh mẽ, thiết kế đậm chất gaming, dành cho các game thủ và người dùng chuyên nghiệp đang tìm kiếm một chiếc laptop hiệu năng cao để chinh phục mọi tựa game và ứng dụng nặng. Với cấu hình ấn tượng và thiết kế hầm hố, đây chắc chắn là một lựa chọn không thể bỏ qua trong phân khúc laptop gaming tầm trung. Hiệu năng ""khủng"", chiến mọi tựa game AAA Trái tim của MSI Katana 15 B13VEK là bộ vi xử lý Intel Core i5 13420H thuộc dòng Raptor Lake, với 8 nhân và 12 luồng, xung nhịp cơ bản 2.1GHz và có thể đạt tối đa 4.6 GHz nhờ Turbo Boost. Sức mạnh này giúp máy xử lý mượt mà mọi tác vụ, từ chơi game, xem phim đến làm việc với các ứng dụng đồ họa nặng. Đi kèm là card đồ họa rời , mang đến khả năng chiến game ấn tượng ở độ phân giải , cũng như xử lý tốt các tác vụ liên quan đến đồ họa và video. Xem thêm"
lenovo-ideapad-5-2in1-14irh9-i5-83kx003wvn,Lenovo IdeaPad 5 2in1 14IRH9 i5 13420H (83KX003WVN),"Laptop Lenovo IdeaPad 5 2in1 14IRH9 i5 13420H (83KX003WVN) là sự kết hợp hoàn hảo giữa tính di động và hiệu năng mạnh mẽ. Màn hình cảm ứng sắc nét đi kèm bút cảm ứng cho phép bạn thỏa sức sáng tạo và làm việc một cách linh hoạt. Bản lề xoay gập 360 độ biến chiếc laptop thành máy tính bảng chỉ trong tích tắc, đáp ứng mọi nhu cầu sử dụng. Bên trong, vi xử lý Intel thế hệ mới nhất mang đến hiệu suất vượt trội cho mọi tác vụ. Đây chính là người bạn đồng hành lý tưởng cho công việc, học tập và giải trí. • Chiếc laptop Lenovo này có khối lượng chỉ 1.5 kg, là người bạn đồng hành lý tưởng cho những người di chuyển nhiều. Được chế tạo từ sự kết hợp giữa vỏ nhựa và nắp lưng kim loại cao cấp và đạt độ bền chuẩn quân đội MIL STD 810H, chiếc máy sẵn sàng đối mặt với những va chạm, rung lắc và thay đổi nhiệt độ khắc nghiệt. Xem thêm"
asus-vivobook-15-oled-a1505va-i9-ma586ws,Asus Vivobook 15 OLED A1505VA i9 13900H (MA586WS),"Siêu phẩm laptop Asus Vivobook 15 OLED A1505VA i9 13900H (L1386W) nổi bật với thiết kế tinh xảo, sang trọng, cùng cấu hình mạnh mẽ như vi xử lý Intel Core i9 và RAM 16 GB. Sản phẩm hứa hẹn mang đến trải nghiệm làm việc đa nhiệm mượt mà và tiện lợi, phù hợp cho sinh viên, nhân viên văn phòng, thậm chí cả những doanh nhân đòi hỏi sự tinh tế trong công việc. • Laptop Asus sở hữu vi xử lý Intel Core i9 13900H thế hệ thứ 13 dòng H hiệu năng cao với tốc độ tối đa lên đến 5.40 GHz nhờ công nghệ Turbo Boost, kết hợp cùng card đồ họa Intel Iris Xe Graphics. Nhờ đó, thiết bị này dễ dàng đáp ứng nhu cầu học tập, xử lý văn bản, trình chiếu, lập trình, cũng như xử lý các tác vụ đồ họa 2D, 3D cơ bản một cách hiệu quả. Ngoài ra, máy còn hỗ trợ bạn chiến các tựa game thú vị hiện nay. Xem thêm"
acer-aspire-lite-14-51m-36pn-i3-nxktwsv001,Acer Aspire Lite 14 51M 36PN i3 1215U (NX.KTWSV.001),"Laptop Acer Aspire Lite 14 51M 36PN i3 1215U (NX.KTWSV.001) mẫu máy học tập, văn phòng sở hữu sự cân bằng vượt trội với tính ứng dụng cao, giá thành kinh tế lại còn có thiết kế vô cùng hiện đại. Mẫu laptop chính là một phiên bản hoàn hảo cho những ai tìm kiếm một công cụ làm việc đa năng với mức giá thành thấp. • Laptop Acer Aspire nổi bật với thiết kế hiện đại và tối giản trong khung máy. Sự trơn nhẵn, tinh giản của bề mặt nắp lưng kim loại nay đã được tô điểm thêm bởi hoạ tiết độc đáo khiến cho thiết bị của bạn cũng phần nào được nổi bật hơn. • Khối lượng nhẹ chỉ 1.5 kg, đây là người bạn đồng hành lý tưởng cho những người chuyên nghiệp và sinh viên năng động. Kích thước của laptop Acer là 313.3 mm chiều dài, 218 mm chiều rộng và độ mỏng, dễ dàng vừa vặn trong mọi túi xách, giúp bạn mang theo dễ dàng đến lớp học, văn phòng hoặc các buổi họp quan trọng. Xem thêm"
dell-latitude-3450-i5-l34501335u16512w,Dell Latitude 3450 i5 1335U (L3450-1335U-16512W),"Chào mọi người! Hôm nay mình sẽ giới thiệu đến các bạn chiếc Dell Latitude 3450 i5 1335U (L3450-1335U-16512W), một chiếc laptop lý tưởng cho học sinh, sinh viên và nhân viên văn phòng. Với thiết kế thanh lịch, hiệu năng ổn định và giá cả phải chăng, đây chắc chắn là một lựa chọn đáng cân nhắc trong phân khúc laptop học tập - văn phòng. Cùng mình khám phá xem chiếc máy này có gì đặc biệt nhé! ""Cân"" mọi tác vụ văn phòng với sức mạnh từ Intel Dell Latitude 3450 được trang bị bộ vi xử lý Intel Core i5 Raptor Lake - 1335U với 10 nhân và 12 luồng, tốc độ xung nhịp cơ bản 1.3 GHz và có thể đạt tối đa 4.6 GHz nhờ Turbo Boost. Với cấu hình này, laptop hoàn toàn có thể đáp ứng tốt các nhu cầu làm việc văn phòng, học tập, duyệt web, xem phim và thậm chí là chỉnh sửa ảnh, video cơ bản. Card đồ họa tích hợp cũng đủ sức để bạn giải trí với các tựa game online nhẹ nhàng. Xem thêm"
asus-rog-strix-g16-g614ju-i7-n3509w,Asus ROG Strix G16 G614JU i7 13650HX (N3509W),"Khi nhắc đến laptop gaming, mẫu laptop Asus ROG Strix G16 G614JU i7 13650HX (N3509W) luôn nằm trong top danh sách những lựa chọn hàng đầu của nhiều game thủ bởi không chỉ nét cá tính mà còn là về trải nghiệm. Hiệu năng mạnh mẽ, chinh phục người dùng với màn hình sắc nét, hệ thống tản nhiệt hiệu quả và các tính năng tối ưu hoàn toàn đáp ứng và cân tuốt các tựa game hàng đầu. Sức mạnh ""khủng"" cân mọi tựa game, làm đồ họa chuyên nghiệp Được trang bị bộ vi xử lý Intel Core i7 13650HX thế hệ 13, dòng HX cao cấp với 14 nhân và 20 luồng cao cấp, laptop này sẵn sàng xử lý mượt mà các tác vụ nặng nề như chỉnh sửa video 4K, thiết kế 3D hay chạy đồng thời nhiều phần mềm chuyên nghiệp. Đi kèm là card đồ họa NVIDIA GeForce RTX 4050 với 6 GB VRAM, đảm bảo khả năng chiến mượt mọi tựa game AAA ở mức thiết lập đồ họa cao, mang lại hình ảnh sống động và trải nghiệm gaming mãn nhãn. Xem thêm"
acer-aspire-5-a515-58gm-51lb-i5-nxkq4sv002,Acer Gaming Aspire 5 A515 58GM 51LB i5 13420H (NX.KQ4SV.002),"Mẫu laptop gaming với mức giá tầm trung đến từ thương hiệu Acer vừa được lên kệ tại Thế Giới Di Động, sở hữu hiệu năng mạnh mẽ với con chip Intel Gen 13 dòng H hiệu năng cao, RAM 16 GB, card rời RTX cùng nhiều tính năng hiện đại. Laptop Acer Aspire 5 Gaming A515 58GM 51LB i5 13420H (NX.KQ4SV.002) chắc chắn sẽ mang đến cho bạn những trải nghiệm sử dụng và chiến game giải trí tuyệt vời. Cấu hình chiến mọi tựa game ""HOT HIT"" Những mẫu laptop Aspire Gaming chắc chắn đã quá quen thuộc với anh em nhờ hiệu năng mạnh mẽ nhưng lại được gắn với mác giá vô cùng hợp lý. Với mẫu Acer Aspire 5 Gaming vào năm 2023 này chắc chắn sẽ không làm mọi người thất vọng với cũng giá đó nhưng hiệu năng có phần được nâng lên nữa. Xem thêm"
acer-swift-lite-14-ai-sfl14-51m-56hs-ultra-5-nxj1hsv002,Acer Swift Lite 14 AI SFL14 51M 56HS Ultra 5 125U (NX.J1HSV.002),"Trong kỷ nguyên AI hiện đại, Acer đã mang đến một phiên bản laptop mới đầy ấn tượng, laptop Acer Swift Lite 14 AI SFL14 51M 56HS Ultra 5 125U (NX.J1HSV.002). Đây là một sản phẩm thuộc phân khúc tầm trung với mức giá ""dễ tiếp cận"" hướng đến đối tượng người dùng học sinh, sinh viên và nhân viên văn phòng. Với sự kết hợp của công nghệ AI tiên tiến và thiết kế tinh gọn, chiếc laptop này hứa hẹn đem lại hiệu suất tốt trong mọi tác vụ hàng ngày. • Laptop Acer được trang bị bộ vi xử lý Intel Core Ultra 5 125U thế hệ mới nhất đi cùng GPU Intel Arc Graphics, có hỗ trợ nhân NPU chuyên dụng cho AI giúp tối ưu hóa hiệu quả công việc. Đối với những ai cần khả năng xử lý mạnh mẽ, đây là chiếc laptop đáp ứng đầy đủ mọi yêu cầu, từ các tác vụ văn phòng như soạn thảo văn bản, xử lý bảng tính đến các công việc phức tạp hơn như phân tích dữ liệu và chỉnh chỉnh sửa đồ hoạ, hình ảnh. Xem thêm"
lenovo-thinkpad-v14-i7-83a00012vn,Lenovo V14 G4 i7 1355U (83A00012VN),"Lựa chọn một chiếc laptop vừa hợp túi tiền lại có thể đáp ứng hàng loạt các tác vụ công việc thường ngày luôn là tiêu chí hàng đầu cho người dùng hiện đại. Lenovo V14 G4 sở hữu con chip Intel Gen 13 mạnh mẽ, RAM cùng bộ nhớ lớn hiện đang có mức giá hấp dẫn tại Thế Giới Di Động. • Laptop Lenovo sở hữu bộ vi xử lý Intel Core i7 1355U thế hệ thứ 13 mạnh mẽ, tốc độ tối đa lên tới 5.0 GHz, kết hợp cùng card đồ họa tích hợp Intel Iris Xe Graphics, xử lý trơn tru và hiệu quả mọi công việc doanh nghiệp từ làm giấy tờ đến xử lý các file bảng tính nặng nề. Bên cạnh đó, các tác vụ chỉnh sửa hình ảnh, video thông thường với Photoshop, Capcut hay chiến game nhẹ cũng đều đáp ứng được thoải mái. Xem thêm"
hp-240-g9-i5-9t2g2pt,HP 240 G9 i5 1235U (9T2G2PT),"Bạn là học sinh, sinh viên hoặc nhân viên văn phòng đang tìm kiếm một chiếc laptop học tập và làm việc mạnh mẽ, nhưng với mức giá phải chăng? Laptop HP 240 G9 i5 1235U (9T2G2PT) chính là lựa chọn lý tưởng dành cho bạn, hãy tham khảo ngay độ tiện dụng, tính hữu ích của chiếc laptop này tại Thế Giới Di Động. • Laptop HP sử dụng vi xử lý Intel Core i5 Alder Lake - 1235U, tối ưu cho các phần mềm văn phòng trong bộ công cụ Office từ Excel, Word, Outlook,... giải quyết mọi vấn đề trơn tru và hiệu quả hơn. Đồng thời, con chip với hậu tố U vừa cung cấp hiệu năng ổn định, vừa cải thiện mức tiêu thụ điện năng hơn rất nhiều. • Kết hợp với card đồ họa Intel UHD Graphics, máy hỗ trợ tốt cho việc chỉnh sửa hình ảnh đơn giản trên Photoshop, Canva,... cho chất lượng hình ảnh tốt khi xem phim, video và đồng thời hỗ trợ chơi được một số tựa game có cấu hình trung bình. Xem thêm"
lenovo-ideapad-slim-5-15iru9-core-5-83d0000evn,Lenovo Ideapad Slim 5 15IRU9 Core 5 120U (83D0000EVN),"Nổi bật trong phân khúc laptop học tập - văn phòng, chiếc laptop Lenovo IdeaPad Slim 5 15IRU9 Core 5 120U (83D0000EVN) sở hữu ngoại hình thanh lịch, hiện đại, mang đến phong cách thời thượng cho học sinh, sinh viên và nhân viên văn phòng. • Bộ vi xử lý Intel Core 5 120U sở hữu cấu trúc 10 nhân 12 luồng mạnh mẽ, mang đến hiệu năng ấn tượng cho mọi tác vụ. Tốc độ xung nhịp tối đa lên đến 5.0 GHz nhờ Turbo Boost giúp bạn giải quyết nhanh gọn hàng loạt tác vụ văn phòng như Word, Excel, PowerPoint,... một cách trơn tru và hiệu quả. • GPU tích hợp Intel Graphics đáp ứng tốt các nhu cầu chỉnh sửa hình ảnh cơ bản trên Photoshop, AI, Canva,... giúp bạn sáng tạo nội dung nhanh chóng để phục vụ cho công việc và học tập. • Trang bị RAM 16 GB LPDDR5X, chiếc laptop này mang đến cho bạn bộ nhớ tương đối, giúp bạn thoải mái đa nhiệm nhiều tác vụ cùng lúc mà không lo máy bị treo. Ổ cứng không chỉ giúp khởi động hệ thống nhanh chóng mà còn cung cấp dung lượng lưu trữ đáng kể cho các tệp tin của bạn. Xem thêm"
hp-240-g9-i3-6l1x8pa,HP 240 G9 i3 1215U (6L1X8PA),"Laptop HP 240 G9 i3 1215U (6L1X8PA) chắc chắn sẽ là người bạn đồng hành lý tưởng cho mọi học sinh, sinh viên. Cấu hình ổn định với vi xử lý Intel thế hệ 12, RAM, SSD vừa đủ cùng nhiều tiện ích hỗ trợ khác sẽ mang lại nhiều trải nghiệm hữu ích cho bạn trong học tập và công việc thường ngày. • Vi xử lý Intel Core i3 1215U được tích hợp trên laptop cung cấp hiệu năng ổn định và cân bằng cho nhiều công việc khác nhau, dù bạn đang làm việc trên các bảng tính Excel phức tạp, trình bày PowerPoint hay giải trí, xem phim, lướt web thì laptop HP đều có thể thực hiện thật hiệu quả. Card đồ họa Intel UHD Graphics tích hợp giúp bạn nâng cao chất lượng video khi trình chiếu, ngoài ra người dùng cũng có thể chơi một số tựa game nhẹ nhàng. Xem thêm"
msi-bravo-15-b7ed-r5-010vn,MSI Gaming Bravo 15 B7ED R5 7535HS (010VN),"Laptop MSI Gaming Bravo 15 B7ED R5 7535HS (010VN) không chỉ là một mẫu laptop gaming tầm trung thông thường, mà còn là người bạn đồng hành đáng tin cậy dành cho những game thủ cũng như những người đam mê công việc sáng tạo. Với thiết kế hầm hố, máy trở thành biểu tượng của sức mạnh và sự phong cách, hứa hẹn sẽ tạo nên một trải nghiệm tuyệt vời trên mọi đấu trường ảo. Thiết kế cá tính đậm chất gaming Điểm đầu tiên khi mình nhìn vào laptop này với sự nổi bật về thiết kế cá tính, sự độc đáo và toát lên sức mạnh tinh thần của những người yêu thích thế giới game. Với màu đen đặc trưng và hoạ tiết gân chìm tạo điểm nhấn và chiều sâu, laptop khiến mình tự tin thể hiện phong cách riêng của chính mình. Logo chú chim đại bàng với đôi mắt rực rỡ nổi bật được in chìm trên mặt A của máy tạo điểm nhấn thú vị, chứng tỏ tính cá nhân mạnh mẽ và đặc biệt của những dòng laptop chiến game. Xem thêm"
dell-inspiron-15-3520-i5-71054775,Dell Inspiron 15 3520 i5 1235U (71054775),"Laptop Dell Inspiron 15 3520 i5 1235U (71054775) là chiếc laptop lý tưởng cho học sinh, sinh viên và nhân viên văn phòng nhờ sự kết hợp hoàn hảo giữa hiệu năng ổn định và thiết kế thanh lịch. Máy nổi bật với bộ vi xử lý Intel Core i5 thế hệ 12, màn hình 120Hz sắc nét và thời lượng pin ấn tượng, hứa hẹn mang đến trải nghiệm làm việc và giải trí tuyệt vời. Với mức giá hợp lý, đây chắc chắn là một lựa chọn đáng cân nhắc trong phân khúc laptop học tập - văn phòng. Sức mạnh ""cân"" mọi tác vụ, làm việc và học tập thả ga Trái tim của chiếc laptop này là bộ vi xử lý Intel Core i5 Alder Lake - 1235U với 10 nhân 12 luồng, xung nhịp tối đa lên đến nhờ Turbo Boost. Điều này giúp máy xử lý mượt mà các tác vụ văn phòng, học tập, duyệt web, xem phim và thậm chí là chỉnh sửa ảnh cơ bản. Card đồ họa tích hợp cũng đủ sức đáp ứng nhu cầu giải trí nhẹ nhàng với các tựa game online phổ biến. Xem thêm"
hp-240-g10-i3-b73tjat,HP 240 G10 i3 1315U (B73TJAT),"Laptop HP 240 G10 i3 1315U (B73TJAT) là chiếc laptop lý tưởng cho học sinh, sinh viên và nhân viên văn phòng, đáp ứng tốt nhu cầu học tập, làm việc và giải trí cơ bản. Với thiết kế mỏng nhẹ, hiệu năng ổn định và mức giá hợp lý, đây là một lựa chọn đáng cân nhắc trong phân khúc laptop phổ thông. ""Cân"" mọi tác vụ văn phòng, học tập HP 240 G10 được trang bị bộ vi xử lý Intel Core i3 Raptor Lake - 1315U với 6 nhân 8 luồng, xung nhịp cơ bản 1.2 GHz và có thể đạt tối đa 4.5 GHz nhờ Turbo Boost. CPU này không chỉ giúp máy hoạt động mượt mà với các ứng dụng văn phòng như Word, Excel, PowerPoint mà còn đủ sức xử lý các tác vụ chỉnh sửa ảnh, video cơ bản. Card đồ họa tích hợp Intel UHD Graphics hỗ trợ tốt các nhu cầu giải trí như xem phim, lướt web và chơi game nhẹ. Xem thêm"
acer-aspire-5-a515-58gm-598j-i5-nxkw1sv002,Acer Aspire 5 A515 58GM 598J i5 13420H (NX.KW1SV.002),"Với hiệu năng ấn tượng, màn hình mượt mà và thiết kế tinh tế, laptop Acer Aspire 5 A515 58GM 598J i5 13420H (NX.KW1SV.002) là một lựa chọn lý tưởng dành cho học sinh, sinh viên và dân văn phòng. Máy không chỉ hỗ trợ tốt công việc hàng ngày mà còn đáp ứng nhu cầu giải trí nhờ cấu hình mạnh mẽ trong tầm giá. Đây chắc chắn là chiếc laptop gaming đa năng đáng sở hữu trong phân khúc tầm trung. ""Cân"" mọi tác vụ với sức mạnh từ Intel Core i5 thế hệ 13 Laptop Acer được trang bị bộ vi xử lý Intel Core i5 - 13420H thuộc thế hệ Raptor Lake, giúp tối ưu hiệu năng khi xử lý các tác vụ từ cơ bản đến nâng cao. Kết hợp với card đồ họa rời NVIDIA GeForce RTX 2050 4 GB, máy mang đến khả năng chiến tốt các tựa game phổ biến như Valorant, FIFA Online 4 hay thậm chí hỗ trợ làm việc trên các phần mềm đồ họa, chỉnh sửa video nhẹ nhàng một cách mượt mà. Xem thêm"
asus-zenbook-14-oled-ux3405ma-ultra-5-pp151w,Asus Zenbook 14 OLED UX3405MA Ultra 5 125H,"Mở đầu cho kỷ nguyên laptop mới, hiện đại, thông minh, laptop Asus Zenbook 14 OLED UX3405MA Ultra 5 (PP151W) sở hữu con chip Intel Meteor Lake hoàn toàn mới, được tích hợp hàng loạt những tính năng AI hữu ích, màn hình chuẩn sắc nét. Mẫu sản phẩm này chắc chắn sẽ nâng tầm đáng kể cho phong cách làm việc của bạn. Làm việc thông minh, tiện dụng hơn Mình khá thích thú ngay từ lần đầu tiên được trải nghiệm sử dụng mẫu laptop Asus sở hữu dòng chip mới này, máy được gắn con chip Intel Core Ultra 5 Meteor Lake - 125H với 14 nhân và 18 luồng đi cùng với card tích hợp Intel Arc Graphics. Với số lượng nhân nhiều hơn so với mẫu Zenbook 14 OLED thế hệ chip cũ cùng tính năng AI hỗ trợ, thì theo mình thấy khả năng vận dụng và phân chia luồng cho các tác vụ công việc cũng được cải thiện tốt hơn đáng kể, như khi mở nhiều tab nhập liệu Excel, đồ hoạ hay văn bản mà máy không hề bị nóng lên quá nhiều khiến hiệu năng bị bóp hoặc là việc xử lý video Capcut 4K khi chèn các hiệu ứng vào timeline cũng hoàn toàn mượt mà. Xem thêm"
acer-predator-helios-neo-phn16-71-53m7-i5-nhqlusv005,Acer Predator Helios Neo PHN16 71 53M7 i5 13500HX (NH.QLUSV.005),"Lưu ý: Tất cả sản phẩm gaming dòng Nitro V và Predator khi mua hàng có hoá đơn từ ngày 01/01/2025 trở đi, thời gian bảo hành máy thay đổi từ 1 năm thành 2 năm. Laptop Acer Predator Helios Neo PHN16 71 53M7 i5 13500HX (NH.QLUSV.005) là một cỗ máy chiến game mạnh mẽ, được thiết kế dành riêng cho các game thủ và người dùng chuyên nghiệp đòi hỏi hiệu năng cao. Với cấu hình vượt trội, màn hình sắc nét và hệ thống tản nhiệt hiện đại, chiếc laptop này hứa hẹn mang đến trải nghiệm mượt mà. Đây là một lựa chọn đáng cân nhắc cho những ai đang tìm kiếm một chiếc laptop gaming toàn diện, đáp ứng mọi nhu cầu. Sức mạnh vượt trội, chinh phục mọi thử thách Xem thêm"
lenovo-thinkbook-16-g6-i5-21kh00q0vn,Lenovo ThinkBook 16 G6 i5 13420H (21KH00Q0VN),"Laptop Lenovo ThinkBook 16 G6 i5 13420H (21KH00Q0VN) là người bạn đồng hành lý tưởng cho học sinh, sinh viên và nhân viên văn phòng, đáp ứng mọi nhu cầu từ học tập, làm việc đến giải trí. Với hiệu năng ổn định, màn hình sắc nét và thiết kế bền bỉ, chiếc Laptop Lenovo ThinkBook 16 G6 i5 13420H (21KH00Q0VN) hứa hẹn mang đến trải nghiệm làm việc và học tập hiệu quả, nâng tầm năng suất của bạn. Sức mạnh vượt trội cho mọi tác vụ Trái tim của chiếc laptop này là bộ vi xử lý Intel Core i5 Raptor Lake - 13420H, với 8 nhân và 12 luồng, xung nhịp có thể đạt tối đa 4.6 GHz nhờ Turbo Boost, giúp bạn xử lý mượt mà mọi tác vụ từ cơ bản đến phức tạp. Card đồ họa tích hợp Intel UHD Graphics đủ sức đáp ứng các nhu cầu làm việc văn phòng, học tập và giải trí nhẹ nhàng. Xem thêm"
lenovo-loq-15iax9-i5-83gs00dbvn,Lenovo Gaming LOQ 15IAX9 i5 12450HX (83GS00DBVN),"Từng chi tiết của laptop Lenovo LOQ 15IAX9 i5 12450HX (83GS00DBVN) đều được thiết kế để chinh phục thế giới game thật hấp dẫn với sức mạnh vượt trội cùng đa tính năng hữu ích. Hãy tham khảo ngay mẫu laptop gaming với thiết kế độc đáo, lạ mắt này với mức giá lý tưởng ở kệ hàng Thế Giới Di Động. • Cấu tạo máy thật phong cách với lớp vỏ nhựa màu xám, kiểu dáng đặc trưng với phần gù nhô ra trên những mẫu laptop gaming nhà Lenovo mang cảm hứng như những chiếc phi thuyền vũ trụ. Khối lượng 2.38 kg giúp bạn dễ dàng mang theo máy đến bất cứ đâu để luôn sẵn sàng cho những cuộc chiến mọi lúc mọi nơi. • Đèn nền đơn sắc trắng trên bàn phím sẽ là trợ thủ đắc lực trong những màn đêm game đầy thử thách, đảm bảo rằng game thủ luôn có thể chiến đấu hiệu quả ngay cả trong điều kiện ánh sáng yếu. Sự bố trí hợp lý của cổng kết nối như: LAN (RJ45), USB 3.2, HDMI, USB-C 3.2,... khiến việc kết nối với các thiết bị ngoại vi chưa bao giờ dễ dàng đến thế. Xem thêm"
asus-s3607va-i5-rp055ws,Asus Vivobook S16 S3607VA i5 13420H (RP055WS),"Laptop Asus Vivobook S14 S3607VA i5 13420H (RP055WS) là chiếc laptop lý tưởng cho học sinh, sinh viên và nhân viên văn phòng, nổi bật với hiệu năng mạnh mẽ và thiết kế mỏng nhẹ. Đây là người bạn đồng hành hoàn hảo, đáp ứng mọi nhu cầu từ học tập, làm việc đến giải trí, xứng đáng để bạn đầu tư. ""Cân"" mọi tác vụ với sức mạnh vượt trội từ Intel Core i5 thế hệ 13 Trái tim của chiếc laptop học tập - văn phòng này là bộ vi xử lý Intel Core i5 Raptor Lake - 13420H với 8 nhân và 12 luồng, tốc độ xung nhịp có thể đạt tối đa 4.6 GHz nhờ Turbo Boost. Sức mạnh này cho phép bạn thoải mái xử lý các tác vụ văn phòng, học tập, chỉnh sửa ảnh, video cơ bản một cách mượt mà. Card đồ họa tích hợp Intel UHD Graphics tuy không chuyên dụng cho gaming, nhưng vẫn đủ sức để bạn giải trí với các tựa game online nhẹ nhàng hoặc xem phim, lướt web. Xem thêm"
hp-pavilion-15-eg2081tu-i5-7c0q4pa,HP Pavilion 15 eg2081TU i5 1240P (7C0Q4PA),"Khả năng đáp ứng hiệu quả và mượt mà mọi tác vụ làm việc và giải trí nhờ sức mạnh của chip Intel Gen 12 cùng RAM 16 GB, laptop HP Pavilion 15 eg2081TU i5 1240P (7C0Q4PA) chắc chắn sẽ rất phù hợp với những bạn sinh viên, học sinh cũng như người đi làm. • Laptop sử dụng chip Intel Core i5 1240P có tốc độ ép xung cao 4.4 GHz kết hợp cùng card Intel Iris Xe Graphics cho hiệu năng vượt trội để thực hiện mượt mà mọi tác vụ soạn thảo văn bản và làm việc trên Word, Excel,... hay xem phim giải trí. Bạn còn có thể tạo ra các ấn phẩm 2D, chỉnh sửa video ngắn, hình ảnh cũng như chơi các tựa game thịnh hành nhờ khả năng xử lý đồ họa nâng cao đến từ GPU. • Bộ nhớ RAM 16 GB có hỗ trợ nâng cấp tối đa lên đến 32 GB cho người dùng khả năng đa nhiệm nhanh chóng, chuyển qua lại giữa các tab làm việc một cách trơn tru, vận hành nhiều tác vụ mà không bị đơ hay giật lag. Xem thêm"
msi-prestige-14-ai-studio-c1udxg-ultra-7-058vn,MSI Prestige 14 AI Studio C1UDXG Ultra 7 155H (058VN),"Laptop MSI Prestige 14 AI Studio C1UDXG Ultra 7 155H (058VN) không chỉ là thiết bị mạnh mẽ, mà còn mang đến sự đột phá về công nghệ AI, phục vụ tốt cho những nhu cầu đồ họa kỹ thuật và sử dụng thật thông minh trong đời sống. Mẫu máy này cũng sở hữu thiết kế sang trọng, ưu điểm lớn để nâng tầm phong cách người dùng. • Bộ vi xử lý Intel Core Ultra 7 Meteor Lake - 155H với 16 nhân và 22 luồng, đạt tốc độ lên đến 4.8 GHz nhờ công nghệ Turbo Boost, mang lại khả năng xử lý đa nhiệm xuất sắc. Điểm đáng chú ý của CPU này chính là khả năng xử lý mượt mà từ các tác vụ văn phòng hàng ngày đến những công việc đòi hỏi tính toán phức tạp như thiết kế 3D, xử lý video hay chạy các phần mềm đồ họa chuyên nghiệp như Adobe Premiere hay AutoCAD. Hơn nữa, khả năng tự động điều phối vận hành các nhân hiệu năng phù hợp trên mẫu chip này làm tăng thời lượng sử dụng máy lên rất nhiều. Xem thêm"
dell-inspiron-15-3520-i5-n5i5052w1,Dell Inspiron 15 3520 i5 1235U (N5I5052W1),"Laptop Dell Inspiron 15 3520 i5 1235U (N5I5052W1) là sản phẩm tầm trung hoàn hảo cho đối tượng người dùng văn phòng, học sinh, sinh viên và những ai cần một thiết bị di động để giải trí và làm việc cơ bản. Nổi bật với bộ vi xử lý Intel thế hệ thứ 12 mạnh mẽ, hứa hẹn mang đến hiệu năng ổn định, khả năng đa nhiệm tốt cùng thiết kế hiện đại, gọn nhẹ. • Laptop Dell Inspiron được trang bị con chip Intel Core i5 Alder Lake - 1235U cùng card tích hợp Intel Iris Xe Graphics, mang đến hiệu suất ổn định, mượt mà khi bạn thao tác trên phần mềm như Word, Excel, PowerPoint,... Không dừng lại ở đó, laptop còn hỗ trợ bạn trong các tác vụ xử lý đồ hoạ cơ bản với Photoshop, AI, Figma,... • Bộ nhớ RAM 16 GB được tích hợp sẵn cho phép bạn mở nhiều ứng dụng cùng lúc mà không lo máy chậm hay đơ, giúp bạn học tập và làm việc hiệu quả hơn. Ổ cứng mang đến tốc độ đọc ghi dữ liệu nhanh chóng, giúp bạn khởi động máy, mở ứng dụng và truy cập dữ liệu chỉ trong nháy mắt. Hỗ trợ khe cắm mở rộng (nâng cấp tối đa ) cho phép bạn lưu trữ thêm nhiều dữ liệu hơn. Xem thêm"
dell-inspiron-16-5640-core-7-n5640c7u161w11ibu,Dell Inspiron 16 5640 Core 7 150U (N5640-C7U161W11IBU),"Khám phá sức mạnh của laptop Dell Inspiron 16 5640 Core 7 150U (N5640-C7U161W11IBU), mang lại mẫu thiết kế đầy thời trang, hiệu suất đáng kinh ngạc cho mọi tác vụ từ công việc văn phòng đến giải trí đa phương tiện. Trang bị ngay sản phẩm này cho bản thân với mức giá cực kỳ hấp dẫn tại Thế Giới Di Động. • Laptop Dell Inspiron nổi bật với thiết kế trang nhã, đường nét chắc chắn và góc cạnh rõ ràng, tạo nên một diện mạo hiện đại và cao cấp. Với kích thước 17.37 mm và khối lượng 1.98 kg, laptop này dễ dàng gói gọn trong balo, vẫn khá phù hợp cho chế độ làm việc linh hoạt hàng ngày của người dùng. • Thiết bị cũng khá bền bỉ khi được trang bị nắp lưng và chiếu nghỉ tay bằng kim loại, giảm thiểu đáng kể các tác động đến máy từ chính diện. Ngoài ra, tính năng bảo mật vân tay và công tắc khóa camera đảm bảo an toàn cho dữ liệu và quyền riêng tư của bạn, giúp bạn yên tâm hơn khi sử dụng. Xem thêm"
dell-inspiron-15-3530-i7-n3530i7u161w11blufp,Dell Inspiron 15 3530 i7 1355U (N3530-i7U161W11BLU-FP),"Laptop Dell Inspiron 15 3530 i7 1355U (N3530-i7U161W11BLU-FP) được thiết kế từ trong ra ngoài hoàn toàn lý tưởng cho nhu cầu học tập, công việc văn phòng và giải trí. Với bộ vi xử lý Intel Core i7 thế hệ 13, RAM đến 16 GB, SSD 1 TB,... sản phẩm này tự tin đáp ứng mọi yêu cầu về hiệu suất và tính linh hoạt, giúp bạn dễ dàng vượt qua mọi thử thách trong học tập và công việc hàng ngày. • Dell Inspiron 15 3530 được trang bị chip Intel Core i7 1355U được thiết kế với 10 nhân và 12 luồng, nâng cao hiệu suất đa nhiệm đáng kể nhờ tốc độ xung nhịp nâng lên tối đa được 5.0 GHz. Nhờ sức mạnh này, bạn có thể xử lý nhanh chóng các ứng dụng văn phòng như Microsoft Office, các phần mềm lập trình thông dụng hay thậm chí là chỉnh sửa đồ họa 2D, video trên các công cụ Photoshop, Figma,... Điểm cộng lớn khi Dell Inspiron còn được hỗ trợ đồ họa tích hợp Intel Iris Xe Graphics, mang đến trải nghiệm hình ảnh mượt mà khi xem phim, người dùng cũng có thể lựa chọn chiến các con game nhẹ nhàng giải trí. Xem thêm"
acer-aspire-5-a515-58m-56yx-i5-nxkq8sv005,Acer Aspire 5 A515 58M 56YX i5 13420H (NX.KQ8SV.005),"Laptop Acer Aspire 5 A515 58M 56YX i5 13420H (NX.KQ8SV.005) là một trong những sự lựa chọn đáng chú ý trong phân khúc laptop cận trung cấp hiện nay. Với thiết kế tinh tế, hiệu suất mạnh mẽ và giá cả phải chăng, sản phẩm này hứa hẹn mang lại trải nghiệm đáng giá cho bạn. • Máy tính được trang bị bộ vi xử lý Intel Core i5 13420H, đây là một trong những dòng CPU mạnh mẽ và hiệu quả của Intel hiện nay. Chạy trên 8 nhân, 12 luồng thoải mái để bạn có thể cân được mọi tác vụ từ văn phòng đến chơi một vài tựa game cấu hình cao đều mượt mà. • Không những thế, GPU Intel UHD Graphics, với các tác vụ đồ họa cơ bản và giải trí đa phương tiện, máy vẫn đáp ứng tốt như render một số video đơn giản, thiết kế poster, banner 2D nó chạy một cách trơn tru nhất mà không xảy ra bất kỳ vấn đề gì. Xem thêm"
dell-inspiron-16-5640-core-7-khpf5,Dell Inspiron 16 5640 Core 7 150U (KHPF5),"Được trang bị vi xử lý Intel Core 7 thế hệ 14 và card đồ họa rời MX, laptop Dell Inspiron 16 5640 Core 7 150U (KHPF5) hứa hẹn sẽ trở thành người bạn đồng hành đáng tin cậy cho cả công việc và giải trí. Chiếc laptop này đáp ứng mọi yêu cầu tác vụ, từ những công việc cơ bản đến các nhiệm vụ đồ họa. • Dell Inspiron 16 5640 được trang bị bộ vi xử lý Intel Core 7 150U với 10 nhân và 12 luồng, có thể đạt tốc độ tối đa lên đến 5.4 GHz, mang lại hiệu suất vượt trội cho công việc văn phòng, từ tính toán, trình chiếu đến các tác vụ đồ họa và lập trình phức tạp. • Máy còn tích hợp card đồ họa rời NVIDIA Geforce MX570A 2 GB, giúp tối ưu hiệu năng khi sử dụng các phần mềm kỹ thuật như AutoCAD và các ứng dụng thiết kế của Adobe. Với cấu hình được tinh chỉnh hợp lý, cũng đủ mạnh mẽ để xử lý mượt mà các tựa game esports phổ biến hiện nay. Xem thêm"
acer-aspire-5-a514-56p-54tn-i5-nxkhrsv004,Acer Aspire 5 A514 56P 54TN i5 1335U (NX.KHRSV.004),"Những mẫu máy xách tay Aspire từ Acer luôn là sự lựa chọn thật tuyệt vời cho công việc và giải trí trong phân khúc tầm trung. Phiên bản laptop Acer Aspire 5 A514 56P 54TN i5 1335U (NX.KHRSV.004) sở hữu con chip thế hệ 13 mạnh mẽ, bộ nhớ RAM mượt mà, độ phân giải WUXGA,... mang đến điểm cân bằng lý tưởng cho mọi nhu cầu hàng ngày. • Laptop học tập - văn phòng được tích hợp với bộ vi xử lý Intel Core i5 1335U hỗ trợ mức xung nhịp cao nhất đạt 4.6 GHz, kết hợp với đó là card Intel Iris Xe Graphics cho phép bạn vận dụng cực tốt các tác vụ đơn nhân như tính toán Excel, xử lý văn bản, thực hiện bản trình chiếu hoặc giải trí phim ảnh, âm thanh. • Ngoài ra, với cấu hình trên cũng cho phép người dùng tiếp xúc được với một số nhu cầu công việc đa nhân phức tạp như chạy code, xử lý hình ảnh đơn giản trên Photoshop, Ai hay thiết kế các video ngắn bằng công cụ Capcut và chơi một số các tựa game nhẹ. Xem thêm"
hp-probook-450-g10-i7-9h8h1pt?utm_flashsale=1,HP Probook 450 G10 i7 1355U (9H8H1PT),"Laptop HP Probook 450 G10 i7 1355U (9H8H1PT) sở hữu thiết kế hiện đại, thanh lịch với lớp vỏ kim loại nguyên khối và tông màu bạc sáng. Hiệu năng xử lý đến từ con chip Intel Core i7 thế hệ 13 mạnh mẽ, RAM và ổ cứng ổn định mang đến trải nghiệm vượt trội trong học tập và giải trí. • Điểm nhấn thiết kế với lớp vỏ kim loại màu bạc sáng đặc trưng, khung viền thanh mảnh tạo độ thẩm mỹ hiện đại cho mọi không gian sử dụng. Hơn nữa, máy được hoàn thiện với chất liệu kim loại cũng gia tăng thêm độ bền bỉ cho tổng thể laptop HP. • Bàn phím laptop có hành trình phím sâu, phím bấm êm ái và độ phản hồi tốt, giúp bạn thao tác nhanh chóng và chính xác. Bàn phím cũng được trang bị đèn nền giúp bạn dễ dàng sử dụng máy trong điều kiện thiếu sáng. Xem thêm"
hp-pavilion-15-eg2082tu-i5-7c0q5pa,HP Pavilion 15 eg2082TU i5 1240P (7C0Q5PA),"Laptop HP Pavilion 15 eg2082TU i5 (7C0Q5PA) gây ấn tượng bởi sự đẳng cấp đến từ thiết kế thanh lịch, sang trọng cùng hiệu năng vượt bậc nhờ vào con chip Intel thế hệ 12 mạnh mẽ, đáp ứng đầy đủ mọi nhu cầu của người dùng từ tác vụ văn phòng đến đồ họa. • Xử lý nhanh gọn và hiệu quả mọi tác vụ văn phòng nhờ bộ vi xử lý Intel Core i5 1240P sở hữu xung nhịp trung bình 1.70 GHz và đạt tối đa lên đến 4.4 GHz nhờ Turbo Boost, mang đến sức tối đa cho người dùng, sẵn sàng cùng bạn giải quyết mọi nhu cầu trong công việc với Word, Excel,.. hay hoàn thành những bản thiết kế đồ họa đặc sắc, thậm chí hỗ trợ bạn chơi mượt mà các tựa game thịnh hành. • Laptop HP được trang bị card đồ họa tích hợp Intel Iris Xe Graphics nâng cao khả năng xử lý đồ họa, xử lý mượt mà các tác vụ nặng, hỗ trợ việc chỉnh sửa hình ảnh phức tạp, render video, đồ họa 2D cơ bản trên Premiere, AI, Figma,... một cách chuyên nghiệp, cho những khung hình 4K sắc nét. Xem thêm"
msi-prestige-14-ai-studio-c1veg-ultra-7-056vn,MSI Prestige 14 AI Studio C1VEG Ultra 7 155H (056VN),"Định nghĩa lại chuẩn mực laptop làm việc với tích hợp trí tuệ nhân tạo, laptop MSI Prestige 14 AI Studio C1VEG Ultra 7 155H (056VN) không chỉ là một chiếc ultrabook mạnh mẽ mà còn là công cụ hoàn hảo cho những ai đam mê sáng tạo và hiệu suất. Với thiết kế sang trọng, tinh tế, dòng sản phẩm này nhanh chóng khẳng định vị thế ""on top"" trong phân khúc laptop chuyên nghiệp trên thị trường hiện nay. Sức mạnh ""khủng"" cho hiệu suất làm việc tối đa Trang bị CPU Intel Core Ultra 7 155H mới nhất hiện nay, chiếc laptop MSI này tự tin xử lý mọi yêu cầu từ công việc văn phòng, biên tập video, đến thiết kế đồ họa ở mức độ phân giải cao như 4K. Sự kết hợp hoàn hảo giữa GPU NVIDIA GeForce RTX 4050 6 GB và con chip mạnh mẽ này mang lại khả năng chiến game đỉnh cao, xử lý mượt mà mọi tác vụ nặng, từ dựng video, thiết kế đồ họa đến lập trình phần mềm. Xem thêm"
lenovo-legion-pro-5-16irx9-i9-83df0046vn,Lenovo Gaming Legion Pro 5 16IRX9 i9 14900HX (83DF0046VN),"Sở hữu cấu hình ""quái vật"" khi được trang bị vi xử lý Intel Core thế hệ 14 cùng những cải tiến vượt bậc, Lenovo Legion 5 Pro sẵn sàng mang đến cho bạn những trải nghiệm chiến game, thiết kế đồ họa đỉnh cao, thỏa mãn mọi đam mê chinh phục thế giới ảo và những công việc khó nhằn. Nâng tầm sáng tạo và giải trí, chinh phục mọi thử thách Lenovo Legion 5 Pro sở hữu bộ vi xử lý Intel Core i9 14900HX với 24 nhân và 32 luồng, tốc độ xung nhịp lên đến 5.80 GHz nhờ Turbo Boost, cho khả năng xử lý đa nhiệm cực kỳ mượt mà. Bạn có thể thoải mái chiến các tựa game AAA đỉnh cao như Cyberpunk 2077, Assassin's Creed Valhalla ở mức cài đặt đồ họa cao nhất mà không lo giật lag. Card đồ họa rời NVIDIA GeForce RTX 4070 8 GB không chỉ mang đến hình ảnh sắc nét, sống động mà còn hỗ trợ công nghệ Ray Tracing và DLSS, giúp tăng cường hiệu suất và trải nghiệm gaming. Xem thêm"
asus-fx507vv-i7-lp151w,Asus TUF Gaming F15 FX507VV i7 13620H (LP151W),"Với thiết kế mạnh mẽ, hiệu năng đỉnh cao và những tính năng vượt trội, laptop Asus TUF Gaming F15 FX507VV i7 13620H (LP151W) là một lựa chọn hoàn hảo cho các game thủ và những người đam mê công nghệ. Sản phẩm không chỉ là một công cụ giải trí mà còn là một người bạn đồng hành tin cậy, sẵn sàng cùng bạn chinh phục mọi thử thách. • Với sức mạnh vượt trội của con chip Intel Core i7 Raptor Lake - 13620H, chiếc laptop này dễ dàng xử lý mọi tác vụ một cách mượt mà, từ những công việc văn phòng cơ bản đến các tác vụ đồ họa 3D, chỉnh sửa video hay chơi các game như DOTA 2, LOL, Valorant,... ở mức cài đặt cao. • GPU NVIDIA GeForce RTX 4060 8 GB sẽ thể hiện từng khung hình game trở nên sống động hơn bao giờ hết. Công nghệ DLSS 3 và Ray Tracing không chỉ nâng cao chất lượng hình ảnh mà còn giúp bạn tận hưởng những tựa game yêu thích một cách mượt mà, ngay cả ở cài đặt đồ họa cao nhất. Đây là lựa chọn hoàn hảo để bạn đắm mình vào thế giới game và sáng tạo nội dung không giới hạn. Xem thêm"
dell-inspiron-15-3530-i7-n5i7216w1,Dell Inspiron 15 3530 i7 1355U (N5I7216W1),"Laptop Dell Inspiron 15 3530 i7 1355U (N5I7216W1) là chiếc laptop lý tưởng cho học sinh, sinh viên và nhân viên văn phòng nhờ sự kết hợp hoàn hảo giữa hiệu năng ổn định và thiết kế thanh lịch. Với bộ vi xử lý Intel Core i7 thế hệ mới nhất, chiếc laptop này đáp ứng tốt mọi nhu cầu từ học tập, làm việc đến giải trí. Đây chắc chắn là một lựa chọn đáng cân nhắc trong phân khúc laptop tầm trung. Sức mạnh ""chiến"" mọi tác vụ - Intel Core i7 Gen 13 Laptop học tập - văn phòng này được trang bị bộ vi xử lý Intel Core i7 - 1355U thuộc dòng Raptor Lake, với 10 nhân và 12 luồng, mang đến tốc độ xử lý ấn tượng. Tốc độ xung nhịp cơ bản 1.7 GHz và khả năng Turbo Boost lên đến 5.0 GHz giúp máy dễ dàng xử lý các tác vụ đa nhiệm, từ soạn thảo văn bản, duyệt web đến chạy các ứng dụng văn phòng nặng một cách mượt mà. Xem thêm"
dell-inspiron-14-5440-core-7-7fn5j,Dell Inspiron 14 5440 Core 7 150U (7FN5J),"Là một sinh viên hoặc nhân viên văn phòng, bạn thường xuyên phải đối mặt với khối lượng công việc và bài tập khổng lồ đòi hỏi một chiếc laptop có hiệu năng ổn định và gọn gàng để mang theo nhiều nơi. Hiểu được nhu cầu đó, Dell mang đến cho bạn chiếc laptop Dell Inspiron 14 5440 Core 7 150U (7FN5J) - sự lựa chọn hoàn hảo đáp ứng mọi yêu cầu của bạn. • Hiệu năng ổn định từ bộ đôi Intel Core 7 Raptor Lake - 150U và card tích hợp Intel Graphics mang đến hiệu suất ổn định, đáp ứng tức thì khi bạn thao tác trên các nền tảng học tập, công việc quen thuộc như Word, Excel, PowerPoint,... còn hỗ trợ bạn xử lý các tác vụ đồ họa cơ bản với Photoshop, AI, Figma,... một cách mượt mà, biến những ý tưởng sáng tạo thành hiện thực một cách dễ dàng. Xem thêm"
dell-vostro-3530-i5-80gg93,Dell Vostro 3530 i5 1335U (80GG93),"Laptop Dell Vostro 3530 i5 1335U (80GG93) được định hình thiết kế riêng biệt cho dân văn phòng và sinh viên trong phân khúc giá tầm trung. Sản phẩm này không chỉ mang lại hiệu suất tuyệt vời cho nhiều tác vụ mà còn sở hữu ngoại hình hiện đại, thời thượng, hứa hẹn sẽ chinh phục ngay cả những người dùng khó tính nhất. • Laptop Dell Vostro được trang bị bộ vi xử lý Intel Core i5 1335U thế hệ thứ 13, tích hợp GPU Intel Iris Xe Graphics mang lại khả năng xử lý mượt mà các tác vụ văn phòng như Microsoft Office, đồng thời hỗ trợ tốt cho các ứng dụng thiết kế đồ họa như Adobe Photoshop và Illustrator. Bộ vi xử lý này không chỉ giúp bạn hoàn thành công việc một cách trơn tru mà còn tối ưu hiệu suất điện năng, đảm bảo máy luôn hoạt động lâu dài nhất. Xem thêm"
asus-fa506ncr-r7-hn097w,Asus TUF Gaming A15 FA506NCR R7 7435HS (HN097W),"Laptop Asus TUF Gaming A15 FA506NCR R7 7435HS (HN097W) không chỉ là một chiếc laptop mạnh mẽ mà còn mang đến trải nghiệm gaming đẳng cấp với những tính năng độc đáo, thiết kế mạnh mẽ và hiệu năng ấn tượng từ bộ xử lý Ryzen 7 cùng card đồ họa RTX 3050. Đây chính là ""vũ khí"" không thể thiếu cho game thủ đam mê các tựa game tốc độ cao và yêu thích sự cá tính, nổi bật của dòng TUF Gaming. • Laptop sở hữu chip AMD Ryzen 7 7435HS dòng HS mang đến khả năng xử lý đa nhiệm mượt mà, tối ưu cho cả công việc và giải trí. Với tốc độ tối đa lên tới 4.5 GHz, máy sẵn sàng đáp ứng mọi tác vụ từ văn phòng cơ bản đến các ứng dụng sáng tạo như chỉnh sửa video và đồ họa bán chuyên. Đặc biệt, hiệu suất của chip Ryzen giúp máy chạy mượt mà các tựa game phổ biến như League of Legends, FIFA Online mà không gặp phải bất kỳ trở ngại nào. Xem thêm"
dell-inspiron-15-3530-i5-p16wd2,Dell Inspiron 15 3530 i5 1334U (P16WD2),"Nếu bạn đang tìm kiếm một chiếc laptop với mức giá hợp lý, hiệu năng ổn định và kiểu dáng hiện đại, laptop Dell Inspiron 15 3530 i5 1334U (P16WD2) là lựa chọn đáng cân nhắc. Với giá dưới 20 triệu đồng, chiếc laptop này mang đến sự cân bằng hoàn hảo giữa công nghệ tiên tiến và sự tinh tế trong thiết kế, hứa hẹn đáp ứng mọi nhu cầu từ học tập, làm việc đến giải trí đa phương tiện ở nhiều nền tảng khác nhau. • Được trang bị bộ vi xử lý Intel Core i5 Raptor Lake - 1334U, chiếc laptop này không chỉ “cân” được các ứng dụng văn phòng cơ bản mà còn chạy mượt mà khi bạn cần làm việc với các phần mềm nặng hơn như chỉnh sửa ảnh hay lập trình, thậm chí bạn có thể thoải mái chơi được các con game Esports hấp dẫn ở mức cấu hình hợp lý. Với tốc độ lên đến 4.6 GHz nhờ công nghệ Turbo Boost, bạn có thể yên tâm về khả năng xử lý nhanh chóng mà không lo giật lag. Xem thêm"
acer-aspire-lite-16-g2-al16-52p-76du-i7-nxj2ssv005,Acer Aspire Lite 16 G2 AL16 52P 76DU i7 1355U (NX.J2SSV.005),"Laptop Acer Aspire Lite 16 G2 AL16 52P 76DU i7 1355U (NX.J2SSV.005) sở hữu lối tinh giản trên từng chi tiết, hỗ trợ chuyên nghiệp hơn với cấu hình mạnh mẽ nhờ con chip Intel Core i7, mẫu laptop học tập - văn phòng từ thương hiệu Acer là sự lựa chọn vô cùng phù hợp với các sinh viên, người đi làm cần một công cụ tốt để làm việc và giải trí. Thiết kế tối giản, độ bền ấn tượng Thiết kế sang trọng với lớp vỏ nhựa chắc chắn và gam màu bạc hiện đại, cùng các viền máy bo tròn mềm mại tạo cảm giác thoải mái khi cầm nắm. Mặt A của máy cũng điểm thêm vài đường nét hoa văn độc đáo tăng thêm tính hiện đại và thẩm mỹ đáng kể. khối lượng 1.7 kg nên laptop này dễ dàng đồng hành cùng bạn mọi lúc, mọi nơi. Xem thêm"
acer-aspire-lite-al16-51p-596h-i5-nxkwzsv002,Acer Aspire Lite AL16 51P 596H i5 1235U (NX.KWZSV.002),"Bạn đang tìm kiếm một chiếc laptop đáp ứng tốt nhu cầu học tập, văn phòng và giải trí nhẹ nhàng? Laptop Acer Aspire Lite AL16 51P 596H i5 1235U (NX.KWZSV.002) là lựa chọn hoàn hảo dành cho bạn với hiệu năng mạnh mẽ, màn hình đẹp, thiết kế thanh lịch và giá cả hợp lý. Sự cân bằng hoàn hảo nhưng hiện tại đang có một mức giá vô cùng tốt tại Thế Giới Di Động. • Laptop Acer Aspire sử dụng vi xử lý Intel Core i5 1235U thế hệ 12 mạnh mẽ, xung nhịp tối đa lên đến 4.4 GHz, cùng card đồ họa Intel UHD Graphics, giúp bạn xử lý mượt mà mọi tác vụ từ cơ bản đến nâng cao như: soạn thảo văn bản, tính toán Excel, lập trình, chỉnh sửa ảnh, video đơn giản, chơi game nhẹ nhàng,... Xem thêm"
lenovo-legion-5-16irx9-i7-83dg0051vn,Lenovo Gaming Legion 5 16IRX9 i7 14650HX (83DG0051VN),"Lenovo Legion 5 là một sản phẩm đỉnh cao dành cho game thủ và những người yêu thích công nghệ, mang đến sự kết hợp hoàn hảo giữa hiệu suất mạnh mẽ và thiết kế độc đáo. Đây không chỉ là một công cụ giải trí tuyệt vời mà còn là một cộng sự đáng tin cậy cho đa dạng yêu cầu đồ họa nặng của bạn. • Được trang bị bộ vi xử lý Intel Core i7 14650HX với 16 nhân và 24 luồng, Lenovo Legion 5 có thể dễ dàng đưa bạn cuốn vào cuộc chiến hấp dẫn trong các tựa game AAA đồ họa cao như Cyberpunk 2077, Assassin's Creed Valhalla và Call of Duty: Warzone, đồng thời cũng cho hiệu suất xử lý và tính toán cao cho nhiều công việc phức tạp khác nhau. • GPU NVIDIA GeForce RTX 4060 với 8 GB VRAM thực hiện các công việc thiết kế đồ họa 2D, 3D trên các ứng dụng như Adobe Photoshop, Adobe Illustrator, AutoCAD và Blender mà không gặp khó khăn. cũng hỗ trợ tối ưu cho các công việc lập trình và thiết kế phần mềm như Visual Studio, Eclipse hay Unity. Xem thêm"
hp-pavilion-16-af0053tu-ultra-7-ay8c2pa,HP Pavilion 16 af0053TU Ultra 7 155U (AY8C2PA),"Laptop HP Pavilion 16 af0053TU Ultra 7 155U (AY8C2PA) là một lựa chọn tuyệt vời cho học sinh, sinh viên và nhân viên văn phòng nhờ sự kết hợp hoàn hảo giữa hiệu năng mạnh mẽ và thiết kế thanh lịch. Chiếc laptop này nổi bật với bộ vi xử lý Intel Core Ultra 7 mới nhất, màn hình lớn 16 inch sắc nét và thời lượng pin ấn tượng, mang đến trải nghiệm làm việc và giải trí tuyệt vời. Đây chắc chắn là một sản phẩm đáng đầu tư cho những ai đang tìm kiếm một chiếc laptop học tập - văn phòng đa năng và hiệu quả. ""Cân"" mọi tác vụ, làm việc và giải trí đều ""mượt"" Xem thêm"
hp-envy-x360-14-fc0094tu-ultra-5-a19c4pa,HP Envy x360 14 fc0094TU Ultra 5 125U (A19C4PA),"Laptop HP Envy x360 14 fc0094TU Ultra 5 125U (A19C4PA) được thừa hưởng nét cao cấp sang trọng qua nhiều thế hệ máy. Laptop còn được tích hợp với vi xử lý AI Intel Core Ultra mới nhất, đem lại hiệu suất vượt trội, màn hình OLED 2.8K sắc nét cùng đa dạng các tính năng hữu ích khác cho nhu cầu công việc và sinh hoạt của người dùng. • HP Envy 14 mang phong cách thiết kế sang trọng với khung và vỏ máy làm từ kim loại màu bạc sáng. Các đường cắt vuông vức được hoàn thiện tỉ mỉ, tạo cảm giác cao cấp khi chạm vào. Logo HP mạ crom sáng bóng trên mặt A tạo ra độ nhận diện thương hiệu cao. • Máy chỉ có 1.39 kg vô cùng nhẹ nhàng, bạn chỉ như mang theo thêm 1 cuốn sách bên mình. Khả năng xoay gập 360 độ giúp máy phù hợp với nhiều tư thế cầm nắm và sử dụng khác nhau. HP còn trang bị , hỗ trợ tốt cho các thao tác vẽ, ghi chú và sử dụng sáng tạo trực tiếp trên màn hình. Xem thêm"
asus-zenbook-14-oled-um3406ka-r7-ai-350-pp555ws,Asus Zenbook 14 OLED UM3406KA R7 AI 350 (PP555WS),"Asus Zenbook 14 OLED UM3406KA R7 AI 350 (PP555WS) – chiếc laptop cao cấp với thiết kế sang trọng, hiệu năng mạnh mẽ cùng màn hình OLED ấn tượng, hứa hẹn sẽ là sự lựa chọn lý tưởng cho người dùng yêu cầu sự linh hoạt và hiệu suất vượt trội. Với cấu hình tiên tiến và nhiều tính năng hiện đại, sản phẩm này phù hợp với dân văn phòng, sinh viên và cả những nhà sáng tạo nội dung. Sức mạnh ""tàng hình"", chinh phục mọi tác vụ Bên trong Asus Zenbook là bộ vi xử lý AMD Ryzen AI 7 350 với tốc độ tối đa lên đến 5.0 GHz, mang lại hiệu suất mạnh mẽ để xử lý mượt mà mọi tác vụ văn phòng trên các ứng dụng như Microsoft Office, Google Docs hay Excel,... mà không gặp tình trạng giật lag. Ngoài ra, khả năng chỉnh sửa hình ảnh trên Photoshop hay dựng video cơ bản với Premiere Pro cũng được tối ưu, giúp công việc sáng tạo trở nên dễ dàng hơn. Xem thêm"
msi-prestige-13-ai-evo-a1mg-ultra-7-062vn,MSI Prestige 13 AI Evo A1MG Ultra 7 155H (062VN),"Bắt kịp ngay với xu thế làm việc thông minh từ tương lai với hàng loạt những tính năng AI tích hợp trên dòng chip mới, không chỉ thế laptop MSI Prestige 13 AI Evo A1MG Ultra 7 155H (062VN) còn sở hữu dáng vẻ cao cấp chuẩn doanh nhân, nhiều tiện ích hiện đại miễn bàn dành riêng cho các chuyên gia. Thời thượng, nhỏ gọn bất ngờ Thiết kế máy dạng mỏng với bề dày chỉ vỏn vẹn 16.9 mm khi gập hoàn toàn, khối lượng ""có như không"" 0.99 kg cực kì linh động cho nhiều các chế độ làm việc trong ngày, mang vác đi khắp nơi mà không bị vướng víu. Mỏng nhẹ là thế nhưng laptop của bạn vẫn vô cùng bền bỉ khi phủ lớp vỏ Nhôm - Magie, hạn chế trầy xước và hỏng hóc trong quá trình sử dụng. Xem thêm"
lenovo-thinkbook-16-g7-ultra-5-21ms007gvn,Lenovo ThinkBook 16 G7 Ultra 5 125U (21MS007GVN),"Nếu bạn đang cần một người bạn đồng hành học tập, làm việc hiệu quả, linh động nhưng lại sở hữu một mức giá thành cân đối thì đừng bỏ qua laptop Lenovo ThinkBook 16 G7 Ultra 5 125U (21MS007GVN). Máy với hiệu năng tích hợp cao, màn hình 16 inch sắc nét hỗ trợ người dùng mọi việc từ cơ bản đến nâng cao. Hiệu năng ổn định cho công việc và học tập Chiếc laptop Lenovo này được trang bị bộ vi xử lý Intel Core Ultra 5 125U thuộc dòng Meteor Lake với 12 nhân và laptop, xung nhịp có thể đạt tối đa 4.3 GHz nhờ Turbo Boost. NPU Intel AI Boost giúp máy xử lý các tác vụ AI hiệu quả hơn. Card đồ họa tích hợp Intel Graphics đủ sức đáp ứng các nhu cầu đồ họa cơ bản, xem phim, duyệt web và chơi một số game nhẹ nhàng. Xem thêm"
dell-inspiron-15-3530-i5-n5i5530w1,Dell Inspiron 15 3530 i5 1334U (N5I5530W1),"Laptop Dell Inspiron 15 3530 i5 1334U (N5I5530W1) là sự lựa chọn hoàn hảo cho học sinh, sinh viên và nhân viên văn phòng, là sản phẩm đáng tin cậy. Với hiệu năng ổn định, thiết kế thanh lịch và các tính năng tiện dụng, chiếc laptop này hứa hẹn sẽ là người bạn đồng hành lý tưởng trong công việc và học tập. Đây là một lựa chọn tuyệt vời trong phân khúc giá tầm trung. ""Cân"" mọi tác vụ văn phòng, học tập với sức mạnh bên trong Laptop Dell Inspiron 15 3530 i5 1334U (N5I5530W1) được trang bị bộ vi xử lý Intel Core i5 Raptor Lake - 1334U với 10 nhân và 12 luồng, xung nhịp cơ bản 1.3 GHz và có thể đạt tối đa 4.6 GHz nhờ Turbo Boost, giúp máy xử lý mượt mà các tác vụ văn phòng, học tập và giải trí hàng ngày. Card đồ họa tích hợp đủ sức đáp ứng các nhu cầu đồ họa cơ bản, xem phim, lướt web và chơi các game nhẹ nhàng. Xem thêm"
asus-x1502va-i7-bq986ws,Asus Vivobook 15 X1502VA i7 13620H (BQ986WS),"Laptop Asus Vivobook 15 X1502VA i7 13620H (BQ986WS) là sự lựa chọn tuyệt vời cho học sinh, sinh viên và nhân viên văn phòng đang tìm kiếm một chiếc laptop mạnh mẽ, đa năng và bền bỉ. Với thiết kế thanh lịch, hiệu năng ổn định và nhiều tính năng hữu ích, chiếc laptop này hứa hẹn sẽ là người bạn đồng hành đáng tin cậy trong công việc và học tập. Đây là một sản phẩm đáng để đầu tư, mang lại trải nghiệm sử dụng tuyệt vời trong tầm giá. Sức mạnh vượt trội, cân mọi tác vụ với Intel Core i7 thế hệ 13 Trái tim của laptop học tập - văn phòng này là bộ vi xử lý Intel Core i7 Raptor Lake - 13620H với 10 nhân và , tốc độ xung nhịp cơ bản và có thể đạt tối đa nhờ Turbo Boost. CPU này không chỉ xử lý mượt mà các tác vụ văn phòng hàng ngày như soạn thảo văn bản, duyệt web, mà còn đáp ứng tốt nhu cầu chỉnh sửa ảnh, video cơ bản và chơi game giải trí. Đi kèm là card đồ họa tích hợp , đủ sức mạnh để bạn làm việc với các ứng dụng đồ họa nhẹ và xem phim chất lượng cao. Để máy luôn mát mẻ và hoạt động ổn định, hệ thống tản nhiệt được thiết kế tối ưu, giúp duy trì hiệu suất cao trong thời gian dài. Xem thêm"
asus-gaming-vivobook-k3605zu-i5-rp296w,Asus Gaming Vivobook K3605ZU i5 12500H (RP296W),"Mang trong mình sức mạnh của Intel Core i5 thế hệ 12 và card đồ họa RTX 40 Series,... Laptop Asus Gaming Vivobook K3605ZU i5 12500H (RP296W) là người bạn đồng hành lý tưởng cho các game thủ và người dùng cần hiệu suất đồ họa cao. Với thiết kế mỏng nhẹ và tính năng đa nhiệm linh hoạt, mẫu laptop này sẽ mang lại trải nghiệm vượt trội cho cả công việc và giải trí. • Điểm nhấn đầu tiên của laptop chính là bộ vi xử lý Intel Core i5 12500H thuộc dòng H hiệu năng cao, sở hữu 12 lõi 16 luồng, kết hợp tốc độ xung nhịp lên đến 4.5 GHz. Điều này giúp máy thực hiện các tác vụ từ cơ bản đến nâng cao như xử lý dữ liệu, lập trình, đồ hoạ và chiến mượt các tựa game hot với nhiều chế độ tinh chỉnh hiệu suất khác nhau. Xem thêm"
acer-aspire-16-ai-a16-71m-71u7-ultra-7-nxj4ysv002,Acer Aspire 16 AI A16 71M 71U7 Ultra 7 155H (NX.J4YSV.002),"Nếu bạn đang tìm kiếm một chiếc laptop nhẹ nhàng nhưng sở hữu hiệu năng mạnh mẽ, thiết kế sang trọng và đáp ứng đa dạng nhu cầu từ học tập, làm việc đến sáng tạo nội dung, thì laptop Acer Aspire 16 AI A16 71M 71U7 Ultra 7 155H (NX.J4YSV.002) chính là sự lựa chọn đáng để bạn cân nhắc. Sản phẩm mang trong mình những công nghệ tiên tiến nhất, sẵn sàng đồng hành cùng bạn trên hành trình chinh phục mọi mục tiêu. Thiết kế tối giản, độ bền ấn tượng Chiếc laptop này ghi điểm với thiết kế nhẹ nhàng dù sở hữu kích thước đến 16 inch, cân nặng 1.64 kg, giúp bạn dễ dàng mang theo trong balo hay túi xách mà không cảm thấy quá vướng víu khó chịu. Vỏ nhựa cùng nắp lưng kim loại cao cấp kết hợp với logo Acer khắc chìm và đánh bóng tạo nên vẻ ngoài hiện đại, thanh lịch, phù hợp với những ai đề cao tính thẩm mỹ và phong cách chuyên nghiệp. Bên cạnh ngoại hình ấn tượng, còn mang lại trải nghiệm sử dụng tiện lợi nhờ những tính năng thông minh như cho phép mở khóa nhanh chóng và an toàn. Xem thêm"
asus-fa507nvr-r7-lp007w,Asus TUF Gaming A15 FA507NVR R7 7435HS (LP007W),"Laptop Asus Gaming TUF A15 FA507NVR R7 7435HS (LP007W) sở hữu hiệu năng mạnh mẽ không chỉ mang đến khả năng chiến game cực đỉnh mà còn hỗ trợ tốt trong các công việc đồ họa hay lập trình. Kiểu dáng của chiếc laptop này cũng cực ngầu, thể hiện được phong cách mạnh mẽ của các game thủ. • Asus mang đến cho bạn chiếc laptop gaming sở hữu bộ vi xử lý AMD Ryzen 7 7435HS mạnh mẽ, giúp bạn chinh phục mọi tác vụ một cách dễ dàng. Với tốc độ tối đa lên đến 4.5 GHz, bạn có thể thoải mái giải quyết mọi công việc, từ những công việc văn phòng cơ bản như soạn thảo văn bản, bảng tính, lướt web đến những tác vụ đồ họa nặng như chỉnh sửa ảnh, video, render 3D hay thậm chí là chiến game AAA với độ phân giải cao. Xem thêm"
lenovo-thinkbook-14-g6-i7-21kg00bqvn,Lenovo ThinkBook 14 G6 i7 1355U (21KG00BQVN),"Nếu bạn đang tìm kiếm một chiếc laptop học tập - văn phòng chuyên nghiệp, hiệu năng mạnh mẽ, thiết kế tinh tế nhưng vẫn hợp túi tiền thì laptop Lenovo ThinkBook 14 G6 i7 1355U (21KG00BQVN) không thể nằm ngoài ""danh sách lựa chọn"". Với cấu hình vượt trội, các công nghệ hiện đại và mức giá cạnh tranh, đây là công cụ hỗ trợ không thể thiếu cho học sinh, sinh viên và nhân viên văn phòng. Hiệu năng ổn định, xử lý mượt mà mọi tác vụ Sản phẩm được trang bị bộ vi xử lý Intel Core i7 1355U thiết kế với 10 nhân 12 luồng, cùng khả năng ép xung lên đến 5.0 GHz nhờ công nghệ Turbo Boost. Nhờ đó, máy xử lý mượt mà mọi tác vụ từ cơ bản đến phức tạp. Dù bạn cần làm việc trên các ứng dụng văn phòng như Word, Excel, PowerPoint,... thực hiện lập trình hay chỉnh sửa đồ họa trên Figma, Adobe,... Lenovo ThinkBook 14 đều đáp ứng tốt. Card đồ họa tích hợp tối ưu hiệu năng xử lý hình ảnh, hỗ trợ người dùng chỉnh sửa thiết kế trên Photoshop, AI hoặc render video hiệu quả mà vẫn đảm bảo mượt mà. Thêm vào đó, bạn hoàn toàn có thể giải trí thoải mái với những con game đình đám như: LOL, Valorant, FO4,... sau những giây phút làm việc căng thẳng. Xem thêm"
asus-zenbook-14-oled-ux3405ma-ultra-7-pp152w,Asus Zenbook 14 OLED UX3405MA Ultra 7 155H (PP152W),"Laptop Asus Zenbook 14 OLED UX3405MA Ultra 7 155H (PP152W) một trong những mẫu máy xách tay tiên phong cho phong cách làm việc tương lai với việc sở hữu con chip Intel AI thế hệ mới với nhiều tính năng thông minh được tích hợp, màn hình OLED rực rỡ,... Đây chính xác là mẫu sản phẩm nên được lựa chọn trong năm nay. Kiểu mẫu của sự sang trọng, tối giản Asus Zenbook 14 OLED được dẫn lối theo mẫu thiết kế tinh giản nhưng vẫn cực kỳ sang trọng với các bề mặt mỏng, cạnh viền vuông nét được tô điểm duy nhất bởi các đường cắt tinh tế ở mặt lưng. Với độ mỏng đáng ngạc nhiên 14.9 mm và cân nặng chỉ vỏn vẹn 1.2 kg, máy khi được bỏ trong balo sẽ mang đến cho bạn cảm giác chỉ như mang theo thêm một cuốn sách bên mình. Xem thêm"
acer-aspire-lite-14-51m-36mh-i3-nxktvsv001,Acer Aspire Lite 14 51M 36MH i3 1215U (NX.KTVSV.001),"Laptop Acer Aspire Lite 14 51M 36MH i3 1215U (NX.KTVSV.001) luôn chiếm sự ưu ái cao của người dùng trong phân khúc máy tính xách tay giá rẻ bởi thiết kế sang trọng, hiện đại, cấu hình ổn định và tính ứng dụng cao trong công việc. • Trang bị bộ vi xử lý Intel Core i3 Alder Lake - 1215U với 6 nhân và 8 luồng đi cùng card tích hợp Intel UHD Graphics, laptop Acer Aspire đáp ứng tốt các công việc như xử lý văn bản trên Microsoft Word, lập bảng tính trên Microsoft Excel, duyệt web trên Google Chrome và tinh chỉnh đồ hoạ đơn giản với Photoshop, Canva,... • Với RAM 8 GB DDR5 và tốc độ Bus 4800 MHz, máy cho khả năng đa nhiệm mạnh mẽ, giúp bạn dễ dàng chuyển đổi giữa các ứng dụng như Adobe Lightroom để chỉnh sửa ảnh, Microsoft OneNote để ghi chú và Slack để giao tiếp nhóm. Ổ cứng SSD 256 GB NVMe PCIe cung cấp dung lượng lưu trữ ổn và tốc độ truy xuất dữ liệu nhanh chóng, khởi động máy và mở ứng dụng chỉ trong vài giây. Xem thêm"
hp-victus-16-r0283tx-i5-ad9t3pa,HP VICTUS 16 r0283TX i5 13500H (AD9T3PA),"Laptop HP VICTUS 16 r0283TX i5 13500H (AD9T3PA) là một lựa chọn lý tưởng không chỉ cho game thủ mà còn dành cho những ai làm công việc sáng tạo nội dung hay xử lý đồ họa. Với cấu hình mạnh mẽ, thiết kế đa năng, chiếc laptop này đáp ứng tốt mọi nhu cầu, từ giải trí đến công việc chuyên nghiệp. • Sức mạnh đến từ vi xử lý Intel Core i5 13500H với thiết kế 12 nhân và 16 luồng, tốc độ xử lý nhanh chóng, giúp laptop dễ dàng vượt qua mọi thử thách, dù đó là chơi các tựa game nặng hay đồ họa phức tạp. VGA NVIDIA GeForce RTX 3050 6 GB hỗ trợ công nghệ ray tracing và AI tiên tiến, đem đến trải nghiệm đồ họa siêu thực với các hiệu ứng ánh sáng và bóng đổ chân thực. Những tựa game AAA như Cyberpunk 2077, Battlefield hay Call of Duty sẽ chạy mượt mà ở thiết lập phù hợp giúp bạn hòa mình vào thế giới ảo đã hơn. Xem thêm"
dell-inspiron-15-3530-i5-71053696,Dell Inspiron 15 3530 i5 1334U (71053696),"Chào bạn, nếu bạn là học sinh, sinh viên hoặc nhân viên văn phòng đang tìm kiếm một chiếc laptop Dell Inspiron 15 3530 i5 1334U (71053696) đa năng, đáp ứng tốt nhu cầu học tập, làm việc và giải trí thì đây chính là lựa chọn tuyệt vời. Với hiệu năng ổn định, thiết kế thanh lịch và nhiều tính năng tiện ích, chiếc laptop này hứa hẹn sẽ là người bạn đồng hành đắc lực của bạn trong mọi hoạt động. Sức mạnh ""Gen 13"" – Cân mọi tác vụ từ học tập đến văn phòng ""Trái tim"" của chiếc laptop này là bộ vi xử lý Intel Core i5 Raptor Lake - 1334U với 10 nhân và 12 luồng, tốc độ xung nhịp lên đến 4.6 GHz nhờ Turbo Boost. Điều này giúp máy xử lý mượt mà mọi tác vụ từ cơ bản như soạn thảo văn bản, duyệt web, xem phim đến các công việc phức tạp hơn như chỉnh sửa ảnh, video, lập trình.  mang đến hiệu năng đồ họa vượt trội cho các tác vụ như chỉnh sửa ảnh, video cơ bản và chơi game nhẹ. Hỗ trợ hiển thị 4K, tiết kiệm điện và tối ưu pin, Iris Xe là giải pháp lý tưởng cho laptop mỏng nhẹ mà vẫn đảm bảo trải nghiệm mượt mà. Xem thêm"
msi-cyborg-14-a13ve-i7-090vn,MSI Gaming Cyborg 14 A13VE i7 13620H (090VN),"Laptop MSI Gaming Cyborg 14 A13VE i7 13620H (090VN) không chỉ là sở hữu ngoại hình mạnh mẽ mà còn là một cộng sự đáng tin cậy cho cả game thủ và những chuyên gia thiết kế đồ họa chuyên nghiệp. Với một mức giá hợp lý bạn đã có thể sở hữu ngay một bộ cấu hình hoàn hảo cho những trận game bất tận đầy giải trí. • MSI đã trang bị cho laptop này bộ vi xử lý Intel Core i7 13620H mạnh mẽ, sẵn sàng đối phó với mọi thử thách. Dù bạn là game thủ đam mê các tựa game AAA hoặc chuyên gia đồ họa cần xử lý các tác vụ nặng, chiếc laptop này luôn đảm bảo khả năng xử lý nhanh chóng và ổn định. • Nâng cao trải nghiệm chơi game của bạn lên một tầm cao mới với card đồ họa NVIDIA GeForce RTX 4050 6 GB. Hãy trải nghiệm những hành động mãn nhãn và những trận đấu đầy căng thẳng với hình ảnh sắc nét, loại bỏ hoàn toàn hiện tượng giật lag, giúp bạn hoàn toàn đắm chìm vào thế giới ảo của game. Card đồ họa trên MSI Cyborg còn hỗ trợ hoàn thành các tác vụ đồ họa nặng như chỉnh sửa ảnh, thiết kế video chất lượng cao hay render 3D một cách mượt mà và nhanh chóng. Xem thêm"
hp-envy-x360-14-fc0089tu-ultra-7-a19bzpa?utm_flashsale=1,HP Envy x360 14 fc0089TU Ultra 7 155U (A19BZPA),"Nếu bạn đang tìm kiếm một chiếc laptop cao cấp đa năng, mạnh mẽ để phục vụ cho việc học tập, công việc văn phòng và cả thiết kế đồ họa, hãy xem ngay laptop HP Envy x360 14 fc0089TU Ultra 7 155U (A19BZPA). Với thiết kế 2 trong 1 tiện lợi, hiệu năng vượt trội và nhiều tính năng ưu việt, chiếc laptop này chắc chắn sẽ làm thoả mãn mọi đối tượng người dùng. • Được trang bị bộ vi xử lý Intel Core Ultra 7 Meteor Lake - 155U, CPU có 12 nhân và 14 luồng, đảm bảo tốc độ xử lý mượt mà với xung nhịp cơ bản 1.70 GHz có thể thực hiện hoàn hảo mọi công việc văn phòng, xử lý file tính, văn bản,... Hơn nữa, khả năng tăng tốc độ xung nhịp lên 4.8 GHz còn tương thích hơn cho công việc lập trình, thiết kế đồ hoạ hay chiến được các con game hot như LOL hay PUBG,... • Card đồ họa tích hợp Intel Graphics vượt trội cho các hoạt động dựng video, xử lý hình ảnh trên các nền tảng đồ hoạ của Adobe, xử lý mượt mà các dạng video và cho ra chất lượng tuyệt vời. Xem thêm"
asus-zenbook-14-ux3405ca-ultra-9-pz204ws,Asus Zenbook 14 UX3405CA Ultra 9 285H (PZ204WS),"Laptop Asus Zenbook 14 UX3405CA Ultra 9 285H (PZ204WS) - Chiếc laptop hoàn hảo cho học sinh, sinh viên và nhân viên văn phòng, nay đã có mặt tại thegioididong.com. Với thiết kế mỏng nhẹ, hiệu năng vượt trội cùng màn hình OLED sắc nét, đây chắc chắn là người bạn đồng hành lý tưởng cho mọi tác vụ. Đây là chiếc laptop hứa hẹn mang đến trải nghiệm làm việc và giải trí tuyệt vời, xứng đáng là một khoản đầu tư thông minh. Sức mạnh ""khủng"" bên trong vẻ ngoài thanh lịch: Hiệu năng không giới hạn Trái tim của chiếc laptop Asus này là bộ vi xử lý Intel Core Ultra 9 Arrow Lake - 285H với 16 nhân và , tốc độ xung nhịp lên đến nhờ Turbo Boost. Sức mạnh này không chỉ đáp ứng mượt mà mọi tác vụ văn phòng hàng ngày như soạn thảo văn bản, duyệt web, mà còn dư sức xử lý các ứng dụng đồ họa, chỉnh sửa video và chơi game giải trí. giúp tăng tốc các tác vụ liên quan đến trí tuệ nhân tạo, mang lại hiệu quả làm việc vượt trội. Đi kèm với CPU mạnh mẽ là card đồ họa tích hợp , đủ sức đáp ứng nhu cầu đồ họa cơ bản và chơi các tựa game online phổ biến. Xem thêm"
lenovo-ideapad-slim-5-14imh9-ultra-7-83da0020vn,Lenovo IdeaPad Slim 5 14IMH9 Ultra 7 155H (83DA0020VN),"Tìm kiếm một chiếc laptop đáp ứng mọi nhu cầu học tập và giải trí với hiệu năng mạnh mẽ, màn hình đẹp và giá thành hợp lý? Laptop Lenovo IdeaPad Slim 5 14IMH9 Ultra 7 155H (83DA0020VN) chính là lựa chọn hoàn hảo dành cho bạn với đầy đủ tiêu chí được yêu cầu, mẫu chip thế hệ mới trên máy còn được tích hợp đa dạng AI hữu ích. • Laptop mang thiết kế mỏng nhẹ với vỏ kim loại nhôm nguyên khối màu xám hiện đại, khối lượng chỉ 1.48 kg, dễ dàng mang theo bên mình mọi lúc mọi nơi. Máy đạt chuẩn độ bền quân đội MIL STD 810H, có khả năng chống chịu va đập và tác động ngoại lực tốt, cho bạn an tâm sử dụng trong thời gian dài. • Đa tính năng bảo mật tân tiến như: TPM 2.0, công tắc khóa camera và mở khóa khuôn mặt cũng mang lại những sự hữu ích nhất định. Ngoài ra, laptop học tập - văn phòng còn có cả Full HD Webcam cho video call và làm việc trực tuyến, phòng khi sử dụng vào đêm khuya, đây đều là những sự trang bị không thể thiếu trên một mẫu thiết bị làm việc cá nhân. Xem thêm"
dell-inspiron-15-3530-i7-n5i7301w1,Dell Inspiron 15 3530 i7 1355U (N5I7301W1),"Mẫu máy tính xách tay quốc dân, laptop Dell Inspiron 15 3530 i7 1355U (N5I7301W1) - một công cụ làm việc hữu ích không chỉ đáp ứng mọi nhu cầu làm việc mà còn hỗ trợ cho giải trí đa phương tiện hoàn hảo. Hãy khám phá chiếc laptop này với những tính năng vượt trội và thiết kế ấn tượng chỉ với mức giá cực lý tưởng tại Thế Giới Di Động. • Inspiron 15 3530 cấu tạo với lối thiết kế hiện đại, tinh tế, lớp vỏ ngoài bằng nhựa cao cấp không chỉ bền bỉ mà còn mang lại vẻ ngoài sang trọng và chuyên nghiệp. Với lớp vỏ màu đen đẹp mắt, máy vô cùng phù hợp với môi trường làm việc từ văn phòng đến các không gian học tập, thư viện. Tính năng bảo mật vân tay mở máy nhanh chóng và an toàn hơn. • Với khối lượng chỉ 1.65 kg và kích thước gọn nhẹ, đây là người bạn đồng hành lý tưởng cho những ai thường xuyên di chuyển. Bạn có thể dễ dàng bỏ máy vào balo hay túi xách và mang theo đến bất kỳ đâu, từ văn phòng đến quán cà phê hay lớp học. Thiết kế bo cong viền với độ mảnh mai cũng phần nào hạn chế được vấn đề cấn móp khi bỏ trong không gian hẹp. Xem thêm"
asus-vivobook-s-14-oled-s5406ma-ultra-5-pp136w,Asus Vivobook S 14 OLED S5406MA Ultra 5 125H (PP136W),"Trong bối cảnh thị trường laptop ngày càng sôi động và cạnh tranh khốc liệt, laptop Asus Vivobook S 14 OLED S5406MA Ultra 5 125H (PP136W) xuất hiện thật nổi bật dành riêng cho những ai yêu thích sự thông minh từ chip AI, tinh tế và hiệu suất mạnh mẽ. Đây không chỉ là một chiếc laptop, mà còn là người bạn đồng hành lý tưởng cho nhiều vấn đề trong học tập, làm việc và giải trí đa dạng của bạn. • Hãng đã trang bị cho chiếc máy này con chip Intel Core Ultra 5 Meteor Lake - 125H, một trong những vi xử lý thế hệ mới nhất hiện nay. Kết hợp với đó là card đồ họa tích hợp Intel Arc Graphics, chiếc laptop này sẵn sàng chinh phục mọi tác vụ từ cơ bản đến phức tạp, bao gồm việc chạy mượt mà các ứng dụng nặng như Adobe Photoshop, Premiere, Figma,... Khả năng xử lý luồng thông minh nhờ AI hỗ trợ giúp bạn hoàn thành công việc một cách nhanh chóng và hiệu quả hơn bao giờ hết. Xem thêm"
dell-inspiron-15-3520-i5-1235u-n3520i5u085w11blufp,Dell Inspiron 15 3520 i5 1235U (N3520-i5U085W11BLU-FP),"Chiếc laptop Dell Inspiron 15 3520 i5 1235U (N3520-i5U085W11BLU-FP) - một lựa chọn sáng giá cho học sinh, sinh viên và nhân viên văn phòng đang tìm kiếm một chiếc laptop ổn định, mạnh mẽ và đa năng. Với thiết kế thanh lịch, hiệu năng ấn tượng và mức giá hợp lý, chiếc laptop này hứa hẹn sẽ là người bạn đồng hành đáng tin cậy trong công việc và học tập. Nếu bạn đang phân vân tìm kiếm một chiếc laptop đáp ứng tốt các nhu cầu trên thì đây chính là sản phẩm bạn không nên bỏ qua. ""Cân"" mọi tác vụ với sức mạnh từ Intel Core i5 thế hệ 12 Dell Inspiron 15 3520 được trang bị bộ vi xử lý Intel Core i5 Alder Lake - 1235U với 10 nhân và 12 luồng, xung nhịp có thể đạt tối đa nhờ Turbo Boost. Với con chip này, hoàn toàn có thể xử lý mượt mà các tác vụ văn phòng hàng ngày như soạn thảo văn bản, duyệt web, xem phim, nghe nhạc, cũng như các ứng dụng học tập và làm việc trực tuyến. Card đồ họa tích hợp cũng đủ sức đáp ứng nhu cầu chỉnh sửa ảnh cơ bản và chơi các game nhẹ nhàng. Xem thêm"
asus-rog-strix-g16-g614jv-i7-n3515w,Asus ROG Strix G16 G614JV i7 13650HX (N3515W),"Nhắc đến laptop gaming cao cấp, laptop Asus ROG Strix G16 G614JV i7 13650HX (N3515W) là một tên tuổi đủ để làm ""xao xuyến"" tâm trí các game thủ khó tính nhất. Được trang bị công nghệ tiên tiến, hiệu suất vượt trội và thiết kế đậm chất tương lai, sản phẩm này sẵn sàng cùng bạn chinh phục mọi thử thách trên đấu trường ảo. Hiệu năng đỉnh cao, chơi game không giới hạn Bạn muốn tìm kiếm một chiếc laptop đủ để đối xử mọi thử thách game thì Asus ROG Strix G16 chính là đáp án vô cùng hoàn hảo. Sở hữu bộ vi xử lý Intel Core i7 13650HX kết hợp GPU NVIDIA GeForce RTX 4060 VRAM 8 GB, chiếc máy này đáp ứng tối đa nhu cầu chơi game và sáng tạo. Từ việc chơi các tựa game AAA đồ họa đỉnh cao như: Horizon Forbidden West, Elden Ring,... cho đến chỉnh sửa video 4K hoặc thiết kế 2D, 3D,... ROG Strix G16 đều đáp ứng một cách dễ dàng. Xem thêm"
dell-g15-5530-i7-i7hx161w11gr4060,Dell G15 5530 i7 13650HX (i7HX161W11GR4060),"Với laptop Dell G15 5530 i7 13650HX (i7HX161W11GR4060) bạn không chỉ là một game thủ mà còn là một nhà sáng tạo thực thụ. CPU Intel Core i7 thế hệ 13 và card đồ họa RTX 4060 mang đến hiệu năng vượt trội, giúp bạn chinh phục mọi thử thách, từ những trận game căng thẳng đến các dự án sáng tạo đòi hỏi cao. Thiết kế hiện đại và màn hình chất lượng cao sẽ làm bạn hài lòng ngay từ cái nhìn đầu tiên. • CPU Intel Core i7 13650HX sở hữu 14 nhân và 20 luồng mạnh mẽ, chiếc laptop gaming này thực sự là một con quái vật về hiệu năng. Bạn có thể dễ dàng xử lý mọi tác vụ một cách mượt mà, từ chỉnh sửa video, đồ họa 3D phức tạp đến chơi các tựa game AAA đòi hỏi cấu hình cao, mọi thứ đều trở nên nhanh chóng và trơn tru hơn bao giờ hết. Xem thêm"
lenovo-v14-core-5-83hd0001vn,Lenovo V14 Core 5 120U (83HD0001VN),"Trong thời đại công nghệ ngày càng phát triển, việc lựa chọn một chiếc laptop phù hợp với túi tiền và đáp ứng đầy đủ nhu cầu công việc trở nên quan trọng hơn bao giờ hết. Laptop Lenovo V14 Core 5 120U (83HD0001VN) là một trong những mẫu laptop nổi bật trong phân khúc học tập - văn phòng, với thiết kế hiện đại, cấu hình mạnh mẽ và tính năng vượt trội. Đây chính là người bạn đồng hành không thể thiếu cho những ai đang tìm kiếm một thiết bị hiệu quả và đáng tin cậy. • Laptop trang bị vi xử lý Intel Core 5 Raptor Lake - 120U thế hệ mới mạnh mẽ, tốc độ tối đa lên đến 5.0 GHz. Với cấu hình này, máy dễ dàng xử lý mượt mà các tác vụ từ cơ bản như soạn thảo văn bản, lướt web đến những công việc phức tạp hơn như chỉnh sửa ảnh, video và làm việc với các bảng tính dung lượng lớn và phức tạp. Xem thêm"
acer-swift-go-14-41-r251-r5-nxkg3sv005,Acer Swift Go 14 41 R251 R5 7430U (NX.KG3SV.005),"Laptop Acer Swift Go 14 41 R251 R5 7430U (NX.KG3SV.005) được ví như người bạn đồng hành lý tưởng, sẵn sàng cùng bạn chinh phục mọi thử thách trong học tập, công việc và giải trí. Sở hữu thiết kế thanh lịch, cùng hiệu năng ổn định hỗ trợ người dùng giải quyết tất cả tác vụ văn phòng trong quá trình sử dụng. • Với độ dày chỉ 15.9 mm và khối lượng nhẹ 1.25 kg, Swift Go 14 xứng đáng là một trong những chiếc laptop mỏng nhẹ nhất trong phân khúc. Bạn có thể dễ dàng mang theo mọi lúc mọi nơi, dù là đến trường, văn phòng hay những chuyến du lịch xa, như mang theo thêm một cuốn sách bên mình. • Vỏ làm từ chất liệu hợp kim Nhôm cao cấp mang đến cho máy vẻ ngoài sang trọng và đẳng cấp đặc trưng. Bề mặt được phủ lớp sơn mịn màng, tạo cảm giác êm ái khi cầm nắm. Không những thế, phần cấu tạo bản lề hay các bề mặt cũng khá chắc chắn, có thể hạn chế hư hỏng nhiều khi bị va đập. Xem thêm"
msi-modern-14-c13m-i5-611vn,MSI Modern 14 C13M i5 1335U (611VN),"Laptop MSI Modern 14 C13M i5 1335U (611VN) sẽ là một người cộng sự lý tưởng cho bạn trong phân khúc laptop học tập - văn phòng khi sở hữu cấu hình mạnh mẽ từ CPU Intel Core i5 cùng những tính năng thiết kế nổi bật. Laptop còn sở hữu kiểu dáng thời thượng, gọn nhẹ phù hợp với người dùng cần một thiết bị có tính di động. • Laptop MSI được trang bị bộ xử lý Intel Core i5 Raptor Lake - 1335U và card đồ họa Intel Iris Xe Graphics, mang đến hiệu năng ổn định, đáp ứng tốt nhu cầu học tập và làm việc văn phòng của bạn. Bạn có thể xử lý hàng trăm cột dữ liệu trên file Excel, chuẩn bị bài thuyết trình với hàng chục slide hoặc chỉnh sửa hình ảnh trong Photoshop. • Sở hữu RAM 16 GB tốc độ 3200 MHz cho khả năng đa nhiệm vượt trội giúp bạn dễ dàng xử lý nhiều ứng dụng cùng lúc mà không gặp tình trạng giật lag hay giảm hiệu suất. Bạn có thể vừa có thể thiết kế slide trên Powerpoint vừa mở Chrome để tìm thông tin và ý tưởng, mà không lo máy bị đơ hay xử lý chậm. Xem thêm"
hp-pavilion-15-eg3094tu-i5-8c5l5pa,HP Pavilion 15 eg3094TU i5 1335U (8C5L5PA),"Nếu bạn là một nhân viên văn phòng hoặc đang là một học sinh, sinh viên kinh tế tài chính, kế toán đang tìm kiếm cho mình một người bạn đồng hành. Mẫu laptop HP Pavilion 15 eg3094TU i5 1335U (8C5L5PA) sẵn sàng đáp ứng những điều kiện đó với một thiết kế thanh lịch, sang trọng cùng một bộ máy mạnh mẽ và tiết kiệm điện bởi con chip i5 dòng U thế hệ thứ 13. Thiết kế kiểu dáng tinh tế Hãng HP không làm mình thất vọng bởi từ những sản phẩm tầm cao đến thấp thì độ ""build"" của những em máy này đều rất tốt, cứng cáp và cầm rất chắc. Xem thêm"
acer-nitro-v-anv15-51-57b2-i5-nhqn8sv001,Acer Gaming Nitro V ANV15 51 57B2 i5 13420H (NH.QN8SV.001),"Lưu ý: Tất cả sản phẩm gaming dòng Nitro V và Predator khi mua hàng có hoá đơn từ ngày 01/01/2025 trở đi, thời gian bảo hành máy thay đổi từ 1 năm thành 2 năm. Sự quay trở lại với diện mạo mới, cá tính và thu hút hơn của dòng Gaming Nitro từ thương hiệu Acer nổi tiếng, laptop Acer Gaming Nitro V ANV15 51 57B2 i5 13420H (NH.QN8SV.001) với cấu hình đầy hấp dẫn đến từ con chip Intel Gen 13 dòng H, card rời RTX 40 series hứa hẹn sẽ cho bạn trải nghiệm những trận game đầy xuất thần. Thiết kế mạnh mẽ và đậm chất gaming Nitro V sở hữu kiểu dáng độc đáo với những đường vát chéo ở mặt lưng cùng logo dạng Cyberpunk ấn tượng khiến máy phô diễn được nhiều nét cá tính hơn những mẫu laptop Acer Gaming Nitro có phần ""trầm tính"" ở thế hệ trước. Lớp đen cứng cáp được gia công kĩ tạo nên tính bền chắc ở mọi bề mặt của máy. Xem thêm"
gigabyte-a16-ga6h-i5-gaminga16cmhh2vn893sh?utm_flashsale=1,GIGABYTE A16 GA6H i5 13420H (GAMING-A16-CMHH2VN893SH),"Laptop GIGABYTE A16 GA6H i5 13420H (GAMING-A16-CMHH2VN893SH) là một cỗ máy chiến game mạnh mẽ, được thiết kế dành riêng cho các game thủ và người dùng chuyên nghiệp đòi hỏi hiệu năng cao. Với bộ vi xử lý Intel Core i5 thế hệ 13, card đồ họa RTX 4050 và màn hình 165Hz mượt mà, chiếc laptop này hứa hẹn mang đến trải nghiệm gaming và làm việc đỉnh cao. Đây chắc chắn là một lựa chọn đáng cân nhắc trong phân khúc laptop gaming tầm trung. Hiệu năng ""quái vật"" - Chinh phục mọi tựa game và ứng dụng nặng Trái tim của chiếc laptop này là CPU Intel Core i5 Raptor Lake - 13420H với 8 nhân 12 luồng, xung nhịp cơ bản và có thể đạt tối đa nhờ Turbo Boost, giúp xử lý mượt mà mọi tác vụ từ gaming đến làm việc đồ họa. Đi kèm là card đồ họa rời , cho phép bạn chiến các tựa game AAA ở cài đặt cao và xử lý các ứng dụng đồ họa chuyên nghiệp một cách dễ dàng. Xem thêm"
msi-katana-a15-ai-b8vg-r7-465vn,MSI Gaming Katana A15 AI B8VG R7 8845HS (465VN),"MSI - gã khổng lồ trong làng laptop gaming, một lần nữa khẳng định vị thế tiên phong của mình với siêu phẩm laptop MSI Gaming Katana A15 AI B8VG R7 8845HS (465VN). Chiếc laptop này không chỉ là một cỗ máy chiến game mạnh mẽ mà còn là một kiệt tác nghệ thuật với thiết kế đỉnh cao. • Laptop MSI được trang bị bộ vi xử lý AMD Ryzen 7 8845HS với 8 nhân và 16 luồng, mang đến hiệu năng vượt trội cho mọi tác vụ. Tốc độ tối đa Turbo Boost lên đến 5.1 GHz, cho phép máy tăng cường hiệu suất đáng kể khi làm việc. Đặc biệt trong các tác vụ nặng như chơi game hay làm đồ họa đòi hỏi sự nhanh chóng và mạnh mẽ. • Được trang bị card rời NVIDIA GeForce RTX 4070 8 GB, MSI Katana mang đến cho bạn trải nghiệm chơi game và làm việc mượt mà, sắc nét. Chiến game AAA mở cài đặt cao, sáng tạo nội dung 3D chuyên nghiệp hay render video chất lượng cao, tất cả các tác vụ này đều được thực hiện dễ dàng hơn bao giờ hết. Xem thêm"
msi-thin-15-b13ucx-i5-2080vn,MSI Gaming Thin 15 B13UCX i5 13420H (2080VN),"Trong phân khúc laptop gaming tầm trung, MSI Thin 15 B13UCX i5 13420H (2080VN) nổi bật như một lựa chọn ""quốc dân"" cho học sinh, sinh viên và những game thủ không cần phải chi quá nhiều mà vẫn muốn trải nghiệm hiệu suất ấn tượng. Với thiết kế tinh tế, hiệu năng mạnh mẽ, các tính năng được tối ưu hóa cho chơi game, đây là công cụ lý tưởng cho cả giải trí và vận hành trong học tập, công việc. • Laptop MSI nổi bật bởi thiết kế đầy cá tính. Logo rồng MSI khắc tinh tế trên nắp máy cùng những đường nét sắc sảo tạo nên một vẻ ngoài hiện đại, phù hợp không chỉ với các game thủ mà còn với người dùng văn phòng hoặc sinh viên cần mang máy đi học hoặc làm việc. Ngoài ra, khối lượng laptop cũng không quá nặng với 1.86 kg, tương đối phù hợp để mang theo cả ngày bên mình. Xem thêm"
dell-inspiron-15-3520-i7-n3520i7u165w11slu-bl,Dell Inspiron 15 3520 i7 1255U (N3520-i7U165W11SLU-BL),"Laptop Dell Inspiron 15 3520 i7 1255U (N3520-i7U165W11SLU-BL) là sự lựa chọn tuyệt vời cho học sinh, sinh viên và nhân viên văn phòng đang tìm kiếm một chiếc máy tính xách tay mạnh mẽ, đa năng và đáng tin cậy. Với bộ vi xử lý Intel Core i7 thế hệ 12, thiết kế thanh lịch và các tính năng tiện lợi, chiếc laptop này hứa hẹn mang đến trải nghiệm làm việc và giải trí tuyệt vời. Đây là một sự đầu tư thông minh cho những ai muốn nâng cao hiệu suất và tận hưởng công nghệ hiện đại. Sức mạnh vượt trội, làm việc thả ga Trái tim của chiếc laptop này là bộ vi xử lý Intel Core i7 - 1255U mạnh mẽ. Với 10 nhân và 12 luồng, tốc độ xung nhịp lên đến nhờ Turbo Boost, máy có thể xử lý mượt mà mọi tác vụ từ cơ bản đến phức tạp. Card đồ họa tích hợp cũng giúp bạn chỉnh sửa ảnh, xem video và chơi game nhẹ nhàng. Đi kèm đó là tốc độ cho khả năng đa nhiệm tuyệt vời, bạn có thể mở nhiều ứng dụng cùng lúc mà không lo giật lag. Ổ cứng không chỉ cung cấp không gian lưu trữ rộng lớn mà còn giúp máy khởi động và tải ứng dụng siêu nhanh. Hệ thống tản nhiệt hiệu quả giữ cho máy luôn mát mẻ, đảm bảo hiệu năng ổn định trong suốt quá trình sử dụng. Xem thêm"
acer-nitro-an515-58-773y-i7-12700h-nhqfksv00116g,Acer Gaming Nitro AN515 58 773Y i7 12700H (NH.QFKSV.001.16G),"Laptop Acer Gaming Nitro AN515 58 773Y i7 12700H (NH.QFKSV.001.16G) không chỉ đáp ứng hoàn hảo mọi nhu cầu mà còn vượt trội hơn với hàng loạt tính năng tiên tiến, mang lại trải nghiệm tuyệt vời cho người dùng ở mọi khía cạnh. Từ sức mạnh phần cứng đến thiết kế, chiếc máy này chắc chắn sẽ trở thành ""vũ khí"" giúp bạn thăng hoa trong từng trận đấu. • Điểm nổi bật đầu tiên của laptop Acer chính là bộ vi xử lý Intel Core i7 Alder Lake 12700H, thuộc dòng chip Intel thế hệ 12. Được sản xuất dựa trên kiến trúc hybrid, con chip này mang đến hiệu suất vượt trội với 14 nhân và 20 luồng, giúp tối ưu hóa khả năng xử lý đa nhiệm và chạy các tựa game nặng. Nhờ đó, bạn có thể dễ dàng xử lý mọi tình huống game mà không sợ hiện tượng lag hay giật màn hình. • Ngoài ra, card đồ họa NVIDIA GeForce RTX 3050Ti với dung lượng 4 GB VRAM, card này không chỉ mang đến hiệu suất đồ họa ấn tượng, mà còn hỗ trợ tối ưu công nghệ ray tracing – giúp tái hiện ánh sáng và bóng đổ chân thật, mọi khung hình trong game sẽ trở nên sống động hơn bao giờ hết, các tựa game hành động với đồ họa cao sẽ trở nên sắc nét và mượt mà đến từng chi tiết. Xem thêm"
hp-pavilion-16-af0055tu-ultra-5-ay8c4pa,HP Pavilion 16 af0055TU Ultra 5 125U (AY8C4PA),"Laptop HP Pavilion 16 af0055TU Ultra 5 125U (AY8C4PA) là sự lựa chọn tuyệt vời cho học sinh, sinh viên và nhân viên văn phòng đang tìm kiếm một chiếc máy tính xách tay mạnh mẽ, đa năng và đáng tin cậy. Chiếc laptop này nổi bật với hiệu năng ổn định, màn hình lớn sắc nét và thiết kế mỏng nhẹ, đáp ứng tốt mọi nhu cầu từ học tập, làm việc đến giải trí. Đây chắc chắn là một người bạn đồng hành lý tưởng, mang đến trải nghiệm tuyệt vời trong mọi hoạt động hàng ngày. ""Cân"" mọi tác vụ với sức mạnh chip AI HP Pavilion 16 af0055TU sở hữu bộ vi xử lý Intel Core Ultra 5 125U thuộc dòng Meteor Lake, với 12 nhân và 14 luồng, xung nhịp có thể tăng tốc lên đến nhờ Turbo Boost. Con chip này không chỉ mang lại hiệu năng mạnh mẽ để xử lý các tác vụ văn phòng, học tập mà còn đáp ứng tốt các nhu cầu giải trí đa phương tiện. Xem thêm"
dell-inspiron-15-3520-i5-71027003,Dell Inspiron 15 3520 i5 1235U (71027003),"Laptop Dell Inspiron 15 3520 i5 1235U (71027003) luôn nằm trong top những mẫu máy xách tay văn phòng tầm trung được ưa thích bởi tính tiện dụng đến từ hiệu năng ổn định, màn hình to, rõ nét cùng ngoại hình hiện đại và cực kì phù hợp với xu thế thị trường. • Laptop Dell sử dụng chip Intel Core i5 Alder Lake - 1235U cùng card Intel UHD Graphics giúp bạn vận hành trơn tru với các tác vụ công việc thường ngày trên Word, Excel,... giải trí đa phương tiện cũng như thực hiện các công việc chỉnh sửa video, đồ họa 2D, 3D cơ bản,... Nếu có nhu cầu cho những công việc đồ hoạ cao hơn bạn hoàn toàn có thể cân nhắc lắp thêm một thanh RAM để kích hoạt card Iris Xe Graphics. • Bộ nhớ RAM 8 GB DDR4 có thể nâng tối đa lên 16 GB cho phép người dùng mở cùng lúc nhiều tác vụ, thao tác trên các ứng dụng nặng mà không cảm thấy có độ trễ hay bị đơ máy. Ổ cứng SSD 512 GB NVMe PCIe vừa giúp ghi đọc và truy xuất dữ liệu nhanh chóng, vừa cung cấp không gian lưu trữ tương đối đầy đủ cho người dùng. Xem thêm"
asus-tuf-gaming-a15-fa506nc-r5-hn017w,Asus TUF Gaming A15 FA506NC R5 7535HS (HN017W),"Laptop Asus TUF Gaming A15 FA506NC R5 7535HS (HN017W) với sự trang bị hiệu năng mạnh mẽ từ card RTX 30 series, khung hình mượt mà với tần số quét 144 Hz. Chiếc laptop gaming này chắc chắn sẽ giúp bạn tận hưởng những giây phút đỉnh cao trong chiến trường ảo. • Laptop được trang bị con chip AMD Ryzen 5 7535HS dòng HS mạnh mẽ có tốc độ ép xung tối đa lên đến 4.55 GHz cho phép người dùng xử lý mượt mà mọi tác vụ công việc hằng ngày, chiến game thả ga với các tựa game hot như CS:GO, FC Online, LOL,... • Ngoài ra, card rời NVIDIA GeForce RTX 3050 4 GB cùng tính năng chuyển đổi card linh hoạt NVIDIA Optimus còn đem đến khả năng xử lý đồ họa nâng cao, hỗ trợ người dùng vận hành hiệu quả các ứng dụng sáng tạo hay chiến game với cấu hình cao cùng khung hình ổn định, mượt mà ngay cả trong pha combat đỉnh cao nhất. Xem thêm"
lenovo-ideapad-1-15alc7-r7-82r400c1vn,Lenovo Ideapad 1 15ALC7 R7 5700U (82R400C1VN),"Laptop Lenovo Ideapad 1 15ALC7 R7 5700U (82R400C1VN) không chỉ là một sản phẩm phù hợp cho sinh viên mà còn dành cho những người đi làm. Hội tụ từ cấu hình ổn định, thiết kế thanh lịch cùng vô vàn tính năng nổi bật. Với tất cả những ưu điểm trên, thiết bị này thực sự là một sự lựa chọn lý tưởng cho mọi người trong việc đáp ứng nhu cầu làm việc, giải trí hàng ngày. Ngoại hình tinh tế, sang trọng Với một cái nhìn tổng thể, thiết kế của laptop Lenovo có vẻ đơn giản nhưng không kém phần sang trọng và đẳng cấp. Mặc dù không có nhiều chi tiết phức tạp, chiếc máy vẫn thu hút sự chú ý với logo Lenovo duy nhất tinh tế nằm ở phía trên nắp máy, tạo ra sự ấn tượng, thanh lịch và cuốn hút, đồng thời, các góc được thiết kế bo tròn tinh tế đưa đến một cảm giác mềm mại, êm dịu khi mình sử dụng. Xem thêm"
hp-gaming-victus-16-r0130tx-i5-8c5n5pa,HP Gaming VICTUS 16 r0130TX i5 13500H (8C5N5PA),"Laptop HP Gaming VICTUS 16 r0130TX i5 13500H (8C5N5PA) là phiên bản cải tiến mới từ dòng HP Gaming VICTUS 15, mang trong mình sự mạnh mẽ với card đồ họa RTX 3050 mới và thiết kế đặc biệt, chắc chắn sẽ đánh bại mọi kỳ vọng của các game thủ. Chinh phục mọi loại game với hiệu năng vượt trội Khác những loại máy cùng dòng trước, máy sở hữu cấu hình mạnh mẽ và nâng cấp hơn chút đỉnh so với các thế hệ máy trước. Chiếc laptop HP được trang bị bộ vi xử lý Intel Core i5 13500H đi kèm card đồ họa rời NVIDIA GeForce RTX 3050 6 GB độ xung nhịp tối đa 4.7 GHz đem đến việc tối ưu hóa cho hiệu năng cao và đa nhiệm, mình cũng xử lý được các công việc từ tác vụ văn phòng đến đồ họa, gaming một cách mượt mà. Đối với các bạn thiết kế, nhà sáng tạo nội dung hoặc gamer thì chiếc laptop này cung cấp sức mạnh để thỏa sức thiết kế hình ảnh 3D, render video 2D và đảm bảo chiến các tựa game cấu hình cao một cách trơn tru thoải mái. Xem thêm"
asus-fx507zc4-i7-hn181w,Asus TUF Gaming F15 FX507ZC4 i7 12700H (HN181W),"Khám phá không gian giải trí tuyệt vời trên mẫu laptop ASUS TUF Gaming F15 FX507ZC4 i7 12700H (HN181W) vốn đã cực kì quen thuộc với nhiều game thủ hiện nay. Laptop gaming sở hữu mức giá thành hợp lý nhưng lại có cấu hình vượt trội hơn mong đợi cho giải trí, chiến game hay làm việc thường ngày. • Khám phá thế giới giải trí và làm việc không giới hạn với chiếc laptop gaming trang bị CPU Intel Core i7 Alder Lake - 12700H đi cùng card rời NVIDIA GeForce RTX 3050 4 GB, đáp ứng khả năng xử lý mạnh mẽ và mượt mà, không chỉ cho các tựa game đỉnh cao như Cyberpunk 2077, Fortnite,... mà còn cho các tác vụ sáng tạo hình ảnh, nội dung và video trên nhiều nền tảng đặc thù. • Tận dụng tối đa khả năng từ chiếc máy của bạn với MUX Switch và NVIDIA Optimus, cho phép chuyển đổi linh hoạt để cải thiện hiệu năng khi chơi game, tăng tốc độ chỉnh sửa đồ hoạ, render video và tiết kiệm điện năng khi thao tác với các công việc thông dụng. Xem thêm"
lenovo-thinkbook-16-g7-ultra-7-21ms007hvn,Lenovo ThinkBook 16 G7 Ultra 7 155U (21MS007HVN),"Không thể bỏ qua mẫu laptop Lenovo ThinkBook 16 G7 Ultra 7 155U (21MS007HVN) khi lựa chọn riêng cho mình một công cụ làm việc thật hiệu quả. Sản phẩm sở hữu cấu hình vượt trội từ con chip Intel Ultra thế hệ mới có nhân AI tân tiến, màn hình 16 inch thoải mái, kết cấu bền bỉ, bảo mật vượt trội,... Hiệu năng vượt trội, đáp ứng mọi tác vụ Điểm nổi bật đầu tiên của Lenovo ThinkBook 16 G7 là bộ vi xử lý Intel Core Ultra 7 155U sở hữu cấu trúc 12 nhân và 14 luồng, mang đến hiệu suất ấn tượng. Với tốc độ xung nhịp tối đa lên tới 4.8 GHz nhờ công nghệ Turbo Boost. Không chỉ nâng cấp khả năng làm việc hiệu quả với các công việc thường ngày trên Office, Google WorkSpace,... mà còn cho phép bạn thao tác tốt với các ứng dụng nặng như thiết kế đồ họa, lập trình và chỉnh sửa video,... Xem thêm"
asus-tuf-gaming-f15-fx507zc4-i5-hn229w,Asus TUF Gaming F15 FX507ZC4 i5 12500H (HN229W),"Laptop Asus TUF Gaming F15 FX507ZC4 i5 12500H (HN229W) với cấu trúc mạnh mẽ, hiệu năng vượt trội cùng mức giá hoàn toàn ưu đãi tại Thế Giới Di Động. Đây chính xác là mẫu laptop gaming được thiết kế dành riêng cho những anh em đam mê thể thao điện tử, đáp ứng đầy đủ đến cả những công việc thiết kế, sáng tạo. • CPU Intel Core i5 12500H dòng H hiệu năng cao cung cấp khả năng vận hành đa nhiệm tuyệt vời từ việc chiến các tựa game Esport mượt mà, chạy coding đến việc đáp ứng các nhu cầu chỉnh sửa đồ hoạ, edit video cơ bản qua các nền tảng nhà Adobe. • Hơn nữa, card rời NVIDIA GeForce RTX 3050 với 4 GB VRAM sở hữu những công nghệ như MUX Switch cho ra chất lượng hình ảnh xuất sắc, Ray Tracing tái tạo chân thực những cảnh sắc game sẽ hoàn toàn đắm chìm bạn vào khung cảnh giải trí hấp dẫn. Xem thêm"
dell-inspiron-15-3530-i5-n5i5340w1,Dell Inspiron 15 3530 i5 1334U (N5I5340W1),"Với phân khúc giá gần 20 triệu, laptop Dell Inspiron 15 3530 i5 1334U (N5I5340W1) mang đến cho người dùng sự kết hợp hoàn hảo giữa hiệu năng mạnh mẽ, nhiều tính năng hiện đại và có một ngoại hình sang trọng. Đây là chiếc laptop lý tưởng dành cho sinh viên và nhân viên văn phòng, đáp ứng toàn diện các nhu cầu từ học tập, làm việc đến giải trí. • Được trang bị bộ vi xử lý Intel Core i5 Raptor Lake - 1334U, Dell Inspiron 15 đảm bảo hiệu suất xử lý mạnh mẽ cho mọi tác vụ hàng ngày. Với xung nhịp tối đa lên đến 4.6 GHz nhờ công nghệ Turbo Boost, máy có thể xử lý mượt mà từ các công việc văn phòng như soạn thảo văn bản, tạo bảng tính đến lập trình và xử lý đồ họa thông dụng. Việc giải quyết được đa dạng tác vụ cũng đảm bảo tính hiệu quả cho công việc và sự hữu ích trong đời sống. Xem thêm"
dell-vostro-3520-i5-71030559,Dell Vostro 3520 i5 1235U (71030559),"Laptop Dell Vostro 3520 i5 1235U (71030559) sở hữu ngoại hình thanh lịch, hiện đại với gam màu xám trang nhã, cùng viền màn hình mỏng tạo nên tổng thể gọn nhẹ, tinh tế. Laptop được trang bị con chip Intel thế hệ 12 có khả năng xử lý mượt mà mọi tác vụ học tập, văn phòng, thậm chí cả đồ họa cơ bản. • Laptop Dell Vostro sở hữu bộ vi xử lý Intel Core i5 1235U với 10 nhân 12 luồng mạnh mẽ, sẵn sàng xử lý mọi công việc của bạn một cách mượt mà và hiệu quả. Tốc độ xung nhịp cơ bản 1.30 GHz cùng công nghệ Turbo Boost giúp máy tăng tốc lên đến 4.4 GHz, dễ dàng đáp ứng mọi nhu cầu từ cơ bản đến nâng cao. • Được trang bị card đồ họa tích hợp Intel Iris Xe Graphics mạnh mẽ, laptop mang đến hiệu năng đồ họa ổn định và mượt mà, đáp ứng mọi nhu cầu giải trí và sáng tạo của bạn. Chiếc  này có thể đáp ứng nhu cầu chỉnh sửa ảnh, thiết kế đồ họa cơ bản trên Photoshop, Illustrator,... Xem thêm"
dell-vostro-15-3520-i5-5m2tt2,Dell Vostro 15 3520 i5 1235U (5M2TT2),"Laptop Dell Vostro 15 3520 i5 1235U (5M2TT2) mới nhất đến từ nhà Dell sẽ khiến bạn thực sự ấn tượng với kiểu dáng hiện đại, sở hữu những thông số kỹ thuật mạnh mẽ có thể chạy mượt những tác vụ học tập, văn phòng. Hiệu năng xử lý mạnh mẽ và ổn định Laptop Dell Vostro được trang bị bộ vi xử lý Intel Core i5 1235U với cấu trúc 10 nhân và 12 luồng, có tốc độ xung nhịp cơ bản 1.30 GHz và tối đa lên đến 4.4 GHz nhờ công nghệ Turbo Boost. Thiết bị đạt 5240 điểm đa nhân và 1127 điểm đơn nhân khi mình đo được bằng công cụ Cinebench R23, từ hai con số trên cũng đủ cho thấy CPU có khả năng xử lý mượt mà và hiệu quả các tác vụ thường ngày như lướt web, soạn thảo văn bản, xem phim, giải trí hay chỉnh sửa video, hình ảnh và chơi game ở mức cấu hình trung bình. Xem thêm"
hp-envy-x360-14-fa0050au-r5-a29h8pa,HP Envy X360 14 fa0050AU R5 8640HS (A29H8PA),"Laptop HP Envy X360 14 fa0050AU R5 8640HS (A29H8PA) là một tuyệt tác công nghệ, hòa quyện hoàn hảo giữa hiệu suất mạnh mẽ và thiết kế tinh tế, mang đến trải nghiệm đỉnh cao cho cả công việc lẫn giải trí. Cho dù bạn là một nhà sáng tạo nội dung, lập trình viên hay đơn giản là một người đam mê công nghệ, chiếc laptop này sẽ đáp ứng mọi yêu cầu theo cách chuyên nghiệp và khắt khe nhất. • Với phong cách định hình ở dòng máy là cao cấp sang trọng nên laptop HP Envy sở hữu vẻ ngoài tương đối bóng bẩy, vỏ máy bằng kim loại cứng cáp được hoàn thiện tỉ mỉ và sở hữu gam màu bạc cuốn hút, phù hợp với mọi môi trường và hoàn cảnh sử dụng. Khối lượng cực nhẹ chỉ 1.39 kg cho mọi hành trình di chuyển. Xem thêm"
asus-vivobook-s-14-s5406sa-ultra-5-pp060ws,Asus Vivobook S 14 S5406SA Ultra 5 226V (PP060WS),"Asus tiếp tục khẳng định vị thế dẫn đầu trong lĩnh vực công nghệ khi ra mắt laptop Asus Vivobook S 14 S5406SA Ultra 5 226V (PP060WS). Đây là sản phẩm không chỉ mang lại hiệu suất vượt trội mà còn mở ra một kỷ nguyên mới về trí tuệ nhân tạo (AI), đáp ứng toàn diện nhu cầu làm việc và giải trí trong thời đại số. Với thiết kế sang trọng, linh hoạt cùng màn hình OLED chất lượng cao, chiếc laptop này là sự lựa chọn lý tưởng cho người dùng hiện đại. Sức mạnh ""khủng"" bên trong vẻ ngoài thanh lịch Vivobook S 14 được trang bị bộ vi xử lý Intel Core Ultra 5 Lunar Lake - 226V, sở hữu 8 nhân 8 luồng và tốc độ tối đa lên đến , mang lại khả năng xử lý đa nhiệm ấn tượng. Bạn có thể dễ dàng chinh phục các tựa game hấp dẫn, xử lý đồ họa 2D, biên tập video hay thực hiện các tác vụ AI phức tạp. Công nghệ tối ưu năng lượng tích hợp còn giúp kéo dài thời lượng pin, đồng hành cùng bạn trong suốt ngày dài làm việc. Xem thêm"
lenovo-legion-pro-5-16irx9-i9-83df0047vn,Lenovo Gaming Legion Pro 5 16IRX9 i9 14900HX (83DF0047VN),"Laptop gaming Lenovo Gaming Legion Pro 5 16IRX9 i9 14900HX (83DF0047VN) là một cỗ máy chiến game mạnh mẽ, được thiết kế dành cho các game thủ chuyên nghiệp và người dùng đòi hỏi hiệu năng cao trong công việc. Với cấu hình vượt trội và thiết kế đậm chất gaming, chiếc laptop này hứa hẹn mang đến trải nghiệm mượt mà và sống động trong mọi tác vụ. Đây là lựa chọn lý tưởng để bạn chinh phục mọi thử thách trong thế giới ảo và hiện thực. Sức mạnh vượt trội từ bộ vi xử lý Intel Core i9 và card đồ họa RTX 4060 Laptop Lenovo Gaming Legion Pro 5 16IRX9 i9 14900HX (83DF0047VN) được trang bị bộ vi xử lý Intel Core i9 Raptor Lake - 14900HX với , tốc độ xung nhịp lên đến 5.80 GHz nhờ Turbo Boost, cho phép bạn xử lý mọi tác vụ từ chơi game, làm việc đến sáng tạo nội dung một cách mượt mà. Xem thêm"
dell-latitude-3450-i7-71058806,Dell Latitude 3450 i7 1355U (71058806),"Laptop Dell Latitude 3450 i7 1355U (71058806) là chiếc laptop lý tưởng cho học sinh, sinh viên và nhân viên văn phòng, nổi bật với hiệu năng ổn định và thiết kế mỏng nhẹ. Chiếc laptop này hứa hẹn mang đến trải nghiệm làm việc và học tập mượt mà, hiệu quả. Đây chắc chắn là một sự lựa chọn đáng cân nhắc trong phân khúc laptop tầm trung. ""Cân"" mọi tác vụ với sức mạnh từ Intel Core i7 thế hệ 13 Dell Latitude 3450 i7 1355U được trang bị bộ vi xử lý Intel Core i7 Raptor Lake - 1355U với 10 nhân và 12 luồng, tốc độ xung nhịp tối đa lên đến 5.0 GHz nhờ Turbo Boost. Sức mạnh này cho phép Dell Latitude xử lý mượt mà các tác vụ văn phòng, học tập, thậm chí là chỉnh sửa ảnh và video cơ bản. Card đồ họa tích hợp Intel UHD Graphics cũng đáp ứng tốt nhu cầu giải trí nhẹ nhàng và làm việc với các ứng dụng đồ họa đơn giản. Với cấu hình này, bạn có thể thoải mái làm việc đa nhiệm, mở nhiều tab trình duyệt cùng lúc mà không lo máy bị giật lag. Xem thêm"
acer-nitro-5-an515-58-769j-i7-nhqfhsv003,Acer Gaming Nitro 5 Tiger AN515 58 769J i7 12700H (NH.QFHSV.003),"Trải nghiệm giải trí đỉnh cao nhờ hiệu năng từ con chip Intel Core i7 dòng H series hiệu năng cao cùng ngoại hình độc đáo, laptop Acer Gaming Nitro 5 AN515 58 769J i7 12700H (NH.QFHSV.003) chắc chắn sẽ trở thành trợ thủ đắc lực cho người dùng trong những chiến trường ảo đầy kịch tính hay những tác vụ văn phòng và đồ hoạ chuyên nghiệp. Bứt phá giới hạn với hiệu năng mạnh mẽ Laptop gaming sở hữu sức mạnh đến từ con chip Intel Core i7 12700H thuộc dòng H hiệu năng cao đạt tốc độ xung nhịp tối đa lên đến 4.7 GHz đem đến tốc độ xử lý nhanh chóng và hiệu quả cho mọi tác vụ từ văn phòng như Word, Excel, PowerPoint,... đến các ứng dụng đồ họa kỹ thuật nâng cao như Photoshop, Illustrator, AutoCAD,... Xem thêm"
hp-victus-16-s0078ax-r5-8c5n7pa,HP Gaming VICTUS 16 s0078AX R5 7640HS (8C5N7PA),"Việc sở hữu một chiếc laptop gaming mạnh mẽ là điều không thể thiếu để các game thủ chinh phục mọi trận chiến. Nắm bắt được điều đó HP đã cho ra mắt sản phẩm laptop HP Gaming VICTUS 16 s0078AX R5 7640HS (8C5N7PA) - cỗ máy chiến game được trang bị cấu hình ấn tượng, thiết kế thời thượng cùng khả năng tản nhiệt vượt trội, sẵn sàng cùng bạn bứt phá mọi giới hạn. • Bộ đôi hoàn hảo giữa chip AMD Ryzen 5 - 7640HS và card đồ họa NVIDIA GeForce RTX 3050 6 GB mang đến sức mạnh vượt trội, giúp bạn chinh phục mọi tựa game Esports mượt mà như lướt. Dù là những pha hành động gay cấn trong game bắn súng FPS hay những pha bóng mãn nhãn trong game thể thao. Cấu hình này còn dư sức đáp ứng nhu cầu thiết kế bản vẽ 2D, 3D cho các ngành kiến trúc, kỹ thuật. Xem thêm"
gigabyte-g6-mf-rc56-i7-9rc56mf0hjiixivn000,GIGABYTE G6 MF RC56 i7 13620H (9RC56MF0HJIIXIVN000),"Laptop GIGABYTE G6 MF RC56 i7 13620H (9RC56MF0HJIIXIVN000) là một cỗ máy chiến game mạnh mẽ, được thiết kế dành riêng cho game thủ và những người dùng chuyên nghiệp đòi hỏi hiệu năng cao. Với cấu hình ấn tượng và thiết kế hiện đại, chiếc laptop này hứa hẹn mang đến trải nghiệm tuyệt vời cho mọi tác vụ, từ gaming đỉnh cao đến xử lý công việc phức tạp. Đây là một lựa chọn đáng cân nhắc cho những ai tìm kiếm một chiếc laptop đa năng, mạnh mẽ và bền bỉ. Sức mạnh ""quái thú"" ẩn mình bên trong GIGABYTE G6 Trái tim của chiếc laptop này là bộ vi xử lý Intel Core i7 Raptor Lake - 13620H, sở hữu 10 nhân và 16 luồng, xung nhịp cơ bản và có thể tăng tốc lên đến nhờ Turbo Boost. Sức mạnh này đảm bảo xử lý mượt mà mọi tác vụ, từ chơi game nặng đến dựng video, thiết kế đồ họa. Đi kèm là card đồ họa rời , cho phép bạn chiến các tựa game AAA ở cài đặt cao và tận hưởng thế giới ảo sống động như thật. Hệ thống tản nhiệt hiệu quả giúp máy luôn mát mẻ, đảm bảo hiệu năng ổn định trong thời gian dài. Xem thêm"
lenovo-yoga-slim-7-oled-14ill10-ultra-7-83jx0037vn,Lenovo Yoga Slim 7 OLED 14ILL10 Ultra 7 258V (83JX0037VN),"Lenovo Yoga Slim 7 OLED 14ILL10 Ultra 7 258V (83JX0037VN) là sự kết hợp hoàn hảo giữa hiệu năng mạnh mẽ và thiết kế sang trọng, hướng đến đối tượng người dùng là dân thiết kế đồ họa, học sinh, sinh viên và nhân viên văn phòng. Chiếc laptop này nổi bật với màn hình OLED sắc nét, hiệu năng ổn định và thiết kế siêu mỏng nhẹ. Đây chắc chắn là một lựa chọn đáng cân nhắc cho những ai tìm kiếm một chiếc laptop đa năng, đáp ứng tốt mọi nhu cầu công việc và giải trí. Xử lý mọi tác vụ từ văn phòng đến đồ họa Lenovo Yoga Slim 7 được trang bị bộ vi xử lý Intel Core Ultra 7 Lunar Lake - 258V với 8 nhân và 8 luồng, tốc độ xung nhịp lên đến nhờ Turbo Boost, mang đến hiệu năng vượt trội cho mọi tác vụ. Đặc biệt, với hiệu năng xử lý AI giúp máy xử lý các tác vụ liên quan đến trí tuệ nhân tạo một cách nhanh chóng và hiệu quả, hỗ trợ đắc lực cho các ứng dụng đồ họa và chỉnh sửa ảnh. Xem thêm"
acer-aspire-a514-54-5127-i5-nxa28sv007,Acer Aspire 5 A514 54 5127 i5 1135G7 (NX.A28SV.007),"Laptop Acer Aspire A514 54 5127 i5 (NX.A28SV.007) sở hữu diện mạo đơn giản, thanh lịch cùng cấu hình mạnh mẽ đến từ con chip Intel gen 11 sẵn sàng đáp ứng các nhu cầu học tập, làm việc và giải trí cơ bản của người dùng. • Bao bọc bởi lớp vỏ nhựa, nắp lưng kim loại có gam màu bạc hiện đại phù hợp với mọi đối tượng người dùng. Khối lượng 1.46 kg luôn sẵn sàng cùng bạn đồng hành trong mọi hành trình. • Laptop Acer trang bị màn hình 14 inch và công nghệ Acer ComfyView, tấm nền IPS cung cấp góc nhìn rộng lên đến 178 độ, cho màu sắc trong trẻo, kiểm soát tốt chất lượng hiển thị, giảm thiểu hiện tượng chói sáng, bảo vệ mắt trước các ánh sáng xanh độc hại. • Xử lý nhanh chóng mọi tác vụ trên Office, nhu cầu giải trí nhẹ nhàng hay các tác vụ thiết kế, chỉnh sửa hình ảnh cơ bản,... nhờ bộ vi xử lý và card tích hợp đi kèm. Xem thêm"
acer-swift-go-14-ai-73-71zx-ultra-7-nxkslsv002,Acer Swift Go 14 AI SFG14 73 71ZX Ultra 7 155H (NX.KSLSV.002),"Laptop Acer Swift Go 14 AI SFG14 73 71ZX Ultra 7 155H (NX.KSLSV.002) là một chiếc laptop gọn nhẹ nhưng vẫn đảm bảo hiệu suất mạnh mẽ, phù hợp với nhiều nhu cầu sử dụng khác nhau, từ công việc văn phòng cho đến xử lý đồ họa, nhờ vào việc sử dụng chip Ultra 7 thế hệ mới. • Với thiết kế chỉ dày 14.9 mm và khối lượng 1.32 kg, bạn có thể dễ dàng đặt máy vào balo và mang đi khắp mọi nơi mà không cảm thấy bất tiện, là một người bạn đồng hành lý tưởng cho cuộc sống năng động của bạn. • Vỏ ngoài được làm từ kim loại - Nhôm mang lại cho sản phẩm một vẻ đẹp sang trọng và tinh tế. Logo Acer nhỏ, được khắc chìm ở giữa góc trên ở bề mặt A của sản phẩm, tạo nên một nét thanh lịch cho chiếc laptop này. Xem thêm"
hp-envy-x360-14-fc0153tu-ultra-7-ay8v4pa,HP Envy X360 14 fc0153TU Ultra 7 155U (AY8V4PA),"Laptop HP Envy X360 14 fc0153TU Ultra 7 155U (AY8V4PA) vừa sở hữu ngoại hình ""nịnh mắt"", sang trọng, cấu hình mạnh mẽ, màn hình 2.8K sắc nét cùng nhiều tính năng và tiện ích tân tiến khác. Sản phẩm có thể nói là hội tụ đầy đủ nhất những gì trên một chiếc ultrabook thuộc phân khúc cao cấp. • Laptop HP Envy sở hữu cân nặng chỉ vỏn vẹn 1.39 kg mặc dù khung máy và vỏ được chế tác hoàn toàn từ kim loại cao cấp, chất liệu này mang lại tổng thể cứng cáp, không bị tình trạng ọp ẹp xuất hiện ở các bề mặt của sản phẩm và cũng vô cùng dễ dàng để mang theo bên mình. • Ngoại hình ""sang chảnh"" cùng bản lề linh hoạt của HP Envy X360 cho phép xoay gập 360 độ, dễ dàng chuyển đổi giữa chế độ laptop và tablet để đáp ứng mọi nhu cầu sử dụng từ công việc đến giải trí. Ngoài ra, khi kết hợp đi kèm cũng rất tiện dụng trong các tình huống ghi note, vẽ phác thảo nhanh ý tưởng. Xem thêm"
dell-inspiron-15-3520-i5-71043883,Dell Inspiron 15 3520 i5 1235U (71043883),"Nếu bạn đang tìm kiếm một chiếc laptop dành cho học tập và công việc văn phòng với cấu hình ổn định, thiết kế hiện đại và mức giá hợp lý, laptop Dell Inspiron 15 3520 i5 1235U (71043883) là sự lựa chọn không thể bỏ qua. Đây là sản phẩm từ thương hiệu Dell danh tiếng, mang đến trải nghiệm toàn diện từ công việc cho đến giải trí. • Dell Inspiron 15 3520 được trang bị bộ vi xử lý Intel Core i5 1235U cùng card đồ họa Intel Iris Xe Graphics, mang lại khả năng xử lý mạnh mẽ cho các tác vụ hàng ngày, từ soạn thảo văn bản đến lập bảng tính. Bạn có thể yên tâm khi thực hiện các công việc phức tạp mà không lo về hiệu năng. Ngoài ra, cấu hình này hoàn toàn tối ưu hiệu suất cho những tựa game phổ thông như Liên Minh Huyền Thoại hay FO4. Xem thêm"
dell-inspiron-7440-core-7-n7440c7u161w11ibu,Dell Inspiron 7440 Core 7 150U (N7440-C7U161W11IBU),"Laptop Dell Inspiron 7440 2in1 Core 7 150U (N7440-C7U161W11IBU) sở hữu ngoại hình hiện đại, hiệu năng vượt trội từ dòng chip mới, tài nguyên RAM và SSD lớn, tính năng gập xoay 360 độ cùng tính tương tác cảm ứng độc đáo. Tất cả tạo thành sự lựa chọn không thể hoàn hảo hơn cho người dùng muốn kiếm một công cụ phục vụ công việc và sinh hoạt hàng ngày. Sức mạnh vượt trội cho mọi tác vụ Thoải mái vận dụng laptop cho những công việc doanh nghiệp, học tập nhờ hiệu năng xử lý ấn tượng từ chip Intel Core 7 150U cùng card tích hợp Intel Graphics, việc dùng bảng tính, file tài liệu hơn, trình chiếu,... hoàn toàn không thành vấn đề. Bên cạnh đó, các ứng dụng ngoài lề như chỉnh đồ hoạ 2D, biên tập video, lập trình và chơi game ở các phần mềm chuyên dụng cũng nhịp nhàng và hiệu quả không kém. Xem thêm"
lenovo-thinkpad-e14-ultra-7-21m7004uvn,Lenovo ThinkPad E14 Gen 6 Ultra 7 155U (21M7004UVN),"Laptop Lenovo ThinkPad E14 Gen 6 Ultra 7 155U (21M7004UVN) là sự lựa chọn lý tưởng cho học sinh, sinh viên và nhân viên văn phòng, những người cần một chiếc laptop mạnh mẽ, bền bỉ và bảo mật cao. Với thiết kế thanh lịch, hiệu năng ổn định và màn hình sắc nét, chiếc laptop này sẽ là người bạn đồng hành đáng tin cậy trong công việc và học tập. Đây là một chiếc máy tính xách tay mang đến giá trị vượt trội so với mức giá. Sức mạnh từ bộ vi xử lý Intel Core Ultra 7 Xem thêm"
asus-tuf-gaming-a15-fa506nf-r5-hn012w?utm_flashsale=1,Asus TUF Gaming A15 FA506NF R5 7535HS (HN012W),"Một mẫu laptop chiến game đến từ thương hiệu Asus vừa được lên kệ tại Thế Giới Di Động, sở hữu những thông số cấu hình vượt trội với AMD Ryzen 5 dòng HS mạnh mẽ, card rời RTX 2050 và có một mức giá cân đối. Laptop Asus TUF Gaming A15 FA506NF R5 7535HS (HN012W) chắc chắn sẽ là công cụ tuyệt vời để thoả mãn mọi nhu cầu giải trí của anh em. • Bộ vi xử lý AMD Ryzen 5 7535HS cùng card đồ họa rời NVIDIA GeForce RTX 2050 4 GB cung cấp một hiệu năng xử lý mạnh mẽ, thừa sức để chỉnh sửa hình ảnh, render video chuyên nghiệp trên Photoshop, AI,... đồng thời chiến các tựa game hot ở mức cấu hình Medium đến High. • Laptop Asus với bộ nhớ RAM 16 GB chuẩn DDR5 cho phép người dùng đa nhiệm trơn tru, chạy các trò chơi hay phần mềm đồ họa nặng mà không gặp hiện tượng giật lag. Máy có khả năng nâng cấp RAM lên đến , giúp cho hệ thống nâng cao hiệu suất, đáp ứng mượt mà cho nhu cầu sử dụng cao hơn. Xem thêm"
dell-g15-5530-i9-i9hx161w11gr4060,Dell G15 5530 i9 13900HX (i9HX161W11GR4060),"Các game thủ không còn phải bó buộc mình ở một chỗ với một chiếc máy tính để bàn cồng kềnh nữa. Với laptop Dell G15 5530 i9 13900HX (i9HX161W11GR4060) bạn có thể chơi game ở bất kỳ đâu với hiệu năng đến từ con chip Intel Core i9. Thiết kế gọn nhẹ, hiệu năng mạnh mẽ, chiếc laptop này là người bạn đồng hành hoàn hảo trong mọi tác vụ. • Với 24 nhân và 32 luồng, Intel Core i9 Raptor Lake - 13900HX vượt trội so với các thế hệ CPU trước đó. Khả năng xử lý của con chip này không thua kém gì những chiếc PC mang đến trải nghiệm chơi game mượt mà và hiệu quả làm việc vượt trội. Dù bạn là một game thủ, nhà sáng tạo nội dung hay một nhà phát triển phần mềm, chiếc laptop này đều đáp ứng mọi nhu cầu của bạn. • Không chỉ dành riêng cho game thủ, chiếc laptop trang bị GPU NVIDIA GeForce RTX 4060 8 GB còn là một công cụ đắc lực cho các nhà sáng tạo nội dung. Khả năng xử lý đồ họa mạnh mẽ giúp bạn render video 4K nhanh chóng, chỉnh sửa hình ảnh chuyên nghiệp và thiết kế đồ họa 3D một cách mượt mà. Với chiếc laptop này, bạn có thể thỏa sức sáng tạo và biến những ý tưởng của mình thành hiện thực. Xem thêm"
acer-nitro-v-16-propanel-anv16-41-r6zy-r5-nhqp2sv002,Acer Nitro V 16 ProPanel ANV16 41 R6ZY R5 8645HS (NH.QP2SV.002),"Lưu ý: Tất cả sản phẩm gaming dòng Nitro V và Predator khi mua hàng có hoá đơn từ ngày 01/01/2025 trở đi, thời gian bảo hành máy thay đổi từ 1 năm thành 2 năm. Acer tiếp tục khẳng định vị thế trong thị trường laptop gaming với mẫu laptop Acer Nitro V 16 ProPanel ANV16 41 R6ZY R5 8645HS (NH.QP2SV.002), một sự kết hợp tuyệt vời giữa hiệu năng mạnh mẽ, thiết kế đột phá và các công nghệ tiên tiến. Chiếc laptop này không chỉ là công cụ đắc lực cho game thủ mà còn là lựa chọn hoàn hảo cho các nhà sáng tạo nội dung và những người dùng yêu thích hiệu suất nâng cao, hứa hẹn sẽ là mẫu máy quốc dân phù hợp với mọi anh em. Sức mạnh ""khủng"" cân mọi tác vụ: Hiệu năng đến từ tương lai Xem thêm"
msi-gaming-cyborg-15-ai-a1vek-ultra-7-053vn,MSI Gaming Cyborg 15 AI A1VEK Ultra 7 155H (053VN),"Laptop MSI Gaming Cyborg 15 AI A1VEK Ultra 7 155H (053VN) với con chip AI thế hệ mới sẽ cùng bạn chinh chiến trên mọi tựa game. Giảm tối đa thời gian chờ đợi nhờ ổ SSD PCIe thế hệ 4 và bộ nhớ RAM 16 GB DDR5 tốc độ cao, luôn sẵn sàng đồng hành cùng game thủ trong mọi chiến thắng. Chiến game đồ hoạ AAA đỉnh cao Tự tin giành chiến thắng ở các tựa game AAA cấu hình cao hay hoàn thành nhiều dự án, kiến trúc đồ hoạ 3D, dựng phim và làm các công việc phát triển phần mềm nhờ con chip Intel Core Ultra 7 155H thế hệ mới được tích hợp nhân AI. Các tính năng AI hữu hiệu tối ưu việc phân bổ hiệu năng và tự động tinh chỉnh theo hoạt động, để bạn đạt được hiệu suất cao nhất khi chiến game hay làm việc mà vẫn đảm bảo được thời lượng sử dụng lâu dài. Xem thêm"
lenovo-ideapad-slim-5-14q8x9-x1p-42-100-83hl000kvn,Lenovo IdeaPad Slim 5 14Q8X9 X1P 42 100 (83HL000KVN),"Thông minh hơn trong mọi việc với trí tuệ nhân tạo thế hệ mới hay lượng tài nguyên ổn định cho công việc cũng như học tập. Hãy tham khảo ngay laptop Lenovo IdeaPad Slim 5 14Q8X9 X1P 42 100 (83HL000KVN) sở hữu mẫu chip thế hệ mới, thiết kế đẹp mắt cùng mức giá lý tưởng tại Thế Giới Di Động. Hiệu năng vượt trội với chip Snapdragon X Plus tích hợp AI Sức mạnh của laptop Lenovo IdeaPad đến từ vi xử lý Snapdragon X Plus - X1P 42 100, một bộ chip tối ưu hóa hiệu suất và tiết kiệm năng lượng, giúp xử lý nhanh chóng các tác vụ từ cơ bản đến phức tạp. Với 8 nhân và công nghệ tiên tiến, máy hỗ trợ mượt mà việc thực hiện đa nhiệm, chỉnh sửa hình ảnh, thiết kế đồ họa 2D hoặc xử lý dữ liệu với các bảng tính lớn. Qualcomm Adreno GPU mang lại khả năng xử lý đồ họa mượt mà. Dù không dành cho các tựa game yêu cầu cấu hình cao, máy vẫn đáp ứng tốt những trò chơi hot hit trên thị trường, đồng thời hỗ trợ tốt cho các phần mềm sáng tạo nội dung, video. Bộ xử lý AI với công nghệ NPU đạt chuẩn Copilot+PC giúp cải thiện hiệu suất trong các tác vụ liên quan đến trí tuệ nhân tạo, như chỉnh sửa ảnh tự động, nhận diện giọng nói và tối ưu hóa quy trình làm việc. Xem thêm"
msi-gaming-katana-a15-ai-b8ve-r7-402vn,MSI Gaming Katana A15 AI B8VE R7 8845HS (402VN),"Laptop MSI Gaming Katana A15 AI B8VE R7 8845HS (402VN) sở hữu thiết kế độc đáo mang cảm hứng từ thanh kiếm Samurai - một biểu tượng lớn của Nhật Bản. Máy có hiệu năng vượt trội từ con chip Ryzen 7, GPU RTX 40 series,... mang đến cho bạn những giây phút giải trí tuyệt vời. • MSI Gaming Katana với CPU AMD Ryzen 7 8845HS và card rời NVIDIA GeForce RTX 4050 6 GB với tính năng MUX Switch mang đến hiệu năng mạnh mẽ vượt qua hàng loạt những tựa game hot hay những công việc đồ hoạ phức tạp. Bên cạnh việc giải trí thông thường, laptop cũng hỗ trợ rất hiệu quả cho nhiều các tác vụ công việc thường ngày. • Không chỉ sở hữu vi xử lý và GPU mạnh mẽ, laptop gaming còn được trang bị RAM 16 GB DDR5 với tốc độ Bus đạt 5600 MHz, đáp ứng độ mượt mà khi xử lý các phần mềm đồ hoạ hay trò chơi trong thời gian dài, giảm tối ưu các hiện tượng đứng hình, giật lag trong quá trình sử dụng. Nếu có nhu cầu cao hơn thì game thủ có thể dễ dàng nâng RAM được lên tối đa . Xem thêm"
dell-inspiron-15-3520-i5u085w11blu?utm_flashsale=1,Dell Inspiron 15 3520 i5 1235U (i5U085W11BLU),"Laptop Dell Inspiron 15 3520 i5 1235U (i5U085W11BLU) là phiên bản laptop học tập - văn phòng của nhà Dell khi sở hữu phong cách thiết kế tối giản nhưng không kém phần trẻ trung, bộ vi xử lý Intel Gen 12 và bộ Office bản quyền vĩnh viễn đáp ứng đầy đủ mọi nhu cầu học tập, văn phòng của người dùng. • Laptop Dell Inspiron mang trên mình sức mạnh từ bộ vi xử lý Intel Core i5 1235U cùng card tích hợp Intel UHD giúp bạn giải quyết mượt mà mọi tác vụ học tập, văn phòng cơ bản trên Word, Excel, PowerPoint,... hay đáp ứng nhu cầu thiết kế đồ họa cơ bản trên Photoshop, AI,... dễ dàng nâng lên card Iris Xe mạnh mẽ hơn bằng cách lắp thêm RAM và kích hoạt Dual Channel. • Nâng cao hiệu quả công việc và rút ngắn thời gian hoàn thành tác vụ nhờ hệ điều hành Windows 11 Home SL mang nhiều cải tiến, bộ được cài đặt sẵn cung cấp cho bạn các công cụ hoàn hảo để làm việc văn phòng. Xem thêm"
acer-aspire-5-a515-58m-79r7-i7-nxkq8sv007,Acer Aspire 5 A515 58M 79R7 i7 13620H (NX.KQ8SV.007),"Acer không ngừng gây ấn tượng với những dòng sản phẩm mới đáp ứng hoàn hảo nhu cầu khách hàng. Laptop Acer Aspire 5 A515 58M 79R7 i7 13620H (NX.KQ8SV.007) với cấu hình ""độc lạ"" bất ngờ nhưng vô cùng mạnh mẽ, RAM cơ bản cao 16 GB, ngoại hình đẹp mắt,... là những thông số vô cùng tốt để giải quyết các công việc phức tạp và nhu cầu giải trí đa phương tiện. • Laptop được trang bị vi xử lý Intel Core i7 13620H thế hệ 13 mạnh mẽ, mang đến hiệu năng xử lý vượt trội, sẵn sàng đáp ứng mọi nhu cầu công việc và giải trí của bạn. Dù là xử lý các tác vụ văn phòng nặng nhọc, sáng tạo nội dung multimedia mượt mà hay chinh phục những tựa game đình đám như FO4, LOL,... máy cũng hoàn thành xuất sắc nhiệm vụ mà hạn chế gặp hiện tượng giật lag hay quá tải. Xem thêm"
asus-s3407ca-ultra-5-ly095ws,Asus Vivobook S14 S3407CA Ultra 5 225H (LY095WS),"Laptop Asus Vivobook S14 S3407CA Ultra 5 225H (LY095WS) là chiếc laptop lý tưởng cho học sinh, sinh viên và nhân viên văn phòng, nổi bật với hiệu năng mạnh mẽ từ chip Intel Core Ultra 5 thế hệ mới, thiết kế mỏng nhẹ và thời trang. Đây là một lựa chọn tuyệt vời để cân bằng giữa công việc, học tập và giải trí hàng ngày. Sức mạnh ""AI"" ẩn mình, hiệu năng vượt trội mọi tác vụ Asus Vivobook S14 S3407CA mang trong mình bộ vi xử lý Intel Core Ultra 5 225H thuộc dòng Arrow Lake, kiến trúc mới nhất với 14 nhân và 14 luồng, xung nhịp cơ bản 1.7 GHz và có thể đạt tối đa 4.9 GHz nhờ Turbo Boost. Điểm đặc biệt của con chip này là tích hợp NPU (Neural Processing Unit) Intel AI Boost, cho hiệu năng xử lý các tác vụ liên quan đến trí tuệ nhân tạo (AI) lên đến 13 TOPS, biến chiếc laptop này thành một cỗ máy thực thụ, hỗ trợ tối ưu cho các ứng dụng học máy, chỉnh sửa ảnh, video và nhiều tác vụ sáng tạo khác. Card đồ họa tích hợp tuy không quá mạnh mẽ nhưng vẫn đáp ứng tốt nhu cầu đồ họa cơ bản, xem phim, duyệt web và chơi các game nhẹ nhàng. Xem thêm"
asus-s5507qa-x1e-78-100-ma090ws,Asus Vivobook S 15 S5507QA X1E 78 100 (MA090WS),"Trong phân khúc laptop cao cấp, laptop Asus Vivobook S 15 S5507QA X1E 78 100 (MA090WS) hội tụ khá nhiều yếu tố như đồ hoạ tốt, thiết kế đẹp mắt cùng hiệu năng cao. Với sự góp mặt của chip Snapdragon mới, màn hình OLED ngập sắc màu, đây chính là công cụ hoàn hảo cho những ai đam mê sáng tạo, cần một thiết bị không chỉ mạnh mà còn thẩm mỹ và linh hoạt. ""Quái vật"" hiệu năng ẩn mình trong dáng vẻ thanh lịch Tâm điểm sức mạnh của Vivobook S 15 chính là Snapdragon X Elite - X1E 78 100 một trong những con chip hàng đầu hiện nay Với 12 nhân và 12 luồng, CPU này dễ dàng xử lý các tác vụ nặng như đồ họa 3D, dựng video 4K hay các phần mềm kỹ thuật chuyên sâu như AutoCAD, Blender, và Adobe Premiere. Tích hợp card đồ họa , máy còn đảm bảo khả năng xử lý đồ họa mượt mà, lý tưởng cho các nhà thiết kế hay biên tập viên nội dung. Xem thêm"
dell-inspiron-3530-i5-1335u-i5u085w11blu,Dell Inspiron 15 3530 i5 1335U (N3530-i5U085W11BLU),"Laptop Dell Inspiron 3530 i5 1335U (N3530-i5U085W11BLU) sở hữu kiểu dáng thiết kế thanh lịch, hiệu năng mạnh mẽ đến từ chip Intel Gen 13 hoàn toàn mới cùng màn hình với tần số quét cao 120 Hz, chắc chắn sẽ thỏa mãn đa nhu cầu từ làm việc đến giải trí cho người dùng. • Laptop Dell được trang bị bộ vi xử lý Intel Core i5 1335U kết hợp cùng card Intel UHD Graphics giúp hoàn thành tốt mọi tác vụ công việc thường ngày hay giải trí xem phim, lướt web,... hiệu năng mạnh mẽ cũng có thể đáp ứng bạn với các công việc thiết kế, sáng tạo và chỉnh sửa video, hình ảnh cơ bản. Hơn nữa, người dùng có thể nâng cấp RAM kênh đôi để chạy card Iris Xe Graphics thực hiện được yêu cầu xử lý đồ họa cao hơn. • Bộ nhớ RAM 8 GB có khả năng nâng cấp tối đa 16 GB giúp đa nhiệm hiệu quả, chuyển qua lại giữa nhiều tác vụ nhanh chóng và không gặp hiện tượng đơ máy, gián đoạn. Ổ cứng 512 GB SSD NVMe PCIe vừa giúp truy xuất dữ liệu nhanh chóng, vừa mang đến không gian lưu trữ thoải mái cho tệp tin và các ứng dụng. Xem thêm"
dell-vostro-15-3520-i5-i5u165w11gru,Dell Vostro 15 3520 i5 1235U (i5U165W11GRU),"Laptop Dell Vostro 15 3520 i5 1235U (i5U165W11GRU) mang vẻ ngoài sang trọng, bền bỉ, hiệu năng xử lý trơn tru mọi yêu cầu thường ngày trong doanh nghiệp hay giải trí đa phương tiện. Mẫu laptop học tập - văn phòng tuyệt vời mà chắc chắn các bạn học sinh, sinh viên và người đi làm không thể bỏ qua. • Máy tích hợp vi xử lý Intel Core i5 1235U tương thích hoàn hảo với các ứng dụng Office, thiết kế hình ảnh ổn định trên Canva, Photoshop hay AI. Thậm chí hiệu năng trên cũng đáp ứng được việc lập trình ứng dụng đơn giản, vừa mang hiệu suất ổn định vừa tiết kiệm hiệu năng đáng kể. • Hơn nữa, GPU Intel Iris Xe Graphics còn hỗ trợ xuất hình ảnh chất lượng cho trải nghiệm xem video HD, cải thiện công việc chỉnh sửa đồ hoạ và cho phép chiến mượt trên một số con game đình đám như Valorant hay LOL. Xem thêm"
asus-vivobook-s-16-m5606ka-r7-ai-350-ri016ws,Asus Vivobook S 16 M5606KA R7 AI 350 (RI016WS),"Laptop Asus Vivobook S 16 M5606KA R7 AI 350 (RI016WS) là chiếc laptop lý tưởng cho học sinh, sinh viên và nhân viên văn phòng, nổi bật với hiệu năng mạnh mẽ từ bộ vi xử lý AMD Ryzen AI 7, thiết kế mỏng nhẹ và màn hình OLED sắc nét. Đây là một lựa chọn tuyệt vời cho những ai tìm kiếm một chiếc laptop đa năng, đáp ứng tốt cả nhu cầu học tập, làm việc và giải trí. Sức mạnh ""AI"" ẩn mình bên trong Vivobook S 16: Cân mọi tác vụ Trái tim của chiếc laptop AI này là CPU AMD Ryzen AI 7 - 350 với 8 nhân 16 luồng, tốc độ xung nhịp có thể tăng tốc lên đến 5.0 GHz nhờ Turbo Boost. Điểm đặc biệt nằm ở NPU AMD XDNA, mang lại hiệu năng xử lý AI lên đến 50 TOPS, giúp tối ưu hóa các ứng dụng AI như nhận diện khuôn mặt, xử lý ảnh và video, cũng như cải thiện hiệu suất tổng thể của hệ thống. Card đồ họa tích hợp đủ sức đáp ứng các tác vụ đồ họa cơ bản và chơi game nhẹ nhàng. Xem thêm"
hp-omnibook-uf-14-fh0038tu-ultra-9-b2cp4pa,HP OmniBook Ultra Flip 14 fh0038TU Ultra 9 288V (B2CP4PA),"Laptop HP OmniBook UF 14 fh0038TU Ultra 9 288V (B2CP4PA) hướng đến đối tượng học sinh, sinh viên và nhân viên văn phòng, nổi bật với hiệu năng mạnh mẽ và thiết kế sang trọng. Đây là một lựa chọn đáng cân nhắc cho những ai tìm kiếm một chiếc laptop cao cấp, đa năng để phục vụ cho cả công việc và giải trí. Sức mạnh vượt trội, ""cân"" mọi tác vụ Trái tim của chiếc laptop này là bộ vi xử lý Intel Core Ultra 9 288V thuộc dòng Arrow Lake mới nhất, với 8 nhân và 8 luồng, tốc độ xung nhịp có thể tăng tốc lên đến 5.1 GHz nhờ Turbo Boost. Đi kèm với đó là NPU Intel AI Boost, mang đến hiệu năng xử lý AI lên đến 47 TOPS, giúp bạn làm việc hiệu quả hơn với các ứng dụng đòi hỏi khả năng tính toán cao. Xem thêm"
gigabyte-a16-ga6h-i7-gaming-a16-cmhi2vn893sh?utm_flashsale=1,GIGABYTE A16 GA6H i7 13620H (GAMING-A16-CMHI2VN893SH),"Laptop GIGABYTE A16 GA6H i7 13620H (GAMING-A16-CMHI2VN893SH) sở hữu cấu hình ấn tượng và những tính năng vượt trội, thiết kế chuẩn gaming, đây là lựa chọn lý tưởng cho game thủ và người dùng chuyên nghiệp đang tìm kiếm một chiếc laptop đa năng, đáp ứng mọi nhu cầu từ giải trí đến làm việc. Đây thực sự là một cỗ máy đáng để đầu tư cho những ai muốn sở hữu một chiếc laptop toàn diện. Sức mạnh vượt trội, chiến mọi tựa game, cân mọi tác vụ Trái tim của chiếc laptop gaming này là bộ vi xử lý Intel Core i7 Raptor Lake - 13620H với 10 nhân và 16 luồng, xung nhịp tối đa lên đến 4.9 GHz nhờ Turbo Boost, giúp xử lý mượt mà mọi tác vụ từ cơ bản đến phức tạp. Bạn có thể thoải mái chiến các tựa game AAA, chỉnh sửa video, thiết kế đồ họa hay làm việc với các phần mềm chuyên dụng một cách dễ dàng. Xem thêm"
hp-elitebook-630-g10-i7-873f2pa?utm_flashsale=1,HP Elitebook 630 G10 i7 1355U (873F2PA),"Nếu bạn đang tìm kiếm một mẫu laptop học tập - văn phòng đáp ứng tất tần tật mọi nhu cầu làm việc, học tập và giải trí thường ngày thì hãy tham khảo ngay laptop HP Elitebook 630 G10 i7 1355U (873F2PA) sở hữu hiệu năng vượt trội, thiết kế tinh tế, mỏng nhẹ cùng đa dạng các tính năng tân tiến đi kèm. • Laptop HP Elitebook được trang bị vi xử lý Intel Core i7 1355U với tốc độ xung nhịp tối đa lên đến 5.0 GHz và card Intel UHD Graphics, cung cấp hiệu suất mạnh mẽ để xử lý các tác vụ đa nhiệm, vận hành hiệu quả từ các công việc văn phòng đến chạy coding, làm đồ hoạ, chơi game và xem video 4K. • Ngoài ra, người dùng có thể gắn thêm một thanh RAM để kích hoạt card Iris Xe Graphics cho việc xử lý hình ảnh, đồ hoạ và thiết kế ở mức cao hơn. Xem thêm"
hp-pavilion-15-eg3095tu-i5-8c5l6pa,HP Pavilion 15 eg3095TU i5 1335U (8C5L6PA),"Laptop HP Pavilion 15 eg3095TU i5 1335U (8C5L6PA) sẽ là lựa chọn tốt cho học sinh hay người đi làm muốn tìm một mẫu laptop học tập - văn phòng đa năng, vừa sở hữu hiệu năng vượt trội vừa có thiết kế thời trang, lại phục vụ tốt cho mọi nhu cầu hàng ngày của người dùng. Ngoại hình nổi bật với gam màu bạc Phải nói là thương hiệu HP đang thực hiện khá tốt về mặt giao diện cho những mẫu máy của mình, từ phân khúc giá rẻ đến cao cấp thì những chiếc laptop của hãng vẫn được chăm chút với ngoại hình cực kỳ thu hút và sang trọng. Mẫu HP Pavilion 15 được hoàn thiện khá tốt, với bộ khung vuông vức toát lên vẻ cao cấp và sang trọng, tông màu bạc trung tính phù hợp với cả nam lẫn nữ. Xem thêm"
msi-creator-z17-hx-studio-a14vgt-i7-272vn,MSI Creator Z17 HX Studio A14VGT i7 14700HX (272VN),"Laptop MSI Creator Z17 HX Studio A14VGT i7 14700HX (272VN) là một tuyệt tác hoàn hảo cho lĩnh vực sáng tạo. Với bộ vi xử lý Intel Core i7 thế hệ 14 mới nhất và card đồ họa rời NVIDIA RTX 40 series, máy này đảm bảo hiệu năng mạnh mẽ để xử lý mọi tác vụ nặng, bao gồm chỉnh sửa ảnh, video và các ứng dụng đồ họa chuyên nghiệp. Bứt phá mọi giới hạn với chip Intel thế hệ mới Laptop MSI Creator được trang bị bộ vi xử lý Intel Core i7 14700HX mạnh mẽ với 20 nhân và 28 luồng xử lý, giúp bạn hoàn thành mọi tác vụ một cách nhanh chóng và mượt mà, từ lập trình đến thiết kế đồ họa phức tạp. Card rời NVIDIA GeForce RTX 4070, 8 GB chuyên dụng cho đồ họa kỹ thuật cho phép bạn sáng tạo không giới hạn với các phần mềm thiết kế, ấn phẩm nhiều lớp, đồ họa 3D phức tạp hay render video 4K mượt mà. Xem thêm"
acer-swift-ai-sf14-51-53p9-ultra-5-nxj2ksv002,Acer Swift AI SF14 51 53P9 Ultra 5 226V (NX.J2KSV.002),"Phát triển những mẫu thiết bị thế hệ mới ngày càng thông minh hơn có thể nói đang là xu hướng toàn cầu hiện nay. Laptop Acer Swift AI SF14 51 53P9 Ultra 5 226V (NX.J2KSV.002) sở hữu kiểu dáng thanh lịch, gọn gàng, màn hình 2.8K tuyệt đẹp và hơn hết là sở hữu con chip Intel Ultra thế hệ 2 mạnh mẽ và ngày càng thông minh hơn cho mọi vấn đề công việc cá nhân. Thiết kế mỏng nhẹ, sang trọng, bản lề mở 180 độ Acer Swift AI sở hữu thiết kế tinh tế với độ dày chỉ 15.95 mm và khối lượng 1.26 kg, giúp bạn dễ dàng mang theo trong balo hoặc túi xách mà không gây cảm giác nặng nề, đối với những chuyến đi xa thì lại vô cùng lý tưởng. Lớp vỏ kim loại cao cấp không chỉ tăng thêm vẻ ngoài sang trọng mà còn đảm bảo độ bền bỉ, giúp chiếc có thể chịu được áp lực từ môi trường làm việc hàng ngày. Xem thêm"
acer-nitro-v-anv15-51-58an-i5-nhqnasv001,Acer Gaming Nitro V ANV15 51 58AN i5 13420H (NH.QNASV.001),"Lưu ý: Tất cả sản phẩm gaming dòng Nitro V và Predator khi mua hàng có hoá đơn từ ngày 01/01/2025 trở đi, thời gian bảo hành máy thay đổi từ 1 năm thành 2 năm. Tận hưởng những trải nghiệm giải trí tuyệt vời cùng bạn bè chỉ với một mức giá vô cùng hấp dẫn tại Thế Giới Di Động. Laptop Acer Gaming Nitro V ANV15 51 58AN i5 13420H (NH.QNASV.001) không chỉ hấp dẫn game thủ bởi vẻ ngoài cá tính, mạnh mẽ mà còn bởi bộ cấu hình vượt trội cùng đa dạng tiện ích hỗ trợ cho quá trình chơi game. • Trải nghiệm chơi game đỉnh cao nhờ vào bộ vi xử lý Intel Core i5 13420H mạnh mẽ và card rời NVIDIA GeForce RTX 2050 4 GB, cho phép người chơi thưởng thức hấp dẫn hàng loạt con game Esports nổi tiếng với cài đặt đồ họa từ trung bình đến cao. Cấu hình mạnh mẽ này cũng hỗ trợ xuất sắc cho việc chỉnh sửa hình ảnh, video, render 2D, 3D và lập trình. Xem thêm"
dell-inspiron-14-5440-core-7-n4i7204w1?utm_flashsale=1,Dell Inspiron 14 5440 Core 7 150U (N4I7204W1),"Được trang bị bộ vi xử lý Intel Core 7 mạnh mẽ cùng 16 GB RAM, laptop Dell Inspiron 14 5440 Core 7 150U (N4I7204W1) hứa hẹn đem đến một công cụ làm việc đáng tin cậy. Mang lại sự mượt mà, nhanh chóng trong mọi thao tác, từ các tác vụ học tập, làm việc cho đến đồ họa cơ bản. • Dell Inspiron 14 5440 sở hữu bộ vi xử lý Intel Core 7 150U với 10 nhân và 12 luồng, có xung nhịp tối đa lên đến 5.4 GHz mang lại sự tối ưu cho các công việc văn phòng từ làm việc tính toán, trình chiếu cho đến các tác vụ chỉnh sửa, xử lý các video ngắn. Tính năng tiết kiệm điện trên dòng chip U cũng giúp nâng cao đáng kể thời lượng giải quyết các công việc của bạn. • Được kết hợp cùng với đó, là card màn hình tích hợp Intel Graphics giúp hiển thị hình ảnh rõ nét và hỗ trợ các thao tác thiết kế được mượt mà hơn. Xem thêm"
dell-inspiron-15-3530-i7-71026454,Dell Inspiron 15 3530 i7 1355U (71026454),"Mẫu laptop Dell Inspiron 15 3530 i7 1355U (71026454) là sự lựa chọn tuyệt vời cho nhu cầu làm việc và giải trí. Máy sở hữu vi xử lý Intel Core i7 thế hệ 13, thiết kế thời trang cùng với màn hình rõ nét, laptop sẵn sàng đáp ứng mọi nhu cầu học tập và làm việc. • Laptop Dell Inspiron nổi bật với thiết kế hiện đại và tinh tế, với lớp vỏ ngoài bằng chất liệu nhựa cao cấp, chiếc laptop này không chỉ bền bỉ mà còn mang đến cảm giác sang trọng và chuyên nghiệp. • Máy cũng được thiết kế để dễ dàng di chuyển với khối lượng nhẹ 1.66 kg và kích thước gọn gàng, phù hợp cho những người thường xuyên phải mang laptop đi làm việc hay học tập ở nhiều nơi. • Laptop này được trang bị bộ xử lý hiện đại với công nghệ CPU Intel Core i7 1355U. Với hiệu năng này máy đảm bảo hiệu suất tối ưu cho cả những tác vụ nặng nề như xử lý đồ họa, chơi game và các công việc đòi hỏi chuyên môn cao. Xem thêm"
asus-vivobook-14x-oled-k3405vc-i5-km006w?utm_flashsale=1,Asus Vivobook 14X OLED K3405VC i5 13500H (KM006W),"Mỏng nhẹ, di động nhưng không đánh đổi về hiệu năng luôn là những ưu điểm mà người dùng mong đợi ở những chiếc Vivobook từ nhà Asus. Laptop Asus Vivobook 14X OLED K3405VC i5 13500H (KM006W) cũng không ngoại lệ với sức mạnh vượt trội từ con chip Intel Gen 13 thế hệ mới, card RTX 30 series cùng sự nhẹ nhàng về khối lượng, chắc chắn sẽ nâng tầm hơn nữa mọi trải nghiệm của bạn. Sang trọng trong từng đường nét Đi tổng quan về mặt thiết kế của mẫu Vivobook 14X OLED của nhà Asus này thì mình cũng không nhận thấy có quá nhiều điểm khác biệt so với mẫu đang hiện hành trên thị trường. Nhưng cũng phải nói là ""không mới mà hiệu quả"", hãng đã xây dựng được một mẫu laptop học tập - văn phòng thanh lịch, sang trọng, sử dụng được thường ngày cũng như chuyên nghiệp và tiếp cận tốt đến với nhiều đối tượng người dùng. Xem thêm"
lenovo-thinkbook-14-ultra-7-21mr0072vn,Lenovo ThinkBook 14 Ultra 7 155U (21MR0072VN),"Bạn đang tìm kiếm một chiếc laptop mạnh mẽ, đa nhiệm và giá cả phải chăng? Laptop Lenovo ThinkBook 14 Ultra 7 (21MR0072VN) chắc chắn là một lựa chọn đáng cân nhắc. Với cấu hình ấn tượng và thiết kế tiện dụng, chiếc laptop học tập - văn phòng này sẽ giúp người dùng vượt qua mọi thử thách từ công việc đến giải trí. • Lenovo ThinkBook 14 được trang bị chip Intel Core Ultra 7 Meteor Lake - 155U mới nhất với 12 nhân và 14 luồng, tốc độ tối đa lên đến 4.8 GHz nhờ công nghệ Turbo Boost. Điều này giúp người dùng không chỉ tự tin giải quyết mọi vấn đề công việc thường ngày, tạo lập văn bản, sáng tạo ý tưởng đồ hoạ, lập trình dữ liệu,... mà còn đảm nhận luôn được nhiều nhu cầu giải trí, xem phim, lướt web, chơi game,... cá nhân. Xem thêm"
hp-elitebook-635-aero-g11-r7-a8ws7pt,HP Elitebook 635 Aero G11 R7 8840HS (A8WS7PT),"Cỗ máy công việc mạnh mẽ với con chip AMD Ryzen 7 tân tiến, hàng loạt các tính năng hiện đại cùng thiết kế độc đáo cho phong cách sang trọng sẽ khiến bạn không thể rời mắt. Hãy sắm ngay chiếc laptop HP Elitebook 635 Aero G11 R7 8840HS (A8WS7PT) với mức giá ưu đãi tại Thế Giới Di Động. Thiết kế mỏng nhẹ, sang trọng, độ bền chuẩn quân đội Chiếc laptop HP này sở hữu thiết kế mỏng nhẹ đáng kinh ngạc với cân nặng chỉ vỏn vẹn 1 kg, giúp bạn dễ dàng mang theo đến bất kỳ đâu. Khung máy được làm từ kim loại cứng cáp, không chỉ mang lại vẻ ngoài tinh tế mà còn tăng cường khả năng chống va đập, bền bỉ với thời gian. Lớp vỏ màu bạc cùng các đường cắt kim cương tinh xảo tạo nên một tổng thể đẳng cấp, phù hợp với mọi không gian làm việc từ văn phòng đến các buổi gặp gỡ khách hàng. Xem thêm"
msi-creator-m16-hx-c14vfg-i7-040vn,MSI Creator M16 HX C14VFG i7 14700HX (040VN),"Laptop MSI Creator M16 HX C14VFG i7 14700HX (040VN) - chiếc laptop hội tụ tinh hoa thiết kế đỉnh cao cùng cấu hình mạnh mẽ từ CPU thế hệ 14, sẽ là trợ thủ đắc lực dành riêng cho các nhà sáng tạo nghệ thuật và thiết kế đồ họa. • Laptop MSI Creator được trang bị bộ vi xử lý Intel Core i7 14700HX mạnh mẽ với 20 nhân và 28 luồng xử lý, mang đến hiệu năng vượt trội, đáp ứng hoàn hảo mọi nhu cầu công việc từ các tác vụ nặng nhọc đến sáng tạo nội dung chuyên nghiệp. • Được trang bị card rời RTX 40 series mạnh mẽ mang tên NVIDIA RTX 4060 8 GB, nhờ đó bạn có thể xử lý mọi tác vụ đồ họa nặng như chơi game, thiết kế 3D, dựng video,... một cách mượt mà, nhanh chóng, giải phóng sức sáng tạo không giới hạn. Xem thêm"
dell-inspiron-16-5640-core-7-n6i7512w1,Dell Inspiron 16 5640 Core 7 150U (N6I7512W1),"Được gắn với vi xử lý Intel Core 7 thế hệ mới mạnh mẽ cùng khả năng xử lý vượt trội với card rời, laptop Dell Inspiron 16 5640 Core 7 150U (N6I7512W1) hứa hẹn sẽ là công cụ làm việc, giải trí đáng tin cậy cho mọi đối tượng người dùng. Laptop đồ hoạ này sẽ hoàn thiện mọi tác vụ được yêu cầu từ cơ bản đến nâng cao nhất. • Dell Inspiron 16 5640 sở hữu bộ vi xử lý Intel Core 7 150U với 10 nhân và 12 luồng, có xung nhịp tối đa lên đến 5.4 GHz mang lại sự tối ưu cho các công việc văn phòng từ làm việc tính toán, trình chiếu cho đến các tác vụ đồ hoạ và lập trình phức tạp. • Đi kèm với card rời NVIDIA Geforce MX570A 2 GB cho hiệu quả cao hơn khi tương tác với các phần mềm cơ khí như AutoCAD hay các nền tảng thiết kế của Adobe. Ngoài ra, với mức cấu hình tinh chỉnh hợp lý từ trung bình đến cao hơn thì bạn hoàn toàn có thể chiến thoả thích với các tựa game esports đình đám hiện nay. Xem thêm"
lenovo-thinkpad-x13-ultra-5-21lu004nvn,Lenovo Thinkpad X13 Ultra 5 125U (21LU004NVN),"Laptop Lenovo Thinkpad X13 Ultra 5 125U (21LU004NVN) - dòng sản phẩm dành riêng cho những bản thiết kế, công trình nhờ hiệu suất xử lý mạnh mẽ cùng nhiều tính năng bảo mật hàng đầu. Với những thông số kỹ thuật ấn tượng, đây chắc chắn là một trong những lựa chọn hàng đầu cho các chuyên gia và nhà thiết kế. • Thinkpad X13 được trang bị bộ vi xử lý Intel Core Ultra 5 Meteor Lake - 125U dòng chip tích hợp nhân xử lý AI - NPU mới nhất nhà Intel, mang đến hiệu suất mạnh mẽ, giúp bạn dễ dàng xử lý mọi tác vụ từ văn phòng đơn giản đến phát triển ứng dụng phức tạp. Kết hợp với Intel Graphics giúp người dùng render video 4K, lập trình hay thiết kế đồ hoạ 3D mà không bị giật lag. • Không chỉ là một chiếc máy làm việc xuất sắc, chiếc laptop Lenovo này còn mang lại những giây phút giải trí đỉnh cao khi giúp người dùng có thể thưởng thức các tựa game hot với đồ họa tuyệt đẹp và tốc độ khung hình ổn định. Đồng thời, tối ưu khả năng xử lý vấn đề và thời lượng sử dụng pin nhờ vào trí tuệ nhân tạo sắp xếp các luồng công việc hợp lý cũng là điểm sáng giá trên mẫu chip mới này. Xem thêm"
asus-zenbook-14-oled-ux3405ma-ultra-9-pp475w,Asus Zenbook 14 OLED UX3405MA Ultra 9 185H (PP475W),"Mẫu sản phẩm doanh nhân dẫn đầu tương lai, laptop Asus Zenbook 14 OLED UX3405MA Ultra 9 185H (PP475W) với dòng chip Intel Ultra 9 tích hợp AI hiện đại, nội dung hiển thị xuất sắc trên khung hình 2.8K,... sẽ mang đến cho bạn nhiều trải nghiệm sử dụng thật tuyệt vời. Sang trọng, mỏng nhẹ bất ngờ Thiết kế của laptop cao cấp - sang trọng phô diễn vẻ đẹp của sự giản lược, tạo nên một diện mạo hiện đại cao cấp. Máy có đường nét chắc chắn, góc cạnh rõ ràng và được làm nổi bật bởi những đường cắt độc đáo trên nắp lưng. Kích thước siêu mỏng chỉ 14.9 mm và khối lượng nhẹ nhàng 1.2 kg, Zenbook 14 OLED dễ dàng gói gọn trong balo, nhẹ nhàng như việc bạn đang mang theo một quyển sách. Xem thêm"
asus-vivobook-s-14-s5406sa-ultra-7-pp059ws,Asus Vivobook S 14 S5406SA Ultra 7 258V (PP059WS),"Khi nhắc đến những chiếc laptop chất lượng cao với thiết kế sang trọng và hiệu suất ấn tượng, laptop Asus Vivobook S 14 S5406SA Ultra 7 258V (PP059WS) luôn là sự lựa chọn hàng đầu. Tạo hình thông minh, nhỏ gọn bất ngờ, hiệu năng vượt trội cùng tính năng AI thông minh trên chip thế hệ mới chắc chắn là không làm người dùng thất vọng. ""Cân"" mọi tác vụ, từ thiết kế đến render với sức mạnh ""khủng"" Điểm nổi bật đầu tiên của laptop chính là chip xử lý Intel Core Ultra 7 Lunar Lake - 258V, một CPU mới đỉnh cao với 4 nhân Lion Cove và 4 nhân Skymont. Chip này có tốc độ ép xung lên đến 4.8 GHz và hỗ trợ card đồ họa Intel Arc Graphics, giúp xử lý mượt mà các tác vụ từ thiết kế đồ họa 2D, dựng video đến các phần mềm mô phỏng nặng ký như Adobe, Figma,... Xử lý lập trình hoặc chiến game phổ biến vô cùng dễ dàng. Xem thêm"
dell-vostro-15-3520-i5-v3520i5u165w11gru,Dell Vostro 15 3520 i5 1235U (V3520-i5U165W11GRU),"Laptop Dell Vostro 15 3520 i5 1235U (V3520-i5U165W11GRU) mang đến sự cân nhắc hoàn hảo cho học sinh, sinh viên và người đi làm nhờ sự kết hợp hoàn hảo giữa hiệu năng mạnh mẽ và thiết kế tinh tế. Với việc sở hữu mức giá thành vô cùng phù hợp cũng là điểm cộng vô cùng sáng giá cho mẫu sản phẩm này. • Laptop Dell Vostro mang gam màu xám lịch lãm, sang trọng, lớp vỏ nhựa chống chịu tốt. Khối lượng 1.9 kg vẫn rất linh động và tiện lợi cho việc di chuyển. Bản lề Ergolift giúp nâng máy khi mở, tạo cảm giác nhìn mỏng gọn hơn cho thiết bị và tăng độ thoải mái khi gõ phím. • Máy còn sở hữu bộ công cụ hỗ trợ tuyệt vời trên nền tảng Office Home & Student vĩnh viễn, giúp bạn làm việc hiệu quả. Các cổng kết nối thông dụng được bố trí dọc 2 bên máy như: LAN (RJ45), USB 2.0, Jack tai nghe 3.5 mm, USB 3.2, HDMI và khe SD, sẵn sàng hỗ trợ mọi nhu cầu kết nối của bạn. Xem thêm"
dell-inspiron-7440-core-5-n4i5006w1,Dell Inspiron 7440 Core 5 120U (N4I5006W1),"Laptop Dell Inspiron 7440 Core 5 120U (N4I5006W1) không chỉ là chiếc laptop cao cấp, mà còn là một công cụ mạnh mẽ được thiết kế riêng cho các chuyên gia đồ họa, lập trình viên và người dùng sáng tạo. Mang dáng vẻ tinh tế và khả năng vận hành vượt trội, chiếc laptop này định nghĩa lại tiêu chuẩn của dòng máy doanh nhân, mở ra trải nghiệm làm việc và giải trí đỉnh cao. Hiệu năng ổn định cho công việc và học tập Laptop được trang bị bộ vi xử lý Intel Core 5 Raptor Lake - 120U với 10 nhân và 12 luồng, cho tốc độ xung nhịp lên đến 5.0 GHz nhờ Turbo Boost. Cấu hình này không chỉ đáp ứng tốt các tác vụ văn phòng cơ bản mà còn xử lý mượt mà các ứng dụng chỉnh sửa ảnh, video nhẹ nhàng. Card đồ họa tích hợp giúp bạn xem phim, lướt web và chơi các game online nhẹ nhàng một cách trơn tru. Xem thêm"
asus-ux5406sa-ultra-7-pv140ws,Asus Zenbook S 14 UX5406SA Ultra 7 258V (PV140WS),"Laptop Asus Zenbook S 14 UX5406SA Ultra 7 258V (PV140WS) là lựa chọn tuyệt vời cho những ai tìm kiếm một chiếc laptop hội tụ sức mạnh từ chip AI Ultra 7 nhà Intel, thiết kế tinh tế và trải nghiệm nội dung vượt trội với màn hình OLED 2.8K sắc nét. Tất cả tạo nên một sản phẩm không thể bỏ qua trong phân khúc laptop cao cấp. • Laptop Asus Zenbook sở hữu màn hình OLED 14 inch với độ phân giải 2.8K (2880 x 1800) và tỷ lệ 16:10, mang lại không gian hiển thị rộng rãi hơn. Công nghệ DisplayHDR True Black 500 cùng độ phủ màu 100% DCI-P3 tái hiện hình ảnh sắc nét, màu sắc chân thực. Với tần số quét 120 Hz và thời gian phản hồi chỉ 0.2 ms, màn hình này không chỉ lý tưởng cho công việc đồ họa mà còn mang đến trải nghiệm xem phim, chơi game mượt mà. Xem thêm"
lenovo-yoga-7-14imh9-ultra7-83cv001vvn,Lenovo Yoga Slim 7 14IMH9 Ultra 7 155H (83CV001VVN),"Laptop Lenovo Yoga Slim 7 14IMH9 Ultra 7 155H (83CV001VVN) là sự lựa chọn hoàn hảo cho học sinh, sinh viên và nhân viên văn phòng, những người cần một chiếc laptop học tập - văn phòng mỏng nhẹ, thời trang và hiệu năng ổn định. Với thiết kế tinh tế, màn hình sắc nét và cấu hình mạnh mẽ, chiếc laptop này sẽ là người bạn đồng hành lý tưởng trong công việc và học tập. Sức mạnh vượt trội cho mọi tác vụ Laptop Lenovo Yoga Slim 7 14IMH9 được trang bị bộ vi xử lý Intel Core Ultra 7 155H mạnh mẽ với 16 nhân và 22 luồng, tốc độ xung nhịp lên đến 4.8 GHz nhờ Turbo Boost, đảm bảo xử lý mượt mà mọi tác vụ từ văn phòng đến đồ họa. Card tích hợp Intel Arc Graphics mang đến khả năng xử lý hình ảnh và video ấn tượng, đáp ứng tốt nhu cầu làm việc sáng tạo và giải trí nhẹ nhàng. Xem thêm"
hp-victus-16-r0127tx-i7-8c5n2pa?utm_flashsale=1,HP VICTUS 16 r0127TX i7 13700H (8C5N2PA),"Laptop HP VICTUS 16 r0127TX i7 13700H (8C5N2PA) là một sản phẩm mới đầy tiềm năng đến từ thương hiệu nổi tiếng HP. Với hiệu năng cao từ chip Intel Gen 13 dòng H, thiết kế hiện đại và nhiều tính năng ấn tượng, chiếc laptop này hứa hẹn mang đến trải nghiệm sử dụng tuyệt vời cho bạn. Sức mạnh đáp ứng hiệu quả các tác vụ Laptop HP VICTUS này được trang bị bộ vi xử lý Intel Core i7 Raptor Lake - 13700H, một trong những CPU mạnh mẽ nhất hiện nay. Với 14 nhân xử lý và 20 luồng, máy đảm bảo hiệu năng đa nhiệm tuyệt vời, giúp xử lý nhanh chóng các tác vụ đa nhiệm, từ công việc văn phòng đến chơi game và chỉnh sửa video. Tốc độ tối đa nhờ Turbo Boost lên đến 5.0 GHz, bạn có thể tin tưởng vào khả năng xử lý nhanh chóng và mượt mà của laptop. Xem thêm"
msi-cyborg-15-a13vfk-i7-876vn,MSI Cyborg 15 A13VFK i7 13620H (876VN),"Nếu bạn là một game thủ đam mê thể thao điện tử, muốn sở hữu một cỗ máy mạnh mẽ để chinh chiến trong các trận đấu đỉnh cao thì không thể bỏ qua chiếc laptop MSI Cyborg 15 A13VFK i7 13620H (876VN). Đây chính là người bạn đồng hành hoàn hảo giúp bạn ""chiến"" hết mình trong mọi tựa game từ nhẹ nhàng đến đồ họa nặng. • Chiếc MSI Gaming Cyborg 15 được trang bị bộ vi xử lý Intel Core i7 13620H và card đồ họa NVIDIA GeForce RTX 4060 8 GB, mang lại khả năng xử lý vượt trội cho các tựa game nặng như Cyberpunk 2077, Call of Duty: Warzone và Battlefield 2042. Ngoài ra, máy cũng hỗ trợ tốt cho các hoạt động chỉnh sửa đồ hoạ 2D, thiết kế 3D được trên các phần mềm chuyên dụng AutoCAD, Blender. • Laptop MSI Gaming Cyborg được trang bị mức RAM cơ bản 16 GB, hỗ trợ cho việc vận hành linh động đa tác vụ và phần mềm, chuyển đổi giữa nhiều cửa sổ, ứng dụng khác nhau mà không bị gián đoạn, giật lag. Trong quá trình sử dụng, game thủ có thể lựa chọn nâng cấp RAM lên tối đa tận theo nhu cầu cá nhân. Xem thêm"
gigabyte-g6-kf-rc56-i7-9rc56kf0hjiixivn000,GIGABYTE G6 KF RC56 i7 13620H (9RC56KF0HJIIXIVN000),"Laptop GIGABYTE G6 KF RC56 i7 13620H (9RC56KF0HJIIXIVN000) là cỗ máy chiến game và làm việc chuyên nghiệp lý tưởng cho game thủ hardcore và những người sáng tạo nội dung. Với hiệu năng mạnh mẽ, thiết kế tối giản nhưng vẫn đậm chất gaming, chiếc laptop này hứa hẹn mang đến trải nghiệm tuyệt vời cho mọi tác vụ. Đây chắc chắn là một lựa chọn đáng cân nhắc trong phân khúc laptop gaming tầm trung. Sức mạnh ""khủng long"" cho mọi trận chiến và dự án Trái tim của chiếc laptop gaming này là bộ vi xử lý Intel Core i7 Raptor Lake - 13620H, với 10 nhân và 16 luồng, xung nhịp tối đa lên đến 4.9 GHz nhờ Turbo Boost. Sức mạnh này không chỉ giúp bạn chiến mượt mọi tựa game AAA mà còn xử lý dễ dàng các tác vụ chỉnh sửa video, thiết kế đồ họa phức tạp. Đi kèm với đó là card đồ họa rời , mang đến khả năng xử lý đồ họa đỉnh cao, cho phép bạn tận hưởng hình ảnh sống động, sắc nét trong mọi tựa game và ứng dụng đồ họa. Xem thêm"
asus-zenbook-14-ux3405ca-ultra-5-pz187ws,Asus Zenbook 14 UX3405CA Ultra 5 225H (PZ187WS),"Nếu bạn đang tìm kiếm một chiếc laptop mỏng nhẹ, hiệu suất cao cho công việc văn phòng, học tập hoặc sáng tạo nội dung, laptop Asus Zenbook 14 UX3405CA Ultra 5 225H (PZ187WS) chắc chắn là một lựa chọn đáng cân nhắc. Với thiết kế màn hình cảm ứng tiện lợi, cấu hình mạnh mẽ cùng vô vàn tính năng hỗ trợ, chiếc laptop này sẽ đáp ứng tốt mọi nhu cầu từ cơ bản đến nâng cao. Sức mạnh ""khủng long"" cho mọi tác vụ nặng đô Laptop Asus Zenbook sở hữu bộ vi xử lý Intel Core Ultra 5 Arrow Lake - 225H thế hệ mới với 14 nhân, mang đến sức mạnh xử lý vượt trội. Với xung nhịp tối đa 4.9 GHz và tích hợp NPU Intel AI Boost, máy có khả năng tăng tốc các tác vụ AI, tối ưu hóa hiệu suất làm việc từ văn phòng, lập trình đến chỉnh sửa hình ảnh và video, giúp laptop có thể tự động phân bổ tài nguyên để đảm bảo hiệu suất ổn định, rút ngắn thời gian xử lý và cải thiện trải nghiệm sử dụng một cách toàn diện. Xem thêm"
asus-zenbook-14-ux3405ca-ultra-7-pz368ws,Asus Zenbook 14 UX3405CA Ultra 7 255H (PZ368WS),"Laptop Asus Zenbook 14 UX3405CA Ultra 7 255H (PZ368WS) là một cỗ máy đa năng, lý tưởng cho những ai cần một chiếc laptop mỏng nhẹ, mạnh mẽ để đáp ứng mọi nhu cầu công việc, học tập và sáng tạo. Với thiết kế sang trọng, màn hình cảm ứng tiện lợi cùng cấu hình vượt trội, chiếc laptop này sẽ là người bạn đồng hành đáng tin cậy của bạn trong mọi tác vụ. ""Chiến"" mọi tác vụ với sức mạnh ""khủng"" từ Intel Core Ultra 7 AI Laptop Asus Zenbook được trang bị bộ vi xử lý Intel Core Ultra 7 Arrow Lake - 255H, một trong những con chip tiên tiến với 16 nhân, mang đến khả năng xử lý mạnh mẽ và tốc độ ấn tượng. Nhờ xung nhịp tối đa lên đến 5.1 GHz cùng với NPU Intel AI Boost, máy có thể tận dụng sức mạnh trí tuệ nhân tạo để tối ưu hóa hiệu suất làm việc, từ xử lý văn bản, lập trình cho đến thiết kế đồ họa và chỉnh sửa video. Công nghệ AI giúp laptop tự động phân bổ tài nguyên thông minh, tăng tốc các tác vụ nặng, giảm độ trễ và nâng cao trải nghiệm sử dụng một cách mượt mà, ổn định. Xem thêm"
lenovo-thinkbook-14-g7-ultra-7-21mr0070vn,Lenovo ThinkBook 14 G7 Ultra 7 155U (21MR0070VN),"Nếu bạn đang tìm kiếm một chiếc laptop học tập - văn phòng mạnh mẽ, tiện lợi và mang lại giá trị cao, laptop Lenovo ThinkBook 14 G7 Ultra 7 155U (21MR0070VN) chắc chắn là một ứng viên sáng giá. Với sự kết hợp hài hòa giữa hiệu năng mạnh mẽ, thiết kế cao cấp và tính năng tiên tiến, chiếc laptop này hứa hẹn sẽ là trợ thủ đắc lực cho cả công việc lẫn giải trí. Thiết kế bền bỉ, bảo mật cao, linh hoạt cho mọi nhu cầu di chuyển Lenovo ThinkBook 14 G7 sở hữu thiết kế hiện đại với lớp vỏ kim loại nhôm cao cấp, được gia công tinh xảo để ""vừa vặn"" mang lại độ bền cùng tính thẩm mỹ cao. Máy đạt tiêu chuẩn quân đội MIL STD 810H, có khả năng chống sốc, chống va đập và chịu được điều kiện môi trường khắc nghiệt. Với khối lượng chỉvô cùng tiện dụng để mang theo di chuyển ở mọi nơi. Xem thêm"
dell-latitude-5450-ultra-5-l5450125u16512w,Dell Latitude 5450 Ultra 5 125U (L5450-125U-16512W),"Dell Latitude 5450 Ultra 5 125U (L5450-125U-16512W) là chiếc laptop lý tưởng cho học sinh, sinh viên và nhân viên văn phòng đang tìm kiếm một thiết bị mạnh mẽ, bền bỉ và có tính di động cao. Với bộ vi xử lý Intel Core Ultra thế hệ mới nhất, thiết kế thanh lịch và hàng loạt tính năng bảo mật tiên tiến, chiếc laptop này hứa hẹn sẽ là người bạn đồng hành đáng tin cậy trong công việc và học tập, mang đến trải nghiệm sử dụng tuyệt vời trong tầm giá. Sức mạnh vượt trội, làm việc hiệu quả với Intel Core Ultra 5 Laptop học tập - văn phòng Dell Latitude 5450 được trang bị bộ vi xử lý Intel Core Ultra 5 125U thuộc dòng Meteor Lake mới nhất, mang đến hiệu năng ấn tượng cho mọi tác vụ. Với , tốc độ xung nhịp lên đến nhờ Turbo Boost, chiếc laptop này dễ dàng xử lý các ứng dụng văn phòng, duyệt web, xem phim và thậm chí là các tác vụ đồ họa nhẹ một cách mượt mà. Xem thêm"
dell-latitude-5350-ultra-7-165u-vpro-l5350165u16512w,Dell Latitude 5350 Ultra 7 165U (L5350-165U-16512W),"Dell Latitude 5350 Ultra 7 165U (L5350-165U-16512W) là một chiếc laptop lý tưởng cho học sinh, sinh viên và nhân viên văn phòng nhờ sự kết hợp hoàn hảo giữa hiệu năng mạnh mẽ, thiết kế nhỏ gọn và độ bền bỉ ấn tượng. Chiếc laptop Dell này hứa hẹn mang đến trải nghiệm làm việc và học tập mượt mà, hiệu quả, đáp ứng tốt mọi nhu cầu hàng ngày. ""Chiến"" mọi tác vụ với sức mạnh từ Intel Core Ultra 7 Dell Latitude 5350 Ultra 7 165U được trang bị bộ vi xử lý Intel Core Ultra 7 Meteor Lake - 165U với 12 nhân và 14 luồng, xung nhịp có thể đạt tối đa 4.9 GHz nhờ Turbo Boost. Cấu hình này cho phép máy xử lý mượt mà mọi tác vụ từ cơ bản như soạn thảo văn bản, duyệt web đến các ứng dụng nặng hơn như chỉnh sửa ảnh, video hay chạy các phần mềm văn phòng chuyên dụng. Card đồ họa tích hợp Intel Graphics cũng đủ sức đáp ứng nhu cầu giải trí nhẹ nhàng và hỗ trợ tốt cho công việc. Xem thêm"
hp-omnibook-x-14-fe1010qu-x1p-42-100-b53kbpa,HP OmniBook X 14 fe1010QU X1P 42 100 (B53KBPA),"Laptop HP OmniBook X 14 fe1010QU X1P 42 100 (B53KBPA) là chiếc laptop hội tụ đầy đủ yếu tố để trở thành người bạn đồng hành lý tưởng cho học sinh, sinh viên và nhân viên văn phòng. Với hiệu năng mạnh mẽ, thiết kế sang trọng và màn hình sắc nét, chiếc laptop này hứa hẹn mang đến trải nghiệm làm việc và giải trí tuyệt vời. Đây chắc chắn là một lựa chọn đáng cân nhắc trong phân khúc laptop cao cấp hiện nay. ""Cân"" mọi tác vụ với sức mạnh từ Snapdragon X Plus HP OmniBook X 14 fe1010QU được trang bị bộ vi xử lý Snapdragon X Plus - X1P 42 100 với 8 nhân, mang đến hiệu năng ấn tượng cho mọi tác vụ. Máy có khả năng Turbo Boost lên đến 3.4 GHz, giúp xử lý nhanh chóng các ứng dụng văn phòng, duyệt web, xem phim và thậm chí là chơi các game đồ họa nhẹ. Card tích hợp cũng góp phần nâng cao khả năng xử lý đồ họa, cho phép bạn chỉnh sửa ảnh, video cơ bản một cách mượt mà. Xem thêm"
asus-vivobook-16-m1607ka-r7-ai-350-mb091ws,Asus Vivobook 16 M1607KA R7 AI 350 (MB091WS),"Laptop Asus Vivobook 16 M1607KA R7 AI 350 (MB091WS) là một chiếc laptop lý tưởng cho những ai cần một thiết bị mạnh mẽ, bền bỉ nhưng vẫn linh hoạt. Với cấu hình ấn tượng, màn hình rộng rãi và nhiều tính năng hiện đại, đây là sự lựa chọn hoàn hảo cho sinh viên, nhân viên văn phòng và những người yêu thích sáng tạo nội dung. ""Cân"" mọi tác vụ nặng với sức mạnh từ AMD Ryzen AI 7 Laptop Asus Vivobook mang trong mình bộ vi xử lý AMD Ryzen AI 7 350 với tốc độ tối đa lên đến 5.0 GHz. Đối với những ai thường xuyên phải xử lý tài liệu, bảng tính hay thực hiện đa nhiệm, chiếc laptop này mang lại hiệu suất ổn định và đáng tin cậy. Hỗ trợ sức mạnh xử lý đồ họa là card AMD Radeon Graphics với khả năng tối ưu hóa hình ảnh tốt, giúp bạn làm việc trên các phần mềm đồ họa như Photoshop, Illustrator, Figma,... mà không gặp trở ngại. Xem thêm"
lenovo-ideapad-slim-5-14imh9-ultra-7-83da001yvn,Lenovo Ideapad Slim 5 14IMH9 Ultra 7 155H (83DA001YVN),"Laptop Lenovo Ideapad Slim 5 14IMH9 Ultra 7 155H (83DA001YVN) mang đến sự kết hợp hoàn hảo giữa tính di động và hiệu năng mạnh mẽ, đáp ứng mọi nhu cầu sử dụng của bạn. Với thiết kế mỏng nhẹ ấn tượng, cùng bộ vi xử lý Intel Core Ultra 7 thế hệ mới, chiếc laptop này sẵn sàng đồng hành cùng bạn trong mọi hành trình, từ công việc văn phòng hằng ngày đến những tác vụ đồ họa phức tạp. • Sở hữu độ dày chỉ 16.9 mm và khối lượng 1.48 kg, chiếc laptop này là người bạn đồng hành hoàn hảo, dễ dàng cất gọn vào balo hay túi xách, bạn có thể mang theo đến bất kỳ đâu mà không cảm thấy vướng víu hay nặng nề. Laptop còn đạt chuẩn độ bền quân đội MIL STD 810H, hạn chế tối đa tác động ngoại lực, sẵn sàng đồng hành cùng bạn mọi lúc mọi nơi. Xem thêm"
asus-vivobook-15-x1504va-nj023w,Asus Vivobook 15 X1504VA i7 1355U (NJ023W),"Laptop Asus Vivobook 15 X1504VA i7 1355U (NJ023W) được trang bị bộ vi xử lý thế hệ thứ 13 mới nhất của Intel, mang lại hiệu suất cao có thể xử lý đa tác vụ mượt mà hay vận hành trơn tru các tác vụ như chỉnh sửa hình ảnh, lập trình và chơi game cơ bản. • Laptop Asus Vivobook sở hữu bộ vi xử lý Intel Core i7 1355U thế hệ thứ 13 mạnh mẽ với tốc độ xử lý tối đa có thể lên tới 5.0 GHz cho phép bạn chạy đa tác vụ mượt mà, kết hợp cùng card tích hợp Intel Iris Xe Graphics giúp cải thiện hiệu suất xử lý đồ họa và đáp ứng tốt các yêu cầu về thiết kế cũng như chơi game cơ bản. • Bộ nhớ RAM 16 GB DDR4 cung cấp khả năng đa nhiệm trơn tru với tốc độ truyền dữ liệu nhanh để bạn mở cùng lúc nhiều ứng dụng mà không lo giật lag. Ổ cứng SSD 512 GB giúp máy khởi động, tải ứng dụng và tập tin ngay tức thì. Xem thêm"
asus-tuf-gaming-a15-fa507nv-r7-lp031w,Asus TUF Gaming A15 FA507NV R7 7735HS (LP031W),"Laptop Asus TUF Gaming A15 FA507NV R7 7735HS (LP031W) sở hữu thông số cấu hình đầy hứa hẹn với con chip AMD Ryzen 7 7735HS, GPU RTX 40 series cùng các tính năng tân tiến, sự trang bị hoàn hảo để game thủ có thể toả sáng trong bất cứ trận chiến nào. Ngoại hình mạnh mẽ, bền bỉ như cỗ máy Laptop Asus được hoàn thiện với lớp vỏ bằng nhựa cứng cáp, nắp lưng bằng kim loại cùng các chi tiết ghép nối chắc chắn tạo nên kết cấu bền bỉ cho thiết bị. Logo TUF quen thuộc cùng các chi tiết in chìm được cách điệu trên mặt lưng cũng tạo nên nét độc đáo đầy mạnh mẽ cho mẫu laptop chiến game này. Xem thêm"
dell-latitude-3440-i7-71038103,Dell Latitude 3440 i7 1355U (71038103),"Laptop Dell Latitude 3440 i7 1355U (71038103) cân bằng tuyệt vời với thiết kế tinh tế chuẩn doanh nhân. Sở hữu con chip Intel Gen 13 mạnh mẽ và RAM 16 GB, mẫu laptop này không chỉ đáp ứng mọi nhu cầu công việc mà còn mang lại trải nghiệm sử dụng đỉnh cao cho người dùng hiện đại. • Với vi xử lý Intel Core i7 1355U, 10 nhân 12 luồng, xung nhịp tối đa 5.0 GHz, cùng card đồ họa tích hợp Intel Iris Xe Graphics, laptop Dell Latitude có thể dễ dàng xử lý từ những công việc văn phòng hàng ngày đến các nhiệm vụ đồ họa 2D và các tựa game phổ biến. Hiệu suất mạnh mẽ này đảm bảo mọi tác vụ đều diễn ra mượt mà và nhanh chóng. • Laptop Dell trang bị bộ nhớ RAM 16 GB có hỗ trợ nâng cấp tối đa lên 64 GB, giúp bạn dễ dàng chạy nhiều ứng dụng cùng lúc mà không lo giật lag, truy xuất các file ứng dụng nặng mà không bị tràn RAM gây gián đoạn. Xem thêm"
dell-xps-13-9340-ultra-7-hxrgt,Dell XPS 13 9340 Ultra 7 155H (HXRGT),"Dell XPS 13 là một tuyệt tác đột phá cho sáng tạo không giới hạn với dòng chip Ultra thế hệ mới mạnh mẽ, đa tính năng tân tiến. Nhờ sự kết hợp hoàn hảo giữa hiệu suất và thẩm mỹ, đây chắc chắn là lựa chọn lý tưởng cho những chuyên gia. Vẻ ngoài đẹp mắt và độc đáo Laptop Dell XPS nổi bật với lớp vỏ bạc sang trọng được chế tác từ hợp kim Nhôm Carbon bền bỉ tạo cảm giác cao cấp và sang trọng. Khung máy mỏng nhẹ có cân nặng 1.17 kg, thiết kế thời thượng làm tăng thêm sự chuyên nghiệp cho không gian làm việc của bạn. Kiểu dáng bàn phím và touchpad của Dell XPS 13 9340 cũng được cải tiến. Bàn phím dạng tràn viền giúp tăng kích thước phím, gia tăng điểm tiếp xúc và không gây cảm giác vướng víu khi gõ. Touchpad ""tàng hình"" tích hợp liền với chiếu để tay, mang lại cảm giác sử dụng thú vị và tiện lợi. Đặc biệt, Dell đã lược bỏ đi hàng phím F truyền thống, thay vào đó là dãy phím cảm ứng, tạo nên một thiết kế đẹp mắt và hiện đại. Xem thêm"
hp-omen-16-xf0071ax-r7-8w946pa?utm_flashsale=1,HP OMEN 16 xf0071AX R7 7840HS (8W946PA),"Laptop HP OMEN 16 xf0071AX R7 7840HS (8W946PA) đáp ứng ""nhiệt tình"" cho nhiều con game đồ hoạ của anh em, sáng tạo và giải trí tuyệt đỉnh với bộ cấu hình gồm chip AMD Ryzen 7 dòng HS, card rời RTX 40 series và hơn hết là khung hình 2K sống động. Đẳng cấp gaming qua hiệu năng khủng Laptop HP OMEN sử dụng CPU AMD Ryzen 7 7840HS với xung nhịp tối đa đạt 5.1 GHz cân hoàn hảo các tác vụ nặng như stream game, chiến các tựa game AAA thoải mái hay thiết kế những bản đồ hoạ, kiến trúc 3D phức tạp đều không thành vấn đề. Laptop này được trang bị RAM 32 GB DDR5 dung lượng lớn và tốc độ truy cập nhanh, cung cấp khả năng xử lý đa nhiệm mượt mà, cho phép bạn chạy nhiều ứng dụng, tác vụ đồng thời mà không gặp bất kì trục trặc nào. Hiệu suất vận hành thêm hoàn hảo nhờ khả năng nâng cấp lên đến . Xem thêm"
lenovo-legion-pro-7-16iax10h-ultra-9-275hx-83f5008vvn,Lenovo Legion Pro 7 16IAX10H Ultra 9 275HX (83F5008VVN),Không có mô tả
asus-zenbook-duo-ux8406ca-ultra-9-pz109ws,Asus Zenbook DUO UX8406CA Ultra 9 285H (PZ109WS),"Dành cho những người dùng chuyên nghiệp đòi hỏi sự linh hoạt và hiệu suất tối đa, laptop Asus Zenbook DUO UX8406CA Ultra 9 285H (PZ109WS) sẽ là lựa chọn hàng đầu khi sở hữu màn hình kép cảm ứng 120 Hz, bộ cấu hình khủng gồm vi xử lý Intel Ultra 9 285H, 32 GB RAM và 1 TB SSD,... mang đến trải nghiệm làm việc và giải trí đỉnh cao. Hiệu năng vượt trội đến từ bộ cấu hình khủng Điểm nhấn của Asus Zenbook DUO UX8406CA nằm ở bộ vi xử lý Intel Core Ultra 9 285H, thế hệ chip mới với hiệu năng vượt trội. Sở hữu 16 nhân và xung nhịp tối đa 5.40 GHz, kết hợp với NPU Intel AI Boost, laptop có khả năng tăng tốc các tác vụ AI, cải thiện hiệu suất và tối ưu hóa trải nghiệm làm việc. Nhờ công nghệ này, máy có thể tự động phân bổ tài nguyên thông minh, giúp các phần mềm nặng hoạt động mượt mà hơn, giảm độ trễ và tiết kiệm năng lượng hiệu quả. Xem thêm"
hp-omnibook-uf-14-fh0040tu-ultra-7-b13vhpa,HP OmniBook Ultra Flip 14 fh0040TU Ultra 7 258V (B13VHPA),"Laptop HP OmniBook UF 14 fh0040TU Ultra 7 258V (B13VHPA) là một chiếc laptop cao cấp, thiết kế mỏng nhẹ, hiệu năng mạnh mẽ và màn hình OLED cảm ứng siêu đẹp, phù hợp cho học sinh, sinh viên và nhân viên văn phòng. Với thiết kế 2 trong 1, chiếc laptop này sẽ là người bạn đồng hành lý tưởng cho công việc và giải trí. Đây chắc chắn là một lựa chọn đáng cân nhắc trong phân khúc laptop cao cấp hiện nay. ""Cân"" mọi tác vụ với sức mạnh từ Intel Core Ultra 7 Trái tim của chiếc laptop này là CPU Intel Core Ultra 7 Lunar Lake - 258V với 8 nhân và 8 luồng, tốc độ xung nhịp lên đến 4.8 GHz nhờ Turbo Boost. Con chip này không chỉ mạnh mẽ trong các tác vụ văn phòng thông thường mà còn đủ sức để xử lý các công việc đòi hỏi hiệu năng cao như chỉnh sửa ảnh, video cơ bản hay thậm chí là chơi game nhẹ nhàng. Đặc biệt, với hiệu năng xử lý AI giúp tối ưu hóa các ứng dụng AI, mang lại trải nghiệm mượt mà và nhanh chóng hơn. Xem thêm"
hp-probook-450-g10-i5-873d1pa?utm_flashsale=1,HP Probook 450 G10 i5 1335U (873D1PA),"Laptop HP Probook 450 G10 i5 1335U (873D1PA) đến từ thương hiệu nổi tiếng HP, được trang bị không chỉ ngoại hình bắt mắt, thu hút mà còn đi kèm những thông số tính năng vượt trội cho mọi công việc và nhu cầu giải trí của người dùng, hoàn toàn xứng đáng với số tiền mà bạn bỏ ra. • Laptop HP được trang bị bộ vi xử lý Intel Core i5 1335U cùng card tích hợp Intel UHD Graphics cho phép người dùng vận hành hoàn hảo các tác vụ học tập, văn phòng, lướt web giải trí và chỉnh sửa đồ hoạ. Bạn cũng dễ dàng kích hoạt card Iris Xe Graphics để hỗ trợ việc xuất hình ảnh hiệu quả hơn bằng cách nâng thêm 1 thanh RAM. • RAM 16 GB được tích hợp sẵn giúp người dùng chạy nhiều chương trình cùng lúc, vừa xử lý công việc với Photoshop, Word, Excel,... vừa nghe nhạc giải trí trên các nền tảng khác một cách hiệu quả. Máy cũng hỗ trợ cho người dùng nâng RAM lên tối đa 32 GB thích hợp với nhu cầu sử dụng cao hơn. Xem thêm"
asus-tuf-gaming-f15-fx507vu-i7-lp167w,Asus TUF Gaming F15 FX507VU i7 13620H (LP167W),"Ngoại hình hầm hố, mạnh mẽ cùng cấu hình vượt trội đến từ con chip Intel dòng H hiệu năng cao, card RTX 40 series,... cũng như được tích hợp với các công nghệ hiện đại khác. Laptop Asus TUF Gaming F15 FX507VU i7 13620H (LP167W) hứa hẹn sẽ cho các anh em gamer được trải nghiệm những đấu trường ảo thật hấp dẫn. Tự tin phô diễn mọi kĩ năng Asus TUF Gaming được gắn con chip Intel Core i7 13620H có tốc độ xung nhịp tối đa lên đến 4.9 GHz cho phép bạn thoải mái chơi các tựa game Esport, nhập vai hấp dẫn như LOL, GTA V, Cyberpunk 2077,... Ngoài ra, hiệu suất xử lý cũng hoàn toàn đáp ứng được việc bạn thực hiện các công cụ lập trình, thiết kế đồ hoạ 2D, 3D đơn giản hay xử lý Effects. Xem thêm"
lenovo-thinkpad-e16-ultra-7-21ma004pvn,Lenovo ThinkPad E16 Ultra 7 155H (21MA004PVN),"Khi nói đến dòng laptop cao cấp với hiệu năng mạnh mẽ và thiết kế hiện đại, không thể không nhắc đến laptop Lenovo ThinkPad E16 Ultra 7 155H (21MA004PVN). Đây là một trong những chiếc laptop hàng đầu dành cho những người dùng thường xuyên tiếp xúc với các công việc đồ hoạ, lập trình,... tìm kiếm sự hoàn hảo trong công việc và giải trí. • Máy mang đậm phong cách đặc trưng của dòng ThinkPad với vẻ ngoài cứng cáp, bền bỉ nhưng những đường nét vẫn không kém phần tinh tế, mạnh mẽ. Vỏ máy được làm từ kim loại nhôm đen, tạo nên một vẻ ngoài thanh lịch và chuyên nghiệp, phù hợp với môi trường văn phòng, các cuộc họp quan trọng hay trường học. Với khối lượng chỉ 1.81 kg, chiếc laptop này vẫn dễ dàng di chuyển cho hành trình mỗi ngày. • Đèn nền đơn sắc giúp bạn làm việc hiệu quả ngay cả trong điều kiện ánh sáng yếu. Laptop cũng được trang bị các tính năng bảo mật tiên tiến như và , đảm bảo rằng chỉ có bạn mới có thể truy cập vào máy tính của mình. Đây là những tính năng quan trọng giúp bảo vệ dữ liệu và thông tin cá nhân của bạn khỏi những mối đe dọa tiềm ẩn. Xem thêm"
lenovo-legion-pro-7-16iax10h-ultra-9-275hx-83f5008wvn,Lenovo Legion Pro 7 16IAX10H Ultra 9 275HX (83F5008WVN),Không có mô tả
hp-elitebook-630-g10-i7-9j0b7pt?utm_flashsale=1,HP Elitebook 630 G10 i7 1355U (9J0B7PT),"Laptop HP Elitebook 630 G10 i7 1355U (9J0B7PT) mang ngôn ngữ thiết kế đơn giản, tinh tế và cực kì sang trọng. Máy cũng được trang bị bộ thông số cấu hình vượt trội nhằm phục vụ người dùng trọn vẹn hơn trong những công việc cần thiết. • Laptop cao cấp - sang trọng với giao diện ngoài nhỏ gọn cùng khối lượng chỉ có 1.22 kg, thân máy được vuốt mảnh bởi logo HP ánh bạc của mặt A thể hiện trọn vẹn độ tinh tế mà dòng Elitebook muốn thể hiện cho người dùng. Hơn nữa, vỏ máy được chế tác từ kim loại - Nhôm, vừa tăng độ sang trọng, vừa đảm bảo tính bền chắc trong quá trình sử dụng. • Thêm nữa, tính năng bảo mật vân tay giúp cho bạn truy cập vào laptop thuận tiện và bảo mật hơn chỉ với một chạm đơn giản. HD webcam tiện dụng hỗ trợ người dùng kết nối vào video call bất cứ lúc nào và ở bất cứ đâu. Xem thêm"
asus-tuf-gaming-fx517ze-i5-hn045w,Asus TUF Gaming Dash F15 FX517ZE i5 12450H (HN045W),"Laptop Asus Gaming TUF Dash F15 FX517ZE i5 (HN045W) không chỉ cùng mình chinh phục mọi đấu trường ảo nhờ bộ vi xử lý Intel Gen 12 và card đồ họa rời NVIDIA GeForce RTX 3050 Ti 4 GB mà còn là một chiếc laptop đồ họa - kỹ thuật lý tưởng, sẵn sàng hỗ trợ mình xử lý mọi công việc. Bùng nổ hiệu năng cùng bộ vi xử lý Intel Gen 12 Asus TUF Gaming mang trong mình hiệu năng vượt trội đến từ bộ vi xử lý Intel Core i5 12450H, đạt số điểm ấn tượng 10817 điểm đa nhân và 1688 điểm đơn nhân khi mình đo hiệu năng bằng công cụ Cinebench R23, sẵn sàng cân mọi tác vụ học tập, văn phòng từ nhẹ đến nặng. Bên cạnh đó, card rời GeForce RTX 3050 Ti 4 GB với điểm số 3DMark mình đo đạc được tổng 5856 điểm GPU cũng cho phép mình làm chủ mọi chiến trường ảo hay xử lý trơn tru các tác vụ thiết kế, đồ họa. Xem thêm"
asus-vivobook-15-x1504va-i5-nj025w,Asus Vivobook 15 X1504VA i5 1335U (NJ025W),"Laptop Asus Vivobook 15 X1504VA i5 (NJ025W) được trang bị những thông số cấu hình mạnh mẽ và thiết kế đẹp mắt, một sản phẩm lý tưởng cho người dùng cần một chiếc laptop học tập - văn phòng đáp ứng nhu cầu làm việc và giải trí hàng ngày. Thiết kế tinh giản, diện mạo hiện đại Những chiếc laptop Vivobook đến từ nhà Asus luôn sở hữu cho mình một nét thiết kế cực kì hiện đại, màu sắc và kiểu dáng không quá nổi bật nhưng sẽ luôn khiến bạn có những nét thu hút nhất định khi sử dụng. Máy được hoàn thiện với lớp vỏ nhựa cao cấp, cho cảm giác khá chắc chắn và hoàn toàn không gặp các hiện tượng bị rung rinh khi mình ấn vào các bề mặt. Bản lề máy có thể mở rộng lên đến 180 độ, thích hợp với nhiều cách sử dụng khác nhau, như mình có thể dễ dàng gập mở để chia sẻ thông tin với nhóm trong các buổi học. Xem thêm"
msi-prestige-13-ai-a2vmg-ultra-7-258v-040vn,MSI Prestige 13 AI+ A2VMG Ultra 7 258V (040VN),"Trong thời kỳ công nghệ hiện đại, lựa chọn một chiếc laptop không chỉ dừng lại ở những tiêu chí cơ bản về cấu hình và hiệu năng, mà còn phải đáp ứng các yêu cầu khắt khe về thiết kế, tính di động và tính năng thông minh. Dòng laptop MSI Prestige 13 AI+ A2VMG Ultra 7 258V (040VN) lý tưởng cho những người dùng đòi hỏi không chỉ về hiệu suất mà còn về tính thẩm mỹ và tiện ích AI thông minh tích hợp. Hiệu năng đỉnh cao cho công việc sáng tạo Không chỉ đẹp về thiết kế, thiết bị còn nổi bật với hiệu năng mạnh mẽ đến từ mẫu vi xử lý Intel Core Ultra 7 258V thuộc thế hệ thứ 2 của dòng chip Intel Ultra được ra mắt trong năm nay, được tích hợp NPU với 47 TOPS, vượt qua các tiêu chuẩn về tính toán của các mẫu Copilot + PC mới nhất. Kết hợp với đó là card đồ hoạ  hỗ trợ dựng xuất hình ảnh và render ổn định. Tính toán nhanh chóng và hỗ trợ vận hành mượt mà đối với các phần mềm công việc, tính toán thông thường, xem phim giải trí,...  cũng cho khả năng làm việc hiệu suất cao trên các nền tảng lập trình, đồ hoạ 2D, biên tập video. Bên cạnh đó, vô vàn các tính năng thông minh như nhận diện hình ảnh, gợi ý lại các trình duyệt bạn xem, giao tiếp với trợ lý ảo,... Xem thêm"
msi-stealth-18-hx-ai-a2xwig-ultra-9-017vn,MSI Stealth 18 HX AI A2XWIG Ultra 9 275HX (017VN),"Laptop MSI Stealth 18 HX AI A2XWIG Ultra 9 275HX (017VN) là bước đột phá công nghệ, kết hợp hoàn hảo giữa thiết kế hiện đại và sức mạnh hiệu suất đỉnh cao. Sinh ra để tối ưu cho AI, chiếc laptop này không chỉ là công cụ mạnh mẽ cho game thủ mà còn là trợ thủ đắc lực cho doanh nhân và nhà sáng tạo nội dung. Dù bạn đang làm việc, sáng tạo hay chinh phục những thử thách mới, Stealth 18 HX luôn đồng hành cùng bạn, mang lại trải nghiệm vượt trội ở mọi nơi. Hiệu năng và hình ảnh tuyệt đỉnh trong game MSI GE Stealth sở hữu sức mạnh vượt trội nhờ bộ vi xử lý Intel Core Ultra 9 - 275HX, một con chip cao cấp có cấu trúc , kết hợp giữa các hiệu suất cao và tiết kiệm điện, chiếc laptop này mang lại khả năng xử lý đa nhiệm ấn tượng, đảm bảo cân bằng giữa hiệu suất và năng lượng, duy trì sự ổn định ngay cả khi xử lý các tác vụ phức tạp như chỉnh sửa video 4K, thiết kế 3D, dựng hình, mô phỏng trong môi trường CAD hay chơi game AAA đòi hỏi cấu hình mạnh mẽ. Xem thêm"
hp-envy-x360-14-fa0047au-r7-a19bppa,HP Envy X360 14 fa0047AU R7 8840HS (A19BPPA),"Nếu bạn là học sinh, sinh viên, nhân viên văn phòng hay dân thiết kế đồ họa đang tìm kiếm một chiếc HP Envy X360 14 fa0047AU R7 8840HS (A19BPPA) đa năng, mạnh mẽ thì đây chính là lựa chọn không thể bỏ qua. Với hiệu năng vượt trội, thiết kế sang trọng và màn hình OLED sắc nét, chiếc laptop này sẽ là người bạn đồng hành lý tưởng trong công việc và học tập. Với mức giá hợp lý, đây chắc chắn là một khoản đầu tư xứng đáng. ""Cân"" mọi tác vụ với sức mạnh từ AMD Ryzen 7 Trái tim của chiếc laptop học tập - văn phòng này là bộ vi xử lý AMD Ryzen 7 8840HS mạnh mẽ. Với 8 nhân và , tốc độ xung nhịp lên đến nhờ Turbo Boost, máy có thể dễ dàng xử lý mọi tác vụ từ cơ bản đến phức tạp. Dù bạn đang làm việc với các ứng dụng văn phòng, duyệt web, xem phim, hay thậm chí là chỉnh sửa ảnh, video, chiếc laptop này đều đáp ứng mượt mà. Xem thêm"
msi-prestige-16-ai-b2vmg-ultra-9-288v-016vn,MSI Prestige 16 AI+ B2VMG Ultra 9 288V (016VN),"Trong thời đại công nghệ phát triển vượt bậc, việc chọn một chiếc laptop không chỉ đáp ứng nhu cầu cơ bản mà còn hỗ trợ sáng tạo, tối ưu hóa hiệu suất làm việc và đồng hành trong những trải nghiệm giải trí là yêu cầu ngày càng cao. Laptop MSI Prestige 16 AI+ B2VMG Ultra 9 288V (016VN) chính là sự lựa chọn lý tưởng, vượt xa tiêu chuẩn bạn trông chờ không chỉ trong thiết kế mà còn hiệu suất xử lý. Thiết kế mỏng nhẹ, sang trọng và bền bỉ MSI Prestige 16 AI+ được thiết kế với vẻ ngoài trang nhã, ấn tượng từ mọi góc nhìn. Với độ dày 18.95 mm và khối lượng 1.5 kg nhẹ nhàng, chiếc laptop này mang lại sự gọn nhẹ dù sở hữu màn hình lớn 16 inch. Vỏ máy nhựa cứng cáp và nắp lưng kim loại, không chỉ tăng cường độ bền mà còn giữ được tính thẩm mỹ nhờ khả năng chống bám dấu vân tay hiệu quả. Cảm giác cầm nắm chắc chắn và vẻ ngoài tinh tế biến nó thành người bạn đồng hành hoàn hảo, dù bạn làm việc tại văn phòng hay trong các chuyến công tác. Xem thêm"
asus-vivobook-14-a1407ca-ultra-5-ly008ws,Asus Vivobook 14 A1407CA Ultra 5 225H (LY008WS),"Laptop Asus Vivobook 14 A1407CA Ultra 5 225H (LY008WS) không chỉ là một chiếc laptop thông thường mà còn là trợ thủ đắc lực cho công việc, học tập và giải trí. Với hiệu suất mạnh mẽ, màn hình chất lượng cao cùng thiết kế bền bỉ, đây chính là lựa chọn lý tưởng cho người dùng yêu thích sự linh hoạt và hiệu quả. ""Cân"" mọi tác vụ với sức mạnh từ Intel AI Được trang bị bộ vi xử lý Intel Core Ultra 5 225H thế hệ mới, Asus Vivobook 14 A1407CA mang đến sức mạnh vượt trội, giúp bạn dễ dàng xử lý từ tác vụ văn phòng cơ bản như soạn thảo văn bản, duyệt web, email đến các công việc đa nhiệm phức tạp như lập trình, thiết kế đồ họa, chỉnh sửa video chuyên nghiệp,... Xem thêm"
lenovo-yoga-pro-7-14asp9-r9-83hn0022vn,Lenovo Yoga Pro 7 14ASP9 R9 AI 365 (83HN0022VN),"Hoàn hảo cho phong cách cá nhân với độ gọn nhẹ bất ngờ, vừa phục vụ cả về hiệu suất sử dụng AMD thế hệ mới với AI cùng vô vàn các công nghệ tiện ích khác. Laptop Lenovo Yoga Pro 7 14ASP9 R9 AI 365 (83HN0022VN) siêu phẩm nhà Lenovo nổi bật như một tác phẩm nghệ thuật thể hiện sự tinh tế và cá nhân hóa cao. Thiết kế tinh tế, độ bền chuẩn quân đội Lenovo Yoga Pro 7 nổi bật với thiết kế ngoại hình sang trọng và đẳng cấp. Đường cắt nét tinh xảo được gia công vô cùng tỉ mỉ tạo nên sự thu hút từ chiếc laptop cao cấp này. Vỏ máy làm từ kim loại nhôm mang lại cảm giác chắc chắn lại còn đảm bảo được tính thẩm mỹ cao. Cân nặng máy chỉ 1.54 kg cùng tiêu chuẩn bền quân đội MIL STD 810H, bạn có thể dễ dàng mang máy theo bên mình mọi lúc, mọi nơi mà không gây khó khăn hay cảm giác cồng kềnh. Điều đó cũng vô cùng đúng với ý đồ của hãng cho thiết kế trên dòng Yoga này. Xem thêm"
asus-vivobook-s-16-s5606ca-ultra-5-ri114ws,Asus Vivobook S 16 S5606CA Ultra 5 225H (RI114WS),"Laptop Asus Vivobook S 16 S5606CA Ultra 5 225H (RI114WS) là chiếc laptop Asus Vivobook lý tưởng cho học sinh, sinh viên và nhân viên văn phòng, nổi bật với hiệu năng mạnh mẽ từ chip Intel thế hệ mới và thiết kế mỏng nhẹ, thanh lịch. Đây là một lựa chọn tuyệt vời cho những ai tìm kiếm sự cân bằng giữa hiệu suất và tính di động. Sức mạnh ""AI"" ẩn mình bên trong: Hiệu năng vượt trội từ chip Intel AI Laptop được trang bị CPU Intel Core Ultra 5 Lunar Lake - 225H với 14 nhân và 14 luồng, tốc độ xung nhịp lên đến 4.9 GHz nhờ Turbo Boost, mang lại hiệu năng ấn tượng cho mọi tác vụ từ học tập, làm việc đến giải trí. Đặc biệt, laptop AI này còn tích hợp NPU Intel AI Boost, giúp tăng tốc các ứng dụng AI, tối ưu hóa trải nghiệm người dùng. Đi kèm là card đồ họa tích hợp Intel Arc Graphics, đủ sức đáp ứng nhu cầu đồ họa cơ bản và chơi game nhẹ nhàng. Xem thêm"
gigabyte-aorus-master-16-ultra-9-16-byhc5vne64sh,GIGABYTE AORUS MASTER 16 Ultra 9 275HX (AORUS-MASTER-16-BYHC5VNE64SH),"Laptop GIGABYTE AORUS MASTER 16 Ultra 9 275HX (AORUS-MASTER-16-BYHC5VNE64SH) là cỗ máy gaming đỉnh cao, sinh ra để chinh phục mọi thử thách dành cho game thủ chuyên nghiệp và người dùng sáng tạo nội dung. Với sức mạnh vượt trội từ bộ vi xử lý Intel Core Ultra 9 thế hệ mới nhất và card đồ họa NVIDIA GeForce RTX 5080, chiếc laptop này hứa hẹn mang đến trải nghiệm mượt mà, sống động trong mọi tác vụ. Đây chắc chắn là một khoản đầu tư xứng đáng cho những ai tìm kiếm hiệu năng tối thượng. ""Quái vật"" hiệu năng khuấy đảo mọi cuộc chiến ảo Xem thêm"
dell-xps-13-9340-ultra-7-hxrgt2,Dell XPS 13 9340 Ultra 7 155H (HXRGT2),"Laptop Dell XPS 13 9340 Ultra 7 155H (HXRGT2) là lựa chọn hoàn hảo cho những ai cần một thiết bị mạnh mẽ nhưng vẫn giữ được sự tinh tế trong thiết kế. Với sức mạnh từ dòng chip Ultra mới nhất, màn hình sắc nét với nhiều công nghệ hỗ trợ cùng các tính năng bảo mật tiên tiến, chiếc laptop này sẽ là trợ thủ đắc lực cho công việc lẫn giải trí. Thiết kế tinh tế, hiện đại Laptop Dell XPS gây ấn tượng ngay từ cái nhìn đầu tiên với lớp vỏ bạc cao cấp được chế tác từ hợp kim Nhôm Carbon, mang đến sự bền bỉ và vẻ ngoài sang trọng. Với khối lượng chỉ 1.17 kg và thiết kế siêu mỏng, máy dễ dàng di chuyển, phù hợp với những người thường xuyên làm việc di động. Xem thêm"
asus-rog-strix-scar-18-g835lw-ultra-9-sa172w,Asus ROG Strix SCAR 18 G835LW Ultra 9 275HX (SA172W),"Laptop Asus ROG Strix SCAR 18 G835LW Ultra 9 275HX (SA172W) là cỗ máy chiến game tối thượng, được thiết kế dành riêng cho các game thủ chuyên nghiệp và những người dùng đòi hỏi hiệu năng đỉnh cao trong công việc sáng tạo. Với sức mạnh vượt trội, màn hình siêu mượt và thiết kế đậm chất gaming, chiếc laptop này hứa hẹn mang đến trải nghiệm tuyệt vời trong mọi tác vụ. Đây không chỉ là một chiếc laptop, mà là một trạm chiến lược di động, sẵn sàng chinh phục mọi thử thách. ""Quái vật hiệu năng"" ẩn mình trong thiết kế gaming hầm hố ROG Strix SCAR 18 G835LW (SA172W) được trang bị bộ vi xử lý Intel Core Ultra 9 Arrow Lake 275HX với và , tốc độ xung nhịp lên đến nhờ Turbo Boost. Cùng với đó là , mang lại hiệu năng xử lý AI vượt trội với , giúp tăng tốc các ứng dụng sáng tạo và tối ưu hóa trải nghiệm gaming. Card đồ họa rời biến mọi tựa game AAA trở nên mượt mà ở thiết lập đồ họa cao nhất. Với này, bạn sẽ không phải lo lắng về việc giật lag hay drop FPS. Xem thêm"
asus-zenbook-s16-um5606ka-r7-ai-350-rk113ws,Asus Zenbook S16 UM5606KA R7 AI 350 (RK113WS),"Laptop Asus Zenbook S16 UM5606KA R7 AI 350 (RK113WS) là chiếc laptop hoàn hảo cho học sinh, sinh viên và nhân viên văn phòng đang tìm kiếm một thiết bị mỏng nhẹ, hiệu năng mạnh mẽ và tích hợp công nghệ AI tiên tiến. Với thiết kế sang trọng, màn hình OLED sắc nét và thời lượng pin ấn tượng, chiếc laptop này hứa hẹn mang đến trải nghiệm làm việc và giải trí tuyệt vời. Đây chắc chắn là một lựa chọn đáng cân nhắc trong phân khúc laptop cao cấp. Sức mạnh ""AI"" ẩn mình trong vẻ ngoài thanh lịch của Zenbook S16 Trái tim của chiếc laptop AI này là bộ vi xử lý AMD Ryzen AI 7 350, với 8 nhân và 16 luồng, tốc độ xung nhịp lên đến nhờ Turbo Boost. Sức mạnh này không chỉ đáp ứng tốt mọi tác vụ văn phòng hàng ngày, từ soạn thảo văn bản, duyệt web đến xử lý bảng tính phức tạp, mà còn cho phép bạn chỉnh sửa ảnh, video cơ bản một cách mượt mà. Điểm đặc biệt nằm ở , mang đến hiệu năng xử lý AI , hỗ trợ các ứng dụng học máy và trí tuệ nhân tạo, giúp bạn làm việc hiệu quả hơn. Xem thêm"
lenovo-v15-g5-irl-core-5-83hf0000vn,Lenovo V15 G5 IRL Core 5 120U (83HF0000VN),"Laptop Lenovo V15 G5 IRL Core 5 120U (83HF0000VN) là sự kết hợp hoàn hảo giữa hiệu suất mạnh mẽ và thiết kế hiện đại, phù hợp cho học sinh, sinh viên và nhân viên văn phòng. Với cấu hình ổn định, dung lượng lưu trữ rộng rãi và vẻ ngoài cuốn hút, sản phẩm này đang được bán với mức giá hấp dẫn tại Thế Giới Di Động. • Trái tim của Lenovo V15 G5 chính là bộ vi xử lý Intel Core 5 Raptor Lake - 120U, gồm 10 nhân và 12 luồng hoạt động cùng công nghệ Turbo Boost, đẩy tốc độ lên tối đa tới 5.0 GHz. Điều này đảm bảo rằng mọi tác vụ, từ công việc văn phòng với Word, Excel, PowerPoint cho đến những ứng dụng đồ họa cơ bản, đều được xử lý mượt mà. Bạn còn có thể dễ dàng làm việc với các nền tảng coding, khiến sản phẩm này trở thành công cụ hữu ích cho cả lập trình viên. Xem thêm"
asus-rog-strix-scar-16-g635lx-ultra-9-rw179w,Asus ROG Strix SCAR 16 G635LX Ultra 9 275HX (RW179W),"Chào mừng đến với bài đánh giá chi tiết về chiếc laptop Asus ROG Strix SCAR 16 G635LX Ultra 9 275HX (RW179W) - một ""quái vật"" gaming thực thụ, được thiết kế dành riêng cho các game thủ chuyên nghiệp và người dùng đòi hỏi hiệu năng đỉnh cao. Với sức mạnh vượt trội, thiết kế hầm hố và màn hình siêu mượt, chiếc laptop này hứa hẹn mang đến những trải nghiệm chiến game và làm việc tuyệt vời nhất. Đây chắc chắn là một khoản đầu tư xứng đáng cho những ai tìm kiếm sự hoàn hảo. ""Cỗ máy chiến game"" với sức mạnh không giới hạn Trái tim của chiếc laptop gaming này là bộ vi xử lý Intel Core Ultra 9 Arrow Lake 275HX với 24 nhân và 24 luồng, tốc độ xung nhịp lên đến nhờ Turbo Boost, đảm bảo xử lý mượt mà mọi tác vụ từ chiến game AAA đến render video 8K. Đi kèm là card đồ họa rời , cho phép bạn chinh phục mọi tựa game ở thiết lập đồ họa cao nhất. tốc độ giúp máy đa nhiệm cực tốt, bạn có thể mở hàng chục tab Chrome, chạy nhiều ứng dụng nặng cùng lúc mà không lo giật lag.  cho tốc độ đọc/ghi siêu nhanh, giúp khởi động máy, mở ứng dụng và load game chỉ trong tích tắc. Hệ thống tản nhiệt tiên tiến đảm bảo máy luôn mát mẻ, hoạt động ổn định trong thời gian dài. Xem thêm"
lenovo-yoga-slim-7-15ill9-ultra-7-83hm000gvn,Lenovo Yoga Slim 7 15ILL9 Ultra 7 258V (83HM000GVN),"Dòng Yoga Slim từ lâu đã nổi tiếng bởi tính gọn nhẹ, thiết kế cao cấp, bền bỉ và hiệu năng ấn tượng cho người dùng có thể mang theo đến bất cứ đâu. Mẫu laptop Lenovo Yoga Slim 7 15ILL9 Ultra 7 258V (83HM000GVN) ""tuân theo"" nghiêm chỉnh những tiêu chuẩn vốn có của dòng máy, nay còn được hỗ trợ thế hệ chip AI hoàn toàn mới, nhiều công năng hơn để nâng cao mức trải nghiệm cho người dùng. Sức mạnh ""khủng"" từ Intel Ultra 7, cân mọi tác vụ từ học tập đến sáng tạo Sức mạnh của Lenovo Yoga Slim 7 đến từ bộ vi xử lý Intel Core Ultra 7 Lunar Lake - 258V với NPU tích hợp lên đến, tính toán cực nhanh và cực thông minh đối với một chiếc máy tính xách tay. Không chỉ tự động phân chia luồng công việc hiệu quả để tiết kiệm pin trong các công việc truyền thống, khi kết hợp với card  máy còn thực hiện được dựng lập video, xử lý đồ hoạ, lập trình nhanh chóng qua nhiều tính năng trí tuệ nhân tạo và đặc biệt hơn là còn có phím gọi trợ lý ảo Copilot cho hỏi đáp. Xem thêm"
macbook-pro-14-inch-m4-pro-48gb-512gb,MacBook Pro 14 inch M4 Pro 48GB/512GB,"Apple tiếp tục khẳng định vị thế dẫn đầu trong ngành công nghệ với sản phẩm mới nhất - Macbook Pro 14 inch M4 Pro 48GB/512GB. Chiếc máy tính xách tay cao cấp này là sự kết hợp hoàn hảo giữa thiết kế sang trọng, hiệu năng vượt trội và những cải tiến công nghệ tiên tiến nhất. Với nhiều điểm nhấn ấn tượng từ con chip M4 mới đến màn hình Liquid Retina XDR thế hệ mới,... máy sẽ hoàn thiện thật hoàn hảo mọi nhu cầu người dùng. Khả năng vượt cả mong đợi từ cấu hình Con chip Apple M4 Pro, đánh dấu bước tiến quan trọng của Apple trong việc tối ưu hóa hiệu năng với nhiều tính năng AI quan trọng. Được xây dựng trên tiến trình 3 nm hiện đại, áp dụng quy trình khắt khe hơn nên giờ đây có thể nhanh hơn đến 1,9 lần so với CPU của M1 Pro và nhanh hơn tới 2,1 lần so với chip PC AI mới nhất với . Đây là cấu hình lý tưởng cho các tác vụ nặng như chỉnh sửa video 8K, dựng hình 3D hoặc lập trình AI mà vẫn tiết kiệm pin đáng kể khi xử lý các công việc nhẹ nhàng hơn. Xem thêm"
macbook-air-13-inch-m4-24gb-256gb,MacBook Air 13 inch M4 24GB/256GB,"Apple tiếp tục chinh phục giới công nghệ với MacBook Air 13 inch M4 24GB/256GB – chiếc laptop không chỉ siêu mỏng nhẹ, sang trọng mà còn sở hữu hiệu năng vượt trội. Mang trong mình chip Apple M4 thế hệ mới, MacBook Air M4 không đơn thuần là một thiết bị làm việc, mà còn là một trợ thủ đắc lực giúp bạn bứt phá giới hạn trong mọi tác vụ. Từ thiết kế đến công nghệ, sản phẩm này hứa hẹn làm hài lòng ngay cả những người dùng khó tính nhất. Thiết kế tối giản, sang trọng và bền bỉ MacBook vẫn giữ nguyên triết lý thiết kế mỏng nhẹ trứ danh của dòng Air, nhưng lần này, Apple đã nâng tầm với chất liệu , vừa thân thiện với môi trường, vừa đảm bảo độ bền đáng kinh ngạc. Với độ dày chỉ và khối lượng , bạn có thể dễ dàng bỏ vào túi xách và mang theo đến bất cứ đâu. Apple cũng mang đến bốn phiên bản màu sắc thời thượng: xanh đen, vàng, bạc và xanh da trời, giúp bạn thể hiện phong cách riêng một cách tinh tế. Xem thêm"
macbook-air-15-inch-m4-24gb-256gb,MacBook Air 15 inch M4 24GB/256GB,"Sở hữu thiết kế siêu mỏng nhẹ, màn hình lớn rực rỡ cùng bộ vi xử lý Apple M4 mạnh mẽ, MacBook Air 15 inch M4 24GB/256GB là lựa chọn lý tưởng cho những ai cần một chiếc laptop linh hoạt, hiệu năng cao để đáp ứng cả công việc lẫn giải trí. Với bộ nhớ RAM 24 GB và ổ cứng SSD 256 GB, máy đảm bảo khả năng đa nhiệm mượt mà, giúp nâng cao hiệu suất làm việc trong mọi tình huống. Hiệu suất mạnh mẽ với Apple M4 MacBook Air được trang bị chip Apple M4 mới nhất, mang đến hiệu suất mạnh mẽ và tối ưu hơn bao giờ hết. Với CPU 10 lõi, máy có khả năng xử lý nhanh gấp đôi so với phiên bản M1, cho phép thực hiện mượt mà các tác vụ từ đa nhiệm văn phòng đến chỉnh sửa video hay lập trình phức tạp. Bên cạnh đó, chip M4 còn được tối ưu hóa về hiệu suất năng lượng, giúp giảm mức tiêu thụ điện mà vẫn đảm bảo hiệu năng ổn định. Xem thêm"
macbook-pro-14-inch-m4-16gb-1tb,MacBook Pro 14 inch M4 16GB/1TB,"Với mỗi thế hệ sản phẩm mới, Apple luôn đặt ra những tiêu chuẩn cao hơn cho thị trường công nghệ và Macbook Pro 14 inch M4 16GB/1TB là minh chứng rõ nét nhất cho điều này. Từ thiết kế, hiệu năng đến các tính năng hỗ trợ công việc, mọi chi tiết trên sản phẩm này đều được chăm chút cẩn thận, khẳng định vị thế của một dòng máy tính xách tay hàng đầu. Cải tiến chip M4 mạnh mẽ cho thế hệ mới MacBook Pro phiên bản năm nay được trang bị chip Apple M4, được chế tạo trên tiến trình tiên tiến 3 nm thế hệ thứ 2 cải tiến – đột phá công nghệ giúp tăng hiệu năng và giảm điện năng tiêu thụ. Với 10 nhân CPU, trong đó có 6 nhân hiệu năng cao và 4 nhân tiết kiệm năng lượng, M4 mang đến khả năng xử lý mạnh mẽ hơn 35% so với M3, đặc biệt trong các tác vụ như chỉnh sửa video 8K, thiết kế đồ họa 3D hay chạy ứng dụng lập trình phức tạp. Xem thêm"
macbook-pro-14-inch-m4-pro-24gb-512gb,MacBook Pro 14 inch M4 Pro 24GB/512GB,"Khi nói đến máy tính xách tay cho các tác vụ đồ họa và kỹ thuật, Apple luôn giữ vững vị thế hàng đầu và Macbook Pro 14 inch M4 Pro 24GB/512GB - mẫu sản phẩm máy tính xách tay ""mới toanh"" từ nhà Táo trong năm nay là minh chứng rõ nhất. Với thiết kế sang trọng, hiệu năng vượt trội và các tính năng hiện đại, sản phẩm này được thiết kế đặc biệt cho những người dùng chuyên nghiệp, đòi hỏi sự mạnh mẽ và chuyên nghiệp nhất trong từng thao tác. Đột phá với mẫu chip mới, vận dụng thật đỉnh cao Chip Apple M4 Pro là một bước tiến vượt bậc, đánh dấu sự đột phá trong thiết kế và sản xuất chip xử lý của Apple. Với công nghệ 3 nm và tích hợp hơn hàng tỷ bóng bán dẫn, không chỉ tối ưu hóa tốc độ xử lý mà còn tiết kiệm năng lượng đáng kể, giúp thiết bị hoạt động mượt mà hơn trong thời gian dài. Bộ vi xử lý này bao gồm và, đủ sức đáp ứng các tác vụ phức tạp như xử lý đồ họa 3D, render video 4K hay xử lý các mô hình kỹ thuật lớn. Xem thêm"
macbook-pro-14-nano-m4-pro-24-512,MacBook Pro 14 inch Nano M4 Pro 24GB/512GB,"Khi nhắc đến máy tính xách tay dành riêng cho công việc sáng tạo và kỹ thuật, cái tên MacBook luôn giữ một vị trí khó thay thế. Năm nay, laptop Macbook Pro 14 Nano M4 Pro 24GB/512GB đã chứng minh Apple vẫn luôn đi trước một bước, mang đến một thiết bị không chỉ mạnh mẽ mà còn sang trọng, tinh tế. Với thiết kế vượt trội cùng hiệu năng ""nâng cấp"" không đối thủ, đây thực sự là sản phẩm lý tưởng cho các nhà sáng tạo chuyên nghiệp và những người dùng yêu cầu cao. Trải nghiệm ""xịn"" tuyệt vời mọi giác quan Một trong những điểm nhấn đáng chú ý trên laptop cao cấp chính là màn hình Nano-Texture, được Apple thiết kế nhằm nâng cao trải nghiệm làm việc trong mọi điều kiện ánh sáng. Công nghệ này sử dụng một lớp phủ nano đặc biệt trên bề mặt màn hình kích thước , giúp giảm độ chói một cách đáng kể so với các màn hình truyền thống. Xem thêm"
macbook-pro-14-nano-m4-16-512,MacBook Pro 14 inch Nano M4 16GB/512GB,"Apple luôn là biểu tượng của sự sáng tạo và đổi mới không ngừng. Với mỗi sản phẩm mới, hãng không chỉ vượt qua giới hạn của chính mình mà còn định nghĩa lại các tiêu chuẩn cho toàn bộ ngành công nghệ hàng năm. MacBook Pro 14 inch Nano M4 16GB/512GB chính là minh chứng rõ nét nhất cho triết lý này. Từ hiệu năng mạnh mẽ đến thiết kế tinh tế, từ những tính năng vượt trội đến khả năng tối ưu hóa trải nghiệm, chiếc laptop này thực sự là ""giấc mơ"" của người dùng chuyên nghiệp. Sức mạnh vượt trội từ con chip M4 thế hệ mới Điểm nổi bật đầu tiên của MacBook Pro M4 chính là bộ vi xử lý Apple M4 – một bước đột phá công nghệ đáng kinh ngạc. Con chip này được sản xuất trên tiến trình 3 nm tiên tiến bậc nhất, giúp nâng hiệu năng xử lý lên tầm cao mới, đồng thời giảm mức tiêu thụ điện năng đáng kể. Với cấu hình (6 nhân hiệu năng cao và 4 nhân tiết kiệm năng lượng), M4 mang đến khả năng xử lý nhanh hơn tới 35% so với người tiền nhiệm M3. Xem thêm"
dell-inspiron-14-5430-i5-i5p165w11sl2050,Dell Inspiron 14 5430 i5 1340P (N5430-i5P165W11SL2050),"Laptop Dell Inspiron 14 5430 i5 1340P (N5430-i5P165W11SL2050) với sự định hình thời thượng về thiết kế, hiệu năng mạnh mẽ với con chip Intel thế hệ 13 cùng card rời RTX, hứa hẹn mang đến những trải nghiệm làm việc và giải trí trọn vẹn nhất cho người dùng là sinh viên, nhân viên hay doanh nhân. • Con chip Intel Core i5 1340P cùng card đồ họa NVIDIA GeForce RTX 2050 4 GB đã mang đến cho chiếc laptop Dell này hiệu năng xử lý vượt trội không chỉ những tác vụ học tập, văn phòng cơ bản mà còn đáp ứng tốt những công việc liên quan đến chỉnh ảnh, thiết kế trên Premiere, Lightroom, Photoshop,... cũng như chiến thoải mái với những tựa game đang hot hiện nay. • Laptop Dell Inspiron tích hợp RAM 16 GB LPDDR5 cho phép người dùng làm việc cùng lúc trên nhiều cửa sổ ứng dụng khác nhau nhưng vẫn đảm bảo chuyển động mượt mà, hạn chế giật lag. Ổ cứng có hỗ trợ mở rộng dung lượng lên tối đa , mang đến không gian lưu trữ thoải mái, bên cạnh đó gia tăng tốc độ mở máy và truy cập các ứng dụng nhanh hơn chỉ trong vài giây. Xem thêm"
samsung-galaxy-chromebook-go-xe310xda-n4500,Samsung Galaxy Chromebook Go XE310XDA N4500,"Bạn muốn tìm một mẫu laptop cho con trẻ học tập, sinh viên sử dụng hay nhân viên văn phòng trong mọi việc hàng ngày có cấu hình ổn định nhưng lại không có mức giá thành quá cao. Laptop Samsung Galaxy Chromebook Go XE310XDA N4500 chắc chắn là sự lựa chọn đáng cân nhắc nhất trong phân khúc. • Máy với hệ thống truy cập liên tục và nhanh chóng tới các tiện ích trên Google Workspace như tài liệu, trang tính,... sử dụng các phần mềm mở rộng được cung cấp bởi CH Play vô cùng dễ dàng để hỗ trợ cho các công việc, học tập và giải trí đa phương tiện. Được thiết kế để tối ưu hóa việc sử dụng các dịch vụ đám mây, máy cho phép mọi hoạt động từ lưu trữ tệp tin đến sử dụng ứng dụng đều được thực hiện trực tuyến qua Chrome Sync, hỗ trợ đồng bộ hóa dữ liệu dễ dàng trên mọi thiết bị mà bạn đăng nhập. Xem thêm"
lenovo-ideapad-slim-5-oled-15arp10-r7-83j3001dvn,Lenovo IdeaPad Slim 5 OLED 15ARP10 R7 7735HS (83J3001DVN),"Laptop Lenovo IdeaPad Slim 5 OLED 15ARP10 R7 7735HS (83J3001DVN) là sản phẩm lý tưởng cho học sinh, sinh viên và nhân viên văn phòng nhờ sự kết hợp hoàn hảo giữa hiệu năng mạnh mẽ và màn hình OLED sống động. Chiếc laptop này không chỉ đáp ứng tốt các nhu cầu học tập, làm việc mà còn mang đến trải nghiệm giải trí tuyệt vời. Với mức giá hợp lý, đây chắc chắn là một lựa chọn đáng cân nhắc trong phân khúc laptop tầm trung. Sức mạnh ""khủng"" bên trong vẻ ngoài thanh lịch Trái tim của chiếc laptop học tập - văn phòng này là bộ vi xử lý AMD Ryzen 7 7735HS với 8 nhân 16 luồng, xung nhịp tối đa lên đến nhờ Turbo Boost. Sức mạnh này không chỉ giúp máy xử lý mượt mà các tác vụ văn phòng, học tập thông thường mà còn đáp ứng tốt nhu cầu chỉnh sửa ảnh, video cơ bản. Card đồ họa tích hợp cũng giúp tăng cường khả năng xử lý đồ họa, cho phép bạn chơi các game online nhẹ nhàng hoặc xem phim với chất lượng hình ảnh tốt. Xem thêm"
macbook-air-13-inch-m4-32gb-256gb,MacBook Air 13 inch M4 32GB/256GB,"MacBook Air 13 inch M4 32GB/256GB là lựa chọn hoàn hảo cho những ai cần một thiết bị siêu di động nhưng vẫn đảm bảo hiệu suất cao. Với chip Apple M4 tối tân, RAM 32 GB cho khả năng đa nhiệm mượt mà và màn hình Retina sắc nét, đây chính là chiếc laptop lý tưởng cho công việc và giải trí trong mọi tình huống. Thiết kế sang trọng, siêu mỏng và linh hoạt MacBook Air M4 tiếp tục khẳng định phong cách thiết kế tối giản nhưng đầy tinh tế của Apple. Với khung nhôm nguyên khối được chế tạo từ 100% vật liệu tái chế, máy vừa bền bỉ vừa thân thiện với môi trường. Độ mỏng chỉ và khối lượng giúp chiếc máy này trở thành một trong những chiếc laptop nhẹ nhất, thuận tiện mang theo mọi lúc, mọi nơi. Xem thêm"
asus-k3605vc-i5-rp364w,Asus Gaming Vivobook 16X K3605VC i5 13420H (RP364W),"Hôm nay mình sẽ giới thiệu đến các bạn chiếc laptop Asus Gaming Vivobook 16X K3605VC i5 13420H (RP364W), một chiếc laptop gaming mạnh mẽ, đáp ứng tốt nhu cầu chiến game và làm việc chuyên nghiệp. Với thiết kế đẹp mắt, hiệu năng ấn tượng và màn hình sắc nét, đây chắc chắn là một lựa chọn đáng cân nhắc trong phân khúc của mình. Cùng mình khám phá chi tiết hơn về em nó nhé! Sức mạnh ""quái thú"" bên trong vẻ ngoài thanh lịch Asus Gaming Vivobook 16X K3605VC được trang bị bộ vi xử lý Intel Core i5 Raptor Lake - 13420H với 8 nhân và 12 luồng, tốc độ xung nhịp tối đa lên đến 4.6 GHz nhờ Turbo Boost. Điều này cho phép máy xử lý mượt mà các tác vụ nặng, từ chơi game AAA đến chỉnh sửa video hay thiết kế đồ họa. Card màn hình rời giúp tăng cường khả năng xử lý đồ họa, mang lại trải nghiệm gaming sống động và chân thực. Xem thêm"
samsung-galaxy-chromebook-go-xe340xda-n4500,Samsung Galaxy Chromebook Go XE340XDA N4500,"Bạn đang tìm kiếm một chiếc laptop học tập và văn phòng giúp xử lý hiệu quả mọi tác vụ công việc và giải trí hàng ngày? Hãy cân nhắc đến laptop Samsung Galaxy Chromebook Go XE340XDA N4500, một thiết bị mang lại hiệu năng ổn định, thiết kế tinh tế và mức giá lý tưởng, chắc chắn sẽ đáp ứng đầy đủ nhu cầu của bạn. • Khả năng đồng bộ hóa và lưu trữ đám mây của hệ điều hành Chrome OS còn giúp người dùng sao lưu dữ liệu an toàn và dễ dàng chia sẻ. Qua Chrome Sync, bất kỳ thay đổi nào thực hiện trên một thiết bị đều tự động được cập nhật trên tất cả các thiết bị khác đã đăng nhập cùng tài khoản Google. Điều này hỗ trợ đắc lực cho những người thường xuyên làm việc từ xa, học sinh sinh viên học tập online, giúp họ giữ liên lạc và làm việc hiệu quả mà không cần lo lắng về dữ liệu bị mất hoặc quên mang theo thiết bị. Xem thêm"
macbook-pro-16-inch-m4-pro-24gb-1tb,MacBook Pro 16 inch M4 Pro 24GB/1TB,"Sau thành công vang dội của MacBook M3, Apple tiếp tục chinh phục thị trường công nghệ với phiên bản Macbook Pro 16 inch M4 Pro 24GB/1TB. Mẫu laptop mới không chỉ cải thiện mạnh mẽ về hiệu năng mà còn mang đến những trải nghiệm tối ưu nhờ tích hợp công nghệ tiên tiến, màn hình sắc nét cùng tính đa dụng cao. Nếu là một iFan chính hiệu thì chắc chắn bạn sẽ không thể bỏ qua mẫu sản phẩm này. Hiệu suất đỉnh cao qua từng kiểm nghiệm MacBook Pro M4 Pro được tích hợp chip Apple M4 Pro xây dựng trên tiến trình 3 nm thế hệ thứ 2 tân tiến, có thể nói đây là một trong những mẫu chip mạnh mẽ với 14 nhân CPU và 20 nhân GPU. Kết hợp với Neural Engine cải tiến nhanh hơn nên có thể thực hiện hàng nghìn tỷ phép tính mỗi giây, mang lại hiệu suất cực cao khi áp dụng cho các mô hình máy học, kĩ thuật hoặc đồ hoạ chuyên nghiệp. Xem thêm"
lenovo-ideapad-slim-3-14irh10-i5-83k0000avn,Lenovo IdeaPad Slim 3 14IRH10 i5 13420H (83K0000AVN),"Laptop Lenovo IdeaPad Slim 3 14IRH10 i5 13420H (83K0000AVN) là sản phẩm lý tưởng cho học sinh, sinh viên và nhân viên văn phòng, nổi bật với hiệu năng ổn định và thiết kế mỏng nhẹ. Đây là một lựa chọn tuyệt vời cho những ai tìm kiếm một chiếc laptop đa năng, đáp ứng tốt nhu cầu học tập, làm việc và giải trí hàng ngày. Với mức giá hợp lý, sản phẩm này hứa hẹn mang đến trải nghiệm sử dụng tuyệt vời. ""Cân"" mọi tác vụ với sức mạnh bên trong Trái tim của chiếc laptop này là CPU Intel Core i5 Raptor Lake - 13420H với 8 nhân và 12 luồng, tốc độ xung nhịp có thể đạt tối đa 4.6 GHz nhờ Turbo Boost. Card đồ họa tích hợp Intel UHD Graphics đủ sức giúp bạn xử lý mượt mà các tác vụ văn phòng, học tập, xem phim và chơi các game online nhẹ nhàng. Xem thêm"
lenovo-ideapad-slim-5-oled-14akp10-r7-ai-350-83hx001jvn,Lenovo Ideapad Slim 5 OLED 14AKP10 R7 AI 350 (83HX001JVN),"Laptop Lenovo Ideapad Slim 5 OLED 14AKP10 R7 AI 350 (83HX001JVN) là sản phẩm lý tưởng cho học sinh, sinh viên và nhân viên văn phòng nhờ sự kết hợp hoàn hảo giữa hiệu năng mạnh mẽ, thiết kế mỏng nhẹ và màn hình OLED sống động. Chiếc laptop này không chỉ đáp ứng tốt nhu cầu học tập, làm việc mà còn mang đến trải nghiệm giải trí tuyệt vời, xứng đáng là người bạn đồng hành đáng tin cậy trong mọi hoạt động. Sức mạnh ""khủng"" ẩn sau vẻ ngoài thanh lịch Chiếc laptop này được trang bị CPU AMD Ryzen AI 7 - 350 với 8 nhân 16 luồng, tốc độ lên đến 5.0 GHz nhờ Turbo Boost, mang lại hiệu năng vượt trội cho mọi tác vụ. Bên cạnh đó, NPU AMD XDNA với hiệu năng xử lý AI lên đến 50 TOPS giúp tối ưu hóa các ứng dụng AI, mang đến trải nghiệm mượt mà và thông minh hơn. Card tích hợp tuy không phải là card đồ họa rời, nhưng vẫn đủ sức đáp ứng tốt các nhu cầu đồ họa cơ bản, xem phim, chơi game nhẹ nhàng. Xem thêm"
hp-elitebook-630-g10-i5-9j0b5pt,HP Elitebook 630 G10 i5 1335U (9J0B5PT),"Sự tích hợp nhỏ gọn bất ngờ qua thiết kế giao diện máy, luồng hiệu năng mạnh mẽ trong mọi công việc lập trình, soạn thảo hay đồ hoạ của bạn cùng đa dạng tiện ích hiện đại, tất cả đều được gói gọn bên trong mẫu laptop HP Elitebook 630 G10 i5 1335U (9J0B5PT) đến từ thương hiệu HP nổi tiếng. • Giao diện laptop khá thu hút với lớp sơn bạc có độ bóng kim loại đặc trưng, không chỉ dừng lại ở mỗi giao diện thẩm mỹ, thân máy cũng vô cùng bền bỉ với chất liệu kim loại - Nhôm hạn chế được tác động bên ngoài tới bộ linh kiện bên trong. Gia công chắc chắn nhưng vô cùng nhỏ gọn nhờ khối lượng chỉ vỏn vẹn 1.22 kg. • Tích hợp tuyệt vời với mọi chế độ làm việc trong ngày trên chiếc laptop mỏng nhẹ với đèn nền bàn phím đơn sắc trắng giúp gõ phím tốt ngay cả trong bóng tối. cũng được hãng trang bị sẵn phòng những trường hợp người dùng phải làm việc từ xa. Xem thêm"
macbook-air-13-m2-24gb-512gb,MacBook Air 13 inch M2 24GB/512GB,"Người dùng yêu thích những thiết kế nhẹ nhàng và thanh lịch của dòng MacBook Air chắc chắn không thể bỏ qua phiên bản Macbook Air 13 M2 24GB/512GB. Với vi xử lý M2 mạnh mẽ, thiết kế nhỏ gọn, sản phẩm hứa hẹn sẽ tạo nên một làn sóng mạnh mẽ trên thị trường công nghệ, mang đến trải nghiệm linh hoạt vượt trội cho cả công việc lẫn giải trí. Thiết kế tối giản nhưng đẳng cấp vượt trội Dòng MacBook Air từ lâu đã được gắn liền với sự thanh lịch và tính di động tối ưu không làm người dùng thất vọng. Với độ mỏng chỉ 11.3 mm và khối lượng nhẹ như ""không khí"" chỉ 1.24 kg, thiết bị này trở thành người bạn đồng hành lý tưởng trong mọi hoàn cảnh. Dễ dàng cất gọn vào balo, mang theo bên mình mà không hề cảm thấy cồng kềnh. Khung máy làm từ kim loại mang đến vẻ ngoài sang trọng, bền bỉ và thân thiện với môi trường. Đặc biệt, sản phẩm có tới bốn lựa chọn màu sắc: từ sắc bạc cổ điển đến màu xanh nhạt thời thượng,... cho phép bạn thể hiện phong cách cá nhân một cách tinh tế. Xem thêm"
macbook-pro-14-nano-m4-max-36-1t,MacBook Pro 14 inch Nano M4 Max 36GB/1TB,"Đón đầu xu thế công nghệ với Macbook Pro 14 inch Nano M4 Max 36GB/1TB. Sản phẩm được nhà Táo cho ra mắt với mong muốn tìm kiếm sự tiến bộ, phát triển về công nghệ theo thời gian. Với sức mạnh vượt trội của chip M4 Max cùng những cải tiến vượt bậc về thiết kế, màn hình và hệ thống phần mềm, ""hoàn hảo"" dành cho các chuyên gia sáng tạo, kỹ sư phần mềm, nhà nghiên cứu AI và những ai tìm kiếm sự đột phá trong công việc. ""Đơn giản hoá"" mọi công việc phức tạp Điểm nhấn nổi bật nhất của Macbook Pro M4 năm nay chính là chip Apple M4 Max, một sản phẩm đột phá từ tiến trình 3 nm tiên tiến. Với và , M4 Max được thiết kế để xử lý khối lượng công việc nặng nề nhất. Bạn có thể dễ dàng thực hiện các tác vụ như dựng video 8K, tạo mô hình 3D chi tiết hay thậm chí phát triển và huấn luyện các mô hình trí tuệ nhân tạo mà không gặp bất kỳ trở ngại nào. Xem thêm"
lenovo-ideapad-slim-3-15irh10-i7-83k1000jvn,Lenovo IdeaPad Slim 3 15IRH10 i7 13620H (83K1000JVN),"Laptop Lenovo IdeaPad Slim 3 15IRH10 i7 13620H (83K1000JVN) là chiếc laptop Lenovo IdeaPad lý tưởng cho học sinh, sinh viên và nhân viên văn phòng nhờ sự kết hợp hoàn hảo giữa hiệu năng mạnh mẽ và thiết kế mỏng nhẹ. Với bộ vi xử lý Intel Core i7 thế hệ 13, chiếc laptop này không chỉ đáp ứng tốt nhu cầu làm việc, học tập mà còn mang đến trải nghiệm giải trí tuyệt vời. Đây là một lựa chọn đáng cân nhắc trong phân khúc laptop tầm trung. Sức mạnh vượt trội, chinh phục mọi tác vụ Laptop Lenovo IdeaPad được trang bị bộ vi xử lý Intel Core i7 Raptor Lake - 13620H với 10 nhân và 16 luồng, tốc độ xung nhịp lên đến nhờ Turbo Boost. Điều này giúp máy xử lý mượt mà mọi tác vụ từ cơ bản đến nâng cao như soạn thảo văn bản, duyệt web, xem phim, chỉnh sửa ảnh, thậm chí là chơi các tựa game online nhẹ nhàng. Card đồ họa tích hợp đủ sức đáp ứng nhu cầu đồ họa hàng ngày của bạn. Xem thêm"
hp-elitebook-x360-1040-g11-ultra-7-am9h3pt,HP Elitebook X360 1040 G11 Ultra 7 165H (AM9H3PT),"Laptop HP Elitebook X360 1040 G11 Ultra 7 165H (AM9H3PT) là sự lựa chọn hoàn hảo cho học sinh, sinh viên và nhân viên văn phòng, những người đòi hỏi sự linh hoạt và hiệu suất cao trong công việc và học tập hàng ngày. Với thiết kế 2 trong 1 độc đáo, hiệu năng mạnh mẽ và màn hình cảm ứng sắc nét, chiếc laptop này mang đến trải nghiệm làm việc và giải trí tuyệt vời. Đây là một công cụ đắc lực giúp bạn hoàn thành mọi tác vụ một cách nhanh chóng và hiệu quả. Hiệu năng vượt trội cho mọi tác vụ HP Elitebook X360 1040 G11 được trang bị bộ vi xử lý Intel Core Ultra 7 165H mạnh mẽ với 16 nhân và , tốc độ xung nhịp lên đến nhờ Turbo Boost, giúp xử lý mượt mà mọi tác vụ từ cơ bản đến phức tạp. Card đồ họa tích hợp mang lại khả năng xử lý đồ họa ấn tượng, đáp ứng tốt nhu cầu làm việc với các ứng dụng thiết kế, chỉnh sửa ảnh và video, cũng như giải trí với các tựa game nhẹ. Xem thêm"
gigabyte-g6x-9kg-c6lg-i7-9rc6l9kghsjix1vn000,GIGABYTE G6X 9KG C6LG i7 13650HX (9RC6L9KGHSJIX1VN000),"Laptop GIGABYTE G6X 9KG C6LG i7 13650HX (9RC6L9KGHSJIX1VN000) là một cỗ máy chiến game mạnh mẽ, được thiết kế dành riêng cho game thủ và những người dùng chuyên nghiệp đòi hỏi hiệu năng cao. Với bộ vi xử lý Intel Core i7 thế hệ 13, card đồ họa RTX 4060 và màn hình 165 Hz siêu mượt, chiếc laptop này hứa hẹn mang đến trải nghiệm gaming đỉnh cao và khả năng xử lý tác vụ nặng mượt mà. Đây là một lựa chọn đáng cân nhắc cho những ai đang tìm kiếm một chiếc laptop gaming mạnh mẽ và đa năng trong tầm giá. ""Cân"" mọi tựa game AAA với sức mạnh ""khủng"" từ GIGABYTE G6X 9KG C6LG i7 Xem thêm"
dell-latitude-7350-ultra-5-l7350135u16512w,Dell Latitude 7350 Ultra 5 135U (L7350-135U-16512W),"Laptop Dell Latitude 7350 Ultra 5 135U (L7350-135U-16512W) là một chiếc laptop lý tưởng cho học sinh, sinh viên và nhân viên văn phòng nhờ sự kết hợp hoàn hảo giữa hiệu năng mạnh mẽ và thiết kế di động. Chiếc laptop này hứa hẹn sẽ là người bạn đồng hành đáng tin cậy trong công việc và học tập hàng ngày. Đây chắc chắn là một lựa chọn đáng cân nhắc trong phân khúc laptop học tập - văn phòng. Sức mạnh ẩn sau vẻ ngoài thanh lịch của Dell Latitude 7350 Ultra 5 Dell Latitude 7350 Ultra 5 135U được trang bị bộ vi xử lý Intel Core Ultra 5 135U thuộc dòng Meteor Lake với 12 nhân và 14 luồng, xung nhịp cơ bản 1.6 GHz và có thể đạt tối đa 4.4 GHz nhờ Turbo Boost. Đi kèm với đó là NPU Intel AI Boost, giúp tăng tốc các tác vụ liên quan đến trí tuệ nhân tạo. Card đồ họa tích hợp đủ sức đáp ứng các nhu cầu đồ họa cơ bản, xem phim, lướt web và chơi các game nhẹ nhàng. Xem thêm"
hp-omen-16-xf0070ax-r9-8w945pa,HP OMEN 16 xf0070AX R9 7940HS (8W945PA),"Đón chào sự trở lại của siêu phẩm laptop gaming OMEN đến từ nhà HP sau khoảng thời gian dài vắng bóng trên đường đua công nghệ, laptop HP OMEN 16 xf0070AX R9 7940HS (8W945PA) với bộ cấu hình vượt trội, màn hình 2K sắc nét có tốc độ quét cao,... đảm bảo cung cấp đầy đủ những yếu tố cần thiết nhất cho hành trình chiến game chuyên nghiệp của bạn. Chiến hấp dẫn mọi thể loại game Laptop HP OMEN sử dụng vi xử lý AMD Ryzen 9 7940HS sở hữu 8 nhân 16 luồng có tốc độ xung nhịp cao nhất lên đến 5.20 GHz cho bạn cảm nhận độ mượt tuyệt vời trong khi trải nghiệm những con game AAA đồ hoạ cấu hình cao, đủ sức đương đầu với những công việc thiết kế phức tạp, quay dựng phim,... Xem thêm"
hp-elitebook-x360-830-g11-ultra-5-a7rb9pt,HP Elitebook X360 830 G11 Ultra 5 135U (A7RB9PT),"Nếu bạn đang tìm kiếm một chiếc laptop cao cấp sang trọng, tiện lợi và mạnh mẽ, laptop HP Elitebook X360 830 G11 Ultra 5 135U (A7RB9PT) chính là lựa chọn lý tưởng. Với thiết kế thanh lịch, tính năng gập mở 2 trong 1 độc đáo, hiệu năng vượt trội từ bộ vi xử lý Intel Core Ultra thế hệ mới,... sẽ phát huy tối đa khả năng làm việc và tính ứng dụng trong sinh hoạt hàng ngày của người dùng. • Laptop HP Elitebook gây ấn tượng ngay từ ánh nhìn đầu tiên nhờ lớp vỏ kim loại cao cấp, vừa mang lại vẻ ngoài sang trọng vừa tăng độ bền bỉ trong di chuyển hàng ngày. Với khối lượng chỉ 1.4 kg và độ mỏng tinh tế, bạn có thể dễ dàng mang theo laptop đến bất kỳ đâu, từ giảng đường, văn phòng cho đến các buổi họp mặt hay làm việc tại quán cà phê. Sắc bạc độc đáo của máy tạo điểm nhấn trẻ trung, phù hợp với nhiều phong cách và môi trường sử dụng khác nhau. Xem thêm"
hp-elitebook-x360-830-g11-ultra-7-a7rc0pt,HP Elitebook X360 830 G11 Ultra 7 165U (A7RC0PT),"Laptop HP Elitebook X360 830 G11 Ultra 7 165U (A7RC0PT) là một kiệt tác công nghệ đỉnh cao, thiết kế tinh tế cùng hiệu năng vượt trội. Với vẻ ngoài sang trọng, độ hoàn thiện tỉ mỉ đến từng chi tiết và sự linh hoạt trong sử dụng, chiếc ultrabook này không chỉ là người bạn đồng hành lý tưởng cho công việc mà còn mang đến trải nghiệm giải trí đa phương tiện đỉnh cao, phù hợp với người dùng chuyên nghiệp ở đa lĩnh vực. • HP Elitebook gây ấn tượng mạnh mẽ ngay từ cái nhìn đầu tiên với thiết kế mỏng nhẹ, hiện đại và mang phong cách tối giản sang trọng. Khung máy được chế tác từ kim loại cao cấp với độ hoàn thiện tuyệt vời, mang lại cảm giác chắc chắn và thời thượng. Máy nhẹ 1.4 kg và mỏng 16.2 mm, dễ dàng mang theo khi di chuyển, phù hợp cho những người thường xuyên phải làm việc tại nhiều địa điểm khác nhau. Xem thêm"
hp-envy-x360-14-fa0097au-r5-ay8u7pa,HP Envy X360 14 fa0097AU R5 8640HS (AY8U7PA),"Nếu bạn đang tìm kiếm một chiếc laptop cao cấp với thiết kế sang trọng, hiệu năng mạnh mẽ và tính linh hoạt vượt trội thì laptop HP Envy X360 14 fa0097AU R5 8640HS (AY8U7PA) sẽ là một lựa chọn không thể bỏ qua. Được ra mắt như một thiết bị công nghệ tối ưu cho người dùng doanh nhân và những ai đam mê sáng tạo, chiếc máy tính xách tay này không chỉ gây ấn tượng bởi hiệu suất mà còn bởi sự tinh tế, nhẹ nhàng trên từng chi tiết. • Bộ vi xử lý AMD Ryzen 5 8640HS với xung nhịp tối đa lên đến 4.9 GHz cùng card đồ họa AMD Radeon Graphics, giúp chiếc laptop này không chỉ hoàn thành các tác vụ văn phòng cơ bản mà còn ""xử gọn"" các công việc phức tạp như đồ họa, lập trình, biên tập video hay thậm chí là chơi game với cấu hình tốt. Sự kết hợp giữa CPU và GPU của AMD mang đến hiệu năng cao, phù hợp với đa dạng nhu cầu công việc đến giải trí. Xem thêm"
hp-omen-14-fb0135tx-ultra-7-ay8v1pa,HP OMEN Transcend 14 fb0135TX Ultra 7 155H (AY8V1PA),"Tạo hình độc đáo cho một chiếc laptop gaming kết hợp ultrabook với thiết kế mỏng gọn, sang trọng nhưng lại sở hữu cấu hình siêu phàm dành cho dân chuyên. Laptop HP OMEN Transcend 14 fb0135TX Ultra 7 155H (AY8V1PA) đáp ứng hoàn hảo các tựa game đình đám, các file xử lý đồ hoạ chuyên sâu. ""Sảng khoái"" chiến mọi tựa game Tâm điểm của HP OMEN Transcend 14 nằm ở bộ vi xử lý Intel Core Ultra 7 155H thế hệ Ultra mới mẻ với nhân AI hoàn toàn mới. Sở hữu 16 nhân và 22 luồng, bộ vi xử lý này không chỉ mạnh mẽ trong các tác vụ cơ bản mà còn thể hiện sự xuất sắc khi chạy các ứng dụng nặng như xử lý AI hay render đồ họa phức tạp. Xung nhịp có thể tăng tốc lên đến 4.8 GHz nhờ Turbo Boost, đảm bảo hiệu năng ổn định và mượt mà trong mọi hoàn cảnh dù chiến game AAA hay chỉ là xử lý tác vụ thông thường. Xem thêm"
macbook-pro-16-nano-m4-pro-24-512,Apple MacBook Pro 16 inch Nano M4 Pro 24GB/512GB,"Apple tiếp tục chinh phục người dùng công nghệ trên toàn thế giới với phiên bản Macbook Pro 16 inch Nano M4 Pro 24GB/512GB năm 2024. Không chỉ nổi bật với sức mạnh từ con chip M4 Pro mới nhất, thiết bị còn mang đến một sự cân bằng hoàn hảo giữa hiệu năng, màn hình Nano tuyệt đẹp, tính di động và vẻ ngoài tinh tế. Đây không chỉ là một chiếc laptop mạnh mẽ mà còn là người bạn đồng hành lý tưởng cho các chuyên gia sáng tạo, kỹ sư và doanh nhân hiện đại. Màn hình Liquid Retina XDR – Đỉnh cao hiển thị Macbook Pro M4 mang đến trải nghiệm màn hình cực kỳ ấn tượng với kích thước 16.2 inch và độ phân giải. Màn hình rộng rãi, hiển thị nội dung rõ nét với màu sắc sống động nhờ công nghệ , tiêu chuẩn studio cho các dự án đồ hoạ cao cấp. Xem thêm"
lenovo-yoga-pro-7-14imh9-ultra-7-83e2006mvn,Lenovo Yoga Pro 7 14IMH9 Ultra 7 155H (83E2006MVN),"Lenovo Yoga Pro 7 14IMH9 Ultra 7 155H (83E2006MVN) mang kiểu dáng thanh lịch, nhỏ gọn đi kèm bộ vi xử lý Intel Ultra thế hệ với AI đầy mạnh mẽ, vô vàn tính năng cao cấp sẽ là lựa chọn lý tưởng cho phân khúc người dùng hiện đại có nhu cầu muốn tìm dòng máy gọn nhẹ mà vẫn đảm bảo cấu hình ổn định. Thiết kế tinh tế, đẳng cấp doanh nhân Laptop Lenovo nổi bật với lớp vỏ kim loại nhôm cao cấp, mang đến cảm giác vừa chắc chắn vừa sang trọng. Sản phẩm đạt chuẩn bền bỉ quân đội MIL STD 810H, giảm thiểu tối đa rủi ro móp méo và hư hỏng trong quá trình di chuyển. Kiểu dáng mỏng nhẹ, chỉ 1.59 kg, với các góc bo tròn mềm mại giúp máy dễ dàng đồng hành cùng bạn trên mọi chặng đường. Xem thêm"
hp-elitebook-635-aero-g11-r5-a8ws6pt,HP Elitebook 635 Aero G11 R5 8640U (A8WS6PT),"Nếu bạn đang tìm kiếm một chiếc laptop không chỉ đáp ứng nhu cầu công việc mà còn mang lại cảm hứng sáng tạo và phong cách sống hiện đại, thì chắc chắn không thể bỏ qua laptop HP Elitebook 635 Aero G11 R5 8640U (A8WS6PT). Với sự kết hợp hoàn hảo giữa thiết kế sang trọng, hiệu năng linh hoạt mạnh mẽ và loạt tính năng đột phá, định dạng lại phong cách sống và làm việc cho người dùng. ""Cân"" mọi tác vụ, thỏa sức sáng tạo với sức mạnh ""khủng"" từ AMD Ryzen AI Với bộ vi xử lý AMD Ryzen 5 8640U, laptop HP sở hữu sức mạnh xử lý tuyệt vời cho các tác vụ từ cơ bản đến phức tạp. Tần số tối đa lên đến  kết hợp cùng card đồ họa  cho phép bạn dễ dàng tiếp cận hơn với các nền tảng dữ liệu lớn, đồ hoạ, lập trình phức tạp. Không chỉ thế, các thao tác tính toán thông dụng ở bộ Office hay Google Workspace cũng trở nên linh hoạt mà hiệu quả hơn rất nhiều. Xem thêm"
lenovo-ideapad-slim-3-16irh10-i5-83k20002vn,Lenovo IdeaPad Slim 3 16IRH10 i5 13420H (83K20002VN),"Laptop Lenovo IdeaPad Slim 3 16IRH10 i5 13420H (83K20002VN) là sự lựa chọn lý tưởng cho học sinh, sinh viên và nhân viên văn phòng, những người cần một chiếc laptop đa năng, đáp ứng tốt nhu cầu học tập, làm việc và giải trí hàng ngày. Với hiệu năng ổn định, thiết kế mỏng nhẹ và nhiều tính năng tiện ích, chiếc laptop này hứa hẹn sẽ là người bạn đồng hành đáng tin cậy, mang đến trải nghiệm sử dụng tuyệt vời. Đây là một chiếc laptop học tập - văn phòng đáng để bạn cân nhắc. Hiệu năng ổn định, đáp ứng mọi tác vụ Laptop được trang bị bộ vi xử lý Intel Core i5 Raptor Lake - 13420H với 8 nhân 12 luồng, tốc độ xung nhịp có thể đạt tối đa nhờ Turbo Boost, giúp máy hoạt động mượt mà, ổn định khi xử lý các tác vụ văn phòng, học tập, duyệt web hay xem phim. Card tích hợp đáp ứng tốt nhu cầu đồ họa cơ bản, cho phép bạn chỉnh sửa ảnh, video đơn giản hoặc chơi một số tựa game nhẹ nhàng. Xem thêm"
lenovo-ideapad-slim-3-16irh10-i7-83k20004vn,Lenovo IdeaPad Slim 3 16IRH10 i7 13620H (83K20004VN),"Laptop Lenovo IdeaPad Slim 3 16IRH10 i7 13620H (83K20004VN) là sự lựa chọn lý tưởng cho học sinh, sinh viên và nhân viên văn phòng nhờ sự cân bằng giữa hiệu năng ổn định, thiết kế thanh lịch và tính di động cao. Với bộ vi xử lý Intel Core i7 thế hệ mới nhất, chiếc laptop này không chỉ đáp ứng tốt các tác vụ hàng ngày mà còn mang đến trải nghiệm mượt mà trong công việc và giải trí. Đây là một sản phẩm đáng đầu tư cho những ai đang tìm kiếm một chiếc laptop đa năng và bền bỉ. Hiệu năng mạnh mẽ, đáp ứng mọi nhu cầu Laptop Lenovo IdeaPad Slim 3 16IRH10 được trang bị bộ vi xử lý Intel Core i7 Raptor Lake - 13620H với và , tốc độ xung nhịp lên đến nhờ Turbo Boost. Với cấu hình này, máy có thể xử lý mượt mà các tác vụ văn phòng, học tập, chỉnh sửa ảnh và video cơ bản. Bạn có thể thoải mái làm việc với các ứng dụng như Microsoft Office, lướt web, xem phim và thậm chí chơi một số tựa game nhẹ nhàng như Liên Minh Huyền Thoại hay Valorant ở mức setting phù hợp. sử dụng card đồ họa tích hợp , đủ sức đáp ứng các nhu cầu đồ họa cơ bản. Xem thêm"
lenovo-ideapad-slim-3-16irh10-i7-83k20001vn,Lenovo Ideapad Slim 3 16IRH10 i7 13620H (83K20001VN),"Laptop Lenovo Ideapad Slim 3 16IRH10 i7 13620H (83K20001VN) là sự lựa chọn lý tưởng cho học sinh, sinh viên và nhân viên văn phòng nhờ sự cân bằng giữa hiệu năng ổn định và thiết kế thanh lịch. Với bộ vi xử lý mạnh mẽ và màn hình lớn sắc nét, chiếc laptop này đáp ứng tốt nhu cầu học tập, làm việc và giải trí hàng ngày. Đây là một sản phẩm đáng đầu tư cho những ai tìm kiếm sự tiện lợi và hiệu quả trong công việc và cuộc sống. Hiệu năng vượt trội cho công việc và học tập Lenovo Ideapad Slim 3 16IRH10 được trang bị bộ vi xử lý Intel Core i7 Raptor Lake - 13620H với 10 nhân và , tốc độ xung nhịp tối đa lên đến nhờ Turbo Boost, giúp xử lý mượt mà mọi tác vụ từ cơ bản đến nâng cao. Bạn có thể thoải mái làm việc với các ứng dụng văn phòng, duyệt web, xem phim và thậm chí chơi một số tựa game nhẹ nhàng. Card tích hợp đủ sức đáp ứng nhu cầu đồ họa hàng ngày của bạn. Xem thêm"
gigabyte-aorus-16x-x6lag-i7-9rx6lasgddjixdvn010,GIGABYTE AORUS 16X X6LAG i7 14650HX (9RX6LASGDDJIXDVN010),"Khám phá kho game đa dạng và hấp dẫn với hiệu năng mạnh mẽ từ vi xử lý Intel dòng H và card đồ họa rời RTX 40 series trên laptop GIGABYTE AORUS 16X X6LAG i7 14650HX (9RX6LASGDDJIXDVN010). Với loạt tính năng hiện đại, mẫu laptop gaming tầm trung này hứa hẹn mang đến trải nghiệm giải trí đỉnh cao cho các game thủ. Hiệu năng đỉnh cao, chinh phục mọi thử thách Trái tim của chiếc laptop kỹ thuật này là bộ vi xử lý Intel Core i7 Raptor Lake - 14650HX với 16 nhân, 24 luồng và tốc độ tối đa lên đến 5.20 GHz mang lại hiệu năng cực kỳ mạnh mẽ cho người dùng. Nhờ kiến trúc lai tiên tiến, CPU này xử lý mượt mà các tác vụ nặng như chơi game, dựng video, thiết kế đồ họa hay lập trình chuyên sâu. Tốc độ Turbo Boost cao giúp máy phản hồi nhanh, đa nhiệm linh hoạt và duy trì hiệu suất ổn định kể cả khi chạy ứng dụng đòi hỏi cao. Đây là lựa chọn lý tưởng cho người dùng chuyên nghiệp và game thủ cần sức mạnh xử lý vượt trội. Xem thêm"
dell-inspiron-15-3530-i7-n5i7305w1,Dell Inspiron 15 3530 i7 1355U (N5I7305W1),"Laptop Dell Inspiron 15 3530 i7 1355U (N5I7305W1) là sự lựa chọn hoàn hảo cho game thủ và người dùng chuyên nghiệp đang tìm kiếm một chiếc máy tính xách tay mạnh mẽ, đáng tin cậy. Với hiệu năng ấn tượng và thiết kế tinh tế, chiếc laptop này hứa hẹn mang đến trải nghiệm làm việc và giải trí tuyệt vời. Đây là một sản phẩm đáng đầu tư cho những ai coi trọng hiệu suất và tính di động. ""Chiến"" game mượt mà, làm việc siêu tốc Laptop Dell Inspiron được trang bị bộ vi xử lý Intel Core i7 Raptor Lake - 1355U với 10 nhân và 12 luồng, tốc độ xung nhịp lên đến 5.0 GHz nhờ Turbo Boost, giúp bạn dễ dàng xử lý các tác vụ nặng như chỉnh sửa video, thiết kế đồ họa hay chơi các tựa game đòi hỏi cấu hình cao. Card đồ họa tích hợp Intel Iris Xe Graphics mang đến khả năng hiển thị hình ảnh sắc nét, sống động, đáp ứng tốt nhu cầu giải trí và làm việc. Xem thêm"
msi-titan-18-hx-ai-a2xwig-ultra-9-090vn,MSI Titan 18 HX AI A2XWIG Ultra 9 285HX (090VN),"Laptop MSI Titan 18 HX AI A2XWIG Ultra 9 285HX (090VN) là sự kết hợp hoàn hảo giữa công nghệ đột phá và thiết kế cao cấp, mang đến trải nghiệm gaming và sáng tạo không giới hạn. Với sức mạnh từ vi xử lý Intel Core Ultra 9 kết hợp cùng GPU NVIDIA RTX 5000 series hiệu suất đỉnh cao, giúp máy xử lý mọi tác vụ từ gaming chuyên nghiệp đến đồ họa AI. Màn hình 18 inch UHD+ với tần số quét 120 Hz lý tưởng cho mọi game thủ và nhà sáng tạo bứt phá mọi giới hạn. Thiết kế đẳng cấp - Biểu tượng của sức mạnh và phong cách Laptop MSI Titan sở hữu thiết kế mạnh mẽ với vỏ kim loại cao cấp, giúp tăng cường độ bền và mang lại cảm giác sang trọng. Nắp máy được tô điểm bằng logo rồng đỏ, biểu tượng của sức mạnh đẳng cấp nhà MSI. Hệ thống chạy dọc thân máy có thể tùy chỉnh theo phong cách cá nhân, tạo hiệu ứng ánh sáng sống động. Xem thêm"
msi-vector-16-hx-ai-a2xwig-ultra-9-062vn,MSI Vector 16 HX AI A2XWIG Ultra 9 275HX (062VN),"Là cỗ máy tối ưu dành cho chuyên gia về khoa học, công nghệ, kỹ thuật và toán học khi sở hữu hiệu suất đỉnh cao với độ ổn định ấn tượng, laptop MSI Vector 16 HX AI A2XWIG Ultra 9 275HX (062VN) như một bộ não siêu việt, xử lý dữ liệu phức tạp với tốc độ vượt trội và độ chính xác tuyệt đối. Dù trong lĩnh vực phát triển phần mềm, phân tích dữ liệu hay mô phỏng, thiết bị luôn đảm bảo sức mạnh tính toán mạnh mẽ và sự tin cậy tối đa, giúp các kỹ sư hiện thực hóa những ý tưởng đột phá. Thông minh, nhanh nhẹn hơn với sức mạnh từ chip AI và card RTX 5000 series Xem thêm"
msi-raider-18-hx-ai-a2xwig-ultra-9-033vn,MSI Raider 18 HX AI A2XWIG Ultra 9 285HX (033VN),"Hiểu được bạn tìm kiếm cho mình một chiếc laptop gaming đỉnh cao với thiết kế tương lai, hiệu suất mạnh mẽ và công nghệ tiên tiến nhất. MSI đã cho ra mắt laptop MSI Raider 18 HX AI A2XWIG Ultra 9 285HX (033VN) chính là cỗ máy được sinh ra để thống trị mọi trận đấu và đáp ứng mọi nhu cầu sáng tạo. Với chip AI Ultra 9 và card rời RTX 5000 series cùng màn hình lớn 18 inch 4K sắc nét cho bạn trải nghiệm một chân trời sức mạnh mới. Cỗ máy gaming lấy cảm hứng từ chiến hạm vũ trụ Thiết kế của MSI Raider 18 HX AI A2XW lấy cảm hứng từ những chiến hạm vũ trụ trong các bộ phim khoa học viễn tưởng, nơi công nghệ tiên tiến và sức mạnh tối thượng hội tụ. Sở hữu ngoại hình tinh tế nhưng đầy uy lực, chiếc này được chế tác từ cao cấp cùng , mang lại vẻ ngoài sang trọng và bền bỉ. Với độ dày và khối lượng , MSI Raider 18 HX AI vẫn đảm bảo sự linh hoạt mà không làm mất đi chất gaming mạnh mẽ. Thiết kế khí động học cùng các đường nét góc cạnh giúp tối ưu khả năng tản nhiệt và mang đến cảm giác như đang cầm trên tay một cỗ máy đến từ tương lai. Xem thêm"
lenovo-ideapad-slim-5-oled-14irh10-i5-83hr0001vn,Lenovo IdeaPad Slim 5 OLED 14IRH10 i5 13420H (83HR0001VN),"Laptop Lenovo IdeaPad Slim 5 OLED 14IRH10 i5 13420H (83HR0001VN) là chiếc laptop lý tưởng cho dân thiết kế đồ họa, dựng video và kỹ thuật viên nhờ hiệu năng mạnh mẽ và màn hình OLED tuyệt đẹp. Với thiết kế mỏng nhẹ, chiếc laptop này hứa hẹn mang đến trải nghiệm làm việc và giải trí tuyệt vời, giúp bạn thỏa sức sáng tạo mọi lúc mọi nơi. Sức mạnh vượt trội cho mọi tác vụ Laptop được trang bị bộ vi xử lý Intel Core i5 Raptor Lake - 13420H với 8 nhân và 12 luồng, tốc độ xung nhịp lên đến 4.6 GHz nhờ Turbo Boost, cho khả năng xử lý mượt mà mọi tác vụ từ cơ bản đến nâng cao. Bạn có thể dễ dàng chỉnh sửa ảnh, dựng video, thiết kế đồ họa hay thậm chí chơi các tựa game như Liên Minh Huyền Thoại, CS:GO ở mức setting phù hợp. Card đồ họa tích hợp Intel UHD Graphics giúp máy xử lý tốt các tác vụ đồ họa nhẹ nhàng và xem video chất lượng cao. Xem thêm"
acer-predator-helios-18-ai-ph18-73-98aq-ultra-9-nhqvwsv001,Acer Predator Helios 18 AI PH18 73 98AQ Ultra 9 275HX (NH.QVWSV.001),"Laptop Acer Predator Helios 18 AI PH18 73 98AQ Ultra 9 275HX (NH.QVWSV.001) là cỗ máy chiến game tối thượng, đồng thời là công cụ lý tưởng cho các nhà thiết kế đồ họa, dựng video và kỹ sư chuyên nghiệp. Với hiệu năng vượt trội, màn hình sắc nét và thiết kế hầm hố, chiếc laptop này sẽ là người bạn đồng hành đắc lực, giúp bạn chinh phục mọi thử thách. Đây là chiếc laptop cao cấp đáng để đầu tư cho những ai tìm kiếm sự hoàn hảo. Hiệu năng ""khủng"" cho mọi tác vụ Laptop Acer Predator được trang bị bộ vi xử lý Intel Core Ultra 9 Arrow Lake - 275HX với 24 nhân và , xung nhịp tối đa lên đến nhờ Turbo Boost, là vi xử lý cao cấp dành cho laptop hiệu năng cao, được trang bị kiến trúc lai tiên tiến và tích hợp NPU hỗ trợ AI, giúp xử lý mượt mà các tác vụ nặng như dựng video 4K, thiết kế đồ họa 3D, lập trình chuyên sâu, chơi game AAA và chạy mô hình trí tuệ nhân tạo. Với hiệu suất vượt trội, khả năng tiết kiệm điện năng, con chip này mang lại giá trị thực tế cho người dùng sáng tạo nội dung, game thủ và dân kỹ thuật cần một cỗ máy mạnh mẽ, di động và bền bỉ. Xem thêm"
acer-predator-helios-18-ai-ph18-73-93p0-ultra-9-nhqvysv001,Acer Predator Helios 18 AI PH18 73 93P0 Ultra 9 275HX (NH.QVYSV.001),"Laptop Acer Predator Helios 18 AI PH18 73 93P0 Ultra 9 275HX (NH.QVYSV.001) là cỗ máy chiến game mạnh mẽ, được thiết kế đặc biệt cho các nhà thiết kế đồ họa, dựng video và kỹ sư chuyên nghiệp. Với hiệu năng vượt trội, màn hình sắc nét và các tính năng hỗ trợ tối ưu, chiếc laptop này sẽ là trợ thủ đắc lực giúp bạn chinh phục mọi thử thách, khơi nguồn sáng tạo và nâng tầm trải nghiệm làm việc lên một tầm cao mới. Đây là sự đầu tư xứng đáng cho những ai tìm kiếm hiệu suất đỉnh cao và trải nghiệm hình ảnh tuyệt vời. Hiệu năng đỉnh cao cho mọi tác vụ Xem thêm"
hp-elitebook-ultra-g1q-x1e-78-100-b4py1pt,HP Elitebook Ultra G1q X1E 78 100 (B4PY1PT),"Laptop HP Elitebook Ultra G1q X1E 78 100 (B4PY1PT) là chiếc laptop lý tưởng cho học sinh, sinh viên và nhân viên văn phòng, những người đòi hỏi sự mỏng nhẹ, hiệu năng ổn định và thời lượng pin dài. Với thiết kế siêu mỏng nhẹ và bộ vi xử lý Snapdragon X Elite mạnh mẽ, đây là một công cụ làm việc và giải trí di động tuyệt vời, mang đến trải nghiệm cao cấp cho người dùng. Sức mạnh ""khủng long"" ẩn sau vẻ ngoài thanh lịch Ẩn sau vẻ ngoài mỏng manh của chiếc laptop HP Elitebook này là bộ vi xử lý Snapdragon X Elite - X1E 78 100 với 12 nhân 12 luồng, tốc độ tối đa lên đến 3.4 GHz nhờ Turbo Boost. Đi kèm là NPU Qualcomm Hexagon, mang đến hiệu năng xử lý AI lên đến 45 TOPS, giúp máy hoạt động mượt mà và nhanh chóng trong mọi tác vụ, từ làm việc văn phòng, duyệt web, xem phim đến xử lý đồ họa nhẹ nhàng. Xem thêm"
lenovo-yoga-slim-9-oled-14ill10-ultra-7-83cx001avn,Lenovo Yoga Slim 9 OLED 14ILL10 Ultra 7 258V (83CX001AVN),"Laptop Lenovo Yoga Slim 9 OLED 14ILL10 Ultra 7 258V (83CX001AVN) là một chiếc laptop hoàn hảo cho học sinh, sinh viên và nhân viên văn phòng đang tìm kiếm sự kết hợp giữa hiệu năng mạnh mẽ, thiết kế sang trọng và màn hình hiển thị đỉnh cao. Với bộ vi xử lý Intel Core Ultra 7 mới nhất và màn hình OLED 4K tuyệt đẹp, chiếc laptop này sẽ mang đến trải nghiệm làm việc và giải trí tuyệt vời. Đây là một lựa chọn đáng đầu tư cho những ai muốn sở hữu một chiếc laptop cao cấp, đa năng và thời thượng. Sức mạnh ""khủng"" ẩn sau vẻ ngoài thanh lịch Xem thêm"
lenovo-ideapad-slim-5-oled-14akp10-r5-ai-340-83hx001kvn,Lenovo Ideapad Slim 5 OLED 14AKP10 R5 AI 340 (83HX001KVN),"Lenovo Ideapad Slim 5 OLED 14AKP10 R5 AI 340 (83HX001KVN) là một thiết bị lý tưởng cho học sinh, sinh viên và nhân viên văn phòng nhờ sự kết hợp hoàn hảo giữa hiệu năng mạnh mẽ, thiết kế mỏng nhẹ và màn hình OLED sống động. Với bộ vi xử lý AMD Ryzen AI mới nhất, chiếc laptop này không chỉ đáp ứng tốt các tác vụ học tập, làm việc hàng ngày mà còn mang đến trải nghiệm giải trí tuyệt vời. Đây chắc chắn là một lựa chọn đáng cân nhắc trong phân khúc laptop tầm trung. Sức mạnh vượt trội từ bộ vi xử lý AMD Ryzen AI Chiếc laptop AI này được trang bị bộ vi xử lý AMD Ryzen AI 5 - 340 với 6 nhân và 12 luồng, tốc độ xung nhịp lên đến nhờ Turbo Boost. Không chỉ vậy, con chip này còn tích hợp (Neural Processing Unit) , mang lại hiệu năng xử lý AI , giúp tối ưu hóa các tác vụ liên quan đến trí tuệ nhân tạo, từ đó nâng cao trải nghiệm người dùng. Card màn hình tích hợp cũng đủ sức đáp ứng các nhu cầu đồ họa cơ bản và chơi game nhẹ nhàng. Xem thêm"
lenovo-ideapad-slim-3-14irh10-i7-83k00009vn,Lenovo IdeaPad Slim 3 14IRH10 i7 13620H (83K00009VN),"Laptop Lenovo IdeaPad Slim 3 14IRH10 i7 13620H (83K00009VN) là sự lựa chọn hoàn hảo cho học sinh, sinh viên và nhân viên văn phòng đang tìm kiếm một sản phẩm mỏng nhẹ, hiệu năng mạnh mẽ và thiết kế hiện đại. Điểm nổi bật của chiếc laptop này đến từ bộ vi xử lý Intel Core i7 thế hệ 13 mạnh mẽ, đảm bảo xử lý mượt mà mọi tác vụ. Đây chắc chắn là một trợ thủ đắc lực, đáng để bạn đầu tư cho công việc và học tập. Sức mạnh ""khủng"" bên trong vẻ ngoài thanh lịch Laptop Lenovo IdeaPad Slim 3 14IRH10 được trang bị bộ vi xử lý Intel Core i7 Raptor Lake - 13620H với 10 nhân và 16 luồng, tốc độ xung nhịp tối đa lên đến 4.9 GHz nhờ Turbo Boost. Điều này đảm bảo máy có thể xử lý mượt mà mọi tác vụ từ văn phòng, học tập đến các ứng dụng đồ họa và giải trí cơ bản. Card đồ họa tích hợp cũng đáp ứng tốt nhu cầu xem phim, duyệt web và chơi game nhẹ nhàng. Xem thêm"
lenovo-ideapad-slim-3-14irh10-i7-83k00007vn,Lenovo IdeaPad Slim 3 14IRH10 i7 13620H (83K00007VN),"Laptop Lenovo IdeaPad Slim 3 14IRH10 i7 13620H (83K00007VN) là chiếc laptop lý tưởng cho học sinh, sinh viên và nhân viên văn phòng, mang đến sự kết hợp hoàn hảo giữa hiệu năng mạnh mẽ và thiết kế mỏng nhẹ. Với bộ vi xử lý Intel Core i7 thế hệ 13, chiếc laptop này không chỉ đáp ứng tốt các tác vụ học tập, làm việc hàng ngày mà còn xử lý mượt mà các ứng dụng đồ họa và giải trí. Đây thực sự là một lựa chọn đáng cân nhắc trong phân khúc laptop học tập - văn phòng. ""Cân"" mọi tác vụ với sức mạnh từ Intel Core i7 Raptor Lake Trái tim của chiếc laptop Lenovo này là bộ vi xử lý Intel Core i7 Raptor Lake - 13620H với 10 nhân và , tốc độ xung nhịp cơ bản và có thể đạt tối đa nhờ Turbo Boost. Sức mạnh này cho phép máy xử lý nhanh chóng mọi tác vụ từ soạn thảo văn bản, duyệt web, đến chỉnh sửa ảnh, video cơ bản và chơi các tựa game nhẹ nhàng. Card đồ họa tích hợp cũng giúp tăng cường khả năng xử lý hình ảnh, mang lại trải nghiệm mượt mà hơn khi xem phim hoặc làm việc với các ứng dụng đồ họa. Xem thêm"
lenovo-loq-15arp9-r7-83jc00j0vn,Lenovo LOQ 15ARP9 R7 7435HS (83JC00J0VN),"Laptop Lenovo LOQ 15ARP9 R7 7435HS (83JC00J0VN) là chiếc laptop được thiết kế dành riêng cho dân kỹ thuật, dựng video, các game thủ và người dùng chuyên nghiệp, đặc biệt là những ai làm về thiết kế đồ họa. Điểm nổi bật của chiếc laptop này là hiệu năng mạnh mẽ đến từ CPU AMD Ryzen 7 và card đồ họa RTX 4050, giúp bạn xử lý mọi tác vụ một cách mượt mà. Với những ưu điểm vượt trội, đây chắc chắn là một lựa chọn đáng cân nhắc trong phân khúc. Sức mạnh ""khủng"" cho mọi tác vụ nặng đô Trái tim của chiếc Lenovo LOQ 15ARP9 là bộ vi xử lý AMD Ryzen 7 7435HS với 8 nhân và 16 luồng, xung nhịp cơ bản và có thể đạt tối đa nhờ Turbo Boost. Với sức mạnh này, bạn có thể thoải mái render video, chạy các phần mềm thiết kế 3D hay chiến các tựa game AAA mà không lo giật lag. Xem thêm"
lenovo-ideapad-slim-5-oled-15arp10-r7-83j3002svn,Lenovo IdeaPad Slim 5 OLED 15ARP10 R7 7735HS (83J3002SVN),"Laptop Lenovo IdeaPad Slim 5 OLED 15ARP10 R7 7735HS (83J3002SVN) là sự kết hợp hoàn hảo giữa hiệu năng mạnh mẽ và thiết kế thanh lịch, đáp ứng tốt nhu cầu của dân thiết kế đồ họa, học sinh, sinh viên và nhân viên văn phòng. Chiếc laptop này nổi bật với màn hình OLED siêu sắc nét và cấu hình ổn định, hứa hẹn mang đến trải nghiệm làm việc và giải trí tuyệt vời. Đây chắc chắn là một lựa chọn đáng cân nhắc trong phân khúc laptop tầm trung. ""Cân"" mọi tác vụ, thỏa sức sáng tạo với sức mạnh từ AMD Lenovo IdeaPad Slim 5 OLED 15ARP10 được trang bị bộ vi xử lý AMD Ryzen 7 7735HS với 8 nhân 16 luồng, xung nhịp có thể tăng tốc lên đến nhờ Turbo Boost. Với sức mạnh này, bạn có thể thoải mái thực hiện các tác vụ thiết kế đồ họa, chỉnh sửa video, chơi game giải trí hay làm việc văn phòng một cách mượt mà. Đi kèm là card đồ họa tích hợp , đủ sức đáp ứng các nhu cầu đồ họa cơ bản và chơi các tựa game online phổ biến. Xem thêm"
dell-inspiron-14-5440-core-5-n4i5211w1,Dell Inspiron 14 5440 Core 5 120U (N4I5211W1),"Laptop Dell Inspiron 14 5440 Core 5 120U (N4I5211W1) là sự lựa chọn hoàn hảo cho học sinh, sinh viên và nhân viên văn phòng đang tìm kiếm một chiếc Dell Inspiron 14 5440 đáp ứng tốt nhu cầu học tập, làm việc và giải trí hàng ngày. Với thiết kế mỏng nhẹ, hiệu năng ổn định và nhiều tính năng tiện lợi, chiếc laptop này hứa hẹn sẽ là người bạn đồng hành đáng tin cậy của bạn. Đây là một sản phẩm đáng cân nhắc trong phân khúc laptop học tập - văn phòng. Sức mạnh ""Raptor Lake"" cân mọi tác vụ Dell Inspiron 14 5440 được trang bị bộ vi xử lý Intel Core 5 Raptor Lake - 120U với 10 nhân và 12 luồng, tốc độ xung nhịp tối đa lên đến nhờ Turbo Boost. Điều này cho phép máy xử lý mượt mà các tác vụ văn phòng, học tập, duyệt web, xem phim và thậm chí là chỉnh sửa ảnh, video cơ bản. Card đồ họa tích hợp cũng giúp máy đáp ứng tốt các nhu cầu giải trí nhẹ nhàng. Xem thêm"
asus-x1504va-core-5-bq185ws,Asus Vivobook 15 X1504VA Core 5 120U (BQ185WS),"Laptop Asus Vivobook 15 X1504VA Core 5 120U (BQ185WS)) là chiếc laptop lý tưởng cho học sinh, sinh viên và nhân viên văn phòng, nổi bật với hiệu năng ổn định, thiết kế mỏng nhẹ và tích hợp nhiều tính năng hữu ích. Với mức giá hợp lý, đây là một lựa chọn đáng cân nhắc cho những ai cần một chiếc máy tính xách tay đa năng để học tập, làm việc và giải trí. Sức mạnh ""văn phòng"" ẩn mình trong thiết kế thanh lịch Asus Vivobook 15 X1504VA được trang bị bộ vi xử lý Intel Core i5-120U thuộc dòng Raptor Lake với 10 nhân và 12 luồng, xung nhịp tối đa lên đến 5.0 GHz nhờ Turbo Boost. Cấu hình này đáp ứng tốt các tác vụ văn phòng hàng ngày như soạn thảo văn bản, duyệt web, xem phim và thậm chí là chỉnh sửa ảnh, video cơ bản. Card đồ họa tích hợp tuy không quá mạnh mẽ nhưng vẫn đủ sức ""gánh"" các ứng dụng đồ họa nhẹ và game giải trí. Xem thêm"
acer-nitro-lite-16-nl16-71g-71uj-i7-nhd59sv002,Acer Nitro Lite 16 NL16 71G 71UJ i7 13620H (NH.D59SV.002),"Chào mừng đến với bài đánh giá chi tiết về chiếc laptop Acer Nitro Lite 16 NL16 71G 71UJ i7 13620H (NH.D59SV.002)! Đây là một cỗ máy gaming mạnh mẽ, thiết kế hầm hố và màn hình sắc nét, hứa hẹn mang đến trải nghiệm tuyệt vời cho game thủ và người dùng chuyên nghiệp. Nếu bạn là một game thủ đang tìm kiếm một chiếc laptop chiến game mượt mà hay một người làm kỹ thuật, dựng video cần hiệu năng ổn định thì đây là một lựa chọn đáng cân nhắc. Với mức giá hợp lý, Acer Nitro Lite 16 chắc chắn sẽ là người bạn đồng hành đáng tin cậy của bạn trong mọi trận chiến ảo và công việc sáng tạo. Sức mạnh ""khủng"" bên trong lớp vỏ ""cool ngầu"" Xem thêm"
hp-elitebook-ultra-g1i-ai-ultra-7-268v-b9fe9pt,HP EliteBook Ultra G1i AI Ultra 7 268V (B9FE9PT),Không có mô tả
hp-elitebook-x-g1a-14-ai-r7-ai-pro-360-bc4n4at,HP EliteBook X G1a 14 AI R7 AI PRO 360 (BC4N4AT),Không có mô tả
hp-elitebook-x-g1a-14-ai-r9-ai-hx-pro-375-b9fe4pt,HP EliteBook X G1a 14 AI R9 AI HX PRO 375 (B9FE4PT),Không có mô tả
