id_product,name_product,img
op-lung-iphone-16-pro-max-nhua-cung-vien-deo-bayer-ii-jm-trong?utm_flashsale=1,Ốp lưng iPhone 16 Pro Max nhựa cứng viền dẻo JM Bayer II,https://cdn.tgdd.vn/Products/Images/60/329711/op-lung-iphone-16-pro-max-nhua-cung-vien-deo-bayer-ii-jm-trong-thumb-600x600.jpg
op-lung-iphone-16-pro-max-magsafe-nhua-cung-vien-deo-bayer-ii-jm-trong?utm_flashsale=1,Ốp lưng MagSafe iPhone 16 Pro Max nhựa cứng viền dẻo JM Bayer II,https://cdn.tgdd.vn/Products/Images/60/329712/op-lung-iphone-16-pro-max-magsafe-nhua-cung-vien-deo-bayer-ii-jm-trong-thumb-600x600.jpg
op-lung-iphone-16-pro-magsafe-nhua-cung-vien-deo-bayer-ii-jm-trong?utm_flashsale=1,Ốp lưng MagSafe iPhone 16 Pro nhựa cứng viền dẻo JM Bayer II,https://cdn.tgdd.vn/Products/Images/60/329716/op-lung-iphone-16-pro-magsafe-nhua-cung-vien-deo-bayer-ii-jm-trong-thumb-600x600.jpg
op-lung-iphone-16-pro-max-magsafe-stand-nhua-cung-vien-deo-dim-troy-jm-trong?utm_flashsale=1,Ốp lưng MagSafe iPhone 16 Pro Max nhựa cứng viền dẻo Dim Troy JM Stand,https://cdn.tgdd.vn/Products/Images/60/329714/op-lung-iphone-16-pro-max-magsafe-stand-nhua-cung-vien-deo-dim-troy-jm-trong-thumb-600x600.jpg
op-lung-iphone-16-pro-max-magsafe-nhua-cung-vien-deo-platinium-jm-xam-matte?utm_flashsale=1,Ốp lưng MagSafe iPhone 16 Pro Max nhựa cứng viền dẻo Platinium JM,https://cdn.tgdd.vn/Products/Images/60/329713/op-lung-iphone-16-pro-max-magsafe-nhua-cung-vien-deo-platinium-jm-xam-matte-thumb-600x600.jpg
op-lung-magsafe-iphone-16-pro-max-nhua-trong-apple,Ốp lưng MagSafe iPhone 16 Pro Max Nhựa Trong Apple,https://cdn.tgdd.vn/Products/Images/60/329778/op-lung-magsafe-iphone-16-pro-max-nhua-trong-apple-600x600.jpg
op-lung-galaxy-s25-ultra-silicone-samsung,Ốp lưng Galaxy S25 Ultra Silicone Samsung,https://cdnv2.tgdd.vn/mwg-static/tgdd/Products/Images/60/334203/op-lung-galaxy-s25-ultra-silicone-samsung-thumb-1-638747204455907344-600x600.jpg
op-lung-magsafe-iphone-16-pro-nhua-trong-apple,Ốp lưng MagSafe iPhone 16 Pro Nhựa Trong Apple,https://cdn.tgdd.vn/Products/Images/60/329776/op-lung-magsafe-iphone-16-pro-nhua-trong-apple-600x600.jpg
op-lung-iphone-16-pro-nhua-cung-vien-deo-bayer-ii-jm-trong?utm_flashsale=1,Ốp lưng iPhone 16 Pro nhựa cứng viền dẻo JM Bayer II,https://cdn.tgdd.vn/Products/Images/60/329715/op-lung-iphone-16-pro-nhua-cung-vien-deo-bayer-ii-jm-trong-thumb-600x600.jpg
op-lung-galaxy-s25-ultra-silicone-pc-tpu-samsung,Ốp lưng Galaxy S25 Ultra Silicone PC TPU Samsung,https://cdnv2.tgdd.vn/mwg-static/tgdd/Products/Images/60/334195/op-lung-galaxy-s25-ultra-silicone-pc-tpu-samsung-den-thumb-1-638731982181044956-600x600.jpg
op-lung-galaxy-s25-silicone-pc-samsung-edge,Ốp lưng Galaxy S25 Edge Silicone PC Samsung,https://cdnv2.tgdd.vn/mwg-static/tgdd/Products/Images/60/336802/op-lung-galaxy-s25-silicone-pc-samsung-edge-thumb-638798998819111328-600x600.jpg
op-lung-galaxy-s25-pc-tpu-samsung-edge,Ốp lưng Galaxy S25 Edge PC TPU Samsung,https://cdnv2.tgdd.vn/mwg-static/tgdd/Products/Images/60/336804/op-lung-galaxy-s25-pc-tpu-samsung-edge-thumb-638799047195447599-600x600.jpg
op-lung-iphone-16-nhua-cung-vien-deo-laut-crystal-matter,Ốp lưng MagSafe iPhone 16 Nhựa cứng viền dẻo LAUT Crystal Matter,https://cdnv2.tgdd.vn/mwg-static/tgdd/Products/Images/60/329750/op-lung-iphone-16-nhua-cung-vien-deo-laut-crystal-matter-thumb-638640821912583377-600x600.jpg
op-lung-magsafe-iphone-16-plus-nhua-trong-apple,Ốp lưng MagSafe iPhone 16 Plus Nhựa Trong Apple,https://cdn.tgdd.vn/Products/Images/60/329774/op-lung-magsafe-iphone-16-plus-nhua-trong-apple-600x600.jpg
op-lung-magsafe-iphone-16-nhua-trong-apple,Ốp lưng MagSafe iPhone 16 Nhựa Trong Apple,https://cdn.tgdd.vn/Products/Images/60/329780/op-lung-magsafe-iphone-16-nhua-trong-apple-600x600.jpg
op-lung-iphone-16-plus-nhua-cung-vien-deo-laut-crystal-m,Ốp lưng MagSafe iPhone 16 Plus Nhựa cứng viền dẻo LAUT Crystal-M,https://cdn.tgdd.vn/Products/Images/60/329748/op-lung-iphone-16-plus-nhua-cung-vien-deo-laut-crystal-m-thumb-600x600.jpg
op-lung-magsafe-iphone-15-pro-max-nhua-cung-vien-deo-jm-bayer-ii?utm_flashsale=1,Ốp lưng MagSafe iPhone 15 Pro Max Nhựa cứng viền dẻo JM Bayer II,https://cdn.tgdd.vn/Products/Images/60/315486/op-lung-magsafe-iphone-15-pro-max-nhua-cung-vien-deo-jm-bayer-ii-thumb-600x600.jpg
op-lung-iphone-15-promax-nhua-deo-tpu-uniq-hybrid-air-fender-id-transparent,Ốp lưng iPhone 15 Pro Max Nhựa dẻo TPU UNIQ HYBRID Air Fender ID,https://cdn.tgdd.vn/Products/Images/60/314987/op-lung-iphone-15-promax-nhua-deo-tpu-uniq-hybrid-air-fender-id-transparent-thumb-600x600.jpg
op-magsafe-ip15-pro-nhua-cung-uniq-hybrid-magclick-combat-af-frost-grey,Ốp lưng MagSafe iPhone 15 Pro Nhựa cứng viền dẻo UNIQ HYBRID MAGCLICK CHARGING COMBAT (AF),https://cdn.tgdd.vn/Products/Images/60/314981/op-magsafe-ip15-pro-nhua-cung-uniq-hybrid-magclick-combat-af-frost-grey-thumb-600x600.jpg
op-lung-iphone-15-pro-max-nhua-cung-vien-deo-laut-shield-black,Ốp lưng iPhone 15 Pro Max Nhựa cứng viền dẻo LAUT SHIELD,https://cdn.tgdd.vn/Products/Images/60/314911/op-lung-iphone-15-pro-max-nhua-cung-vien-deo-laut-shield-black-thumb-600x600.jpg
op-lung-galaxy-a16-nhua-cung-vien-deo-jincase-jcs1601,Ốp lưng Galaxy A16 Nhựa cứng viền dẻo Jincase JCS1601,https://cdnv2.tgdd.vn/mwg-static/tgdd/Products/Images/60/330729/op-lung-galaxy-a16-nhua-cung-vien-deo-jincase-jcs1601-thumb-638645173274483093-600x600.jpg
op-lung-galaxy-a06-nhua-cung-vien-deo-jcs1601-jincase,Ốp lưng Galaxy A06 Nhựa cứng viền dẻo Jincase JCS1601,https://cdnv2.tgdd.vn/mwg-static/tgdd/Products/Images/60/330728/op-lung-galaxy-a06-nhua-cung-vien-deo-jcs1601-jincase-thumb-638644984459698801-600x600.jpg
op-lung-galaxy-a56-pc-tpu-ava-jcs1601,Ốp lưng Galaxy A56 PC TPU AVA+ JCS1601,https://cdnv2.tgdd.vn/mwg-static/tgdd/Products/Images/60/335448/op-lung-galaxy-a56-pc-tpu-ava-jcs1601-thumb-638772217230418089-600x600.jpg
op-lung-galaxy-a26-pc-tpu-ava-plus-pure-ii,Ốp lưng Galaxy A26 PC TPU AVA+ Pure II,https://cdnv2.tgdd.vn/mwg-static/tgdd/Products/Images/60/336375/op-lung-galaxy-a26-pc-tpu-ava-plus-pure-ii-thumb-638797245100803201-600x600.jpg
op-lung-iphone-13-nhua-cung-vien-deo-jincase-jcs1601,Ốp lưng iPhone 13/iPhone 14 Nhựa cứng viền dẻo Jincase JCS1601,https://cdn.tgdd.vn/Products/Images/60/325165/op-lung-iphone-13-nhua-cung-vien-deo-jincase-jcs1601-thumb-600x600.jpg
op-lung-galaxy-a36-pc-tpu-ava-jcs1601,Ốp lưng Galaxy A36 PC TPU AVA+ JCS1601,https://cdnv2.tgdd.vn/mwg-static/tgdd/Products/Images/60/335447/op-lung-galaxy-a36-pc-tpu-ava-jcs1601-thumb-638772170368221763-600x600.jpg
op-lung-magsafe-iphone-16-pro-max-nhua-cung-vien-deo-jm-bayer-ii-x,Ốp lưng MagSafe iPhone 16 Pro Max nhựa cứng viền dẻo JM Bayer II X,https://cdnv2.tgdd.vn/mwg-static/tgdd/Products/Images/60/335460/op-lung-magsafe-iphone-16-pro-max-nhua-cung-vien-deo-jm-bayer-ii-x-thumb-638780785350868558-600x600.jpg
op-lung-iphone-16-pro-max-nhua-cung-vien-deo-jm-bayer-ii-x?utm_flashsale=1,Ốp lưng iPhone 16 Pro Max nhựa cứng viền dẻo JM Bayer II X,https://cdnv2.tgdd.vn/mwg-static/tgdd/Products/Images/60/335459/op-lung-iphone-16-pro-max-nhua-cung-vien-deo-jm-bayer-ii-x-thumb-638780777221994441-600x600.jpg
op-lung-galaxy-s24-fe-nhua-cung-vien-deo-jincase-yf9261,Ốp lưng Galaxy S24 FE Nhựa cứng viền dẻo Jincase YF9261,https://cdnv2.tgdd.vn/mwg-static/tgdd/Products/Images/60/333012/op-lung-galaxy-s24-fe-nhua-cung-vien-deo-jincase-yf9261-thumb-638695292911707717-600x600.jpg
op-lung-galaxy-s25-ultra-nhua-cung-vien-deo-ava-yf9261,Ốp lưng Galaxy S25 Ultra Nhựa cứng viền dẻo AVA+ YF9261,https://cdnv2.tgdd.vn/mwg-static/tgdd/Products/Images/60/335458/op-lung-galaxy-s25-ultra-nhua-cung-vien-deo-ava-yf9261-thumb-638769821663467431-600x600.jpg
op-lung-galaxy-a06-nhua-cung-vien-deo-pure-ii-jm-trong,Ốp lưng Galaxy A06 Nhựa cứng viền dẻo Pure II JM,https://cdn.tgdd.vn/Products/Images/60/329523/op-lung-galaxy-a06-nhua-cung-vien-deo-pure-ii-jm-trong-thumb-600x600.jpg
op-lung-magsafe-iphone-16-pro-max-nhua-cung-pc-ava-jm-thin-1-2mm,Ốp lưng MagSafe iPhone 16 Pro Max nhựa cứng PC AVA+ JM Thin 1.2mm,https://cdnv2.tgdd.vn/mwg-static/tgdd/Products/Images/60/334049/op-lung-magsafe-iphone-16-pro-max-nhua-cung-pc-ava-jm-thin-1-2mm-thumb-638729129053144328-600x600.jpg
op-lung-magsafe-iphone-15-nhua-cung-vien-deo-jm-bayer-ii,Ốp lưng MagSafe iPhone 15 Nhựa cứng viền dẻo JM Bayer II,https://cdn.tgdd.vn/Products/Images/60/315490/op-lung-magsafe-iphone-15-nhua-cung-vien-deo-jm-bayer-ii-thumb-600x600.jpg
op-lung-magsafe-iphone-16-pro-max-nhua-cung-vien-deo-jincase-jk5318x?utm_flashsale=1,Ốp lưng MagSafe iPhone 16 Pro Max Nhựa cứng viền dẻo Jincase JK5318x,https://cdnv2.tgdd.vn/mwg-static/tgdd/Products/Images/60/334012/op-lung-magsafe-iphone-16-pro-max-nhua-cung-vien-deo-jincase-jk5318x-thumb-638727088827077230-600x600.jpg
op-lung-magsafe-iphone-16-pro-nhua-cung-pc-ava-jm-thin-1-2mm?utm_flashsale=1,Ốp lưng MagSafe iPhone 16 Pro nhựa cứng PC AVA+ JM Thin 1.2mm,https://cdnv2.tgdd.vn/mwg-static/tgdd/Products/Images/60/334050/op-lung-magsafe-iphone-16-pro-nhua-cung-pc-ava-jm-thin-1-2mm-thumb-638729126932665608-600x600.jpg
op-lung-magsafe-iphone-16-pro-max-nhua-cung-vien-deo-jm-stand-dim-troy-x?utm_flashsale=1,Ốp lưng MagSafe iPhone 16 Pro Max nhựa cứng viền dẻo JM Stand Dim Troy X,https://cdnv2.tgdd.vn/mwg-static/tgdd/Products/Images/60/335461/op-lung-magsafe-iphone-16-pro-max-nhua-cung-vien-deo-jm-stand-dim-troy-x-thumb-638780816794866076-600x600.jpg
op-lung-iphone-13-magsafe-nhua-cung-vien-deo-jincase-jcs003,Ốp lưng Magsafe iPhone 13/iPhone 14 Nhựa cứng viền dẻo Jincase JCS003,https://cdn.tgdd.vn/Products/Images/60/325166/op-lung-iphone-13-magsafe-nhua-cung-vien-deo-jincase-jcs003-thumb-600x600.jpg
op-lung-galaxy-a26-tpu-co-khe-dung-the-samsung,Ốp lưng Galaxy A26 TPU có khe đựng thẻ Samsung,https://cdnv2.tgdd.vn/mwg-static/tgdd/Products/Images/60/336064/op-lung-galaxy-a26-tpu-co-khe-dung-the-samsung-thumb-638784250438574279-600x600.jpg
op-lung-galaxy-a56-silicone-pc-samsung,Ốp lưng Galaxy A56 Silicone PC Samsung,https://cdnv2.tgdd.vn/mwg-static/tgdd/Products/Images/60/336059/op-lung-galaxy-a56-silicone-pc-samsung-thumb-638784215383605124-600x600.jpg
op-lung-magsafe-iphone-13-iphone-14-nhua-cung-pc-slim-ava-1mm-yf1182,Ốp lưng MagSafe iPhone 13/iPhone 14 nhựa cứng PC Slim AVA+ 1mm YF1182,https://cdnv2.tgdd.vn/mwg-static/tgdd/Products/Images/60/335427/op-lung-magsafe-iphone-13-iphone-14-nhua-cung-pc-slim-ava-1mm-yf1182-thumb-638772142804252129-600x600.jpg
op-lung-iphone-16-pro-max-magsafe-nhua-cung-vien-deo-jk5318-jincase-den-trong?utm_flashsale=1,Ốp lưng MagSafe iPhone 16 Pro Max Nhựa cứng viền dẻo JK5318 Jincase,https://cdnv2.tgdd.vn/mwg-static/tgdd/Products/Images/60/329709/op-lung-iphone-16-pro-max-magsafe-nhua-cung-vien-deo-jk5318-jincase-den-trong-thumb-638629693763891437-600x600.jpg
op-lung-galaxy-a56-tpu-co-khe-dung-the-samsung,Ốp lưng Galaxy A56 TPU có khe đựng thẻ Samsung,https://cdnv2.tgdd.vn/mwg-static/tgdd/Products/Images/60/336061/op-lung-galaxy-a56-tpu-co-khe-dung-the-samsung-thumb-638784248253614695-600x600.jpg
op-lung-galaxy-a56-tpu-pc-samsung,Ốp lưng Galaxy A56 TPU PC Samsung,https://cdnv2.tgdd.vn/mwg-static/tgdd/Products/Images/60/336062/op-lung-galaxy-a56-tpu-pc-samsung-thumb-638784295762831842-600x600.jpg
op-lung-iphone-13-iphone-14-nhua-deo-tpu-co-khe-dung-the-jincase-jk1171,Ốp lưng iPhone 13/iPhone 14 Nhựa dẻo TPU Jincase JK1171,https://cdnv2.tgdd.vn/mwg-static/tgdd/Products/Images/60/334011/op-lung-iphone-13-iphone-14-nhua-deo-tpu-co-khe-dung-the-jincase-jk1171-thumb-1-638728125276600701-600x600.jpg
op-lung-galaxy-a16-nhua-deo-tpu-co-khe-dung-the-samsung,Ốp lưng Galaxy A16 Nhựa dẻo TPU có khe đựng thẻ Samsung,https://cdnv2.tgdd.vn/mwg-static/tgdd/Products/Images/60/331966/op-lung-galaxy-a16-nhua-deo-tpu-co-khe-dung-the-samsung-thumb-638674631492560235-600x600.jpg
op-lung-galaxy-a55-nhua-cung-vien-deo-jm-anti-yellow,Ốp lưng Galaxy A55 Nhựa cứng viền dẻo JM Anti Yellow,https://cdn.tgdd.vn/Products/Images/60/324086/op-lung-galaxy-a55-nhua-cung-vien-deo-jm-anti-yellow-thumb-600x600.jpg
op-lung-galaxy-s24-ultra-tpu-araree-flexield,Ốp lưng Galaxy S24 Ultra TPU ARAREE FLEXIELD,https://cdnv2.tgdd.vn/mwg-static/tgdd/Products/Images/60/338631/op-lung-galaxy-s24-ultra-tpu-araree-flexield-thumb-638840276294053865-600x600.jpg
op-lung-magsafe-iphone-16-pro-max-nhua-cung-vien-deo-kl6501-jincase-360-rotating-trong,Ốp lưng MagSafe iPhone 16 Pro Max Nhựa cứng viền dẻo KL6501 Jincase 360 Rotating,https://cdnv2.tgdd.vn/mwg-static/tgdd/Products/Images/60/329835/op-lung-magsafe-iphone-16-pro-max-nhua-cung-vien-deo-kl6501-jincase-360-rotating-trong-thumb-638641679186450551-600x600.jpg
op-lung-galaxy-s24-fe-silicone-samsung,Ốp lưng Galaxy S24 FE Silicone Samsung,https://cdnv2.tgdd.vn/mwg-static/tgdd/Products/Images/60/330732/op-lung-galaxy-s24-fe-silicone-samsung-den-thumb-638646757709923173-600x600.jpg
op-lung-magsafe-iphone-16-pro-max-nhua-cung-vien-deo-360-rotating-jincase-kl6501x,Ốp lưng MagSafe iPhone 16 Pro Max Nhựa cứng viền dẻo 360 Rotating Jincase KL6501x,https://cdnv2.tgdd.vn/mwg-static/tgdd/Products/Images/60/334013/op-lung-magsafe-iphone-16-pro-max-nhua-cung-vien-deo-360-rotating-jincase-kl6501x-thumb-638727184279002203-600x600.jpg
op-lung-galaxy-m35-nhua-cung-vien-deo-pure-ii-jm,Ốp lưng Galaxy M35 Nhựa cứng viền dẻo Pure II JM,https://cdn.tgdd.vn/Products/Images/60/328651/op-lung-galaxy-m35-nhua-cung-vien-deo-pure-ii-jm-thumb-600x600.jpg
op-lung-galaxy-a15-nhua-cung-vien-deo-jincase-jcs1601,Ốp lưng Galaxy A15 Nhựa cứng viền dẻo Jincase JCS1601,https://cdn.tgdd.vn/Products/Images/60/321573/op-lung-galaxy-a15-nhua-cung-vien-deo-jincase-jcs1601-thumb-600x600.jpg
op-lung-iphone-16-pro-max-magsafe-nhua-cung-vien-deo-jk5316-jincase-den-matte?utm_flashsale=1,Ốp lưng MagSafe iPhone 16 Pro Max Nhựa cứng viền dẻo Jincase JK5316,https://cdnv2.tgdd.vn/mwg-static/tgdd/Products/Images/60/329710/op-lung-iphone-16-pro-max-magsafe-nhua-cung-vien-deo-jk5316-jincase-den-matte-thumb-638641567084090418-600x600.jpg
op-lung-magsafe-iphone-15-pro-max-nhua-cung-vien-deo-jincase-stand-jcs0075,Ốp lưng MagSafe iPhone 15 Pro Max Nhựa cứng viền dẻo Jincase Stand JCS0075,https://cdn.tgdd.vn/Products/Images/60/320855/op-lung-magsafe-iphone-15-pro-max-nhua-cung-vien-deo-jincase-stand-jcs0075-thumb-600x600.jpg
op-lung-galaxy-a26-tpu-sieu-bao-ve-samsung,Ốp lưng Galaxy A26 TPU Samsung,https://cdnv2.tgdd.vn/mwg-static/tgdd/Products/Images/60/336063/op-lung-galaxy-a26-tpu-sieu-bao-ve-samsung-thumb-638784249487250524-600x600.jpg
op-lung-iphone-15-plus-nhua-deo-tpu-mipow-ultra-thin-st15b-cr,Ốp lưng iPhone 15 Plus Nhựa dẻo TPU Mipow Ultra Thin ST15B-CR,https://cdn.tgdd.vn/Products/Images/60/315471/op-lung-iphone-15-plus-nhua-deo-tpu-mipow-ultra-thin-st15b-cr-021123-024457-600x600.jpg
op-lung-galaxy-a35-nhua-cung-vien-deo-jincase-jcs1601,Ốp lưng Galaxy A35 Nhựa cứng viền dẻo Jincase JCS1601,https://cdn.tgdd.vn/Products/Images/60/324084/op-lung-galaxy-a35-nhua-cung-vien-deo-jincase-jcs1601-thumb-600x600.jpg
op-lung-galaxy-s24-fe-nhua-cung-pc-samsung,Ốp lưng Galaxy S24 FE Nhựa cứng PC Samsung,https://cdnv2.tgdd.vn/mwg-static/tgdd/Products/Images/60/330734/op-lung-galaxy-s24-fe-nhua-cung-pc-samsung-thumb-638836979861945444-600x600.jpg
op-lung-magsafe-iphone-16-pro-max-nhua-cung-vien-deo-kl5320-jincase-360-rotating,Ốp lưng MagSafe iPhone 16 Pro Max Nhựa cứng viền dẻo KL5320 Jincase 360 Rotating,https://cdnv2.tgdd.vn/mwg-static/tgdd/Products/Images/60/329837/op-lung-magsafe-iphone-16-pro-max-nhua-cung-vien-deo-kl5320-jincase-360-rotating-den-thumb-638641715697575049-600x600.jpg
op-lung-xiaomi-redmi-a3-nhua-deo-tpu-jm-jack,Ốp lưng Xiaomi Redmi A3 Nhựa dẻo TPU JM JACK,https://cdn.tgdd.vn/Products/Images/60/324088/op-lung-xiaomi-redmi-a3-nhua-deo-tpu-jm-jack-thumb-600x600.jpg
op-lung-galaxy-a26-pc-tpu-samsung,Ốp lưng Galaxy A26 PC TPU Samsung,https://cdnv2.tgdd.vn/mwg-static/tgdd/Products/Images/60/336065/op-lung-galaxy-a26-pc-tpu-samsung-thumb-638784296284009368-600x600.jpg
op-lung-iphone-16-pro-max-maggo-magnetic-360-nhua-cung-vien-deo-anker-ring-stand-b2b-a90h1,Ốp lưng iPhone 16 Pro Max MagGo Magnetic 360° Nhựa cứng viền dẻo Anker Ring Stand B2B_A90H1,https://cdnv2.tgdd.vn/mwg-static/tgdd/Products/Images/60/333068/op-lung-iphone-16-pro-max-maggo-magnetic-360-nhua-cung-vien-deo-anker-ring-stand-b2b-a90h1-thumb-638721926847691467-600x600.jpg
op-lung-galaxy-a25-nhua-cung-vien-deo-jincase-jcs1601,Ốp lưng Galaxy A25 Nhựa cứng viền dẻo Jincase JCS1601,https://cdn.tgdd.vn/Products/Images/60/321574/op-lung-galaxy-a25-nhua-cung-vien-deo-jincase-jcs1601-thumb-600x600.jpg
op-lung-iphone-15-plus-nhua-cung-vien-deo-mipow-tempered-glass-ps15b-cr,Ốp lưng iPhone 15 Plus Nhựa cứng viền dẻo Mipow Tempered Glass PS15B-CR,https://cdn.tgdd.vn/Products/Images/60/315475/op-lung-iphone-15-plus-nhua-cung-vien-deo-mipow-tempered-glass-ps15b-cr-021123-024142-600x600.jpg
op-lung-iphone-11-nhua-cung-vien-deo-jm-pure-ii,Ốp lưng iPhone 11 Nhựa cứng viền dẻo JM Pure II,https://cdn.tgdd.vn/Products/Images/60/326673/op-lung-iphone-11-nhua-cung-vien-deo-jm-pure-ii-tb-600x600.jpg
op-lung-magsafe-iphone-16-plus-nhua-cung-pc-ava-jm-thin-1-2mm,Ốp lưng MagSafe iPhone 16 Plus nhựa cứng PC AVA+ JM Thin 1.2mm,https://cdnv2.tgdd.vn/mwg-static/tgdd/Products/Images/60/334051/op-lung-magsafe-iphone-16-plus-nhua-cung-pc-ava-jm-thin-1-2mm-thumb-638729102248486802-600x600.jpg
op-lung-galaxy-s25-ultra-nhua-cung-pc-ava-slim-1mm-yf1182,Ốp lưng Galaxy S25 Ultra nhựa cứng PC AVA+ Slim 1mm YF1182,https://cdnv2.tgdd.vn/mwg-static/tgdd/Products/Images/60/335451/op-lung-galaxy-s25-ultra-nhua-cung-pc-ava-slim-1mm-yf1182-thumb-638769816155069419-600x600.jpg
op-lung-galaxy-a26-tpu-araree-flexield,Ốp lưng Galaxy A26 TPU ARAREE FLEXIELD,https://cdnv2.tgdd.vn/mwg-static/tgdd/Products/Images/60/338629/op-lung-galaxy-a26-tpu-araree-flexield-thumb-638840282822225649-600x600.jpg
op-lung-galaxy-m15-nhua-cung-vien-deo-jincase-jcs1601,Ốp lưng Galaxy M15 Nhựa cứng viền dẻo Jincase JCS1601,https://cdn.tgdd.vn/Products/Images/60/326672/op-lung-galaxy-m15-nhua-cung-vien-deo-jincase-jcs1601-tb-600x600.jpg
op-lung-iphone-16-plus-air-fender-nhua-deo-tpu-uniq,Ốp lưng iPhone 16 Plus Nhựa dẻo TPU UNIQ AIR FENDER,https://cdnv2.tgdd.vn/mwg-static/tgdd/Products/Images/60/330185/op-lung-iphone-16-plus-air-fender-nhua-deo-tpu-uniq-260924-025054-397-600x600.jpg
op-lung-magsafe-iphone-16-pro-max-silicone-apple,Ốp lưng MagSafe iPhone 16 Pro Max Silicone Apple,https://cdnv2.tgdd.vn/mwg-static/tgdd/Products/Images/60/329779/op-lung-magsafe-iphone-16-pro-max-silicone-apple-xam-638629589988034971-600x600.jpg
op-lung-iphone-16-nhua-cung-vien-deo-jm-bayer-ii?utm_flashsale=1,Ốp lưng iPhone 16 nhựa cứng viền dẻo JM Bayer II,https://cdnv2.tgdd.vn/mwg-static/tgdd/Products/Images/60/335462/op-lung-iphone-16-nhua-cung-vien-deo-jm-bayer-ii-thumb-638780793903911953-600x600.jpg
op-lung-galaxy-a36-tpu-pc-samsung,Ốp lưng Galaxy A36 TPU PC Samsung,https://cdnv2.tgdd.vn/mwg-static/tgdd/Products/Images/60/336069/op-lung-galaxy-a36-tpu-pc-samsung-thumb-638784253987247264-600x600.jpg
op-lung-galaxy-a16-nhua-cung-pc-ava-slim-1mm-yf1182,Ốp lưng Galaxy A16 nhựa cứng PC AVA+ Slim 1mm YF1182,https://cdnv2.tgdd.vn/mwg-static/tgdd/Products/Images/60/335430/op-lung-galaxy-a16-nhua-cung-pc-ava-slim-1mm-yf1182-thumb-638772157878880068-600x600.jpg
bao-da-galaxy-s24-fe-samsung-thong-minh,Bao da Galaxy S24 FE Samsung thông minh,https://cdnv2.tgdd.vn/mwg-static/tgdd/Products/Images/60/330730/bao-da-galaxy-s24-fe-samsung-thong-minh-thumb-638646267879983746-600x600.jpg
op-lung-iphone-11-nhua-deo-uv-ckny002-meo,Ốp lưng iPhone 11 Nhựa dẻo UV printing OSMIA CKNY002 Mèo,https://cdn.tgdd.vn/Products/Images/60/212005/op-lung-iphone-11-pro-nhua-deo-uv-ckny002-meo-do-1-1-600x600.jpg
op-lung-galaxy-a36-silicone-pc-samsung,Ốp lưng Galaxy A36 Silicone PC Samsung,https://cdnv2.tgdd.vn/mwg-static/tgdd/Products/Images/60/336066/op-lung-galaxy-a36-silicone-pc-samsung-thumb-638784251633317716-600x600.jpg
op-lung-galaxy-s25-ultra-nhua-cung-pc-samsung,Ốp lưng Galaxy S25 Ultra nhựa cứng PC Samsung,https://cdnv2.tgdd.vn/mwg-static/tgdd/Products/Images/60/334209/op-lung-galaxy-s25-ultra-nhua-cung-pc-samsung-thumb-638731977287107829-600x600.jpg
op-lung-magsafe-iphone-16-pro-max-tempered-glass-nhua-cung-vien-deo-mipow-mgc16d-cr,Ốp lưng MagSafe iPhone 16 Pro Max Magsafe nhựa cứng viền dẻo Mipow Tempered Glass MGC16D-CR,https://cdnv2.tgdd.vn/mwg-static/tgdd/Products/Images/60/330310/op-lung-magsafe-iphone-16-pro-max-tempered-glass-nhua-cung-vien-deo-mipow-mgc16d-cr-thumb-638664408471089418-600x600.jpg
op-lung-iphone-15-pro-max-nhua-cung-vien-deo-jm-bayer-ii?utm_flashsale=1,Ốp lưng iPhone 15 Pro Max Nhựa cứng viền dẻo JM Bayer II,https://cdn.tgdd.vn/Products/Images/60/315487/op-lung-iphone-15-pro-max-nhua-cung-vien-deo-jm-bayer-ii-thumb-600x600.jpg
op-lung-magsafe-iphone-16e-pc-tpu-ava-oc-pure-pad,Ốp lưng MagSafe iPhone 16e PC TPU AVA+ OC Pure Pad,https://cdnv2.tgdd.vn/mwg-static/tgdd/Products/Images/60/337153/op-lung-magsafe-iphone-16e-pc-tpu-ava-oc-pure-pad-thumb-638815355834404378-600x600.jpg
op-lung-iphone-16-pro-max-tempered-glass-nhua-cung-vien-deo-mipow-ps16d-cr,Ốp lưng iPhone 16 Pro Max nhựa cứng viền dẻo Mipow Tempered Glass PS16D-CR,https://cdnv2.tgdd.vn/mwg-static/tgdd/Products/Images/60/330308/op-lung-iphone-16-pro-max-tempered-glass-nhua-cung-vien-deo-mipow-ps16d-cr-thumb-638664401536825726-600x600.jpg
op-lung-galaxy-a36-tpu-co-khe-dung-the-samsung,Ốp lưng Galaxy A36 TPU có khe đựng thẻ Samsung,https://cdnv2.tgdd.vn/mwg-static/tgdd/Products/Images/60/336068/op-lung-galaxy-a36-tpu-co-khe-dung-the-samsung-den-thumb-638784253357881802-600x600.jpg
op-lung-galaxy-s24-fe-samsung-kem-day,Ốp lưng Galaxy S24 FE Samsung kèm dây,https://cdnv2.tgdd.vn/mwg-static/tgdd/Products/Images/60/330733/op-lung-galaxy-s24-fe-samsung-kem-day-thumb-638646860735060492-600x600.jpg
op-lung-galaxy-a16-nhua-cung-pc-mong-samsung-trong,Ốp lưng Galaxy A16 Nhựa cứng PC mỏng Samsung Trong,https://cdnv2.tgdd.vn/mwg-static/tgdd/Products/Images/60/331967/op-lung-galaxy-a16-nhua-cung-pc-mong-samsung-trong-thumb-638674639280206049-600x600.jpg
op-lung-galaxy-a05s-nhua-cung-vien-deo-jm-pure-ii,Ốp lưng Galaxy A05s Nhựa cứng viền dẻo JM Pure II,https://cdn.tgdd.vn/Products/Images/60/319681/op-lung-galaxy-a05s-nhua-cung-vien-deo-jm-pure-ii-thumb-600x600.jpg
bao-da-galaxy-s24-ultra-samsung-thong-minh-den,Bao da Galaxy S24 Ultra Samsung Thông minh,https://cdn.tgdd.vn/Products/Images/60/321566/bao-da-galaxy-s24-ultra-samsung-thong-minh-den-thumb-1-600x600.jpg
op-lung-galaxy-s25-plus-silicone-samsung,Ốp lưng Galaxy S25+ Silicone Samsung,https://cdnv2.tgdd.vn/mwg-static/tgdd/Products/Images/60/334197/op-lung-galaxy-s25-plus-silicone-samsung-xanh-mint-thumb-1-638731980613232333-600x600.jpg
op-lung-galaxy-a16-pc-tpu-samsung-smapp,Ốp lưng Galaxy A16 PC TPU Samsung SMAPP,https://cdnv2.tgdd.vn/mwg-static/tgdd/Products/Images/60/336070/op-lung-galaxy-a16-pc-tpu-samsung-smapp-thumb-638784254647035493-600x600.jpg
op-lung-galaxy-s24-ultra-pc-tpu-mipow-ps24u-cr,Ốp lưng Galaxy S24 Ultra PC TPU Mipow PS24U-CR,https://cdnv2.tgdd.vn/mwg-static/tgdd/Products/Images/60/337150/op-lung-galaxy-s24-ultra-pc-tpu-mipow-ps24u-cr-thumb-638828279343242359-600x600.jpg
op-lung-magsafe-iphone-16-pro-nhua-cung-vien-deo-kl6501-jincase-360-rotating-trong?utm_flashsale=1,Ốp lưng MagSafe iPhone 16 Pro Nhựa cứng viền dẻo KL6501 Jincase 360 Rotating,https://cdnv2.tgdd.vn/mwg-static/tgdd/Products/Images/60/329838/op-lung-magsafe-iphone-16-pro-nhua-cung-vien-deo-kl6501-jincase-360-rotating-trong-thumb-638641781115813331-600x600.jpg
op-lung-magsafe-iphone-14-nhua-cung-vien-deo-freelander-i-jm,Ốp lưng MagSafe iPhone 14 Nhựa cứng viền dẻo FREELANDER I JM,https://cdn.tgdd.vn/Products/Images/60/291972/op-lung-magsafe-iphone-14-nhua-cung-vien-deo-freelander-i-jm-0-600x600.jpg
op-lung-magsafe-iphone-15-pro-silicone-apple-mt1e3,Ốp lưng Magsafe iPhone 15 Pro Silicone Apple MT1E3,https://cdn.tgdd.vn/Products/Images/60/315050/op-lung-magsafe-iphone-15-pro-silicone-apple-mt1e3-thumbnew-600x600.jpg
op-lung-magsafe-iphone-15-pro-max-nhua-cung-vien-deo-jincase-360-rotating-jcs0076?utm_flashsale=1,Ốp lưng Magsafe iPhone 15 Pro Max Nhựa cứng viền dẻo Jincase 360 Rotating JCS0076,https://cdn.tgdd.vn/Products/Images/60/325167/op-lung-magsafe-iphone-15-pro-max-nhua-cung-vien-deo-jincase-360-rotating-jcs0076-thumb-600x600.jpg
op-lung-magsafe-iphone-16-pro-sillicone-apple,Ốp lưng MagSafe iPhone 16 Pro Sillicone Apple,https://cdnv2.tgdd.vn/mwg-static/tgdd/Products/Images/60/329777/op-lung-magsafe-iphone-16-pro-sillicone-apple-xanh-luu-ly-638629558159011741-600x600.jpg
op-lung-magsafe-iphone-16-nhua-cung-pc-ava-jm-thin-1-2mm,Ốp lưng MagSafe iPhone 16 nhựa cứng PC AVA+ JM Thin 1.2mm,https://cdnv2.tgdd.vn/mwg-static/tgdd/Products/Images/60/334052/op-lung-magsafe-iphone-16-nhua-cung-pc-ava-jm-thin-1-2mm-thumb-638729099039480602-600x600.jpg
op-lung-galaxy-s25-plus-nhua-cung-pc-samsung,Ốp lưng Galaxy S25+ nhựa cứng PC Samsung,https://cdnv2.tgdd.vn/mwg-static/tgdd/Products/Images/60/334208/op-lung-galaxy-s25-plus-nhua-cung-pc-samsung-thumb-638731976920722542-600x600.jpg
op-lung-galaxy-s25-nhua-cung-pc-samsung,Ốp lưng Galaxy S25 nhựa cứng PC Samsung,https://cdnv2.tgdd.vn/mwg-static/tgdd/Products/Images/60/334207/op-lung-galaxy-s25-nhua-cung-pc-samsung-thum1-638731976654727475-600x600.jpg
op-lung-galaxy-a36-pc-tpu-sieu-bao-ve-samsung,Ốp lưng Galaxy A36 PC TPU Samsung,https://cdnv2.tgdd.vn/mwg-static/tgdd/Products/Images/60/336067/op-lung-galaxy-a36-pc-tpu-sieu-bao-ve-samsung-thumb-638784252327140690-600x600.jpg
op-lung-galaxy-a05-nhua-cung-vien-deo-jm-pure-ii,Ốp lưng Galaxy A05 Nhựa cứng viền dẻo JM Pure II,https://cdn.tgdd.vn/Products/Images/60/319675/op-lung-galaxy-a05-nhua-cung-vien-deo-jm-pure-ii-thumb-1-600x600.jpg
op-lung-iphone-16-lifepro-xtreme-nhua-cung-vien-deo-uniq,Ốp lưng iPhone 16 Nhựa cứng viền dẻo UNIQ LIFEPRO XTREME,https://cdnv2.tgdd.vn/mwg-static/tgdd/Products/Images/60/330182/op-lung-iphone-16-lifepro-xtreme-nhua-cung-vien-deo-uniq-260924-023426-867-600x600.jpg
op-lung-magsafe-iphone-15-pro-nhua-cung-vien-deo-jm-bayer-ii,Ốp lưng MagSafe iPhone 15 Pro Nhựa cứng viền dẻo JM Bayer II,https://cdn.tgdd.vn/Products/Images/60/315488/op-lung-iphone-15-pro-magsafe-nhua-cung-vien-deo-jm-bayer-ii-thumb-600x600.jpg
op-lung-iphone-12-12-pro-nhua-cung-vien-deo-pure-ii-jm-trong,Ốp lưng iPhone 12/12 Pro Nhựa cứng viền dẻo Pure II JM,https://cdn.tgdd.vn/Products/Images/60/329524/op-lung-iphone-12-12-pro-nhua-cung-vien-deo-pure-ii-jm-trong-thumb-600x600.jpg
op-lung-galaxy-s23-ultra-nhua-cung-vien-deo-jcs1601-jincase-trong,Ốp lưng Galaxy S23 Ultra Nhựa cứng viền dẻo JCS1601 Jincase,https://cdnv2.tgdd.vn/mwg-static/tgdd/Products/Images/60/332547/op-lung-galaxy-s23-ultra-nhua-cung-vien-deo-jcs1601-jincase-trong-thumb-638683191921393150-600x600.jpg
op-lung-galaxy-a56-pc-tpu-sieu-bao-ve-samsung,Ốp lưng Galaxy A56 PC TPU Samsung,https://cdnv2.tgdd.vn/mwg-static/tgdd/Products/Images/60/336060/op-lung-galaxy-a56-pc-tpu-sieu-bao-ve-samsung-thumb-638784247858077920-600x600.jpg
op-lung-iphone-15-nhua-deo-tpu-mipow-ultra-thin-st15a-cr,Ốp lưng iPhone 15 Nhựa dẻo TPU Mipow Ultra Thin ST15A-CR,https://cdn.tgdd.vn/Products/Images/60/315470/op-lung-iphone-15-nhua-deo-tpu-mipow-ultra-thin-st15a-cr-021123-031749-600x600.jpg
op-lung-iphone-16-pro-max-lifepro-xtreme-nhua-cung-vien-deo-uniq,Ốp lưng iPhone 16 Pro Max Nhựa cứng viền dẻo UNIQ LIFEPRO XTREME,https://cdnv2.tgdd.vn/mwg-static/tgdd/Products/Images/60/330201/op-lung-iphone-16-pro-max-lifepro-xtreme-nhua-cung-vien-deo-uniq-260924-053542-583-600x600.jpg
op-lung-magsafe-galaxy-s25-ultra-nhua-pc-tpu-samsung-trong,Ốp lưng MagSafe Galaxy S25 Ultra nhựa PC TPU Samsung,https://cdnv2.tgdd.vn/mwg-static/tgdd/Products/Images/60/334392/op-lung-magsafe-galaxy-s25-ultra-nhua-pc-tpu-samsung-trong-thumb-638747230620880783-600x600.jpg
op-lung-iphone-16-pro-magclick-charging-combat-nhua-tpu-tpe-pc-uniq-stone,Ốp lưng MagSafe iPhone 16 Pro Nhựa TPU TPE PC UNIQ MAGCLICK CHARGING COMBAT,https://cdnv2.tgdd.vn/mwg-static/tgdd/Products/Images/60/330192/op-lung-iphone-16-pro-magclick-charging-combat-nhua-tpu-tpe-pc-uniq-stone-260924-032517-427-600x600.jpg
op-lung-iphone-16-pro-max-air-fender-nhua-deo-tpu-uniq,Ốp lưng iPhone 16 Pro Max Nhựa dẻo TPU UNIQ AIR FENDER,https://cdnv2.tgdd.vn/mwg-static/tgdd/Products/Images/60/330200/op-lung-iphone-16-pro-max-air-fender-nhua-deo-tpu-uniq-260924-053050-261-600x600.jpg
op-lung-iphone-16-pro-max-magclick-charging-combat-nhua-tpu-tpe-pc-uniq,Ốp lưng MagSafe iPhone 16 Pro Max Nhựa TPU TPE PC UNIQ MAGCLICK CHARGING COMBAT,https://cdnv2.tgdd.vn/mwg-static/tgdd/Products/Images/60/330204/op-lung-iphone-16-pro-max-magclick-charging-combat-nhua-tpu-tpe-pc-uniq-260924-061603-420-600x600.jpg
op-lung-magsafe-iphone-16-plus-jc-pc-ava-slim-1mm-yf1182,Ốp lưng MagSafe iPhone 16 Plus JC PC AVA+ Slim 1mm YF1182,https://cdnv2.tgdd.vn/mwg-static/tgdd/Products/Images/60/337152/op-lung-magsafe-iphone-16-plus-jc-pc-ava-slim-1mm-yf1182-thumb-638811933565397831-600x600.jpg
op-lung-galaxy-s25-pu-pc-samsung-edge-kindsuit,Ốp lưng Galaxy S25 Edge PU PC Samsung Kindsuit,https://cdnv2.tgdd.vn/mwg-static/tgdd/Products/Images/60/336803/op-lung-galaxy-s25-pu-pc-samsung-edge-kindsuit-thumb-638799008643023744-600x600.jpg
op-lung-galaxy-a24-nhua-cung-samsung,Ốp lưng Galaxy A24 Nhựa cứng Samsung,https://cdn.tgdd.vn/Products/Images/60/307840/op-lung-galaxy-a24-nhua-cung-samsung-thumb-600x600.jpg
op-lung-iphone-16-magclick-charging-clario-eco-nhua-cung-vien-deo-uniq,Ốp lưng MagSafe iPhone 16 Nhựa cứng viền dẻo UNIQ MAGCLICK CHARGING CLARIO (ECO),https://cdnv2.tgdd.vn/mwg-static/tgdd/Products/Images/60/330184/op-lung-iphone-16-magclick-charging-clario-eco-nhua-cung-vien-deo-uniq-260924-024911-973-600x600.jpg
op-lung-galaxy-s25-silicone-samsung,Ốp lưng Galaxy S25 Silicone Samsung,https://cdnv2.tgdd.vn/mwg-static/tgdd/Products/Images/60/334196/op-lung-galaxy-s25-silicone-samsung-thumb-1-638731981518835773-600x600.jpg
op-lung-iphone-15-nhua-cung-vien-deo-jincase-jcs1601-trong?utm_flashsale=1,Ốp lưng iPhone 15 Nhựa cứng viền dẻo Jincase JCS1601,https://cdnv2.tgdd.vn/mwg-static/tgdd/Products/Images/60/334424/op-lung-iphone-15-nhua-cung-vien-deo-jincase-jcs1601-trong-thumb-638748070188216610-600x600.jpg
op-lung-magsafe-iphone-15-pro-max-silicone-apple-mt1q3,Ốp lưng Magsafe iPhone 15 Pro Max Silicone Apple MT1Q3,https://cdn.tgdd.vn/Products/Images/60/315064/op-lung-magsafe-iphone-15-pro-max-silicone-apple-mt1q3-thumbnew-600x600.jpg
bao-da-galaxy-a55-samsung-thong-minh,Bao da Galaxy A55 Samsung Thông minh,https://cdn.tgdd.vn/Products/Images/60/323058/bao-da-galaxy-a55-samsung-thong-minh-thumb-600x600.jpg
op-lung-galaxy-z-fold6-kem-but-s-pen-samsung,Ốp lưng Galaxy Z Fold6 nhựa cứng kèm bút S Pen Samsung,https://cdn.tgdd.vn/Products/Images/60/327909/op-lung-galaxy-z-fold6-kem-but-s-pen-samsung-thumb-600x600.jpg
op-lung-magsafe-iphone-16-jc-pc-ava-slim-1mm-yf1182,Ốp lưng MagSafe iPhone 16 JC PC AVA+ Slim 1mm YF1182,https://cdnv2.tgdd.vn/mwg-static/tgdd/Products/Images/60/337151/op-lung-magsafe-iphone-16-jc-pc-ava-slim-1mm-yf1182-thumb-638811932368657051-600x600.jpg
op-lung-iphone-14-nhua-deo-kingxbar-trong-suot,Ốp lưng iPhone 14 Nhựa dẻo Kingxbar,https://cdn.tgdd.vn/Products/Images/60/291365/op-lung-iphone-14-nhua-deo-kingxbar-trong-suot-thumb1-600x600.jpeg
op-lung-iphone-15-pro-nhua-cung-vien-deo-jm-bayer-ii,Ốp lưng iPhone 15 Pro Nhựa cứng viền dẻo JM Bayer II,https://cdn.tgdd.vn/Products/Images/60/315489/op-lung-iphone-15-pro-nhua-cung-vien-deo-jm-bayer-ii-thumb-1-600x600.jpg
op-lung-iphone-16-pro-max-magclick-charging-lifepro-xtreme-af-nhua-cung-vien-deo-uniq,Ốp lưng MagSafe iPhone 16 Pro Max Nhựa cứng viền dẻo UNIQ MAGCLICK CHARGING LIFEPRO XTREME (AF),https://cdnv2.tgdd.vn/mwg-static/tgdd/Products/Images/60/330202/op-lung-iphone-16-pro-max-magclick-charging-lifepro-xtreme-af-nhua-cung-vien-deo-uniq-260924-054335-039-600x600.jpg
op-lung-magsafe-iphone-14-candy-silicone-jm,Ốp lưng Magsafe iPhone 14 Candy Silicone JM,https://cdn.tgdd.vn/Products/Images/60/291971/op-lung-magsafe-iphone-14-candy-silicone-jm-thumb1-600x600.jpg
op-lung-magsafe-iphone-15-plus-vai-tinh-det-apple-mt473,Ốp lưng Magsafe iPhone 15 Plus Vải tinh dệt Apple MT473,https://cdn.tgdd.vn/Products/Images/60/315041/op-lung-magsafe-iphone-15-plus-vai-tinh-det-apple-mt473-thumbnew-600x600.jpg
op-lung-magsafe-iphone-15-pro-vai-tinh-det-apple-mt4h3,Ốp lưng Magsafe iPhone 15 Pro Vải tinh dệt Apple MT4H3,https://cdn.tgdd.vn/Products/Images/60/315057/op-lung-magsafe-iphone-15-pro-vai-tinh-det-apple-mt4h3-thumbnew-600x600.jpg
op-lung-galaxy-a55-silicone-samsung,Ốp lưng Galaxy A55 Silicone Samsung,https://cdn.tgdd.vn/Products/Images/60/323059/op-lung-galaxy-a55-silicone-samsung-thumb-600x600.jpg
op-lung-iphone-16-crystal-m-nhua-cung-vien-deo-laut-crystal,Ốp lưng MagSafe iPhone 16 Nhựa cứng viền dẻo LAUT Crystal-M,https://cdnv2.tgdd.vn/mwg-static/tgdd/Products/Images/60/330212/op-lung-iphone-16-crystal-m-nhua-cung-vien-deo-laut-crystal-091024-104530-984-600x600.jpg
op-lung-magsafe-iphone-14-plus-nhua-cung-vien-deo-freelander-i-jm,Ốp lưng MagSafe iPhone 14 Plus Nhựa cứng viền dẻo FREELANDER I JM,https://cdn.tgdd.vn/Products/Images/60/291978/op-lung-magsafe-iphone-14-plus-nhua-cung-vien-deo-freelander-i-jm-thumb1-600x600.jpeg
op-lung-iphone-15-pro-max-nhua-cung-vien-deo-mipow-tempered-glass-ps15d-cr,Ốp lưng iPhone 15 Pro Max Nhựa cứng viền dẻo Mipow Tempered Glass PS15D-CR,https://cdn.tgdd.vn/Products/Images/60/315477/op-lung-iphone-15-pro-max-nhua-cung-vien-deo-mipow-tempered-glass-ps15d-cr-011123-030711-600x600.jpg
op-lung-magsafe-iphone-16-plus-sillicone-apple,Ốp lưng MagSafe iPhone 16 Plus Sillicone Apple,https://cdnv2.tgdd.vn/mwg-static/tgdd/Products/Images/60/329775/op-lung-magsafe-iphone-16-plus-sillicone-apple-xanh-luu-ly-600x600.jpg
op-lung-magsafe-iphone-16-silicone-apple,Ốp lưng MagSafe iPhone 16 Silicone Apple,https://cdnv2.tgdd.vn/mwg-static/tgdd/Products/Images/60/329781/op-lung-magsafe-iphone-16-silicone-apple-638629612672859210-600x600.jpg
op-lung-galaxy-s25-plus-silicone-pc-tpu-samsung,Ốp lưng Galaxy S25+ Silicone PC TPU Samsung,https://cdnv2.tgdd.vn/mwg-static/tgdd/Products/Images/60/334194/op-lung-galaxy-s25-plus-silicone-pc-tpu-samsung-thumb-638731882189563838-600x600.jpg
op-lung-galaxy-s25-ultra-nhua-cung-pc-da-pu-samsung-kindsuit,Ốp lưng Galaxy S25 Ultra Nhựa cứng PC Da PU Samsung Kindsuit,https://cdnv2.tgdd.vn/mwg-static/tgdd/Products/Images/60/334206/op-lung-galaxy-s25-ultra-nhua-cung-pc-da-pu-samsung-kindsuit-thumb-638748054196502532-600x600.jpg
op-magsafe-ip15-pro-max-nhua-cung-vien-deo-mipow-tempered-glass-mgc15d-cr,Ốp lưng MagSafe iPhone 15 Pro Max Nhựa cứng viền dẻo Mipow Tempered Glass MGC15D-CR,https://cdn.tgdd.vn/Products/Images/60/315479/op-magsafe-ip15-pro-max-nhua-cung-vien-deo-mipow-tempered-glass-mgc15d-cr-011123-030405-600x600.jpg
op-lung-galaxy-a35-nhua-deo-smapp-samsung,Ốp lưng Galaxy A35 Nhựa dẻo Samsung SMAPP,https://cdn.tgdd.vn/Products/Images/60/323066/op-lung-galaxy-a35-nhua-deo-smapp-samsung-thumb-600x600.jpg
op-lung-iphone-13-nhua-deo-tpu-araree-flexield-clear,Ốp lưng iPhone 13/iPhone 14 Nhựa dẻo TPU Araree Flexield Clear,https://cdn.tgdd.vn/Products/Images/60/327526/op-lung-iphone-13-nhua-deo-tpu-araree-flexield-clear-thumb-600x600.jpg
op-lung-iphone-16-air-fender-nhua-deo-tpu-uniq,Ốp lưng iPhone 16 Nhựa dẻo TPU UNIQ AIR FENDER,https://cdnv2.tgdd.vn/mwg-static/tgdd/Products/Images/60/330181/op-lung-iphone-16-air-fender-nhua-deo-tpu-uniq-260924-022216-768-600x600.jpg
op-lung-magsafe-iphone-16e-pc-tpu-uniq-magclick-charging-lifepro,Ốp lưng MagSafe iPhone 16e PC TPU UNIQ Magclick Charging Lifepro,https://cdnv2.tgdd.vn/mwg-static/tgdd/Products/Images/60/336371/op-lung-magsafe-iphone-16e-pc-tpu-uniq-magclick-charging-lifepro-thumb-638797174923180724-600x600.jpg
op-lung-iphone-15-nhua-cung-vien-deo-mipow-tempered-glass-ps15a-cr,Ốp lưng iPhone 15 Nhựa cứng viền dẻo Mipow Tempered Glass PS15A-CR,https://cdn.tgdd.vn/Products/Images/60/315474/op-lung-iphone-15-nhua-cung-vien-deo-mipow-tempered-glass-ps15a-cr-021123-031343-600x600.jpg
op-lung-galaxy-z-fold6-da-samsung,Ốp lưng Galaxy Z Fold6 da Samsung,https://cdn.tgdd.vn/Products/Images/60/328054/op-lung-galaxy-z-fold6-da-samsung-thumb-600x600.jpg
op-lung-iphone-16-pro-air-fender-nhua-deo-tpu-uniq,Ốp lưng iPhone 16 Pro Nhựa dẻo TPU UNIQ AIR FENDER,https://cdnv2.tgdd.vn/mwg-static/tgdd/Products/Images/60/330189/op-lung-iphone-16-pro-air-fender-nhua-deo-tpu-uniq-260924-030915-768-600x600.jpg
op-lung-iphone-16-pro-lifepro-xtreme-nhua-cung-vien-deo-uniq,Ốp lưng iPhone 16 Pro Nhựa cứng viền dẻo UNIQ LIFEPRO XTREME,https://cdnv2.tgdd.vn/mwg-static/tgdd/Products/Images/60/330190/op-lung-iphone-16-pro-lifepro-xtreme-nhua-cung-vien-deo-uniq-260924-031403-262-600x600.jpg
op-lung-iphone-16-pro-max-magclick-charging-eleva-with-vertical-stand-nhua-cung-vien-deo-uniq,Ốp lưng MagSafe iPhone 16 Pro Max Nhựa cứng viền dẻo UNIQ MAGCLICK CHARGING ELEVA WITH VERTICAL STAND,https://cdnv2.tgdd.vn/mwg-static/tgdd/Products/Images/60/330211/op-lung-iphone-16-pro-max-magclick-charging-eleva-with-vertical-stand-nhua-cung-vien-deo-uniq-091024-105946-625-600x600.jpg
op-lung-magsafe-iphone-16-pro-max-slim-nhua-cung-mipow,Ốp lưng MagSafe iPhone 16 Pro Max nhựa cứng Mipow Slim SM16D,https://cdnv2.tgdd.vn/mwg-static/tgdd/Products/Images/60/330317/op-lung-magsafe-iphone-16-pro-max-slim-nhua-cung-mipow-thumb-638664415190511730-600x600.jpg
op-lung-iphone-16-tempered-glass-nhua-cung-vien-deo-mipow-trong-ps16a-cr,Ốp lưng iPhone 16 nhựa cứng viền dẻo Mipow Tempered Glass PS16A-CR,https://cdnv2.tgdd.vn/mwg-static/tgdd/Products/Images/60/335466/op-lung-iphone-16-tempered-glass-nhua-cung-vien-deo-mipow-trong-ps16a-cr-thumb-638773120709731085-600x600.jpg
op-lung-iphone-13-silicon,Ốp lưng iPhone 13 Silicone OSMIA,https://cdn.tgdd.vn/Products/Images/60/252272/op-lung-iphone-13-silicon-081021-034232-600x600.jpg
op-lung-iphone-13-nhua-deo-dagger-jm,Ốp lưng iPhone 13 Nhựa dẻo DAGGER JM,https://cdn.tgdd.vn/Products/Images/60/268570/op-lung-iphone-13-nhua-deo-dagger-jm-0-600x600.jpg
op-lung-iphone-14-nhua-cung-vien-deo-shock-hole-jm,Ốp lưng iPhone 14 Nhựa cứng viền dẻo SHOCK HOLE JM,https://cdn.tgdd.vn/Products/Images/60/291974/op-lung-iphone-14-nhua-cung-vien-deo-shock-hole-jm-thumb1-600x600.jpeg
op-lung-magsafe-iphone-15-pro-nhua-trong-apple-mt223,Ốp lưng Magsafe iPhone 15 Pro Nhựa trong Apple MT223,https://cdn.tgdd.vn/Products/Images/60/315044/op-lung-magsafe-iphone-15-pro-nhua-trong-apple-mt223-thumbnew-600x600.jpg
op-lung-magsafe-iphone-15-nhua-cung-vien-deo-mipow-tempered-glass-mgc15a-cr,Ốp lưng MagSafe iPhone 15 nhựa cứng viền dẻo Mipow Tempered Glass MGC15A-CR,https://cdnv2.tgdd.vn/mwg-static/tgdd/Products/Images/60/335464/op-lung-magsafe-iphone-15-nhua-cung-vien-deo-mipow-tempered-glass-mgc15a-cr-thumb-638840496483969984-600x600.jpg
op-lung-iphone-16-plus-nhua-cung-vien-deo-mipow-tempered-glass-ps16c-cr,Ốp lưng iPhone 16 Plus nhựa cứng viền dẻo Mipow Tempered Glass PS16C-CR,https://cdnv2.tgdd.vn/mwg-static/tgdd/Products/Images/60/335467/op-lung-iphone-16-plus-nhua-cung-vien-deo-mipow-tempered-glass-ps16c-cr-thumb-638774000251949166-600x600.jpg
op-iphone-13-nhua-deo-logo-show-meeker-den,Ốp lưng iPhone 13 Nhựa dẻo Logo Show MEEKER,https://cdn.tgdd.vn/Products/Images/60/253828/op-iphone-13-nhua-deo-logo-show-meeker-den-1.-600x600.jpg
op-magsafe-iphone-14-nhua-cung-vien-deo-switcheasy-transparent-starfield-m,Ốp lưng MagSafe iPhone 14 Nhựa cứng viền dẻo SwitchEasy Starfield M,https://cdn.tgdd.vn/Products/Images/60/306770/op-magsafe-iphone-14-nhua-cung-vien-deo-switcheasy-transparent-starfield-m-thumb-600x600.jpg
op-magsafe-iphone-15-pro-silicone-uniq-hybrid-magclick-lino-hue-liquid-grey,Ốp lưng MagSafe iPhone 15 Pro Silicone UNIQ HYBRID MAGCLICK CHARGING LINO HUE Liquid,https://cdn.tgdd.vn/Products/Images/60/314983/op-magsafe-iphone-15-pro-silicone-uniq-hybrid-magclick-lino-hue-liquid-grey-thumb-1-600x600.jpg
op-lung-iphone-11-nhua-cung-vien-deo-1-6mm-kingxbar-trong,Ốp lưng iPhone 11 Nhựa cứng viền dẻo 1.6mm Kingxbar,https://cdn.tgdd.vn/Products/Images/60/317003/op-lung-iphone-11-nhua-cung-vien-deo-1-6mm-kingxbar-trong-thumb-600x600.jpg
op-lung-galaxy-z-fold6-nhua-cung-sieu-mong-samsung,Ốp lưng Galaxy Z Fold6 nhựa cứng siêu mỏng Samsung,https://cdn.tgdd.vn/Products/Images/60/328359/op-lung-galaxy-z-fold6-nhua-cung-sieu-mong-samsung-thumb-600x600.jpg
op-lung-galaxy-z-fold6-nhua-cung-dung-kem-day-deo-samsung,Ốp lưng Galaxy Z Fold6 nhựa cứng Samsung,https://cdn.tgdd.vn/Products/Images/60/328364/op-lung-galaxy-z-fold6-nhua-cung-dung-kem-day-deo-samsung-trang-thumb-600x600.jpg
op-lung-iphone-16-plus-magclick-charging-clario-eco-nhua-cung-vien-deo-uniq,Ốp lưng MagSafe iPhone 16 Plus Nhựa cứng viền dẻo UNIQ MAGCLICK CHARGING CLARIO (ECO),https://cdnv2.tgdd.vn/mwg-static/tgdd/Products/Images/60/330188/op-lung-iphone-16-plus-magclick-charging-clario-eco-nhua-cung-vien-deo-uniq-260924-030242-557-600x600.jpg
op-lung-iphone-16-pro-max-magnetic-charging-verdure-nhua-tpu-iml-uniq,Ốp lưng MagSafe iPhone 16 Pro Max Nhựa TPU IML UNIQ MAGNETIC CHARGING VERDURE,https://cdnv2.tgdd.vn/mwg-static/tgdd/Products/Images/60/330209/op-lung-iphone-16-pro-max-magnetic-charging-verdure-nhua-tpu-iml-uniq-thumb-638681373406485246-600x600.jpg
op-lung-iphone-16-pro-max-huex-slim-nhua-cung-pc-laut,Ốp lưng MagSafe iPhone 16 Pro Max Nhựa cứng PC LAUT HUEX SLIM,https://cdnv2.tgdd.vn/mwg-static/tgdd/Products/Images/60/330227/op-lung-iphone-16-pro-max-huex-slim-nhua-cung-pc-laut-thumb-638629785031402433-600x600.jpg
op-lung-iphone-16-pro-slim-nhua-cung-mipow,Ốp lưng iPhone 16 Pro nhựa cứng Mipow Slim SL16B,https://cdnv2.tgdd.vn/mwg-static/tgdd/Products/Images/60/330314/op-lung-iphone-16-pro-slim-nhua-cung-mipow-thumb-638664393919182498-600x600.jpg
op-lung-iphone-16-pro-max-slim-nhua-cung-mipow,Ốp lưng iPhone 16 Pro Max nhựa cứng Mipow Slim SL16D,https://cdnv2.tgdd.vn/mwg-static/tgdd/Products/Images/60/330315/op-lung-iphone-16-pro-max-slim-nhua-cung-mipow-thumb-638664387522098265-600x600.jpg
op-iphone-13-pro-nhua-deo-sliipa-jm-nude,Ốp lưng iPhone 13 Pro Nhựa dẻo Sliipa JM,https://cdn.tgdd.vn/Products/Images/60/251110/op-iphone-13-pro-nhua-deo-sliipa-jm-nude-ava-600x600.jpg
op-lung-iphone-13-nhua-deo-s-soft-case-osmia,Ốp lưng iPhone 13 Nhựa dẻo S Soft Case OSMIA,https://cdn.tgdd.vn/Products/Images/60/252273/op-lung-iphone-13-nhua-deo-s-soft-case-osmia-081021-033736-600x600.jpg
op-lung-galaxy-a14-nhua-deo-tpu-co-khe-dung-the-samsung,Ốp lưng Galaxy A14 Nhựa dẻo TPU có khe đựng thẻ Samsung,https://cdn.tgdd.vn/Products/Images/60/304266/op-lung-galaxy-a14-nhua-deo-tpu-co-khe-dung-the-samsung-thumb-600x600.png
op-lung-galaxy-s21-fe-nhua-cung-pc-araree-nukin-chinh-hang,Ốp lưng Galaxy S21 FE Nhựa cứng PC ARAREE NUKIN,https://cdn.tgdd.vn/Products/Images/60/310487/op-lung-galaxy-s21-fe-nhua-cung-pc-araree-nukin-chinh-hang-thumb-600x600.jpg
op-lung-galaxy-s22-ultra-nhua-deo-tpu-araree-flexield-den-chinh-hang,Ốp lưng Galaxy S22 Ultra Nhựa dẻo TPU ARAREE FLEXIELD,https://cdn.tgdd.vn/Products/Images/60/310491/op-lung-galaxy-s22-ultra-nhua-deo-tpu-araree-flexield-den-chinh-hang-thumb-600x600.jpg
op-magsafe-iphone-15-pro-max-nhua-cung-uniq-hybrid-lifepro-af-smoke-blue,Ốp lưng MagSafe iPhone 15 Pro Max Nhựa cứng viền dẻo UNIQ HYBRID MAGCLICK CHARGING LIFEPRO XTREME (AF),https://cdn.tgdd.vn/Products/Images/60/314989/op-magsafe-iphone-15-pro-max-nhua-cung-uniq-hybrid-lifepro-af-smoke-blue-thumb-600x600.jpg
op-lung-iphone-15-pro-max-nhua-deo-tpu-araree-flexield-clear,Ốp lưng iPhone 15 Pro Max Nhựa dẻo TPU Araree FLEXIELD,https://cdn.tgdd.vn/Products/Images/60/316787/op-lung-iphone-15-pro-max-nhua-deo-tpu-araree-flexield-clear-thumb-600x600.jpg
op-lung-galaxy-a15-nhua-cung-vien-deo-jm-pure-ii,Ốp lưng Galaxy A15 Nhựa cứng viền dẻo JM Pure II,https://cdn.tgdd.vn/Products/Images/60/320260/op-lung-galaxy-a15-nhua-cung-vien-deo-jm-pure-ii-thumb-600x600.jpg
op-lung-galaxy-a15-nhua-deo-samsung-smapp-trong,Ốp lưng Galaxy A15 Nhựa dẻo Samsung SMAPP,https://cdn.tgdd.vn/Products/Images/60/320389/op-lung-galaxy-a15-nhua-deo-samsung-smapp-trong-thumb-600x600.jpg
op-lung-galaxy-m15-nhua-deo-samsung-smapp,Ốp lưng Galaxy M15 nhựa dẻo Samsung SMAPP,https://cdn.tgdd.vn/Products/Images/60/325219/op-lung-galaxy-m15-nhua-deo-samsung-smapp-thumb-600x600.jpg
op-lung-iphone-16-magclick-charging-lifepro-xtreme-af-nhua-cung-vien-deo-uniq,Ốp lưng MagSafe iPhone 16 Nhựa cứng viền dẻo UNIQ MAGCLICK CHARGING LIFEPRO XTREME (AF),https://cdnv2.tgdd.vn/mwg-static/tgdd/Products/Images/60/330183/op-lung-iphone-16-magclick-charging-lifepro-xtreme-af-nhua-cung-vien-deo-uniq-260924-024126-593-600x600.jpg
op-lung-iphone-16-plus-lifepro-xtreme-nhua-cung-vien-deo-uniq,Ốp lưng iPhone 16 Plus Nhựa cứng viền dẻo UNIQ LIFEPRO XTREME,https://cdnv2.tgdd.vn/mwg-static/tgdd/Products/Images/60/330186/op-lung-iphone-16-plus-lifepro-xtreme-nhua-cung-vien-deo-uniq-260924-025534-763-600x600.jpg
op-lung-iphone-16-plus-magclick-charging-lifepro-xtreme-af-nhua-cung-vien-deo-uniq,Ốp lưng MagSafe iPhone 16 Plus Nhựa cứng viền dẻo UNIQ MAGCLICK CHARGING LIFEPRO XTREME (AF),https://cdnv2.tgdd.vn/mwg-static/tgdd/Products/Images/60/330187/op-lung-iphone-16-plus-magclick-charging-lifepro-xtreme-af-nhua-cung-vien-deo-uniq-260924-025921-507-600x600.jpg
op-lung-iphone-16-pro-max-magnetic-charging-celest-nhua-tpu-iml-uniq,Ốp lưng MagSafe iPhone 16 Pro Max Nhựa TPU IML UNIQ MAGNETIC CHARGING CELEST,https://cdnv2.tgdd.vn/mwg-static/tgdd/Products/Images/60/330210/op-lung-iphone-16-pro-max-magnetic-charging-celest-nhua-tpu-iml-uniq-260924-064753-886-600x600.jpg
op-lung-iphone-16-plus-crystal-matter-nhua-cung-vien-deo-laut-crystal,Ốp lưng MagSafe iPhone 16 Plus Nhựa cứng viền dẻo LAUT Crystal Matter,https://cdnv2.tgdd.vn/mwg-static/tgdd/Products/Images/60/330215/op-lung-iphone-16-plus-crystal-matter-nhua-cung-vien-deo-laut-crystal-thumb-1-638640805390484359-600x600.jpg
op-lung-iphone-16-pro-max-crystal-hybrid-magfit-spigen,Ốp lưng MagSafe iPhone 16 Pro Max SPIGEN Crystal Hybrid MagFit ACS08032,https://cdnv2.tgdd.vn/mwg-static/tgdd/Products/Images/60/330322/op-lung-iphone-16-pro-max-crystal-hybrid-magfit-spigen-thumb-638633265390628843-600x600.jpg
op-lung-iphone-13-silicon-osmia-cam,Ốp lưng iPhone 13 Silicon OSMIA,https://cdn.tgdd.vn/Products/Images/60/255508/op-lung-iphone-13-silicon-osmia-cam-241021-085022-600x600.jpg
op-iphone13-pro-max-nhua-deo-rainbow-pure-jm-trong,Ốp lưng iPhone 13 Pro Max Nhựa dẻo RAINBOW PURE JM,https://cdn.tgdd.vn/Products/Images/60/256526/op-iphone13-pro-max-nhua-deo-rainbow-pure-jm-trong-1.-600x600.jpg
op-lung-iphone-13-nhua-deo-tpu-injection-kingxbar,Ốp lưng iPhone 13 Nhựa dẻo TPU Injection Kingxbar,https://cdn.tgdd.vn/Products/Images/60/269377/op-lung-iphone-13-nhua-deo-tpu-injection-kingxbar-1.-600x600.jpg
op-lung-iphone-14-pro-nhua-cung-vien-deo-clear-cosano-vien-xanh-duong,Ốp lưng iPhone 14 Pro Nhựa cứng viền dẻo Clear COSANO,https://cdn.tgdd.vn/Products/Images/60/291357/op-lung-iphone-14-pro-nhua-cung-vien-deo-clear-cosano-vien-xanh-duong-thumb1-600x600.jpeg
op-lung-iphone-14-plus-nhua-cung-vien-deo-big-eye-jm,Ốp lưng iPhone 14 Plus Nhựa cứng viền dẻo BIG EYE JM,https://cdn.tgdd.vn/Products/Images/60/291977/op-lung-iphone-14-plus-nhua-cung-vien-deo-big-eye-jm-thumb1-600x600.jpeg
op-lung-iphone-14-pro-max-nhua-deo-mets-candy-tpu-jm,Ốp lưng iPhone 14 Pro Max Nhựa dẻo METS CANDY TPU JM,https://cdn.tgdd.vn/Products/Images/60/292014/op-lung-iphone-14-pro-max-nhua-deo-mets-candy-tpu-jm-thumb1-600x600.jpeg
op-lung-iphone-14-pro-max-silicone-jm-case,Ốp lưng iPhone 14 Pro Max Silicone JM CASE,https://cdn.tgdd.vn/Products/Images/60/315037/op-lung-iphone-14-pro-max-silicone-jm-case-thumb-600x600.jpg
op-lung-iphone-14-pro-nhua-deo-jm-ducth-tpu,Ốp lưng iPhone 14 Pro Nhựa dẻo JM DUCTH TPU,https://cdn.tgdd.vn/Products/Images/60/315039/op-lung-iphone-14-pro-nhua-deo-jm-ducth-tpu-thumb-600x600.jpg
bao-da-galaxy-s23-fe-samsung-thong-minh-xanh,Bao da Galaxy S23 FE Samsung Thông minh,https://cdn.tgdd.vn/Products/Images/60/317084/bao-da-galaxy-s23-fe-samsung-thong-minh-xanh-thumb-600x600.jpg
op-lung-galaxy-s23-fe-nhua-cung-pc-araree-nukin-clear,Ốp lưng Galaxy S23 FE Nhựa cứng PC Araree NUKIN Clear,https://cdn.tgdd.vn/Products/Images/60/318893/op-lung-galaxy-s23-fe-nhua-cung-pc-araree-nukin-clear-thumb-600x600.jpg
op-magsafe-iphone-15-nhua-cung-uniq-hybrid-lifepro-af-frost-clear,Ốp lưng MagSafe iPhone 15 Nhựa cứng viền dẻo UNIQ HYBRID MAGCLICK CHARGING LIFEPRO XTREME (AF),https://cdn.tgdd.vn/Products/Images/60/319222/op-magsafe-iphone-15-pro-max-nhua-cung-uniq-hybrid-lifepro-af-frost-clear-thumb-600x600.jpg
bao-da-galaxy-a35-samsung-thong-minh,Bao da Galaxy A35 Samsung Thông minh,https://cdn.tgdd.vn/Products/Images/60/323062/bao-da-galaxy-a35-samsung-thong-minh-thumb-600x600.jpg
op-lung-iphone-16-pro-magclick-charging-lifepro-xtreme-nhua-cung-vien-deo-uniq,Ốp lưng MagSafe iPhone 16 Pro Nhựa cứng viền dẻo UNIQ MAGCLICK CHARGING LIFEPRO XTREME,https://cdnv2.tgdd.vn/mwg-static/tgdd/Products/Images/60/330191/op-lung-iphone-16-pro-magclick-charging-lifepro-xtreme-nhua-cung-vien-deo-uniq-260924-031817-065-600x600.jpg
op-lung-iphone-16-pro-max-magclick-charging-lifepro-xtreme-nhua-cung-vien-deo-uniq,Ốp lưng MagSafe iPhone 16 Pro Max Nhựa cứng viền dẻo UNIQ MAGCLICK CHARGING LIFEPRO XTREME,https://cdnv2.tgdd.vn/mwg-static/tgdd/Products/Images/60/330203/op-lung-iphone-16-pro-max-magclick-charging-lifepro-xtreme-nhua-cung-vien-deo-uniq-260924-061042-572-600x600.jpg
op-lung-iphone-16-pro-max-heldro-max-magclick-with-camera-stand-nhua-tpu-pc-alu-uniq,Ốp lưng MagSafe iPhone 16 Pro Max Nhựa TPU PC ALU UNIQ HELDRO MAX MAGCLICK WITH CAMERA STAND,https://cdnv2.tgdd.vn/mwg-static/tgdd/Products/Images/60/330205/op-lung-iphone-16-pro-max-heldro-max-magclick-with-camera-stand-nhua-tpu-pc-alu-uniq-260924-062034-899-600x600.jpg
op-lung-iphone-16-pro-max-magclick-charging-clario-eco-nhua-cung-vien-deo-uniq,Ốp lưng MagSafe iPhone 16 Pro Max Nhựa cứng viền dẻo UNIQ MAGCLICK CHARGING CLARIO (ECO),https://cdnv2.tgdd.vn/mwg-static/tgdd/Products/Images/60/330206/op-lung-iphone-16-pro-max-magclick-charging-clario-eco-nhua-cung-vien-deo-uniq-260924-062750-161-600x600.jpg
op-lung-galaxy-s25-silicone-pc-tpu-samsung,Ốp lưng Galaxy S25 Silicone PC TPU Samsung,https://cdnv2.tgdd.vn/mwg-static/tgdd/Products/Images/60/334193/op-lung-galaxy-s25-silicone-pc-tpu-samsung-thumb-638731844278305714-600x600.jpg
op-iphone-13-pro-deo-bare-feeling-tpu-cosano,Ốp lưng iPhone 13 Pro Nhựa dẻo Bare Feeling TPU COSANO,https://cdn.tgdd.vn/Products/Images/60/250954/op-iphone-13-pro-deo-bare-feeling-tpu-cosano-ava-600x600.jpg
op-lung-iphone-13-pro-nhua-deo-comu-jm-cam,Ốp lưng iPhone 13 Pro Nhựa dẻo COMU JM,https://cdn.tgdd.vn/Products/Images/60/250971/op-lung-iphone-13-pro-nhua-deo-comu-jm-cam-ava-600x600.jpg
op-iphone-13-pro-max-deo-pp-20s-osmia-xam,Ốp lưng iPhone 13 Pro Max Nhựa dẻo PP-20s OSMIA,https://cdn.tgdd.vn/Products/Images/60/252271/op-iphone-13-pro-max-deo-pp-20s-osmia-xam-081021-024332-600x600.jpg
op-iphone-13-pro-nhua-deo-logo-show-meeker,Ốp lưng iPhone 13 Pro Nhựa dẻo Logo Show MEEKER,https://cdn.tgdd.vn/Products/Images/60/253554/op-iphone-13-pro-nhua-deo-logo-show-meeker-1.-600x600.jpg
op-lung-iphone-13-pro-max-silicon-osmia-do,Ốp lưng iPhone 13 Pro Max Silicon OSMIA,https://cdn.tgdd.vn/Products/Images/60/255506/op-lung-iphone-13-pro-max-silicon-osmia-do-avatar-600x600.jpg
op-lung-iphone-13-pro-nhua-deo-candy-tpu-meeker-xanh,Ốp lưng iPhone 13 Pro Nhựa dẻo Candy TPU MEEKER,https://cdn.tgdd.vn/Products/Images/60/271157/op-lung-iphone-13-pro-nhua-deo-candy-tpu-meeker-xanh-1.-600x600.jpg
op-lung-galaxy-s22-nhua-cung-vien-deo-samsung-trong,Ốp lưng Galaxy S22 Nhựa cứng viền dẻo Samsung,https://cdn.tgdd.vn/Products/Images/60/271820/op-lung-galaxy-s22-nhua-cung-vien-deo-samsung-trong-1.-600x600.jpg
op-lung-magsafe-iphone-14-pro-candy-silicone-jm,Ốp lưng Magsafe iPhone 14 Pro Candy Silicone JM,https://cdn.tgdd.vn/Products/Images/60/291990/op-lung-magsafe-iphone-14-pro-candy-silicone-jm-thumb1-600x600.jpeg
op-lung-iphone-14-pro-max-magsafe-candy-silicone-jm-xanh-duong-nhat,Ốp lưng Magsafe iPhone 14 Pro Max Candy Silicone JM,https://cdn.tgdd.vn/Products/Images/60/292004/op-lung-iphone-14-pro-max-magsafe-candy-silicone-jm-xanh-duong-nhat-0-600x600.jpg
op-lung-iphone-14-pro-max-nhua-cung-vien-deo-magsafe-freelander-i-jm,Ốp lưng MagSafe iPhone 14 Pro Max Nhựa cứng viền dẻo FREELANDER I JM,https://cdn.tgdd.vn/Products/Images/60/292009/op-lung-iphone-14-pro-max-nhua-cung-vien-deo-magsafe-freelander-i-jm-thumb1-600x600.jpeg
op-lung-iphone-14-pro-max-nhua-deo-wavw-sweeit-tpu-jm,Ốp lưng iPhone 14 Pro Max Nhựa dẻo WAVW SWEEIT TPU JM,https://cdn.tgdd.vn/Products/Images/60/292016/op-lung-iphone-14-pro-max-nhua-deo-wavw-sweeit-tpu-jm-thumb1-600x600.jpeg
op-lung-galaxy-a14-nhua-cung-samsung,Ốp lưng Galaxy A14 Nhựa cứng Samsung,https://cdn.tgdd.vn/Products/Images/60/304265/op-lung-galaxy-a14-nhua-cung-samsung-thumb-600x600.jpg
op-lung-galaxy-a34-nhua-deo-tpu-co-khe-dung-the-samsung-chinh-hang,Ốp lưng Galaxy A34 Nhựa dẻo TPU có khe đựng thẻ Samsung,https://cdn.tgdd.vn/Products/Images/60/304271/op-lung-galaxy-a34-nhua-deo-tpu-co-khe-dung-the-samsung-chinh-hang-thumb-600x600.jpg
op-lung-galaxy-a54-silicone-samsung-den,Ốp lưng Galaxy A54 Silicone Samsung,https://cdn.tgdd.vn/Products/Images/60/304286/op-lung-galaxy-a54-silicone-samsung-den-thumb-600x600.jpg
op-lung-galaxy-a54-nhua-cung-samsung-trong,Ốp lưng Galaxy A54 Nhựa cứng Samsung,https://cdn.tgdd.vn/Products/Images/60/304289/op-lung-galaxy-a54-nhua-cung-samsung-trong-thumb-600x600.jpg
op-lung-iphone-14-nhua-cung-vien-deo-laut-black-huex-crystal,Ốp lưng iPhone 14 Nhựa cứng viền dẻo Laut HUEX CRYSTAL,https://cdn.tgdd.vn/Products/Images/60/306439/op-lung-iphone-14-nhua-cung-vien-deo-laut-black-huex-crystal-tb-600x600.jpg
op-lung-galaxy-z-flip5-nhua-cung-samsung-thong-minh-chinh-hang,Ốp lưng Galaxy Z Flip5 Nhựa cứng Samsung Thông minh,https://cdn.tgdd.vn/Products/Images/60/312360/op-lung-galaxy-z-flip5-nhua-cung-samsung-thong-minh-chinh-hang-thumb-5-600x600.jpg
op-magsafe-iphone-15-pro-max-nhua-cung-vien-deo-laut-revive-prop-crystal,Ốp lưng Magsafe iPhone 15 Pro Max Nhựa cứng viền dẻo LAUT REVIVE PROP,https://cdn.tgdd.vn/Products/Images/60/314907/op-magsafe-iphone-15-pro-max-nhua-cung-vien-deo-laut-revive-prop-crystal-thumb-600x600.jpg
op-magsafe-ip15-pro-nhua-cung-uniq-hybrid-magclick-lifepro-af-smoke-blue,Ốp lưng MagSafe iPhone 15 Pro Nhựa cứng viền dẻo UNIQ HYBRID MAGCLICK CHARGING LIFEPRO XTREME (AF),https://cdn.tgdd.vn/Products/Images/60/314919/op-magsafe-ip15-pro-nhua-cung-uniq-hybrid-magclick-lifepro-af-smoke-blue-thumb-600x600.jpg
op-lung-magsafe-iphone-14-pro-max-nhua-cung-vien-deo-cosano-metal,Ốp lưng MagSafe iPhone 14 Pro Max Nhựa cứng viền dẻo COSANO Metal,https://cdn.tgdd.vn/Products/Images/60/315035/op-lung-magsafe-iphone-14-pro-max-nhua-cung-vien-deo-cosano-metal-thumb-600x600.jpg
op-lung-magsafe-iphone-14-pro-nhua-cung-vien-deo-jm-freelander-i,Ốp lưng MagSafe iPhone 14 Pro Nhựa cứng viền dẻo JM FREELANDER I,https://cdn.tgdd.vn/Products/Images/60/315038/op-lung-magsafe-iphone-14-pro-nhua-cung-vien-deo-jm-freelander-i-tuhmb-600x600.jpg
op-lung-iphone-15-nhua-cung-vien-deo-jm-bayer-ii,Ốp lưng iPhone 15 Nhựa cứng viền dẻo JM Bayer II,https://cdn.tgdd.vn/Products/Images/60/315491/op-lung-iphone-15-nhua-cung-vien-deo-jm-bayer-ii-thumb-600x600.jpg
op-lung-galaxy-s23-fe-nhua-cung-pc-samsung-trong,Ốp lưng Galaxy S23 FE Nhựa cứng PC Samsung,https://cdn.tgdd.vn/Products/Images/60/317091/op-lung-galaxy-s23-fe-nhua-cung-pc-samsung-trong-thumb-600x600.jpg
op-lung-magsafe-iphone-15-nhua-cung-vien-deo-araree-duple-m-clear,Ốp lưng MagSafe iPhone 15 Nhựa cứng viền dẻo Araree Duple M,https://cdn.tgdd.vn/Products/Images/60/317217/op-lung-magsafe-iphone-15-nhua-cung-vien-deo-araree-duple-m-clear-thumb-600x600.jpg
op-lung-galaxy-a25-nhua-cung-samsung-trong,Ốp lưng Galaxy A25 Nhựa cứng Samsung,https://cdn.tgdd.vn/Products/Images/60/320381/op-lung-galaxy-a25-nhua-cung-samsung-trong-thumb-600x600.jpg
op-lung-galaxy-s24-ultra-nhua-cung-vien-deo-samsung-kem-day-dung-tim-than,Ốp lưng Galaxy S24 Ultra Nhựa cứng viền dẻo Samsung kèm dây đứng,https://cdn.tgdd.vn/Products/Images/60/321570/op-lung-galaxy-s24-ultra-nhua-cung-vien-deo-samsung-kem-day-dung-tim-than-thumb-1-600x600.jpg
op-lung-galaxy-a35-nhua-deo-tpu-samsung-co-khe-dung-the,Ốp lưng Galaxy A35 Nhựa dẻo TPU có khe đựng thẻ Samsung,https://cdn.tgdd.vn/Products/Images/60/323064/op-lung-galaxy-a35-nhua-deo-tpu-samsung-co-khe-dung-the-thumb-600x600.jpg
op-lung-iphone-16-pro-magclick-magclick-charging-lyden-da-pu-alu-uniq,Ốp lưng MagSafe iPhone 16 Pro Da PU Alu UNIQ MAGCLICK MAGCLICK CHARGING LYDEN,https://cdnv2.tgdd.vn/mwg-static/tgdd/Products/Images/60/330195/op-lung-iphone-16-pro-magclick-magclick-charging-lyden-da-pu-alu-uniq-260924-042918-435-600x600.jpg
op-lung-iphone-16-pro-magnetic-charging-lumino-nhua-tpu-iml-uniq,Ốp lưng MagSafe iPhone 16 Pro Nhựa TPU IML UNIQ MAGNETIC CHARGING LUMINO,https://cdnv2.tgdd.vn/mwg-static/tgdd/Products/Images/60/330196/op-lung-iphone-16-pro-magnetic-charging-lumino-nhua-tpu-iml-uniq-260924-045229-475-600x600.jpg
op-lung-iphone-16-pro-max-magclick-magclick-charging-lyden-da-pu-alu-uniq,Ốp lưng MagSafe iPhone 16 Pro Max Da PU Alu UNIQ MAGCLICK MAGCLICK CHARGING LYDEN,https://cdnv2.tgdd.vn/mwg-static/tgdd/Products/Images/60/330207/op-lung-iphone-16-pro-max-magclick-magclick-charging-lyden-da-pu-alu-uniq-260924-063316-865-600x600.jpg
op-lung-iphone-16-pro-max-aero-sparkle-nhua-cung-vien-deo-laut-crystal-silver,Ốp lưng MagSafe iPhone 16 Pro Max Nhựa cứng viền dẻo LAUT Aero Sparkle,https://cdnv2.tgdd.vn/mwg-static/tgdd/Products/Images/60/330221/op-lung-iphone-16-pro-max-aero-sparkle-nhua-cung-vien-deo-laut-crystal-silver-thumb-638629777465582694-600x600.jpg
op-lung-iphone-16-pro-max-crystal-matter-x-nhua-cung-pc-laut-crystal,Ốp lưng MagSafe iPhone 16 Pro Max Nhựa cứng PC LAUT Crystal Matter X,https://cdnv2.tgdd.vn/mwg-static/tgdd/Products/Images/60/330224/op-lung-iphone-16-pro-max-crystal-matter-x-nhua-cung-pc-laut-crystal-thumb-638629780700737947-600x600.jpg
op-lung-iphone-16-pro-max-shield-nhua-cung-vien-deo-laut,Ốp lưng MagSafe iPhone 16 Pro Max Nhựa cứng viền dẻo LAUT SHIELD,https://cdnv2.tgdd.vn/mwg-static/tgdd/Products/Images/60/330229/op-lung-iphone-16-pro-max-shield-nhua-cung-vien-deo-laut-thumb-638629789449410920-600x600.jpg
op-lung-magsafe-iphone-16-pro-slim-nhua-cung-mipow-sm16b-wt,Ốp lưng MagSafe iPhone 16 Pro Magsafe nhựa cứng Mipow Slim SM16B-WT,https://cdnv2.tgdd.vn/mwg-static/tgdd/Products/Images/60/330316/op-lung-magsafe-iphone-16-pro-slim-nhua-cung-mipow-sm16b-wt-thumb-638664421505405543-600x600.jpg
vi-da-magsafe-apple-vai-tinh-det,Ví Vải tinh dệt MagSafe Apple,https://cdnv2.tgdd.vn/mwg-static/tgdd/Products/Images/60/330337/vi-da-magsafe-apple-vai-tinh-det-638630433968202914-600x600.jpg
op-lung-galaxy-s25-nhua-pc-tpu-samsung-sieu-bao-ve,Ốp lưng Galaxy S25 Nhựa PC TPU Samsung,https://cdnv2.tgdd.vn/mwg-static/tgdd/Products/Images/60/334216/op-lung-galaxy-s25-nhua-pc-tpu-samsung-sieu-bao-ve-thumb-638731974061693850-600x600.jpg
op-lung-apple-iphone-16e-silicone,Ốp Lưng Apple iPhone 16e Silicone,https://cdnv2.tgdd.vn/mwg-static/tgdd/Products/Images/60/335489/op-lung-apple-iphone-16e-silicone-thumb-638781001750246495-600x600.jpg
op-lung-iphone-11-cung-vien-deo-glass-duo-jm-trang,Ốp lưng iPhone 11 Nhựa cứng viền dẻo Glass Duo JM,https://cdn.tgdd.vn/Products/Images/60/212052/op-lung-iphone-11-cung-vien-deo-glass-duo-jm-trang-1-1-600x600.jpg
op-lung-iphone-11-cung-vien-deo-tempered-glass,Ốp lưng iPhone 11 Nhựa cứng viền dẻo Tempered glass OSMIA Kẹo ngọt,https://cdn.tgdd.vn/Products/Images/60/224908/op-lung-iphone-11-cung-vien-deo-tempered-glass-1-600x600.jpg
op-iphone-13-deo-basic-tpu-cosano-nude,Ốp lưng iPhone 13 Nhựa dẻo Basic TPU COSANO,https://cdn.tgdd.vn/Products/Images/60/250938/op-iphone-13-deo-basic-tpu-cosano-nude-ava-600x600.jpg
op-13-pro-cung-vien-deo-tpu-pc-case-cosano,Ốp lưng iPhone 13 Pro Nhựa cứng viền dẻo Twill TPU PC Case COSANO,https://cdn.tgdd.vn/Products/Images/60/250940/op-13-pro-cung-vien-deo-tpu-pc-case-cosano-ava-600x600.jpg
op-iphone-13-pro-max-nhua-deo-moline-jm-gold,Ốp lưng iPhone 13 Pro Max Nhựa dẻo MOLINE JM,https://cdn.tgdd.vn/Products/Images/60/251122/op-iphone-13-pro-max-nhua-deo-moline-jm-gold-ava-600x600.jpg
op-iphone-13-pro-max-nhua-deo-sliipa-jm-nude,Ốp lưng iPhone 13 Pro Max Nhựa dẻo Sliipa JM,https://cdn.tgdd.vn/Products/Images/60/251123/op-iphone-13-pro-max-nhua-deo-sliipa-jm-nude-ava-600x600.jpg
op-lung-iphone-13-pro-nhua-deo-pp-20s-osmia-den,Ốp lưng iPhone 13 Pro Nhựa dẻo PP-20s OSMIA,https://cdn.tgdd.vn/Products/Images/60/252829/op-lung-iphone-13-pro-nhua-deo-pp-20s-osmia-den--600x600.jpg
op-lung-iphone-13-pro-nhua-deo-litchi-grain-osmia,Ốp lưng iPhone 13 Pro Nhựa Dẻo Litchi Grain OSMIA,https://cdn.tgdd.vn/Products/Images/60/253066/op-lung-iphone-13-pro-nhua-deo-litchi-grain-osmia-do-151021-024600-600x600.jpg
op-iphone-13-pro-nhua-deo-magic-straight-meeker,Ốp lưng iPhone 13 Pro Nhựa dẻo Magic Straight MEEKER,https://cdn.tgdd.vn/Products/Images/60/253553/op-iphone-13-pro-nhua-deo-magic-straight-meeker-1.-600x600.jpg
op-lung-iphone-13-pro-kinh-vien-deo-rainbow-osmia,Ốp lưng iPhone 13 Pro Kính viền dẻo Rainbow OSMIA,https://cdn.tgdd.vn/Products/Images/60/265863/op-lung-iphone-13-pro-kinh-vien-deo-rainbow-osmia-1.-600x600.jpg
op-iphone-13-pro-max-magnetic-candy-silicone-jm,Ốp lưng iPhone 13 Pro Max Magnetic Candy Silicone JM,https://cdn.tgdd.vn/Products/Images/60/268571/op-iphone-13-pro-max-magnetic-candy-silicone-jm-1.-600x600.jpg
op-lung-iphone-13-pro-nhua-deo-tpu-injection-kingxbar,Ốp lưng iPhone 13 Pro Nhựa dẻo TPU Injection Kingxbar,https://cdn.tgdd.vn/Products/Images/60/269379/op-lung-iphone-13-pro-nhua-deo-tpu-injection-kingxbar-1.-600x600.jpg
op-lung-iphone-13-pro-max-nhua-deo-candy-tpu-meeker,Ốp lưng iPhone 13 Pro Max Nhựa dẻo Candy TPU MEEKER,https://cdn.tgdd.vn/Products/Images/60/269381/op-lung-iphone-13-pro-max-nhua-deo-candy-tpu-meeker-1.-600x600.jpg
op-lung-galaxy-s22-plus-nhua-cung-vien-deo-protective-standing-samsung,Ốp lưng Galaxy S22+ Nhựa cứng viền dẻo Protective Standing Samsung,https://cdn.tgdd.vn/Products/Images/60/271822/op-lung-galaxy-s22-plus-nhua-cung-vien-deo-protective-standing-samsung-1.-600x600.jpg
op-lung-iphone-14-pro-max-nhua-cung-vien-deo-summer-cosano,Ốp lưng iPhone 14 Pro Max Nhựa cứng viền dẻo Summer COSANO,https://cdn.tgdd.vn/Products/Images/60/291359/op-lung-iphone-14-pro-max-nhua-cung-vien-deo-summer-cosano-thumb1-600x600.jpeg
op-lung-iphone-14-pro-max-nhua-cung-vien-deo-metal-cosano,Ốp lưng iPhone 14 Pro Max Nhựa cứng viền dẻo Metal COSANO,https://cdn.tgdd.vn/Products/Images/60/291363/op-lung-iphone-14-pro-max-nhua-cung-vien-deo-metal-cosano-thumb1-600x600.jpeg
op-lung-iphone-14-plus-nhua-deo-kingxbar,Ốp lưng iPhone 14 Plus Nhựa dẻo Kingxbar,https://cdn.tgdd.vn/Products/Images/60/291366/op-lung-iphone-14-plus-nhua-deo-kingxbar-thumb1-600x600.jpeg
op-lung-iphone-14-nhua-deo-uniq-hybrid-air-fender-trong,Ốp lưng cho iPhone 14 Nhựa dẻo UniQ Hybrid Air Fender,https://cdn.tgdd.vn/Products/Images/60/291524/op-lung-iphone-14-nhua-deo-uniq-hybrid-air-fender-trong-thumb1-600x600.jpeg
op-lung-magsafe-iphone-14-plus-kinh-vien-deo-glass-gra-simple-jm,Ốp lưng MagSafe iPhone 14 Plus Kính viền dẻo GLASS GRA-SIMPLE JM,https://cdn.tgdd.vn/Products/Images/60/291975/op-lung-magsafe-iphone-14-plus-kinh-vien-deo-glass-gra-simple-jm-1-600x600.jpg
op-lung-magsafe-iphone-14-pro-kinh-vien-deo-glass-gra-simple-jm,Ốp lưng MagSafe iPhone 14 Pro Kính viền dẻo GLASS GRA-SIMPLE JM,https://cdn.tgdd.vn/Products/Images/60/291988/op-lung-magsafe-iphone-14-pro-kinh-vien-deo-glass-gra-simple-jm-thumb1-600x600.jpeg
op-lung-iphone-14-silicone-case-jm,Ốp lưng iPhone 14 SILICONE CASE JM,https://cdn.tgdd.vn/Products/Images/60/292022/op-lung-iphone-14-silicone-case-jm-thumb1-600x600.jpeg
op-lung-galaxy-s23-nhua-deo-araree-flexield-trong,Ốp lưng Galaxy S23 Nhựa dẻo ARAREE FLEXIELD,https://cdn.tgdd.vn/Products/Images/60/302245/op-lung-galaxy-s23-nhua-deo-araree-flexield-trong-thumb-600x600.jpg
bao-da-galaxy-a54-smart-clear-view-samsung-chinh-hang,Bao da Galaxy A54 Smart Clear View Samsung,https://cdn.tgdd.vn/Products/Images/60/304275/bao-da-galaxy-a54-smart-clear-view-samsung-chinh-hang-thumb-600x600.jpg
op-lung-iphone-14-nhua-deo-da-pu-laut-pink-hearts-motif,Ốp lưng iPhone 14 Nhựa dẻo Da PU Laut MOTIF Hearts,https://cdn.tgdd.vn/Products/Images/60/306436/op-lung-iphone-14-nhua-deo-da-pu-laut-pink-hearts-motif-tb-600x600.jpg
op-iphone-14-nhua-cung-vien-deo-switcheasy-leather-black-mageasy-odyssey-m,Ốp lưng iPhone 14 Nhựa cứng viền dẻo SwitchEasy MagEasy Odyssey M,https://cdn.tgdd.vn/Products/Images/60/306769/op-iphone-14-nhua-cung-vien-deo-switcheasy-leather-black-mageasy-odyssey-m-thumb-600x600.jpg
op-lung-iphone-13-pro-nhua-cung-vien-deo-uniq-arctic-blue-hybrid-combat,Ốp lưng iPhone 13 Pro Nhựa cứng viền dẻo UNIQ HYBRID COMBAT Chính hãng,https://cdn.tgdd.vn/Products/Images/60/307194/op-lung-iphone-13-pro-nhua-cung-vien-deo-uniq-arctic-blue-hybrid-combat-1.-600x600.jpg
op-lung-iphone-14-nhua-cung-vien-deo-uniq-blanc-white-hybrid-combat,Ốp lưng iPhone 14 Nhựa cứng viền dẻo UNIQ HYBRID COMBAT,https://cdn.tgdd.vn/Products/Images/60/307576/op-lung-iphone-14-nhua-cung-vien-deo-uniq-blanc-white-hybrid-combat-thumb-600x600.jpg
op-lung-iphone-14-nhua-cung-vien-deo-uniq-dusk-blue-coehl,Ốp lưng iPhone 14 Nhựa cứng viền dẻo UNIQ COEHL,https://cdn.tgdd.vn/Products/Images/60/307607/op-lung-iphone-14-nhua-cung-vien-deo-uniq-dusk-blue-coehl-thumb-600x600.jpg
op-magsafe-iphone14-nhua-cung-dapu-uniq-ebony-black-hybrid-magclickcharging,Ốp lưng MagSafe iPhone 14 Nhựa cứng viền dẻo da PU UNIQ HYBRID MAGCLICK CHARGING TRANSFORMA Chính hãng,https://cdn.tgdd.vn/Products/Images/60/307620/op-magsafe-iphone14-nhua-cung-dapu-uniq-ebony-black-hybrid-magclickcharging-1.-600x600.jpg
op-lung-galaxy-s21-fe-nhua-deo-tpu-araree-flexield-chinh-hang,Ốp lưng Galaxy S21 FE Nhựa dẻo TPU ARAREE FLEXIELD,https://cdn.tgdd.vn/Products/Images/60/310486/op-lung-galaxy-s21-fe-nhua-deo-tpu-araree-flexield-chinh-hang-thumb-600x600.jpg
vi-da-magsafe-cho-iphone-uniq-lyft-magnetic-snap-on-stand,Ví da Magsafe iPhone UNIQ LYFT MAGNETIC SNAP-ON STAND,https://cdn.tgdd.vn/Products/Images/60/311402/vi-da-magsafe-cho-iphone-uniq-lyft-magnetic-snap-on-stand-thumb-600x600.jpg
op-lung-galaxy-z-flip5-nhua-cung-samsung-linh-hoat-chinh-hang,Ốp lưng Galaxy Z Flip5 Nhựa cứng Samsung Linh hoạt,https://cdn.tgdd.vn/Products/Images/60/312358/op-lung-galaxy-z-flip5-nhua-cung-samsung-linh-hoat-chinh-hang-thumb-5-600x600.jpg
op-lung-galaxy-a34-nhua-cung-vien-deo-pure-ii-jm,Ốp lưng Galaxy A34 Nhựa cứng viền dẻo Pure II JM,https://cdn.tgdd.vn/Products/Images/60/312606/op-lung-galaxy-a34-nhua-cung-vien-deo-pure-ii-jm-thumb-600x600.jpg
op-magsafe-iphone15-nhua-cung-uniq-hybrid-magclick-combat-duo-blue-pink,Ốp lưng Magsafe iPhone 15 Nhựa cứng viền dẻo UNIQ HYBRID MAGCLICK CHARGING COMBAT DUO,https://cdn.tgdd.vn/Products/Images/60/314914/op-magsafe-iphone15-nhua-cung-uniq-hybrid-magclick-combat-duo-blue-pink-thumb-600x600.jpg
op-magsafe-iphone-15-pro-nhua-deo-iml-uniq-coehl-magnetic-palette-dusk-blue,Ốp lưng MagSafe iPhone 15 Pro Nhựa dẻo IML UNIQ COEHL MAGNETIC CHARGING PALETTE,https://cdn.tgdd.vn/Products/Images/60/314986/op-magsafe-iphone-15-pro-nhua-deo-iml-uniq-coehl-magnetic-palette-dusk-blue-thumb-600x600.jpg
op-iphone-15-pro-max-nhua-cung-vien-deo-uniq-hybrid-lifepro-xtreme-clear,Ốp lưng iPhone 15 Pro Max Nhựa cứng viền dẻo UNIQ HYBRID LIFEPRO XTREME,https://cdn.tgdd.vn/Products/Images/60/314988/op-iphone-15-pro-max-nhua-cung-vien-deo-uniq-hybrid-lifepro-xtreme-clear-thumb-600x600.jpg
op-magsafe-iphone-15-pro-max-nhua-cung-uniq-hybrid-combat-af-frost-grey,Ốp lưng MagSafe iPhone 15 Pro Max Nhựa cứng viền dẻo UNIQ HYBRID MAGCLICK CHARGING COMBAT (AF),https://cdn.tgdd.vn/Products/Images/60/314990/op-magsafe-iphone-15-pro-max-nhua-cung-uniq-hybrid-combat-af-frost-grey-thumb-600x600.jpg
op-lung-iphone-14-pro-silicone-jm-case-xanh-duong-nhat,Ốp lưng iPhone 14 Pro Silicone JM CASE,https://cdn.tgdd.vn/Products/Images/60/315040/op-lung-iphone-14-pro-silicone-jm-case-xanh-duong-nhat-thumb-600x600.jpg
op-lung-iphone-15-pro-nhua-cung-vien-deo-mipow-tempered-glass-ps15c-cr,Ốp lưng iPhone 15 Pro Nhựa cứng viền dẻo Mipow Tempered Glass PS15C-CR,https://cdn.tgdd.vn/Products/Images/60/315476/op-lung-iphone-15-pro-nhua-cung-vien-deo-mipow-tempered-glass-ps15c-cr-021123-030747-600x600.jpg
op-magsafe-iphone-15-pro-max-nhua-cung-vien-deo-tgvis-grace-neon-orange,Ốp lưng Magsafe iPhone 15 Pro Max Nhựa cứng viền dẻo TGVIS GRACE NEON,https://cdn.tgdd.vn/Products/Images/60/315768/op-magsafe-iphone-15-pro-max-nhua-cung-vien-deo-tgvis-grace-neon-orange-thumb-600x600.jpg
op-lung-iphone-15-pro-nhua-deo-tpu-araree-flexield-clear,Ốp lưng iPhone 15 Pro Nhựa dẻo TPU Araree FLEXIELD,https://cdn.tgdd.vn/Products/Images/60/316786/op-lung-iphone-15-pro-nhua-deo-tpu-araree-flexield-clear-thumb-600x600.jpg
op-lung-iphone-15-pro-max-nhua-cung-pc-araree-nukin-clear,Ốp lưng iPhone 15 Pro Max Nhựa cứng PC Araree NUKIN,https://cdn.tgdd.vn/Products/Images/60/316789/op-lung-iphone-15-pro-max-nhua-cung-pc-araree-nukin-clear-thumb-600x600.jpg
op-lung-magsafe-iphone-15-pro-max-nhua-cung-vien-deo-araree-duple-m-clear,Ốp lưng MagSafe iPhone 15 Pro Max Nhựa cứng viền dẻo Araree Duple M,https://cdn.tgdd.vn/Products/Images/60/316793/op-lung-magsafe-iphone-15-pro-max-nhua-cung-vien-deo-araree-duple-m-clear-thumb-600x600.jpg
op-lung-magsafe-iphone-15-pro-nhua-cung-vien-deo-jcpal-dualpro-trong,Ốp lưng MagSafe iPhone 15 Pro Nhựa cứng viền dẻo JCPAL DualPro,https://cdn.tgdd.vn/Products/Images/60/316804/op-lung-magsafe-iphone-15-pro-nhua-cung-vien-deo-jcpal-dualpro-trong-thumb-600x600.jpg
op-lung-magsafe-iphone-15-pro-max-nhua-cung-vien-deo-jcpal-dualpro-trong,Ốp lưng MagSafe iPhone 15 Pro Max Nhựa cứng viền dẻo JCPAL DualPro,https://cdn.tgdd.vn/Products/Images/60/316805/op-lung-magsafe-iphone-15-pro-max-nhua-cung-vien-deo-jcpal-dualpro-trong-thumb-600x600.jpg
op-lung-galaxy-a05s-nhua-deo-tpu-samsung-trong,Ốp lưng Galaxy A05s Nhựa dẻo TPU Samsung,https://cdn.tgdd.vn/Products/Images/60/317174/op-lung-galaxy-a05s-nhua-deo-tpu-samsung-trong-thumb-600x600.jpg
op-lung-galaxy-m54-5g-nhua-cung-vien-deo-pure-ii-jm,Ốp lưng Galaxy M54 5G Nhựa cứng viền dẻo Pure II JM,https://cdn.tgdd.vn/Products/Images/60/317218/op-lung-galaxy-m54-5g-nhua-cung-vien-deo-pure-ii-jm-thumb-600x600.jpg
op-lung-magsafe-galaxy-s23-fe-nhua-cung-vien-deo-araree-duple-m-clear,Ốp lưng MagSafe Galaxy S23 FE Nhựa cứng viền dẻo Araree Duple M Clear,https://cdn.tgdd.vn/Products/Images/60/318894/op-lung-magsafe-galaxy-s23-fe-nhua-cung-vien-deo-araree-duple-m-clear-thumb-600x600.jpg
op-lung-galaxy-a05-silicone-jm-candy-be,Ốp lưng Galaxy A05 Silicone JM Candy,https://cdn.tgdd.vn/Products/Images/60/319677/op-lung-galaxy-a05-silicone-jm-candy-be-thumb-600x600.jpg
op-lung-xiaomi-redmi-13c-nhua-cung-vien-deo-cosano-pure-trong,Ốp lưng Xiaomi Redmi 13C Nhựa cứng viền dẻo COSANO Pure,https://cdn.tgdd.vn/Products/Images/60/319910/op-lung-xiaomi-redmi-13c-nhua-cung-vien-deo-cosano-pure-trong-thumb-600x600.jpg
op-lung-galaxy-a25-nhua-deo-samsung-smapp-trong,Ốp lưng Galaxy A25 Nhựa dẻo Samsung SMAPP,https://cdn.tgdd.vn/Products/Images/60/320383/op-lung-galaxy-a25-nhua-deo-samsung-smapp-trong-thumb-600x600.jpg
op-lung-magsafe-iphone-15-pro-max-nhua-cung-pc-jm-ditto-black-matte,Ốp lưng MagSafe iPhone 15 Pro Max Nhựa cứng PC JM Ditto,https://cdn.tgdd.vn/Products/Images/60/320856/op-lung-magsafe-iphone-15-pro-max-nhua-cung-pc-jm-ditto-black-matte-thumb-600x600.jpg
op-lung-galaxy-a55-nhua-deo-smapp-samsung,Ốp lưng Galaxy A55 Nhựa dẻo Samsung SMAPP,https://cdn.tgdd.vn/Products/Images/60/323061/op-lung-galaxy-a55-nhua-deo-smapp-samsung-thumb-1-600x600.jpg
op-lung-galaxy-a35-silicone-samsung,Ốp lưng Galaxy A35 Silicone Samsung,https://cdn.tgdd.vn/Products/Images/60/323063/op-lung-galaxy-a35-silicone-samsung-thumb-600x600.jpg
op-lung-magsafe-iphone-15-pro-nhua-cung-vien-deo-uniq-hybrid-magclick-charging-lifepro-xtreme-af-frost-clear,Ốp lưng MagSafe iPhone 15 Pro Nhựa cứng viền dẻo UNIQ HYBRID MAGCLICK CHARGING LIFEPRO XTREME (AF),https://cdn.tgdd.vn/Products/Images/60/325392/op-lung-iphone-15-pro-nhua-cung-vien-deo-uniq-hybrid-magclick-charging-lifepro-xtreme-af-frost-clear-thumb-600x600.jpg
op-lung-galaxy-m54-5g-nhua-deo-tpu-araree-flexield-clear,Ốp lưng Galaxy M54 5G Nhựa dẻo TPU Araree Flexield Clear,https://cdn.tgdd.vn/Products/Images/60/327527/op-lung-galaxy-m54-5g-nhua-deo-tpu-araree-flexield-clear-thumb-600x600.jpg
op-lung-galaxy-z-flip6-da-thuc-vat-samsung,Ốp lưng Galaxy Z Flip6 Da thực vật Samsung,https://cdn.tgdd.vn/Products/Images/60/327844/op-lung-galaxy-z-flip6-da-thuc-vat-samsung-thumb-600x600.jpg
op-lung-galaxy-m55-nhua-cung-vien-deo-pure-ii-jm,Ốp lưng Galaxy M55 Nhựa cứng viền dẻo Pure II JM,https://cdn.tgdd.vn/Products/Images/60/328652/op-lung-galaxy-m55-nhua-cung-vien-deo-pure-ii-jm-thumb-600x600.jpg
op-lung-iphone-16-pro-heldro-max-magclick-with-camera-stand-nhua-tpu-pc-alu-uniq,Ốp lưng MagSafe iPhone 16 Pro Nhựa TPU PC ALU UNIQ HELDRO MAX MAGCLICK WITH CAMERA STAND,https://cdnv2.tgdd.vn/mwg-static/tgdd/Products/Images/60/330193/op-lung-iphone-16-pro-heldro-max-magclick-with-camera-stand-nhua-tpu-pc-alu-uniq-091024-111353-661-600x600.jpg
op-lung-iphone-16-pro-magnetic-charging-verdure-nhua-tpu-iml-uniq,Ốp lưng MagSafe iPhone 16 Pro Nhựa TPU IML UNIQ MAGNETIC CHARGING VERDURE,https://cdnv2.tgdd.vn/mwg-static/tgdd/Products/Images/60/330197/op-lung-iphone-16-pro-magnetic-charging-verdure-nhua-tpu-iml-uniq-260924-050018-243-600x600.jpg
op-lung-iphone-16-pro-magclick-charging-eleva-with-vertical-stand-nhua-cung-vien-deo-uniq,Ốp lưng MagSafe iPhone 16 Pro Nhựa cứng viền dẻo UNIQ MAGCLICK CHARGING ELEVA WITH VERTICAL STAND,https://cdnv2.tgdd.vn/mwg-static/tgdd/Products/Images/60/330199/op-lung-iphone-16-pro-magclick-charging-eleva-with-vertical-stand-nhua-cung-vien-deo-uniq-091024-114131-204-600x600.jpg
op-lung-iphone-16-pro-max-magnetic-charging-lumino-nhua-tpu-iml-uniq,Ốp lưng MagSafe iPhone 16 Pro Max Nhựa TPU IML UNIQ MAGNETIC CHARGING LUMINO,https://cdnv2.tgdd.vn/mwg-static/tgdd/Products/Images/60/330208/op-lung-iphone-16-pro-max-magnetic-charging-lumino-nhua-tpu-iml-uniq-260924-063956-707-600x600.jpg
op-lung-iphone-16-crystal-matter-x-nhua-cung-pc-laut-crystal,Ốp lưng MagSafe iPhone 16 Nhựa cứng PC LAUT Crystal Matter X,https://cdnv2.tgdd.vn/mwg-static/tgdd/Products/Images/60/330213/op-lung-iphone-16-crystal-matter-x-nhua-cung-pc-laut-crystal-thumb-638634640636203311-600x600.jpg
op-lung-iphone-16-pro-aero-sparkle-nhua-cung-vien-deo-laut-crystal,Ốp lưng MagSafe iPhone 16 Pro Nhựa cứng viền dẻo LAUT Aero Sparkle,https://cdnv2.tgdd.vn/mwg-static/tgdd/Products/Images/60/330216/op-lung-iphone-16-pro-aero-sparkle-nhua-cung-vien-deo-laut-crystal-thumb-638634806775933217-600x600.jpg
op-lung-iphone-16-pro-crystal-matter-nhua-cung-vien-deo-laut-crystal,Ốp lưng MagSafe iPhone 16 Pro Nhựa cứng viền dẻo LAUT Crystal Matter,https://cdnv2.tgdd.vn/mwg-static/tgdd/Products/Images/60/330218/op-lung-iphone-16-pro-crystal-matter-nhua-cung-vien-deo-laut-crystal-thumb-638634885664786885-600x600.jpg
op-lung-iphone-16-pro-holo-nhua-cung-vien-deo-laut,Ốp lưng MagSafe iPhone 16 Pro Nhựa cứng viền dẻo LAUT HOLO,https://cdnv2.tgdd.vn/mwg-static/tgdd/Products/Images/60/330219/op-lung-iphone-16-pro-holo-nhua-cung-vien-deo-laut-thumb-638635690041593764-600x600.jpg
op-lung-iphone-16-pro-shield-nhua-cung-vien-deo-laut-black,Ốp lưng MagSafe iPhone 16 Pro Nhựa cứng viền dẻo LAUT SHIELD,https://cdnv2.tgdd.vn/mwg-static/tgdd/Products/Images/60/330220/op-lung-iphone-16-pro-shield-nhua-cung-vien-deo-laut-black-thumb-638635889182223229-600x600.jpg
op-lung-iphone-16-pro-protect-nhua-cung-vien-deo-laut,Ốp lưng MagSafe iPhone 16 Pro Nhựa cứng viền dẻo LAUT PROTECT,https://cdnv2.tgdd.vn/mwg-static/tgdd/Products/Images/60/330222/op-lung-iphone-16-pro-protect-nhua-cung-vien-deo-laut-thumb-638635740578477587-600x600.jpg
op-lung-iphone-16-pro-max-crystal-m-nhua-cung-vien-deo-laut-crystal,Ốp lưng MagSafe iPhone 16 Pro Max Nhựa cứng viền dẻo LAUT Crystal-M,https://cdnv2.tgdd.vn/mwg-static/tgdd/Products/Images/60/330223/op-lung-iphone-16-pro-max-crystal-m-nhua-cung-vien-deo-laut-crystal-thumb-638629779554151071-600x600.jpg
op-lung-iphone-16-pro-max-crystal-matter-nhua-cung-vien-deo-laut-crystal,Ốp lưng MagSafe iPhone 16 Pro Max Nhựa cứng viền dẻo LAUT Crystal Matter,https://cdnv2.tgdd.vn/mwg-static/tgdd/Products/Images/60/330225/op-lung-iphone-16-pro-max-crystal-matter-nhua-cung-vien-deo-laut-crystal-thumb-638629782015724090-600x600.jpg
op-lung-iphone-16-pro-max-holo-nhua-cung-vien-deo-laut-pearl,Ốp lưng MagSafe iPhone 16 Pro Max Nhựa cứng viền dẻo LAUT HOLO,https://cdnv2.tgdd.vn/mwg-static/tgdd/Products/Images/60/330226/op-lung-iphone-16-pro-max-holo-nhua-cung-vien-deo-laut-pearl-thumb-638629782883939830-600x600.jpg
op-lung-iphone-16-pro-max-protect-nhua-cung-vien-deo-laut,Ốp lưng MagSafe iPhone 16 Pro Max Nhựa cứng viền dẻo LAUT PROTECT,https://cdnv2.tgdd.vn/mwg-static/tgdd/Products/Images/60/330228/op-lung-iphone-16-pro-max-protect-nhua-cung-vien-deo-laut-thumb-638629788074280147-600x600.jpg
op-lung-magsafe-iphone-16-pro-tempered-glass-nhua-cung-vien-deo-mipow-mgc16b-cr,Ốp lưng MagSafe iPhone 16 Pro Magsafe nhựa cứng viền dẻo Mipow Tempered Glass MGC16B-CR,https://cdnv2.tgdd.vn/mwg-static/tgdd/Products/Images/60/330309/op-lung-magsafe-iphone-16-pro-tempered-glass-nhua-cung-vien-deo-mipow-mgc16b-cr-thumb-638664407689678213-600x600.jpg
op-lung-iphone-16-pro-max-ultra-thin-nhua-deo-tpu-mipow-st16d-cr,Ốp lưng iPhone 16 Pro Max nhựa dẻo TPU Mipow Ultra Thin ST16D-CR,https://cdnv2.tgdd.vn/mwg-static/tgdd/Products/Images/60/330311/op-lung-iphone-16-pro-max-ultra-thin-nhua-deo-tpu-mipow-st16d-cr-thumb-638664412363214451-600x600.jpg
op-lung-iphone-16-pro-max-liquid-crystal-spigen,Ốp lưng iPhone 16 Pro Max Nhựa TPU SPIGEN Liquid Crystal ACS07984,https://cdnv2.tgdd.vn/mwg-static/tgdd/Products/Images/60/330319/op-lung-iphone-16-pro-max-liquid-crystal-spigen-thumb-638632349774281964-600x600.jpg
op-lung-iphone-15-pro-max-coehl-magnetic-charging-prairie-nhua-deo-iml-uniq,Ốp lưng MagSafe iPhone 15 Pro Max Nhựa dẻo IML UNIQ COEHL MAGNETIC CHARGING PRAIRIE,https://cdnv2.tgdd.vn/mwg-static/tgdd/Products/Images/60/330329/op-lung-iphone-15-pro-max-coehl-magnetic-charging-prairie-nhua-deo-iml-uniq-thumb-638629792727188345-600x600.jpg
op-lung-iphone-11-nhua-cung-vien-deo-ckac664-hoa,Ốp lưng iPhone 11 Nhựa cứng viền dẻo Tempered glass OSMIA CKAC664 Hoa,https://cdn.tgdd.vn/Products/Images/60/214821/op-lung-iphone-11-nhua-cung-vien-deo-ckac664-hoa-1-1-600x600.jpg
op-lung-iphone-11-deo-matte-osmia-ckac741-la-xanh,Ốp lưng iPhone 11 Nhựa dẻo Matte IMD 360 OSMIA CKAC741,https://cdn.tgdd.vn/Products/Images/60/214825/op-lung-iphone-11-deo-matte-osmia-ckac741-la-xanh-1-600x600.jpg
op-lung-iphone-11-nhua-deo-shell-imd-osmia-da-bao,Ốp lưng iPhone 11 Nhựa dẻo Shell IMD OSMIA Da báo,https://cdn.tgdd.vn/Products/Images/60/224906/op-lung-iphone-11-nhua-deo-shell-imd-osmia-da-bao-1-600x600.jpg
op-iphone-13-pro-nhua-deo-como-handle-jm-den,Ốp lưng iPhone 13 Pro Nhựa dẻo COMO HANDLE JM,https://cdn.tgdd.vn/Products/Images/60/250970/op-iphone-13-pro-nhua-deo-como-handle-jm-den-ava-600x600.jpg
op-iphone-13-pro-max-deo-litchi-grain-osmia-nau,Ốp lưng iPhone 13 Pro Max Nhựa dẻo Litchi Grain OSMIA,https://cdn.tgdd.vn/Products/Images/60/252270/op-iphone-13-pro-max-deo-litchi-grain-osmia-nau-081021-032551-600x600.jpg
op-lung-iphone-13-nhua-deo-matte-20s-osmia-do,Ốp lưng iPhone 13 Nhựa Dẻo Matte-20s OSMIA,https://cdn.tgdd.vn/Products/Images/60/253071/op-lung-iphone-13-nhua-deo-matte-20s-osmia-do-151021-024100-600x600.jpg
op-iphone-13-pro-max-kinh-deo-rainbow-osmia,Ốp lưng iPhone 13 Pro Max Kính viền dẻo Rainbow OSMIA,https://cdn.tgdd.vn/Products/Images/60/265531/op-iphone-13-pro-max-kinh-deo-rainbow-osmia-1.-600x600.jpg
op-lung-galaxy-s22-plus-nhua-cung-vien-deo-clear-samsung,Ốp lưng Galaxy S22+ Nhựa cứng viền dẻo Clear Samsung,https://cdn.tgdd.vn/Products/Images/60/271821/op-lung-galaxy-s22-plus-nhua-cung-vien-deo-clear-samsung-1.-600x600.jpg
op-lung-iphone-14-pro-max-nhua-cung-vien-deo-clear-cosano-vien-tim,Ốp lưng iPhone 14 Pro Max Nhựa cứng viền dẻo Clear COSANO,https://cdn.tgdd.vn/Products/Images/60/291358/op-lung-iphone-14-pro-max-nhua-cung-vien-deo-clear-cosano-vien-tim-thumb1-600x600.jpeg
op-lung-magsafe-iphone-14-plus-candy-silicone-jm-hong,Ốp lưng Magsafe iPhone 14 Plus Candy Silicone JM,https://cdn.tgdd.vn/Products/Images/60/291976/op-lung-magsafe-iphone-14-plus-candy-silicone-jm-hong-0-600x600.jpg
op-lung-iphone-14-plus-silicone-case-jm,Ốp lưng iPhone 14 Plus SILICONE CASE JM,https://cdn.tgdd.vn/Products/Images/60/291982/op-lung-iphone-14-plus-silicone-case-jm-thumb1-600x600.jpeg
bao-da-galaxy-a34-samsung-smart-clear-view,Bao da Galaxy A34 Smart Clear View Samsung,https://cdn.tgdd.vn/Products/Images/60/304268/bao-da-galaxy-a34-samsung-smart-clear-vie-thumb-600x600.jpg
bao-da-galaxy-a34-samsung-smart-clear-view-chinh-hang,Bao da Galaxy A34 Smart Clear View Samsung,https://cdn.tgdd.vn/Products/Images/60/304269/bao-da-galaxy-a34-samsung-smart-clear-view-chinh-hang-thumb-600x600.jpg
op-lung-galaxy-a34-nhua-cung-samsung-chinh-hang,Ốp lưng Galaxy A34 Nhựa cứng Samsung,https://cdn.tgdd.vn/Products/Images/60/304274/op-lung-galaxy-a34-nhua-cung-samsung-chinh-hang-thumb-600x600.jpg
op-lung-galaxy-a54-nhua-cung-vien-deo-crystal-pure-jm-trong,Ốp lưng Galaxy A54 Nhựa cứng viền dẻo CRYSTAL PURE JM,https://cdn.tgdd.vn/Products/Images/60/305088/op-lung-galaxy-a54-nhua-cung-vien-deo-crystal-pure-jm-trong-thumb-600x600.jpg
op-lung-magsafe-iphone-14-nhua-cung-vien-deo-laut-black-crystal-m,Ốp lưng MagSafe iPhone 14 Nhựa cứng viền dẻo Laut Crystal M,https://cdn.tgdd.vn/Products/Images/60/306428/op-lung-magsafe-iphone-14-nhua-cung-vien-deo-laut-black-crystal-m-tb-600x600.jpg
op-lung-magsafe-iphone-14-nhua-cung-vien-deo-laut-black-crystal-crystal-matter,Ốp lưng MagSafe iPhone 14 Nhựa cứng viền dẻo Laut Crystal Matter,https://cdn.tgdd.vn/Products/Images/60/306430/op-lung-iphone-14-nhua-cung-vien-deo-laut-black-crystal-matter-tb-600x600.jpg
op-lung-iphone-14-nhua-cung-vien-deo-laut-olive-shield,Ốp lưng iPhone 14 Nhựa cứng viền dẻo Laut SHIELD,https://cdn.tgdd.vn/Products/Images/60/306438/op-lung-iphone-14-nhua-cung-vien-deo-laut-olive-shield-tb-600x600.jpg
op-lung-iphone-14-plus-nhua-cung-vien-deo-laut-pearl-holo,Ốp lưng iPhone 14 Plus Nhựa cứng viền dẻo Laut HOLO,https://cdn.tgdd.vn/Products/Images/60/306446/op-lung-iphone-14-plus-nhua-cung-vien-deo-laut-pearl-holo-1.-600x600.jpg
op-lung-iphone-14-pro-nhua-deo-tpu-vai-cordura-laut-indigo-urban,Ốp lưng iPhone 14 Pro Nhựa dẻo TPU vải Cordura Laut URBAN,https://cdn.tgdd.vn/Products/Images/60/306497/op-lung-iphone-14-pro-nhua-deo-tpu-vai-cordura-laut-indigo-urban-tb-600x600.jpg
op-lung-iphone-14-pro-nhua-cung-vien-deo-laut-pearl-holo,Ốp lưng iPhone 14 Pro Nhựa cứng viền dẻo Laut HOLO,https://cdn.tgdd.vn/Products/Images/60/306519/op-lung-iphone-14-pro-nhua-cung-vien-deo-laut-pearl-holo-tb-600x600.jpg
op-lung-iphone-13-pro-nhua-cung-vien-deo-switcheasy-transparent-alos,Ốp lưng iPhone 13 Pro Nhựa cứng viền dẻo SwitchEasy ALOS Chính hãng,https://cdn.tgdd.vn/Products/Images/60/306755/op-lung-iphone-13-pro-nhua-cung-vien-deo-switcheasy-transparent-alos-tb-600x600.jpg
op-magsafe-iphone14-nhua-cung-vien-deo-switcheasy-transparent-mageasy-atomm,Ốp lưng MagSafe iPhone 14 Nhựa cứng viền dẻo SwitchEasy MagEasy Atom M,https://cdn.tgdd.vn/Products/Images/60/306764/op-magsafe-iphone14-nhua-cung-vien-deo-switcheasy-transparent-mageasy-atomm-thumb-600x600.jpg
op-lung-iphone-14-nhua-cung-vien-deo-switcheasy-transparent-starfield,Ốp lưng iPhone 14 Nhựa cứng viền dẻo SwitchEasy Starfield,https://cdn.tgdd.vn/Products/Images/60/306767/op-lung-iphone-14-nhua-cung-vien-deo-switcheasy-transparent-starfield-thumb-600x600.jpg
op-lung-iphone-14-nhua-cung-vien-deo-switcheasy-frozen-starfield,Ốp lưng iPhone 14 Nhựa cứng viền dẻo SwitchEasy Starfield,https://cdn.tgdd.vn/Products/Images/60/306773/op-lung-iphone-14-nhua-cung-vien-deo-switcheasy-frozen-starfield-thumb-600x600.jpg
op-lung-iphone-14-plus-nhua-cung-vien-deo-switcheasy-twilight-starfield,Ốp lưng iPhone 14 Plus Nhựa cứng viền dẻo SwitchEasy Starfield,https://cdn.tgdd.vn/Products/Images/60/306806/op-lung-iphone-14-plus-nhua-cung-vien-deo-switcheasy-twilight-starfield-thumb-600x600.jpg
op-lung-iphone-14-pro-nhua-cung-vien-deo-switcheasy-frozen-starfield,Ốp lưng iPhone 14 Pro Nhựa cứng viền dẻo SwitchEasy Starfield,https://cdn.tgdd.vn/Products/Images/60/306830/op-lung-iphone-14-pro-nhua-cung-vien-deo-switcheasy-frozen-starfield-thumb-600x600.jpg
op-lung-iphone-14-nhua-cung-vien-deo-uniq-iridescent-lifepro-xtreme,Ốp lưng iPhone 14 Nhựa cứng viền dẻo UNIQ LIFEPRO XTREME,https://cdn.tgdd.vn/Products/Images/60/307564/op-lung-iphone-14-nhua-cung-vien-deo-uniq-iridescent-lifepro-xtreme-1.-600x600.jpg
op-lung-galaxy-a54-nhua-cung-vien-deo-pure-ii-jm,Ốp lưng Galaxy A54 Nhựa cứng viền dẻo Pure II JM,https://cdn.tgdd.vn/Products/Images/60/312607/op-lung-galaxy-a54-nhua-cung-vien-deo-pure-ii-jm-thumb-600x600.jpg
op-lung-magsafe-iphone-15-pro-max-nhua-cung-vien-deo-laut-holo-pearl,Ốp lưng Magsafe iPhone 15 Pro Max Nhựa cứng viền dẻo LAUT Holo,https://cdn.tgdd.vn/Products/Images/60/314853/op-lung-magsafe-iphone-15-pro-max-nhua-cung-vien-deo-laut-holo-pearl-thumb-600x600.jpg
op-lung-magsafe-iphone-15-pro-max-nhua-deo-tpu-laut-huex-protect-dark-blue,Ốp lưng Magsafe iPhone 15 Pro Max Nhựa dẻo TPU LAUT HUEX PROTECT,https://cdn.tgdd.vn/Products/Images/60/314909/op-lung-magsafe-iphone-15-pro-max-nhua-deo-tpu-laut-huex-protect-dark-blue-thumb-600x600.jpg
op-magsafe-iphone-15-pro-max-silicone-uniq-hybrid-lino-hue-liquid-blue,Ốp lưng MagSafe iPhone 15 Pro Max Silicone UNIQ HYBRID MAGCLICK CHARGING LINO HUE Liquid,https://cdn.tgdd.vn/Products/Images/60/314993/op-magsafe-iphone-15-pro-max-silicone-uniq-hybrid-lino-hue-liquid-blue-thumb-600x600.jpg
op-lung-iphone-15-pro-max-nhua-deo-iml-uniq-coehl-linear-stardust,Ốp lưng iPhone 15 Pro Max Nhựa dẻo IML UNIQ COEHL LINEAR,https://cdn.tgdd.vn/Products/Images/60/314995/op-lung-iphone-15-pro-max-nhua-deo-iml-uniq-coehl-linear-stardust-thumb-600x600.jpg
op-lung-iphone-15-pro-max-nhua-deo-tpu-mipow-ultra-thin-st15d-cr,Ốp lưng iPhone 15 Pro Max Nhựa dẻo TPU Mipow Ultra Thin ST15D-CR,https://cdn.tgdd.vn/Products/Images/60/315473/op-lung-iphone-15-pro-max-nhua-deo-tpu-mipow-ultra-thin-st15d-cr-011123-031107-600x600.jpg
op-magsafe-iphone-15-pro-nhua-cung-vien-deo-mipow-tempered-glass-mgc15c-cr,Ốp lưng MagSafe iPhone 15 Pro Nhựa cứng viền dẻo Mipow Tempered Glass MGC15C-CR,https://cdn.tgdd.vn/Products/Images/60/315478/op-magsafe-iphone-15-pro-nhua-cung-vien-deo-mipow-tempered-glass-mgc15c-cr-021123-025243-600x600.jpg
op-lung-magsafe-iphone-15-pro-nhua-cung-vien-deo-jinya-clear,Ốp lưng MagSafe iPhone 15 Pro Nhựa cứng viền dẻo JINYA,https://cdn.tgdd.vn/Products/Images/60/315794/op-lung-magsafe-iphone-15-pro-nhua-cung-vien-deo-jinya-clear-thumb-600x600.jpg
op-lung-magsafe-iphone-15-pro-max-nhua-cung-vien-deo-jinya-clear,Ốp lưng MagSafe iPhone 15 Pro Max Nhựa cứng viền dẻo JINYA,https://cdn.tgdd.vn/Products/Images/60/315795/op-lung-magsafe-iphone-15-pro-max-nhua-cung-vien-deo-jinya-clear-thumb-600x600.jpg
op-lung-iphone-15-pro-max-nhua-deo-tpu-araree-a-fit-clear,Ốp lưng iPhone 15 Pro Max Nhựa dẻo TPU Araree A Fit,https://cdn.tgdd.vn/Products/Images/60/316784/op-lung-iphone-15-pro-max-nhua-deo-tpu-araree-a-fit-clear-thumb-600x600.jpg
op-lung-magsafe-iphone-15-pro-nhua-cung-vien-deo-araree-duple-m-clear,Ốp lưng MagSafe iPhone 15 Pro Nhựa cứng viền dẻo Araree Duple M,https://cdn.tgdd.vn/Products/Images/60/316792/op-lung-magsafe-iphone-15-pro-nhua-cung-vien-deo-araree-duple-m-clear-thumb-600x600.jpg
op-lung-galaxy-s23-fe-silicone-samsung-cam,Ốp lưng Galaxy S23 FE Silicone Samsung,https://cdn.tgdd.vn/Products/Images/60/317087/op-lung-galaxy-s23-fe-silicone-samsung-cam-thumb-600x600.jpg
op-lung-galaxy-s23-fe-nhua-cung-pc-samsung-linh-hoat-trong,Ốp lưng Galaxy S23 FE Nhựa cứng PC Samsung Linh hoạt,https://cdn.tgdd.vn/Products/Images/60/317090/op-lung-galaxy-s23-fe-nhua-cung-pc-samsung-linh-hoat-trong-thumb-600x600.jpg
op-lung-iphone-15-pro-max-nhua-deo-tpu-spigen-crystal-slot-acs06587,Ốp lưng iPhone 15 Pro Max Nhựa dẻo TPU Spigen Crystal Slot ACS06587,https://cdn.tgdd.vn/Products/Images/60/317214/op-lung-iphone-15-pro-max-nhua-deo-tpu-spigen-crystal-slot-acs06587-thumb-600x600.jpg
op-lung-iphone-15-pro-max-nhua-deo-da-pu-laut-prestige-black,Ốp lưng iPhone 15 Pro Max Nhựa dẻo da PU LAUT PRESTIGE,https://cdn.tgdd.vn/Products/Images/60/325394/op-lung-iphone-15-pro-max-nhua-deo-da-pu-laut-prestige-black-thumb-600x600.jpg
op-lung-magsafe-iphone-15-nhua-cung-vien-deo-uniq-hybrid-magclick-charging-lifepro-xtreme-lucent,Ốp lưng MagSafe iPhone 15 Nhựa cứng viền dẻo UNIQ HYBRID MAGCLICK CHARGING LIFEPRO XTREME,https://cdn.tgdd.vn/Products/Images/60/325395/op-lung-iphone-15-nhua-cung-vien-deo-uniq-hybrid-magclick-charging-lifepro-xtreme-lucent-thumb-600x600.jpg
op-lung-iphone-15-pro-max-nhua-deo-iml-uniq-coehl-magnetic-charging-prairie-blush-beige,Ốp lưng iPhone 15 Pro Max Nhựa dẻo IML UNIQ COEHL MAGNETIC CHARGING PRAIRIE,https://cdn.tgdd.vn/Products/Images/60/325401/op-lung-iphone-15-pro-max-nhua-deo-iml-uniq-coehl-magnetic-charging-prairie-blush-beige-thumb-600x600.jpg
op-lung-magsafe-iphone-15-pro-nhua-cung-vien-deo-uniq-hybrid-magclick-charging-combat-af-smoke-blue,Ốp lưng MagSafe iPhone 15 Pro Nhựa cứng viền dẻo UNIQ HYBRID MAGCLICK CHARGING COMBAT (AF),https://cdn.tgdd.vn/Products/Images/60/325404/op-lung-magsafe-iphone-15-pro-nhua-cung-vien-deo-uniq-hybrid-magclick-charging-combat-af-smoke-blue-thumb-600x600.jpeg
op-lung-iphone-15-pro-nhua-cung-vien-deo-pu-uniq-hybrid-magclick-charging-transforma-blue,Ốp lưng iPhone 15 Pro Nhựa cứng viền dẻo PU UNIQ HYBRID MAGCLICK CHARGING TRANSFORMA,https://cdn.tgdd.vn/Products/Images/60/325406/op-lung-iphone-15-pro-nhua-cung-vien-deo-pu-uniq-hybrid-magclick-charging-transforma-blue-thumb-600x600.jpg
op-lung-iphone-15-pro-max-nhua-cung-vien-deo-pu-uniq-hybrid-magclick-charging-transforma-blue,Ốp lưng iPhone 15 Pro Max Nhựa cứng viền dẻo PU UNIQ HYBRID MAGCLICK CHARGING TRANSFORMA,https://cdn.tgdd.vn/Products/Images/60/325410/op-lung-iphone-15-pro-max-nhua-cung-vien-deo-pu-uniq-hybrid-magclick-charging-transforma-blue-thumb-600x600.jpg
op-lung-magsafe-iphone-15-pro-max-nhua-cung-vien-deo-uniq-hybrid-magclick-charging-combat-af-blanc-white,Ốp lưng MagSafe iPhone 15 Pro Max Nhựa cứng viền dẻo UNIQ HYBRID MAGCLICK CHARGING COMBAT (AF) BLANC,https://cdn.tgdd.vn/Products/Images/60/326773/op-lung-iphone-15-pro-max-nhua-cung-vien-deo-uniq-hybrid-magclick-charging-combat-af-blanc-white-thumb-600x600.jpg
op-lung-iphone-15-pro-max-nhua-cung-vien-deo-uniq-hybrid-combat-blanc-white,Ốp lưng iPhone 15 Pro Max Nhựa cứng viền dẻo UNIQ HYBRID COMBAT,https://cdn.tgdd.vn/Products/Images/60/326774/op-lung-iphone-15-pro-max-nhua-cung-vien-deo-uniq-hybrid-combat-blanc-white-thumb-600x600.jpg
op-lung-galaxy-z-flip6-nhua-cung-samsung-flipsuit-keith-haring,Ốp lưng Galaxy Z Flip6 Nhựa cứng Samsung Flipsuit Keith Haring,https://cdn.tgdd.vn/Products/Images/60/327842/op-lung-galaxy-z-flip6-nhua-cung-samsung-flipsuit-keith-haring-thumb-600x600.jpg
op-lung-nap-gap-galaxy-z-flip6-silicone-kem-vong-samsung,Ốp lưng nắp gập Galaxy Z Flip6 Silicone Samsung,https://cdn.tgdd.vn/Products/Images/60/327843/op-lung-nap-gap-galaxy-z-flip6-silicone-kem-vong-samsung-thumb-600x600.jpg
op-lung-galaxy-z-flip6-nhua-cung-sieu-mong-samsung,Ốp lưng Galaxy Z Flip6 nhựa cứng Samsung,https://cdn.tgdd.vn/Products/Images/60/328050/op-lung-galaxy-z-flip6-nhua-cung-sieu-mong-samsung-thumb-600x600.jpg
op-lung-magsafe-iphone-15-pro-max-nhua-cung-vien-deo-uniq-hybrid-magclick-charging-lifepro-xtreme-lucent-blue,Ốp lưng MagSafe iPhone 15 Pro Max nhựa cứng viền dẻo UNIQ HYBRID MAGCLICK CHARGING LIFEPRO XTREME,https://cdn.tgdd.vn/Products/Images/60/328057/op-lung-magsafe-iphone-15-pro-max-nhua-cung-vien-deo-uniq-hybrid-magclick-charging-lifepro-xtreme-lucent-blue-thumb-600x600.jpg
op-lung-galaxy-z-flip6-nhua-cung-sieu-mong-kem-vong-samsung,Ốp lưng Galaxy Z Flip6 nhựa cứng Samsung,https://cdn.tgdd.vn/Products/Images/60/328362/op-lung-galaxy-z-flip6-nhua-cung-sieu-mong-kem-vong-samsung-thumb-600x600.jpg
op-lung-iphone-16-pro-magclick-charging-clario-eco-nhua-cung-vien-deo-uniq,Ốp lưng MagSafe iPhone 16 Pro Nhựa cứng viền dẻo UNIQ MAGCLICK CHARGING CLARIO (ECO),https://cdnv2.tgdd.vn/mwg-static/tgdd/Products/Images/60/330194/op-lung-iphone-16-pro-magclick-charging-clario-eco-nhua-cung-vien-deo-uniq-260924-042024-346-600x600.jpg
op-lung-iphone-16-pro-magnetic-charging-celest-nhua-tpu-iml-uniq,Ốp lưng MagSafe iPhone 16 Pro Nhựa TPU IML UNIQ MAGNETIC CHARGING CELEST,https://cdnv2.tgdd.vn/mwg-static/tgdd/Products/Images/60/330198/op-lung-iphone-16-pro-magnetic-charging-celest-nhua-tpu-iml-uniq-260924-051618-910-600x600.jpg
op-lung-iphone-16-plus-crystal-matter-x-nhua-cung-pc-laut-crystal,Ốp lưng MagSafe iPhone 16 Plus Nhựa cứng PC LAUT Crystal Matter X,https://cdnv2.tgdd.vn/mwg-static/tgdd/Products/Images/60/330214/op-lung-iphone-16-plus-crystal-matter-x-nhua-cung-pc-laut-crystal-thumb-638634654667645802-600x600.jpg
op-lung-iphone-16-pro-crystal-m-nhua-cung-vien-deo-laut-crystal,Ốp lưng MagSafe iPhone 16 Pro Nhựa cứng viền dẻo LAUT Crystal-M,https://cdnv2.tgdd.vn/mwg-static/tgdd/Products/Images/60/330217/op-lung-iphone-16-pro-crystal-m-nhua-cung-vien-deo-laut-crystal-thumb-638634871778172272-600x600.jpg
op-lung-iphone-16-pro-max-pop-lovie-nhua-cung-vien-deo-laut,Ốp lưng MagSafe iPhone 16 Pro Max Nhựa cứng viền dẻo LAUT POP LOVIE,https://cdnv2.tgdd.vn/mwg-static/tgdd/Products/Images/60/330230/op-lung-iphone-16-pro-max-pop-lovie-nhua-cung-vien-deo-laut-260924-082509-538-600x600.jpg
op-lung-iphone-16-pro-tempered-glass-nhua-cung-vien-deo-mipow-ps16b-cr,Ốp lưng iPhone 16 Pro nhựa cứng viền dẻo Mipow Tempered Glass PS16B-CR,https://cdnv2.tgdd.vn/mwg-static/tgdd/Products/Images/60/330307/op-lung-iphone-16-pro-tempered-glass-nhua-cung-vien-deo-mipow-ps16b-cr-thumb-638664402782746207-600x600.jpg
op-lung-iphone-16-pro-max-crystal-slot-spigen,Ốp lưng iPhone 16 Pro Max Nhựa TPU SPIGEN Crystal Slot ACS08011,https://cdnv2.tgdd.vn/mwg-static/tgdd/Products/Images/60/330318/op-lung-iphone-16-pro-max-crystal-slot-spigen-thumb-638632343038514718-600x600.jpg
op-lung-iphone-16-pro-max-ultra-hybrid-spigen,Ốp lưng iPhone 16 Pro Max nhựa cứng viền dẻo SPIGEN Ultra Hybrid,https://cdnv2.tgdd.vn/mwg-static/tgdd/Products/Images/60/330321/op-lung-iphone-16-pro-max-ultra-hybrid-spigen-thumb-638632361432018769-600x600.jpg
op-lung-iphone-16-pro-max-core-armor-magfit-spigen,Ốp lưng MagSafe iPhone 16 Pro Max SPIGEN Core Armor MagFit ACS08024,https://cdnv2.tgdd.vn/mwg-static/tgdd/Products/Images/60/330324/op-lung-iphone-16-pro-max-core-armor-magfit-spigen-thumb-638633270717972247-600x600.jpg
op-lung-iphone-16-pro-max-nhua-tpu-tpe-pc-uniq-hybrid-magclick-charging-combat-luminous-lume-white,Ốp lưng MagSafe iPhone 16 Pro Max Nhựa TPU TPE PC UNIQ HYBRID MAGCLICK CHARGING COMBAT LUMINOUS,https://cdnv2.tgdd.vn/mwg-static/tgdd/Products/Images/60/333011/op-lung-iphone-16-pro-max-nhua-tpu-tpe-pc-uniq-hybrid-magclick-charging-combat-luminous-thumb-01-638695266956104643-600x600.jpg
op-lung-galaxy-s25-nhua-cung-pc-da-pu-samsung-kindsuit,Ốp lưng Galaxy S25 Nhựa cứng PC Da PU Samsung Kindsuit,https://cdnv2.tgdd.vn/mwg-static/tgdd/Products/Images/60/334204/op-lung-galaxy-s25-nhua-cung-pc-da-pu-samsung-kindsuit-thumb-638748023445841972-600x600.jpg
op-lung-galaxy-s25-plus-nhua-cung-pc-da-pu-samsung-kindsuit,Ốp lưng Galaxy S25+ Nhựa cứng PC Da PU Samsung Kindsuit,https://cdnv2.tgdd.vn/mwg-static/tgdd/Products/Images/60/334205/op-lung-galaxy-s25-plus-nhua-cung-pc-da-pu-samsung-kindsuit-thumb-638748044901919430-600x600.jpg
op-lung-galaxy-s25-nhua-pc-tpu-samsung-flipsuit,Ốp lưng Galaxy S25 Nhựa PC TPU Samsung Flipsuit,https://cdnv2.tgdd.vn/mwg-static/tgdd/Products/Images/60/334210/op-lung-galaxy-s25-nhua-pc-tpu-samsung-flipsuit-thumb-1-638731977981401068-600x600.jpg
op-lung-galaxy-s25-plus-flipsuit-nhua-pc-tpu-samsung-sieu-bao-ve,Ốp lưng Galaxy S25+ Flipsuit Nhựa PC TPU Samsung,https://cdnv2.tgdd.vn/mwg-static/tgdd/Products/Images/60/334214/op-lung-galaxy-s25-plus-flipsuit-nhua-pc-tpu-samsung-sieu-bao-ve-thumb-1-638731979659420510-600x600.jpg
op-lung-galaxy-s25-magsafe-nhua-pc-tpu-samsung-x-spigen-capella,Ốp lưng MagSafe Galaxy S25 Nhựa PC TPU Samsung x Spigen Capella,https://cdnv2.tgdd.vn/mwg-static/tgdd/Products/Images/60/334219/op-lung-galaxy-s25-magsafe-nhua-pc-tpu-samsung-x-spigen-capella-thumb-638731975218284201-600x600.jpg
op-lung-galaxy-s25-plus-nhua-pc-tpu-samsung-magnetic-trong,Ốp lưng Galaxy S25+ Nhựa PC TPU Samsung Magnetic,https://cdnv2.tgdd.vn/mwg-static/tgdd/Products/Images/60/334391/op-lung-galaxy-s25-plus-nhua-pc-tpu-samsung-magnetic-trong-thumb-638747226060753299-600x600.jpg
op-lung-galaxy-s25-nhua-pc-tpu-samsung-x-otterbox-react-magnet-trong,Ốp lưng Galaxy S25 nhựa PC TPU Samsung x Otterbox React Magnet,https://cdnv2.tgdd.vn/mwg-static/tgdd/Products/Images/60/334408/op-lung-galaxy-s25-nhua-pc-tpu-samsung-x-otterbox-react-magnet-trong-thumb-638747404040472463-600x600.jpg
op-lung-galaxy-s25-plus-nhua-pc-tpu-samsung-x-otterbox-react-magnet-trong,Ốp lưng Galaxy S25+ nhựa PC TPU Samsung x Otterbox React Magnet,https://cdnv2.tgdd.vn/mwg-static/tgdd/Products/Images/60/334409/op-lung-galaxy-s25-plus-nhua-pc-tpu-samsung-x-otterbox-react-magnet-trong-thumb-638747406883623857-600x600.jpg
op-lung-magsafe-iphone-16e-silicone-uniq-magclick-charging-lino-liquid,Ốp lưng MagSafe iPhone 16e Silicone UNIQ Magclick Charging Lino Liquid,https://cdnv2.tgdd.vn/mwg-static/tgdd/Products/Images/60/336373/op-lung-magsafe-iphone-16e-silicone-uniq-magclick-charging-lino-liquid-thumb-638797212693348846-600x600.jpg
op-lung-magsafe-iphone-16e-pc-tpu-alu-uniq-swivix-with-360-rotating-kickstand,Ốp lưng MagSafe iPhone 16e PC TPU Alu UNIQ Swivix With 360 Rotating Kickstand,https://cdnv2.tgdd.vn/mwg-static/tgdd/Products/Images/60/336374/op-lung-magsafe-iphone-16e-pc-tpu-alu-uniq-swivix-with-360-rotating-kickstand-thumb-638797236275896371-600x600.jpg
op-lung-iphone-11-nhua-deo-silicone-felt-cosano-do,Ốp lưng iPhone 11 Nhựa dẻo Silicone Felt COSANO,https://cdn.tgdd.vn/Products/Images/60/211904/op-lung-iphone-11-nhua-deo-silicone-felt-cosano-do-1-1-600x600.jpg
op-lung-iphone-11-cung-vien-deo-srtg270-meo-trang,Ốp lưng iPhone 11 Nhựa cứng viền dẻo COSANO SRTG270 Mèo,https://cdn.tgdd.vn/Products/Images/60/211909/op-lung-iphone-11-cung-vien-deo-srtg270-meo-trang-1-1-600x600.jpg
op-lung-iphone-11-nhua-deo-noble-nake-jm-nude,Ốp lưng iPhone 11 Nhựa dẻo Noble Nake JM,https://cdn.tgdd.vn/Products/Images/60/212053/op-lung-iphone-11-nhua-deo-noble-nake-jm-nude-1-1-600x600.jpg
op-lung-iphone-11-nhua-cung-vien-deo-glass-cam,Ốp lưng iPhone 11 Nhựa cứng viền dẻo Glass Print JM,https://cdn.tgdd.vn/Products/Images/60/214813/op-lung-iphone-11-nhua-cung-vien-deo-glass-cam-1-1-600x600.jpg
op-lung-iphone-11-nhua-deo-silicone-b-clementine,Ốp lưng iPhone 11 Nhựa dẻo LIQUID SILICONE B JM Clementine,https://cdn.tgdd.vn/Products/Images/60/214822/op-lung-iphone-11-nhua-deo-silicone-b-clementine-1-600x600.jpg
op-lung-iphone-11-nhua-deo-jelly-silicone-jm-do,Ốp lưng iPhone 11 Nhựa dẻo Jelly Silicone JM,https://cdn.tgdd.vn/Products/Images/60/218228/op-lung-iphone-11-nhua-deo-jelly-silicone-jm-do-1-600x600.jpg
op-lung-iphone-11-nhua-deo-contrast-silicone-jm-mi,Ốp lưng iPhone 11 Nhựa dẻo CONTRAST SILICONE JM,https://cdn.tgdd.vn/Products/Images/60/218281/op-lung-iphone-11-nhua-deo-contrast-silicone-jm-mi-1-600x600.jpg
op-iphone-11-nhua-cung-no-border-pc-meo-den,Ốp lưng iPhone 11 Nhựa cứng No border PC with printing MEEKER Mèo,https://cdn.tgdd.vn/Products/Images/60/218500/op-lung-iphone-11-nhua-cung-no-border-pc-with-prin-1-600x600.jpg
bao-da-galaxy-s20-nap-gap-clear-view-samsung-den,Bao da nắp gập Galaxy S20 Clear View Samsung,https://cdn.tgdd.vn/Products/Images/60/219035/bao-da-galaxy-s20-nap-gap-clear-view-samsung-den-thumb-600x600.jpg
op-lung-iphone-11-nhua-deo-tpu-pvc-bracelet-metal,Ốp lưng iPhone 11 Nhựa dẻo TPU PVC bracelet metal ring MEEKER,https://cdn.tgdd.vn/Products/Images/60/235470/op-lung-iphone-11-nhua-deo-tpu-pvc-bracelet-metal-1-600x600.jpg
op-iphone-13-pro-nhua-deo-tpu-case-cosano,Ốp lưng iPhone 13 Pro Nhựa dẻo Back Stand TPU Case COSANO,https://cdn.tgdd.vn/Products/Images/60/250955/op-iphone-13-pro-nhua-deo-tpu-case-cosano-ava-600x600.jpg
op-iphone-13-pro-max-cung-vien-deo-tpu-pc-case-cosano,Ốp lưng iPhone 13 Pro Max Nhựa cứng viền dẻo Twill TPU PC Case COSANO,https://cdn.tgdd.vn/Products/Images/60/250968/op-iphone-13-cung-vien-deo-tpu-pc-case-cosano-ava-600x600.jpg
op-iphone-13-pro-max-nhua-deo-dorado-jm-nau,Ốp lưng iPhone 13 Pro Max Nhựa dẻo DORADO JM,https://cdn.tgdd.vn/Products/Images/60/251121/op-iphone-13-pro-max-nhua-deo-dorado-jm-nau-ava-600x600.jpg
op-iphone-13-nhua-deo-jelly-carbon-jm-hong,Ốp lưng iPhone 13 Nhựa dẻo JELLY CARBON JM,https://cdn.tgdd.vn/Products/Images/60/251124/op-iphone-13-nhua-deo-jelly-carbon-jm-hong-ava-1-600x600.jpg
op-lung-iphone-13-nhua-deo-moline-jm-den-trong,Ốp lưng iPhone 13 Nhựa dẻo MOLINE JM,https://cdn.tgdd.vn/Products/Images/60/251148/op-lung-iphone-13-nhua-deo-moline-jm-den-trong-ava-600x600.jpg
op-lung-iphone-13-nhua-deo-h-shock-tpu-jm-den,Ốp lưng iPhone 13 Nhựa dẻo H SHOCK TPU JM,https://cdn.tgdd.vn/Products/Images/60/251152/op-lung-iphone-13-nhua-deo-h-shock-tpu-jm-den-ava-600x600.jpg
op-lung-iphone-13-pro-max-silicon-osmia,Ốp lưng iPhone 13 Pro Max Silicone OSMIA,https://cdn.tgdd.vn/Products/Images/60/252269/op-lung-iphone-13-pro-max-silicon-osmia-081021-033110-600x600.jpg
op-iphone-13-pro-max-nhua-deo-matte-20s-osmia-do,Ốp lưng iPhone 13 Pro Max Nhựa dẻo Matte-20s OSMIA,https://cdn.tgdd.vn/Products/Images/60/252830/op-iphone-13-pro-max-nhua-deo-matte-20s-osmia-do--600x600.jpg
op-lung-iphone-13-pro-max-nhua-deo-rainbow-osmia,Ốp lưng iPhone 13 Pro Max Nhựa Dẻo Rainbow OSMIA,https://cdn.tgdd.vn/Products/Images/60/253063/op-lung-iphone-13-pro-max-nhua-deo-rainbow-osmia-cau-vong-151021-024850-600x600.jpg
op-iphone-13-pro-nhua-deo-rainbow-osmia-cau-vong,Ốp lưng iPhone 13 Pro Nhựa Dẻo Rainbow OSMIA,https://cdn.tgdd.vn/Products/Images/60/253068/op-lung-iphone-13-pro-nhua-deo-rainbow-osmia-cau-vong-151021-024347-600x600.jpg
op-iphone-13-nhua-deo-jelly-tpu-meeker-xanh-den,Ốp lưng iPhone 13 Nhựa dẻo Jelly TPU MEEKER,https://cdn.tgdd.vn/Products/Images/60/253552/op-iphone-13-nhua-deo-jelly-tpu-meeker-xanh-den-1.-600x600.jpg
op-13-pro-max-deo-fresh-soft-feeling-tpu-cosano,Ốp lưng iPhone 13 Pro Max Nhựa dẻo Fresh Soft Feeling TPU COSANO,https://cdn.tgdd.vn/Products/Images/60/256508/op-13-pro-max-deo-fresh-soft-feeling-tpu-cosano-1.-600x600.jpg
op-ip-13-pro-deo-magnetic-candy-silicone-jm-xanh,Ốp lưng iPhone 13 Pro Nhựa dẻo Magnetic Candy Silicone JM,https://cdn.tgdd.vn/Products/Images/60/256525/op-ip-13-pro-deo-magnetic-candy-silicone-jm-xanh-1.-600x600.jpg
op-13-pro-max-nhua-cung-vien-deo-arden-osmia,Ốp lưng iPhone 13 Pro Max Nhựa cứng viền dẻo Arden OSMIA,https://cdn.tgdd.vn/Products/Images/60/265783/op-13-pro-max-nhua-cung-vien-deo-arden-osmia-1.-600x600.jpg
op-lung-iphone-13-nhua-deo-i-shaped-cosano,Ốp lưng iPhone 13 Nhựa dẻo I Shaped COSANO,https://cdn.tgdd.vn/Products/Images/60/265860/op-lung-iphone-13-nhua-deo-i-shaped-cosano-1.-600x600.jpg
op-iphone-13-pro-max-nhua-deo-clear-beauty-cosano,Ốp lưng iPhone 13 Pro Max Nhựa cứng viền dẻo Clear Beauty COSANO,https://cdn.tgdd.vn/Products/Images/60/265868/op-iphone-13-pro-max-nhua-deo-clear-beauty-cosano-1-600x600.jpg
op-iphone-13-pro-max-nhua-gradient-fresh-cosano,Ốp lưng iPhone 13 Pro Max Nhựa dẻo Gradient Fresh COSANO,https://cdn.tgdd.vn/Products/Images/60/265870/op-iphone-13-pro-max-nhua-gradient-fresh-cosano-1.-600x600.jpg
op-lung-iphone-13-pro-max-nhua-deo-tpu-injection-kingxbar,Ốp lưng iPhone 13 Pro Max Nhựa dẻo TPU Injection Kingxbar,https://cdn.tgdd.vn/Products/Images/60/269380/op-lung-iphone-13-pro-max-nhua-deo-tpu-injection-kingxbar-1.-600x600.jpg
op-lung-samsung-galaxy-s21-fe-nhua-deo,Ốp lưng Galaxy S21 FE Nhựa dẻo Samsung,https://cdn.tgdd.vn/Products/Images/60/269387/op-lung-samsung-galaxy-s21-fe-nhua-deo-1.-600x600.jpg
op-samsung-galaxy-s21-fe-nhua-deo-clear-strap,Ốp lưng Galaxy S21 FE Nhựa dẻo Clear Strap Samsung,https://cdn.tgdd.vn/Products/Images/60/269390/op-samsung-galaxy-s21-fe-nhua-deo-clear-strap-1.-600x600.jpg
op-lung-nap-gap-galaxy-z-flip4-kem-vong-deo-samsung-trong,Ốp lưng nắp gập Galaxy Z Flip4 Nhựa dẻo kèm vòng đeo Samsung,https://cdn.tgdd.vn/Products/Images/60/286952/op-lung-nap-gap-galaxy-z-flip4-kem-vong-deo-samsung-trong-thumb-600x600.jpg
op-lung-magsafe-iphone-14-plus-silicone-uniq-hybrid-lino-chinh-hang,Ốp lưng Magsafe iPhone 14 Plus Silicone UniQ Hybrid Lino,https://cdn.tgdd.vn/Products/Images/60/291747/op-lung-magsafe-iphone-14-plus-silicone-uniq-hybrid-lino-chinh-hang-thumb-600x600.jpg
op-lung-iphone-14-pro-max-nhua-deo-ducth-tpu-jm,Ốp lưng iPhone 14 Pro Max Nhựa dẻo DUCTH TPU JM,https://cdn.tgdd.vn/Products/Images/60/292012/op-lung-iphone-14-pro-max-nhua-deo-ducth-tpu-jm-thumb1-600x600.jpeg
op-lung-galaxy-s23-5g-flexield-nhua-deo-tpu-araree-den-trong,Ốp lưng Galaxy S23 Nhựa dẻo ARAREE FLEXIELD,https://cdn.tgdd.vn/Products/Images/60/302247/op-lung-galaxy-s23-5g-flexield-nhua-deo-tpu-araree-den-trong-thumb-600x600.jpg
op-lung-galaxy-s23-plus-5g-silicone-samsung-xanh-la,Ốp lưng Galaxy S23+ Silicone Samsung,https://cdn.tgdd.vn/Products/Images/60/302444/op-lung-galaxy-s23-plus-5g-silicone-samsung-xanh-la-thumb-5-600x600.jpg
op-lung-iphone-13-pro-nhua-cung-vien-deo-laut-fog-grey-huex,Ốp lưng iPhone 13 Pro Nhựa cứng viền dẻo Laut HUEX,https://cdn.tgdd.vn/Products/Images/60/306323/op-lung-iphone-13-pro-nhua-cung-vien-deo-laut-fog-grey-huex-tb-600x600.jpg
op-lung-iphone-13-pro-nhua-cung-vien-deo-laut-white-huex-ink,Ốp lưng iPhone 13 Pro Nhựa cứng viền dẻo Laut HUEX INK,https://cdn.tgdd.vn/Products/Images/60/306335/op-lung-iphone-13-pro-nhua-cung-vien-deo-laut-white-huex-ink-tb-600x600.jpg
op-lung-iphone-13-pro-nhua-cung-vien-deo-laut-rainbow-huex-ink,Ốp lưng iPhone 13 Pro Nhựa cứng viền dẻo Laut HUEX INK,https://cdn.tgdd.vn/Products/Images/60/306336/op-lung-iphone-13-pro-nhua-cung-vien-deo-laut-rainbow-huex-inktb-600x600.jpg
op-lung-iphone-14-nhua-deo-da-pu-laut-black-lines-motif,Ốp lưng iPhone 14 Nhựa dẻo Da PU Laut MOTIF,https://cdn.tgdd.vn/Products/Images/60/306435/op-lung-iphone-14-nhua-deo-da-pu-laut-black-lines-motif-tb-600x600.jpg
op-lung-iphone-14-nhua-deo-da-pu-laut-black-hearts-motif,Ốp lưng iPhone 14 Nhựa dẻo Da PU Laut MOTIF,https://cdn.tgdd.vn/Products/Images/60/306437/op-lung-iphone-14-nhua-deo-da-pu-laut-black-hearts-motif-tb-600x600.jpg
op-lung-iphone-14-nhua-cung-vien-deo-laut-pearl-holo,Ốp lưng iPhone 14 Nhựa cứng viền dẻo Laut HOLO,https://cdn.tgdd.vn/Products/Images/60/306440/op-lung-iphone-14-nhua-cung-vien-deo-laut-pearl-holo-tb-600x600.jpg
op-lung-magsafe-iphone-14-nhua-cung-vien-deo-laut-black-crystal-matter,Ốp lưng MagSafe iPhone 14 Nhựa cứng viền dẻo Laut Crystal Matter,https://cdn.tgdd.vn/Products/Images/60/306441/op-lung-iphone-14-nhua-cung-vien-deo-laut-black-crystal-matter-thumb-600x600.jpg
op-lung-magsafe-iphone-14-plus-nhua-cung-vien-deo-laut-black-crystal-matter,Ốp lưng MagSafe iPhone 14 Plus Nhựa cứng viền dẻo Laut Crystal Matter,https://cdn.tgdd.vn/Products/Images/60/306442/op-lung-iphone-14-plus-nhua-cung-vien-deo-laut-black-crystal-matter-tb-600x600.jpg
op-lung-iphone-14-pro-nhua-deo-da-pu-laut-black-heart-motif,Ốp lưng iPhone 14 Pro Nhựa dẻo Da PU Laut MOTIF,https://cdn.tgdd.vn/Products/Images/60/306486/op-lung-iphone-14-pro-nhua-deo-da-pu-laut-black-heart-motif-tb-600x600.jpg
op-lung-iphone-14-pro-nhua-cung-vien-deo-laut-navy-shield,Ốp lưng iPhone 14 Pro Nhựa cứng viền dẻo Laut SHIELD,https://cdn.tgdd.vn/Products/Images/60/306490/op-lung-iphone-14-pro-nhua-cung-vien-deo-laut-navy-shield-tb-600x600.jpg
op-lung-iphone-14-pro-max-nhua-deo-da-pu-laut-pink-heart-motif,Ốp lưng iPhone 14 Pro Max Nhựa dẻo Da PU Laut MOTIF Chính hãng,https://cdn.tgdd.vn/Products/Images/60/306529/op-lung-iphone-14-pro-max-nhua-deo-da-pu-laut-pink-heart-motif-tb-600x600.jpg
op-lung-iphone-13-pro-nhua-cung-vien-deo-switcheasy-carbon-black-aero,Ốp lưng iPhone 13 Pro Nhựa cứng viền dẻo SwitchEasy AERO,https://cdn.tgdd.vn/Products/Images/60/306744/op-lung-iphone-13-pro-nhua-cung-vien-deo-switcheasy-carbon-black-aero-tb-600x600.jpg
op-lung-iphone-13-pro-nhua-cung-vien-deo-switcheasy-transparent-starfield,Ốp lưng iPhone 13 Pro Nhựa cứng viền dẻo SwitchEasy Starfield,https://cdn.tgdd.vn/Products/Images/60/306750/op-lung-iphone-13-pro-nhua-cung-vien-deo-switcheasy-transparent-starfield-tb-600x600.jpg
op-lung-iphone-13-pro-max-nhua-cung-vien-deo-switcheasy-carbon-black-aero,Ốp lưng iPhone 13 Pro Max Nhựa cứng viền dẻo SwitchEasy AERO Chính hãng,https://cdn.tgdd.vn/Products/Images/60/306757/op-lung-iphone-13-pro-max-nhua-cung-vien-deo-switcheasy-carbon-black-aero-tb-600x600.jpg
op-lung-magsafe-iphone-14-nhua-cung-vien-deo-switcheasy-transparent-crush-m,Ốp lưng MagSafe iPhone 14 Nhựa cứng viền dẻo SwitchEasy Crush M,https://cdn.tgdd.vn/Products/Images/60/306765/op-lung-magsafe-iphone-14-nhua-cung-vien-deo-switcheasy-transparent-crush-m-thumb-600x600.jpg
op-lung-iphone-14-nhua-cung-vien-deo-switcheasy-transparent-crush,Ốp lưng iPhone 14 Nhựa cứng viền dẻo SwitchEasy Crush,https://cdn.tgdd.vn/Products/Images/60/306766/op-lung-iphone-14-nhua-cung-vien-deo-switcheasy-transparent-crush-thumb-600x600.jpg
op-lung-magsafe-iphone-14-nhua-cung-vien-deo-switcheasy-transparent-mageasy-alos,Ốp lưng MagSafe iPhone 14 Nhựa cứng viền dẻo SwitchEasy MagEasy Alos,https://cdn.tgdd.vn/Products/Images/60/306783/op-lung-iphone-14-nhua-cung-vien-deo-switcheasy-transparent-mageasy-alos-600x600.jpg
op-lung-iphone-14-nhua-cung-vien-deo-switcheasy-twilight-starfield,Ốp lưng iPhone 14 Nhựa cứng viền dẻo SwitchEasy Starfield Chính hãng,https://cdn.tgdd.vn/Products/Images/60/306789/op-lung-iphone-14-nhua-cung-vien-deo-switcheasy-twilight-starfield-thumb-600x600.jpg
op-lung-iphone-14-nhua-cung-vien-deo-switcheasy-sakura-artist,Ốp lưng iPhone 14 Nhựa cứng viền dẻo SwitchEasy Artist,https://cdn.tgdd.vn/Products/Images/60/306790/op-lung-iphone-14-nhua-cung-vien-deo-switcheasy-sakura-artist-600x600.jpg
op-lung-iphone-14-plus-nhua-cung-vien-deo-switcheasy-asanoha-artist,Ốp lưng iPhone 14 Plus Nhựa cứng viền dẻo SwitchEasy Artist,https://cdn.tgdd.vn/Products/Images/60/306800/op-lung-iphone-14-plus-nhua-cung-vien-deo-switcheasy-asanoha-artist-600x600.jpg
op-lung-iphone-14-plus-nhua-cung-vien-deo-switcheasy-sakura-artist,Ốp lưng iPhone 14 Plus Nhựa cứng viền dẻo SwitchEasy Artist,https://cdn.tgdd.vn/Products/Images/60/306803/op-lung-iphone-14-plus-nhua-cung-vien-deo-switcheasy-sakura-artist-thumb-600x600.jpg
op-lung-iphone-14-plus-nhua-cung-vien-deo-switcheasy-galaxy-starfield,Ốp lưng iPhone 14 Plus Nhựa cứng viền dẻo SwitchEasy Starfield,https://cdn.tgdd.vn/Products/Images/60/306805/op-lung-iphone-14-plus-nhua-cung-vien-deo-switcheasy-galaxy-starfield-thumb-600x600.jpg
op-magsafe-iphone14pro-nhua-cung-vien-deo-switcheasy-transparent-starfieldm,Ốp lưng MagSafe iPhone 14 Pro Nhựa cứng viền dẻo SwitchEasy Starfield M,https://cdn.tgdd.vn/Products/Images/60/306810/op-magsafe-iphone14pro-nhua-cung-vien-deo-switcheasy-transparent-starfieldm-thumb-600x600.jpg
op-lung-iphone-14-pro-nhua-cung-vien-deo-switcheasy-transparent-starfield,Ốp lưng iPhone 14 Pro Nhựa cứng viền dẻo SwitchEasy Starfield,https://cdn.tgdd.vn/Products/Images/60/306879/op-lung-iphone-14-pro-nhua-cung-vien-deo-switcheasy-transparent-starfield-thumb-600x600.jpg
op-lung-iphone-14-pro-nhua-cung-vien-deo-switcheasy-transparent-crush,Ốp lưng iPhone 14 Pro Nhựa cứng viền dẻo SwitchEasy Crush,https://cdn.tgdd.vn/Products/Images/60/306880/op-lung-iphone-14-pro-nhua-cung-vien-deo-switcheasy-transparent-crush-thumb-600x600.jpg
op-lung-iphone-14-pro-nhua-cung-vien-deo-switcheasy-sakura-artist,Ốp lưng iPhone 14 Pro Nhựa cứng viền dẻo SwitchEasy Artist,https://cdn.tgdd.vn/Products/Images/60/306881/op-lung-iphone-14-pro-nhua-cung-vien-deo-switcheasy-sakura-artist-thumb-600x600.jpg
op-lung-iphone-14-pro-nhua-cung-vien-deo-switcheasy-twilight-starfield,Ốp lưng iPhone 14 Pro Nhựa cứng viền dẻo SwitchEasy Starfield,https://cdn.tgdd.vn/Products/Images/60/306884/op-lung-iphone-14-pro-nhua-cung-vien-deo-switcheasy-twilight-starfield-thumb-600x600.jpg
op-lung-iphone-14-pro-nhua-cung-vien-deo-switcheasy-asanoha-artist,Ốp lưng iPhone 14 Pro Nhựa cứng viền dẻo SwitchEasy Artist,https://cdn.tgdd.vn/Products/Images/60/306885/op-lung-iphone-14-pro-nhua-cung-vien-deo-switcheasy-asanoha-artist-thumb-600x600.jpg
op-lung-iphone-14-pro-max-nhua-cung-vien-deo-switcheasy-frozen-starfield,Ốp lưng iPhone 14 Pro Max Nhựa cứng viền dẻo SwitchEasy Starfield Chính hãng,https://cdn.tgdd.vn/Products/Images/60/306888/op-lung-iphone-14-pro-max-nhua-cung-vien-deo-switcheasy-frozen-starfield-thumb-600x600.jpg
op-iphone-13-pro-nhua-cung-vien-deo-da-pu-uniq-electric-blue-hybrid-magsafe,Ốp lưng MagSafe iPhone 13 Pro Nhựa cứng viền dẻo da PU UNIQ HYBRID,https://cdn.tgdd.vn/Products/Images/60/307152/op-iphone-13-pro-nhua-cung-vien-deo-da-pu-uniq-electric-blue-hybrid-magsafe-1.-600x600.jpg
op-lung-iphone-13-pro-silicone-uniq-ink-black-hybrid-lino-liquid,Ốp lưng iPhone 13 Pro Silicone UNIQ HYBRID LINO Liquid,https://cdn.tgdd.vn/Products/Images/60/307198/op-lung-iphone-13-pro-silicone-uniq-ink-black-hybrid-lino-liquid-1.-600x600.jpg
op-lung-iphone-13-pro-nhua-cung-vien-deo-uniq-hunter-green-hybrid-combat,Ốp lưng iPhone 13 Pro Nhựa cứng viền dẻo UNIQ HYBRID COMBAT Chính hãng,https://cdn.tgdd.vn/Products/Images/60/307217/op-lung-iphone-13-pro-nhua-cung-vien-deo-uniq-hunter-green-hybrid-combat-1.-600x600.jpg
op-lung-iphone-14-nhua-cung-vien-deo-uniq-crystal-clear-hybrid-combat,Ốp lưng iPhone 14 Nhựa cứng viền dẻo UNIQ HYBRID COMBAT,https://cdn.tgdd.vn/Products/Images/60/307568/op-lung-iphone-14-nhua-cung-vien-deo-uniq-crystal-clear-hybrid-combat-1.-600x600.jpg
op-lung-iphone-14-nhua-cung-vien-deo-uniq-tinsel-lucent-lifepro-xtreme,Ốp lưng iPhone 14 Nhựa cứng viền dẻo UNIQ LIFEPRO XTREME,https://cdn.tgdd.vn/Products/Images/60/307573/op-lung-iphone-14-nhua-cung-vien-deo-uniq-tinsel-lucent-lifepro-xtreme-1.-600x600.jpg
op-lung-iphone-14-silicone-uniq-blush-pink-hybrid-lino-liquid,Ốp lưng iPhone 14 Silicone UNIQ HYBRID LINO Liquid,https://cdn.tgdd.vn/Products/Images/60/307600/op-lung-iphone-14-silicone-uniq-blush-pink-hybrid-lino-liquid-1.-600x600.jpg
op-lung-iphone-14-plus-nhua-cung-vien-deo-uniq-tinsel-lucent-lifepro-xtreme,Ốp lưng iPhone 14 Plus Nhựa cứng viền dẻo UNIQ LIFEPRO XTREME,https://cdn.tgdd.vn/Products/Images/60/307633/op-lung-iphone-14-plus-nhua-cung-vien-deo-uniq-tinsel-lucent-lifepro-xtreme-1.-600x600.jpg
op-lung-iphone-14-pro-nhua-cung-vien-deo-uniq-tinsel-lucent-lifepro-xtreme,Ốp lưng iPhone 14 Pro Nhựa cứng viền dẻo UNIQ LIFEPRO XTREME,https://cdn.tgdd.vn/Products/Images/60/307696/op-lung-iphone-14-pro-nhua-cung-vien-deo-uniq-tinsel-lucent-lifepro-xtreme-thumb-600x600.jpg
op-lung-iphone-14-pro-nhua-cung-vien-deo-uniq-spring-pink-coehl,Ốp lưng iPhone 14 Pro Nhựa cứng viền dẻo UNIQ COEHL,https://cdn.tgdd.vn/Products/Images/60/307700/op-lung-iphone-14-pro-nhua-cung-vien-deo-uniq-spring-pink-coehl-thumb-600x600.jpg
op-lung-iphone-14-pro-nhua-cung-vien-deo-uniq-dusk-blue-coehl,Ốp lưng iPhone 14 Pro Nhựa cứng viền dẻo UNIQ COEHL,https://cdn.tgdd.vn/Products/Images/60/307701/op-lung-iphone-14-pro-nhua-cung-vien-deo-uniq-dusk-blue-coehl-thumb-600x600.jpg
op-lung-iphone-14-pro-nhua-cung-vien-deo-uniq-aramid-smoke-hybrid-combat,Ốp lưng iPhone 14 Pro Nhựa cứng viền dẻo UNIQ HYBRID COMBAT Chính hãng,https://cdn.tgdd.vn/Products/Images/60/307710/op-lung-iphone-14-pro-nhua-cung-vien-deo-uniq-aramid-smoke-hybrid-combat-thumb-600x600.jpg
op-lung-iphone-14-pro-nhua-cung-vien-deo-uniq-stardust-coehl,Ốp lưng iPhone 14 Pro Nhựa cứng viền dẻo UNIQ COEHL,https://cdn.tgdd.vn/Products/Images/60/307711/op-lung-iphone-14-pro-nhua-cung-vien-deo-uniq-stardust-coehl-thumb-600x600.jpg
op-lung-galaxy-a54-nhua-cung-vien-deo-pure-ii-printing-jm,Ốp lưng Galaxy A54 Nhựa cứng viền dẻo Pure II Printing JM,https://cdn.tgdd.vn/Products/Images/60/312601/op-lung-galaxy-a54-nhua-cung-vien-deo-pure-ii-printing-jm-thumb-600x600.jpg
op-lung-magsafe-iphone-15-promax-nhua-cung-pc-laut-crystal-matter-x-crystal,Ốp lưng MagSafe iPhone 15 Pro Max Nhựa cứng PC LAUT CRYSTAL MATTER X,https://cdn.tgdd.vn/Products/Images/60/314856/op-lung-magsafe-iphone-15-promax-nhua-cung-pc-laut-crystal-matter-x-crystal-thumb-600x600.jpg
op-lung-magsafe-iphone-15-pro-max-nhua-deo-tpu-laut-huex-protect-grey,Ốp lưng Magsafe iPhone 15 Pro Max Nhựa dẻo TPU LAUT HUEX PROTECT,https://cdn.tgdd.vn/Products/Images/60/314910/op-lung-magsafe-iphone-15-pro-max-nhua-deo-tpu-laut-huex-protect-grey-thumb-600x600.jpg
op-lung-iphone-15-pro-nhua-deo-tpu-uniq-hybrid-air-fender-id-transparent,Ốp lưng iPhone 15 Pro Nhựa dẻo TPU UNIQ HYBRID Air Fender ID,https://cdn.tgdd.vn/Products/Images/60/314917/op-lung-iphone-15-pro-nhua-deo-tpu-uniq-hybrid-air-fender-id-transparent-thumb-600x600.jpg
op-lung-iphone-15-pro-nhua-deo-iml-uniq-coehl-linear-stardust,Ốp lưng iPhone 15 Pro Nhựa dẻo IML UNIQ COEHL LINEAR,https://cdn.tgdd.vn/Products/Images/60/314985/op-lung-iphone-15-pro-nhua-deo-iml-uniq-coehl-linear-stardust-thumb-600x600.jpg
op-magsafe-iphone-15-pro-max-silicone-uniq-hybrid-lino-hue-liquid-grey,Ốp lưng MagSafe iPhone 15 Pro Max Silicone UNIQ HYBRID MAGCLICK CHARGING LINO HUE Liquid,https://cdn.tgdd.vn/Products/Images/60/314992/op-magsafe-iphone-15-pro-max-silicone-uniq-hybrid-lino-hue-liquid-grey-thumb-600x600.jpg
op-magsafe-iph15-pro-max-silicone-uniq-hybrid-lino-hue-liquid-chalk-grey,Ốp lưng MagSafe iPhone 15 Pro Max Silicone UNIQ HYBRID MAGCLICK CHARGING LINO HUE Liquid,https://cdn.tgdd.vn/Products/Images/60/314994/op-magsafe-iph15-pro-max-silicone-uniq-hybrid-lino-hue-liquid-chalk-grey-thumb-600x600.jpg
op-magsafe-iphone-15-pro-max-nhua-deo-iml-uniq-coehl-dazze-azure-blue,Ốp lưng MagSafe iPhone 15 Pro Max Nhựa dẻo IML UNIQ COEHL MAGNETIC CHARGING DAZZE,https://cdn.tgdd.vn/Products/Images/60/314997/op-magsafe-iphone-15-pro-max-nhua-deo-iml-uniq-coehl-dazze-azure-blue-thumb-600x600.jpg
op-lung-galaxy-a34-nhua-cung-vien-deo-jm-crystal-pure,Ốp lưng Galaxy A34 Nhựa cứng viền dẻo JM CRYSTAL PURE,https://cdn.tgdd.vn/Products/Images/60/315020/op-lung-galaxy-a34-nhua-cung-vien-deo-jm-crystal-pure-thumb-600x600.jpg
op-lung-iphone-15-pro-nhua-cung-vien-deo-spigen-ultra-hybrid-acs06707,Ốp lưng iPhone 15 Pro Nhựa cứng viền dẻo Spigen Ultra Hybrid ACS06707,https://cdn.tgdd.vn/Products/Images/60/315374/op-lung-iphone-15-pro-nhua-cung-vien-deo-spigen-ultra-hybrid-acs06707-thumb-600x600.jpg
op-lung-iphone-15-pro-max-nhua-cung-vien-deo-spigen-ultra-hybrid-acs06570,Ốp lưng iPhone 15 Pro Max Nhựa cứng viền dẻo Spigen Ultra Hybrid ACS06570,https://cdn.tgdd.vn/Products/Images/60/315376/op-lung-iphone-15-pro-max-nhua-cung-vien-deo-spigen-ultra-hybrid-acs06570-thumb-600x600.jpg
op-lung-magsafe-iphone-15-nhua-cung-vien-deo-tgvis-grace-neon-orange,Ốp lưng Magsafe iPhone 15 Nhựa cứng viền dẻo TGVIS GRACE NEON,https://cdn.tgdd.vn/Products/Images/60/315769/op-lung-magsafe-iphone-15-nhua-cung-vien-deo-tgvis-grace-neon-orange-thumb-600x600.jpg
op-magsafe-iphone-15-nhua-cung-vien-deo-tgvis-space-explore-silver,Ốp lưng Magsafe iPhone 15 Nhựa cứng viền dẻo TGVIS SPACE EXPLORE,https://cdn.tgdd.vn/Products/Images/60/315778/op-magsafe-iphone-15-nhua-cung-vien-deo-tgvis-space-explore-silver-thumb-600x600.jpg
op-lung-iphone-15-pro-nhua-cung-vien-deo-tgvis-art-series-white,Ốp lưng iPhone 15 Pro Nhựa cứng viền dẻo TGVIS ART SERIES,https://cdn.tgdd.vn/Products/Images/60/315785/op-lung-iphone-15-pro-nhua-cung-vien-deo-tgvis-art-series-white-thumb-600x600.jpg
op-lung-magsafe-iphone-15-pro-nhua-cung-vien-deo-jinya-t-stand-clear,Ốp lưng MagSafe iPhone 15 Pro Nhựa cứng viền dẻo JINYA T-STAND,https://cdn.tgdd.vn/Products/Images/60/315797/op-lung-magsafe-iphone-15-pro-nhua-cung-vien-deo-jinya-t-stand-clear-thumb-600x600.jpg
op-lung-magsafe-iphone-15-pro-max-nhua-cung-vien-deo-jinya-t-stand-clear,Ốp lưng MagSafe iPhone 15 Pro Max Nhựa cứng viền dẻo JINYA T-STAND,https://cdn.tgdd.vn/Products/Images/60/315798/op-lung-magsafe-iphone-15-pro-max-nhua-cung-vien-deo-jinya-t-stand-clear-thumb-600x600.jpg
op-lung-iphone-15-pro-max-nhua-cung-pc-araree-nukin-clear-matt,Ốp lưng iPhone 15 Pro Max Nhựa cứng PC Araree NUKIN,https://cdn.tgdd.vn/Products/Images/60/316790/op-lung-iphone-15-pro-max-nhua-cung-pc-araree-nukin-clear-matt-thumb-600x600.jpg
op-lung-magsafe-iphone-15-pro-max-nhua-cung-pc-araree-aero-frame-dark-green,Ốp lưng MagSafe iPhone 15 Pro Max Nhựa cứng PC Araree AERO FRAME,https://cdn.tgdd.vn/Products/Images/60/316795/op-lung-magsafe-iphone-15-pro-max-nhua-cung-pc-araree-aero-frame-dark-green-thumb-600x600.jpg
op-lung-galaxy-a05-nhua-deo-tpu-samsung-trong,Ốp lưng Galaxy A05 Nhựa dẻo TPU Samsung,https://cdn.tgdd.vn/Products/Images/60/317173/op-lung-galaxy-a05-nhua-deo-tpu-samsung-trong-thumb-600x600.jpg
op-lung-galaxy-s22-ultra-nhua-deo-tpu-araree-flexield-trong,Ốp lưng Galaxy S22 Ultra Nhựa dẻo TPU ARAREE FLEXIELD,https://cdn.tgdd.vn/Products/Images/60/317683/op-lung-galaxy-s22-ultra-nhua-deo-tpu-araree-flexield-trong-thumb-600x600.jpg
op-magsafe-ip15pm-nhua-cung-vien-deo-uniq-hybrid-lifepro-af-iridescent,Ốp lưng MagSafe iPhone 15 Pro Max Nhựa cứng viền dẻo UNIQ HYBRID MAGCLICK CHARGING LIFEPRO XTREME (AF),https://cdn.tgdd.vn/Products/Images/60/319250/op-magsafe-ip15pm-nhua-cung-vien-deo-uniq-hybrid-lifepro-af-iridescent-thum-600x600.jpg
op-lung-magsafe-iphone-15-pro-max-da-pu-alu-uniq-coehl-muse-dusty-nude,Ốp lưng MagSafe iPhone 15 Pro Max Da PU Alu UNIQ COEHL MAGNETIC CHARGING MUSE,https://cdn.tgdd.vn/Products/Images/60/319254/op-lung-magsafe-iphone-15-pro-max-da-pu-alu-uniq-coehl-muse-dusty-nude-thumb-600x600.jpg
op-lung-galaxy-a35-nhua-cung-pc-samsung,Ốp lưng Galaxy A35 Nhựa cứng PC Samsung,https://cdn.tgdd.vn/Products/Images/60/323065/op-lung-galaxy-a35-nhua-cung-pc-samsung-thumb-600x600.jpg
op-lung-magsafe-iphone-15-pro-max-nhua-cung-vien-deo-uniq-hybrid-magclick-charging-combat-af-black,Ốp lưng MagSafe iPhone 15 Pro Max Nhựa cứng viền dẻo UNIQ HYBRID MAGCLICK CHARGING COMBAT (AF),https://cdn.tgdd.vn/Products/Images/60/325391/op-lung-iphone-15-pro-max-nhua-cung-vien-deo-uniq-hybrid-magclick-charging-combat-af-black-thumb-600x600.jpg
op-lung-iphone-15-pro-max-nhua-deo-tpu-laut-huex-dark-blue,Ốp lưng iPhone 15 Pro Max Nhựa dẻo TPU LAUT HUEX,https://cdn.tgdd.vn/Products/Images/60/325402/op-lung-iphone-15-pro-max-nhua-deo-tpu-laut-huex-dark-blue-thumb-600x600.jpeg
tam-the-galaxy-z-flip6-flipsuit,Tấm thẻ Galaxy Z Flip6 Flipsuit,https://cdn.tgdd.vn/Products/Images/60/328052/tam-the-galaxy-z-flip6-flipsuit-thumb-600x600.jpg
op-lung-iphone-16-pro-max-crystal-flex-spigen,Ốp lưng iPhone 16 Pro Max Nhựa TPU SPIGEN Crystal Flex ACS08027,https://cdnv2.tgdd.vn/mwg-static/tgdd/Products/Images/60/330320/op-lung-iphone-16-pro-max-crystal-flex-spigen-thumb-638632355337651333-600x600.jpg
op-lung-iphone-16-pro-max-ultra-hybrid-magfit-zero-one-spigen,Ốp lưng MagSafe iPhone 16 Pro Max nhựa cứng viền dẻo SPIGEN Ultra Hybrid MagFit Zero One,https://cdnv2.tgdd.vn/mwg-static/tgdd/Products/Images/60/330325/op-lung-iphone-16-pro-max-ultra-hybrid-magfit-zero-one-spigen-thumb-638640931829300676-600x600.jpg
op-lung-iphone-16-pro-max-parallax-mag-spigen,Ốp lưng MagSafe iPhone 16 Pro Max SPIGEN Matte Parallax Mag,https://cdnv2.tgdd.vn/mwg-static/tgdd/Products/Images/60/330326/op-lung-iphone-16-pro-max-parallax-mag-spigen-thumb-638633275841451324-600x600.jpg
op-lung-iphone-15-pro-max-coehl-magnetic-charging-creme-liquid-silicone-alu-uniq,Ốp lưng MagSafe iPhone 15 Pro Max Liquid Silicone Alu UNIQ COEHL MAGNETIC CHARGING CREME,https://cdnv2.tgdd.vn/mwg-static/tgdd/Products/Images/60/330330/op-lung-iphone-15-pro-max-coehl-magnetic-charging-creme-liquid-silicone-alu-uniq-thumb-638629793637713723-600x600.jpg
op-lung-iphone-15-pro-coehl-prairie-nhua-deo-iml-uniq,Ốp lưng iPhone 15 Pro Nhựa dẻo IML UNIQ COEHL PRAIRIE,https://cdnv2.tgdd.vn/mwg-static/tgdd/Products/Images/60/330331/op-lung-iphone-15-pro-coehl-prairie-nhua-deo-iml-uniq-thumb-638629796393995365-600x600.jpg
op-lung-iphone-15-pro-coehl-magnetic-charging-linear-nhua-deo-iml-uniq,Ốp lưng MagSafe iPhone 15 Pro COEHL nhựa dẻo IML UNIQ MAGNETIC CHARGING LINEAR,https://cdnv2.tgdd.vn/mwg-static/tgdd/Products/Images/60/330332/op-lung-iphone-15-pro-coehl-magnetic-charging-linear-nhua-deo-iml-uniq-thumb-638629797709540331-600x600.jpg
op-lung-iphone-15-pro-coehl-magnetic-charging-lumino-nhua-deo-iml-uniq,Ốp lưng MagSafe iPhone 15 Pro COEHL Nhựa dẻo IML UNIQ MAGNETIC CHARGING LUMINO,https://cdnv2.tgdd.vn/mwg-static/tgdd/Products/Images/60/330333/op-lung-iphone-15-pro-coehl-magnetic-charging-lumino-nhua-deo-iml-uniq-thumb-638629798676383356-600x600.jpg
op-lung-iphone-15-pro-coehl-magnetic-charging-dazze-nhua-deo-iml-uniq,Ốp lưng MagSafe iPhone 15 Pro Nhựa dẻo IML UNIQ COEHL MAGNETIC CHARGING DAZZE,https://cdnv2.tgdd.vn/mwg-static/tgdd/Products/Images/60/330334/op-lung-iphone-15-pro-coehl-magnetic-charging-dazze-nhua-deo-iml-uniq-thumb-638629799636738786-600x600.jpg
op-lung-iphone-15-pro-coehl-magnetic-charging-muse-da-pu-alu-uniq,Ốp lưng MagSafe iPhone 15 Pro Da PU Alu UNIQ COEHL MAGNETIC CHARGING MUSE,https://cdnv2.tgdd.vn/mwg-static/tgdd/Products/Images/60/330335/op-lung-iphone-15-pro-coehl-magnetic-charging-muse-da-pu-alu-uniq-260924-084043-999-600x600.jpg
op-lung-iphone-15-pro-coehl-magnetic-charging-creme-liquid-silicone-alu-uniq,Ốp lưng MagSafe iPhone 15 Pro Liquid Silicone Alu UNIQ COEHL MAGNETIC CHARGING CREME,https://cdnv2.tgdd.vn/mwg-static/tgdd/Products/Images/60/330336/op-lung-iphone-15-pro-coehl-magnetic-charging-creme-liquid-silicone-alu-uniq-thumb-638629801612865707-600x600.jpg
op-lung-magsafe-iphone-14-pro-nhua-cung-mg-002?utm_flashsale=1,Ốp lưng MagSafe iPhone 14 Pro nhựa cứng MG-002,https://cdnv2.tgdd.vn/mwg-static/tgdd/Products/Images/60/333149/op-lung-magsafe-iphone-14-pro-nhua-cung-mg-002-thumb-638835243638959525-600x600.jpg
op-lung-magsafe-iphone-14-pro-max-nhua-cung-mg-002,Ốp lưng MagSafe iPhone 14 Pro Max nhựa cứng MG-002,https://cdnv2.tgdd.vn/mwg-static/tgdd/Products/Images/60/333150/op-lung-magsafe-iphone-14-pro-max-nhua-cung-mg-002-thumb-638835243242817658-600x600.jpg
op-lung-magsafe-iphone-15-pro-max-nhua-cung-mg-002,Ốp lưng MagSafe iPhone 15 Pro Max nhựa cứng MG-002,https://cdnv2.tgdd.vn/mwg-static/tgdd/Products/Images/60/333151/op-lung-magsafe-iphone-15-pro-max-nhua-cung-mg-002-thumb-638835242923117903-600x600.jpg
op-lung-magsafe-iphone-15-pro-nhua-cung-mg-002?utm_flashsale=1,Ốp lưng MagSafe iPhone 15 Pro nhựa cứng MG-002,https://cdnv2.tgdd.vn/mwg-static/tgdd/Products/Images/60/333152/op-lung-magsafe-iphone-15-pro-nhua-cung-mg-002-thumb-638835242615699317-600x600.jpg
op-lung-magsafe-iphone-16-pro-max-nhua-cung-mg-002,Ốp lưng MagSafe iPhone 16 Pro Max nhựa cứng MG-002,https://cdnv2.tgdd.vn/mwg-static/tgdd/Products/Images/60/333153/op-lung-magsafe-iphone-16-pro-max-nhua-cung-mg-002-thumb-638835242052846252-600x600.jpg
op-lung-magsafe-iphone-16-pro-nhua-cung-mg-002?utm_flashsale=1,Ốp lưng MagSafe iPhone 16 Pro nhựa cứng MG-002,https://cdnv2.tgdd.vn/mwg-static/tgdd/Products/Images/60/333154/op-lung-magsafe-iphone-16-pro-nhua-cung-mg-002-thumb-638835241595409611-600x600.jpg
op-lung-magsafe-iphone-14-pro-nhua-cung-mg-001?utm_flashsale=1,Ốp lưng MagSafe iPhone 14 Pro nhựa cứng MG-001,https://cdnv2.tgdd.vn/mwg-static/tgdd/Products/Images/60/333155/op-lung-magsafe-iphone-14-pro-nhua-cung-mg-001-thumb-638835240918164458-600x600.jpg
op-lung-magsafe-iphone-14-pro-max-nhua-cung-mg-001,Ốp lưng MagSafe iPhone 14 Pro Max nhựa cứng MG-001,https://cdnv2.tgdd.vn/mwg-static/tgdd/Products/Images/60/333156/op-lung-magsafe-iphone-14-pro-max-nhua-cung-mg-001-thumb-638835240441721158-600x600.jpg
op-lung-magsafe-iphone-15-pro-max-nhua-cung-mg-001,Ốp lưng MagSafe iPhone 15 Pro Max nhựa cứng MG-001,https://cdnv2.tgdd.vn/mwg-static/tgdd/Products/Images/60/333157/op-lung-magsafe-iphone-15-pro-max-nhua-cung-mg-001-thumb-638835240018275232-600x600.jpg
op-lung-magsafe-iphone-15-pro-nhua-cung-mg-001?utm_flashsale=1,Ốp lưng MagSafe iPhone 15 Pro nhựa cứng MG-001,https://cdnv2.tgdd.vn/mwg-static/tgdd/Products/Images/60/333158/op-lung-magsafe-iphone-15-pro-nhua-cung-mg-001-thumb-638835239456499033-600x600.jpg
op-lung-magsafe-iphone-16-pro-max-nhua-cung-mg-001,Ốp lưng MagSafe iPhone 16 Pro Max nhựa cứng MG-001,https://cdnv2.tgdd.vn/mwg-static/tgdd/Products/Images/60/333159/op-lung-magsafe-iphone-16-pro-max-nhua-cung-mg-001-thumb-638835239025019090-600x600.jpg
op-lung-magsafe-iphone-16-pro-nhua-cung-mg-001?utm_flashsale=1,Ốp lưng MagSafe iPhone 16 Pro nhựa cứng MG-001,https://cdnv2.tgdd.vn/mwg-static/tgdd/Products/Images/60/333160/op-lung-magsafe-iphone-16-pro-nhua-cung-mg-001-thumb-638835238399167969-600x600.jpg
op-lung-galaxy-s25-plus-nhua-pc-tpu-samsung-flipsuit,Ốp lưng Galaxy S25+ Nhựa PC TPU Samsung Flipsuit,https://cdnv2.tgdd.vn/mwg-static/tgdd/Products/Images/60/334211/op-lung-galaxy-s25-plus-nhua-pc-tpu-samsung-flipsuit-thumb-638731978546078195-600x600.jpg
op-lung-magsafe-galaxy-s25-ultra-nhua-deo-tpu-samsung-x-spigen-enzo-aramid-den,Ốp lưng MagSafe Galaxy S25 Ultra Nhựa dẻo TPU Samsung x Spigen Enzo Aramid,https://cdnv2.tgdd.vn/mwg-static/tgdd/Products/Images/60/334407/op-lung-magsafe-galaxy-s25-ultra-nhua-deo-tpu-samsung-x-spigen-enzo-aramid-den-thumb-638747400347871090-600x600.jpg
op-lung-magsafe-iphone-16-pro-max-pc-tpu-mipow-mgb16d-cr,Ốp lưng MagSafe iPhone 16 Pro Max PC TPU Mipow MGB16D-CR,https://cdnv2.tgdd.vn/mwg-static/tgdd/Products/Images/60/337148/op-lung-magsafe-iphone-16-pro-max-pc-tpu-mipow-mgb16d-cr-thumb-638811112519780407-600x600.jpg
bao-da-galaxy-tab-a9-plus-samsung-chinh-hang,Bao da Galaxy Tab A9+ Samsung,https://cdn.tgdd.vn/Products/Images/1662/318357/bao-da-galaxy-tab-a9-plus-samsung-chinh-hang-thumb-600x600.jpg
bao-da-galaxy-tab-s9-samsung-kem-ban-phim-ai,Bao da Galaxy Tab S9/ Tab S9 FE/ Tab S10 FE Samsung kèm bàn phím AI,https://cdnv2.tgdd.vn/mwg-static/tgdd/Products/Images/1662/330741/bao-da-galaxy-tab-s9-samsung-kem-ban-phim-ai-thumb-638646261701213852-600x600.jpg
bao-da-nap-gap-ipad-10-tpu-pu-esr-rebound-magnetic-den,Bao da nắp gập A16/ iPad 10 TPU PU ESR Rebound Magnetic,https://cdnv2.tgdd.vn/mwg-static/tgdd/Products/Images/1662/335129/bao-da-nap-gap-ipad-10-tpu-pu-esr-rebound-magnetic-den-thumb-638767697821190593-600x600.jpg
bao-da-galaxy-tab-a9-samsung-chinh-hang,Bao da Galaxy Tab A9 Samsung,https://cdn.tgdd.vn/Products/Images/1662/318358/bao-da-galaxy-tab-a9-samsung-chinh-hang-thumb-600x600.jpg
bao-da-galaxy-tab-s9-samsung-thong-minh-den,Bao da Galaxy Tab S9/ Tab S9 FE/ Tab S10 FE Samsung Thông minh,https://cdn.tgdd.vn/Products/Images/1662/312394/op-lung-galaxy-tab-s9-nhua-cung-da-pu-samsung-smart-book-den-thumb-600x600.jpg
bao-da-nap-gap-ipad-air-6-11-inch-2024-nhua-pc-da-pu-esr-magnetic-rebound,Bao da nắp gập iPad Air 6 11 inch 2024/ Air 11 2025 Nhựa PC da PU ESR Magnetic Rebound,https://cdnv2.tgdd.vn/mwg-static/tgdd/Products/Images/1662/333349/bao-da-nap-gap-ipad-air-6-11-inch-2024-nhua-pc-da-pu-esr-magnetic-rebound-thumb-638702072589244007-600x600.jpg
bao-da-ipad-mini-7-2024-magnetic-rebound-tpu-pu-esr,Bao da iPad mini 7 2024 Magnetic Rebound TPU PU ESR,https://cdnv2.tgdd.vn/mwg-static/tgdd/Products/Images/1662/337146/bao-da-ipad-mini-7-2024-magnetic-rebound-tpu-pu-esr-thumb-638811135829458292-600x600.jpg
bao-da-galaxy-tab-s9-samsung-kem-ban-phim-ai-pad-chuot,Bao da Galaxy Tab S9/ Tab S9 FE/ Tab S10 FE Samsung kèm bàn phím AI (Pad chuột),https://cdnv2.tgdd.vn/mwg-static/tgdd/Products/Images/1662/330740/bao-da-galaxy-tab-s9-samsung-kem-ban-phim-ai-pad-chuot-thumb-638646238852486941-600x600.jpg
bao-da-nap-gap-ipad-pro-11-inch-2024-nhua-pc-da-pu-esr-magnetic-rebound,Bao da nắp gập iPad Pro 11 inch 2024 Nhựa PC da PU ESR Magnetic Rebound,https://cdnv2.tgdd.vn/mwg-static/tgdd/Products/Images/1662/333350/bao-da-nap-gap-ipad-pro-11-inch-2024-nhua-pc-da-pu-esr-magnetic-rebound-thumb-638702071433026956-600x600.jpg
bao-da-galaxy-tab-s10-fe-samsung-kem-ban-phim-ai,Bao da nắp gập Galaxy Tab S10 FE+ Samsung kèm bàn phím AI,https://cdnv2.tgdd.vn/mwg-static/tgdd/Products/Images/1662/336831/bao-da-galaxy-tab-s10-fe-samsung-kem-ban-phim-ai-thumb-638799662946847861-600x600.jpg
bao-da-ipad-air-6-11-inch-uniq-camden-click-ivory,Bao da nắp gập iPad Air 6 11 inch UNIQ CAMDEN CLICK,https://cdn.tgdd.vn/Products/Images/1662/326787/bao-da-ipad-air-6-uniq-camden-click-ivory-thumb-1-600x600.jpg
op-lung-ipad-a16-ipad-10-pu-pc-tpu-ava-plus-oc-logi-stand,Ốp lưng iPad A16/iPad 10 PU PC TPU AVA+ OC LOGI STAND,https://cdnv2.tgdd.vn/mwg-static/tgdd/Products/Images/1662/339262/op-lung-ipad-a16-ipad-10-pu-pc-tpu-ava-plus-oc-logi-stand-thumb-638853265928661769-600x600.jpg
bao-da-nap-gap-ipad-pro-11-inch-2024-nhua-tpu-da-pu-uniq-ryze-360,Bao da nắp gập iPad Pro 11 inch 2024 Nhựa TPU da PU UNIQ RYZE 360,https://cdn.tgdd.vn/Products/Images/1662/327529/bao-da-nap-gap-ipad-pro-11-inch-2024-nhua-tpu-da-pu-uniq-ryze-360-thumb-600x600.jpg
op-lung-ipad-mini-6-proud-jm-hong,Bao da nắp gập iPad Mini 6 PROUD JM,https://cdn.tgdd.vn/Products/Images/1662/256522/op-lung-ipad-mini-6-proud-jm-hong-1.-600x600.jpg
bao-da-smart-folio-cho-ipad-pro-m4-11-inch,Bao da Smart Folio cho iPad Pro M4 11 inch,https://cdn.tgdd.vn/Products/Images/1662/325750/bao-da-smart-folio-cho-ipad-pro-m4-11-inch-thumb-1-600x600.jpg
bao-da-nap-gap-ipad-air-6-11-inch-nhua-tpu-da-pu-uniq-ryze-360,Bao da nắp gập iPad Air 6 11 inch 2024 Nhựa TPU da PU UNIQ RYZE 360,https://cdn.tgdd.vn/Products/Images/1662/327528/bao-da-nap-gap-ipad-air-6-11-inch-nhua-tpu-da-pu-uniq-ryze-360-thumb-1-600x600.jpg
bao-da-nap-gap-ipad-10-uniq-camden-northern-blue,Bao da nắp gập iPad A16/ iPad 10 UniQ Camden,https://cdn.tgdd.vn/Products/Images/1662/321657/bao-da-nap-gap-ipad-10-nhua-cung-pc-uniq-camden-northern-blue-thumb-600x600.jpg
bao-da-ipad-pro-11-icnh-2024-nhua-tpu-da-pu-jcpal-slimflex-folio,Bao da iPad Pro 11 icnh 2024 Nhựa TPU Da PU JCPAL SlimFlex Folio,https://cdnv2.tgdd.vn/mwg-static/tgdd/Products/Images/1662/334047/bao-da-ipad-pro-11-icnh-2024-nhua-tpu-da-pu-jcpal-slimflex-folio-thumb-638727939474440569-600x600.jpg
bao-da-ipad-11-ipad-10-tpu-pu-jcpal-flexa,Bao da iPad A16/ iPad 10 TPU PU JCPAL Flexa,https://cdnv2.tgdd.vn/mwg-static/tgdd/Products/Images/1662/336377/bao-da-ipad-11-ipad-10-tpu-pu-jcpal-flexa-thumb-638798094354858759-600x600.jpg
bao-da-galaxy-tab-s10-plus-samsung-kem-ban-phim-ai,Bao da Galaxy Tab S10+/ Tab S9+/Tab S9 FE+ Samsung kèm bàn phím AI,https://cdnv2.tgdd.vn/mwg-static/tgdd/Products/Images/1662/330739/bao-da-galaxy-tab-s10-plus-samsung-kem-ban-phim-ai-thumb-638646043527481888-600x600.jpg
bao-da-nap-gap-galaxy-tab-s10-fe-plus-samsung-thong-minh,Bao da nắp gập Galaxy Tab S10 FE+ Samsung Thông minh,https://cdnv2.tgdd.vn/mwg-static/tgdd/Products/Images/1662/336808/bao-da-nap-gap-galaxy-tab-s10-fe-samsung-thong-minh-thumb-638798934329701060-600x600.jpg
bao-da-ipad-11-ipad-10-pu-pc-tpu-uniq-moven,Bao da iPad A16/ iPad 10 PU PC TPU UNIQ MOVEN,https://cdnv2.tgdd.vn/mwg-static/tgdd/Products/Images/1662/338155/bao-da-ipad-11-ipad-10-pu-pc-tpu-uniq-moven-thumb-638829926146455126-600x600.jpg
bao-da-galaxy-tab-s10-samsung-kem-ban-phim-ai-pad-chuot,Bao da Galaxy Tab S10+/ Tab S9+/Tab S9 FE+ Samsung kèm bàn phím AI (Pad chuột),https://cdnv2.tgdd.vn/mwg-static/tgdd/Products/Images/1662/330738/bao-da-galaxy-tab-s10-samsung-kem-ban-phim-ai-pad-chuot-thumb-638645844705488302-600x600.jpg
bao-da-apple-ipad-mini-7-smart-folio-mau-xam-mc2q4,Bao da Apple iPad mini 7 Smart Folio MC2Q4,https://cdnv2.tgdd.vn/mwg-static/tgdd/Products/Images/1662/332136/bao-da-apple-ipad-mini-7-smart-folio-mau-xam-mc2q4-thumb-638684785618904618-600x600.jpg
bao-da-ipad-10-nhua-tpu-da-pu-jcpal-flexa,Bao da iPad A16/ iPad 10 Nhựa TPU Da PU JCPAL Flexa,https://cdnv2.tgdd.vn/mwg-static/tgdd/Products/Images/1662/334048/bao-da-ipad-10-nhua-tpu-da-pu-jcpal-flexa-thumb-638767800103801470-600x600.jpg
op-ipad-pro-129-inch-2021-cung-deo-carbon-proud-jm,Bao da nắp gập iPad Pro 12.9 inch Carbon Proud JM,https://cdn.tgdd.vn/Products/Images/1662/243099/op-ipad-pro-129-inch-2021-cung-deo-carbon-proud-jm-1-600x600.jpg
bao-da-ipad-air-6-13-inch-uniq-camden-click-ivory,Bao da nắp gập iPad Air 6 13 inch UNIQ CAMDEN CLICK,https://cdn.tgdd.vn/Products/Images/1662/326790/bao-da-ipad-air-6-13-inch-uniq-camden-click-ivory-thumb-600x600.jpg
bao-da-apple-smart-folio-ipad-11,Bao da Apple Smart Folio iPad 11,https://cdnv2.tgdd.vn/mwg-static/tgdd/Products/Images/1662/335493/bao-da-apple-smart-folio-ipad-11-thumb-638835117738338324-600x600.jpg
bao-da-nap-gap-ipad-air-6-11-inch-nhua-tpu-da-pu-laut-prestige-folio-mg,Bao da nắp gập iPad Air 6 11 inch 2024 Nhựa TPU da PU LAUT PRESTIGE FOLIO MG,https://cdn.tgdd.vn/Products/Images/1662/327544/bao-da-nap-gap-ipad-air-6-11-inch-nhua-tpu-da-pu-laut-prestige-folio-mg-thumb-600x600.jpg
bao-da-galaxy-tab-s10-ultra-samsung-kem-ban-phim-ai-pad-chuot,Bao da Galaxy Tab S10 Ultra Samsung kèm bàn phím AI (Pad chuột),https://cdnv2.tgdd.vn/mwg-static/tgdd/Products/Images/1662/330736/bao-da-galaxy-tab-s10-ultra-samsung-kem-ban-phim-ai-pad-chuot-thumb-638645242166945766-600x600.jpg
bao-da-ipad-air-6-11-inch-2024-nhua-tpu-da-pu-jcpal-slimflex-folio,Bao da iPad Air 6 11 inch 2024 Nhựa TPU Da PU JCPAL SlimFlex Folio,https://cdnv2.tgdd.vn/mwg-static/tgdd/Products/Images/1662/334045/bao-da-ipad-air-6-11-inch-2024-nhua-tpu-da-pu-jcpal-slimflex-folio-nau-thumb-638727330857616366-600x600.jpg
bao-da-galaxy-tab-s10-fe-samsung-kem-ban-phim-ai-trackpad,Bao da nắp gập Galaxy Tab S10 FE+ Samsung kèm bàn phím AI (Trackpad),https://cdnv2.tgdd.vn/mwg-static/tgdd/Products/Images/1662/336830/bao-da-galaxy-tab-s10-fe-samsung-kem-ban-phim-ai-trackpad-thumb-638799651343637997-600x600.jpg
bao-da-galaxy-tab-s9-ultra-samsung-thong-minh-den,Bao da Galaxy Tab S9 Ultra/ Tab S10 Ultra Samsung Thông minh,https://cdn.tgdd.vn/Products/Images/1662/312391/op-lung-galaxy-tab-s9-ultra-nhua-cung-da-pu-samsung-smart-book-den-160823-102817-600x600.jpg
bao-da-galaxy-tab-s9-plus-samsung-thong-minh-den,Bao da Galaxy Tab S9+/ Tab S9 FE+/ Tab S10+ Samsung Thông minh,https://cdn.tgdd.vn/Products/Images/1662/312393/op-lung-galaxy-tab-s9-plus-nhua-cung-da-pu-samsung-smart-book-den-thumb-600x600.jpg
bao-da-smart-folio-cho-ipad-pro-m4-13-inch,Bao da Smart Folio cho iPad Pro M4 13 inch,https://cdn.tgdd.vn/Products/Images/1662/325751/bao-da-smart-folio-cho-ipad-pro-m4-13-inch-thumb-1-1-600x600.jpg
bao-da-ipad-pro-11-inch-uniq-camden-click-rhino-grey,Bao da nắp gập iPad Pro 11 inch UNIQ CAMDEN CLICK,https://cdn.tgdd.vn/Products/Images/1662/326788/bao-da-ipad-pro-11-inch-uniq-camden-click-rhino-grey-thumb-600x600.jpg
bao-da-nap-gap-ipad-air-6-13-inch-nhua-pc-da-pu-laut-huex-folio,Bao da nắp gập iPad Air 6 13 inch 2024 Nhựa PC da PU LAUT HUEX FOLIO,https://cdn.tgdd.vn/Products/Images/1662/327545/bao-da-nap-gap-ipad-air-6-13-inch-nhua-pc-da-pu-laut-huex-folio-den-thumb-600x600.jpg
bao-da-galaxy-tab-s10-ultra-samsung-kem-ban-phim-ai,Bao da Galaxy Tab S10 Ultra Samsung kèm bàn phím AI,https://cdnv2.tgdd.vn/mwg-static/tgdd/Products/Images/1662/330737/bao-da-galaxy-tab-s10-ultra-samsung-kem-ban-phim-ai-thumb-638645254532892618-600x600.jpg
bao-da-ipad-pro-13-inch-2024-magnetic-rebound-tpu-pu-esr,Bao da iPad Pro 13 inch 2024 Magnetic Rebound TPU PU ESR,https://cdnv2.tgdd.vn/mwg-static/tgdd/Products/Images/1662/337147/bao-da-ipad-pro-13-inch-2024-magnetic-rebound-tpu-pu-esr-thumb-638811741085026495-600x600.jpg
bao-da-ipad-11-ipad-10-pu-pc-uniq-camden-click,Bao da iPad A16/ iPad 10 PU PC UNIQ CAMDEN CLICK,https://cdnv2.tgdd.vn/mwg-static/tgdd/Products/Images/1662/338154/bao-da-ipad-11-ipad-10-pu-pc-uniq-camden-click-thumb-638829903488002197-600x600.jpg
op-lung-ipad-pro-129-2021-nhua-deo-armour-jm-den,Bao da nắp gập iPad Pro 12.9 inch Armour JM,https://cdn.tgdd.vn/Products/Images/1662/245258/op-lung-ipad-pro-121-600x600.jpg
bao-da-smart-folio-cho-ipad-air-m2-11-inch,Bao da Smart Folio cho iPad Air M2 11 inch,https://cdn.tgdd.vn/Products/Images/1662/325752/bao-da-smart-folio-cho-ipad-air-m2-11-inch-thumb-1-600x600.jpg
bao-da-smart-folio-cho-ipad-air-m2-13-inch,Bao da Smart Folio cho iPad Air M2 13 inch,https://cdn.tgdd.vn/Products/Images/1662/325753/bao-da-smart-folio-cho-ipad-air-m2-13-inch-thumb-600x600.jpeg
bao-da-ipad-pro-13-inch-uniq-camden-click-rhino-grey,Bao da nắp gập iPad Pro 13 inch UNIQ CAMDEN CLICK,https://cdn.tgdd.vn/Products/Images/1662/326789/bao-da-ipad-pro-13-inch-uniq-camden-click-rhino-grey-thumb-600x600.jpg
bao-da-nap-gap-ipad-air-6-11-inch-nhua-pc-da-pu-laut-huex-folio,Bao da nắp gập iPad Air 6 11 inch 2024 Nhựa PC da PU LAUT HUEX FOLIO,https://cdn.tgdd.vn/Products/Images/1662/327539/bao-da-nap-gap-ipad-air-6-11-inch-nhua-pc-da-pu-laut-huex-folio-den-thumb-600x600.jpg
bao-da-nap-gap-ipad-pro-13-inch-2024-nhua-tpu-da-pu-laut-prestige-folio-mg,Bao da nắp gập iPad Pro 13 inch 2024 Nhựa TPU da PU LAUT PRESTIGE FOLIO MG,https://cdn.tgdd.vn/Products/Images/1662/327549/bao-da-nap-gap-ipad-pro-13-inch-2024-nhua-tpu-da-pu-laut-prestige-folio-mg-thumb-600x600.jpg
op-lung-ipad-2021-102-moster-jm-gold,Bao da nắp gập iPad 10.2 inch MOSTER JM,https://cdn.tgdd.vn/Products/Images/1662/258034/op-lung-ipad-2021-102-moster-jm-gold-1.-600x600.jpg
op-lung-nap-gap-ipad-pro-11-inch-2021-shock-x-jm,Bao da nắp gập iPad Pro 11 inch SHOCK X JM,https://cdn.tgdd.vn/Products/Images/1662/269372/op-lung-nap-gap-ipad-pro-11-inch-2021-shock-x-jm-1.-600x600.jpg
op-lung-ipad-pro-11-inch-nhua-cung-vien-deo-carbon-proud-jm-navy,Ốp lưng iPad Pro 11 inch Nhựa cứng viền dẻo Carbon Proud JM,https://cdn.tgdd.vn/Products/Images/1662/318556/op-lung-ipad-pro-11-inch-nhua-cung-vien-deo-carbon-proud-jm-navy-thumb-600x600.jpg
op-lung-ipad-pro-11-inch-nhua-deo-armour-jm-den,Ốp lưng iPad Pro 11 inch Nhựa dẻo Armour JM,https://cdn.tgdd.vn/Products/Images/1662/318557/op-lung-ipad-pro-11-inch-nhua-deo-armour-jm-den-thumb-600x600.jpg
bao-da-ipad-10-moven-uniq-charcoal-grey,Bao da iPad A16/ iPad 10 UNIQ MOVEN,https://cdn.tgdd.vn/Products/Images/1662/326780/bao-da-ipad-10-moven-uniq-charcoal-grey-thumb-600x600.jpg
bao-da-nap-gap-ipad-air-6-13-inch-nhua-tpu-da-pu-laut-prestige-folio-mg,Bao da nắp gập iPad Air 6 13 inch 2024 Nhựa TPU da PU LAUT PRESTIGE FOLIO MG,https://cdn.tgdd.vn/Products/Images/1662/327546/bao-da-nap-gap-ipad-air-6-13-inch-nhua-tpu-da-pu-laut-prestige-folio-mg-thumb-600x600.jpg
bao-da-nap-gap-ipad-pro-11-inch-2024-nhua-tpu-da-pu-laut-prestige-folio-mg,Bao da nắp gập iPad Pro 11 inch 2024 Nhựa TPU da PU LAUT PRESTIGE FOLIO MG,https://cdn.tgdd.vn/Products/Images/1662/327548/bao-da-nap-gap-ipad-pro-11-inch-2024-nhua-tpu-da-pu-laut-prestige-folio-mg-thumb-600x600.jpg
bao-da-nap-gap-ipad-pro-12-9-inch-esr-rebound-hybrid-360-black,Bao da nắp gập iPad Pro 12.9 inch ESR Rebound Hybrid 360,https://cdn.tgdd.vn/Products/Images/1662/310059/bao-da-nap-gap-ipad-pro-12-9-inch-esr-rebound-hybrid-360-black-thumb-600x600.jpg
bao-da-ipad-air-10-9-uniq-camden-antimicrobial-peony-pink,Bao da nắp gập iPad Air 10.9 UNIQ CAMDEN ANTIMICROBIAL,https://cdn.tgdd.vn/Products/Images/1662/326777/bao-da-ipad-air-10-9-uniq-camden-antimicrobial-peony-pink-thumb-1-600x600.jpg
bao-da-ipad-air-10-9-uniq-camden-antimicrobial-northern-blue,Bao da nắp gập iPad Air 10.9 UNIQ CAMDEN ANTIMICROBIAL,https://cdn.tgdd.vn/Products/Images/1662/326778/bao-da-ipad-air-10-9-uniq-camden-antimicrobial-northern-blue-thumb-600x600.jpg
bao-da-nap-gap-ipad-air-6-13-inch-nhua-tpu-da-pu-uniq-ryze-360,Bao da nắp gập iPad Air 6 13 inch 2024 Nhựa TPU da PU UNIQ RYZE 360,https://cdn.tgdd.vn/Products/Images/1662/327530/bao-da-nap-gap-ipad-air-6-13-inch-nhua-tpu-da-pu-uniq-ryze-360-thumb-600x600.jpg
