id_product,name_product,description
op-lung-iphone-16-pro-max-nhua-cung-vien-deo-bayer-ii-jm-trong?utm_flashsale=1,Ốp lưng iPhone 16 Pro Max nhựa cứng viền dẻo JM Bayer II,"Ốp lưng iPhone 16 Pro Max nhựa cứng viền dẻo JM Bayer II dành cho mang đến sự kết hợp hoàn hảo giữa khả năng bảo vệ vượt trội và tính thẩm mỹ tinh tế. Với mặt lưng được chế tạo từ chất liệu nhựa cứng cao cấp, ốp lưng không chỉ bảo vệ điện thoại khỏi va đập, trầy xước mà còn giữ được độ trong suốt, giúp tôn lên vẻ đẹp và màu sắc vốn có của iPhone 16 Pro Max. • Ốp lưng điện thoại Apple được hoàn thiện với chất liệu nhựa cứng cùng viền được chế tác có độ dẻo để có tính đàn hồi tốt. Viền dẻo này giúp hấp thụ lực từ những cú va chạm bất ngờ, bảo vệ các cạnh và góc của điện thoại một cách hiệu quả mà vẫn giữ được cảm giác cầm nắm thoải mái và chắc chắn. • Ngoài ra, thiết kế mỏng nhẹ của ốp lưng đảm bảo rằng thiết bị của bạn không bị cồng kềnh, dễ dàng thao tác và mang theo bên mình. Các chi tiết về nút bấm, cổng sạc, và camera đều được cắt gọt chính xác, kích thước vừa vặn đối với một chiếc , giúp bạn sử dụng điện thoại một cách trơn tru và mượt mà. Xem thêm"
op-lung-iphone-16-pro-max-magsafe-nhua-cung-vien-deo-bayer-ii-jm-trong?utm_flashsale=1,Ốp lưng MagSafe iPhone 16 Pro Max nhựa cứng viền dẻo JM Bayer II,"Ốp lưng MagSafe iPhone 16 Pro Max nhựa cứng viền dẻo JM Bayer II được thiết kế với chất liệu nhựa cứng viền dẻo, mang đến sự kết hợp hoàn hảo giữa tính thẩm mỹ và bảo vệ. Sản phẩm này hứa hẹn sẽ là một lựa chọn đáng cân nhắc cho những ai muốn giữ nguyên vẻ đẹp nguyên bản của chiếc iPhone 16 đồng thời đảm bảo an toàn cho thiết bị. • Nhờ chất liệu nhựa cứng ở phần lưng, chiếc ốp lưng điện thoại JM này có khả năng chịu lực tốt, bảo vệ thiết bị bên trong khỏi các vật sắt nhọn hay va đập nhẹ thường ngày, tạo sự an tâm cho người dùng khi sử dụng smartphone ở chỗ làm, ở nhà hay kể cả khi đi công tác nhiều ngày. • Khác với những mẫu ốp lưng điện thoại chỉ sử dụng nhựa cứng toàn phần, viền dẻo của sản phẩm này mang lại sự linh hoạt khi tháo lắp và tạo cảm giác cầm nắm thoải mái hơn nhiều. Không gây cảm giác cứng nhắc hay khó chịu cho người dùng khi cầm điện thoại, phần viền dẻo này còn mang lại độ bám tốt, hạn chế tình trạng trượt tay khi sử dụng thiết bị. Xem thêm"
op-lung-iphone-16-pro-magsafe-nhua-cung-vien-deo-bayer-ii-jm-trong?utm_flashsale=1,Ốp lưng MagSafe iPhone 16 Pro nhựa cứng viền dẻo JM Bayer II,"Ốp lưng MagSafe iPhone 16 Pro nhựa cứng viền dẻo JM Bayer II mang đến sự bảo vệ tốt cho thiết bị mà vẫn giữ nguyên nét đẹp hiện đại của máy. Được thiết kế trong suốt, sản phẩm giúp khoe trọn màu sắc và kiểu dáng của iPhone mà không làm mất đi vẻ tự nhiên của iPhone 16. • Các chi tiết của ốp lưng điện thoại như các nút bấm, cổng sạc và loa đều được thiết kế vừa vặn để người dùng dễ dàng tiếp cận mà không bị cản trở. Khả năng tương thích cao với các thiết bị sạc không dây cũng là một điểm nổi bật của mẫu ốp này, đặc biệt là tính năng MagSafe, cho phép iPhone của bạn sạc pin nhanh chóng mà không ảnh hưởng đến tính thẩm mỹ của máy. • Ốp lưng iPhone 16 Pro được sản xuất từ nhựa cứng chất lượng cao, giúp bảo vệ iPhone 16 Pro trước các tác động ngoại lực như va đập hay trầy xước. Đồng thời, viền dẻo của ốp còn mang lại sự linh hoạt trong quá trình tháo lắp, giúp ốp vừa khít với điện thoại mà không làm trầy xước bề mặt của máy. Đặc tính này tạo nên sự bền bỉ và an toàn cho thiết bị trong quá trình sử dụng hàng ngày. Xem thêm"
op-lung-iphone-16-pro-max-magsafe-stand-nhua-cung-vien-deo-dim-troy-jm-trong?utm_flashsale=1,Ốp lưng MagSafe iPhone 16 Pro Max nhựa cứng viền dẻo Dim Troy JM Stand,"Ốp lưng MagSafe iPhone 16 Pro Max nhựa cứng viền dẻo Dim Troy JM Stand là một lựa chọn đáng cân nhắc cho người dùng iPhone 16 Pro Max. Thiết kế trong suốt của sản phẩm không chỉ tôn lên vẻ đẹp vốn có của máy mà còn giúp người dùng dễ dàng quan sát mặt lưng. Việc tích hợp công nghệ MagSafe vào sản phẩm, sẽ mang đến trải nghiệm sạc không dây tiện lợi, tiết kiệm thời gian cho bạn. • Được chế tác từ nhựa cứng hạn chế biến dạng, đem đến một lớp bảo vệ chắc chắn cho thiết bị. Chất liệu này vừa đủ cứng để chống chịu va đập, vừa đủ nhẹ để không làm tăng đáng kể trọng lượng của iPhone 16. Viền dẻo bao quanh hỗ trợ ôm khít thân máy, tạo cảm giác vừa vặn và thoải mái khi cầm nắm. Hai chất liệu này không chỉ đem đến độ bền cho ốp lưng điện thoại JM mà còn giúp quá trình lắp và tháo dễ dàng hơn. Xem thêm"
op-lung-iphone-16-pro-max-magsafe-nhua-cung-vien-deo-platinium-jm-xam-matte?utm_flashsale=1,Ốp lưng MagSafe iPhone 16 Pro Max nhựa cứng viền dẻo Platinium JM,"Sở hữu ốp lưng nhựa cứng viền dẻo Platinium II JM dành cho iPhone 16 Pro Max, bạn không chỉ nhận được sản phẩm bảo vệ điện thoại mà còn khẳng định phong cách thời thượng của mình. Với màu platinum sang trọng, ốp lưng này nổi bật và đẹp mắt với phối màu xám trong sang trọng giúp tôn lên vẻ đẹp của iPhone 16 Pro Max. • Chất liệu ốp lưng điện thoại từ nhựa cứng cao cấp mang đến khả năng chống va đập và trầy xước tuyệt vời, trong khi viền dẻo nổi bật với độ đàn hồi cao, giúp hấp thụ lực hiệu quả từ các cú rơi hay va chạm. • Thiết kế loại viền như này cũng tăng độ tương tác hơn với các phím bấm, đặc biệt là phím điều khiển Camera mới trên dòng iPhone 16. Xem thêm"
op-lung-magsafe-iphone-16-pro-max-nhua-trong-apple,Ốp lưng MagSafe iPhone 16 Pro Max Nhựa Trong Apple,"Ốp lưng MagSafe iPhone 16 Pro Max Nhựa Trong Apple là một lựa chọn đáng cân nhắc cho những người dùng yêu thích sự đơn giản, tinh tế và mong muốn bảo vệ chiếc điện thoại của mình một cách hiệu quả. Ốp mỏng nhẹ, ôm sát máy Với thiết kế mỏng nhẹ, chất liệu polycarbonate trong suốt và lớp phủ chống trầy hiệu quả, ốp lưng điện thoại Apple này sẽ là một lựa chọn hoàn hảo cho những ai muốn bảo vệ chiếc iPhone 16 Pro Max khỏi trầy xước và va đập nhẹ. Ngoài ra, sản phẩm này còn mang lại cảm giác cầm nắm chắc chắn và êm ái khi sử dụng. Xem thêm"
op-lung-galaxy-s25-ultra-silicone-samsung,Ốp lưng Galaxy S25 Ultra Silicone Samsung,"Ốp lưng Galaxy S25 Ultra Silicone Samsung Chính hãng là sự kết hợp hài hòa giữa thiết kế tinh tế và khả năng bảo vệ khá. Được sản xuất chính hãng bởi Samsung, chiếc ốp này không chỉ vừa vặn hoàn hảo với Galaxy S25 Ultra mà còn mang đến cảm giác cầm nắm thoải mái. • Ốp lưng Samsung Galaxy S25 Ultra mang đến trải nghiệm cầm nắm thoải mái và chắc chắn nhờ chất liệu silicone mềm mại. Bề mặt ốp lưng được thiết kế nhẵn mịn, không chỉ hạn chế dấu vân tay và bụi bẩn mà còn giúp người dùng cầm nắm Samsung Galaxy S25 Ultra 512GB dễ dàng hơn, tránh tình trạng trơn trượt. • Samsung luôn đặt trải nghiệm người dùng lên hàng đầu và điều này cũng được thể hiện rõ nét qua chiếc ốp lưng điện thoại Samsung này. Các nút bấm được thiết kế chính xác, dễ dàng thao tác, trong khi các cổng kết nối được cắt gọt tỉ mỉ, không gây bất kỳ cản trở nào trong quá trình sử dụng Samsung Galaxy S25 Ultra 1TB. Xem thêm"
op-lung-magsafe-iphone-16-pro-nhua-trong-apple,Ốp lưng MagSafe iPhone 16 Pro Nhựa Trong Apple,"Ốp lưng MagSafe iPhone 16 Pro Nhựa Trong Apple là một lựa chọn tuyệt vời cho những ai muốn bảo vệ toàn diện chiếc điện thoại của mình mà vẫn giữ được vẻ đẹp tự nhiên của iPhone 16 Pro. Với thiết kế tinh tế và chất liệu cao cấp, sản phẩm này không chỉ mang lại sự an toàn mà còn tôn lên vẻ đẹp sang trọng và phong cách của thiết bị. Chất liệu cao cấp, khoe trọn ""kiểu dáng"" Ốp lưng điện thoại được làm từ chất liệu polycarbonate quang học siêu bền, giúp tăng cường khả năng chống chịu các va đập mạnh và bảo vệ điện thoại khỏi các vết trầy xước thường gặp. Chất liệu này có độ cứng cao, nhưng vẫn đủ linh hoạt để bảo vệ iPhone khỏi những cú rơi hay va chạm không mong muốn. Lớp phủ đặc biệt bên trong và bên ngoài ốp giúp giảm thiểu nguy cơ trầy xước, đảm bảo điện thoại của bạn luôn giữ được vẻ ngoài bóng bẩy và mới mẻ. Xem thêm"
op-lung-iphone-16-pro-nhua-cung-vien-deo-bayer-ii-jm-trong?utm_flashsale=1,Ốp lưng iPhone 16 Pro nhựa cứng viền dẻo JM Bayer II,"Ốp lưng iPhone 16 Pro nhựa cứng viền dẻo JM Bayer II là giải pháp bảo vệ hoàn hảo và lựa chọn thẩm mỹ cho iPhone 16 Pro, không chỉ chống va đập mà còn mang đến sự tinh tế cho chiếc điện thoại cao cấp. Mặt lưng nhựa cứng trong suốt giúp giữ nguyên vẻ đẹp nguyên bản của iPhone 16 Pro, cho phép bạn khoe trọn màu sắc sang trọng và thiết kế hiện đại của máy. • Chất liệu nhựa cứng cùng viền được chế tác dẻo nâng cao tính đàn hồi hấp thụ lực, bảo vệ các góc và cạnh của điện thoại khỏi va đập mà còn tạo cảm giác cầm nắm êm ái và chắc chắn. Bạn sẽ không phải lo lắng về việc ốp lưng điện thoại trơn trượt khi sử dụng điện thoại hàng ngày. • Hơn nữa, màu sắc trong suốt sẽ vô cùng tinh tế trong việc khoe trọn màu sắc độc đáo đặc trưng của chiếc smartphone cao cấp của bạn. Xem thêm"
op-lung-galaxy-s25-ultra-silicone-pc-tpu-samsung,Ốp lưng Galaxy S25 Ultra Silicone PC TPU Samsung,"Ốp lưng Galaxy S25 Ultra Silicone PC TPU Samsung Chính hãng là một lựa chọn lý tưởng cho người dùng S25 Ultra, bởi sản phẩm này sở hữu độ dẻo khá và độ bền cao, vừa hạn chế gây trầy xước khi tháo lắp, vừa cho khả năng bảo vệ tốt điện thoại của bạn trong các trường hợp va đập thường ngày. • Được thiết kế dành riêng cho Samsung Galaxy S25 Ultra, sản phẩm có độ ôm sát tốt với máy, đảm bảo sự chắc chắn mà không làm ảnh hưởng đến thao tác sử dụng. Các nút bấm trên ốp cũng được thiết kế chính xác, mang đến cảm giác bấm êm ái, không gây cấn, đồng thời không cản trở khe cắm bút. • Viền camera của ốp lưng điện thoại Samsung được làm hợp lý, giúp bảo vệ cụm camera sau khỏi trầy xước khi đặt máy xuống các bề mặt phẳng mà không ảnh hưởng đến tính năng quay, chụp của . Xem thêm"
op-lung-galaxy-s25-silicone-pc-samsung-edge,Ốp lưng Galaxy S25 Edge Silicone PC Samsung,Không có mô tả
op-lung-galaxy-s25-pc-tpu-samsung-edge,Ốp lưng Galaxy S25 Edge PC TPU Samsung,Không có mô tả
op-lung-iphone-16-nhua-cung-vien-deo-laut-crystal-matter,Ốp lưng MagSafe iPhone 16 Nhựa cứng viền dẻo LAUT Crystal Matter,"Ốp lưng MagSafe iPhone 16 Nhựa cứng viền dẻo LAUT Crystal Matter mang đến sự bảo vệ tối ưu cùng tính linh hoạt đáng kể cho người dùng. Thiết kế đặc biệt với sự tích hợp của công nghệ tiên tiến giúp bảo vệ thiết bị khỏi va đập mạnh và đồng thời đem lại trải nghiệm sử dụng đa dạng. • Một trong những tính năng nổi bật của mẫu ốp lưng điện thoại Laut này là khả năng bảo vệ mạnh mẽ với công nghệ IMPKT Cell Technology. Nhờ vào lớp hấp thụ sốc tiên tiến này, ốp lưng có thể chịu được những va đập mạnh, với khả năng chống rơi từ độ cao 21 feet (tương đương 6.4 mét). Đây là sự bảo vệ vượt trội cho iPhone 16 của bạn, giúp giảm thiểu tối đa các tổn hại do va chạm, đảm bảo điện thoại luôn trong tình trạng an toàn và nguyên vẹn. • Vòng xoay từ tính MAGSPIN là một điểm nhấn độc đáo của ốp lưng iPhone 16. Với khả năng xoay 360 độ, vòng này không chỉ cung cấp khả năng cầm nắm tiện lợi mà còn có thể biến thành một chiếc giá đỡ cho điện thoại, mang đến trải nghiệm rảnh tay linh hoạt cho các hoạt động như xem phim, gọi video hay duyệt web. Xem thêm"
op-lung-magsafe-iphone-16-plus-nhua-trong-apple,Ốp lưng MagSafe iPhone 16 Plus Nhựa Trong Apple,"Ốp lưng MagSafe iPhone 16 Plus Nhựa Trong Apple là một lựa chọn hoàn hảo cho những ai tìm kiếm sự bảo vệ tối ưu mà vẫn giữ được vẻ đẹp nguyên bản của dòng iPhone 16. Với thiết kế mỏng nhẹ, ốp lưng này không chỉ tạo cảm giác cầm nắm thoải mái mà còn giúp bạn dễ dàng thao tác với thiết bị. Lớp nhựa trong bóng bẩy, tôn lên vẻ đẹp của iPhone Mẫu ốp lưng điện thoại này đã được Apple đầu tư vào từng chi tiết trong quá trình thiết kế, với mục tiêu phô diễn trọn vẹn vẻ đẹp tự nhiên của iPhone 16 Plus. Được làm từ chất liệu nhựa trong suốt, sản phẩm này giúp thiết bị không bị che khuất bởi lớp bảo vệ mà vẫn giữ được tính thẩm mỹ cao. Người dùng có thể tự hào về màu sắc và thiết kế nguyên bản của chiếc điện thoại mà không cần lo lắng về việc vẻ đẹp ấy bị che lấp. Xem thêm"
op-lung-magsafe-iphone-16-nhua-trong-apple,Ốp lưng MagSafe iPhone 16 Nhựa Trong Apple,"Ốp lưng MagSafe iPhone 16 Nhựa Trong Apple là sự lựa chọn lý tưởng cho những ai muốn bảo vệ thiết bị của mình mà không làm mất đi vẻ đẹp nguyên bản. Với thiết kế trong suốt, ốp lưng này không chỉ giúp khoe trọn màu sắc và thiết kế của iPhone, mà còn đem lại sự bảo vệ toàn diện. Ốp nhựa trong bền bỉ, hạn chế ố vàng Được chế tác từ chất liệu polycarbonate kết hợp với các thành phần dẻo, ốp lưng mang đến sự cân bằng hoàn hảo giữa tính cứng cáp và sự linh hoạt. Người dùng có thể hoàn toàn an tâm về độ bền của ốp lưng iPhone 16 khi đối mặt với các tác động hàng ngày như va đập hoặc rơi rớt. Xem thêm"
op-lung-iphone-16-plus-nhua-cung-vien-deo-laut-crystal-m,Ốp lưng MagSafe iPhone 16 Plus Nhựa cứng viền dẻo LAUT Crystal-M,"Ốp lưng MagSafe iPhone 16 Plus Nhựa cứng viền dẻo LAUT Crystal-M là sự lựa chọn hoàn hảo để bảo vệ và nâng tầm vẻ đẹp của chiếc smartphone cao cấp của bạn. Được thiết kế để cung cấp cả sự bảo vệ tối đa lẫn tính thẩm mỹ tinh tế, sản phẩm này mang đến giải pháp lý tưởng cho những người yêu thích sự đơn giản nhưng sang trọng trên một mẫu smartphone cao cấp. • Ốp lưng LAUT Crystal-M được thiết kế với độ mỏng ấn tượng và bề mặt trong suốt hoàn toàn, giúp tôn vinh vẻ đẹp tự nhiên của iPhone 16 Plus. Nhờ thiết kế siêu mỏng này, người dùng sẽ không cảm thấy cồng kềnh khi cầm nắm, mang lại cảm giác thoải mái và chắc chắn khi sử dụng điện thoại. Bên cạnh đó, mặt lưng trong suốt của ốp lưng cho phép bạn khoe trọn vẻ đẹp nguyên bản của điện thoại, đồng thời tăng thêm tính thẩm mỹ cho thiết bị của mình. Xem thêm"
op-lung-magsafe-iphone-15-pro-max-nhua-cung-vien-deo-jm-bayer-ii?utm_flashsale=1,Ốp lưng MagSafe iPhone 15 Pro Max Nhựa cứng viền dẻo JM Bayer II,Không có mô tả
op-lung-iphone-15-promax-nhua-deo-tpu-uniq-hybrid-air-fender-id-transparent,Ốp lưng iPhone 15 Pro Max Nhựa dẻo TPU UNIQ HYBRID Air Fender ID,Không có mô tả
op-magsafe-ip15-pro-nhua-cung-uniq-hybrid-magclick-combat-af-frost-grey,Ốp lưng MagSafe iPhone 15 Pro Nhựa cứng viền dẻo UNIQ HYBRID MAGCLICK CHARGING COMBAT (AF),Không có mô tả
op-lung-iphone-15-pro-max-nhua-cung-vien-deo-laut-shield-black,Ốp lưng iPhone 15 Pro Max Nhựa cứng viền dẻo LAUT SHIELD,Không có mô tả
op-lung-galaxy-a16-nhua-cung-vien-deo-jincase-jcs1601,Ốp lưng Galaxy A16 Nhựa cứng viền dẻo Jincase JCS1601,Không có mô tả
op-lung-galaxy-a06-nhua-cung-vien-deo-jcs1601-jincase,Ốp lưng Galaxy A06 Nhựa cứng viền dẻo Jincase JCS1601,Không có mô tả
op-lung-galaxy-a56-pc-tpu-ava-jcs1601,Ốp lưng Galaxy A56 PC TPU AVA+ JCS1601,Không có mô tả
op-lung-galaxy-a26-pc-tpu-ava-plus-pure-ii,Ốp lưng Galaxy A26 PC TPU AVA+ Pure II,Không có mô tả
op-lung-iphone-13-nhua-cung-vien-deo-jincase-jcs1601,Ốp lưng iPhone 13/iPhone 14 Nhựa cứng viền dẻo Jincase JCS1601,Không có mô tả
op-lung-galaxy-a36-pc-tpu-ava-jcs1601,Ốp lưng Galaxy A36 PC TPU AVA+ JCS1601,Không có mô tả
op-lung-magsafe-iphone-16-pro-max-nhua-cung-vien-deo-jm-bayer-ii-x,Ốp lưng MagSafe iPhone 16 Pro Max nhựa cứng viền dẻo JM Bayer II X,Không có mô tả
op-lung-iphone-16-pro-max-nhua-cung-vien-deo-jm-bayer-ii-x?utm_flashsale=1,Ốp lưng iPhone 16 Pro Max nhựa cứng viền dẻo JM Bayer II X,Không có mô tả
op-lung-galaxy-s24-fe-nhua-cung-vien-deo-jincase-yf9261,Ốp lưng Galaxy S24 FE Nhựa cứng viền dẻo Jincase YF9261,Không có mô tả
op-lung-galaxy-s25-ultra-nhua-cung-vien-deo-ava-yf9261,Ốp lưng Galaxy S25 Ultra Nhựa cứng viền dẻo AVA+ YF9261,Không có mô tả
op-lung-galaxy-a06-nhua-cung-vien-deo-pure-ii-jm-trong,Ốp lưng Galaxy A06 Nhựa cứng viền dẻo Pure II JM,Không có mô tả
op-lung-magsafe-iphone-16-pro-max-nhua-cung-pc-ava-jm-thin-1-2mm,Ốp lưng MagSafe iPhone 16 Pro Max nhựa cứng PC AVA+ JM Thin 1.2mm,Không có mô tả
op-lung-magsafe-iphone-15-nhua-cung-vien-deo-jm-bayer-ii,Ốp lưng MagSafe iPhone 15 Nhựa cứng viền dẻo JM Bayer II,Không có mô tả
op-lung-magsafe-iphone-16-pro-max-nhua-cung-vien-deo-jincase-jk5318x?utm_flashsale=1,Ốp lưng MagSafe iPhone 16 Pro Max Nhựa cứng viền dẻo Jincase JK5318x,Không có mô tả
op-lung-magsafe-iphone-16-pro-nhua-cung-pc-ava-jm-thin-1-2mm?utm_flashsale=1,Ốp lưng MagSafe iPhone 16 Pro nhựa cứng PC AVA+ JM Thin 1.2mm,Không có mô tả
op-lung-magsafe-iphone-16-pro-max-nhua-cung-vien-deo-jm-stand-dim-troy-x?utm_flashsale=1,Ốp lưng MagSafe iPhone 16 Pro Max nhựa cứng viền dẻo JM Stand Dim Troy X,Không có mô tả
op-lung-iphone-13-magsafe-nhua-cung-vien-deo-jincase-jcs003,Ốp lưng Magsafe iPhone 13/iPhone 14 Nhựa cứng viền dẻo Jincase JCS003,Không có mô tả
op-lung-galaxy-a26-tpu-co-khe-dung-the-samsung,Ốp lưng Galaxy A26 TPU có khe đựng thẻ Samsung,Không có mô tả
op-lung-galaxy-a56-silicone-pc-samsung,Ốp lưng Galaxy A56 Silicone PC Samsung,Không có mô tả
op-lung-magsafe-iphone-13-iphone-14-nhua-cung-pc-slim-ava-1mm-yf1182,Ốp lưng MagSafe iPhone 13/iPhone 14 nhựa cứng PC Slim AVA+ 1mm YF1182,Không có mô tả
op-lung-iphone-16-pro-max-magsafe-nhua-cung-vien-deo-jk5318-jincase-den-trong?utm_flashsale=1,Ốp lưng MagSafe iPhone 16 Pro Max Nhựa cứng viền dẻo JK5318 Jincase,"Ốp lưng iPhone 16 Pro Max Magsafe Nhựa cứng viền dẻo JK5318 Jincase là sự kết hợp hoàn hảo giữa tính năng bảo vệ và phong cách thẩm mỹ sang trọng. Sản phẩm được thiết kế từ chất liệu nhựa cứng cao cấp trong suốt, giúp tôn lên vẻ đẹp nguyên bản của iPhone 16 , cho phép bạn khoe trọn màu sắc và kiểu dáng tinh tế của thiết bị. Viền ốp lưng điện thoại màu đen nổi bật, tạo nên sự tương phản hiện đại và làm tăng thêm phần cá tính cho chiếc điện thoại. • Với khả năng tương thích hoàn hảo với công nghệ Magsafe, ốp lưng điện thoại Apple tích hợp hệ thống nam châm mạnh mẽ, giúp kết nối chắc chắn với các phụ kiện Magsafe như đế sạc, giá đỡ và ví da mà không cần tháo ốp. Chất liệu nhựa cứng trong suốt bảo vệ mặt lưng khỏi trầy xước và va đập, trong khi viền dẻo linh hoạt không chỉ tăng cường khả năng chống sốc mà còn giúp dễ dàng lắp đặt và tháo rời. Xem thêm"
op-lung-galaxy-a56-tpu-co-khe-dung-the-samsung,Ốp lưng Galaxy A56 TPU có khe đựng thẻ Samsung,Không có mô tả
op-lung-galaxy-a56-tpu-pc-samsung,Ốp lưng Galaxy A56 TPU PC Samsung,Không có mô tả
op-lung-iphone-13-iphone-14-nhua-deo-tpu-co-khe-dung-the-jincase-jk1171,Ốp lưng iPhone 13/iPhone 14 Nhựa dẻo TPU Jincase JK1171,Không có mô tả
op-lung-galaxy-a16-nhua-deo-tpu-co-khe-dung-the-samsung,Ốp lưng Galaxy A16 Nhựa dẻo TPU có khe đựng thẻ Samsung,Không có mô tả
op-lung-galaxy-a55-nhua-cung-vien-deo-jm-anti-yellow,Ốp lưng Galaxy A55 Nhựa cứng viền dẻo JM Anti Yellow,Không có mô tả
op-lung-galaxy-s24-ultra-tpu-araree-flexield,Ốp lưng Galaxy S24 Ultra TPU ARAREE FLEXIELD,Không có mô tả
op-lung-magsafe-iphone-16-pro-max-nhua-cung-vien-deo-kl6501-jincase-360-rotating-trong,Ốp lưng MagSafe iPhone 16 Pro Max Nhựa cứng viền dẻo KL6501 Jincase 360 Rotating,"Ốp lưng MagSafe iPhone 16 Pro Max KL6501 Jincase 360 Rotating là một phụ kiện đáng cân nhắc cho những ai sở hữu iPhone 16 Pro Max. Với thiết kế kết hợp giữa nhựa cứng và viền dẻo, ốp lưng không chỉ đảm bảo sự chắc chắn mà còn mang đến cảm giác thoải mái khi cầm nắm. Tính năng xoay 360 độ của chân đế là một điểm nhấn thú vị, giúp người dùng có thể điều chỉnh thiết bị ở nhiều góc độ khác nhau. • Chất liệu nhựa cứng được sử dụng cho phần lưng ốp giúp bảo vệ mặt sau của điện thoại khỏi trầy xước và va đập. Viền dẻo ôm sát các cạnh máy, tạo độ bám chắc chắn và hạn chế tình trạng rơi vỡ. Thiết kế 360 Rotating độc đáo của ốp lưng iPhone 16 Pro Max không chỉ mang tính thẩm mỹ cao mà còn rất tiện dụng trong quá trình sử dụng. Xem thêm"
op-lung-galaxy-s24-fe-silicone-samsung,Ốp lưng Galaxy S24 FE Silicone Samsung,"Ốp lưng Galaxy S24 FE Silicone Samsung là lựa chọn lý tưởng cho những ai tìm kiếm sự kết hợp giữa phong cách và sự bảo vệ. Với bảng màu đa dạng, sản phẩm mang đến sự hài hòa với thiết kế của Galaxy S24 FE, giúp bạn dễ dàng chọn lựa màu sắc phù hợp với cá tính và phong cách của mình. • Thiết kế của ốp lưng mang lại cảm giác mềm mại, dễ chịu khi cầm nắm. Nhờ chất liệu silicone chất lượng, người dùng có thể thoải mái sử dụng trong thời gian dài mà không cảm thấy khó chịu. • Không chỉ chú trọng vào thiết kế, ốp lưng Samsung còn đảm bảo khả năng bảo vệ tốt cho điện thoại. Với lớp vỏ bền bỉ, Galaxy S24 FE sẽ được bảo vệ khỏi những va chạm hoặc hao mòn trong quá trình sử dụng hàng ngày, giúp thiết bị luôn giữ được vẻ ngoài hoàn hảo. Xem thêm"
op-lung-magsafe-iphone-16-pro-max-nhua-cung-vien-deo-360-rotating-jincase-kl6501x,Ốp lưng MagSafe iPhone 16 Pro Max Nhựa cứng viền dẻo 360 Rotating Jincase KL6501x,Không có mô tả
op-lung-galaxy-m35-nhua-cung-vien-deo-pure-ii-jm,Ốp lưng Galaxy M35 Nhựa cứng viền dẻo Pure II JM,Không có mô tả
op-lung-galaxy-a15-nhua-cung-vien-deo-jincase-jcs1601,Ốp lưng Galaxy A15 Nhựa cứng viền dẻo Jincase JCS1601,Không có mô tả
op-lung-iphone-16-pro-max-magsafe-nhua-cung-vien-deo-jk5316-jincase-den-matte?utm_flashsale=1,Ốp lưng MagSafe iPhone 16 Pro Max Nhựa cứng viền dẻo Jincase JK5316,"Ốp lưng iPhone 16 Pro Max Magsafe Nhựa cứng viền dẻo JK5316 Jincase là một lựa chọn lý tưởng cho những ai yêu thích sự đơn giản nhưng không kém phần tinh tế. Với thiết kế nhựa cứng chống trầy xước, viền dẻo ôm sát máy và khả năng tương thích với sạc MagSafe, sản phẩm này không chỉ bảo vệ chiếc iPhone 16 của bạn mà còn tôn lên vẻ đẹp vốn có của máy. • Thiết kế trong suốt của ốp lưng điện thoại này không chỉ giúp tôn lên vẻ đẹp của iPhone 16 Pro Max mà còn cho phép người dùng dễ dàng quan sát màu sắc và logo đặc trưng của máy. Các chi tiết như camera, cổng sạc cùng các nút bấm cũng được làm tỉ mỉ, cho sự ôm sát vừa vặn mà không làm cấn nút, đem lại cho người dùng cảm giác cầm nắm thoải mái và thao tác hiệu quả với máy. Xem thêm"
op-lung-magsafe-iphone-15-pro-max-nhua-cung-vien-deo-jincase-stand-jcs0075,Ốp lưng MagSafe iPhone 15 Pro Max Nhựa cứng viền dẻo Jincase Stand JCS0075,Không có mô tả
op-lung-galaxy-a26-tpu-sieu-bao-ve-samsung,Ốp lưng Galaxy A26 TPU Samsung,Không có mô tả
op-lung-iphone-15-plus-nhua-deo-tpu-mipow-ultra-thin-st15b-cr,Ốp lưng iPhone 15 Plus Nhựa dẻo TPU Mipow Ultra Thin ST15B-CR,Không có mô tả
op-lung-galaxy-a35-nhua-cung-vien-deo-jincase-jcs1601,Ốp lưng Galaxy A35 Nhựa cứng viền dẻo Jincase JCS1601,Không có mô tả
op-lung-galaxy-s24-fe-nhua-cung-pc-samsung,Ốp lưng Galaxy S24 FE Nhựa cứng PC Samsung,"• Ốp lưng Galaxy S24 FE được thiết kế siêu mỏng nhẹ, giữ nguyên vẻ đẹp của máy. • Chất liệu nhựa PC bền bỉ, chống trầy xước hiệu quả, bảo vệ tối ưu khỏi va đập hàng ngày. • Từng chi tiết được cắt khoét chính xác, ốp lưng ôm sát thân máy, đảm bảo mọi cổng kết nối và nút bấm đều dễ dàng sử dụng. • Ốp lưng Samsung được thiết kế dành cho điện thoại S24 FE. Xem thêm"
op-lung-magsafe-iphone-16-pro-max-nhua-cung-vien-deo-kl5320-jincase-360-rotating,Ốp lưng MagSafe iPhone 16 Pro Max Nhựa cứng viền dẻo KL5320 Jincase 360 Rotating,"Ốp lưng MagSafe iPhone 16 Pro Max Nhựa cứng viền dẻo KL5320 Jincase 360 Rotating là sự lựa chọn hoàn hảo cho những ai muốn bảo vệ điện thoại mà vẫn giữ nguyên tính thẩm mỹ và tiện lợi. Thiết kế tối giản nhưng tinh tế, ốp lưng điện thoại này không chỉ tôn lên vẻ đẹp hiện đại của iPhone mà còn tích hợp sẵn công nghệ MagSafe, giúp việc sạc không dây trở nên nhanh chóng và liền mạch hơn. • Sản phẩm được làm từ chất liệu nhựa cứng bền bỉ, giúp bảo vệ điện thoại khỏi va đập và trầy xước một cách hiệu quả. Với khả năng chống chịu tốt, ốp lưng không chỉ bảo vệ mặt lưng máy mà còn hạn chế hư hỏng trong những tình huống rơi rớt bất ngờ. Đặc biệt, lớp nhựa trong suốt của Jincase còn giúp giữ nguyên vẻ đẹp ban đầu của iPhone 16. Xem thêm"
op-lung-xiaomi-redmi-a3-nhua-deo-tpu-jm-jack,Ốp lưng Xiaomi Redmi A3 Nhựa dẻo TPU JM JACK,Không có mô tả
op-lung-galaxy-a26-pc-tpu-samsung,Ốp lưng Galaxy A26 PC TPU Samsung,Không có mô tả
op-lung-iphone-16-pro-max-maggo-magnetic-360-nhua-cung-vien-deo-anker-ring-stand-b2b-a90h1,Ốp lưng iPhone 16 Pro Max MagGo Magnetic 360° Nhựa cứng viền dẻo Anker Ring Stand B2B_A90H1,Không có mô tả
op-lung-galaxy-a25-nhua-cung-vien-deo-jincase-jcs1601,Ốp lưng Galaxy A25 Nhựa cứng viền dẻo Jincase JCS1601,Không có mô tả
op-lung-iphone-15-plus-nhua-cung-vien-deo-mipow-tempered-glass-ps15b-cr,Ốp lưng iPhone 15 Plus Nhựa cứng viền dẻo Mipow Tempered Glass PS15B-CR,Không có mô tả
op-lung-iphone-11-nhua-cung-vien-deo-jm-pure-ii,Ốp lưng iPhone 11 Nhựa cứng viền dẻo JM Pure II,Không có mô tả
op-lung-magsafe-iphone-16-plus-nhua-cung-pc-ava-jm-thin-1-2mm,Ốp lưng MagSafe iPhone 16 Plus nhựa cứng PC AVA+ JM Thin 1.2mm,Không có mô tả
op-lung-galaxy-s25-ultra-nhua-cung-pc-ava-slim-1mm-yf1182,Ốp lưng Galaxy S25 Ultra nhựa cứng PC AVA+ Slim 1mm YF1182,Không có mô tả
op-lung-galaxy-a26-tpu-araree-flexield,Ốp lưng Galaxy A26 TPU ARAREE FLEXIELD,Không có mô tả
op-lung-galaxy-m15-nhua-cung-vien-deo-jincase-jcs1601,Ốp lưng Galaxy M15 Nhựa cứng viền dẻo Jincase JCS1601,Không có mô tả
op-lung-iphone-16-plus-air-fender-nhua-deo-tpu-uniq,Ốp lưng iPhone 16 Plus Nhựa dẻo TPU UNIQ AIR FENDER,"Ốp lưng iPhone 16 Plus AIR FENDER Nhựa dẻo TPU UNIQ là sự kết hợp hoàn hảo giữa nét tối giản và khả năng bảo vệ vượt trội. Được thiết kế đặc biệt cho những ai yêu thích sự gọn nhẹ nhưng vẫn đòi hỏi tính năng bảo vệ toàn diện, sản phẩm này là sự lựa chọn lý tưởng cho các tín đồ công nghệ. • Sản phẩm được chế tạo từ nhựa chất lượng cao với công nghệ hỗ trợ giảm ố vàng hiệu quả, giữ cho ốp lưng điện thoại luôn trong suốt và mới mẻ sau thời gian dài sử dụng. Với thiết kế siêu mỏng và khối lượng nhẹ, ốp lưng mang lại cảm giác thoải mái khi sử dụng, gần như không làm tăng độ dày hay nặng nề cho chiếc iPhone 16 Plus của bạn. Người dùng có thể dễ dàng tháo lắp mà không gặp bất kỳ khó khăn nào. Xem thêm"
op-lung-magsafe-iphone-16-pro-max-silicone-apple,Ốp lưng MagSafe iPhone 16 Pro Max Silicone Apple,"Ốp lưng MagSafe iPhone 16 Pro Max Silicone Apple không chỉ là một lớp vỏ bảo vệ cho iPhone mà còn mang lại trải nghiệm sử dụng tiện lợi và an toàn. Với nam châm tích hợp cùng mặt tinh thể kết hợp lớp dẫn truyền, hỗ trợ cho các thao tác sạc không dây và cảm ứng điều khiển Camera của máy, mẫu ốp này sẽ cho người dùng khả năng bảo vệ iPhone 16 tốt hơn nhưng vẫn đảm bảo các tính năng ở bên ngoài hoạt động hiệu quả. Chất liệu thân thiện, khả năng bảo vệ tốt Chất liệu silicone tái chế 55% của ốp không chỉ thân thiện với môi trường mà còn mang đến cảm giác cầm nắm êm ái, thoải mái. Lớp lót microfiber bên trong đóng vai trò như một lớp đệm mềm mại, cho khả năng bảo vệ tối ưu hơn mặt lưng của iPhone 16 Pro Max khỏi các trầy xước và va đập. Xem thêm"
op-lung-iphone-16-nhua-cung-vien-deo-jm-bayer-ii?utm_flashsale=1,Ốp lưng iPhone 16 nhựa cứng viền dẻo JM Bayer II,Không có mô tả
op-lung-galaxy-a36-tpu-pc-samsung,Ốp lưng Galaxy A36 TPU PC Samsung,Không có mô tả
op-lung-galaxy-a16-nhua-cung-pc-ava-slim-1mm-yf1182,Ốp lưng Galaxy A16 nhựa cứng PC AVA+ Slim 1mm YF1182,Không có mô tả
bao-da-galaxy-s24-fe-samsung-thong-minh,Bao da Galaxy S24 FE Samsung thông minh,Không có mô tả
op-lung-iphone-11-nhua-deo-uv-ckny002-meo,Ốp lưng iPhone 11 Nhựa dẻo UV printing OSMIA CKNY002 Mèo,Không có mô tả
op-lung-galaxy-a36-silicone-pc-samsung,Ốp lưng Galaxy A36 Silicone PC Samsung,Không có mô tả
op-lung-galaxy-s25-ultra-nhua-cung-pc-samsung,Ốp lưng Galaxy S25 Ultra nhựa cứng PC Samsung,"Ốp lưng Galaxy S25 Ultra nhựa cứng PC Samsung Chính hãng là lựa chọn lý tưởng cho người dùng muốn bảo vệ điện thoại một cách an toàn mà vẫn giữ được vẻ đẹp nguyên bản của máy. Sản phẩm được thiết kế bởi Samsung, đảm bảo độ tương thích cao với các chi tiết của máy như cổng kết nối, nút bấm, bút S Pen và loa ngoài. • Điểm đặc biệt của ốp lưng điện thoại là phần viền quanh cụm camera được nâng cao vừa đủ, đảm bảo bảo vệ ống kính khỏi các tác động va đập khi đặt trên bề mặt phẳng. Thiết kế này sẽ không che khuất chất lượng hình ảnh, giúp người dùng chụp ảnh một cách thoải mái và tự nhiên trên Samsung Galaxy S25 Ultra. • Chất liệu polycarbonate (PC) được lựa chọn cho lớp vỏ chính của ốp lưng điện thoại Samsung không chỉ bền bỉ mà còn có khả năng chống va đập, hạn chế trầy xước do tiếp xúc với bề mặt cứng. Kết hợp với viền TPU mềm mại xung quanh, ốp lưng mang lại cảm giác cầm nắm tự nhiên, tăng độ bám tay và giảm thiểu rủi ro trượt ra khỏi tay trong quá trình sử dụng . Xem thêm"
op-lung-magsafe-iphone-16-pro-max-tempered-glass-nhua-cung-vien-deo-mipow-mgc16d-cr,Ốp lưng MagSafe iPhone 16 Pro Max Magsafe nhựa cứng viền dẻo Mipow Tempered Glass MGC16D-CR,"Trong thế giới công nghệ đầy màu sắc, ốp lưng MagSafe iPhone 16 Pro Max Magsafe nhựa cứng viền dẻo Mipow Tempered Glass MGC16D-CR mang đến một lựa chọn đơn giản nhưng không kém phần tinh tế. Với thiết kế tối giản và chất liệu cao cấp, sản phẩm này không chỉ bảo vệ chiếc iPhone 16 Pro Max của bạn mà còn thể hiện gu thẩm mỹ riêng của người dùng. • Ốp lưng iPhone 16 Pro Max này không chỉ mang lại tính thẩm mỹ mà còn được thiết kế để chống lại những tác động vật lý hàng ngày. Với mặt lưng nhựa cứng bền bỉ, iPhone của bạn sẽ được bảo vệ khỏi những vết xước và các va đập nhẹ. Đặc biệt, viền nhựa TPU dẻo giúp hấp thụ lực khi xảy ra rơi rớt, giảm thiểu khả năng hư hại cho điện thoại, tạo ra cảm giác cầm nắm chắc chắn, thoải mái, đồng thời giúp việc tháo lắp ốp trở nên dễ dàng mà không làm trầy xước thiết bị. Xem thêm"
op-lung-iphone-15-pro-max-nhua-cung-vien-deo-jm-bayer-ii?utm_flashsale=1,Ốp lưng iPhone 15 Pro Max Nhựa cứng viền dẻo JM Bayer II,Không có mô tả
op-lung-magsafe-iphone-16e-pc-tpu-ava-oc-pure-pad,Ốp lưng MagSafe iPhone 16e PC TPU AVA+ OC Pure Pad,Không có mô tả
op-lung-iphone-16-pro-max-tempered-glass-nhua-cung-vien-deo-mipow-ps16d-cr,Ốp lưng iPhone 16 Pro Max nhựa cứng viền dẻo Mipow Tempered Glass PS16D-CR,"Nếu bạn là người yêu thích sự đơn giản nhưng không kém phần sang trọng thì ốp lưng iPhone 16 Pro Max nhựa cứng viền dẻo Mipow Tempered Glass PS16D-CR chắc chắn sẽ làm bạn hài lòng. Sản phẩm sở hữu thiết kế trong suốt, mỏng nhẹ giúp tôn lên vẻ đẹp nguyên bản của chiếc điện thoại, đồng thời mang đến cảm giác cầm nắm thoải mái. • Sở hữu thiết kế trong suốt được phối hợp từ mặt lưng nhựa cứng và viền dẻo linh hoạt. Với mặt lưng nhựa cứng bền bỉ hỗ trợ bảo vệ thiết bị trước những va đập và trầy xước hàng ngày, cùng viền nhựa dẻo tăng cường khả năng chống sốc và giúp bạn dễ dàng tháo lắp ốp. Đem đến cho chiếc iPhone 16 của người dùng một mẫu ốp lưng điện thoại lý tưởng để tạo nên vẻ ngoài bóng bẩy cùng khả năng bảo vệ tốt bộ máy bên trong. Xem thêm"
op-lung-galaxy-a36-tpu-co-khe-dung-the-samsung,Ốp lưng Galaxy A36 TPU có khe đựng thẻ Samsung,Không có mô tả
op-lung-galaxy-s24-fe-samsung-kem-day,Ốp lưng Galaxy S24 FE Samsung kèm dây,"Ốp lưng Galaxy S24 FE Samsung kèm dây mang đến sự kết hợp giữa phong cách hiện đại và tính tiện dụng. Với các màu sắc như xanh đen, vàng và xám, sản phẩm không chỉ bảo vệ tốt cho điện thoại mà còn giúp người dùng thể hiện cá tính qua thiết kế thanh lịch, đơn giản. • Phần dây đeo chắc chắn là điểm nhấn quan trọng của ốp lưng Samsung này, đảm bảo sự ổn định và cảm giác cầm nắm thoải mái, đặc biệt là khi đang di chuyển. • Bên cạnh việc cầm nắm tiện lợi, chiếc ốp lưng này  còn có thể biến dây đeo thành chân đế tiện lợi. Chỉ cần kéo dây xuống, người dùng có thể đặt điện thoại ở góc nhìn ngang phù hợp để xem video hoặc thực hiện các tác vụ mà không cần cầm tay, giúp trải nghiệm sử dụng trở nên linh hoạt hơn. • Ngoài việc hỗ trợ tốt cho việc giải trí, ốp lưng Galaxy S24 FE còn giữ cho điện thoại an toàn trước các nguy cơ trầy xước và va chạm nhẹ. Thiết kế gọn nhẹ và chắc chắn giúp bảo vệ điện thoại mà không làm mất đi vẻ ngoài tinh tế của Galaxy S24 FE. Xem thêm"
op-lung-galaxy-a16-nhua-cung-pc-mong-samsung-trong,Ốp lưng Galaxy A16 Nhựa cứng PC mỏng Samsung Trong,Không có mô tả
op-lung-galaxy-a05s-nhua-cung-vien-deo-jm-pure-ii,Ốp lưng Galaxy A05s Nhựa cứng viền dẻo JM Pure II,Không có mô tả
bao-da-galaxy-s24-ultra-samsung-thong-minh-den,Bao da Galaxy S24 Ultra Samsung Thông minh,Không có mô tả
op-lung-galaxy-s25-plus-silicone-samsung,Ốp lưng Galaxy S25+ Silicone Samsung,"Ốp lưng Galaxy S25+ Silicone Samsung Chính hãng không chỉ là một phụ kiện mà còn là một khoản đầu tư đáng cân nhắc. Với chất liệu bền bỉ và thiết kế tối ưu, mẫu ốp này sẽ hỗ trợ bảo vệ chiếc điện thoại của bạn khỏi những trầy xước và hư hỏng, giúp kéo dài tuổi thọ của thiết bị. • Chất liệu silicone của ốp lưng điện thoại Samsung sẽ mang đến cảm giác cầm nắm êm ái, mềm mại nhưng vẫn hạn chế được tình trạng trơn trượt trong quá trình sử dụng. Đặc biệt, bề mặt của ốp còn cho khả năng hạn chế bám bụi bẩn và dấu vân tay, giúp Samsung Galaxy S25 Plus 512GB được sạch sẽ mà không cần phải lau chùi thường xuyên. • Bên cạnh các yếu tố trên, ốp lưng điện thoại còn được thiết kế với các nút bấm và cổng kết nối được cắt gọn chính xác, đảm bảo không gây cản trở khi sử dụng Samsung Galaxy S25 Plus. Người dùng có thể dễ dàng thao tác mà không gặp cảm giác cấn tay hay khó chịu. Xem thêm"
op-lung-galaxy-a16-pc-tpu-samsung-smapp,Ốp lưng Galaxy A16 PC TPU Samsung SMAPP,Không có mô tả
op-lung-galaxy-s24-ultra-pc-tpu-mipow-ps24u-cr,Ốp lưng Galaxy S24 Ultra PC TPU Mipow PS24U-CR,Không có mô tả
op-lung-magsafe-iphone-16-pro-nhua-cung-vien-deo-kl6501-jincase-360-rotating-trong?utm_flashsale=1,Ốp lưng MagSafe iPhone 16 Pro Nhựa cứng viền dẻo KL6501 Jincase 360 Rotating,"Ốp lưng MagSafe iPhone 16 Pro KL6501 Jincase 360 Rotating là một sản phẩm đa năng, mang lại sự bảo vệ tối ưu cùng tính linh hoạt trong sử dụng. Với thiết kế xoay 360 độ độc đáo, mẫu ốp này giúp bạn dễ dàng xoay điện thoại theo bất kỳ hướng nào mà không ảnh hưởng đến khả năng bảo vệ hay tính thẩm mỹ của máy. • Sản phẩm được làm từ chất liệu nhựa cứng, hỗ trợ chống va đập và bảo vệ thiết bị trước các yếu tố bên ngoài. Bề mặt nhựa cứng không chỉ tăng cường độ bền, mà còn đem đến sự bóng bẩy cho phần mặt lưng, tôn lên vẻ đẹp iPhone 16 của bạn. Đặc biệt, các phần tiếp xúc máy còn được làm đồng đều với độ dày hợp lý, giúp thiết bị vẫn giữ được sự mỏng nhẹ và thanh lịch. • Viền dẻo của ốp lưng điện thoại, cho phép người dùng dễ dàng lắp và tháo ốp, đồng thời giảm thiểu tình trạng biến dạng thường thấy khi sử dụng thường xuyên. Việc kết hợp giữa nhựa cứng và viền dẻo tạo ra một sự cân bằng hoàn hảo, mang lại cảm giác cầm nắm chắc chắn nhưng vẫn dễ dàng thao tác khi cần tháo rời phụ kiện mà không lo làm hỏng điện thoại. Xem thêm"
op-lung-magsafe-iphone-14-nhua-cung-vien-deo-freelander-i-jm,Ốp lưng MagSafe iPhone 14 Nhựa cứng viền dẻo FREELANDER I JM,Không có mô tả
op-lung-magsafe-iphone-15-pro-silicone-apple-mt1e3,Ốp lưng Magsafe iPhone 15 Pro Silicone Apple MT1E3,Không có mô tả
op-lung-magsafe-iphone-15-pro-max-nhua-cung-vien-deo-jincase-360-rotating-jcs0076?utm_flashsale=1,Ốp lưng Magsafe iPhone 15 Pro Max Nhựa cứng viền dẻo Jincase 360 Rotating JCS0076,Không có mô tả
op-lung-magsafe-iphone-16-pro-sillicone-apple,Ốp lưng MagSafe iPhone 16 Pro Sillicone Apple,"Ốp lưng MagSafe iPhone 16 Pro Sillicone Apple là sự kết hợp hoàn hảo giữa tính thẩm mỹ và sự tiện lợi, Với chất liệu tái chế, thiết kế thông minh và tính năng sạc MagSafe tiên tiến, sản phẩm này mang đến một trải nghiệm sử dụng hài lòng và an toàn cho người dùng iPhone 16. Ôp Silicon dẻo dai, chất liệu tái chế bền bỉ Một trong những điểm nổi bật của mẫu ốp lưng điện thoại Apple này là thiết kế vừa vặn, ôm sát vào điện thoại một cách hoàn hảo. Đảm bảo mọi góc cạnh của iPhone 16 Pro đều được bảo vệ tối ưu khỏi các va đập và trầy xước. Đặc biệt, lớp lót microfiber siêu mềm bên trong ốp sẽ giữ cho mặt lưng của smartphone được an toàn trước các tác động xấu từ bên ngoài. Xem thêm"
op-lung-magsafe-iphone-16-nhua-cung-pc-ava-jm-thin-1-2mm,Ốp lưng MagSafe iPhone 16 nhựa cứng PC AVA+ JM Thin 1.2mm,Không có mô tả
op-lung-galaxy-s25-plus-nhua-cung-pc-samsung,Ốp lưng Galaxy S25+ nhựa cứng PC Samsung,"Ốp lưng Galaxy S25+ nhựa cứng PC Samsung Chính hãng là một phụ kiện đáng tin cậy dành cho những ai muốn bảo vệ thiết bị mà không làm ảnh hưởng đến trải nghiệm sử dụng. Được sản xuất bởi chính Samsung, ốp lưng đảm bảo độ tương thích hoàn hảo với Galaxy S25+, vừa vặn với từng chi tiết nhỏ như cổng sạc, loa và các nút bấm. • Sử dụng chất liệu polycarbonate (PC) bền bỉ kết hợp cùng viền TPU đàn hồi, ốp lưng điện thoại mang lại khả năng chống sốc và chống trầy xước hiệu quả. Lớp vỏ cứng giúp hạn chế hư hại khi có va chạm, trong khi phần viền mềm tăng cường độ bám, giảm thiểu tình trạng trơn trượt khi sử dụng hàng ngày. • Đặc biệt, bề mặt ốp lưng Samsung Galaxy S25 Plus có khả năng chống bám vân tay, giữ cho Samsung Galaxy S25 Plus được sạch sẽ và sáng bóng ngay cả sau thời gian dài sử dụng. Xem thêm"
op-lung-galaxy-s25-nhua-cung-pc-samsung,Ốp lưng Galaxy S25 nhựa cứng PC Samsung,"Ốp lưng Galaxy S25 nhựa cứng PC Samsung chính hãng là lựa chọn tối ưu cho những ai tìm kiếm sự bảo vệ toàn diện mà vẫn giữ được thiết kế nguyên bản của máy. Đặc biệt, đây là sản phẩm chính hãng đến từ Samsung, đảm bảo độ tương thích hoàn hảo với Galaxy S25 của bạn. • Được chế tác từ chất liệu polycarbonate (PC) bền bỉ và nhựa TPU thiên nhiên tại 4 cạnh của ốp lưng điện thoại, phụ kiện này cho khả năng chống sốc, chống trầy xước và hạn chế bám vân tay, giúp Samsung Galaxy S25 được bảo vệ an toàn. • Sở hữu thiết kế trong suốt, ốp lưng Samsung Galaxy S25 không làm mất đi vẻ đẹp nguyên bản của Samsung Galaxy S25 512GB, cho phép người dùng khoe trọn màu sắc và đường nét sang trọng của thiết bị. Xem thêm"
op-lung-galaxy-a36-pc-tpu-sieu-bao-ve-samsung,Ốp lưng Galaxy A36 PC TPU Samsung,Không có mô tả
op-lung-galaxy-a05-nhua-cung-vien-deo-jm-pure-ii,Ốp lưng Galaxy A05 Nhựa cứng viền dẻo JM Pure II,Không có mô tả
op-lung-iphone-16-lifepro-xtreme-nhua-cung-vien-deo-uniq,Ốp lưng iPhone 16 Nhựa cứng viền dẻo UNIQ LIFEPRO XTREME,"Ốp lưng iPhone 16 LIFEPRO XTREME Nhựa cứng viền dẻo UNIQ là giải pháp hoàn hảo để bảo vệ chiếc điện thoại cao cấp của bạn, không chỉ chống sốc mà còn tôn vinh vẻ đẹp sang trọng. Với mặt lưng nhựa trong suốt, sản phẩm giữ nguyên vẻ đẹp nguyên bản của iPhone 16, cho phép bạn khoe trọn sự tinh tế của thiết bị. • Sản phẩm từ thương hiệu UNIQ được hoàn thiện từ nhựa PC cao cấp, mang đến khả năng chống va đập và trầy xước ấn tượng. Với độ bền cao, ốp lưng có thể bảo vệ iPhone 15 khỏi những cú rơi từ độ cao lên đến 2,5m. Bên cạnh đó, viền TPU mềm dẻo giúp người dùng dễ dàng tháo lắp ốp lưng Apple mà không làm hỏng thiết bị. • Các bộ phận nhạy cảm như camera và màn hình được ốp lưng điện thoại bảo vệ hiệu quả nhờ phần gờ viền nhô cao. Thiết kế này giúp hạn chế tối đa các vết xước khi đặt điện thoại trên các mặt phẳng, đảm bảo độ bền và sự hoàn hảo cho thiết bị. Xem thêm"
op-lung-magsafe-iphone-15-pro-nhua-cung-vien-deo-jm-bayer-ii,Ốp lưng MagSafe iPhone 15 Pro Nhựa cứng viền dẻo JM Bayer II,Không có mô tả
op-lung-iphone-12-12-pro-nhua-cung-vien-deo-pure-ii-jm-trong,Ốp lưng iPhone 12/12 Pro Nhựa cứng viền dẻo Pure II JM,Không có mô tả
op-lung-galaxy-s23-ultra-nhua-cung-vien-deo-jcs1601-jincase-trong,Ốp lưng Galaxy S23 Ultra Nhựa cứng viền dẻo JCS1601 Jincase,Không có mô tả
op-lung-galaxy-a56-pc-tpu-sieu-bao-ve-samsung,Ốp lưng Galaxy A56 PC TPU Samsung,Không có mô tả
op-lung-iphone-15-nhua-deo-tpu-mipow-ultra-thin-st15a-cr,Ốp lưng iPhone 15 Nhựa dẻo TPU Mipow Ultra Thin ST15A-CR,Không có mô tả
op-lung-iphone-16-pro-max-lifepro-xtreme-nhua-cung-vien-deo-uniq,Ốp lưng iPhone 16 Pro Max Nhựa cứng viền dẻo UNIQ LIFEPRO XTREME,"Ốp lưng iPhone 16 Pro Max Nhựa cứng viền dẻo UNIQ LIFEPRO XTREME là một lựa chọn tinh tế cho những ai yêu thích sự đơn giản nhưng không kém phần chắc chắn. Thiết kế tối giản, đường nét thanh lịch của sản phẩm không chỉ tôn lên vẻ đẹp vốn có của chiếc iPhone mà còn tạo cảm giác thoải mái khi cầm nắm. • Điểm nổi bật của ốp lưng iPhone 16 Pro Max này chính là khả năng bảo vệ toàn diện nhờ công nghệ AirLite. Các góc viền được thiết kế siêu mỏng nhưng vẫn vô cùng chắc chắn, tạo nên một lớp đệm bảo vệ quanh điện thoại, giúp giảm thiểu thiệt hại từ các va đập không mong muốn. Không chỉ vậy, phần viền quanh camera sau cũng được nâng cao, giúp bảo vệ ống kính khỏi trầy xước khi bạn đặt điện thoại lên các bề mặt cứng. Đảm bảo rằng iPhone 16 của bạn luôn trong tình trạng tốt. Xem thêm"
op-lung-magsafe-galaxy-s25-ultra-nhua-pc-tpu-samsung-trong,Ốp lưng MagSafe Galaxy S25 Ultra nhựa PC TPU Samsung,"Ốp lưng MagSafe Galaxy S25 Ultra nhựa PC TPU Samsung Chính hãng là một giải pháp bảo vệ thiết bị hiệu quả mà không làm mất đi vẻ đẹp nguyên bản của máy. Sở hữu thiết kế mỏng nhẹ, sản phẩm giúp giữ nguyên cảm giác cầm nắm thoải mái mà vẫn đảm bảo khả năng chống trầy xước, ngay cả khi sử dụng trong thời gian dài. • Ốp lưng điện thoại Samsung được làm từ nhựa PC cứng kết hợp với viền TPU dẻo, tạo sự cân bằng giữa độ bền và tính linh hoạt. Khung viền nhô cao giúp bảo vệ cụm camera của Samsung Galaxy S25 Ultra 1TB khỏi trầy xước khi đặt máy xuống các bề mặt cứng. Công nghệ hấp thụ lực tác động còn giúp hạn chế hư hỏng trong các tình huống va đập nhẹ. • Tích hợp vòng nam châm từ tính, ốp lưng Samsung Galaxy S25 Ultra này hỗ trợ kết nối ổn định với các phụ kiện như sạc không dây, giá đỡ hay ví nam châm, cho phép người dùng có thể sạc pin nhanh chóng mà không cần tháo ốp hoặc dễ dàng gắn thêm phụ kiện tiện ích. Ví dụ, khi cần dùng giá đỡ nam châm trên ô tô, người dùng chỉ cần đặt lên là thiết bị tự động cố định, không cần thêm thao tác rườm rà. Xem thêm"
op-lung-iphone-16-pro-magclick-charging-combat-nhua-tpu-tpe-pc-uniq-stone,Ốp lưng MagSafe iPhone 16 Pro Nhựa TPU TPE PC UNIQ MAGCLICK CHARGING COMBAT,"Ốp lưng iPhone 16 Pro MAGCLICK CHARGING COMBAT Nhựa TPU TPE PC UNIQ Stone được thiết kế để mang lại khả năng bảo vệ hiệu quả và hỗ trợ sạc không dây một cách liền mạch. Sản phẩm được chế tạo từ các vật liệu chất lượng cao như TPU, TPE và nhựa PC, tạo nên một cấu trúc ba lớp chắc chắn. Nhờ thiết kế đặc biệt này, ốp lưng điện thoại có khả năng hấp thụ va đập tốt, bảo vệ tối ưu cho điện thoại của bạn trong mọi tình huống. • Một trong những điểm nổi bật của ốp lưng iPhone 16 Pro này là tính năng tương thích với MagClick – chức năng sạc không dây từ tính của iPhone 16. Dù có lớp bảo vệ dày dặn, ốp lưng vẫn đảm bảo khả năng sạc không dây mượt mà, giúp bạn không phải tháo ốp mỗi khi cần sạc, nâng cao hơn trải nghiệm sử dụng hàng ngày, đảm bảo bạn luôn sẵn sàng sạc pin bất cứ lúc nào. Xem thêm"
op-lung-iphone-16-pro-max-air-fender-nhua-deo-tpu-uniq,Ốp lưng iPhone 16 Pro Max Nhựa dẻo TPU UNIQ AIR FENDER,"Ốp lưng iPhone 16 Pro Max UNIQ AIR FENDER, sở hữu cấu trúc nhẹ nhàng được làm từ chất liệu nhựa dẻo TPU cao cấp, mang đến sự linh hoạt và khả năng chống va đập tốt cho chiếc iPhone 16 của bạn. • Một trong những điểm nổi bật của ốp lưng UNIQ là công nghệ AiroGroove với các đệm ở góc được thiết kế đặc biệt để hấp thụ lực sốc. Các đường gờ dọc này sẽ giúp giảm thiểu tác động khi thiết bị bị rơi hoặc va chạm, làm giảm nguy cơ hư hỏng máy khi gặp các tình huống bất ngờ. • Ốp lưng điện thoại này cũng được thiết kế với các khe cắt chính xác cho nút chụp ảnh và các cổng kết nối. Hỗ trợ người dùng dễ dàng sử dụng các chức năng chính của điện thoại một cách mượt mà. Đều được làm từ một chất liệu nên các nút của ốp sẽ đem lại sự nhẹ nhàng và dễ dàng tháo rời khi cần thiết, mang lại cảm giác nhạy bén và chính xác khi thao tác. Xem thêm"
op-lung-iphone-16-pro-max-magclick-charging-combat-nhua-tpu-tpe-pc-uniq,Ốp lưng MagSafe iPhone 16 Pro Max Nhựa TPU TPE PC UNIQ MAGCLICK CHARGING COMBAT,"Ốp lưng MagSafe iPhone 16 Pro Max Nhựa TPU TPE PC UNIQ MAGCLICK CHARGING COMBAT là một lựa chọn lý tưởng cho những ai đang tìm kiếm sự kết hợp giữa khả năng bảo vệ tối đa và sự tiện lợi của sạc không dây từ tính. Với lớp bảo vệ đa tầng chắc chắn, sản phẩm này đảm bảo khả năng chống va đập và chống trầy xước vượt trội, mang lại sự bảo vệ toàn diện cho chiếc điện thoại cao cấp của bạn. • Ốp lưng điện thoại được trang bị viền nâng cao ở khu vực camera, bảo vệ ống kính khỏi bị trầy xước và các tác động bên ngoài, giúp bạn yên tâm hơn khi sử dụng. Đặc biệt, ốp có khả năng chống trầy xước lên đến 5H, kết hợp cùng với khung chống va đập 360 độ giúp bảo vệ iPhone 16 khỏi mọi hướng. • Các góc của ốp được gia cố đặc biệt với lớp lót Inner ShockSorb giúp hấp thụ lực khi có va chạm, đảm bảo rằng điện thoại của bạn sẽ luôn được an toàn ngay cả trong các tình huống bất ngờ. Mặt lưng bóng bẩy không chỉ mang lại sự bền bỉ lâu dài mà còn giúp ốp trông mới mẻ và thời trang, ngay cả sau thời gian sử dụng dài. Xem thêm"
op-lung-magsafe-iphone-16-plus-jc-pc-ava-slim-1mm-yf1182,Ốp lưng MagSafe iPhone 16 Plus JC PC AVA+ Slim 1mm YF1182,Không có mô tả
op-lung-galaxy-s25-pu-pc-samsung-edge-kindsuit,Ốp lưng Galaxy S25 Edge PU PC Samsung Kindsuit,Không có mô tả
op-lung-galaxy-a24-nhua-cung-samsung,Ốp lưng Galaxy A24 Nhựa cứng Samsung,Không có mô tả
op-lung-iphone-16-magclick-charging-clario-eco-nhua-cung-vien-deo-uniq,Ốp lưng MagSafe iPhone 16 Nhựa cứng viền dẻo UNIQ MAGCLICK CHARGING CLARIO (ECO),"Ốp lưng iPhone 16 MAGCLICK CHARGING CLARIO (ECO) Nhựa cứng viền dẻo UNIQ là sản phẩm nổi bật từ thương hiệu phụ kiện điện thoại danh tiếng UNIQ, được thiết kế để mang đến sự bảo vệ tối ưu mà vẫn giữ nguyên vẻ đẹp nguyên bản của chiếc iPhone 16 cao cấp. Đây là lựa chọn hoàn hảo cho người dùng yêu thích phong cách tối giản nhưng vẫn đòi hỏi tính năng bảo vệ vượt trội. • Ốp lưng Apple được hoàn thiện với phong cách đơn giản nhưng tinh tế, ôm trọn các góc cạnh của điện thoại, mang lại cảm giác cầm chắc tay và gọn gàng. Sản phẩm được làm từ hai chất liệu chính: nhựa PC cứng và nhựa TPU dẻo. Nhựa PC mang lại độ bền bỉ, bảo vệ thiết bị khỏi va đập và trầy xước, trong khi nhựa TPU giúp ốp lưng linh hoạt, dễ dàng tháo lắp mà không gây trầy xước cho điện thoại. Xem thêm"
op-lung-galaxy-s25-silicone-samsung,Ốp lưng Galaxy S25 Silicone Samsung,"Khi nói đến việc bảo vệ chiếc Samsung Galaxy S25 mới toanh của người dùng, ốp lưng Galaxy S25 Silicone Samsung Chính hãng là một lựa chọn đáng cân nhắc. Một điểm sáng phải kể đến ở mẫu ốp này, chính là sự vừa vặn hoàn hảo với Galaxy S25, cho phép ôm sát từng đường cong của máy, mà không làm tăng đáng kể cả về kích thước lẫn khối lượng của điện thoại. • Chiếc ốp lưng điện thoại này được chế tạo từ chất liệu silicone chất lượng, mang lại cảm giác cầm nắm êm ái và chắc chắn. Chất liệu này cũng có khả năng chống bám bụi bẩn và dấu vân tay, giúp Samsung Galaxy S25 được sạch sẽ và mới mẻ. • Bên cạnh đó, thiết kế ôm sát vừa vặn của ốp lưng điện thoại Samsung còn cho khả năng bảo vệ tốt điện thoại khỏi những va chạm và trầy xước. Các chi tiết của ốp cũng được làm tỉ mỉ, giúp người dùng tiếp cận dễ dàng các nút bấm và cổng kết nối của , mà không gây khó chịu khi dùng. Xem thêm"
op-lung-iphone-15-nhua-cung-vien-deo-jincase-jcs1601-trong?utm_flashsale=1,Ốp lưng iPhone 15 Nhựa cứng viền dẻo Jincase JCS1601,Không có mô tả
op-lung-magsafe-iphone-15-pro-max-silicone-apple-mt1q3,Ốp lưng Magsafe iPhone 15 Pro Max Silicone Apple MT1Q3,Không có mô tả
bao-da-galaxy-a55-samsung-thong-minh,Bao da Galaxy A55 Samsung Thông minh,Không có mô tả
op-lung-galaxy-z-fold6-kem-but-s-pen-samsung,Ốp lưng Galaxy Z Fold6 nhựa cứng kèm bút S Pen Samsung,"• Với sự cải tiến vượt trội, ốp lưng Samsung đã được làm mỏng hơn so với các phiên bản trước đó, mang đến cảm giác cầm nắm nhẹ nhàng và thoải mái. Dù có thêm khe cắm tích hợp cho bút S Pen, thiết kế tổng thể của ốp vẫn giữ được sự gọn gàng, không làm tăng quá nhiều độ dày cho thiết bị. • Ốp lưng Galaxy Z Fold6 nhựa cứng kèm bút S Pen Samsung có ba màu sắc trang nhã để bạn lựa chọn, là những màu sắc hiện đại, thanh lịch, phù hợp với mọi phong • cách từ năng động, trẻ trung cho đến chững chạc, chuyên nghiệp. Việc lựa chọn ốp lưng phù hợp với cá tính và sở thích cá nhân không chỉ giúp bảo vệ thiết bị mà còn làm tăng thêm vẻ đẹp thời thượng của Galaxy Z Fold6. • Khe cắm được thiết kế vừa vặn, đảm bảo bút S Pen được bảo vệ một cách an toàn, tránh bị trầy xước hoặc rơi ra ngoài. Đây là sự kết hợp hoàn hảo giữa thiết kế và tính thực dụng, giúp người dùng luôn sẵn sàng sử dụng bút mọi lúc, mọi nơi mà không lo thất lạc. • Ốp lưng Galaxy Z Fold6 còn được chế tạo từ chất liệu nhựa cứng cao cấp, giúp bảo vệ thiết bị một cách tối ưu trước các tác động bên ngoài như va đập, trầy xước hay bụi bẩn. Phần nhựa cứng bền bỉ không chỉ bảo vệ phần thân máy mà còn giúp gia tăng độ bền cho các bản lề – một trong những yếu tố quan trọng của chiếc điện thoại gập độc đáo này. Xem thêm"
op-lung-magsafe-iphone-16-jc-pc-ava-slim-1mm-yf1182,Ốp lưng MagSafe iPhone 16 JC PC AVA+ Slim 1mm YF1182,Không có mô tả
op-lung-iphone-14-nhua-deo-kingxbar-trong-suot,Ốp lưng iPhone 14 Nhựa dẻo Kingxbar,Không có mô tả
op-lung-iphone-15-pro-nhua-cung-vien-deo-jm-bayer-ii,Ốp lưng iPhone 15 Pro Nhựa cứng viền dẻo JM Bayer II,Không có mô tả
op-lung-iphone-16-pro-max-magclick-charging-lifepro-xtreme-af-nhua-cung-vien-deo-uniq,Ốp lưng MagSafe iPhone 16 Pro Max Nhựa cứng viền dẻo UNIQ MAGCLICK CHARGING LIFEPRO XTREME (AF),"Ốp lưng MagSafe iPhone 16 Pro Max Nhựa cứng viền dẻo UNIQ MAGCLICK CHARGING LIFEPRO XTREME (AF) mang đến sự bảo vệ vượt trội cùng thiết kế siêu mỏng, khả năng chống bám vân tay lý tưởng cho những ai yêu thích sự tinh tế nhưng vẫn cần sự bảo vệ toàn diện cho chiếc smartphone cao cấp của mình. • Với các góc AirLite được nâng cao, ốp lưng điện thoại này đảm bảo khả năng chống va đập từ mọi góc độ, giúp chiếc iPhone 16 của bạn luôn an toàn dù gặp phải các sự cố rơi rớt. • Điểm nổi bật của ốp lưng UNIQ LIFEPRO XTREME nằm ở viền nhô cao quanh ống kính camera, bảo vệ tuyệt đối khỏi trầy xước và va đập, giữ cho camera luôn trong tình trạng hoàn hảo. Bên cạnh đó, ốp lưng sử dụng chất liệu TPU Bayer linh hoạt, giữ màu sắc lâu dài và không bị ố vàng theo thời gian, mang đến vẻ ngoài trong suốt như mới cho điện thoại của bạn. Xem thêm"
op-lung-magsafe-iphone-14-candy-silicone-jm,Ốp lưng Magsafe iPhone 14 Candy Silicone JM,Không có mô tả
op-lung-magsafe-iphone-15-plus-vai-tinh-det-apple-mt473,Ốp lưng Magsafe iPhone 15 Plus Vải tinh dệt Apple MT473,Không có mô tả
op-lung-magsafe-iphone-15-pro-vai-tinh-det-apple-mt4h3,Ốp lưng Magsafe iPhone 15 Pro Vải tinh dệt Apple MT4H3,Không có mô tả
op-lung-galaxy-a55-silicone-samsung,Ốp lưng Galaxy A55 Silicone Samsung,Không có mô tả
op-lung-iphone-16-crystal-m-nhua-cung-vien-deo-laut-crystal,Ốp lưng MagSafe iPhone 16 Nhựa cứng viền dẻo LAUT Crystal-M,"Ốp lưng MagSafe iPhone 16 Nhựa cứng viền dẻo LAUT Crystal-M là sự giao hòa tinh tế giữa công nghệ hiện đại và ý thức bảo vệ môi trường. Sản phẩm được chế tác tỉ mỉ từ 100% nhựa tái chế, không chỉ đảm bảo độ bền vượt trội mà còn góp phần giảm thiểu tác động tiêu cực đến môi trường. Với thiết kế trong suốt, mỏng nhẹ và lớp hoàn thiện cao cấp, chiếc ốp này sẽ tôn lên vẻ đẹp nguyên bản của thiết bị, một lựa chọn lý tưởng cho người dùng yêu thích sự tinh tế. • Ốp lưng điện thoại Laut cho khả năng bảo vệ đáng tin cậy. Sản phẩm đã vượt qua bài kiểm tra rơi từ độ cao 10 feet (khoảng 3 mét), giúp bảo vệ iPhone 16 của bạn khỏi các va đập và rơi vỡ trong cuộc sống hàng ngày. Thiết kế viền dẻo linh hoạt kết hợp với khung nhựa cứng tạo nên lớp bảo vệ chắc chắn nhưng vẫn giữ được độ mỏng gọn, không gây cồng kềnh hay bất tiện cho người dùng. Xem thêm"
op-lung-magsafe-iphone-14-plus-nhua-cung-vien-deo-freelander-i-jm,Ốp lưng MagSafe iPhone 14 Plus Nhựa cứng viền dẻo FREELANDER I JM,Không có mô tả
op-lung-iphone-15-pro-max-nhua-cung-vien-deo-mipow-tempered-glass-ps15d-cr,Ốp lưng iPhone 15 Pro Max Nhựa cứng viền dẻo Mipow Tempered Glass PS15D-CR,Không có mô tả
op-lung-magsafe-iphone-16-plus-sillicone-apple,Ốp lưng MagSafe iPhone 16 Plus Sillicone Apple,"Ốp lưng MagSafe iPhone 16 Plus Sillicone Apple là một phụ kiện không thể thiếu cho những ai muốn bảo vệ chiếc điện thoại của mình một cách hiệu quả mà vẫn giữ được vẻ ngoài sang trọng và hiện đại. Được thiết kế bởi Apple với sự tỉ mỉ và chú trọng từng chi tiết, sản phẩm này không chỉ mang lại khả năng bảo vệ vượt trội mà còn tối ưu hóa trải nghiệm sử dụng. Chế tác hoàn hảo từ chất liệu cao cấp Ốp lưng Apple được chế tạo từ 55% silicone tái chế, đây là một bước tiến quan trọng trong việc bảo vệ môi trường mà không làm giảm đi tính bền bỉ của sản phẩm. Bề mặt ốp lưng được hoàn thiện với lớp silicone mềm mại, tạo cảm giác dễ chịu khi cầm nắm và giúp ngăn chặn hiện tượng trơn trượt, ngay cả khi tay bạn đổ mồ hôi. Không chỉ là một phụ kiện bảo vệ, nó còn là một lựa chọn thân thiện với môi trường cho những người yêu công nghệ nhưng quan tâm đến sự bền vững. Xem thêm"
op-lung-magsafe-iphone-16-silicone-apple,Ốp lưng MagSafe iPhone 16 Silicone Apple,"Ốp lưng MagSafe iPhone 16 Silicone là một phụ kiện hiện đại được Apple thiết kế dành riêng cho dòng iPhone 16, nổi bật với khả năng bảo vệ toàn diện và sự tiện lợi khi sử dụng. Sản phẩm này không chỉ chống trầy xước và sốc hiệu quả mà còn kết hợp tính năng sạc không dây MagSafe, mang lại sự tiện nghi tối đa cho người dùng công nghệ hiện đại. Sử dụng và kết nối sạc thật dễ dàng Mẫu sản phẩm được sản xuất từ chất liệu silicone cao cấp, mang đến khả năng bảo vệ tối ưu cho điện thoại trước những tác động không mong muốn. Với lớp silicone mềm mại nhưng cực kỳ bền chắc, ốp lưng có khả năng hấp thụ lực va chạm, giảm thiểu nguy cơ nứt vỡ khi rơi hoặc va đập. Đặc biệt, lớp lót microfiber mềm mại bên trong giúp bảo vệ hoàn hảo bề mặt kính và khung của iPhone 16, ngăn ngừa những vết trầy xước không đáng có. Xem thêm"
op-lung-galaxy-s25-plus-silicone-pc-tpu-samsung,Ốp lưng Galaxy S25+ Silicone PC TPU Samsung,"Bảo vệ chiếc Samsung Galaxy S25+ của bạn tốt hơn cùng Ốp lưng Galaxy S25+ Silicone PC TPU Samsung Chính hãng, được chính Samsung sản xuất và kiểm định. Sản phẩm làm từ chất liệu có độ bền cao, độ dẻo tốt và được thiết kế tiện lợi để hỗ trợ người dùng sử dụng hiệu quả trong các tác vụ thường ngày. • Được thiết kế vừa vặn với Samsung Galaxy S25 Plus, sản phẩm đem lại khả năng bảo quản tốt mà không gây cấn các nút bấm hoặc gặp khó khăn trong quá trình sạc. Hai phiên bản màu đen và xám của ốp lưng điện thoại sẽ giúp người dùng dễ dàng lựa chọn phong cách phù hợp, từ tối giản đến hiện đại. • Sử dụng ba chất liệu nhựa là Silicone, PC và TPU, ốp lưng Samsung Galaxy S25 Plus mang đến cảm giác mềm mại khi chạm và khả năng chống sốc khá. Bề mặt ốp theo đó cũng hạn chế bám vân tay và bụi bẩn, giúp thiết bị luôn sạch sẽ và sang trọng. Xem thêm"
op-lung-galaxy-s25-ultra-nhua-cung-pc-da-pu-samsung-kindsuit,Ốp lưng Galaxy S25 Ultra Nhựa cứng PC Da PU Samsung Kindsuit,"Được sản xuất bởi Samsung, ốp lưng Galaxy S25 Ultra Nhựa cứng PC Da PU Samsung Kindsuit Chính hãng thể hiện sự tinh tế qua thiết kế hoàn hảo và độ vừa vặn tối ưu. Sản phẩm ôm sát từng đường cong, mang đến cảm giác như một phần không thể thiếu của Galaxy S25 Ultra. • Chất liệu nhựa cứng PC kết hợp da PU của ốp lưng điện thoại không chỉ cho cảm giác cầm nắm thoải mái, mà còn giúp chống va đập và trầy xước hiệu quả. Bề mặt mịn màng hạn chế dấu vân tay và bụi bẩn, giúp ốp luôn sạch sẽ và không làm mất đi vẻ sang trọng. • Thiết kế mỏng nhẹ giúp chiếc ốp lưng điện thoại Samsung giữ vẻ ngoài hiện đại và tinh tế cho Samsung Galaxy S25 Ultra, đồng thời bảo vệ thiết bị khỏi các yếu tố ngoại lực. Viền camera được thiết kế nâng cao hợp lý, bảo vệ cụm camera sau không bị xước khi tiếp xúc với các mặt phẳng. Xem thêm"
op-magsafe-ip15-pro-max-nhua-cung-vien-deo-mipow-tempered-glass-mgc15d-cr,Ốp lưng MagSafe iPhone 15 Pro Max Nhựa cứng viền dẻo Mipow Tempered Glass MGC15D-CR,Không có mô tả
op-lung-galaxy-a35-nhua-deo-smapp-samsung,Ốp lưng Galaxy A35 Nhựa dẻo Samsung SMAPP,Không có mô tả
op-lung-iphone-13-nhua-deo-tpu-araree-flexield-clear,Ốp lưng iPhone 13/iPhone 14 Nhựa dẻo TPU Araree Flexield Clear,Không có mô tả
op-lung-iphone-16-air-fender-nhua-deo-tpu-uniq,Ốp lưng iPhone 16 Nhựa dẻo TPU UNIQ AIR FENDER,"Ốp lưng iPhone 16 AIR FENDER Nhựa dẻo TPU UNIQ là sự kết hợp hoàn hảo giữa tính năng bảo vệ và phong cách thẩm mỹ sang trọng cho mẫu sản phẩm iPhone 16 vừa được ra mắt gần đây. Lựa chọn không tồi cho thiết bị cá nhân. • Sản phẩm ốp lưng điện thoại được thiết kế từ chất liệu nhựa cứng cao cấp trong suốt, giúp tôn lên vẻ đẹp nguyên bản của iPhone, cho phép bạn khoe trọn màu sắc và kiểu dáng tinh tế của thiết bị. • Chất liệu nhựa cứng trong suốt bảo vệ mặt lưng khỏi trầy xước và va đập, trong khi viền dẻo linh hoạt không chỉ tăng cường khả năng chống sốc mà còn giúp dễ dàng lắp đặt và tháo rời. • Ốp lưng Apple không chỉ bảo vệ tối ưu các phím bấm ở cạnh viền, các cổng kết nối mà còn đảm bảo giữ nguyên cảm giác bấm nhẹ nhàng, thuận tiện. Sự kết hợp giữa thẩm mỹ và tính năng bảo vệ vượt trội làm cho sản phẩm trở thành lựa chọn lý tưởng, giúp bạn bảo vệ chiếc của mình trong suốt và đầy phong cách. Xem thêm"
op-lung-magsafe-iphone-16e-pc-tpu-uniq-magclick-charging-lifepro,Ốp lưng MagSafe iPhone 16e PC TPU UNIQ Magclick Charging Lifepro,Không có mô tả
op-lung-iphone-15-nhua-cung-vien-deo-mipow-tempered-glass-ps15a-cr,Ốp lưng iPhone 15 Nhựa cứng viền dẻo Mipow Tempered Glass PS15A-CR,Không có mô tả
op-lung-galaxy-z-fold6-da-samsung,Ốp lưng Galaxy Z Fold6 da Samsung,"Ốp lưng Galaxy Z Fold6 da Samsung Chính hãng là một sản phẩm đến từ Samsung, được chăm chút tỉ mỉ từ thiết kế đến chất liệu, mẫu ốp lưng này sẽ đem đến vẻ ngoài sang trọng mà không che mất đi những đường nét thanh lịch vốn có của điện thoại. • Về cấu trúc bên ngoài, ốp lưng sử dụng chất liệu da thực vật với bề mặt mềm mại và mịn màng. Nhờ đó, khi cầm nắm, người dùng cảm nhận được sự êm ái và dễ chịu, tạo nên trải nghiệm sử dụng thoải mái trong suốt thời gian dài. • Thiết kế của ốp lưng Samsung còn làm nổi bật phong cách thời trang của người dùng, thông qua việc tôn lên cụm camera sau của Galaxy Z Fold6, các chi tiết được hoàn thiện tinh tế này sẽ góp phần tạo nên một diện mạo thanh lịch cho máy. Xem thêm"
op-lung-iphone-16-pro-air-fender-nhua-deo-tpu-uniq,Ốp lưng iPhone 16 Pro Nhựa dẻo TPU UNIQ AIR FENDER,"Ốp lưng iPhone 16 Pro AIR FENDER Nhựa dẻo TPU UNIQ là phụ kiện tuyệt vời để khoe trọn vẻ đẹp sang trọng của iPhone 16 Pro mà vẫn đảm bảo khả năng bảo vệ vượt trội. Với thiết kế trong suốt và tính năng chống va đập ưu việt, đây chính là lựa chọn lý tưởng cho những ai mong muốn sự hoàn hảo trong cả thẩm mỹ lẫn bảo vệ. • Ốp lưng Uniq Air Fender được chế tác với độ chính xác cao, vừa khít với từng chi tiết trên iPhone 16 Pro. Từ cụm camera đến các nút bấm, mọi chi tiết đều được cắt một cách tỉ mỉ, giúp người dùng dễ dàng thao tác mà vẫn đảm bảo sự bảo vệ tối ưu. Sự chính xác trong từng đường nét giúp chiếc ốp ôm sát thân máy, mang lại cảm giác cầm nắm thoải mái, không hề cồng kềnh. • Không chỉ có thiết kế tinh tế, mẫu ốp lưng điện thoại được thiết kế mới này còn giữ được sự trong suốt vượt trội nhờ vào chất liệu cao cấp, giúp tôn lên vẻ đẹp nguyên bản của những chiếc mà không bị phai màu hay ố vàng sau thời gian dài sử dụng. Xem thêm"
op-lung-iphone-16-pro-lifepro-xtreme-nhua-cung-vien-deo-uniq,Ốp lưng iPhone 16 Pro Nhựa cứng viền dẻo UNIQ LIFEPRO XTREME,"Ốp lưng iPhone 16 Pro LIFEPRO XTREME Nhựa cứng viền dẻo UNIQ mang đến sự kết hợp hoàn hảo giữa thiết kế tối giản và khả năng bảo vệ toàn diện, phù hợp cho nhu cầu sử dụng hàng ngày. Với mặt lưng nhựa cứng và viền dẻo TPU cao cấp, sản phẩm này đảm bảo mang lại cảm giác vừa vặn và chắc chắn trong tay mà không làm tăng độ dày của điện thoại. Phù hợp cho những ai yêu thích phong cách thanh lịch, nhưng vẫn đòi hỏi sự bảo vệ tốt cho iPhone 16 của mình. • Ốp lưng iPhone 16 Pro nổi bật với các góc được gia cố công nghệ AirLite. Những góc này không chỉ siêu mỏng mà còn có khả năng chịu lực cao, bảo vệ thiết bị khỏi va đập từ mọi hướng. Đặc biệt, viền xung quanh cụm ống kính còn được nâng lên để bảo vệ camera sau của thiết bị, tránh trầy xước và giữ cho ống kính được lành lặn. Mặt lưng được làm từ nhựa polycarbonate 3H, chống xước hiệu quả, giúp duy trì vẻ ngoài của máy mà không lo bị trầy sau thời gian dài sử dụng. Xem thêm"
op-lung-iphone-16-pro-max-magclick-charging-eleva-with-vertical-stand-nhua-cung-vien-deo-uniq,Ốp lưng MagSafe iPhone 16 Pro Max Nhựa cứng viền dẻo UNIQ MAGCLICK CHARGING ELEVA WITH VERTICAL STAND,"Ốp lưng MagSafe iPhone 16 Pro Max Nhựa cứng viền dẻo UNIQ MAGCLICK CHARGING ELEVA WITH VERTICAL STAND là sự giao thoa giữa vẻ đẹp tinh tế, khả năng bảo vệ tối ưu cùng tính tiện dụng tuyệt vời, hứa hẹn mang đến cho người dùng không chỉ sự an tâm mà còn phong cách độc đáo trong từng khoảnh khắc trải nghiệm. • Ốp lưng iPhone 16 Pro Max được trang bị những tính năng vượt trội nhằm mang đến sự bảo vệ tối đa cho điện thoại của bạn mà vẫn giữ được thiết kế thanh lịch. Với các góc bo cong sử dụng công nghệ AirLite, ốp lưng này giúp hấp thụ và phân tán lực va đập một cách tối ưu, giảm thiểu nguy cơ hư hỏng khi rơi hoặc va đập. Sản phẩm đã được thử nghiệm để chịu được độ rơi từ độ cao lên đến 8 feet (2,5 mét). Xem thêm"
op-lung-magsafe-iphone-16-pro-max-slim-nhua-cung-mipow,Ốp lưng MagSafe iPhone 16 Pro Max nhựa cứng Mipow Slim SM16D,Không có mô tả
op-lung-iphone-16-tempered-glass-nhua-cung-vien-deo-mipow-trong-ps16a-cr,Ốp lưng iPhone 16 nhựa cứng viền dẻo Mipow Tempered Glass PS16A-CR,Không có mô tả
op-lung-iphone-13-silicon,Ốp lưng iPhone 13 Silicone OSMIA,Không có mô tả
op-lung-iphone-13-nhua-deo-dagger-jm,Ốp lưng iPhone 13 Nhựa dẻo DAGGER JM,Không có mô tả
op-lung-iphone-14-nhua-cung-vien-deo-shock-hole-jm,Ốp lưng iPhone 14 Nhựa cứng viền dẻo SHOCK HOLE JM,Không có mô tả
op-lung-magsafe-iphone-15-pro-nhua-trong-apple-mt223,Ốp lưng Magsafe iPhone 15 Pro Nhựa trong Apple MT223,Không có mô tả
op-lung-magsafe-iphone-15-nhua-cung-vien-deo-mipow-tempered-glass-mgc15a-cr,Ốp lưng MagSafe iPhone 15 nhựa cứng viền dẻo Mipow Tempered Glass MGC15A-CR,Không có mô tả
op-lung-iphone-16-plus-nhua-cung-vien-deo-mipow-tempered-glass-ps16c-cr,Ốp lưng iPhone 16 Plus nhựa cứng viền dẻo Mipow Tempered Glass PS16C-CR,Không có mô tả
op-iphone-13-nhua-deo-logo-show-meeker-den,Ốp lưng iPhone 13 Nhựa dẻo Logo Show MEEKER,Không có mô tả
op-magsafe-iphone-14-nhua-cung-vien-deo-switcheasy-transparent-starfield-m,Ốp lưng MagSafe iPhone 14 Nhựa cứng viền dẻo SwitchEasy Starfield M,Không có mô tả
op-magsafe-iphone-15-pro-silicone-uniq-hybrid-magclick-lino-hue-liquid-grey,Ốp lưng MagSafe iPhone 15 Pro Silicone UNIQ HYBRID MAGCLICK CHARGING LINO HUE Liquid,Không có mô tả
op-lung-iphone-11-nhua-cung-vien-deo-1-6mm-kingxbar-trong,Ốp lưng iPhone 11 Nhựa cứng viền dẻo 1.6mm Kingxbar,Không có mô tả
op-lung-galaxy-z-fold6-nhua-cung-sieu-mong-samsung,Ốp lưng Galaxy Z Fold6 nhựa cứng siêu mỏng Samsung,Không có mô tả
op-lung-galaxy-z-fold6-nhua-cung-dung-kem-day-deo-samsung,Ốp lưng Galaxy Z Fold6 nhựa cứng Samsung,Không có mô tả
op-lung-iphone-16-plus-magclick-charging-clario-eco-nhua-cung-vien-deo-uniq,Ốp lưng MagSafe iPhone 16 Plus Nhựa cứng viền dẻo UNIQ MAGCLICK CHARGING CLARIO (ECO),Không có mô tả
op-lung-iphone-16-pro-max-magnetic-charging-verdure-nhua-tpu-iml-uniq,Ốp lưng MagSafe iPhone 16 Pro Max Nhựa TPU IML UNIQ MAGNETIC CHARGING VERDURE,Không có mô tả
op-lung-iphone-16-pro-max-huex-slim-nhua-cung-pc-laut,Ốp lưng MagSafe iPhone 16 Pro Max Nhựa cứng PC LAUT HUEX SLIM,Không có mô tả
op-lung-iphone-16-pro-slim-nhua-cung-mipow,Ốp lưng iPhone 16 Pro nhựa cứng Mipow Slim SL16B,Không có mô tả
op-lung-iphone-16-pro-max-slim-nhua-cung-mipow,Ốp lưng iPhone 16 Pro Max nhựa cứng Mipow Slim SL16D,Không có mô tả
op-iphone-13-pro-nhua-deo-sliipa-jm-nude,Ốp lưng iPhone 13 Pro Nhựa dẻo Sliipa JM,Không có mô tả
op-lung-iphone-13-nhua-deo-s-soft-case-osmia,Ốp lưng iPhone 13 Nhựa dẻo S Soft Case OSMIA,Không có mô tả
op-lung-galaxy-a14-nhua-deo-tpu-co-khe-dung-the-samsung,Ốp lưng Galaxy A14 Nhựa dẻo TPU có khe đựng thẻ Samsung,Không có mô tả
op-lung-galaxy-s21-fe-nhua-cung-pc-araree-nukin-chinh-hang,Ốp lưng Galaxy S21 FE Nhựa cứng PC ARAREE NUKIN,Không có mô tả
op-lung-galaxy-s22-ultra-nhua-deo-tpu-araree-flexield-den-chinh-hang,Ốp lưng Galaxy S22 Ultra Nhựa dẻo TPU ARAREE FLEXIELD,Không có mô tả
op-magsafe-iphone-15-pro-max-nhua-cung-uniq-hybrid-lifepro-af-smoke-blue,Ốp lưng MagSafe iPhone 15 Pro Max Nhựa cứng viền dẻo UNIQ HYBRID MAGCLICK CHARGING LIFEPRO XTREME (AF),Không có mô tả
op-lung-iphone-15-pro-max-nhua-deo-tpu-araree-flexield-clear,Ốp lưng iPhone 15 Pro Max Nhựa dẻo TPU Araree FLEXIELD,Không có mô tả
op-lung-galaxy-a15-nhua-cung-vien-deo-jm-pure-ii,Ốp lưng Galaxy A15 Nhựa cứng viền dẻo JM Pure II,Không có mô tả
op-lung-galaxy-a15-nhua-deo-samsung-smapp-trong,Ốp lưng Galaxy A15 Nhựa dẻo Samsung SMAPP,Không có mô tả
op-lung-galaxy-m15-nhua-deo-samsung-smapp,Ốp lưng Galaxy M15 nhựa dẻo Samsung SMAPP,Không có mô tả
op-lung-iphone-16-magclick-charging-lifepro-xtreme-af-nhua-cung-vien-deo-uniq,Ốp lưng MagSafe iPhone 16 Nhựa cứng viền dẻo UNIQ MAGCLICK CHARGING LIFEPRO XTREME (AF),Không có mô tả
op-lung-iphone-16-plus-lifepro-xtreme-nhua-cung-vien-deo-uniq,Ốp lưng iPhone 16 Plus Nhựa cứng viền dẻo UNIQ LIFEPRO XTREME,Không có mô tả
op-lung-iphone-16-plus-magclick-charging-lifepro-xtreme-af-nhua-cung-vien-deo-uniq,Ốp lưng MagSafe iPhone 16 Plus Nhựa cứng viền dẻo UNIQ MAGCLICK CHARGING LIFEPRO XTREME (AF),Không có mô tả
op-lung-iphone-16-pro-max-magnetic-charging-celest-nhua-tpu-iml-uniq,Ốp lưng MagSafe iPhone 16 Pro Max Nhựa TPU IML UNIQ MAGNETIC CHARGING CELEST,Không có mô tả
op-lung-iphone-16-plus-crystal-matter-nhua-cung-vien-deo-laut-crystal,Ốp lưng MagSafe iPhone 16 Plus Nhựa cứng viền dẻo LAUT Crystal Matter,Không có mô tả
op-lung-iphone-16-pro-max-crystal-hybrid-magfit-spigen,Ốp lưng MagSafe iPhone 16 Pro Max SPIGEN Crystal Hybrid MagFit ACS08032,Không có mô tả
op-lung-iphone-13-silicon-osmia-cam,Ốp lưng iPhone 13 Silicon OSMIA,Không có mô tả
op-iphone13-pro-max-nhua-deo-rainbow-pure-jm-trong,Ốp lưng iPhone 13 Pro Max Nhựa dẻo RAINBOW PURE JM,Không có mô tả
op-lung-iphone-13-nhua-deo-tpu-injection-kingxbar,Ốp lưng iPhone 13 Nhựa dẻo TPU Injection Kingxbar,Không có mô tả
op-lung-iphone-14-pro-nhua-cung-vien-deo-clear-cosano-vien-xanh-duong,Ốp lưng iPhone 14 Pro Nhựa cứng viền dẻo Clear COSANO,Không có mô tả
op-lung-iphone-14-plus-nhua-cung-vien-deo-big-eye-jm,Ốp lưng iPhone 14 Plus Nhựa cứng viền dẻo BIG EYE JM,Không có mô tả
op-lung-iphone-14-pro-max-nhua-deo-mets-candy-tpu-jm,Ốp lưng iPhone 14 Pro Max Nhựa dẻo METS CANDY TPU JM,Không có mô tả
op-lung-iphone-14-pro-max-silicone-jm-case,Ốp lưng iPhone 14 Pro Max Silicone JM CASE,Không có mô tả
op-lung-iphone-14-pro-nhua-deo-jm-ducth-tpu,Ốp lưng iPhone 14 Pro Nhựa dẻo JM DUCTH TPU,Không có mô tả
bao-da-galaxy-s23-fe-samsung-thong-minh-xanh,Bao da Galaxy S23 FE Samsung Thông minh,Không có mô tả
op-lung-galaxy-s23-fe-nhua-cung-pc-araree-nukin-clear,Ốp lưng Galaxy S23 FE Nhựa cứng PC Araree NUKIN Clear,Không có mô tả
op-magsafe-iphone-15-nhua-cung-uniq-hybrid-lifepro-af-frost-clear,Ốp lưng MagSafe iPhone 15 Nhựa cứng viền dẻo UNIQ HYBRID MAGCLICK CHARGING LIFEPRO XTREME (AF),Không có mô tả
bao-da-galaxy-a35-samsung-thong-minh,Bao da Galaxy A35 Samsung Thông minh,Không có mô tả
op-lung-iphone-16-pro-magclick-charging-lifepro-xtreme-nhua-cung-vien-deo-uniq,Ốp lưng MagSafe iPhone 16 Pro Nhựa cứng viền dẻo UNIQ MAGCLICK CHARGING LIFEPRO XTREME,Không có mô tả
op-lung-iphone-16-pro-max-magclick-charging-lifepro-xtreme-nhua-cung-vien-deo-uniq,Ốp lưng MagSafe iPhone 16 Pro Max Nhựa cứng viền dẻo UNIQ MAGCLICK CHARGING LIFEPRO XTREME,Không có mô tả
op-lung-iphone-16-pro-max-heldro-max-magclick-with-camera-stand-nhua-tpu-pc-alu-uniq,Ốp lưng MagSafe iPhone 16 Pro Max Nhựa TPU PC ALU UNIQ HELDRO MAX MAGCLICK WITH CAMERA STAND,Không có mô tả
op-lung-iphone-16-pro-max-magclick-charging-clario-eco-nhua-cung-vien-deo-uniq,Ốp lưng MagSafe iPhone 16 Pro Max Nhựa cứng viền dẻo UNIQ MAGCLICK CHARGING CLARIO (ECO),Không có mô tả
op-lung-galaxy-s25-silicone-pc-tpu-samsung,Ốp lưng Galaxy S25 Silicone PC TPU Samsung,Không có mô tả
op-iphone-13-pro-deo-bare-feeling-tpu-cosano,Ốp lưng iPhone 13 Pro Nhựa dẻo Bare Feeling TPU COSANO,Không có mô tả
op-lung-iphone-13-pro-nhua-deo-comu-jm-cam,Ốp lưng iPhone 13 Pro Nhựa dẻo COMU JM,Không có mô tả
op-iphone-13-pro-max-deo-pp-20s-osmia-xam,Ốp lưng iPhone 13 Pro Max Nhựa dẻo PP-20s OSMIA,Không có mô tả
op-iphone-13-pro-nhua-deo-logo-show-meeker,Ốp lưng iPhone 13 Pro Nhựa dẻo Logo Show MEEKER,Không có mô tả
op-lung-iphone-13-pro-max-silicon-osmia-do,Ốp lưng iPhone 13 Pro Max Silicon OSMIA,Không có mô tả
op-lung-iphone-13-pro-nhua-deo-candy-tpu-meeker-xanh,Ốp lưng iPhone 13 Pro Nhựa dẻo Candy TPU MEEKER,Không có mô tả
op-lung-galaxy-s22-nhua-cung-vien-deo-samsung-trong,Ốp lưng Galaxy S22 Nhựa cứng viền dẻo Samsung,Không có mô tả
op-lung-magsafe-iphone-14-pro-candy-silicone-jm,Ốp lưng Magsafe iPhone 14 Pro Candy Silicone JM,Không có mô tả
op-lung-iphone-14-pro-max-magsafe-candy-silicone-jm-xanh-duong-nhat,Ốp lưng Magsafe iPhone 14 Pro Max Candy Silicone JM,Không có mô tả
op-lung-iphone-14-pro-max-nhua-cung-vien-deo-magsafe-freelander-i-jm,Ốp lưng MagSafe iPhone 14 Pro Max Nhựa cứng viền dẻo FREELANDER I JM,Không có mô tả
op-lung-iphone-14-pro-max-nhua-deo-wavw-sweeit-tpu-jm,Ốp lưng iPhone 14 Pro Max Nhựa dẻo WAVW SWEEIT TPU JM,Không có mô tả
op-lung-galaxy-a14-nhua-cung-samsung,Ốp lưng Galaxy A14 Nhựa cứng Samsung,Không có mô tả
op-lung-galaxy-a34-nhua-deo-tpu-co-khe-dung-the-samsung-chinh-hang,Ốp lưng Galaxy A34 Nhựa dẻo TPU có khe đựng thẻ Samsung,Không có mô tả
op-lung-galaxy-a54-silicone-samsung-den,Ốp lưng Galaxy A54 Silicone Samsung,Không có mô tả
op-lung-galaxy-a54-nhua-cung-samsung-trong,Ốp lưng Galaxy A54 Nhựa cứng Samsung,Không có mô tả
op-lung-iphone-14-nhua-cung-vien-deo-laut-black-huex-crystal,Ốp lưng iPhone 14 Nhựa cứng viền dẻo Laut HUEX CRYSTAL,Không có mô tả
op-lung-galaxy-z-flip5-nhua-cung-samsung-thong-minh-chinh-hang,Ốp lưng Galaxy Z Flip5 Nhựa cứng Samsung Thông minh,Không có mô tả
op-magsafe-iphone-15-pro-max-nhua-cung-vien-deo-laut-revive-prop-crystal,Ốp lưng Magsafe iPhone 15 Pro Max Nhựa cứng viền dẻo LAUT REVIVE PROP,Không có mô tả
op-magsafe-ip15-pro-nhua-cung-uniq-hybrid-magclick-lifepro-af-smoke-blue,Ốp lưng MagSafe iPhone 15 Pro Nhựa cứng viền dẻo UNIQ HYBRID MAGCLICK CHARGING LIFEPRO XTREME (AF),Không có mô tả
op-lung-magsafe-iphone-14-pro-max-nhua-cung-vien-deo-cosano-metal,Ốp lưng MagSafe iPhone 14 Pro Max Nhựa cứng viền dẻo COSANO Metal,Không có mô tả
op-lung-magsafe-iphone-14-pro-nhua-cung-vien-deo-jm-freelander-i,Ốp lưng MagSafe iPhone 14 Pro Nhựa cứng viền dẻo JM FREELANDER I,Không có mô tả
op-lung-iphone-15-nhua-cung-vien-deo-jm-bayer-ii,Ốp lưng iPhone 15 Nhựa cứng viền dẻo JM Bayer II,Không có mô tả
op-lung-galaxy-s23-fe-nhua-cung-pc-samsung-trong,Ốp lưng Galaxy S23 FE Nhựa cứng PC Samsung,Không có mô tả
op-lung-magsafe-iphone-15-nhua-cung-vien-deo-araree-duple-m-clear,Ốp lưng MagSafe iPhone 15 Nhựa cứng viền dẻo Araree Duple M,Không có mô tả
op-lung-galaxy-a25-nhua-cung-samsung-trong,Ốp lưng Galaxy A25 Nhựa cứng Samsung,Không có mô tả
op-lung-galaxy-s24-ultra-nhua-cung-vien-deo-samsung-kem-day-dung-tim-than,Ốp lưng Galaxy S24 Ultra Nhựa cứng viền dẻo Samsung kèm dây đứng,Không có mô tả
op-lung-galaxy-a35-nhua-deo-tpu-samsung-co-khe-dung-the,Ốp lưng Galaxy A35 Nhựa dẻo TPU có khe đựng thẻ Samsung,Không có mô tả
op-lung-iphone-16-pro-magclick-magclick-charging-lyden-da-pu-alu-uniq,Ốp lưng MagSafe iPhone 16 Pro Da PU Alu UNIQ MAGCLICK MAGCLICK CHARGING LYDEN,Không có mô tả
op-lung-iphone-16-pro-magnetic-charging-lumino-nhua-tpu-iml-uniq,Ốp lưng MagSafe iPhone 16 Pro Nhựa TPU IML UNIQ MAGNETIC CHARGING LUMINO,Không có mô tả
op-lung-iphone-16-pro-max-magclick-magclick-charging-lyden-da-pu-alu-uniq,Ốp lưng MagSafe iPhone 16 Pro Max Da PU Alu UNIQ MAGCLICK MAGCLICK CHARGING LYDEN,Không có mô tả
op-lung-iphone-16-pro-max-aero-sparkle-nhua-cung-vien-deo-laut-crystal-silver,Ốp lưng MagSafe iPhone 16 Pro Max Nhựa cứng viền dẻo LAUT Aero Sparkle,Không có mô tả
op-lung-iphone-16-pro-max-crystal-matter-x-nhua-cung-pc-laut-crystal,Ốp lưng MagSafe iPhone 16 Pro Max Nhựa cứng PC LAUT Crystal Matter X,Không có mô tả
op-lung-iphone-16-pro-max-shield-nhua-cung-vien-deo-laut,Ốp lưng MagSafe iPhone 16 Pro Max Nhựa cứng viền dẻo LAUT SHIELD,Không có mô tả
op-lung-magsafe-iphone-16-pro-slim-nhua-cung-mipow-sm16b-wt,Ốp lưng MagSafe iPhone 16 Pro Magsafe nhựa cứng Mipow Slim SM16B-WT,Không có mô tả
vi-da-magsafe-apple-vai-tinh-det,Ví Vải tinh dệt MagSafe Apple,Không có mô tả
op-lung-galaxy-s25-nhua-pc-tpu-samsung-sieu-bao-ve,Ốp lưng Galaxy S25 Nhựa PC TPU Samsung,Không có mô tả
op-lung-apple-iphone-16e-silicone,Ốp Lưng Apple iPhone 16e Silicone,Không có mô tả
op-lung-iphone-11-cung-vien-deo-glass-duo-jm-trang,Ốp lưng iPhone 11 Nhựa cứng viền dẻo Glass Duo JM,Không có mô tả
op-lung-iphone-11-cung-vien-deo-tempered-glass,Ốp lưng iPhone 11 Nhựa cứng viền dẻo Tempered glass OSMIA Kẹo ngọt,Không có mô tả
op-iphone-13-deo-basic-tpu-cosano-nude,Ốp lưng iPhone 13 Nhựa dẻo Basic TPU COSANO,Không có mô tả
op-13-pro-cung-vien-deo-tpu-pc-case-cosano,Ốp lưng iPhone 13 Pro Nhựa cứng viền dẻo Twill TPU PC Case COSANO,Không có mô tả
op-iphone-13-pro-max-nhua-deo-moline-jm-gold,Ốp lưng iPhone 13 Pro Max Nhựa dẻo MOLINE JM,Không có mô tả
op-iphone-13-pro-max-nhua-deo-sliipa-jm-nude,Ốp lưng iPhone 13 Pro Max Nhựa dẻo Sliipa JM,Không có mô tả
op-lung-iphone-13-pro-nhua-deo-pp-20s-osmia-den,Ốp lưng iPhone 13 Pro Nhựa dẻo PP-20s OSMIA,Không có mô tả
op-lung-iphone-13-pro-nhua-deo-litchi-grain-osmia,Ốp lưng iPhone 13 Pro Nhựa Dẻo Litchi Grain OSMIA,Không có mô tả
op-iphone-13-pro-nhua-deo-magic-straight-meeker,Ốp lưng iPhone 13 Pro Nhựa dẻo Magic Straight MEEKER,Không có mô tả
op-lung-iphone-13-pro-kinh-vien-deo-rainbow-osmia,Ốp lưng iPhone 13 Pro Kính viền dẻo Rainbow OSMIA,Không có mô tả
op-iphone-13-pro-max-magnetic-candy-silicone-jm,Ốp lưng iPhone 13 Pro Max Magnetic Candy Silicone JM,Không có mô tả
op-lung-iphone-13-pro-nhua-deo-tpu-injection-kingxbar,Ốp lưng iPhone 13 Pro Nhựa dẻo TPU Injection Kingxbar,Không có mô tả
op-lung-iphone-13-pro-max-nhua-deo-candy-tpu-meeker,Ốp lưng iPhone 13 Pro Max Nhựa dẻo Candy TPU MEEKER,Không có mô tả
op-lung-galaxy-s22-plus-nhua-cung-vien-deo-protective-standing-samsung,Ốp lưng Galaxy S22+ Nhựa cứng viền dẻo Protective Standing Samsung,Không có mô tả
op-lung-iphone-14-pro-max-nhua-cung-vien-deo-summer-cosano,Ốp lưng iPhone 14 Pro Max Nhựa cứng viền dẻo Summer COSANO,Không có mô tả
op-lung-iphone-14-pro-max-nhua-cung-vien-deo-metal-cosano,Ốp lưng iPhone 14 Pro Max Nhựa cứng viền dẻo Metal COSANO,Không có mô tả
op-lung-iphone-14-plus-nhua-deo-kingxbar,Ốp lưng iPhone 14 Plus Nhựa dẻo Kingxbar,Không có mô tả
op-lung-iphone-14-nhua-deo-uniq-hybrid-air-fender-trong,Ốp lưng cho iPhone 14 Nhựa dẻo UniQ Hybrid Air Fender,Không có mô tả
op-lung-magsafe-iphone-14-plus-kinh-vien-deo-glass-gra-simple-jm,Ốp lưng MagSafe iPhone 14 Plus Kính viền dẻo GLASS GRA-SIMPLE JM,Không có mô tả
op-lung-magsafe-iphone-14-pro-kinh-vien-deo-glass-gra-simple-jm,Ốp lưng MagSafe iPhone 14 Pro Kính viền dẻo GLASS GRA-SIMPLE JM,Không có mô tả
op-lung-iphone-14-silicone-case-jm,Ốp lưng iPhone 14 SILICONE CASE JM,Không có mô tả
op-lung-galaxy-s23-nhua-deo-araree-flexield-trong,Ốp lưng Galaxy S23 Nhựa dẻo ARAREE FLEXIELD,Không có mô tả
bao-da-galaxy-a54-smart-clear-view-samsung-chinh-hang,Bao da Galaxy A54 Smart Clear View Samsung,Không có mô tả
op-lung-iphone-14-nhua-deo-da-pu-laut-pink-hearts-motif,Ốp lưng iPhone 14 Nhựa dẻo Da PU Laut MOTIF Hearts,Không có mô tả
op-iphone-14-nhua-cung-vien-deo-switcheasy-leather-black-mageasy-odyssey-m,Ốp lưng iPhone 14 Nhựa cứng viền dẻo SwitchEasy MagEasy Odyssey M,Không có mô tả
op-lung-iphone-13-pro-nhua-cung-vien-deo-uniq-arctic-blue-hybrid-combat,Ốp lưng iPhone 13 Pro Nhựa cứng viền dẻo UNIQ HYBRID COMBAT Chính hãng,Không có mô tả
op-lung-iphone-14-nhua-cung-vien-deo-uniq-blanc-white-hybrid-combat,Ốp lưng iPhone 14 Nhựa cứng viền dẻo UNIQ HYBRID COMBAT,Không có mô tả
op-lung-iphone-14-nhua-cung-vien-deo-uniq-dusk-blue-coehl,Ốp lưng iPhone 14 Nhựa cứng viền dẻo UNIQ COEHL,Không có mô tả
op-magsafe-iphone14-nhua-cung-dapu-uniq-ebony-black-hybrid-magclickcharging,Ốp lưng MagSafe iPhone 14 Nhựa cứng viền dẻo da PU UNIQ HYBRID MAGCLICK CHARGING TRANSFORMA Chính hãng,Không có mô tả
op-lung-galaxy-s21-fe-nhua-deo-tpu-araree-flexield-chinh-hang,Ốp lưng Galaxy S21 FE Nhựa dẻo TPU ARAREE FLEXIELD,Không có mô tả
vi-da-magsafe-cho-iphone-uniq-lyft-magnetic-snap-on-stand,Ví da Magsafe iPhone UNIQ LYFT MAGNETIC SNAP-ON STAND,Không có mô tả
op-lung-galaxy-z-flip5-nhua-cung-samsung-linh-hoat-chinh-hang,Ốp lưng Galaxy Z Flip5 Nhựa cứng Samsung Linh hoạt,Không có mô tả
op-lung-galaxy-a34-nhua-cung-vien-deo-pure-ii-jm,Ốp lưng Galaxy A34 Nhựa cứng viền dẻo Pure II JM,Không có mô tả
op-magsafe-iphone15-nhua-cung-uniq-hybrid-magclick-combat-duo-blue-pink,Ốp lưng Magsafe iPhone 15 Nhựa cứng viền dẻo UNIQ HYBRID MAGCLICK CHARGING COMBAT DUO,Không có mô tả
op-magsafe-iphone-15-pro-nhua-deo-iml-uniq-coehl-magnetic-palette-dusk-blue,Ốp lưng MagSafe iPhone 15 Pro Nhựa dẻo IML UNIQ COEHL MAGNETIC CHARGING PALETTE,Không có mô tả
op-iphone-15-pro-max-nhua-cung-vien-deo-uniq-hybrid-lifepro-xtreme-clear,Ốp lưng iPhone 15 Pro Max Nhựa cứng viền dẻo UNIQ HYBRID LIFEPRO XTREME,Không có mô tả
op-magsafe-iphone-15-pro-max-nhua-cung-uniq-hybrid-combat-af-frost-grey,Ốp lưng MagSafe iPhone 15 Pro Max Nhựa cứng viền dẻo UNIQ HYBRID MAGCLICK CHARGING COMBAT (AF),Không có mô tả
op-lung-iphone-14-pro-silicone-jm-case-xanh-duong-nhat,Ốp lưng iPhone 14 Pro Silicone JM CASE,Không có mô tả
op-lung-iphone-15-pro-nhua-cung-vien-deo-mipow-tempered-glass-ps15c-cr,Ốp lưng iPhone 15 Pro Nhựa cứng viền dẻo Mipow Tempered Glass PS15C-CR,Không có mô tả
op-magsafe-iphone-15-pro-max-nhua-cung-vien-deo-tgvis-grace-neon-orange,Ốp lưng Magsafe iPhone 15 Pro Max Nhựa cứng viền dẻo TGVIS GRACE NEON,Không có mô tả
op-lung-iphone-15-pro-nhua-deo-tpu-araree-flexield-clear,Ốp lưng iPhone 15 Pro Nhựa dẻo TPU Araree FLEXIELD,Không có mô tả
op-lung-iphone-15-pro-max-nhua-cung-pc-araree-nukin-clear,Ốp lưng iPhone 15 Pro Max Nhựa cứng PC Araree NUKIN,Không có mô tả
op-lung-magsafe-iphone-15-pro-max-nhua-cung-vien-deo-araree-duple-m-clear,Ốp lưng MagSafe iPhone 15 Pro Max Nhựa cứng viền dẻo Araree Duple M,Không có mô tả
op-lung-magsafe-iphone-15-pro-nhua-cung-vien-deo-jcpal-dualpro-trong,Ốp lưng MagSafe iPhone 15 Pro Nhựa cứng viền dẻo JCPAL DualPro,Không có mô tả
op-lung-magsafe-iphone-15-pro-max-nhua-cung-vien-deo-jcpal-dualpro-trong,Ốp lưng MagSafe iPhone 15 Pro Max Nhựa cứng viền dẻo JCPAL DualPro,Không có mô tả
op-lung-galaxy-a05s-nhua-deo-tpu-samsung-trong,Ốp lưng Galaxy A05s Nhựa dẻo TPU Samsung,Không có mô tả
op-lung-galaxy-m54-5g-nhua-cung-vien-deo-pure-ii-jm,Ốp lưng Galaxy M54 5G Nhựa cứng viền dẻo Pure II JM,Không có mô tả
op-lung-magsafe-galaxy-s23-fe-nhua-cung-vien-deo-araree-duple-m-clear,Ốp lưng MagSafe Galaxy S23 FE Nhựa cứng viền dẻo Araree Duple M Clear,Không có mô tả
op-lung-galaxy-a05-silicone-jm-candy-be,Ốp lưng Galaxy A05 Silicone JM Candy,Không có mô tả
op-lung-xiaomi-redmi-13c-nhua-cung-vien-deo-cosano-pure-trong,Ốp lưng Xiaomi Redmi 13C Nhựa cứng viền dẻo COSANO Pure,Không có mô tả
op-lung-galaxy-a25-nhua-deo-samsung-smapp-trong,Ốp lưng Galaxy A25 Nhựa dẻo Samsung SMAPP,Không có mô tả
op-lung-magsafe-iphone-15-pro-max-nhua-cung-pc-jm-ditto-black-matte,Ốp lưng MagSafe iPhone 15 Pro Max Nhựa cứng PC JM Ditto,Không có mô tả
op-lung-galaxy-a55-nhua-deo-smapp-samsung,Ốp lưng Galaxy A55 Nhựa dẻo Samsung SMAPP,Không có mô tả
op-lung-galaxy-a35-silicone-samsung,Ốp lưng Galaxy A35 Silicone Samsung,Không có mô tả
op-lung-magsafe-iphone-15-pro-nhua-cung-vien-deo-uniq-hybrid-magclick-charging-lifepro-xtreme-af-frost-clear,Ốp lưng MagSafe iPhone 15 Pro Nhựa cứng viền dẻo UNIQ HYBRID MAGCLICK CHARGING LIFEPRO XTREME (AF),Không có mô tả
op-lung-galaxy-m54-5g-nhua-deo-tpu-araree-flexield-clear,Ốp lưng Galaxy M54 5G Nhựa dẻo TPU Araree Flexield Clear,Không có mô tả
op-lung-galaxy-z-flip6-da-thuc-vat-samsung,Ốp lưng Galaxy Z Flip6 Da thực vật Samsung,Không có mô tả
op-lung-galaxy-m55-nhua-cung-vien-deo-pure-ii-jm,Ốp lưng Galaxy M55 Nhựa cứng viền dẻo Pure II JM,Không có mô tả
op-lung-iphone-16-pro-heldro-max-magclick-with-camera-stand-nhua-tpu-pc-alu-uniq,Ốp lưng MagSafe iPhone 16 Pro Nhựa TPU PC ALU UNIQ HELDRO MAX MAGCLICK WITH CAMERA STAND,Không có mô tả
op-lung-iphone-16-pro-magnetic-charging-verdure-nhua-tpu-iml-uniq,Ốp lưng MagSafe iPhone 16 Pro Nhựa TPU IML UNIQ MAGNETIC CHARGING VERDURE,Không có mô tả
op-lung-iphone-16-pro-magclick-charging-eleva-with-vertical-stand-nhua-cung-vien-deo-uniq,Ốp lưng MagSafe iPhone 16 Pro Nhựa cứng viền dẻo UNIQ MAGCLICK CHARGING ELEVA WITH VERTICAL STAND,Không có mô tả
op-lung-iphone-16-pro-max-magnetic-charging-lumino-nhua-tpu-iml-uniq,Ốp lưng MagSafe iPhone 16 Pro Max Nhựa TPU IML UNIQ MAGNETIC CHARGING LUMINO,Không có mô tả
op-lung-iphone-16-crystal-matter-x-nhua-cung-pc-laut-crystal,Ốp lưng MagSafe iPhone 16 Nhựa cứng PC LAUT Crystal Matter X,Không có mô tả
op-lung-iphone-16-pro-aero-sparkle-nhua-cung-vien-deo-laut-crystal,Ốp lưng MagSafe iPhone 16 Pro Nhựa cứng viền dẻo LAUT Aero Sparkle,Không có mô tả
op-lung-iphone-16-pro-crystal-matter-nhua-cung-vien-deo-laut-crystal,Ốp lưng MagSafe iPhone 16 Pro Nhựa cứng viền dẻo LAUT Crystal Matter,Không có mô tả
op-lung-iphone-16-pro-holo-nhua-cung-vien-deo-laut,Ốp lưng MagSafe iPhone 16 Pro Nhựa cứng viền dẻo LAUT HOLO,Không có mô tả
op-lung-iphone-16-pro-shield-nhua-cung-vien-deo-laut-black,Ốp lưng MagSafe iPhone 16 Pro Nhựa cứng viền dẻo LAUT SHIELD,Không có mô tả
op-lung-iphone-16-pro-protect-nhua-cung-vien-deo-laut,Ốp lưng MagSafe iPhone 16 Pro Nhựa cứng viền dẻo LAUT PROTECT,Không có mô tả
op-lung-iphone-16-pro-max-crystal-m-nhua-cung-vien-deo-laut-crystal,Ốp lưng MagSafe iPhone 16 Pro Max Nhựa cứng viền dẻo LAUT Crystal-M,Không có mô tả
op-lung-iphone-16-pro-max-crystal-matter-nhua-cung-vien-deo-laut-crystal,Ốp lưng MagSafe iPhone 16 Pro Max Nhựa cứng viền dẻo LAUT Crystal Matter,Không có mô tả
op-lung-iphone-16-pro-max-holo-nhua-cung-vien-deo-laut-pearl,Ốp lưng MagSafe iPhone 16 Pro Max Nhựa cứng viền dẻo LAUT HOLO,Không có mô tả
op-lung-iphone-16-pro-max-protect-nhua-cung-vien-deo-laut,Ốp lưng MagSafe iPhone 16 Pro Max Nhựa cứng viền dẻo LAUT PROTECT,Không có mô tả
op-lung-magsafe-iphone-16-pro-tempered-glass-nhua-cung-vien-deo-mipow-mgc16b-cr,Ốp lưng MagSafe iPhone 16 Pro Magsafe nhựa cứng viền dẻo Mipow Tempered Glass MGC16B-CR,Không có mô tả
op-lung-iphone-16-pro-max-ultra-thin-nhua-deo-tpu-mipow-st16d-cr,Ốp lưng iPhone 16 Pro Max nhựa dẻo TPU Mipow Ultra Thin ST16D-CR,Không có mô tả
op-lung-iphone-16-pro-max-liquid-crystal-spigen,Ốp lưng iPhone 16 Pro Max Nhựa TPU SPIGEN Liquid Crystal ACS07984,Không có mô tả
op-lung-iphone-15-pro-max-coehl-magnetic-charging-prairie-nhua-deo-iml-uniq,Ốp lưng MagSafe iPhone 15 Pro Max Nhựa dẻo IML UNIQ COEHL MAGNETIC CHARGING PRAIRIE,Không có mô tả
op-lung-iphone-11-nhua-cung-vien-deo-ckac664-hoa,Ốp lưng iPhone 11 Nhựa cứng viền dẻo Tempered glass OSMIA CKAC664 Hoa,Không có mô tả
op-lung-iphone-11-deo-matte-osmia-ckac741-la-xanh,Ốp lưng iPhone 11 Nhựa dẻo Matte IMD 360 OSMIA CKAC741,Không có mô tả
op-lung-iphone-11-nhua-deo-shell-imd-osmia-da-bao,Ốp lưng iPhone 11 Nhựa dẻo Shell IMD OSMIA Da báo,Không có mô tả
op-iphone-13-pro-nhua-deo-como-handle-jm-den,Ốp lưng iPhone 13 Pro Nhựa dẻo COMO HANDLE JM,Không có mô tả
op-iphone-13-pro-max-deo-litchi-grain-osmia-nau,Ốp lưng iPhone 13 Pro Max Nhựa dẻo Litchi Grain OSMIA,Không có mô tả
op-lung-iphone-13-nhua-deo-matte-20s-osmia-do,Ốp lưng iPhone 13 Nhựa Dẻo Matte-20s OSMIA,Không có mô tả
op-iphone-13-pro-max-kinh-deo-rainbow-osmia,Ốp lưng iPhone 13 Pro Max Kính viền dẻo Rainbow OSMIA,Không có mô tả
op-lung-galaxy-s22-plus-nhua-cung-vien-deo-clear-samsung,Ốp lưng Galaxy S22+ Nhựa cứng viền dẻo Clear Samsung,Không có mô tả
op-lung-iphone-14-pro-max-nhua-cung-vien-deo-clear-cosano-vien-tim,Ốp lưng iPhone 14 Pro Max Nhựa cứng viền dẻo Clear COSANO,Không có mô tả
op-lung-magsafe-iphone-14-plus-candy-silicone-jm-hong,Ốp lưng Magsafe iPhone 14 Plus Candy Silicone JM,Không có mô tả
op-lung-iphone-14-plus-silicone-case-jm,Ốp lưng iPhone 14 Plus SILICONE CASE JM,Không có mô tả
bao-da-galaxy-a34-samsung-smart-clear-view,Bao da Galaxy A34 Smart Clear View Samsung,Không có mô tả
bao-da-galaxy-a34-samsung-smart-clear-view-chinh-hang,Bao da Galaxy A34 Smart Clear View Samsung,Không có mô tả
op-lung-galaxy-a34-nhua-cung-samsung-chinh-hang,Ốp lưng Galaxy A34 Nhựa cứng Samsung,Không có mô tả
op-lung-galaxy-a54-nhua-cung-vien-deo-crystal-pure-jm-trong,Ốp lưng Galaxy A54 Nhựa cứng viền dẻo CRYSTAL PURE JM,Không có mô tả
op-lung-magsafe-iphone-14-nhua-cung-vien-deo-laut-black-crystal-m,Ốp lưng MagSafe iPhone 14 Nhựa cứng viền dẻo Laut Crystal M,Không có mô tả
op-lung-magsafe-iphone-14-nhua-cung-vien-deo-laut-black-crystal-crystal-matter,Ốp lưng MagSafe iPhone 14 Nhựa cứng viền dẻo Laut Crystal Matter,Không có mô tả
op-lung-iphone-14-nhua-cung-vien-deo-laut-olive-shield,Ốp lưng iPhone 14 Nhựa cứng viền dẻo Laut SHIELD,Không có mô tả
op-lung-iphone-14-plus-nhua-cung-vien-deo-laut-pearl-holo,Ốp lưng iPhone 14 Plus Nhựa cứng viền dẻo Laut HOLO,Không có mô tả
op-lung-iphone-14-pro-nhua-deo-tpu-vai-cordura-laut-indigo-urban,Ốp lưng iPhone 14 Pro Nhựa dẻo TPU vải Cordura Laut URBAN,Không có mô tả
op-lung-iphone-14-pro-nhua-cung-vien-deo-laut-pearl-holo,Ốp lưng iPhone 14 Pro Nhựa cứng viền dẻo Laut HOLO,Không có mô tả
op-lung-iphone-13-pro-nhua-cung-vien-deo-switcheasy-transparent-alos,Ốp lưng iPhone 13 Pro Nhựa cứng viền dẻo SwitchEasy ALOS Chính hãng,Không có mô tả
op-magsafe-iphone14-nhua-cung-vien-deo-switcheasy-transparent-mageasy-atomm,Ốp lưng MagSafe iPhone 14 Nhựa cứng viền dẻo SwitchEasy MagEasy Atom M,Không có mô tả
op-lung-iphone-14-nhua-cung-vien-deo-switcheasy-transparent-starfield,Ốp lưng iPhone 14 Nhựa cứng viền dẻo SwitchEasy Starfield,Không có mô tả
op-lung-iphone-14-nhua-cung-vien-deo-switcheasy-frozen-starfield,Ốp lưng iPhone 14 Nhựa cứng viền dẻo SwitchEasy Starfield,Không có mô tả
op-lung-iphone-14-plus-nhua-cung-vien-deo-switcheasy-twilight-starfield,Ốp lưng iPhone 14 Plus Nhựa cứng viền dẻo SwitchEasy Starfield,Không có mô tả
op-lung-iphone-14-pro-nhua-cung-vien-deo-switcheasy-frozen-starfield,Ốp lưng iPhone 14 Pro Nhựa cứng viền dẻo SwitchEasy Starfield,Không có mô tả
op-lung-iphone-14-nhua-cung-vien-deo-uniq-iridescent-lifepro-xtreme,Ốp lưng iPhone 14 Nhựa cứng viền dẻo UNIQ LIFEPRO XTREME,Không có mô tả
op-lung-galaxy-a54-nhua-cung-vien-deo-pure-ii-jm,Ốp lưng Galaxy A54 Nhựa cứng viền dẻo Pure II JM,Không có mô tả
op-lung-magsafe-iphone-15-pro-max-nhua-cung-vien-deo-laut-holo-pearl,Ốp lưng Magsafe iPhone 15 Pro Max Nhựa cứng viền dẻo LAUT Holo,Không có mô tả
op-lung-magsafe-iphone-15-pro-max-nhua-deo-tpu-laut-huex-protect-dark-blue,Ốp lưng Magsafe iPhone 15 Pro Max Nhựa dẻo TPU LAUT HUEX PROTECT,Không có mô tả
op-magsafe-iphone-15-pro-max-silicone-uniq-hybrid-lino-hue-liquid-blue,Ốp lưng MagSafe iPhone 15 Pro Max Silicone UNIQ HYBRID MAGCLICK CHARGING LINO HUE Liquid,Không có mô tả
op-lung-iphone-15-pro-max-nhua-deo-iml-uniq-coehl-linear-stardust,Ốp lưng iPhone 15 Pro Max Nhựa dẻo IML UNIQ COEHL LINEAR,Không có mô tả
op-lung-iphone-15-pro-max-nhua-deo-tpu-mipow-ultra-thin-st15d-cr,Ốp lưng iPhone 15 Pro Max Nhựa dẻo TPU Mipow Ultra Thin ST15D-CR,Không có mô tả
op-magsafe-iphone-15-pro-nhua-cung-vien-deo-mipow-tempered-glass-mgc15c-cr,Ốp lưng MagSafe iPhone 15 Pro Nhựa cứng viền dẻo Mipow Tempered Glass MGC15C-CR,Không có mô tả
op-lung-magsafe-iphone-15-pro-nhua-cung-vien-deo-jinya-clear,Ốp lưng MagSafe iPhone 15 Pro Nhựa cứng viền dẻo JINYA,Không có mô tả
op-lung-magsafe-iphone-15-pro-max-nhua-cung-vien-deo-jinya-clear,Ốp lưng MagSafe iPhone 15 Pro Max Nhựa cứng viền dẻo JINYA,Không có mô tả
op-lung-iphone-15-pro-max-nhua-deo-tpu-araree-a-fit-clear,Ốp lưng iPhone 15 Pro Max Nhựa dẻo TPU Araree A Fit,Không có mô tả
op-lung-magsafe-iphone-15-pro-nhua-cung-vien-deo-araree-duple-m-clear,Ốp lưng MagSafe iPhone 15 Pro Nhựa cứng viền dẻo Araree Duple M,Không có mô tả
op-lung-galaxy-s23-fe-silicone-samsung-cam,Ốp lưng Galaxy S23 FE Silicone Samsung,Không có mô tả
op-lung-galaxy-s23-fe-nhua-cung-pc-samsung-linh-hoat-trong,Ốp lưng Galaxy S23 FE Nhựa cứng PC Samsung Linh hoạt,Không có mô tả
op-lung-iphone-15-pro-max-nhua-deo-tpu-spigen-crystal-slot-acs06587,Ốp lưng iPhone 15 Pro Max Nhựa dẻo TPU Spigen Crystal Slot ACS06587,Không có mô tả
op-lung-iphone-15-pro-max-nhua-deo-da-pu-laut-prestige-black,Ốp lưng iPhone 15 Pro Max Nhựa dẻo da PU LAUT PRESTIGE,Không có mô tả
op-lung-magsafe-iphone-15-nhua-cung-vien-deo-uniq-hybrid-magclick-charging-lifepro-xtreme-lucent,Ốp lưng MagSafe iPhone 15 Nhựa cứng viền dẻo UNIQ HYBRID MAGCLICK CHARGING LIFEPRO XTREME,Không có mô tả
op-lung-iphone-15-pro-max-nhua-deo-iml-uniq-coehl-magnetic-charging-prairie-blush-beige,Ốp lưng iPhone 15 Pro Max Nhựa dẻo IML UNIQ COEHL MAGNETIC CHARGING PRAIRIE,Không có mô tả
op-lung-magsafe-iphone-15-pro-nhua-cung-vien-deo-uniq-hybrid-magclick-charging-combat-af-smoke-blue,Ốp lưng MagSafe iPhone 15 Pro Nhựa cứng viền dẻo UNIQ HYBRID MAGCLICK CHARGING COMBAT (AF),Không có mô tả
op-lung-iphone-15-pro-nhua-cung-vien-deo-pu-uniq-hybrid-magclick-charging-transforma-blue,Ốp lưng iPhone 15 Pro Nhựa cứng viền dẻo PU UNIQ HYBRID MAGCLICK CHARGING TRANSFORMA,Không có mô tả
op-lung-iphone-15-pro-max-nhua-cung-vien-deo-pu-uniq-hybrid-magclick-charging-transforma-blue,Ốp lưng iPhone 15 Pro Max Nhựa cứng viền dẻo PU UNIQ HYBRID MAGCLICK CHARGING TRANSFORMA,Không có mô tả
op-lung-magsafe-iphone-15-pro-max-nhua-cung-vien-deo-uniq-hybrid-magclick-charging-combat-af-blanc-white,Ốp lưng MagSafe iPhone 15 Pro Max Nhựa cứng viền dẻo UNIQ HYBRID MAGCLICK CHARGING COMBAT (AF) BLANC,Không có mô tả
op-lung-iphone-15-pro-max-nhua-cung-vien-deo-uniq-hybrid-combat-blanc-white,Ốp lưng iPhone 15 Pro Max Nhựa cứng viền dẻo UNIQ HYBRID COMBAT,Không có mô tả
op-lung-galaxy-z-flip6-nhua-cung-samsung-flipsuit-keith-haring,Ốp lưng Galaxy Z Flip6 Nhựa cứng Samsung Flipsuit Keith Haring,Không có mô tả
op-lung-nap-gap-galaxy-z-flip6-silicone-kem-vong-samsung,Ốp lưng nắp gập Galaxy Z Flip6 Silicone Samsung,Không có mô tả
op-lung-galaxy-z-flip6-nhua-cung-sieu-mong-samsung,Ốp lưng Galaxy Z Flip6 nhựa cứng Samsung,Không có mô tả
op-lung-magsafe-iphone-15-pro-max-nhua-cung-vien-deo-uniq-hybrid-magclick-charging-lifepro-xtreme-lucent-blue,Ốp lưng MagSafe iPhone 15 Pro Max nhựa cứng viền dẻo UNIQ HYBRID MAGCLICK CHARGING LIFEPRO XTREME,Không có mô tả
op-lung-galaxy-z-flip6-nhua-cung-sieu-mong-kem-vong-samsung,Ốp lưng Galaxy Z Flip6 nhựa cứng Samsung,Không có mô tả
op-lung-iphone-16-pro-magclick-charging-clario-eco-nhua-cung-vien-deo-uniq,Ốp lưng MagSafe iPhone 16 Pro Nhựa cứng viền dẻo UNIQ MAGCLICK CHARGING CLARIO (ECO),Không có mô tả
op-lung-iphone-16-pro-magnetic-charging-celest-nhua-tpu-iml-uniq,Ốp lưng MagSafe iPhone 16 Pro Nhựa TPU IML UNIQ MAGNETIC CHARGING CELEST,Không có mô tả
op-lung-iphone-16-plus-crystal-matter-x-nhua-cung-pc-laut-crystal,Ốp lưng MagSafe iPhone 16 Plus Nhựa cứng PC LAUT Crystal Matter X,Không có mô tả
op-lung-iphone-16-pro-crystal-m-nhua-cung-vien-deo-laut-crystal,Ốp lưng MagSafe iPhone 16 Pro Nhựa cứng viền dẻo LAUT Crystal-M,Không có mô tả
op-lung-iphone-16-pro-max-pop-lovie-nhua-cung-vien-deo-laut,Ốp lưng MagSafe iPhone 16 Pro Max Nhựa cứng viền dẻo LAUT POP LOVIE,Không có mô tả
op-lung-iphone-16-pro-tempered-glass-nhua-cung-vien-deo-mipow-ps16b-cr,Ốp lưng iPhone 16 Pro nhựa cứng viền dẻo Mipow Tempered Glass PS16B-CR,Không có mô tả
op-lung-iphone-16-pro-max-crystal-slot-spigen,Ốp lưng iPhone 16 Pro Max Nhựa TPU SPIGEN Crystal Slot ACS08011,Không có mô tả
op-lung-iphone-16-pro-max-ultra-hybrid-spigen,Ốp lưng iPhone 16 Pro Max nhựa cứng viền dẻo SPIGEN Ultra Hybrid,Không có mô tả
op-lung-iphone-16-pro-max-core-armor-magfit-spigen,Ốp lưng MagSafe iPhone 16 Pro Max SPIGEN Core Armor MagFit ACS08024,Không có mô tả
op-lung-iphone-16-pro-max-nhua-tpu-tpe-pc-uniq-hybrid-magclick-charging-combat-luminous-lume-white,Ốp lưng MagSafe iPhone 16 Pro Max Nhựa TPU TPE PC UNIQ HYBRID MAGCLICK CHARGING COMBAT LUMINOUS,Không có mô tả
op-lung-galaxy-s25-nhua-cung-pc-da-pu-samsung-kindsuit,Ốp lưng Galaxy S25 Nhựa cứng PC Da PU Samsung Kindsuit,Không có mô tả
op-lung-galaxy-s25-plus-nhua-cung-pc-da-pu-samsung-kindsuit,Ốp lưng Galaxy S25+ Nhựa cứng PC Da PU Samsung Kindsuit,Không có mô tả
op-lung-galaxy-s25-nhua-pc-tpu-samsung-flipsuit,Ốp lưng Galaxy S25 Nhựa PC TPU Samsung Flipsuit,Không có mô tả
op-lung-galaxy-s25-plus-flipsuit-nhua-pc-tpu-samsung-sieu-bao-ve,Ốp lưng Galaxy S25+ Flipsuit Nhựa PC TPU Samsung,Không có mô tả
op-lung-galaxy-s25-magsafe-nhua-pc-tpu-samsung-x-spigen-capella,Ốp lưng MagSafe Galaxy S25 Nhựa PC TPU Samsung x Spigen Capella,Không có mô tả
op-lung-galaxy-s25-plus-nhua-pc-tpu-samsung-magnetic-trong,Ốp lưng Galaxy S25+ Nhựa PC TPU Samsung Magnetic,Không có mô tả
op-lung-galaxy-s25-nhua-pc-tpu-samsung-x-otterbox-react-magnet-trong,Ốp lưng Galaxy S25 nhựa PC TPU Samsung x Otterbox React Magnet,Không có mô tả
op-lung-galaxy-s25-plus-nhua-pc-tpu-samsung-x-otterbox-react-magnet-trong,Ốp lưng Galaxy S25+ nhựa PC TPU Samsung x Otterbox React Magnet,Không có mô tả
op-lung-magsafe-iphone-16e-silicone-uniq-magclick-charging-lino-liquid,Ốp lưng MagSafe iPhone 16e Silicone UNIQ Magclick Charging Lino Liquid,Không có mô tả
op-lung-magsafe-iphone-16e-pc-tpu-alu-uniq-swivix-with-360-rotating-kickstand,Ốp lưng MagSafe iPhone 16e PC TPU Alu UNIQ Swivix With 360 Rotating Kickstand,Không có mô tả
op-lung-iphone-11-nhua-deo-silicone-felt-cosano-do,Ốp lưng iPhone 11 Nhựa dẻo Silicone Felt COSANO,Không có mô tả
op-lung-iphone-11-cung-vien-deo-srtg270-meo-trang,Ốp lưng iPhone 11 Nhựa cứng viền dẻo COSANO SRTG270 Mèo,Không có mô tả
op-lung-iphone-11-nhua-deo-noble-nake-jm-nude,Ốp lưng iPhone 11 Nhựa dẻo Noble Nake JM,Không có mô tả
op-lung-iphone-11-nhua-cung-vien-deo-glass-cam,Ốp lưng iPhone 11 Nhựa cứng viền dẻo Glass Print JM,Không có mô tả
op-lung-iphone-11-nhua-deo-silicone-b-clementine,Ốp lưng iPhone 11 Nhựa dẻo LIQUID SILICONE B JM Clementine,Không có mô tả
op-lung-iphone-11-nhua-deo-jelly-silicone-jm-do,Ốp lưng iPhone 11 Nhựa dẻo Jelly Silicone JM,Không có mô tả
op-lung-iphone-11-nhua-deo-contrast-silicone-jm-mi,Ốp lưng iPhone 11 Nhựa dẻo CONTRAST SILICONE JM,Không có mô tả
op-iphone-11-nhua-cung-no-border-pc-meo-den,Ốp lưng iPhone 11 Nhựa cứng No border PC with printing MEEKER Mèo,Không có mô tả
bao-da-galaxy-s20-nap-gap-clear-view-samsung-den,Bao da nắp gập Galaxy S20 Clear View Samsung,Không có mô tả
op-lung-iphone-11-nhua-deo-tpu-pvc-bracelet-metal,Ốp lưng iPhone 11 Nhựa dẻo TPU PVC bracelet metal ring MEEKER,Không có mô tả
op-iphone-13-pro-nhua-deo-tpu-case-cosano,Ốp lưng iPhone 13 Pro Nhựa dẻo Back Stand TPU Case COSANO,Không có mô tả
op-iphone-13-pro-max-cung-vien-deo-tpu-pc-case-cosano,Ốp lưng iPhone 13 Pro Max Nhựa cứng viền dẻo Twill TPU PC Case COSANO,Không có mô tả
op-iphone-13-pro-max-nhua-deo-dorado-jm-nau,Ốp lưng iPhone 13 Pro Max Nhựa dẻo DORADO JM,Không có mô tả
op-iphone-13-nhua-deo-jelly-carbon-jm-hong,Ốp lưng iPhone 13 Nhựa dẻo JELLY CARBON JM,Không có mô tả
op-lung-iphone-13-nhua-deo-moline-jm-den-trong,Ốp lưng iPhone 13 Nhựa dẻo MOLINE JM,Không có mô tả
op-lung-iphone-13-nhua-deo-h-shock-tpu-jm-den,Ốp lưng iPhone 13 Nhựa dẻo H SHOCK TPU JM,Không có mô tả
op-lung-iphone-13-pro-max-silicon-osmia,Ốp lưng iPhone 13 Pro Max Silicone OSMIA,Không có mô tả
op-iphone-13-pro-max-nhua-deo-matte-20s-osmia-do,Ốp lưng iPhone 13 Pro Max Nhựa dẻo Matte-20s OSMIA,Không có mô tả
op-lung-iphone-13-pro-max-nhua-deo-rainbow-osmia,Ốp lưng iPhone 13 Pro Max Nhựa Dẻo Rainbow OSMIA,Không có mô tả
op-iphone-13-pro-nhua-deo-rainbow-osmia-cau-vong,Ốp lưng iPhone 13 Pro Nhựa Dẻo Rainbow OSMIA,Không có mô tả
op-iphone-13-nhua-deo-jelly-tpu-meeker-xanh-den,Ốp lưng iPhone 13 Nhựa dẻo Jelly TPU MEEKER,Không có mô tả
op-13-pro-max-deo-fresh-soft-feeling-tpu-cosano,Ốp lưng iPhone 13 Pro Max Nhựa dẻo Fresh Soft Feeling TPU COSANO,Không có mô tả
op-ip-13-pro-deo-magnetic-candy-silicone-jm-xanh,Ốp lưng iPhone 13 Pro Nhựa dẻo Magnetic Candy Silicone JM,Không có mô tả
op-13-pro-max-nhua-cung-vien-deo-arden-osmia,Ốp lưng iPhone 13 Pro Max Nhựa cứng viền dẻo Arden OSMIA,Không có mô tả
op-lung-iphone-13-nhua-deo-i-shaped-cosano,Ốp lưng iPhone 13 Nhựa dẻo I Shaped COSANO,Không có mô tả
op-iphone-13-pro-max-nhua-deo-clear-beauty-cosano,Ốp lưng iPhone 13 Pro Max Nhựa cứng viền dẻo Clear Beauty COSANO,Không có mô tả
op-iphone-13-pro-max-nhua-gradient-fresh-cosano,Ốp lưng iPhone 13 Pro Max Nhựa dẻo Gradient Fresh COSANO,Không có mô tả
op-lung-iphone-13-pro-max-nhua-deo-tpu-injection-kingxbar,Ốp lưng iPhone 13 Pro Max Nhựa dẻo TPU Injection Kingxbar,Không có mô tả
op-lung-samsung-galaxy-s21-fe-nhua-deo,Ốp lưng Galaxy S21 FE Nhựa dẻo Samsung,Không có mô tả
op-samsung-galaxy-s21-fe-nhua-deo-clear-strap,Ốp lưng Galaxy S21 FE Nhựa dẻo Clear Strap Samsung,Không có mô tả
op-lung-nap-gap-galaxy-z-flip4-kem-vong-deo-samsung-trong,Ốp lưng nắp gập Galaxy Z Flip4 Nhựa dẻo kèm vòng đeo Samsung,Không có mô tả
op-lung-magsafe-iphone-14-plus-silicone-uniq-hybrid-lino-chinh-hang,Ốp lưng Magsafe iPhone 14 Plus Silicone UniQ Hybrid Lino,Không có mô tả
op-lung-iphone-14-pro-max-nhua-deo-ducth-tpu-jm,Ốp lưng iPhone 14 Pro Max Nhựa dẻo DUCTH TPU JM,Không có mô tả
op-lung-galaxy-s23-5g-flexield-nhua-deo-tpu-araree-den-trong,Ốp lưng Galaxy S23 Nhựa dẻo ARAREE FLEXIELD,Không có mô tả
op-lung-galaxy-s23-plus-5g-silicone-samsung-xanh-la,Ốp lưng Galaxy S23+ Silicone Samsung,Không có mô tả
op-lung-iphone-13-pro-nhua-cung-vien-deo-laut-fog-grey-huex,Ốp lưng iPhone 13 Pro Nhựa cứng viền dẻo Laut HUEX,Không có mô tả
op-lung-iphone-13-pro-nhua-cung-vien-deo-laut-white-huex-ink,Ốp lưng iPhone 13 Pro Nhựa cứng viền dẻo Laut HUEX INK,Không có mô tả
op-lung-iphone-13-pro-nhua-cung-vien-deo-laut-rainbow-huex-ink,Ốp lưng iPhone 13 Pro Nhựa cứng viền dẻo Laut HUEX INK,Không có mô tả
op-lung-iphone-14-nhua-deo-da-pu-laut-black-lines-motif,Ốp lưng iPhone 14 Nhựa dẻo Da PU Laut MOTIF,Không có mô tả
op-lung-iphone-14-nhua-deo-da-pu-laut-black-hearts-motif,Ốp lưng iPhone 14 Nhựa dẻo Da PU Laut MOTIF,Không có mô tả
op-lung-iphone-14-nhua-cung-vien-deo-laut-pearl-holo,Ốp lưng iPhone 14 Nhựa cứng viền dẻo Laut HOLO,Không có mô tả
op-lung-magsafe-iphone-14-nhua-cung-vien-deo-laut-black-crystal-matter,Ốp lưng MagSafe iPhone 14 Nhựa cứng viền dẻo Laut Crystal Matter,Không có mô tả
op-lung-magsafe-iphone-14-plus-nhua-cung-vien-deo-laut-black-crystal-matter,Ốp lưng MagSafe iPhone 14 Plus Nhựa cứng viền dẻo Laut Crystal Matter,Không có mô tả
op-lung-iphone-14-pro-nhua-deo-da-pu-laut-black-heart-motif,Ốp lưng iPhone 14 Pro Nhựa dẻo Da PU Laut MOTIF,Không có mô tả
op-lung-iphone-14-pro-nhua-cung-vien-deo-laut-navy-shield,Ốp lưng iPhone 14 Pro Nhựa cứng viền dẻo Laut SHIELD,Không có mô tả
op-lung-iphone-14-pro-max-nhua-deo-da-pu-laut-pink-heart-motif,Ốp lưng iPhone 14 Pro Max Nhựa dẻo Da PU Laut MOTIF Chính hãng,Không có mô tả
op-lung-iphone-13-pro-nhua-cung-vien-deo-switcheasy-carbon-black-aero,Ốp lưng iPhone 13 Pro Nhựa cứng viền dẻo SwitchEasy AERO,Không có mô tả
op-lung-iphone-13-pro-nhua-cung-vien-deo-switcheasy-transparent-starfield,Ốp lưng iPhone 13 Pro Nhựa cứng viền dẻo SwitchEasy Starfield,Không có mô tả
op-lung-iphone-13-pro-max-nhua-cung-vien-deo-switcheasy-carbon-black-aero,Ốp lưng iPhone 13 Pro Max Nhựa cứng viền dẻo SwitchEasy AERO Chính hãng,Không có mô tả
op-lung-magsafe-iphone-14-nhua-cung-vien-deo-switcheasy-transparent-crush-m,Ốp lưng MagSafe iPhone 14 Nhựa cứng viền dẻo SwitchEasy Crush M,Không có mô tả
op-lung-iphone-14-nhua-cung-vien-deo-switcheasy-transparent-crush,Ốp lưng iPhone 14 Nhựa cứng viền dẻo SwitchEasy Crush,Không có mô tả
op-lung-magsafe-iphone-14-nhua-cung-vien-deo-switcheasy-transparent-mageasy-alos,Ốp lưng MagSafe iPhone 14 Nhựa cứng viền dẻo SwitchEasy MagEasy Alos,Không có mô tả
op-lung-iphone-14-nhua-cung-vien-deo-switcheasy-twilight-starfield,Ốp lưng iPhone 14 Nhựa cứng viền dẻo SwitchEasy Starfield Chính hãng,Không có mô tả
op-lung-iphone-14-nhua-cung-vien-deo-switcheasy-sakura-artist,Ốp lưng iPhone 14 Nhựa cứng viền dẻo SwitchEasy Artist,Không có mô tả
op-lung-iphone-14-plus-nhua-cung-vien-deo-switcheasy-asanoha-artist,Ốp lưng iPhone 14 Plus Nhựa cứng viền dẻo SwitchEasy Artist,Không có mô tả
op-lung-iphone-14-plus-nhua-cung-vien-deo-switcheasy-sakura-artist,Ốp lưng iPhone 14 Plus Nhựa cứng viền dẻo SwitchEasy Artist,Không có mô tả
op-lung-iphone-14-plus-nhua-cung-vien-deo-switcheasy-galaxy-starfield,Ốp lưng iPhone 14 Plus Nhựa cứng viền dẻo SwitchEasy Starfield,Không có mô tả
op-magsafe-iphone14pro-nhua-cung-vien-deo-switcheasy-transparent-starfieldm,Ốp lưng MagSafe iPhone 14 Pro Nhựa cứng viền dẻo SwitchEasy Starfield M,Không có mô tả
op-lung-iphone-14-pro-nhua-cung-vien-deo-switcheasy-transparent-starfield,Ốp lưng iPhone 14 Pro Nhựa cứng viền dẻo SwitchEasy Starfield,Không có mô tả
op-lung-iphone-14-pro-nhua-cung-vien-deo-switcheasy-transparent-crush,Ốp lưng iPhone 14 Pro Nhựa cứng viền dẻo SwitchEasy Crush,Không có mô tả
op-lung-iphone-14-pro-nhua-cung-vien-deo-switcheasy-sakura-artist,Ốp lưng iPhone 14 Pro Nhựa cứng viền dẻo SwitchEasy Artist,Không có mô tả
op-lung-iphone-14-pro-nhua-cung-vien-deo-switcheasy-twilight-starfield,Ốp lưng iPhone 14 Pro Nhựa cứng viền dẻo SwitchEasy Starfield,Không có mô tả
op-lung-iphone-14-pro-nhua-cung-vien-deo-switcheasy-asanoha-artist,Ốp lưng iPhone 14 Pro Nhựa cứng viền dẻo SwitchEasy Artist,Không có mô tả
op-lung-iphone-14-pro-max-nhua-cung-vien-deo-switcheasy-frozen-starfield,Ốp lưng iPhone 14 Pro Max Nhựa cứng viền dẻo SwitchEasy Starfield Chính hãng,Không có mô tả
op-iphone-13-pro-nhua-cung-vien-deo-da-pu-uniq-electric-blue-hybrid-magsafe,Ốp lưng MagSafe iPhone 13 Pro Nhựa cứng viền dẻo da PU UNIQ HYBRID,Không có mô tả
op-lung-iphone-13-pro-silicone-uniq-ink-black-hybrid-lino-liquid,Ốp lưng iPhone 13 Pro Silicone UNIQ HYBRID LINO Liquid,Không có mô tả
op-lung-iphone-13-pro-nhua-cung-vien-deo-uniq-hunter-green-hybrid-combat,Ốp lưng iPhone 13 Pro Nhựa cứng viền dẻo UNIQ HYBRID COMBAT Chính hãng,Không có mô tả
op-lung-iphone-14-nhua-cung-vien-deo-uniq-crystal-clear-hybrid-combat,Ốp lưng iPhone 14 Nhựa cứng viền dẻo UNIQ HYBRID COMBAT,Không có mô tả
op-lung-iphone-14-nhua-cung-vien-deo-uniq-tinsel-lucent-lifepro-xtreme,Ốp lưng iPhone 14 Nhựa cứng viền dẻo UNIQ LIFEPRO XTREME,Không có mô tả
op-lung-iphone-14-silicone-uniq-blush-pink-hybrid-lino-liquid,Ốp lưng iPhone 14 Silicone UNIQ HYBRID LINO Liquid,Không có mô tả
op-lung-iphone-14-plus-nhua-cung-vien-deo-uniq-tinsel-lucent-lifepro-xtreme,Ốp lưng iPhone 14 Plus Nhựa cứng viền dẻo UNIQ LIFEPRO XTREME,Không có mô tả
op-lung-iphone-14-pro-nhua-cung-vien-deo-uniq-tinsel-lucent-lifepro-xtreme,Ốp lưng iPhone 14 Pro Nhựa cứng viền dẻo UNIQ LIFEPRO XTREME,Không có mô tả
op-lung-iphone-14-pro-nhua-cung-vien-deo-uniq-spring-pink-coehl,Ốp lưng iPhone 14 Pro Nhựa cứng viền dẻo UNIQ COEHL,Không có mô tả
op-lung-iphone-14-pro-nhua-cung-vien-deo-uniq-dusk-blue-coehl,Ốp lưng iPhone 14 Pro Nhựa cứng viền dẻo UNIQ COEHL,Không có mô tả
op-lung-iphone-14-pro-nhua-cung-vien-deo-uniq-aramid-smoke-hybrid-combat,Ốp lưng iPhone 14 Pro Nhựa cứng viền dẻo UNIQ HYBRID COMBAT Chính hãng,Không có mô tả
op-lung-iphone-14-pro-nhua-cung-vien-deo-uniq-stardust-coehl,Ốp lưng iPhone 14 Pro Nhựa cứng viền dẻo UNIQ COEHL,Không có mô tả
op-lung-galaxy-a54-nhua-cung-vien-deo-pure-ii-printing-jm,Ốp lưng Galaxy A54 Nhựa cứng viền dẻo Pure II Printing JM,Không có mô tả
op-lung-magsafe-iphone-15-promax-nhua-cung-pc-laut-crystal-matter-x-crystal,Ốp lưng MagSafe iPhone 15 Pro Max Nhựa cứng PC LAUT CRYSTAL MATTER X,Không có mô tả
op-lung-magsafe-iphone-15-pro-max-nhua-deo-tpu-laut-huex-protect-grey,Ốp lưng Magsafe iPhone 15 Pro Max Nhựa dẻo TPU LAUT HUEX PROTECT,Không có mô tả
op-lung-iphone-15-pro-nhua-deo-tpu-uniq-hybrid-air-fender-id-transparent,Ốp lưng iPhone 15 Pro Nhựa dẻo TPU UNIQ HYBRID Air Fender ID,Không có mô tả
op-lung-iphone-15-pro-nhua-deo-iml-uniq-coehl-linear-stardust,Ốp lưng iPhone 15 Pro Nhựa dẻo IML UNIQ COEHL LINEAR,Không có mô tả
op-magsafe-iphone-15-pro-max-silicone-uniq-hybrid-lino-hue-liquid-grey,Ốp lưng MagSafe iPhone 15 Pro Max Silicone UNIQ HYBRID MAGCLICK CHARGING LINO HUE Liquid,Không có mô tả
op-magsafe-iph15-pro-max-silicone-uniq-hybrid-lino-hue-liquid-chalk-grey,Ốp lưng MagSafe iPhone 15 Pro Max Silicone UNIQ HYBRID MAGCLICK CHARGING LINO HUE Liquid,Không có mô tả
op-magsafe-iphone-15-pro-max-nhua-deo-iml-uniq-coehl-dazze-azure-blue,Ốp lưng MagSafe iPhone 15 Pro Max Nhựa dẻo IML UNIQ COEHL MAGNETIC CHARGING DAZZE,Không có mô tả
op-lung-galaxy-a34-nhua-cung-vien-deo-jm-crystal-pure,Ốp lưng Galaxy A34 Nhựa cứng viền dẻo JM CRYSTAL PURE,Không có mô tả
op-lung-iphone-15-pro-nhua-cung-vien-deo-spigen-ultra-hybrid-acs06707,Ốp lưng iPhone 15 Pro Nhựa cứng viền dẻo Spigen Ultra Hybrid ACS06707,Không có mô tả
op-lung-iphone-15-pro-max-nhua-cung-vien-deo-spigen-ultra-hybrid-acs06570,Ốp lưng iPhone 15 Pro Max Nhựa cứng viền dẻo Spigen Ultra Hybrid ACS06570,Không có mô tả
op-lung-magsafe-iphone-15-nhua-cung-vien-deo-tgvis-grace-neon-orange,Ốp lưng Magsafe iPhone 15 Nhựa cứng viền dẻo TGVIS GRACE NEON,Không có mô tả
op-magsafe-iphone-15-nhua-cung-vien-deo-tgvis-space-explore-silver,Ốp lưng Magsafe iPhone 15 Nhựa cứng viền dẻo TGVIS SPACE EXPLORE,Không có mô tả
op-lung-iphone-15-pro-nhua-cung-vien-deo-tgvis-art-series-white,Ốp lưng iPhone 15 Pro Nhựa cứng viền dẻo TGVIS ART SERIES,Không có mô tả
op-lung-magsafe-iphone-15-pro-nhua-cung-vien-deo-jinya-t-stand-clear,Ốp lưng MagSafe iPhone 15 Pro Nhựa cứng viền dẻo JINYA T-STAND,Không có mô tả
op-lung-magsafe-iphone-15-pro-max-nhua-cung-vien-deo-jinya-t-stand-clear,Ốp lưng MagSafe iPhone 15 Pro Max Nhựa cứng viền dẻo JINYA T-STAND,Không có mô tả
op-lung-iphone-15-pro-max-nhua-cung-pc-araree-nukin-clear-matt,Ốp lưng iPhone 15 Pro Max Nhựa cứng PC Araree NUKIN,Không có mô tả
op-lung-magsafe-iphone-15-pro-max-nhua-cung-pc-araree-aero-frame-dark-green,Ốp lưng MagSafe iPhone 15 Pro Max Nhựa cứng PC Araree AERO FRAME,Không có mô tả
op-lung-galaxy-a05-nhua-deo-tpu-samsung-trong,Ốp lưng Galaxy A05 Nhựa dẻo TPU Samsung,Không có mô tả
op-lung-galaxy-s22-ultra-nhua-deo-tpu-araree-flexield-trong,Ốp lưng Galaxy S22 Ultra Nhựa dẻo TPU ARAREE FLEXIELD,Không có mô tả
op-magsafe-ip15pm-nhua-cung-vien-deo-uniq-hybrid-lifepro-af-iridescent,Ốp lưng MagSafe iPhone 15 Pro Max Nhựa cứng viền dẻo UNIQ HYBRID MAGCLICK CHARGING LIFEPRO XTREME (AF),Không có mô tả
op-lung-magsafe-iphone-15-pro-max-da-pu-alu-uniq-coehl-muse-dusty-nude,Ốp lưng MagSafe iPhone 15 Pro Max Da PU Alu UNIQ COEHL MAGNETIC CHARGING MUSE,Không có mô tả
op-lung-galaxy-a35-nhua-cung-pc-samsung,Ốp lưng Galaxy A35 Nhựa cứng PC Samsung,Không có mô tả
op-lung-magsafe-iphone-15-pro-max-nhua-cung-vien-deo-uniq-hybrid-magclick-charging-combat-af-black,Ốp lưng MagSafe iPhone 15 Pro Max Nhựa cứng viền dẻo UNIQ HYBRID MAGCLICK CHARGING COMBAT (AF),Không có mô tả
op-lung-iphone-15-pro-max-nhua-deo-tpu-laut-huex-dark-blue,Ốp lưng iPhone 15 Pro Max Nhựa dẻo TPU LAUT HUEX,Không có mô tả
tam-the-galaxy-z-flip6-flipsuit,Tấm thẻ Galaxy Z Flip6 Flipsuit,Không có mô tả
op-lung-iphone-16-pro-max-crystal-flex-spigen,Ốp lưng iPhone 16 Pro Max Nhựa TPU SPIGEN Crystal Flex ACS08027,Không có mô tả
op-lung-iphone-16-pro-max-ultra-hybrid-magfit-zero-one-spigen,Ốp lưng MagSafe iPhone 16 Pro Max nhựa cứng viền dẻo SPIGEN Ultra Hybrid MagFit Zero One,Không có mô tả
op-lung-iphone-16-pro-max-parallax-mag-spigen,Ốp lưng MagSafe iPhone 16 Pro Max SPIGEN Matte Parallax Mag,Không có mô tả
op-lung-iphone-15-pro-max-coehl-magnetic-charging-creme-liquid-silicone-alu-uniq,Ốp lưng MagSafe iPhone 15 Pro Max Liquid Silicone Alu UNIQ COEHL MAGNETIC CHARGING CREME,Không có mô tả
op-lung-iphone-15-pro-coehl-prairie-nhua-deo-iml-uniq,Ốp lưng iPhone 15 Pro Nhựa dẻo IML UNIQ COEHL PRAIRIE,Không có mô tả
op-lung-iphone-15-pro-coehl-magnetic-charging-linear-nhua-deo-iml-uniq,Ốp lưng MagSafe iPhone 15 Pro COEHL nhựa dẻo IML UNIQ MAGNETIC CHARGING LINEAR,Không có mô tả
op-lung-iphone-15-pro-coehl-magnetic-charging-lumino-nhua-deo-iml-uniq,Ốp lưng MagSafe iPhone 15 Pro COEHL Nhựa dẻo IML UNIQ MAGNETIC CHARGING LUMINO,Không có mô tả
op-lung-iphone-15-pro-coehl-magnetic-charging-dazze-nhua-deo-iml-uniq,Ốp lưng MagSafe iPhone 15 Pro Nhựa dẻo IML UNIQ COEHL MAGNETIC CHARGING DAZZE,Không có mô tả
op-lung-iphone-15-pro-coehl-magnetic-charging-muse-da-pu-alu-uniq,Ốp lưng MagSafe iPhone 15 Pro Da PU Alu UNIQ COEHL MAGNETIC CHARGING MUSE,Không có mô tả
op-lung-iphone-15-pro-coehl-magnetic-charging-creme-liquid-silicone-alu-uniq,Ốp lưng MagSafe iPhone 15 Pro Liquid Silicone Alu UNIQ COEHL MAGNETIC CHARGING CREME,Không có mô tả
op-lung-magsafe-iphone-14-pro-nhua-cung-mg-002?utm_flashsale=1,Ốp lưng MagSafe iPhone 14 Pro nhựa cứng MG-002,Không có mô tả
op-lung-magsafe-iphone-14-pro-max-nhua-cung-mg-002,Ốp lưng MagSafe iPhone 14 Pro Max nhựa cứng MG-002,Không có mô tả
op-lung-magsafe-iphone-15-pro-max-nhua-cung-mg-002,Ốp lưng MagSafe iPhone 15 Pro Max nhựa cứng MG-002,Không có mô tả
op-lung-magsafe-iphone-15-pro-nhua-cung-mg-002?utm_flashsale=1,Ốp lưng MagSafe iPhone 15 Pro nhựa cứng MG-002,Không có mô tả
op-lung-magsafe-iphone-16-pro-max-nhua-cung-mg-002,Ốp lưng MagSafe iPhone 16 Pro Max nhựa cứng MG-002,Không có mô tả
op-lung-magsafe-iphone-16-pro-nhua-cung-mg-002?utm_flashsale=1,Ốp lưng MagSafe iPhone 16 Pro nhựa cứng MG-002,Không có mô tả
op-lung-magsafe-iphone-14-pro-nhua-cung-mg-001?utm_flashsale=1,Ốp lưng MagSafe iPhone 14 Pro nhựa cứng MG-001,Không có mô tả
op-lung-magsafe-iphone-14-pro-max-nhua-cung-mg-001,Ốp lưng MagSafe iPhone 14 Pro Max nhựa cứng MG-001,Không có mô tả
op-lung-magsafe-iphone-15-pro-max-nhua-cung-mg-001,Ốp lưng MagSafe iPhone 15 Pro Max nhựa cứng MG-001,Không có mô tả
op-lung-magsafe-iphone-15-pro-nhua-cung-mg-001?utm_flashsale=1,Ốp lưng MagSafe iPhone 15 Pro nhựa cứng MG-001,Không có mô tả
op-lung-magsafe-iphone-16-pro-max-nhua-cung-mg-001,Ốp lưng MagSafe iPhone 16 Pro Max nhựa cứng MG-001,Không có mô tả
op-lung-magsafe-iphone-16-pro-nhua-cung-mg-001?utm_flashsale=1,Ốp lưng MagSafe iPhone 16 Pro nhựa cứng MG-001,Không có mô tả
op-lung-galaxy-s25-plus-nhua-pc-tpu-samsung-flipsuit,Ốp lưng Galaxy S25+ Nhựa PC TPU Samsung Flipsuit,Không có mô tả
op-lung-magsafe-galaxy-s25-ultra-nhua-deo-tpu-samsung-x-spigen-enzo-aramid-den,Ốp lưng MagSafe Galaxy S25 Ultra Nhựa dẻo TPU Samsung x Spigen Enzo Aramid,Không có mô tả
op-lung-magsafe-iphone-16-pro-max-pc-tpu-mipow-mgb16d-cr,Ốp lưng MagSafe iPhone 16 Pro Max PC TPU Mipow MGB16D-CR,Không có mô tả
bao-da-galaxy-tab-a9-plus-samsung-chinh-hang,Bao da Galaxy Tab A9+ Samsung,"Đặc điểm nổi bật Bao da Samsung có thiết kế tinh tế, với các đường nét được cắt khoét chính xác.
Được làm từ chất liệu cao cấp, chế tác tỉ mỉ, đem đến vẻ ngoài sang trọng, tăng tính thẩm mỹ cho máy tính bảng.
Mặt sau của bao da có thể gập thành nhiều kiểu, giúp thiết bị đứng vững khi để trên bàn, tiện lợi xem phim, lướt web,...
Bao da có mặt lưng mềm mại, tạo cảm giác cầm nắm máy tính bảng thoải mái và chắc tay.
Lưu ý: Thanh toán trước khi mở seal."
bao-da-galaxy-tab-s9-samsung-kem-ban-phim-ai,Bao da Galaxy Tab S9/ Tab S9 FE/ Tab S10 FE Samsung kèm bàn phím AI,"Đặc điểm nổi bật Tab S9 Series: Để sử dụng AI Keyboard, yêu cầu phần mềm từ One UI 6.1.1 trở đi (Ra mắt từ 27/9/2024). Dùng được phím AI trên bao da bàn phím AI.
Tab S9 FE Series: Để sử dụng AI Keyboard, yêu cầu phần mềm từ One UI 6.1 trở đi (Ra mắt từ 30/9/2024). Không dùng được tính năng AI và phím AI trên bao da bàn phím AI."
bao-da-nap-gap-ipad-10-tpu-pu-esr-rebound-magnetic-den,Bao da nắp gập A16/ iPad 10 TPU PU ESR Rebound Magnetic,Không có mô tả
bao-da-galaxy-tab-a9-samsung-chinh-hang,Bao da Galaxy Tab A9 Samsung,"Đặc điểm nổi bật Bao da có màu sắc sang trọng, phù hợp với nhiều phong cách sử dụng.
Chất liệu da bền bỉ, hạn chế bám bẩn và dấu vân tay hiệu quả.
Bao da Samsung ôm cả mặt trước và sau của máy tính bảng, bảo vệ toàn diện cho máy khỏi các vết trầy xước.
Dễ dàng dựng bao da thành giá đỡ, tích hợp nam châm từ tính giúp giữ chắc bao da.
Người dùng cũng có thể gập bao da lại, để cầm nắm máy tính bảng dễ dàng hơn.
Lưu ý: Thanh toán trước khi mở seal."
bao-da-galaxy-tab-s9-samsung-thong-minh-den,Bao da Galaxy Tab S9/ Tab S9 FE/ Tab S10 FE Samsung Thông minh,"Đặc điểm nổi bật Bao da Galaxy Tab S9/ Tab S9 FE/ Tab S10 FE Samsung Thông minh Chính hãng được thiết kế mỏng nhẹ, không nặng tay mỗi khi sử dụng, cất giữ gọn gàng không chiếm diện tích.
Bao da được sản xuất từ chất liệu cao cấp, bảo vệ máy tính bảng của bạn tối ưu.
Sản phẩm tích hợp thêm nam châm cố định nhằm tránh tình trạng lỏng lẻo khi bạn sử dụng chiếc Galaxy Tab S9 / Tab S9 FE/ Tab S10 FE.
Bao da Samsung có mặt lưng mềm mại, tạo cảm giác cầm nắm thoải mái và chắc tay.
Ngoài ra, mặt sau bao da có thể biến thành giá đỡ linh hoạt bằng cách gập theo các rãnh gấp, giúp bạn có thể dựng máy tính bảng trên bề mặt phẳng, tối ưu trải nghiệm xem.
Sản phẩm còn được tích hợp thêm khe cắm bút S Pen vô cùng tiện lợi.
Lưu ý: Thanh toán trước khi mở seal."
bao-da-nap-gap-ipad-air-6-11-inch-2024-nhua-pc-da-pu-esr-magnetic-rebound,Bao da nắp gập iPad Air 6 11 inch 2024/ Air 11 2025 Nhựa PC da PU ESR Magnetic Rebound,Không có mô tả
bao-da-ipad-mini-7-2024-magnetic-rebound-tpu-pu-esr,Bao da iPad mini 7 2024 Magnetic Rebound TPU PU ESR,Không có mô tả
bao-da-galaxy-tab-s9-samsung-kem-ban-phim-ai-pad-chuot,Bao da Galaxy Tab S9/ Tab S9 FE/ Tab S10 FE Samsung kèm bàn phím AI (Pad chuột),"Đặc điểm nổi bật Tab S9 Series: Để sử dụng AI Keyboard, yêu cầu phần mềm từ One UI 6.1.1 trở đi (Ra mắt từ 27/9/2024). Dùng được phím AI trên bao da bàn phím AI.
Tab S9 FE Series: Để sử dụng AI Keyboard, yêu cầu phần mềm từ One UI 6.1 trở đi (Ra mắt từ 30/9/2024). Không dùng được tính năng AI và phím AI trên bao da bàn phím AI."
bao-da-nap-gap-ipad-pro-11-inch-2024-nhua-pc-da-pu-esr-magnetic-rebound,Bao da nắp gập iPad Pro 11 inch 2024 Nhựa PC da PU ESR Magnetic Rebound,Không có mô tả
bao-da-galaxy-tab-s10-fe-samsung-kem-ban-phim-ai,Bao da nắp gập Galaxy Tab S10 FE+ Samsung kèm bàn phím AI,Không có mô tả
bao-da-ipad-air-6-11-inch-uniq-camden-click-ivory,Bao da nắp gập iPad Air 6 11 inch UNIQ CAMDEN CLICK,"Đặc điểm nổi bật Nắp gập linh hoạt của bao da có thể được sử dụng như một chân đế vững chắc, giúp bạn dễ dàng xem phim, đọc sách, duyệt web hay làm việc trên iPad một cách thoải mái. 
Khe cắm bút tích hợp trên ốp lưng máy tính bảng cho phép bạn mang theo và sạc Apple Pencil mọi lúc mọi nơi, đảm bảo bạn luôn sẵn sàng sáng tạo khi cảm hứng đến.
Ốp lưng máy tính bảng UNIQ được thiết kế riêng cho iPad Air 6 11 inch, bảo vệ tốt cho mọi góc cạnh của thiết bị khi không may xảy ra va chạm.
Các đường cắt chính xác cho tất cả các cổng, nút bấm, loa và camera, đảm bảo bạn có thể dễ dàng truy cập mọi chức năng của iPad mà không cần tháo ốp lưng.
Phần mặt lưng được làm từ nhựa PC chịu lực tốt, còn phần nắp thì được chế tác từ da PU mềm mại giúp bảo vệ màn hình hiệu quả.
Lưu ý: Thanh toán trước khi mở seal."
op-lung-ipad-a16-ipad-10-pu-pc-tpu-ava-plus-oc-logi-stand,Ốp lưng iPad A16/iPad 10 PU PC TPU AVA+ OC LOGI STAND,Không có mô tả
bao-da-nap-gap-ipad-pro-11-inch-2024-nhua-tpu-da-pu-uniq-ryze-360,Bao da nắp gập iPad Pro 11 inch 2024 Nhựa TPU da PU UNIQ RYZE 360,"Đặc điểm nổi bật Ốp lưng iPad Pro 11 inch có thiết kế tối giản, gam màu nâu, đen thời thượng phù hợp với mọi người dùng.
Bạn có thể biến chiếc ốp lưng UNIQ thành giá đỡ iPad chắc chắn chỉ với vài thao tác gấp đơn giản.
Ốp lưng máy tính bảng được làm từ nhựa TPU và da PU vừa có độ bền cao vừa mang lại sự thoải mái khi cầm nắm. 
Khay đựng Apple Pencil trên ốp lưng sẽ mang lại sự tiện lợi trong quá trình sử dụng.
Chiếc ốp lưng máy tính bảng UNIQ này có kích thước vừa vặn với iPad Pro 11 inch.
Lưu ý: Thanh toán trước khi mở seal."
op-lung-ipad-mini-6-proud-jm-hong,Bao da nắp gập iPad Mini 6 PROUD JM,"Đặc điểm nổi bật Bao da thiết kế hiện đại, màu hồng ngọt ngào, phù hợp cho phái đẹp.
Mặt trước có thể gập lại để làm chân đế, không cần cầm tay, trải nghiệm xem tiện lợi hơn. 
Kích thước tương thích cho dòng iPad mini 6 8.3 inch, ôm sát, tăng hiệu quả chống sốc. 
Chất liệu da PU và nhựa bề mặt mịn màng, bền bỉ, thoải mái khi tiếp xúc, tháo lắp.
Lưu ý: Thanh toán trước khi mở seal."
bao-da-smart-folio-cho-ipad-pro-m4-11-inch,Bao da Smart Folio cho iPad Pro M4 11 inch,"Đặc điểm nổi bật Thiết kế hai mặt ốp lưng tablet Apple không chỉ mang đến vẻ ngoài thời trang mà còn cung cấp lớp bảo vệ máy khỏi những tác động mạnh mẽ từ mọi góc cạnh.
Ốp lưng tablet Apple được thiết kế riêng cho iPad Pro 11 inch M4, ôm khít từng đường cong, đảm bảo sự vừa vặn hoàn hảo và bảo vệ tối ưu cho thiết bị.
Chất liệu da mang đến vẻ đẹp cổ điển và sang trọng, tôn lên vẻ đẹp của chiếc iPad và thể hiện phong cách thời thượng của người dùng.
Điểm nhấn của chiếc ốp lưng máy tính bảng này chính là nắp gập kiêm chân đế có độ linh hoạt cao, bạn có thể thoải mái điều chỉnh góc nhìn phù hợp.
Với tính năng Smart Folio thông minh, bạn chỉ cần mở hoặc đóng nắp là iPad sẽ tự động bật hoặc tắt màn hình, giúp bạn tiết kiệm thời gian và thao tác.
Lưu ý: Thanh toán trước khi mở seal."
bao-da-nap-gap-ipad-air-6-11-inch-nhua-tpu-da-pu-uniq-ryze-360,Bao da nắp gập iPad Air 6 11 inch 2024 Nhựa TPU da PU UNIQ RYZE 360,"Đặc điểm nổi bật Thiết kế tinh tế, màu sắc nhã nhặn giúp bảo vệ tối đa mà không làm mất đi vẻ đẹp vốn có của thiết bị.
Nắp gập đa năng, có thể biến thành giá đỡ iPad chắc chắn giúp bạn thoải mái xem phim, làm việc ở nhiều góc độ khác nhau.
Ốp lưng máy tính bảng với các khe cắt chính xác, giúp bạn dễ dàng truy cập vào các cổng kết nối, camera và các nút bấm.
Nhựa TPU kết hợp cùng da PU tạo nên một chiếc ốp lưng có độ bền cao, bảo vệ iPad an toàn trong quá trình sử dụng.
Ốp lưng máy tính bảng UNIQ vừa vặn hoàn toàn với iPad Air 6 11 inch, bảo vệ tối ưu trước những tác động của ngoại lực.
Lưu ý: Thanh toán trước khi mở seal."
bao-da-nap-gap-ipad-10-uniq-camden-northern-blue,Bao da nắp gập iPad A16/ iPad 10 UniQ Camden,"Đặc điểm nổi bật Ốp lưng máy tính bảng được làm từ nhựa cứng PC và da PU đẹp mắt, giúp tôn lên vẻ đẹp cho iPad.
Thiết kế kiểu dáng và màu sắc thanh lịch, phù hợp sử dụng cho mọi lứa tuổi.
Bao da chắc chắn, bảo vệ thiết bị tối ưu, hạn chế trầy xước hiệu quả.
Đường nét cắt khoét chính xác, ôm vừa vặn, không làm cản trở việc gập mở iPad. 
Ốp lưng máy tính bảng UniQ này có nếp gấp linh hoạt, tiện lợi cho việc chuyển đổi thành chân đế.
Lưu ý: Thanh toán trước khi mở seal."
bao-da-ipad-pro-11-icnh-2024-nhua-tpu-da-pu-jcpal-slimflex-folio,Bao da iPad Pro 11 icnh 2024 Nhựa TPU Da PU JCPAL SlimFlex Folio,Không có mô tả
bao-da-ipad-11-ipad-10-tpu-pu-jcpal-flexa,Bao da iPad A16/ iPad 10 TPU PU JCPAL Flexa,Không có mô tả
bao-da-galaxy-tab-s10-plus-samsung-kem-ban-phim-ai,Bao da Galaxy Tab S10+/ Tab S9+/Tab S9 FE+ Samsung kèm bàn phím AI,"Đặc điểm nổi bật Tab S10 Series: Để sử dụng AI Keyboard, yêu cầu phần mềm từ One UI 6.1.1 trở đi (Ra mắt từ 27/9/2024). Dùng được phím AI trên bao da bàn phím AI.
Tab S9 Series: Để sử dụng AI Keyboard, yêu cầu phần mềm từ One UI 6.1.1 trở đi (Ra mắt từ 27/9/2024). Dùng được phím AI trên bao da bàn phím AI.
Tab S9 FE Series: Để sử dụng AI Keyboard, yêu cầu phần mềm từ One UI 6.1 trở đi (Ra mắt từ 30/9/2024). Không dùng được tính năng AI và phím AI trên bao da bàn phím AI."
bao-da-nap-gap-galaxy-tab-s10-fe-plus-samsung-thong-minh,Bao da nắp gập Galaxy Tab S10 FE+ Samsung Thông minh,Không có mô tả
bao-da-ipad-11-ipad-10-pu-pc-tpu-uniq-moven,Bao da iPad A16/ iPad 10 PU PC TPU UNIQ MOVEN,Không có mô tả
bao-da-galaxy-tab-s10-samsung-kem-ban-phim-ai-pad-chuot,Bao da Galaxy Tab S10+/ Tab S9+/Tab S9 FE+ Samsung kèm bàn phím AI (Pad chuột),"Đặc điểm nổi bật Tab S10 Series: Để sử dụng AI Keyboard, yêu cầu phần mềm từ One UI 6.1.1 trở đi (Ra mắt từ 27/9/2024). Dùng được phím AI trên bao da bàn phím AI."
bao-da-apple-ipad-mini-7-smart-folio-mau-xam-mc2q4,Bao da Apple iPad mini 7 Smart Folio MC2Q4,Không có mô tả
bao-da-ipad-10-nhua-tpu-da-pu-jcpal-flexa,Bao da iPad A16/ iPad 10 Nhựa TPU Da PU JCPAL Flexa,Không có mô tả
op-ipad-pro-129-inch-2021-cung-deo-carbon-proud-jm,Bao da nắp gập iPad Pro 12.9 inch Carbon Proud JM,"Đặc điểm nổi bật Bao da được thiết kế gọn nhẹ, dễ dàng tháo lắp, mang theo tiện lợi.
Chế tác từ vật liệu chất lượng, độ bền bỉ và khả năng chống trầy xước tốt.
Thoải mái sử dụng với phần nắp gập có thể gấp gọn thành giá đỡ tiện dụng.
Lưu ý: Thanh toán trước khi mở seal."
bao-da-ipad-air-6-13-inch-uniq-camden-click-ivory,Bao da nắp gập iPad Air 6 13 inch UNIQ CAMDEN CLICK,"Đặc điểm nổi bật Thiết kế siêu mỏng nhẹ, ôm sát iPad Air 6 13 inch, tôn lên vẻ đẹp của máy.
Vỏ ngoài được làm từ nhựa PC cứng cáp, kết hợp với nắp đậy da PU mềm mại, bảo vệ iPad khỏi va đập, trầy xước và bụi bẩn hiệu quả.
Nắp của ốp lưng máy tính bảng có khả năng gập mở linh hoạt, đóng mở dễ dàng và bảo vệ màn hình khi không sử dụng.
Thiết kế nắp gập thông minh giúp bạn dễ dàng dựng iPad Air 6 13 inch để xem phim, đọc sách hay làm việc.
Ốp lưng máy tính bảng UNIQ được tích hợp khe cắm bút Apple Pencil, giúp bạn dễ dàng mang theo và sử dụng bút mọi lúc mọi nơi.
Lưu ý: Thanh toán trước khi mở seal."
bao-da-apple-smart-folio-ipad-11,Bao da Apple Smart Folio iPad 11,Không có mô tả
bao-da-nap-gap-ipad-air-6-11-inch-nhua-tpu-da-pu-laut-prestige-folio-mg,Bao da nắp gập iPad Air 6 11 inch 2024 Nhựa TPU da PU LAUT PRESTIGE FOLIO MG,"Đặc điểm nổi bật Được làm từ da PU cao cấp cùng với nhựa TPU mềm dẻo, ốp lưng máy tính bảng không chỉ có độ bền cao mà còn mang đến sự thoải mái khi cầm trên tay.
Ốp lưng máy tính bảng UNIQ có một chiếc nắp đậy thông minh, ngoài bảo vệ màn hình thì bạn còn có thể gấp lại thành một chiếc giá đỡ chắc chắn.
Hệ thống đính kèm MagSpin sáng tạo cho phép bạn dễ dàng đính iPad vào giá đỡ hoặc bàn phím tương thích.
Khay đựng Apple Pencil vô cùng tiện lợi, sau khi sử dụng xong có thể cất gọn, không lo bị rơi mất hay phải loay hoay tìm khi cần dùng.
Chiếc ốp lưng này sẽ ôm trọn iPad Air 6 11 inch, bảo vệ hiệu quả khi bạn lỡ tay làm iPad va chạm với các vật cứng.
Lưu ý: Thanh toán trước khi mở seal."
bao-da-galaxy-tab-s10-ultra-samsung-kem-ban-phim-ai-pad-chuot,Bao da Galaxy Tab S10 Ultra Samsung kèm bàn phím AI (Pad chuột),"Đặc điểm nổi bật Tab S10 Series: Để sử dụng AI Keyboard, yêu cầu phần mềm từ One UI 6.1.1 trở đi (Ra mắt từ 27/9/2024). Dùng được phím AI trên bao da bàn phím AI."
bao-da-ipad-air-6-11-inch-2024-nhua-tpu-da-pu-jcpal-slimflex-folio,Bao da iPad Air 6 11 inch 2024 Nhựa TPU Da PU JCPAL SlimFlex Folio,Không có mô tả
bao-da-galaxy-tab-s10-fe-samsung-kem-ban-phim-ai-trackpad,Bao da nắp gập Galaxy Tab S10 FE+ Samsung kèm bàn phím AI (Trackpad),Không có mô tả
bao-da-galaxy-tab-s9-ultra-samsung-thong-minh-den,Bao da Galaxy Tab S9 Ultra/ Tab S10 Ultra Samsung Thông minh,"Đặc điểm nổi bật Bao da tương thích với chiếc Samsung Galaxy Tab S9 Ultra/ Tab S10, bảo vệ an toàn cho chiếc máy tính bảng của bạn.
Mặt sau có thể gập lên để tạo thành 1 giá đỡ chắc chắn, hỗ trợ cả chế độ xem dọc và ngang, tăng sự linh hoạt trong quá trình sử dụng tablet.
Bao da được gắn vào máy tính bảng bằng từ tính nên người dùng có thể ốp vào hay tháo ra đều dễ dàng và không cần tốn sức.
Bao da Samsung tích hợp khay để bút tiện lợi, không lo thất lạc bút.
Bao da Galaxy Tab S9 Ultra/ Tab S10 Ultra Samsung Thông minh Chính hãng sở hữu khối lượng khá gọn nhẹ, dễ dàng mang theo hàng ngày, yên tâm cầm lâu mà không mỏi tay.
Lưu ý: Thanh toán trước khi mở seal."
bao-da-galaxy-tab-s9-plus-samsung-thong-minh-den,Bao da Galaxy Tab S9+/ Tab S9 FE+/ Tab S10+ Samsung Thông minh,"Đặc điểm nổi bật Bao da Galaxy Tab S9+/ Tab S9 FE+/ Tab S10+ Samsung Thông minh Chính hãng giúp bảo vệ thiết bị của người dùng khỏi trầy xước, an toàn hơn trong quá trình sử dụng và cất giữ.
Bao da còn có 1 khe chứa S Pen tiện lợi, dễ dàng cất giữ khi không dùng tới, tránh rơi rớt.
Bao da Samsung còn có tính năng tự động đánh thức khi mở nắp, nhanh chóng sử dụng, tối ưu hiệu suất làm việc.
Bao da được sản xuất từ chất liệu cao cấp, chế tác tỉ mỉ, đem đến vẻ ngoài sang trọng và đẳng cấp.
Bao da chuyên dụng dành riêng cho chiếc Galaxy Tab S9+/ Tab S9 FE+/ Tab S10+.
Mặt sau của sản phẩm với đa dạng kiểu gập để tạo thành nhiều góc nghiêng, cho phép thiết bị đứng vững khi để trên bàn, tiện lợi xem phim, lướt web,...
Lưu ý: Nút AI là Tab FE không dùng được (nhưng vẫn kết nối bàn phím được). Thanh toán trước khi mở seal."
bao-da-smart-folio-cho-ipad-pro-m4-13-inch,Bao da Smart Folio cho iPad Pro M4 13 inch,"Đặc điểm nổi bật Ốp lưng tablet Apple có thể gấp thành một chiếc giá đỡ chắc chắn, bạn đặt iPad ở nhiều tư thế để sử dụng một cách hiệu quả nhất. 
Bao da có thiết kế 2 mặt cho khả năng bảo vệ iPad toàn diện trước những tác động của ngoại lực.
Ốp lưng máy tính bảng được làm từ da nên có độ bền cao, bề mặt ít bám bẩn giữ cho vẻ ngoài luôn sạch sẽ.
Bạn không cần phải thao tác nhiều để bật/tắt iPad mà chỉ cần mở hoặc đóng nắp, mọi thứ sẽ tự động diễn ra, giúp bạn tiết kiệm thời gian và công sức.
Lưu ý: Thanh toán trước khi mở seal."
bao-da-ipad-pro-11-inch-uniq-camden-click-rhino-grey,Bao da nắp gập iPad Pro 11 inch UNIQ CAMDEN CLICK,"Đặc điểm nổi bật Ốp lưng máy tính bảng có màu xám vô cùng thời thượng, phù hợp với mọi độ tuổi của người dùng.
Mặt lưng được làm từ nhựa PC cứng cáp và mịn màng, thuận tiện cho việc lau chùi.
Nắp của ốp lưng máy tính bảng UNIQ là da PU mềm mại, bảo vệ màn hình tối ưu.
Có ngay một giá đỡ chắc chắn khi bạn gấp phần nắp của ốp lưng, dễ dàng điều chỉnh tư thế sử dụng.
Ốp lưng iPad Pro 11 có khe để Apple Pencil, hạn chế thất lạc khi không sử dụng và có thể mang theo đến bất kỳ đâu.
Kích thước của bao da được làm vừa vặn với dòng iPad Pro 11 2024 của nhà Apple.
Lưu ý: Thanh toán trước khi mở seal."
bao-da-nap-gap-ipad-air-6-13-inch-nhua-pc-da-pu-laut-huex-folio,Bao da nắp gập iPad Air 6 13 inch 2024 Nhựa PC da PU LAUT HUEX FOLIO,"Đặc điểm nổi bật Ốp lưng LAUT được làm từ da PU và nhựa PC nên có độ bền cao, không bị bong tróc khi sử dụng trong thời gian dài.
Với thiết kế mỏng nhẹ, ốp lưng sẽ không làm chiếc iPad của bạn bị dày hay nặng khi cầm trên tay.
Chỉ với vài thao tác gấp đơn giản, bạn đã có thể biến phần mặt trước của ốp lưng thành một giá đỡ chắc chắn, cho phép bạn đặt iPad ở bất kỳ đâu bạn muốn.
Ốp lưng máy tính bảng được làm vừa vặn với iPad Air 6 13 inch, bảo vệ toàn diện khi xảy ra va đập.
Lưu ý: Thanh toán trước khi mở seal."
bao-da-galaxy-tab-s10-ultra-samsung-kem-ban-phim-ai,Bao da Galaxy Tab S10 Ultra Samsung kèm bàn phím AI,"Đặc điểm nổi bật Tab S10 Series: Để sử dụng AI Keyboard, yêu cầu phần mềm từ One UI 6.1.1 trở đi (Ra mắt từ 27/9/2024). Dùng được phím AI trên bao da bàn phím AI."
bao-da-ipad-pro-13-inch-2024-magnetic-rebound-tpu-pu-esr,Bao da iPad Pro 13 inch 2024 Magnetic Rebound TPU PU ESR,Không có mô tả
bao-da-ipad-11-ipad-10-pu-pc-uniq-camden-click,Bao da iPad A16/ iPad 10 PU PC UNIQ CAMDEN CLICK,Không có mô tả
op-lung-ipad-pro-129-2021-nhua-deo-armour-jm-den,Bao da nắp gập iPad Pro 12.9 inch Armour JM,"Đặc điểm nổi bật Thiết kế gọn gàng, kiểu dáng tối giản, màu sắc thanh lịch.
Bao da được chế tác chỉn chu, tỉ mỉ tới từng đường nét, ôm trọn thiết bị.
Bảo vệ iPad khỏi trầy xước và bám dính vân tay hiệu quả, sử dụng dễ dàng và thoải mái.
Sản phẩm tương thích với dòng iPad Pro 12.9 inch.
Lưu ý: Thanh toán trước khi mở seal."
bao-da-smart-folio-cho-ipad-air-m2-11-inch,Bao da Smart Folio cho iPad Air M2 11 inch,"Đặc điểm nổi bật Ốp lưng tablet Apple bao bọc cả mặt trước và mặt sau của iPad giúp bảo vệ thiết bị khỏi trầy xước, va đập và bụi bẩn.
iPad sẽ tự động bật màn hình khi bạn mở bao da và chuyển sang chế độ ngủ khi đóng lại, giúp tiết kiệm pin.
Ốp lưng máy tính bảng được làm mỏng nhẹ nên không làm tăng khối lượng và kích thước của iPad.
Được làm từ chất liệu da cao cấp, mang đến cảm giác cầm nắm chắc chắn, dễ vệ sinh ốp lưng.
Tương thích: iPad Air M2 11 inch, iPad Air M3 11inch, đảm bảo vừa khít và không gây cản trở các chức năng của máy.
Lưu ý: Thanh toán trước khi mở seal."
bao-da-smart-folio-cho-ipad-air-m2-13-inch,Bao da Smart Folio cho iPad Air M2 13 inch,"Đặc điểm nổi bật Ốp lưng được thiết kế vừa vặn với iPad Air M2 13 inch giúp bảo vệ toàn diện mặt trước và mặt sau của máy.
Phần nắp của ốp lưng máy tính bảng có thể gấp thành một chiếc giá đỡ chắc chắn, hỗ trợ điều chỉnh nhiều góc nhìn hơn để đọc, xem phim, đánh chữ hoặc gọi FaceTime.
Ốp lưng tablet Apple được làm từ da nên vô cùng bền bỉ, bề mặt mềm mịn tạo sự thoải mái khi cầm trên tay.
Chiếc ốp lưng này còn có thể đánh thức iPad khi mở nắp ra và chuyển máy về chế độ ngủ khi đóng lại.
Tương thích: iPad Air M2 13 inch, iPad Air M3 13 inch.
Lưu ý: Thanh toán trước khi mở seal."
bao-da-ipad-pro-13-inch-uniq-camden-click-rhino-grey,Bao da nắp gập iPad Pro 13 inch UNIQ CAMDEN CLICK,"Đặc điểm nổi bật Các góc cạnh của ốp lưng máy tính bảng được bo cong tinh tế, bảo vệ hiệu quả khi có va đập.
Những chi tiết như nút bấm, camera, loa, cổng sạc,... được chế tác chuẩn xác, cho bạn sử dụng các chức năng của iPad một cách hiệu quả.
Mặt sau của ốp lưng máy tính bảng UNIQ được làm từ nhựa PC không chỉ có độ bền cao mà còn dễ dàng lau chùi. 
Chất liệu da PU được dùng làm nắp cho ốp lưng iPad Pro 13, bảo vệ màn hình không bị trầy xước.
Biến phần nắp đậy của ốp lưng iPad thành giá đỡ chắc chắn chỉ với vài thao tác gấp đơn giản.
Ốp lưng được chế tác vừa vặn với dòng iPad Pro 13, bảo vệ hiệu quả khi không may bị rơi hay va đập với vật cứng.
Lưu ý: Thanh toán trước khi mở seal."
bao-da-nap-gap-ipad-air-6-11-inch-nhua-pc-da-pu-laut-huex-folio,Bao da nắp gập iPad Air 6 11 inch 2024 Nhựa PC da PU LAUT HUEX FOLIO,"Đặc điểm nổi bật Ốp lưng UNIQ với thiết kế tối giản và gam màu xám, đen thanh lịch, mang đến vẻ ngoài sang trọng và tinh tế cho chiếc máy tính bảng của bạn.
Ốp lưng iPad sở hữu mặt lưng phẳng mịn màng, không chỉ tạo cảm giác cầm nắm thoải mái mà còn dễ dàng lau chùi, vệ sinh.
Nắp ốp lưng có thể gấp thành giá đỡ giúp bạn dễ dàng sử dụng iPad ở nhiều tư thế khác nhau.
Được chế tác từ chất liệu nhựa PC và da PU cao cấp, ốp lưng iPad Air 6 11 inch đảm bảo độ bền bỉ và khả năng bảo vệ toàn diện khi có va đập.
Thiết kế ôm sát iPad Air 6 11 inch, ốp lưng máy tính bảng mang đến sự vừa vặn hoàn hảo, đồng thời cho phép truy cập dễ dàng vào các cổng kết nối và nút bấm.
Lưu ý: Thanh toán trước khi mở seal."
bao-da-nap-gap-ipad-pro-13-inch-2024-nhua-tpu-da-pu-laut-prestige-folio-mg,Bao da nắp gập iPad Pro 13 inch 2024 Nhựa TPU da PU LAUT PRESTIGE FOLIO MG,"Đặc điểm nổi bật Bao da nắp gập có màu đen sang trọng, thiết kế thời thượng giúp chiếc iPad của bạn thêm phần nổi bật.
Ốp lưng LAUT được làm bằng nhựa TPU và da PU nên có độ bền cao, ít bám bẩn và việc lau chùi cũng khá đơn giản.
Chỉ với vài thao tác đơn giản bạn đã có thể biến ốp lưng thành một giá đỡ iPad chắc chắn, thoải mái đặt lên mọi mặt phẳng sử dụng.
Khay đựng Apple Pencil vô cùng tiện lợi của ốp lưng máy tính bảng, bạn có thể cất gọn khi không sử dụng để tránh thất lạc bút.
Ốp lưng sẽ bao trọn lấy chiếc iPad Pro 13 inch 2024, giảm thiểu những hư hại khi có va chạm xảy ra.
Lưu ý: Thanh toán trước khi mở seal."
op-lung-ipad-2021-102-moster-jm-gold,Bao da nắp gập iPad 10.2 inch MOSTER JM,"Đặc điểm nổi bật Sở hữu tông màu vàng gold sang trọng, bề mặt trang trí họa tiết nổi dạng khối đẹp mắt.
Gập bao da tạo hình giá đỡ iPad, thao tác và xem màn hình thoải mái hơn.
Phần ốp lưng ôm sát thân máy, chống trầy và giảm ngoại lực khi va chạm tốt.
Thiết kế tương thích cho dòng iPad 7, 8, 9.
Chất liệu da PU và nhựa cao cấp mềm mịn, chống trơn trượt, dễ dàng tháo lắp khi sử dụng. 
Lưu ý: Thanh toán trước khi mở seal."
op-lung-nap-gap-ipad-pro-11-inch-2021-shock-x-jm,Bao da nắp gập iPad Pro 11 inch SHOCK X JM,"Đặc điểm nổi bật Ngoại hình gọn đẹp, tông màu bắt mắt, thời trang.
Thiết kế dạng nắp gập giúp bảo vệ màn hình máy tốt hơn. 
Ốp lưng ôm sát vào các góc cạnh của iPad Pro 11 inch 2021.
Dễ dàng tách rời hoặc lắp vào máy, trải nghiệm liền mạch, thoải mái.
Làm từ chất liệu da PU và nhựa bền bỉ, hạn chế rạn nứt.
Lưu ý: Thanh toán trước khi mở seal."
op-lung-ipad-pro-11-inch-nhua-cung-vien-deo-carbon-proud-jm-navy,Ốp lưng iPad Pro 11 inch Nhựa cứng viền dẻo Carbon Proud JM,"Đặc điểm nổi bật Kiểu dáng gọn gàng, bao da mỏng nhẹ, thiết kế ôm sát.
Chất liệu bền bỉ, bảo vệ tốt iPad khi gặp va chạm và cọ xát.
Chống bám dính mồ hôi, sử dụng thoải mái nhiều giờ liền.
Sản phẩm chuyên dụng cho dòng iPad Pro 11 inch."
op-lung-ipad-pro-11-inch-nhua-deo-armour-jm-den,Ốp lưng iPad Pro 11 inch Nhựa dẻo Armour JM,"Đặc điểm nổi bật Kiểu dáng thời thượng, màu sắc lịch lãm, phù hợp với đa số người dùng.
Chế tác từ vật liệu chất lượng, bảo vệ hiệu quả thiết bị trong quá trình sử dụng thường ngày.
Hạn chế bám mồ hôi và dấu vân tay, giúp bao da luôn như mới.
Sản phẩm chuyên dụng cho dòng iPad Pro 11 inch.
Lưu ý: Thanh toán trước khi mở seal."
bao-da-ipad-10-moven-uniq-charcoal-grey,Bao da iPad A16/ iPad 10 UNIQ MOVEN,"Đặc điểm nổi bật Ốp lưng máy tính bảng UNIQ có màu xám thanh lịch, các góc được bo cong tinh tế cho khả năng bảo vệ tốt và thoải mái khi cầm.
Bảo vệ tối ưu cho iPad khi không may xảy ra va chạm khi ốp lưng được làm từ nhựa và da PU. Bề mặt mịn màng, chống thấm tốt nên việc làm sạch khá đơn giản.
Nắp của ốp lưng iPad 10 được thiết kế thông minh, chỉ với vài nếp gấp bạn đã có ngay một giá, đỡ iPad, thoải mái sử dụng ở nhiều tư thế.
Ốp lưng máy tính bảng có viền dẻo nên thao tác tháo lắp khá đơn giản, các nút được đặt đúng vị trí, đảm bảo iPad vẫn hoạt động hiệu quả khi đeo ốp.
Ốp lưng được chế tác tỉ mỉ, đảm bảo ôm sát iPad 10/ iPad A16, không gây cấn mép hay lỏng lẻo trong quá trình sử dụng.
Lưu ý: Thanh toán trước khi mở seal."
bao-da-nap-gap-ipad-air-6-13-inch-nhua-tpu-da-pu-laut-prestige-folio-mg,Bao da nắp gập iPad Air 6 13 inch 2024 Nhựa TPU da PU LAUT PRESTIGE FOLIO MG,"Đặc điểm nổi bật Ốp lưng máy tính bảng được làm từ nhựa TPU bền bỉ kết hợp với da PU cao cấp, tạo nên một lớp áo bảo vệ chắc chắn mà vẫn giữ được vẻ ngoài tinh tế, sang trọng.
Nắp gập thông minh có thể gấp thành giá đỡ chắc chắn cho phép bạn đặt iPad ở nhiều góc độ khác nhau, thuận tiện cho việc xem phim, làm việc hoặc học tập.
Ốp lưng LAUT được tích hợp khe cắm bút giữ chiếc Apple Pencil luôn ở bên cạnh, sẵn sàng sử dụng mọi lúc mọi nơi.
Hệ thống nam châm MagSpin giúp kết nối bao da với iPad một cách chắc chắn, việc tháo lắp cũng trở nên vô cùng dễ dàng và nhanh chóng.
Thiết kế folio tháo rời phần nắp cho phép bạn sử dụng iPad một cách linh hoạt, từ làm việc đến giải trí, mà không cần lo lắng về sự cồng kềnh.
Kích thước của ốp lưng vừa vặn hoàn hảo với iPad Air 6 13 inch, bảo vệ toàn diện khi có va chạm xảy ra.
Lưu ý: Thanh toán trước khi mở seal."
bao-da-nap-gap-ipad-pro-11-inch-2024-nhua-tpu-da-pu-laut-prestige-folio-mg,Bao da nắp gập iPad Pro 11 inch 2024 Nhựa TPU da PU LAUT PRESTIGE FOLIO MG,"Đặc điểm nổi bật Ốp lưng LAUT được chế tác từ nhựa TPU và da PU cao cấp, mang đến cảm giác mềm mại, êm tay và độ bền vượt trội.
Thiết kế ôm sát các góc cạnh của iPad Pro 11 inch 2024, bảo vệ toàn diện máy khỏi trầy xước, va đập và bụi bẩn.
Nắp gập đa năng cho phép bạn điều chỉnh iPad nhiều góc độ khác nhau để xem phim, làm việc hoặc đọc sách một cách thoải mái.
Có ngăn chứa bút Apple Pencil tiện lợi, giúp bạn mang theo bút mọi lúc mọi nơi.
Các cổng cắt chính xác, dễ dàng truy cập vào các cổng sạc, nút âm lượng và camera mà không cần tháo ốp lưng máy tính bảng.
Lưu ý: Thanh toán trước khi mở seal."
bao-da-nap-gap-ipad-pro-12-9-inch-esr-rebound-hybrid-360-black,Bao da nắp gập iPad Pro 12.9 inch ESR Rebound Hybrid 360,"Đặc điểm nổi bật Bao da ESR hỗ trợ bạn xoay thiết bị 360 độ, tiện lợi hơn trong việc điều chỉnh góc nhìn, có chỗ để Apple Pencil 2 hạn chế việc thất lạc trong quá trình di chuyển.
Với kiểu dáng tối giản, màu sắc thời thượng, chiếc bao da nắp gập iPad Pro 12.9 inch ESR Rebound Hybrid 360 Chính hãng này sẽ phù hợp với nhiều người dùng.
Chất liệu nhựa cứng phối hợp cùng da PU tạo nên một chiếc bao da có độ bền cao, ôm trọn chiếc iPad của bạn, hạn chế những vết trầy khi có va chạm xảy ra.
Bao da iPad Pro 12.9 inch có nắp gập từ tính vô cùng chắc chắn, bạn có thể cuộn phần nắp lại để làm giá đỡ iPad, thuận tiện hơn khi muốn viết, vẽ, lướt web,..."
bao-da-ipad-air-10-9-uniq-camden-antimicrobial-peony-pink,Bao da nắp gập iPad Air 10.9 UNIQ CAMDEN ANTIMICROBIAL,"Đặc điểm nổi bật Ốp lưng máy tính bảng có màu hồng rất thời thượng, các góc được bo cong tinh tế cho cảm giác cầm thoải mái.
Chất liệu nhựa cứng và da PU được dùng để tạo nên chiếc ốp lưng iPad 10.9 inch cho khả năng chịu lực tốt, bảo vệ tối ưu khi va chạm.
Phần nắp của bao da có thể biến thành giá đỡ chỉ bằng cách gập theo các rãnh gấp, nhờ đó bạn có thể dựng iPad trên bề mặt phẳng, xem phim hay làm việc đều rất tốt.
Các nút chức năng được chế tác tỉ mỉ, cho trải nghiệm nhấn êm ái và chính xác. 
Ốp lưng máy tính bảng UNIQ có kích thước vừa vặn với iPad Air 10.9 inch.
Lưu ý: Thanh toán trước khi mở seal."
bao-da-ipad-air-10-9-uniq-camden-antimicrobial-northern-blue,Bao da nắp gập iPad Air 10.9 UNIQ CAMDEN ANTIMICROBIAL,"Đặc điểm nổi bật Ốp lưng iPad 10.9 inch có màu xanh dương vô cùng trẻ trung, phù hợp cho cả nam và nữ. 
Các góc bo cong tinh tế ôm sát thân máy, tạo cảm giác cầm nắm thoải mái và chắc chắn, cho phép bạn dễ dàng thao tác bằng một tay.
Ốp lưng máy tính bảng được chế tác từ chất liệu da PU và nhựa cứng nên có khả năng chịu lực tốt và chống trầy xước hiệu quả.
Phần nắp đậy của ốp lưng máy tính bảng UNIQ được thiết kế thông minh, bạn có thể gấp thành một chân đế để iPad đứng vững trên mặt phẳng, thuận tiện khi sử dụng.
Phần camera và chỗ đặt Apple Pencil trên ốp lưng iPad được cắt khoét tỉ mỉ cho trải nghiệm tốt hơn.
Kích thước ốp lưng dành riêng cho dòng iPad Air 10.9 inch của nhà Apple.
Lưu ý: Thanh toán trước khi mở seal."
bao-da-nap-gap-ipad-air-6-13-inch-nhua-tpu-da-pu-uniq-ryze-360,Bao da nắp gập iPad Air 6 13 inch 2024 Nhựa TPU da PU UNIQ RYZE 360,"Đặc điểm nổi bật Ốp lưng máy tính bảng dạng nắp gập với kiểu dáng thanh lịch, hiện đại. Gam trung tính phù hợp với mọi người dùng.
Chất liệu da PU và nhựa TPU không chỉ mang đến cảm giác êm ái khi cầm mà còn có độ bền cao.
Chiếc ốp lưng này được chế tác dựa theo kích thước của iPad Air 6 13 inch. Các đường cắt chính xác dễ dàng sử dụng các cổng, nút chức năng, camera,...
Nắp của ốp lưng máy tính bảng UNIQ có thể gấp thành một chân đế chắc chắn để bạn đặt lên bàn, dễ dàng điều chỉnh góc nhìn phù hợp khi sử dụng iPad.
Ốp lưng iPad Air 6 13 inch có khe để Apple Pencil giúp bạn cất giữ và sử dụng bút dễ dàng.
Lưu ý: Thanh toán trước khi mở seal."
