id_product,name_product,description
adapter-chuyen-doi-usb-c-6-in-1-ugreen-60384,Adapter chuyển đổi USB C 6 in 1 Ugreen 60384,"Adapter chuyển đổi USB C 6 in 1 Ugreen 60384 mang đến giải pháp mở rộng kết nối hoàn hảo, biến cổng USB-C trên thiết bị của bạn thành tâm điểm cho mọi nhu cầu ngoại vi. Thiết kế nhỏ gọn, tiện lợi cùng khả năng kết nối đa dạng sẽ là người bạn đồng hành lý tưởng cho công việc của bạn. • Hub chuyển đổi tương thích với hầu hết các mẫu laptop và máy tính bảng sử dụng cổng Type C. Bạn chỉ cần cắm vào thiết bị và sử dụng ngay, không cần cài đặt phức tạp, mang đến cho bạn trải nghiệm kết nối tiện lợi và hiệu quả. • Hub chuyển đổi Ugreen được trang bị 6 đầu ra đa dạng giúp bạn dễ dàng kết nối với nhiều thiết bị khác nhau gồm 2 cổng USB 3.0, 1 khe đọc thẻ nhớ SD, 1 khe đọc thẻ nhớ microSD, 1 cổng HDMI và 1 cổng Type C. Xem thêm"
adapter-chuyen-doi-type-c-4-in-1-xmobile-ds606h,Adapter chuyển đổi Type C 4 in 1 Xmobile DS606H,"Adapter chuyển đổi Type C 4 in 1 Xmobile DS606H chính là sự lựa chọn hoàn hảo nếu bạn đang tìm kiếm một giải pháp tiện lợi và hiệu quả để mở rộng khả năng kết nối của thiết bị. Với thiết kế nhỏ gọn và dễ dàng mang theo, sản phẩm này sẽ trở thành người bạn đồng hành lý tưởng trong mọi chuyến đi của bạn. • Hub chuyển đổi Xmobile được trang bị 4 cổng ra đa dạng, giúp bạn dễ dàng kết nối với nhiều thiết bị khác nhau gồm 2 cổng USB 3.0, 1 cổng HDMI và 1 cổng Type-C. • 2 cổng USB 3.0 với tốc độ truyền tải dữ liệu lên đến 5 Gbps, bạn có thể dễ dàng kết nối với các thiết bị ngoại vi như chuột, bàn phím, ổ cứng di động và nhiều thiết bị khác. • Cổng HDMI hỗ trợ độ phân giải 4K 30 Hz, giúp bạn kết nối với màn hình, tivi hay máy chiếu một cách dễ dàng, mang lại trải nghiệm hình ảnh sắc nét và sống động. Xem thêm"
adapter-chuyen-doi-type-c-4-in-1-xmobile-ds122f,Adapter chuyển đổi Type C 4 in 1 Xmobile DS122F,"Thiết kế nhỏ gọn, dễ mang theo bên người Adapter chuyển đổi Type C 4 in 1 Xmobile DS122F Xám có kiểu dáng thon dài với các góc được bo tròn mềm mại, cho cảm giác cầm tốt và không chiếm nhiều diện tích khi sử dụng để kết nối với các thiết bị khác. Xem thêm"
adapter-chuyen-doi-usb-type-c-4-in-1-hyperdrive-hd41,Adapter chuyển đổi USB Type C 4 in 1 HyperDrive HD41,"Adapter chuyển đổi USB Type C 4 in 1 HyperDrive HD41 sở hữu kiểu dáng gọn nhẹ, màu sắc trang nhã, trang bị cổng HDMI trình chiếu truy xuất dữ liệu sắc nét, sống động chuẩn 4K ở 60 Hz, kết nối HDMI trực tiếp với HDMI, nhỏ gọn dễ dàng mang theo bất cứ đâu. • Adapter sạc chuyển đổi với thiết kế nhỏ gọn, thay thế cho nhiều loại dây cáp, cổng chuyển đổi, dễ mang theo mọi lúc mọi nơi. • Chất liệu adapter chuyển đổi sản xuất từ vỏ nhôm được gia công chính xác với màu sắc, diện mạo và đường nét thiết kế giống như MacBook Pro & MacBook Air. • Trải nghiệm video HDMI 4K 60 Hz rõ ràng, độ phân giải cao trên màn hình 4K. Ngoài ra, adapter Hyper chuyển đổi yêu cầu kết nối HDMI trực tiếp với HDMI. Xem thêm"
cap-chuyen-doi-type-c-sang-35mm-apple-mu7e2-trang,Cáp chuyển đổi Type C - 3.5mm Apple MU7E2,"Cáp chuyển đổi Type-C sang 3.5mm Apple MU7E2 Trắng có thiết kế nhỏ gọn, dễ dàng sử dụng và mang theo Xem thêm"
adapter-chuyen-doi-usb-c-5-in-1-baseus-ultrajoy-bs-oh150,Adapter chuyển đổi USB C 5 in 1 Baseus UltraJoy BS-OH150,"Adapter chuyển đổi USB C 5 in 1 Baseus UltraJoy BS-OH150 có thiết kế nhỏ gọn, khối lượng nhẹ, trang bị nhiều cổng ra vừa giúp sạc pin nhanh, vừa hỗ trợ xuất hình với độ phân giải lên đến 4K cho khả năng hiển thị sắc nét và sống động. • Adapter chuyển đổi có kiểu dáng tối giản, thiết kế nguyên khối cứng cáp, chắc chắn. • Khối lượng gọn nhẹ, dễ dàng bỏ vào túi, balo mang theo ra ngoài đi làm, đi học cực tiện lợi. • Adapter chuyển đổi Baseus có 5 cổng ra, bao gồm: - 3 cổng USB 3.0, cho phép bạn kết nối với các thiết bị như: chuột, bàn phím, USB,... - 1 cổng HDMI 4K, hỗ trợ xuất hình ảnh và âm thanh chất lượng cao từ thiết bị ra màn hình lớn. Xem thêm"
adapter-type-c-sang-hdmi-type-c-usb-apple-muf82,Adapter chuyển đổi Type C 3 in 1 Apple MUF82,"Adapter chuyển đổi Type C sang HDMI/Type C/USB Apple MUF82 Trắng có thiết kế nhỏ gọn, sang trọng giúp người dùng dễ dàng mang theo bên mình sử dụng. Adapter là sản phẩm chính hãng của Apple được thiết kế cho Macbook và iPad Pro. Xem thêm"
adapter-chuyen-doi-type-c-4-in-1-hyperdrive-next-hd4001,Adapter chuyển đổi Type C 4 in 1 HyperDrive Next HD4001,"Xu hướng laptop ngày càng mỏng nhẹ khiến các cổng kết nối truyền thống bị thu gọn đáng kể. Điều này đòi hỏi người dùng phải có một giải pháp kết nối linh hoạt hơn, adapter chuyển đổi Type C 4 in 1 HyperDrive Next HD4001 là một lựa chọn hoàn hảo. Với đầy đủ các cổng kết nối thông dụng, sản phẩm này giúp laptop dễ dàng kết nối nhiều thiết bị ngoại vi, nâng cao hiệu suất làm việc và trải nghiệm giải trí. • Chỉ với một chiếc hub chuyển đổi nhỏ gọn, bạn đã có trong tay 4 cổng kết nối đa năng: Type C, USB, HDMI (4K) và Type C PD 100W. Đây thực sự là một giải pháp hoàn hảo để mở rộng khả năng kết nối của chiếc laptop mỏng nhẹ của bạn. • Công nghệ sạc nhanh Power Delivery với công suất sạc lên đến 100W của hub chuyển đổi HyperDrive sẽ giúp bạn sạc đầy pin cho các thiết bị như điện thoại, tai nghe, loa, chuột,... một cách nhanh chóng. Xem thêm"
adapter-chuyen-doi-type-c-6-in-1-hyperdrive-next-hd4002,Adapter chuyển đổi Type C 6 in 1 HyperDrive Next HD4002,"Adapter chuyển đổi Type C 6 in 1 HyperDrive Next HD4002 sẽ mang đến cho bạn những trải nghiệm vượt trội với tốc độ truyền dữ liệu siêu nhanh, khả năng xuất hình ảnh 4K sắc nét và công suất sạc mạnh mẽ. Sản phẩm này sẽ là người bạn đồng hành lý tưởng cho những ai sử dụng nhiều thiết bị điện tử và làm việc ở nhiều nơi khác nhau. • Sở hữu 6 cổng kết nối gồm 1 Type C, 1 khe đọc thẻ nhớ SD, 2 USB, 1 HDMI (4K) và 1 Type C (PD 100W) đáp ứng nhu cầu chuyển dữ liệu, kết nối với các thiết bị khác và cả việc sạc pin. • Hub chuyển đổi có thiết kế tối giản, gam màu xanh hài hòa với mọi không gian làm việc. Kích thước khá nhỏ gọn, bạn có thể đem theo muôn nơi từ văn phòng công ty, nhà ở, thư viện đến các quán cà phê học tập. Xem thêm"
adapter-chuyen-doi-type-c-7-in-1-hyperdrive-next-hd4003,Adapter chuyển đổi Type C 7 in 1 HyperDrive Next HD4003,"Adapter chuyển đổi Type C 7 in 1 HyperDrive Next HD4003 sẽ là người bạn đồng hành lý tưởng. Với 7 cổng kết nối đa dạng, sản phẩm này giúp bạn mở rộng khả năng của thiết bị, đáp ứng mọi nhu cầu sử dụng, từ làm việc, học tập đến giải trí. Với thiết kế thông minh và tính năng vượt trội, sản phẩm này sẽ mang đến cho bạn những trải nghiệm bất ngờ. • Adapter chuyển đổi có 7 đầu ra gồm: 1 Gigabit Ethernet, 2 USB, 1 khe đọc thẻ nhớ SD, 1 khe đọc thẻ nhớ microSD, 1 HDMI (4K) và 1 Type C (PD 100W) phục vụ nhu cầu sử dụng đa dạng của người dùng. • Thông qua cổng HDMI hỗ trợ 4K trên hub chuyển đổi, bạn có thể dễ dàng mở rộng không gian làm việc bằng cách kết nối laptop với màn hình lớn, giúp bạn làm việc hiệu quả hơn. • Với tốc độ truyền dữ liệu siêu nhanh của cổng USB, bạn có thể nhanh chóng di chuyển các tệp giữa máy tính và các thiết bị lưu trữ khác.  sẽ giúp bạn tối ưu hóa quy trình làm việc, tăng năng suất và hiệu quả. Xem thêm"
adapter-chuyen-doi-type-c-8-in-1-hyperdrive-next-hd4004,Adapter chuyển đổi Type C 8 in 1 HyperDrive Next HD4004,"Nhu cầu kết nối đa thiết bị ngày càng tăng cao, nên các thiết bị chuyển đổi đa cổng như adapter chuyển đổi Type C 8 in 1 HyperDrive Next HD4004 rất được ưa chuộng. Với 8 cổng đa năng, bạn có thể dễ dàng kết nối mọi thứ từ laptop, điện thoại đến các thiết bị ngoại vi khác chỉ trong một thiết bị nhỏ gọn. • Nhanh gấp nhiều lần so với các chuẩn USB truyền thống, cổng USB 3.2 trên hub chuyển đổi HyperDrive với tốc độ 10 Gbps cho phép bạn truyền tải dữ liệu nhanh chóng. Việc sao chép phim, ảnh hoặc các file tài liệu lớn sẽ không còn là vấn đề nan giải, bạn sẽ tối ưu được thời gian làm việc hơn. • Mở rộng không gian làm việc và giải trí của bạn với cổng HDMI 4K. Kết nối hub với màn hình lớn để tận hưởng hình ảnh sắc nét, sống động, như đang làm việc trong một studio chuyên nghiệp. Cho dù bạn đang làm việc, xem phim hay chơi game, cổng HDMI đều mang đến trải nghiệm thị giác tuyệt vời. Xem thêm"
adapter-chuyen-doi-usb-c-6-in-1-hyperdrive-hd22e,Adapter chuyển đổi Type C 6 in 1 HyperDrive HD22E,"Thiết kế nhỏ gọn, sang trọng với vỏ ngoài bằng Aluminium CNC cao cấp nguyên khối màu xám Chất liệu cao cấp sáng bóng không han gỉ, dùng bền tốt, hạn chế trầy xước, mang lại nét thẩm mỹ sang trọng cho Adapter chuyển đổi Type-C 6 in 1 HyperDrive HD22E trong mọi không gian sử dụng. Thật dễ dàng để mang theo nó trong balo, giỏ xách tới công sở, trường học hay trong hành trang du lịch của bạn. Kết nối đa năng với nhiều thiết bị cùng lúc nhờ 6 cổng chuyển đổi Bao gồm 2 cổng USB 3.0, cổng USB Type-C, cổng SD, Micro SD và cổng HDMI, thiết bị chuyển đổi từ cổng Type-C của Macbook gồm có Macbook Pro 12/13/15 inch 2016 - 2017, Macbook Air 13 inch 2018, iPad Pro 2018, Surface Go, Surface Pro X, Surface Pro 7, Surfacebook 2 13/15 inch, laptop Surface 3 13/15 inch hoặc các laptop có dùng ra 6 cổng kết nối tiện lợi. Xem thêm"
adapter-chuyen-doi-type-c-10-in-1-hyperdrive-next-hd4005,Adapter chuyển đổi Type C 10 in 1 HyperDrive Next HD4005,"Nếu bạn đang tìm kiếm một giải pháp tối ưu để kết nối và quản lý các thiết bị điện tử của mình thì adapter chuyển đổi Type C 10 in 1 HyperDrive Next HD4005 chính là lựa chọn hoàn hảo. Thiết kế nhỏ gọn, dễ dàng mang đi bất cứ đâu cùng với hệ thống cổng kết nối đa dạng giúp bạn làm việc hiệu quả hơn. Đặc biệt, khả năng truyền tải dữ liệu tốc độ cao và xuất hình ảnh 4K sẽ mang đến trải nghiệm người dùng tuyệt vời. • Không còn loay hoay với nhiều dây cáp lằng nhằng, hub chuyển đổi Type C là giải pháp hoàn hảo để kết nối mọi thiết bị của bạn. Chỉ với một thao tác cắm đơn giản, bạn đã có thể tận hưởng trải nghiệm làm việc và giải trí liền mạch. Sản phẩm tương thích với hầu hết các thiết bị sử dụng cổng Type-C, bạn sẽ tiết kiệm thời gian và công sức hơn. Xem thêm"
chuot-bluetooth-silent-logitech-m240,Chuột Bluetooth Silent Logitech M240,"Chuột Bluetooth Silent Logitech M240 với kiểu dáng gọn gàng, gam màu đẹp mắt, kích thước vừa vặn tay cầm, kết nối ổn định cùng độ nhạy khá cao, hứa hẹn mang đến cho bạn những trải nghiệm tuyệt vời. • Màu sắc thanh lịch, khối lượng siêu gọn nhẹ, không chiếm quá nhiều diện tích không gian, tiện lợi bỏ vào balo hay túi xách mang theo bất cứ đâu. • Thiết kế chuột với đường nét sắc sảo đến từng chi tiết đem đến cho người dùng cảm giác êm tay trong quá trình sử dụng, hạn chế mỏi tay khi dùng trong thời gian dài. • Trang bị tốc độ di chuyển khá nhanh và phản hồi cao nhờ độ phân giải lên đến 4000 DPI, bạn có thể điều chỉnh mức DPI phù hợp cho từng loại tác vụ, tối ưu trải nghiệm sử dụng. • Bạn có thể dễ dàng kết nối với các thiết bị thông qua Bluetooth trong vòng 10 m, đường truyền ổn định và mượt mà. Xem thêm"
chuot-bluetooth-philips-spk7448?utm_flashsale=1,Chuột Bluetooth Philips SPK7448,Không có mô tả
chuot-co-day-gaming-rapoo-v10s?utm_flashsale=1,Chuột Có dây Gaming Rapoo V10SE,Không có mô tả
chuot-co-day-gaming-dareu-em911,Chuột Có dây Gaming Dareu EM911,Không có mô tả
chuot-sac-khong-day-gaming-dareu-em901x,Chuột sạc Không dây Gaming Dareu EM901X,Không có mô tả
chuot-khong-day-akko-hamster-plus,Chuột Không Dây Akko Hamster Plus,"Nếu bạn đang tìm một chiếc chuột không dây bền bỉ, tiện lợi, phù hợp cho công việc văn phòng, chuột không dây Akko Hamster Plus là lựa chọn không thể bỏ qua. Với thiết kế tối ưu, kết nối ổn định, độ nhạy tốt và thời lượng pin ấn tượng, sản phẩm này đáp ứng hoàn hảo nhu cầu sử dụng hằng ngày. • Akko Hamster Plus có kích thước lớn hơn so với phiên bản cũ, giúp tạo cảm giác cầm nắm chắc tay hơn, đặc biệt phù hợp với những ai có bàn tay to hoặc thích cảm giác sử dụng chuột đầy đặn. Bên cạnh đó, thiết kế công thái học giúp giảm áp lực lên cổ tay, phù hợp cho những ai thường xuyên sử dụng chuột nhiều giờ liên tục trong công việc. Dù bạn đang xử lý tài liệu, lướt web hay làm việc sáng tạo, Akko Hamster Plus đều mang lại sự thoải mái tối ưu. Xem thêm"
chuot-khong-day-dareu-lm106g,Chuột Không dây DareU LM106G,"Chuột Không dây DareU LM106G gọn nhẹ, dễ sử dụng, kết nối nhanh chóng, tương thích nhiều thiết bị. • Đường nét mềm mại, độ hoàn thiện cao, chuột vừa vặn và êm tay khi sử dụng. • Màu sắc thông dụng, phù hợp với mọi người dùng. • Chuột DareU được thiết kế đối xứng 2 bên, tay trái hay tay phải sử dụng đều thuận. • Phím bấm có độ nảy tốt, con lăn chuột mềm mại, thoải mái thực hiện các thao tác di chuột trên mặt phẳng. • Kết nối chuột và thiết bị sử dụng hệ điều hành Windows, macOS nhanh chóng bằng đầu thu USB Receiver. Xem thêm"
chuot-khong-day-logitech-m170-den?utm_flashsale=1,Chuột Không dây Logitech M170,Chuột không dây Logitech M170 Đen đến từ thương hiệu uy tín với thiết kế phù hợp với người thuận cả tay phải hoặc trái. Xem thêm
chuot-sac-bluetooth-rapoo-mt760-mini,Chuột sạc Bluetooth Rapoo MT760 Mini,"Chuột sạc Bluetooth Rapoo MT760 Mini là sản phẩm chuột không dây đáng để bạn sở hữu. Với thiết kế đẹp mắt, tính năng đa dạng và hiệu năng ổn định, chiếc chuột này sẽ mang đến cho bạn những trải nghiệm tuyệt vời. • Chuột máy tính nhà Rapoo sở hữu thiết kế công thái học với đường cong mềm mại, ôm sát giúp phân bổ đều áp lực lên lòng bàn tay, giảm thiểu cảm giác mỏi tay khi sử dụng trong thời gian dài. • Công nghệ Bluetooth mang lại kết nối ổn định trong khi kết nối 2.4 GHz cung cấp độ trễ thấp, đảm bảo sự mượt mà và chính xác khi sử dụng chuột, đặc biệt phù hợp với các tác vụ đòi hỏi độ nhạy cao như chơi game, thiết kế đồ họa. • Hỗ trợ độ phân giải cao lên tới 4000 DPI, bạn có thể di chuyển con trỏ chuột nhanh hơn, giúp tăng tốc độ làm việc. Bạn cũng có thể tùy chỉnh độ phân giải phù hợp với từng tác vụ khác nhau, từ làm việc văn phòng đến chơi game. Xem thêm"
chuot-khong-day-silent-rapoo-b2s,Chuột Không dây Silent Rapoo B2S,"Chuột Không dây Silent Rapoo B2S có kích thước vừa vặn tay cầm, kết nối nhanh chóng và độ nhạy chuột cao, mang đến cho bạn những trải nghiệm sử dụng chuột tối ưu. • Thiết kế chuột cân xứng phù hợp cho người thuận tay trái và tay phải, gam màu thanh lịch và thời thượng, phù hợp cả nam và nữ. • Độ cảm biến 1200 DPI cho bạn thao tác dễ dàng các tác vụ thường ngày. • Chuột Rapoo kết nối nhanh và ổn định với laptop sử dụng hệ điều hành Windows thông qua đầu thu USB Receiver. • Chuột được trang bị chế độ im lặng giúp bạn làm việc giờ nghỉ trưa hay ở nơi yên tĩnh mà không làm ảnh hưởng đến mọi người xung quanh. Xem thêm"
chuot-bluetooth-silent-logitech-mx-anywhere-3s,Chuột sạc Bluetooth Silent Logitech MX Anywhere 3s,"Chuột Bluetooth Silent Logitech MX Anywhere 3s không chỉ là một thiết bị công nghệ mà còn là người bạn đồng hành đắc lực, giúp bạn đạt được hiệu suất làm việc cao nhất ở bất cứ đâu. • Với thiết kế nhỏ gọn, vừa vặn với hình dáng bàn tay, bạn sẽ cảm thấy thoải mái khi sử dụng chuột Bluetooth Logitech trong nhiều giờ liền, cùng bạn làm việc hiệu quả ở bất cứ đâu. Độ chính xác và khả năng phản hồi của MX Anywhere 3S được nâng lên một tầm cao mới nhờ độ phân giải lên đến 8000 DPI cùng những cú nhấp chuột êm ái. • Nổi bật với nút cuộn Magspeed, MX Anywhere 3S cho phép bạn cuộn nhanh hơn 90% và chính xác hơn 87% so với các dòng chuột thông thường của Logitech, bạn có thể cuộn tới 1000 dòng trong một giây. Xem thêm"
chuot-bluetooth-silent-logitech-m550l,Chuột Bluetooth Silent Logitech M550L,"Logitech đem đến một lựa chọn lý tưởng cho những ai tìm kiếm sự yên tĩnh và hiệu quả trong công việc. Chuột Bluetooth Silent Logitech M550L với thiết kế tinh tế và khả năng kết nối Bluetooth ổn định, mang đến trải nghiệm sử dụng mượt mà và chính xác. Đặc biệt, công nghệ chống tiếng ồn của hãng còn đảm bảo hoạt động lướt nhẹ nhàng, không gây ồn ào, giúp bạn tập trung hoàn toàn vào nhiệm vụ của mình. • Chuột Logitech M550L là một công cụ làm việc linh hoạt, tương thích với hầu hết các hệ điều hành phổ biến hiện nay. Từ Windows, macOS, ChromeOS đến Android, iPadOS và cả Linux, sản phẩm đều hoạt động mượt mà, mang đến trải nghiệm liền mạch cho người dùng. Không còn giới hạn bởi hệ điều hành, bạn có thể tự do chuyển đổi giữa các thiết bị mà không gặp bất kỳ trở ngại nào. Xem thêm"
chuot-sac-khong-day-gaming-rapoo-vt9-air,Chuột sạc Không dây Gaming Rapoo VT9 Air,"Rapoo VT9 Air là loại chuột gaming với thiết kế hiện đại, công nghệ không dây tiên tiến cùng khả năng điều hướng chính xác, mang đến trải nghiệm chơi game mượt mà và đảm bảo hiệu suất đỉnh cao trong mỗi trận đấu. Thiết kế nhẹ và linh hoạt Rapoo VT9 Air gây ấn tượng mạnh với khối lượng siêu nhẹ chỉ 59g, giúp bạn dễ dàng điều khiển chuột trong thời gian dài mà không cảm thấy mỏi tay. Thiết kế nhẹ không chỉ giúp tối ưu hóa tốc độ phản ứng mà còn mang lại sự thoải mái tuyệt đối, cho phép bạn tập trung hoàn toàn vào trận đấu mà không lo ngại về sự nặng nề hay cản trở trong quá trình sử dụng. Thiết kế của chuột không dây mang tính thời trang, mới lạ và hiện đại, phù hợp với các game thủ yêu thích sự độc đáo và hiệu quả. Các đường nét tinh tế cùng chất liệu cao cấp giúp chuột bền bỉ và dễ dàng vệ sinh, duy trì được sự mới mẻ sau nhiều giờ chơi game liên tục. Xem thêm"
chuot-bluetooth-silent-asus-marshmallow-md100,Chuột Bluetooth Silent Asus Marshmallow MD100,"Nếu bạn đang tìm kiếm một sản phẩm chuột Bluetooth nhỏ gọn, yên tĩnh và giá cả phải chăng, Asus Marshmallow MD100 sẽ là một lựa chọn đáng cân nhắc dành cho bạn nhờ những ưu điểm như thiết kế công thái học thoải mái, công tắc chuột im lặng, thời lượng pin dài,... • Chuột Asus có thiết kế nhỏ gọn với khối lượng chỉ 56g đi cùng dây móc tiện lợi giúp bạn dễ dàng mang theo bên mình đến bất cứ không gian nào để làm việc, học tập,... • Bạn cũng có thể dễ dàng thay đổi màu sắc chuột Bluetooth một cách độc đáo theo tâm trạng và phong cách của bạn với nắp lưng tặng kèm. • Tận hưởng sự yên tĩnh tuyệt đối, cho bạn tập trung hoàn toàn vào công việc và giải trí mà không lo ảnh hưởng đến xung quanh nhờ khả năng giảm thiểu tiếng ồn click chuột. Bên cạnh đó, chuột cũng hỗ trợ điều chỉnh độ phân giải ở các mức 800, 1000 và 1600 DPI tùy vào nhu cầu sử dụng của người dùng. Xem thêm"
chuot-khong-day-gaming-logitech-g304,Chuột Không dây Gaming Logitech G304,"Chuột Bluetooth Gaming Logitech G304 là sự lựa chọn hoàn hảo cho các game thủ tìm kiếm một con chuột không dây hiệu suất cao, nhẹ nhàng và bền bỉ. Với cảm biến HERO và công nghệ không dây LIGHTSPEED, G304 mang lại trải nghiệm chơi game đỉnh cao với hiệu suất như có dây, giúp bạn thăng hoa trong mọi trận đấu. • G304 được trang bị cảm biến quang học HERO, một trong những cảm biến tiên tiến nhất được thiết kế bởi Logitech G. Cảm biến HERO trên chuột máy tính Logitech mang lại hiệu suất đẳng cấp hàng đầu và tiết kiệm năng lượng tối ưu. Với khả năng làm mượt, lọc và tăng tốc từ 200 đến 12000 DPI, cảm biến HERO đảm bảo hiệu suất ổn định và chính xác, đáp ứng mọi tình huống chơi game. • Chuột máy tính được thiết kế nhẹ nhàng với khối lượng chỉ 99g, nhờ vào thiết kế cơ học tối ưu và hiệu quả sử dụng pin cao. Với kích thước nhỏ gọn và khoang chứa đầu thu USB tích hợp, G304 sẽ trở thành người bạn đồng hành tuyệt vời cho mọi game thủ. Xem thêm"
chuot-sac-bluetooth-rapoo-mt760,Chuột sạc Bluetooth Rapoo MT760,"Chuột sạc Bluetooth Rapoo MT760 là một lựa chọn tuyệt vời cho những ai đang tìm kiếm một chiếc chuột không dây đa năng, kết hợp giữa tính thẩm mỹ và hiệu năng cao. Với thiết kế nhỏ gọn, khối lượng nhẹ và nhiều tính năng nổi bật, chuột sẽ đáp ứng tốt nhu cầu sử dụng hàng ngày của bạn. Thiết kế công thái học đi cùng độ bền cao Chuột máy tính nhà Rapoo sở hữu thiết kế công thái học vô cùng ấn tượng với đường cong mềm mại, ôm trọn lòng bàn tay. Thiết kế này giúp phân bổ đều áp lực, giảm thiểu tối đa cảm giác mỏi tay khi sử dụng trong nhiều giờ liền. Xem thêm"
chuot-bluetooth-logitech-lift-vertical,Chuột Bluetooth Logitech Lift Vertical,"Chuột Bluetooth Logitech Lift Vertical là một thiết bị đột phá trong lĩnh vực công nghệ, đặc biệt dành cho những người làm việc văn phòng và chơi game. Được thiết kế với kiểu dáng công thái học, công nghệ Bluetooth tiên tiến và tương thích với nhiều hệ điều hành sản phẩm chắc chắn sẽ là điểm nhấn nổi bật trên bàn làm việc của bạn. • Chuột Bluetooth có thiết kế độc đáo và hiện đại, đặc biệt tập trung vào việc tối ưu hóa sự thoải mái. • Với kiểu dáng công thái học độc đáo, chuột giúp duy trì tư thế tay tự nhiên, giảm căng thẳng và mỏi cơ khi sử dụng trong thời gian dài. Phần thân chuột được thiết kế công ở phía tay trái, mang lại cảm giác cầm nắm chắc chắn và thoải mái. • Bề mặt của Logitech Lift Vertical được phủ một lớp vật liệu mềm mại, tạo cảm giác êm ái khi chạm. Các nút bấm được bố trí hợp lý. Xem thêm"
chuot-gaming-logitech-g102-gen2-lightsync,Chuột Có dây Gaming Logitech G102 Gen2 Lightsync,"Mệnh danh là một “siêu chuột quốc dân"" Logitech G102 Gen 2 Lightsync sở hữu hiệu năng cực cao cùng loạt tính năng: dải LED 16.8 triệu màu, nút bấm bền bỉ, chân chuột dày trơn mượt kèm theo một mức giá hầu bao phù hợp với những bạn muốn sự đơn giản nhưng vẫn đi đôi với chất lượng. Thiết kế đối xứng, thân thiện với mọi người dùng G102 được lấy cảm hứng từ thiết kế huyền thoại của chuột chơi game G100S, tổng thể chuột được làm từ nhựa nhám, theo cá nhân mình sử dụng thì thấy khá bền, không có hiện tượng trầy xước và nhanh hỏng ở phần thân chuột. Xem thêm"
chuot-co-day-gaming-asus-tuf-m3-gen-ii,Chuột Có dây Gaming Asus TUF M3 Gen II,"Chuột Có dây Gaming Asus TUF M3 Gen II là sản phẩm thuộc dòng chuột gaming siêu nhẹ, cảm biến cao đến 8000 DPI và có thể cài đặt tùy chỉnh cho 6 nút có sẵn trên thân chuột cho phù hợp với thói quen sử dụng của người dùng. • Asus TUF M3 Gen II sở hữu thiết kế công thái học tiện lợi cho người thuận tay phải, theo tiêu chí mang lại sự thoải mái khi sử dụng, ngay cả khi chiến game cả ngày với khối lượng cực nhẹ chỉ 59 g. Trên thân chuột có logo và đoạn đường viền ngắn tích hợp đèn RGB. • Cảm biến quang của chuột máy tính Asus này tối đa lên đến 8000 DPI mang lại độ chính xác và tốc độ cần thiết, cho game thủ di chuyển linh hoạt hơn trong những trận đấu. • Sáu nút trên thân chuột máy tính bao gồm click trái, click phải cùng hai nút bên trái, một bánh xe cuộn có thể nhấp và một nút DPI cho phép bạn tùy chỉnh điều khiển phù hợp với các phong cách chơi khác nhau. Xem thêm"
chuot-khong-day-silent-logitech-m331,Chuột Không dây Silent Logitech M331,"Chuột máy tính thiết kế thông minh vừa vặn tay cầm, không mỏi tay, dùng cho người thuận tay phải • Thân chuột tạo những đường bo tròn mềm mại thành những chiếu nghỉ vừa vặn cho bàn tay và các ngón tay khi sử dụng, không gây mỏi tay khi dùng lâu. Hai bên sườn thân chuột thiết kế nhám giúp cầm nắm chắc chắn, không trượt, không bám mồ hôi tay. • Kích thước nhỏ gọn vừa vặn tay cầm người trưởng thành, dễ dàng bảo quản và mang theo. Sản phẩm có màu xanh dương và đen tùy chọn theo sở thích, sử dụng cho người thuận tay phải. • Chuột Không Dây Silent Logitech M331 sử dụng cho laptop, PC chạy hệ điều hành macOS, Android và Windows • Chuột sử dụng năng lượng pin AA, có công tắc tắt/mở, tuổi thọ pin 24 tháng Xem thêm"
chuot-bluetooth-silent-logitech-mx-master-3s,Chuột sạc Bluetooth Silent Logitech MX Master 3s,"Với những tính năng hiện đại và thiết kế tinh tế, chuột Bluetooth Silent Logitech MX Master 3s thực sự sẽ là người bạn đồng hành lý tưởng cho bất kỳ ai đang tìm kiếm sự hoàn hảo trong công việc hàng ngày. Sản phẩm mang lại trải nghiệm làm việc vượt trội nhờ vào độ chính xác, tính trực quan và hiệu suất cao. • MX Master 3S là một sự tái hiện đầy ấn tượng của dòng chuột biểu tượng từ Logitech. Chuột máy tính được thiết kế công thái học, hỗ trợ tối đa lòng bàn tay và ngón tay của bạn. Bề mặt có hoa văn giúp cầm nắm tự tin, kiểm soát hoàn toàn và giảm mỏi tay trong quá trình sử dụng. Góc nghiêng độc đáo của chuột giúp đặt cánh tay vào tư thế tự nhiên hơn, hỗ trợ làm việc thoải mái hơn. • Các nút điều khiển bằng ngón tay cái của MX Master 3S được đặt ở vị trí tối ưu, cho phép bạn tiếp cận nhanh chóng và di chuyển mượt mà. Nút cuộn bên tuân theo chuyển động tự nhiên của ngón tay cái, giúp điều khiển ngang dễ dàng và trực quan. Xem thêm"
chuot-co-day-silent-rapoo-n1200-den,Chuột Có dây Silent Rapoo N1200,"Đường nét mềm mại, kiểu dáng cân đối, di chuyển dễ dàng Rapoo N1200 được bao phủ bởi gam màu đen thuần khiết cho phép dùng bền màu và duy trì độ mới lâu. Thiết kế cân đối, chuột máy tính Rapoo mang đến khả năng di chuyển nhẹ nhàng, thoải mái cho người thuận tay trái và phải. Xem thêm"
chuot-co-day-hp-150,Chuột Có dây HP 150,"Chuột Có dây HP 150 sở hữu kiểu dáng tối giản với tông đen huyền bí kết hợp cùng thiết kế gọn nhẹ, độ nhạy cao, mang đến cho người dùng trải nghiệm sử dụng thoải mái mọi lúc mọi nơi. • Chuột máy tính HP có khối lượng siêu nhẹ chỉ 60 gram, kết hợp diện mạo nhỏ gọn cho phép người dùng có thể dễ dàng bỏ vào balo, túi xách mang theo sử dụng khi cần. • Chuột máy tính này sở hữu thiết kế đối xứng, phù hợp với cả người thuận tay trái và tay phải. Các nút bấm được bố trí hợp lý, giúp bạn dễ dàng thao tác. • Với dây cáp dài 100 cm, bạn không cần phải lo lắng về vấn đề ngắt kết nối hoặc chậm trễ. • Độ phân giải 1600 DPI cho phép bạn di chuyển con trỏ mượt mà và chính xác trên nhiều bề mặt khác nhau. Xem thêm"
chuot-co-day-gaming-logitech-g502-hero,Chuột Có dây Gaming Logitech G502 Hero,"Chuột có dây Gaming Logitech G502 HERO là sự lựa chọn hoàn hảo cho các game thủ yêu cầu hiệu suất cao và độ chính xác tối đa, sẽ nâng tầm trải nghiệm chơi game của bạn lên một cấp độ mới. • Logitech G502 HERO được thiết kế với sự tận tâm trong từng chi tiết. Các nút chính sử dụng công tắc cơ học và viền bên bằng cao su đều nhằm mang lại trải nghiệm chơi game tốt nhất cho bạn. • Tinh chỉnh cảm giác chuột máy tính Logitech và hành vi trượt theo sở thích của bạn với những khối nặng có kèm theo trong hộp để điều chỉnh. Bạn có thể đặt các khối này ở phía trước, phía sau, trái, phải và trung tâm để tìm ra vị trí phù hợp, tối ưu hóa hiệu suất chơi game của bạn. • Chuột máy tính sở hữu cảm biến quang học HERO 25K, mang lại độ chính xác theo dõi tối đa với dải DPI từ 200 đến 25600, đảm bảo độ chính xác cấp độ thi đấu và độ nhạy ổn định cho mọi game thủ. Xem thêm"
chuot-khong-day-logitech-m171?utm_flashsale=1,Chuột Không Dây Logitech M171,"Thiết kế gọn đẹp, màu sắc nổi bật, kết nối nhanh chóng, tiện lợi mang theo,... Chuột Không dây Logitech M171 sẽ hỗ trợ bạn tuyệt vời khi thao tác trên máy tính. • Chuột Logitech với thiết kế bên ngoài gọn gàng, kích thước vừa nằm gọn trong tay giúp các thao tác di chuột, click chuột thoải mái và dễ chịu khi phải sử dụng lâu. • Với màu sắc nổi bật cùng biểu tượng ''logi'' được đặt cân đối trên chuột giúp thiết kế thêm hài hoà và đẹp mắt. • Độ phân giải 1000 DPI đủ dùng, phù hợp với các tác vụ cuộn, click thông thường, phục vụ tốt nhu cầu học tập hoặc các công việc văn phòng của người dùng. • cho phép kết nối dễ dàng bằng đầu thu USB, chỉ cần cắm đầu thu này vào máy tính của bạn, ngay lập tức chuột sẽ được kết nối với máy tính. Xem thêm"
chuot-bluetooth-silent-rapoo-b2w,Chuột Bluetooth Silent Rapoo B2W,Không có mô tả
chuot-khong-day-logitech-m185,Chuột Không dây Logitech M185,"Chuột máy tính Logitech của thương hiệu uy tín Thụy Sĩ, thiết kế đơn giản, thanh lịch, dễ dùng Logitech M185 có 2 màu là đỏ và xanh dương, cho bạn lựa chọn tùy thích. Lưu ý: Mẫu mới của sản phẩm in logo Logi. Xem thêm"
chuot-khong-day-silent-zadez-m326?utm_flashsale=1,Chuột Không dây Silent Zadez M326,"Chuột Không dây Silent Zadez M326 sở hữu thiết kế khá gọn nhẹ, kiểu dáng tinh tế, tích hợp nhiều tính năng tiện ích, độ cảm biến cao giúp dễ dàng tùy chỉnh theo nhu cầu sử dụng, phù hợp với mọi lứa tuổi. • Chuột được thiết kế công thái học nhằm đem đến cảm giác thoải mái nhất khi sử dụng, giúp giảm tối đa nguy cơ dẫn đến các hội chứng về cổ tay. • Vẻ ngoài tối giản kết hợp cùng gam màu trung tính đem lại cảm giác sang trọng cho toàn bộ thiết kế, phù hợp với nhiều người dùng. • Chuột Zadez được trang bị phím nhấn silent, tránh làm ồn tới mọi người xung quanh đồng thời cho bạn tập trung giải quyết công việc hàng ngày. • Độ phân giải lên đến 1600 DPI đáp ứng các nhu cầu như giải trí, làm việc văn phòng hoặc thiết kế cơ bản. Xem thêm"
chuot-khong-day-rapoo-m216-den,Chuột Không dây Rapoo M216,"Thiết kế nhỏ gọn, cân đối Chuột Không Dây Rapoo M216 Đen có tone màu đen khá sang trọng, khối lượng chỉ 55 g rất nhỏ gọn ôm sát vào lòng bàn tay, đảm bảo cho người dễ dàng sử dụng mà không bị mỏi tay. Bên cạnh đó chuột còn tạo cảm giác êm ái khi sử dụng do có những đường viền cao su xung quanh, phù hợp cho những ai đi học, đi làm,... Xem thêm"
chuot-khong-day-logitech-silent-signature-m650-size-m,Chuột Bluetooth Silent Logitech Signature M650,"Chuột Bluetooth Silent Logitech Signature M650 sở hữu kiểu dáng công thái học cùng độ phân giải lớn, đáp ứng tốt gần như mọi nhu cầu từ sử dụng cơ bản tới những tác vụ chuyên nghiệp của người dùng. • Thiết kế gọn đẹp, vừa tay, màu sắc thời thượng, lịch lãm, viền bên được lót thêm miếng cao su giúp cầm và sử dụng chuột chắc chắn hơn. • Chuột không dây này có thể kết nối được với phần lớn các máy tính hiện nay nhờ tương thích với các hệ điều hành phổ biến: Windows và macOS. • Độ phân giải lên tới 4000 DPI, cho phản hồi cực kỳ nhanh chóng và chính xác. • Kích thước chuột cỡ vừa (size M), phù hợp với kích cỡ tay của phần đông người dùng (chiều dài tay khoảng 17.5 cm - 19 cm). Xem thêm"
chuot-khong-day-silent-zadez-m338?utm_flashsale=1,Chuột Không dây Silent Zadez M338,"Chuột Không dây Silent Zadez M338 là một sản phẩm hiện đại được thiết kế đặc biệt nhằm mang đến trải nghiệm sử dụng yên tĩnh và thoải mái. Với công nghệ kết nối không dây tiên tiến, công nghệ Silent, giảm thiểu tiếng ồn khi nhấp chuột, sản phẩm này là sự lựa chọn hoàn hảo cho những ai cần một thiết bị chuột không dây hiệu quả và tiện dụng. • Chuột Không Dây có thiết kế hiện đại và tinh tế với các đường cong mềm mại đem đến vẻ ngoài đẹp mắt và tối ưu hóa trải nghiệm sử dụng. Chuột có hình dáng ergonomics, giúp cầm nắm thoải mái và giảm mỏi tay khi sử dụng lâu. • Chuột Zadez được trang bị độ phân giải 1600 DPI, cho khả năng điều chỉnh độ nhạy chuột một cách linh hoạt và chính xác. Xem thêm"
chuot-apple-magic-mouse-usb-c,Chuột Apple Magic Mouse USB C,"Được thiết kế để tối ưu trải nghiệm người dùng với khả năng kết nối không dây mượt mà, thao tác Multi-Touch tiện lợi và thời lượng pin ấn tượng, chuột Apple Magic Mouse USB C chính là công cụ hoàn hảo cho công việc và giải trí hàng ngày. • Magic Mouse USB-C sở hữu thiết kế mỏng, nhẹ và tinh tế, mang đậm phong cách tối giản đặc trưng của Apple. Với đường cong mềm mại và bề mặt nhẵn bóng, sản phẩm không chỉ tạo cảm giác thoải mái khi cầm nắm mà còn là điểm nhấn thẩm mỹ cho không gian làm việc. • Phần đế của Magic Mouse được thiết kế đặc biệt, giúp chuột di chuyển trơn tru trên mọi bề mặt, từ mặt bàn gỗ, kính đến bàn làm việc thông thường, đảm bảo có thể thao tác chính xác và nhanh chóng trong mọi tình huống. Xem thêm"
chuot-khong-day-silent-ugreen-mu105?utm_flashsale=1,Chuột Không Dây Silent Ugreen MU105,"Chuột Không Dây Silent Ugreen MU105 sở hữu kiểu dáng tối giản, gam màu thời thượng kết hợp cùng thiết kế gọn chắc, độ nhạy cao, mang đến cho người dùng trải nghiệm tuyệt vời nhất. • Thiết kế đẹp mắt, với bề mặt bóng cùng các đường nét bo tròn, hỗ trợ cầm nắm êm tay, di chuột dễ dàng. • Phím nhấn êm nhẹ và giảm tối đa tiếng ồn khi sử dụng, thoải mái sử dụng mà không lo làm phiền người xung quanh. • Độ phân giải của chuột lên đến 2400 DPI, cho tốc độ phản hồi nhanh, xử lý tốt các tác vụ văn phòng. • Chuột Ugreen dễ dàng kết nối không dây với máy tính thông qua đầu thu USB. Xem thêm"
chuot-bluetooth-silent-ugreen-mu001?utm_flashsale=1,Chuột Bluetooth Silent Ugreen MU001,"Chuột Bluetooth Silent Ugreen MU001 sở hữu thiết kế gọn nhẹ, chất liệu bền bỉ, độ ồn khi click thấp cùng độ phân giải cao cho mọi thao tác nhanh nhạy, đem đến cho người dùng nhiều trải nghiệm tuyệt vời. • Chuột Bluetooth sở hữu thiết kế nhỏ gọn, khối lượng nhẹ dễ dàng bỏ vào balo mang theo đi làm, đi công tác. • Độ phân giải lên đến 4000 DPI, cho mọi thao tác mượt mà, nhanh nhạy. • Độ ồn thấp, chỉ khoảng 40 dB, hỗ trợ làm việc mà không lo ồn ào, ảnh hưởng đến người dùng cũng như những người xung quanh. • Liên kết chuột và các thiết bị khác một cách nhanh chóng thông qua kết nối Bluetooth hoặc đầu thu USB. Xem thêm"
chuot-khong-day-silent-ugreen-mu006?utm_flashsale=1,Chuột Không Dây Silent Ugreen MU006,"Chuột Không Dây Silent Ugreen MU006 sở hữu kiểu dáng hiện đại, gam màu sang trọng, kích thước vừa tay, độ phân giải cao cùng kết nối ổn định, hứa hẹn đem đến cho bạn nhiều trải nghiệm tuyệt vời. • Chuột không dây có độ phân giải 4000 DPI, cho chuyển động mượt mà và chính xác trên nhiều bề mặt khác nhau. • Chuột có 6 nút bấm, người dùng có thể tùy chỉnh chức năng của từng nút theo nhu cầu của mình. • Độ ồn khoảng 40 dB, rất yên tĩnh và không gây phiền nhiễu cho người xung quanh. • Khoảng cách kết nối lên đến 15 m, bạn có thể sử dụng chuột Ugreen ở xa máy tính mà không lo mất tín hiệu. Xem thêm"
chuot-bluetooth-silent-ugreen-mu006?utm_flashsale=1,Chuột Bluetooth Silent Ugreen MU006,"Chuột Bluetooth Silent Ugreen MU006 sở hữu thiết kế công thái học thông minh, độ phân giải cao cùng độ ồn thấp, đảm bảo đây sẽ là món phụ kiện cần thiết mà người dùng cần có khi học tập, làm việc. • Thiết kế công thái học hạn chế đau mỏi tay, cho phép bạn sử dụng chuột Bluetooth thoải mái cả ngày dài. • Hỗ trợ thao tác chính xác, mượt mà trên mọi mặt phẳng với độ phân giải lên đến 4000 DPI. • Trang bị 6 nút bấm, hỗ trợ tùy chỉnh chức năng của từng nút phù hợp với nhu cầu sử dụng của người dùng. • Độ ồn cực nhỏ chỉ khoảng 40 dB, cho phép bạn dùng chuột thoải mái mà không lo làm phiền đến những người xung quanh. Xem thêm"
chuot-sac-bluetooth-silent-zadez-m382b?utm_flashsale=1,Chuột sạc Bluetooth Silent Zadez M382B,"Chuột Sạc Bluetooth Silent Zadez M382B sở hữu kiểu dáng gọn chắc, thiết kế mạnh mẽ, độ phân giải lớn đồng thời có thể dễ dàng tùy chỉnh theo từng loại tác vụ thực hiện, tối ưu hiệu suất làm việc và giải trí của bạn. • Gam màu cá tính, sản xuất kích thước vừa vặn tay cầm trong khoảng thời gian dài mà không lo bị mỏi tay, phù hợp với các kiểu cầm Claw Grip. • Dễ dàng điều chỉnh độ phân giải của chuột Zadez sao cho phù hợp với từng mục đích sử dụng với các mức 800 - 1200 - 1600 DPI, không chỉ thao tác tốt cho các tác vụ văn phòng, bạn có thể dùng chuột cho các thao tác thiết kế cơ bản hoặc chơi game giải trí. • Trang bị pin sạc Li-Polymer 400 mAh giúp quá trình sử dụng lâu dài và an toàn hơn, sạc đầy trong 2 giờ cho thời gian dùng lên tới 3 tháng. Xem thêm"
chuot-gaming-zadez-g156m,Chuột Có dây Gaming Zadez G156M,"Chuột Gaming Zadez G156M sở hữu thiết kế mạnh mẽ, kích thước vừa vặn tay cầm, trang bị đèn LED đẹp mắt, độ phân giải cao, mang đến cho các game thủ những trải nghiệm tốt nhất. • Thiết kế Ergonomic vừa lòng bàn tay, chuột gaming này mang đến cảm giác tối ưu trong quá trình sử dụng. • Gam màu đẹp mắt, tăng thêm phần thẩm mỹ cho bàn làm việc của bạn mà không lo chiếm quá nhiều diện tích. • Chuột trang bị độ phân giải 7200 DPI cho độ nhạy cao, phản hồi chính xác, đảm bảo từng thao tác của game thủ được thực thi, dùng tốt cả những tựa game có nhịp độ cao. • Sử dụng Driver để tuỳ chỉnh chế độ Game Mode sang chế độ Office Mode ngay lập tức. Ngoài ra, người dùng có thể chỉnh nhiều tính năng khác bao gồm: Cài đặt chế độ vận hành, chế độ hiển thị đèn, cài đặt Macro (tổ hợp lệnh) và tùy chỉnh các thông số chi tiết như FPS, Response Rate,... Xem thêm"
chuot-co-day-zadez-m213-den,Chuột Có dây Zadez M213,"Thiết kế công thái học, hình dạng và kích cỡ hoàn toàn phù hợp với bàn tay bạn Zadez M213 có màu đen họa tiết sắc trắng nổi bật cho chuột đẹp mắt, phong cách. Sản phẩm được làm không thấm mồ hôi, không trơn trượt kết hợp thiết kế công thái học cho việc cầm nắm tự nhiên, dễ dàng, giảm mỏi gân, cơ ở bàn tay, cổ tay và cánh tay. Xem thêm"
chuot-co-day-gaming-rapoo-v11s,Chuột Có dây Gaming Rapoo V11s,"Chuột Có dây Gaming Rapoo V11s với thiết kế công thái học, hiệu suất mạnh mẽ và độ bền vượt trội, là một lựa chọn đáng cân nhắc cho những ai đang tìm kiếm một thiết bị không chỉ đáp ứng nhu cầu làm việc mà còn tối ưu hóa hiệu suất chơi game. • Chuột máy tính có thiết kế công thái học đối xứng, vừa vặn với lòng bàn tay, giúp người dùng cảm thấy thoải mái dù sử dụng trong thời gian dài. Với lớp phủ chống trượt trên bề mặt, V11s không chỉ mang lại sự chắc chắn trong từng cú nhấp chuột mà còn tăng khả năng kiểm soát khi thao tác trong các trận đấu căng thẳng. • Chuột Rapoo hỗ trợ ba mức độ phân giải DPI (800, 1200 và 1600), giúp người dùng dễ dàng điều chỉnh độ nhạy phù hợp với từng nhu cầu khác nhau. Dù bạn đang làm việc văn phòng với các thao tác nhẹ nhàng hay đang tham gia vào những trận game yêu cầu độ chính xác cao, bạn đều có thể tùy chỉnh DPI để đáp ứng các yêu cầu cụ thể. Xem thêm"
chuot-khong-day-zadez-m325,Chuột Không dây Zadez M325 Tuxedo,"Thương hiệu Zadez uy tín, an tâm sử dụng Sản phẩm được nhập và phân phối chính hãng, đảm bảo sản phẩm chất lượng tốt đến khách hàng. Xem thêm"
chuot-bluetooth-silent-rapoo-m320b,Chuột Bluetooth Silent Rapoo M320B,"Chuột Bluetooth Silent RAPOO M320B sở hữu kiểu dáng đẹp mắt, màu sắc thanh lịch, chất liệu cứng cáp cùng độ phân giải lên đến 2400 DPI. Đây sẽ là lựa chọn hoàn hảo cho những ai đang tìm kiếm chuột chất lượng với độ phân giải cao. • Chuột có thiết kế tinh tế và chất liệu vỏ ngoài bền chắc giúp bảo vệ tốt linh kiện bên trong. • Khối lượng chuột cực nhẹ chỉ 100 g, đem đến sự thoải mái cho người dùng trong suốt cả ngày sử dụng. • Chuột Bluetooth có thể điều chỉnh DPI từ 800 - 2400, cho phép người dùng tùy chỉnh độ nhạy tùy theo nhu cầu sử dụng. Xem thêm"
chuot-co-day-gaming-rapoo-v16s,Chuột Có dây Gaming Rapoo V16S,"Chuột Có Dây Gaming Rapoo V16S có kiểu dáng nhỏ gọn, thiết kế cân xứng với tay người dùng, gam màu sang trọng kết hợp cùng đèn LED RGB nổi bật, hỗ trợ cảm biến mạnh mẽ, phù hợp với mọi tác vụ từ cơ bản tới nâng cao. • Gam màu tinh tế kết hợp logo nổi bật, sản phẩm nhỏ gọn dễ dàng bỏ túi hay balo để mang theo bất cứ đâu. • Chuột có độ phân giải 200 - 12800 DPI, tiện lợi tuỳ chỉnh cho phép sử dụng ở nhu cầu khác nhau, đặc biệt chuột chuyên dụng cho các game thủ, nhập cuộc chơi với các game đối kháng, FPS, RP,... một cách dễ dàng. • Thiết kế con lăn và phím bấm của chuột gaming này khá nhanh từ đó cho hiệu suất làm việc và giải trí cao. Xem thêm"
chuot-sac-khong-day-gaming-dareu-em911x,Chuột sạc Không dây Gaming Dareu EM911X,Không có mô tả
chuot-co-day-gaming-zadez-g-611m,Chuột Có dây Gaming Zadez G-611M,"Chuột Có Dây Gaming Zadez G-611M sở hữu thiết kế công thái học vừa vặn, êm tay, chuột có độ phân giải cao lên đến 7200 DPI cho các game thủ thao tác nhanh nhạy, chính xác, đem đến trải nghiệm sử dụng tuyệt vời. • Chuột gaming có thiết kế công thái học mang lại trải nghiệm thoải mái nhất cho người dùng khi chơi game trong thời gian dài. • Nút nhấn có độ bền cao, hỗ trợ chơi game với các thao tác chính xác, nhanh nhạy. • Chuột có độ phân giải cao với 4 tùy chọn DPI là 1200, 2400, 4800 và 7200, linh hoạt sử dụng trong mọi tình huống. Xem thêm"
chuot-khong-day-silent-rapoo-m320?utm_flashsale=1,Chuột Không dây Silent Rapoo M320,"Chuột Không dây Silent Rapoo M320 sở hữu kiểu dáng tối giản và cân xứng, thiết kế gọn chắc, độ phản hồi nhanh và chính xác, kết nối nhanh chóng, cùng nhiều tiện ích khác mang đến cho người dùng những trải nghiệm tuyệt vời nhất. • Diện mạo đẹp mắt với màu sắc thời thượng và kiểu dáng tối giản, thiết kế dạng cân xứng phù hợp cho cả người thuận tay phải và tay trái. • Kích thước vừa vặn tay cầm, khối lượng gọn nhẹ chỉ 71 g, dễ dàng mang theo hoặc để trên bàn làm việc cũng không chiếm quá nhiều không gian. • Độ phân giải chuột lên đến 3200 DPI cho khả năng phản hồi nhanh nhạy, xử lý tốt các tác vụ văn phòng và thiết kế đơn giản của người dùng. Xem thêm"
chuot-khong-day-silent-rapoo-m310-den,Chuột Không dây Silent Rapoo M310 Đen,"Chuột không dây Silent Rapoo M310 Đen là một sản phẩm độc đáo là sự kết hợp giữa thiết kế nhỏ gọn đẹp mắt cùng công nghệ tiên tiến. Với khả năng hoạt động mượt mà và êm ái, mẫu chuột này hứa hẹn mang đến cho bạn những gì tốt nhất trong quá trình sử dụng. • Mẫu chuột này được thiết kế với vẻ ngoài đẹp mắt và nhỏ gọn dễ dàng di chuyển một cách linh hoạt. Với màu sắc đen sang trọng, sản phẩm tạo điểm nhấn ấn tượng cho bất kỳ không gian làm việc nào. • Chuột Rapoo này trang bị độ phân giải tối đa lên đến 3200 DPI, giúp bạn điều khiển và di chuyển con chuột một cách chính xác và nhanh chóng. • Khả năng kết nối lên đến 10 m thông qua đầu thu USB Receiver tạo điều kiện thuận lợi cho bạn tự do di chuyển và làm việc mà không cần phải lo lắng về vấn đề kết nối. Xem thêm"
chuot-khong-day-silent-ugreen-mu001?utm_flashsale=1,Chuột Không dây Silent Ugreen MU001,"Chuột Không Dây Silent Ugreen MU001 là món phụ kiện đa năng và tiện ích, với thiết kế nhỏ gọn và đường nét bo tròn tinh tế, độ phân giải cao cho thao tác chính xác, chắc hẳn đây là món phụ kiện cần thiết được nhiều người lựa chọn. • Chuột Ugreen cho phép kết nối không dây với máy tính thông qua đầu thu USB. • Thiết kế nhỏ gọn cùng các đường nét tinh tế, bề mặt đáy nhám chống trơn trượt mang lại cảm giác thoải mái khi sử dụng. • Chuột có độ yên tĩnh cao với độ ồn phím nhấp dưới 40 dB, thoải mái làm việc trong môi trường tập thể mà không lo ảnh hưởng tới người khác. Xem thêm"
chuot-bluetooth-silent-dareu-lm115b,Chuột Bluetooth Silent DareU LM115B,"Chuột Bluetooth Silent DareU LM115B với kiểu dáng gọn nhẹ, sở hữu thiết kế sang trọng, gam màu thời thượng, kết nối không dây nhanh chóng và khả năng di chuột nhạy, hỗ trợ xử lý tốt nhiều tác vụ cơ bản hàng ngày. • Kiểu dáng chuột đẹp mắt, đa dạng màu sắc lựa chọn, kích thước vừa vặn tay cầm, phù hợp với mọi lứa tuổi sử dụng. • Trang bị 3 cấp độ điều chỉnh 800 - 1200 - 1600 DPI giúp đáp ứng được hầu hết các nhu cầu sử dụng hàng ngày của người dùng, từ tác vụ văn phòng tới những thao tác chỉnh sửa hình ảnh cơ bản. • Kết nối Bluetooth với thiết bị nhanh chóng và ổn định trong vòng khoảng 10 m. Ngoài ra, người dùng có thể kết nối qua đầu thu USB, chỉ cần cắm đầu thu vào cổng USB trên máy tính là có thể dùng ngay. • Công nghệ Silent giúp hạn chế tối đa tiếng ồn phát ra khi click, giữ môi trường xung quanh yên tĩnh, tránh làm phiền tới mọi người xung quanh và gia tăng sự tập trung cho người dùng. Xem thêm"
chuot-sac-khong-day-gaming-rapoo-v300-se,Chuột sạc Không dây Gaming Rapoo V300 SE,"Chuột sạc Không dây Gaming Rapoo V300 SE giúp tối ưu hóa trải nghiệm chơi game của bạn. Với thiết kế nhẹ, công nghệ chơi game tiên tiến và khả năng tùy chỉnh linh hoạt, chiếc chuột này sẽ giúp bạn làm chủ mọi trận đấu, từ những pha hành động nhanh chóng đến các chiến thuật đòi hỏi độ chính xác cao. Thiết kế nhẹ 73g - Tối ưu cho mọi phong cách cầm Rapoo V300 SE nổi bật với khối lượng chỉ 73g, là sự kết hợp hoàn hảo giữa sự nhẹ nhàng và linh hoạt. Khối lượng này giúp người dùng dễ dàng điều khiển chuột trong suốt các phiên chơi game dài mà không bị mỏi tay. Thiết kế của chuột được tối ưu để phù hợp với hầu hết các phong cách cầm tay, từ cầm chặt (palm grip) đến cầm nhẹ (claw grip) hay cầm bằng ngón tay (fingertip grip). Xem thêm"
chuot-khong-day-gaming-asus-tuf-m4-wl,Chuột Bluetooth Gaming Asus TUF M4 WL,"Chuột Bluetooth Gaming Asus TUF M4 WL với thiết kế gọn nhẹ, nắp vỏ làm bằng polyme PBT cao cấp cho độ bền cao, cầm chắc, không mỏi tay khi thao tác liên tục. • Chuột có cảm biến quang học 12.000 DPI chuẩn gaming để di chuột chính xác từng điểm ảnh, cùng với nút DPI để điều chỉnh bốn cấp độ nhạy một cách nhanh chóng. • Sử dụng được trên nhiều bề mặt khác nhau mà không cần dùng đến tấm lót chuột chuyên dụng, tạo nên tính linh hoạt cao cho sản phẩm. • Chuột không dây có hai chế độ kết nối thông qua chuẩn USB receiver 2.4 GHz và Bluetooth mang lại độ ổn định tuyệt vời. •  có sáu nút tương tác và có thể lập trình, cho phép bạn điều chỉnh các điều khiển cho phù hợp với phong cách chơi của mình. Các nút trái và phải được tách biệt khỏi nắp trên, dẫn đến lực tác động thấp hơn và khoảng cách di chuyển tối ưu để click nhanh hơn và cảm giác tốt hơn. Xem thêm"
ban-di-chuot-apple-magic-trackpad-usb-c,Bàn di chuột Apple Magic Trackpad USB C,"Apple Magic Trackpad USB-C là phụ kiện cao cấp dành cho những ai yêu thích sự tinh tế và hiệu suất mượt mà trong từng thao tác. Với thiết kế tối giản nhưng đầy hiện đại, công nghệ tiên tiến, cổng kết nối USB-C mang lại khả năng sạc nhanh, tiện lợi. • Magic Trackpad USB-C sở hữu phong cách tối giản đặc trưng của Apple, với bề mặt nhẵn mịn giúp thao tác mượt mà. Thiết kế mỏng nhẹ, viền bo cong tinh tế mang lại cảm giác thoải mái khi sử dụng trong thời gian dài. • Công nghệ hiện đại được Apple trang bị giúp mẫu chuột bluetooth này nhận diện nhiều mức độ nhấn khác nhau, cho phép thực hiện các thao tác phức tạp một cách chính xác. • Magic Trackpad USB-C hỗ trợ đầy đủ các cử chỉ thông minh, giúp bạn dễ dàng cuộn trang, phóng to, thu nhỏ hay chuyển đổi giữa các ứng dụng một cách trực quan. Thao tác mượt mà giúp tăng tốc độ làm việc và nâng cao trải nghiệm người dùng. Xem thêm"
chuot-khong-day-bluetooth-silent-rapoo-m650-lucky-cat,Chuột Bluetooth Silent Rapoo M650 Lucky Cat,"Chuột Bluetooth Silent Rapoo M650 Lucky Cat với thiết kế gọn chắc, kích thước vừa vặn tay cầm, tích hợp nhiều tính năng tiện lợi, hứa hẹn sẽ là món phụ kiện đáng đầu tư, đáp ứng hầu hết các yêu cầu khi làm việc và học tập hàng ngày của bạn. • Thiết kế bên ngoài vô cùng gọn gàng, màu đỏ chủ đạo nổi bật cùng hoạ tiết chú mèo thần tài dễ thương, nâng cao vẻ đẹp không gian làm việc của bạn. • Chuột được chế tác tỉ mỉ, vỏ ngoài chắc chắn cùng kiểu thiết kế mỏng giúp quá trình cất giữ thêm phần tiện lợi. • Chuột Rapoo với độ phân giải đạt 1300 DPI, cho phép chơi game hay thực hiện các tác vụ chỉnh sửa hình ảnh thông thường vô cùng tốt, đáp ứng yêu cầu cơ bản hàng ngày của bạn. Xem thêm"
chuot-khong-day-gaming-logitech-g502-x-plus-lightspeed,Chuột sạc Không dây Gaming Logitech G502 X Plus Lightspeed,"Chuột gaming không dây Logitech G502 X Plus Lightspeed là một trong những sản phẩm tiên tiến và mạnh mẽ nhất trong thế giới gaming gear hiện nay. Với sự kết hợp giữa công nghệ hiện đại, thiết kế sáng tạo và tính năng tối ưu cho game thủ, chuột G502 X Plus mang lại trải nghiệm chơi game đỉnh cao, phù hợp cho cả những người chơi chuyên nghiệp và người yêu thích công nghệ. Switch lai quang học-cơ học đột phá Một trong những điểm nhấn nổi bật nhất của Logitech G502 X Plus chính là các phím switch lai quang học-cơ học. Đây là một công nghệ đột phá giúp tăng cường tốc độ và độ tin cậy, mang lại khả năng phản hồi nhanh chóng trong mọi thao tác. Khi sử dụng switch quang học, chuột có khả năng kích hoạt bằng ánh sáng, giúp giảm độ trễ tối đa, điều này rất quan trọng đối với các game thủ khi cần phản xạ nhanh. Xem thêm"
chuot-khong-day-logitech-m275,Chuột Không dây Logitech M275,"Chuột Không dây Logitech M275 hứa hẹn mang đến sự tiện lợi và hiệu suất cao cho người dùng máy tính. Với thiết kế nhỏ gọn, vừa vặn trong lòng bàn tay, công nghệ không dây tiên tiến của Logitech đảm bảo kết nối ổn định và nhanh chóng, giúp bạn làm việc hiệu quả hơn mà không bị gián đoạn. • Chuột nổi bật với thiết kế hiện đại và tinh tế, phù hợp với nhiều phong cách làm việc và không gian làm việc khác nhau. • Hình dáng nhỏ gọn và các đường cong mềm mại, chuột mang lại cảm giác cầm nắm thoải mái và tự nhiên, giảm thiểu mỏi tay khi sử dụng trong thời gian dài. Vỏ ngoài của chuột được làm từ chất liệu nhựa cao cấp, bền bỉ, với bề mặt nhám giúp chống trơn trượt. Xem thêm"
chuot-bluetooth-silent-rapoo-m500,Chuột Bluetooth Silent Rapoo M500,"Thiết kế nhỏ gọn, vừa vặn tay cầm, kiểu dáng năng động, trẻ trung với màu sắc bắt mắt, họa tiết ấn tượng Chuột máy tính Silent Rapoo M500 với 3 thiết kế màu sắc: Màu xám hiện đại, màu đỏ trẻ trung, màu xanh dương bắt mắt cho bạn lựa chọn theo sở thích. Xem thêm"
chuot-bluetooth-hp-240,Chuột Bluetooth HP 240,"Chuột Bluetooth HP 240 là người bạn đồng hành lý tưởng cho những ai ưu tiên sự gọn nhẹ và hiệu quả trong công việc. Với thiết kế nhỏ gọn, kết nối Bluetooth ổn định cùng độ phân giải cao giúp bạn thao tác mượt mà, chính xác trên nhiều bề mặt, đi cùng mức giá phải chăng, HP 240 sẽ mang đến sự hài lòng cho người dùng. • Chuột máy tính HP sở hữu thiết kế nhỏ gọn, ôm trọn lòng bàn tay người dùng. Với những đường cong mềm mại và vị trí các nút bấm được bố trí khoa học, mẫu chuột này mang đến cảm giác thoải mái khi sử dụng. • Với diện mạo nhỏ gọn và khối lượng chỉ 54.2 g, chuột máy tính này sẽ luôn sẵn sàng đồng hành cùng bạn mọi lúc mọi nơi mà không lo chiếm nhiều diện tích trong túi xách hay balo. Xem thêm"
chuot-gaming-logitech-g403-hero-den,Chuột Có dây Gaming Logitech G403 Hero,Thiết kế tạo sự thoải mái với khối lượng nhẹ kết hợp với tay cầm 2 bên bằng cao su Logitech G403 Hero có thiết kế đơn giản với kích thước lớn chỉ nặng 87.3 g. Xem thêm
chuot-khong-day-zadez-m338,Chuột Không dây Zadez M338,"Chuột máy tính Zadez M338 với 2 phiên bản màu đen và xanh dương hiện đại, đơn giản mà đẹp mắt Thiết kế đơn giản với đường uốn lượn vừa vặn tay cầm, thao tác thuận tiện, không gây mỏi tay. Xem thêm"
chuot-co-day-gaming-corsair-katar-pro,Chuột Có dây Gaming Corsair Katar PRO,"Chuột Gaming có dây Corsair Katar PRO mang một thiết kế nhỏ gọn, khối lượng nhẹ, hiệu năng ổn định đi cùng mức giá phải chăng,... sẽ là một sản phẩm chuột chơi game đáng để bạn cân nhắc sở hữu. • Corsair Katar Pro là một chiến binh thực thụ trong thế giới chuột gaming. Với khối lượng siêu nhẹ chỉ 69g và thiết kế đối xứng, vừa vặn lòng bàn tay, chuột mang đến cảm giác thoải mái và chắc chắn, giúp bạn tập trung tối đa vào trận đấu. • Với nhiều nút bấm có thể tùy chỉnh, bạn có thể tạo ra những combo phím tắt độc đáo, rút ngắn thời gian thực hiện các thao tác và giành lợi thế trong game. • Trang bị cảm biến quang học PixArt PAW3327 hàng đầu, chuột máy tính mang đến độ chính xác tuyệt đối với độ phân giải tối đa 12400 DPI. Mỗi chuyển động nhỏ nhất của chuột sẽ được chuyển đổi thành những tín hiệu chính xác trên màn hình, giúp bạn ngắm bắn một cách chuẩn xác và linh hoạt. Xem thêm"
chuot-khong-day-rapoo-1620-den,Chuột Không dây Rapoo 1620,"Kiểu dáng tối giản, gọn nhẹ với khối lượng chỉ 80 g Chuột không dây Rapoo 1620 đen có kết cấu chắc chắn, cân xứng, cầm nắm và thao tác thoải mái cho người thuận cả tay trái và phải, màu đen lịch lãm, phổ biến, hợp sở thích của cả nam và nữ giới. Xem thêm"
chuot-bluetooth-silent-dareu-lm135d?utm_flashsale=1,Chuột sạc Bluetooth Silent DareU LM135D,"Chuột Bluetooth Silent DareU LM135D có thiết kế nhỏ gọn, khối lượng nhẹ, chất liệu cứng cáp cùng độ phân giải lên đến 1200 DPI cho độ chính xác cao, đem đến cho người dùng trải nghiệm sử dụng tuyệt vời. • Sở hữu thiết kế nhỏ gọn, chất liệu chuột cứng cáp, hạn chế hư hỏng khi va đập, rơi rớt. • Khối lượng chỉ 69 g, vừa vặn lòng bàn tay, cho người dùng thoải mái sử dụng hay mang theo ra ngoài đi làm, đi học cực tiện lợi. • Độ phân giải lên đến 1200 DPI cho tốc độ phản hồi nhanh chóng, di chuyển mượt mà, chuẩn xác, hỗ trợ thao tác dễ dàng các tác vụ làm việc, học tập thường ngày. • Dễ dàng kết nối chuột với các thiết bị máy tính để bàn, laptop,... thông qua Bluetooth và đầu thu USB với khoảng cách kết nối lên đến 10 m cho người dùng thoải mái sử dụng mà không lo hạn chế. Xem thêm"
chuot-bluetooth-logitech-mx-master-3s-for-mac,Chuột sạc Bluetooth Silent Logitech MX Master 3S For Mac,"Chuột sạc Bluetooth Logitech MX Master 3S For Mac là một sản phẩm công nghệ cao cấp, được thiết kế dành riêng cho người dùng Mac, mang đến trải nghiệm sử dụng mượt mà và hiệu quả. Với thiết kế tinh tế, ôm tay cùng các tính năng nổi bật MX Master 3S không chỉ giúp tối ưu hóa công việc hàng ngày mà còn đáp ứng nhu cầu sáng tạo và giải trí. Cảm biến chính xác 8000 DPI – hiệu suất đỉnh cao Điểm nổi bật của Logitech MX Master 3S For Mac chính là cảm biến quang học với độ chính xác lên đến 8000 DPI. Đây là cảm biến hiện đại nhất của Logitech, mang lại khả năng điều hướng chính xác đến từng pixel, giúp bạn dễ dàng thao tác trên các màn hình độ phân giải cao. Xem thêm"
chuot-khong-day-gaming-logitech-pro-x-superlight-2-lightspeed,Chuột Sạc Không dây Gaming Logitech Pro X Superlight 2 Lightspeed,"Logitech Pro X Superlight 2 Lightspeed là một sự lựa chọn hoàn hảo cho những game thủ đang tìm kiếm một chiếc chuột không dây nhẹ, nhanh và chính xác. Với những cải tiến về công nghệ và thiết kế, sản phẩm này không chỉ nâng cao hiệu suất chơi game mà còn mang lại sự thoải mái khi sử dụng trong thời gian dài. • Chuột máy tính Logitech có khối lượng chỉ 60 gram, là một trong những chuột gaming nhẹ nhất hiện nay. Thiết kế siêu nhẹ này giúp giảm mỏi tay khi sử dụng trong thời gian dài và tăng cường sự linh hoạt trong các động tác nhanh nhạy. • Công nghệ Lightspeed không dây của Logitech cung cấp kết nối không dây với độ trễ cực thấp, đảm bảo tín hiệu ổn định và phản hồi nhanh chóng. Điều này rất quan trọng trong các trận đấu eSports, nơi mỗi mili giây đều có thể quyết định chiến thắng. Xem thêm"
chuot-bluetooth-gaming-corsair-harpoon-rgb-den,Chuột sạc Bluetooth Gaming Corsair Harpoon RGB,"Kiểu dáng gọn gàng, thích hợp cho người dùng thuận tay phải Chuột sạc Bluetooth Gaming Corsair Harpoon RGB được thiết kế khá gọn gàng, vừa vặn chỉ trong lòng bàn tay và phù hợp hơn với người dùng thuận tay phải. Màu đen cũng khá phổ biến và hợp cho nhiều đối tượng sử dụng. Nếu chơi game trong thời gian lâu thì cũng khá là thoải mái vì hai bên chuột được đệm cao su và nhẹ chỉ 99 gam không gây cảm giác nặng hay nặng cổ tay. Xem thêm"
chuot-khong-day-gaming-asus-rog-keris-aimpoint,Chuột sạc Bluetooth Gaming Asus ROG Keris Aimpoint,"Chuột Bluetooth Gaming ASUS ROG Keris Aimpoint có nút trái và phải bằng PBT bền bỉ, độ phân giải lên đến 36000 DPI hỗ trợ tốt cho các game thủ đặc biệt ở những tựa game nặng cần khả năng phản hồi chính xác và nhanh nhạy. • Diện mạo thời thượng, thiết kế chỉn chu với 2 phím nhấn chính và 2 phím nhấn phụ có độ nảy cao, click chuột đã tay, con lăn hỗ trợ cuộn chính xác từng pixel. Đường cong mềm mại ở phần tiếp xúc với lòng bàn tay đem lại cảm giác thoải mái chiến game trong vòng nhiều giờ mà không gây đau mỏi cổ tay và các ngón tay. • Bề mặt các nút được phủ lớp chống trượt giúp thao tác nhấp chuột chính xác, tránh trơn trượt do mồ hôi tay. Xem thêm"
chuot-sac-bluetooth-gaming-hp-hyperx-pulsefire-haste-2-mini,Chuột sạc Bluetooth Gaming HP HyperX Pulsefire Haste 2 Mini,"Chuột sạc Bluetooth Gaming HP HyperX Pulsefire Haste 2 Mini hứa hẹn sẽ nâng tầm trải nghiệm chiến game của bạn khi là một trong những chú chuột gaming nhẹ nhất thị trường, giúp bạn di chuyển chuột linh hoạt và thoải mái, khả năng kết nối linh hoạt đi kèm cảm biến HyperX 26K hiện đại. • Chuột máy tính HP HyperX mang một kích thước nhỏ gọn đi cùng khối lượng nhẹ chỉ 59 gram giúp tối ưu không gian, bên cạnh đó cũng dễ dàng mang theo khi cần. Ngoài ra cũng mang đến cảm giác cầm nắm thoải mái, linh hoạt trong thời gian dài. • Thiết kế công thái học ôm sát mọi kích thước bàn tay, mang đến cảm giác cầm nắm chắc chắn, thoải mái trong suốt thời gian sử dụng. Các nút bấm được bố trí một cách hợp lý, dễ dàng thao tác bằng cả hai tay, giúp bạn dễ dàng thực hiện nhanh những pha xử lý hiệu quả. Xem thêm"
chuot-sac-bluetooth-asus-rog-harpe-ace-aim-lab-edition,Chuột sạc Bluetooth Asus ROG Harpe Ace Aim Lab Edition,Không có mô tả
chuot-gaming-corsair-nightsword-rgb-den,Chuột Có dây Gaming Corsair Nightsword RGB,"Thiết kế hầm hố, mang đậm nét gaming chuyên nghiệp Thân chuột gaming Corsair màu đen sành điệu, kích cỡ khá lớn nhưng vẫn đảm bảo vừa vặn cho cỡ tay của người trưởng thành, đường cong các mặt tinh tế, thoải mái cho các ngón tay, vị trí đặt ngón tay cái, ngón tay áp út và út được phủ cao su mềm, cầm chuột thêm vững chắc. Ở phần thân trái thiết bị được lắp thêm bệ đỡ cho ngón tay cái, giúp giảm áp lực để quá trình chiến game trong thời gian dài thêm dễ chịu, thư thái. Xem thêm"
chuot-co-day-gaming-rapoo-v25s,Chuột Có dây Gaming Rapoo V25S,"Chuột Có Dây Gaming Rapoo V25S sở hữu thiết kế đối xứng, độ phân giải lớn phù hợp với mọi game thủ, cảm biến mượt mà, dễ dàng điều khiển khi sử dụng, mang đến cho người dùng những trải nghiệm tốt nhất. • Kiểu dáng chuột mang hơi hướng gaming độc đáo, thiết kế công thái học cho phép cầm thoải mái và dễ chịu khi sử dụng lâu dài. • Hệ thống LED RGB 16 triệu màu cho phép bạn tùy chỉnh màu sắc đèn theo sở thích của bạn, nổi bật cả góc phòng khi sử dụng trong điều kiện thiếu sáng. • Độ phân giải 200 - 6200 DPI của chuột gaming này cho phản hồi nhanh chóng và chính xác, sản phẩm phù hợp để sử dụng nhiều mục đích, từ các tác vụ văn phòng cơ bản tới đồ hoạ hay chiến game yêu cầu độ nhạy và chính xác cao. Xem thêm"
chuot-gaming-khong-day-asus-rog-strix-impact-iii,Chuột Bluetooth Gaming Asus ROG Strix Impact III,"Chuột Bluetooth Gaming ASUS ROG Strix Impact III được thiết kế chuyên biệt dành cho game thủ, sở hữu nhiều tính năng hiện đại và công nghệ tiên tiến, mang đến lợi thế rõ rệt trong từng trận đấu. • Chuột máy tính được trang bị cảm biến quang học ROG AimPoint với độ phân giải tối đa lên đến 36000 DPI, đảm bảo độ chính xác cao nhất trong từng chuyển động, đáp ứng mọi yêu cầu của game thủ chuyên nghiệp. Độ trễ thấp mang lại trải nghiệm tốt hơn cho người dùng trong các trận đấu game đòi hỏi phản ứng nhanh. • Asus ROG Strix Impact III hỗ trợ kết nối không dây kép, mang đến cho bạn sự linh hoạt tối đa. Bạn có thể lựa chọn giữa ghép nối bằng đầu thu USB Receiver hoặc chế độ Bluetooth. Với chế độ RF 2.4 GHz qua đầu thu USB Receiver, chuột đảm bảo độ ổn định tuyệt đối và độ trễ cực thấp, giúp bạn duy trì kết nối mạnh mẽ trong suốt quá trình chơi game mà không lo mất kết nối giữa chừng. Xem thêm"
chuot-khong-day-gaming-logitech-g-pro-x-superlight,Chuột sạc Không dây Gaming Logitech G Pro X Superlight,"Chuột Không dây Gaming Logitech G Pro X Superlight là một lựa chọn tuyệt vời cho các game thủ chuyên nghiệp đang tìm kiếm một chuột chơi game không dây nhẹ, chính xác và có hiệu suất cao, dễ dàng hạ gục đối thủ trong mọi trận chiến game gay cấn. • Chuột gaming sở hữu trọng lượng siêu nhẹ chỉ 63 gram, nhẹ hơn 25% so với phiên bản PRO không dây tiêu chuẩn của Logitech. Đây chính là ""siêu phẩm"" dành cho những game thủ chuyên nghiệp đề cao sự linh hoạt và tốc độ trong từng thao tác. • Cảm biến HERO 25K trên chuột máy tính cung cấp tốc độ phản hồi 1 ms siêu nhanh cùng độ phân giải tối đa 25600 DPI, đảm bảo mọi hành động của bạn được truyền tải tức thì đến màn hình, không hề có hiện tượng trễ hay giật lag, mang đến cho bạn trải nghiệm chơi game đỉnh cao và đầy tự tin. Xem thêm"
chuot-co-day-gaming-hp-hyperx-pulsefire-haste-ii?utm_flashsale=1,Chuột Có dây Gaming HP HyperX Pulsefire Haste II,"Chuột Có dây Gaming HP HyperX Pulsefire Haste II sẽ là trợ thủ đắc lực dành cho những game thủ đam mê tốc độ và sự chính xác. Với cảm biến HyperX 26K tiên tiến đi cùng thiết kế gọn nhẹ, thiết bị sẽ mang đến cho bạn trải nghiệm chơi game đỉnh cao, giúp bạn chinh phục mọi trận chiến. • Vỏ chuột máy tính HP HyperX được làm từ vật liệu siêu nhẹ, khối lượng chỉ 61 gram giúp bạn di chuyển chuột dễ dàng và linh hoạt, giảm thiểu sự mỏi tay trong những giờ chơi game căng thẳng. • Thiết kế công thái học phù hợp với mọi kích cỡ bàn tay, mang đến cảm giác cầm nắm thoải mái. Các nút bấm trên chuột có dây được bố trí hợp lý, dễ dàng thao tác bằng cả hai tay, giúp bạn thực hiện các combo kỹ năng một cách nhanh chóng và hiệu quả. Xem thêm"
chuot-bluetooth-gaming-corsair-katar-pro,Chuột Bluetooth Gaming Corsair Katar PRO,"Chuột Gaming không dây Corsair Katar PRO Wireless được trang bị cảm biến quang học hàng đầu, công nghệ không dây tiên tiến, thiết kế nhỏ gọn,... sẽ là người bạn đồng hành lý tưởng cho các game thủ chuyên nghiệp. Thiết kế đối xứng với khối lượng siêu nhẹ Chuột Corsair này là chiến binh không dây siêu nhẹ chỉ 96g, sinh ra để chinh phục mọi trận đấu. Thiết kế đối xứng, nhỏ gọn, ôm trọn bàn tay, cho phép bạn thực hiện những pha xử lý nhanh nhạy, chính xác dù là những tựa game FPS hay MOBA có nhịp độ nhanh. Xem thêm"
chuot-sac-bluetooth-gaming-corsair-m75-air,Chuột sạc Bluetooth Gaming Corsair M75 Air,"Chuột sạc Bluetooth Gaming Corsair M75 Air sở hữu thiết kế siêu nhẹ với độ đối xứng hoàn hảo, mang đến trải nghiệm chơi game đỉnh cao. Đi cùng cảm biến quang học độ phân giải cao, công nghệ không dây ổn định và pin siêu bền,... giúp bạn chinh phục mọi tựa game một cách dễ dàng. Thiết kế gọn nhẹ hàng đầu Chuột Corsair được hoàn thiện để tối ưu hóa trải nghiệm chơi game của bạn với mỗi chi tiết đều được chăm chút tỉ mỉ. Thiết kế đối xứng hoàn hảo cùng khối lượng chỉ 60g giúp giảm tình trạng mỏi tay, tăng tốc độ phản ứng và cải thiện độ chính xác trong từng pha giao tranh căng thẳng. Xem thêm"
chuot-khong-day-zadez-m353-xam,Chuột Không dây Zadez M353,"Thiết kế mềm mại, gọn nhẹ với khối lượng 70 g Chuột không dây sở hữu những đường uốn cong theo bàn tay của bạn nên khi đặt tay lên chuột, bạn sẽ cảm thấy rất vừa vặn, sử dụng không cứng nhắc, khó chịu mà rất thoải mái, nhẹ nhàng, nhờ đó người dùng có thể tập trung làm việc hàng giờ liền mà không cảm thấy nhức mỏi các ngón tay, cổ tay. Xem thêm"
chuot-co-day-gaming-asus-keris,Chuột Có dây Gaming Asus Keris,"Chuột có dây Gaming Asus Keris có kiểu dáng gọn nhẹ, thiết kế mạnh mẽ, vừa lòng bàn tay khi cầm nắm, tạo cảm giác thoải mái khi chơi game. • Chuột có thiết kế dạng tổ ong bên trong cung cấp độ cứng cho cấu trúc và giúp giảm khối lượng tổng thể xuống chỉ 62 gram. • Các nút PBT trái và phải có bề mặt trượt bền, chống mài mòn, sáng bóng, đảm bảo cảm giác sử dụng luôn đồng nhất. • Chuột Asus có cảm biến quang học với độ nhạy lên đến 16000 DPI được tối ưu hóa cho các trò chơi FPS, thiết kế công thái học được nghiên cứu từ các chuyên gia thể thao điện tử. • Tính năng DPI On The Scroll cho phép điều chỉnh độ nhạy của chuột gaming mà không cần truy cập menu. Chỉ cần nhấn và giữ nút DPI và xoay con lăn để thay đổi mức độ nhạy. Ngoài ra, nhấp vào nút sẽ chuyển qua bốn mức DPI. Xem thêm"
chuot-bluetooth-silent-dareu-lm166d,Chuột Bluetooth Silent DareU LM166D,"Chuột Bluetooth Silent DareU LM166D sở hữu kiểu dáng sang trọng, gam màu tinh tế, di chuột nhanh nhạy, kết nối Bluetooth nhanh chóng, phù hợp với mọi lứa tuổi, mang đến cho người dùng những trải nghiệm tối ưu nhất. • Kiểu dáng chuột thời thượng, màu sắc trung tính, phù hợp với bất kì độ tuổi nào. Ngoài ra, thiết kế núm xoay bên dưới chuột giúp bạn dễ dàng di chuột một cách mượt mà hơn. • Kích thước cỡ trung, vừa vặn với bàn tay của đa phần người dùng phổ thông, cho phép bạn sử dụng trong khoảng thời gian dài mà không bị mỏi tay. • Chuột Silent giúp giữ không gian xung quanh yên tĩnh khi nhấp chuột, cho phép người dùng dễ dàng tập trung vào phần việc đang xử lý đồng thời hạn chế ảnh hưởng tới người khác. Xem thêm"
chuot-gaming-asus-rog-strix-impact-iii,Chuột Gaming ASUS ROG Strix Impact III,"Chuột Gaming ASUS ROG Strix Impact III với thiết kế gọn nhẹ, khối lượng chỉ 59 g, kiểu dáng cân xứng dễ dàng điều khiển cho cả người thuận tay trái và tay phải. • Thiết kế tối giản, vỏ ngoài bền bỉ và cứng cáp cho thời gian sử dụng lâu dài, phần feet chuột được làm từ chất liệu PTFE giúp di chuyển mượt mà, thao tác dễ dàng hơn. • Kích thước chuột vừa tay cầm cho cảm giác sử dụng thoải mái, chiến game liên tục nhiều giờ liền cũng không hề mỏi tay hay khó chịu. • Chuột Asus với độ phân giải quang học có thể điều chỉnh lên đến 12000 DPI, không chỉ chơi tốt các tựa game FPS yêu cầu độ phản hồi nhanh mà còn hỗ trợ thao tác chỉnh sửa hình ảnh và đồ hoạ chuyên nghiệp một cách dễ dàng. Xem thêm"
chuot-co-day-gaming-msi-clutch-gm41-lightweight-v2,Chuột Có dây Gaming MSI Clutch GM41 Lightweight V2,"Chuột Có dây Gaming MSI Clutch GM41 Lightweight V2 sở hữu màu sắc thời thượng, hiệu ứng đèn RGB sống động, thiết kế năng động, kích thước phù hợp cho người dùng có cỡ tay nhỏ và vừa, hứa hẹn mang đến cho game thủ những trải nghiệm hoàn hảo nhất. • Chuột sở hữu thiết kế gọn gàng, khối lượng 65 g, được coi là không quá nhẹ và cũng không quá nặng so với các dòng chuột gaming khác trên thị trường. • Độ nhạy chuột MSI cực cao với cảm biến quang học lên đến 16000 DPI, cho phép bạn dễ dàng điều chỉnh độ nhạy theo từng tựa game cho phù hợp. Đồng thời, độ chính xác cao của chuột gaming MSI giúp bạn không bỏ lỡ từng nhịp chuyển động trên game. • Đầu USB của chuột gaming này được mạ vàng đẹp mắt và mang đến cảm giác sang trọng, đồng thời gia tăng độ cứng cáp cho đầu cáp. Kết nối máy tính thông qua cổng USB là bạn có thể sử dụng được chuột ngay. Xem thêm"
chuot-co-day-gaming-corsair-m75,Chuột Có dây Gaming Corsair M75,"Corsair M75 là một trong những mẫu chuột có dây gaming đáng chú ý, được thiết kế đặc biệt dành cho game thủ yêu cầu sự chính xác trong mỗi cú bấm chuột. Với thiết kế mạnh mẽ, cùng các tính năng tối ưu cho trải nghiệm chơi game, Corsair M75 hứa hẹn mang lại sự kiểm soát tối ưu và độ bền cao trong những trận đấu căng thẳng. Thiết kế nhỏ gọn đồng hành trong mọi trận chiến Thiết kế của chuột Corsair hứa hẹn mang đến trải nghiệm tốt nhất cho người dùng với vẻ ngoài nhỏ gọn và tinh tế. Mọi đường nét, tính năng và chi tiết của M75 đều được tối ưu hóa để tăng hiệu suất công việc cũng như giành chiến thắng trong các cuộc chơi. Với hình dạng thuận cả hai tay, chuột mang lại sự thoải mái và khả năng kiểm soát tuyệt vời, phù hợp cho cả những lần làm việc hay chơi game kéo dài. Xem thêm"
chuot-sac-bluetooth-gaming-corsair-m75,Chuột sạc Bluetooth Gaming Corsair M75,"Corsair M75 là mẫu chuột gaming không dây cao cấp với công nghệ Bluetooth hiện đại, được thiết kế dành riêng cho các game thủ đòi hỏi sự chính xác và tốc độ cao. Với khả năng sạc lại tiện lợi và thời lượng pin ấn tượng, chuột này không chỉ mang lại trải nghiệm chơi game mượt mà mà còn đảm bảo sự thoải mái trong các phiên chơi kéo dài. Thiết kế chuyên biệt để thích ứng tốt với những trận game Thiết kế của chuột không dây được tối ưu hóa để đáp ứng yêu cầu khắt khe của các game thủ ở cấp độ cao nhất. Với khối lượng chỉ 89g, chuột mang đến sự nhẹ nhàng vượt trội, giúp bạn dễ dàng di chuyển với tốc độ và độ chính xác tuyệt đối. Mọi chi tiết, từ đường nét đều được tinh chỉnh tỉ mỉ. Hình dạng thuận cả hai tay của M75 không chỉ mang lại sự thoải mái mà còn cung cấp khả năng kiểm soát vượt trội. Xem thêm"
chuot-sac-bluetooth-asus-rog-harpe-ace-mini?utm_flashsale=1,Chuột sạc Bluetooth Asus ROG Harpe Ace Mini,Không có mô tả
chuot-sac-bluetooth-asus-rog-gladius-iii-wl-aimpoint?utm_flashsale=1,Chuột sạc Bluetooth Asus ROG Gladius III WL Aimpoint,Không có mô tả
ban-phim-bluetooth-dareu-lk160d,Bàn Phím Bluetooth Dareu LK160D,Không có mô tả
bo-ban-phim-chuot-khong-day-philips-spt6348?utm_flashsale=1,Bộ Bàn Phím Chuột Không Dây Philips SPT6348,Không có mô tả
ban-phim-bluetooth-dareu-lk150d,Bàn Phím Bluetooth Dareu LK150D,Không có mô tả
ban-phim-co-bluetooth-dareu-ek98-pro,Bàn Phím Cơ Bluetooth Dareu EK98 Pro,Không có mô tả
ban-phim-co-bluetooth-dareu-ek87-pro,Bàn Phím Cơ Bluetooth Dareu EK87 Pro,Không có mô tả
ban-phim-co-bluetooth-dareu-ek75-pro-sakura,Bàn Phím Cơ Bluetooth DareU EK75 Pro Sakura,Không có mô tả
ban-phim-co-co-day-akko-3098s-los-angeles-v3-creamy-yellow-pro?utm_flashsale=1,Bàn phím Cơ Có Dây Akko 3098S Los Angeles V3 Creamy Yellow Pro,"Akko 3098S Los Angeles V3 Creamy Yellow Pro là chiếc bàn phím cơ có dây mang phong cách độc đáo. Lấy cảm hứng từ Los Angeles, thiết kế của sản phẩm toát lên sự tươi sáng và cuốn hút, tạo điểm nhấn đặc biệt cho góc làm việc hoặc chơi game. Vẻ ngoài nhỏ gọn - màu sắc đẹp mắt Bàn phím Akko sở hữu thiết kế đầy ấn tượng với sự kết hợp tinh tế giữa hai tông màu vàng kem và trắng ngà, tạo nên vẻ ngoài vừa nổi bật vừa thanh lịch. Layout 98 phím gọn gàng giúp tối ưu diện tích sử dụng mà vẫn đảm bảo đầy đủ chức năng, mang lại trải nghiệm thoải mái cho người dùng. Keycap được làm từ chất liệu PBT cao cấp với công nghệ in chữ bền bỉ, hạn chế mài mòn theo thời gian. Đặc biệt, phần khung vỏ chắc chắn với đường nét mềm mại không chỉ tăng tính thẩm mỹ mà còn đảm bảo độ bền cao, giúp này trở thành điểm nhấn hoàn hảo cho mọi không gian. Xem thêm"
ban-phim-bluetooth-logitech-mx-keys-s,Bàn Phím Bluetooth Logitech MX Keys S,Không có mô tả
ban-phim-co-bluetooth-akko-5098b-prunus-lannesiana-v3-piano-pro?utm_flashsale=1,Bàn Phím Cơ Bluetooth Akko 5098B Prunus Lannesiana V3 Piano Pro,"Mang vẻ đẹp dịu dàng của hoa anh đào, Akko 5098B Prunus Lannesiana V3 Piano Pro là bàn phím cơ vừa tinh tế về thiết kế, vừa đáp ứng gu thẩm mỹ của người yêu nghệ thuật. Thiết kế thanh lịch, màu sắc trang nhã cùng kết nối linh hoạt giúp sản phẩm nổi bật cả về thẩm mỹ lẫn trải nghiệm gõ êm ái, mượt mà và ổn định. Vẻ ngoài đẹp mắt lôi cuốn ánh nhìn Bàn phím không dây này sở hữu thiết kế nổi bật với tông màu pastel ngọt ngào, lấy cảm hứng từ sắc hoa anh đào nở rộ. Mỗi phím bấm được phối màu chuyển sắc tinh tế giữa các gam màu khác nhau tạo nên một tổng thể hài hòa và thu hút ánh nhìn. Xem thêm"
ban-phim-bluetooth-logitech-wave-keys-ergonomic,Bàn Phím Bluetooth Logitech Wave Keys Ergonomic,Không có mô tả
ban-phim-bluetooth-logitech-mx-keys-mini,Bàn Phím Bluetooth Logitech MX Keys Mini,Không có mô tả
ban-phim-bluetooth-logitech-k380s,Bàn Phím Bluetooth Logitech K380s,"Bàn phím Bluetooth Logitech K380s có thiết kế thanh lịch, gam màu đẹp mắt, hỗ trợ kết nối Bluetooth tiện lợi, kiểu dáng nhỏ gọn với 79 phím bấm không chiếm quá nhiều diện tích trên bàn làm việc, tiện lợi mang theo mọi lúc mọi nơi. • Bàn phím không dây có thiết kế đẹp mắt, vỏ ngoài cứng cáp không dễ nứt gãy khi sử dụng. • Khả năng kết nối Bluetooth với phạm vi 10 m, thoải mái sử dụng ở khoảng cách xa mà không lo mất kết nối, kết hợp với phần mềm Logi Options + để tuỳ chỉnh thêm các tính năng nâng cao cho bàn phím. • Bàn phím tương thích với hầu hết các thiết bị chạy hệ điều hành phổ biến hiện nay như Windows và macOS (MacBook, iMac), cho phép bạn dễ dàng đồng bộ và làm việc một cách mượt mà trên mọi thiết bị. Xem thêm"
ban-phim-co-co-day-akko-3098-neon,Bàn Phím Cơ Có Dây Akko 3098 Neon,"Bàn phím Cơ Có dây Akko 3098 Neon là một lựa chọn độc đáo mang lại trải nghiệm gõ phím đầy cảm hứng, với thiết kế màu sắc từ những gam màu nổi bật. Không chỉ sở hữu layout 98 phím tiện dụng, tối ưu không gian, bàn phím còn được tích hợp các tính năng vượt trội, mang đến sự thoải mái và chính xác trong từng thao tác. Thiết kế nhỏ gọn màu sắc đẹp mắt Bàn phím Akko gây ấn tượng mạnh mẽ ngay từ cái nhìn đầu tiên với thiết kế nổi bật, được phối hợp hài hòa giữa các gam màu trầm. Sự kết hợp tạo nên một tổng thể bắt mắt, đầy cá tính nhưng không kém phần tinh tế. Xem thêm"
ban-phim-co-bluetooth-monsgeek-mg108b-watermelon-akko-piano-pro?utm_flashsale=1,Bàn Phím Cơ Bluetooth MonsGeek MG108B Watermelon Akko Piano Pro,"MonsGeek MG108B Watermelon Akko Piano Pro nổi bật với thiết kế tươi tắn lấy cảm hứng từ dưa hấu, mang đến sự trẻ trung và độc đáo. Trang bị switch Akko Piano Pro cho cảm giác gõ mượt mà, phản hồi nhanh, cùng kết nối Bluetooth linh hoạt, sản phẩm này là lựa chọn lý tưởng cho cả làm việc và giải trí, vừa đẹp mắt vừa hiệu quả. Vẻ ngoài tươi mát và cuốn hút Bàn phím không dây này sở hữu thiết kế độc đáo, lấy cảm hứng từ sắc màu tươi tắn của dưa hấu. Tổng thể bàn phím mang hai gam màu chủ đạo: xanh nhạt của vỏ dưa và hồng đỏ của ruột, tạo nên vẻ ngoài sinh động, đầy sức sống. Các phím được thiết kế với nhiều họa tiết thú vị như lát dưa hấu, hạt dưa và vân sọc đặc trưng, giúp tăng thêm tính thẩm mỹ và cá tính cho sản phẩm. Xem thêm"
ban-phim-co-bluetooth-akko-5098b-black-gold-v3-piano-pro?utm_flashsale=1,Bàn Phím Cơ Bluetooth Akko 5098B Black&Gold V3 Piano Pro,"Nếu bạn đang tìm kiếm một chiếc bàn phím cơ không chỉ mạnh mẽ về hiệu năng mà còn cuốn hút ngay từ cái nhìn đầu tiên, Akko 5098B Black&Gold V3 Piano Pro chính là cái tên đáng để cân nhắc. Mang tông đen phối vàng tinh tế, Akko 5098B là sự hòa quyện giữa nét cổ điển và hiện đại. Không chỉ nổi bật về thiết kế, bàn phím còn cho cảm giác gõ mượt mà và kết nối linh hoạt, tạo nên trải nghiệm đầy cá tính. Màu sắc tinh tế cùng thiết kế lôi cuốn Bàn phím gaming này sở hữu thiết kế nổi bật với sự phối hợp màu sắc độc đáo giữa đen tuyền và vàng kim, tạo nên vẻ ngoài vừa mạnh mẽ, vừa sang trọng. Các phím được sắp xếp theo bố cục đầy đủ với cả cụm phím số, giúp tối ưu trải nghiệm làm việc và chơi game. Xem thêm"
ban-phim-co-bluetooth-akko-5098b-wasteland-survival-v3-piano-pro?utm_flashsale=1,Bàn Phím Cơ Bluetooth Akko 5098B Wasteland Survival V3 Piano Pro,"Lấy cảm hứng từ thế giới hậu tận thế đầy khốc liệt và bí ẩn, bàn phím cơ Bluetooth Akko 5098B Wasteland Survival V3 Piano Pro mang đến một thiết kế cực kỳ cá tính, độc đáo và không thể nhầm lẫn. Sản phẩm gây ấn tượng với thiết kế độc đáo, màu sắc cá tính và phong cách đậm chất riêng. Kết hợp cùng cảm giác gõ mượt mà và kết nối linh hoạt, sản phẩm phù hợp cho cả làm việc lẫn giải trí. Thiết kế đẹp mắt độc đáo Bàn phím Akko sở hữu thiết kế cực kỳ nổi bật với phong cách đậm chất hậu tận thế. Toàn bộ hệ thống keycap được phối màu rực rỡ, chia theo từng cụm chức năng rõ ràng với các tông xanh, đỏ, cam, nâu xen kẽ tạo cảm giác mạnh mẽ và cá tính. Những chi tiết in trên keycap như hình ảnh vũ khí, biểu tượng sinh tồn, nhân vật hoạt hình hay logo đặc trưng mang đậm tinh thần của một thế giới viễn tưởng đầy thử thách. Xem thêm"
ban-phim-co-bluetooth-akko-5098b-green-ink-ice-cream-pink?utm_flashsale=1,Bàn Phím Cơ Bluetooth Akko 5098B Green Ink Ice Cream Pink,Không có mô tả
ban-phim-co-khong-day-akko-3087-rf-one-piece-luffy-cream-yellow?utm_flashsale=1,Bàn Phím Cơ Không Dây Akko 3087 RF One Piece - Luffy Cream Yellow,"Nếu bạn là một tín đồ One Piece, đặc biệt yêu thích Luffy, thì chiếc bàn phím cơ không dây Akko 3087 RF One Piece - Luffy Cream Yellow chính là lựa chọn hoàn hảo dành cho bạn. Với thiết kế đậm chất hải tặc, kết hợp cùng switch Cream Yellow mang đến trải nghiệm gõ mượt mà, êm ái, sản phẩm này hứa hẹn sẽ làm hài lòng mọi người dùng, từ fan của bộ anime/manga đình đám đến những ai đang tìm kiếm một chiếc bàn phím chất lượng với giá thành hợp lý. Thiết kế lấy cảm hứng từ Luffy – Nổi bật và cuốn hút Luffy là biểu tượng của sự tự do, mạnh mẽ và phiêu lưu, và điều đó được thể hiện trọn vẹn trên bàn phím Akko 3087 RF One Piece - Luffy Cream Yellow. Với tông màu đỏ chủ đạo, không chỉ mang phong cách độc đáo, cuốn hút, mà còn thể hiện sự tinh tế trong từng chi tiết. Xem thêm"
ban-phim-co-bluetooth-akko-mod007b-he-pc-tokyo-sakura-pink-magnetic-switch?utm_flashsale=1,Bàn Phím Cơ Bluetooth Akko MOD007B-HE PC Tokyo Sakura Pink Magnetic Switch,"Akko MOD007B-HE PC Tokyo Sakura Pink Magnetic Switch là một chiếc bàn phím cơ không dây mang phong cách tinh tế, lấy cảm hứng từ sắc hồng dịu dàng của hoa anh đào. Với thiết kế hiện đại, khung chắc chắn và màu sắc trang nhã, chiếc bàn phím này không chỉ là một công cụ gõ phím mà còn là một điểm nhấn thẩm mỹ trên bàn làm việc. Màu sắc đẹp mắt thu hút ánh nhìn Bàn phím Akko mang đến thiết kế tinh tế, lấy cảm hứng từ vẻ đẹp thơ mộng của hoa anh đào và phong cảnh Nhật Bản. Tông màu chủ đạo là hồng và trắng, tạo cảm giác nhẹ nhàng, thanh lịch. Xem thêm"
bo-ban-phim-chuot-khong-day-logitech-mk240,Bộ Bàn Phím Chuột Không Dây Logitech MK240,"Bộ Bàn Phím Chuột Không Dây Logitech MK240 sở hữu thiết kế thời trang, màu sắc đẹp mắt, kiểu dáng compact bao gồm 79 phím bấm đầy đủ, đi kèm chuột tiện lợi cho người dùng sử dụng dễ dàng. • Bàn phím sở hữu thiết kế đẹp mắt, toàn bộ sản phẩm phủ màu đen sang trọng với hoạ tiết vàng làm điểm nhấn. • Chất liệu vỏ ngoài cứng cáp với kiểu dáng compact bao gồm 79 phím bấm, giúp tiết kiệm không gian trên bàn làm việc mà vẫn đảm bảo đầy đủ các chức năng cần thiết. • Kết nối không dây qua đầu thu USB, cho phép bạn tự do di chuyển trong phạm vi 10 m mà không gặp rắc rối về dây cáp. • Bàn phím và chuột sử dụng 2 pin AAA cho mỗi thiết bị, tiện lợi sử dụng và thay thế khi cần thiết. Xem thêm"
ban-phim-co-day-logitech-k120,Bàn Phím Có Dây Logitech K120,"Bàn Phím Có Dây Logitech K120 sở hữu thiết kế đẹp mắt, gam màu sang trọng, bàn phím Full size 104 phím, nút bấm bền bỉ cho thao tác nhấn nhanh nhạy, đem đến trải nghiệm tuyệt vời cho người dùng. • Thiết kế bàn phím có dây tiện lợi, kiểu dáng đẹp mắt, phù hợp sử dụng cho mọi phong cách. • Bàn phím tương thích với hệ điều hành Windows, sử dụng cáp USB thông dụng cho phép bạn kết nối nhanh chóng và dễ dàng với máy tính của mình. • Độ dài dây 1.5 m tạo khoảng cách đủ lớn giữa bàn phím và máy tính, giúp bạn có không gian làm việc thoải mái. • Bàn phím Full size với 104 phím tiêu chuẩn bao gồm cả số và các phím chức năng, giúp bạn thực hiện công việc hoặc chơi game một cách dễ dàng. Xem thêm"
ban-phim-bluetooth-asus-marshmallow-kw100?utm_flashsale=1,Bàn Phím Bluetooth Asus Marshmallow KW100,"Bàn phím Bluetooth Asus Marshmallow KW100 mang một ngoại hình hiện đại với màu sắc năng động, không chiếm quá nhiều diện tích trên bàn làm việc của bạn, ngoài ra còn phù hợp với người dùng thường xuyên mang theo ra ngoài khi cần với khối lượng nhẹ ấn tượng. • Bàn phím Asus ghi điểm với thiết kế tối giản, mỏng nhẹ, dễ dàng mang theo bên mình đến mọi nơi với khối lượng chỉ 375 gram. Gam màu năng động, hài hòa mang đến sự tinh tế cho không gian làm việc của bạn. • Bàn phím có thiết kế 80 phím, các phím chức năng quan trọng như Spacebar, Enter và Esc mang tông màu tối hơn so với tổng thể, tạo điểm nhấn ấn tượng và giúp bạn dễ dàng nhận diện, thao tác nhanh chóng và chính xác. Xem thêm"
ban-phim-bluetooth-logitech-signature-k650,Bàn Phím Bluetooth Logitech Signature K650,"Logitech Signature K650 là bàn phím không dây hoàn hảo cho nhu cầu làm việc hàng ngày của bạn, với các phím tắt được nâng cấp và chỗ gác tay tích hợp. Đặc biệt, bàn phím có thiết kế chống đổ tràn và dễ vệ sinh, cùng thời lượng pin lên tới 36 tháng, cho phép bạn di chuyển tiện lợi mà không cần lo lắng về dây cáp gây vướng. • Bàn phím Bluetooth Logitech Signature K650 được trang bị chỗ gác tay tích hợp và các phím có đệm sâu, đem lại trải nghiệm gõ phím thỏa mãn và thoải mái, ngay cả trong những giờ làm việc dài. Thiết kế của bàn phím cũng rất dễ lau chùi và chống nước đổ tràn lên đến 60 ml, giúp bảo vệ thiết bị và kéo dài tuổi thọ sử dụng. • Bàn phím Logitech hoạt động hoàn hảo trên nhiều hệ điều hành, mang lại sự linh hoạt và tương thích cao, giúp bạn dễ dàng sử dụng trên nhiều thiết bị khác nhau. Xem thêm"
ban-phim-co-bluetooth-akko-5108-se-joy-of-life-piano-pro?utm_flashsale=1,Bàn Phím Cơ Bluetooth Akko 5108 SE Joy of Life Piano Pro,"Nếu bạn là một người yêu thích bàn phím cơ và đam mê những bộ phim cổ trang Trung Hoa, thì bàn phím cơ Bluetooth Akko 5108 SE Joy of Life Piano Pro sẽ là một lựa chọn không thể bỏ qua. Lấy cảm hứng từ bộ phim đình đám Joy of Life, bàn phím này không chỉ mang đến thiết kế đậm chất hoài cổ, mà còn sở hữu những tính năng hiện đại, linh hoạt, đáp ứng hoàn hảo mọi nhu cầu từ công việc đến giải trí. Thiết kế hoài cổ đầy tinh tế – Lấy cảm hứng từ Joy of Life Ngay từ cái nhìn đầu tiên, Akko 5108 SE Joy of Life Piano Pro đã thu hút sự chú ý bởi thiết kế đậm chất cổ trang. Tông màu trắng – xanh lam – xám, kết hợp với những họa tiết thanh lịch, gợi lên vẻ đẹp tinh tế và hoài niệm của thời kỳ phong kiến Trung Hoa. Xem thêm"
ba-n-phi-m-co-day-gaming-zadez-g-850k,Bàn Phím Có Dây Gaming Zadez G-850K,"Bàn Phím Có Dây Gaming Zadez G-850K sở hữu thiết kế đẹp mắt, cá tính, phù hợp với mọi không gian nội thất, bàn phím full size 98 phím rộng rãi, phím bấm chắc chắn, cho tốc độ phản hồi nhanh, đây chắc hẳn là món phụ kiện được nhiều game thủ lựa chọn. • Bàn phím là món phụ kiện cần thiết cho game thủ với thiết kế đẹp mắt, phong cách gaming tinh tế và sắc sảo. • Tốc độ phản hồi nhanh, hỗ trợ 19 phím nhấn cùng lúc giúp bạn dễ dàng kiểm soát mọi cuộc chơi. • Sản phẩm có tổng cộng 98 phím được khắc laser đẹp mắt cùng chất liệu nhựa ABS cứng cáp và switch Membrane giả cơ bền bỉ cho người dùng sử dụng lâu dài mà không lo hư hỏng. Xem thêm"
co-day-gaming-asus-tuf-k1,Bàn Phím Có Dây Gaming Asus TUF K1,"Bàn phím có dây Gaming Asus TUF K1 với thiết kế có phần kê cổ tay tiện dụng, có thể tháo rời để mang lại sự thoải mái dài lâu. • Bàn phím được trang bị các phím bấm có độ phản hồi êm ái với mỗi lần nhấn. • Các phím bấm này được đặt trong một khung chống thấm nước 300 ml, được gia công bằng một lớp phủ chuyên dụng và được chứng nhận đáp ứng hoạt động trong môi trường khắc nghiệt. • Bàn phím gaming được thiết kế với ghi nhận 19 phím bấm cùng lúc (NKRO), nhờ đó đảm bảo độ chính xác vượt trội và không bị bỏ lỡ lần nhấn phím nào. • Bàn phím Asus có năm vùng chiếu sáng riêng biệt và các thanh RGB nổi bật ở cả hai bên bàn phím, người dùng có thể lựa chọn toàn bộ phổ màu để tùy chỉnh riêng từng vùng, nhờ đó giúp bạn điều khiển dàn máy của mình sáng theo đúng ý muốn. Xem thêm"
ban-phim-ipad-logitech-combo-touch-gen-10th,Bàn Phím iPad Logitech Combo Touch Gen 10TH,"Việc tìm kiếm một phụ kiện hoàn hảo cho iPad của bạn là điều vô cùng quan trọng. Bàn phím iPad Logitech Combo Touch Gen 10TH sẽ là sự lựa chọn tuyệt vời, mang đến sự kết hợp hoàn hảo giữa thiết kế sang trọng, tính năng tiện lợi và hiệu suất vượt trội. • Với vỏ ngoài bọc vải cao cấp, bàn phím dành cho tablet này không chỉ mang lại cảm giác cầm nắm êm ái, mà còn tăng thêm sự sang trọng cho thiết bị của bạn. Thiết kế mỏng nhẹ giúp bạn dễ dàng mang theo bất cứ đâu mà không gây cồng kềnh. • Bàn phím iPad này được thiết kế với sự tinh tế và chắc chắn, phù hợp hoàn hảo với iPad thế hệ thứ 10, đảm bảo mọi tính năng và ứng dụng đều hoạt động mượt mà. • Một trong những tính năng nổi bật của Combo Touch Gen 10TH là bàn phím có đèn nền, cho phép bạn làm việc hiệu quả ngay cả trong điều kiện ánh sáng yếu. Xem thêm"
bao-da-kem-ban-phim-ipad-esr-rebound-magnetic-360-air-13-2024,Bao Da Kèm Bàn Phím iPad ESR Rebound Magnetic 360 Air 13 2024,"Nếu bạn đang tìm kiếm một phụ kiện không chỉ bảo vệ chiếc iPad Air 13 inch mà còn giúp nâng cao hiệu suất làm việc, Bao Da Kèm Bàn Phím ESR Rebound Magnetic 360 Air 13 2024 chắc chắn sẽ làm bạn hài lòng. Với thiết kế thông minh, tích hợp nhiều tính năng hữu ích và sự tiện dụng tuyệt đối, sản phẩm này là một lựa chọn lý tưởng để biến iPad của bạn thành một chiếc laptop di động mạnh mẽ. Khả năng tương thích hoàn hảo cho iPad Air 13 inch 2024 Với ESR Rebound Magnetic 360 Air 13, bạn hoàn toàn yên tâm bởi sản phẩm này được thiết kế đặc biệt dành riêng cho iPad Air 13 inch 2024. Không cần lo lắng về kích thước không phù hợp hay cổng kết nối khó truy cập, bao da này vừa vặn hoàn hảo, đảm bảo thiết bị của bạn luôn được bảo vệ tối đa mà vẫn giữ nguyên hiệu năng sử dụng. Xem thêm"
ban-phim-co-day-gaming-rapoo-v50s,Bàn Phím Có Dây Gaming Rapoo V50S,"Bàn Phím Có Dây Gaming Rapoo V50S sở hữu ngoại hình đẹp mắt, hệ thống đèn LED RGB độc đáo, kích thước gọn gàng phù hợp với mọi không gian bàn làm việc hay bàn học. • Bàn phím giả cơ full size với 104 phím cho phép bạn có thể sử dụng phím bấm đảm bảo tính chính xác cho việc nhập liệu cũng như chơi game. • Kích thước bàn phím Rapoo mỏng nhẹ, dễ dàng mang theo bất cứ đâu hay bỏ vào balo. • Bàn phím có dây được trang bị thêm hệ thống đèn LED RGB đa sắc màu hoạt động ở chế độ cầu vồng, làm đẹp cho không gian chơi game. • Kết nối bàn phím gaming với các laptop, PC sử dụng hệ điều hành Windows thông qua dây cắm USB dài 1 m. Xem thêm"
ban-phim-co-co-day-dareu-ek87-v2,Bàn Phím Cơ Có Dây DareU EK87 V2,Không có mô tả
ban-phim-co-co-day-rapoo-v500-pro-98,Bàn Phím Cơ Có Dây Rapoo V500 Pro 98,"Bàn phím cơ có dây Rapoo V500 Pro 98 là sự kết hợp hoàn hảo giữa hiệu suất mạnh mẽ và thiết kế hiện đại, mang đến trải nghiệm gõ phím mượt mà, chính xác. Với bố cục 98 phím tối ưu, thiết kế chắc chắn, cùng hệ thống switch nhạy bén. Thiết kế nhỏ gọn đẹp mắt Bàn phím Rapoo sở hữu thiết kế nhỏ gọn nhưng vẫn đảm bảo đầy đủ tính năng với bố cục 98 phím tiện lợi. Khung bàn phím được gia công chắc chắn, mang lại độ bền cao và cảm giác cầm nắm đầm tay. Xem thêm"
magic-keybroad-cho-ipad-pro-m4-13-inch,Magic Keyboard cho iPad Pro M4 13 inch,"Nếu bạn đang sở hữu iPad Pro M4 13 inch và muốn nâng cao hiệu suất làm việc cũng như trải nghiệm gõ phím, Magic Keyboard cho iPad Pro M4 13 inch chính là phụ kiện không thể thiếu. Được thiết kế mới để mang đến trải nghiệm gõ phím thoải mái, nhanh nhạy, cùng với nhiều tính năng hiện đại như bàn di chuột tích hợp, đèn nền, và khả năng điều chỉnh góc mượt mà, Magic Keyboard thực sự mở ra những cách thức làm việc mới mẻ và tối ưu. Thiết kế gọn nhẹ, ưu tiên sự thoải mái Magic Keyboard được thiết kế đặc biệt để tương thích hoàn hảo với iPad Pro M4 13 inch, đảm bảo mọi tính năng và kết nối đều hoạt động mượt mà và chính xác. Sự kết hợp này mang lại trải nghiệm tối ưu nhất, giúp bạn biến iPad thành một công cụ làm việc và giải trí đa năng hơn bao giờ hết. Xem thêm"
magic-keyboard-cho-ipad-pro-m4-11-inch,Magic Keyboard cho iPad Pro M4 11 inch,"Với Magic Keyboard cho iPad Pro M4 11 inch bạn sẽ có ngay một chiếc máy tính xách tay mạnh mẽ và linh hoạt. Bàn phím này không chỉ mang đến trải nghiệm gõ phím tuyệt vời mà còn giúp bạn nâng cao hiệu suất làm việc. Thiết kế đẹp mắt và chất liệu cao cấp của bàn phím sẽ làm hài lòng ngay cả những người dùng khó tính nhất. • Với thiết kế siêu mỏng và nhẹ, Magic Keyboard là người bạn đồng hành hoàn hảo cho những chuyến đi. Bạn có thể dễ dàng bỏ nó vào túi xách hoặc balo mà không cảm thấy vướng víu. Màu sắc trang nhã của bàn phím cũng giúp nó trở nên nổi bật và phù hợp với mọi phong cách. • Với khả năng phản hồi nhanh chóng và chính xác, Magic Keyboard đáp ứng mọi nhu cầu sử dụng của bạn, từ những tác vụ văn phòng đòi hỏi sự chính xác cao cho đến những giờ phút giải trí thư giãn. Bất kể bạn đang soạn thảo văn bản, lướt web hay chơi game, Magic Keyboard đều mang đến trải nghiệm nhập liệu mượt mà và thoải mái. Xem thêm"
ban-phim-apple-magic-keyboard-usb-c-mxcl3,Bàn Phím Apple Magic Keyboard USB C MXCL3,"Khi nhắc đến bàn phím dành cho hệ sinh thái Apple, Magic Keyboard USB-C MXCL3 luôn là sự lựa chọn hàng đầu với trải nghiệm gõ phím vượt trội, thiết kế sang trọng và tích hợp công nghệ tiên tiến. Sản phẩm này không chỉ đáp ứng nhu cầu làm việc chuyên nghiệp mà còn mang đến sự tiện lợi tối ưu trong quá trình sử dụng. • Magic Keyboard USB-C MXCL3 mang lại cảm giác gõ phím êm ái, chính xác, giúp bạn làm việc trong thời gian dài mà không bị mỏi tay. Các phím bấm được tối ưu hóa với độ nảy vừa phải, đảm bảo phản hồi nhanh nhạy, giúp bạn nhập liệu chính xác và thoải mái. • Khoảng cách giữa các phím được bố trí thông minh, hạn chế tối đa tình trạng bấm nhầm, ngay cả khi bạn làm việc tốc độ cao. Dù bạn là nhà thiết kế, lập trình viên hay nhân viên văn phòng, Magic Keyboard luôn đáp ứng tốt các nhu cầu sử dụng từ cơ bản đến nâng cao, mang lại hiệu suất làm việc tối ưu. Xem thêm"
magic-keyboard-folio-for-ipad,Bao Da Bàn Phím Magic Keyboard US iPad Gen 10/iPad A16 Apple MQDP3,"Bao da bàn phím Smart Keyboard US iPad Gen 10/iPad A16 Apple MQDP3 thiết kế gọn đẹp, vừa vặn, ôm khít iPad. • Bao da tối ưu kích thước và khối lượng giúp bao da mỏng nhẹ, dễ dàng mang theo. • Vừa làm bàn phím hỗ trợ các tác vụ soạn thảo và di Trackpad nhanh nhạy, vừa làm lớp vỏ, bảo vệ hiệu quả iPad. • Dính hút chắc chắn nhờ từ tính được trang bị sẵn, linh hoạt lắp vào và mở ra. • Sản phẩm chính hãng Apple, chuyên dụng cho chiếc iPad Gen 10. • Tương thích: iPad Gen 10, iPad 11 (A16). Xem thêm"
bao-da-kem-ban-phim-ipad-esr-magnetic-rebound-360-air-11-2024,Bao Da Kèm Bàn Phím iPad ESR Magnetic Rebound 360 Air 11 2024,"Bao Da Kèm Bàn Phím iPad ESR Magnetic Rebound 360 Air 11 2024 được thiết kế thông minh với tính năng tiện lợi và khả năng chuyển đổi linh hoạt, không chỉ giúp bảo vệ iPad của bạn mà còn biến nó thành một thiết bị làm việc chuyên nghiệp và mạnh mẽ. Làm việc mọi lúc, mọi nơi Với khả năng chuyển đổi iPad của bạn thành một cỗ máy năng suất chỉ trong tích tắc, ESR Magnetic Rebound 360 phù hợp cho những ai thường xuyên phải di chuyển và cần hoàn thành công việc ở bất kỳ đâu. Cho dù bạn đang làm việc tại văn phòng, quán cà phê, hay thậm chí trên đường, bạn đều có thể thoải mái xử lý công việc một cách hiệu quả mà không gặp bất kỳ trở ngại nào. Xem thêm"
ban-phim-apple-magic-keyboard-usb-c-touch-id-co-phim-so,Bàn Phím Apple Magic Keyboard USB C Touch ID có phím số,"Bàn phím Apple Magic Keyboard USB-C Touch ID có phím số là một sản phẩm đột phá, kết hợp giữa thiết kế tinh tế, tính năng bảo mật cao và hiệu suất vượt trội, mang đến trải nghiệm gõ phím thoải mái và hiện đại. Thiết kế sang trọng, bố cục mở rộng tối ưu Magic Keyboard USB-C Touch ID có thiết kế mỏng nhẹ và hiện đại, phù hợp với không gian làm việc chuyên nghiệp. Bố cục mở rộng của bàn phím được thiết kế thông minh với các phím điều hướng tài liệu, giúp bạn cuộn nhanh khi đọc văn bản hay thao tác với các tệp dữ liệu lớn. Ngoài ra, các phím mũi tên kích thước chuẩn mang lại sự tiện lợi khi chơi game hoặc làm việc với các ứng dụng cần độ chính xác cao. Xem thêm"
ban-phim-tablet-xiaomi-pad-7-7-pro,Bàn Phím Tablet Xiaomi Pad 7 / 7 Pro,Không có mô tả
bo-ban-phim-chuot-bluetooth-logitech-pop-icon,Bộ Bàn Phím Chuột Bluetooth Logitech Pop Icon,"Bộ Bàn Phím Chuột Bluetooth Logitech POP Icon không chỉ đáp ứng nhu cầu làm việc mà còn thể hiện phong cách cá nhân độc đáo. Với thiết kế trẻ trung, màu sắc bắt mắt và tính năng hiện đại, sản phẩm này sẽ mang đến trải nghiệm sử dụng tuyệt vời, đồng thời làm nổi bật không gian làm việc của bạn. Thiết kế thời trang Logitech POP Icon là sự kết hợp hoàn hảo giữa kiểu dáng hiện đại và tinh thần sáng tạo. Bộ bàn phím và chuột được thiết kế với các đường nét uốn lượn mềm mại, tạo cảm giác thoải mái khi sử dụng. Xem thêm"
ban-phim-co-co-day-gaming-asus-ra07-tuf-k3-gen-ii,Bàn Phím Cơ Có Dây Gaming Asus RA07 TUF K3 GEN II,"Bàn phím Cơ Có Dây Gaming Asus RA07 TUF K3 GEN II là một sản phẩm chất lượng được thiết kế đặc biệt cho các game thủ chuyên nghiệp. Với thiết kế đẹp mắt được trang bị các switch chất lượng cao, mang đến trải nghiệm gõ phím mượt mà và chính xác. • Thiết kế bàn phím nổi bật với vẻ ngoài cứng cáp và mạnh mẽ, đúng với tinh thần của dòng sản phẩm TUF. Khoảng cách giữa các phím được sắp xếp một cách hợp lý mang đến sự thoải mái và chính xác khi gõ. Khoảng cách phím hợp lý giúp giảm thiểu tình trạng nhấn nhầm phím, đồng thời cải thiện tốc độ và hiệu suất gõ. • Với kích thước vừa phải khoảng 38.5 cm bàn phím sẽ đặt vừa vặn trong mọi không gian và dễ dàng bỏ vào túi xách khi di chuyển. Khối lượng 1008g của bàn phím giúp đảm bảo độ ổn định khi sử dụng, ngăn chặn tình trạng xê dịch khi gõ phím mạnh. Xem thêm"
phim-magic-touch-id-numeric-keypad-apple-mk2c3,Bàn phím Apple Magic Keyboard với Touch ID và Numeric Keypad,"Bàn phím Magic Keyboard với Touch ID và Numeric Keypad Apple cho thiết kế mỏng nhẹ, phản hồi nhanh chóng, điều khiển dễ dàng,... • Bàn phím Apple này nổi bật với cảm biến vân tay Touch ID hiện đại, mở khoá, mở ứng dụng nhanh chóng, tiện lợi. • Bố cục mở rộng, các phím mũi tên đầy đủ, cảm giác khi đánh máy cực kỳ thoải mái và phản hồi nhanh, chính xác, rất phù hợp để chơi game. • Bàn phím trang bị thêm phần Numpad hỗ trợ tối đa khi bạn phải thao tác nhập liệu thường xuyên. • Pin dùng trong khoảng một tháng và có thể sạc lại. • Tương thích: macOS 11.4 trở lên, MacBook Air (M1, 2020), MacBook Pro (13-inch, M1, 2020), iMac (24-inch, M1, 2021), Mac mini (M1, 2020). Xem thêm"
ban-phim-co-day-gaming-corsair-k55-core-rgb,Bàn Phím Có Dây Gaming Corsair K55 CORE RGB,"Khởi đầu chuỗi chiến thắng của bạn ngay bây giờ với bàn phím có dây gaming Corsair K55 CORE RGB. Sản phẩm này là sự kết hợp hoàn hảo giữa hiệu suất và phong cách. Với hệ thống đèn RGB sống động, mỗi lần chơi game của bạn không chỉ được cải thiện về mặt chức năng mà còn nổi bật với ánh sáng rực rỡ, mang đến mọi điều cần thiết để bạn có một trải nghiệm tuyệt vời. • Corsair K55 CORE RGB là một bàn phím Full size, sở hữu 114 phím bố trí hợp lý. Thiết kế này không chỉ đảm bảo đầy đủ các phím chức năng cần thiết mà còn mang đến không gian làm việc rộng rãi, tối ưu hóa trải nghiệm gõ, cho phép người dùng thực hiện các thao tác một cách thoải mái và chính xác nhất. • Bàn phím gaming có dây này nổi bật với hệ thống đèn nền RGB, cho phép tùy chỉnh chế độ để chiếu sáng với những hiệu ứng ánh sáng mê hoặc. Mỗi vùng ánh sáng có thể được cá nhân hóa, tạo nên một không gian gaming ấn tượng và độc đáo. Sự kết hợp giữa hiệu ứng ánh sáng đa dạng và thiết kế tinh tế mang đến không chỉ sự thẩm mỹ mà còn sự hứng khởi trong từng pha chơi game. Xem thêm"
ban-phim-co-khong-day-akko-3108-rf-dragon-ball-z-cream-blue?utm_flashsale=1,Bàn Phím Cơ Không Dây Akko 3108 RF Dragon Ball Z Cream Blue,"Nếu bạn là người hâm mộ Dragon Ball Z, đặc biệt yêu thích Goku, thì bàn phím cơ không dây Akko 3108 RF Dragon Ball Z Cream Blue chắc chắn sẽ khiến bạn hài lòng ngay từ cái nhìn đầu tiên. Không chỉ gây ấn tượng với thiết kế đậm chất Goku, bàn phím còn mang lại trải nghiệm gõ phím mượt mà, êm ái nhờ switch Cream Blue và hệ thống foam tiêu âm. Thiết kế độc đáo lấy cảm hứng từ Goku Lấy cảm hứng từ nhân vật Goku huyền thoại trong Dragon Ball Z, Akko đã tạo nên một chiếc bàn phím với màu sắc đậm chất chiến binh Saiyan. Sự kết hợp giữa cam và vàng không chỉ đẹp mắt mà còn thể hiện rõ tinh thần mạnh mẽ, sôi động của Goku. Xem thêm"
ban-phim-co-bluetooth-dareu-ek75-pro,Bàn Phím Cơ Bluetooth DareU EK75 Pro,"Bàn Phím Cơ Bluetooth Dareu EK75 Pro sở hữu đầy đủ đặc điểm cần có của một mẫu bàn phím cơ cao cấp, đèn LED RGB đa sắc màu giúp không gian làm việc/giải trí nổi bật trong màn đêm, trang bị switch độc quyền cho hành trình phím sâu, không chiếm quá nhiều diện tích trên bàn làm việc hay balo. • Bàn phím với thiết kế bố cục 75% đem đến diện mạo nhỏ gọn, tiết kiệm không gian, sử dụng gam màu sang trọng, nâng cấp góc làm việc của bạn. • Bàn phím Dareu có 12 chế độ đèn nền cùng với 5 chế độ chiếu sáng trên dải đèn bên để người dùng thoải mái lựa chọn, độ sáng và tốc độ chiếu khác nhau mang đến cho game thủ không gian chơi game hoàn hảo. Xem thêm"
magic-keybroad-cho-ipad-air-m2-13-inch,Magic Keyboard cho iPad Air M2 13 inch,"Magic Keyboard cho iPad Air M2 13 inch không chỉ là một chiếc bàn phím thông thường mà còn là người bạn đồng hành tuyệt vời, giúp bạn biến chiếc iPad của mình thành một chiếc laptop mạnh mẽ, linh hoạt, hỗ trợ tối đa cho công việc và giải trí. Thiết kế tinh tế, sang trọng Magic Keyboard được Apple thiết kế với phong cách tối giản nhưng vẫn giữ được sự sang trọng và hiện đại. Chất liệu cao cấp giúp sản phẩm không chỉ bền bỉ mà còn mang đến cảm giác cầm nắm thoải mái khi sử dụng. Xem thêm"
ban-phim-ipad-pro-logitech-combo-touch-11inch-m4,Bàn Phím iPad Pro Logitech Combo Touch 11 inch M4,"Bàn Phím iPad Pro Logitech Combo Touch 11 inch M4 là một phụ kiện hoàn hảo để nâng cao trải nghiệm sử dụng iPad của bạn. Với thiết kế tinh tế, nhiều tính năng đa dạng, bàn phím hỗ trợ đèn nền, bàn di chuột tích hợp, khả năng kết nối dễ dàng,... giúp bạn làm việc hiệu quả hơn ở bất cứ đâu. • Được chế tác tinh xảo từ chất liệu cao cấp, ốp lưng không chỉ là một phụ kiện thời trang mà còn là chiếc áo giáp bảo vệ iPad Pro khỏi những va chạm không mong muốn, giữ cho thiết bị luôn như mới. • Nhờ kích thước mỏng nhẹ, bàn phím Logitech như một người bạn đồng hành không thể thiếu, dễ dàng mang theo bên mình mọi lúc mọi nơi, giúp bạn làm việc hiệu quả ngay cả khi đang di chuyển. • Hành trình phím hợp lý và phản hồi nhanh nhạy giúp bạn gõ chính xác từng phím chữ, nâng cao hiệu quả công việc và giảm thiểu lỗi sai. Xem thêm"
ban-phim-co-bluetooth-akko-5075b-plus-horizon?utm_flashsale=1,Bàn Phím Cơ Bluetooth Akko 5075B Plus Horizon,"Bàn phím cơ Bluetooth Akko 5075B Plus Horizon sở hữu thiết kế tinh tế, hiện đại, kết hợp cùng các tính năng kết nối và hiệu suất gõ phím vượt trội. Chiếc bàn phím này hứa hẹn sẽ là một lựa chọn lý tưởng cho những ai đang tìm kiếm một sản phẩm vừa đáp ứng nhu cầu làm việc, học tập, vừa thể hiện phong cách cá nhân. Thiết kế nhỏ gọn với Layout 75% Bàn phím Akko chinh phục người dùng ngay từ cái nhìn đầu tiên với thiết kế layout 75% nhỏ gọn, vừa vặn hoàn hảo cho những ai yêu thích sự tiện lợi nhưng vẫn muốn giữ trọn vẹn trải nghiệm gõ phím đầy đủ. Với kích thước tinh tế, bàn phím mang lại sự thoải mái tối đa, không chỉ tiết kiệm không gian trên bàn làm việc mà còn dễ dàng mang theo khi cần di chuyển. Xem thêm"
ban-phim-apple-magic-keyboard-usb-c-touch-id-mxck3,Bàn phím Apple Magic Keyboard USB C Touch ID MXCK3,"Apple Magic Keyboard USB-C Touch ID MXCK3 là một trong những sản phẩm nổi bật trong dòng phụ kiện của Apple. Với cấu trúc mỏng nhẹ, bàn phím này giúp bạn có một trải nghiệm gõ phím thoải mái, tích hợp công nghệ Touch ID tiên tiến, cho phép mở khóa máy nhanh chóng và bảo mật cao. Apple Magic Keyboard USB-C Touch ID hứa hẹn sẽ nâng cao hiệu suất và mang lại sự tiện lợi tối đa cho người dùng. Thiết kế mỏng nhẹ gọn gàng Với thiết kế tối giản và thanh lịch đặc trưng của Apple, bàn phím Apple gây ấn tượng mạnh ngay từ cái nhìn đầu tiên. Thân bàn phím mỏng và nhẹ, làm từ chất liệu cao cấp, mang lại cảm giác sang trọng và chắc chắn. Đồng thời với thiết kế này bạn dễ dàng di chuyển và đặt gọn gàng trên bàn làm việc. Xem thêm"
ban-phim-tablet-xiaomi-pad-7-7-pro-focus,Bàn Phím Tablet Xiaomi Pad 7 / 7 Pro Focus,Không có mô tả
bo-ban-phim-chuot-bluetooth-logitech-signature-slim-mk950,Bộ Bàn Phím Chuột Bluetooth Logitech Signature Slim MK950,Không có mô tả
ban-phim-co-co-day-logitech-g512-carbon-mechanical,Bàn Phím Cơ Có Dây Logitech G512 Carbon Mechanical,Không có mô tả
ban-phim-co-co-day-logitech-g413-tkl-se,Bàn Phím Cơ Có Dây Logitech G413 TKL SE,Không có mô tả
ban-phim-co-bluetooth-logitech-g515,Bàn Phím Cơ Bluetooth Logitech G515,Không có mô tả
co-day-gaming-razer-huntsman-tournament-edition,Bàn Phím Cơ Có Dây Gaming Razer Huntsman Tournament Edition,"Bàn phím tenkeyless 87 phím cơ bản, thiết kế bắt mắt theo phong cách gaming Razer Huntsman Tournament Edition lược bỏ vùng phím số cho kích thước bàn phím gọn gàng, dễ dàng bố trí cho mọi không gian làm việc. Thiết kế bàn phím theo phong cách gaming cá tính, nổi bật, đẹp mắt, tô điểm cho bàn làm việc. Keycap bền cứng từ chất liệu PBT cứng hơn so với ABS và PVC, khả năng chống mài mòn tốt, chống phai mờ ký tự in, sử dụng bền bỉ. Xem thêm"
ban-phim-bluetooth-logitech-key-to-go-2,Bàn Phím Bluetooth Logitech Keys-To-Go 2,"Bàn Phím Bluetooth Logitech Keys-To-Go 2 là một lựa chọn hoàn hảo cho những ai đang tìm kiếm một bàn phím Bluetooth di động, nhỏ gọn và tiện lợi. Với thiết kế đẹp mắt, khả năng kết nối đa dạng,... bàn phím này sẽ làm hài lòng ngay cả những người dùng khó tính nhất. • Logitech Keys-To-Go 2 là loại bàn phím Bluetooth siêu mỏng nhẹ với khối lượng chỉ 222 gram, được thiết kế đặc biệt để bạn có thể mang theo mọi lúc mọi nơi, phù hợp để sử dụng với các thiết bị di động như smartphone, máy tính bảng, laptop,... • Nắp che thông minh bảo vệ bàn phím Logitech Keys-To-Go 2 khỏi các tác động từ bên ngoài như va chạm, bụi bẩn,... giúp bạn yên tâm mang theo. • Cấu hình phím thấp và khoảng cách phím hoàn hảo của Keys-To-Go 2 giúp bạn giảm thiểu mỏi tay khi gõ trong thời gian dài, mang đến hiệu quả làm việc cao hơn. Xem thêm"
ban-phim-co-day-gaming-corsair-k70-core-blk-crsr-mx-rgb,Bàn Phím Cơ Có Dây Gaming Corsair K70 CORE-BLK-CRSR MX-RGB,"Bàn Phím Cơ Có Dây Gaming Corsair K70 CORE-BLK-CRSR MX-RGB mang đến trải nghiệm chuyên nghiệp với phím nhấn làm từ ABS bền bỉ, chân đế có thể gập lên tùy chỉnh góc nghiêng, đồng thời có núm xoay điều chỉnh tiện lợi cho việc điều chỉnh âm lượng hay các chức năng khác. Đây là lựa chọn tối ưu cho game thủ tìm kiếm sự chính xác và độ tin cậy cao. • Được thiết kế để đáp ứng nhu cầu của cả game thủ chuyên nghiệp và người dùng văn phòng, Corsair K70 là một công cụ làm việc hiệu quả. Sở hữu switch Corsair MLX Red tuyến tính, được bôi trơn sẵn, bàn phím này đảm bảo độ nhạy và khả năng phản hồi nhanh chóng. Bên trong thiết bị cũng được trang bị cấu trúc foam kép, giúp giảm thiểu đáng kể tiếng vang và cộng hưởng, mang đến âm thanh gõ phím trầm ấm, dễ chịu. Xem thêm"
ban-phim-co-day-gaming-corsair-k70-pro-blk-mx-red-rgb,Bàn Phím Cơ Có Dây Gaming Corsair K70 PRO BLK-MX Red-RGB,"Bàn phím cơ có dây gaming Corsair K70 PRO BLK-MX Red-RGB kết hợp hoàn hảo giữa hiệu suất cao và thiết kế tinh tế. Trang bị các switch Cherry MX Red, phím bấm mang lại cảm giác nhẹ nhàng và phản hồi nhanh, lý tưởng cho cả những phiên game căng thẳng lẫn công việc lâu dài. Khung nhôm chắc chắn kết hợp với hệ thống đèn RGB tùy chỉnh không chỉ tạo nên một vẻ ngoài nổi bật mà còn phản ánh cá tính của người dùng. • Với công nghệ xử lý tín hiệu tiên tiến, mỗi lần nhấn phím trên K70 PRO trở thành một lệnh được thực thi tức thì, xóa nhòa khoảng cách giữa suy nghĩ và hành động của game thủ. Tốc độ phản hồi vượt trội, kết hợp với độ chính xác tuyệt đối, mang đến trải nghiệm chơi game mượt mà, trôi chảy và đầy phấn khích cho người dùng. Xem thêm"
ban-phim-co-bluetooth-akko-monsgeek-mg108b-bun-wonderland,Bàn Phím Cơ Bluetooth Akko MonsGeek MG108B Bun Wonderland,"Bàn phím cơ Bluetooth Akko MonsGeek MG108B Bun Wonderland mang đến một sự kết hợp thú vị giữa thiết kế dễ thương và hiệu năng mạnh mẽ. Lấy cảm hứng từ những chiếc bánh ngọt tròn vừa chín tới, bàn phím sở hữu gam màu cam, nâu và vàng nhẹ nhàng, tạo nên vẻ ngoài đáng yêu và thu hút ánh nhìn ngay từ cái nhìn đầu tiên. Vẻ ngoài hút mắt, bố trí sinh động Bàn phím sở hữu thiết kế fullsize đẹp mắt, cùng bộ keycaps bo cong được trang trí bằng những hình ảnh minh họa đáng yêu, tất cả sẽ mang đến cảm giác vui tươi, thân thiện khi bạn sử dụng. Với khối lượng 1.18 kg, thiết bị này đáp ứng đủ sự chắc chắn để không bị xê dịch khi sử dụng, đồng thời đủ gọn nhẹ để mang theo khi cần thiết. Xem thêm"
ban-phim-co-khong-day-akko-3087-rf-dragon-ball-z-goku-cream-yellow?utm_flashsale=1,Bàn Phím Cơ Không Dây Akko 3087 RF Dragon Ball Z - Goku Cream Yellow,"Lấy cảm hứng từ bộ anime huyền thoại Dragon Ball Z, bàn phím cơ không dây Akko 3087 RF Dragon Ball Z - Goku Cream Yellow mang đến một thiết kế ấn tượng với tông màu vàng cam nổi bật, kết hợp cùng các chi tiết mang đậm phong cách của nhân vật Goku. Không chỉ gây ấn tượng về mặt thẩm mỹ, sản phẩm còn sở hữu chất lượng gia công tinh tế, phím bấm chắc chắn và trải nghiệm gõ mượt mà, phù hợp cho cả game thủ lẫn người dùng văn phòng. Vẻ ngoài đẹp mắt thu hút người nhìn Bàn phím Akko này sở hữu thiết kế tenkeyless (TKL) gọn gàng, mang lại sự cân đối giữa tính thẩm mỹ và tính thực tiễn đồng thời lối thiết kế này giúp bạn dễ chơi keycap. Lấy cảm hứng từ nhân vật Goku, bàn phím khoác lên mình tông màu cam chủ đạo, kết hợp với các chi tiết xanh và vàng đặc trưng, gợi lên hình ảnh chiến binh Saiyan huyền thoại. Xem thêm"
bluetooth-microsoft-qsz-00017-den,Bàn Phím Bluetooth Microsoft QSZ-00017,"Thiết kế không dây, kiểu dáng hình chữ nhật đơn giản Bàn phím Bluetooth Microsoft QSZ-00017 đen có các góc cạnh được làm bo tròn cho thiết kế gọn đẹp, mềm mại, sắc đen thanh lịch, dễ dàng sắp đặt trên bàn làm việc, kệ tủ hay thậm chí là đặt trên chân bạn để sử dụng tiện lợi. Các phím bấm được in rõ ký hiệu đảm bảo người dùng thao tác và gõ chính xác, chắc chắn. Xem thêm"
ban-phim-co-co-day-gaming-hp-hyperx-alloy-origins-core-4p5p1aa,Bàn Phím Cơ Có Dây Gaming HP HyperX Alloy Origins Core 4P5P1AA,"Bàn Phím Cơ Có Dây Gaming HP HyperX Alloy Origins Core 4P5P1AA sở hữu thiết kế tenkeyless tinh gọn và switch HyperX tùy chỉnh, đây không chỉ là một công cụ làm việc hiệu quả mà còn là người bạn đồng hành lý tưởng cho các game thủ, đồng hành chinh phục mọi thử thách trong game. • Với lớp vỏ chắc chắn, bàn phím HP HyperX mang đến một cấu trúc bàn phím bền bỉ, vững chắc, sẵn sàng đồng hành cùng bạn trong mọi cuộc chiến. • Thiết kế tenkeyless gọn gàng giúp bạn có thêm không gian để đặt các thiết bị ngoại vi, tối ưu hóa không gian của mình. • Sự cân bằng hoàn hảo giữa độ phản hồi và độ chính xác của công tắc phím tạo nên trải nghiệm gõ phím tuyệt vời, đáp ứng mọi nhu cầu của người dùng, từ văn phòng đến gaming. Xem thêm"
ban-phim-co-day-gaming-corsair-k100-blk-opx-rf-rgb,Bàn Phím Cơ Có Dây Gaming Corsair K100 BLK-OPX RF-RGB,"Nếu bạn đang tìm kiếm một bàn phím chơi game cao cấp với những công nghệ hàng đầu để nâng cao trải nghiệm chơi game, thì Corsair K100 BLK-OPX RF-RGB chắc chắn là sự lựa chọn không thể bỏ qua. Với thiết kế hiện đại, công nghệ tiên tiến và các tính năng hỗ trợ chuyên sâu, Corsair K100 không chỉ đáp ứng mà còn vượt qua mong đợi của các game thủ chuyên nghiệp. Thiết kế tinh tế, đẳng cấp với đèn RGB rực rỡ Corsair K100 BLK-OPX RF-RGB gây ấn tượng ngay từ cái nhìn đầu tiên với thiết kế tinh tế và cao cấp. Khung bàn phím gaming này được làm từ nhôm bền bỉ, mang lại cảm giác chắc chắn và sang trọng, đồng thời đảm bảo độ bền lâu dài ngay cả khi sử dụng trong điều kiện khắc nghiệt. Xem thêm"
ban-phim-co-bluetooth-gaming-corsair-k65-csr-red-blk-grey,Bàn Phím Cơ Bluetooth Gaming Corsair K65 CSR RED-BLK-GREY,"Nếu bạn đang tìm kiếm một bàn phím cơ vừa đẹp mắt vừa bền bỉ, thì bàn phím cơ Bluetooth Gaming Corsair K65 CSR RED-BLK-GREY sẽ là một lựa chọn đáng cân nhắc. Thiết kế tinh tế, kết nối Bluetooth linh hoạt và trải nghiệm gõ phím tuyệt vời là những điểm nổi bật của sản phẩm này. • Về mặt thiết kế, bàn phím Gaming này thực sự nổi bật với vẻ ngoài tinh tế và hiện đại. Thiết kế tối giản của sản phẩm vừa làm tăng vẻ sang trọng cho không gian làm việc vừa giúp tiết kiệm diện tích bàn mà không làm giảm chức năng. Kích thước nhỏ gọn của bàn phím là một điểm cộng đáng kể, giúp tối ưu hóa không gian làm việc mà vẫn đảm bảo hiệu suất tuyệt vời, đáp ứng mọi không gian sử dụng và yêu cầu của người dùng, từ công việc văn phòng đến các trận game căng thẳng. • Corsair K65 CSR RED-BLK-GREY, với thiết kế 75% gọn gàng, mang đến trải nghiệm gõ phím mượt mà bất ngờ nhờ công tắc tuyến tính đã được bôi trơn sẵn. Khả năng tùy chỉnh cao với các nút hot-swap cho phép người dùng thoải mái điều chỉnh theo sở thích cá nhân. Hai lớp giảm âm được tích hợp bên trong bàn phím, không chỉ giảm thiểu tiếng ồn mà còn mang đến cảm giác gõ êm ái, lý tưởng cho cả công việc và giải trí. Đem đến lựa chọn hoàn hảo cho những ai ưu tiên sự chính xác, tốc độ và sự yên tĩnh trong từng thao tác. Xem thêm"
ban-phim-co-bluetooth-akko-mod007b-he-pc-joy-of-life?utm_flashsale=1,Bàn Phím Cơ Bluetooth Akko MOD007B-HE PC Joy of Life,"Bàn phím cơ Bluetooth Akko MOD007B-HE PC Joy of Life là một lựa chọn hoàn hảo cho những ai yêu thích sự kết hợp giữa thiết kế tinh tế và hiệu suất mạnh mẽ. Với gam màu xanh cổ điển, lấy cảm hứng từ bộ phim ""Khánh Dư Niên"", sản phẩm mang đến vẻ đẹp vừa hoài cổ vừa hiện đại. Hiệu suất tốt, phản hồi nhanh với switch từ tính Một trong những điểm nổi bật nhất của bàn phím gaming này chính là sử dụng Akko Cream Yellow Magnetic Switch. Đây là loại switch áp dụng nguyên lý điện từ với cảm biến hiệu ứng Hall, cho phép người dùng điều chỉnh độ nhạy phím với sai số chỉ 0.1 mm, hỗ trợ các thao tác nhấn của người dùng trở nên chính xác hơn. Xem thêm"
ban-phim-co-khong-day-akko-3108-rf-dragon-ball-z-goku-cream-yellow?utm_flashsale=1,Bàn Phím Cơ Không Dây Akko 3108 RF Dragon Ball Z - Goku Cream Yellow,"Nếu bạn là một fan cứng của Dragon Ball Z, đặc biệt là nhân vật Goku, thì bàn phím cơ không dây Akko 3108 RF Dragon Ball Z - Goku Cream Yellow chắc chắn sẽ làm bạn thích thú ngay từ cái nhìn đầu tiên. Thiết kế đậm chất Dragon Ball Z – Goku Một trong những điểm nổi bật nhất của Akko 3108 RF Dragon Ball Z - Goku Cream Yellow chính là thiết kế đầy cảm hứng từ nhân vật Goku – biểu tượng huyền thoại trong thế giới Dragon Ball Z. Keycap màu cam – vàng đặc trưng, kết hợp với các họa tiết liên quan đến Goku, mang lại cảm giác mạnh mẽ, đầy nhiệt huyết cho góc làm việc và chơi game của bạn. Xem thêm"
ban-phim-co-bluetooth-asus-rog-azoth-wireless-mechanical-gaming-snow,Bàn Phím Cơ Bluetooth Asus ROG Azoth Wireless Mechanical Gaming Snow,Không có mô tả
ban-phim-co-bluetooth-asus-rog-strix-scope-ii-96-snow,Bàn Phím Cơ Bluetooth Asus ROG Strix Scope II 96 Snow,Không có mô tả
ban-phim-co-bluetooth-asus-rog-falchion-ace-hfx?utm_flashsale=1,Bàn phím Cơ Bluetooth Asus ROG Falchion Ace HFX,Không có mô tả
ban-phim-co-bluetooth-dareu-ek106-pro,Bàn Phím Cơ Bluetooth Dareu EK106 Pro,Không có mô tả
ban-phim-co-co-day-logitech-g413-se,Bàn Phím Cơ Có Dây Logitech G413 SE,Không có mô tả
repeater-mo-rong-song-wifi-chuan-n-xiaomi-pro-ce-r03-den,Repeater mở rộng sóng Wifi Chuẩn N Xiaomi Pro CE R03,"Repeater mở rộng sóng Wifi Chuẩn N Xiaomi Pro CE R03 có thiết kế nhỏ gọn, tốc độ truyền tải nhanh chóng, khả năng phủ sóng lên đến 25 m hỗ trợ tăng cường sóng Wifi ở những nơi có diện tích lớn, đảm bảo đây sẽ là thiết bị mạng cần thiết cho người dùng. • Trang bị băng tần mạng 2.4 GHz, phù hợp với hầu hết các thiết bị kết nối Wifi hiện nay. • Hỗ trợ tốc độ Wifi chuẩn N 300Mbps, cho phép truyền tải dữ liệu nhanh chóng và ổn định. • Repeater tích hợp 2 ăng ten, giúp tăng khả năng thu phát sóng Wifi ở các góc khác nhau. • Thiết bị mạng có thể kết nối với tối đa 64 thiết bị cùng lúc, không lo bị giảm tốc độ hoặc mất kết nối khi có nhiều người sử dụng. Xem thêm"
router-wifi-chuan-wifi-6-asus-ax1800hp-v2,Router Wifi Chuẩn Wifi 6 Asus AX1800HP V2,"Router WiFi Chuẩn WiFi 6 Asus AX1800HP V2 là lựa chọn lý tưởng giúp bạn tận hưởng trải nghiệm lướt web mượt mà với tốc độ nhanh chóng, bảo mật mạng cao cấp và kết nối đáng tin cậy cho mọi thiết bị. Tốc độ WiFi siêu tốc với công nghệ WiFi 6 Điểm nổi bật của thiết bị mạng Asus này là tốc độ WiFi siêu tốc nhờ hỗ trợ chuẩn WiFi 6 (802.11ax). Tốc độ mạng lên đến 574 Mbps trên băng tần 2.4GHz và 1201 Mbps trên băng tần 5GHz, đảm bảo mọi hoạt động trực tuyến như xem video HD, chơi game trực tuyến hoặc truyền tải dữ liệu đều diễn ra mượt mà mà không bị gián đoạn. Xem thêm"
usb-wifi-ac650-totolink-ac650ua,USB Wifi AC650 Totolink AC650UA,Không có mô tả
bo-phat-wifi-di-dong-4g-lte-wifi-6-ax300-totolink-m3l,Bộ phát Wifi di động 4G LTE Wifi 6 AX300 Totolink M3L,Không có mô tả
repeater-mo-rong-song-wifi-ac1200-tp-link-re315,Repeater mở rộng sóng Wifi AC1200 TP-Link RE315,Không có mô tả
bo-phat-wifi-di-dong-4g-lte-300mbps-mercusys-mb115-4g,Bộ phát Wifi di động 4G LTE 300Mbps Mercusys MB115-4G,Không có mô tả
router-wifi-chuan-n-mercusys-mw302r,Router Wifi Chuẩn N Mercusys MW302R,Không có mô tả
usb-wifi-300-mbps-tp-link-tl-wn823n-den,USB Wifi 300Mbps TP-Link TL-WN823N,"USB Wifi 300Mbps TP-Link TL-WN823N đen có thiết kế nhỏ bé mang đến vô vàn tiện lợi cho người dùng, khi dễ dàng mang theo đến nhiều nơi khác nhau, không chiếm quá nhiều không gian. Xem thêm"
bo-phat-wifi-di-dong-4g-lte-286mbps-tenda-4g180-v4,Bộ phát Wifi di động 4G LTE 286Mbps Tenda 4G180-V4,"Bộ phát Wifi di động 4G LTE Tenda 4G180-V4 chính là sự lựa chọn hoàn hảo với khả năng kết nối nhanh chóng, linh hoạt và bền bỉ. Với công nghệ Wifi 6 mới nhất, khả năng tương thích rộng rãi với nhiều nhà mạng và pin sử dụng liên tục đến 8.5 giờ, Tenda 4G180-V4 sẽ đáp ứng đầy đủ nhu cầu kết nối internet của bạn, dù ở bất kỳ đâu. Công nghệ Wifi 6: tốc độ Wifi nhanh hơn gấp 2 lần Bộ phát Wifi này được trang bị công nghệ Wifi 6 đạt tốc độ lên đến 286 Mbps, giúp bạn tận hưởng trải nghiệm Wifi mượt mà, ổn định và nhanh chóng hơn, từ việc lướt web, xem video trực tuyến đến chơi game và tham gia các cuộc họp trực tuyến. Dù đang di chuyển hay ở bất kỳ đâu, bạn vẫn có thể dễ dàng chia sẻ kết nối Wifi tốc độ cao với các thiết bị xung quanh. Xem thêm"
bo-phat-song-wifi-router-chuan-wifi-7-tp-link-archer-be230,Router Wifi Chuẩn Wifi 7 TP-Link Archer BE230,"Router Wifi TP-Link Archer BE230 là một trong những sản phẩm tiên phong của thế hệ Wifi 7, mang lại trải nghiệm internet tốc độ cao và ổn định hơn bao giờ hết. Với sự cải tiến mạnh mẽ về tốc độ truyền tải, khả năng phủ sóng, cũng như tính năng bảo mật tối ưu, Archer BE230 đáp ứng mọi nhu cầu từ giải trí, công việc cho đến học tập trực tuyến. Chuẩn Wifi 7 băng tần kép – tốc độ mạng đỉnh cao Với chuẩn Wifi 7 băng tần kép tiên tiến, thiết bị mạng TP-Link mang đến tốc độ mạng siêu nhanh, vượt xa các thế hệ trước. Bạn sẽ được trải nghiệm tốc độ mạng tối đa lên đến 3600 Mbps, bao gồm 5 GHz với 2882 Mbps và 2.4 GHz với 688 Mbps. Bạn có thể trải nghiệm phát trực tuyến nội dung 4K hoặc thậm chí 8K mượt mà, chơi game thực tế ảo (VR) và thực tế tăng cường (AR) đắm chìm mà không lo về độ trễ. Xem thêm"
usb-wifi-chuan-ac600-bluetooth-4-2-tp-link-archer-t2ub-nano,USB Wifi Chuẩn AC600 Bluetooth 4.2 TP-Link Archer T2UB Nano,"USB Wifi Chuẩn AC600 Bluetooth 4.2 TP-Link Archer T2UB Nano sở hữu kích thước nhỏ gọn, thiết kế tối giản, sản phẩm hỗ trợ kết nối Wifi khi thiết bị gặp sự cố với driver, tương thích với cổng USB trên các dòng máy tính Windows. • Kích thước nhỏ gọn chỉ bằng 1 chiếc đầu thu USB (trên chuột không dây) thông thường, nhờ vậy người dùng có thể thoải mái di chuyển laptop cả khi đang cắm USB mà không hề vướng víu, dễ dàng bỏ vào các ngăn nhỏ của balo hay túi xách mà không lo chiếm diện tích. • Tốc độ kết nối không dây của USB Wifi TP-Link đạt 200 Mbps trên băng tần 2.4 GHz và 433 Mbps trên băng tần 5 GHz, thu sóng ổn định giúp việc xem phim, lướt web hay chơi game đều vô cùng mượt mà. • Kết nối nhanh chóng với các máy tính Windows qua cổng USB, hỗ trợ từ Windows 7 trở lên. Xem thêm"
usb-wifi-ac650-mercusys-mu6h-den,USB Wifi AC650 Mercusys MU6H,"USB Wifi AC650 Mercusys MU6H đơn giản, nhỏ gọn, dễ dàng sử dụng, mang theo Sẽ thật đơn giản để bỏ gọn thiết bị vào balo, túi xách của bạn để mang theo và sử dụng ngay khi cần. Xem thêm"
repeater-mo-rong-song-wifi-xiaomi-mi-wifi-extender-ac1200,Repeater mở rộng sóng Wifi Xiaomi Mi Wifi Extender AC1200,"Repeater mở rộng sóng Wifi Xiaomi Mi Wifi Extender AC1200 sẽ là giải pháp hoàn hảo để mở rộng và cải thiện vùng phủ sóng mạng không dây của bạn. Với khả năng kết nối băng tần kép và nhiều tính năng tiên tiến, sản phẩm này sẽ giúp bạn duy trì kết nối internet nhanh chóng và ổn định ở mọi ngóc ngách trong ngôi nhà. • Xiaomi Mi Wifi Extender AC1200 hỗ trợ kết nối băng tần kép 2.4 GHz và 5 GHz, mang đến tốc độ kết hợp lên đến gần 1200 Mbps, giúp tăng cường đáng kể vùng phủ sóng Wifi hiện có, loại bỏ các “vùng chết” Wifi trong nhà. Đồng thời đảm bảo tốc độ truy cập cao và ổn định, cho bạn có thể yên tâm lướt web, xem video trực tuyến, hoặc chơi game mà không lo bị gián đoạn do mất sóng. • Một điểm nổi bật của Mi Wifi Extender AC1200 chính là tích hợp cổng Ethernet. Cổng này cho phép bạn kết nối các thiết bị có dây như TV, máy chơi game hoặc máy tính với mạng internet một cách dễ dàng. Bạn sẽ có trải nghiệm kết nối internet nhanh hơn và ổn định hơn cho những thiết bị cần băng thông cao. Xem thêm"
router-wifi-chuan-wifi-6-tenda-tx2,Router Wifi Chuẩn Wifi 6 Tenda TX2,"Router Wifi Chuẩn Wifi 6 Tenda TX2 là sự lựa chọn hoàn hảo cho những ai đang tìm kiếm một thiết bị mạng mang lại tốc độ nhanh, kết nối ổn định và khả năng phủ sóng mạnh mẽ. Với công nghệ Wifi 6 thế hệ mới nhất cùng nhiều tính năng tiên tiến, Tenda TX2 giúp đáp ứng mọi nhu cầu sử dụng Internet từ học tập, làm việc đến giải trí tại gia đình. Wifi 6 siêu nhanh và ổn định Router được trang bị công nghệ Wifi 6 tiên tiến, cho phép đạt tốc độ kết nối lên đến 1501Mbps (băng tần 2.4GHz: 300Mbps; băng tần 5GHz: 1201Mbps). Với tốc độ này, bạn sẽ trải nghiệm mạng không dây nhanh hơn, mượt mà hơn và độ trễ thấp hơn, đặc biệt hữu ích cho các hoạt động trực tuyến đòi hỏi băng thông cao như xem video 4K, chơi game online hay tham gia các cuộc họp trực tuyến. Xem thêm"
router-wifi-chuan-wifi-6-totolink-x2000r-v2,Router Wifi Chuẩn Wifi 6 Totolink X2000R-V2,"Router Wifi Chuẩn Wifi 6 Totolink X2000R_V2 là một giải pháp mạng tiên tiến dành cho gia đình và văn phòng, mang đến hiệu suất vượt trội và kết nối ổn định. Được trang bị công nghệ Wifi 6 mới nhất, thiết kế hiện đại, tích hợp nhiều tính năng thông minh, và khả năng bảo mật cao, Totolink X2000R_V2 là lựa chọn lý tưởng cho những ai đang tìm kiếm một router mạnh mẽ và đáng tin cậy để nâng cấp hệ thống mạng của mình. Tốc độ mạng nhanh, kết nối tối ưu Router này mang lại tốc độ truyền tải dữ liệu ấn tượng lên đến 1201Mbps trên băng tần 5 GHz và 300 Mbps trên băng tần 2.4 GHz. Khi hoạt động đồng thời trên cả hai băng tần này, sản phẩm có thể đạt tổng tốc độ lên tới 1501 Mbps, đảm bảo khả năng kết nối mượt mà cho nhiều thiết bị. Xem thêm"
bo-phat-wifi-di-dong-4g-lte-150mbps-tenda-4g180,Bộ phát Wifi di động 4G LTE 150Mbps Tenda 4G180,"Bộ phát Wifi di động 4G LTE 150Mbps Tenda 4G180 với kích thước nhỏ gọn, kiểu dáng hiện đại, tiện lợi có thể mang bất cứ đâu, mức độ phủ sóng lên đến 10 m, mang đến cho bạn những trải nghiệm tuyệt vời. • Sử dụng bộ phát Wifi ở bất cứ đâu như đi công tác hoặc du lịch, mang theo tiện lợi nhờ thiết kế nhỏ gọn, giúp người dùng không bị gián đoạn trải nghiệm dùng internet khi đi xa. • Trang bị tốc độ download lên đến 150 Mbps và upload đến 50 Mbps, đảm bảo cho bạn gọi điện hay xem video HD mượt mà. • Bạn có thể chia sẻ kết nối lên đến 10 thiết bị: điện thoại, máy tính bảng,... • Bộ phát Wifi Tenda sở hữu dung lượng pin cao đến 2100 mAh, kéo dài hoạt động liên tục đến 10 tiếng. Người dùng có thể tháo rời pin và dùng nguồn trực tiếp bằng cách sử dụng cổng USB thông dụng. Xem thêm"
router-wifi-chuan-wifi-6-totolink-x6000r-v2,Router Wifi Chuẩn Wifi 6 Totolink X6000R-V2,"Router Wifi Chuẩn Wifi 6 Totolink X6000R-V2 là thiết bị mạng lý tưởng cho nhu cầu kết nối mạng hiện đại, mang lại trải nghiệm internet mượt mà, tốc độ cao và ổn định. Với công nghệ tiên tiến và các tính năng tối ưu, sản phẩm này đáp ứng mọi yêu cầu, từ công việc, học tập đến giải trí. Tốc độ Wfi nhanh với chuẩn Wifi 6 Totolink X6000R-V2 hỗ trợ chuẩn Wi-Fi 6 mới nhất (IEEE 802.11ax), mang lại tốc độ vượt trội, không chỉ nhanh mà còn giảm thiểu độ trễ, tăng khả năng kết nối đồng thời nhiều thiết bị, mang lại trải nghiệm sử dụng liền mạch cho cả gia đình. Xem thêm"
router-wifi-chuan-ac1200-xiaomi-4a-trang,Router Wifi Chuẩn AC1200 Xiaomi 4A,"Router Wifi Chuẩn AC1200 Xiaomi 4A Trắng được thiết kế nhỏ gọn, màu trắng đẹp mắt Với đường nét khá là tinh tế, độ dày nhỏ dần từ cạnh trên xuống dưới, trông thiết bị mạng Router Wifi Xiaomi này có vẻ ngoài mảnh mai, thon gọn và phù hợp với mọi không gian. Xem thêm"
bo-phat-wifi-di-dong-4g-lte-tenda-4g185-den,Bộ phát Wifi di động 4G LTE 150Mbps Tenda 4G185,"Thiết kế nhỏ gọn, tính di động cao Bộ Phát Wifi Di Động 4G LTE Tenda 4G185 Đen có thiết kế bằng nhựa đem đến sự gọn nhẹ và giúp thiết bị dễ dàng kết nối, với thiết kế tiện lợi như vậy bạn có thể đem theo đi công tác hay các hoạt động ngoài trời. Có 2 màu đen và xám thời trang, đẹp mắt. Xem thêm"
router-wifi-chuan-wifi-6-asus-rt-ax52,Router Wifi Chuẩn Wifi 6 Asus RT-AX52,"Router Wifi Chuẩn Wifi 6 Asus RT-AX52 chính là sự lựa chọn lý tưởng khi bạn đang tìm kiếm một thiết bị mạng mạnh mẽ, hỗ trợ kết nối internet tốc độ cao và phủ sóng rộng khắp cho gia đình mình. Với công nghệ WiFi 6 tiên tiến cùng nhiều tính năng thông minh, sản phẩm này không chỉ mang đến trải nghiệm kết nối nhanh chóng mà còn đảm bảo an toàn và ổn định. Phạm vi rộng hơn, tín hiệu mạnh hơn Asus RT-AX52 hỗ trợ chuẩn Wifi 6 mới mang đến hiệu suất cao hơn và phạm vi phủ sóng rộng hơn so với các chuẩn WiFi trước đây. WiFi 6 giúp tăng phạm vi tín hiệu lên đến 80%, giúp bạn thoải mái kết nối internet mọi nơi trong ngôi nhà, từ phòng khách đến phòng ngủ mà không lo bị gián đoạn. Xem thêm"
bo-phat-wifi-di-dong-4g-lte-150mbps-tp-link-m7000,Bộ phát Wifi di động 4G LTE 300Mbps TP-Link M7000,"Bộ phát Wifi di động 4G LTE 150Mbps TP-Link M7000 có kiểu dáng nhỏ gọn, tốc độ mạng nhanh lên đến 300 Mbps, dung lượng pin cao cùng khả năng phủ sóng lên đến 15 m, đem đến trải nghiệm tuyệt vời cho người sử dụng. • Tốc độ mạng lên đến 300 Mbps, cho phép truy cập internet với tốc độ nhanh chóng, đủ để xem video HD mượt mà và duyệt web mà không gặp trở ngại. • Thiết bị mạng có dung lượng pin cao 2.000 mAh, bạn có thể sử dụng thiết bị trong thời gian dài mà không cần lo hết pin. • Hỗ trợ 10 người truy cập cùng lúc, bạn có thể chia sẻ kết nối với gia đình, bạn bè hoặc đồng nghiệp. Xem thêm"
repeater-wifi-ac220v-tp-link-tl-wa850re-trang,Repeater mở rộng sóng Wifi Chuẩn N TP-Link TL-WA850RE,"Có thiết kế nhỏ gọn, dễ dàng sử dụng, có thể cắm trực tiếp vào ổ điện Repeater Wifi 300Mbps TP-Link TL-WA850RE trắng giúp bạn tăng cường và mở rộng tín hiệu của wifi vào các khu vực mà sóng wifi không thể đến được. Xem thêm"
router-wifi-chuan-ac1200-tp-link-archer-c54,Router Wifi Chuẩn AC1200 TP-Link Archer C54,"Hỗ trợ băng tần kép với đường truyền mạnh mẽ, ổn định, đáp ứng mọi tác vụ Tải video 4K, xem phim FullHD, chiến game online hay lướt web tìm kiếm thông tin, truyền tải dữ liệu công việc,… đều thật dễ dàng cùng đường truyền tốc độ cao trên băng thông đến 1167 Mbps của Archer C54. Router tương thích với giao thức internet Ipv6, tốc độ đường truyền 867 Mbps trên băng tần 5 GHz và 300 Mbps trên băng tần 2.4 GHz. Thiết bị mạng dễ dàng lắp đặt để bàn hoặc treo tường, hài hòa không gian Xem thêm"
bo-phat-wifi-di-dong-4g-lte-tp-link-m7350-den,Bộ phát Wifi di động 4G LTE 150Mbps TP-Link M7350,"Thiết kế nhỏ gọn, dễ dàng cất giữ và mang theo Bộ Phát Wifi Di Động 4G LTE TP-Link M7350 Đen với chất liệu bằng nhựa giúp thiết bị dễ dàng bắt sóng cùng thiết kế nhỏ gọn, tiện đem theo trên đường, đi công tác hay hoạt động ngoài trời. Có thể phát Wifi để sử dụng cho 10 thiết bị cùng lúc Hỗ trợ chuẩn 4G LTE có khả năng chia sẻ mạng cho 10 thiết bị cùng lúc với tốc độ tải xuống lên đến 150 Mbps và tốc độ tải lên lên đến 50 Mbps giúp bạn có thể xem một bộ phim HD mượt mà, tải tập tin nhanh chóng và lướt web không bị gián đoạn. Mật độ phủ sóng rộng rãi, với bán kính hiệu quả từ 10 đến 15 mét, đảm bảo kết nối ổn định và phạm vi sử dụng thoải mái trong không gian gia đình hoặc văn phòng. Xem thêm"
bo-phat-wifi-4g-300mbps-tenda-4g05-n300,Bộ phát Wifi 4G 300Mbps Tenda 4G05 N300,"Bộ phát wifi 4G Tenda 4G05 N300 không chỉ có thiết kế đẹp mắt mà còn cho tốc độ mạng cao, tương thích với hầu hết thẻ sim của các nhà mạng trên thế giới, mang lại trải nghiệm sử dụng tuyệt vời cho người dùng. • Bộ phát wifi Tenda nổi bật với thiết kế tinh tế, hiện đại, khối lượng nhẹ giúp dễ dàng di chuyển và lắp đặt ở nhiều không gian khác nhau. • Bộ phát wifi này hoạt động ở băng tần 2.4 GHz (chuẩn mạng N) với tốc độ wifi lên tới 300 Mbps, đảm bảo trải nghiệm truy cập internet nhanh chóng, mượt mà. • Trang bị 2 ăng ten mạnh mẽ, cho phép truy cập tối đa là 32 người. • Với 2 cổng LAN và 1 khe cắm Nano SIM, giúp người dùng linh hoạt trong việc kết nối mạng. Xem thêm"
bo-phat-wifi-di-dong-4g-lte-300mbps-totolink-lr350,Bộ phát Wifi di động 4G LTE 300Mbps Totolink LR350,"Với chuẩn Wifi IEEE 802.11b/g/n, tốc độ 300 Mbps, hỗ trợ 4G LTE với tốc độ tải xuống lên đến 150 Mbps, bộ phát Wifi di động 4G LTE 300Mbps Totolink LR350 sẽ giúp bạn có thể truy cập internet ở bất cứ đâu chỉ với một chiếc SIM 4G. Trải nghiệm lướt web mượt mà, kết nối internet bất cứ đâu Totolink LR350 hỗ trợ chuẩn Wifi IEEE 802.11b/g/n, mang đến tốc độ Wifi lên đến 300 Mbps. Với tốc độ này, bạn có thể thoải mái lướt web, xem video HD, học online hay làm việc từ xa mà không lo giật lag. Xem thêm"
usb-wifi-chuan-wifi-6-totolink-x900usm,USB Wifi Chuẩn Wifi 6 Totolink X900USM,"Totolink X900USM là một chiếc USB Wifi chuẩn Wifi 6 mạnh mẽ, mang đến tốc độ kết nối ấn tượng và hiệu suất ổn định cho máy tính xách tay, PC hay các thiết bị cần nâng cấp khả năng kết nối không dây. Với thiết kế nhỏ gọn, công nghệ tiên tiến, đây là lựa chọn lý tưởng cho các nhu cầu hằng ngày của bạn. • Totolink X900USM được trang bị công nghệ Wifi 6 hiện đại, mang đến tốc độ kết nối nhanh hơn, giảm độ trễ và cải thiện hiệu suất mạng so với các chuẩn Wifi trước đây. • USB Wifi này hoạt động trên cả hai băng tần 2.4GHz và 5GHz, đem đến cho bạn trải nghiệm mạng nhanh chóng và ổn định • Thiết bị mạng Totolink này có kiểu dáng nhỏ gọn, giúp dễ dàng mang theo và sử dụng mà không chiếm nhiều không gian. Xem thêm"
bo-phat-wifi-4g-300-mbps-tp-link-tl-mr100,Bộ phát Wifi 4G 300 Mbps TP-Link TL-MR100,"Bộ phát wifi 4G 300 Mbps TP-Link TL-MR100 là thiết bị không dây mạnh mẽ, cung cấp tín hiệu ổn định và nhanh chóng. Thiết kế đơn giản, phù hợp với mọi không gian, từ công sở tới không gian sống trong nhà. • Bộ phát wifi có khả năng truyền dữ liệu nhanh chóng với tốc độ wifi lên tới 300 Mbps theo chuẩn N, hỗ trợ băng tần 2.4 GHz (chuẩn 802.11n) giúp tăng tốc độ truy cập internet. • Trang bị 2 ăng ten 4G LTE bên ngoài, có thể tháo rời, giúp kiểm soát sóng wifi một cách chính xác hơn. • Ngoài ra, thiết bị này hỗ trợ tới 15 người dùng truy cập cùng lúc, phù hợp với yêu cầu của người dùng gia đình và doanh nghiệp nhỏ. • Khả năng phủ sóng rộng từ 10 - 15 m, đảm bảo bạn có thể truy cập internet ổn định ngay cả khi di chuyển giữa các phòng khá xa nhau. Xem thêm"
router-wifi-chuan-ac1200-totolink-a720r,Router Wifi Chuẩn AC1200 Totolink A720R,"Tốc độ truyền tải lên đến 1167 Mbps trên băng tần kép Thiết bị mạng Totolink làm việc hiệu quả cùng chuẩn IEEE 802.11a/b/g/n/ac, thiết bị cho phép lượng truy cập đồng thời tới 40 user ở bán kính phủ sóng 12 m. Phục vụ tốt với bất kỳ yêu cầu trải nghiệm nào của bạn với tốc độ 300 Mbps trên băng tần 2.4 GHz người dùng gửi email, xem tin tức, nghe nhạc, sử dụng camera giám sát thuận lợi, còn tốc độ 867 Mbps trên băng tần 5 GHz cho tín hiệu mượt mà để chiến game, xem phim,... Xem thêm"
usb-wifi-chuan-ac1300-tp-link-archer-t3u-nano,USB Wifi Chuẩn AC1300 TP-Link Archer T3U Nano,"USB Wifi Chuẩn AC1300 TP-Link Archer T3U Nano là một thiết bị mạng không thể thiếu cho những ai muốn cải thiện tốc độ và hiệu suất kết nối internet trên các thiết bị của mình. Với chuẩn Wi-Fi AC1300, thiết kế nhỏ gọn, dễ dàng mang theo và cắm vào mà không chiếm diện tích, Archer T3U Nano rất lý tưởng cho người dùng yêu thích sự tiện lợi và tối giản. • Thiết bị mạng TP-Link này nổi bật với khả năng tối ưu tốc độ Wi-Fi lên tới 1300 Mbps, trong đó 400 Mbps trên băng tần 2.4GHz và 867 Mbps trên 5GHz, giúp nâng cấp kết nối mạng của bạn với tốc độ AC cao hơn. • Thiết bị mạng hỗ trợ kết nối băng tần kép 2.4GHz và 5GHz, mang lại sự linh hoạt tối đa khi kết nối với các router Wi-Fi băng tần kép, giúp cải thiện tốc độ và mở rộng phạm vi tín hiệu. Xem thêm"
bo-mo-rong-song-wifi-ac1200-mercusys-ac1200-trang,Repeater mở rộng sóng Wifi AC1200 Mercusys ME30,"Bộ Mở Rộng Sóng Wifi AC1200 Mercusys ME30 Trắng sở hữu thiết kế đơn giản, màu trắng tươi sáng, trẻ trung, sử dụng hay dịch chuyển cực linh động, hòa hợp tốt với mọi thiết kế nội thất. • ME30 cho phép bạn giữ nhiều thiết bị được kết nối cùng lúc với băng tần 2.4 GHz 300 Mbps và 5 GHz 867 Mbps. Sử dụng băng tần 2.4 GHz để gửi email và duyệt web và băng tần 5 GHz để chơi game và phát video HD trực tuyến. • Repeater ME30 hỗ trợ đèn tín hiệu thông minh giúp tìm vị trí tốt nhất, hiển thị cường độ tín hiệu tối ưu hóa vùng phủ sóng Wi-Fi. • Thiết bị mạng Mercusys có thiết kế 2 ăng ten ngoài tăng khả năng thu phát sóng cho tín hiệu mạng phủ khắp ngôi nhà bạn, thiết bị mạng đáp ứng truy cập của 25 - 30 user, mật độ phủ sóng đến 25 m. Xem thêm"
bo-mo-rong-song-wifi-ac220v-totolink-ex200-trang,Repeater mở rộng sóng Wifi 300Mbps Totolink EX200 Trắng,Hướng dẫn sử dụng và trải nghiệm Totolink EX200 Xem thêm
bo-phat-wifi-di-dong-4g-lte-300mbps-mercusys-mb112-4g,Bộ phát Wifi di động 4G LTE 300Mbps Mercusys MB112-4G,"Bộ phát Wifi di động 4G LTE 300Mbps Mercusys MB112-4G là một giải pháp toàn diện cho nhu cầu kết nối mạng hiện đại. Với thiết kế nhỏ gọn, tính năng mạnh mẽ và khả năng tương thích cao, sản phẩm này sẽ giúp bạn giữ kết nối liên tục mọi lúc, mọi nơi. • Mercusys MB112-4G không chỉ là một bộ phát Wifi di động thông thường, mà còn được tích hợp công nghệ 4G LTE tiên tiến. Với tốc độ tải xuống lên đến 150 Mbps và tốc độ tải lên 50 Mbps, bạn có thể tận hưởng kết nối mạng nhanh chóng, mượt mà cho mọi hoạt động trực tuyến. Dù bạn cần xem phim, chơi game, họp trực tuyến hay tải tài liệu nặng, sản phẩm này đều đáp ứng một cách vượt trội. • Thiết bị mạng Mercusys còn hỗ trợ chia sẻ Wifi với tốc độ lên đến 300 Mbps trên băng tần 2.4 GHz, đảm bảo bạn và gia đình hoặc bạn bè có thể kết nối đồng thời nhiều thiết bị mà không gặp tình trạng giật lag hay chậm trễ. Xem thêm"
usb-wifi-bang-tan-kep-ac650-tenda-u10,USB WiFi băng tần kép AC650 Tenda U10,"USB WiFi AC650 Tenda U10 Băng Tần Kép là 1 thiết bị có thiết kế nhỏ gọn, kết nối đơn giản chỉ cần cắm vào cổng USB của máy tính là có thể sử dụng ngay, cho phép bạn truy cập internet với tốc độ cao và độ trễ thấp hơn. • Thiết bị mạng sở hữu thiết kế nhỏ gọn, khối lượng nhẹ, chỉ 0.1 kg, dễ dàng mang theo bất cứ đâu. • USB WiFi AC650 Tenda U10 Băng Tần Kép là thiết bị thu Wifi hỗ trợ chuẩn AC với 2 băng tần 2.4 GHz và 5 GHz và công nghệ MU-MIMO, cho tốc độ Wifi lên đến 650 Mbps cao hơn gấp nhiều lần so với các thiết bị Wifi truyền thống. • USB Wifi băng tần kép còn có 1 ăng-ten ngoài 6 dBi thu sóng cực cao, giúp xuyên tường để thiết bị có thể kết nối mạng internet từ mọi ngóc ngách của ngôi nhà mà đường truyền vẫn mượt mà. Xem thêm"
router-wifi-chuan-ac1200-tenda-ac6,Router Wifi Chuẩn AC1200 Tenda AC6,"Router Wifi Chuẩn AC1200 TENDA AC6 có thiết kế hiện đại, kiểu dáng gọn nhẹ, hỗ trợ kết nối wifi với băng tần 5 GHz và 2.4 GHz cho tốc độ nhanh chóng với 15 người truy cập cùng lúc, đem đến trải nghiệm sử dụng tuyệt vời. • Router sở hữu thiết kế gọn nhẹ, hiện đại, dễ dàng hòa mình vào bất kỳ không gian nào. • Khối lượng chỉ 0.8 kg, bạn hoàn toàn có thể dễ dàng di dời thiết bị khi cần thiết. • Thiết bị mang đến trải nghiệm truy cập internet tốc độ cao nhờ hỗ trợ chuẩn wifi AC (2.4 GHz và 5 GHz), với tốc độ wifi đạt 867 Mbps cho băng tần 5 GHz và 300 Mbps cho băng tần 2.4 GHz, giúp bạn có thể truy cập Internet mượt mà, không giật lag dù là xem video HD hay chơi game online. Xem thêm"
router-wifi-chuan-wifi-6-asus-rt-ax57,Router Wifi Chuẩn Wifi 6 Asus RT-AX57,"Router Wifi Chuẩn Wifi 6 Asus RT-AX57 sở hữu thiết kế nhỏ gọn, dễ dàng bố trí mọi không gian, wifi phát nhanh và xa hơn, sử dụng cho nhiều thiết bị cùng 1 lúc, ngăn chặn các trang web độc hại, mang đến cho bạn những trải nghiệm hoàn hảo. • Router Wifi với tốc độ mạng tối đa 574 Mbps trên băng tần 2.4GHz và 2402 Mbps trên băng tần 5GHz mang đến kết nối không dây nhanh chóng 1 cách rõ rệt. • Router Wifi Asus được thiết kế nhằm cung cấp khả năng kết nối và hiệu suất mạng lên đến 4 lần so với mạng thông thường, cho phép người dùng sử dụng mạnh hơn. Đồng thời, so với sản phẩm thế hệ trước của hãng thì router Wifi 6 giúp tăng cường phạm vi phát sóng và phủ sóng tốt hơn lên đến 80% so với trước đây. Xem thêm"
usb-wifi-ac1200-asus-ac53-nano,USB Wifi AC1200 Asus AC53 Nano,"USB Wifi AC1200 Asus AC53 Nano với kiểu dáng gọn gàng, nhỏ nhắn dễ dàng mang theo bất cứ đâu, tốc độ Wifi ổn định, thiết bị thu sóng Wifi sử dụng cho máy tính để bàn hoặc laptop dễ dàng kết nối mạng Wifi, mang đến cho bạn nhiều trải nghiệm tuyệt vời. • Công nghệ MU-MIMO giúp tăng tốc độ kết nối khi có nhiều khách hàng tương thích trực tuyến. • Thiết kế USB Wifi Asus khá đặc biệt với hình dáng siêu nhỏ, bạn có thể bỏ vào túi đựng mà không ảnh hưởng gì. • USB Wifi trang bị băng tần 2.4 GHz giúp cho việc lướt web và trang mạng xã hội, băng tần 5 GHz cho phép phát trực tuyến nội dung 4K mượt mà và chơi game online nhanh chóng và không ảnh hưởng đến tốc độ chơi. Xem thêm"
repeater-mo-rong-song-wifi-6-ax1500-mercusys-me60x,Repeater mở rộng sóng Wifi 6 AX1500 Mercusys ME60X,"Repeater mở rộng sóng Wifi 6 AX1500 Mercusys ME60X sở hữu công nghệ Wifi 6 tiên tiến, hỗ trợ băng tần kép lên đến khoảng 1500 Mbps, cùng khả năng kết nối có dây tốc độ Gigabit, thiết bị này không chỉ giúp mở rộng phạm vi phủ sóng mà còn mang đến tốc độ mạng nhanh, ổn định, phù hợp với nhu cầu làm việc, giải trí, chơi game trực tuyến. • Mercusys ME60X được trang bị chuẩn Wifi 6 (802.11ax), mang đến những cải tiến đáng kể so với chuẩn Wifi 5 trước đây. Nhờ công nghệ này, repeater có thể cải thiện tốc độ truyền tải dữ liệu, giúp bạn xem video 4K, chơi game online mượt mà hơn. Wifi 6 không chỉ nâng cao tốc độ mạng mà còn giúp tối ưu hiệu suất, giảm tình trạng gián đoạn khi sử dụng Internet. • Băng tần 5 GHz đạt tốc độ 1201 Mbps, lý tưởng để xem video 4K, chơi game trực tuyến và tải dữ liệu lớn. Băng tần 2.4 GHz cung cấp tốc độ 300 Mbps, đảm bảo kết nối ổn định cho các thiết bị IoT, lướt web, xem phim. Với công nghệ băng tần kép, này có thể tự động phân bổ thiết bị kết nối vào từng băng tần phù hợp, giúp tối ưu hiệu suất mạng, giảm tình trạng tắc nghẽn và gián đoạn kết nối. Xem thêm"
bo-phat-wifi-di-dong-4g-lte-mercusys-mt110,Bộ phát Wifi di động 4G LTE Mercusys MT110,"Bộ phát Wifi di động 4G LTE Mercusys MT110 là người bạn đồng hành lý tưởng giúp bạn kết nối internet mọi lúc, mọi nơi với hiệu suất cao và thiết kế gọn nhẹ. Kết nối nhiều thiết bị cùng một lúc Với Mercusys MT110, bạn có thể chia sẻ kết nối Wifi cho đến 10 thiết bị cùng lúc, bao gồm máy tính bảng, laptop, điện thoại di động và nhiều thiết bị khác, giúp bạn không chỉ kết nối internet mọi nơi mà còn chia sẻ kết nối cho bạn bè, đồng nghiệp một cách dễ dàng. Thiết bị không chỉ giúp bạn truy cập Internet một cách nhanh chóng và ổn định ở bất cứ đâu trong phạm vi phủ sóng rộng lên đến bán kính 15 mét. Tốc độ mạng 4G LTE cực nhanh Xem thêm"
router-chuan-wifi-6-ax1500-tp-link-archer-ax10,Router Wifi Chuẩn Wifi 6 AX1500 TP-Link Archer AX10,"Thiết bị mạng TP-Link Archer AX10 Đen băng tần kép tốc độ mạng siêu nhanh với băng thông đến 5 GHz Trang bị chuẩn Wi-Fi 6 tốc độ ấn tượng đến 1501 Mbps. Trong đó, đạt tốc độ 1201 Mbps trên băng tần 5GHz, 300 Mbps trên băng tần 2.4GHz đảm bảo cho những kết nối nhanh, mượt mà và ổn định, trên nhiều thiết bị cùng sử dụng. Với  Archer AX10, bạn dễ dàng chơi game trực tuyến, video call chất lượng cao, tải video 4K hay xem phim HD online mà không lo đứng mạng, rớt mạng cả khi chia sẻ đường truyền với nhiều thiết bị khác. Trang bị 4 ăng ten độ lợi cao và công nghệ Beamforming thu phát sóng hiệu quả Xem thêm"
router-wifi-chuan-ac1200-tp-link-archer-c64-gigabit,Router Wifi Chuẩn AC1200 TP-Link Archer C64 Gigabit,"Router Wifi Chuẩn AC1200 TP-Link Archer C64 Gigabit Đen cho tốc độ đường truyền ổn định, nhanh và độ phủ sóng rộng trong phạm vi lên đến 25 m. Ngoài ra, thiết bị mạng này cũng đảm bảo trong việc mã hóa bảo mật WPA3, giúp chống lại các xâm nhập từ bên ngoài. • Thiết bị mạng TP-Link được trang bị công nghệ Beamforming cung cấp kết nối Wi-Fi hiệu quả cao. • Quản lý mạng dễ dàng với MU-MIMO TP-Link đạt được hiệu quả gấp 2 lần bằng cách giao tiếp với 2 thiết bị cùng một lúc. • Chế độ Điểm Truy Cập (AP) – Hỗ trợ chế độ Điểm Truy Cập để tạo ra một điểm truy cập Wi-Fi mới. • Archer C64 cho phép bạn kết nối nhiều thiết bị hơn và truyền phát đồng thời với hai băng tần 2.4 GHz và 5 GHz. Xem thêm"
repeater-mo-rong-song-wifi-chuan-n-mercusys-me10,Repeater mở rộng sóng Wifi chuẩn N Mercusys ME10,"Với sự phát triển của các thiết bị kết nối không dây, việc đảm bảo sóng Wi-Fi ổn định và mạnh mẽ ở mọi khu vực. Repeater mở rộng sóng Wifi chuẩn N Mercusys ME10 chính là giải pháp hoàn hảo, mang đến tín hiệu mạnh mẽ ổn định • Thiết bị mạng Mercusys là lựa chọn lý tưởng cho những không gian cần cải thiện tín hiệu Wi-Fi, đặc biệt là ở những khu vực có sóng yếu. • Với băng tần 2.4GHz và tốc độ tối đa lên tới 300 Mbps, ME10 hỗ trợ chuẩn mạng Wi-Fi N, giúp mở rộng vùng phủ sóng một cách hiệu quả mà vẫn đảm bảo kết nối ổn định cho các thiết bị trong phạm vi. • Thiết bị mạng này trang bị 2 anten ngầm, cho phép tín hiệu được lan tỏa tốt hơn trong không gian sử dụng với bán kính phủ sóng lên tới 10 mét. Xem thêm"
router-wifi-chuan-n-mercusys-mw301r,Router Wifi Chuẩn N Mercusys MW301R,"Router WiFi Chuẩn N Mercusys MW301R là người bạn đồng hành lý tưởng để xây dựng một hệ thống mạng không dây đáng tin cậy trong ngôi nhà của bạn. Với thiết kế tối giản, tốc độ mạnh mẽ, MW301R luôn sẵn sàng đáp ứng với tốc độ ổn định và phạm vi phủ sóng rộng khắp, giúp bạn tận hưởng cuộc sống số không giới hạn. • Thiết bị mạng Mercusys với chuẩn mạng N hiện đại, thiết bị hỗ trợ băng tần 2.4GHz, cung cấp tốc độ lên đến 300 Mbps. • Điểm nổi bật của MW301R không thể không nhắc đến đó là sản phẩm có thiết kế 2 ăng-ten ngoài mạnh mẽ, giúp tăng cường khả năng thu và phát tín hiệu, mở rộng vùng phủ sóng WiFi đến bán kính 10 mét. • Với khả năng hỗ trợ tối đa lên đến 30 người dùng cùng lúc, thiết bị mạng này không chỉ lý tưởng cho gia đình mà còn phù hợp cho các văn phòng nhỏ hoặc không gian làm việc chung. Xem thêm"
router-wifi-chuan-ac1200-mercusys-mr30g-gigabit,Router Wifi Chuẩn AC1200 Mercusys MR30G Gigabit,"Router Wifi Chuẩn AC1200 Mercusys MR30G Gigabit chính là giải pháp hoàn hảo, mang đến tốc độ mạnh mẽ, độ phủ sóng rộng và khả năng kết nối đồng thời nhiều thiết bị mà vẫn đảm bảo hiệu suất tối ưu. • Với tốc độ Wifi lên đến 1.2 Gbps, Router Mercusys MR30G mang đến đường truyền mượt mà, ổn định, đáp ứng tốt nhu cầu xem phim 4K, chơi game online hay họp trực tuyến mà không bị giật lag. Router hoạt động trên hai băng tần, với 867 Mbps trên băng tần 5 GHz và 300 Mbps trên băng tần 2.4 GHz, giúp tối ưu hóa tốc độ kết nối và giảm thiểu tình trạng nhiễu sóng. Băng tần 5 GHz phù hợp với những tác vụ yêu cầu tốc độ cao, trong khi băng tần 2.4 GHz giúp kết nối ổn định ở khoảng cách xa hơn. • Thiết bị mạng Mercusys MR30G được trang bị 4 ăng-ten công suất cao kết hợp với công nghệ Beamforming, giúp tập trung tín hiệu đến thiết bị một cách thông minh, cải thiện phạm vi phủ sóng và đảm bảo kết nối luôn ổn định. Xem thêm"
router-wifi-chuan-wifi-6-ax1500-mercusys-mr60x-gigabit,Router Wifi Chuẩn Wifi 6 AX1500 Mercusys MR60X Gigabit,"Router WiFi 6 AX1500 Mercusys MR60X Gigabit có kiểu dáng nhỏ gọn, thiết kế hiện đại, đường truyền tốc độ cao, hỗ trợ kết nối với nhiều thiết bị cùng 1 lúc, đáp ứng mọi nhu cầu sử dụng của người dùng, mang đến cho bạn những trải nghiệm tuyệt vời. • Router có thiết kế đẹp mắt với màu sắc đơn giản nhưng không kém phần sang trọng, sản phẩm này không chỉ là một thiết bị công nghệ mà còn là vật trang trí ấn tượng cho không gian làm việc của bạn. • Hỗ trợ hai băng tần 2.4 GHz (300 Mbps) và 5 GHz (1201 Mbps), đáp ứng mọi nhu cầu sử dụng của người dùng, đảm bảo trải nghiệm internet nhanh chóng, mượt mà. • Router Mercusys cung cấp chuẩn WiFi 6 (802.11ax), mang tới khả năng truyền tải dữ liệu nhanh chóng, hiệu quả với 4 ăng ten độ lợi cao đa hướng và công nghệ Beamforming, giúp cho việc phát sóng mạnh mẽ và rộng rãi. Xem thêm"
router-wifi-chuan-wifi-6-asus-tuf-gaming-ax4200,Router Wifi Chuẩn Wifi 6 Asus TUF Gaming AX4200,"Router Wifi Chuẩn Wifi 6 Asus TUF Gaming AX4200 mang đến dòng sản phẩm hỗ trợ kết nối internet nhanh và ổn định, công suất hoạt động tối ưu, mạng lưới không dây rộng và linh hoạt, mang đến trải nghiệm hoàn hảo cho người dùng. • Router Wifi được thiết kế nhằm cung cấp kết nối không dây và có dây mượt mà và ổn định cho các môi trường đông thiết bị như: laptop, điện thoại thông minh, máy tính bảng,... • Wifi được truyền xa hơn so với thế hệ trước, cải tiến tập trung tín hiệu vào mỗi thiết bị, đạt được mọi góc độ phủ sóng. • Router Wifi Asus cung cấp cho người chơi các tính năng khác nhau đối với mô loại trò chơi khác nhau, mang đến cho các game thủ những trận chiến game đỉnh cao. Xem thêm"
bo-chia-mang-switch-gigabit-5-cong-tenda-sg105,Bộ chia mạng Switch Gigabit 5 cổng Tenda SG105,"Bộ chia mạng Switch Gigabit 5 cổng Tenda SG105 sở hữu thiết kế nhỏ gọn, giúp nâng cấp hệ thống mạng gia đình hoặc văn phòng lên tốc độ Gigabit, đem đến cho người dùng trải nghiệm dịch vụ internet nhanh chóng và ổn định hơn. • Sở hữu 5 cổng Gigabit LAN, cung cấp khả năng truyền dữ liệu với tốc độ cực nhanh, từ việc xem video 4K cho đến chơi game, làm việc. • Bộ chia mạng mang đến cho người dùng 1 thiết kế nhỏ gọn, dễ dàng lắp đặt, giúp tiết kiệm không gian hiệu quả. • Thiết bị mạng có khối lượng cực nhẹ chỉ 0.2 kg, cho phép người dùng dễ dàng di chuyển. Xem thêm"
router-wifi-chuan-n-xiaomi-4c-trang,Router Wifi Chuẩn N Xiaomi 4C,"Router Wifi Chuẩn N Xiaomi 4C Trắng sở hữu màu trắng thanh lịch và kiểu dáng nhỏ gọn Router Wifi Xiaomi 4C được thiết kế với độ dày nhỏ dần từ cạnh trên xuống cạnh dưới, nhìn thanh mảnh, gọn gàng và cũng đẹp mắt. Xem thêm"
router-wifi-chuan-n-mercusys-mw305r-trang,Router Wifi Chuẩn N Mercusys MW305R,"Kiểu dáng nhỏ gọn màu sắc hài hòa Router Wifi Chuẩn N Mercusys MW305R trắng sở hữu màu sắc thanh lịch hài hòa với mọi không gian lắp đặt, các góc cạnh được bo cong tinh tế. Vỏ ngoài của router được làm hơi nhám vừa đẹp mắt vừa dễ dàng lau chùi, ở giữa còn được thiết kế 1 khe rãnh để dễ dàng gấp ăng ten lại. Router Mercusys có kích thước khá nhỏ gọn chỉ cao 13.3 cm và rộng 11.5 cm, không chiếm quá nhiều diện tích lắp đặt, thuận tiện di chuyển khi cần. Xem thêm"
router-wifi-chuan-n-linksys-e1700,Router Wifi Chuẩn N Linksys E1700,"Cung cấp tốc độ 300 Mbps trên băng tần 2.4 GHz Kết hợp với 2 ăng ten ngoài thiết bị mạng cho tín hiệu kết nối mượt mà, tăng luồng thu phát sóng, phục vụ tốt cho nhu cầu truy cập của 15 - 20 user đồng thời. Thiết bị lý tưởng cho không gian gia đình hoặc các văn phòng, doanh nghiệp nhỏ. Đặc biệt, với mật độ phủ sóng rộng và bán kính truyền tải tín hiệu lên đến 10 mét, bạn hoàn toàn có thể yên tâm sử dụng Wi-Fi ở nhiều vị trí khác nhau trong không gian sống hay làm việc mà không lo gián đoạn kết nối. Xem thêm"
tui-chong-soc-macbook-pro-14-inch-tomtoc-a14d2b1,Túi Chống Sốc Macbook Pro 14 inch Tomtoc A14D2B1,"Túi Chống Sốc Macbook Pro 14 inch Tomtoc A14D2B1 là sản phẩm hoàn hảo dành cho những ai mong muốn bảo vệ chiếc Macbook của mình một cách tối ưu. Với thiết kế tinh tế và chắc chắn đây chính là lựa chọn lý tưởng cho những người dùng Macbook hiện đại, cần một sản phẩm không chỉ đẹp mắt mà còn bảo vệ tốt cho thiết bị của mình. • Túi Chống Sốc 14 inch được thiết kế theo tiêu chuẩn quân đội mang lại sự bảo vệ đáng tin cậy khỏi các va chạm và rơi vỡ không tránh khỏi. Các cạnh của túi có độ đàn hồi cao, kết hợp với lớp đệm bằng vải lông cừu mềm mại đảm bảo an toàn tối đa cho Macbook của bạn. • Túi chống sốc Tomtoc còn được trang bị khóa kéo YKK chất lượng hàng đầu, đảm bảo sử dụng an toàn và bền lâu. Xem thêm"
tui-chong-soc-laptop-14-inch-tomtoc-a45,Túi chống sốc Laptop 14 inch Tomtoc A45,"Túi chống sốc Laptop 14 inch Tomtoc A45 là lựa chọn hoàn hảo cho những ai đang tìm kiếm sự bảo vệ tối ưu cho chiếc laptop của mình. Được thiết kế với công nghệ tiên tiến của Hoa Kỳ, sản phẩm mang đến một lớp đệm bảo vệ 360 độ giống như túi khí xe hơi, đảm bảo an toàn tuyệt đối trước mọi va chạm và rủi ro không mong muốn. • Túi chống sốc 14 inch được trang bị một lớp đệm bảo vệ 360° xung quanh vành túi, mang lại sự an toàn như một túi khí xe hơi. Điều này giúp bảo vệ laptop của bạn khỏi những va đập và rủi ro bất ngờ một cách hiệu quả. • Túi chống sốc mang đến chức năng 2 trong 1 vô cùng tiện lợi. Bạn có thể dễ dàng mang theo túi bằng cách xách tay cầm truyền thống hoặc đeo vai chéo với dây đeo êm ái có thể điều chỉnh độ dài. Hơn nữa, phía sau túi còn có 2 quai dọc để bạn có thể gắn túi vào vali, tạo sự thuận tiện khi di chuyển công tác. Xem thêm"
tui-chong-soc-laptop-14-inch-tomtoc-briefcase-premium-a11d3p1,Túi chống sốc Laptop 14 inch Tomtoc Briefcase Premium A11D3P1,"Túi chống sốc Laptop 14 inch Tomtoc Briefcase Premium A11D3P1 chính là lựa chọn hoàn hảo vừa đảm bảo phong cách thời trang, vừa cung cấp khả năng bảo vệ tối ưu cho máy tính của bạn. Xem thêm"
tui-chong-soc-laptop-16-inch-tomtoc-defender-kit,Túi chống sốc Laptop 16 inch Tomtoc Defender Kit A13,Không có mô tả
tui-chong-soc-laptop-16-inch-uniq-stockholm-proctective-nylon,Túi chống sốc Laptop 16 inch UniQ Stockholm Proctective Nylon,"Túi chống sốc Laptop 16 inch UniQ Stockholm Protective Nylon không chỉ mang lại sự bảo vệ tuyệt đối cho chiếc laptop của bạn mà còn mang đến phong cách thời trang hiện đại, thanh lịch. Chất liệu cao cấp Túi chống sốc UniQ được làm từ chất liệu vải nylon chống thấm nước cao cấp, một sự lựa chọn hoàn hảo để bảo vệ laptop của bạn trong mọi điều kiện thời tiết. Vải nylon không chỉ có khả năng chống thấm nước vượt trội mà còn có độ bền cao, giúp túi luôn giữ được vẻ ngoài mới mẻ và sang trọng theo thời gian. Xem thêm"
tui-chong-soc-laptop-15-inch-tomtoc,Túi chống sốc Laptop 15 inch Tomtoc A14,Không có mô tả
tui-xach-chong-soc-laptop-17-inch-tomtoc-a42g1d1,Túi chống sốc Laptop 17 inch Tomtoc A42G1D1,Không có mô tả
tui-chong-soc-laptop-16-inch-tomtoc,Túi chống sốc Laptop 16 inch Tomtoc A14,Không có mô tả
tui-chong-soc-laptop-15-inch-tomtoc-terra,Túi chống sốc Laptop 15 inch Tomtoc Terra A27,Không có mô tả
balo-laptop-15-6-inch-tucano-binario-ags-eco,Balo laptop 15.6 inch Tucano Binario AGS Eco,"Balo laptop 15.6 inch Tucano Binario AGS Eco với thiết kế hiện đại, chất liệu bền bỉ và nhiều tính năng ưu việt, chiếc balo này không chỉ là phụ kiện lý tưởng cho các tín đồ công nghệ mà còn giúp người dùng duy trì tư thế tốt, giảm áp lực khi mang theo laptop và các vật dụng hàng ngày. Đựng mọi vật dụng một cách gọn gàng Tucano Binario AGS Eco được thiết kế đặc biệt để đựng các thiết bị điện tử là các dòng máy tính xách tay có kích thước lên đến 15.6 inch và riêng dòng MacBook thì có thể vừa MacBook Pro 16 inch. Nhờ không gian bên trong rộng rãi và các ngăn được thiết kế thông minh, bạn có thể dễ dàng mang theo máy tính, sổ tay, và các phụ kiện mà vẫn đảm bảo mọi thứ gọn gàng, ngăn nắp. Xem thêm"
balo-laptop-16-inch-tomtoc-flap,Balo Laptop 16 inch Tomtoc Flap TA1,"Balo Laptop 16 inch Tomtoc Flap là sự kết hợp tinh tế giữa thiết kế hiện đại và tính năng bảo vệ vượt trội, mang đến giải pháp lý tưởng cho những ai thường xuyên di chuyển cùng laptop. Với kiểu dáng tối giản nhưng không kém phần thời trang, chiếc balo này dễ dàng phù hợp với nhiều phong cách khác nhau. Dung tích rộng rãi – Thiết kế tối ưu cho sự ngăn nắp Balo Laptop 16 inch này là sự lựa chọn tuyệt vời dành cho những ai cần không gian lưu trữ linh hoạt mà vẫn muốn giữ cho mọi thứ ngăn nắp, gọn gàng. Với thiết kế dạng flap đặc trưng, chiếc balo này sở hữu nhiều ngăn chứa thông minh, cho phép bạn sắp xếp các vật dụng cá nhân một cách khoa học và dễ tiếp cận. Xem thêm"
tui-xach-chong-soc-laptop-16-inch-tomtoc,Túi chống sốc Laptop 16 inch Tomtoc A42,Không có mô tả
tui-xach-chong-soc-laptop-15-inch-tomtoc-briefcase,Túi chống sốc Laptop 15 inch Tomtoc Briefcase A43,Không có mô tả
tui-chong-soc-laptop-13-inch-tomtoc-spill-resistant,Túi chống sốc Laptop 13 inch Tomtoc Spill-Resistant A22,Không có mô tả
tui-chong-soc-laptop-156-inch-togo-mem?utm_flashsale=1,Túi chống sốc Laptop 15.6 inch Togo vải mềm,"Túi chống sốc Laptop 15.6 inch Togo với chất liệu mềm mại, bảo vệ thiết bị chắc chắn, màu sắc sang trọng, nhỏ gọn dễ dàng mang theo. • Chất liệu mềm mại, đường may chắc chắn, chống sốc tốt. • Túi chống sốc Togo sở hữu màu sắc sang trọng, thiết kế mỏng nhẹ. • Kiểu dáng tối giản với 4 góc bo tròn, bảo vệ thiết bị khi bị va đập. • Túi chống sốc phù hợp với laptop, máy tính bảng có kích thước 15.6 inch."
tui-chong-soc-laptop-15-6-inch-togo-tcsn15-6?utm_flashsale=1,Túi Chống Sốc Laptop 15.6 inch Togo TCSN15.6,"Túi chống sốc Laptop 15.6 inch Togo TCSN15.6 là một sản phẩm lý tưởng dành cho những ai đang tìm kiếm một giải pháp bảo vệ laptop hiệu quả và tiện lợi. Với thiết kế tinh tế, chất liệu bền bỉ và tính năng chống sốc vượt trội, túi Togo TCSN15.6 không chỉ bảo vệ laptop khỏi va đập và trầy xước mà còn mang lại sự tiện dụng khi di chuyển. • Túi chống sốc là một sản phẩm nổi bật nhờ vào chất liệu cao cấp và thiết kế thông minh. Túi được làm từ vải cao cấp, mang lại độ bền cao giúp bảo vệ laptop một cách tối ưu. • Kích thước của túi vừa vặn cho các loại laptop có kích thước lên đến 15.6 inch, và khối lượng nhẹ chỉ 0.33 kg, thuận tiện để mang theo khi di chuyển. • Túi chống sốc Togo được thiết kế chuyên dụng để bảo vệ laptop khỏi va đập và trầy xước, mang lại sự yên tâm cho người sử dụng. Xem thêm"
balo-laptop-15-6-inch-togo-tgb05?utm_flashsale=1,Balo Laptop 15.6 inch Togo TGB05,"Balo Laptop 15.6 inch Togo TGB05 là sự lựa chọn lý tưởng cho những ai tìm kiếm sự kết hợp giữa tiện ích và phong cách. Với thiết kế tối giản, sản phẩm phù hợp cho cả nam và nữ, đáp ứng nhu cầu sử dụng trong nhiều tình huống khác nhau. • Togo TGB05 được thiết kế với nhiều ngăn đựng đồ với ngăn chính là một không gian rộng rãi và ngăn chống sốc được thiết kế đặc biệt để đựng laptop và máy tính bảng, giúp bảo vệ các thiết bị điện tử quan trọng. • Bên ngoài chiếc balo này là một ngăn phụ lớn được thiết kế với các túi nhỏ bên trong, tạo ra không gian hợp lý cho những vật dụng cần thiết hàng ngày. Bạn có thể dễ dàng sắp xếp và giữ ngăn nắp các đồ dùng cá nhân như sổ tay, bút, hoặc phụ kiện nhỏ. Xem thêm"
tui-chong-soc-laptop-156-inch-togo-cung?utm_flashsale=1,Túi chống sốc Laptop 15.6 inch Togo vải cứng,"Túi chống sốc Laptop 15.6 inch Togo có màu đen trang nhã, chất liệu mềm nhẹ, thoải mái mang theo mọi lúc mọi nơi. • Thiết kế tối giản, mỏng nhẹ, dễ dàng bỏ vào balo, vali,... • Dây kéo trơn tru, dễ dàng đóng/mở túi chống sốc. • Kích thước của túi là 37.6 x 2 x 27.6 (cm), phù hợp để đựng laptop, máy tính bảng có kích thước 15.6 inch. • Túi chống sốc Togo tiện sử dụng rời hay mang bên trong một túi khác."
tui-chong-soc-laptop-14-inch-togo-tcsn14?utm_flashsale=1,Túi Chống Sốc Laptop 14 inch Togo TCSN14,"Túi Chống Sốc Laptop 14 inch Togo TCSN14 là một sản phẩm vượt trội, kết hợp hoàn hảo giữa thiết kế tinh tế và chức năng bảo vệ tối ưu. Được chế tạo từ chất liệu cao cấp, túi chống sốc này không chỉ mang đến sự bảo vệ tuyệt đối cho laptop của bạn trước những va đập và trầy xước, mà còn tạo nên một phong cách thời trang hiện đại và chuyên nghiệp. • Túi chống sốc được làm từ vải cao cấp, túi có độ bền cao và khả năng giúp bảo vệ laptop khỏi các tác động từ môi trường bên ngoài. • Với kích thước vừa phải, túi là sự lựa chọn hoàn hảo cho các laptop 14 inch, đảm bảo laptop được bảo vệ an toàn và tiện lợi khi mang theo. • Túi chống sốc 14 inch khá nhẹ nhàng từ đó giúp bạn dễ dàng mang theo mà không gây cảm giác nặng nề hay cồng kềnh. Xem thêm"
tui-chong-soc-laptop-15-6-inch-jinya-classic,Túi chống sốc Laptop 15.6 inch Jinya Classic,"Thiết kế tinh tế, chất liệu bền bỉ cùng tính năng chống thấm và chống sốc ưu việt, túi chống sốc Laptop 15.6 inch Jinya Classic là sự lựa chọn lý tưởng cho những ai đang tìm kiếm giải pháp bảo vệ toàn diện và tiện lợi cho chiếc laptop của mình. • Túi chống sốc Jinya này được làm từ Neoprene và PU, hai loại vật liệu nổi tiếng với khả năng chống trầy xước, chịu lực và chống va đập tốt. Những chất liệu này không chỉ giúp bảo vệ laptop khỏi những cú va chạm không mong muốn, mà còn giữ cho túi luôn bền bỉ, không bị hư hỏng theo thời gian. • Túi chống sốc Jinya Classic mang thiết kế đơn giản nhưng rất tinh tế và dễ phối đồ. Với tông màu trung tính, túi không chỉ là một phụ kiện bảo vệ mà còn giúp bạn thể hiện phong cách lịch sự, chuyên nghiệp, phù hợp cho cả nam và nữ. Xem thêm"
tui-chong-soc-laptop-15-6-inch-jinya-work,Túi chống sốc Laptop 15.6 inch Jinya Work,"Túi chống sốc Laptop 15.6 inch Jinya Work là một sự lựa chọn hoàn hảo cho những ai đang tìm kiếm một sản phẩm vừa bảo vệ tốt cho laptop, vừa có thiết kế tinh tế và hiện đại. Được làm từ chất liệu cao cấp, kích thước rộng rãi túi chống sốc Jinya Work chắc chắn sẽ là người bạn đồng hành đáng tin cậy của bạn trong mọi hành trình. • Túi chống sốc được làm từ chất liệu polyester giúp chống trầy xước và va đập hiệu quả. Chất liệu này không chỉ bền bỉ mà còn mang lại sự an tâm tuyệt đối trong việc bảo vệ laptop. • Với sự tối giản trong từng đường nét, túi chống sốc Jinya phù hợp với nhiều phong cách khác nhau, từ trẻ trung, năng động đến thanh lịch, chuyên nghiệp. • Khả năng kháng bụi và trượt nước là một trong những điểm mạnh nổi bật của sản phẩm. Nhờ vào những tính năng này, túi có thể bảo vệ laptop của bạn khỏi những tác nhân môi trường, giữ cho thiết bị luôn sạch sẽ và khô ráo. Xem thêm"
balo-laptop-15-6-inch-targus-tbb59404gl-urban-essentials,Balo Laptop 15.6 inch Targus Urban Essentials TBB594GL,"Balo Laptop 15.6 inch Targus Urban Essentials TBB594GL là một sản phẩm hoàn hảo cho những ai đang tìm kiếm một chiếc balo không chỉ bền bỉ, bảo vệ tốt thiết bị mà còn có kiểu dáng hiện đại, phong cách. Với thiết kế mỏng nhẹ, chất liệu cao cấp và hệ thống ngăn chứa thông minh, chiếc balo này đáp ứng đầy đủ các yêu cầu của người dùng hiện đại. Thiết kế mỏng nhẹ, phong cách hiện đại Balo Laptop Targus được thiết kế với kiểu dáng mỏng nhẹ, chỉ nặng 0.57 kg, mang lại sự thoải mái và dễ chịu khi mang theo suốt cả ngày. Với kích thước 31 x 15 x 43.5 cm, sản phẩm này vừa đủ để bạn có thể bảo quản laptop, máy tính bảng và các vật dụng cá nhân mà vẫn gọn gàng, không cồng kềnh. Thiết kế tối giản cùng các đường nét gọn gàng, chiếc balo mang đậm hơi thở hiện đại, phù hợp với nhiều phong cách từ công sở đến dạo phố. Xem thêm"
balo-laptop-tomtoc-roll-top-15-6-inch-t61m1d1,Balo Laptop 15.6 inch Tomtoc Roll top T61M1D1,"Được thiết kế cho những người dùng cá tính và sinh viên hiện đại, balo 15.6 inch Tomtoc Rolltop T61M1D1 sẽ mang lại sự kết hợp giữa tính thực dụng và thẩm mỹ, đảm bảo các vật dụng của bạn được an toàn và ngăn nắp. • Chiếc balo này có ngăn chính rộng rãi, lý tưởng để lưu trữ quần áo, sách vở và các vật dụng thiết yếu hàng ngày. Một ngăn riêng biệt có đệm được thiết kế đặc biệt để chứa máy tính bảng và các mẫu laptop từ 15.6 inch trở xuống. Cách bố trí này đảm bảo tất cả các vật dụng đều được cất giữ an toàn, giảm thiểu nguy cơ hư hại khi di chuyển. • Phần túi dọc và túi bên nằm phía trước sẽ cung cấp thêm không gian lưu trữ cho các vật dụng nhỏ hơn, giúp người dùng truy cập nhanh chóng và dễ dàng với các vật dụng bên trong. Việc bố trí các ngăn này góp phần giúp thiết kế tổng thể của balo, trở thành một lựa chọn hiệu quả cho những ai phải thường xuyên di chuyển. Xem thêm"
balo-laptop-tomtoc-explorer-t60-16-inch-t60m1d1,Balo Laptop 16 inch Tomtoc Explorer-T60 T60M1D1,"Được chế tác từ chất liệu cao cấp, balo Laptop 16 inch Tomtoc Explorer-T60 mang đến vẻ ngoài thanh lịch và bền bỉ. Từng đường kim mũi chỉ được gia công tỉ mỉ, thể hiện sự tinh tế trong từng chi tiết. Thiết kế tối giản nhưng không kém phần chuyên nghiệp của balo sẽ phù hợp với những người ưa chuộng phong cách hiện đại và tiện lợi. • Lớp vải cao cấp của balo được thiết kế với khả năng kháng nước tốt, đảm bảo về độ bền cao trong quá trình sử dụng. Chất liệu này không chỉ giúp bảo vệ balo khỏi những tác động từ môi trường ẩm ướt mà còn tăng cường khả năng chống rách và mài mòn. Qua đó, sản phẩm duy trì được tính thẩm mỹ và chất lượng theo thời gian. • Balo Tomtoc được trang bị một ngăn chính với không gian lưu trữ rộng rãi, cùng hai ngăn chống sốc có dây gài, một ngăn dành cho laptop 16 inch và một ngăn dành cho máy tính bảng. Thiết kế này đảm bảo sự an toàn cho các thiết bị điện tử của bạn. Ngoài ra, còn có các ngăn phụ nhỏ giúp người dùng dễ dàng sắp xếp bút viết và các vật dụng nhỏ khác mà không gây lộn xộn, đảm bảo mọi thứ luôn ngăn nắp. Xem thêm"
balo-laptop-15-6-inch-tucano-global-2-bkbtk2-bk,Balo laptop 15.6 inch Tucano Global 2 BKBTK2-BK,"Nếu bạn đang tìm kiếm một chiếc balo 15.6 inch vừa vặn cho chiếc laptop và các vật dụng nhỏ của mình thì balo laptop 15.6 inch Tucano Global 2 BKBTK2-BK sẽ là lựa chọn phù hợp. Được thiết kế với khối lượng nhẹ và tính ứng dụng cao, sản phẩm sẽ đáp ứng các nhu cầu di chuyển hàng ngày mà không gây cồng kềnh hay khó chịu. • Sở hữu vẻ ngoài tối giản, màu sắc trung tính và sự tỉ mỉ trong từng mũi chỉ, chiếc balo Tucano này được thiết kế để phù hợp với nhiều đối tượng, từ học sinh, sinh viên cho đến người du lịch và nhân viên công sở. Nhờ sự linh hoạt này mà sản phẩm dễ dàng hòa nhập với các phong cách trang phục của bạn, mang đến sự tiện lợi trong mọi hoàn cảnh. • Túi Global 2 này có ngăn chứa chính được thiết kế tỉ mỉ với lớp đệm chống sốc cao cấp, vừa khít với các dòng laptop 15.6 inch. Túi khóa kéo đối diện ngăn laptop cũng là một điểm cộng khác, vừa làm tăng tính tiện lợi mà còn giúp người dùng dễ dàng sắp xếp và tiếp cận đồ dùng khi cần thiết. Phục vụ tốt cho các chuyến đi chơi ngắn ngày của bạn. Xem thêm"
tui-chong-soc-laptop-14-inch-tomtoc-a12d3y1,Túi chống sốc Laptop 14 inch Tomtoc A12D3Y1,"Túi chống sốc Laptop 14 inch Tomtoc A12D3Y1 là sự kết hợp hoàn hảo giữa tiện lợi, thiết kế thời trang và khả năng lưu trữ vượt trội, mang đến cho bạn một giải pháp toàn diện cho việc bảo vệ và mang theo máy tính xách tay. Thiết kế tiện lợi Một trong những điểm nổi bật của túi là dây đeo vai tiện lợi. Với thiết kế nhẹ nhàng, tay cầm và dây đeo vai được làm từ chất liệu da PU cao cấp, mềm mại, túi Tomtoc A12D3Y1 giúp bạn dễ dàng mang theo khi đi làm hoặc công tác mà không gây cảm giác mệt mỏi hay khó chịu. Xem thêm"
tui-chong-soc-laptop-13-inch-jinya-office-sleeve,Túi Chống Sốc Laptop 13 inch Jinya Office Sleeve,"Túi Chống Sốc Laptop 13 inch Jinya Office Sleeve chính là giải pháp tối ưu để bạn vừa bảo vệ thiết bị, vừa thể hiện phong cách cá nhân. • Jinya Office Sleeve gây ấn tượng với thiết kế đơn giản và gọn gàng, phù hợp với xu hướng thời trang hiện đại. Phong cách trung tính và dễ phối đồ giúp sản phẩm dễ dàng kết hợp với các trang phục khác nhau, từ trang phục công sở cho đến trang phục thường ngày. • Sản phẩm được thiết kế dành riêng cho laptop 13 inch, đảm bảo sự vừa vặn hoàn hảo. • Túi chống sốc Jinya được trang bị ngăn đựng laptop có hệ thống chống sốc tiên tiến, giúp giảm thiểu tối đa các va đập không mong muốn. Khi bạn di chuyển hay vô tình làm rơi túi, chiếc laptop của bạn vẫn sẽ được bảo vệ nhờ lớp đệm êm ái bên trong. Hệ thống chống sốc này được thiết kế đặc biệt để giảm thiểu hư hỏng cho thiết bị, mang đến sự an tâm khi sử dụng. Xem thêm"
balo-laptop-15-6-inch-togo-tgb01,Balo Laptop 15.6 inch Togo TGB01,"Balo Laptop 15.6 inch Togo TGB01 với kiểu dáng trẻ trung, màu sắc sang trọng, thiết kế chỉn chu từng chi tiết, kích thước chứa nhiều đồ giúp phục vụ tốt nhu cầu sử dụng hàng ngày của bạn. • Balo được chế tác từ chất liệu vải cao cấp, dày dặn, màu sắc trung tính, dễ dùng, phù hợp với mọi lứa tuổi. • Ngăn chính balo có thể bỏ vừa laptop 15.6 inch (có thể chứa thêm vài cuốn sách), ngăn phụ phía trước có thể bỏ các phụ kiện như: Cáp sạc, tai nghe, cuốn sổ tay,... Ngoài ra, 2 ngăn phụ nhỏ bên hông có để chai nước hay chiếc ô để che nắng vô cùng tiện lợi. • Balo laptop 15.6 inch trang bị khoá an toàn cho mỗi ngăn, kéo khoá mượt mà, đóng mở các ngăn của balo dễ dàng, thuận tiện trong quá trình sử dụng. Xem thêm"
tui-chong-soc-macbook-pro-m2-m1-14-inch-tomtoc-a18d2b2,Túi chống sốc Macbook Pro M2/M1 14 inch Tomtoc,"Túi chống sốc Macbook Pro M2/M1 14 Inch Tomtoc là một sản phẩm tối giản đến từ thương hiệu Tomtoc - Mỹ. Sở hữu thiết kế mỏng, nhẹ và đường nét tinh tế túi chống sốc không chỉ bảo vệ an toàn cho thiết bị mà còn tôn lên vẻ đẹp của người dùng, đảm bảo chiếc Macbook của bạn luôn được sự bảo vệ tối đa. • Túi Tomtoc sở hữu ngăn laptop mềm mại, đủ sức chứa các dòng laptop lên đến 14 inch. Lớp đệm dày bên trong ngăn này giúp giảm thiểu tối đa các tác động từ bên ngoài, bảo vệ tốt thiết bị khỏi những va đập và trầy xước. Tạo sự an tâm khi bạn mang theo laptop đến mọi nơi, từ những cuộc họp quan trọng đến những chuyến công tác xa. • Ngăn túi phụ phía trước là giải pháp hoàn hảo để lưu trữ và bảo quản các phụ kiện như sạc, cáp, Apple Pencil và tai nghe. Thiết kế tiện lợi giúp người dùng nhanh chóng tiếp cận các phụ kiện, đồng thời giữ cho không gian làm việc luôn gọn gàng, ngăn nắp. Xem thêm"
tui-chong-soc-innostyle-guardiantech-16-inch-gt-c21,Túi chống sốc kèm túi phụ kiện Innostyle GuardianTech 16 inch GT-C21,"Combo túi chống sốc kèm túi phụ kiện Innostyle GuardianTech 16 inch GT-C21 của Innostyle thể hiện sự tinh tế trong thiết kế và tính năng. Với lớp bảo vệ bền bỉ và ngăn chứa được bố trí hợp lý, combo này mang đến sự bảo vệ đáng tin cậy cho thiết bị của bạn. • Túi chống sốc Innostyle được thiết kế để tối ưu hóa không gian sử dụng, với ngăn chính rộng rãi vừa vặn cho laptop 16 inch. Ngăn phụ phía trước mang lại sự tiện lợi bổ sung, hỗ trợ người dùng sắp xếp các phụ kiện một cách gọn gàng, đáp ứng tốt nhu cầu công việc và di chuyển. • Khác với những sản phẩm thông thường, chiếc túi chống sốc này được trang bị công nghệ chống va đập độc quyền, mang đến khả năng bảo vệ hiệu quả. Viền siêu đàn hồi cùng lớp đệm mật độ cao ở các góc tạo thành một hệ thống bảo vệ toàn diện, đảm bảo an toàn cho thiết bị của bạn. Chất liệu vải mềm mại với họa tiết kim cương tinh tế bên trong không chỉ nâng cao tính thẩm mỹ mà còn thể hiện sự khác biệt của sản phẩm. Xem thêm"
balo-laptop-tomtoc-slash-flip-16-inch-t64m1d1-a64e1d1,Balo Laptop 16 inch Tomtoc Slash Flip T64M1D1/A64E1D1,"Balo Laptop 16 inch Tomtoc Slash Flip người bạn đồng hành lý tưởng cho những người thường xuyên di chuyển. Với chất liệu nhẹ nhàng, cùng với thiết kế đệm lưng và dây đeo thoải mái. Balo không chỉ mang đến sự bảo vệ tốt cho thiết bị bên trong mà còn thể hiện phong cách cá nhân. • Balo chống sốc này sẽ là lựa chọn phù hợp cho những người ưa chuộng phong cách năng động, thể thao. Bởi sản phẩm sở hữu thiết kế tối giản nhưng không kém phần trẻ trung, với các đường nét hình học đẹp mắt kết hợp cùng màu sắc trung tính tạo nên một vẻ ngoài hiện đại, phù hợp mang đi làm, đi học và đi chơi. • Balo được thiết kế từ chất liệu cao cấp, có khả năng chống thấm nước và hạn chế bám bụi. Các đường may chắc chắn cùng khóa kéo và khóa cài YKK bền bỉ giúp bảo vệ thiết bị của bạn khỏi những tác động của môi trường bên ngoài, đảm bảo tuổi thọ cao hơn. Xem thêm"
tui-xach-chong-soc-tomtoc-14-inch-a42d3d1-a42-c01d,Túi chống sốc Tomtoc 14 inch A42D3D1 (A42-C01D),"Với thiết kế tối giản nhưng không kém phần tinh tế, túi xách chống sốc Tomtoc 14 inch A42D3D1 là sự lựa chọn hoàn hảo cho những người dùng yêu thích sự thanh lịch và chuyên nghiệp. Mỗi đường nét trên chiếc balo đều được chăm chút tỉ mỉ, tạo nên một tổng thể hài hòa và ấn tượng. • Được trang bị công nghệ đạt chuẩn bảo vệ quân đội, có các cạnh được làm với độ đàn hồi cao và lớp đệm dày, mang đến cho chiếc túi chống sốc 14 inch này khả năng chống rơi và hạn chế va đập bền bỉ, bảo vệ laptop của bạn khỏi các lực tác động mạnh. • Chất liệu chống nước của túi chống sốc Tomtoc cũng cung cấp thêm một lớp bảo vệ trước những tình huống bất ngờ như đổ nước. Đảm bảo thiết bị bên trong luôn khô ráo ngay cả trong điều kiện thời tiết không thuận lợi. Xem thêm"
tui-chong-soc-laptop-14-inch-jinya-classic,Túi chống sốc Laptop 14 inch Jinya Classic,"Túi chống sốc Jinya Classic, sự lựa chọn hoàn hảo cho những người yêu thích sự tối giản và tinh tế, giúp chiếc laptop của bạn không chỉ được bảo vệ an toàn mà còn tạo nên vẻ ngoài sang trọng. • Túi chống sốc Laptop 14 inch Jinya Classic hiện đại là giải pháp phù hợp để bảo vệ chiếc laptop của bạn, đặc biệt là những mẫu từ 14 inch trở xuống. Với thiết kế đệm dày, êm ái và mềm mại bên trong, sản phẩm sẽ giảm thiểu tác động từ những va đập và rung lắc không mong muốn. Người dùng có thể hoàn toàn yên tâm khi di chuyển, bất kể là trong môi trường công việc bận rộn hay trong những chuyến đi du lịch, mà không phải lo lắng về việc hư hỏng thiết bị bên trong. • Lớp lót bên trong của túi chống sốc còn được làm với khả năng chống trầy xước, nhằm bảo vệ bề mặt máy tính xách tay khỏi những vết xước không mong muốn. Được làm từ vật liệu mềm mại nhưng bền bỉ, lớp lót này không chỉ giúp tránh những tổn thương nhỏ mà còn giữ cho thiết bị luôn mới mẻ và trong tình trạng tốt nhất Xem thêm"
tui-chong-soc-laptop-14-inch-jinya-work,Túi chống sốc Laptop 14 inch Jinya Work,"Dành cho những người thường xuyên phải di chuyển và làm việc ở nhiều nơi khác nhau, túi chống sốc Jinya này sẽ là một lựa chọn hoàn hảo. Với thiết kế gọn nhẹ và khả năng chống sốc tốt, chiếc túi này sẽ giúp bạn bảo quản laptop một cách an toàn và tiện lợi. • Túi chống sốc Laptop 14 inch Jinya Work được chế tạo từ chất liệu bền bỉ, có khả năng chống ẩm, chống mốc và chống lại các hóa chất thông thường. Đây là sự lựa chọn tối ưu cho những người dùng cần sự bảo vệ tối đa cho thiết bị của mình. Với chất liệu cao cấp, túi đảm bảo rằng laptop của bạn luôn được an toàn và sạch sẽ, ngay cả khi phải di chuyển trong nhiều điều kiện môi trường khác nhau. • Mẫu túi này không chỉ chú trọng đến độ bền mà còn mang lại sự êm ái cho laptop của bạn. Với lớp lót mềm mại, thiết bị của bạn sẽ được bảo vệ khỏi va đập và trầy xước trong quá trình di chuyển. Sự kết hợp giữa thiết kế mềm mại và chất liệu chất lượng cao đảm bảo rằng laptop của bạn luôn trong tình trạng tốt nhất, mà không bị ảnh hưởng bởi các tác động từ bên ngoài. Xem thêm"
balo-laptop-15-6-inch-hp-prelude-g2-backpack-2z8p3aa,Balo Laptop 15.6 inch HP Prelude G2 2Z8P3AA,"Balo Laptop HP Prelude G2 2Z8P3AA là sự lựa chọn lý tưởng cho những người dùng tìm kiếm một chiếc balo vừa sành điệu vừa tiện lợi. Với thiết kế thời trang, trọng lượng nhẹ, khả năng chống nước cùng với nhiều ngăn tiện dụng, chiếc balo này không chỉ giúp bảo vệ laptop mà còn giúp bạn tổ chức gọn gàng mọi vật dụng cần thiết cho công việc và cuộc sống hàng ngày. • Balo có thiết kế siêu nhẹ, phù hợp với nhu cầu di chuyển hàng ngày của những người thường xuyên mang laptop và các thiết bị điện tử bên mình. Dù bạn đang đi học, đi làm hay đi du lịch, chiếc balo này vẫn đảm bảo mang lại cảm giác dễ chịu và thuận tiện khi sử dụng. • Với quai đeo có đệm êm ái, bạn sẽ cảm thấy thoải mái khi đeo balo trong thời gian dài mà không bị đau vai hay lưng. Xem thêm"
balo-laptop-15-6-inch-hp-travel-18-liter-iron-6b8u6aa,Balo Laptop 15.6 inch HP Travel 18 Liter Iron 6B8U6AA,"Balo Laptop 15.6 inch HP Travel 18 Liter Iron 6B8U6AA với thiết kế thông minh, dung tích lớn và chất liệu bền bỉ, sẽ là người bạn đồng hành lý tưởng cho mọi cuộc hành trình của bạn. • Balo HP mang lại không gian rộng rãi cho mọi đồ đạc của bạn, từ laptop, sạc dự phòng, sách vở đến quần áo và các phụ kiện khác. • HP đã thiết kế chiếc balo với nhiều ngăn chứa thông minh bên trong, giúp bạn dễ dàng sắp xếp và truy cập nhanh các vật dụng cần thiết. • Dây đeo vai của balo được lót đệm êm ái, có khả năng điều chỉnh độ dài linh hoạt, giúp giảm tải trọng lên vai và lưng ngay cả khi bạn mang nặng trong thời gian dài. • còn có quai xách chắc chắn ở phía trên, giúp bạn dễ dàng cầm nắm hoặc treo lên khi không cần đeo trên vai. Xem thêm"
balo-laptop-tomtoc-premium-commuting-travel-16-inch-t71l1d1,Balo Laptop 16 inch Tomtoc PREMIUM COMMUTING & TRAVEL T71L1D1,"Balo Laptop 16 inch Tomtoc PREMIUM COMMUTING & TRAVEL đến từ thương hiệu Tomtoc của Mỹ, mang đến sự kết hợp hoàn hảo giữa thiết kế và chất liệu. Mẫu balo này không chỉ là một phụ kiện thời trang mà còn là một người bạn đồng hành đáng tin cậy, đáp ứng nhu cầu đựng đồ hàng ngày của người dùng. • Chất liệu Nylon chống thấm nước cao cấp, với cấu trúc sợi chặt chẽ và lớp phủ bảo vệ đặc biệt, mang đến khả năng chống thấm tốt cho balo. Nhờ khối lượng nhẹ và độ bền cao, lớp vải này sẽ giảm thiểu áp lực lên vai, mang đến cảm giác thoải mái cho người dùng khi đeo. • Chiếc balo này sở hữu thiết kế tối giản, nhưng ẩn chứa bên trong là không gian lưu trữ thông minh với nhiều ngăn chia khoa học. Với ngăn chính được thiết kế đa năng, bạn có thể dễ dàng sắp xếp và tìm kiếm mọi vật dụng cần thiết. Từ chiếc MacBook yêu quý đến bộ quần áo đi làm, tất cả đều được bảo quản an toàn và gọn gàng trong cùng một không gian. Xem thêm"
balo-laptop-15-6-inch-hp-travel-25-liter-15-6-iron-6b8u4aa,Balo Laptop 15.6 inch HP Travel 25 Liter 15.6 Iron 6B8U4AA,"Balo Laptop 15.6 inch HP Travel 25 Liter 15.6 Iron 6B8U4AA không chỉ bảo vệ laptop mà còn giúp bạn mang theo mọi thứ cần thiết cho một chuyến đi ngắn ngày. Với thiết kế tối ưu không gian và trọng lượng nhẹ, chiếc balo này sẽ trở thành người bạn đồng hành đáng tin cậy, dù bạn đi làm, đi học hay thậm chí là cho một chuyến du lịch ngắn ngày. Thiết kế nhỏ gọn nhưng cực kỳ linh hoạt Chiếc balo này đủ rộng rãi để bạn có thể đựng mọi vật dụng cần thiết. Balo HP Travel 25 Liter cho phép bạn linh hoạt tùy chỉnh không gian, từ những chuyến đi làm hàng ngày cho đến các kỳ nghỉ cuối tuần. Xem thêm"
balo-laptop-16-inch-togo-tgb2?utm_flashsale=1,Balo Laptop 16 inch Togo TGB02,"Balo Laptop 16 inch Togo TGB02 với kiểu dáng trẻ trung, màu sắc sang trọng, thiết kế chỉn chu đến từng chi tiết, kích thước có thể chứa nhiều đồ giúp phục vụ tốt nhu cầu sử dụng hàng ngày của bạn. • Balo được sản xuất từ chất liệu vải bố dày dặn, chống thấm bền bỉ, màu sắc trung tính, dễ dùng sử dụng cho mọi lứa tuổi. • Ngăn chính balo có thể bỏ vừa laptop lên đến 16 inch, đồng thời bạn có thể chứa thêm vài cuốn sách. • Ngăn phụ phía trước có thể bỏ các phụ kiện khác như: Cáp sạc, tai nghe, cuốn sổ tay,... • Trang bị khoá an toàn cho mỗi ngăn, kéo khoá mượt mà, đóng mở các ngăn của balo dễ dàng, giúp người dùng thuận tiện trong quá trình sử dụng. Xem thêm"
tui-chong-soc-14-inch-targus-citygear-tss931gl-80,Túi chống sốc Laptop 14 inch Targus CityGear TSS931GL-80 Đen,"Thiết kế mỏng nhẹ, tính di động cao Kiểu dáng túi chống sốc tối giản, 4 góc được may bo tròn vừa ôm trọn máy, giảm khả năng bị trầy xước vừa cho tính thẩm mỹ cao. Vẻ ngoài thanh lịch với sắc đen huyền bí, kích thước thực tế 36.2 x 2.2 x 26 cm, chỉ nhẹ có 0.24 kg, dễ mang đi, đem lại sự tiện lợi tối ưu cho người dùng có nhu cầu làm việc thường xuyên và liên tục. Xem thêm"
balo-laptop-156-inch-targus-intellect-tbb565gl-74?utm_flashsale=1,Balo Laptop 15.6 inch Targus Intellect TBB565GL-74,"Thiết kế hiện đại với kết cấu chắc chắn, gam màu đen thời trang Kiểu dáng balo thân thiện, khối lượng khi không có đồ đạc chỉ tầm 0.5 kg rất gọn nhẹ, thuận tiện cho việc sử dụng, cất giữ. Mặt lưng bọc đệm mút, phía trong 2 quai đeo cũng có đệm dày dặn kiểu lưới cho người dùng đeo thoải mái, không bị cấn, cộm và thoát khí, không bị bí bức khi mang balo laptop trong thời gian dài. Kích thước thực tế 30.5 x 42.5 x 11 cm. Chất liệu vải Polyester 600D dai bền Là vật liệu được sử dụng phổ biến trong sản xuất túi xách, balo và sản phẩm du lịch nên balo làm từ vải Polyester 600D tinh chất Dobby cho độ bền cao, chống nước, chống ẩm tốt, hạn chế trầy xước, dễ dàng giặt sạch khi bị bẩn. Đường may tỉ mỉ, cho balo laptop Targus thêm bền chắc, bảo vệ và cất giữ máy tính và các đồ đạc khác tối ưu. Xem thêm"
tui-chong-soc-laptop-14-inch-togo-mem?utm_flashsale=1,Túi chống sốc Laptop 14 inch Togo vải mềm,"Túi chống sốc Laptop 14 inch Togo sở hữu đường may chắc chắn, mỏng nhẹ, sắc đen quý phái. • Kích thước 23.6 cm x 34.1 cm x 2 cm nhỏ gọn và mỏng nhẹ, sử dụng tiện lợi. • Túi chống sốc phù hợp cho các thiết bị có kích thước 14 inch. • Túi chống sốc laptop 14 inch trang bị dây kéo chắc chắn, sử dụng mượt mà. • Túi chống sốc Togo sử dụng chất liệu bền bỉ, lớp lót giúp gia tăng khả năng bảo vệ thiết bị, chống trầy khi va chạm. Xem thêm"
balo-laptop-156-inch-targus-safire-tsb883-72?utm_flashsale=1,Balo Laptop 15.6 inch Targus Safire TSB883-72,"Balo Laptop chất liệu cao cấp, bền bỉ, chống thấm tốt Balo được làm từ chất liệu vải Polyester có khả năng chống tia UV giúp bền màu và bền sợi, bề mặt balo mềm mịn cho cảm giác thoải mái khi tiếp xúc cùng tuổi thọ sử dụng cao, duy trì độ mới lâu, đảm bảo chất lượng bền lâu. Bề mặt chống thấm tốt bảo vệ hiệu quả cho các thiết bị điện tử được giữ trong balo, an tâm khi di chuyển dưới trời mưa nhỏ hoặc vô tình bị tràn nước lên bề mặt balo. Xem thêm"
tui-chong-soc-laptop-15-6-inch-togo-keo-ngang?utm_flashsale=1,Túi chống sốc Laptop 15.6 inch Togo kéo ngang,"Mang thiết kế đẹp mắt, chất liệu cao cấp, khóa kéo bền bỉ, chắc hẳn chiếc túi Chống Sốc Togo 15.6 inch kéo ngang sẽ là món phụ kiện cần thiết cho laptop của bạn. • Túi chống sốc có thiết kế đẹp mắt, phù hợp sử dụng cho cả nam và nữ. • Được làm từ chất liệu cao cấp, giúp hạn chế bụi bẩn, trầy xước máy do va đập. • Túi chống sốc 15.6 inch được chế tác đơn giản nhưng tinh tế, cùng khóa kéo kim loại bền bỉ và dễ sử dụng. • Túi chống sốc Togo có kích thước vừa vặn với laptop 15.6 inch, có thể để trong balo, vali hoặc xách tay. Xem thêm"
tui-chong-soc-laptop-14-inch-togo-keo-ngang?utm_flashsale=1,Túi chống sốc Laptop 14 inch Togo kéo ngang,"Túi chống sốc Laptop 14 inch Togo kéo ngang với chất liệu mềm mại, kích thước vừa vặn, dây kéo chắc chắn, bảo vệ tốt laptop, dễ dàng mang theo. • Túi chống sốc sở hữu vẻ ngoài thời thượng, màu sắc thanh lịch, đây sẽ là món phụ kiện bảo vệ tốt cho laptop của bạn. • Được làm từ chất liệu cao cấp, giúp hạn chế trầy xước, hư hỏng máy do va đập. • Túi có thiết kế kéo ngang, dễ dàng đóng mở và lấy laptop ra. • Túi chống sốc Togo có kích thước phù hợp với laptop 14 inch. • Người dùng có thể dùng riêng lẻ hoặc để túi chống sốc 14 inch trong balo, vali. Xem thêm"
balo-laptop-15-6-inch-togo-tgb03?utm_flashsale=1,Balo Laptop 15.6 inch Togo TGB03,"Balo Laptop 15.6 inch Togo TGB03 là sự lựa chọn hoàn hảo cho những ai đang tìm kiếm một chiếc balo vừa thời trang, vừa tiện dụng để bảo vệ chiếc laptop của mình. Được thiết kế với kiểu dáng hiện đại, chất liệu bền bỉ và ngăn chứa rộng rãi, Togo TGB03 không chỉ giúp bạn dễ dàng mang theo laptop mà còn cung cấp nhiều ngăn tiện lợi để chứa đựng các vật dụng khác. • Với phong cách hiện đại và trẻ trung, balo laptop 15.6 inch này mang đến vẻ ngoài tinh tế nhờ vào các đường nét mềm mại và pha chút gam màu sắc cuốn hút. • Chất liệu trên balo được lựa chọn kỹ lưỡng, không chỉ đảm bảo độ bền bỉ mà còn mang lại cảm giác thoải mái khi sử dụng. Xem thêm"
tui-chong-soc-laptop-15-6-inch-zadez-zlc-831-gaming,Túi chống sốc laptop 15.6 inch Zadez ZLC-831 Gaming,"Túi chống sốc laptop 15.6 inch Zadez ZLC-831 Gaming với thiết kế thời trang, lịch lãm, chất liệu bền bỉ, giảm thiểu bụi bẩn và chống sốc tối ưu, mang đến cho bạn những trải nghiệm tuyệt vời. • Chất liệu túi chống sốc laptop được làm từ chất liệu nylon tổng hợp, đường may tỉ mỉ, bảo vệ tối đa cho thiết bị bên trong. • Túi chống sốc laptop 15.6 inch đáp ứng tiêu chí bền, đẹp, thiết kế sang trọng, vỏ túi đen viền đỏ đẹp mắt, phù hợp cả nam và nữ. • Sản phẩm chuyên dùng cho laptop có kích thước 15.6 inch. • Khoá kéo túi chống sốc laptop Zadez được làm từ kim loại chắc chắn, kéo khoá dễ dàng. Xem thêm"
tui-chong-soc-156-inch-targus-citygear-tss994gl-80,Túi chống sốc Laptop 15.6 inch Targus CityGear TSS994GL-80 Đen,"Kiểu dáng hình chữ nhật đặc trưng, sử dụng linh hoạt Targus CityGear TSS994GL-80 thiết kế đường viền cong mềm mại, màu nền đen điểm thêm các chi tiết có màu vàng bắt mắt cho thiết kế cao cấp, tinh tế hơn. Sản phẩm có kích thước thực tế 41 x 3.3 x 29.8 cm, nặng chỉ tầm 0.28 kg khi không có máy bên trong, dễ cất giữ và mang đi, túi chống sốc Targus có thể dùng độc lập hoặc nhét vào túi khác tùy theo nhu cầu, hoàn cảnh sử dụng cụ thể. Xem thêm"
balo-laptop-15-6-inch-targus-safire-essential-tbb580gl,Balo Laptop 15.6 inch Targus Safire Essential TBB580GL,"Balo Targus Safire Essential TBB580GL là người bạn đồng hành lý tưởng cho những người làm việc chuyên nghiệp. Sản phẩm sở hữu thiết kế đơn giản, không quá nhiều chi tiết rườm rà, giúp bạn dễ dàng sắp xếp đồ đạc. • Chất liệu Polyester 600D Dobby được ứng dụng trên balo Targus Safire Essential mang lại nhiều ưu điểm cho sản phẩm, nhờ cấu trúc sợi được dệt chặt chẽ, lớp vải này không chỉ nổi bật về độ bền mà còn tạo ra một lớp bảo vệ vững chắc cho thiết bị bên trong. Khả năng chống nước của chất liệu này còn giữ cho vật dụng bên trong được khô ráo khi gặp mưa, giúp bạn an tâm hơn khi di chuyển trong thời tiết xấu. • Balo được thiết kế với ngăn chính rộng rãi có ngăn chứa laptop tiện lợi, đảm bảo khả năng bảo vệ tối ưu cho máy tính của bạn. Ngăn này đủ lớn để chứa vừa vặn các loại laptop có kích thước lên đến 15.6 inch, đồng thời được lót bằng lớp đệm êm ái nhằm giảm thiểu tối đa các va chạm có thể xảy ra trong quá trình di chuyển. Dù bạn sử dụng laptop mỏng nhẹ hay các mẫu máy tính nặng hơn, ngăn chứa này đều có thể đáp ứng tốt nhu cầu bảo quản thiết bị của bạn. Xem thêm"
tui-chong-soc-innostyle-guardiantech-14-inch-gt-c21,Túi chống sốc kèm túi phụ kiện Innostyle GuardianTech 14 inch GT-C21,"Chiếc túi chống sốc kèm túi phụ kiện Innostyle GuardianTech 14 inch GT-C21 là sự lựa chọn phù hợp cho những ai cần một giải pháp bảo vệ toàn diện cho laptop của mình. Với công nghệ chống va đập độc quyền và chất liệu vải cao cấp, sản phẩm này không chỉ bảo vệ tối đa mà còn mang đến sự tiện lợi và phong cách. • Túi chống sốc này được trang bị công nghệ chống va đập độc quyền, mang đến sự bảo vệ 360 độ cho MacBook của bạn. Viền siêu đàn hồi và lớp đệm mềm mật độ cao giúp hấp thụ tốt các lực tác động từ va chạm, rơi rớt hay rung lắc. Đảm bảo chiếc laptop từ 14 inch trở xuống của bạn luôn an toàn, ngay cả trong những tình huống khắc nghiệt. Ngoài ra, chất liệu vải trượt nước được sử dụng cho túi còn mang lại độ bền cao, giúp bảo vệ thiết bị bên trong khỏi nước bắn và bụi bẩn. Xem thêm"
tui-chong-soc-laptop-16-inch-zadez-zlc-8613b,Túi chống sốc Laptop 16 inch Zadez ZLC-8613B,"Túi chống sốc Laptop 16 inch Zadez ZLC-8613B được làm từ chất liệu cao cấp, kiểu dáng đẹp mắt cùng gam màu sang trọng, khóa kéo túi chắc chắn, bền bỉ, hứa hẹn mang đến trải nghiệm tuyệt vời cho người dùng. • Túi chống sốc laptop có kích thước phù hợp với các dòng máy tính xách tay 16 inch. • Túi chống sốc laptop 16 inch được làm từ vải cao su cao cấp, không chỉ bền bỉ mà còn giúp bảo vệ laptop khi rơi rớt, va đập hiệu quả. • Khóa kéo kim loại chắc chắn, giúp giữ an toàn cho thiết bị trong túi đồng thời tạo thêm điểm nhấn nổi bật cho sản phẩm. • Khối lượng chỉ 350 g, cho phép bạn dễ dàng bỏ túi chống sốc laptop Zadez vào balo và mang theo bên mình mà không tạo cảm giác nặng lên vai hoặc lưng. Xem thêm"
tui-chong-soc-laptop-156-inch-zadez-zlc-830,Túi chống sốc Laptop 15.6 inch Zadez ZLC-830,"Túi chống sốc Laptop 15.6 inch Zadez ZLC-830 Đen với thiết kế nhẹ, thanh lịch, dễ mang đi, phù hợp cho cả phái mạnh và phái đẹp lựa chọn để đựng chiếc laptop yêu thích của mình. • Túi chống sốc có dây kéo trượt êm ái, thao tác mượt mà, tiện đóng mở thường xuyên.
• Túi chống sốc Zadez làm từ vải dày dặn, bề mặt mềm mịn, 4 góc bo tròn đảm bảo khi đặt laptop vào bên trong sẽ bảo vệ thiết bị toàn diện, tránh trầy xước.
• Sử dụng vừa vặn với các loại máy tính xách tay có kích thước 15.6 inch."
tui-chong-soc-laptop-14-inch-uniq-water-resistant-neoprene,Túi chống sốc laptop 14 inch UniQ Water - Resistant Neoprene,Không có mô tả
tui-chong-soc-laptop-14-inch-zadez-zlc-8612b,Túi chống sốc Laptop 14 inch Zadez ZLC-8612B,"Túi chống sốc Laptop 14 inch Zadez ZLC-8612B có kiểu dáng đẹp mắt, màu sắc sang trọng, chất liệu bền bỉ, khóa kéo chắc chắn cùng khả năng chống sốc tối ưu, cho bạn trải nghiệm tuyệt vời khi sử dụng. • Túi chống sốc laptop được thiết kế dành riêng cho các dòng laptop có kích thước 14 inch, đây là một giải pháp lý tưởng để bảo vệ laptop của bạn khỏi các tác động, va đập không mong muốn. • Được làm từ vải cao su cao cấp, dày dặn, lớp lót bên trong mềm mại, giúp giảm thiểu rủi ro hỏng hóc cho laptop khi rơi rớt. • Túi chống sốc laptop 14 inch có kiểu dáng thanh lịch, màu đen thời thượng cho người dùng dễ dàng kết hợp với nhiều phong cách khác nhau. •  còn có khóa kéo kim loại chắc chắn, giúp việc sử dụng trở nên mượt mà và dễ dàng hơn. Xem thêm"
tui-xach-chong-soc-laptop-14-inch-innostyle-omniprotect-carry-s114,Túi chống sốc Laptop 14 inch Innostyle OmniProtect carry S114,"Túi xách chống sốc laptop 14 Inch Innostyle OmniProtect carry S114 với kiểu dáng tối giản, gam màu sang trọng, chất liệu bền bỉ, dễ dàng mang theo mọi lúc mọi nơi, cho bạn yên tâm di chuyển suốt chặng đường dài. • Túi xách chống sốc được sản xuất từ chất liệu bền bỉ, đa dạng các tông màu để lựa chọn, phù hợp với mọi độ tuổi. • Túi xách chống sốc Innostyle có kiểu dáng gọn nhẹ, sản xuất phù hợp cho dòng laptop 14 inch. • Thiết kế dây kéo chắc chắn, thao tác đóng mở túi nhẹ nhàng và linh hoạt.
• Túi xách chống sốc 14 inch có lớp đệm êm mịn giúp tránh trầy xước khi tiếp xúc trực tiếp với máy, lớp đệm dày dặn, chịu được va đập cao, bảo quản tối ưu laptop bên trong. Xem thêm"
tui-xach-chong-soc-laptop-16-inch-innostyle-omniprotect-carry-s114,Túi chống sốc Laptop 16 inch Innostyle OmniProtect carry S114,"Túi xách chống sốc laptop 16 inch Innostyle OmniProtect carry S114 sở hữu thiết kế trẻ trung, gam màu đẹp mắt, cầm nắm gọn nhẹ dễ thao tác đóng mở túi, chất liệu bền chắc, giúp người sử dụng bảo quản những thiết bị điện tử an toàn mỗi lần có va đập. • Túi xách chống sốc được làm từ loại vật liệu bền bỉ, giảm thiểu gây hư hại cho thiết bị bên trong khi di chuyển mỗi ngày. • Túi cho khả năng chống sốc hiệu quả, hỗ trợ giảm xóc khi va đập, hạn chế tối đa ảnh hưởng tới phần cứng của máy. • Túi xách chống sốc Innostyle với gam màu sắc trẻ trung, thích hợp cả nam và nữ. Xem thêm"
tui-chong-soc-laptop-16-inch-uniq-cyprus-water-resistant-neoprene,Túi chống sốc laptop 16 inch UniQ Cyprus Water - Resistant Neoprene,Không có mô tả
tui-dung-laptop-14-inch-uniq-vienna-protective-nylon,Túi đựng laptop 14 inch UniQ Vienna Protective Nylon,Không có mô tả
tui-dung-laptop-14-inch-uniq-oslo-with-foldable-stand,Túi đựng laptop 14 inch UniQ Oslo With Foldable Stand,Không có mô tả
tui-dung-laptop-16-inch-uniq-vienna-protective-nylon,Túi đựng laptop 16 inch UniQ Vienna Protective Nylon,Không có mô tả
tui-chong-soc-laptop-16-inch-innostyle-omniprotect-s112,Túi chống sốc laptop 16 inch Innostyle OmniProtect S112,"Túi chống sốc laptop 16 inch Innostyle OmniProtect S112 với diện mạo đẹp mắt, sản xuất từ chất liệu cao cấp và bền bỉ mang đến khả năng bảo vệ toàn diện cho laptop và các phụ kiện khác, đáp ứng tiêu chí bền đẹp và di động mang theo mọi nơi. • Thiết kế vừa tối giản vừa thanh lịch, phù hợp cả nam và nữ. Túi chống sốc được hoàn thiện tỉ mỉ từng đường kim mũi chỉ gia tăng sự chắc chắn. • Chất liệu vải cao cấp, lớp đệm mút dày dặn nhưng vẫn đảm bảo khối lượng nhẹ, giúp bảo vệ các thiết bị điện tử nằm trong túi chống sốc Innostyle 1 cách tối ưu đồng thời tiện mang theo. • Túi chống sốc 16 inch trang bị nhiều ngăn tiện lợi, ngăn chính đựng vừa 1 chiếc laptop 16 inch, ngăn phụ phía trước có thể bỏ vừa các phụ kiện nhỏ như: cáp sạc, sạc dự phòng, tai nghe,... Xem thêm"
balo-laptop-15-6-inch-innostyle-colorlite-lightweight-p21blk,Balo Laptop 15.6 inch Innostyle Colorlite Lightweight P21BLK,"Balo Laptop 15.6 inch Innostyle Colorlite Lightweight P21BLK có thiết kế thanh lịch, tích hợp nhiều ngăn, chất liệu bền bỉ, đảm bảo mang đến cho người dùng trải nghiệm sử dụng tuyệt vời. • Balo laptop có thiết kế thời trang, khối lượng gọn nhẹ. • Kích thước túi rộng, dễ dàng mang theo laptop, sách vở, quần áo và các vật dụng cá nhân khác một cách tiện lợi và an toàn. • Được làm từ chất liệu cao cấp, khóa kéo bền bỉ, đường may tinh tế và chắc chắn. • Balo laptop 15.6 inch có nhiều ngăn thông minh để bạn sắp xếp đồ đạc một cách hợp lý. • Quai đeo mềm mại, êm ái, tạo sự thoải mái khi mang theo. Xem thêm"
tui-chong-soc-laptop-14-inch-targus-pulse-sleeve-tss94804eu-50,Túi chống sốc Laptop 14 inch Targus Pulse Sleeve TSS94804EU-50,"Túi chống sốc Laptop 14 inch Targus Pulse Sleeve TSS94804EU-50 Đen sở hữu thiết kế sang trọng, mỏng nhẹ, bảo vệ thiết bị an toàn. • Túi chống sốc Targus đường nét thiết kế tinh tế, chắc chắn. • Thiết kế hiện đại, màu đen mạnh mẽ, mỏng nhẹ dễ mang đi. • Túi chống sốc phù hợp để bảo quản laptop, máy tính bảng kích thước 14 inch. • Chất liệu nhựa giả da bền bỉ, lớp lót mềm mại, giúp bảo vệ thiết bị không bị trầy xước. Xem thêm"
tui-dung-laptop-14-inch-uniq-lyon-snug-fit,Túi đựng laptop 14 inch UniQ Lyon Snug - Fit,Không có mô tả
tui-dung-laptop-16-inch-uniq-lyon-snug-fit,Túi đựng laptop 16 inch UniQ Lyon Snug - Fit,Không có mô tả
balo-laptop-arctic-hunter-b00120-den,Balo Laptop 15.6 inch Arctic Hunter B00120,"Balo Laptop 15.6 inch Arctic Hunter B00120 là lựa chọn lý tưởng cho những ai cần một chiếc túi bền, đẹp và tiện dụng. Với thiết kế chống nước và chất liệu cao cấp, balo này không chỉ đáng tin cậy mà còn rất bền bỉ. Với thiết kế thông minh, sản phẩm sẽ giúp bạn dễ dàng sắp xếp và lấy đồ, đáp ứng mọi nhu cầu khi đi làm, du lịch hay tham dự cuộc họp. • Balo được thiết kế với ngăn chính rộng rãi, tương thích với laptop 15.6 inch, được lót bằng lớp đệm cao cấp giúp bảo vệ thiết bị khỏi va đập và trầy xước. Ngoài ra, ngăn này còn được trang bị thêm các túi nhỏ, cho phép bạn sắp xếp các phụ kiện như chuột, sạc và cáp một cách gọn gàng và tiện lợi. • Phía trước balo 15.6 inch là hai ngăn phụ với một ngăn có thể đựng vừa iPad lên đến 9.7 inch và một ngăn đựng các phụ kiện nhỏ. Thêm nữa, ở ngăn iPad hãng còn được may thêm các túi đựng nhỏ để đựng điện thoại, sổ tay, hộp kính hay bút viết. Sự sắp xếp thông minh này không chỉ giúp bạn dễ dàng tổ chức đồ đạc mà còn đảm bảo mọi thứ luôn trong tầm tay. Xem thêm"
tui-chong-soc-laptop-16-inch-tomtoc-spill-resistant,Túi chống sốc Laptop 16 inch Tomtoc Spill Resistant A22,"Nếu bạn đang tìm kiếm một giải pháp bảo vệ an toàn và phong cách cho chiếc laptop 16 inch của mình, túi chống sốc Laptop Tomtoc Spill Resistant chính là lựa chọn lý tưởng. Được thiết kế với sự kết hợp hoàn hảo giữa tính năng chống va đập sản phẩm không chỉ giúp bảo vệ thiết bị trước những rủi ro trong quá trình di chuyển mà còn giữ cho máy luôn sạch sẽ. Bảo vệ toàn diện với công nghệ CornerArmor và lớp đệm 360 độ Khi lựa chọn một chiếc túi chống sốc cho laptop, yếu tố quan trọng nhất chính là khả năng bảo vệ toàn diện cho thiết bị trong mọi tình huống. Với túi chống sốc Laptop 16 inch Tomtoc Spill Resistant, bạn hoàn toàn có thể yên tâm nhờ vào việc ứng dụng công nghệ độc quyền CornerArmor. Xem thêm"
tui-chong-soc-laptop-16-inch-tomtoc-terra,Túi chống sốc Laptop 16 inch Tomtoc Terra A27,Không có mô tả
balo-laptop-17-3-inch-tomtoc-urbanex-t65m1d1,Balo Laptop 17.3 inch Tomtoc UrbaNex T65M1D1,"Luôn di chuyển giữa công việc và cuộc sống, bạn cần một chiếc balo vừa bảo vệ laptop tốt, vừa thể hiện phong cách chuyên nghiệp. Balo Laptop 17.3 inch Tomtoc UrbaNex T65M1D1 chính là lựa chọn lý tưởng: thiết kế hiện đại, chống sốc hiệu quả, chất liệu bền bỉ và tiện dụng tối đa. Đây không chỉ là vật dụng mang theo mỗi ngày, mà còn là người bạn đồng hành đậm chất thời trang. Thiết kế đột phá và chất liệu bền bỉ Balo Tomtoc này gây ấn tượng mạnh ngay từ cái nhìn đầu tiên với thiết kế hiện đại, tối giản nhưng không kém phần sang trọng. Được làm từ chất liệu vải nylon cao cấp chống nước, balo không chỉ giúp bảo vệ laptop khỏi những tác động từ môi trường. Các đường may tỉ mỉ, chắc chắn càng khẳng định chất lượng sản phẩm. Xem thêm"
balo-laptop-15-6-inch-tucano-rollo,Balo Laptop 15.6 inch Tucano Rollo,Không có mô tả
tui-chong-soc-laptop-13-jinya-ja3005,Túi chống sốc laptop 13 inch Jinya JA3005,"Túi chống sốc laptop 13 inch Jinya JA3005 có thiết kế đơn giản, cho bạn dễ dàng cất và lấy laptop ra khi cần Xem thêm"
tui-chong-soc-laptop-13-inch-tucano-top-second-skin,Túi chống sốc Laptop 13 inch Tucano Top Second Skin,"Nếu bạn đang tìm kiếm một giải pháp bảo vệ toàn diện cho chiếc laptop 13 inch yêu quý của mình mà vẫn muốn thể hiện cá tính năng động, trẻ trung và hiện đại, thì chiếc túi chống sốc Tucano Top Second Skin chính là lựa chọn không thể bỏ qua. Được thiết kế với kiểu dáng gọn gàng, chất liệu cao cấp cùng lớp chống sốc hiệu quả, sản phẩm không chỉ mang đến sự an tâm khi di chuyển mà còn là phụ kiện thời trang đậm chất cá nhân. • Ngay từ cái nhìn đầu tiên, túi chống sốc Tucano gây ấn tượng bởi họa tiết camo thời thượng, mang đậm phong cách quân đội, nhưng lại được phối màu nhẹ nhàng, hiện đại. • Màu sắc xanh rêu, nâu, vàng xen kẽ tạo nên sự hài hòa bắt mắt, phù hợp với nhiều phong cách từ năng động, cá tính cho đến giản dị, thanh lịch. Đây chính là điểm cộng lớn giúp sản phẩm nổi bật giữa vô vàn mẫu túi laptop thông thường khác. • Túi chống sốc được làm từ chất liệu cao cấp có độ đàn hồi tốt, mềm mại nhưng vô cùng bền bỉ. Bên trong túi, lớp lót mềm mại giúp bảo vệ tối đa bề mặt laptop khỏi trầy xước, bụi bẩn và các tác động từ môi trường. Xem thêm"
tui-chong-soc-laptop-14-inch-jcpal-milan-briefcase,Túi Chống Sốc Laptop 14 inch JCPAL Milan Briefcase,Không có mô tả
balo-laptop-16-inch-tomtoc-limited-edition-vintpack,Balo Laptop 16 inch Tomtoc Limited Edition Vintpack TA1,Không có mô tả
tui-chong-soc-laptop-15-inch-tomtoc-protective,Túi chống sốc Laptop 15 inch Tomtoc Protective A13,Không có mô tả
tui-chong-soc-laptop-15-inch-tomtoc-defender-kit,Túi chống sốc Laptop 15 inch Tomtoc Defender Kit A13,"Sự kết hợp giữa thiết kế hiện đại và tính năng bảo vệ vượt trội chính là điểm nổi bật của túi chống sốc Laptop 15 inch Tomtoc Defender Kit. Sản phẩm được tạo ra nhằm đáp ứng nhu cầu bảo vệ laptop ngày càng cao của người dùng hiện đại. Với lớp đệm chống sốc dày dặn và chất liệu cao cấp, bộ Defender Kit không chỉ bảo vệ tối ưu thiết bị mà còn mang lại vẻ ngoài tinh tế, chuyên nghiệp. • Sở hữu phong cách thiết kế thanh lịch với gam màu trung tính nhẹ nhàng, túi chống sốc này phù hợp cho cả môi trường công sở lẫn sử dụng hằng ngày. Form túi gọn gàng, dễ dàng bỏ vào balo hoặc túi xách mà không gây cồng kềnh. • Túi chống sốc 15 inch này được trang bị lớp bảo vệ đặc biệt tại bốn góc túi – vị trí dễ tổn thương nhất khi rơi rớt – giúp tăng cường khả năng chống va đập hiệu quả. Xem thêm"
balo-laptop-16-inch-tomtoc-techpack-t73s1d1,Balo Laptop 16 inch Tomtoc Techpack T73S1D1,"Mỗi hành trình đều cần một người bạn đồng hành đáng tin cậy – và với những ai luôn mang theo công nghệ bên mình, balo laptop 16 inch Tomtoc Techpack T73S1D1 chính là lựa chọn xứng tầm. Với vẻ ngoài hiện đại đồng thời sản phẩm gây tượng ở chất lượng và tính năng, chiếc balo này được sinh ra để phục vụ cho cuộc sống hiện đại: gọn gàng, linh hoạt và bảo vệ tối ưu. Thiết kế hiện đại và bền bỉ Balo Tomtoc gây ấn tượng ngay từ cái nhìn đầu tiên với thiết kế tinh tế và hiện đại, phù hợp với phong cách của giới trẻ năng động cũng như những người làm việc chuyên nghiệp. Vỏ ngoài được làm từ chất liệu X-PAC cao cấp, giúp bảo vệ an toàn cho thiết bị và các vật dụng. Xem thêm"
balo-laptop-14-inch-tomtoc-flap-ta1s1y1,Balo Laptop 14 inch Tomtoc Flap TA1S1Y1,"Trong nhịp sống hiện đại, một chiếc balo không chỉ để đựng đồ mà còn là người bạn đồng hành trong công việc, học tập hay du lịch. Đặc biệt với những ai thường xuyên mang theo laptop, việc lựa chọn một balo vừa tiện dụng, vừa bảo vệ thiết bị là điều không thể bỏ qua. Balo Laptop 14 inch Tomtoc Flap TA1S1Y1 nổi bật với thiết kế thông minh, không gian lưu trữ hợp lý và sự chăm chút tỉ mỉ, là lựa chọn lý tưởng cho nhu cầu sử dụng hàng ngày. Dung tích lớn nhưng vẫn gọn gàng Một trong những điểm nổi bật đầu tiên của balo Tomtoc chính là dung tích chứa đồ lớn nhưng vẫn đảm bảo tổng thể gọn gàng và linh hoạt. Được phát triển từ dòng sản phẩm VintPack, chiếc balo này mang trong mình khả năng lưu trữ cực kỳ hợp lý, sẵn sàng đáp ứng đầy đủ nhu cầu của bạn. Xem thêm"
balo-laptop-15-6-inch-tucano-gommo,Balo Laptop 15.6 inch Tucano Gommo,Không có mô tả
tui-xach-chong-soc-laptop-14-inch-tucano-gommo-superslim,Túi xách chống sốc Laptop 14 inch Tucano Gommo Superslim,Không có mô tả
