id_product,name_product,description
huawei-watch-fit-4,Huawei Watch Fit 4 43mm dây silicone,"Huawei vừa chính thức trình làng Huawei Watch Fit 4, một trong những mẫu smartwatch nổi bật nhất năm 2025. Thiết bị không chỉ gây ấn tượng bởi thiết kế nhẹ nhàng, thể thao mà còn được tích hợp hàng loạt công nghệ theo dõi sức khỏe tiên tiến cùng hiệu năng mạnh mẽ. Đây là lựa chọn lý tưởng cho những ai tìm kiếm một thiết bị đeo tay thông minh vừa tiện ích, vừa phong cách. Thiết kế tối giản, đa dụng cho mọi hoàn cảnh Phiên bản Watch Fit 4 sở hữu thiết kế trẻ trung và hiện đại, với dây đeo làm từ chất liệu silicone cao cấp. Ưu điểm của loại dây này là mềm mại, đàn hồi tốt, không gây kích ứng da, phù hợp với cả người dùng nhạy cảm hoặc vận động nhiều. Xem thêm"
huawei-watch-fit-4-pro,Huawei Watch Fit 4 Pro 44.5mm dây silicone,"Huawei tiếp tục khẳng định vị thế trong thị trường thiết bị đeo thông minh với sự ra mắt của Huawei Watch Fit 4 Pro, mẫu smartwatch cao cấp nhất trong dòng Fit 2025. Được thiết kế hướng đến người dùng yêu thích thể thao, công nghệ và sự chính xác, phiên bản Pro nổi bật với thiết kế chắc chắn, khả năng định vị độc lập và các tính năng theo dõi sức khỏe chuyên sâu. Thiết kế mạnh mẽ, hoàn thiện cao cấp Đồng hồ thông minh Huawei Watch Fit sở hữu thiết kế cao cấp đầy tinh tế với mặt kính Sapphire nhân tạo (công bố từ hãng) có độ cứng cao, hỗ trợ hạn chế trầy xước hiệu quả và giữ cho đồng hồ luôn sáng bóng như mới. Bao quanh là viền Titanium siêu nhẹ nhưng cực kỳ bền chắc, mang lại vẻ ngoài sang trọng mà vẫn đảm bảo độ bền trong mọi điều kiện sử dụng. Xem thêm"
huawei-watch-fit-4-pro-day-nylon,Huawei Watch Fit 4 Pro 44.5mm dây nylon,"Huawei tiếp tục khẳng định vị thế tiên phong trong lĩnh vực thiết bị đeo thông minh với Huawei Watch Fit 4 Pro dây nylon, lựa chọn hoàn hảo cho những ai yêu thích sự năng động, công nghệ và chăm sóc sức khỏe cá nhân toàn diện. Không chỉ nâng tầm thiết kế, phiên bản này còn sở hữu hàng loạt tính năng hiện đại, đáp ứng đầy đủ nhu cầu luyện tập, làm việc và sinh hoạt hàng ngày. Thiết kế cao cấp, dây nylon nhẹ nhàng, thoải mái cả ngày Đồng hồ thông minh Huawei gây ấn tượng với mặt kính Sapphire nhân tạo (công bố từ hãng), hạn chế trầy xước, giữ cho mặt đồng hồ luôn sáng bóng dù bạn vận động liên tục. Khung hợp kim nhôm kết hợp viền Titanium siêu nhẹ mang lại sự chắc chắn mà không làm tăng trọng lượng. Xem thêm"
xiaomi-redmi-watch-5,Xiaomi Redmi Watch 5 47.5 mm dây TPU,"Tại sự kiện ra mắt sản phẩm mới, Xiaomi không chỉ trình làng các thiết bị di động mà còn gây chú ý khi giới thiệu chiếc smartwatch thế hệ mới - Xiaomi Redmi Watch 5. Theo thông tin chính thức, Redmi Watch 5 mang đến nhiều cải tiến ấn tượng, bao gồm thiết kế hiện đại, màn hình AMOLED lớn 2.07 inch, hệ điều hành HyperOS 2.0 mạnh mẽ, thời lượng pin đáng kinh ngạc lên đến 24 ngày,... Diện mạo thời thượng đi cùng màn hình kích thước khủng Đồng hồ thông minh Xiaomi được trang bị màn hình AMOLED với kích thước lên đến 2.07 inch với độ phân giải 432 x 514 pixels, hỗ trợ tần số quét 60 Hz và độ sáng ấn tượng 1.500 nits. Điều này đảm bảo khả năng hiển thị rõ nét, sống động ngay cả dưới ánh sáng mặt trời. Đặc biệt, màn hình chiếm đến 82% diện tích mặt trước, kết hợp với viền siêu mỏng chỉ 2 mm, mang lại vẻ đẹp tinh tế và đẳng cấp cho thiết kế tổng thể. Xem thêm"
huawei-watch-gt-5-46mm-vien-thep-day-cao-su,Huawei Watch GT 5 46mm viền thép dây cao su,"Huawei Watch GT 5 46mm viền thép dây cao su là mẫu đồng hồ thông minh mang lại sự cân bằng hoàn hảo giữa thiết kế tinh tế và chức năng hiện đại. Không chỉ sở hữu vẻ ngoài cuốn hút, thiết bị này còn tích hợp những tính năng ưu việt nhằm hỗ trợ người dùng trong việc theo dõi sức khỏe, tập luyện thể thao và trải nghiệm công nghệ tiên tiến. Nếu bạn đang tìm kiếm một chiếc đồng hồ thông minh với hiệu suất vượt trội và thời lượng pin dài, Huawei Watch GT 5 sẽ là sự lựa chọn lý tưởng. Thiết kế thời thượng, bền bỉ Đồng hồ thông minh Huawei nổi bật với thiết kế hài hòa giữa cổ điển và hiện đại, mang lại cảm giác sang trọng và thanh lịch. Mặt đồng hồ tròn cổ điển được gia công tỉ mỉ với , tạo nên sự bóng bẩy và đẳng cấp khi đeo trên cổ tay. Xem thêm"
huawei-watch-gt-5-pro-46mm-vien-titanium-day-cao-su,Huawei Watch GT 5 Pro 46mm viền Titanium dây cao su,"Huawei Watch GT 5 Pro là sự hội tụ giữa phong cách đẳng cấp và công nghệ tiên tiến. Thiết kế đầy cuốn hút với độ bền vượt trội, mẫu đồng hồ này không chỉ là một thiết bị thời trang mà còn là công cụ hỗ trợ sức khỏe hữu ích. Với khả năng đo điện tâm đồ (ECG), giám sát giấc ngủ, cung cấp các chế độ luyện tập phong phú,... chiếc đồng hồ giúp bạn dễ dàng kiểm soát sức khỏe và điều chỉnh lối sống. Pin của GT 5 Pro có thể kéo dài tới 14 ngày, mang lại sự tiện lợi cho người dùng mà không cần phải sạc thường xuyên. Thiết kế tinh tế và độ bền vượt trội Xem thêm"
huawei-watch-gt-5,Huawei Watch GT 5 41mm viền thép dây cao su,"Huawei Watch GT 5 là sự kết hợp hoàn hảo giữa thiết kế thời thượng, công nghệ tiên tiến và hiệu năng mạnh mẽ. Chiếc đồng hồ này không chỉ là công cụ hỗ trợ theo dõi sức khỏe 24/7 mà còn mang đến khả năng tập luyện chuyên nghiệp và kết nối liền mạch, ở bất cứ nơi đâu. Thiết kế tinh tế, cuốn hút trong từng chi tiết Sở hữu vẻ ngoài kết hợp giữa phong cách cổ điển và hiện đại, Huawei Watch GT 5 mang đến sự sang trọng khó cưỡng. Thiết kế mặt tròn tinh xảo với viền thép không gỉ sáng bóng giúp đồng hồ trở nên nổi bật khi đeo trên cổ tay. Chất liệu dây cao su mềm mại nhưng chắc chắn, mang lại cảm giác vừa vặn, dễ chịu trong mọi hoạt động hằng ngày. Xem thêm"
huawei-watch-d2-day-cao-su,Huawei Watch D2 48mm dây cao su,"Huawei Watch D2 dây cao su không chỉ là một chiếc đồng hồ thông minh với thiết kế hiện đại và đẹp mắt, mà còn được trang bị những tính năng sức khỏe tiên tiến, hỗ trợ tối ưu cho luyện tập và cuộc sống hàng ngày của người dùng. Đặc biệt, Huawei Watch D2 nổi bật với khả năng theo dõi huyết áp liên tục (ABPM), theo dõi điện tâm đồ (ECG), cùng hàng loạt tính năng thông minh khác, giúp cải thiện sức khỏe tổng thể và tạo điều kiện tối ưu cho việc quản lý lối sống. Thiết kế mỏng nhẹ với màn hình lớn Đồng hồ thông minh Huawei có thiết kế thanh lịch với mặt đồng hồ AMOLED 1.82 inch, độ phân giải 480 x 408 pixels, cho hình ảnh sắc nét, rực rỡ và độ tương phản cao. Với lớp viền mỏng bao quanh màn hình, đồng hồ tạo cảm giác tràn viền, mang đến trải nghiệm thị giác tốt nhất. Xem thêm"
huawei-watch-gt-5-41mm-vien-thep-day-da,Huawei Watch GT 5 41mm viền thép dây da,"Huawei Watch GT 5 41mm viền thép dây da là một tác phẩm nghệ thuật công nghệ, kết hợp hài hòa giữa vẻ đẹp thanh lịch và những tính năng thông minh. Với thiết kế nhỏ gọn, thời thượng, chiếc đồng hồ này không chỉ là một phụ kiện thời trang mà còn là người bạn đồng hành đắc lực trong việc chăm sóc sức khỏe và nâng cao chất lượng cuộc sống. Thiết kế thanh lịch, chất liệu bền bỉ Đồng hồ thông minh Huawei gây ấn tượng bởi sự mỏng nhẹ, giúp người đeo cảm thấy thoải mái suốt cả ngày. Với màn hình cảm ứng 1.32 inch, mọi thao tác vuốt chạm trở nên mượt mà và dễ dàng. Khung viền đồng hồ được làm từ thép không gỉ sáng bóng, kết hợp với dây đeo bằng da mềm mại, tạo nên tổng thể sang trọng và lịch lãm cho người sử dụng. Xem thêm"
huawei-watch-gt-5-41mm-vien-thep-day-milanese,Huawei Watch GT 5 41mm viền thép dây Milanese,"Huawei Watch GT 5 41mm viền thép dây Milanese không chỉ là một chiếc đồng hồ thông minh, đó là một tuyên ngôn về phong cách. Với sự kết hợp hoàn hảo giữa thiết kế sang trọng và công nghệ tiên tiến, chiếc đồng hồ này không chỉ nâng tầm vẻ ngoài của bạn mà còn là người bạn đồng hành lý tưởng trong cuộc sống hiện đại. Thiết kế tinh tế, đẳng cấp trong từng đường nét Đồng hồ thông minh Huawei mang phong cách thiết kế cổ điển nhưng vẫn đậm chất hiện đại. Mặt đồng hồ tròn với khung được chế tác từ thép không gỉ cao cấp, tạo nên vẻ ngoài thanh lịch và bền bỉ theo thời gian. Viền màn hình siêu mỏng không chỉ mở rộng không gian hiển thị mà còn tăng thêm tính thẩm mỹ cho sản phẩm. Xem thêm"
huawei-watch-gt-5-46mm-vien-thep-day-da,Huawei Watch GT 5 46mm viền thép dây da,"Huawei Watch GT 5 46mm là một chiếc đồng hồ thông minh mang lại sự kết hợp hoàn hảo giữa thiết kế sang trọng và các tính năng hiện đại. Đây không chỉ là một phụ kiện thời trang, mà còn là một thiết bị hỗ trợ toàn diện cho sức khỏe và lối sống của người dùng. Nếu bạn đang tìm kiếm một chiếc đồng hồ thông minh với hiệu suất mạnh mẽ và pin lâu dài, Huawei Watch GT 5 chắc chắn sẽ là lựa chọn không thể bỏ qua. Thiết kế tinh xảo, sang trọng và bền bỉ Đồng hồ thông minh Huawei được thiết kế với sự tinh tế, kết hợp hài hòa giữa phong cách cổ điển và hiện đại. Mặt đồng hồ tròn mang nét cổ điển, cùng với khung viền bằng thép không gỉ tạo nên vẻ ngoài chắc chắn nhưng vẫn sang trọng. Chất liệu dây da cao cấp không chỉ mang đến sự lịch lãm mà còn đảm bảo sự thoải mái khi đeo trong thời gian dài. Xem thêm"
huawei-watch-gt-5-46mm-vien-thep-day-woven,Huawei Watch GT 5 46mm viền thép dây Woven,"Huawei Watch GT 5 46mm viền thép dây Woven là một tác phẩm nghệ thuật công nghệ, kết hợp hài hòa giữa vẻ đẹp thẩm mỹ và những tính năng thông minh. Không chỉ là một phụ kiện thời thượng, chiếc đồng hồ này còn là người bạn đồng hành đắc lực, hỗ trợ bạn theo dõi sức khỏe, nâng cao chất lượng cuộc sống. Với thời lượng pin ấn tượng, Huawei Watch GT 5 chắc chắn sẽ đáp ứng mọi nhu cầu của bạn, ngay cả trong những chuyến đi dài. Thiết kế sang trọng và bền bỉ Huawei Watch GT 5 Series sở hữu thiết kế cao cấp, thời thượng với viền thép không gỉ cao cấp, mang lại sự bền bỉ và sang trọng cho người đeo. Mặt đồng hồ được bảo vệ bởi chắc chắn, chống trầy xước và va đập, giúp giữ vẻ ngoài hoàn hảo trong mọi hoạt động hàng ngày. Xem thêm"
huawei-watch-gt-5-pro-46mm-day-titanium,Huawei Watch GT 5 Pro 46mm viền Titanium dây Titanium,"Đồng hồ thông minh Huawei Watch GT 5 Pro dây Titanium là sự kết hợp hoàn hảo giữa thiết kế sang trọng và công nghệ hiện đại. Với diện mạo mạnh mẽ, khung viền Titanium chống trầy xước và độ bền cao, GT 5 Pro không chỉ bền bỉ mà còn toát lên vẻ đẳng cấp. Đồng hồ sở hữu các tính năng vượt trội như đo điện tâm đồ (ECG), theo dõi sức khỏe, quản lý giấc ngủ và chế độ luyện tập chuyên sâu, giúp bạn dễ dàng kiểm soát sức khỏe và cải thiện lối sống hằng ngày. Pin bền bỉ lên đến 14 ngày cho phép bạn yên tâm sử dụng mà không cần sạc thường xuyên. Thiết kế cao cấp và bền bỉ Xem thêm"
huawei-watch-gt-5-41mm-vien-thep-day-woven,Huawei Watch GT 5 41mm viền thép dây Woven,"Huawei Watch GT 5 41mm viền thép dây Woven mang đến sự kết hợp hoàn hảo giữa phong cách thời trang và hiệu suất mạnh mẽ. Sản phẩm không chỉ là một công cụ theo dõi sức khỏe vượt trội, mà còn tích hợp tính năng hỗ trợ luyện tập thể thao chuyên nghiệp và khả năng kết nối thông minh. Đây sẽ là một người bạn đồng hành đáng tin cậy trong mọi hoạt động hàng ngày của người dùng. Thiết kế sang trọng, tinh tế đến từng chi tiết Đồng hồ thông minh Huawei sở hữu một thiết kế vừa cổ điển vừa hiện đại, thu hút ánh nhìn ngay từ cái nhìn đầu tiên. Mặt đồng hồ tròn cổ điển được làm bằng thép không gỉ sáng bóng, bề mặt phủ lớp kính cường lực cứng cáp tạo nên sự thanh lịch và bền bỉ. Xem thêm"
huawei-watch-gt-5-pro-42mm-vien-gom-day-cao-su,Huawei Watch GT 5 Pro 42mm viền gốm dây cao su,"Huawei Watch GT 5 Pro 42mm dây cao su là một tuyệt tác công nghệ và thời trang. Với thiết kế thanh lịch, viền gốm sang trọng và dây đeo cao su mềm mại, chiếc đồng hồ này không chỉ là một phụ kiện thời thượng mà còn là người bạn đồng hành đắc lực trong việc theo dõi sức khỏe, luyện tập thể thao và cuộc sống hằng ngày cho người dùng. Thiết kế sang trọng, thời thượng từ vật liệu cao cấp Là sự kết hợp hoàn hảo giữa phong cách thời trang và tính năng hiện đại với viền gốm tinh thể nano sang trọng, kết hợp mặt kính Sapphire cao cấp, đồng hồ thông minh Huawei không chỉ bền bỉ mà còn mang đến cảm giác thanh lịch và tinh tế, khả năng chống trầy xước hiệu quả giúp đồng hồ luôn sáng bóng như mới. Xem thêm"
huawei-watch-d2-day-da,Huawei Watch D2 48mm dây da,"Huawei Watch D2 dây da là sản phẩm đồng hồ thông minh hiện đại, mang thiết kế tinh tế và tích hợp nhiều tính năng tiên tiến, đáp ứng nhu cầu chăm sóc sức khỏe và hỗ trợ tối ưu cho người dùng trong cả hoạt động hàng ngày và quá trình tập luyện. Điểm nhấn của Huawei Watch D2 chính là khả năng đo huyết áp liên tục (ABPM) và theo dõi điện tâm đồ (ECG), giúp người dùng quản lý sức khỏe một cách hiệu quả và chủ động hơn. Ngoài ra, đồng hồ còn đi kèm nhiều tính năng thông minh khác, mang lại tiện ích đa dạng trong việc chăm sóc sức khỏe tổng thể và quản lý lối sống. Thiết kế mỏng nhẹ, màn hình sắc nét Xem thêm"
huawei-watch-gt-5-pro-42mm-vien-gom-day-gom,Huawei Watch GT 5 Pro 42mm viền gốm dây gốm,"Huawei Watch GT 5 Pro 42mm là sự kết hợp tuyệt vời giữa công nghệ hiện đại và thời trang cao cấp. Với thiết kế tinh tế cùng vật liệu cao cấp, chiếc đồng hồ này không chỉ đóng vai trò là phụ kiện sành điệu mà còn trở thành trợ thủ đắc lực cho người dùng trong việc chăm sóc sức khỏe, luyện tập thể thao và hỗ trợ cuộc sống hằng ngày. Thiết kế sang trọng từ chất liệu cao cấp Huawei Watch GT 5 Pro nổi bật với chất liệu viền và dây gốm tinh thể nano cao cấp, mang đến vẻ đẹp và độ bền ấn tượng. Viền gốm tinh thể nano là một bước tiến công nghệ trong ngành sản xuất đồng hồ, được chế tạo từ những hạt gốm siêu mịn có kích thước nanomet, mang lại cho sản phẩm độ sáng bóng và khả năng chống trầy xước vượt trội. Chất liệu này không chỉ chống ăn mòn tốt hơn so với các vật liệu truyền thống mà còn giữ được độ bền và độ sáng qua thời gian sử dụng. Xem thêm"
apple-watch-s10,Apple Watch Series 10 42mm viền nhôm dây thể thao,"Trong sự kiện ra mắt sản phẩm mới It's Glowtime tháng 9/2024, bên cạnh các dòng iPhone 16 thì Apple Watch Series 10 42mm - một bước tiến mới trong các dòng smartwatch của nhà Apple cũng được trình làng. Với màn hình OLED lớn và sáng vượt trội, cùng với hàng loạt tính năng sức khỏe và thể thao tiên tiến, chiếc đồng hồ này không chỉ là một phụ kiện thời trang mà còn là một trợ thủ đắc lực cho cuộc sống hiện đại. Mang phong cách thiết kế tối giản, sang trọng Apple Watch Series 10 sở hữu một trong những điểm nhấn đáng chú ý nhất chính là phiên bản vỏ hợp kim nhôm màu đen tuyền. Để tạo ra lớp vỏ đen bóng đẹp mắt này, Apple đã áp dụng công nghệ đánh bóng nano kết hợp với quy trình anod hóa 30 bước vô cùng phức tạp. Xem thêm"
samsung-galaxy-watch7,Samsung Galaxy Watch7 40mm dây silicone,"Đặc điểm nổi bật của Galaxy Watch 7
• Hiệu suất mạnh mẽ nhờ vi xử lý thế hệ mới Exynos W1000
• Khung hợp kim nhôm và kính Sapphire bền bỉ
• Tấm nền Super AMOLED độ phân giải cao, sắc nét
• Hiểu rõ thể chất bản thân hơn với Galaxy Al
• Tập luyện nâng cao với vô vàn tính năng hỗ trợ Tại sự kiện Galaxy Unpacked tháng 7/2024, Samsung không chỉ khuấy đảo thị trường di động với những chiếc smartphone mới mà còn giới thiệu thế hệ smartwatch mới đầy ấn tượng - Galaxy Watch7. Mang trong mình thiết kế tràn viền thời thượng, bộ vi xử lý mạnh mẽ, cảm biến sức khỏe hiện đại,... sản phẩm hứa hẹn mang đến cho người dùng những trải nghiệm đầy mới mẻ, hữu ích. Xem thêm"
samsung-galaxy-watch7-44mm,Samsung Galaxy Watch7 44mm dây silicone,"Mang trong mình vẻ ngoài sang trọng, thời thượng cùng bộ tính năng theo dõi sức khỏe toàn diện, Samsung Galaxy Watch7 44mm xứng đáng là biểu tượng cho dòng đồng hồ thông minh Android. Sản phẩm hứa hẹn mang đến trải nghiệm hoàn hảo, đáp ứng mọi nhu cầu của những người đam mê thể thao và yêu thích công nghệ. Theo dõi sức khỏe toàn diện với trợ lý Galaxy Al Được trang bị cảm biến 3 trong 1 BioActive thế hệ thứ 2 hiện đại, đồng hồ thông minh Galaxy Watch7 mang đến khả năng theo dõi sức khỏe toàn diện cho người dùng, khi có thể đo lường các chỉ số sức khỏe quan trọng như chỉ số nhịp tim, điện tâm đồ, SpO2, đo huyết áp,... Xem thêm"
samsung-galaxy-watch7-lte-40mm,Samsung Galaxy Watch7 LTE 40mm dây silicone,"Tại sự kiện Galaxy Unpacked tháng 7/2024, Samsung đã chính thức trình làng thế hệ smartwatch mới mang tên Galaxy Watch7 LTE 40mm. Không chỉ hứa hẹn trở thành trợ thủ đắc lực cho người dùng trong việc theo dõi và đo đạc các chỉ số sức khỏe, thiết bị còn ghi điểm bởi thiết kế sang trọng, thời thượng, góp phần tô điểm phong cách cho người sở hữu. Hệ thống cảm biến sức khỏe đa năng Đóng vai trò như một trợ lý sức khỏe khi được trang bị cảm biến BioActive 3 trong 1 thế hệ thứ 2 tân tiến, Galaxy Watch7 có thể đo điện tâm đồ, đo huyết áp, nhịp tim và mức độ căng thẳng, phân tích thành phần cơ thể,... cung cấp cho bạn hình ảnh toàn diện về tình trạng sức khỏe của bản thân. Xem thêm"
mi-band-9-pro,Xiaomi Mi Band 9 Pro dây TPU,"Tại sự kiện ra mắt sản phẩm mới, bên cạnh các thiết bị di động, Xiaomi cũng đã trình làng 2 thiết bị đeo tay mới là Mi Band 9 Pro và Mi Band 9 Active. Sở hữu thiết kế hiện đại, năng động, tính năng sức khỏe, luyện tập đa dạng, độ chính xác được cải thiện,... đáp ứng tối ưu hơn cho trải nghiệm người dùng. Thiết kế năng động nhưng không kém phần thời thượng Vòng đeo tay thông minh Xiaomi phiên bản Pro sở hữu màn hình AMOLED lớn 1.74 inch với độ sáng tối đa lên đến 1200 nits, mang lại khả năng hiển thị sắc nét và sống động ngay cả dưới ánh sáng mạnh. Viền màn hình cũng được tinh chỉnh mỏng hơn tạo cảm giác tinh tế và sang trọng hơn. Xem thêm"
apple-watch-s10-46mm,Apple Watch Series 10 46mm viền nhôm dây thể thao,"Bên cạnh sự ra mắt của các dòng iPhone 16 trong sự kiện It's Glowtime tháng 9/2024, Apple Watch Series 10 46mm - một bước tiến mới trong các dòng smartwatch của nhà Táo cũng được trình làng. Với màn hình OLED lớn và sáng vượt trội, cùng với hàng loạt tính năng sức khỏe và thể thao tiên tiến, chiếc đồng hồ này không chỉ là một phụ kiện thời trang mà còn là một trợ thủ đắc lực cho cuộc sống hiện đại. Đơn giản, tinh tế, sang trọng - phong cách sống hiện đại Chiếc đồng hồ thông minh này không chỉ đơn thuần là một thiết bị đeo tay. Với lớp vỏ đen bóng được hoàn thiện bởi công nghệ đánh bóng nano tiên tiến và quy trình anod hóa 30 bước (phiên bản màu đen), sản phẩm sở hữu một vẻ đẹp thẩm mỹ tinh tế, bền bỉ theo thời gian, góp phần làm nổi bật thêm trang phục của người đeo. Xem thêm"
samsung-galaxy-watch7-44mm-lte,Samsung Galaxy Watch7 LTE 44mm dây silicone,"Tháng 7/2024, làng công nghệ sôi động đón chào sự ra mắt của các siêu phẩm nhà Samsung trong sự kiện Unpacked, trong đó có Galaxy Watch 7 LTE 44mm. Mang trên mình thiết kế thời thượng, đi kèm loạt tiện ích đỉnh cao, smartwatch hứa hẹn mang đến trải nghiệm bứt phá, thỏa mãn mọi đam mê của những tín đồ yêu thích công nghệ. Nâng tầm chăm sóc sức khỏe Galaxy Watch7 tự hào được trang bị cảm biến Samsung BioActive thế hệ 2, mang đến khả năng theo dõi các chỉ số sức khỏe như điện tâm đồ, huyết áp, nhịp tim, nồng độ oxy máu,... một cách liên tục và chính xác hơn bao giờ hết. Xem thêm"
redmi-watch-5-lite,Xiaomi Redmi Watch 5 Lite 48.2mm dây TPU,"Xiaomi không ngừng nâng cấp sản phẩm của mình nhằm mang đến những trải nghiệm hài lòng cho người dùng. Với màn hình AMOLED siêu lớn, vô vàn tiện ích cho tập luyện, theo dõi sức khỏe, định vị độc lập,... Xiaomi Redmi Watch 5 Lite sẽ là sản phẩm smartwatch đáng sở hữu dành cho người dùng. Thiết kế thời thượng với màn hình phẳng Redmi Watch 5 Lite gây ấn tượng từ cái nhìn đầu tiên với thiết kế màn hình phẳng thời thượng. Phần khung nhựa cứng cáp kết hợp với mặt kính cường lực bảo vệ tốt cho đồng hồ trong các hoạt động thường ngày. Xem thêm"
redmi-watch-5-active,Xiaomi Redmi Watch 5 Active 49.1mm dây TPU,"Xiaomi tiếp tục chứng tỏ sự ưu việt của mình trong việc nâng cấp các sản phẩm công nghệ bằng việc cho ra mắt Xiaomi Redmi Watch 5 Active. Với màn hình siêu lớn, nhiều tính năng hỗ trợ thể thao và sức khỏe, chiếc đồng hồ thông minh này nhanh chóng trở thành lựa chọn lý tưởng cho người dùng đang tìm kiếm một sản phẩm kết hợp giữa thẩm mỹ và công nghệ. Thiết kế sang trọng với màn hình lớn Redmi Watch 5 Active thu hút mọi ánh nhìn nhờ thiết kế màn hình phẳng hiện đại. Phần khung làm từ chất liệu nhựa bền bỉ kết hợp cùng mặt kính cường lực giúp bảo vệ đồng hồ trong những tình huống va đập hàng ngày. Xem thêm"
apple-watch-s10-lte-42mm,Apple Watch Series 10 GPS + Cellular 42mm viền nhôm dây thể thao,"Một thiết bị thông minh không kém phần hấp dẫn so với iPhone 16 vừa được ra mắt tại sự kiện It’s Glow Time chính là Apple Watch Series 10 GPS + Cellular 42mm - một chiếc đồng hồ thông minh được thiết kế đặc biệt cho những người quan tâm đến sức khỏe. Với màn hình lớn và sáng, bạn có thể dễ dàng đọc tin nhắn, kiểm tra email ngay trên cổ tay. Thiết bị này còn giúp bạn theo dõi nhịp tim, giấc ngủ và trợ lý giọng nói. Hứa hẹn đem đến sự hỗ trợ tốt nhất cho cuộc sống của bạn. Tối giản, sang trọng, đẳng cấp tất cả trong một Với lớp vỏ đen bóng sang trọng (ở phiên bản màu đen), Apple Watch Series 10 không chỉ là một thiết bị công nghệ mà còn là một món phụ kiện thời trang đẳng cấp. Để tạo nên vẻ đẹp hoàn hảo này, hãng đã sử dụng công nghệ đánh bóng nano tiên tiến, kết hợp với quy trình anod hóa gồm 30 bước tỉ mỉ. Qua đó, chiếc đồng hồ không chỉ bền bỉ mà còn mang đến một trải nghiệm sử dụng thật sự khác biệt Xem thêm"
amazfit-bip-6,Amazfit Bip 6 46.3mm dây silicone,"Amazfit Bip 6 không chỉ là bản nâng cấp đơn thuần mà là một cuộc lột xác thực sự với hàng loạt thay đổi cả về ngoại hình lẫn tính năng, từ màn hình AMOLED thay cho TFT, thiết kế tinh tế hơn, hỗ trợ gọi điện qua Bluetooth, cảm biến sức khỏe thế hệ mới, hệ điều hành Zepp OS tích hợp AI thông minh,... hứa hẹn mang đến người dùng những trải nghiệm tối ưu nhất. Thiết kế bền bỉ hơn với màn hình rõ nét hơn Amazfit Bip 6 sở hữu nhiều cải tiến rõ rệt so với Bip 5. Nếu như thế hệ tiền nhiệm sử dụng màn hình TFT 1.91 inch độ phân giải 320 x 380 pixels, thì Bip 6 đã được nâng cấp thành màn hình AMOLED 1.97 inch với độ phân giải 450 x 390 pixels, nâng tầm hiển thị về độ nét, độ sáng (lên đến 2.000 nits) và khả năng sử dụng ngoài trời. Xem thêm"
apple-watch-s10-lte-46mm-vien-titanium-day-thep,Apple Watch Series 10 GPS + Cellular 46mm viền Titanium dây Milan,"Apple Watch Series 10 GPS + Cellular 46mm viền Titanium dây Milan, một sản phẩm kết hợp hoàn hảo với phiên bản iPhone 16 vừa được Apple ra mắt vào tháng 09/2024. Với thiết kế hiện đại, sử dụng các vật liệu tái chế và quy trình sản xuất xanh, sản phẩm không chỉ là một biểu tượng của công nghệ tiên tiến mà còn là một tuyên bố về phong cách sống bền vững. Tự do vận động với thiết kế siêu nhỏ gọn Apple Watch Series 10 gây ấn tượng với khung Titanium được đánh bóng tỉ mỉ, mang đến vẻ đẹp độc đáo và bền bỉ theo thời gian. Chất liệu này, vốn được biết đến với độ cứng và khả năng chịu lực cao, giúp bảo vệ chiếc đồng hồ khỏi những va chạm không mong muốn. Đồng thời, trọng lượng nhẹ của nó cũng góp phần làm tăng sự thoải mái cho người dùng. Xem thêm"
garmin-lily-2-classic-day-vai,Garmin Lily 2 Classic 34mm dây vải,"Mang đến sự kết hợp hoàn hảo giữa thời trang và công nghệ, Garmin Lily 2 Classic 34mm dây vải là chiếc đồng hồ thông minh dành riêng cho những người phụ nữ hiện đại. Lấy cảm hứng từ vẻ đẹp tinh tế và thanh lịch, Lily 2 Classic không chỉ là phụ kiện thời trang thời thượng mà còn là trợ thủ đắc lực giúp bạn theo dõi sức khỏe và nâng cao chất lượng cuộc sống. Thiết kế nhỏ gọn, phong cách thời thượng Garmin Lily 2 Classic sở hữu thiết kế thanh lịch, nhỏ gọn với mặt đồng hồ hình tròn đường kính 34 mm và khối lượng chỉ 24.4 g, khá gọn nhẹ khi đeo, thoải mái trong các hoạt động. Khung đồng hồ được chế tác từ chất liệu nhôm cao cấp, mang lại sự chắc chắn và bền bỉ. Nhờ vậy, bạn có thể yên tâm sử dụng trong mọi hoạt động, hạn chế tối đa tình trạng móp méo hay trầy xước do va đập. Xem thêm"
apple-watch-series-10-42mm-day-vai,Apple Watch Series 10 42mm viền nhôm dây vải,"Trong sự kiện It's Glowtime gần đây, Apple đã chính thức trình làng Apple Watch Series 10 42mm dây vải, một sản phẩm không chỉ khẳng định vị thế công nghệ mà còn thể hiện đẳng cấp thời trang. Với những cải tiến nổi bật về thiết kế và tính năng, phiên bản mới này hứa hẹn mang đến cho người dùng một trải nghiệm công nghệ tinh tế và toàn diện hơn bao giờ hết. Thiết kế sang trọng và đậm chất cá nhân Apple Watch Series 10 không chỉ là một chiếc smartwatch thông thường mà còn là một món trang sức thời thượng. Mặt đồng hồ hình chữ nhật quen thuộc được bao bọc bởi khung hợp kim nhôm cao cấp, mang đến vẻ ngoài thanh lịch và sự chắc chắn. Màu khung đen bóng mới mẻ, được đánh bóng và trải qua quá trình anod hóa 30 bước để sở hữu một diện mạo cuốn hút hơn cả. Xem thêm"
apple-watch-series-10-46mm-day-vai,Apple Watch Series 10 46mm viền nhôm dây vải,"Apple luôn đi đầu trong việc kết hợp công nghệ tiên tiến với thiết kế đẳng cấp và Apple Watch không phải là ngoại lệ. Với phiên bản Apple Watch Series 10 46mm viền nhôm dây vải, nhà Táo đã tạo ra một sản phẩm vừa mạnh mẽ về hiệu năng, vừa tinh tế trong từng đường nét thiết kế. Đây là chiếc smartwatch không chỉ dành cho các tín đồ công nghệ mà còn cho những ai yêu thích phong cách tối giản nhưng không kém phần thời thượng. Độc đáo, thanh lịch, đẹp mắt Apple Watch Series 10 mang đến sự kết hợp hài hoà giữa phong cách hiện đại và chất liệu bền bỉ. Khung viền hợp kim nhôm được thiết kế chắc chắn tạo cảm giác nhẹ nhàng khi đeo, nhưng vẫn đủ mạnh mẽ để chống lại va đập hay trầy xước trong quá trình sử dụng hàng ngày. Độ đen bóng độc đáo được tạo ra với quy trình 30 bước anod tân tiến tạo nên sự sang trọng, ấn tượng cho thiết bị đeo tay nhà Táo. Xem thêm"
mi-band-8-pro,Xiaomi Mi Band 8 Pro dây TPU,"Mi Band 8 Pro là thế hệ smartband tiếp theo được nhà Xiaomi cho ra mắt. Với nhiều cải tiến về thiết kế, màn hình lớn mở rộng không gian hiển thị, khả năng định vị độc lập, hỗ trợ hơn 150 chế độ thể thao,... đây sẽ là phiên bản đáng sở hữu, nâng cấp cho người dùng. Thiết kế thời thượng, màn hình lớn Xiaomi Band 8 Pro sở hữu thiết kế nhỏ gọn, ôm sát cổ tay, mang đến sự thoải mái tối đa cho người sử dụng. Với khối lượng chỉ 22.5 g (chưa tính dây đeo), dù tập luyện thể thao hay làm việc nhà thì chiếc smartband sẽ không gây bất kỳ cản trở nào cho bạn. Dây đeo của Xiaomi Band 8 Pro được làm từ chất liệu TPU mềm mại, thoáng khí, đảm bảo cảm giác êm ái và thoải mái khi đeo trong thời gian dài. Chất liệu này cũng có khả năng chống nước và bụi bẩn, giúp bạn dễ dàng vệ sinh và giữ cho vòng tay luôn sạch sẽ. Xem thêm"
apple-watch-se-2023-40mm-vien-nhom-day-silicone,Apple Watch SE 2 GPS 40mm viền nhôm dây thể thao,"Apple Watch SE 2023 GPS 40mm viền nhôm dây thể thao là chiếc smartwatch có mức giá dễ tiếp cận nhất nhà Táo, là lựa chọn tối ưu ngân sách cho người dùng nhưng vẫn đảm bảo một thiết kế đẹp mắt, hỗ trợ đa dạng tính năng cũng như tiện ích hằng ngày. Thiết kế quen thuộc với độ nhận diện cao Xét về mặt thiết kế thì Apple Watch SE 2023 không có nhiều sự khác biệt so với các phiên bản đã ra mắt trước đó. Mặt đồng hồ được bo cong 4 góc tạo nên sự liền mạch, mang đến cảm giác hiện đại và sang trọng. Khung viền bằng hợp kim nhôm vừa chắc chắn vừa có khối lượng nhẹ, thoải mái hơn trong quá trình sử dụng. Xem thêm"
huawei-watch-fit-3,Huawei Watch Fit 3 43.2mm dây silicone,"Sau thành công của dòng Watch Fit 2, nhà Huawei đã trình làng phiên bản kế nhiệm của dòng sản phẩm này mang tên Huawei Watch Fit 3. Mang một ngoại hình ấn tượng với một màn hình lớn hơn, đi kèm nhiều tính năng sức khỏe được nâng cấp, đây hứa hẹn là chiếc smartwatch được nhiều người dùng săn đón trong thời gian tới. Thiết kế thời thượng với màn hình lớn Huawei Watch Fit 3 có thiết kế thời thượng, năng động với khối lượng mặt vô cùng nhẹ - chỉ 26 g, mang tới sự thoải mái cho cổ tay của bạn trong mọi hoạt động từ luyện tập đến sinh hoạt hằng ngày. Khung viền hợp kim nhôm và mặt kính cường lực cũng giúp bảo vệ đồng hồ tốt hơn khi xảy ra những va quẹt ngoài ý muốn. Xem thêm"
befit-sporty-3,BeFit Sporty 3 46.4mm dây da,"BeFit Sporty 3 không chỉ là một phụ kiện thời trang sành điệu mà còn là người bạn đồng hành đắc lực, giúp bạn hiểu thêm các chỉ số sức khỏe và hỗ trợ luyện tập. Với thiết kế thời thượng và hàng loạt tính năng thông minh, smartwatch hứa hẹn sẽ mang đến cho người dùng những trải nghiệm tuyệt vời trong việc chăm sóc bản thân. Thiết kế dây da thanh lịch, thời thượng Đồng hồ thông minh BeFit mang một thiết kế hài hòa giữa vẻ đẹp cổ điển và sự hiện đại với mặt đồng hồ tròn đi cùng vạch số tinh tế, đáp ứng đa dạng phong cách dù là công sở thanh lịch hay yêu thích sự năng động của thể thao. Xem thêm"
befit-sporty-3-day-silicone,BeFit Sporty 3 46.4mm dây silicone,"Không chỉ là một chiếc smartwatch thời thượng, BeFit Sporty 3 còn là người bạn đáng tin cậy giúp bạn quản lý sức khỏe và cải thiện việc luyện tập. Được thiết kế với phong cách hiện đại cùng nhiều tính năng tiên tiến, chiếc smartwatch này hứa hẹn mang lại cho người dùng những trải nghiệm mới mẻ và hoàn hảo trong việc chăm sóc bản thân. Thiết kế dây silicone năng động, trẻ trung Với thiết kế kết hợp giữa sự thanh lịch và hiện đại, đồng hồ thông minh BeFit có dáng mặt tròn cùng các chi tiết vạch số tinh tế, phù hợp cho cả những dịp trang trọng lẫn hoạt động thể thao. Phần khung viền bằng hợp kim kẽm chắc chắn và mặt kính cường lực bền bỉ giúp bảo vệ tốt thiết bị khỏi các va đập, đồng thời tạo nên vẻ ngoài sang trọng. Xem thêm"
apple-watch-se-2023-44mm-vien-nhom-day-silicone,Apple Watch SE 2 GPS 44mm viền nhôm dây thể thao,"Apple Watch SE 2023 GPS 44mm viền nhôm dây thể thao sở hữu ngoại hình hiện đại, gọn nhẹ, mang lại sự thoải mái khi đeo. Đi cùng với đó là hiệu năng mạnh mẽ, xử lý mượt mà các tác vụ, hệ thống định vị tiên tiến và vô vàn tiện ích thông minh khác. Kiểu dáng quen thuộc, khả năng hiển thị tốt Mặt đồng hồ được thiết kế với 4 góc bo cong tinh tế có kích thước 44 mm, phù hợp với nhiều cổ tay của người dùng. Nhìn chung, Apple Watch SE 2023 không có sự khác biệt về ngoại hình so với các thế hệ trước đó. Kiểu dáng thời thượng, dễ dàng phối hợp với nhiều loại trang phục. Khung viền hợp kim nhôm và mặt kính cường lực Ion-X giúp gia tăng khả năng chịu lực, hạn chế móp méo, nứt vỡ khi có va chạm xảy ra. Chất liệu  có độ đàn hồi cao, khi đeo sẽ ôm trọn cổ tay người dùng mà không gây khó chịu, bề mặt chống bám tốt dễ dàng vệ sinh. Xem thêm"
apple-watch-se-lte-2023-40mm-vien-nhom-day-silicone,Apple Watch SE 2 GPS + Cellular 40mm viền nhôm dây thể thao,"Apple Watch SE 2023 GPS + Cellular 40mm viền nhôm dây thể thao là một chiếc đồng hồ thông minh được trang bị nhiều tính năng hiện đại, đáp ứng nhu cầu của người dùng từ theo dõi sức khỏe, luyện tập thể dục thể thao đến kết nối với mọi người xung quanh. Phong cách tối giản, màn hình chất lượng cao Mặt đồng hồ thông minh khá mỏng nhẹ phù hợp với các hoạt động hằng ngày. Kích thước mặt 40 mm không quá lớn, những bạn có cổ tay nhỏ vẫn có thể đeo rất đẹp. Khung viền hợp kim nhôm có độ bền cao, bảo vệ tốt các bộ phận bên trong khi va chạm. Nút Digital Crown khi xoay vô cùng êm ái, hỗ trợ truy cập nhanh một số chức năng. Xem thêm"
samsung-galaxy-watch6-classic-43mm,Samsung Galaxy Watch6 Classic 43mm dây silicone,"Trong sự kiện ra mắt sản phẩm thường niên vào tháng 7/2023, bên cạnh các sản phẩm điện thoại luôn thu hút sự chú ý của giới công nghệ, nhà Samsung cũng trình làng thế hệ smartwatch mới của mình mang tên Galaxy Watch6 Classic 43mm. Trợ lý đắc lực trong việc chăm sóc và cải thiện sức khỏe Đồng hồ thông minh sở hữu nhiều cảm biến cao cấp như cảm biến phân tích nhiệt độ, cảm biến BioActive,... cung cấp khả năng đo nhịp tim, huyết áp, SpO2, điện tâm đồ,... và phân tích các thành phần cơ thể với 7 chỉ số gồm: chỉ số BMI, chỉ số BMR, cân nặng, cơ xương, khối lượng mỡ, lượng mỡ cơ thể, lượng nước một cách chính xác. Xem thêm"
apple-watch-series-10-lte-42mm-day-vai,Apple Watch Series 10 GPS + Cellular 42mm viền nhôm dây vải,"Apple Watch Series 10 GPS + Cellular 42mm dây vải là phiên bản nâng cấp toàn diện, được thiết kế đặc biệt để đáp ứng nhu cầu của người dùng yêu thích công nghệ cao và quan tâm đến sức khỏe cũng như lối sống năng động. Không chỉ cung cấp các tính năng theo dõi sức khỏe tiên tiến và hỗ trợ tập luyện, mẫu đồng hồ này còn gây ấn tượng mạnh mẽ với thiết kế tinh xảo và các tính năng thông minh. Đẳng cấp, tối giản và tinh tế Apple Watch Series 10 được chế tác từ chất liệu hợp kim nhôm cao cấp, không chỉ đảm bảo độ bền bỉ và nhẹ nhàng mà còn mang lại vẻ ngoài tinh tế và sang trọng. Đồng hồ sở hữu độ dày chỉ 9.7 mm, giảm đáng kể so với các phiên bản trước như Series 7, 8 và 9. Nhờ thiết kế mỏng nhẹ này, người dùng sẽ cảm thấy thoải mái suốt cả ngày dài mà không lo về cảm giác nặng nề khi đeo. Xem thêm"
apple-watch-s9-41mm-vien-nhom-day-vai?utm_flashsale=1,Apple Watch Series 9 GPS 41mm viền nhôm dây vải,"Tại sự kiện Wonderlust, Apple đã chính thức ra mắt Apple Watch Series 9 - thế hệ đồng hồ thông minh mới của hãng trong năm 2023. Trong đó, Apple Watch Series 9 GPS 41mm viền nhôm dây vải đã thu hút được nhiều sự chú ý với ngoại hình thời thượng, hiệu năng mạnh mẽ, sẵn sàng đồng hành cùng người dùng trong nhiều hoạt động. Các chi tiết được chế tác tỉ mỉ, vẻ ngoài sang trọng Không chỉ mang đến những trải nghiệm tuyệt vời, Apple Watch còn là dòng sản phẩm thông minh đầu tiên của Apple đạt được mức trung hòa carbon. Hãng đã sử dụng nguồn năng lượng sạch và ứng dụng công nghệ tân tiến nhằm giúp giảm thiểu đáng kể lượng phát thải trong quá trình sản xuất. Ước tính, mỗi chiếc Apple Watch thế hệ mới đã giảm hơn 75% lượng khí thải so với thế hệ trước. Xem thêm"
apple-watch-se-2023-44mm-vien-nhom-day-vai,Apple Watch SE 2 GPS 44mm viền nhôm dây vải,"Apple Watch SE 2023 GPS 44mm viền nhôm dây vải là một trong những dòng đồng hồ thông minh được yêu thích hiện nay. Thiết bị sở hữu thiết kế thời trang, hiện đại cùng nhiều tính năng hỗ trợ theo dõi sức khỏe, luyện tập thể thao, định vị, nghe gọi thông qua Bluetooth,... mang đến cho người dùng trải nghiệm tuyệt vời. Ngoại hình trẻ trung, năng động thích hợp với nam lẫn nữ Về tổng quan thì chiếc Apple Watch SE 2023 này không có khác biệt về mặt thiết kế so với những thế hệ trước. Vẫn giữ mặt đồng hồ bo cong 4 góc tạo sự thanh thoát khi đeo lên tay, khối lượng chỉ 32.9 g vô cùng gọn nhẹ đảm bảo sự thoải mái khi đeo trên tay trong mọi hoạt động. Xem thêm"
apple-watch-s10-lte-46mm,Apple Watch Series 10 GPS + Cellular 46mm viền nhôm dây thể thao,"Vào tháng 9 hàng năm, Apple luôn khiến người dùng hào hứng với những sản phẩm công nghệ đỉnh cao và năm nay ở event “It's Glow Time”, bên cạnh các sản phẩm iPhone 16 mới, Apple Watch Series 10 GPS + Cellular 46mm cũng đã được ra mắt. Sản phẩm này không chỉ đạt được kỳ vọng mà còn vượt qua mong đợi của người dùng. Với hàng loạt nâng cấp từ thiết kế đến tính năng so với các thế hệ trước mang đến một sản phẩm chuẩn mức về sự thông minh và phong cách. Thiết kế mang dấu ấn riêng biệt với Digital Crown và chất liệu cao cấp Ngay từ cái nhìn đầu tiên, Apple Watch Series 10 đã gây ấn tượng mạnh với vẻ ngoài thời thượng và độ nhận diện cao. Khung viền hợp kim nhôm mang lại vẻ bền bỉ, sang trọng, giúp sản phẩm này nổi bật giữa hàng loạt thiết kế đồng hồ thông minh khác trên thị trường. Được thiết kế để bền bỉ theo thời gian, dây đeo thể thao chắc chắn sở hữu các màu sắc thời thượng, vừa khít và thoải mái khi đeo, giúp người dùng thể hiện phong cách cá nhân. Xem thêm"
apple-watch-series-10-lte-46mm-day-vai,Apple Watch Series 10 GPS + Cellular 46mm viền nhôm dây vải,"Apple Watch Series 10 GPS + Cellular 46mm được thiết kế dành cho những ai yêu thích công nghệ, đồng thời quan tâm đến sức khỏe và lối sống năng động. Không chỉ dừng lại ở việc cung cấp những tính năng tiên tiến để theo dõi sức khỏe và hỗ trợ tập luyện, mẫu đồng hồ trong sự kiện ra mắt năm này còn được cải tiến với hàng loạt về mặt thẩm mỹ và giao diện bên ngoài. Thiết kế đẳng cấp, tối giản nhưng tinh tế Apple Watch Series 10 có phần khung được chế tác từ hợp kim nhôm cao cấp, không chỉ đảm bảo độ bền bỉ, nhẹ nhàng mà còn mang đến sự sang trọng trong từng chi tiết. Với độ dày chỉ 9.7 mm, giảm 10% so với các phiên bản trước đó như Series 7, 8 và 9, Apple đã thực hiện một bước tiến lớn trong thiết kế đồng hồ thông minh, tạo ra một sản phẩm mỏng nhẹ, thoải mái khi đeo mà không gây cảm giác nặng nề trong suốt cả ngày dài. Xem thêm"
apple-watch-s10-lte-42mm-vien-titanium-day-thep?utm_flashsale=1,Apple Watch Series 10 GPS + Cellular 42mm viền Titanium dây Milan,"Apple Watch Series 10 GPS + Cellular 42mm viền Titanium dây Milan là một sản phẩm nổi bật không kém iPhone 16 trong sự kiện It’s Glow Time của hãng. Với màn hình OLED 2000 nits, Series 10 mang đến trải nghiệm thị giác sống động và rõ nét, kể cả trong điều kiện ánh sáng mạnh. Thiết kế được tinh chỉnh với mặt đồng hồ lớn hơn và khung viền titan mỏng, tạo nên vẻ ngoài sang trọng và hiện đại. Tự do vận động với thiết kế siêu nhỏ gọn Apple Watch Series 10 mang đến một lựa chọn mới mẻ và độc đáo với khung viền Titanium được đánh bóng tinh xảo không chỉ đảm bảo độ bền vượt trội mà còn sở hữu vẻ ngoài sáng bóng, sang trọng. Nhờ đặc tính nhẹ của vật liệu, thiết bị này giảm đáng kể khối lượng so với các phiên bản khác, đem đến cho người dùng sự thoải mái tối ưu mà không hề đánh đổi độ bền. Xem thêm"
befit-luna-day-da,BeFit Luna 33mm dây da,"BeFit Luna dây da không chỉ là một smartwatch mà còn là một phụ kiện thời trang nổi bật, mang đến sự kết hợp hoàn hảo giữa thiết kế tinh tế và tiện ích thông minh. Đây là trợ lý đáng tin cậy giúp bạn kiểm soát và theo dõi các chỉ số sức khỏe cần thiết, đồng thời hỗ trợ hiệu quả trong các hoạt động thể thao hàng ngày. Với phong cách thiết kế hiện đại cùng loạt tính năng thông minh, BeFit Luna hứa hẹn đem lại trải nghiệm sống động và tiện ích cho cuộc sống hiện đại. Thiết kế gọn nhẹ, thanh lịch Đồng hồ thông minh BeFit nổi bật với sự kết hợp độc đáo giữa phong cách cổ điển và nét hiện đại, với mặt đồng hồ tròn và hoa văn tỉ mỉ. Thiết kế này không chỉ thích hợp cho người trẻ năng động mà còn phù hợp với những ai yêu thích sự thanh lịch khi đến văn phòng. Kích thước mặt 33 mm cũng vừa vặn cho người dùng nữ có cổ tay trung bình - nhỏ. Xem thêm"
apple-watch-se-2023-40mm-vien-nhom-day-vai,Apple Watch SE 2 GPS 40mm viền nhôm dây vải,"Tháng 9/2023, tiếp nối sự thành công của dòng Apple Watch SE, nhà Táo Khuyết đã ra mắt mẫu Apple Watch SE 2 GPS 40mm viền nhôm dây vải, không chỉ sở hữu thiết kế thời thượng mà còn được trang bị đa dạng tiện ích giúp bạn sẽ cực thích thú khi khám phá. Vẻ ngoài cao cấp, nâng tầm phong cách cá nhân Thiết kế của chiếc Apple Watch SE 2 này mang kiểu dáng thanh lịch tương tự như phiên bản tiền nhiệm, khung viền vẫn là chất liệu hợp kim nhôm cứng cáp. Vị trí các nút điều khiển cũng được giữ nguyên nên mang đến sự thuận tiện cho người dùng khi thao tác. Dây đeo bằng vải mềm mại, giúp bạn đeo vào và tháo đồng hồ ra khỏi tay dễ dàng bất cứ lúc nào. Đặc biệt dây đeo có nhiều màu sắc khác nhau cho bạn lựa chọn tùy theo sở thích của mình. Xem thêm"
samsung-galaxy-watch6-classic-47mm,Samsung Galaxy Watch6 Classic 47mm dây silicone,"Samsung Galaxy Watch6 Classic 47mm được thiết kế tối giản phù hợp với cuộc sống hằng ngày của người dùng. Tích hợp nhiều tính năng thông minh để người dùng chăm sóc sức khỏe một cách hiệu quả nhất, đa dạng chế độ thể thao đáp ứng mọi nhu cầu luyện tập. Phong cách cổ điển, vòng bezel vật lý Galaxy Watch6 Classic vẫn giữ nguyên mặt đồng hồ tròn quen thuộc tạo nên một vẻ ngoài thanh lịch mang nét cổ điển. Sau Galaxy Watch4 Classic thì đây là sản phẩm được trang bị viền bezel xoay vật lý tiếp theo của nhà Samsung, với thao tác sử dụng cực đơn giản mang đến sự tiện lợi cho người dùng. Khung viền bằng thép không gỉ chịu lực tốt, hạn chế móp méo khi va chạm, kết hợp cùng mặt kính Sapphire tạo nên một lớp áo giáp vững chắc hạn chế những hư hại khi bạn lỡ tay làm rơi đồng hồ hay va chạm với các vật cứng khác. Bên cạnh đó, đồng hồ còn đạt chứng nhận nên bạn cứ yên tâm sử dụng ở nhiều điều kiện môi trường. Xem thêm"
befit-watch-ultra-s-day-silicone,BeFit Watch Ultra S 52.1mm dây silicone,"Đồng hồ thông minh BeFit Watch Ultra S 51.2mm mang vẻ đẹp hiện đại, phong cách năng động thích hợp với nhiều đối tượng sử dụng. Bên trong của đồng hồ được tích hợp cảm biến giúp theo dõi các chỉ số sức khỏe thông dụng, ngoài ra còn hỗ trợ rèn luyện thể chất với đa dạng chế độ luyện tập. Vẻ ngoài thời thượng, thích hợp với nhiều phong cách Đồng hồ thông minh có mặt hình chữ nhật đang là xu hướng hiện nay, kích thước 52.1 mm khá là lớn. Cá nhân mình nghĩ, chiếc đồng hồ này sẽ phù hợp với cổ tay những bạn nam hơn là nữ. Đồng hồ thông minh được hoàn thiện từ hợp kim kẽm nên khả năng chịu ngoại lực ở mức tương đối nhưng trong điều kiện sử dụng bình thường, không va chạm nghiêm trọng thì mình nghĩ đồng hồ vẫn khá bền. Xem thêm"
apple-watch-se-lte-2023-44mm-vien-nhom-day-vai,Apple Watch SE 2 GPS + Cellular 44mm viền nhôm dây vải,"Apple Watch SE 2 GPS + Cellular 44mm viền nhôm dây vải sở hữu thiết kế sang trọng, đi cùng các tính năng theo dõi sức khỏe và thể dục thể thao tiên tiến. Đây sẽ là một lựa chọn lý tưởng cho những người đang tìm kiếm một chiếc đồng hồ thông minh vừa thời trang vừa đa dạng tiện ích. Phong cách tối giản, dẫn đầu xu hướng hiện nay Apple Watch SE 2 có phần khung bằng hợp kim nhôm giúp vẻ ngoài thêm phần sang trọng, khả năng chịu lực cũng khá tốt. Mặt đồng hồ được bo cong các góc vô cùng tinh tế, tạo sự liền mạch giữa các bộ phận. Cạnh bên phải có một nút xoay Digital Crown và một nút nhấn giúp người dùng truy cập nhanh một số chức năng. Xem thêm"
apple-watch-ultra-2-gps-cellular-49mm-vien-titanium-den-day-trail,Apple Watch Ultra 2 GPS + Cellular 49mm viền Titanium đen dây Trail,"Cùng với sự ra mắt hoành tráng của iPhone 16, sự trở lại của Apple Watch Ultra 2 GPS + Cellular 49mm viền Titanium dây Trail tại sự kiện It’s Glowtime vào tháng 9/2024 cũng đã thu hút sự chú ý từ giới công nghệ. Thiết bị vẫn giữ nguyên những giá trị đẳng cấp từ thiết kế tinh tế đến cấu hình mạnh mẽ, đồng thời được nâng cấp thêm nhiều tính năng mới hỗ trợ cuộc sống hàng ngày và các chế độ luyện tập cá nhân. Thiết kế tinh tế, bền bỉ và năng động Apple Watch Ultra 2 vẫn mang những giá trị nổi bật của dòng Ultra đầu tiên. Màn hình 49 mm – lớn nhất trong dòng sản phẩm Apple Watch không chỉ tạo cảm giác mạnh mẽ, thể thao mà còn tối ưu không gian hiển thị, giúp người dùng dễ dàng theo dõi thông tin. Xem thêm"
befit-sporty-2-day-da,BeFit Sporty 2 44.5mm dây da,"Hãng đồng hồ thông minh BeFit đã cho ra mắt BeFit Sporty 2 dây da với kiểu dáng thời thượng, đa dạng tính năng từ sức khỏe để tập luyện, thời gian sử dụng kéo dài và trang bị nhiều tiện ích phục vụ tốt hơn cho người dùng trong cả công việc lẫn cuộc sống. Phong cách năng động, gọn nhẹ trên cổ tay BeFit Sporty 2 sở hữu mặt đồng hồ hình tròn thanh lịch, kích thước 44.5 mm vừa phải phù hợp với cổ tay của nam lẫn nữ. Dây da có bề mặt nhẵn mịn, êm ái khi đeo, dọc theo thân dây là các lỗ được khoét tỉ mỉ để người dùng điều chỉnh độ rộng cho phù hợp và giúp lưu thông khí hạn chế sự bết rít khi đeo trên tay cả ngày. Ở mỗi đầu dây sẽ có chốt để tháo dây nên bạn có thể thay đổi dây cho đồng hồ, bạn chỉ cần chọn dây có kích thước phù hợp. Xem thêm"
garmin-lily-classic-day-da,Garmin Lily Classic 34.5mm dây da,"Lấy cảm hứng từ sự tinh tế và thanh lịch, Garmin Lily Classic 34.5mm dây da khoác lên mình thiết kế sang trọng với mặt đồng hồ tròn nhỏ gọn, dây da mềm mại ôm sát cổ tay, cùng gam màu thời thượng tôn lên vẻ đẹp nữ tính của bạn. Nhỏ gọn trên cổ tay, kiểu dáng thời thượng Đồng hồ thông minh được hoàn thiện từ khung Polyme - viền thép không gỉ giúp gia tăng độ bền bỉ, hạn chế tối đa tình trạng móp méo hay trầy xước do va đập. Nhờ vậy, bạn có thể yên tâm sử dụng Lily Classic trong mọi hoàn cảnh, từ tập luyện thể thao năng động đến những buổi tiệc sang trọng. Thiết kế nhỏ gọn với mặt đồng hồ hình tròn đường kính 34.5 mm và trọng lượng chỉ 24 g mang đến sự thoải mái tối ưu trong mọi hoạt động. Tận hưởng sự mềm mại và êm ái tuyệt vời với dây da của đồng hồ, mang đến trải nghiệm đeo thoải mái suốt ngày dài. Kiểu dây khá đơn giản dễ dàng phối hợp với mọi trang phục, khẳng định phong cách thời trang cá nhân. Xem thêm"
apple-watch-ultra-2-gps-cellular-49mm-vien-titanium-den-day-alpine,Apple Watch Ultra 2 GPS + Cellular 49mm viền Titanium đen dây Alpine,"Sau thành công rực rỡ của thế hệ Apple Watch Ultra đầu tiên, Apple đã chính thức giới thiệu phiên bản kế nhiệm và năm nay là phiên bản màu mới của nó - Apple Watch Ultra 2 GPS + Cellular 49mm viền Titanium dây Alpine, trong sự kiện It’s Glowtime diễn ra vào tháng 9/2024 cùng với iPhone 16. Phiên bản này không chỉ mang đến nhiều cải tiến đáng kể về hiệu suất mà còn cải thiện tính năng và giao diện, giúp người dùng có trải nghiệm tuyệt vời hơn bao giờ hết. Hiệu suất vượt trội nhờ chip S9 Apple Watch Ultra 2 được trang bị vi xử lý Apple S9 mới, với hiệu suất vượt trội và khả năng xử lý thông tin nhanh chóng. Chip mới này có hơn 60% bóng bán dẫn so với thế hệ trước, giúp đồng hồ thực hiện các tác vụ mượt mà hơn. Xem thêm"
garmin-lily-day-silicone-vang,Garmin Lily 34.5mm dây silicone,"Là mẫu smartwatch dành riêng cho phái đẹp với kiểu dáng nhỏ gọn, thời trang và gam màu bắt mắt, đồng thời còn được trang bị đầy đủ các tính năng theo dõi sức khỏe, luyện tập, thao tác kết nối đơn giản,... đồng hồ thông minh Garmin Lily sẽ là người bạn đồng hành lý tưởng dành cho các bạn nữ. Từng đường nét được gia công tỉ mỉ, phong cách thanh lịch Điều làm mình bất ngờ sau khi khui hộp Garmin Lily là đồng hồ vô cùng nhỏ gọn, nhìn không khác gì một chiếc đồng hồ thời trang dành cho nữ thông thường. Với kiểu dáng thanh lịch, Garmin Lily cũng sẽ phù hợp với nhiều phong cách cá nhân, dễ dàng phối với nhiều loại trang phục. Xem thêm"
garmin-lily-2,Garmin Lily 2 34mm dây silicone,"Đồng hồ thông minh Garmin Lily 2 34mm mang thiết kế nhỏ gọn, tinh tế với mặt kính hoa văn thanh lịch, đi cùng nhiều tính năng theo dõi sức khỏe và tiện ích thông minh. Đây sẽ là món phụ kiện thời trang thời thượng, trợ thủ sức khỏe hoàn hảo dành cho các bạn nữ. Thiết kế thời trang, nhỏ gọn trên cổ tay Đồng hồ thông minh Garmin Lily sở hữu thiết kế nhỏ gọn, thanh lịch với đường kính mặt chỉ 34 mm, phù hợp với cổ tay của các nàng. Đồng hồ có khối lượng vô cùng nhẹ chỉ 24.4 g, giúp người đeo có thể thoải mái trong mọi hoạt động. Điểm nhấn nổi bật của Garmin Lily 2 nằm ở mặt kính hoa văn độc đáo. Các chi tiết hoa văn được thiết kế tinh tế, tạo nên vẻ ngoài thanh lịch và đầy nữ tính cho người đeo. Đây không chỉ là một chiếc  theo dõi sức khỏe, mà còn là một món phụ kiện thời trang giúp bạn khẳng định phong cách cá nhân. Xem thêm"
huawei-watch-gt4-46-day-woven?utm_flashsale=1,Huawei Watch GT 4 46mm dây Hybrid Woven,"Huawei Watch GT 4 46mm dây Hybrid Woven là sự kết hợp hoàn hảo giữa thiết kế lịch lãm, tính năng theo dõi sức khỏe toàn diện và trải nghiệm thông minh mượt mà. Đây là lựa chọn lý tưởng cho những ai đang tìm kiếm một chiếc smartwatch thời thượng để nâng tầm trải nghiệm công nghệ và phong cách cá nhân. Kiểu dáng gọn gàng, phong cách sang trọng Đồng hồ thông minh Huawei với thiết kế mặt tròn cổ điển tạo sự thanh lịch khi đeo trên tay, bề mặt phủ lớp kính cường lực cứng cáp, kết hợp cùng khung viền thép không gỉ giúp giữ được sự sáng bóng theo thời gian, khả năng chịu lực tốt hạn chế móp méo trong quá trình sử dụng. Bên cạnh đó cũng tạo nên một tổng thể cao cấp, sang trọng. Xem thêm"
apple-watch-s10-lte-46mm-vien-titanium-day-the-thao,Apple Watch Series 10 GPS + Cellular 46mm viền Titanium dây thể thao,"Trong sự kiện ra mắt sản phẩm tháng 9/2024 với chủ đề It's Glowtime, Apple không chỉ mang đến cho người dùng dòng iPhone 16 đầy mong đợi, mà còn giới thiệu chiếc đồng hồ thông minh thế hệ mới - Apple Watch Series 10 GPS + Cellular 46mm viền Titanium dây thể thao. Đây không chỉ đơn thuần là một chiếc đồng hồ thời trang, mà còn là một công cụ mạnh mẽ giúp bạn kiểm soát sức khỏe, thể thao, và công việc hàng ngày. Với những cải tiến vượt bậc về thiết kế, màn hình OLED sắc nét, và tính năng theo dõi sức khỏe tiên tiến, Series 10 hứa hẹn sẽ là bạn đồng hành hoàn hảo cho mọi người dùng. Thiết kế tinh tế, hoàn hảo cho mọi phong cách Xem thêm"
apple-watch-s10-lte-42mm-vien-titanium-day-the-thao,Apple Watch Series 10 GPS + Cellular 42mm viền Titanium dây thể thao,"Apple Watch Series 10 GPS + Cellular 42mm viền Titanium dây thể thao được ra mắt lần đầu tiên cùng với iPhone 16 tại sự kiện It’s Glow Time do Apple tổ chức vào ngày 10/09/2024. Bên cạnh thiết kế đẹp mắt, sang trọng và bên bỉ, thiết bị này còn hỗ trợ thêm rất nhiều tính năng sức khỏe hữu ích và về tinh thần lẫn thể chất, giúp người dùng duy trì lối sống năng động và lành mạnh hơn. Màn hình sáng rõ, nhìn nghiêng siêu nét Tính năng Always On Display trên Apple Watch sẽ cho phép bạn xem giờ, thông báo mà không cần phải đánh thức màn hình. Nếu người dùng lo lắng tính năng này có thể gây hao pin ở đồng hồ thì công nghệ LTPO3 sẽ điều chỉnh tốc độ làm tươi một cách thông minh, vừa đảm bảo hình ảnh luôn mượt mà, vừa tiết kiệm năng lượng hiệu quả, mang đến khả năng hiển thị hiệu quả cùng trải nghiệm thị giác tiện lợi. Xem thêm"
apple-watch-ultra-2-lte-49mm-vien-titanium-day-ocean,Apple Watch Ultra 2 GPS + Cellular 49mm viền Titanium dây Ocean,"Apple Watch Ultra 2 GPS + Cellular 49mm viền Titanium dây Ocean là chiếc đồng hồ thông minh của Apple gây được nhiều sự chú ý của giới truyền thông và người yêu công nghệ tại sự kiện Wonderlust năm 2023. Đồng hồ sở hữu vẻ ngoài vừa thời thượng vừa đậm chất thể thao vô cùng độc đáo, các tính năng bên trong cũng có cải tiến hứa hẹn sẽ làm hài lòng sự mong đợi của người dùng. Phong cách độc đáo, thoải mái khi đeo trên tay Về mặt thiết kế thì chiếc Apple Watch Ultra 2 này vẫn chưa có quá nhiều điểm khác biệt so với thế hệ Apple Watch Ultra đã ra mắt vào năm 2022. Mặt đồng hồ hình chữ nhật dẫn đầu xu thế, kích thước 49 mm có phần hơi hầm hố nên sẽ thích hợp với người dùng nam có cổ tay lớn. Xem thêm"
befit-watch-ultra-day-silicone,BeFit Watch Ultra 52.6mm dây silicone,"Đồng hồ thông minh BeFit Watch Ultra 52.6mm sở hữu thiết kế hiện đại, cá tính, phù hợp với mọi đối tượng, đặc biệt là giới trẻ. Đồng hồ được trang bị cảm biến theo dõi sức khỏe và nhiều chế độ luyện tập như chạy bộ, đạp xe, bơi lội,... giúp nâng cao thể trạng và cải thiện vóc dáng. Đồng hồ thông minh thời thượng, phù hợp mọi phong cách Đồng hồ thông minh với mặt hình chữ nhật là xu hướng hiện nay, mang đến vẻ ngoài sang trọng, lịch lãm cho người đeo. Kích thước mặt là 52.6mm, theo quan điểm cá nhân của mình thì chiếc đồng hồ này sẽ phù hợp với nam giới hơn. Phần khung viền được làm từ hợp kim kẽm có khả năng chịu lực tốt và tối ưu khối lượng của đồng hồ, tạo cảm giác thoải mái khi đeo. Cạnh phải mặt đồng hồ có nút xoay cùng với mic. Phần nút xoay vật lý được làm thời trang hơn, tuỳ theo góc nhìn mà phần ánh sáng sẽ phản xạ khác nhau theo hình quạt. Xem thêm"
garmin-lily-2-classic-day-da,Garmin Lily 2 Classic 34mm dây da,"Sở hữu thiết kế thanh lịch, tinh tế với mặt kính hoa văn sang trọng, Garmin Lily 2 Classic 34mm dây da sẽ là điểm nhấn thu hút mọi ánh nhìn trên cổ tay của bạn. Bên cạnh đó, chiếc đồng hồ này còn được trang bị nhiều tính năng tiên tiến giúp bạn theo dõi sức khỏe và luyện tập hiệu quả. Phong cách thanh lịch, gọn nhẹ Garmin Lily 2 Classic mang diện mạo thanh lịch, nhỏ gọn với mặt đồng hồ hình tròn đường kính 34 mm và khối lượng chỉ 24.4 g, tạo cảm giác thoải mái khi đeo, phù hợp với cổ tay của phái nữ. Khung đồng hồ được chế tác từ chất liệu nhôm cao cấp, mang lại sự chắc chắn và bền bỉ, giúp bạn yên tâm sử dụng trong mọi hoạt động. Xem thêm"
garmin-lily-2-active,Garmin Lily 2 Active 38mm dây silicone,"Garmin Lily 2 Active 38mm là chiếc đồng hồ thông minh với thiết kế gọn nhẹ, thanh lịch và mang phong cách riêng biệt. Với nhiều tính năng theo dõi sức khỏe và các tiện ích thông minh khác, đây không chỉ là một món phụ kiện thời trang hiện đại, mà còn là trợ thủ đắc lực giúp bạn chăm sóc sức khỏe hằng ngày. Thiết kế nhỏ gọn, thời trang và đầy thanh lịch Đồng hồ thông minh Garmin Lily thu hút người dùng bởi thiết kế siêu nhỏ gọn với mặt đồng hồ chỉ 38 mm, vừa vặn với cổ tay của phái nữ. Với khối lượng siêu nhẹ chỉ 29g, chiếc đồng hồ này mang đến sự thoải mái tuyệt đối khi đeo, không gây cảm giác vướng víu hay khó chịu trong các hoạt động hàng ngày. Xem thêm"
apple-watch-se-2-2023-lte-40mm-vien-nhom-day-the-thao,Apple Watch SE 2 2023 GPS + Cellular 40mm viền nhôm dây thể thao,Không có mô tả
befit-watch-s-day-nam-cham,BeFit WatchS 45mm dây nam châm,"Đồng hồ thông minh BeFit WatchS 45mm lại là một siêu phẩm đến từ nhà BeFit với một thiết kế mới mẻ, bắt kịp xu hướng thời trang của giới trẻ. Đồng hồ cũng hỗ trợ mở rộng thêm nhiều chế độ thể thao, phục vụ người dùng tốt hơn trong việc theo dõi sức khỏe, tập luyện. Kiểu dáng thời thượng, gọn nhẹ khi đeo Ấn tượng đầu tiên là BeFit WatchS được đặt trong một hộp kính nhựa trong suốt, vô cùng sang trọng. Đồng hồ thì được gắn vào một giá đỡ rất đẹp mắt, mình có thể tận dụng chiếc hộp này để đựng những chiếc đồng hồ khác. Hãng còn rất tâm lý khi trang bị hai dây đồng hồ kèm theo, một dây nam châm hít tiện lợi cùng một silicone truyền thống thích hợp đeo khi tập luyện. Xem thêm"
apple-watch-se-2-2023-gps-40mm-vien-nhom-day-the-thao,Apple Watch SE 2 2023 GPS 40mm viền nhôm dây thể thao,Không có mô tả
samsung-galaxy-watch6-40mm,Samsung Galaxy Watch6 40mm dây silicone,"Galaxy Unpacked là một trong những sự kiện công nghệ đáng chú ý nhất nửa cuối năm của nhà Samsung. Bên cạnh những mẫu điện thoại gập đình đám, Samsung Galaxy Watch6 40mm cũng là một sản phẩm được mong chờ nhất của các tín đồ công nghệ nói chung và fan nhà Samsung nói riêng. Trợ lý sức khỏe toàn diện ngay trên cổ tay Với thế hệ Samsung Galaxy Watch6 này, hãng đã mang đến cho người dùng Chương trình Huấn luyện viên giấc ngủ - Sleep Coaching được cải tiến trên đồng hồ giúp bạn cải thiện chất lượng giấc ngủ tốt hơn. Xem thêm"
apple-watch-se-2-2023-lte-44mm-vien-nhom-day-the-thao,Apple Watch SE 2 2023 GPS + Cellular 44mm viền nhôm dây thể thao,Không có mô tả
apple-watch-se-2-2023-gps-40mm-vien-nhom-day-vai,Apple Watch SE 2 2023 GPS 40mm viền nhôm dây vải,Không có mô tả
apple-watch-se-2-2023-lte-40mm-vien-nhom-day-vai,Apple Watch SE 2 2023 GPS + Cellular 40mm viền nhôm dây vải,Không có mô tả
huawei-watch-fit-4,Huawei Watch Fit 4 43mm dây silicone,"Huawei vừa chính thức trình làng Huawei Watch Fit 4, một trong những mẫu smartwatch nổi bật nhất năm 2025. Thiết bị không chỉ gây ấn tượng bởi thiết kế nhẹ nhàng, thể thao mà còn được tích hợp hàng loạt công nghệ theo dõi sức khỏe tiên tiến cùng hiệu năng mạnh mẽ. Đây là lựa chọn lý tưởng cho những ai tìm kiếm một thiết bị đeo tay thông minh vừa tiện ích, vừa phong cách. Thiết kế tối giản, đa dụng cho mọi hoàn cảnh Phiên bản Watch Fit 4 sở hữu thiết kế trẻ trung và hiện đại, với dây đeo làm từ chất liệu silicone cao cấp. Ưu điểm của loại dây này là mềm mại, đàn hồi tốt, không gây kích ứng da, phù hợp với cả người dùng nhạy cảm hoặc vận động nhiều. Xem thêm"
huawei-watch-fit-4-pro,Huawei Watch Fit 4 Pro 44.5mm dây silicone,"Huawei tiếp tục khẳng định vị thế trong thị trường thiết bị đeo thông minh với sự ra mắt của Huawei Watch Fit 4 Pro, mẫu smartwatch cao cấp nhất trong dòng Fit 2025. Được thiết kế hướng đến người dùng yêu thích thể thao, công nghệ và sự chính xác, phiên bản Pro nổi bật với thiết kế chắc chắn, khả năng định vị độc lập và các tính năng theo dõi sức khỏe chuyên sâu. Thiết kế mạnh mẽ, hoàn thiện cao cấp Đồng hồ thông minh Huawei Watch Fit sở hữu thiết kế cao cấp đầy tinh tế với mặt kính Sapphire nhân tạo (công bố từ hãng) có độ cứng cao, hỗ trợ hạn chế trầy xước hiệu quả và giữ cho đồng hồ luôn sáng bóng như mới. Bao quanh là viền Titanium siêu nhẹ nhưng cực kỳ bền chắc, mang lại vẻ ngoài sang trọng mà vẫn đảm bảo độ bền trong mọi điều kiện sử dụng. Xem thêm"
huawei-watch-fit-4-pro-day-nylon,Huawei Watch Fit 4 Pro 44.5mm dây nylon,"Huawei tiếp tục khẳng định vị thế tiên phong trong lĩnh vực thiết bị đeo thông minh với Huawei Watch Fit 4 Pro dây nylon, lựa chọn hoàn hảo cho những ai yêu thích sự năng động, công nghệ và chăm sóc sức khỏe cá nhân toàn diện. Không chỉ nâng tầm thiết kế, phiên bản này còn sở hữu hàng loạt tính năng hiện đại, đáp ứng đầy đủ nhu cầu luyện tập, làm việc và sinh hoạt hàng ngày. Thiết kế cao cấp, dây nylon nhẹ nhàng, thoải mái cả ngày Đồng hồ thông minh Huawei gây ấn tượng với mặt kính Sapphire nhân tạo (công bố từ hãng), hạn chế trầy xước, giữ cho mặt đồng hồ luôn sáng bóng dù bạn vận động liên tục. Khung hợp kim nhôm kết hợp viền Titanium siêu nhẹ mang lại sự chắc chắn mà không làm tăng trọng lượng. Xem thêm"
xiaomi-watch-s4,Xiaomi Watch S4 47mm dây silicone,"Xiaomi Watch S4 không chỉ là một chiếc smartwatch, mà còn là một người bạn đồng hành đắc lực cho sức khỏe và phong cách sống của bạn. Với thiết kế cao cấp, hệ điều hành HyperOS 2.0 mượt mà và tính năng theo dõi sức khỏe cải tiến, đây hứa hẹn sẽ là lựa chọn hoàn hảo cho người dùng yêu thích công nghệ và thể thao. Thiết kế tinh tế với viền bezel có thể thay đổi Đồng hồ thông minh Xiaomi vẫn giữ phong cách thiết kế mặt tròn cổ điển, kết hợp với dây đeo silicone mềm mại, mang lại cảm giác thoải mái khi đeo. Mặt đồng hồ kích thước 47 mm phù hợp với người dùng có cổ tay trung bình đến lớn. Xem thêm"
xiaomi-watch-s4-47mm-den-cau-vong,Xiaomi Watch S4 47mm dây silicone,"Đồng hồ thông minh Xiaomi Watch S4 phiên bản Đen Cầu vồng là sự kết hợp hoàn hảo giữa công nghệ và thời trang. Với thiết kế tinh tế, mặt đồng hồ AMOLED sắc nét và đa dạng tính năng từ theo dõi chỉ số sức khỏe đến tập luyện, đây là một phụ kiện thời trang cao cấp, phù hợp với nhiều phong cách. Hệ điều hành HyperOS 2.0 mới cũng mang đến giao diện người dùng hiện đại và tùy biến, giúp bạn thể hiện cá tính riêng của mình. Thiết kế sang trọng, linh hoạt với viền bezel có thể thay đổi Đồng hồ thông minh nhà Xiaomi vẫn giữ phong cách mặt đồng hồ tròn cổ điển, kết hợp với dây đeo silicone êm ái, mang lại cảm giác thoải mái khi sử dụng suốt cả ngày dài. Với kích thước mặt 47 mm, sản phẩm phù hợp với cổ tay từ trung bình đến lớn, mang lại vẻ ngoài mạnh mẽ và phong cách. Xem thêm"
huawei-watch-ultimate,Huawei Watch Ultimate 48.5mm viền gốm dây Titanium,"Huawei Watch Ultimate viền gốm dây Titanium là chiếc đồng hồ thông minh cao cấp với thiết kế sang trọng, bền bỉ, chống nước lên đến 100m. Màn hình AMOLED siêu nét, bền bỉ kết hợp cùng các tính năng sức khỏe tiên tiến như đo nhịp tim, oxy trong máu, ECG,... giúp người dùng duy trì phong cách sống khỏe mạnh. Đặc biệt, thời lượng pin kéo dài đến 14 ngày và hỗ trợ luyện tập cho các môn thể thao chuyên sâu cũng sẽ là lựa chọn lý tưởng cho người dùng đam mê khám phá và hoạt động ngoài trời. Phong cách lịch lãm như một chiếc đồng hồ cơ Xem thêm"
huawei-watch-gt-5-46mm-vien-thep-day-cao-su,Huawei Watch GT 5 46mm viền thép dây cao su,"Huawei Watch GT 5 46mm viền thép dây cao su là mẫu đồng hồ thông minh mang lại sự cân bằng hoàn hảo giữa thiết kế tinh tế và chức năng hiện đại. Không chỉ sở hữu vẻ ngoài cuốn hút, thiết bị này còn tích hợp những tính năng ưu việt nhằm hỗ trợ người dùng trong việc theo dõi sức khỏe, tập luyện thể thao và trải nghiệm công nghệ tiên tiến. Nếu bạn đang tìm kiếm một chiếc đồng hồ thông minh với hiệu suất vượt trội và thời lượng pin dài, Huawei Watch GT 5 sẽ là sự lựa chọn lý tưởng. Thiết kế thời thượng, bền bỉ Đồng hồ thông minh Huawei nổi bật với thiết kế hài hòa giữa cổ điển và hiện đại, mang lại cảm giác sang trọng và thanh lịch. Mặt đồng hồ tròn cổ điển được gia công tỉ mỉ với , tạo nên sự bóng bẩy và đẳng cấp khi đeo trên cổ tay. Xem thêm"
huawei-watch-gt-5-pro-46mm-vien-titanium-day-cao-su,Huawei Watch GT 5 Pro 46mm viền Titanium dây cao su,"Huawei Watch GT 5 Pro là sự hội tụ giữa phong cách đẳng cấp và công nghệ tiên tiến. Thiết kế đầy cuốn hút với độ bền vượt trội, mẫu đồng hồ này không chỉ là một thiết bị thời trang mà còn là công cụ hỗ trợ sức khỏe hữu ích. Với khả năng đo điện tâm đồ (ECG), giám sát giấc ngủ, cung cấp các chế độ luyện tập phong phú,... chiếc đồng hồ giúp bạn dễ dàng kiểm soát sức khỏe và điều chỉnh lối sống. Pin của GT 5 Pro có thể kéo dài tới 14 ngày, mang lại sự tiện lợi cho người dùng mà không cần phải sạc thường xuyên. Thiết kế tinh tế và độ bền vượt trội Xem thêm"
huawei-watch-gt-5,Huawei Watch GT 5 41mm viền thép dây cao su,"Huawei Watch GT 5 là sự kết hợp hoàn hảo giữa thiết kế thời thượng, công nghệ tiên tiến và hiệu năng mạnh mẽ. Chiếc đồng hồ này không chỉ là công cụ hỗ trợ theo dõi sức khỏe 24/7 mà còn mang đến khả năng tập luyện chuyên nghiệp và kết nối liền mạch, ở bất cứ nơi đâu. Thiết kế tinh tế, cuốn hút trong từng chi tiết Sở hữu vẻ ngoài kết hợp giữa phong cách cổ điển và hiện đại, Huawei Watch GT 5 mang đến sự sang trọng khó cưỡng. Thiết kế mặt tròn tinh xảo với viền thép không gỉ sáng bóng giúp đồng hồ trở nên nổi bật khi đeo trên cổ tay. Chất liệu dây cao su mềm mại nhưng chắc chắn, mang lại cảm giác vừa vặn, dễ chịu trong mọi hoạt động hằng ngày. Xem thêm"
huawei-watch-d2-day-cao-su,Huawei Watch D2 48mm dây cao su,"Huawei Watch D2 dây cao su không chỉ là một chiếc đồng hồ thông minh với thiết kế hiện đại và đẹp mắt, mà còn được trang bị những tính năng sức khỏe tiên tiến, hỗ trợ tối ưu cho luyện tập và cuộc sống hàng ngày của người dùng. Đặc biệt, Huawei Watch D2 nổi bật với khả năng theo dõi huyết áp liên tục (ABPM), theo dõi điện tâm đồ (ECG), cùng hàng loạt tính năng thông minh khác, giúp cải thiện sức khỏe tổng thể và tạo điều kiện tối ưu cho việc quản lý lối sống. Thiết kế mỏng nhẹ với màn hình lớn Đồng hồ thông minh Huawei có thiết kế thanh lịch với mặt đồng hồ AMOLED 1.82 inch, độ phân giải 480 x 408 pixels, cho hình ảnh sắc nét, rực rỡ và độ tương phản cao. Với lớp viền mỏng bao quanh màn hình, đồng hồ tạo cảm giác tràn viền, mang đến trải nghiệm thị giác tốt nhất. Xem thêm"
huawei-watch-gt-5-41mm-vien-thep-day-da,Huawei Watch GT 5 41mm viền thép dây da,"Huawei Watch GT 5 41mm viền thép dây da là một tác phẩm nghệ thuật công nghệ, kết hợp hài hòa giữa vẻ đẹp thanh lịch và những tính năng thông minh. Với thiết kế nhỏ gọn, thời thượng, chiếc đồng hồ này không chỉ là một phụ kiện thời trang mà còn là người bạn đồng hành đắc lực trong việc chăm sóc sức khỏe và nâng cao chất lượng cuộc sống. Thiết kế thanh lịch, chất liệu bền bỉ Đồng hồ thông minh Huawei gây ấn tượng bởi sự mỏng nhẹ, giúp người đeo cảm thấy thoải mái suốt cả ngày. Với màn hình cảm ứng 1.32 inch, mọi thao tác vuốt chạm trở nên mượt mà và dễ dàng. Khung viền đồng hồ được làm từ thép không gỉ sáng bóng, kết hợp với dây đeo bằng da mềm mại, tạo nên tổng thể sang trọng và lịch lãm cho người sử dụng. Xem thêm"
huawei-watch-gt-5-41mm-vien-thep-day-milanese,Huawei Watch GT 5 41mm viền thép dây Milanese,"Huawei Watch GT 5 41mm viền thép dây Milanese không chỉ là một chiếc đồng hồ thông minh, đó là một tuyên ngôn về phong cách. Với sự kết hợp hoàn hảo giữa thiết kế sang trọng và công nghệ tiên tiến, chiếc đồng hồ này không chỉ nâng tầm vẻ ngoài của bạn mà còn là người bạn đồng hành lý tưởng trong cuộc sống hiện đại. Thiết kế tinh tế, đẳng cấp trong từng đường nét Đồng hồ thông minh Huawei mang phong cách thiết kế cổ điển nhưng vẫn đậm chất hiện đại. Mặt đồng hồ tròn với khung được chế tác từ thép không gỉ cao cấp, tạo nên vẻ ngoài thanh lịch và bền bỉ theo thời gian. Viền màn hình siêu mỏng không chỉ mở rộng không gian hiển thị mà còn tăng thêm tính thẩm mỹ cho sản phẩm. Xem thêm"
huawei-watch-gt-5-46mm-vien-thep-day-da,Huawei Watch GT 5 46mm viền thép dây da,"Huawei Watch GT 5 46mm là một chiếc đồng hồ thông minh mang lại sự kết hợp hoàn hảo giữa thiết kế sang trọng và các tính năng hiện đại. Đây không chỉ là một phụ kiện thời trang, mà còn là một thiết bị hỗ trợ toàn diện cho sức khỏe và lối sống của người dùng. Nếu bạn đang tìm kiếm một chiếc đồng hồ thông minh với hiệu suất mạnh mẽ và pin lâu dài, Huawei Watch GT 5 chắc chắn sẽ là lựa chọn không thể bỏ qua. Thiết kế tinh xảo, sang trọng và bền bỉ Đồng hồ thông minh Huawei được thiết kế với sự tinh tế, kết hợp hài hòa giữa phong cách cổ điển và hiện đại. Mặt đồng hồ tròn mang nét cổ điển, cùng với khung viền bằng thép không gỉ tạo nên vẻ ngoài chắc chắn nhưng vẫn sang trọng. Chất liệu dây da cao cấp không chỉ mang đến sự lịch lãm mà còn đảm bảo sự thoải mái khi đeo trong thời gian dài. Xem thêm"
huawei-watch-gt-5-46mm-vien-thep-day-woven,Huawei Watch GT 5 46mm viền thép dây Woven,"Huawei Watch GT 5 46mm viền thép dây Woven là một tác phẩm nghệ thuật công nghệ, kết hợp hài hòa giữa vẻ đẹp thẩm mỹ và những tính năng thông minh. Không chỉ là một phụ kiện thời thượng, chiếc đồng hồ này còn là người bạn đồng hành đắc lực, hỗ trợ bạn theo dõi sức khỏe, nâng cao chất lượng cuộc sống. Với thời lượng pin ấn tượng, Huawei Watch GT 5 chắc chắn sẽ đáp ứng mọi nhu cầu của bạn, ngay cả trong những chuyến đi dài. Thiết kế sang trọng và bền bỉ Huawei Watch GT 5 Series sở hữu thiết kế cao cấp, thời thượng với viền thép không gỉ cao cấp, mang lại sự bền bỉ và sang trọng cho người đeo. Mặt đồng hồ được bảo vệ bởi chắc chắn, chống trầy xước và va đập, giúp giữ vẻ ngoài hoàn hảo trong mọi hoạt động hàng ngày. Xem thêm"
huawei-watch-gt-5-pro-46mm-day-titanium,Huawei Watch GT 5 Pro 46mm viền Titanium dây Titanium,"Đồng hồ thông minh Huawei Watch GT 5 Pro dây Titanium là sự kết hợp hoàn hảo giữa thiết kế sang trọng và công nghệ hiện đại. Với diện mạo mạnh mẽ, khung viền Titanium chống trầy xước và độ bền cao, GT 5 Pro không chỉ bền bỉ mà còn toát lên vẻ đẳng cấp. Đồng hồ sở hữu các tính năng vượt trội như đo điện tâm đồ (ECG), theo dõi sức khỏe, quản lý giấc ngủ và chế độ luyện tập chuyên sâu, giúp bạn dễ dàng kiểm soát sức khỏe và cải thiện lối sống hằng ngày. Pin bền bỉ lên đến 14 ngày cho phép bạn yên tâm sử dụng mà không cần sạc thường xuyên. Thiết kế cao cấp và bền bỉ Xem thêm"
huawei-watch-gt-5-41mm-vien-thep-day-woven,Huawei Watch GT 5 41mm viền thép dây Woven,"Huawei Watch GT 5 41mm viền thép dây Woven mang đến sự kết hợp hoàn hảo giữa phong cách thời trang và hiệu suất mạnh mẽ. Sản phẩm không chỉ là một công cụ theo dõi sức khỏe vượt trội, mà còn tích hợp tính năng hỗ trợ luyện tập thể thao chuyên nghiệp và khả năng kết nối thông minh. Đây sẽ là một người bạn đồng hành đáng tin cậy trong mọi hoạt động hàng ngày của người dùng. Thiết kế sang trọng, tinh tế đến từng chi tiết Đồng hồ thông minh Huawei sở hữu một thiết kế vừa cổ điển vừa hiện đại, thu hút ánh nhìn ngay từ cái nhìn đầu tiên. Mặt đồng hồ tròn cổ điển được làm bằng thép không gỉ sáng bóng, bề mặt phủ lớp kính cường lực cứng cáp tạo nên sự thanh lịch và bền bỉ. Xem thêm"
huawei-watch-gt-5-pro-42mm-vien-gom-day-cao-su,Huawei Watch GT 5 Pro 42mm viền gốm dây cao su,"Huawei Watch GT 5 Pro 42mm dây cao su là một tuyệt tác công nghệ và thời trang. Với thiết kế thanh lịch, viền gốm sang trọng và dây đeo cao su mềm mại, chiếc đồng hồ này không chỉ là một phụ kiện thời thượng mà còn là người bạn đồng hành đắc lực trong việc theo dõi sức khỏe, luyện tập thể thao và cuộc sống hằng ngày cho người dùng. Thiết kế sang trọng, thời thượng từ vật liệu cao cấp Là sự kết hợp hoàn hảo giữa phong cách thời trang và tính năng hiện đại với viền gốm tinh thể nano sang trọng, kết hợp mặt kính Sapphire cao cấp, đồng hồ thông minh Huawei không chỉ bền bỉ mà còn mang đến cảm giác thanh lịch và tinh tế, khả năng chống trầy xước hiệu quả giúp đồng hồ luôn sáng bóng như mới. Xem thêm"
huawei-watch-d2-day-da,Huawei Watch D2 48mm dây da,"Huawei Watch D2 dây da là sản phẩm đồng hồ thông minh hiện đại, mang thiết kế tinh tế và tích hợp nhiều tính năng tiên tiến, đáp ứng nhu cầu chăm sóc sức khỏe và hỗ trợ tối ưu cho người dùng trong cả hoạt động hàng ngày và quá trình tập luyện. Điểm nhấn của Huawei Watch D2 chính là khả năng đo huyết áp liên tục (ABPM) và theo dõi điện tâm đồ (ECG), giúp người dùng quản lý sức khỏe một cách hiệu quả và chủ động hơn. Ngoài ra, đồng hồ còn đi kèm nhiều tính năng thông minh khác, mang lại tiện ích đa dạng trong việc chăm sóc sức khỏe tổng thể và quản lý lối sống. Thiết kế mỏng nhẹ, màn hình sắc nét Xem thêm"
huawei-watch-gt-5-pro-42mm-vien-gom-day-gom,Huawei Watch GT 5 Pro 42mm viền gốm dây gốm,"Huawei Watch GT 5 Pro 42mm là sự kết hợp tuyệt vời giữa công nghệ hiện đại và thời trang cao cấp. Với thiết kế tinh tế cùng vật liệu cao cấp, chiếc đồng hồ này không chỉ đóng vai trò là phụ kiện sành điệu mà còn trở thành trợ thủ đắc lực cho người dùng trong việc chăm sóc sức khỏe, luyện tập thể thao và hỗ trợ cuộc sống hằng ngày. Thiết kế sang trọng từ chất liệu cao cấp Huawei Watch GT 5 Pro nổi bật với chất liệu viền và dây gốm tinh thể nano cao cấp, mang đến vẻ đẹp và độ bền ấn tượng. Viền gốm tinh thể nano là một bước tiến công nghệ trong ngành sản xuất đồng hồ, được chế tạo từ những hạt gốm siêu mịn có kích thước nanomet, mang lại cho sản phẩm độ sáng bóng và khả năng chống trầy xước vượt trội. Chất liệu này không chỉ chống ăn mòn tốt hơn so với các vật liệu truyền thống mà còn giữ được độ bền và độ sáng qua thời gian sử dụng. Xem thêm"
apple-watch-s10,Apple Watch Series 10 42mm viền nhôm dây thể thao,"Trong sự kiện ra mắt sản phẩm mới It's Glowtime tháng 9/2024, bên cạnh các dòng iPhone 16 thì Apple Watch Series 10 42mm - một bước tiến mới trong các dòng smartwatch của nhà Apple cũng được trình làng. Với màn hình OLED lớn và sáng vượt trội, cùng với hàng loạt tính năng sức khỏe và thể thao tiên tiến, chiếc đồng hồ này không chỉ là một phụ kiện thời trang mà còn là một trợ thủ đắc lực cho cuộc sống hiện đại. Mang phong cách thiết kế tối giản, sang trọng Apple Watch Series 10 sở hữu một trong những điểm nhấn đáng chú ý nhất chính là phiên bản vỏ hợp kim nhôm màu đen tuyền. Để tạo ra lớp vỏ đen bóng đẹp mắt này, Apple đã áp dụng công nghệ đánh bóng nano kết hợp với quy trình anod hóa 30 bước vô cùng phức tạp. Xem thêm"
samsung-galaxy-watch7,Samsung Galaxy Watch7 40mm dây silicone,"Đặc điểm nổi bật của Galaxy Watch 7
• Hiệu suất mạnh mẽ nhờ vi xử lý thế hệ mới Exynos W1000
• Khung hợp kim nhôm và kính Sapphire bền bỉ
• Tấm nền Super AMOLED độ phân giải cao, sắc nét
• Hiểu rõ thể chất bản thân hơn với Galaxy Al
• Tập luyện nâng cao với vô vàn tính năng hỗ trợ Tại sự kiện Galaxy Unpacked tháng 7/2024, Samsung không chỉ khuấy đảo thị trường di động với những chiếc smartphone mới mà còn giới thiệu thế hệ smartwatch mới đầy ấn tượng - Galaxy Watch7. Mang trong mình thiết kế tràn viền thời thượng, bộ vi xử lý mạnh mẽ, cảm biến sức khỏe hiện đại,... sản phẩm hứa hẹn mang đến cho người dùng những trải nghiệm đầy mới mẻ, hữu ích. Xem thêm"
samsung-galaxy-watch7-44mm,Samsung Galaxy Watch7 44mm dây silicone,"Mang trong mình vẻ ngoài sang trọng, thời thượng cùng bộ tính năng theo dõi sức khỏe toàn diện, Samsung Galaxy Watch7 44mm xứng đáng là biểu tượng cho dòng đồng hồ thông minh Android. Sản phẩm hứa hẹn mang đến trải nghiệm hoàn hảo, đáp ứng mọi nhu cầu của những người đam mê thể thao và yêu thích công nghệ. Theo dõi sức khỏe toàn diện với trợ lý Galaxy Al Được trang bị cảm biến 3 trong 1 BioActive thế hệ thứ 2 hiện đại, đồng hồ thông minh Galaxy Watch7 mang đến khả năng theo dõi sức khỏe toàn diện cho người dùng, khi có thể đo lường các chỉ số sức khỏe quan trọng như chỉ số nhịp tim, điện tâm đồ, SpO2, đo huyết áp,... Xem thêm"
samsung-galaxy-watch7-lte-40mm,Samsung Galaxy Watch7 LTE 40mm dây silicone,"Tại sự kiện Galaxy Unpacked tháng 7/2024, Samsung đã chính thức trình làng thế hệ smartwatch mới mang tên Galaxy Watch7 LTE 40mm. Không chỉ hứa hẹn trở thành trợ thủ đắc lực cho người dùng trong việc theo dõi và đo đạc các chỉ số sức khỏe, thiết bị còn ghi điểm bởi thiết kế sang trọng, thời thượng, góp phần tô điểm phong cách cho người sở hữu. Hệ thống cảm biến sức khỏe đa năng Đóng vai trò như một trợ lý sức khỏe khi được trang bị cảm biến BioActive 3 trong 1 thế hệ thứ 2 tân tiến, Galaxy Watch7 có thể đo điện tâm đồ, đo huyết áp, nhịp tim và mức độ căng thẳng, phân tích thành phần cơ thể,... cung cấp cho bạn hình ảnh toàn diện về tình trạng sức khỏe của bản thân. Xem thêm"
samsung-galaxy-watch-ultra,Samsung Galaxy Watch Ultra LTE 47mm dây silicone,"Đặc điểm nổi bật của Galaxy Watch Ultra
• Hiệu năng vượt trội từ chip Exynos W1000 mới
• Chất liệu Titanium và kính Sapphire cao cấp
• Màn hình Super AMOLED sống động, sắc nét
• Nắm bắt thể trạng nhiều hơn với Galaxy Al
• Khả năng chống nước 10 ATM Bên cạnh các sản phẩm điện thoại Galaxy mới, Samsung cũng ra mắt dòng smartwatch hoàn toàn mới tại sự kiện Galaxy Unpacked vào tháng 7 mang tên Galaxy Watch Ultra. Mang một thiết kế hoàn toàn mới, CPU được nâng cấp mạnh mẽ với nhiều tiện ích thông minh lần đầu trình làng, sản phẩm hứa hẹn mang đến người dùng trải nghiệm sử dụng thú vị hơn bao giờ hết. Xem thêm"
apple-watch-s10-46mm,Apple Watch Series 10 46mm viền nhôm dây thể thao,"Bên cạnh sự ra mắt của các dòng iPhone 16 trong sự kiện It's Glowtime tháng 9/2024, Apple Watch Series 10 46mm - một bước tiến mới trong các dòng smartwatch của nhà Táo cũng được trình làng. Với màn hình OLED lớn và sáng vượt trội, cùng với hàng loạt tính năng sức khỏe và thể thao tiên tiến, chiếc đồng hồ này không chỉ là một phụ kiện thời trang mà còn là một trợ thủ đắc lực cho cuộc sống hiện đại. Đơn giản, tinh tế, sang trọng - phong cách sống hiện đại Chiếc đồng hồ thông minh này không chỉ đơn thuần là một thiết bị đeo tay. Với lớp vỏ đen bóng được hoàn thiện bởi công nghệ đánh bóng nano tiên tiến và quy trình anod hóa 30 bước (phiên bản màu đen), sản phẩm sở hữu một vẻ đẹp thẩm mỹ tinh tế, bền bỉ theo thời gian, góp phần làm nổi bật thêm trang phục của người đeo. Xem thêm"
samsung-galaxy-watch7-44mm-lte,Samsung Galaxy Watch7 LTE 44mm dây silicone,"Tháng 7/2024, làng công nghệ sôi động đón chào sự ra mắt của các siêu phẩm nhà Samsung trong sự kiện Unpacked, trong đó có Galaxy Watch 7 LTE 44mm. Mang trên mình thiết kế thời thượng, đi kèm loạt tiện ích đỉnh cao, smartwatch hứa hẹn mang đến trải nghiệm bứt phá, thỏa mãn mọi đam mê của những tín đồ yêu thích công nghệ. Nâng tầm chăm sóc sức khỏe Galaxy Watch7 tự hào được trang bị cảm biến Samsung BioActive thế hệ 2, mang đến khả năng theo dõi các chỉ số sức khỏe như điện tâm đồ, huyết áp, nhịp tim, nồng độ oxy máu,... một cách liên tục và chính xác hơn bao giờ hết. Xem thêm"
apple-watch-s10-lte-42mm,Apple Watch Series 10 GPS + Cellular 42mm viền nhôm dây thể thao,"Một thiết bị thông minh không kém phần hấp dẫn so với iPhone 16 vừa được ra mắt tại sự kiện It’s Glow Time chính là Apple Watch Series 10 GPS + Cellular 42mm - một chiếc đồng hồ thông minh được thiết kế đặc biệt cho những người quan tâm đến sức khỏe. Với màn hình lớn và sáng, bạn có thể dễ dàng đọc tin nhắn, kiểm tra email ngay trên cổ tay. Thiết bị này còn giúp bạn theo dõi nhịp tim, giấc ngủ và trợ lý giọng nói. Hứa hẹn đem đến sự hỗ trợ tốt nhất cho cuộc sống của bạn. Tối giản, sang trọng, đẳng cấp tất cả trong một Với lớp vỏ đen bóng sang trọng (ở phiên bản màu đen), Apple Watch Series 10 không chỉ là một thiết bị công nghệ mà còn là một món phụ kiện thời trang đẳng cấp. Để tạo nên vẻ đẹp hoàn hảo này, hãng đã sử dụng công nghệ đánh bóng nano tiên tiến, kết hợp với quy trình anod hóa gồm 30 bước tỉ mỉ. Qua đó, chiếc đồng hồ không chỉ bền bỉ mà còn mang đến một trải nghiệm sử dụng thật sự khác biệt Xem thêm"
apple-watch-s10-lte-46mm-vien-titanium-day-thep,Apple Watch Series 10 GPS + Cellular 46mm viền Titanium dây Milan,"Apple Watch Series 10 GPS + Cellular 46mm viền Titanium dây Milan, một sản phẩm kết hợp hoàn hảo với phiên bản iPhone 16 vừa được Apple ra mắt vào tháng 09/2024. Với thiết kế hiện đại, sử dụng các vật liệu tái chế và quy trình sản xuất xanh, sản phẩm không chỉ là một biểu tượng của công nghệ tiên tiến mà còn là một tuyên bố về phong cách sống bền vững. Tự do vận động với thiết kế siêu nhỏ gọn Apple Watch Series 10 gây ấn tượng với khung Titanium được đánh bóng tỉ mỉ, mang đến vẻ đẹp độc đáo và bền bỉ theo thời gian. Chất liệu này, vốn được biết đến với độ cứng và khả năng chịu lực cao, giúp bảo vệ chiếc đồng hồ khỏi những va chạm không mong muốn. Đồng thời, trọng lượng nhẹ của nó cũng góp phần làm tăng sự thoải mái cho người dùng. Xem thêm"
amazfit-active-2-premium,Amazfit Active 2 Sapphire 43.9mm dây da,"Amazfit Active 2 Premium nâng tầm trải nghiệm với mặt kính Sapphire và dây da cao cấp, tăng cường độ bền và vẻ sang trọng vượt trội. Vẫn giữ nguyên màn hình AMOLED rực rỡ và thiết kế mặt tròn tinh tế, phiên bản này còn được trang bị những tính năng theo dõi sức khỏe và luyện tập chuyên sâu, là người bạn đồng hành lý tưởng cho phong cách sống năng động và hiện đại của người dùng. Diện mạo sang trọng với kính Sapphire và dây da Đồng hồ thông minh Amazfit Active sở hữu thiết kế mặt đồng hồ tròn 1.32 inch, được bảo vệ bởi lớp kính Sapphire cao cấp, mang đến vẻ ngoài sang trọng nhờ độ trong suốt cao. Công nghệ màn hình AMOLED với độ phân giải 466 x 466 pixels đảm bảo hiển thị sắc nét và màu sắc sống động trong mọi điều kiện ánh sáng. Xem thêm"
amazfit-active-2,Amazfit Active 2 43.9mm dây silicone,"Amazfit Active 2 là sự kết hợp giữa công nghệ tiên tiến và thiết kế đẳng cấp, mang đến trải nghiệm tuyệt vời cho những ai yêu thích thể thao và chăm sóc sức khỏe. Với màn hình AMOLED sắc nét, thiết kế mặt tròn sang trọng cùng nhiều tính năng nâng cao, đây chắc chắn là lựa chọn lý tưởng cho cuộc sống năng động của bạn. Thiết kế tinh tế, gọn nhẹ và sang trọng Đồng hồ thông minh Amazfit Active mang thiết kế hoàn toàn khác với phiên bản tiền nhiệm khi sở hữu mặt đồng hồ tròn 1.32 inch, sử dụng công nghệ AMOLED với độ phân giải 466 x 466 pixels, mang đến khả năng hiển thị sắc nét, màu sắc rực rỡ ngay cả dưới ánh sáng mạnh. Nhờ công nghệ Always On Display (AOD), người dùng có thể dễ dàng xem giờ và thông tin quan trọng mà không cần chạm vào màn hình, tăng thêm sự tiện lợi trong quá trình sử dụng. Xem thêm"
apple-watch-series-10-42mm-day-vai,Apple Watch Series 10 42mm viền nhôm dây vải,"Trong sự kiện It's Glowtime gần đây, Apple đã chính thức trình làng Apple Watch Series 10 42mm dây vải, một sản phẩm không chỉ khẳng định vị thế công nghệ mà còn thể hiện đẳng cấp thời trang. Với những cải tiến nổi bật về thiết kế và tính năng, phiên bản mới này hứa hẹn mang đến cho người dùng một trải nghiệm công nghệ tinh tế và toàn diện hơn bao giờ hết. Thiết kế sang trọng và đậm chất cá nhân Apple Watch Series 10 không chỉ là một chiếc smartwatch thông thường mà còn là một món trang sức thời thượng. Mặt đồng hồ hình chữ nhật quen thuộc được bao bọc bởi khung hợp kim nhôm cao cấp, mang đến vẻ ngoài thanh lịch và sự chắc chắn. Màu khung đen bóng mới mẻ, được đánh bóng và trải qua quá trình anod hóa 30 bước để sở hữu một diện mạo cuốn hút hơn cả. Xem thêm"
apple-watch-series-10-46mm-day-vai,Apple Watch Series 10 46mm viền nhôm dây vải,"Apple luôn đi đầu trong việc kết hợp công nghệ tiên tiến với thiết kế đẳng cấp và Apple Watch không phải là ngoại lệ. Với phiên bản Apple Watch Series 10 46mm viền nhôm dây vải, nhà Táo đã tạo ra một sản phẩm vừa mạnh mẽ về hiệu năng, vừa tinh tế trong từng đường nét thiết kế. Đây là chiếc smartwatch không chỉ dành cho các tín đồ công nghệ mà còn cho những ai yêu thích phong cách tối giản nhưng không kém phần thời thượng. Độc đáo, thanh lịch, đẹp mắt Apple Watch Series 10 mang đến sự kết hợp hài hoà giữa phong cách hiện đại và chất liệu bền bỉ. Khung viền hợp kim nhôm được thiết kế chắc chắn tạo cảm giác nhẹ nhàng khi đeo, nhưng vẫn đủ mạnh mẽ để chống lại va đập hay trầy xước trong quá trình sử dụng hàng ngày. Độ đen bóng độc đáo được tạo ra với quy trình 30 bước anod tân tiến tạo nên sự sang trọng, ấn tượng cho thiết bị đeo tay nhà Táo. Xem thêm"
apple-watch-se-2023-40mm-vien-nhom-day-silicone,Apple Watch SE 2 GPS 40mm viền nhôm dây thể thao,"Apple Watch SE 2023 GPS 40mm viền nhôm dây thể thao là chiếc smartwatch có mức giá dễ tiếp cận nhất nhà Táo, là lựa chọn tối ưu ngân sách cho người dùng nhưng vẫn đảm bảo một thiết kế đẹp mắt, hỗ trợ đa dạng tính năng cũng như tiện ích hằng ngày. Thiết kế quen thuộc với độ nhận diện cao Xét về mặt thiết kế thì Apple Watch SE 2023 không có nhiều sự khác biệt so với các phiên bản đã ra mắt trước đó. Mặt đồng hồ được bo cong 4 góc tạo nên sự liền mạch, mang đến cảm giác hiện đại và sang trọng. Khung viền bằng hợp kim nhôm vừa chắc chắn vừa có khối lượng nhẹ, thoải mái hơn trong quá trình sử dụng. Xem thêm"
huawei-watch-fit-3,Huawei Watch Fit 3 43.2mm dây silicone,"Sau thành công của dòng Watch Fit 2, nhà Huawei đã trình làng phiên bản kế nhiệm của dòng sản phẩm này mang tên Huawei Watch Fit 3. Mang một ngoại hình ấn tượng với một màn hình lớn hơn, đi kèm nhiều tính năng sức khỏe được nâng cấp, đây hứa hẹn là chiếc smartwatch được nhiều người dùng săn đón trong thời gian tới. Thiết kế thời thượng với màn hình lớn Huawei Watch Fit 3 có thiết kế thời thượng, năng động với khối lượng mặt vô cùng nhẹ - chỉ 26 g, mang tới sự thoải mái cho cổ tay của bạn trong mọi hoạt động từ luyện tập đến sinh hoạt hằng ngày. Khung viền hợp kim nhôm và mặt kính cường lực cũng giúp bảo vệ đồng hồ tốt hơn khi xảy ra những va quẹt ngoài ý muốn. Xem thêm"
amazfit-active,Amazfit Active 42.3mm dây silicone,"Đồng hồ thông minh Amazfit Active 42.3 mm là sự kết hợp hoàn hảo giữa phong cách thời thượng và công nghệ tiên tiến. Với thiết kế mỏng nhẹ, màn hình AMOLED sắc nét cùng nhiều tính năng theo dõi sức khỏe chuyên nghiệp, chiếc đồng hồ này sẽ là người bạn đồng hành lý tưởng cho cuộc sống năng động của bạn. Phong cách thời thượng, gọn nhẹ khi đeo Nổi bật với thiết kế hiện đại và tinh tế, mặt đồng hồ hình vuông bo cong mềm mại mang đến cảm giác thanh lịch và sang trọng, đồng hồ thông minh Amazfit Active có kích thước 42.3 mm nhỏ gọn, phù hợp với cả nam và nữ, tạo sự thoải mái khi đeo trên cổ tay. Khung viền hợp kim nhôm giúp tăng khả năng chịu lực, bảo vệ đồng hồ khỏi va đập và trầy xước trong quá trình sử dụng, đảm bảo độ bền bỉ cho thiết bị đồng hành cùng bạn trong mọi hoạt động. Xem thêm"
redmi-watch-4,Xiaomi Redmi Watch 4 47.5mm dây silicone,"Redmi Watch 4 sở hữu thiết kế sang trọng, màn hình sắc nét, thời lượng pin dài và nhiều tính năng theo dõi sức khỏe, hứa hẹn sẽ là một lựa chọn hấp dẫn cho những người dùng đang tìm kiếm một chiếc đồng hồ thông minh với mức giá phải chăng. Kiểu dáng hiện đại, phù hợp với nhiều phong cách Redmi Watch 4 sở hữu mặt đồng hồ hình chữ nhật với các góc được bo tròn, tạo cảm giác thon gọn khi đeo trên tay. Điểm ấn tượng mà sản phẩm này mang đến cho mình là khối lượng khá nhẹ, lúc đeo lên tay khá êm, không bị mỏi hay vướng víu khi mình hoạt động. Đồng hồ thông minh sử dụng khung viền hợp kim nhôm có khả năng chịu lực tốt hơn so với khung viền nhựa phủ kim loại ở phiên bản . Ngoài ra, Xiaomi còn phủ thêm cho phần viền một lớp nhám chống bám vân tay, khi sờ vào cảm giác khá thích. Xem thêm"
apple-watch-se-2023-44mm-vien-nhom-day-silicone,Apple Watch SE 2 GPS 44mm viền nhôm dây thể thao,"Apple Watch SE 2023 GPS 44mm viền nhôm dây thể thao sở hữu ngoại hình hiện đại, gọn nhẹ, mang lại sự thoải mái khi đeo. Đi cùng với đó là hiệu năng mạnh mẽ, xử lý mượt mà các tác vụ, hệ thống định vị tiên tiến và vô vàn tiện ích thông minh khác. Kiểu dáng quen thuộc, khả năng hiển thị tốt Mặt đồng hồ được thiết kế với 4 góc bo cong tinh tế có kích thước 44 mm, phù hợp với nhiều cổ tay của người dùng. Nhìn chung, Apple Watch SE 2023 không có sự khác biệt về ngoại hình so với các thế hệ trước đó. Kiểu dáng thời thượng, dễ dàng phối hợp với nhiều loại trang phục. Khung viền hợp kim nhôm và mặt kính cường lực Ion-X giúp gia tăng khả năng chịu lực, hạn chế móp méo, nứt vỡ khi có va chạm xảy ra. Chất liệu  có độ đàn hồi cao, khi đeo sẽ ôm trọn cổ tay người dùng mà không gây khó chịu, bề mặt chống bám tốt dễ dàng vệ sinh. Xem thêm"
apple-watch-se-lte-2023-40mm-vien-nhom-day-silicone,Apple Watch SE 2 GPS + Cellular 40mm viền nhôm dây thể thao,"Apple Watch SE 2023 GPS + Cellular 40mm viền nhôm dây thể thao là một chiếc đồng hồ thông minh được trang bị nhiều tính năng hiện đại, đáp ứng nhu cầu của người dùng từ theo dõi sức khỏe, luyện tập thể dục thể thao đến kết nối với mọi người xung quanh. Phong cách tối giản, màn hình chất lượng cao Mặt đồng hồ thông minh khá mỏng nhẹ phù hợp với các hoạt động hằng ngày. Kích thước mặt 40 mm không quá lớn, những bạn có cổ tay nhỏ vẫn có thể đeo rất đẹp. Khung viền hợp kim nhôm có độ bền cao, bảo vệ tốt các bộ phận bên trong khi va chạm. Nút Digital Crown khi xoay vô cùng êm ái, hỗ trợ truy cập nhanh một số chức năng. Xem thêm"
samsung-galaxy-watch6-classic-43mm,Samsung Galaxy Watch6 Classic 43mm dây silicone,"Trong sự kiện ra mắt sản phẩm thường niên vào tháng 7/2023, bên cạnh các sản phẩm điện thoại luôn thu hút sự chú ý của giới công nghệ, nhà Samsung cũng trình làng thế hệ smartwatch mới của mình mang tên Galaxy Watch6 Classic 43mm. Trợ lý đắc lực trong việc chăm sóc và cải thiện sức khỏe Đồng hồ thông minh sở hữu nhiều cảm biến cao cấp như cảm biến phân tích nhiệt độ, cảm biến BioActive,... cung cấp khả năng đo nhịp tim, huyết áp, SpO2, điện tâm đồ,... và phân tích các thành phần cơ thể với 7 chỉ số gồm: chỉ số BMI, chỉ số BMR, cân nặng, cơ xương, khối lượng mỡ, lượng mỡ cơ thể, lượng nước một cách chính xác. Xem thêm"
xiaomi-watch-s-3,Xiaomi Watch S3 47mm dây silicone,"Sau thành công của Xiaomi Watch S2, ông lớn công nghệ Trung Quốc đã cho ra mắt phiên bản kế nhiệm mang tên Xiaomi Watch S3, hứa hẹn mang đến nhiều trải nghiệm mới mẻ từ phần cứng đến phần mềm cho các tín đồ công nghệ. Thiết kế thời thượng với viền bezel có thể tháo rời Xiaomi Watch S3 mang ngôn ngữ thiết kế sang trọng và tinh tế với dáng mặt tròn truyền thống đi kèm dây silicone êm nhẹ. Kích thước mặt 47 mm sẽ phù hợp với người dùng có cổ tay trung bình - lớn. Ở thế hệ này, smartwatch nhà Xiaomi được trang bị thêm một khung viền bezel quanh màn hình, không chỉ bảo vệ màn hình tốt hơn mà còn tạo nên vẻ đẹp cổ điển cho thiết bị. Hơn thế nữa, khung viền còn có thể tháo rời, cho phép bạn tùy chỉnh với những mẫu viền độc đáo, tăng tính cá nhân hóa cho chiếc smartwatch của mình. Xem thêm"
xiaomi-watch-2,Xiaomi Watch 2 47.8mm dây silicone,"Xiaomi Watch 2 là thế hệ smartwatch mới nhất được nhà Xiaomi cho ra mắt. Với thiết kế sang trọng, lịch lãm, đi cùng rất nhiều tính năng như hỗ trợ luyện tập, theo dõi sức khỏe, đi cùng hệ điều hành Google Wear OS đa tiện ích,... đây sẽ là lựa chọn đáng cân nhắc sở hữu cho các tín đồ công nghệ. Thiết kế thể thao chuyên nghiệp Đồng hồ thông minh Xiaomi Mi Watch có dáng mặt hình tròn cổ điển với khung nhôm cứng cáp. Viền bezel được vát phẳng tạo nên một diện mạo gọn gàng, lịch lãm. Mặt đồng hồ được phủ lớp kính cường lực Gorilla Glass 3 làm tăng thêm độ cao cấp, đồng thời cũng bảo vệ màn hình khỏi các vết trầy xước hiệu quả hơn. Xem thêm"
apple-watch-series-10-lte-42mm-day-vai,Apple Watch Series 10 GPS + Cellular 42mm viền nhôm dây vải,"Apple Watch Series 10 GPS + Cellular 42mm dây vải là phiên bản nâng cấp toàn diện, được thiết kế đặc biệt để đáp ứng nhu cầu của người dùng yêu thích công nghệ cao và quan tâm đến sức khỏe cũng như lối sống năng động. Không chỉ cung cấp các tính năng theo dõi sức khỏe tiên tiến và hỗ trợ tập luyện, mẫu đồng hồ này còn gây ấn tượng mạnh mẽ với thiết kế tinh xảo và các tính năng thông minh. Đẳng cấp, tối giản và tinh tế Apple Watch Series 10 được chế tác từ chất liệu hợp kim nhôm cao cấp, không chỉ đảm bảo độ bền bỉ và nhẹ nhàng mà còn mang lại vẻ ngoài tinh tế và sang trọng. Đồng hồ sở hữu độ dày chỉ 9.7 mm, giảm đáng kể so với các phiên bản trước như Series 7, 8 và 9. Nhờ thiết kế mỏng nhẹ này, người dùng sẽ cảm thấy thoải mái suốt cả ngày dài mà không lo về cảm giác nặng nề khi đeo. Xem thêm"
apple-watch-s9-41mm-vien-nhom-day-vai?utm_flashsale=1,Apple Watch Series 9 GPS 41mm viền nhôm dây vải,"Tại sự kiện Wonderlust, Apple đã chính thức ra mắt Apple Watch Series 9 - thế hệ đồng hồ thông minh mới của hãng trong năm 2023. Trong đó, Apple Watch Series 9 GPS 41mm viền nhôm dây vải đã thu hút được nhiều sự chú ý với ngoại hình thời thượng, hiệu năng mạnh mẽ, sẵn sàng đồng hành cùng người dùng trong nhiều hoạt động. Các chi tiết được chế tác tỉ mỉ, vẻ ngoài sang trọng Không chỉ mang đến những trải nghiệm tuyệt vời, Apple Watch còn là dòng sản phẩm thông minh đầu tiên của Apple đạt được mức trung hòa carbon. Hãng đã sử dụng nguồn năng lượng sạch và ứng dụng công nghệ tân tiến nhằm giúp giảm thiểu đáng kể lượng phát thải trong quá trình sản xuất. Ước tính, mỗi chiếc Apple Watch thế hệ mới đã giảm hơn 75% lượng khí thải so với thế hệ trước. Xem thêm"
apple-watch-se-2023-44mm-vien-nhom-day-vai,Apple Watch SE 2 GPS 44mm viền nhôm dây vải,"Apple Watch SE 2023 GPS 44mm viền nhôm dây vải là một trong những dòng đồng hồ thông minh được yêu thích hiện nay. Thiết bị sở hữu thiết kế thời trang, hiện đại cùng nhiều tính năng hỗ trợ theo dõi sức khỏe, luyện tập thể thao, định vị, nghe gọi thông qua Bluetooth,... mang đến cho người dùng trải nghiệm tuyệt vời. Ngoại hình trẻ trung, năng động thích hợp với nam lẫn nữ Về tổng quan thì chiếc Apple Watch SE 2023 này không có khác biệt về mặt thiết kế so với những thế hệ trước. Vẫn giữ mặt đồng hồ bo cong 4 góc tạo sự thanh thoát khi đeo lên tay, khối lượng chỉ 32.9 g vô cùng gọn nhẹ đảm bảo sự thoải mái khi đeo trên tay trong mọi hoạt động. Xem thêm"
apple-watch-s10-lte-46mm,Apple Watch Series 10 GPS + Cellular 46mm viền nhôm dây thể thao,"Vào tháng 9 hàng năm, Apple luôn khiến người dùng hào hứng với những sản phẩm công nghệ đỉnh cao và năm nay ở event “It's Glow Time”, bên cạnh các sản phẩm iPhone 16 mới, Apple Watch Series 10 GPS + Cellular 46mm cũng đã được ra mắt. Sản phẩm này không chỉ đạt được kỳ vọng mà còn vượt qua mong đợi của người dùng. Với hàng loạt nâng cấp từ thiết kế đến tính năng so với các thế hệ trước mang đến một sản phẩm chuẩn mức về sự thông minh và phong cách. Thiết kế mang dấu ấn riêng biệt với Digital Crown và chất liệu cao cấp Ngay từ cái nhìn đầu tiên, Apple Watch Series 10 đã gây ấn tượng mạnh với vẻ ngoài thời thượng và độ nhận diện cao. Khung viền hợp kim nhôm mang lại vẻ bền bỉ, sang trọng, giúp sản phẩm này nổi bật giữa hàng loạt thiết kế đồng hồ thông minh khác trên thị trường. Được thiết kế để bền bỉ theo thời gian, dây đeo thể thao chắc chắn sở hữu các màu sắc thời thượng, vừa khít và thoải mái khi đeo, giúp người dùng thể hiện phong cách cá nhân. Xem thêm"
apple-watch-series-10-lte-46mm-day-vai,Apple Watch Series 10 GPS + Cellular 46mm viền nhôm dây vải,"Apple Watch Series 10 GPS + Cellular 46mm được thiết kế dành cho những ai yêu thích công nghệ, đồng thời quan tâm đến sức khỏe và lối sống năng động. Không chỉ dừng lại ở việc cung cấp những tính năng tiên tiến để theo dõi sức khỏe và hỗ trợ tập luyện, mẫu đồng hồ trong sự kiện ra mắt năm này còn được cải tiến với hàng loạt về mặt thẩm mỹ và giao diện bên ngoài. Thiết kế đẳng cấp, tối giản nhưng tinh tế Apple Watch Series 10 có phần khung được chế tác từ hợp kim nhôm cao cấp, không chỉ đảm bảo độ bền bỉ, nhẹ nhàng mà còn mang đến sự sang trọng trong từng chi tiết. Với độ dày chỉ 9.7 mm, giảm 10% so với các phiên bản trước đó như Series 7, 8 và 9, Apple đã thực hiện một bước tiến lớn trong thiết kế đồng hồ thông minh, tạo ra một sản phẩm mỏng nhẹ, thoải mái khi đeo mà không gây cảm giác nặng nề trong suốt cả ngày dài. Xem thêm"
apple-watch-s10-lte-42mm-vien-titanium-day-thep?utm_flashsale=1,Apple Watch Series 10 GPS + Cellular 42mm viền Titanium dây Milan,"Apple Watch Series 10 GPS + Cellular 42mm viền Titanium dây Milan là một sản phẩm nổi bật không kém iPhone 16 trong sự kiện It’s Glow Time của hãng. Với màn hình OLED 2000 nits, Series 10 mang đến trải nghiệm thị giác sống động và rõ nét, kể cả trong điều kiện ánh sáng mạnh. Thiết kế được tinh chỉnh với mặt đồng hồ lớn hơn và khung viền titan mỏng, tạo nên vẻ ngoài sang trọng và hiện đại. Tự do vận động với thiết kế siêu nhỏ gọn Apple Watch Series 10 mang đến một lựa chọn mới mẻ và độc đáo với khung viền Titanium được đánh bóng tinh xảo không chỉ đảm bảo độ bền vượt trội mà còn sở hữu vẻ ngoài sáng bóng, sang trọng. Nhờ đặc tính nhẹ của vật liệu, thiết bị này giảm đáng kể khối lượng so với các phiên bản khác, đem đến cho người dùng sự thoải mái tối ưu mà không hề đánh đổi độ bền. Xem thêm"
apple-watch-se-2023-40mm-vien-nhom-day-vai,Apple Watch SE 2 GPS 40mm viền nhôm dây vải,"Tháng 9/2023, tiếp nối sự thành công của dòng Apple Watch SE, nhà Táo Khuyết đã ra mắt mẫu Apple Watch SE 2 GPS 40mm viền nhôm dây vải, không chỉ sở hữu thiết kế thời thượng mà còn được trang bị đa dạng tiện ích giúp bạn sẽ cực thích thú khi khám phá. Vẻ ngoài cao cấp, nâng tầm phong cách cá nhân Thiết kế của chiếc Apple Watch SE 2 này mang kiểu dáng thanh lịch tương tự như phiên bản tiền nhiệm, khung viền vẫn là chất liệu hợp kim nhôm cứng cáp. Vị trí các nút điều khiển cũng được giữ nguyên nên mang đến sự thuận tiện cho người dùng khi thao tác. Dây đeo bằng vải mềm mại, giúp bạn đeo vào và tháo đồng hồ ra khỏi tay dễ dàng bất cứ lúc nào. Đặc biệt dây đeo có nhiều màu sắc khác nhau cho bạn lựa chọn tùy theo sở thích của mình. Xem thêm"
samsung-galaxy-watch6-classic-47mm,Samsung Galaxy Watch6 Classic 47mm dây silicone,"Samsung Galaxy Watch6 Classic 47mm được thiết kế tối giản phù hợp với cuộc sống hằng ngày của người dùng. Tích hợp nhiều tính năng thông minh để người dùng chăm sóc sức khỏe một cách hiệu quả nhất, đa dạng chế độ thể thao đáp ứng mọi nhu cầu luyện tập. Phong cách cổ điển, vòng bezel vật lý Galaxy Watch6 Classic vẫn giữ nguyên mặt đồng hồ tròn quen thuộc tạo nên một vẻ ngoài thanh lịch mang nét cổ điển. Sau Galaxy Watch4 Classic thì đây là sản phẩm được trang bị viền bezel xoay vật lý tiếp theo của nhà Samsung, với thao tác sử dụng cực đơn giản mang đến sự tiện lợi cho người dùng. Khung viền bằng thép không gỉ chịu lực tốt, hạn chế móp méo khi va chạm, kết hợp cùng mặt kính Sapphire tạo nên một lớp áo giáp vững chắc hạn chế những hư hại khi bạn lỡ tay làm rơi đồng hồ hay va chạm với các vật cứng khác. Bên cạnh đó, đồng hồ còn đạt chứng nhận nên bạn cứ yên tâm sử dụng ở nhiều điều kiện môi trường. Xem thêm"
apple-watch-se-lte-2023-44mm-vien-nhom-day-vai,Apple Watch SE 2 GPS + Cellular 44mm viền nhôm dây vải,"Apple Watch SE 2 GPS + Cellular 44mm viền nhôm dây vải sở hữu thiết kế sang trọng, đi cùng các tính năng theo dõi sức khỏe và thể dục thể thao tiên tiến. Đây sẽ là một lựa chọn lý tưởng cho những người đang tìm kiếm một chiếc đồng hồ thông minh vừa thời trang vừa đa dạng tiện ích. Phong cách tối giản, dẫn đầu xu hướng hiện nay Apple Watch SE 2 có phần khung bằng hợp kim nhôm giúp vẻ ngoài thêm phần sang trọng, khả năng chịu lực cũng khá tốt. Mặt đồng hồ được bo cong các góc vô cùng tinh tế, tạo sự liền mạch giữa các bộ phận. Cạnh bên phải có một nút xoay Digital Crown và một nút nhấn giúp người dùng truy cập nhanh một số chức năng. Xem thêm"
amazfit-active-edge,Amazfit Active Edge 46.6mm dây silicone,"Amazfit tự hào giới thiệu đến bạn siêu phẩm đồng hồ thông minh Active Edge 46.6mm - sự kết hợp hoàn hảo giữa thiết kế thời thượng, tính năng tiên tiến để mang đến trải nghiệm vượt trội. Bạn có thể thoải mái tập luyện với hơn 130 chế độ thể thao, màn hình chất lượng cao cùng các cảm biến sức khỏe hiện đại. Phong cách thể thao, năng động Amazfit phiên bản Active Edge thu hút mọi ánh nhìn với phong cách ""dual color"" độc đáo. Sự kết hợp hai màu sắc tương phản tạo nên nét cá tính và lôi cuốn, khẳng định đẳng cấp của người sở hữu. Hiện tại sản phẩm này có 3 phiên bản màu sắc là đen, xám và xanh mint cho bạn lựa chọn theo sở thích. Xem thêm"
apple-watch-ultra-2-gps-cellular-49mm-vien-titanium-den-day-trail,Apple Watch Ultra 2 GPS + Cellular 49mm viền Titanium đen dây Trail,"Cùng với sự ra mắt hoành tráng của iPhone 16, sự trở lại của Apple Watch Ultra 2 GPS + Cellular 49mm viền Titanium dây Trail tại sự kiện It’s Glowtime vào tháng 9/2024 cũng đã thu hút sự chú ý từ giới công nghệ. Thiết bị vẫn giữ nguyên những giá trị đẳng cấp từ thiết kế tinh tế đến cấu hình mạnh mẽ, đồng thời được nâng cấp thêm nhiều tính năng mới hỗ trợ cuộc sống hàng ngày và các chế độ luyện tập cá nhân. Thiết kế tinh tế, bền bỉ và năng động Apple Watch Ultra 2 vẫn mang những giá trị nổi bật của dòng Ultra đầu tiên. Màn hình 49 mm – lớn nhất trong dòng sản phẩm Apple Watch không chỉ tạo cảm giác mạnh mẽ, thể thao mà còn tối ưu không gian hiển thị, giúp người dùng dễ dàng theo dõi thông tin. Xem thêm"
amazfit-balance,Amazfit Balance 46mm dây silicone,"Thoát khỏi khuôn khổ nhàm chán, Amazfit Balance 46mm dây silicone bứt phá với thiết kế sang trọng, tinh tế, mang đến trải nghiệm thời trang đẳng cấp. Từng đường nét được hoàn thiện tỉ mỉ, tạo nên một tổng thể hài hòa, thu hút mọi ánh nhìn. Không chỉ nâng cấp bên ngoài mà bên trong cũng được trang bị đa dạng các tính năng theo dõi sức khỏe và luyện tập. Phong cách cổ điển, gọn nhẹ khi đeo Amazfit Balance sở hữu mặt đồng hồ hình tròn mang hơi hướng cổ điển, kích thước mặt 46 mm khá lớn nên sẽ thích hợp với cổ tay của các bạn nam hơn. Phần khung viền được chế tác từ hợp kim nhôm có độ cứng cao, hạn chế móp méo trong các va chạm nhẹ. Riêng phần mặt của đồng hồ sẽ có khối lượng 35 g, không gây ra cảm giác nặng nề khi đeo cho bạn thoải mái trong các hoạt động. Xem thêm"
amazfit-balance-day-nylon,Amazfit Balance 46mm dây nylon,"Amazfit Balance 46 mm dây nylon với thiết kế tinh xảo, sang trọng, tạo nên một trải nghiệm thời trang tầm cao mới. Mỗi chi tiết được chăm chút tỉ mỉ, tạo nên một tổng thể hoàn hảo, thu hút mọi ánh nhìn. Không chỉ dừng lại ở vẻ ngoài mà bên trong của chiếc đồng hồ này cũng được trang bị nhiều tính năng thông minh giúp theo dõi sức khỏe và hỗ trợ luyện tập. Thời trang và linh hoạt Amazfit Balance có mặt đồng hồ hình tròn với đường kính 46 mm, mang hơi hướng cổ điển và nam tính. Kích thước này khá lớn phù hợp với những ai có cổ tay to. Khung viền được chế tác từ hợp kim nhôm, gia tăng độ cứng cáp, hạn chế móp méo trong quá trình sử dụng. Khối lượng mặt đồng hồ chỉ 35 g sẽ không gây cảm giác nặng nề, giúp bạn thoải mái vận động suốt ngày dài. Xem thêm"
apple-watch-ultra-2-gps-cellular-49mm-vien-titanium-den-day-alpine,Apple Watch Ultra 2 GPS + Cellular 49mm viền Titanium đen dây Alpine,"Sau thành công rực rỡ của thế hệ Apple Watch Ultra đầu tiên, Apple đã chính thức giới thiệu phiên bản kế nhiệm và năm nay là phiên bản màu mới của nó - Apple Watch Ultra 2 GPS + Cellular 49mm viền Titanium dây Alpine, trong sự kiện It’s Glowtime diễn ra vào tháng 9/2024 cùng với iPhone 16. Phiên bản này không chỉ mang đến nhiều cải tiến đáng kể về hiệu suất mà còn cải thiện tính năng và giao diện, giúp người dùng có trải nghiệm tuyệt vời hơn bao giờ hết. Hiệu suất vượt trội nhờ chip S9 Apple Watch Ultra 2 được trang bị vi xử lý Apple S9 mới, với hiệu suất vượt trội và khả năng xử lý thông tin nhanh chóng. Chip mới này có hơn 60% bóng bán dẫn so với thế hệ trước, giúp đồng hồ thực hiện các tác vụ mượt mà hơn. Xem thêm"
huawei-watch-gt4-46-day-woven?utm_flashsale=1,Huawei Watch GT 4 46mm dây Hybrid Woven,"Huawei Watch GT 4 46mm dây Hybrid Woven là sự kết hợp hoàn hảo giữa thiết kế lịch lãm, tính năng theo dõi sức khỏe toàn diện và trải nghiệm thông minh mượt mà. Đây là lựa chọn lý tưởng cho những ai đang tìm kiếm một chiếc smartwatch thời thượng để nâng tầm trải nghiệm công nghệ và phong cách cá nhân. Kiểu dáng gọn gàng, phong cách sang trọng Đồng hồ thông minh Huawei với thiết kế mặt tròn cổ điển tạo sự thanh lịch khi đeo trên tay, bề mặt phủ lớp kính cường lực cứng cáp, kết hợp cùng khung viền thép không gỉ giúp giữ được sự sáng bóng theo thời gian, khả năng chịu lực tốt hạn chế móp méo trong quá trình sử dụng. Bên cạnh đó cũng tạo nên một tổng thể cao cấp, sang trọng. Xem thêm"
apple-watch-s10-lte-46mm-vien-titanium-day-the-thao,Apple Watch Series 10 GPS + Cellular 46mm viền Titanium dây thể thao,"Trong sự kiện ra mắt sản phẩm tháng 9/2024 với chủ đề It's Glowtime, Apple không chỉ mang đến cho người dùng dòng iPhone 16 đầy mong đợi, mà còn giới thiệu chiếc đồng hồ thông minh thế hệ mới - Apple Watch Series 10 GPS + Cellular 46mm viền Titanium dây thể thao. Đây không chỉ đơn thuần là một chiếc đồng hồ thời trang, mà còn là một công cụ mạnh mẽ giúp bạn kiểm soát sức khỏe, thể thao, và công việc hàng ngày. Với những cải tiến vượt bậc về thiết kế, màn hình OLED sắc nét, và tính năng theo dõi sức khỏe tiên tiến, Series 10 hứa hẹn sẽ là bạn đồng hành hoàn hảo cho mọi người dùng. Thiết kế tinh tế, hoàn hảo cho mọi phong cách Xem thêm"
apple-watch-s10-lte-42mm-vien-titanium-day-the-thao,Apple Watch Series 10 GPS + Cellular 42mm viền Titanium dây thể thao,"Apple Watch Series 10 GPS + Cellular 42mm viền Titanium dây thể thao được ra mắt lần đầu tiên cùng với iPhone 16 tại sự kiện It’s Glow Time do Apple tổ chức vào ngày 10/09/2024. Bên cạnh thiết kế đẹp mắt, sang trọng và bên bỉ, thiết bị này còn hỗ trợ thêm rất nhiều tính năng sức khỏe hữu ích và về tinh thần lẫn thể chất, giúp người dùng duy trì lối sống năng động và lành mạnh hơn. Màn hình sáng rõ, nhìn nghiêng siêu nét Tính năng Always On Display trên Apple Watch sẽ cho phép bạn xem giờ, thông báo mà không cần phải đánh thức màn hình. Nếu người dùng lo lắng tính năng này có thể gây hao pin ở đồng hồ thì công nghệ LTPO3 sẽ điều chỉnh tốc độ làm tươi một cách thông minh, vừa đảm bảo hình ảnh luôn mượt mà, vừa tiết kiệm năng lượng hiệu quả, mang đến khả năng hiển thị hiệu quả cùng trải nghiệm thị giác tiện lợi. Xem thêm"
amazfit-cheetah-pro,Amazfit Cheetah Pro 47mm dây nylon,"Amazfit Cheetah Pro 47mm là chiếc smartwatch thể thao được nhà Amazfit thiết kế tối ưu dành riêng cho các tín đồ của môn chạy bộ. Với thiết kế bền bỉ nhưng vô cùng gọn nhẹ, đây hứa hẹn sẽ là dòng sản phẩm được nhiều người dùng săn đón trong thời gian tới. Thiết kế bền bỉ với khối lượng ấn tượng Một trong những yếu tố quan trọng nhất khi lựa chọn smartwatch thể thao đó là khối lượng sản phẩm và phần cảm biến. Amazfit Cheetah Pro sở hữu khối lượng chỉ 34 g cho phần mặt (43 g nếu tính cả dây), khi đeo trên tay mình thấy vô cùng thoải mái. Có thể nói đây là một trong những chiếc smartwatch thể thao nhẹ nhất trên thị trường hiện tại. Xem thêm"
amazfit-cheetah-square,Amazfit Cheetah Square 44mm dây silicone,"Amazfit vừa trình làng thế hệ smartwatch hoàn toàn mới của hãng mang tên Amazfit Cheetah Square 44mm. Sở hữu thiết kế mạnh mẽ, năng động nhưng vô cùng gọn nhẹ, được trang bị nhiều công nghệ tối ưu cho vận động viên chạy bộ, hệ thống GPS chuẩn xác hàng đầu cùng việc tích hợp AI hỗ trợ luyện tập, thiết bị hứa hẹn sẽ mang lại những trải nghiệm hài lòng nhất cho các tín đồ thể thao. Phong cách năng động, thời thượng Amazfit Cheetah Square có kích thước mặt 44 mm, những bạn có cổ tay từ 15 cm trở lên đeo sẽ vừa vặn, cổ tay mình khoảng 16.5 cm khi đeo lên nhìn khá cân đối. Nhìn chung, đây là kích thước mặt đồng hồ khá phổ thông để nhiều người có thể sử dụng, không quá kén dùng như phiên bản Amazfit Cheetah Pro và Amazfit Cheetah Round. Xem thêm"
apple-watch-ultra-2-lte-49mm-vien-titanium-day-ocean,Apple Watch Ultra 2 GPS + Cellular 49mm viền Titanium dây Ocean,"Apple Watch Ultra 2 GPS + Cellular 49mm viền Titanium dây Ocean là chiếc đồng hồ thông minh của Apple gây được nhiều sự chú ý của giới truyền thông và người yêu công nghệ tại sự kiện Wonderlust năm 2023. Đồng hồ sở hữu vẻ ngoài vừa thời thượng vừa đậm chất thể thao vô cùng độc đáo, các tính năng bên trong cũng có cải tiến hứa hẹn sẽ làm hài lòng sự mong đợi của người dùng. Phong cách độc đáo, thoải mái khi đeo trên tay Về mặt thiết kế thì chiếc Apple Watch Ultra 2 này vẫn chưa có quá nhiều điểm khác biệt so với thế hệ Apple Watch Ultra đã ra mắt vào năm 2022. Mặt đồng hồ hình chữ nhật dẫn đầu xu thế, kích thước 49 mm có phần hơi hầm hố nên sẽ thích hợp với người dùng nam có cổ tay lớn. Xem thêm"
apple-watch-se-2-2023-lte-40mm-vien-nhom-day-the-thao,Apple Watch SE 2 2023 GPS + Cellular 40mm viền nhôm dây thể thao,Không có mô tả
oppo-watch-x,Oppo Watch X 47mm dây silicone,"Đồng hồ thông minh Oppo Watch X 47mm là một sản phẩm đột phá, mang đến trải nghiệm hoàn toàn mới cho người dùng. Với thiết kế thời trang sang trọng, màn hình AMOLED lớn và nhiều tính năng thông minh, chiếc đồng hồ này hứa hẹn sẽ trở thành người bạn đồng hành lý tưởng cho cuộc sống hiện đại của bạn. Vẻ ngoài sang trọng, tinh tế Oppo Watch X nổi bật với khung viền thép không gỉ có độ hoàn thiện cao, mang đến vẻ đẹp sang trọng và đẳng cấp. Chất liệu cao cấp này không chỉ đảm bảo độ bền bỉ cho đồng hồ mà còn tôn lên sự tinh tế trong từng đường nét thiết kế. Xem thêm"
apple-watch-se-2-2023-gps-40mm-vien-nhom-day-the-thao,Apple Watch SE 2 2023 GPS 40mm viền nhôm dây thể thao,Không có mô tả
samsung-galaxy-watch6-40mm,Samsung Galaxy Watch6 40mm dây silicone,"Galaxy Unpacked là một trong những sự kiện công nghệ đáng chú ý nhất nửa cuối năm của nhà Samsung. Bên cạnh những mẫu điện thoại gập đình đám, Samsung Galaxy Watch6 40mm cũng là một sản phẩm được mong chờ nhất của các tín đồ công nghệ nói chung và fan nhà Samsung nói riêng. Trợ lý sức khỏe toàn diện ngay trên cổ tay Với thế hệ Samsung Galaxy Watch6 này, hãng đã mang đến cho người dùng Chương trình Huấn luyện viên giấc ngủ - Sleep Coaching được cải tiến trên đồng hồ giúp bạn cải thiện chất lượng giấc ngủ tốt hơn. Xem thêm"
apple-watch-se-2-2023-lte-44mm-vien-nhom-day-the-thao,Apple Watch SE 2 2023 GPS + Cellular 44mm viền nhôm dây thể thao,Không có mô tả
apple-watch-se-2-2023-gps-40mm-vien-nhom-day-vai,Apple Watch SE 2 2023 GPS 40mm viền nhôm dây vải,Không có mô tả
apple-watch-se-2-2023-lte-40mm-vien-nhom-day-vai,Apple Watch SE 2 2023 GPS + Cellular 40mm viền nhôm dây vải,Không có mô tả
garmin-forerunner-165,Garmin Forerunner 165 43mm dây silicone,"Bạn đam mê chạy bộ và mong muốn chinh phục những thử thách mới thì Garmin Forerunner 165 43mm chính là người bạn đồng hành lý tưởng dành cho bạn. Chiếc đồng hồ thông minh này được trang bị nhiều tính năng tiên tiến giúp bạn theo dõi và cải thiện hiệu quả luyện tập, từ đó đạt được mục tiêu chạy bộ của bạn. Phong cách hiện đại, đậm chất thể thao Forerunner 165 sở hữu thiết kế thể thao, năng động với mặt đồng hồ hình tròn, được bảo vệ bởi khung Polyme cốt sợi cứng cáp cùng mặt kính cường lực hóa học, tăng cường khả năng chống nứt vỡ, trầy xước mang đến sự bền bỉ cho đồng hồ. Xem thêm"
huawei-watch-ultimate,Huawei Watch Ultimate 48.5mm viền gốm dây Titanium,"Huawei Watch Ultimate viền gốm dây Titanium là chiếc đồng hồ thông minh cao cấp với thiết kế sang trọng, bền bỉ, chống nước lên đến 100m. Màn hình AMOLED siêu nét, bền bỉ kết hợp cùng các tính năng sức khỏe tiên tiến như đo nhịp tim, oxy trong máu, ECG,... giúp người dùng duy trì phong cách sống khỏe mạnh. Đặc biệt, thời lượng pin kéo dài đến 14 ngày và hỗ trợ luyện tập cho các môn thể thao chuyên sâu cũng sẽ là lựa chọn lý tưởng cho người dùng đam mê khám phá và hoạt động ngoài trời. Phong cách lịch lãm như một chiếc đồng hồ cơ Xem thêm"
garmin-instinct-3-solar-45mm,Garmin Instinct 3 Solar 45mm dây silicone,"Nếu bạn là người đam mê thể thao, khám phá thiên nhiên hay yêu thích những chuyến phiêu lưu mạo hiểm, Garmin Instinct 3 Solar 45mm chính là thiết bị không thể thiếu. Với thiết kế bền bỉ, khả năng chống chịu cao cùng công nghệ năng lượng mặt trời tiên tiến, chiếc đồng hồ này luôn đồng hành cùng bạn trên mọi cung đường. Được trang bị nhiều tính năng thông minh, hỗ trợ theo dõi sức khỏe, định vị chính xác và thời lượng pin ấn tượng, Instinct 3 Solar giúp bạn tự tin chinh phục mọi giới hạn. Thiết kế bền bỉ, sẵn sàng chinh phục mọi địa hình Xem thêm"
garmin-venu-sq-2-day-silicone,Garmin Venu SQ 2 40.6mm dây silicone,"Garmin Venu SQ 2 với ngôn ngữ thiết kế tối giản, hiện đại phù hợp với nhiều người dùng, kèm theo đó là nhiều chế độ luyện tập thể thao, theo dõi sức khỏe, GPS có độ chính xác cao,... sản phẩm này hứa hẹn sẽ mang đến cho người dùng những trải nghiệm tuyệt vời nhất. Kiểu dáng thanh lịch, màn hình sắc nét Garmin Venu SQ 2 có mặt đồng hồ hình vuông với kích thước 40.6 mm khung polyme - viền nhôm và mặt kính cường lực Gorilla Glass 3 tạo nên một diện mạo sang trọng, độ bền cao và hạn chế trầy xước khi va chạm. Khi đeo lên cổ tay khoảng 15 cm của mình thì nhìn không bị thô, nên các bạn nữ có cổ tay nhỏ có thể yên tâm lựa chọn sản phẩm này. Đối với các bạn nam thì sản phẩm này lại càng phù hợp, đeo vào trông rất vừa vặn và năng động chứ không bị bé tí trên cổ tay. Xem thêm"
garmin-forerunner-55-day-silicone-den,Garmin Forerunner 55 42mm dây silicone,Xem thêm
samsung-galaxy-watch-ultra,Samsung Galaxy Watch Ultra LTE 47mm dây silicone,"Đặc điểm nổi bật của Galaxy Watch Ultra
• Hiệu năng vượt trội từ chip Exynos W1000 mới
• Chất liệu Titanium và kính Sapphire cao cấp
• Màn hình Super AMOLED sống động, sắc nét
• Nắm bắt thể trạng nhiều hơn với Galaxy Al
• Khả năng chống nước 10 ATM Bên cạnh các sản phẩm điện thoại Galaxy mới, Samsung cũng ra mắt dòng smartwatch hoàn toàn mới tại sự kiện Galaxy Unpacked vào tháng 7 mang tên Galaxy Watch Ultra. Mang một thiết kế hoàn toàn mới, CPU được nâng cấp mạnh mẽ với nhiều tiện ích thông minh lần đầu trình làng, sản phẩm hứa hẹn mang đến người dùng trải nghiệm sử dụng thú vị hơn bao giờ hết. Xem thêm"
garmin-instinct-e-45mm,Garmin Instinct E 45mm dây silicone,"Garmin Instinct E 45mm là chiếc đồng hồ GPS mạnh mẽ, lý tưởng cho những ai đam mê hoạt động ngoài trời. Phiên bản này sở hữu thiết kế bền bỉ đạt chuẩn quân đội, màn hình MIP đơn sắc tiết kiệm năng lượng, công nghệ định vị chính xác và thời lượng pin dài. Với nhiều tính năng theo dõi sức khỏe, thể thao chuyên sâu và khả năng chống nước 10 ATM, Instinct E 45mm là người bạn đồng hành tin cậy trong mọi hành trình. Thiết kế bền bỉ, sẵn sàng đương đầu với thử thách Đồng hồ thông minh Garmin sở hữu thiết kế mạnh mẽ với lớp vỏ Polyme cốt sợi, kết hợp cùng mặt kính cường lực chống trầy xước, mang đến khả năng chống chịu tuyệt vời trước mọi điều kiện khắc nghiệt. Đạt chuẩn quân đội MIL-STD-810G, chiếc đồng hồ này có thể chịu được va đập mạnh, nhiệt độ khắc nghiệt và môi trường nước sâu. Xem thêm"
garmin-instinct-3-50mm,Garmin Instinct 3 50mm dây silicone,"Garmin Instinct 3 50mm như một chiến binh thực thụ, sẵn sàng cùng bạn xông pha mọi địa hình hiểm trở. Mang trong mình DNA của dòng Instinct huyền thoại, phiên bản này được nâng cấp toàn diện từ màn hình, định vị, thời lượng pin,... biến nó trở thành người bạn đồng hành không thể thiếu cho những ai yêu thích thể thao mạo hiểm và khám phá thiên nhiên. Thiết kế mạnh mẽ, độ bền vượt trội Đồng hồ thông minh Garmin Instinct nổi bật với vẻ ngoài mạnh mẽ, đậm chất phiêu lưu, chiếc đồng hồ này được chế tạo để đương đầu với mọi thử thách. Lớp vỏ Polyme cốt sợi không chỉ nhẹ mà còn cực kỳ bền bỉ, sẵn sàng chống chọi với những va đập mạnh mẽ. Viền đồng hồ được kết hợp giữa Polyme cốt sợi/nhôm mang đến sự chắc chắn và sang trọng, đồng thời tăng cường khả năng bảo vệ. Mặt kính cường lực hóa học, như một lá chắn kiên cố, giúp Instinct 3 chống trầy xước và duy trì vẻ ngoài hoàn hảo, bất chấp mọi điều kiện khắc nghiệt. Xem thêm"
garmin-instinct-3-solar-50mm,Garmin Instinct 3 Solar 50mm dây silicone,"Bạn là tín đồ đam mê khám phá, yêu thích vận động và muốn chinh phục những thử thách mới, Garmin Instinct 3 Solar 50mm chính là chiếc trợ thủ không thể thiếu. Được thiết kế để đồng hành cùng bạn trong mọi điều kiện khắc nghiệt, thiết bị này mang đến những công nghệ tiên tiến như định vị GNSS, theo dõi sức khỏe toàn diện và thời lượng pin ấn tượng nhờ sạc năng lượng mặt trời. Thiết kế bền bỉ – Sẵn sàng chinh phục mọi địa hình Đồng hồ thông minh Garmin Instinct mang kiểu dáng mạnh mẽ, phù hợp với những ai yêu thích hoạt động ngoài trời và thể thao mạo hiểm. Khung viền làm từ Polyme cốt sợi giúp đồng hồ có độ bền cao, chống va đập và chống xước hiệu quả. Mặt kính cường lực Power Glass không chỉ bền bỉ mà còn hỗ trợ sạc năng lượng mặt trời, giúp tối ưu thời gian sử dụng. Xem thêm"
garmin-instinct-3-45mm,Garmin Instinct 3 45mm dây silicone,"Garmin Instinct 3 45mm là chiếc đồng hồ GPS đa năng, lý tưởng cho những ai đam mê khám phá và vận động ngoài trời. Phiên bản mới mang đến những nâng cấp đáng chú ý, từ màn hình AMOLED sắc nét, công nghệ định vị đa băng tần siêu chính xác đến thời lượng pin bền bỉ. Sở hữu nhiều tính năng theo dõi sức khỏe hiện đại, đèn pin LED tích hợp và thiết kế đạt chuẩn quân đội, Instinct 3 chính là người bạn đồng hành tin cậy trong mọi hành trình. Thiết kế bền bỉ, phong cách mạnh mẽ Đồng hồ thông minh Garmin Instinct mang đến vẻ ngoài thể thao, cá tính với khung Polyme cốt sợi - viền Polyme cốt sợi/Nhôm siêu bền, kết hợp mặt kính cường lực hóa học giúp chống trầy xước tối ưu. Màn hình AMOLED 1.2 inch với độ phân giải 390 x 390 pixels hiển thị sắc nét, dễ dàng quan sát ngay cả dưới ánh nắng gắt. Xem thêm"
garmin-fenix-8-solar-47mm,Garmin Fenix 8 Sapphire Solar 47mm viền Titanium dây silicone,"Trong thế giới công nghệ đeo tay, Garmin Fenix 8 Sapphire Solar 47mm viền Titanium là một sản phẩm nổi bật với những tính năng vượt trội và thiết kế sang trọng. Đây là mẫu smartwatch GPS đa môn thể thao cao cấp, không chỉ hỗ trợ luyện tập thể thao mà còn cung cấp hàng loạt tính năng tiện ích như chống nước, đàm thoại, trợ lý giọng nói,... Đặc biệt, với khả năng sạc năng lượng mặt trời, chiếc đồng hồ này là lựa chọn lý tưởng cho những người đam mê khám phá và vận động viên chuyên nghiệp. Thiết kế cao cấp từ những vật liệu bền bỉ Xem thêm"
garmin-fenix-8-sapphire-51mm,Garmin Fenix 8 Sapphire 51mm viền Titanium dây silicone,"Được thiết kế dành cho những người yêu thích khám phá và chinh phục thử thách, Garmin Fenix 8 Sapphire 51mm viền Titanium là một chiếc đồng hồ thể thao thực sự mạnh mẽ. Với khả năng chống nước ở độ sâu lớn, GPS chính xác, tuổi thọ pin ấn tượng,... thiết bị đồng hành cùng bạn trong mọi chuyến đi, từ những buổi tập luyện cường độ cao đến những cuộc phiêu lưu mạo hiểm. Thiết kế sang trọng và màn hình AMOLED sắc nét Garmin Fenix 8 Sapphire 51mm nổi bật với thiết kế hiện đại, viền màn hình mỏng, cho phép mở rộng không gian hiển thị trên màn hình AMOLED 1.4 inch. Độ phân giải cao mang đến trải nghiệm hình ảnh sống động, rõ ràng, giúp người dùng dễ dàng theo dõi và kiểm soát các hoạt động hàng ngày. Xem thêm"
garmin-fenix-8-47mm,Garmin Fenix 8 47mm viền thép dây silicone,"Trải nghiệm công nghệ đeo tay tiên tiến với Garmin Fenix 8 47mm, một mẫu đồng hồ thông minh GPS đa môn thể thao cao cấp với nhiều tính năng vượt trội. Sản phẩm này không chỉ hỗ trợ luyện tập và theo dõi hiệu suất mà còn có khả năng chống nước ấn tượng, tích hợp tính năng đàm thoại thông minh, đèn LED đa năng cùng thiết kế mạnh mẽ và thời trang. Garmin Fenix 8 chắc chắn sẽ là bạn đồng hành đáng tin cậy cho các vận động viên, nhà thám hiểm và những người đam mê thể thao ngoài trời. Thiết kế thời thượng cùng màn hình AMOLED ấn tượng Đồng hồ thông minh Garmin Fenix được trang bị một diện mạo hoàn toàn mới với thiết kế viền mỏng hơn, mang đến không gian hiển thị rộng hơn. Đặc biệt, đồng hồ sở hữu màn hình AMOLED 1.4 inch sắc nét, mang đến trải nghiệm thị giác sống động, hiển thị rõ ràng mọi thông tin cần thiết. Người dùng sẽ dễ dàng theo dõi và điều khiển các chức năng một cách thuận tiện. Xem thêm"
garmin-fenix-8-sapphire-43mm,Garmin Fenix 8 Sapphire 43mm viền Titanium dây silicone,"Sở hữu thiết kế bền bỉ, thời thượng từ những chất liệu cao cấp, đi cùng những nâng cấp đáng kinh ngạc về các tính năng hỗ trợ tập luyện, đo hiệu suất, hỗ trợ nghe gọi,... Garmin Fenix 8 Sapphire 43mm viền Titanium sẽ là người bạn đồng hành tin cậy, giúp bạn chinh phục mọi thử thách. Thiết kế tinh tế và màn hình AMOLED sống động Đồng hồ thông minh Garmin Fenix sở hữu thiết kế viền mỏng và không gian hiển thị mở rộng, mang đến trải nghiệm trực quan và sắc nét hơn nhờ màn hình AMOLED 1.3 inch. Giao diện mới này cung cấp khả năng hiển thị rõ ràng mọi thông tin, giúp người dùng dễ dàng quản lý và theo dõi các hoạt động của mình. Xem thêm"
garmin-fenix-8-sapphire-47mm,Garmin Fenix 8 Sapphire 47mm viền Titanium dây silicone,"Garmin Fenix 8 Sapphire 47mm viền Titanium không chỉ nổi bật với thiết kế cao cấp, hiện đại từ các chất liệu bền bỉ, mà còn được trang bị nhiều tính năng hỗ trợ tập luyện chuyên nghiệp, đo lường hiệu suất và khả năng nghe gọi tiện lợi,... Đây là thiết bị không thể thiếu cho những ai yêu thích thể thao và khám phá. Diện mạo thời thượng, chất liệu bền bỉ Đồng hồ thể thao chuyên nghiệp thế hệ mới nhà Garmin gây ấn tượng với phần viền được tối ưu hóa, giúp tăng diện tích hiển thị. Màn hình AMOLED 1.4 inch tái tạo hình ảnh sắc nét, rõ ràng, chi tiết mọi thông tin cần thiết, giúp người dùng dễ dàng quản lý và theo dõi chỉ số luyện tập cũng như tình trạng sức khỏe. Xem thêm"
garmin-fenix-8,Garmin Fenix 8 43mm viền thép dây silicone,"Trải nghiệm đỉnh cao của công nghệ đeo tay với chiếc đồng hồ thông minh GPS đa môn thể thao cao cấp mang tên Garmin Fenix 8. Với những nâng cấp vượt trội hỗ trợ tập luyện, theo dõi hiệu suất, khả năng chống nước mạnh mẽ, tính năng đàm thoại thông minh, đèn LED đa năng và thiết kế bền bỉ, thời thượng, sản phẩm sẽ là người bạn đồng hành không thể thiếu của các vận động viên, nhà thám hiểm,... Diện mạo mới đi cùng màn hình AMOLED sắc nét Sở hữu giao diện hoàn toàn mới với phần viền tinh gọn, mở rộng không gian hiển thị, Fenix 8 còn mang đến một trải nghiệm thị giác sống động chưa từng có nhờ tấm nền AMOLED 1.3 inch sắc nét. Mọi thông tin đều được hiển thị rõ ràng, giúp bạn dễ dàng điều khiển và theo dõi các hoạt động. Xem thêm"
garmin-forerunner-965-day-silicone,Garmin Forerunner 965 47.2mm dây silicone,"Hãng đồng hồ thông minh thể thao lớn nhất thế giới Garmin đã trình làng thế hệ smartwatch dành cho người chạy bộ mới nhất trong năm của mình mang tên Garmin Forerunner 965. Với việc nâng cấp mạnh mẽ về màn hình và thời lượng pin, đây hứa hẹn là thế hệ Forerunner mang lại trải nghiệm tối ưu nhất dành cho các tín đồ của môn chạy bộ. Vẻ ngoài năng động, thời trang Garmin Forerunner 965 có mặt đồng hồ 47.2 mm thích hợp với người dùng có cổ tay lớn. Khung viền bằng Titanium vừa mang đến vẻ ngoài sang trọng vừa giúp bảo vệ tốt khi có va chạm xảy ra. Mang khối lượng chỉ 53 g, không quá nặng đối với một chiếc đồng hồ thể thao chuyên nghiệp. Xem thêm"
garmin-forerunner-165-music,Garmin Forerunner 165 Music 43mm dây silicone,"Garmin Forerunner 165 Music 43mm sở hữu thiết kế thời trang, năng động cùng màn hình AMOLED sắc nét, giúp bạn theo dõi các chỉ số sức khỏe và hiệu suất tập luyện một cách dễ dàng. Chiếc đồng hồ này được trang bị nhiều tính năng tiên tiến để hỗ trợ luyện tập thể thao, theo dõi chỉ số cơ thể. Đa dạng môn thể thao, luyện tập một cách hiệu quả Đồng hồ thông minh Garmin Forerunner là người bạn đồng hành hoàn hảo cho những ai đam mê thể thao. Với hơn 30 chế độ luyện tập được tích hợp sẵn, từ các môn trong nhà như Cardio, Pilates đến các môn ngoài trời như chạy bộ, đạp xe, bơi lội, leo núi,... chiếc đồng hồ này sẽ đáp ứng đa dạng nhu cầu và mục tiêu tập luyện của bạn. Xem thêm"
garmin-vivoactive-5-day-silicone,Garmin Vivoactive 5 42.2mm dây silicone,"Garmin Vivoactive 5 là một chiếc smartwatch được thiết kế dành cho những người yêu thích thể thao và chú trọng theo dõi sức khỏe. Sản phẩm sở hữu nhiều tính năng thông minh như: Đo nhịp tim, VO2 Max, Body Battery, Garmin Coach,... hỗ trợ các mục tiêu cải thiện thể chất của người dùng. Kiểu dáng năng động, thời thượng Trên tay mình là Garmin Vivoactive 5 phiên bản màu trắng với vòng bezel màu vàng vô cùng sang trọng. Mặt của đồng hồ được tạo điểm nhấn với các vạch nhỏ tại vị trí 12 giờ, 2 giờ, 4 giờ, 6 giờ, 8 giờ và 10 giờ. Đồng hồ sở hữu diện mạo thời thượng, thích hợp cho nhiều phong cách người dùng, dễ dàng phối hợp với các loại trang phục từ thanh lịch đến năng động. Xem thêm"
amazfit-t-rex-3,Amazfit T-Rex 3 47.1mm dây silicone,"Amazfit T-Rex 3 là mẫu đồng hồ thông minh mới nhất từ Amazfit, được thiết kế cho những người yêu thích thể thao và phiêu lưu ngoài trời. Với chất liệu cao cấp, tính năng định vị chính xác và khả năng chống chịu vượt trội, T-Rex 3 là sự kết hợp hoàn hảo giữa độ bền và công nghệ hiện đại, đảm bảo đáp ứng mọi nhu cầu khắt khe của người dùng. Thiết kế hầm hố với độ bền ấn tượng Đồng hồ thông minh Amazfit T-Rex vẫn duy trì thiết kế đặc trưng mạnh mẽ và hầm hố truyền thống của dòng T-Rex. Khung viền đồng hồ được gia công từ thép không gỉ kết hợp với chất liệu polyme cứng cáp, cùng mặt kính cường lực giúp bảo vệ thiết bị khỏi va đập, trầy xước và quá trình oxy hóa. Chất liệu này không chỉ mang lại độ bền mà còn làm tăng vẻ ngoài ấn tượng, tạo cảm giác an toàn và chắc chắn cho người dùng khi sử dụng trong các môi trường khắc nghiệt. Xem thêm"
garmin-forerunner-265-music-day-silicone,Garmin Forerunner 265 Music 46.1mm dây silicone,"Chiếc smartwatch thể thao Garmin Forerunner 265 Music với nhiều tính năng hữu ích sẽ hỗ trợ người dùng cải thiện hiệu suất luyện tập, đặc biệt là bộ môn chạy bộ. Bên cạnh đó, đồng hồ cũng có những cải tiến về mặt thiết kế giúp người dùng thuận tiện hơn trong quá trình sử dụng. Vẻ ngoài cứng cáp, phong cách năng động Sở hữu hình dáng mặt tròn có kích thước 46.1 mm thích hợp với nhiều cổ tay của người dùng. Lúc mình đeo thì đồng hồ sẽ ôm sát cổ tay, không bị lỏng lẻo trong lúc hoạt động. Phần khung viền được hoàn thiện từ chất liệu polyme cốt sợi cứng cáp, mang lại khối lượng tổng thể chỉ 47 g nên khi đeo trên tay vận động hay chơi thể thao sẽ cảm thấy không quá nặng nề. Xem thêm"
garmin-venu-3s-day-silicone,Garmin Venu 3S 41mm dây silicone,"Tiếp nối thành công của dòng Venu 2S, nhà Garmin tiếp tục trình làng phiên bản kế nhiệm mang tên Garmin Venu 3S với nhiều nâng cấp đáng giá, hỗ trợ người dùng tối ưu trong mọi trải nghiệm. Thiết kế nhỏ gọn, bền bỉ, màn hình sắc nét Nhìn từ bên ngoài, Garmin Venu 3S có diện mạo khá tương đồng với Garmin Venu 2S đã được ra mắt trước đó. Vẫn là dạng mặt tròn tinh tế nhưng phần viền bezel đã được làm mỏng hơn tạo cảm giác thanh thoát khi đeo trên tay. Với kích thước mặt 41 mm thì phiên bản này phù hợp với các bạn có cổ tay khoảng 13 - 14 cm, cả nam lẫn nữ đều có thể dùng được. Phần viền trên mặt kính đồng hồ được thiết kế có một chấm tròn tại mỗi giờ, theo mình thấy thì vừa làm giảm tính đơn điệu của sản phẩm, vừa giúp đồng hồ có thêm điểm nhấn. Xem thêm"
garmin-forerunner-570-47mm,Garmin Forerunner 570 47mm dây silicone,"Garmin Forerunner 570 47mm là phiên bản mở rộng và nâng cấp trong dòng sản phẩm Forerunner tầm trung, được thiết kế dành riêng cho những người đam mê chạy bộ, vận động ngoài trời và quan tâm đến việc theo dõi chỉ số thể lực. Với thiết kế lớn hơn, pin khỏe hơn và tích hợp nhiều công nghệ định vị tiên tiến, chiếc đồng hồ này đáp ứng tốt nhu cầu tập luyện chuyên sâu mà vẫn giữ được sự gọn nhẹ và thời trang trong thiết kế. Thiết kế thể thao tinh tế, màn hình AMOLED rực rỡ Garmin Forerunner 570 phiên bản 47mm gây ấn tượng ngay từ cái nhìn đầu tiên nhờ vào kiểu dáng thể thao đặc trưng của dòng Forerunner, nhưng nay trở nên mạnh mẽ hơn nhờ kích thước lớn và viền nhôm chắc chắn. Xem thêm"
garmin-venu-3-day-silicone,Garmin Venu 3 45mm dây silicone,"Đồng hồ thông minh Garmin Venu 3 hỗ trợ theo dõi sức khỏe và hoạt động thể chất của người dùng một cách toàn diện. Sản phẩm này sẽ là lựa chọn hoàn hảo cho những ai đang tìm kiếm một thiết bị giúp nâng cao sức khỏe và cải thiện chất lượng cuộc sống. Thiết kế năng động, kiểu dáng thời trang Vẫn mang kiểu dáng mặt tròn thanh lịch như Garmin Venu 2 đã ra mắt trước đó, kích thước mặt 45 mm vừa vặn với cổ tay của nam lẫn nữ. Đồng hồ có khối lượng mặt chỉ 30 g, không quá nặng để bạn có thể đeo đồng hồ cả ngày dài mà không cảm thấy mỏi tay. Sử dụng dây silicone chống thấm nước hiệu quả, bề mặt mềm mịn vô cùng thoải mái khi sử dụng. Độ dài của dây phù hợp với những bạn cổ tay , trên dây có đục sẵn các lỗ thuận tiện hơn trong việc điều chỉnh độ rộng khi đeo. Xem thêm"
apple-watch-ultra-2-gps-cellular-49mm-vien-titanium-den-day-trail,Apple Watch Ultra 2 GPS + Cellular 49mm viền Titanium đen dây Trail,"Cùng với sự ra mắt hoành tráng của iPhone 16, sự trở lại của Apple Watch Ultra 2 GPS + Cellular 49mm viền Titanium dây Trail tại sự kiện It’s Glowtime vào tháng 9/2024 cũng đã thu hút sự chú ý từ giới công nghệ. Thiết bị vẫn giữ nguyên những giá trị đẳng cấp từ thiết kế tinh tế đến cấu hình mạnh mẽ, đồng thời được nâng cấp thêm nhiều tính năng mới hỗ trợ cuộc sống hàng ngày và các chế độ luyện tập cá nhân. Thiết kế tinh tế, bền bỉ và năng động Apple Watch Ultra 2 vẫn mang những giá trị nổi bật của dòng Ultra đầu tiên. Màn hình 49 mm – lớn nhất trong dòng sản phẩm Apple Watch không chỉ tạo cảm giác mạnh mẽ, thể thao mà còn tối ưu không gian hiển thị, giúp người dùng dễ dàng theo dõi thông tin. Xem thêm"
amazfit-balance,Amazfit Balance 46mm dây silicone,"Thoát khỏi khuôn khổ nhàm chán, Amazfit Balance 46mm dây silicone bứt phá với thiết kế sang trọng, tinh tế, mang đến trải nghiệm thời trang đẳng cấp. Từng đường nét được hoàn thiện tỉ mỉ, tạo nên một tổng thể hài hòa, thu hút mọi ánh nhìn. Không chỉ nâng cấp bên ngoài mà bên trong cũng được trang bị đa dạng các tính năng theo dõi sức khỏe và luyện tập. Phong cách cổ điển, gọn nhẹ khi đeo Amazfit Balance sở hữu mặt đồng hồ hình tròn mang hơi hướng cổ điển, kích thước mặt 46 mm khá lớn nên sẽ thích hợp với cổ tay của các bạn nam hơn. Phần khung viền được chế tác từ hợp kim nhôm có độ cứng cao, hạn chế móp méo trong các va chạm nhẹ. Riêng phần mặt của đồng hồ sẽ có khối lượng 35 g, không gây ra cảm giác nặng nề khi đeo cho bạn thoải mái trong các hoạt động. Xem thêm"
apple-watch-ultra-2-gps-cellular-49mm-vien-titanium-den-day-alpine,Apple Watch Ultra 2 GPS + Cellular 49mm viền Titanium đen dây Alpine,"Sau thành công rực rỡ của thế hệ Apple Watch Ultra đầu tiên, Apple đã chính thức giới thiệu phiên bản kế nhiệm và năm nay là phiên bản màu mới của nó - Apple Watch Ultra 2 GPS + Cellular 49mm viền Titanium dây Alpine, trong sự kiện It’s Glowtime diễn ra vào tháng 9/2024 cùng với iPhone 16. Phiên bản này không chỉ mang đến nhiều cải tiến đáng kể về hiệu suất mà còn cải thiện tính năng và giao diện, giúp người dùng có trải nghiệm tuyệt vời hơn bao giờ hết. Hiệu suất vượt trội nhờ chip S9 Apple Watch Ultra 2 được trang bị vi xử lý Apple S9 mới, với hiệu suất vượt trội và khả năng xử lý thông tin nhanh chóng. Chip mới này có hơn 60% bóng bán dẫn so với thế hệ trước, giúp đồng hồ thực hiện các tác vụ mượt mà hơn. Xem thêm"
garmin-vivoactive-6,Garmin Vivoactive 6 42.2mm dây silicone,"Garmin Vivoactive 6 dù không thay đổi nhiều về thiết kế bên ngoài nhưng vẫn là một bản nâng cấp đáng chú ý so với Vivoactive 5, đặc biệt là về các tính năng chạy bộ, dung lượng lưu trữ và hệ thống định vị. Đây hứa hẹn sẽ là một lựa chọn hấp dẫn cho những người dùng tìm kiếm một chiếc smartwatch đa năng cho cả sức khỏe, thể thao và cuộc sống hàng ngày. Diện mạo năng động, thiết kế từ vật liệu bền bỉ Garmin Vivoactive 6 sở hữu thiết kế mặt tròn quen thuộc, kích thước 42.2 mm tạo sự cân đối, vừa vặn trên cổ tay. Vẻ ngoài của đồng hồ toát lên sự năng động, sẵn sàng đồng hành cùng bạn trong mọi thử thách thể thao. Xem thêm"
garmin-forerunner-265s-day-silicone,Garmin Forerunner 265S 41.7mm dây silicone,"Người dùng có thể thực hiện chạy chuyên nghiệp, rèn luyện cơ thể khoa học và theo dõi sức khỏe liên tục chỉ với chiếc đồng hồ thông minh Garmin Forerunner 265S. So với thế hệ trước thì đồng hồ đã được cải tiến thêm về mặt công nghệ, ngoại hình cũng được thay đổi đôi chút để phù hợp với người dùng hơn. Đa dạng môn thể thao, chế độ tập luyện chuyên nghiệp Đồng hồ thông minh thể thao chuyên nghiệp Garmin trang bị rất nhiều chế độ luyện tập từ các môn trong nhà đến ngoài trời như: 3 môn phối hợp Triathlon (chạy bộ, đạp xe, bơi lội), Cardio, leo núi, Yoga, Pilates,... đáp ứng đa dạng nhu cầu và mục đích tập luyện của người dùng. Ngoài những bài tập đã được thiết lập sẵn trên đồng hồ thì bạn có thể tải thêm và điều chỉnh bài tập cho phù hợp thông qua huấn luyện viên ảo . Xem thêm"
garmin-venu-sq-2-music,Garmin Venu SQ 2 Music 40.6mm dây silicone,"Sau thành công của thế hệ đồng hồ Garmin Venu SQ đầu tiên, vào tháng 9/2022, hãng Garmin đã cho ra mắt thế hệ tiếp theo của dòng smartwatch thể thao thanh lịch này mang tên Garmin Venu SQ 2 Music, với nhiều nâng cấp đáng giá hứa hẹn mang đến sự hài lòng hơn cho các tín đồ yêu thích thể thao. Màn hình lớn hơn cho trải nghiệm đã hơn Đồng hồ Garmin Venu mang vẻ ngoài thanh lịch nhưng không kém phần năng động với thiết kế mặt vuông bo cong nhẹ ở 4 góc. Kích thước mặt được làm lớn hơn, lên đến 1.41 inch (thế hệ cũ là 1.3 inch) giúp hiển thị thông tin nhiều hơn. Garmin cũng đã thay thế tấm nền LCD quen thuộc bằng tấm nền AMOLED hiện đại cho dòng sản phẩm mới này, kết hợp với độ phân giải cao 320 x 360 pixels mang đến cho người dùng khả năng hiển thị sắc nét, màu sắc rực rỡ với độ tương phản cao. Xem thêm"
garmin-golf-approach-s70-day-silicone,Garmin Golf Approach S70 47mm dây silicone,"Garmin Golf Approach S70 là chiếc đồng hồ thông minh hỗ trợ chơi golf chuyên nghiệp, được trang bị nhiều tính năng hữu ích giúp người dùng cải thiện các kỹ năng qua từng buổi tập. Bên cạnh đó, đồng hồ còn tích hợp nhiều cảm biến thế hệ mới giúp theo dõi sức khỏe và xác định vị trí một cách chính xác. Hỗ trợ nâng cao kỹ thuật chơi Golf Đồng hồ thể thao chuyên nghiệp của nhà Garmin được cài đặt sẵn hơn 43.000 bản đồ CourseView đầy màu sắc với đầy đủ các sân golf trên khắp thế giới, bạn chỉ cần lựa chọn sân phù hợp và xem các thông tin về sân để có thể đạt thành tích tốt nhất. Hơn nữa, bạn hoàn toàn có thể tải xuống các bản cập nhật cho sân golf thường sử dụng, đảm bảo bạn luôn nắm rõ các thông tin cải tiến mới nhất của sân yêu thích. Xem thêm"
amazfit-cheetah-pro,Amazfit Cheetah Pro 47mm dây nylon,"Amazfit Cheetah Pro 47mm là chiếc smartwatch thể thao được nhà Amazfit thiết kế tối ưu dành riêng cho các tín đồ của môn chạy bộ. Với thiết kế bền bỉ nhưng vô cùng gọn nhẹ, đây hứa hẹn sẽ là dòng sản phẩm được nhiều người dùng săn đón trong thời gian tới. Thiết kế bền bỉ với khối lượng ấn tượng Một trong những yếu tố quan trọng nhất khi lựa chọn smartwatch thể thao đó là khối lượng sản phẩm và phần cảm biến. Amazfit Cheetah Pro sở hữu khối lượng chỉ 34 g cho phần mặt (43 g nếu tính cả dây), khi đeo trên tay mình thấy vô cùng thoải mái. Có thể nói đây là một trong những chiếc smartwatch thể thao nhẹ nhất trên thị trường hiện tại. Xem thêm"
amazfit-cheetah-square,Amazfit Cheetah Square 44mm dây silicone,"Amazfit vừa trình làng thế hệ smartwatch hoàn toàn mới của hãng mang tên Amazfit Cheetah Square 44mm. Sở hữu thiết kế mạnh mẽ, năng động nhưng vô cùng gọn nhẹ, được trang bị nhiều công nghệ tối ưu cho vận động viên chạy bộ, hệ thống GPS chuẩn xác hàng đầu cùng việc tích hợp AI hỗ trợ luyện tập, thiết bị hứa hẹn sẽ mang lại những trải nghiệm hài lòng nhất cho các tín đồ thể thao. Phong cách năng động, thời thượng Amazfit Cheetah Square có kích thước mặt 44 mm, những bạn có cổ tay từ 15 cm trở lên đeo sẽ vừa vặn, cổ tay mình khoảng 16.5 cm khi đeo lên nhìn khá cân đối. Nhìn chung, đây là kích thước mặt đồng hồ khá phổ thông để nhiều người có thể sử dụng, không quá kén dùng như phiên bản Amazfit Cheetah Pro và Amazfit Cheetah Round. Xem thêm"
apple-watch-ultra-2-lte-49mm-vien-titanium-day-ocean,Apple Watch Ultra 2 GPS + Cellular 49mm viền Titanium dây Ocean,"Apple Watch Ultra 2 GPS + Cellular 49mm viền Titanium dây Ocean là chiếc đồng hồ thông minh của Apple gây được nhiều sự chú ý của giới truyền thông và người yêu công nghệ tại sự kiện Wonderlust năm 2023. Đồng hồ sở hữu vẻ ngoài vừa thời thượng vừa đậm chất thể thao vô cùng độc đáo, các tính năng bên trong cũng có cải tiến hứa hẹn sẽ làm hài lòng sự mong đợi của người dùng. Phong cách độc đáo, thoải mái khi đeo trên tay Về mặt thiết kế thì chiếc Apple Watch Ultra 2 này vẫn chưa có quá nhiều điểm khác biệt so với thế hệ Apple Watch Ultra đã ra mắt vào năm 2022. Mặt đồng hồ hình chữ nhật dẫn đầu xu thế, kích thước 49 mm có phần hơi hầm hố nên sẽ thích hợp với người dùng nam có cổ tay lớn. Xem thêm"
garmin-approach-s50-43mm,Garmin Approach S50 43mm dây nylon,"Garmin Approach S50 là chiếc smartwatch hiện đại, mang đến sự hỗ trợ chuyên nghiệp cho người chơi golf. Được trang bị nhiều tính năng tiên tiến, sản phẩm giúp nâng cao kỹ năng chơi golf, đồng thời theo dõi sức khỏe một cách chính xác nhờ hệ thống cảm biến tiên tiến. Cải thiện kỹ năng chơi golf hiệu quả Đồng hồ thông minh Garmin Approach được tích hợp hơn 43000 bản đồ sân golf trên toàn thế giới, giúp người dùng dễ dàng lựa chọn sân chơi và nhận thông tin chi tiết về sân golf để tối ưu chiến thuật. Bạn cũng có thể cập nhật dữ liệu sân golf thường xuyên, đảm bảo luôn có thông tin mới nhất. Tính năng Tính khoảng cách nâng cao (PlaysLike Distance) hỗ trợ tính toán khoảng cách của mỗi cú đánh dựa trên yếu tố địa hình và điều kiện môi trường như gió, nhiệt độ và độ ẩm. Nhờ đó, golfer có thể điều chỉnh lực đánh hợp lý hơn để đạt hiệu suất tốt nhất. Xem thêm"
garmin-golf-approach-s70-42mm,Garmin Golf Approach S70 42mm dây silicone,"Garmin Approach S70 42mm là chiếc smartwatch đẳng cấp, mang đến sự hỗ trợ chuyên nghiệp cho người chơi golf. Được tích hợp hàng loạt tính năng tiên tiến, sản phẩm giúp người dùng nâng cao kỹ năng qua mỗi lần tập luyện, đồng thời hỗ trợ theo dõi sức khỏe một cách chính xác nhờ hệ thống cảm biến hiện đại. Cải thiện kỹ năng chơi golf hiệu quả Đồng hồ thông minh Garmin Approach đi kèm với hơn 43000 bản đồ sân golf chi tiết trên toàn thế giới, cho phép bạn dễ dàng lựa chọn sân và nhận thông tin chi tiết về sân để tối ưu hóa chiến thuật chơi. Bạn cũng có thể cập nhật thông tin các sân golf thường chơi, đảm bảo luôn có thông tin mới nhất. Xem thêm"
garmin-instinct-2s-solar-40mm,Garmin Instinct 2S Solar 40mm dây silicone,"Garmin Instinct 2S Solar là dòng đồng hồ thông minh thể thao được trang bị đầy đủ những tính năng cao cấp hàng đầu với tuổi thọ pin và độ bền vượt trội cho các điều kiện khắt khe. Đây là lựa chọn tuyệt vời cho những ai đang tìm kiếm một chiếc đồng hồ thông minh cân bằng giữa thiết kế và tiện ích. Chinh phục mọi thử thách với thiết kế năng động, chắc chắn Đồng hồ thông minh Garmin mang kiểu dáng đậm chất thể thao với vẻ ngoài hầm hố. Sản phẩm được trang bị màn hình MIP 0.79 inch có khả năng chống chói, độ phân giải 156 x 156 pixels cho khả năng hiển thị tốt ngay cả dưới trời nắng. Xem thêm"
garmin-fenix-7x-pro-solar-titanium,Garmin Fenix 7X Pro Solar Titanium 51mm dây silicone,"Đồng hồ thông minh Garmin Fenix 7X Pro Solar Titanium sẽ là một thiết bị hỗ trợ tuyệt vời dành cho những bạn yêu thích các môn thể thao ngoài trời. Tích hợp thêm các cảm biến theo dõi sức khỏe tiên tiến, hệ thống định vị hàng đầu mang đến cho người dùng những trải nghiệm tuyệt vời. Hỗ trợ nhiều chế độ thể thao chuyên nghiệp Chiếc đồng hồ thông minh Garmin Fenix này được trang bị rất nhiều chế độ thể thao như: Đạp xe, chạy, leo núi, bơi lội, golf, đi bộ đường dài,... cho người dùng tập luyện theo sở thích. Đồng hồ còn tích hợp bài tập HIIT bao gồm: AMRAP, EMOM, Tabata và các bài tập tùy chỉnh cho bạn luyện tập hiệu quả, đẩy nhanh quá trình đốt cháy mỡ thừa. Xem thêm"
garmin-forerunner-570,Garmin Forerunner 570 42.4mm dây silicone,"Garmin Forerunner 570 là chiếc smartwatch được thiết kế dành cho những ai yêu thích vận động, đặc biệt là chạy bộ và luyện tập hàng ngày. Với thân vỏ nhỏ gọn, kiểu dáng thể thao hiện đại cùng màn hình AMOLED sắc nét, mẫu đồng hồ này không chỉ đáp ứng nhu cầu theo dõi sức khỏe mà còn nâng cao trải nghiệm luyện tập một cách hiệu quả, chuyên nghiệp. Thiết kế gọn nhẹ, năng động và thoải mái Garmin Forerunner 570 có thiết kế mặt tròn cổ điển, với khung viền bằng nhôm siêu nhẹ kết hợp dây đeo silicone mềm mại, tạo cảm giác thoải mái và dễ chịu khi đeo trong thời gian dài. Phiên bản 42.4 mm đặc biệt phù hợp với cổ tay trung bình - nhỏ, mang đến sự linh hoạt và thời trang hơn cho người dùng nữ hoặc những ai yêu thích sự tinh tế. Xem thêm"
kidcare-sight-s1,Kidcare Sight S1 47.5mm dây silicone,"Với thiết kế năng động, màu sắc bắt mắt, Kidcare Sight S1 không chỉ đơn thuần là một chiếc đồng hồ định vị trẻ em mà còn là người bạn thân thiết luôn đồng hành cùng bé trong cuộc sống hằng ngày. Mang khả năng định vị độc lập, gọi điện trực tiếp cùng nhiều tiện ích khác, Kidcare Sight S1 sẽ giúp phụ huynh kết nối với con mình mọi lúc mọi nơi. Thiết kế hiện đại, bền bỉ Đồng hồ thông minh KidCare sở hữu phong cách năng động với các phiên bản màu nổi bật, phù hợp với cả bé trai và bé gái. Dây đeo silicone mềm mại, nhẹ nhàng ôm sát cổ tay bé, mang lại cảm giác thoải mái dù bé vận động cả ngày. Xem thêm"
imoo-z7-spiderman,imoo Z7 Spider Man 42mm dây TPU,"Đồng hồ định vị trẻ em imoo Z7 Spider Man là phiên bản đặc biệt mang lại một trải nghiệm thú vị cho bé, khi sở hữu thiết kế đậm chất siêu anh hùng Người nhện với hai màu đỏ - đen đặc trưng. Không chỉ hỗ trợ nghe gọi độc lập, định vị thông minh, đồng hồ còn được trang bị hàng loạt tính năng hiện đại để đảm bảo an toàn, khuyến khích vận động và giúp trẻ khám phá thế giới. Thiết kế Spider Man độc đáo, bền bỉ Đồng hồ thông minh imoo gây ấn tượng mạnh với màu đỏ đen nổi bật, lấy cảm hứng từ siêu anh hùng nhện quen thuộc. Họa tiết mạng nhện độc đáo không chỉ làm hài lòng các fan nhí mà còn khiến chiếc đồng hồ trở thành phụ kiện thời trang cá tính. Xem thêm"
mykid-4g-lite,MyKid 4G Lite 56mm dây cao su,"MyKid 4G Lite là mẫu đồng hồ được giới thiệu với nhiều tính năng cải tiến về khả năng định vị, màn hình cảm ứng đa sắc, dung lượng pin,… cùng ngoại hình đẹp mắt, dễ gần với các bạn nhỏ. Thiết kế thời trang, thân thiện với trẻ nhỏ MyKid 4G Lite sở hữu kiểu dáng nhỏ gọn, ôm sát cổ tay, cùng dây đeo cao su mềm mại, mang lại sự thoải mái khi đeo và phù hợp với mọi kích thước cổ tay của bé. Đồng hồ có kích thước nhỏ gọn giúp bé đeo trên tay mà không cảm thấy vướng víu, đồng thời biến chiếc smartwatch thành phụ kiện thời trang bắt mắt, thể hiện cá tính riêng của bé với nhiều lựa chọn màu sắc trẻ trung. Ngoài ra, smartwatch này còn được trang bị màn hình IPS LCD cảm ứng rộng 1.4 inch. Với kích thước vừa vặn và chất lượng hiển thị rõ nét, bé yêu có thể dễ dàng theo dõi thông tin về thời gian, ngày tháng, thời tiết một cách trực quan và rõ ràng ngay trên màn hình. Xem thêm"
dong-ho-dinh-vi-tre-em-kidcare-k1?utm_flashsale=1,Kidcare K1 54mm dây silicone,"Với thiết kế nhỏ gọn, đáng yêu, Kidcare K1 không chỉ là một chiếc smartwatch mà còn là người bạn đồng hành thân thiết của bé. Khả năng định vị độc lập cùng loạt tính năng tiện ích như gọi điện thoại trực tiếp, thiết lập khu vực an toàn,... giúp cha mẹ luôn yên tâm và bé thỏa sức khám phá thế giới xung quanh. Thiết kế bắt mắt, chất liệu cứng cáp Sở hữu diện mạo năng động, cá tính với hai màu sắc xanh dương và hồng tươi tắn, chiếc đồng hồ thông minh KidCare này không chỉ là một phụ kiện thời trang mà còn là người bạn đồng hành đáng yêu của bé. Xem thêm"
masstel-smart-hero-10,Masstel Smart Hero 10 42.6mm dây silicone,"Đồng hồ định vị trẻ em Masstel Smart Hero 10 thiết kế tươi sáng cùng nhiều tiện ích như cảnh báo SOS, gọi video call,... phù hợp dành riêng cho các bạn nhỏ. Thiết kế nhỏ gọn, màu sắc tươi tắn Đồng hồ thông minh Masstel mang thiết kế gọn nhẹ, màu sắc tươi sáng. Được trang bị màn hình cảm ứng 1.4 inch, độ phân giải 240 x 240 pixels giúp hình ảnh hiển thị được rõ nét, tấm nền TFT mang lại màu sắc trung thực, độ tương phản cao, tiết kiệm pin. Dây đeo silicone mềm mại, độ đàn hồi cao, nhiều lỗ thoáng khí cho trẻ cảm giác dễ chịu, thoải mái khi vận động ra mồ hôi. Xem thêm"
masstel-smart-hero-20?utm_flashsale=1,Masstel Smart Hero 20 58.2mm dây silicone,"Đồng hồ định vị trẻ em Masstel Smart Hero 20 là mẫu đồng hồ thông minh dành cho các bé từ mẫu giáo trở lên với kiểu dáng nhỏ gọn, trang bị đa dạng tính năng hỗ trợ bé khi không có phụ huynh ở bên như: Gọi video, định vị, chặn cuộc gọi từ số lạ, vùng an toàn,... Mẫu đồng hồ định vị này sẽ giúp phụ huynh đồng hành cùng bé ở bất kỳ đâu. Kiểu dáng đơn giản, gọn nhẹ khi đeo Đồng hồ thông minh Masstel có mặt hình chữ nhật có kích thước 58.2 mm được làm nhô cao khi đeo trên tay thuận tiện cho bé thao tác. Khung viền bằng nhựa giúp giảm khối lượng của sản phẩm nhưng vẫn đảm bảo độ bền trong quá trình sử dụng. Xem thêm"
masstel-smart-hero-5?utm_flashsale=1,Masstel Smart Hero 5 41.6mm dây silicone,"Masstel Smart Hero 5 sẽ là người bạn đồng hành tuyệt vời của bé những khi phụ huynh không ở bên cạnh. Đồng hồ được trang bị hệ thống vệ tinh tiên tiến giúp xác định vị trí của bé chính xác, nghe gọi với âm thanh chất lượng cao,... giúp cha mẹ và các bé có thể liên hệ với nhau một cách nhanh chóng. Kiểu dáng nhỏ gọn, dây đeo thân thiện với da tay Đồng hồ định vị trẻ em có thiết kế năng động và màu sắc tươi tắn, phù hợp với hầu hết các trẻ em. Khối lượng 53.7 g không làm các bé bị mỏi tay khi đeo liên tục cả ngày. Sử dụng dây silicone với bề mặt mềm mịn, độ đàn hồi cao và chống thấm tốt đảm bảo không làm da các bé bị bí bách, ngứa ngáy. Xem thêm"
kidcare-s88-den?utm_flashsale=1,Kidcare S88 43.4mm dây silicone,"Khi các bé ngày một lớn và tới tuổi đi học thì phụ huynh không thể nào đồng hành cùng bé 24/24 như trước, do đó cần phải có thiết bị để liên lạc khi cần thiết. Nếu trang bị điện thoại thì phụ huynh lại lo lắng các bé không tập trung học tập, dễ bị đánh cắp hoặc bỏ quên. Đồng hồ định vị trẻ em Kidcare S88 4G sẽ là một lựa chọn phù hợp với khả năng nghe gọi, định vị, thiết kế nhỏ gọn,... Thiết kế nổi bật, gọn nhẹ khi đeo Do sản phẩm hướng đến người dùng là trẻ em nên đồng hồ thông minh KidCare được thiết kế khá bắt mắt với màu xanh và đen phối hợp hài hòa. Đồng thời độ bền cũng khá tốt với khung viền nhựa, hạn chế hư hỏng do những va chạm nhẹ thường ngày và tối ưu khối lượng. Xem thêm"
kidcare-s6-day-silicone-xanh,Kidcare S6 41.5mm dây silicone,"Thiết kế năng động, màu hồng dễ thương thích hợp với các bé gái Đồng hồ định vị trẻ em Kidcare S6 Xanh có màn hình 1.3 inch cùng độ phân giải 240 x 240 pixels giúp hiển thị đầy đủ hình ảnh và thông tin. Dây đeo làm từ silicone tạo cảm giác thoải mái khi đeo. Điểm nổi bậc ở mẫu đồng hồ này là khả năng định vị chuẩn xác, cảnh báo khu vực nguy hiểm và gọi điện khẩn cấp khi gặp nguy hiểm. Xem thêm"
kidcare-s6-day-silicone-hong,Kidcare S6 41.5mm dây silicone,"Đồng hồ định vị trẻ em Kidcare S6 4G 41.5mm Hồng là một chiếc đồng hồ thông minh được thiết kế dành cho trẻ em với nhiều tính năng giúp đảm bảo an toàn cho bé như nghe gọi trực tiếp nhờ Nano SIM, khả năng định vị ít sai số, giới hạn vùng an toàn, chặn số lạ,... mang lại sự yên tâm cho cha mẹ mọi lúc mọi nơi. Màu sắc bắt mắt, dây đeo êm nhẹ Đồng hồ thông minh Kidcare khoác lên mình bộ khung màu hồng rạng rỡ, thu hút ngay ánh nhìn của các bé ngay từ lần đầu tiên. Màn hình rộng 1.3 inch có độ phân giải 240 x 240 pixels, đi cùng tấm nền TFT mang đến hình ảnh và nội dung có độ chi tiết tốt, màu sắc chân thật, giúp bé nhìn rõ mọi thông tin. Xem thêm"
kidcare-s6-day-silicone,Kidcare S6 41.5mm dây silicone,"Thiết kế màu sắc tươi sáng, phù hợp với trẻ nhỏ Đồng hồ Kidcare S6 dây silicone sở hữu màn hình rộng, với kích thước màn hình 1.3 inch. Công nghệ màn hình TFT giúp bé xem được hình ảnh to và rõ ràng với chất lượng tốt. Dây đeo làm từ chất liệu silicone êm ái và nhẹ nhàng, chống thấm nước rất tốt, cho bé thoải mái khi vận động. Xem thêm"
dong-ho-dinh-vi-tre-em-imoo-z1-41-mm-xanh-duong?utm_flashsale=1,imoo Z1 41mm dây TPU Xanh dương,"Đồng hồ định vị trẻ em imoo Z1 41mm dây TPU Xanh dương sẽ là lựa chọn sáng giá cho mẹ và bé đang tìm mua một chiếc đồng hồ thông minh, nhờ sở hữu thiết kế năng động, màu sắc bắt mắt, đi kèm rất nhiều tiện ích như nghe gọi 2 chiều, định vị độc lập không cần kết nối với điện thoại, khả năng kháng nước tốt,... Thiết kế năng động, cứng cáp Đồng hồ thông minh imoo được hoàn thiện từ khung nhựa cứng cáp đi kèm mặt kính đạt độ cứng HM ≥ 6 hạn chế trầy xước, giúp bảo vệ màn hình tốt hơn trong trường hợp có xảy ra va chạm. Vượt qua hơn 160 bài kiểm tra để đạt tiêu chuẩn EU về khả năng chịu lực, môi trường sử dụng, độ an toàn,... phụ huynh hoàn toàn có thể yên tâm cho bé đeo thiết bị này. Xem thêm"
dong-ho-dinh-vi-tre-em-imoo-z1-41-mm-hong-nhat?utm_flashsale=1,imoo Z1 41mm dây TPU Hồng nhạt,"Sở hữu khả năng nghe gọi 2 chiều, trang bị khả năng định vị tiên tiến cùng vô vàn tính năng thông minh, đồng hồ định vị trẻ em imoo Z1 dây TPU Hồng nhạt sẽ là một thiết bị liên lạc hữu ích dành cho các bé và phụ huynh mọi lúc mọi nơi như một thiết bị di động. Ngoại hình năng động, thiết kế bền bỉ, cứng cáp Được thiết kế với độ bền cao khi vượt qua hơn 160 bài kiểm tra gồm: Kiểm tra thả rơi, thành phần độc hại, độ an toàn,... đạt tiêu chuẩn EU, đồng hồ thông minh imoo mang đến sự an tâm cho phụ huynh khi có thể cho bé sử dụng thiết bị lâu dài mà không lo các chất gây hại đến sức khỏe của bé. Mặt đồng hồ được trang bị lớp kính đạt độ cứng HM ≥ 6 giảm trầy xước, hạn chế nứt vỡ trong quá trình sử dụng. Dây đồng hồ được làm từ  êm mịn, thân thiện với da tay và thoáng mồ hôi mang đến cho bé sự thoải mái khi đeo trên tay trong mọi hoạt động thường ngày. Xem thêm"
mykid-4g-v2-day-silicone,MyKid 4G V2 57.1mm dây silicone,"Mang một diện mạo bắt mắt, khả năng định vị liên tục cùng nhiều tiện ích như nghe gọi trực tiếp, thiết lập vùng an toàn,... đồng hồ định vị trẻ em MyKid 4G V2 sẽ là người bạn đồng hành hoàn hảo cho bé, mang đến cho cha mẹ sự an tâm tuyệt đối khi cho bé vui chơi, học tập và khám phá thế giới xung quanh. Thiết kế nhỏ gọn, linh hoạt Chiếc đồng hồ thông minh MyKid sở hữu thiết kế nhỏ gọn nhưng cực kỳ chắc chắn, ôm sát cổ tay bé một cách thoải mái nhờ dây đeo silicone mềm mại. Nhờ vậy, bé có thể đeo đồng hồ trong mọi hoạt động hằng ngày mà không cảm thấy gò bó hay khó chịu. Xem thêm"
masstel-smart-hero-30,Masstel Smart Hero 30 49mm dây silicone,"Masstel Smart Hero 30 tiếp tục khẳng định vị thế là lựa chọn thông minh cho các bậc phụ huynh đang tìm kiếm một chiếc đồng hồ định vị trẻ em đáng tin cậy. Với mức giá hợp lý, chiếc đồng hồ này vừa mang thiết kế bắt mắt, vừa tích hợp đầy đủ các tính năng thiết yếu như nghe gọi hai chiều, định vị chính xác cùng hàng loạt các tính năng an toàn tiên tiến, mang đến sự an tâm cho cha mẹ trên hành trình bảo vệ và kết nối với con yêu. Nghe gọi tiện lợi với Nano SIM, hỗ trợ gọi video Đồng hồ thông minh Masstel được trang bị khe cắm Nano SIM, mở ra khả năng liên lạc hai chiều tiện lợi như một chiếc điện thoại mini trên cổ tay bé. Con bạn có thể dễ dàng thực hiện và nhận cuộc gọi thoại với bố mẹ, người thân và bạn bè trong danh bạ đã được cài đặt. Xem thêm"
masstel-smart-hero-6?utm_flashsale=1,Masstel Smart Hero 6 56mm dây silicone,"Masstel Smart Hero 6 tựa như một người bạn đồng hành nhỏ nhắn, được nhiều bậc phụ huynh tin tưởng lựa chọn cho con em mình. Sở hữu thiết kế bắt mắt cùng những tính năng liên lạc và định vị hữu ích, chiếc smartwatch hứa hẹn sẽ trở thành trợ thủ đắc lực, giúp cha mẹ an tâm chăm sóc bé yêu mọi lúc mọi nơi. Thiết kế năng động, thân thiện với làn da bé Đồng hồ thông minh Masstel sở hữu hai phiên bản màu sắc năng động là xanh dương và tím, nhanh chóng chiếm trọn cảm tình của các bé. Thiết kế nhỏ gọn, nhẹ nhàng, giúp bé thoải mái đeo cả ngày dài mà không cảm thấy vướng víu hay nặng nề. Xem thêm"
huawei-watch-kids-4-pro,Huawei Watch Kids 4 Pro 52mm dây silicone,"Đồng hồ định vị trẻ em Huawei Watch Kids 4 Pro là một lựa chọn tuyệt vời để bảo vệ và kết nối với con bạn. Với nhiều tiện ích như nghe gọi trực tiếp, định vị tiên tiến,... đi cùng thiết kế đẹp mắt, đồng hồ sẽ mang đến trải nghiệm sử dụng hài lòng cho cả bạn và bé. Thiết kế cứng cáp đi cùng màn hình chất lượng cao Đồng hồ định vị trẻ em nhà Huawei được thiết kế từ khung nhựa cứng cáp đi kèm mặt kính cường lực hạn chế trầy xước, giúp bảo vệ màn hình tốt hơn trước những tình huống va quẹt ngoài ý muốn. Đây cũng là một trong số ít thiết bị cho trẻ em đạt được chứng nhận thiết bị đeo an toàn của TÜV Rheinland sau khi trải qua các quy trình đánh giá khả năng kháng nước, pin, vật liệu, độ tin cậy và bảo mật mạng để đảm bảo an toàn toàn diện cho thiết bị. Xem thêm"
dong-ho-dinh-vi-tre-em-imoo-z7,imoo Z7 42mm dây TPU,"Đồng hồ định vị trẻ em imoo Z7 là bước đột phá mới nhất, mang đến nhiều nâng cấp vượt trội so với thế hệ imoo Z1. Với khả năng định vị chính xác hơn nhờ tích hợp 5 hệ thống vệ tinh tiên tiến. Ngoài ra, đồng hồ còn được trang bị cảm biến sức khỏe PPG, đo lường các chỉ số như nhịp tim, nhiệt độ cơ thể và mức oxy trong máu, giúp cha mẹ phát hiện sớm các dấu hiệu bất thường của bé. Đặc biệt, tính năng nhận diện AI giúp trẻ khám phá thế giới một cách thông minh hơn, tạo nên trải nghiệm học tập đầy thú vị. Độ bền được kiểm chứng qua hơn 150 bài kiểm tra Xem thêm"
day-mvw-sl101-03-da-den,Dây da đồng hồ 18mm SL101-03,"Đặc điểm nổi bật Dây đồng hồ này phù hợp với đồng hồ có bề rộng dây 18 mm.
Dây da tổng hợp mềm mại, thoải mái khi đeo cả ngày dài.
Thiết kế mỏng nhẹ, không cảm thấy khó chịu khi dùng.
Dây đồng hồ có khóa cài chắc chắn, dễ sử dụng. 
Tháo lắp dễ dàng, nhanh chóng. Xem thêm cách lắp dây da."
day-silicone-apple-watch-stride-49-45-44-42mm-uniq,Dây silicone Apple Watch Stride mặt 49/45/44/42mm UNIQ,"Đặc điểm nổi bật Dây đeo tương thích với Apple Watch có kích thước mặt 49/45/44/42 mm.
Chất liệu silicone của dây Apple Watch thân thiện với da tay, thoáng mồ hôi tốt.
Thiết kế tối giản, mang đến sự thanh lịch khi đeo trên tay.
Dây đồng hồ được trang bị khóa cài chắc chắn, độ bền cao.
Thao tác tháo lắp đơn giản, dễ dàng sử dụng."
day-da-dong-ho-size-14mm-den-ls059-02,Dây da đồng hồ 14mm LS059-02,"Đặc điểm nổi bật Lắp đặt vừa vặn với những mẫu đồng hồ thời trang có dây 14 mm.
Dây da tổng hợp có bề mặt láng mịn dễ lau chùi, ít bị phai màu khi dùng lâu. 
Sản phẩm có thiết kế hiện đại, gọn nhẹ cho cảm giác thoải mái khi đeo.
Trang bị loại khóa kim gài dễ sử dụng những cũng rất chắc chắn.
Tháo lắp dây đồng hồ chỉ với vài thao tác đơn giản."
day-da-dong-ho-18mm-den-ls040-01,Dây da đồng hồ 18mm LS040-01,"Đặc điểm nổi bật Dây 18 mm thích hợp để lắp vào đồng hồ thời trang có độ rộng dây tương ứng.
Chất liệu da tổng hợp có độ bền cao, bề mặt dây khá êm ái mang đến sự thoải mái khi đeo.
Dây đồng hồ được thiết kế đơn giản, sản phẩm có vân da rất sống động.
Khóa cài có độ chắc chắn cao, cho bạn thoải mái trong các hoạt động.
Dễ dàng tháo lắp dây đồng hồ, mang đến sự tiện lợi cho người dùng. Xem thêm cách lắp dây da."
day-mvw-sl100-01-da-den,Dây da đồng hồ 14mm SL100-01,"Đặc điểm nổi bật Mẫu dây đồng hồ này phù hợp với đồng hồ có bề rộng dây 14 mm.
Làm từ chất liệu da tổng hợp nên dây đồng hồ có khả năng giữ màu tốt.
Dây đồng hồ có thiết kế mỏng nhẹ tạo sử thoải mái khi dùng.
Sản phẩm có khóa cài chắc chắn, dễ sử dụng. 
Tháo lắp dễ dàng, nhanh chóng. Xem thêm cách lắp dây da."
day-thep-khong-gi-apple-watch-dante-pro-mesh-steel-42-41-40mm-uniq,Dây thép không gỉ Apple Watch Dante Pro Mesh Steel mặt 42/41/40mm UNIQ,"Đặc điểm nổi bật Dây đồng hồ từ thép không gỉ cao cấp với khóa tháo lắp nhanh, giúp thay đổi dây cho Apple Watch dễ dàng mà không cần dụng cụ.
Thiết kế thoáng khí, ôm sát cổ tay, mang lại cảm giác thoải mái suốt cả ngày, phù hợp với chu vi cổ tay 13 cm - 21 cm.
Dây Apple Watch Dante Pro – sự kết hợp hoàn hảo giữa thanh lịch và tiện dụng, giúp bạn nổi bật trong mọi hoàn cảnh mà không gây khó chịu hay trầy xước da.
Bề mặt đánh bóng và chải xước nhẹ, hạn chế tối đa dấu vân tay, trầy xước hay móp méo, đảm bảo vẻ ngoài bền đẹp theo thời gian."
day-da-dong-ho-l003-04-18-xanh-dam-size-18mm,Dây da đồng hồ 18mm L003-04-18,"Đặc điểm nổi bật Sản phẩm có màu sắc sang trọng, bề mặt êm ái.
Dây 18 mm dùng được với đồng hồ cùng độ rộng dây.
Khóa cài kim loại cực bền bỉ, thao tác đơn giản.
Dây đồng hồ bằng da tổng hợp nên bảo quản dễ dàng.
Chỉ cần vài giây là đã có thể thay dây cho đồng hồ. Xem thêm cách lắp dây da."
day-da-dong-ho-size-18mm-nau-ls039-03,Dây da đồng hồ 18mm LS039-03,"Đặc điểm nổi bật Dây đồng hồ có màu nâu sang trọng, rất gọn nhẹ khi sử dụng.
Được làm vừa vặn với đồng hồ thời trang có độ rộng dây 18 mm.
Dùng da tổng hợp để làm dây đồng hồ nên rất êm ái khi đeo.
Khóa gài với độ chắc chắn cao, cho phép bạn vận động thoải mái.
Dễ dàng tháo lắp dây đồng hồ, mang đến sự tiện lợi."
day-mvw-sl100-02-da-xanh-ngoc,Dây da đồng hồ 14mm SL100-02,"Đặc điểm nổi bật Thích hợp lắp vào đồng hồ có dây 14 mm.
Dây đồng hồ có màu xanh ngọc rất thời trang.
Được làm từ chất liệu da tổng hợp vừa bền vừa đẹp.
Vẫn là kiểu khóa cài truyền thống mang đến độ chắc chắn cao.
Dây đồng hồ tháo lắp nhanh chóng, tiện lợi hơn cho người dùng. Xem thêm cách lắp dây da."
day-mvw-sl101-01-da-nau,Dây da đồng hồ 18mm SL101-01,"Đặc điểm nổi bật Thích hợp lắp vào đồng hồ có dây 18 mm.
Dây đồng hồ có màu nâu sang trọng, họa tiết vân da chân thật.
Được làm từ chất liệu da tổng hợp vừa bền vừa đẹp.
Vẫn là kiểu khóa cài truyền thống mang đến độ chắc chắn cao.
Dây đồng hồ tháo lắp nhanh chóng, tiện lợi hơn cho người dùng. Xem thêm cách lắp dây da."
day-silicone-apple-watch-revix-evo-reversible-magnetic-49-45-44-42mm-uniq,Dây silicone Apple Watch Revix Evo Reversible Magnetic mặt 49/45/44/42mm UNIQ,"Đặc điểm nổi bật Dây đồng hồ với khóa thép không gỉ cao cấp được đánh bóng tỉ mỉ, mang lại độ bền vượt trội và giữ chặt dây đeo trên cổ tay.
Chất liệu silicone siêu mềm kết hợp với 28 nam châm hai chiều, đảm bảo sự thoải mái tối đa mà vẫn giữ được độ chắc chắn và bền bỉ.
Dây Apple Watch có thiết kế hai màu tương phản, mang đến ba cách đeo linh hoạt, phù hợp với mọi phong cách từ công việc, thể thao đến giải trí.
Tương thích với cổ tay có chu vi từ 13 cm - 21 cm, phù hợp với Apple Watch có kích thước mặt 49/45/44/42mm."
day-silicone-apple-40-mm-den-mtp62fe-a-ch,Dây silicone Apple Watch mặt 40mm MTP62FE/A,"Đặc điểm nổi bật Màu sắc sang trọng, chất liệu có độ bền cao.
Phù hợp với mặt Apple Watch 40 mm.
Mềm mại, không hại da tay.
Khóa cài dễ dàng điều chỉnh kích thước.
Tháo lắp dây dễ dàng.
Lưu ý: Sản phẩm chỉ bao gồm dây đồng hồ."
day-silicone-apple-44-mm-den-mtpl2fe-a-ch,Dây silicone Apple Watch mặt 44mm MTPL2FE/A,"Đặc điểm nổi bật Màu sắc sang trọng, chất liệu có độ bền cao.
Phù hợp với mặt Apple Watch 44mm.
Mềm mại, không hại da tay.
Khóa cài dễ dàng điều chỉnh kích thước.
Tháo lắp dây dễ dàng.
Lưu ý: Sản phẩm chỉ bao gồm dây đồng hồ."
day-dong-ho-size-20mm-rz-jm20-bac-ha,Dây silicone đồng hồ 20mm RZ-JM20,"Đặc điểm nổi bật Sản phẩm phù hợp với đồng hồ thông minh có bề rộng dây 20 mm
Dây bằng chất liệu silicone không thấm nước, đàn hồi tốt
Thiết kế năng động, trẻ trung, màu xanh bạc hà thời thượng
Khóa cài đơn giản, chắc chắn cho bạn yên tâm sử dụng
Tháo lắp dễ dàng, nhanh chóng"
day-da-dong-ho-size-12mm-nau-ls058-01,Dây da đồng hồ 12mm LS058-01,"Đặc điểm nổi bật Được sử dụng cho những mẫu đồng hồ dùng dây 12 mm.
Chất liệu dây da tổng hợp có độ bền cao, dễ bảo quản.
Sử dụng loại khóa đơn giản nhưng rất chắc chắn khi đeo.
Dây đồng hồ đi theo phong cách tối giản, sang trọng.
Mẫu dây đồng hồ này rất dễ tháo lắp, tiện lợi khi sử dụng."
day-da-dong-ho-size-12mm-den-ls059-01,Dây da đồng hồ 12mm LS059-01,"Đặc điểm nổi bật Dây 12 mm thích hợp để lắp vào đồng hồ thời trang có độ rộng dây tương ứng.
Chất liệu da tổng hợp có độ bền cao, ít khi bị bong tróc khi tiếp xúc với nước.
Dây đồng hồ được thiết kế đơn giản, các bộ phận liên kết chặt chẽ với nhau.
Khóa cài có độ chắc chắn cao, thoải mái hơn trong các hoạt động.
Dễ dàng tháo lắp dây đồng hồ, mang đến sự tiện lợi cho người dùng."
day-da-dong-ho-size-14mm-nau-ls058-02,Dây da đồng hồ 14mm LS058-02,"Đặc điểm nổi bật Dùng cho đồng hồ thời trang có dây 14 mm.
Màu nâu thời thượng, nhỏ gọn trên cổ tay.
Dây da tổng hợp êm ái, ít bị xù và dễ làm sạch.
Sử dụng khóa kim loại bền bỉ và có tính thẩm mỹ cao.
Tháo lắp dây đồng hồ nhanh chóng chỉ với vài thao tác. Xem thêm cách lắp dây da."
day-da-dong-ho-size-16mm-nau-ls052-01,Dây da đồng hồ 16mm LS052-01,"Đặc điểm nổi bật Sản phẩm dành riêng cho đồng hồ dùng dây 16 mm.
Da tổng hợp cho dây bề mặt mềm mại, ít bong tróc.
Thiết kế trẻ trung, có màu nâu sang trọng.
Khóa kim gài chắc chắn, không cảm thấy cấn khi đeo.
Dây đồng hồ tháo lắp đơn giản, vô cùng tiện lợi. Xem thêm cách lắp dây da."
day-da-dong-ho-size-16mm-den-ls042-01,Dây da đồng hồ 16mm LS042-01,"Đặc điểm nổi bật Sản phẩm dành riêng cho đồng hồ thời trang dùng dây 16 mm.
Da tổng hợp có bề mặt mềm mại, ít bị nứt khi sử dụng lâu ngày.
Thiết kế trẻ trung, có màu đen trung tính nam hay nữ đeo đều đẹp.
Khóa kim gài chắc chắn, khi đeo trên tay không cảm thấy cấn.
Dây đồng hồ tháo lắp đơn giản, vô cùng tiện lợi. Xem thêm cách lắp dây da."
day-cao-su-vien-bezel-thep-xiaomi-watch-s4-bhr9902gl-bac,Dây cao su viền bezel thép Xiaomi Watch S3/S4 BHR9902GL,"Đặc điểm nổi bật Dây đeo dành cho đồng hồ Xiaomi Watch S3, Xiaomi Watch S4 làm từ chất liệu cao su mang lại cảm giác mềm mại, dẻo dai nhưng vẫn đảm bảo độ bền cao, giúp bạn thoải mái đeo suốt cả ngày mà không gây kích ứng da.
Hiệu ứng dòng chảy độc đáo trên khung viền kết hợp cùng những họa tiết gợn sóng tinh tế trên dây đồng hồ Xiaomi tạo nên vẻ đẹp nghệ thuật hiện đại, phù hợp với nhiều phong cách khác nhau.
Chất liệu cao su cao cấp, chống bám bẩn, chống thấm nhẹ và dễ dàng vệ sinh, đảm bảo dây luôn sạch sẽ và bền đẹp theo thời gian.
Dây đồng hồ thiết kế tối ưu cho cổ tay 140 mm - 210 mm, hỗ trợ đeo lâu dài mà không gây khó chịu.
Cơ chế tháo lắp nhanh (quick release) giúp thay đổi dây một cách dễ dàng, không cần dùng công cụ hỗ trợ, tăng tính tiện lợi cho người dùng.
Phù hợp với nhiều hoạt động khác nhau, từ sinh hoạt hàng ngày đến luyện tập thể thao, với khả năng chống nước, chống mồ hôi hiệu quả."
day-thep-khong-gi-apple-watch-dante-pro-mesh-steel-49-46-45-44mm-uniq,Dây thép không gỉ Apple Watch Dante Pro Mesh Steel mặt 49/46/45/44mm UNIQ,"Đặc điểm nổi bật Dây Apple Watch có cấu tạo thép không gỉ cao cấp, kết hợp với khóa cài nhanh, giúp thay đổi dễ dàng, tiện lợi khi sử dụng.
Cấu trúc thoáng khí, thiết kế ôm tay tự nhiên, đảm bảo sự thoải mái tối đa, dây đồng hồ phù hợp với cổ tay 14 cm - 22 cm.
Dante Pro – điểm nhấn tinh tế cho mọi outfit, từ phong cách thường ngày đến những dịp quan trọng, không gây kích ứng da hay khó chịu khi đeo lâu.
Bề mặt xử lý chống trầy xước, hạn chế bám vân tay, giúp dây đeo cho Apple Watch luôn sáng bóng và bền đẹp theo thời gian."
day-da-dong-ho-l021-03-16-den-size-16mm,Dây da đồng hồ 16mm L021-03-16,"Đặc điểm nổi bật Kiểu dáng đơn giản, màu đen trang nhã thích hợp với mọi người dùng.
Sản phẩm chuyên dùng cho những dây đồng hồ có độ rộng dây 16 mm.
Dây đồng hồ được làm từ da tổng hợp chắc chắn, hạn chế bong tróc khi sử dụng lâu ngày.
Dây đồng hồ ôm sát cổ tay, ít bị xê dịch khi vận động nhờ khóa cài chắc chắn.
Bạn có thể dễ dàng tháo lắp dây cho đồng hồ chỉ bằng vài thao tác. Xem thêm cách lắp dây da."
day-da-dong-ho-l019-04-18-xanh-dam-size-18mm,Dây da đồng hồ 18mm L019-04-18,"Đặc điểm nổi bật Vừa vặn với những mẫu đồng hồ có độ rộng dây 18 mm.
Sử dụng da tổng hợp để làm dây đồng hồ nên vô cùng bền chắc.
Với thiết kế tối giản, mỏng nhẹ nên dây đồng hồ rất thuận tiện khi dùng.
Sử dụng kiểu khóa kim gài truyền thống giữ cho đồng hồ luôn chắc chắn.
Chỉ cần vài thao tác đơn giản là bạn có thể tháo, lắp dây đồng hồ. Xem thêm cách lắp dây da."
day-da-dong-ho-l020-04-18-hong-size-18mm,Dây da đồng hồ 18mm L020-04-18,"Đặc điểm nổi bật Được làm ra để lắp vào đồng hồ thời trang có độ rộng dây 18 mm.
Sản phẩm là món phụ kiện thời trang dùng được cho nam và nữ.
Sản xuất từ chất liệu da tổng hợp mang đến sự thoải mái trong quá trình sử dụng
Khóa cài cứng cáp giúp dây đồng hồ được cố định chắc chắn trên cổ tay.
Thuận tiện trong việc thay đổi dây cho chiếc đồng hồ của bạn. Xem thêm cách lắp dây da."
day-da-dong-ho-l021-04-18-den-size-18mm,Dây da đồng hồ 18mm L021-04-18,"Đặc điểm nổi bật Sở hữu vẻ ngoài năng động đồng hành cùng người dùng trong nhiều hoạt động. 
Dây da tổng hợp cho cảm giác rất thoải mái khi đeo, việc lau chùi cũng khá đơn giản.
Sử dụng được cho những chiếc đồng hồ thời trang có độ rộng dây 18 mm.
Khóa cài truyền thống với cơ chế vô cùng đơn giản, cố định chắc chắn dây đồng hồ.
Người dùng có thể dễ dàng tháo lắp dây đồng hồ chỉ bằng vài thao tác. Xem thêm cách lắp dây da."
day-rz31-00a-da-nau-cam,Dây da MVW mặt 44mm RZ31-00A,"Đặc điểm nổi bật Chế tác dành cho Apple Watch 44 mm hoặc smartwatch có kích thước tương ứng.
Dây Apple Watch da tổng hợp mang đến sự thoải mái cho người sử dụng.
Kiểu dáng tối giản, màu sắc trung tính nên nam lẫn nữ đeo đều hợp.
Dây đồng hồ có thể dễ dàng điều chỉnh độ rộng khi đeo trên cổ tay.
Tháo lắp dây đồng hồ chỉ bằng vài thao tác."
day-silicone-apple-watch-stride-41-40-38mm-uniq,Dây silicone Apple Watch Stride mặt 41/40/38mm UNIQ,"Đặc điểm nổi bật Dây đeo tương thích với Apple Watch có kích thước mặt 41/40/38 mm.
Dây Apple Watch silicone có bề mặt êm nhẹ, thân thiện với mọi loại da.
Thiết kế tối giản, mang đến sự thanh lịch khi đeo trên tay.
Dây đồng hồ có khóa cài chắc chắn, không lo lỏng lẻo khi vận động mạnh.
Thao tác tháo lắp đơn giản, dễ sử dụng."
day-da-phuong-linh-g071-nau-16mm,Dây da đồng hồ 16mm G071,"Đặc điểm nổi bật Sản phẩm phù hợp với đồng hồ có bề rộng dây 16 mm.
Dây da tổng hợp bền màu, êm ái khi sử dụng.
Thiết kế thời thượng, dây đồng hồ có vân da ấn tượng.
Sử dụng khóa cài đơn giản, độ bền cao.
Tháo lắp dễ dàng, nhanh chóng. Xem thêm cách lắp dây da."
day-da-dong-ho-l017-01-12-cam-size-12mm,Dây da đồng hồ 12mm L017-01-12,"Đặc điểm nổi bật Dùng cho những chiếc đồng hồ có dây 12 mm.
Gam màu cam vô cùng nổi bật, kiểu dáng đơn giản.
Dây da tổng hợp nên khi bám bẩn cũng rất dễ làm sạch.
Dây đồng hồ có khóa kim gài giữ cố định đồng hồ trên tay.
Tháo lắp dây đồng hồ không quá phức tạp. Xem thêm cách lắp dây da."
day-da-dong-ho-l003-03-16-xanh-dam-size-16mm,Dây da đồng hồ 16mm L003-03-16,"Đặc điểm nổi bật Phù hợp với đồng hồ có bề rộng dây 16 mm.
Dây bằng chất liệu da bền màu, không bong tróc.
Thiết kế mỏng nhẹ, thanh lịch, năng động.
Khóa cài đơn giản, chắc chắn cho bạn yên tâm khi sử dụng.
Tháo lắp dễ dàng, nhanh chóng. Xem thêm cách lắp dây da."
day-da-dong-ho-l004-03-16-xanh-nhat-size-16mm,Dây da đồng hồ 16mm L004-03-16,"Đặc điểm nổi bật Được làm riêng cho đồng hồ thời trang có độ rộng dây 16 mm.
Màu xanh bạc hà rất nổi bật và có những đường may chắc chắn.
Dây da tổng hợp không bị bí bách khi đeo trên tay nhiều ngày.
Khóa kim gài giúp cố định dây đồng hồ chắc chắn, tiện lợi khi dùng.
Việc tháo lắp dây đồng hồ đối với người dùng rất đơn giản. Xem thêm cách lắp dây da."
day-da-dong-ho-l016-03-16-nau-size-16mm,Dây da đồng hồ 16mm L016-03-16,"Đặc điểm nổi bật Dây đồng hồ có các chi tiết rất tỉ mỉ, màu nâu thanh lịch.
Với da tổng hợp dây đồng hồ sẽ có khả năng chịu lực khá tốt.
Sản phẩm vô cùng vừa vặn với đồng hồ có độ rộng dây 16 mm.
Khóa kim gài có sự chắc chắn cao, cho bạn thoải mái hoạt động.
Cơ chế tháo lắp dây đơn giản, dễ dàng làm theo hướng dẫn. Xem thêm cách lắp dây da."
day-da-dong-ho-l006-04-18-nau-size-18mm,Dây da đồng hồ 18mm L006-04-18,"Đặc điểm nổi bật Dây đồng hồ bằng da tổng hợp ít gặp phải tình trạng bong tróc.
Thích hợp để lắp vào đồng hồ thời trang có độ rộng dây 18 mm.
Màu nâu trung tính nên phù hợp với nhiều loại trang phục.
Có khóa cài truyền thống không những bền mà còn rất cứng cáp.
Không mất nhiều thời gian khi tháo lắp dây đồng hồ. Xem thêm cách lắp dây da."
day-da-dong-ho-l016-04-18-nau-size-18mm,Dây da đồng hồ 18mm L016-04-18,"Đặc điểm nổi bật Vô cùng vừa vặn với đồng hồ có độ rộng dây 18 mm.
Khi chảy mồ hôi cũng ít bị bí bách nhờ được làm bằng chất liệu da tổng hợp.
Dây đồng hồ với vẻ ngoài tối giản sẽ dùng được với nhiều loại trang phục.
Khóa kim gài với độ chắc chắn cao, bạn có thể thoải mái hoạt động.
Dễ dàng tháo lắp dây cho đồng hồ thời trang, thuận tiện khi dùng. Xem thêm cách lắp dây da."
day-dong-ho-size-40mm-m07-04-40,Dây da MVW mặt 40mm M07-04-40,"Đặc điểm nổi bật Kích thước dây thích hợp để lắp vào Apple Watch có mặt 40 mm.
Dây đồng hồ có màu hồng - nâu rất độc đáo, phong cách năng động.
Làm từ da tổng hợp khá bền chắc, cũng khá dễ dàng trong việc làm sạch.
Dây Apple Watch có khóa kim gài không những chắc chắn mà còn dễ dùng.
Thuận tiện trong việc tháo lắp dây cho đồng hồ."
day-dong-ho-size-40mm-m01-01-40,Dây silicone MVW mặt 40mm M01-01-40,"Đặc điểm nổi bật Vừa vặn đế lắp vào Apple Watch có kích thước mặt 40 mm.
Dây đồng hồ được làm từ silicone có độ đàn hồi cao, chống thấm tốt.
Sử dụng loại khóa cài đơn giản, thao tác rất nhanh chóng.
Dây Apple Watch có thiết kế năng động, màu hồng nổi bật.
Dễ dàng lắp dây vào đồng hồ, tiện lợi khi sử dụng."
day-dong-ho-size-40mm-m01-03-40,Dây silicone MVW mặt 40mm M01-03-40,"Đặc điểm nổi bật Thích hợp với những chiếc Apple Watch có kích thước mặt 40 mm.
Dây Apple Watch rất khô thoáng và thoải mái khi đeo nhờ được làm từ silicone. 
Đồng hồ được cố định chắc chắn trên cổ tay nhờ khóa cài cứng cáp.
Với thiết kế đơn giản bạn có thể sử dụng sản phẩm như món phụ kiện thời trang.
Dây đồng hồ có cơ chế tháo lắp đơn giản, mang đến sự tiện lợi."
day-dong-ho-size-40mm-m05-02-40,Dây silicone MVW mặt 40mm M05-02-40,"Đặc điểm nổi bật Phù hợp với đồng hồ Apple Watch có kích thước mặt 40 mm.
Dây bằng chất liệu silicone không thấm nước, độ đàn hồi tốt.
Thiết kế gọn nhẹ, tạo sự thoải mái khi sử dụng.
Khóa cài chắc chắn, giữ đồng hồ chắc chắn trên cổ tay.
Dây đồng hồ tháo lắp dễ dàng, nhanh chóng."
day-dong-ho-size-40mm-m05-03-40,Dây silicone MVW mặt 40mm M05-03-40,"Đặc điểm nổi bật Dùng được cho Apple Watch có kích thước mặt 40 mm.
Dây đồng hồ bằng silicone mềm mại, đàn hồi tốt.
Dây Apple Watch có hoa văn độc đáo, kiểu dáng năng động.
Sử dụng loại khóa đơn giản, dễ dàng điều chỉnh khi đeo.
Người dùng có thể thay dây cho đồng hồ một cách nhanh chóng."
day-dong-ho-size-44mm-m02-02-44,Dây silicone MVW mặt 44mm M02-02-44,"Đặc điểm nổi bật Sự kết hợp của 2 gam màu hồng - xanh rất độc đáo, các chi tiết liên kết chặt chẽ.
Sản phẩm vô cùng vừa vặn với Apple Watch có kích thước mặt 44 mm.
Dây đồng hồ bằng silicone chịu lực tốt, không thấm nước và độ đàn hồi cao.
Sở hữu khóa cài đơn giản, dây Apple Watch được cố định chắc chắn trên cổ tay.
Chỉ cần vào thao tác đơn giản là đã có thể tháo lắp dây cho đồng hồ."
day-rz31-00a-da-be,Dây da Ruizhi mặt 40mm RZ31-00A,"Đặc điểm nổi bật Dành cho những chiếc đồng hồ thông minh có mặt 40 mm.
Dây da tổng hợp mang đến cảm giác mềm mại khi đeo trên cổ tay.
Dây đồng hồ rất dễ điều chỉnh độ ôm cổ tay với kiểu khóa mới.
Sở hữu vẻ ngoài thanh lịch, màu nâu dẫn đầu xu hướng.
Dây Apple Watch dễ dàng tháo lắp, đảm bảo sự tiện lợi khi dùng."
day-mvw-sl101-02-da-nau,Dây da đồng hồ 18mm SL101-02,"Đặc điểm nổi bật Mẫu dây đồng hồ này phù hợp với đồng hồ có bề rộng dây 18 mm.
Dây da tổng hợp sẽ giúp dây trở nên bền màu, không bong tróc.
Dây đồng hồ có màu nâu có thiết kế mỏng nhẹ, thanh lịch, năng động.
Sản phẩm có khóa cài kim loại chắc chắn, dễ sử dụng. 
Tháo lắp dây đồng hồ dễ dàng, nhanh chóng."
day-da-khoa-d-samsung-galaxy-watch-size-s-m-xanh-duong,Dây Da Khóa D Samsung Galaxy Watch Size S/M Xanh Dương,"Đặc điểm nổi bật Dây da có độ bền màu cao, bên trong lót lớp cao su tổng hợp mềm mịn, tạo sự thoải mái khi đeo.
Dây đồng hồ có thiết kế mỏng nhẹ, màu xanh dương thời thượng.
Khóa chữ D chắc chắn, tháo lắp đơn giản vô cùng tiện lợi cho người dùng chỉ với một thao tác nhấn.
Sản phẩm dành cho đồng hồ thông minh từ thế hệ Samsung Galaxy Watch4 trở lên."
day-the-thao-samsung-galaxy-watch-size-s-m-xanh-mint,Dây thể thao Samsung Galaxy Watch Size S/M Xanh Mint,"Đặc điểm nổi bật Kiểu dáng năng động, phù hợp đeo trong những lúc tập luyện hay diện những bộ đồ cá tính. 
Dây cao su tổng hợp chống thấm mồ hôi mang đến sự thoải mái, linh hoạt khi chơi thể thao.
Sử dụng khóa kim gài chắc chắn nên dây đồng hồ sẽ giúp cố định đồng hồ trên cổ tay khi bạn vận động.
Kích thước của sản phẩm thích hợp để lắp vào dòng Samsung Galaxy Watch4 trở lên.
Việc tháo lắp dây đồng hồ cũng rất đơn giản chỉ với một thao tác nhấn."
day-nylon-redmi-watch-5-band-8-pro-9-pro,Dây nylon Redmi Watch 4/5/Band 8 Pro/9 Pro,"Đặc điểm nổi bật Dây đồng hồ được chế tác từ chất liệu nylon nhẹ nhàng và thoáng khí, mang lại sự thoải mái tối đa khi đeo.
Cơ chế tháo lắp nhanh Quick release giúp thay dây dễ dàng mà không cần dụng cụ hỗ trợ, tiện lợi trong mọi tình huống.
Tương thích đa dạng với các thiết bị đeo tay thông minh của Xiaomi như Mi Band 8 Pro, Mi Band 9 Pro, Redmi Watch 4 và Redmi Watch 5.
Dây đeo nylon chống mồ hôi, độ ẩm và bền bỉ ngay cả khi sử dụng trong các hoạt động ngoài trời hoặc thể thao.
Với bộ sưu tập đa dạng màu sắc, dây đồng hồ Xiaomi này dễ dàng phối hợp với phong cách từ năng động đến tối giản.
Phù hợp với cổ tay có chu vi từ 14 cm - 20 cm."
day-nylon-cao-su-vien-bezel-carbon-xiaomi-watch-s4-bhr9908gl-den,Dây nylon cao su viền bezel carbon Xiaomi Watch S3/S4 BHR9908GL,"Đặc điểm nổi bật Dây đeo Xiaomi Watch S3, Xiaomi Watch S4 kết hợp giữa cao su và nylon cao cấp, mang lại sự cân bằng hoàn hảo giữa độ bền, độ đàn hồi và cảm giác thoải mái khi đeo.
Khung viền hợp kim carbon pha đồng, được chế tác tỉ mỉ với chất lượng gia công vượt trội, giúp tôn lên những đường nét độc bản, tạo nên dấu ấn mạnh mẽ và đầy cá tính.
Cơ chế tháo lắp nhanh (quick release) của dây đồng hồ Xiaomi cho phép thay đổi dây một cách dễ dàng, không cần công cụ hỗ trợ, tối ưu sự tiện lợi trong từng thao tác.
Dây đồng hồ phù hợp với chu vi cổ tay từ 135 mm - 210 mm, mang lại trải nghiệm đeo vừa vặn, thoải mái suốt cả ngày dài.
Chất liệu dây bền bỉ, thoáng khí, chống thấm nhẹ, đáp ứng nhu cầu sử dụng từ sinh hoạt hàng ngày đến các hoạt động thể thao cường độ cao."
day-silicone-apple-watch-revix-evo-reversible-magnetic-41-40-38mm-uniq,Dây silicone Apple Watch Revix Evo Reversible Magnetic mặt 41/40/38mm UNIQ,"Đặc điểm nổi bật Thiết kế hai màu linh hoạt, có thể đảo ngược với đầu nối sáng tạo, mang đến 3 cách đeo độc đáo cho Apple Watch. Dễ dàng thay đổi phong cách chỉ với một thao tác lật đơn giản.
Dây đồng hồ dễ dàng điều chỉnh kích thước, phù hợp với cổ tay có chu vi từ 12 cm - 18 cm, mang lại sự thoải mái tối đa cho mọi người dùng.
Được cải tiến với móc cài kim loại cao cấp và cơ chế khóa kép, đảm bảo đồng hồ luôn cố định chắc chắn trên cổ tay suốt cả ngày, kết hợp hoàn hảo giữa độ bền và sự tinh tế.
Chất liệu dây Apple Watch từ silicone mềm mại, chống nước, dễ vệ sinh và mang lại cảm giác thoải mái khi đeo trong mọi hoạt động."
day-da-phuong-linh-g041-nau-16mm,Dây da đồng hồ 16mm G041,"Đặc điểm nổi bật Dùng được cho đồng hồ thời trang có dây 16 mm.
Chất liệu da tổng hợp có độ bền vượt trội, bề mặt mềm mịn.
Các chi tiết được cắt gọt tỉ mỉ, gam màu nâu hiện đại.
Vẫn dùng loại khóa cài truyền thống, rất chắc chắn.
Tháo lắp dây đồng hồ nhanh chóng chỉ với vài thao tác đơn giản. Xem thêm cách lắp dây da."
day-da-m-w-ckm1k6-nau-dam-16-mm,Dây da đồng hồ 16mm CKM1K6,"Đặc điểm nổi bật Lắp được cho những chiếc đồng hồ thời trang dùng dây 16 mm.
Sử dụng chất liệu da tổng hợp rất bền và êm ái khi đeo trên tay.
Dây đồng hồ được làm theo phong cách tối giản, thanh lịch.
Dùng loại khóa kim gài quen thuộc, dễ dàng điều chỉnh độ rộng.
Người dùng có thể tháo lắp dây đồng hồ nhanh chóng. Xem thêm cách lắp dây da."
day-da-dong-ho-l003-01-12-xanh-dam-size-12mm,Dây da đồng hồ 12mm L003-01-12,"Đặc điểm nổi bật Kích thước vừa vặn với đồng hồ thời trang dùng dây 12 mm.
Dây da tổng hợp có độ bền cao, rất dễ làm sạch trong quá trình sử dụng.
Dây đồng hồ có phong cách tối giản, thích hợp với nhiều người dùng.
Khóa kim gài rất dễ thao tác mà lại vô cùng chắc chắn.
Tháo lắp dây cho đồng hồ nhanh chóng. Xem thêm cách lắp dây da."
day-da-dong-ho-l019-01-12-xanh-dam-size-12mm,Dây da đồng hồ 12mm L019-01-12,"Đặc điểm nổi bật Thiết kế cho các mẫu đồng hồ dùng dây 12 mm.
Khóa cài tinh tế giúp cố định đồng hồ trên cổ tay.
Được làm từ da tổng hợp bền bỉ, chịu nước tốt.
Kiểu dáng tối giản, đường may tỉ mỉ.
Việc tháo lắp dây cũng rất đơn giản. Xem thêm cách lắp dây da."
day-da-dong-ho-l012-02-14-den-size-14mm,Dây da đồng hồ 14mm L012-02-14,"Đặc điểm nổi bật Vừa vặn với đồng hồ sử dụng dây rộng 14 mm.
Dây da tổng hợp có màu đen nhã nhặn, phù hợp với mọi phong cách.
Kiểu dáng nhỏ gọn, trên thân dây đồng hồ có vân da sống động.
Sử dụng khóa cài truyền thống, không bị cấn khi đeo trên tay.
Dễ dàng tháo lắp dây đồng hồ. Xem thêm cách lắp dây da"
day-da-dong-ho-l002-03-16-nau-size-16mm,Dây da đồng hồ 16mm L002-03-16,"Đặc điểm nổi bật Kích thước phù hợp để người dùng lắp vào đồng hồ có dây 16 mm.
Dây đồng hồ được làm khá nhỏ gọn mang đến sự thoải mái khi đeo.
Làm từ da tổng hợp nên khá bền, bề mặt mềm mịn dễ dàng lau chùi.
Cố định dây đeo bằng khóa kim gài có độ chắc chắn cao, vận động thoải mái.
Dây đồng hồ có thể tháo lắp nhanh chóng, tiện lợi khi sử dụng. Xem thêm cách lắp dây da."
day-da-dong-ho-l006-03-16-nau-size-16mm,Dây da đồng hồ 16mm L006-03-16,"Đặc điểm nổi bật Phù hợp để lắp vào những chiếc đồng hồ có độ rộng dây 16 mm.
Dây da tổng hợp ít bị nứt, bong tróc khi tiếp xúc với môi trường.
Kiểu dáng đơn giản sử dụng trong nhiều sự kiện, không bị lỗi thời.
Dây đồng hồ có khóa cài kim loại mang đến sự chắc chắn cao.
Việc lắp đặt hoặc tháo dây đồng hồ cũng rất đơn giản. Xem thêm cách lắp dây da."
day-da-dong-ho-l007-03-16-hong-dam-size-16mm,Dây da đồng hồ 16mm L007-03-16,"Đặc điểm nổi bật Dây đồng hồ có màu hồng dịu dàng, vân da sống động.
Thích hợp để lắp vào những chiếc đồng hồ có độ rộng dây 16 mm.
Được làm từ chất liệu da tổng hợp với độ bền vượt trội, dễ bảo quản.
Sử dụng khóa cài truyền thống có cơ chế đơn giản nhưng rất chắc chắn.
Không mất nhiều thời gian cho việc tháo lắp dây đồng hồ. Xem thêm cách lắp dây da."
day-da-dong-ho-l012-03-16-den-size-16mm,Dây da đồng hồ 16mm L012-03-16,"Đặc điểm nổi bật Dây đồng hồ vô cùng nhỏ gọn, màu đen tinh tế.
Vừa vặn cho những chiếc đồng hồ sử dụng dây 16 mm.
Dây da tổng hợp rất bền chắc, ít bám bẩn và êm ái.
Đảm bảo chắc chắn khi đeo trên tay nhờ khóa cài kim loại.
Không mất quá nhiều công sức để tháo lắp dây đồng hồ. Xem thêm cách lắp dây da."
day-da-dong-ho-l015-03-16-den-size-16mm,Dây da đồng hồ 16mm L015-03-16,"Đặc điểm nổi bật Dây đồng hồ có những chi tiết rất tỉ mỉ, đường may tinh tế.
Sản phẩm sử dụng da tổng hợp có khả năng chịu lực, chịu nhiệt tốt.
Được chế tác để lắp vào đồng hồ sử dụng dây 16 mm một cách vừa vặn.
Khóa kim gài có sự chắc chắn cao, hạn chế tình trạng dây đồng hồ bị gãy.
Cơ chế tháo lắp dây đồng hồ vô cùng đơn giản. Xem thêm cách lắp dây da."
day-da-dong-ho-l017-03-16-cam-size-16mm,Dây da đồng hồ 16mm L017-03-16,"Đặc điểm nổi bật Dây đồng hồ với màu cam nổi bật, phong cách năng động.
Với da tổng hợp dây đồng hồ có khả năng chống thấm tương đối.
Sản phẩm được làm ra dành cho đồng hồ có độ rộng dây 16 mm.
Cho phép bạn hoạt động thoải mái nhờ được trang bị khóa gài chắc chắn.
Dây đồng hồ có cơ chế tháo lắp đơn giản, rất tiện lợi. Xem thêm cách lắp dây da."
day-da-dong-ho-l019-03-16-xanh-dam-size-16mm,Dây da đồng hồ 16mm L019-03-16,"Đặc điểm nổi bật Dây 16 mm thích hợp với đồng hồ có kích thước dây tương ứng.
Chất liệu da tổng hợp giữ màu lâu, êm ái khi đeo trên tay.
Dây đồng hồ có thiết kế hiện đại, các đường may vô cùng tỉ mỉ.
Dùng loại khóa kim gài chắc chắn, không bị bung khi hoạt động tay.
Thao tác tháo lắp dây rất đơn giản, người dùng thực hiện dễ dàng. Xem thêm cách lắp dây da."
day-da-dong-ho-l020-03-16-hong-size-16mm,Dây da đồng hồ 16mm L020-03-16,"Đặc điểm nổi bật Sản phẩm thích hợp cho việc lắp vào những chiếc đồng hồ sử dụng dây 16 mm.
Dây đồng hồ gọn nhẹ, kiểu dáng tối giản thích hợp với nhiều phong cách của người dùng.
Làm từ da tổng hợp dễ dàng lau chùi giúp dây đồng hồ có vẻ ngoài sạch sẽ và mới mẻ.
Sử dụng loại khóa gài truyền thống với thao tác đơn giản, không bị cấn khi đeo trên tay.
Dây đồng hồ có chốt gạt nên việc tháo lắp thuận tiện, dễ sử dụng. Xem thêm cách lắp dây da."
day-da-dong-ho-l002-04-18-nau-size-18mm,Dây da đồng hồ 18mm L002-04-18,"Đặc điểm nổi bật Dây 18 mm thích hợp lắp vào đồng hồ có độ rộng dây tương ứng.
Bề mặt da tổng hợp rất êm ái, khi tiếp xúc với nước và nhiệt độ cao cũng rất ít khi bị bong tróc.
Việc điều chỉnh độ ôm sát cổ tay của dây đồng hồ rất đơn giản nhờ khóa cài chắc chắn.
Dây đồng hồ có màu nâu vô cùng thời thượng, khá gọn nhẹ khi sử dụng.
Sản phẩm rất thuận tiện trong việc tháo lắp. Xem thêm cách lắp dây da."
day-da-dong-ho-l010-04-18-nau-size-18mm,Dây da đồng hồ 18mm L010-04-18,"Đặc điểm nổi bật Dây vừa vặn với đồng hồ sử dụng dây 18 mm.
Sử dụng da tổng hợp để làm dây đồng hồ.
Khoác bên ngoài là gam màu nâu hiện đại.
Dây đồng hồ có khóa cài chắc chắn.
Tháo lắp dây một cách dễ dàng. Xem thêm cách lắp dây da"
day-da-dong-ho-l013-04-18-nau-bo-size-18mm,Dây da đồng hồ 18mm L013-04-18,"Đặc điểm nổi bật Dây đồng hồ có bề mặt trơn láng, các chi tiết liên kết chắc chắn.
Dây 18 mm thích hợp để lắp vào những chiếc đồng hồ cùng độ rộng dây.
Khóa cài kim loại hạn chế dây đồng hồ bị bung ra khi vận động.
Dây đồng hồ bằng da tổng hợp nên dễ lau chùi, đeo trên tay cũng khá thoải mái.
Chỉ cần vài giây là bạn có thể tháo lắp dây đồng hồ. Xem thêm cách lắp dây da."
day-dong-ho-size-40mm-m07-05-40,Dây da MVW mặt 40mm M07-05-40,"Đặc điểm nổi bật Thích hợp với Apple Watch có kích thước mặt 40 mm.
Dây bằng chất liệu da tổng hợp bền màu, tạo sự thoải mái khi đeo.
Dây Apple Watch có phong cách năng động, phối hợp hài hòa giữa màu nâu và đỏ.
Khóa cài đơn giản, dễ sử dụng nhưng rất chắc chắn khi đeo.
Dây đồng hồ rất dễ tháo lắp, tiện lợi cho người dùng."
day-dong-ho-size-44mm-m07-01-44,Dây da MVW mặt 44mm M07-01-44,"Đặc điểm nổi bật Phù hợp với Apple Watch có kích thước mặt 44 mm.
Được làm từ chất liệu da tổng hợp có độ bền cao, êm ái.
Dây đồng hồ có thiết kế gọn nhẹ, vô cùng thoải mái khi đeo.
Dùng loại khóa cài đơn giản, chắc chắn khi đeo trên tay.
Người dùng có thể tháo lắp dây Apple Watch dễ dàng, nhanh chóng. Xem thêm cách lắp dây da"
day-dong-ho-size-40mm-m01-02-40,Dây silicone MVW mặt 40mm M01-02-40,"Đặc điểm nổi bật Kích thước phù hợp với Apple Watch có mặt 40 mm.
Dây Apple Watch silicone chống thấm mồ hôi tốt, bề mặt mềm mịn.
Thiết kế đơn giản, mang đến sự gọn nhẹ khi đeo trên tay.
Dây đồng hồ được trang bị khóa cài chắc chắn, độ bền cao.
Việc lắp đặt hoặc tháo dây ra khỏi mặt đồng hồ rất đơn giản."
day-dong-ho-size-40mm-m01-04-40,Dây silicone MVW mặt 40mm M01-04-40,"Đặc điểm nổi bật Dây Apple Watch có kích thước vừa vặn để lắp vào Apple Watch có mặt 40 mm. 
Dây silicone có khả năng chống thấm tốt, bề mặt mềm mịn.
Sản phẩm khá gọn nhẹ thuận tiện trong các hoạt động.
Dây đồng hồ được trang bị khóa cài chắc chắn, dễ sử dụng.
Dễ dàng tháo lắp dây đồng hồ, thuận tiện khi sử dụng."
day-dong-ho-size-40mm-m05-08-40,Dây silicone MVW mặt 40mm M05-08-40,"Đặc điểm nổi bật Apple Watch mặt 40 mm có thể dùng được dây đồng hồ này.
Dây Apple Watch chất liệu silicone dẻo dai, khả năng chống thấm vượt trội.
Kiểu dáng gọn gàng, hoa văn nổi bật vô cùng năng động.
Sử dụng khóa cài chắc chắn, dây được luồn vào trong.
Dây đồng hồ được tháo lắp nhanh chóng."
day-dong-ho-size-44mm-m01-04-44,Dây silicone MVW mặt 44mm M01-04-44,"Đặc điểm nổi bật Dây dùng cho Apple Watch có kích thước mặt 44 mm.
Dây đồng hồ bằng silicone có độ đàn hồi cao, bề mặt mềm mại.
Dây Apple Watch có nhiều lỗ tròn giúp thoáng khí, thoải mái đeo cả ngày.
Sử dụng loại khóa bấm đơn giản nhưng rất chắc chắn.
Việc tháo lắp dây đồng hồ cũng diễn ra rất nhanh chóng."
day-dong-ho-size-44mm-m02-01-44,Dây silicone MVW mặt 44mm M02-01-44,"Đặc điểm nổi bật Thích hợp với những mẫu Apple Watch có mặt 44 mm.
Dây Apple Watch chống thấm mồ hôi tốt, êm ái khi đeo trên tay.
Phong cách hiện đại, thuận tiện cho các hoạt động hằng ngày.
Sử dụng loại khóa cơ bản, dễ thao tác và rất chắc chắn.
Việc tháo lắp dây đồng hồ cũng rất đơn giản."
day-dong-ho-size-44mm-m02-03-44,Dây silicone MVW mặt 44mm M02-03-44,"Đặc điểm nổi bật Dây đồng hồ dùng được cho các mẫu Apple Watch có mặt 44 mm.
Chất liệu silicone dẻo dai, chống thấm nước tốt giữ sự khô thoáng khi đeo.
Dây Apple Watch có kiểu dáng hiện đại, sở hữu gam màu xanh - tím nổi bật. 
Sử dụng kiểu khóa đơn giản nhưng vẫn chắc chắn, không bị cấn tay.
Dây đồng hồ rất dễ tháo, lắp không mất nhiều thời gian của người dùng."
day-rz31-00a-da-trang,Dây da MVW mặt 40mm RZ31-00A,"Đặc điểm nổi bật Dùng được cho Apple Watch có mặt 40mm và những chiếc smartwatch khác.
Dây đồng hồ được làm từ da tổng hợp ít bị bong tróc, dễ bảo quản.
Kiểu dáng của dây đồng hồ vô cùng đơn giản, màu trắng sang trọng.
Dây Apple Watch sử dụng dạng khóa đơn giản giúp đồng hồ được giữ cố định trên cổ tay. 
Người dùng tháo lắp dây đồng hồ chỉ với vài thao tác."
day-rz31-00a-da-xanh-ngoc,Dây da MVW mặt 44mm RZ31-00A,"Đặc điểm nổi bật Phù hợp với mặt Apple Watch 44 mm.
Dây Apple Watch bằng da mềm mại, không hại da tay, thoải mái khi đeo cả ngày dài.
Nổi bật với sắc xanh dương có thiết kế đơn giản, tinh tế.
Khóa cài dễ dàng điều chỉnh kích thước.
Dây đồng hồ tháo lắp dễ dàng."
day-da-redmi-watch-5-band-8-pro-9-pro,Dây da Redmi Watch 4/5/Band 8 Pro/9 Pro,"Đặc điểm nổi bật Dây đồng hồ có thiết kế cao cấp từ chất liệu da, mang đến vẻ đẹp sang trọng và cảm giác êm ái khi sử dụng.
Cơ chế quick release giúp thay dây nhanh chóng mà không cần dụng cụ hỗ trợ.
Phù hợp với các thiết bị đeo tay thông minh của Xiaomi gồm Mi Band 8 Pro, Mi Band 9 Pro, Redmi Watch 4 và Redmi Watch 5.
Dây đeo chịu được mồ hôi, độ ẩm và hao mòn theo thời gian, lý tưởng cho cả sử dụng hàng ngày lẫn dịp đặc biệt.
Dây Xiaomi có nhiều màu sắc để lựa chọn, phù hợp với mọi phong cách từ thanh lịch đến hiện đại.
Dây đồng hồ Xiaomi phù hợp với chu vi cổ tay từ 13.5 cm - 20.5 cm."
day-nam-cham-redmi-watch-5-band-8-pro-9-pro,Dây nam châm Redmi Watch 4/5/Band 8 Pro/9 Pro,"Đặc điểm nổi bật Thiết kế đột phá được làm từ chất liệu da silicone cao cấp với lớp hoàn thiện mềm mại, dây đồng hồ sẽ mang lại sự sang trọng và êm ái tối đa cho cổ tay.
Cơ chế nam châm tiện lợi khi được tích hợp khóa từ tính chắc chắn, giúp việc tháo lắp dây trở nên nhanh gọn và dễ dàng mà không cần dụng cụ.
Hỗ trợ hoàn hảo cho các dòng thiết bị đeo tay thông minh Xiaomi như Mi Band 8 Pro, Mi Band 9 Pro, Redmi Watch 4 và Redmi Watch 5.
Dây đeo có khả năng chống mồ hôi, chịu được độ ẩm và hao mòn, lý tưởng cho cả môi trường văn phòng và các hoạt động ngoài trời.
Phong cách đa dạng với các tùy chọn màu sắc thời thượng, phù hợp với mọi phong cách từ hiện đại đến cổ điển.
Dây đồng hồ Xiaomi phù hợp với chu vi cổ tay từ 14 cm - 19 cm."
day-da-vien-bezel-thep-xiaomi-watch-s4-bhr9914gl-xanh-la,Dây da viền bezel thép Xiaomi Watch S3/S4 BHR9914GL,"Đặc điểm nổi bật Dây đeo Xiaomi Watch S3, Xiaomi Watch S4 được chế tác từ da cao cấp, mang đến cảm giác mềm mại, thoải mái khi đeo, đồng thời thể hiện phong cách sang trọng và tinh tế.
Khung viền bằng thép không gỉ cao cấp, được thiết kế tỉ mỉ, tạo nên sự kết hợp hài hòa giữa vẻ đẹp tinh tế thầm lặng và phong cách mạnh mẽ, chuyên nghiệp.
Cơ chế tháo lắp nhanh (quick release) giúp thay đổi dây đeo dễ dàng, không cần dùng đến công cụ hỗ trợ, mang lại sự tiện lợi tối đa.
Dây đồng hồ Xiaomi phù hợp với chu vi cổ tay từ 135 mm - 205 mm, ôm trọn cổ tay một cách vừa vặn và thoải mái.
Chất liệu da không chỉ bền bỉ, mà còn tăng thêm nét sang trọng, thích hợp để sử dụng trong nhiều hoàn cảnh khác nhau.
Dây đồng hồ sở hữu màu sắc thời thượng, dễ dàng phối hợp với trang phục và phong cách cá nhân, từ thanh lịch đến chuyên nghiệp."
day-nylon-vien-bezel-thep-xiaomi-watch-s4-bhr9913gl-cam,Dây nylon viền bezel thép Xiaomi Watch S3/S4 BHR9913GL,"Đặc điểm nổi bật Dây đeo Xiaomi Watch S3, Xiaomi Watch S4 dễ dàng phối hợp với phong cách cá nhân từ thanh lịch đến năng động.
Mặt đồng hồ bằng thép không gỉ, được khắc laser vân gỗ tinh xảo, kết hợp hoàn hảo giữa sắc thái sáng tối, tạo nên vẻ đẹp vừa sang trọng vừa ấm cúng.
Cơ chế tháo lắp nhanh (quick release) giúp thay đổi dây đeo linh hoạt, không cần đến dụng cụ hỗ trợ, tiện lợi cho người dùng.
Thiết kế dây đồng hồ Xiaomi này phù hợp với chu vi cổ tay từ 140 mm - 200 mm, ôm vừa vặn, mang lại cảm giác chắc chắn nhưng vẫn thoải mái.
Chất liệu nylon trên dây đồng hồ có khả năng kháng nước nhẹ, thấm hút mồ hôi hiệu quả, lý tưởng cho cả các hoạt động thường ngày lẫn thể thao."
day-silicone-amazfit-active-2,Dây silicone Amazfit Active 2 mặt 43.9 mm,"Đặc điểm nổi bật Dây đồng hồ được làm từ chất liệu silicone mềm mại, dây mang lại cảm giác đeo dễ chịu, không gây kích ứng, lý tưởng để sử dụng cả ngày, dù bạn ở văn phòng hay đang tập luyện thể thao.
Bề mặt mịn màng, chống bám mồ hôi và dễ dàng vệ sinh, giữ dây luôn sạch sẽ và như mới.
Thiết kế hiện đại, vừa vặn với mặt đồng hồ Amazfit Active 2 và Amazfit Active 2 Premium có độ rộng dây tiêu chuẩn 2 cm.
Phù hợp với cổ tay có chu vi từ 13.5 đến 19.5 cm, đảm bảo ôm sát nhưng vẫn linh hoạt cho mọi chuyển động.
Lựa chọn màu sắc đa dạng gồm be nhẹ nhàng, hồng nữ tính, xanh lá cá tính và đỏ nổi bật, dễ dàng phối hợp với mọi phong cách."
day-da-phuong-linh-g022-nau-16mm,Dây da đồng hồ 16mm G022,"Đặc điểm nổi bật Kiểu dáng hiện đại pha đôi chút cổ điển.
Khóa cài chắc chắn giữ cho dây đồng hồ ôm sát cổ tay.
Vừa vặn với những chiếc đồng hồ dùng dây 16 mm.
Chất liệu da tổng hợp ít bị trầy xước, độ bền cao.
Người dùng có thể dễ dàng tháo lắp dây đồng hồ. Xem thêm cách lắp dây da."
day-da-phuong-linh-g024-den-16mm,Dây da đồng hồ 16mm G024,"Đặc điểm nổi bật Sản phẩm dành riêng cho đồng hồ thời trang có dây 16 mm.
Sử dụng dài lâu với chất liệu da tổng hợp có độ bền vượt trội.
Dây đồng hồ có vân da cực chân thật, màu sắc thời thượng.
Với khóa kim gài người dùng có thể điều chỉnh độ rộng dễ dàng.
Có chốt mở đơn giản nên việc tháo lắp dây cũng không quá khó. Xem thêm cách lắp dây da."
day-da-phuong-linh-g041-den-16mm,Dây da đồng hồ 16mm G041,"Đặc điểm nổi bật Dành cho những mẫu đồng hồ thời trang có dây 16 mm.
Chất liệu da tổng hợp êm ái khi đeo, dễ dàng lau chùi.
Dây đồng hồ có kiểu dáng đơn giản, phù hợp với nhiều phong cách.
Sử dụng khóa cài chắc chắn, không bị bung khi hoạt động mạnh.
Chỉ với vài thao tác là người dùng đã có thể tháo lắp dây đồng hồ. Xem thêm cách lắp dây da."
day-da-phuong-linh-g067-vang-hong-22mm,Dây da đồng hồ 22mm G067,"Đặc điểm nổi bật Sản phẩm dành cho những mẫu đồng hồ có độ rộng dây 22 mm.
Được làm từ da tổng hợp mềm mịn, khả năng chịu va đập tốt.
Các chi tiết được cắt khoét tỉ mỉ, phong cách thiết kế sang trọng.
Khóa cài chắc chắn, người dùng yên tâm hơn trong các hoạt động.
Dây đồng hồ có chốt gạt nên việc tháo lắp vô cùng đơn giản. Xem thêm cách lắp dây da."
day-da-phuong-linh-g069-den-16mm,Dây da đồng hồ 16mm G069,"Đặc điểm nổi bật Vừa khít với những chiếc đồng hồ thời trang dùng dây 16 mm.
Chất liệu da tổng hợp với khả năng chịu lực tốt, hạn chế hư hỏng.
Phong cách thiết kế tối giản phù hợp với nhiều người dùng.
Dây đồng hồ với khóa cài chắc chắn giúp cố định đồng hồ trên cổ tay.
Chỉ với vài thao tác là bạn đã có thể tháo lắp dây đồng hồ. Xem thêm cách lắp dây da."
day-da-m-w-dvm2k3-den-16-mm,Dây da đồng hồ 16mm DVM2K3,"Đặc điểm nổi bật Kích thước vừa vặn với đồng hồ dùng dây 16 mm.
Dây được làm bằng da tổng hợp chống thấm mồ hôi khá tốt.
Dây đồng hồ có kiểu dáng đơn giản, gọn nhẹ khi đeo.
Sử dụng kiểu khóa cài truyền thống, vừa đẹp vừa chắc chắn.
Người dùng có thể thay dây cho đồng hồ nhanh chóng. Xem thêm cách lắp dây da."
day-da-m-w-dvm3k1-xanh-dam-16-mm,Dây da đồng hồ 16mm DVM3K1,"Đặc điểm nổi bật Dùng cho đồng hồ có bề rộng dây 16 mm.
Sử dụng chất liệu da tổng hợp bền, đẹp.
Thiết kế tối giản, gam màu xanh thời thượng.
Khóa kim gài, có nhiều nấc điều chỉnh.
Tháo lắp dễ dàng, nhanh chóng. Xem thêm cách lắp dây da."
day-da-m-w-dvm6k1-xanh-dam-16-mm,Dây da đồng hồ 16mm DVM6K1,"Đặc điểm nổi bật Sản phẩm dùng được cho đồng hồ thời trang có dây 16 mm. 
Chất liệu da tổng hợp khá bền, bề mặt êm ái và khô thoáng.
Dây đồng hồ rất gọn nhẹ, tạo sự thoải mái cho người dùng.
Trang bị khóa kim gài chắc chắn, dễ thao tác.
Việc tháo lắp dây cho đồng hồ cũng không quá phức tạp. Xem thêm cách lắp dây da."
day-da-m-w-dvm6k3-xanh-dam-16-mm,Dây da đồng hồ 16mm DVM6K3,"Đặc điểm nổi bật Dây 16 mm phù hợp với đồng hồ thời trang dùng dây tương ứng.
Chất liệu da tổng hợp cho bề mặt mềm mại, khô thoáng khi đeo.
Dây đồng hồ sở hữu vẻ ngoài thanh lịch, màu xanh dương nổi bật.
Sử dụng khóa cài đơn giản nhưng mang đến độ chắc chắn cao.
Chỉ với vài thao tác là đã có thể tháo lắp dây đồng hồ. Xem thêm cách lắp dây da."
day-da-m-w-ckm1k1-nau-dam-16-mm,Dây da đồng hồ 16mm CKM1K1,"Đặc điểm nổi bật Được làm ra dành cho đồng hồ thời trang dùng dây 16 mm.
Dây đồng hồ có đường may chắc chắn, kiểu dáng nhỏ gọn.
Dây da tổng hợp mang đến cảm giác đeo êm ái cho người dùng.
Đồng hồ được cố định chắc chắn ngay cả khi vận động nhờ khóa cài kim loại.
Người dùng chỉ cần vài giây là đã có thể tháo lắp dây đồng hồ. Xem thêm cách lắp dây da."
day-da-m-w-ckm1k1-xanh-dam-16-mm,Dây da đồng hồ 16mm CKM1K1,"Đặc điểm nổi bật Sản phẩm được làm ra để lắp cho những chiếc đồng hồ dùng dây 16 mm.
Da dây tổng hợp với độ chắc chắn cao, khả năng giữ màu tốt.
Dây đồng hồ có từng đường may chắc chắn, màu xanh dương thời thượng.
Sử dụng khóa cài chắc chắn, thao tác đơn giản thuận tiện cho người sử dụng.
Dây đồng hồ được tháo lắp vô cùng nhanh chóng. Xem thêm cách lắp dây da"
day-da-m-w-ckm1k2-den-16-mm,Dây da đồng hồ 16mm CKM1K2,"Đặc điểm nổi bật Dùng được cho đồng hồ thời trang có dây 16 mm.
Chất liệu da tổng hợp có khả năng chống thấm tương đối.
Phong cách thiết kế tối giản, gọn nhẹ khi sử dụng.
Dây đồng hồ có khóa cài chắc chắn, không làm hư dây.
Thay đổi dây cho đồng hồ nhanh chóng. Xem thêm cách lắp dây da."
day-da-m-w-ckm1k2-xanh-dam-16-mm,Dây da đồng hồ 16mm CKM1K2,"Đặc điểm nổi bật Phù hợp lắp cho các mẫu đồng hồ thời trang có dây 16 mm.
Dây được làm từ da tổng hợp bền bỉ và không gây kích ứng da tay.
Phong cách thiết kế hiện đại, màu sắc thời thượng.
Dây đồng hồ được tích hợp loại khóa cài truyền thống chắc chắn.
Việc thay đổi dây vô cùng dễ dàng, không mất nhiều thời gian. Xem thêm cách lắp dây da."
day-da-m-w-ckm1k3-nau-dam-16-mm,Dây da đồng hồ 16mm CKM1K3,"Đặc điểm nổi bật Sản phẩm vừa vặn với đồng hồ thời trang dùng dây 16 mm.
Bề mặt dây da tổng hợp mềm mại, không bị xù khi dùng lâu.
Dây đồng hồ gọn nhẹ, khi đeo trên tay không bị vướng víu.
Khóa kim gài chắc chắn, không dễ bung ra khi sử dụng.
Dây đồng hồ rất dễ tháo lắp, tiện lợi hơn cho người dùng. Xem thêm cách lắp dây da."
day-da-dong-ho-size-16-mm-den-f1012-41,Dây da đồng hồ 16mm F1012.41,"Đặc điểm nổi bật Dùng được cho các mẫu đồng hồ có dây 16 mm.
Dây da tổng hợp có độ bền cao, ít bị bong tróc.
Trên dây đồng hồ có vân da vô cùng đẹp mắt, màu đen tinh tế.
Khóa kim gài chắc chắn giữ cho đồng hồ không bị xê dịch.
Mỗi đầu dây sẽ có chốt mở nên việc tháo lắp dây rất đơn giản. Xem thêm cách lắp dây da."
day-da-dong-ho-size-16-mm-nau-bong-f1012-42,Dây da đồng hồ 16mm F1012.42,"Đặc điểm nổi bật Phù hợp với đồng hồ thời trang có bề rộng dây 16 mm.
Dây bằng chất liệu da tổng hợp bền màu, dễ làm sạch.
Dây đồng hồ có kiểu dáng gọn gàng, êm nhẹ khi đeo.
Khóa cài đơn giản, chắc chắn trong quá trình sử dụng.
Tháo lắp dễ dàng, nhanh chóng. Xem thêm cách lắp dây da."
day-da-dong-ho-l017-02-14-cam-size-14mm,Dây da đồng hồ 14mm L017-02-14,"Đặc điểm nổi bật Sản phẩm có màu cam năng động, nam hay nữ đeo đều đẹp.
Dây đồng hồ có khóa gài mang đến sự chắc chắn khi đeo.
Được làm từ da tổng hợp khá êm ái và có độ bền cao.
Phù hợp với đồng hồ có độ rộng dây 14 mm.
Việc tháo lắp dây đồng hồ không có gì khó khăn. Xem thêm cách lắp dây da."
day-da-dong-ho-l001-03-16-den-size-16mm,Dây da đồng hồ 16mm L001-03-16,"Đặc điểm nổi bật Các chi tiết được cắt khoét tỉ mỉ, dây đồng hồ có vân da rất thật.
Vừa vặn khi lắp vào những chiếc đồng hồ có độ rộng dây 16 mm.
Sản phẩm làm từ da tổng hợp mang đến độ bền vượt trội.
Khóa cài kim loại có cơ chế đơn giản tiện lợi khi dùng.
Dây đồng hồ rất dễ tháo lắp, người dùng thực hiện nhanh chóng. Xem thêm cách lắp dây da."
day-da-dong-ho-l014-03-16-den-size-16mm,Dây da đồng hồ 16mm L014-03-16,"Đặc điểm nổi bật Phong cách tối giản, màu sắc trung tính thích hợp với mọi người dùng.
Dây được chế tác vừa vặn với đồng hồ có độ rộng dây 16 mm.
Chất liệu da tổng hợp mang đến sự thoải mái khi bạn đeo trên tay cả ngày.
Dây đồng hồ với khóa kim gài chắc chắn sẽ không bị bung ra khi đang dùng.
Việc tháo lắp dây đồng hồ rất đơn giản, tiện hơn cho người sử dụng. Xem thêm cách lắp dây da."
day-da-dong-ho-l001-04-18-den-size-18mm,Dây da đồng hồ 18mm L001-04-18,"Đặc điểm nổi bật Phong cách hiện đại, dây đồng hồ có vân da rất sống động.
Dùng để lắp vào đồng hồ có độ rộng dây 18 mm.
Dây da tổng hợp không những bền mà còn rất dễ làm sạch.
Giữ đồng hồ cố định trên cổ tay nhờ khóa cài chắc chắn.
Dễ dàng thay dây cho đồng hồ. Xem thêm cách lắp dây da."
day-dong-ho-size-40mm-m07-01-40,Dây da MVW mặt 40mm M07-01-40,"Đặc điểm nổi bật Dây vừa vặn với Apple Watch có mặt 40 mm.
Dây đồng hồ được làm bằng da tổng hợp bền chắc.
Hai màu nâu - đỏ nổi bật, sản phẩm thêm phần bắt mắt.
Dây Apple Watch dùng loại khóa cài truyền thống rất chắc chắn.
Tháo lắp dây vô cùng đơn giản, ai cũng có thể làm được. Xem thêm cách lắp dây da."
day-dong-ho-size-44mm-m07-04-44,Dây da MVW mặt 44mm M07-04-44,"Đặc điểm nổi bật Dây Apple Watch với hai màu nâu đỏ thời thượng, kiểu dáng tối giản.
Chất liệu da tổng hợp dễ làm sạch, đẹp.
Khóa cài truyền thống, không bị lỏng lẻo khi đeo.
Phù hợp với đồng hồ có kích thước mặt 44 mm.
Dễ dàng thay đổi dây đồng hồ. Xem thêm cách lắp dây da"
day-dong-ho-size-40mm-m05-01-40,Dây silicone MVW mặt 40mm M05-01-40,"Đặc điểm nổi bật Phù hợp với Apple Watch có kích thước mặt 40 mm.
Dây Apple Watch làm bằng chất liệu silicone không thấm nước, độ đàn hồi tốt.
Thiết kế mỏng nhẹ, hoa văn trên dây vô cùng độc đáo.
Khóa cài đơn giản, chắc chắn trong quá trình sử dụng.
Tháo lắp dây đồng hồ rất đơn giản, thực hiện dễ dàng."
day-dong-ho-size-40mm-m05-04-40,Dây silicone MVW mặt 40mm M05-04-40,"Đặc điểm nổi bật Dùng cho Apple Watch có kích thước mặt 40 mm.
Dây đồng hồ bằng chất liệu silicone không thấm nước, không gây ngứa.
Dây Apple Watch có màu sắc nổi bật, hoa văn độc đáo.
Sử dụng khóa cài đơn giản, dễ dàng điều chỉnh độ rộng dây.
Dễ dàng tháo lắp dây cho đồng hồ."
day-dong-ho-size-40mm-m05-05-40,Dây silicone MVW mặt 40mm M05-05-40,"Đặc điểm nổi bật Dây Apple Watch vô cùng nổi bật với những hoa văn độc đáo.
Thích hợp để lắp vào những chiếc Apple Watch có mặt 40 mm.
Dây silicone nên không thấm nước, khô thoáng khi đeo.
Khóa cài cơ bản, dây đồng hồ được luồn vào trong rất gọn gàng.
Dây đồng hồ được tháo lắp đơn giản, nhanh chóng."
day-dong-ho-size-40mm-m05-07-40,Dây silicone MVW mặt 40mm M05-07-40,"Đặc điểm nổi bật Dây đồng hồ có hoa văn trái cây rất tươi trẻ, năng động.
Sử dụng silicone để làm dây đồng hồ nên rất bền, dễ lau chùi.
Sản phẩm dành cho những mẫu Apple Watch có mặt 40 mm.
Dây Apple Watch với khóa cài có cơ chế đơn giản nhưng vẫn đảm bảo sự chắc chắn.
Dễ dàng tháo lắp dây cho đồng hồ, rất tiện lợi cho người dùng."
day-dong-ho-size-44mm-m01-03-44,Dây silicone MVW mặt 44mm M01-03-44,"Đặc điểm nổi bật Trên dây đồng hồ được khoét nhiều lỗ giúp thoáng khí, màu hồng đẹp mắt.
Sản phẩm vô cùng vừa vặn với Apple Watch có mặt 44 mm.
Dây Apple Watch bằng silicone chịu lực tốt, độ bền màu cao.
Khóa cài cứng cáp, dây đồng hồ được luồn vào bên trong rất gọn gàng.
Tháo lắp dây đồng hồ chỉ bằng vài thao tác cực đơn giản."
day-dong-ho-41-mm-o001-05-41,Dây silicone MVW mặt 41mm O001-05-41,"Đặc điểm nổi bật Phù hợp với mặt đồng hồ Oppo Watch size 41 mm
Dây bằng chất liệu dây silicone không thấm nước, độ đàn hồi tốt
Thiết kế mỏng nhẹ, thanh lịch, năng động
Khóa cài đơn giản, chắc chắn cho bạn yên tâm khi sử dụng
Tháo lắp dễ dàng, nhanh chóng"
day-silicone-dong-ho-apple-size-40mm-rz-0100a-vang,Dây silicone Ruizhi mặt 40mm RZ-0100A,"Đặc điểm nổi bật Được thiết kế dùng cho smartwatch có mặt 40 mm.
Dây đồng hồ được làm từ silicone cao cấp cho bề mặt êm ái, dẻo dai.
Dây Apple Watch có màu vàng vô cùng thời thượng, các chi tiết được làm tỉ mỉ.
Sử dụng khóa bấm, thuận tiện cho việc điều chỉnh độ rộng khi đeo.
Dây rất dễ tháo lắp, thay đổi vẻ ngoài cho đồng hồ một cách nhanh chóng."
day-mvw-m031-02-silicone-xam,Dây silicone đồng hồ 22mm M031-02,"Đặc điểm nổi bật Sản phẩm này phù hợp với đồng hồ có độ rộng dây 22 mm.
Có chất liệu từ silicone, độ đàn hồi tốt, không thấm nước.
Dây đồng hồ có thiết kế mỏng nhẹ, thanh lịch, năng động.
Yên tâm sử dụng vì có khóa cài đơn giản, chắc chắn.
Tháo lắp dễ dàng, nhanh chóng."
day-da-khoa-d-samsung-galaxy-watch-size-m-l-xam,Dây Da Khóa D Samsung Galaxy Watch Size M/L Xám,"Đặc điểm nổi bật Dây đồng hồ có vẻ ngoài cao cấp với những đường khâu tỉ mỉ sẽ tôn lên sự hoàn hảo của đồng hồ.
Bạn có thể điều chỉnh độ rộng để phù hợp với kích thước cổ tay. Khóa D từ tính giúp việc đeo và tháo rất dễ dàng, đảm bảo sự thuận tiện cho bạn trong quá trình sử dụng.
Dây đeo bằng chất liệu cao su tổng hợp êm ái, mềm mịn không để lại những vết hằn khi đeo, phủ lớp da cao cấp trên bề mặt, dễ dàng làm sạch khi bị dính bẩn.
Thiết kế dây đeo thế hệ mới trang bị một nút nhấn cho phép bạn dễ dàng gắn và tháo dây chỉ bằng một thao tác ấn.
Sản phẩm tương thích với đồng hồ thông minh từ thế hệ Samsung Galaxy Watch4 trở lên."
day-the-thao-samsung-galaxy-watch-size-s-m-vang,Dây thể thao Samsung Galaxy Watch Size S/M Vàng,"Đặc điểm nổi bật Dây đồng hồ có màu vàng trẻ trung, kiểu dáng đơn giản thích hợp với cả nam lẫn nữ.
Thích hợp để lắp vào những chiếc Samsung Galaxy Watch4 trở lên.
Dây cao su tổng hợp dẻo dai, độ bền cao khi bị vặn xoắn cũng không biến dạng.
Thao tác tháo lắp đơn giản chỉ với một lần nhấn, đảm bảo sự tiện lợi cho người dùng."
