id_product,name_product,username,rating
chuot-bluetooth-philips-spk7448?utm_flashsale=1,Chuột Bluetooth Philips SPK7448,Minh Hoàng,5
chuot-bluetooth-philips-spk7448?utm_flashsale=1,Chuột Bluetooth Philips SPK7448,Lê Công Thạch,5
chuot-bluetooth-philips-spk7448?utm_flashsale=1,Chuột Bluetooth Philips SPK7448,Ái Linh,5
chuot-bluetooth-philips-spk7448?utm_flashsale=1,Chuột Bluetooth Philips SPK7448,Thùy An,5
chuot-bluetooth-philips-spk7448?utm_flashsale=1,Chuột Bluetooth Philips SPK7448,Ngân,5
chuot-bluetooth-philips-spk7448?utm_flashsale=1,Chuột Bluetooth Philips SPK7448,Thùy Trang,5
chuot-bluetooth-philips-spk7448?utm_flashsale=1,Chuột Bluetooth Philips SPK7448,Minh Long,5
chuot-bluetooth-philips-spk7448?utm_flashsale=1,Chuột Bluetooth Philips SPK7448,Long Nhật,5
chuot-khong-day-dareu-lm106g,Chuột Không dây DareU LM106G,Bùi Khải,1
chuot-khong-day-dareu-lm106g,Chuột Không dây DareU LM106G,Hảo,4
chuot-khong-day-dareu-lm106g,Chuột Không dây DareU LM106G,Nguyễn Hồng Ưa,5
chuot-khong-day-dareu-lm106g,Chuột Không dây DareU LM106G,Vũ Thị Hải Yến,5
chuot-khong-day-dareu-lm106g,Chuột Không dây DareU LM106G,Lê Đức Hiếu,3
chuot-khong-day-dareu-lm106g,Chuột Không dây DareU LM106G,Tùng,5
chuot-khong-day-dareu-lm106g,Chuột Không dây DareU LM106G,Phạm Văn Xuân,5
chuot-khong-day-dareu-lm106g,Chuột Không dây DareU LM106G,Như,5
chuot-khong-day-dareu-lm106g,Chuột Không dây DareU LM106G,Kim Xuân,5
chuot-khong-day-dareu-lm106g,Chuột Không dây DareU LM106G,Phuc,1
chuot-khong-day-dareu-lm106g,Chuột Không dây DareU LM106G,Cầu,4
chuot-khong-day-dareu-lm106g,Chuột Không dây DareU LM106G,Châu Linh,5
chuot-khong-day-dareu-lm106g,Chuột Không dây DareU LM106G,Nguyễn Đăng Thành,4
chuot-khong-day-dareu-lm106g,Chuột Không dây DareU LM106G,Minh Chiến,3
chuot-khong-day-dareu-lm106g,Chuột Không dây DareU LM106G,Trương Hiệp Gia,3
chuot-khong-day-dareu-lm106g,Chuột Không dây DareU LM106G,Le Ngoc Qui,5
chuot-khong-day-dareu-lm106g,Chuột Không dây DareU LM106G,Anh Sơn,4
chuot-khong-day-dareu-lm106g,Chuột Không dây DareU LM106G,Nguyễn Văn Quý,4
chuot-khong-day-dareu-lm106g,Chuột Không dây DareU LM106G,Dũng,5
chuot-khong-day-dareu-lm106g,Chuột Không dây DareU LM106G,Phượng,5
chuot-khong-day-dareu-lm106g,Chuột Không dây DareU LM106G,Bùi Khải,1
chuot-khong-day-dareu-lm106g,Chuột Không dây DareU LM106G,Hảo,4
chuot-khong-day-dareu-lm106g,Chuột Không dây DareU LM106G,Nguyễn Hồng Ưa,5
chuot-khong-day-dareu-lm106g,Chuột Không dây DareU LM106G,Vũ Thị Hải Yến,5
chuot-khong-day-dareu-lm106g,Chuột Không dây DareU LM106G,Lê Đức Hiếu,3
chuot-khong-day-dareu-lm106g,Chuột Không dây DareU LM106G,Tùng,5
chuot-khong-day-dareu-lm106g,Chuột Không dây DareU LM106G,Phạm Văn Xuân,5
chuot-khong-day-dareu-lm106g,Chuột Không dây DareU LM106G,Như,5
chuot-khong-day-dareu-lm106g,Chuột Không dây DareU LM106G,Kim Xuân,5
chuot-khong-day-dareu-lm106g,Chuột Không dây DareU LM106G,Phuc,1
chuot-khong-day-dareu-lm106g,Chuột Không dây DareU LM106G,Cầu,4
chuot-khong-day-dareu-lm106g,Chuột Không dây DareU LM106G,Châu Linh,5
chuot-khong-day-dareu-lm106g,Chuột Không dây DareU LM106G,Nguyễn Đăng Thành,4
chuot-khong-day-dareu-lm106g,Chuột Không dây DareU LM106G,Minh Chiến,3
chuot-khong-day-dareu-lm106g,Chuột Không dây DareU LM106G,Trương Hiệp Gia,3
chuot-khong-day-dareu-lm106g,Chuột Không dây DareU LM106G,Le Ngoc Qui,5
chuot-khong-day-dareu-lm106g,Chuột Không dây DareU LM106G,Anh Sơn,4
chuot-khong-day-dareu-lm106g,Chuột Không dây DareU LM106G,Nguyễn Văn Quý,4
chuot-khong-day-dareu-lm106g,Chuột Không dây DareU LM106G,Dũng,5
chuot-khong-day-dareu-lm106g,Chuột Không dây DareU LM106G,Phượng,5
chuot-khong-day-dareu-lm106g,Chuột Không dây DareU LM106G,Vân Anh,5
chuot-khong-day-dareu-lm106g,Chuột Không dây DareU LM106G,Nguyễn Thị Phương Thảo,5
chuot-khong-day-dareu-lm106g,Chuột Không dây DareU LM106G,Lê Vũ Phong,3
chuot-khong-day-dareu-lm106g,Chuột Không dây DareU LM106G,Dinh Truong Sơn,5
chuot-khong-day-dareu-lm106g,Chuột Không dây DareU LM106G,A Long,5
chuot-khong-day-dareu-lm106g,Chuột Không dây DareU LM106G,MY VIET,5
chuot-khong-day-dareu-lm106g,Chuột Không dây DareU LM106G,Đặng Mai Hương,1
chuot-khong-day-dareu-lm106g,Chuột Không dây DareU LM106G,Anh Tiên,5
chuot-khong-day-dareu-lm106g,Chuột Không dây DareU LM106G,Trần Cường,5
chuot-khong-day-dareu-lm106g,Chuột Không dây DareU LM106G,Hà Thanh Sang,5
chuot-khong-day-dareu-lm106g,Chuột Không dây DareU LM106G,Vĩnh Thái,5
chuot-khong-day-dareu-lm106g,Chuột Không dây DareU LM106G,Thanh,5
chuot-khong-day-dareu-lm106g,Chuột Không dây DareU LM106G,Nguyễn Duy Khiêm,5
chuot-khong-day-dareu-lm106g,Chuột Không dây DareU LM106G,Ngô Công Cường,4
chuot-khong-day-dareu-lm106g,Chuột Không dây DareU LM106G,Trần Minh Đức,5
chuot-khong-day-dareu-lm106g,Chuột Không dây DareU LM106G,Đoàn,5
chuot-khong-day-dareu-lm106g,Chuột Không dây DareU LM106G,Việt,5
chuot-khong-day-dareu-lm106g,Chuột Không dây DareU LM106G,Tượng,3
chuot-khong-day-dareu-lm106g,Chuột Không dây DareU LM106G,Phương Anh,5
chuot-khong-day-dareu-lm106g,Chuột Không dây DareU LM106G,Tượng,5
chuot-khong-day-dareu-lm106g,Chuột Không dây DareU LM106G,Trần Hòa,5
chuot-khong-day-dareu-lm106g,Chuột Không dây DareU LM106G,Tran Thi Hai Vy,3
chuot-khong-day-dareu-lm106g,Chuột Không dây DareU LM106G,Anh Cuối,2
chuot-khong-day-dareu-lm106g,Chuột Không dây DareU LM106G,Nguyễn Văn Công,5
chuot-khong-day-dareu-lm106g,Chuột Không dây DareU LM106G,Quỳnh Ngân,5
chuot-khong-day-dareu-lm106g,Chuột Không dây DareU LM106G,Thạch Vi Sách,5
chuot-khong-day-dareu-lm106g,Chuột Không dây DareU LM106G,Lê Thị Thanh Thùy,5
chuot-khong-day-dareu-lm106g,Chuột Không dây DareU LM106G,Chị Phương,4
chuot-khong-day-dareu-lm106g,Chuột Không dây DareU LM106G,,5
chuot-khong-day-dareu-lm106g,Chuột Không dây DareU LM106G,Quỳnh,5
chuot-khong-day-dareu-lm106g,Chuột Không dây DareU LM106G,Nguyễn Minh Thái,5
chuot-khong-day-dareu-lm106g,Chuột Không dây DareU LM106G,Nguyễn Văn Dũng,4
chuot-khong-day-dareu-lm106g,Chuột Không dây DareU LM106G,Phượng Hà,5
chuot-khong-day-dareu-lm106g,Chuột Không dây DareU LM106G,Quốc Vũ,5
chuot-khong-day-dareu-lm106g,Chuột Không dây DareU LM106G,Viên Trí Cường,5
chuot-khong-day-dareu-lm106g,Chuột Không dây DareU LM106G,Lê Thị Hương,5
chuot-khong-day-dareu-lm106g,Chuột Không dây DareU LM106G,Hoàng Thị Thùy,4
chuot-khong-day-dareu-lm106g,Chuột Không dây DareU LM106G,Phạm Văn Hưng,4
chuot-khong-day-dareu-lm106g,Chuột Không dây DareU LM106G,Lê Quý Đôn,5
chuot-khong-day-dareu-lm106g,Chuột Không dây DareU LM106G,Nhung,5
chuot-khong-day-dareu-lm106g,Chuột Không dây DareU LM106G,Linh,5
chuot-khong-day-dareu-lm106g,Chuột Không dây DareU LM106G,Trần Lý Minh Thiện,4
chuot-khong-day-dareu-lm106g,Chuột Không dây DareU LM106G,Trinh,5
chuot-khong-day-dareu-lm106g,Chuột Không dây DareU LM106G,Hiền,5
chuot-khong-day-dareu-lm106g,Chuột Không dây DareU LM106G,Đỗ Thị Tú Hảo,5
chuot-khong-day-dareu-lm106g,Chuột Không dây DareU LM106G,Lê Trần Khánh Dư,5
chuot-khong-day-dareu-lm106g,Chuột Không dây DareU LM106G,PHẠM THANH THẢO,5
chuot-khong-day-dareu-lm106g,Chuột Không dây DareU LM106G,Nam Việt,5
chuot-khong-day-dareu-lm106g,Chuột Không dây DareU LM106G,Ngọc Diệp,5
chuot-khong-day-dareu-lm106g,Chuột Không dây DareU LM106G,Thái Thành Tâm,5
chuot-khong-day-dareu-lm106g,Chuột Không dây DareU LM106G,Nguyễn Hùng Vương,4
chuot-khong-day-dareu-lm106g,Chuột Không dây DareU LM106G,Vân,4
chuot-khong-day-dareu-lm106g,Chuột Không dây DareU LM106G,Ngọc,4
chuot-khong-day-dareu-lm106g,Chuột Không dây DareU LM106G,Thuỳ Linh,5
chuot-khong-day-dareu-lm106g,Chuột Không dây DareU LM106G,Khang,5
chuot-khong-day-dareu-lm106g,Chuột Không dây DareU LM106G,Y,5
chuot-khong-day-dareu-lm106g,Chuột Không dây DareU LM106G,Nhung,5
chuot-khong-day-dareu-lm106g,Chuột Không dây DareU LM106G,Kiên,4
chuot-khong-day-dareu-lm106g,Chuột Không dây DareU LM106G,Lê Thị Ngọc Thùy,5
chuot-khong-day-dareu-lm106g,Chuột Không dây DareU LM106G,Phạm Thanh Hậu,5
chuot-khong-day-dareu-lm106g,Chuột Không dây DareU LM106G,Minh Khuyến,5
chuot-khong-day-dareu-lm106g,Chuột Không dây DareU LM106G,177296 - Lê Ngọc Huỳnh Như,5
chuot-khong-day-dareu-lm106g,Chuột Không dây DareU LM106G,Lương Hương Giang,5
chuot-khong-day-dareu-lm106g,Chuột Không dây DareU LM106G,Lâm Thanh Việt,1
chuot-khong-day-dareu-lm106g,Chuột Không dây DareU LM106G,Chi Nhuần,5
chuot-khong-day-logitech-m170-den?utm_flashsale=1,Chuột Không dây Logitech M170,Trung Tô,2
chuot-khong-day-logitech-m170-den?utm_flashsale=1,Chuột Không dây Logitech M170,PHAN THIỆN THÀNH,4
chuot-khong-day-logitech-m170-den?utm_flashsale=1,Chuột Không dây Logitech M170,Khuất Văn Đăng,4
chuot-khong-day-logitech-m170-den?utm_flashsale=1,Chuột Không dây Logitech M170,Mỹ,3
chuot-khong-day-logitech-m170-den?utm_flashsale=1,Chuột Không dây Logitech M170,Nguyễn Văn Tùng,1
chuot-khong-day-logitech-m170-den?utm_flashsale=1,Chuột Không dây Logitech M170,Hiệp,5
chuot-khong-day-logitech-m170-den?utm_flashsale=1,Chuột Không dây Logitech M170,Trâm Anh,3
chuot-khong-day-logitech-m170-den?utm_flashsale=1,Chuột Không dây Logitech M170,Cao Hai,4
chuot-khong-day-logitech-m170-den?utm_flashsale=1,Chuột Không dây Logitech M170,Mai,5
chuot-khong-day-logitech-m170-den?utm_flashsale=1,Chuột Không dây Logitech M170,Vũ,1
chuot-khong-day-logitech-m170-den?utm_flashsale=1,Chuột Không dây Logitech M170,Vi,1
chuot-khong-day-logitech-m170-den?utm_flashsale=1,Chuột Không dây Logitech M170,Đinh Thành Lộc,5
chuot-khong-day-logitech-m170-den?utm_flashsale=1,Chuột Không dây Logitech M170,Vũ,4
chuot-khong-day-logitech-m170-den?utm_flashsale=1,Chuột Không dây Logitech M170,Lê Thị Kim Hoàng,5
chuot-khong-day-logitech-m170-den?utm_flashsale=1,Chuột Không dây Logitech M170,Ngô Thành Nhân,4
chuot-khong-day-logitech-m170-den?utm_flashsale=1,Chuột Không dây Logitech M170,Thống,5
chuot-khong-day-logitech-m170-den?utm_flashsale=1,Chuột Không dây Logitech M170,Viet,4
chuot-khong-day-logitech-m170-den?utm_flashsale=1,Chuột Không dây Logitech M170,Tra Văn Chinh,4
chuot-khong-day-logitech-m170-den?utm_flashsale=1,Chuột Không dây Logitech M170,Thịnh Phạm,5
chuot-khong-day-logitech-m170-den?utm_flashsale=1,Chuột Không dây Logitech M170,Mai Đình Đương,5
chuot-khong-day-logitech-m170-den?utm_flashsale=1,Chuột Không dây Logitech M170,Nguyễn Linh,5
chuot-khong-day-logitech-m170-den?utm_flashsale=1,Chuột Không dây Logitech M170,Nông Văn Thành,5
chuot-khong-day-logitech-m170-den?utm_flashsale=1,Chuột Không dây Logitech M170,CHỊ THỦY,4
chuot-khong-day-logitech-m170-den?utm_flashsale=1,Chuột Không dây Logitech M170,Chị Tươi,4
chuot-khong-day-logitech-m170-den?utm_flashsale=1,Chuột Không dây Logitech M170,Đặng Thị Lệ Thủy,5
chuot-khong-day-logitech-m170-den?utm_flashsale=1,Chuột Không dây Logitech M170,Nguyễn Thanh Hà,4
chuot-khong-day-logitech-m170-den?utm_flashsale=1,Chuột Không dây Logitech M170,Duong Phuong Nam,5
chuot-khong-day-logitech-m170-den?utm_flashsale=1,Chuột Không dây Logitech M170,Em Thu,3
chuot-khong-day-logitech-m170-den?utm_flashsale=1,Chuột Không dây Logitech M170,Quyền,5
chuot-khong-day-logitech-m170-den?utm_flashsale=1,Chuột Không dây Logitech M170,Phạm Thành Tâm,5
chuot-khong-day-logitech-m170-den?utm_flashsale=1,Chuột Không dây Logitech M170,Nguyễn Đăng Đức,4
chuot-khong-day-logitech-m170-den?utm_flashsale=1,Chuột Không dây Logitech M170,Nguyễn Thị Phương Thảo,3
chuot-khong-day-logitech-m170-den?utm_flashsale=1,Chuột Không dây Logitech M170,Thi,4
chuot-khong-day-logitech-m170-den?utm_flashsale=1,Chuột Không dây Logitech M170,Vũ Thành Nam,3
chuot-khong-day-logitech-m170-den?utm_flashsale=1,Chuột Không dây Logitech M170,Vũ Thành Nam,1
chuot-khong-day-logitech-m170-den?utm_flashsale=1,Chuột Không dây Logitech M170,Thảo,5
chuot-khong-day-logitech-m170-den?utm_flashsale=1,Chuột Không dây Logitech M170,Anh Thái,5
chuot-khong-day-logitech-m170-den?utm_flashsale=1,Chuột Không dây Logitech M170,Thuận,5
chuot-khong-day-logitech-m170-den?utm_flashsale=1,Chuột Không dây Logitech M170,Lê Duy Khánh,5
chuot-khong-day-logitech-m170-den?utm_flashsale=1,Chuột Không dây Logitech M170,Lâm,5
chuot-khong-day-logitech-m170-den?utm_flashsale=1,Chuột Không dây Logitech M170,Nguyễn Linh,5
chuot-khong-day-logitech-m170-den?utm_flashsale=1,Chuột Không dây Logitech M170,Nông Văn Thành,5
chuot-khong-day-logitech-m170-den?utm_flashsale=1,Chuột Không dây Logitech M170,CHỊ THỦY,4
chuot-khong-day-logitech-m170-den?utm_flashsale=1,Chuột Không dây Logitech M170,Chị Tươi,4
chuot-khong-day-logitech-m170-den?utm_flashsale=1,Chuột Không dây Logitech M170,Đặng Thị Lệ Thủy,5
chuot-khong-day-logitech-m170-den?utm_flashsale=1,Chuột Không dây Logitech M170,Nguyễn Thanh Hà,4
chuot-khong-day-logitech-m170-den?utm_flashsale=1,Chuột Không dây Logitech M170,Duong Phuong Nam,5
chuot-khong-day-logitech-m170-den?utm_flashsale=1,Chuột Không dây Logitech M170,Em Thu,3
chuot-khong-day-logitech-m170-den?utm_flashsale=1,Chuột Không dây Logitech M170,Quyền,5
chuot-khong-day-logitech-m170-den?utm_flashsale=1,Chuột Không dây Logitech M170,Phạm Thành Tâm,5
chuot-khong-day-logitech-m170-den?utm_flashsale=1,Chuột Không dây Logitech M170,Nguyễn Đăng Đức,4
chuot-khong-day-logitech-m170-den?utm_flashsale=1,Chuột Không dây Logitech M170,Nguyễn Thị Phương Thảo,3
chuot-khong-day-logitech-m170-den?utm_flashsale=1,Chuột Không dây Logitech M170,Thi,4
chuot-khong-day-logitech-m170-den?utm_flashsale=1,Chuột Không dây Logitech M170,Vũ Thành Nam,3
chuot-khong-day-logitech-m170-den?utm_flashsale=1,Chuột Không dây Logitech M170,Vũ Thành Nam,1
chuot-khong-day-logitech-m170-den?utm_flashsale=1,Chuột Không dây Logitech M170,Thảo,5
chuot-khong-day-logitech-m170-den?utm_flashsale=1,Chuột Không dây Logitech M170,Dũng,5
chuot-khong-day-logitech-m170-den?utm_flashsale=1,Chuột Không dây Logitech M170,Phạm Thị Yến Nhi,5
chuot-khong-day-logitech-m170-den?utm_flashsale=1,Chuột Không dây Logitech M170,TRAN THANH TAM,1
chuot-khong-day-logitech-m170-den?utm_flashsale=1,Chuột Không dây Logitech M170,Đặng Văn Huy,5
chuot-khong-day-logitech-m170-den?utm_flashsale=1,Chuột Không dây Logitech M170,Nguyễn Văn Thi,4
chuot-khong-day-logitech-m170-den?utm_flashsale=1,Chuột Không dây Logitech M170,Phạm Hữu Xuân Trường,5
chuot-khong-day-logitech-m170-den?utm_flashsale=1,Chuột Không dây Logitech M170,Trúc Linh,1
chuot-khong-day-logitech-m170-den?utm_flashsale=1,Chuột Không dây Logitech M170,Linh,4
chuot-khong-day-logitech-m170-den?utm_flashsale=1,Chuột Không dây Logitech M170,Cô Thơ,5
chuot-khong-day-logitech-m170-den?utm_flashsale=1,Chuột Không dây Logitech M170,Tuan,5
chuot-khong-day-logitech-m170-den?utm_flashsale=1,Chuột Không dây Logitech M170,Lê Minh Trí,5
chuot-khong-day-logitech-m170-den?utm_flashsale=1,Chuột Không dây Logitech M170,Lê Hoàng Thanh Trúc,3
chuot-khong-day-logitech-m170-den?utm_flashsale=1,Chuột Không dây Logitech M170,Dương,4
chuot-khong-day-logitech-m170-den?utm_flashsale=1,Chuột Không dây Logitech M170,Ngô Viết Trọng Quyền,5
chuot-khong-day-logitech-m170-den?utm_flashsale=1,Chuột Không dây Logitech M170,Quảng,4
chuot-khong-day-logitech-m170-den?utm_flashsale=1,Chuột Không dây Logitech M170,Nguyễn Hữu Đức,5
chuot-khong-day-logitech-m170-den?utm_flashsale=1,Chuột Không dây Logitech M170,Nguyễn Nhật Vũ,2
chuot-khong-day-logitech-m170-den?utm_flashsale=1,Chuột Không dây Logitech M170,Lê Ngọc Bình,5
chuot-khong-day-logitech-m170-den?utm_flashsale=1,Chuột Không dây Logitech M170,Huỳnh Loan,4
chuot-khong-day-logitech-m170-den?utm_flashsale=1,Chuột Không dây Logitech M170,Nguyễn Thanh Hoài,3
chuot-khong-day-logitech-m170-den?utm_flashsale=1,Chuột Không dây Logitech M170,Đô,5
chuot-khong-day-logitech-m170-den?utm_flashsale=1,Chuột Không dây Logitech M170,Việt Quế,4
chuot-khong-day-logitech-m170-den?utm_flashsale=1,Chuột Không dây Logitech M170,Võ Thị Yến Nhi,4
chuot-khong-day-logitech-m170-den?utm_flashsale=1,Chuột Không dây Logitech M170,Nhật Uyên,3
chuot-khong-day-logitech-m170-den?utm_flashsale=1,Chuột Không dây Logitech M170,Quỳnh Thư,5
chuot-khong-day-logitech-m170-den?utm_flashsale=1,Chuột Không dây Logitech M170,Nguyễn Hoàng Huy,3
chuot-khong-day-logitech-m170-den?utm_flashsale=1,Chuột Không dây Logitech M170,Lê Đình Tĩnh,5
chuot-khong-day-logitech-m170-den?utm_flashsale=1,Chuột Không dây Logitech M170,Huân,4
chuot-khong-day-logitech-m170-den?utm_flashsale=1,Chuột Không dây Logitech M170,Nguyễn Hữu Trọng,5
chuot-khong-day-logitech-m170-den?utm_flashsale=1,Chuột Không dây Logitech M170,Nguyễn Doãn Đại,5
chuot-khong-day-logitech-m170-den?utm_flashsale=1,Chuột Không dây Logitech M170,Quang Huy,5
chuot-khong-day-logitech-m170-den?utm_flashsale=1,Chuột Không dây Logitech M170,Trúc Nhi,4
chuot-khong-day-logitech-m170-den?utm_flashsale=1,Chuột Không dây Logitech M170,Nguyễn An Quốc Bảo,5
chuot-khong-day-logitech-m170-den?utm_flashsale=1,Chuột Không dây Logitech M170,Lê Yến Nhi,4
chuot-khong-day-logitech-m170-den?utm_flashsale=1,Chuột Không dây Logitech M170,Hường,4
chuot-khong-day-logitech-m170-den?utm_flashsale=1,Chuột Không dây Logitech M170,Nguyễn Trần Huy,5
chuot-khong-day-logitech-m170-den?utm_flashsale=1,Chuột Không dây Logitech M170,Thuận Nguyễn,4
chuot-khong-day-logitech-m170-den?utm_flashsale=1,Chuột Không dây Logitech M170,Lê Phúc,5
chuot-khong-day-logitech-m170-den?utm_flashsale=1,Chuột Không dây Logitech M170,Nguyễn Thị Loan,5
chuot-khong-day-logitech-m170-den?utm_flashsale=1,Chuột Không dây Logitech M170,Huyền,5
chuot-khong-day-logitech-m170-den?utm_flashsale=1,Chuột Không dây Logitech M170,Đô,5
chuot-khong-day-logitech-m170-den?utm_flashsale=1,Chuột Không dây Logitech M170,Việt Quế,4
chuot-khong-day-logitech-m170-den?utm_flashsale=1,Chuột Không dây Logitech M170,Võ Thị Yến Nhi,4
chuot-khong-day-logitech-m170-den?utm_flashsale=1,Chuột Không dây Logitech M170,Nhật Uyên,3
chuot-khong-day-logitech-m170-den?utm_flashsale=1,Chuột Không dây Logitech M170,Quỳnh Thư,5
chuot-khong-day-logitech-m170-den?utm_flashsale=1,Chuột Không dây Logitech M170,Nguyễn Hoàng Huy,3
chuot-khong-day-logitech-m170-den?utm_flashsale=1,Chuột Không dây Logitech M170,Lê Đình Tĩnh,5
chuot-khong-day-logitech-m170-den?utm_flashsale=1,Chuột Không dây Logitech M170,Huân,4
chuot-khong-day-logitech-m170-den?utm_flashsale=1,Chuột Không dây Logitech M170,Nguyễn Hữu Trọng,5
chuot-khong-day-logitech-m170-den?utm_flashsale=1,Chuột Không dây Logitech M170,Nguyễn Doãn Đại,5
chuot-khong-day-logitech-m170-den?utm_flashsale=1,Chuột Không dây Logitech M170,Quang Huy,5
chuot-khong-day-logitech-m170-den?utm_flashsale=1,Chuột Không dây Logitech M170,Trúc Nhi,4
chuot-khong-day-logitech-m170-den?utm_flashsale=1,Chuột Không dây Logitech M170,Nguyễn An Quốc Bảo,5
chuot-khong-day-logitech-m170-den?utm_flashsale=1,Chuột Không dây Logitech M170,Lê Yến Nhi,4
chuot-khong-day-logitech-m170-den?utm_flashsale=1,Chuột Không dây Logitech M170,Hường,4
chuot-khong-day-logitech-m170-den?utm_flashsale=1,Chuột Không dây Logitech M170,Nguyễn Trần Huy,5
chuot-khong-day-logitech-m170-den?utm_flashsale=1,Chuột Không dây Logitech M170,Thuận Nguyễn,4
chuot-khong-day-logitech-m170-den?utm_flashsale=1,Chuột Không dây Logitech M170,Lê Phúc,5
chuot-khong-day-logitech-m170-den?utm_flashsale=1,Chuột Không dây Logitech M170,Nguyễn Thị Loan,5
chuot-khong-day-logitech-m170-den?utm_flashsale=1,Chuột Không dây Logitech M170,Huyền,5
chuot-khong-day-logitech-m170-den?utm_flashsale=1,Chuột Không dây Logitech M170,Dương Đức Hiến,5
chuot-khong-day-logitech-m170-den?utm_flashsale=1,Chuột Không dây Logitech M170,Trungnguyen,4
chuot-khong-day-logitech-m170-den?utm_flashsale=1,Chuột Không dây Logitech M170,Nguyễn Thanh Tâm,4
chuot-khong-day-logitech-m170-den?utm_flashsale=1,Chuột Không dây Logitech M170,Bác Chương,5
chuot-khong-day-logitech-m170-den?utm_flashsale=1,Chuột Không dây Logitech M170,Hoài,5
chuot-khong-day-logitech-m170-den?utm_flashsale=1,Chuột Không dây Logitech M170,Nguyen Minh Trí,5
chuot-khong-day-logitech-m170-den?utm_flashsale=1,Chuột Không dây Logitech M170,Chị Lài,4
chuot-sac-bluetooth-rapoo-mt760-mini,Chuột sạc Bluetooth Rapoo MT760 Mini,Vinh,4
chuot-khong-day-silent-rapoo-b2s,Chuột Không dây Silent Rapoo B2S,Trang,4
chuot-khong-day-silent-rapoo-b2s,Chuột Không dây Silent Rapoo B2S,Long,5
chuot-khong-day-silent-rapoo-b2s,Chuột Không dây Silent Rapoo B2S,BaoChau,4
chuot-khong-day-silent-rapoo-b2s,Chuột Không dây Silent Rapoo B2S,NCT,5
chuot-khong-day-silent-rapoo-b2s,Chuột Không dây Silent Rapoo B2S,Trần Nhựt,4
chuot-khong-day-silent-rapoo-b2s,Chuột Không dây Silent Rapoo B2S,Trọng,4
chuot-khong-day-silent-rapoo-b2s,Chuột Không dây Silent Rapoo B2S,Ngân,4
chuot-khong-day-silent-rapoo-b2s,Chuột Không dây Silent Rapoo B2S,Oanh,5
chuot-khong-day-silent-rapoo-b2s,Chuột Không dây Silent Rapoo B2S,Trần Thị Hồng Hạnh,4
chuot-khong-day-silent-rapoo-b2s,Chuột Không dây Silent Rapoo B2S,Phúcc,4
chuot-khong-day-silent-rapoo-b2s,Chuột Không dây Silent Rapoo B2S,Trinh,4
chuot-khong-day-silent-rapoo-b2s,Chuột Không dây Silent Rapoo B2S,Trương,2
chuot-khong-day-silent-rapoo-b2s,Chuột Không dây Silent Rapoo B2S,Hue,3
chuot-khong-day-silent-rapoo-b2s,Chuột Không dây Silent Rapoo B2S,Nguyễn Văn Huy,4
chuot-khong-day-silent-rapoo-b2s,Chuột Không dây Silent Rapoo B2S,ĐỖ VĂN QUYỀN,4
chuot-khong-day-silent-rapoo-b2s,Chuột Không dây Silent Rapoo B2S,Chung,5
chuot-khong-day-silent-rapoo-b2s,Chuột Không dây Silent Rapoo B2S,Hằng,5
chuot-khong-day-silent-rapoo-b2s,Chuột Không dây Silent Rapoo B2S,Em Sơn,5
chuot-khong-day-silent-rapoo-b2s,Chuột Không dây Silent Rapoo B2S,Lê Hoàng Kim Anh,5
chuot-khong-day-silent-rapoo-b2s,Chuột Không dây Silent Rapoo B2S,Hồ Văn Lương,2
chuot-khong-day-silent-rapoo-b2s,Chuột Không dây Silent Rapoo B2S,Nguyễn Thị Anh Thư,2
chuot-khong-day-silent-rapoo-b2s,Chuột Không dây Silent Rapoo B2S,Kim Uyên,5
chuot-khong-day-silent-rapoo-b2s,Chuột Không dây Silent Rapoo B2S,Hồ Lưu Sơn,4
chuot-khong-day-silent-rapoo-b2s,Chuột Không dây Silent Rapoo B2S,Thọ,4
chuot-khong-day-silent-rapoo-b2s,Chuột Không dây Silent Rapoo B2S,Trần Thị Bích Hồng,5
chuot-khong-day-silent-rapoo-b2s,Chuột Không dây Silent Rapoo B2S,Trong Hieu,5
chuot-khong-day-silent-rapoo-b2s,Chuột Không dây Silent Rapoo B2S,NGUYỄN QUANG THẢO,5
chuot-khong-day-silent-rapoo-b2s,Chuột Không dây Silent Rapoo B2S,Nguyễn Tiến Long,4
chuot-khong-day-silent-rapoo-b2s,Chuột Không dây Silent Rapoo B2S,Tài,5
chuot-khong-day-silent-rapoo-b2s,Chuột Không dây Silent Rapoo B2S,Lê Thị Chi,5
chuot-khong-day-silent-rapoo-b2s,Chuột Không dây Silent Rapoo B2S,Truong Ngoc Quynh Nhi,5
chuot-khong-day-silent-rapoo-b2s,Chuột Không dây Silent Rapoo B2S,Nguyễn Đăng Khoa,5
chuot-khong-day-silent-rapoo-b2s,Chuột Không dây Silent Rapoo B2S,Nguyễn Đắc Vinh,4
chuot-khong-day-silent-rapoo-b2s,Chuột Không dây Silent Rapoo B2S,Đặng Thúy Quỳnh,5
chuot-khong-day-silent-rapoo-b2s,Chuột Không dây Silent Rapoo B2S,Nguyễn Huy Bảo,4
chuot-khong-day-silent-rapoo-b2s,Chuột Không dây Silent Rapoo B2S,Uông Xương Hưng,5
chuot-khong-day-silent-rapoo-b2s,Chuột Không dây Silent Rapoo B2S,Khang,5
chuot-khong-day-silent-rapoo-b2s,Chuột Không dây Silent Rapoo B2S,Lê Viết Dự,4
chuot-khong-day-silent-rapoo-b2s,Chuột Không dây Silent Rapoo B2S,Phương,5
chuot-khong-day-silent-rapoo-b2s,Chuột Không dây Silent Rapoo B2S,Nguyễn Nhân,5
chuot-khong-day-silent-rapoo-b2s,Chuột Không dây Silent Rapoo B2S,Chị Liên,5
chuot-khong-day-silent-rapoo-b2s,Chuột Không dây Silent Rapoo B2S,Phát,5
chuot-khong-day-silent-rapoo-b2s,Chuột Không dây Silent Rapoo B2S,Anh Huy,5
chuot-khong-day-silent-rapoo-b2s,Chuột Không dây Silent Rapoo B2S,Võ Nhật Linh,3
chuot-bluetooth-silent-logitech-mx-anywhere-3s,Chuột sạc Bluetooth Silent Logitech MX Anywhere 3s,Trung Huynh,5
chuot-bluetooth-silent-logitech-mx-anywhere-3s,Chuột sạc Bluetooth Silent Logitech MX Anywhere 3s,Anh Thắng,5
chuot-bluetooth-silent-logitech-m550l,Chuột Bluetooth Silent Logitech M550L,Trần Đức Việt Anh,5
chuot-bluetooth-silent-logitech-m550l,Chuột Bluetooth Silent Logitech M550L,Trần Ngọc Trình,1
chuot-bluetooth-silent-asus-marshmallow-md100,Chuột Bluetooth Silent Asus Marshmallow MD100,Nhơn,3
chuot-khong-day-gaming-logitech-g304,Chuột Không dây Gaming Logitech G304,Khải,4
chuot-khong-day-gaming-logitech-g304,Chuột Không dây Gaming Logitech G304,Trần Minh Tú,5
chuot-khong-day-gaming-logitech-g304,Chuột Không dây Gaming Logitech G304,Tuyên,3
chuot-khong-day-gaming-logitech-g304,Chuột Không dây Gaming Logitech G304,Huy,1
chuot-khong-day-gaming-logitech-g304,Chuột Không dây Gaming Logitech G304,Nhân,5
chuot-khong-day-gaming-logitech-g304,Chuột Không dây Gaming Logitech G304,Thanh Tùng,5
chuot-khong-day-gaming-logitech-g304,Chuột Không dây Gaming Logitech G304,Nguyễn Đức Hải,5
chuot-khong-day-gaming-logitech-g304,Chuột Không dây Gaming Logitech G304,Binh,4
chuot-sac-bluetooth-rapoo-mt760,Chuột sạc Bluetooth Rapoo MT760,Thân Văn Ngũ,2
chuot-sac-bluetooth-rapoo-mt760,Chuột sạc Bluetooth Rapoo MT760,Kỳ,1
chuot-gaming-logitech-g102-gen2-lightsync,Chuột Có dây Gaming Logitech G102 Gen2 Lightsync,Trần Nguyên Khang,5
chuot-gaming-logitech-g102-gen2-lightsync,Chuột Có dây Gaming Logitech G102 Gen2 Lightsync,Trần Quang Thiện,5
chuot-gaming-logitech-g102-gen2-lightsync,Chuột Có dây Gaming Logitech G102 Gen2 Lightsync,Phong,5
chuot-gaming-logitech-g102-gen2-lightsync,Chuột Có dây Gaming Logitech G102 Gen2 Lightsync,Hiền,2
chuot-gaming-logitech-g102-gen2-lightsync,Chuột Có dây Gaming Logitech G102 Gen2 Lightsync,Duy Kha,5
chuot-gaming-logitech-g102-gen2-lightsync,Chuột Có dây Gaming Logitech G102 Gen2 Lightsync,Cao,3
chuot-gaming-logitech-g102-gen2-lightsync,Chuột Có dây Gaming Logitech G102 Gen2 Lightsync,Phan,4
chuot-gaming-logitech-g102-gen2-lightsync,Chuột Có dây Gaming Logitech G102 Gen2 Lightsync,Công Ty TNHH Công Nghệ SKT,5
chuot-gaming-logitech-g102-gen2-lightsync,Chuột Có dây Gaming Logitech G102 Gen2 Lightsync,Nguyễn Hoàng Kỳ,4
chuot-gaming-logitech-g102-gen2-lightsync,Chuột Có dây Gaming Logitech G102 Gen2 Lightsync,Phan Thế Vinh,5
chuot-gaming-logitech-g102-gen2-lightsync,Chuột Có dây Gaming Logitech G102 Gen2 Lightsync,Hoàng Hà Khánh,5
chuot-gaming-logitech-g102-gen2-lightsync,Chuột Có dây Gaming Logitech G102 Gen2 Lightsync,Trịnh Xuân Hiên,5
chuot-gaming-logitech-g102-gen2-lightsync,Chuột Có dây Gaming Logitech G102 Gen2 Lightsync,Trần Quốc Lâm,4
chuot-gaming-logitech-g102-gen2-lightsync,Chuột Có dây Gaming Logitech G102 Gen2 Lightsync,Lê Ngọc Nam,5
chuot-gaming-logitech-g102-gen2-lightsync,Chuột Có dây Gaming Logitech G102 Gen2 Lightsync,Anh Pha,2
chuot-gaming-logitech-g102-gen2-lightsync,Chuột Có dây Gaming Logitech G102 Gen2 Lightsync,HUỲNH TẤN THỌ,5
chuot-gaming-logitech-g102-gen2-lightsync,Chuột Có dây Gaming Logitech G102 Gen2 Lightsync,Anh Tùng,1
chuot-gaming-logitech-g102-gen2-lightsync,Chuột Có dây Gaming Logitech G102 Gen2 Lightsync,Em Huy,5
chuot-gaming-logitech-g102-gen2-lightsync,Chuột Có dây Gaming Logitech G102 Gen2 Lightsync,Bùi Văn Anh,5
chuot-gaming-logitech-g102-gen2-lightsync,Chuột Có dây Gaming Logitech G102 Gen2 Lightsync,Nguyen Cong Ly,5
chuot-gaming-logitech-g102-gen2-lightsync,Chuột Có dây Gaming Logitech G102 Gen2 Lightsync,ĐỖ ANH HÀO,5
chuot-gaming-logitech-g102-gen2-lightsync,Chuột Có dây Gaming Logitech G102 Gen2 Lightsync,Lê Thành Luân,5
chuot-gaming-logitech-g102-gen2-lightsync,Chuột Có dây Gaming Logitech G102 Gen2 Lightsync,Triệu Thanh Luận,5
chuot-gaming-logitech-g102-gen2-lightsync,Chuột Có dây Gaming Logitech G102 Gen2 Lightsync,TRIỆU HOÀNG THÁI EM,5
chuot-gaming-logitech-g102-gen2-lightsync,Chuột Có dây Gaming Logitech G102 Gen2 Lightsync,Nguyễn Tuấn Hùng,5
chuot-gaming-logitech-g102-gen2-lightsync,Chuột Có dây Gaming Logitech G102 Gen2 Lightsync,Huỳnh Công Chánh,4
chuot-gaming-logitech-g102-gen2-lightsync,Chuột Có dây Gaming Logitech G102 Gen2 Lightsync,Đàng,5
chuot-gaming-logitech-g102-gen2-lightsync,Chuột Có dây Gaming Logitech G102 Gen2 Lightsync,Nguyễn Nhựt Tão,5
chuot-gaming-logitech-g102-gen2-lightsync,Chuột Có dây Gaming Logitech G102 Gen2 Lightsync,Doãn Văn Vương,5
chuot-gaming-logitech-g102-gen2-lightsync,Chuột Có dây Gaming Logitech G102 Gen2 Lightsync,Chị Quỳnh,5
chuot-gaming-logitech-g102-gen2-lightsync,Chuột Có dây Gaming Logitech G102 Gen2 Lightsync,Thìn,5
chuot-gaming-logitech-g102-gen2-lightsync,Chuột Có dây Gaming Logitech G102 Gen2 Lightsync,Phước,5
chuot-gaming-logitech-g102-gen2-lightsync,Chuột Có dây Gaming Logitech G102 Gen2 Lightsync,Khổng Văn Long,5
chuot-gaming-logitech-g102-gen2-lightsync,Chuột Có dây Gaming Logitech G102 Gen2 Lightsync,Trần Minh Tuyên,5
chuot-gaming-logitech-g102-gen2-lightsync,Chuột Có dây Gaming Logitech G102 Gen2 Lightsync,Anh Quyết,5
chuot-gaming-logitech-g102-gen2-lightsync,Chuột Có dây Gaming Logitech G102 Gen2 Lightsync,Nguyễn Chấn Phước,4
chuot-gaming-logitech-g102-gen2-lightsync,Chuột Có dây Gaming Logitech G102 Gen2 Lightsync,Hoàng Văn Thơ,4
chuot-gaming-logitech-g102-gen2-lightsync,Chuột Có dây Gaming Logitech G102 Gen2 Lightsync,Huê,5
chuot-gaming-logitech-g102-gen2-lightsync,Chuột Có dây Gaming Logitech G102 Gen2 Lightsync,Lê Văn Thịnh,5
chuot-gaming-logitech-g102-gen2-lightsync,Chuột Có dây Gaming Logitech G102 Gen2 Lightsync,Hồ Tấn Thành,5
chuot-gaming-logitech-g102-gen2-lightsync,Chuột Có dây Gaming Logitech G102 Gen2 Lightsync,Phan Thị Bích Ngọc,5
chuot-gaming-logitech-g102-gen2-lightsync,Chuột Có dây Gaming Logitech G102 Gen2 Lightsync,Anh Thọ,5
chuot-gaming-logitech-g102-gen2-lightsync,Chuột Có dây Gaming Logitech G102 Gen2 Lightsync,Hưng,5
chuot-gaming-logitech-g102-gen2-lightsync,Chuột Có dây Gaming Logitech G102 Gen2 Lightsync,Vy,4
chuot-gaming-logitech-g102-gen2-lightsync,Chuột Có dây Gaming Logitech G102 Gen2 Lightsync,Nguyễn Thanh Tùng,5
chuot-gaming-logitech-g102-gen2-lightsync,Chuột Có dây Gaming Logitech G102 Gen2 Lightsync,Em Đạt,4
chuot-gaming-logitech-g102-gen2-lightsync,Chuột Có dây Gaming Logitech G102 Gen2 Lightsync,Nghị,3
chuot-gaming-logitech-g102-gen2-lightsync,Chuột Có dây Gaming Logitech G102 Gen2 Lightsync,Trương Đức Kiên,2
chuot-gaming-logitech-g102-gen2-lightsync,Chuột Có dây Gaming Logitech G102 Gen2 Lightsync,Từ Minh Trực,5
chuot-gaming-logitech-g102-gen2-lightsync,Chuột Có dây Gaming Logitech G102 Gen2 Lightsync,Nguyen Duc Tai,5
chuot-gaming-logitech-g102-gen2-lightsync,Chuột Có dây Gaming Logitech G102 Gen2 Lightsync,Nguyen Doan Ngoc Tri,5
chuot-gaming-logitech-g102-gen2-lightsync,Chuột Có dây Gaming Logitech G102 Gen2 Lightsync,Trang,2
chuot-gaming-logitech-g102-gen2-lightsync,Chuột Có dây Gaming Logitech G102 Gen2 Lightsync,Thành Đạt,3
chuot-gaming-logitech-g102-gen2-lightsync,Chuột Có dây Gaming Logitech G102 Gen2 Lightsync,Lê Doãn Đức,5
chuot-gaming-logitech-g102-gen2-lightsync,Chuột Có dây Gaming Logitech G102 Gen2 Lightsync,Long Thị Ngọc Nương,4
chuot-gaming-logitech-g102-gen2-lightsync,Chuột Có dây Gaming Logitech G102 Gen2 Lightsync,Linh,5
chuot-gaming-logitech-g102-gen2-lightsync,Chuột Có dây Gaming Logitech G102 Gen2 Lightsync,Chị Diễm,4
chuot-gaming-logitech-g102-gen2-lightsync,Chuột Có dây Gaming Logitech G102 Gen2 Lightsync,Anh Ân,5
chuot-gaming-logitech-g102-gen2-lightsync,Chuột Có dây Gaming Logitech G102 Gen2 Lightsync,Tùng,4
chuot-gaming-logitech-g102-gen2-lightsync,Chuột Có dây Gaming Logitech G102 Gen2 Lightsync,Nguyễn Thanh Phúc,5
chuot-gaming-logitech-g102-gen2-lightsync,Chuột Có dây Gaming Logitech G102 Gen2 Lightsync,LÊ LONG XUYÊN,4
chuot-gaming-logitech-g102-gen2-lightsync,Chuột Có dây Gaming Logitech G102 Gen2 Lightsync,Dương Quốc Thái,5
chuot-gaming-logitech-g102-gen2-lightsync,Chuột Có dây Gaming Logitech G102 Gen2 Lightsync,Nguyễn Anh Tuấn,5
chuot-gaming-logitech-g102-gen2-lightsync,Chuột Có dây Gaming Logitech G102 Gen2 Lightsync,Trần Mai Ngọc Mạnh,4
chuot-gaming-logitech-g102-gen2-lightsync,Chuột Có dây Gaming Logitech G102 Gen2 Lightsync,Lương Thế Dương,5
chuot-gaming-logitech-g102-gen2-lightsync,Chuột Có dây Gaming Logitech G102 Gen2 Lightsync,Nguyễn Minh Tâm,5
chuot-gaming-logitech-g102-gen2-lightsync,Chuột Có dây Gaming Logitech G102 Gen2 Lightsync,Nguyễn Bá Quang Minh,5
chuot-gaming-logitech-g102-gen2-lightsync,Chuột Có dây Gaming Logitech G102 Gen2 Lightsync,Trần Minh Hoà,5
chuot-gaming-logitech-g102-gen2-lightsync,Chuột Có dây Gaming Logitech G102 Gen2 Lightsync,Đặng Thành Công,5
chuot-gaming-logitech-g102-gen2-lightsync,Chuột Có dây Gaming Logitech G102 Gen2 Lightsync,Chị Phương,5
chuot-gaming-logitech-g102-gen2-lightsync,Chuột Có dây Gaming Logitech G102 Gen2 Lightsync,Đinh Quân,5
chuot-gaming-logitech-g102-gen2-lightsync,Chuột Có dây Gaming Logitech G102 Gen2 Lightsync,Phạm Minh,5
chuot-gaming-logitech-g102-gen2-lightsync,Chuột Có dây Gaming Logitech G102 Gen2 Lightsync,Lê Thị Bích Vân,5
chuot-gaming-logitech-g102-gen2-lightsync,Chuột Có dây Gaming Logitech G102 Gen2 Lightsync,Nguyễn Hữu Đức,5
chuot-gaming-logitech-g102-gen2-lightsync,Chuột Có dây Gaming Logitech G102 Gen2 Lightsync,Phạm Đức Anh,5
chuot-gaming-logitech-g102-gen2-lightsync,Chuột Có dây Gaming Logitech G102 Gen2 Lightsync,Hà Văn Hiện,5
chuot-gaming-logitech-g102-gen2-lightsync,Chuột Có dây Gaming Logitech G102 Gen2 Lightsync,Phu Nguyen,5
chuot-gaming-logitech-g102-gen2-lightsync,Chuột Có dây Gaming Logitech G102 Gen2 Lightsync,Hồ Thành Tín,5
chuot-co-day-gaming-asus-tuf-m3-gen-ii,Chuột Có dây Gaming Asus TUF M3 Gen II,Thân,2
chuot-co-day-gaming-asus-tuf-m3-gen-ii,Chuột Có dây Gaming Asus TUF M3 Gen II,Ngô Quang Dương,5
chuot-co-day-gaming-asus-tuf-m3-gen-ii,Chuột Có dây Gaming Asus TUF M3 Gen II,N,5
chuot-co-day-gaming-asus-tuf-m3-gen-ii,Chuột Có dây Gaming Asus TUF M3 Gen II,Khôi,4
chuot-co-day-gaming-asus-tuf-m3-gen-ii,Chuột Có dây Gaming Asus TUF M3 Gen II,Tânpro,5
chuot-co-day-gaming-asus-tuf-m3-gen-ii,Chuột Có dây Gaming Asus TUF M3 Gen II,Tân,5
chuot-co-day-gaming-asus-tuf-m3-gen-ii,Chuột Có dây Gaming Asus TUF M3 Gen II,Anh,5
chuot-co-day-gaming-asus-tuf-m3-gen-ii,Chuột Có dây Gaming Asus TUF M3 Gen II,Huy,5
chuot-co-day-gaming-asus-tuf-m3-gen-ii,Chuột Có dây Gaming Asus TUF M3 Gen II,Tú,5
chuot-co-day-gaming-asus-tuf-m3-gen-ii,Chuột Có dây Gaming Asus TUF M3 Gen II,Nhật,5
chuot-co-day-gaming-asus-tuf-m3-gen-ii,Chuột Có dây Gaming Asus TUF M3 Gen II,Nguyễn Liên,3
chuot-co-day-gaming-asus-tuf-m3-gen-ii,Chuột Có dây Gaming Asus TUF M3 Gen II,Em Phong,5
chuot-co-day-gaming-asus-tuf-m3-gen-ii,Chuột Có dây Gaming Asus TUF M3 Gen II,Hùng,5
chuot-co-day-gaming-asus-tuf-m3-gen-ii,Chuột Có dây Gaming Asus TUF M3 Gen II,Hiền,5
chuot-khong-day-silent-logitech-m331,Chuột Không dây Silent Logitech M331,Nguyễn Mạnh Nhân,1
chuot-khong-day-silent-logitech-m331,Chuột Không dây Silent Logitech M331,Phan Thanh Phú,3
chuot-khong-day-silent-logitech-m331,Chuột Không dây Silent Logitech M331,Nguyễn Phúc Thưởng,3
chuot-khong-day-silent-logitech-m331,Chuột Không dây Silent Logitech M331,Vũ Đức Cảnh,1
chuot-khong-day-silent-logitech-m331,Chuột Không dây Silent Logitech M331,Trần Hoàng Giang,5
chuot-khong-day-silent-logitech-m331,Chuột Không dây Silent Logitech M331,Trần,3
chuot-khong-day-silent-logitech-m331,Chuột Không dây Silent Logitech M331,Linh,4
chuot-khong-day-silent-logitech-m331,Chuột Không dây Silent Logitech M331,Trần Trung Tín,3
chuot-khong-day-silent-logitech-m331,Chuột Không dây Silent Logitech M331,Hiền Nguyễn,1
chuot-khong-day-silent-logitech-m331,Chuột Không dây Silent Logitech M331,Tráng Phong,2
chuot-khong-day-silent-logitech-m331,Chuột Không dây Silent Logitech M331,Nguyễn Văn Chung,5
chuot-khong-day-silent-logitech-m331,Chuột Không dây Silent Logitech M331,Dương Chí Dũng,3
chuot-khong-day-silent-logitech-m331,Chuột Không dây Silent Logitech M331,Công,4
chuot-khong-day-silent-logitech-m331,Chuột Không dây Silent Logitech M331,Tuấn,5
chuot-khong-day-silent-logitech-m331,Chuột Không dây Silent Logitech M331,Hường,5
chuot-khong-day-silent-logitech-m331,Chuột Không dây Silent Logitech M331,Anh Giang,4
chuot-khong-day-silent-logitech-m331,Chuột Không dây Silent Logitech M331,Trần Minh Khôi,5
chuot-khong-day-silent-logitech-m331,Chuột Không dây Silent Logitech M331,Kiều,2
chuot-khong-day-silent-logitech-m331,Chuột Không dây Silent Logitech M331,Huỳnh Đức Tài,5
chuot-khong-day-silent-logitech-m331,Chuột Không dây Silent Logitech M331,Lương Hà Hải Đăng,5
chuot-khong-day-silent-logitech-m331,Chuột Không dây Silent Logitech M331,Trần Trọng Vũ,4
chuot-khong-day-silent-logitech-m331,Chuột Không dây Silent Logitech M331,Linh,5
chuot-khong-day-silent-logitech-m331,Chuột Không dây Silent Logitech M331,Đào,5
chuot-khong-day-silent-logitech-m331,Chuột Không dây Silent Logitech M331,Hưng,5
chuot-khong-day-silent-logitech-m331,Chuột Không dây Silent Logitech M331,Đợi,5
chuot-khong-day-silent-logitech-m331,Chuột Không dây Silent Logitech M331,PHAN VAN TOL,5
chuot-khong-day-silent-logitech-m331,Chuột Không dây Silent Logitech M331,PHAN VAN TOL,5
chuot-khong-day-silent-logitech-m331,Chuột Không dây Silent Logitech M331,LÊ THANH LIÊM,5
chuot-khong-day-silent-logitech-m331,Chuột Không dây Silent Logitech M331,Phan Bảo,5
chuot-khong-day-silent-logitech-m331,Chuột Không dây Silent Logitech M331,Nguyễn Việt Thành,5
chuot-khong-day-silent-logitech-m331,Chuột Không dây Silent Logitech M331,Chi,4
chuot-khong-day-silent-logitech-m331,Chuột Không dây Silent Logitech M331,Đinh Thái Lương,4
chuot-khong-day-silent-logitech-m331,Chuột Không dây Silent Logitech M331,Trịnh Ngọc Tân,3
chuot-khong-day-silent-logitech-m331,Chuột Không dây Silent Logitech M331,Lê Tú Anh,4
chuot-khong-day-silent-logitech-m331,Chuột Không dây Silent Logitech M331,Lê Hoàng Sơn,5
chuot-khong-day-silent-logitech-m331,Chuột Không dây Silent Logitech M331,Lê Minh Tùng,4
chuot-khong-day-silent-logitech-m331,Chuột Không dây Silent Logitech M331,Dương Bảo Toàn,5
chuot-khong-day-silent-logitech-m331,Chuột Không dây Silent Logitech M331,Võ Bách Tùng,5
chuot-khong-day-silent-logitech-m331,Chuột Không dây Silent Logitech M331,Trần Trung Hiếu,4
chuot-khong-day-silent-logitech-m331,Chuột Không dây Silent Logitech M331,Chị Huyền,5
chuot-khong-day-silent-logitech-m331,Chuột Không dây Silent Logitech M331,Nguyễn Văn Ngoan,5
chuot-khong-day-silent-logitech-m331,Chuột Không dây Silent Logitech M331,Lê Trung Hiếu,5
chuot-khong-day-silent-logitech-m331,Chuột Không dây Silent Logitech M331,Chau,5
chuot-khong-day-silent-logitech-m331,Chuột Không dây Silent Logitech M331,TRƯƠNG VĂN VŨ,5
chuot-khong-day-silent-logitech-m331,Chuột Không dây Silent Logitech M331,A Lương,4
chuot-khong-day-silent-logitech-m331,Chuột Không dây Silent Logitech M331,Nguyễn Thị Phương,5
chuot-khong-day-silent-logitech-m331,Chuột Không dây Silent Logitech M331,Huỳnh Thanh Phong,5
chuot-khong-day-silent-logitech-m331,Chuột Không dây Silent Logitech M331,Vy,5
chuot-khong-day-silent-logitech-m331,Chuột Không dây Silent Logitech M331,Pham Ngọc Dương,3
chuot-khong-day-silent-logitech-m331,Chuột Không dây Silent Logitech M331,Nguyễn Ngọc Minh Thư,3
chuot-khong-day-silent-logitech-m331,Chuột Không dây Silent Logitech M331,Tùng,5
chuot-khong-day-silent-logitech-m331,Chuột Không dây Silent Logitech M331,Em Hoàng,4
chuot-khong-day-silent-logitech-m331,Chuột Không dây Silent Logitech M331,Nguyễn Tấn Thành,5
chuot-khong-day-silent-logitech-m331,Chuột Không dây Silent Logitech M331,Trần Hữu Hạnh,5
chuot-khong-day-silent-logitech-m331,Chuột Không dây Silent Logitech M331,Nguyện,5
chuot-khong-day-silent-logitech-m331,Chuột Không dây Silent Logitech M331,Tran Quoc Toan,5
chuot-khong-day-silent-logitech-m331,Chuột Không dây Silent Logitech M331,La Quốc Hiệp,4
chuot-khong-day-silent-logitech-m331,Chuột Không dây Silent Logitech M331,Anh Khánh,5
chuot-khong-day-silent-logitech-m331,Chuột Không dây Silent Logitech M331,Thoa,5
chuot-khong-day-silent-logitech-m331,Chuột Không dây Silent Logitech M331,NGỌC,4
chuot-khong-day-silent-logitech-m331,Chuột Không dây Silent Logitech M331,Nguyễn Văn Ngoan,5
chuot-khong-day-silent-logitech-m331,Chuột Không dây Silent Logitech M331,Lê Trung Hiếu,5
chuot-khong-day-silent-logitech-m331,Chuột Không dây Silent Logitech M331,Chau,5
chuot-khong-day-silent-logitech-m331,Chuột Không dây Silent Logitech M331,TRƯƠNG VĂN VŨ,5
chuot-khong-day-silent-logitech-m331,Chuột Không dây Silent Logitech M331,A Lương,4
chuot-khong-day-silent-logitech-m331,Chuột Không dây Silent Logitech M331,Nguyễn Thị Phương,5
chuot-khong-day-silent-logitech-m331,Chuột Không dây Silent Logitech M331,Huỳnh Thanh Phong,5
chuot-co-day-silent-rapoo-n1200-den,Chuột Có dây Silent Rapoo N1200,Giang,1
chuot-co-day-silent-rapoo-n1200-den,Chuột Có dây Silent Rapoo N1200,Nguyễn Đình Duy,1
chuot-co-day-silent-rapoo-n1200-den,Chuột Có dây Silent Rapoo N1200,Thái Tường Vi,2
chuot-co-day-silent-rapoo-n1200-den,Chuột Có dây Silent Rapoo N1200,Hùng Cường,3
chuot-co-day-silent-rapoo-n1200-den,Chuột Có dây Silent Rapoo N1200,Huỳnh Minh Hồng Ngọc,4
chuot-co-day-silent-rapoo-n1200-den,Chuột Có dây Silent Rapoo N1200,Nguyễn Văn Tài,5
chuot-co-day-silent-rapoo-n1200-den,Chuột Có dây Silent Rapoo N1200,Nguyễn Hữu Bằng,5
chuot-co-day-silent-rapoo-n1200-den,Chuột Có dây Silent Rapoo N1200,Lộc,5
chuot-co-day-silent-rapoo-n1200-den,Chuột Có dây Silent Rapoo N1200,Võ Thành Trung,5
chuot-co-day-silent-rapoo-n1200-den,Chuột Có dây Silent Rapoo N1200,Chung,5
chuot-co-day-silent-rapoo-n1200-den,Chuột Có dây Silent Rapoo N1200,Chương,5
chuot-co-day-silent-rapoo-n1200-den,Chuột Có dây Silent Rapoo N1200,Trần Quốc Cường Em,5
chuot-co-day-silent-rapoo-n1200-den,Chuột Có dây Silent Rapoo N1200,Mai Trọng Nghĩa,5
chuot-co-day-silent-rapoo-n1200-den,Chuột Có dây Silent Rapoo N1200,CÔNG TY TRÁCH NHIỆM HỮU HẠN SẢN XUẤT THƯƠNG MẠI CÀ PHÊ NGUYÊN LONG,5
chuot-co-day-silent-rapoo-n1200-den,Chuột Có dây Silent Rapoo N1200,Lê Văn Trí,5
chuot-co-day-silent-rapoo-n1200-den,Chuột Có dây Silent Rapoo N1200,Chị Đức,4
chuot-co-day-silent-rapoo-n1200-den,Chuột Có dây Silent Rapoo N1200,Trần Ngô Thùy Dung,5
chuot-co-day-silent-rapoo-n1200-den,Chuột Có dây Silent Rapoo N1200,Chú Linh,5
chuot-co-day-silent-rapoo-n1200-den,Chuột Có dây Silent Rapoo N1200,Nguyễn Thị Hiền,5
chuot-co-day-silent-rapoo-n1200-den,Chuột Có dây Silent Rapoo N1200,Anh Minh,5
chuot-co-day-silent-rapoo-n1200-den,Chuột Có dây Silent Rapoo N1200,Cô Bảy,3
chuot-co-day-silent-rapoo-n1200-den,Chuột Có dây Silent Rapoo N1200,Nguyễn Phúc An Toàn,4
chuot-co-day-silent-rapoo-n1200-den,Chuột Có dây Silent Rapoo N1200,Han Tuan Anh,5
chuot-co-day-silent-rapoo-n1200-den,Chuột Có dây Silent Rapoo N1200,Vũ Trần Thiện Nhân,5
chuot-co-day-silent-rapoo-n1200-den,Chuột Có dây Silent Rapoo N1200,Phú,4
chuot-co-day-silent-rapoo-n1200-den,Chuột Có dây Silent Rapoo N1200,Nguyễn Đô Sil,5
chuot-co-day-silent-rapoo-n1200-den,Chuột Có dây Silent Rapoo N1200,Nguyễn Thành Đạt,5
chuot-co-day-silent-rapoo-n1200-den,Chuột Có dây Silent Rapoo N1200,Nguyễn Công Thuận,4
chuot-co-day-silent-rapoo-n1200-den,Chuột Có dây Silent Rapoo N1200,Võ Thị Kim Ngân,2
chuot-co-day-silent-rapoo-n1200-den,Chuột Có dây Silent Rapoo N1200,Anh Khang,3
chuot-co-day-silent-rapoo-n1200-den,Chuột Có dây Silent Rapoo N1200,Huyền,4
chuot-co-day-silent-rapoo-n1200-den,Chuột Có dây Silent Rapoo N1200,A Phước,3
chuot-co-day-silent-rapoo-n1200-den,Chuột Có dây Silent Rapoo N1200,NGUYỄN THỊ PHI YẾN,4
chuot-co-day-silent-rapoo-n1200-den,Chuột Có dây Silent Rapoo N1200,Trương Thái Chiến,5
chuot-co-day-silent-rapoo-n1200-den,Chuột Có dây Silent Rapoo N1200,Triệu Văn Tuyến,4
chuot-co-day-silent-rapoo-n1200-den,Chuột Có dây Silent Rapoo N1200,Dương Ngọc Thu,5
chuot-co-day-silent-rapoo-n1200-den,Chuột Có dây Silent Rapoo N1200,Anh Cầm,5
chuot-co-day-silent-rapoo-n1200-den,Chuột Có dây Silent Rapoo N1200,Lê Duyên,5
chuot-co-day-silent-rapoo-n1200-den,Chuột Có dây Silent Rapoo N1200,Nguyễn Anh Tú,5
chuot-co-day-silent-rapoo-n1200-den,Chuột Có dây Silent Rapoo N1200,Kim Phụng,4
chuot-co-day-silent-rapoo-n1200-den,Chuột Có dây Silent Rapoo N1200,Cô Bảy,3
chuot-co-day-silent-rapoo-n1200-den,Chuột Có dây Silent Rapoo N1200,Nguyễn Phúc An Toàn,4
chuot-co-day-silent-rapoo-n1200-den,Chuột Có dây Silent Rapoo N1200,Han Tuan Anh,5
chuot-co-day-silent-rapoo-n1200-den,Chuột Có dây Silent Rapoo N1200,Vũ Trần Thiện Nhân,5
chuot-co-day-silent-rapoo-n1200-den,Chuột Có dây Silent Rapoo N1200,Phú,4
chuot-co-day-silent-rapoo-n1200-den,Chuột Có dây Silent Rapoo N1200,Nguyễn Đô Sil,5
chuot-co-day-silent-rapoo-n1200-den,Chuột Có dây Silent Rapoo N1200,Nguyễn Thành Đạt,5
chuot-co-day-silent-rapoo-n1200-den,Chuột Có dây Silent Rapoo N1200,Nguyễn Công Thuận,4
chuot-co-day-silent-rapoo-n1200-den,Chuột Có dây Silent Rapoo N1200,Võ Thị Kim Ngân,2
chuot-co-day-silent-rapoo-n1200-den,Chuột Có dây Silent Rapoo N1200,Anh Khang,3
chuot-co-day-silent-rapoo-n1200-den,Chuột Có dây Silent Rapoo N1200,Huyền,4
chuot-co-day-silent-rapoo-n1200-den,Chuột Có dây Silent Rapoo N1200,Anh Tuyền,3
chuot-co-day-silent-rapoo-n1200-den,Chuột Có dây Silent Rapoo N1200,Lương Ngọc Yên,1
chuot-co-day-silent-rapoo-n1200-den,Chuột Có dây Silent Rapoo N1200,Nguyên Hà,5
chuot-co-day-silent-rapoo-n1200-den,Chuột Có dây Silent Rapoo N1200,Loan Võ,5
chuot-co-day-silent-rapoo-n1200-den,Chuột Có dây Silent Rapoo N1200,Phạm Trung Tín,3
chuot-co-day-silent-rapoo-n1200-den,Chuột Có dây Silent Rapoo N1200,Ngọc Hà,4
chuot-co-day-silent-rapoo-n1200-den,Chuột Có dây Silent Rapoo N1200,Chị Hạnh,4
chuot-co-day-silent-rapoo-n1200-den,Chuột Có dây Silent Rapoo N1200,Chú Huy,4
chuot-co-day-silent-rapoo-n1200-den,Chuột Có dây Silent Rapoo N1200,Chị Hảo,4
chuot-co-day-silent-rapoo-n1200-den,Chuột Có dây Silent Rapoo N1200,Chú Xuân,4
chuot-co-day-silent-rapoo-n1200-den,Chuột Có dây Silent Rapoo N1200,Sơn,5
chuot-co-day-silent-rapoo-n1200-den,Chuột Có dây Silent Rapoo N1200,Tống Đại Dũng,5
chuot-co-day-silent-rapoo-n1200-den,Chuột Có dây Silent Rapoo N1200,Nguyễn Mạnh Tứ,5
chuot-co-day-silent-rapoo-n1200-den,Chuột Có dây Silent Rapoo N1200,Trung,5
chuot-co-day-silent-rapoo-n1200-den,Chuột Có dây Silent Rapoo N1200,Lê Quang Ấn,4
chuot-co-day-silent-rapoo-n1200-den,Chuột Có dây Silent Rapoo N1200,Trần Nhật Quang,5
chuot-co-day-silent-rapoo-n1200-den,Chuột Có dây Silent Rapoo N1200,Nguyễn Văn Tặng,5
chuot-co-day-silent-rapoo-n1200-den,Chuột Có dây Silent Rapoo N1200,Huỳnh Gia Phong,4
chuot-co-day-silent-rapoo-n1200-den,Chuột Có dây Silent Rapoo N1200,Lê Công Chúc,4
chuot-co-day-silent-rapoo-n1200-den,Chuột Có dây Silent Rapoo N1200,Đặng Hạnh,3
chuot-co-day-silent-rapoo-n1200-den,Chuột Có dây Silent Rapoo N1200,Hoàng Lãnh Nam,5
chuot-co-day-silent-rapoo-n1200-den,Chuột Có dây Silent Rapoo N1200,Hồ Thị Quỳnh Như,4
chuot-co-day-silent-rapoo-n1200-den,Chuột Có dây Silent Rapoo N1200,Võ Bách Tùng,5
chuot-co-day-silent-rapoo-n1200-den,Chuột Có dây Silent Rapoo N1200,Đinh Huy Khang,1
chuot-co-day-silent-rapoo-n1200-den,Chuột Có dây Silent Rapoo N1200,Anh Toản,4
chuot-co-day-silent-rapoo-n1200-den,Chuột Có dây Silent Rapoo N1200,Bạch Văn Chương,5
chuot-co-day-silent-rapoo-n1200-den,Chuột Có dây Silent Rapoo N1200,Thao,5
chuot-co-day-silent-rapoo-n1200-den,Chuột Có dây Silent Rapoo N1200,Nguyễn Thanh Tân,5
chuot-co-day-silent-rapoo-n1200-den,Chuột Có dây Silent Rapoo N1200,Nguyễn Hữu Khoa,5
chuot-co-day-silent-rapoo-n1200-den,Chuột Có dây Silent Rapoo N1200,Như Ngọc,4
chuot-co-day-silent-rapoo-n1200-den,Chuột Có dây Silent Rapoo N1200,Nguyễn Văn Thế,5
chuot-co-day-silent-rapoo-n1200-den,Chuột Có dây Silent Rapoo N1200,A Vấn,5
chuot-co-day-silent-rapoo-n1200-den,Chuột Có dây Silent Rapoo N1200,Anh Phước,4
chuot-co-day-silent-rapoo-n1200-den,Chuột Có dây Silent Rapoo N1200,Lành Văn Hoá,5
chuot-co-day-silent-rapoo-n1200-den,Chuột Có dây Silent Rapoo N1200,Nguyễn Phong Vinh,5
chuot-co-day-silent-rapoo-n1200-den,Chuột Có dây Silent Rapoo N1200,Nguyễn Tấn Lực,5
chuot-co-day-silent-rapoo-n1200-den,Chuột Có dây Silent Rapoo N1200,Kim Dung,4
chuot-co-day-silent-rapoo-n1200-den,Chuột Có dây Silent Rapoo N1200,Tran Ngoc Nam,3
chuot-co-day-silent-rapoo-n1200-den,Chuột Có dây Silent Rapoo N1200,Nguyễn Hiếu,4
chuot-co-day-silent-rapoo-n1200-den,Chuột Có dây Silent Rapoo N1200,Phạm Khắc Thoại,5
chuot-co-day-silent-rapoo-n1200-den,Chuột Có dây Silent Rapoo N1200,Hoàng Lãnh Nam,5
chuot-co-day-silent-rapoo-n1200-den,Chuột Có dây Silent Rapoo N1200,Hồ Thị Quỳnh Như,4
chuot-co-day-silent-rapoo-n1200-den,Chuột Có dây Silent Rapoo N1200,Võ Bách Tùng,5
chuot-co-day-silent-rapoo-n1200-den,Chuột Có dây Silent Rapoo N1200,Đinh Huy Khang,1
chuot-co-day-silent-rapoo-n1200-den,Chuột Có dây Silent Rapoo N1200,Anh Toản,4
chuot-co-day-silent-rapoo-n1200-den,Chuột Có dây Silent Rapoo N1200,Bạch Văn Chương,5
chuot-co-day-silent-rapoo-n1200-den,Chuột Có dây Silent Rapoo N1200,Thao,5
chuot-co-day-silent-rapoo-n1200-den,Chuột Có dây Silent Rapoo N1200,Nguyễn Thanh Tân,5
chuot-co-day-silent-rapoo-n1200-den,Chuột Có dây Silent Rapoo N1200,Nguyễn Hữu Khoa,5
chuot-co-day-silent-rapoo-n1200-den,Chuột Có dây Silent Rapoo N1200,Như Ngọc,4
chuot-co-day-silent-rapoo-n1200-den,Chuột Có dây Silent Rapoo N1200,Nguyễn Văn Thế,5
chuot-co-day-silent-rapoo-n1200-den,Chuột Có dây Silent Rapoo N1200,A Vấn,5
chuot-co-day-silent-rapoo-n1200-den,Chuột Có dây Silent Rapoo N1200,Anh Phước,4
chuot-co-day-silent-rapoo-n1200-den,Chuột Có dây Silent Rapoo N1200,Lành Văn Hoá,5
chuot-co-day-silent-rapoo-n1200-den,Chuột Có dây Silent Rapoo N1200,Nguyễn Phong Vinh,5
chuot-co-day-silent-rapoo-n1200-den,Chuột Có dây Silent Rapoo N1200,Nguyễn Tấn Lực,5
chuot-co-day-silent-rapoo-n1200-den,Chuột Có dây Silent Rapoo N1200,Kim Dung,4
chuot-co-day-silent-rapoo-n1200-den,Chuột Có dây Silent Rapoo N1200,Tran Ngoc Nam,3
chuot-co-day-silent-rapoo-n1200-den,Chuột Có dây Silent Rapoo N1200,Nguyễn Hiếu,4
chuot-co-day-silent-rapoo-n1200-den,Chuột Có dây Silent Rapoo N1200,Phạm Khắc Thoại,5
chuot-co-day-silent-rapoo-n1200-den,Chuột Có dây Silent Rapoo N1200,Phạm Quốc Việt,4
chuot-co-day-silent-rapoo-n1200-den,Chuột Có dây Silent Rapoo N1200,Trần Thanh Thế,5
chuot-co-day-silent-rapoo-n1200-den,Chuột Có dây Silent Rapoo N1200,Nguyễn Hưng Thảo,5
chuot-co-day-silent-rapoo-n1200-den,Chuột Có dây Silent Rapoo N1200,Lê Thuỷ Ngân,4
chuot-co-day-silent-rapoo-n1200-den,Chuột Có dây Silent Rapoo N1200,Anh Dung,3
chuot-co-day-silent-rapoo-n1200-den,Chuột Có dây Silent Rapoo N1200,Lê Nhựt Trường,5
chuot-co-day-silent-rapoo-n1200-den,Chuột Có dây Silent Rapoo N1200,Bằng,5
chuot-co-day-silent-rapoo-n1200-den,Chuột Có dây Silent Rapoo N1200,Duy,5
chuot-co-day-silent-rapoo-n1200-den,Chuột Có dây Silent Rapoo N1200,A Vũ,5
chuot-co-day-silent-rapoo-n1200-den,Chuột Có dây Silent Rapoo N1200,Nguyễn Xuân Hậu,5
chuot-co-day-silent-rapoo-n1200-den,Chuột Có dây Silent Rapoo N1200,Bùi Huỳnh Mỹ Phương,1
chuot-co-day-silent-rapoo-n1200-den,Chuột Có dây Silent Rapoo N1200,Nguyễn Xuân Khương,5
chuot-co-day-silent-rapoo-n1200-den,Chuột Có dây Silent Rapoo N1200,Nam,1
chuot-co-day-silent-rapoo-n1200-den,Chuột Có dây Silent Rapoo N1200,Lê Tình,3
chuot-co-day-silent-rapoo-n1200-den,Chuột Có dây Silent Rapoo N1200,Nguyễn Thị Nhật Quyên,2
chuot-co-day-silent-rapoo-n1200-den,Chuột Có dây Silent Rapoo N1200,Đang,5
chuot-co-day-silent-rapoo-n1200-den,Chuột Có dây Silent Rapoo N1200,C Thắm,2
chuot-co-day-silent-rapoo-n1200-den,Chuột Có dây Silent Rapoo N1200,Nguyen Thi Thu Dung,3
chuot-co-day-silent-rapoo-n1200-den,Chuột Có dây Silent Rapoo N1200,Hải,3
chuot-co-day-silent-rapoo-n1200-den,Chuột Có dây Silent Rapoo N1200,Vu Bich Phượng,4
chuot-co-day-silent-rapoo-n1200-den,Chuột Có dây Silent Rapoo N1200,Nguyễn Duy Khoa,4
chuot-co-day-silent-rapoo-n1200-den,Chuột Có dây Silent Rapoo N1200,Lê Nguyễn Tấn Kiệt,4
chuot-co-day-silent-rapoo-n1200-den,Chuột Có dây Silent Rapoo N1200,Nguyễn Hữu Thành,5
chuot-co-day-silent-rapoo-n1200-den,Chuột Có dây Silent Rapoo N1200,Nguyễn Ngọc Huy,4
chuot-co-day-silent-rapoo-n1200-den,Chuột Có dây Silent Rapoo N1200,Nguyen Thi Ngoc Thuy,5
chuot-co-day-silent-rapoo-n1200-den,Chuột Có dây Silent Rapoo N1200,Nguyễn Thị Mộng Trinh,5
chuot-co-day-silent-rapoo-n1200-den,Chuột Có dây Silent Rapoo N1200,Nguyen Dac Liem,4
chuot-co-day-silent-rapoo-n1200-den,Chuột Có dây Silent Rapoo N1200,Cân Nhật Lan Anh,4
chuot-co-day-silent-rapoo-n1200-den,Chuột Có dây Silent Rapoo N1200,Danh Nhựt,4
chuot-co-day-silent-rapoo-n1200-den,Chuột Có dây Silent Rapoo N1200,Lê Văn Chín,5
chuot-co-day-silent-rapoo-n1200-den,Chuột Có dây Silent Rapoo N1200,Lê Chí Minh,5
chuot-co-day-silent-rapoo-n1200-den,Chuột Có dây Silent Rapoo N1200,Hoàng Phú,4
chuot-co-day-silent-rapoo-n1200-den,Chuột Có dây Silent Rapoo N1200,Chú Tuyến,4
chuot-co-day-silent-rapoo-n1200-den,Chuột Có dây Silent Rapoo N1200,Tuân,4
chuot-co-day-silent-rapoo-n1200-den,Chuột Có dây Silent Rapoo N1200,Chú Nam,4
chuot-co-day-silent-rapoo-n1200-den,Chuột Có dây Silent Rapoo N1200,Trần Phương Thảo,5
chuot-co-day-silent-rapoo-n1200-den,Chuột Có dây Silent Rapoo N1200,Ma Thiện,5
chuot-co-day-silent-rapoo-n1200-den,Chuột Có dây Silent Rapoo N1200,Chế Tâm,4
chuot-co-day-silent-rapoo-n1200-den,Chuột Có dây Silent Rapoo N1200,Phúc,5
chuot-co-day-silent-rapoo-n1200-den,Chuột Có dây Silent Rapoo N1200,Đoàn Thi Kim Thoa,5
chuot-co-day-silent-rapoo-n1200-den,Chuột Có dây Silent Rapoo N1200,Chú Dân,4
chuot-co-day-silent-rapoo-n1200-den,Chuột Có dây Silent Rapoo N1200,Trần Quang Dinh,5
chuot-co-day-silent-rapoo-n1200-den,Chuột Có dây Silent Rapoo N1200,Sỹ Nhã,4
chuot-co-day-silent-rapoo-n1200-den,Chuột Có dây Silent Rapoo N1200,Anh Thực,4
chuot-co-day-silent-rapoo-n1200-den,Chuột Có dây Silent Rapoo N1200,Lực,5
chuot-co-day-silent-rapoo-n1200-den,Chuột Có dây Silent Rapoo N1200,Đỗ Thị Thúy Hằng,4
chuot-co-day-silent-rapoo-n1200-den,Chuột Có dây Silent Rapoo N1200,Trịnh Vũ Đình Trường,5
chuot-co-day-silent-rapoo-n1200-den,Chuột Có dây Silent Rapoo N1200,Nguyễn Văn Duẫn,5
chuot-co-day-silent-rapoo-n1200-den,Chuột Có dây Silent Rapoo N1200,Mai Vi,5
chuot-co-day-silent-rapoo-n1200-den,Chuột Có dây Silent Rapoo N1200,Nguyễn Ngọc Dung,5
chuot-co-day-silent-rapoo-n1200-den,Chuột Có dây Silent Rapoo N1200,Thanh Quý,5
chuot-co-day-silent-rapoo-n1200-den,Chuột Có dây Silent Rapoo N1200,Bùi Thị Kim Liên,5
chuot-co-day-silent-rapoo-n1200-den,Chuột Có dây Silent Rapoo N1200,Cao Thị Phượng,4
chuot-co-day-silent-rapoo-n1200-den,Chuột Có dây Silent Rapoo N1200,Thanh,5
chuot-co-day-silent-rapoo-n1200-den,Chuột Có dây Silent Rapoo N1200,Phạm Trung Kiên,5
chuot-co-day-silent-rapoo-n1200-den,Chuột Có dây Silent Rapoo N1200,Hoàng Thiện,4
chuot-co-day-silent-rapoo-n1200-den,Chuột Có dây Silent Rapoo N1200,Thành,5
chuot-co-day-silent-rapoo-n1200-den,Chuột Có dây Silent Rapoo N1200,Anh Tùng,4
chuot-co-day-silent-rapoo-n1200-den,Chuột Có dây Silent Rapoo N1200,Minh Thanh,5
chuot-co-day-silent-rapoo-n1200-den,Chuột Có dây Silent Rapoo N1200,Nguyễn Thế Đức,5
chuot-co-day-gaming-logitech-g502-hero,Chuột Có dây Gaming Logitech G502 Hero,Nguyễn Văn Hòa,5
chuot-co-day-gaming-logitech-g502-hero,Chuột Có dây Gaming Logitech G502 Hero,Đỗ Sơn Hải,5
chuot-khong-day-logitech-m171?utm_flashsale=1,Chuột Không Dây Logitech M171,Ly,1
chuot-khong-day-logitech-m171?utm_flashsale=1,Chuột Không Dây Logitech M171,Bích Di,5
chuot-khong-day-logitech-m171?utm_flashsale=1,Chuột Không Dây Logitech M171,Hiền,1
chuot-khong-day-logitech-m171?utm_flashsale=1,Chuột Không Dây Logitech M171,Nguyễn Huỳnh Ngân,3
chuot-khong-day-logitech-m171?utm_flashsale=1,Chuột Không Dây Logitech M171,Trần Đông,5
chuot-khong-day-logitech-m171?utm_flashsale=1,Chuột Không Dây Logitech M171,Nhuần,2
chuot-khong-day-logitech-m171?utm_flashsale=1,Chuột Không Dây Logitech M171,Anh Hưng,4
chuot-khong-day-logitech-m171?utm_flashsale=1,Chuột Không Dây Logitech M171,Thanh Tuyền,4
chuot-khong-day-logitech-m171?utm_flashsale=1,Chuột Không Dây Logitech M171,Phạm Lê Quang Nam,4
chuot-khong-day-logitech-m171?utm_flashsale=1,Chuột Không Dây Logitech M171,Nguyễn Đình Muôn,5
chuot-khong-day-logitech-m171?utm_flashsale=1,Chuột Không Dây Logitech M171,Toàn,4
chuot-khong-day-logitech-m171?utm_flashsale=1,Chuột Không Dây Logitech M171,Lê Thị Ngọc Dung,5
chuot-khong-day-logitech-m171?utm_flashsale=1,Chuột Không Dây Logitech M171,Mãi,5
chuot-khong-day-logitech-m171?utm_flashsale=1,Chuột Không Dây Logitech M171,Nguyễn Xuân Thắm,5
chuot-khong-day-logitech-m171?utm_flashsale=1,Chuột Không Dây Logitech M171,Nguyet Lam,5
chuot-khong-day-logitech-m171?utm_flashsale=1,Chuột Không Dây Logitech M171,LOAN,5
chuot-khong-day-logitech-m171?utm_flashsale=1,Chuột Không Dây Logitech M171,Nguyễn Vinh,5
chuot-khong-day-logitech-m171?utm_flashsale=1,Chuột Không Dây Logitech M171,Linh,4
chuot-khong-day-logitech-m171?utm_flashsale=1,Chuột Không Dây Logitech M171,Anh Tíu,4
chuot-khong-day-logitech-m171?utm_flashsale=1,Chuột Không Dây Logitech M171,Cẩm Hương,5
chuot-khong-day-logitech-m171?utm_flashsale=1,Chuột Không Dây Logitech M171,Phương,5
chuot-khong-day-logitech-m171?utm_flashsale=1,Chuột Không Dây Logitech M171,Phạm Thị Trang,5
chuot-khong-day-logitech-m171?utm_flashsale=1,Chuột Không Dây Logitech M171,Chị Xuyến,5
chuot-khong-day-logitech-m171?utm_flashsale=1,Chuột Không Dây Logitech M171,Trần Văn Duẫn,5
chuot-khong-day-logitech-m171?utm_flashsale=1,Chuột Không Dây Logitech M171,Trần Thị Huyền,4
chuot-khong-day-logitech-m171?utm_flashsale=1,Chuột Không Dây Logitech M171,Việt,5
chuot-khong-day-logitech-m171?utm_flashsale=1,Chuột Không Dây Logitech M171,Ben,4
chuot-khong-day-logitech-m171?utm_flashsale=1,Chuột Không Dây Logitech M171,Nguyễn Văn Nguyên,4
chuot-khong-day-logitech-m171?utm_flashsale=1,Chuột Không Dây Logitech M171,Đặng Thị Phương Thúy,4
chuot-khong-day-logitech-m171?utm_flashsale=1,Chuột Không Dây Logitech M171,Hoài,5
chuot-khong-day-logitech-m171?utm_flashsale=1,Chuột Không Dây Logitech M171,Vân,4
chuot-khong-day-logitech-m171?utm_flashsale=1,Chuột Không Dây Logitech M171,Lan Hương,5
chuot-khong-day-logitech-m171?utm_flashsale=1,Chuột Không Dây Logitech M171,Phan Thanh Thuý,5
chuot-khong-day-logitech-m171?utm_flashsale=1,Chuột Không Dây Logitech M171,Lan Thi,4
chuot-khong-day-logitech-m171?utm_flashsale=1,Chuột Không Dây Logitech M171,Mai Thị Thanh Nhã,4
chuot-khong-day-logitech-m171?utm_flashsale=1,Chuột Không Dây Logitech M171,Trần Thị Hiền,5
chuot-khong-day-logitech-m171?utm_flashsale=1,Chuột Không Dây Logitech M171,Tiên,5
chuot-khong-day-logitech-m171?utm_flashsale=1,Chuột Không Dây Logitech M171,Trần Anh Thư,5
chuot-khong-day-logitech-m171?utm_flashsale=1,Chuột Không Dây Logitech M171,Chị Ngọc,5
chuot-khong-day-logitech-m171?utm_flashsale=1,Chuột Không Dây Logitech M171,Trúc,5
chuot-khong-day-logitech-m171?utm_flashsale=1,Chuột Không Dây Logitech M171,Phương,5
chuot-khong-day-logitech-m171?utm_flashsale=1,Chuột Không Dây Logitech M171,Phạm Thị Trang,5
chuot-khong-day-logitech-m171?utm_flashsale=1,Chuột Không Dây Logitech M171,Chị Xuyến,5
chuot-khong-day-logitech-m171?utm_flashsale=1,Chuột Không Dây Logitech M171,Trần Văn Duẫn,5
chuot-khong-day-logitech-m171?utm_flashsale=1,Chuột Không Dây Logitech M171,Trần Thị Huyền,4
chuot-khong-day-logitech-m171?utm_flashsale=1,Chuột Không Dây Logitech M171,Việt,5
chuot-khong-day-logitech-m171?utm_flashsale=1,Chuột Không Dây Logitech M171,Trúc Lan,5
chuot-khong-day-logitech-m185,Chuột Không dây Logitech M185,Đặng Thanh Bình,5
chuot-khong-day-logitech-m185,Chuột Không dây Logitech M185,Phương Anh,4
chuot-khong-day-logitech-m185,Chuột Không dây Logitech M185,Quach Van Du,5
chuot-khong-day-logitech-m185,Chuột Không dây Logitech M185,Nguyễn Quang Châu,3
chuot-khong-day-logitech-m185,Chuột Không dây Logitech M185,La Hoàng Giang,1
chuot-khong-day-logitech-m185,Chuột Không dây Logitech M185,Trần Hoàng Nhạc,4
chuot-khong-day-logitech-m185,Chuột Không dây Logitech M185,Hương,5
chuot-khong-day-logitech-m185,Chuột Không dây Logitech M185,Quí,5
chuot-khong-day-logitech-m185,Chuột Không dây Logitech M185,Vũ,3
chuot-khong-day-logitech-m185,Chuột Không dây Logitech M185,Phan Phạm Trí Ân,4
chuot-khong-day-logitech-m185,Chuột Không dây Logitech M185,TRẦN THANH LOAN,2
chuot-khong-day-logitech-m185,Chuột Không dây Logitech M185,Trần Ngọc Thành,5
chuot-khong-day-logitech-m185,Chuột Không dây Logitech M185,Anh Đông,5
chuot-khong-day-logitech-m185,Chuột Không dây Logitech M185,Bùi Tấn Mãi,4
chuot-khong-day-logitech-m185,Chuột Không dây Logitech M185,NGUYỄN THỤY PHƯƠNG UYÊN,5
chuot-khong-day-logitech-m185,Chuột Không dây Logitech M185,Vo Ngoc Minh,4
chuot-khong-day-logitech-m185,Chuột Không dây Logitech M185,Anh Thạo,4
chuot-khong-day-logitech-m185,Chuột Không dây Logitech M185,A Sang,5
chuot-khong-day-logitech-m185,Chuột Không dây Logitech M185,Sơn,5
chuot-khong-day-logitech-m185,Chuột Không dây Logitech M185,Dương,4
chuot-khong-day-logitech-m185,Chuột Không dây Logitech M185,Tran Thi Thom,4
chuot-khong-day-logitech-m185,Chuột Không dây Logitech M185,Nguyễn Trọng Quyết,5
chuot-khong-day-logitech-m185,Chuột Không dây Logitech M185,Chị Bảo Trân,4
chuot-khong-day-logitech-m185,Chuột Không dây Logitech M185,Hoàng,2
chuot-khong-day-logitech-m185,Chuột Không dây Logitech M185,Bùi Đình Lộng,5
chuot-khong-day-logitech-m185,Chuột Không dây Logitech M185,Đồng Thị Phương,5
chuot-khong-day-logitech-m185,Chuột Không dây Logitech M185,Thái,4
chuot-khong-day-logitech-m185,Chuột Không dây Logitech M185,Nguyen Tran Trieu Vi,3
chuot-khong-day-logitech-m185,Chuột Không dây Logitech M185,Anh Hùng,5
chuot-khong-day-logitech-m185,Chuột Không dây Logitech M185,Trúc Linh,5
chuot-khong-day-logitech-m185,Chuột Không dây Logitech M185,Bùi Quyền Anh,4
chuot-khong-day-logitech-m185,Chuột Không dây Logitech M185,Chị Tiên,5
chuot-khong-day-logitech-m185,Chuột Không dây Logitech M185,Quốc Trung,5
chuot-khong-day-logitech-m185,Chuột Không dây Logitech M185,Lê Văn Long,3
chuot-khong-day-logitech-m185,Chuột Không dây Logitech M185,Nhân,4
chuot-khong-day-logitech-m185,Chuột Không dây Logitech M185,Hữu,4
chuot-khong-day-logitech-m185,Chuột Không dây Logitech M185,Lê Hoàng Ngọc Tú,5
chuot-khong-day-logitech-m185,Chuột Không dây Logitech M185,Phạm Năm,5
chuot-khong-day-logitech-m185,Chuột Không dây Logitech M185,Tú,5
chuot-khong-day-logitech-m185,Chuột Không dây Logitech M185,Mai Thị Cẩm Tú,5
chuot-khong-day-logitech-m185,Chuột Không dây Logitech M185,Nhựt,5
chuot-khong-day-logitech-m185,Chuột Không dây Logitech M185,Huyền,1
chuot-khong-day-logitech-m185,Chuột Không dây Logitech M185,Anh Huy Ngôn,1
chuot-khong-day-logitech-m185,Chuột Không dây Logitech M185,Lê Tùng Quân,2
chuot-khong-day-logitech-m185,Chuột Không dây Logitech M185,ĐẶNG QUỐC VŨ,3
chuot-khong-day-logitech-m185,Chuột Không dây Logitech M185,Tran Thi Hoa,3
chuot-khong-day-logitech-m185,Chuột Không dây Logitech M185,Hưng,5
chuot-khong-day-logitech-m185,Chuột Không dây Logitech M185,Huynh Minh Xuan,5
chuot-khong-day-logitech-m185,Chuột Không dây Logitech M185,Đỗ Bình Dương,4
chuot-khong-day-logitech-m185,Chuột Không dây Logitech M185,Lâm Thuận Quang,5
chuot-khong-day-logitech-m185,Chuột Không dây Logitech M185,Ngô Văn Tòng,3
chuot-khong-day-logitech-m185,Chuột Không dây Logitech M185,Trần Xuân Bách,5
chuot-khong-day-logitech-m185,Chuột Không dây Logitech M185,LOAN,5
chuot-khong-day-logitech-m185,Chuột Không dây Logitech M185,Anh Hùng,5
chuot-khong-day-logitech-m185,Chuột Không dây Logitech M185,Đặng Hoàng Việt,3
chuot-khong-day-logitech-m185,Chuột Không dây Logitech M185,Thuý,5
chuot-khong-day-logitech-m185,Chuột Không dây Logitech M185,Lê Thị Yến Ngọc,3
chuot-khong-day-logitech-m185,Chuột Không dây Logitech M185,Lâm Thuận Quang,5
chuot-khong-day-logitech-m185,Chuột Không dây Logitech M185,Chú Doanh,5
chuot-khong-day-logitech-m185,Chuột Không dây Logitech M185,Cảnh,4
chuot-khong-day-logitech-m185,Chuột Không dây Logitech M185,Lê Tấn Phúc,5
chuot-khong-day-logitech-m185,Chuột Không dây Logitech M185,Hải,5
chuot-khong-day-logitech-m185,Chuột Không dây Logitech M185,Lê Hữu Hà,5
chuot-khong-day-logitech-m185,Chuột Không dây Logitech M185,Hiếu,5
chuot-khong-day-logitech-m185,Chuột Không dây Logitech M185,Duy,5
chuot-khong-day-logitech-m185,Chuột Không dây Logitech M185,Bùi Văn Tiến,5
chuot-khong-day-silent-zadez-m326?utm_flashsale=1,Chuột Không dây Silent Zadez M326,Thúy Hạnh,1
chuot-khong-day-silent-zadez-m326?utm_flashsale=1,Chuột Không dây Silent Zadez M326,Nguyễn Tản Hào,1
chuot-khong-day-silent-zadez-m326?utm_flashsale=1,Chuột Không dây Silent Zadez M326,Đạt Dz,1
chuot-khong-day-silent-zadez-m326?utm_flashsale=1,Chuột Không dây Silent Zadez M326,An,4
chuot-khong-day-silent-zadez-m326?utm_flashsale=1,Chuột Không dây Silent Zadez M326,Hùng,5
chuot-khong-day-silent-zadez-m326?utm_flashsale=1,Chuột Không dây Silent Zadez M326,Bùi Duy Hoàng,4
chuot-khong-day-silent-zadez-m326?utm_flashsale=1,Chuột Không dây Silent Zadez M326,Trang,5
chuot-khong-day-silent-zadez-m326?utm_flashsale=1,Chuột Không dây Silent Zadez M326,Bùi Duy Hoàng,5
chuot-khong-day-silent-zadez-m326?utm_flashsale=1,Chuột Không dây Silent Zadez M326,Phát,4
chuot-khong-day-silent-zadez-m326?utm_flashsale=1,Chuột Không dây Silent Zadez M326,Nguyễn Văn Quang,1
chuot-khong-day-silent-zadez-m326?utm_flashsale=1,Chuột Không dây Silent Zadez M326,Lê Khắc Thạch,5
chuot-khong-day-silent-zadez-m326?utm_flashsale=1,Chuột Không dây Silent Zadez M326,Chị Hạnh,5
chuot-khong-day-silent-zadez-m326?utm_flashsale=1,Chuột Không dây Silent Zadez M326,Tran Pham Minh Khue,5
chuot-khong-day-silent-zadez-m326?utm_flashsale=1,Chuột Không dây Silent Zadez M326,Lê Hồng Nhật,4
chuot-khong-day-silent-zadez-m326?utm_flashsale=1,Chuột Không dây Silent Zadez M326,Anh Toàn,5
chuot-khong-day-silent-zadez-m326?utm_flashsale=1,Chuột Không dây Silent Zadez M326,Trần Thanh Duy,4
chuot-khong-day-silent-zadez-m326?utm_flashsale=1,Chuột Không dây Silent Zadez M326,Thành,5
chuot-khong-day-silent-zadez-m326?utm_flashsale=1,Chuột Không dây Silent Zadez M326,Nguyễn Văn Đức,5
chuot-khong-day-silent-zadez-m326?utm_flashsale=1,Chuột Không dây Silent Zadez M326,Bùi Văn Duy,4
chuot-khong-day-silent-zadez-m326?utm_flashsale=1,Chuột Không dây Silent Zadez M326,Khoa,5
chuot-khong-day-silent-zadez-m326?utm_flashsale=1,Chuột Không dây Silent Zadez M326,Phong,3
chuot-khong-day-silent-zadez-m326?utm_flashsale=1,Chuột Không dây Silent Zadez M326,Nhan,4
chuot-khong-day-silent-zadez-m326?utm_flashsale=1,Chuột Không dây Silent Zadez M326,Trưởng,4
chuot-khong-day-silent-zadez-m326?utm_flashsale=1,Chuột Không dây Silent Zadez M326,Huy,4
chuot-khong-day-silent-zadez-m326?utm_flashsale=1,Chuột Không dây Silent Zadez M326,Trần Văn Chiến,4
chuot-khong-day-silent-zadez-m326?utm_flashsale=1,Chuột Không dây Silent Zadez M326,Anh Tùng,4
chuot-khong-day-silent-zadez-m326?utm_flashsale=1,Chuột Không dây Silent Zadez M326,Sang,5
chuot-khong-day-silent-zadez-m326?utm_flashsale=1,Chuột Không dây Silent Zadez M326,Nguyễn Thanh Hải,5
chuot-khong-day-silent-zadez-m326?utm_flashsale=1,Chuột Không dây Silent Zadez M326,Anh Huy,5
chuot-khong-day-silent-zadez-m326?utm_flashsale=1,Chuột Không dây Silent Zadez M326,Lê Hồng Nhật,4
chuot-khong-day-silent-zadez-m326?utm_flashsale=1,Chuột Không dây Silent Zadez M326,Nguyễn Lan,5
chuot-khong-day-silent-zadez-m326?utm_flashsale=1,Chuột Không dây Silent Zadez M326,Sang,5
chuot-khong-day-silent-zadez-m326?utm_flashsale=1,Chuột Không dây Silent Zadez M326,NGUYỄN VĂN TRUYỀN,4
chuot-khong-day-silent-zadez-m326?utm_flashsale=1,Chuột Không dây Silent Zadez M326,Anh Trọng,5
chuot-khong-day-silent-zadez-m326?utm_flashsale=1,Chuột Không dây Silent Zadez M326,Trang,4
chuot-khong-day-rapoo-m216-den,Chuột Không dây Rapoo M216,Dương Phúc,2
chuot-khong-day-rapoo-m216-den,Chuột Không dây Rapoo M216,Ni,3
chuot-khong-day-rapoo-m216-den,Chuột Không dây Rapoo M216,Bao,2
chuot-khong-day-rapoo-m216-den,Chuột Không dây Rapoo M216,Nguyễn Chương,5
chuot-khong-day-rapoo-m216-den,Chuột Không dây Rapoo M216,Bien,4
chuot-khong-day-rapoo-m216-den,Chuột Không dây Rapoo M216,Ngô Thiên Ân,2
chuot-khong-day-rapoo-m216-den,Chuột Không dây Rapoo M216,Nguyễn Hữu Gia Khiêm,1
chuot-khong-day-rapoo-m216-den,Chuột Không dây Rapoo M216,TRẦN QUANG MINH,5
chuot-khong-day-rapoo-m216-den,Chuột Không dây Rapoo M216,Em Phúc,3
chuot-khong-day-rapoo-m216-den,Chuột Không dây Rapoo M216,Lê Bùi Thái Nguyên,5
chuot-khong-day-rapoo-m216-den,Chuột Không dây Rapoo M216,NGUYỄN BÁ ĐỨC TRUNG,5
chuot-khong-day-rapoo-m216-den,Chuột Không dây Rapoo M216,Lường Văn Linh,5
chuot-khong-day-rapoo-m216-den,Chuột Không dây Rapoo M216,Phú,5
chuot-khong-day-rapoo-m216-den,Chuột Không dây Rapoo M216,TRẦN THỊ VÂN,5
chuot-khong-day-rapoo-m216-den,Chuột Không dây Rapoo M216,Cô Nga,5
chuot-khong-day-rapoo-m216-den,Chuột Không dây Rapoo M216,Đào Văn Tuân,4
chuot-khong-day-rapoo-m216-den,Chuột Không dây Rapoo M216,Chị Diệp,5
chuot-khong-day-rapoo-m216-den,Chuột Không dây Rapoo M216,Tân,5
chuot-khong-day-rapoo-m216-den,Chuột Không dây Rapoo M216,Anh Nam,1
chuot-khong-day-rapoo-m216-den,Chuột Không dây Rapoo M216,Nguyễn Thảo Nguyên,4
chuot-khong-day-rapoo-m216-den,Chuột Không dây Rapoo M216,IT TEST ĐỪNG GỌI ĐỪNG HỦY,2
chuot-khong-day-rapoo-m216-den,Chuột Không dây Rapoo M216,Phạm Thị Tú Trinh,1
chuot-khong-day-rapoo-m216-den,Chuột Không dây Rapoo M216,Phùng Chí Vũ,5
chuot-khong-day-rapoo-m216-den,Chuột Không dây Rapoo M216,Duy,5
chuot-khong-day-rapoo-m216-den,Chuột Không dây Rapoo M216,Nguyễn Văn Huyên,5
chuot-khong-day-rapoo-m216-den,Chuột Không dây Rapoo M216,Huy,2
chuot-khong-day-rapoo-m216-den,Chuột Không dây Rapoo M216,Cường,1
chuot-khong-day-rapoo-m216-den,Chuột Không dây Rapoo M216,Trần Ngọc Thắng,4
chuot-khong-day-rapoo-m216-den,Chuột Không dây Rapoo M216,Hoàn,5
chuot-khong-day-rapoo-m216-den,Chuột Không dây Rapoo M216,Hoàng Thị Thanh Bình,2
chuot-khong-day-rapoo-m216-den,Chuột Không dây Rapoo M216,Nguyễn Đức Hạnh,5
chuot-khong-day-rapoo-m216-den,Chuột Không dây Rapoo M216,Sơn,3
chuot-khong-day-rapoo-m216-den,Chuột Không dây Rapoo M216,Lê Thiều Long,5
chuot-khong-day-rapoo-m216-den,Chuột Không dây Rapoo M216,,2
chuot-khong-day-rapoo-m216-den,Chuột Không dây Rapoo M216,Du Đức Huy,5
chuot-khong-day-rapoo-m216-den,Chuột Không dây Rapoo M216,Anh Cường,5
chuot-khong-day-rapoo-m216-den,Chuột Không dây Rapoo M216,Cao Hoài Đức,4
chuot-khong-day-rapoo-m216-den,Chuột Không dây Rapoo M216,Chị Luyến,2
chuot-khong-day-rapoo-m216-den,Chuột Không dây Rapoo M216,Lê Văn Quý,5
chuot-khong-day-rapoo-m216-den,Chuột Không dây Rapoo M216,Nguyễn Tuấn,1
chuot-khong-day-rapoo-m216-den,Chuột Không dây Rapoo M216,IT TEST ĐỪNG GỌI ĐỪNG HỦY,2
chuot-khong-day-rapoo-m216-den,Chuột Không dây Rapoo M216,Phạm Thị Tú Trinh,1
chuot-khong-day-rapoo-m216-den,Chuột Không dây Rapoo M216,Phùng Chí Vũ,5
chuot-khong-day-rapoo-m216-den,Chuột Không dây Rapoo M216,Duy,5
chuot-khong-day-rapoo-m216-den,Chuột Không dây Rapoo M216,Nguyễn Văn Huyên,5
chuot-khong-day-rapoo-m216-den,Chuột Không dây Rapoo M216,Huy,2
chuot-khong-day-rapoo-m216-den,Chuột Không dây Rapoo M216,Cường,1
chuot-khong-day-rapoo-m216-den,Chuột Không dây Rapoo M216,Trần Ngọc Thắng,4
chuot-khong-day-rapoo-m216-den,Chuột Không dây Rapoo M216,Hoàn,5
chuot-khong-day-rapoo-m216-den,Chuột Không dây Rapoo M216,Hoàng Thị Thanh Bình,2
chuot-khong-day-rapoo-m216-den,Chuột Không dây Rapoo M216,Nguyễn Đức Hạnh,5
chuot-khong-day-rapoo-m216-den,Chuột Không dây Rapoo M216,Sơn,3
chuot-khong-day-rapoo-m216-den,Chuột Không dây Rapoo M216,Lê Thiều Long,5
chuot-khong-day-rapoo-m216-den,Chuột Không dây Rapoo M216,,2
chuot-khong-day-rapoo-m216-den,Chuột Không dây Rapoo M216,Du Đức Huy,5
chuot-khong-day-rapoo-m216-den,Chuột Không dây Rapoo M216,Anh Cường,5
chuot-khong-day-rapoo-m216-den,Chuột Không dây Rapoo M216,Cao Hoài Đức,4
chuot-khong-day-rapoo-m216-den,Chuột Không dây Rapoo M216,Chị Luyến,2
chuot-khong-day-rapoo-m216-den,Chuột Không dây Rapoo M216,Lê Văn Quý,5
chuot-khong-day-rapoo-m216-den,Chuột Không dây Rapoo M216,Nguyễn Tuấn,1
chuot-khong-day-rapoo-m216-den,Chuột Không dây Rapoo M216,Anh Long,5
chuot-khong-day-rapoo-m216-den,Chuột Không dây Rapoo M216,Dong,4
chuot-khong-day-rapoo-m216-den,Chuột Không dây Rapoo M216,Anh Việt Anh,5
chuot-khong-day-rapoo-m216-den,Chuột Không dây Rapoo M216,Anh Tiến,1
chuot-khong-day-rapoo-m216-den,Chuột Không dây Rapoo M216,Nhựt Linh,5
chuot-khong-day-rapoo-m216-den,Chuột Không dây Rapoo M216,Nguyễn Thành Đạt,5
chuot-khong-day-rapoo-m216-den,Chuột Không dây Rapoo M216,Nguyen Manh Truong,4
chuot-khong-day-rapoo-m216-den,Chuột Không dây Rapoo M216,Lê Ngọc Định,4
chuot-khong-day-rapoo-m216-den,Chuột Không dây Rapoo M216,Anh Xế,5
chuot-khong-day-rapoo-m216-den,Chuột Không dây Rapoo M216,Việt,4
chuot-khong-day-rapoo-m216-den,Chuột Không dây Rapoo M216,Chi Thùy,4
chuot-khong-day-rapoo-m216-den,Chuột Không dây Rapoo M216,Đào Quang Anh,1
chuot-khong-day-rapoo-m216-den,Chuột Không dây Rapoo M216,Nguyễn Huy Kiên,5
chuot-khong-day-rapoo-m216-den,Chuột Không dây Rapoo M216,Phong,5
chuot-khong-day-rapoo-m216-den,Chuột Không dây Rapoo M216,Chị Thúy,5
chuot-khong-day-rapoo-m216-den,Chuột Không dây Rapoo M216,Chi Kim,4
chuot-khong-day-rapoo-m216-den,Chuột Không dây Rapoo M216,Khang,5
chuot-khong-day-rapoo-m216-den,Chuột Không dây Rapoo M216,Chung,5
chuot-khong-day-rapoo-m216-den,Chuột Không dây Rapoo M216,Nguyễn Văn Hải,4
chuot-khong-day-rapoo-m216-den,Chuột Không dây Rapoo M216,A Thắng,5
chuot-khong-day-rapoo-m216-den,Chuột Không dây Rapoo M216,Nghi,5
chuot-khong-day-rapoo-m216-den,Chuột Không dây Rapoo M216,Chú Ngọc,4
chuot-khong-day-rapoo-m216-den,Chuột Không dây Rapoo M216,Anh Tuấn Anh,4
chuot-khong-day-rapoo-m216-den,Chuột Không dây Rapoo M216,Hoàng,5
chuot-khong-day-rapoo-m216-den,Chuột Không dây Rapoo M216,Linh,4
chuot-khong-day-rapoo-m216-den,Chuột Không dây Rapoo M216,Cô Lý,4
chuot-khong-day-rapoo-m216-den,Chuột Không dây Rapoo M216,Quỳnh,4
chuot-khong-day-rapoo-m216-den,Chuột Không dây Rapoo M216,Bằng,5
chuot-khong-day-rapoo-m216-den,Chuột Không dây Rapoo M216,Nguyễn Thị Ngọc Huỳnh,4
chuot-khong-day-rapoo-m216-den,Chuột Không dây Rapoo M216,Trường,5
chuot-khong-day-rapoo-m216-den,Chuột Không dây Rapoo M216,Anh Kiên,4
chuot-khong-day-rapoo-m216-den,Chuột Không dây Rapoo M216,Tùng,5
chuot-khong-day-rapoo-m216-den,Chuột Không dây Rapoo M216,Đoàn Ngọc Bình,4
chuot-khong-day-rapoo-m216-den,Chuột Không dây Rapoo M216,Đàm Quang Vinh,5
chuot-khong-day-rapoo-m216-den,Chuột Không dây Rapoo M216,Mạnh,5
chuot-khong-day-rapoo-m216-den,Chuột Không dây Rapoo M216,Chị Chung,5
chuot-khong-day-rapoo-m216-den,Chuột Không dây Rapoo M216,Chị Châm,3
chuot-khong-day-rapoo-m216-den,Chuột Không dây Rapoo M216,Nguyễn Thu Hương,5
chuot-khong-day-rapoo-m216-den,Chuột Không dây Rapoo M216,Chị Loan,5
chuot-khong-day-rapoo-m216-den,Chuột Không dây Rapoo M216,Anh Kha,3
chuot-khong-day-rapoo-m216-den,Chuột Không dây Rapoo M216,Nguyen Hoang Dung,4
chuot-khong-day-rapoo-m216-den,Chuột Không dây Rapoo M216,Nguyễn Thị Trang,4
chuot-khong-day-rapoo-m216-den,Chuột Không dây Rapoo M216,Chị Yến,5
chuot-khong-day-rapoo-m216-den,Chuột Không dây Rapoo M216,Khiêm,5
chuot-khong-day-rapoo-m216-den,Chuột Không dây Rapoo M216,Anh,5
chuot-khong-day-rapoo-m216-den,Chuột Không dây Rapoo M216,Chị Thư,5
chuot-khong-day-rapoo-m216-den,Chuột Không dây Rapoo M216,Phan Minh Hoàn,4
chuot-khong-day-rapoo-m216-den,Chuột Không dây Rapoo M216,Liệu,4
chuot-khong-day-rapoo-m216-den,Chuột Không dây Rapoo M216,Chị Thảo,4
chuot-khong-day-rapoo-m216-den,Chuột Không dây Rapoo M216,Chị Ngân,5
chuot-khong-day-rapoo-m216-den,Chuột Không dây Rapoo M216,A Thìn,4
chuot-khong-day-rapoo-m216-den,Chuột Không dây Rapoo M216,Anh Ngọc,5
chuot-khong-day-rapoo-m216-den,Chuột Không dây Rapoo M216,Anh Trung,5
chuot-khong-day-rapoo-m216-den,Chuột Không dây Rapoo M216,Phan Thi Tuyet Nhi,3
chuot-khong-day-rapoo-m216-den,Chuột Không dây Rapoo M216,Anh Hùng,5
chuot-khong-day-rapoo-m216-den,Chuột Không dây Rapoo M216,LÊ QUỐC HƯNG,5
chuot-khong-day-rapoo-m216-den,Chuột Không dây Rapoo M216,Phan Quốc Lợi,4
chuot-khong-day-rapoo-m216-den,Chuột Không dây Rapoo M216,Anh Minh,3
chuot-khong-day-rapoo-m216-den,Chuột Không dây Rapoo M216,Anh Đô,5
chuot-khong-day-rapoo-m216-den,Chuột Không dây Rapoo M216,Anh Lâm,4
chuot-khong-day-rapoo-m216-den,Chuột Không dây Rapoo M216,Bùi Ngọc Hoàng,5
chuot-khong-day-rapoo-m216-den,Chuột Không dây Rapoo M216,Võ Tấn Hoàng Phương,5
chuot-khong-day-rapoo-m216-den,Chuột Không dây Rapoo M216,Trần Minh Trung,4
chuot-khong-day-rapoo-m216-den,Chuột Không dây Rapoo M216,Anh Cường,5
chuot-khong-day-rapoo-m216-den,Chuột Không dây Rapoo M216,Phú An,5
chuot-khong-day-rapoo-m216-den,Chuột Không dây Rapoo M216,Cháu Vũ,5
chuot-khong-day-rapoo-m216-den,Chuột Không dây Rapoo M216,Chị Lan,5
chuot-khong-day-rapoo-m216-den,Chuột Không dây Rapoo M216,CHAU VAN SANG,5
chuot-khong-day-rapoo-m216-den,Chuột Không dây Rapoo M216,A Duy,5
chuot-khong-day-rapoo-m216-den,Chuột Không dây Rapoo M216,Hoàng Tuyến,5
chuot-khong-day-rapoo-m216-den,Chuột Không dây Rapoo M216,NGUYỄN THỊ SƠN,5
chuot-khong-day-rapoo-m216-den,Chuột Không dây Rapoo M216,HỒ THỊ MIÊU KIẾN LONG,5
chuot-khong-day-rapoo-m216-den,Chuột Không dây Rapoo M216,179128 - Trần Khắc Vinh,5
chuot-khong-day-rapoo-m216-den,Chuột Không dây Rapoo M216,Anh Phụng,3
chuot-khong-day-rapoo-m216-den,Chuột Không dây Rapoo M216,Anh Bảo,4
chuot-khong-day-rapoo-m216-den,Chuột Không dây Rapoo M216,Anh Sĩ,4
chuot-khong-day-rapoo-m216-den,Chuột Không dây Rapoo M216,Anh Tài,1
chuot-khong-day-rapoo-m216-den,Chuột Không dây Rapoo M216,Hiếu,3
chuot-khong-day-rapoo-m216-den,Chuột Không dây Rapoo M216,Anh Đáng,5
chuot-khong-day-rapoo-m216-den,Chuột Không dây Rapoo M216,Dương,5
chuot-khong-day-rapoo-m216-den,Chuột Không dây Rapoo M216,Bùi Ngọc Hoàng,5
chuot-khong-day-rapoo-m216-den,Chuột Không dây Rapoo M216,Võ Tấn Hoàng Phương,5
chuot-khong-day-rapoo-m216-den,Chuột Không dây Rapoo M216,Trần Minh Trung,4
chuot-khong-day-rapoo-m216-den,Chuột Không dây Rapoo M216,Anh Cường,5
chuot-khong-day-rapoo-m216-den,Chuột Không dây Rapoo M216,Phú An,5
chuot-khong-day-rapoo-m216-den,Chuột Không dây Rapoo M216,Cháu Vũ,5
chuot-khong-day-rapoo-m216-den,Chuột Không dây Rapoo M216,Chị Lan,5
chuot-khong-day-rapoo-m216-den,Chuột Không dây Rapoo M216,CHAU VAN SANG,5
chuot-khong-day-rapoo-m216-den,Chuột Không dây Rapoo M216,A Duy,5
chuot-khong-day-rapoo-m216-den,Chuột Không dây Rapoo M216,Hoàng Tuyến,5
chuot-khong-day-rapoo-m216-den,Chuột Không dây Rapoo M216,NGUYỄN THỊ SƠN,5
chuot-khong-day-rapoo-m216-den,Chuột Không dây Rapoo M216,HỒ THỊ MIÊU KIẾN LONG,5
chuot-khong-day-rapoo-m216-den,Chuột Không dây Rapoo M216,Thịnh,5
chuot-khong-day-rapoo-m216-den,Chuột Không dây Rapoo M216,Văn,5
chuot-khong-day-rapoo-m216-den,Chuột Không dây Rapoo M216,La Chi Du,5
chuot-khong-day-rapoo-m216-den,Chuột Không dây Rapoo M216,Lê Chí Hiếu,4
chuot-khong-day-rapoo-m216-den,Chuột Không dây Rapoo M216,Em Kim Chi,4
chuot-khong-day-rapoo-m216-den,Chuột Không dây Rapoo M216,Trần Hoàng Minh,5
chuot-khong-day-rapoo-m216-den,Chuột Không dây Rapoo M216,Chị Dương,4
chuot-khong-day-rapoo-m216-den,Chuột Không dây Rapoo M216,Nguyễn Xuân Tam,5
chuot-khong-day-rapoo-m216-den,Chuột Không dây Rapoo M216,Nguyễn Đức Trung,4
chuot-khong-day-rapoo-m216-den,Chuột Không dây Rapoo M216,Trịnh Ngọc Lê Thăng,5
chuot-khong-day-rapoo-m216-den,Chuột Không dây Rapoo M216,Trần Thế Dương,5
chuot-khong-day-rapoo-m216-den,Chuột Không dây Rapoo M216,Chị Huyền,5
chuot-khong-day-rapoo-m216-den,Chuột Không dây Rapoo M216,Phạm Thị Anh Thư,4
chuot-khong-day-rapoo-m216-den,Chuột Không dây Rapoo M216,Nguyễn Văn Lộc,5
chuot-khong-day-rapoo-m216-den,Chuột Không dây Rapoo M216,NGUYỄN THỊ XUÂN THỦY,3
chuot-khong-day-rapoo-m216-den,Chuột Không dây Rapoo M216,Chị Nga,5
chuot-khong-day-rapoo-m216-den,Chuột Không dây Rapoo M216,Anh Kỳ,4
chuot-khong-day-rapoo-m216-den,Chuột Không dây Rapoo M216,Hiền,5
chuot-khong-day-rapoo-m216-den,Chuột Không dây Rapoo M216,Ngọc,4
chuot-khong-day-rapoo-m216-den,Chuột Không dây Rapoo M216,Tấn,5
chuot-khong-day-rapoo-m216-den,Chuột Không dây Rapoo M216,Tuấn Anh,4
chuot-khong-day-rapoo-m216-den,Chuột Không dây Rapoo M216,Anh Trọng,5
chuot-khong-day-rapoo-m216-den,Chuột Không dây Rapoo M216,Lâm Thái Dương,5
chuot-khong-day-rapoo-m216-den,Chuột Không dây Rapoo M216,Anh Hùng,5
chuot-khong-day-rapoo-m216-den,Chuột Không dây Rapoo M216,Đặng Hà Ngọc Thắng,5
chuot-khong-day-rapoo-m216-den,Chuột Không dây Rapoo M216,Tuấn,4
chuot-khong-day-rapoo-m216-den,Chuột Không dây Rapoo M216,Chị Lan,4
chuot-khong-day-rapoo-m216-den,Chuột Không dây Rapoo M216,Chi Trang,4
chuot-khong-day-rapoo-m216-den,Chuột Không dây Rapoo M216,Tươi,5
chuot-khong-day-rapoo-m216-den,Chuột Không dây Rapoo M216,Hoa,2
chuot-khong-day-rapoo-m216-den,Chuột Không dây Rapoo M216,Anh Vũ,4
chuot-khong-day-rapoo-m216-den,Chuột Không dây Rapoo M216,Bùi Văn Bình,4
chuot-khong-day-rapoo-m216-den,Chuột Không dây Rapoo M216,Nguyễn Văn Toàn,5
chuot-khong-day-rapoo-m216-den,Chuột Không dây Rapoo M216,Chị Giang,5
chuot-khong-day-rapoo-m216-den,Chuột Không dây Rapoo M216,Nguyễn Nha Trang,5
chuot-khong-day-logitech-silent-signature-m650-size-m,Chuột Bluetooth Silent Logitech Signature M650,Hồng,1
chuot-khong-day-logitech-silent-signature-m650-size-m,Chuột Bluetooth Silent Logitech Signature M650,Như Thảo,5
chuot-khong-day-logitech-silent-signature-m650-size-m,Chuột Bluetooth Silent Logitech Signature M650,Nguyễn Đăng,4
chuot-khong-day-logitech-silent-signature-m650-size-m,Chuột Bluetooth Silent Logitech Signature M650,Nguyễn,2
chuot-khong-day-logitech-silent-signature-m650-size-m,Chuột Bluetooth Silent Logitech Signature M650,Chị Quyên,5
chuot-khong-day-logitech-silent-signature-m650-size-m,Chuột Bluetooth Silent Logitech Signature M650,Hiệp,5
chuot-khong-day-logitech-silent-signature-m650-size-m,Chuột Bluetooth Silent Logitech Signature M650,Nguyễn Thị Mai,5
chuot-khong-day-logitech-silent-signature-m650-size-m,Chuột Bluetooth Silent Logitech Signature M650,Anh Trung,3
chuot-khong-day-logitech-silent-signature-m650-size-m,Chuột Bluetooth Silent Logitech Signature M650,Nguyễn Hoàng Duy,5
chuot-khong-day-logitech-silent-signature-m650-size-m,Chuột Bluetooth Silent Logitech Signature M650,Nguyễn Phúc Minh Hương,5
chuot-khong-day-logitech-silent-signature-m650-size-m,Chuột Bluetooth Silent Logitech Signature M650,Nguyễn Vĩ Phát,5
chuot-khong-day-logitech-silent-signature-m650-size-m,Chuột Bluetooth Silent Logitech Signature M650,An Thu Thảo,5
chuot-khong-day-logitech-silent-signature-m650-size-m,Chuột Bluetooth Silent Logitech Signature M650,Đinh Thu Thịnh,5
chuot-khong-day-logitech-silent-signature-m650-size-m,Chuột Bluetooth Silent Logitech Signature M650,Phạm Minh Tài,5
chuot-khong-day-logitech-silent-signature-m650-size-m,Chuột Bluetooth Silent Logitech Signature M650,Gịp Tắc Sàu,4
chuot-khong-day-logitech-silent-signature-m650-size-m,Chuột Bluetooth Silent Logitech Signature M650,Hân,1
chuot-khong-day-logitech-silent-signature-m650-size-m,Chuột Bluetooth Silent Logitech Signature M650,Bùi Hoài Tâm,5
chuot-khong-day-logitech-silent-signature-m650-size-m,Chuột Bluetooth Silent Logitech Signature M650,NGUYỄN VĂN THUẬN,5
chuot-khong-day-logitech-silent-signature-m650-size-m,Chuột Bluetooth Silent Logitech Signature M650,Anh Hoàn,5
chuot-khong-day-logitech-silent-signature-m650-size-m,Chuột Bluetooth Silent Logitech Signature M650,Tran Van The,5
chuot-khong-day-logitech-silent-signature-m650-size-m,Chuột Bluetooth Silent Logitech Signature M650,Nam,5
chuot-khong-day-logitech-silent-signature-m650-size-m,Chuột Bluetooth Silent Logitech Signature M650,Nguyễn Quỳnh,5
chuot-khong-day-logitech-silent-signature-m650-size-m,Chuột Bluetooth Silent Logitech Signature M650,Đặng Trần Trung,4
chuot-khong-day-logitech-silent-signature-m650-size-m,Chuột Bluetooth Silent Logitech Signature M650,Chú Tuấn,5
chuot-khong-day-logitech-silent-signature-m650-size-m,Chuột Bluetooth Silent Logitech Signature M650,NGUYỄN HỒNG QUỐC,5
chuot-khong-day-logitech-silent-signature-m650-size-m,Chuột Bluetooth Silent Logitech Signature M650,Ngọc,5
chuot-khong-day-logitech-silent-signature-m650-size-m,Chuột Bluetooth Silent Logitech Signature M650,Anh Thảo,5
chuot-khong-day-logitech-silent-signature-m650-size-m,Chuột Bluetooth Silent Logitech Signature M650,Trình Ngọc Vũ,5
chuot-khong-day-logitech-silent-signature-m650-size-m,Chuột Bluetooth Silent Logitech Signature M650,Chi Pho Hai,5
chuot-khong-day-logitech-silent-signature-m650-size-m,Chuột Bluetooth Silent Logitech Signature M650,Lưu Quý Tài,4
chuot-khong-day-logitech-silent-signature-m650-size-m,Chuột Bluetooth Silent Logitech Signature M650,Phong,5
chuot-khong-day-logitech-silent-signature-m650-size-m,Chuột Bluetooth Silent Logitech Signature M650,Nguyen Hong Phong,5
chuot-khong-day-logitech-silent-signature-m650-size-m,Chuột Bluetooth Silent Logitech Signature M650,Phục,5
chuot-khong-day-logitech-silent-signature-m650-size-m,Chuột Bluetooth Silent Logitech Signature M650,Châu,5
chuot-khong-day-logitech-silent-signature-m650-size-m,Chuột Bluetooth Silent Logitech Signature M650,Chị Hảo,5
chuot-khong-day-logitech-silent-signature-m650-size-m,Chuột Bluetooth Silent Logitech Signature M650,Chị Tươi,5
chuot-khong-day-logitech-silent-signature-m650-size-m,Chuột Bluetooth Silent Logitech Signature M650,Châu,4
chuot-khong-day-logitech-silent-signature-m650-size-m,Chuột Bluetooth Silent Logitech Signature M650,Anh Minh,4
chuot-khong-day-logitech-silent-signature-m650-size-m,Chuột Bluetooth Silent Logitech Signature M650,Trung,4
chuot-khong-day-logitech-silent-signature-m650-size-m,Chuột Bluetooth Silent Logitech Signature M650,Lê Hải Nam,4
chuot-khong-day-logitech-silent-signature-m650-size-m,Chuột Bluetooth Silent Logitech Signature M650,Chị Tâm,5
chuot-khong-day-logitech-silent-signature-m650-size-m,Chuột Bluetooth Silent Logitech Signature M650,Luong The Viet,5
chuot-khong-day-logitech-silent-signature-m650-size-m,Chuột Bluetooth Silent Logitech Signature M650,Phạm Hồng Quân,5
chuot-khong-day-logitech-silent-signature-m650-size-m,Chuột Bluetooth Silent Logitech Signature M650,Nguyễn Văn Thiện,5
chuot-khong-day-logitech-silent-signature-m650-size-m,Chuột Bluetooth Silent Logitech Signature M650,NGUYỄN TRỌNG DUY,5
chuot-khong-day-logitech-silent-signature-m650-size-m,Chuột Bluetooth Silent Logitech Signature M650,Nguyễn Văn Quyền Lương,5
chuot-khong-day-logitech-silent-signature-m650-size-m,Chuột Bluetooth Silent Logitech Signature M650,Như,4
chuot-khong-day-logitech-silent-signature-m650-size-m,Chuột Bluetooth Silent Logitech Signature M650,Đào Văn Chung,5
chuot-khong-day-logitech-silent-signature-m650-size-m,Chuột Bluetooth Silent Logitech Signature M650,Lê Khánh Hưng,4
chuot-khong-day-logitech-silent-signature-m650-size-m,Chuột Bluetooth Silent Logitech Signature M650,Nguyễn Văn Ngoan,5
chuot-khong-day-logitech-silent-signature-m650-size-m,Chuột Bluetooth Silent Logitech Signature M650,Phan Dũng,4
chuot-khong-day-logitech-silent-signature-m650-size-m,Chuột Bluetooth Silent Logitech Signature M650,Nguyễn Nông Phú,5
chuot-khong-day-logitech-silent-signature-m650-size-m,Chuột Bluetooth Silent Logitech Signature M650,Phạm Ngọc Tuân,5
chuot-khong-day-logitech-silent-signature-m650-size-m,Chuột Bluetooth Silent Logitech Signature M650,Trần Ngọc Văn,5
chuot-khong-day-logitech-silent-signature-m650-size-m,Chuột Bluetooth Silent Logitech Signature M650,Doan Thanh Long,5
chuot-khong-day-logitech-silent-signature-m650-size-m,Chuột Bluetooth Silent Logitech Signature M650,Tạ Khánh,5
chuot-khong-day-logitech-silent-signature-m650-size-m,Chuột Bluetooth Silent Logitech Signature M650,Phú,5
chuot-khong-day-logitech-silent-signature-m650-size-m,Chuột Bluetooth Silent Logitech Signature M650,Luat,5
chuot-khong-day-logitech-silent-signature-m650-size-m,Chuột Bluetooth Silent Logitech Signature M650,Tín,5
chuot-khong-day-logitech-silent-signature-m650-size-m,Chuột Bluetooth Silent Logitech Signature M650,Giang,4
chuot-khong-day-logitech-silent-signature-m650-size-m,Chuột Bluetooth Silent Logitech Signature M650,Hồ Hoàng Thuỷ,4
chuot-khong-day-logitech-silent-signature-m650-size-m,Chuột Bluetooth Silent Logitech Signature M650,Anh Hiếu,4
chuot-khong-day-logitech-silent-signature-m650-size-m,Chuột Bluetooth Silent Logitech Signature M650,HUỲNH MINH LUÂN,4
chuot-khong-day-logitech-silent-signature-m650-size-m,Chuột Bluetooth Silent Logitech Signature M650,Anh Phát,5
chuot-khong-day-logitech-silent-signature-m650-size-m,Chuột Bluetooth Silent Logitech Signature M650,Nam,5
chuot-khong-day-logitech-silent-signature-m650-size-m,Chuột Bluetooth Silent Logitech Signature M650,Đỗ Mạnh Thắng,5
chuot-khong-day-logitech-silent-signature-m650-size-m,Chuột Bluetooth Silent Logitech Signature M650,Anh Lộc,5
chuot-khong-day-logitech-silent-signature-m650-size-m,Chuột Bluetooth Silent Logitech Signature M650,Lâm Thái Nhật Toàn,4
chuot-khong-day-logitech-silent-signature-m650-size-m,Chuột Bluetooth Silent Logitech Signature M650,Anh Huy,5
chuot-khong-day-logitech-silent-signature-m650-size-m,Chuột Bluetooth Silent Logitech Signature M650,Trần Thị Anh Thư,5
chuot-khong-day-logitech-silent-signature-m650-size-m,Chuột Bluetooth Silent Logitech Signature M650,Thá,5
chuot-khong-day-logitech-silent-signature-m650-size-m,Chuột Bluetooth Silent Logitech Signature M650,Phuong Nam,5
chuot-khong-day-logitech-silent-signature-m650-size-m,Chuột Bluetooth Silent Logitech Signature M650,Anh Du,4
chuot-khong-day-logitech-silent-signature-m650-size-m,Chuột Bluetooth Silent Logitech Signature M650,Anh Thịnh,5
chuot-khong-day-logitech-silent-signature-m650-size-m,Chuột Bluetooth Silent Logitech Signature M650,Chú Dũng,4
chuot-khong-day-logitech-silent-signature-m650-size-m,Chuột Bluetooth Silent Logitech Signature M650,Chung,5
chuot-khong-day-logitech-silent-signature-m650-size-m,Chuột Bluetooth Silent Logitech Signature M650,Phùng Tú Anh,5
chuot-khong-day-logitech-silent-signature-m650-size-m,Chuột Bluetooth Silent Logitech Signature M650,Võ Huỳnh Mỹ Ngọc,5
chuot-khong-day-logitech-silent-signature-m650-size-m,Chuột Bluetooth Silent Logitech Signature M650,Anh Tiến,5
chuot-khong-day-logitech-silent-signature-m650-size-m,Chuột Bluetooth Silent Logitech Signature M650,CHU THUỲ LINH,5
chuot-khong-day-logitech-silent-signature-m650-size-m,Chuột Bluetooth Silent Logitech Signature M650,Trần Huy,4
chuot-apple-magic-mouse-usb-c,Chuột Apple Magic Mouse USB C,Vĩ,3
chuot-khong-day-silent-ugreen-mu105?utm_flashsale=1,Chuột Không Dây Silent Ugreen MU105,Huệ,2
chuot-khong-day-silent-ugreen-mu105?utm_flashsale=1,Chuột Không Dây Silent Ugreen MU105,Quí,3
chuot-khong-day-silent-ugreen-mu105?utm_flashsale=1,Chuột Không Dây Silent Ugreen MU105,Nguyễn Duy Tân,5
chuot-khong-day-silent-ugreen-mu105?utm_flashsale=1,Chuột Không Dây Silent Ugreen MU105,T Lan,5
chuot-khong-day-silent-ugreen-mu105?utm_flashsale=1,Chuột Không Dây Silent Ugreen MU105,Ly,5
chuot-khong-day-silent-ugreen-mu105?utm_flashsale=1,Chuột Không Dây Silent Ugreen MU105,Đinh Hoàng Khánh,5
chuot-khong-day-silent-ugreen-mu105?utm_flashsale=1,Chuột Không Dây Silent Ugreen MU105,Hoàng Thị Như Ngọc,5
chuot-khong-day-silent-ugreen-mu105?utm_flashsale=1,Chuột Không Dây Silent Ugreen MU105,Chị Diệu,5
chuot-khong-day-silent-ugreen-mu105?utm_flashsale=1,Chuột Không Dây Silent Ugreen MU105,Hưng,5
chuot-khong-day-silent-ugreen-mu105?utm_flashsale=1,Chuột Không Dây Silent Ugreen MU105,Thu,5
chuot-khong-day-silent-ugreen-mu105?utm_flashsale=1,Chuột Không Dây Silent Ugreen MU105,Lê Loan,5
chuot-khong-day-silent-ugreen-mu105?utm_flashsale=1,Chuột Không Dây Silent Ugreen MU105,Thanh Tiết,5
chuot-bluetooth-silent-ugreen-mu001?utm_flashsale=1,Chuột Bluetooth Silent Ugreen MU001,Minh,1
chuot-bluetooth-silent-ugreen-mu001?utm_flashsale=1,Chuột Bluetooth Silent Ugreen MU001,Linh,3
chuot-bluetooth-silent-ugreen-mu001?utm_flashsale=1,Chuột Bluetooth Silent Ugreen MU001,Ngoãn,1
chuot-bluetooth-silent-ugreen-mu001?utm_flashsale=1,Chuột Bluetooth Silent Ugreen MU001,Diep,1
chuot-bluetooth-silent-ugreen-mu001?utm_flashsale=1,Chuột Bluetooth Silent Ugreen MU001,Lê Ngọc Quí,5
chuot-bluetooth-silent-ugreen-mu001?utm_flashsale=1,Chuột Bluetooth Silent Ugreen MU001,Phụng,3
chuot-bluetooth-silent-ugreen-mu001?utm_flashsale=1,Chuột Bluetooth Silent Ugreen MU001,Lê Nguyên,3
chuot-bluetooth-silent-ugreen-mu001?utm_flashsale=1,Chuột Bluetooth Silent Ugreen MU001,Đỗ Mạnh,5
chuot-bluetooth-silent-ugreen-mu001?utm_flashsale=1,Chuột Bluetooth Silent Ugreen MU001,Hiền,5
chuot-bluetooth-silent-ugreen-mu001?utm_flashsale=1,Chuột Bluetooth Silent Ugreen MU001,Lê Công Định,5
chuot-bluetooth-silent-ugreen-mu001?utm_flashsale=1,Chuột Bluetooth Silent Ugreen MU001,Trần Phước Tân,2
chuot-bluetooth-silent-ugreen-mu001?utm_flashsale=1,Chuột Bluetooth Silent Ugreen MU001,Nhân,5
chuot-bluetooth-silent-ugreen-mu001?utm_flashsale=1,Chuột Bluetooth Silent Ugreen MU001,Nguyễn Khang Duy,5
chuot-bluetooth-silent-ugreen-mu001?utm_flashsale=1,Chuột Bluetooth Silent Ugreen MU001,Vương Cẩm Thanh,5
chuot-bluetooth-silent-ugreen-mu001?utm_flashsale=1,Chuột Bluetooth Silent Ugreen MU001,Triệu Văn Liệu,4
chuot-khong-day-silent-ugreen-mu006?utm_flashsale=1,Chuột Không Dây Silent Ugreen MU006,Suong,2
chuot-khong-day-silent-ugreen-mu006?utm_flashsale=1,Chuột Không Dây Silent Ugreen MU006,Bảo Dương Quốc,5
chuot-khong-day-silent-ugreen-mu006?utm_flashsale=1,Chuột Không Dây Silent Ugreen MU006,Nhân,5
chuot-khong-day-silent-ugreen-mu006?utm_flashsale=1,Chuột Không Dây Silent Ugreen MU006,Nguyễn Hoàng Tuấn,3
chuot-khong-day-silent-ugreen-mu006?utm_flashsale=1,Chuột Không Dây Silent Ugreen MU006,Nguyễn Anh Thịnh,5
chuot-khong-day-silent-ugreen-mu006?utm_flashsale=1,Chuột Không Dây Silent Ugreen MU006,Lê Duy Khiêm,5
chuot-khong-day-silent-ugreen-mu006?utm_flashsale=1,Chuột Không Dây Silent Ugreen MU006,Hoài Bảo,5
chuot-khong-day-silent-ugreen-mu006?utm_flashsale=1,Chuột Không Dây Silent Ugreen MU006,Minh Sang,4
chuot-khong-day-silent-ugreen-mu006?utm_flashsale=1,Chuột Không Dây Silent Ugreen MU006,Ngân,5
chuot-khong-day-silent-ugreen-mu006?utm_flashsale=1,Chuột Không Dây Silent Ugreen MU006,Cao Huỳnh Trung,5
chuot-khong-day-silent-ugreen-mu006?utm_flashsale=1,Chuột Không Dây Silent Ugreen MU006,Nhật Quỳnh,5
chuot-khong-day-silent-ugreen-mu006?utm_flashsale=1,Chuột Không Dây Silent Ugreen MU006,Lê Hữu Quy,5
chuot-khong-day-silent-ugreen-mu006?utm_flashsale=1,Chuột Không Dây Silent Ugreen MU006,Khánh,5
chuot-khong-day-silent-ugreen-mu006?utm_flashsale=1,Chuột Không Dây Silent Ugreen MU006,Nhật Long,5
chuot-khong-day-silent-ugreen-mu006?utm_flashsale=1,Chuột Không Dây Silent Ugreen MU006,Quỳnh Trâm,5
chuot-khong-day-silent-ugreen-mu006?utm_flashsale=1,Chuột Không Dây Silent Ugreen MU006,Nguyễn Đức Trọng,4
chuot-khong-day-silent-ugreen-mu006?utm_flashsale=1,Chuột Không Dây Silent Ugreen MU006,Nguyễn Thị Bích Viên,5
chuot-khong-day-silent-ugreen-mu006?utm_flashsale=1,Chuột Không Dây Silent Ugreen MU006,Nguyễn Ngọc Vinh Tri,5
chuot-khong-day-silent-ugreen-mu006?utm_flashsale=1,Chuột Không Dây Silent Ugreen MU006,A Thuận,5
chuot-bluetooth-silent-ugreen-mu006?utm_flashsale=1,Chuột Bluetooth Silent Ugreen MU006,Dũng,1
chuot-bluetooth-silent-ugreen-mu006?utm_flashsale=1,Chuột Bluetooth Silent Ugreen MU006,Anh Bô Đây Nè,5
chuot-bluetooth-silent-ugreen-mu006?utm_flashsale=1,Chuột Bluetooth Silent Ugreen MU006,Phạm Ngọc Giang,5
chuot-bluetooth-silent-ugreen-mu006?utm_flashsale=1,Chuột Bluetooth Silent Ugreen MU006,Chị Hương,5
chuot-bluetooth-silent-ugreen-mu006?utm_flashsale=1,Chuột Bluetooth Silent Ugreen MU006,Phan Đình Vũ,5
chuot-bluetooth-silent-ugreen-mu006?utm_flashsale=1,Chuột Bluetooth Silent Ugreen MU006,Hoàng Minh Tuấn,5
chuot-bluetooth-silent-ugreen-mu006?utm_flashsale=1,Chuột Bluetooth Silent Ugreen MU006,Anh Quang,3
chuot-sac-bluetooth-silent-zadez-m382b?utm_flashsale=1,Chuột sạc Bluetooth Silent Zadez M382B,Nguyễn Linh,5
chuot-sac-bluetooth-silent-zadez-m382b?utm_flashsale=1,Chuột sạc Bluetooth Silent Zadez M382B,Hau Tran,3
chuot-sac-bluetooth-silent-zadez-m382b?utm_flashsale=1,Chuột sạc Bluetooth Silent Zadez M382B,Đinh Quang Minh,5
chuot-sac-bluetooth-silent-zadez-m382b?utm_flashsale=1,Chuột sạc Bluetooth Silent Zadez M382B,Vinh,5
chuot-sac-bluetooth-silent-zadez-m382b?utm_flashsale=1,Chuột sạc Bluetooth Silent Zadez M382B,Đoàn Ngọc Xuyên Trường,5
chuot-sac-bluetooth-silent-zadez-m382b?utm_flashsale=1,Chuột sạc Bluetooth Silent Zadez M382B,Anh Hải,5
chuot-sac-bluetooth-silent-zadez-m382b?utm_flashsale=1,Chuột sạc Bluetooth Silent Zadez M382B,Chị Hồng,5
chuot-sac-bluetooth-silent-zadez-m382b?utm_flashsale=1,Chuột sạc Bluetooth Silent Zadez M382B,Vân,4
chuot-sac-bluetooth-silent-zadez-m382b?utm_flashsale=1,Chuột sạc Bluetooth Silent Zadez M382B,Vinh,4
chuot-sac-bluetooth-silent-zadez-m382b?utm_flashsale=1,Chuột sạc Bluetooth Silent Zadez M382B,Phương Trúc,5
chuot-sac-bluetooth-silent-zadez-m382b?utm_flashsale=1,Chuột sạc Bluetooth Silent Zadez M382B,Tran Van Hai,5
chuot-sac-bluetooth-silent-zadez-m382b?utm_flashsale=1,Chuột sạc Bluetooth Silent Zadez M382B,Nguyễn Khoẻ,5
chuot-sac-bluetooth-silent-zadez-m382b?utm_flashsale=1,Chuột sạc Bluetooth Silent Zadez M382B,Lương Hữu Tâm,4
chuot-sac-bluetooth-silent-zadez-m382b?utm_flashsale=1,Chuột sạc Bluetooth Silent Zadez M382B,Anh Hoàng,4
chuot-sac-bluetooth-silent-zadez-m382b?utm_flashsale=1,Chuột sạc Bluetooth Silent Zadez M382B,Anh Hiếu,5
chuot-sac-bluetooth-silent-zadez-m382b?utm_flashsale=1,Chuột sạc Bluetooth Silent Zadez M382B,Nguyễn Thị Kim Hằng,5
chuot-sac-bluetooth-silent-zadez-m382b?utm_flashsale=1,Chuột sạc Bluetooth Silent Zadez M382B,Bùi Thanh Điền,4
chuot-sac-bluetooth-silent-zadez-m382b?utm_flashsale=1,Chuột sạc Bluetooth Silent Zadez M382B,Huyền,5
chuot-sac-bluetooth-silent-zadez-m382b?utm_flashsale=1,Chuột sạc Bluetooth Silent Zadez M382B,Đào Thị Vũ Ngọc Tuyền,5
chuot-sac-bluetooth-silent-zadez-m382b?utm_flashsale=1,Chuột sạc Bluetooth Silent Zadez M382B,Trịnh Thị Thùy Lan,4
chuot-sac-bluetooth-silent-zadez-m382b?utm_flashsale=1,Chuột sạc Bluetooth Silent Zadez M382B,Phạm Văn Toàn,5
chuot-sac-bluetooth-silent-zadez-m382b?utm_flashsale=1,Chuột sạc Bluetooth Silent Zadez M382B,Vũ Thị Phương Thùy,4
chuot-sac-bluetooth-silent-zadez-m382b?utm_flashsale=1,Chuột sạc Bluetooth Silent Zadez M382B,Lương Hữu Tâm,5
chuot-sac-bluetooth-silent-zadez-m382b?utm_flashsale=1,Chuột sạc Bluetooth Silent Zadez M382B,Ngô Tuấn Anh,4
chuot-gaming-zadez-g156m,Chuột Có dây Gaming Zadez G156M,Dat,5
chuot-gaming-zadez-g156m,Chuột Có dây Gaming Zadez G156M,Duc,3
chuot-gaming-zadez-g156m,Chuột Có dây Gaming Zadez G156M,An Giang,5
chuot-gaming-zadez-g156m,Chuột Có dây Gaming Zadez G156M,Yên,5
chuot-gaming-zadez-g156m,Chuột Có dây Gaming Zadez G156M,Trương Thị Ngọc Cẩm,5
chuot-gaming-zadez-g156m,Chuột Có dây Gaming Zadez G156M,Trần Vinh Sơn,5
chuot-gaming-zadez-g156m,Chuột Có dây Gaming Zadez G156M,Bùi Vạn Cường,5
chuot-gaming-zadez-g156m,Chuột Có dây Gaming Zadez G156M,Nguyễn Trường Toàn,5
chuot-gaming-zadez-g156m,Chuột Có dây Gaming Zadez G156M,Lê Thị Thu,5
chuot-gaming-zadez-g156m,Chuột Có dây Gaming Zadez G156M,Trương Quốc Luân,5
chuot-gaming-zadez-g156m,Chuột Có dây Gaming Zadez G156M,Linh Nguyễn,4
chuot-gaming-zadez-g156m,Chuột Có dây Gaming Zadez G156M,Anh Hữu,5
chuot-gaming-zadez-g156m,Chuột Có dây Gaming Zadez G156M,Huỳnh Thanh Tuấn,5
chuot-gaming-zadez-g156m,Chuột Có dây Gaming Zadez G156M,Trần Nguyễn Nhựt Nam,5
chuot-gaming-zadez-g156m,Chuột Có dây Gaming Zadez G156M,Anh Duy,5
chuot-gaming-zadez-g156m,Chuột Có dây Gaming Zadez G156M,Nguyễn Thành Trung,5
chuot-co-day-zadez-m213-den,Chuột Có dây Zadez M213,Đạt,3
chuot-co-day-zadez-m213-den,Chuột Có dây Zadez M213,Lê Khang,3
chuot-co-day-zadez-m213-den,Chuột Có dây Zadez M213,Bui Van Chung,5
chuot-co-day-zadez-m213-den,Chuột Có dây Zadez M213,Vũ Thị Thanh Thơm,5
chuot-co-day-zadez-m213-den,Chuột Có dây Zadez M213,Chị Hoàng Mai,3
chuot-co-day-zadez-m213-den,Chuột Có dây Zadez M213,Diễm My,5
chuot-co-day-zadez-m213-den,Chuột Có dây Zadez M213,Nguyễn Thị Bích Điểm,5
chuot-co-day-zadez-m213-den,Chuột Có dây Zadez M213,Hồ Quốc Trưởng,5
chuot-co-day-zadez-m213-den,Chuột Có dây Zadez M213,Kim Ngân,5
chuot-co-day-zadez-m213-den,Chuột Có dây Zadez M213,Lã Văn Tiến,5
chuot-co-day-zadez-m213-den,Chuột Có dây Zadez M213,Đỗ Tuấn Dũng,5
chuot-co-day-zadez-m213-den,Chuột Có dây Zadez M213,Bảo Giang,1
chuot-co-day-zadez-m213-den,Chuột Có dây Zadez M213,Định Thị Luỹ,4
chuot-co-day-zadez-m213-den,Chuột Có dây Zadez M213,Tường Vi Nguyễn Ngọc,2
chuot-co-day-zadez-m213-den,Chuột Có dây Zadez M213,Phương,5
chuot-co-day-zadez-m213-den,Chuột Có dây Zadez M213,Lê Trọng Duẩn,1
chuot-co-day-zadez-m213-den,Chuột Có dây Zadez M213,Chị Đồng,5
chuot-co-day-zadez-m213-den,Chuột Có dây Zadez M213,Nguyễn Văn Tuấn,4
chuot-co-day-zadez-m213-den,Chuột Có dây Zadez M213,Chị Tuyết,1
chuot-co-day-zadez-m213-den,Chuột Có dây Zadez M213,Minh Yến,5
chuot-co-day-zadez-m213-den,Chuột Có dây Zadez M213,Lê Thị Kim Quyên,5
chuot-co-day-zadez-m213-den,Chuột Có dây Zadez M213,Nguyễn Hoàng Sơn,4
chuot-co-day-zadez-m213-den,Chuột Có dây Zadez M213,Anh Cầm,5
chuot-co-day-zadez-m213-den,Chuột Có dây Zadez M213,Nguyễn Tuấn Hùng,2
chuot-co-day-zadez-m213-den,Chuột Có dây Zadez M213,TRƯƠNG NHẬT LINH,4
chuot-co-day-zadez-m213-den,Chuột Có dây Zadez M213,Bùi Mai,5
chuot-co-day-zadez-m213-den,Chuột Có dây Zadez M213,Chị Hảo,4
chuot-co-day-zadez-m213-den,Chuột Có dây Zadez M213,Tố Như,4
chuot-co-day-zadez-m213-den,Chuột Có dây Zadez M213,Trang,5
chuot-co-day-zadez-m213-den,Chuột Có dây Zadez M213,Kim Thoa,5
chuot-co-day-zadez-m213-den,Chuột Có dây Zadez M213,Chị Trang,4
chuot-co-day-zadez-m213-den,Chuột Có dây Zadez M213,Quỳnh,3
chuot-co-day-zadez-m213-den,Chuột Có dây Zadez M213,Nam,5
chuot-co-day-zadez-m213-den,Chuột Có dây Zadez M213,Khai,5
chuot-co-day-zadez-m213-den,Chuột Có dây Zadez M213,Chị Tuyền,4
chuot-co-day-zadez-m213-den,Chuột Có dây Zadez M213,Chị Thúy,1
chuot-co-day-zadez-m213-den,Chuột Có dây Zadez M213,Minh Anh,4
chuot-co-day-zadez-m213-den,Chuột Có dây Zadez M213,Phạm Hoa Mai,4
chuot-co-day-zadez-m213-den,Chuột Có dây Zadez M213,Nguyễn Lưu Tuyền,3
chuot-co-day-zadez-m213-den,Chuột Có dây Zadez M213,Võ Lâm Trường,4
chuot-co-day-zadez-m213-den,Chuột Có dây Zadez M213,Lê Thị Kim Quyên,5
chuot-co-day-zadez-m213-den,Chuột Có dây Zadez M213,Nguyễn Hoàng Sơn,4
chuot-co-day-zadez-m213-den,Chuột Có dây Zadez M213,Anh Cầm,5
chuot-co-day-zadez-m213-den,Chuột Có dây Zadez M213,Nguyễn Tuấn Hùng,2
chuot-co-day-zadez-m213-den,Chuột Có dây Zadez M213,TRƯƠNG NHẬT LINH,4
chuot-co-day-zadez-m213-den,Chuột Có dây Zadez M213,Bùi Mai,5
chuot-co-day-zadez-m213-den,Chuột Có dây Zadez M213,Chị Hảo,4
chuot-co-day-zadez-m213-den,Chuột Có dây Zadez M213,Tố Như,4
chuot-co-day-zadez-m213-den,Chuột Có dây Zadez M213,Trang,5
chuot-co-day-zadez-m213-den,Chuột Có dây Zadez M213,Kim Thoa,5
chuot-co-day-zadez-m213-den,Chuột Có dây Zadez M213,Huy,5
chuot-co-day-zadez-m213-den,Chuột Có dây Zadez M213,Minh Hoàng,5
chuot-co-day-zadez-m213-den,Chuột Có dây Zadez M213,Cô Oanh,4
chuot-co-day-zadez-m213-den,Chuột Có dây Zadez M213,Anh Tuấn,2
chuot-co-day-zadez-m213-den,Chuột Có dây Zadez M213,Trần Văn Hoà,5
chuot-co-day-zadez-m213-den,Chuột Có dây Zadez M213,Đoàn Thị Ngọc,4
chuot-co-day-zadez-m213-den,Chuột Có dây Zadez M213,LƯƠNG MINH NHỰC,5
chuot-co-day-zadez-m213-den,Chuột Có dây Zadez M213,LÊ ĐÌNH KIÊN,5
chuot-co-day-zadez-m213-den,Chuột Có dây Zadez M213,Lê Kỳ Tiên,5
chuot-co-day-zadez-m213-den,Chuột Có dây Zadez M213,Ho Cam Tien,4
chuot-co-day-zadez-m213-den,Chuột Có dây Zadez M213,Trần Đức Lộc,5
chuot-co-day-zadez-m213-den,Chuột Có dây Zadez M213,Võ Minh Khải,3
chuot-co-day-zadez-m213-den,Chuột Có dây Zadez M213,Tuấn Anh,5
chuot-co-day-zadez-m213-den,Chuột Có dây Zadez M213,Kim Thuỷ,4
chuot-co-day-zadez-m213-den,Chuột Có dây Zadez M213,Trần Thị Kiều Oanh,5
chuot-co-day-zadez-m213-den,Chuột Có dây Zadez M213,Khánh,5
chuot-co-day-zadez-m213-den,Chuột Có dây Zadez M213,Võ Khánh Ngọc,5
chuot-co-day-zadez-m213-den,Chuột Có dây Zadez M213,A TÂM,5
chuot-co-day-zadez-m213-den,Chuột Có dây Zadez M213,VŨ THỊ MAI,5
chuot-co-day-zadez-m213-den,Chuột Có dây Zadez M213,Anh Hanh,5
chuot-co-day-zadez-m213-den,Chuột Có dây Zadez M213,Chị Tuyết,1
chuot-co-day-zadez-m213-den,Chuột Có dây Zadez M213,Liễu,4
chuot-co-day-zadez-m213-den,Chuột Có dây Zadez M213,Lê Thị Thuý Bình,5
chuot-co-day-zadez-m213-den,Chuột Có dây Zadez M213,Thanh,5
chuot-co-day-zadez-m213-den,Chuột Có dây Zadez M213,Nguyễn Ngọc Duy,5
chuot-co-day-zadez-m213-den,Chuột Có dây Zadez M213,Kim Minh Huy,5
chuot-co-day-zadez-m213-den,Chuột Có dây Zadez M213,Linh,4
chuot-co-day-zadez-m213-den,Chuột Có dây Zadez M213,Lê Trung Nghĩa,5
chuot-co-day-zadez-m213-den,Chuột Có dây Zadez M213,Đào Việt,5
chuot-co-day-zadez-m213-den,Chuột Có dây Zadez M213,Đăng,4
chuot-co-day-zadez-m213-den,Chuột Có dây Zadez M213,PhạmThịThảo,4
chuot-co-day-zadez-m213-den,Chuột Có dây Zadez M213,Trần Quang Đệ,5
chuot-co-day-zadez-m213-den,Chuột Có dây Zadez M213,Trần Phương Liên,5
chuot-co-day-zadez-m213-den,Chuột Có dây Zadez M213,Nguyễn Quốc Khải,5
chuot-co-day-zadez-m213-den,Chuột Có dây Zadez M213,Chị Thuận,5
chuot-co-day-zadez-m213-den,Chuột Có dây Zadez M213,Anh Thành,5
chuot-co-day-zadez-m213-den,Chuột Có dây Zadez M213,Nguyễn Thị Loan,5
chuot-co-day-zadez-m213-den,Chuột Có dây Zadez M213,Phan Tấn Duy,5
chuot-co-day-zadez-m213-den,Chuột Có dây Zadez M213,Tân,1
chuot-co-day-zadez-m213-den,Chuột Có dây Zadez M213,Nguyễn Chí Tiến Thanh,5
chuot-co-day-zadez-m213-den,Chuột Có dây Zadez M213,Quý,1
chuot-co-day-zadez-m213-den,Chuột Có dây Zadez M213,Anh Quang,1
chuot-co-day-zadez-m213-den,Chuột Có dây Zadez M213,Linh,4
chuot-co-day-zadez-m213-den,Chuột Có dây Zadez M213,Dương Trọng Hữu,3
chuot-co-day-zadez-m213-den,Chuột Có dây Zadez M213,Nguyễn Thuyết,1
chuot-co-day-zadez-m213-den,Chuột Có dây Zadez M213,Trần Ngọc Hiếu,3
chuot-co-day-zadez-m213-den,Chuột Có dây Zadez M213,Nam,5
chuot-co-day-zadez-m213-den,Chuột Có dây Zadez M213,Nguyễn Thị Yến,5
chuot-khong-day-zadez-m325,Chuột Không dây Zadez M325 Tuxedo,Phan Tom,2
chuot-khong-day-zadez-m325,Chuột Không dây Zadez M325 Tuxedo,An Giang,2
chuot-khong-day-zadez-m325,Chuột Không dây Zadez M325 Tuxedo,Nam Không Huỷ,5
chuot-khong-day-zadez-m325,Chuột Không dây Zadez M325 Tuxedo,Chau,5
chuot-khong-day-zadez-m325,Chuột Không dây Zadez M325 Tuxedo,Trần Văn Tú,5
chuot-khong-day-zadez-m325,Chuột Không dây Zadez M325 Tuxedo,Trần Văn Toàn,5
chuot-khong-day-zadez-m325,Chuột Không dây Zadez M325 Tuxedo,Chị Lến,1
chuot-khong-day-zadez-m325,Chuột Không dây Zadez M325 Tuxedo,Ngọ Văn Tường,5
chuot-khong-day-zadez-m325,Chuột Không dây Zadez M325 Tuxedo,Việt,5
chuot-khong-day-zadez-m325,Chuột Không dây Zadez M325 Tuxedo,Võ Văn Luân,1
chuot-khong-day-zadez-m325,Chuột Không dây Zadez M325 Tuxedo,Nhựt,5
chuot-khong-day-zadez-m325,Chuột Không dây Zadez M325 Tuxedo,Anh Vương,5
chuot-khong-day-zadez-m325,Chuột Không dây Zadez M325 Tuxedo,Nga,5
chuot-khong-day-zadez-m325,Chuột Không dây Zadez M325 Tuxedo,Phượng,1
chuot-khong-day-zadez-m325,Chuột Không dây Zadez M325 Tuxedo,Trần Tiến Đạt,5
chuot-khong-day-zadez-m325,Chuột Không dây Zadez M325 Tuxedo,Cô Hương,5
chuot-khong-day-zadez-m325,Chuột Không dây Zadez M325 Tuxedo,Lan,5
chuot-khong-day-zadez-m325,Chuột Không dây Zadez M325 Tuxedo,Kpa No,5
chuot-khong-day-zadez-m325,Chuột Không dây Zadez M325 Tuxedo,Ngân,5
chuot-khong-day-zadez-m325,Chuột Không dây Zadez M325 Tuxedo,Le Thi My Tien,2
chuot-khong-day-zadez-m325,Chuột Không dây Zadez M325 Tuxedo,Phan Tom,2
chuot-khong-day-zadez-m325,Chuột Không dây Zadez M325 Tuxedo,An Giang,2
chuot-khong-day-zadez-m325,Chuột Không dây Zadez M325 Tuxedo,Nam Không Huỷ,5
chuot-khong-day-zadez-m325,Chuột Không dây Zadez M325 Tuxedo,Chau,5
chuot-khong-day-zadez-m325,Chuột Không dây Zadez M325 Tuxedo,Trần Văn Tú,5
chuot-khong-day-zadez-m325,Chuột Không dây Zadez M325 Tuxedo,Trần Văn Toàn,5
chuot-khong-day-zadez-m325,Chuột Không dây Zadez M325 Tuxedo,Chị Lến,1
chuot-khong-day-zadez-m325,Chuột Không dây Zadez M325 Tuxedo,Ngọ Văn Tường,5
chuot-khong-day-zadez-m325,Chuột Không dây Zadez M325 Tuxedo,Việt,5
chuot-khong-day-zadez-m325,Chuột Không dây Zadez M325 Tuxedo,Võ Văn Luân,1
chuot-khong-day-zadez-m325,Chuột Không dây Zadez M325 Tuxedo,Nhựt,5
chuot-khong-day-zadez-m325,Chuột Không dây Zadez M325 Tuxedo,Anh Vương,5
chuot-khong-day-zadez-m325,Chuột Không dây Zadez M325 Tuxedo,Nga,5
chuot-khong-day-zadez-m325,Chuột Không dây Zadez M325 Tuxedo,Phượng,1
chuot-khong-day-zadez-m325,Chuột Không dây Zadez M325 Tuxedo,Trần Tiến Đạt,5
chuot-khong-day-zadez-m325,Chuột Không dây Zadez M325 Tuxedo,Cô Hương,5
chuot-khong-day-zadez-m325,Chuột Không dây Zadez M325 Tuxedo,Lan,5
chuot-khong-day-zadez-m325,Chuột Không dây Zadez M325 Tuxedo,Kpa No,5
chuot-khong-day-zadez-m325,Chuột Không dây Zadez M325 Tuxedo,Ngân,5
chuot-khong-day-zadez-m325,Chuột Không dây Zadez M325 Tuxedo,Le Thi My Tien,2
chuot-khong-day-zadez-m325,Chuột Không dây Zadez M325 Tuxedo,Nguyễn Duy Mạnh,4
chuot-khong-day-zadez-m325,Chuột Không dây Zadez M325 Tuxedo,Lê Thị Hồng Cúc,5
chuot-khong-day-zadez-m325,Chuột Không dây Zadez M325 Tuxedo,Thế,4
chuot-khong-day-zadez-m325,Chuột Không dây Zadez M325 Tuxedo,Y Hiu Hmok,5
chuot-khong-day-zadez-m325,Chuột Không dây Zadez M325 Tuxedo,Tuấn,5
chuot-khong-day-zadez-m325,Chuột Không dây Zadez M325 Tuxedo,Nguyễn Huy Giang,5
chuot-khong-day-zadez-m325,Chuột Không dây Zadez M325 Tuxedo,Tuyến,5
chuot-khong-day-zadez-m325,Chuột Không dây Zadez M325 Tuxedo,Nguyễn Văn Trung,5
chuot-khong-day-zadez-m325,Chuột Không dây Zadez M325 Tuxedo,Hoàng,5
chuot-khong-day-zadez-m325,Chuột Không dây Zadez M325 Tuxedo,Chị Thuỷ,4
chuot-khong-day-zadez-m325,Chuột Không dây Zadez M325 Tuxedo,Anh Hiếu,4
chuot-khong-day-zadez-m325,Chuột Không dây Zadez M325 Tuxedo,A Hùng,4
chuot-khong-day-zadez-m325,Chuột Không dây Zadez M325 Tuxedo,Nhân,5
chuot-khong-day-zadez-m325,Chuột Không dây Zadez M325 Tuxedo,Nguyễn Hà Yến Nhi,5
chuot-khong-day-zadez-m325,Chuột Không dây Zadez M325 Tuxedo,Lương Kim Lệ,1
chuot-khong-day-zadez-m325,Chuột Không dây Zadez M325 Tuxedo,Cao Thị Như Ý,5
chuot-khong-day-zadez-m325,Chuột Không dây Zadez M325 Tuxedo,Nguyễn Văn Quí,4
chuot-khong-day-zadez-m325,Chuột Không dây Zadez M325 Tuxedo,Thu,5
chuot-khong-day-zadez-m325,Chuột Không dây Zadez M325 Tuxedo,Anh Tuyến,5
chuot-khong-day-zadez-m325,Chuột Không dây Zadez M325 Tuxedo,Chị Thoa,4
chuot-khong-day-zadez-m325,Chuột Không dây Zadez M325 Tuxedo,Nguyễn Duy Mạnh,4
chuot-khong-day-zadez-m325,Chuột Không dây Zadez M325 Tuxedo,Chú Thành,5
chuot-khong-day-zadez-m325,Chuột Không dây Zadez M325 Tuxedo,Nguyễn Văn Tú,5
chuot-khong-day-zadez-m325,Chuột Không dây Zadez M325 Tuxedo,Ngọc Tân,5
chuot-khong-day-zadez-m325,Chuột Không dây Zadez M325 Tuxedo,Ngân,5
chuot-khong-day-zadez-m325,Chuột Không dây Zadez M325 Tuxedo,Duy,5
chuot-khong-day-zadez-m325,Chuột Không dây Zadez M325 Tuxedo,Lã Văn Hiệu,4
chuot-khong-day-zadez-m325,Chuột Không dây Zadez M325 Tuxedo,Hoài Phụ,3
chuot-khong-day-zadez-m325,Chuột Không dây Zadez M325 Tuxedo,Lê Thanh Mẫn,4
chuot-khong-day-zadez-m325,Chuột Không dây Zadez M325 Tuxedo,Anh Thư,5
chuot-khong-day-zadez-m325,Chuột Không dây Zadez M325 Tuxedo,TRAN VAN TAN,5
chuot-khong-day-zadez-m325,Chuột Không dây Zadez M325 Tuxedo,Phước,4
chuot-khong-day-zadez-m325,Chuột Không dây Zadez M325 Tuxedo,NGUYỄN VĂN HUY,4
chuot-khong-day-zadez-m325,Chuột Không dây Zadez M325 Tuxedo,Huy,2
chuot-khong-day-zadez-m325,Chuột Không dây Zadez M325 Tuxedo,Anh Long,5
chuot-khong-day-zadez-m325,Chuột Không dây Zadez M325 Tuxedo,Dương Đức Mạnh,1
chuot-khong-day-zadez-m325,Chuột Không dây Zadez M325 Tuxedo,Phan Quang Việt,4
chuot-khong-day-zadez-m325,Chuột Không dây Zadez M325 Tuxedo,Hoàng Trung Hiếu,2
chuot-khong-day-zadez-m325,Chuột Không dây Zadez M325 Tuxedo,Trần Công Thanh,4
chuot-khong-day-zadez-m325,Chuột Không dây Zadez M325 Tuxedo,Dương Phương Nam,1
chuot-khong-day-zadez-m325,Chuột Không dây Zadez M325 Tuxedo,Nguyễn Trang,4
chuot-khong-day-zadez-m325,Chuột Không dây Zadez M325 Tuxedo,Anh Huân,4
chuot-khong-day-zadez-m325,Chuột Không dây Zadez M325 Tuxedo,Chi Thu,5
chuot-khong-day-zadez-m325,Chuột Không dây Zadez M325 Tuxedo,Phạm Hữu Thông,5
chuot-khong-day-zadez-m325,Chuột Không dây Zadez M325 Tuxedo,Thanh Tuấn,4
chuot-khong-day-zadez-m325,Chuột Không dây Zadez M325 Tuxedo,Nguyễn Vũ Minh Hường,5
chuot-khong-day-zadez-m325,Chuột Không dây Zadez M325 Tuxedo,Bin Laden,4
chuot-khong-day-zadez-m325,Chuột Không dây Zadez M325 Tuxedo,Hiếu,2
chuot-khong-day-zadez-m325,Chuột Không dây Zadez M325 Tuxedo,Phùng Minh Long,5
chuot-khong-day-zadez-m325,Chuột Không dây Zadez M325 Tuxedo,Huệ,3
chuot-khong-day-zadez-m325,Chuột Không dây Zadez M325 Tuxedo,Bùi Đức Phương,5
chuot-khong-day-zadez-m325,Chuột Không dây Zadez M325 Tuxedo,Minhnguyên,5
chuot-khong-day-zadez-m325,Chuột Không dây Zadez M325 Tuxedo,Chị Dung,5
chuot-khong-day-zadez-m325,Chuột Không dây Zadez M325 Tuxedo,Học,2
chuot-khong-day-zadez-m325,Chuột Không dây Zadez M325 Tuxedo,Thái Sơn,5
chuot-khong-day-zadez-m325,Chuột Không dây Zadez M325 Tuxedo,TRƯƠNG MỸ RIL,5
chuot-khong-day-zadez-m325,Chuột Không dây Zadez M325 Tuxedo,Hoàng Trọng Hùng,5
chuot-khong-day-zadez-m325,Chuột Không dây Zadez M325 Tuxedo,Chị Bình,5
chuot-khong-day-zadez-m325,Chuột Không dây Zadez M325 Tuxedo,Dương Duy Lượng,2
chuot-khong-day-zadez-m325,Chuột Không dây Zadez M325 Tuxedo,Anh Lộc,1
chuot-khong-day-zadez-m325,Chuột Không dây Zadez M325 Tuxedo,Nguyễn Xuân Bình,2
chuot-khong-day-zadez-m325,Chuột Không dây Zadez M325 Tuxedo,Bùi Quang Đỉnh,1
chuot-khong-day-zadez-m325,Chuột Không dây Zadez M325 Tuxedo,Anh Giáp,5
chuot-khong-day-zadez-m325,Chuột Không dây Zadez M325 Tuxedo,Bùi Văn Thuyên,5
chuot-khong-day-zadez-m325,Chuột Không dây Zadez M325 Tuxedo,Phạm Thị Nguyệt Anh,2
chuot-khong-day-zadez-m325,Chuột Không dây Zadez M325 Tuxedo,Duy,1
chuot-khong-day-zadez-m325,Chuột Không dây Zadez M325 Tuxedo,Ngần,5
chuot-khong-day-zadez-m325,Chuột Không dây Zadez M325 Tuxedo,Cuong,5
chuot-khong-day-zadez-m325,Chuột Không dây Zadez M325 Tuxedo,Quân,5
chuot-khong-day-zadez-m325,Chuột Không dây Zadez M325 Tuxedo,PHAN HUYNH THOAI,1
chuot-khong-day-zadez-m325,Chuột Không dây Zadez M325 Tuxedo,Nhung,1
chuot-khong-day-zadez-m325,Chuột Không dây Zadez M325 Tuxedo,Vũ Thị Thanh,3
chuot-khong-day-zadez-m325,Chuột Không dây Zadez M325 Tuxedo,Chị Trang,3
chuot-khong-day-zadez-m325,Chuột Không dây Zadez M325 Tuxedo,Đoan Thục,4
chuot-khong-day-zadez-m325,Chuột Không dây Zadez M325 Tuxedo,Chi,3
chuot-khong-day-zadez-m325,Chuột Không dây Zadez M325 Tuxedo,Đàm Trung Tài,3
chuot-khong-day-zadez-m325,Chuột Không dây Zadez M325 Tuxedo,Nhân,4
chuot-khong-day-zadez-m325,Chuột Không dây Zadez M325 Tuxedo,Trần Bảo Nghi,2
chuot-khong-day-zadez-m325,Chuột Không dây Zadez M325 Tuxedo,Nguyễn Hữu Danh,3
chuot-khong-day-zadez-m325,Chuột Không dây Zadez M325 Tuxedo,Ho Minh Phuong,5
chuot-khong-day-zadez-m325,Chuột Không dây Zadez M325 Tuxedo,Kiên,3
chuot-khong-day-zadez-m325,Chuột Không dây Zadez M325 Tuxedo,Bùi Quang Đỉnh,1
chuot-khong-day-zadez-m325,Chuột Không dây Zadez M325 Tuxedo,Anh Giáp,5
chuot-khong-day-zadez-m325,Chuột Không dây Zadez M325 Tuxedo,Bùi Văn Thuyên,5
chuot-khong-day-zadez-m325,Chuột Không dây Zadez M325 Tuxedo,Phạm Thị Nguyệt Anh,2
chuot-khong-day-zadez-m325,Chuột Không dây Zadez M325 Tuxedo,Duy,1
chuot-khong-day-zadez-m325,Chuột Không dây Zadez M325 Tuxedo,Ngần,5
chuot-khong-day-zadez-m325,Chuột Không dây Zadez M325 Tuxedo,Cuong,5
chuot-khong-day-zadez-m325,Chuột Không dây Zadez M325 Tuxedo,Quân,5
chuot-khong-day-zadez-m325,Chuột Không dây Zadez M325 Tuxedo,PHAN HUYNH THOAI,1
chuot-khong-day-zadez-m325,Chuột Không dây Zadez M325 Tuxedo,Nhung,1
chuot-khong-day-zadez-m325,Chuột Không dây Zadez M325 Tuxedo,Vũ Thị Thanh,3
chuot-khong-day-zadez-m325,Chuột Không dây Zadez M325 Tuxedo,Chị Trang,3
chuot-khong-day-zadez-m325,Chuột Không dây Zadez M325 Tuxedo,Đoan Thục,4
chuot-khong-day-zadez-m325,Chuột Không dây Zadez M325 Tuxedo,Chi,3
chuot-khong-day-zadez-m325,Chuột Không dây Zadez M325 Tuxedo,Đàm Trung Tài,3
chuot-khong-day-zadez-m325,Chuột Không dây Zadez M325 Tuxedo,Nhân,4
chuot-khong-day-zadez-m325,Chuột Không dây Zadez M325 Tuxedo,Trần Bảo Nghi,2
chuot-khong-day-zadez-m325,Chuột Không dây Zadez M325 Tuxedo,Nguyễn Hữu Danh,3
chuot-khong-day-zadez-m325,Chuột Không dây Zadez M325 Tuxedo,Ho Minh Phuong,5
chuot-khong-day-zadez-m325,Chuột Không dây Zadez M325 Tuxedo,Kiên,3
chuot-khong-day-zadez-m325,Chuột Không dây Zadez M325 Tuxedo,Trần Ngọc Mỹ Phượng,4
chuot-khong-day-zadez-m325,Chuột Không dây Zadez M325 Tuxedo,CÔNG TY TNHH DỊCH VỤ KALA,4
chuot-khong-day-zadez-m325,Chuột Không dây Zadez M325 Tuxedo,Nguyễn Công Nhận,5
chuot-khong-day-zadez-m325,Chuột Không dây Zadez M325 Tuxedo,TRẦN THỊ XUYẾN,4
chuot-khong-day-zadez-m325,Chuột Không dây Zadez M325 Tuxedo,Phạm Phú Khang,4
chuot-khong-day-zadez-m325,Chuột Không dây Zadez M325 Tuxedo,Lê Khắc Thạch,5
chuot-khong-day-zadez-m325,Chuột Không dây Zadez M325 Tuxedo,Quỳnh,4
chuot-khong-day-zadez-m325,Chuột Không dây Zadez M325 Tuxedo,Lê Anh Tuấn,4
chuot-khong-day-zadez-m325,Chuột Không dây Zadez M325 Tuxedo,Trang,2
chuot-khong-day-zadez-m325,Chuột Không dây Zadez M325 Tuxedo,Đỗ Thị Bích Trâm,5
chuot-khong-day-zadez-m325,Chuột Không dây Zadez M325 Tuxedo,171591 - Trần Cao Bằng,5
chuot-khong-day-zadez-m325,Chuột Không dây Zadez M325 Tuxedo,Dương,5
chuot-khong-day-zadez-m325,Chuột Không dây Zadez M325 Tuxedo,Dương,5
chuot-khong-day-zadez-m325,Chuột Không dây Zadez M325 Tuxedo,GiangNT,5
chuot-khong-day-zadez-m325,Chuột Không dây Zadez M325 Tuxedo,Hiếu,5
chuot-khong-day-zadez-m325,Chuột Không dây Zadez M325 Tuxedo,Nguyễn Thị Hồng Tươi,5
chuot-khong-day-zadez-m325,Chuột Không dây Zadez M325 Tuxedo,Bùi Tiến Bằng,5
chuot-khong-day-zadez-m325,Chuột Không dây Zadez M325 Tuxedo,Trúc Linh,4
chuot-khong-day-zadez-m325,Chuột Không dây Zadez M325 Tuxedo,Dũng,4
chuot-khong-day-zadez-m325,Chuột Không dây Zadez M325 Tuxedo,Trần Trung Hiếu,5
chuot-khong-day-zadez-m325,Chuột Không dây Zadez M325 Tuxedo,NGUYỄN TRUNG HIẾU,5
chuot-khong-day-zadez-m325,Chuột Không dây Zadez M325 Tuxedo,Lê Nhi,5
chuot-khong-day-zadez-m325,Chuột Không dây Zadez M325 Tuxedo,Nguyen Ngoc Dung,5
chuot-khong-day-zadez-m325,Chuột Không dây Zadez M325 Tuxedo,Đỗ Hoàng Vy,5
chuot-khong-day-zadez-m325,Chuột Không dây Zadez M325 Tuxedo,Phạm Vũ Hà Vi,5
chuot-khong-day-zadez-m325,Chuột Không dây Zadez M325 Tuxedo,Thành Thắng,5
chuot-khong-day-zadez-m325,Chuột Không dây Zadez M325 Tuxedo,Phan Thị Ánh Hoài,5
chuot-khong-day-zadez-m325,Chuột Không dây Zadez M325 Tuxedo,Dương Thị Hồng Thắm,5
chuot-khong-day-zadez-m325,Chuột Không dây Zadez M325 Tuxedo,Huỳnh Ngọc Thành,5
chuot-co-day-gaming-rapoo-v16s,Chuột Có dây Gaming Rapoo V16S,Trịnh Trường,3
chuot-co-day-gaming-rapoo-v16s,Chuột Có dây Gaming Rapoo V16S,Nguyễn Minh Đức,3
chuot-co-day-gaming-rapoo-v16s,Chuột Có dây Gaming Rapoo V16S,Nguyễn Thị Thuý Diễm,4
chuot-co-day-gaming-rapoo-v16s,Chuột Có dây Gaming Rapoo V16S,Võ Bách Tùng,3
chuot-co-day-gaming-rapoo-v16s,Chuột Có dây Gaming Rapoo V16S,Bùi Minh Hà,5
chuot-co-day-gaming-rapoo-v16s,Chuột Có dây Gaming Rapoo V16S,222874 - Bùi Minh Quang,5
chuot-co-day-gaming-rapoo-v16s,Chuột Có dây Gaming Rapoo V16S,Ngô Tấn Tài,4
chuot-co-day-gaming-rapoo-v16s,Chuột Có dây Gaming Rapoo V16S,Phạm Minh Khôi,5
chuot-co-day-gaming-rapoo-v16s,Chuột Có dây Gaming Rapoo V16S,Võ Thanh Sang,5
chuot-co-day-gaming-rapoo-v16s,Chuột Có dây Gaming Rapoo V16S,Trần Thị Linh,4
chuot-co-day-gaming-rapoo-v16s,Chuột Có dây Gaming Rapoo V16S,Anh Hưng,4
chuot-co-day-gaming-rapoo-v16s,Chuột Có dây Gaming Rapoo V16S,Nguyễn Thúy Hồng,4
chuot-co-day-gaming-rapoo-v16s,Chuột Có dây Gaming Rapoo V16S,Kim,5
chuot-co-day-gaming-rapoo-v16s,Chuột Có dây Gaming Rapoo V16S,Chị Ngọc,5
chuot-co-day-gaming-rapoo-v16s,Chuột Có dây Gaming Rapoo V16S,Khoa,4
chuot-co-day-gaming-rapoo-v16s,Chuột Có dây Gaming Rapoo V16S,Trần Đại Phúc,4
chuot-co-day-gaming-rapoo-v16s,Chuột Có dây Gaming Rapoo V16S,Anh Quốc,4
chuot-co-day-gaming-zadez-g-611m,Chuột Có dây Gaming Zadez G-611M,Nguyễn Ngọc Độ,3
chuot-co-day-gaming-zadez-g-611m,Chuột Có dây Gaming Zadez G-611M,Bùi Thanh Trung,5
chuot-co-day-gaming-zadez-g-611m,Chuột Có dây Gaming Zadez G-611M,Hoàng Đời,1
chuot-co-day-gaming-zadez-g-611m,Chuột Có dây Gaming Zadez G-611M,Thang,1
chuot-co-day-gaming-zadez-g-611m,Chuột Có dây Gaming Zadez G-611M,Hiếu,5
chuot-co-day-gaming-zadez-g-611m,Chuột Có dây Gaming Zadez G-611M,Ngô Quang Minh,5
chuot-co-day-gaming-zadez-g-611m,Chuột Có dây Gaming Zadez G-611M,Hậu,3
chuot-co-day-gaming-zadez-g-611m,Chuột Có dây Gaming Zadez G-611M,Võ Quang Minh,5
chuot-co-day-gaming-zadez-g-611m,Chuột Có dây Gaming Zadez G-611M,Nguyễn Thị Thanh Tâm,4
chuot-co-day-gaming-zadez-g-611m,Chuột Có dây Gaming Zadez G-611M,Huỳnh Thanh Tuấn,5
chuot-co-day-gaming-zadez-g-611m,Chuột Có dây Gaming Zadez G-611M,Tiêu Sáng Minh,5
chuot-co-day-gaming-zadez-g-611m,Chuột Có dây Gaming Zadez G-611M,Pham Tien Dat,5
chuot-co-day-gaming-zadez-g-611m,Chuột Có dây Gaming Zadez G-611M,Thắng,5
chuot-khong-day-silent-rapoo-m320?utm_flashsale=1,Chuột Không dây Silent Rapoo M320,Huy,1
chuot-khong-day-silent-rapoo-m320?utm_flashsale=1,Chuột Không dây Silent Rapoo M320,Gia Phú,4
chuot-khong-day-silent-rapoo-m320?utm_flashsale=1,Chuột Không dây Silent Rapoo M320,Thế Anh,5
chuot-khong-day-silent-rapoo-m320?utm_flashsale=1,Chuột Không dây Silent Rapoo M320,Nguyễn Minh Tuân,5
chuot-khong-day-silent-rapoo-m320?utm_flashsale=1,Chuột Không dây Silent Rapoo M320,Trịnh Văn Thủy,5
chuot-khong-day-silent-rapoo-m320?utm_flashsale=1,Chuột Không dây Silent Rapoo M320,Lê Võ Minh Quân,5
chuot-khong-day-silent-rapoo-m320?utm_flashsale=1,Chuột Không dây Silent Rapoo M320,Anh Khánh,1
chuot-khong-day-silent-rapoo-m320?utm_flashsale=1,Chuột Không dây Silent Rapoo M320,Trương Văn Vũ,5
chuot-khong-day-silent-rapoo-m320?utm_flashsale=1,Chuột Không dây Silent Rapoo M320,Hậu,4
chuot-khong-day-silent-rapoo-m320?utm_flashsale=1,Chuột Không dây Silent Rapoo M320,Phạm Tiến Hùng,5
chuot-khong-day-silent-rapoo-m320?utm_flashsale=1,Chuột Không dây Silent Rapoo M320,Đào Lê Xuân Thọ,5
chuot-khong-day-silent-rapoo-m320?utm_flashsale=1,Chuột Không dây Silent Rapoo M320,Giang,4
chuot-khong-day-silent-rapoo-m320?utm_flashsale=1,Chuột Không dây Silent Rapoo M320,Nguyễn Quốc Huy,5
chuot-khong-day-silent-rapoo-m310-den,Chuột Không dây Silent Rapoo M310 Đen,Đạt,3
chuot-khong-day-silent-rapoo-m310-den,Chuột Không dây Silent Rapoo M310 Đen,Thunx,3
chuot-khong-day-silent-rapoo-m310-den,Chuột Không dây Silent Rapoo M310 Đen,Hoàng Long,2
chuot-khong-day-silent-rapoo-m310-den,Chuột Không dây Silent Rapoo M310 Đen,Nhựt Duy,5
chuot-khong-day-silent-ugreen-mu001?utm_flashsale=1,Chuột Không dây Silent Ugreen MU001,Tùng,5
chuot-khong-day-silent-ugreen-mu001?utm_flashsale=1,Chuột Không dây Silent Ugreen MU001,Trần Mạnh Cường,5
chuot-khong-day-silent-ugreen-mu001?utm_flashsale=1,Chuột Không dây Silent Ugreen MU001,Lê Thị Thanh Nhàn,5
chuot-khong-day-silent-ugreen-mu001?utm_flashsale=1,Chuột Không dây Silent Ugreen MU001,Lê Nhựt Huy,4
chuot-khong-day-silent-ugreen-mu001?utm_flashsale=1,Chuột Không dây Silent Ugreen MU001,Đặng Văn Hùng,5
chuot-khong-day-silent-ugreen-mu001?utm_flashsale=1,Chuột Không dây Silent Ugreen MU001,Anh Dũ,5
chuot-khong-day-silent-ugreen-mu001?utm_flashsale=1,Chuột Không dây Silent Ugreen MU001,Liêm,5
chuot-khong-day-silent-ugreen-mu001?utm_flashsale=1,Chuột Không dây Silent Ugreen MU001,Huỳnh Nhật Vinh,5
chuot-bluetooth-silent-dareu-lm115b,Chuột Bluetooth Silent DareU LM115B,Nguyen Cong,1
chuot-bluetooth-silent-dareu-lm115b,Chuột Bluetooth Silent DareU LM115B,Hoàng,5
chuot-bluetooth-silent-dareu-lm115b,Chuột Bluetooth Silent DareU LM115B,Trường,5
chuot-bluetooth-silent-dareu-lm115b,Chuột Bluetooth Silent DareU LM115B,Ngôn,5
chuot-bluetooth-silent-dareu-lm115b,Chuột Bluetooth Silent DareU LM115B,Trịnh Lan,5
chuot-bluetooth-silent-dareu-lm115b,Chuột Bluetooth Silent DareU LM115B,Ngô Duy Anh,5
chuot-bluetooth-silent-dareu-lm115b,Chuột Bluetooth Silent DareU LM115B,Tân Nguyễn,4
chuot-bluetooth-silent-dareu-lm115b,Chuột Bluetooth Silent DareU LM115B,Nguyen Thanh Tu,5
chuot-bluetooth-silent-dareu-lm115b,Chuột Bluetooth Silent DareU LM115B,Tô Thị Thu Hằng,5
chuot-bluetooth-silent-dareu-lm115b,Chuột Bluetooth Silent DareU LM115B,Mãi,3
chuot-bluetooth-silent-dareu-lm115b,Chuột Bluetooth Silent DareU LM115B,Nguyễn Lê Tuấn Vinh,3
chuot-bluetooth-silent-dareu-lm115b,Chuột Bluetooth Silent DareU LM115B,Nguyễn Thị Anh Thư,5
chuot-bluetooth-silent-dareu-lm115b,Chuột Bluetooth Silent DareU LM115B,Trịnh Hoàng Phúc,2
chuot-bluetooth-silent-dareu-lm115b,Chuột Bluetooth Silent DareU LM115B,Phát,2
chuot-bluetooth-silent-dareu-lm115b,Chuột Bluetooth Silent DareU LM115B,Văn Lên,3
chuot-bluetooth-silent-dareu-lm115b,Chuột Bluetooth Silent DareU LM115B,Lê Đức Vũ,5
chuot-bluetooth-silent-dareu-lm115b,Chuột Bluetooth Silent DareU LM115B,Văn Lên,3
chuot-bluetooth-silent-dareu-lm115b,Chuột Bluetooth Silent DareU LM115B,Em Tâm,5
chuot-bluetooth-silent-dareu-lm115b,Chuột Bluetooth Silent DareU LM115B,Nguyễn Hoàng Luân,2
chuot-bluetooth-silent-dareu-lm115b,Chuột Bluetooth Silent DareU LM115B,Nguyễn Thị Khuyên,3
chuot-bluetooth-silent-dareu-lm115b,Chuột Bluetooth Silent DareU LM115B,Ngô Thị Thanh Tuyền,5
chuot-bluetooth-silent-dareu-lm115b,Chuột Bluetooth Silent DareU LM115B,Ngô Thị Thanh Tuyền,5
chuot-bluetooth-silent-dareu-lm115b,Chuột Bluetooth Silent DareU LM115B,Nguyen Tien Loi,5
chuot-bluetooth-silent-dareu-lm115b,Chuột Bluetooth Silent DareU LM115B,Thọ,5
chuot-bluetooth-silent-dareu-lm115b,Chuột Bluetooth Silent DareU LM115B,Chị Lương,5
chuot-bluetooth-silent-dareu-lm115b,Chuột Bluetooth Silent DareU LM115B,Vĩnh Khương,5
chuot-bluetooth-silent-dareu-lm115b,Chuột Bluetooth Silent DareU LM115B,Lê Thị Huyền Châu,5
chuot-bluetooth-silent-dareu-lm115b,Chuột Bluetooth Silent DareU LM115B,Hoàn,5
chuot-bluetooth-silent-dareu-lm115b,Chuột Bluetooth Silent DareU LM115B,Thanh Tùng,5
chuot-bluetooth-silent-dareu-lm115b,Chuột Bluetooth Silent DareU LM115B,Nguyễn Thị Thu Hiền,5
chuot-bluetooth-silent-dareu-lm115b,Chuột Bluetooth Silent DareU LM115B,Trịnh Tuyết Nhi,4
chuot-bluetooth-silent-dareu-lm115b,Chuột Bluetooth Silent DareU LM115B,A Hiệp,4
chuot-bluetooth-silent-dareu-lm115b,Chuột Bluetooth Silent DareU LM115B,Xuân,5
chuot-bluetooth-silent-dareu-lm115b,Chuột Bluetooth Silent DareU LM115B,NGUYỄN DIỄM HOÀNG KIM YẾN,5
chuot-bluetooth-silent-dareu-lm115b,Chuột Bluetooth Silent DareU LM115B,Nguyễn Lê Hải Vy,5
chuot-bluetooth-silent-dareu-lm115b,Chuột Bluetooth Silent DareU LM115B,Anh An,5
chuot-bluetooth-silent-dareu-lm115b,Chuột Bluetooth Silent DareU LM115B,Diễm,5
chuot-bluetooth-silent-dareu-lm115b,Chuột Bluetooth Silent DareU LM115B,Thắng,5
chuot-bluetooth-silent-dareu-lm115b,Chuột Bluetooth Silent DareU LM115B,Nguyễn Huỳnh Thị Như Thúy,5
chuot-bluetooth-silent-dareu-lm115b,Chuột Bluetooth Silent DareU LM115B,Nguyễn Cửu Hoàng Phúc,4
chuot-bluetooth-silent-dareu-lm115b,Chuột Bluetooth Silent DareU LM115B,Thanh Xuân,5
chuot-bluetooth-silent-dareu-lm115b,Chuột Bluetooth Silent DareU LM115B,Nguyên Khanh,4
chuot-bluetooth-silent-dareu-lm115b,Chuột Bluetooth Silent DareU LM115B,Nguyễn Hùng Vĩ,5
chuot-bluetooth-silent-dareu-lm115b,Chuột Bluetooth Silent DareU LM115B,Trần Hữu Hạnh,5
chuot-bluetooth-silent-dareu-lm115b,Chuột Bluetooth Silent DareU LM115B,Trí,4
chuot-bluetooth-silent-dareu-lm115b,Chuột Bluetooth Silent DareU LM115B,Nhung,5
chuot-bluetooth-silent-dareu-lm115b,Chuột Bluetooth Silent DareU LM115B,Trịnh Việt Dũng,5
chuot-bluetooth-silent-dareu-lm115b,Chuột Bluetooth Silent DareU LM115B,Bùi Trần Đan Huy,4
chuot-bluetooth-silent-dareu-lm115b,Chuột Bluetooth Silent DareU LM115B,Nguyên,5
chuot-bluetooth-silent-dareu-lm115b,Chuột Bluetooth Silent DareU LM115B,Thu Thanh,5
chuot-bluetooth-silent-dareu-lm115b,Chuột Bluetooth Silent DareU LM115B,Anh Hiệp,4
chuot-bluetooth-silent-dareu-lm115b,Chuột Bluetooth Silent DareU LM115B,Trang,3
chuot-bluetooth-silent-dareu-lm115b,Chuột Bluetooth Silent DareU LM115B,Phuong,4
chuot-bluetooth-silent-dareu-lm115b,Chuột Bluetooth Silent DareU LM115B,PHẠM THUỲ ĐỖ QUYÊN,5
chuot-bluetooth-silent-dareu-lm115b,Chuột Bluetooth Silent DareU LM115B,Nguyễn Thành Tài,4
chuot-khong-day-gaming-asus-tuf-m4-wl,Chuột Bluetooth Gaming Asus TUF M4 WL,Nguyễn Quang Huy,5
chuot-khong-day-gaming-asus-tuf-m4-wl,Chuột Bluetooth Gaming Asus TUF M4 WL,Hiệu Nguyễn Quốc,2
chuot-khong-day-gaming-asus-tuf-m4-wl,Chuột Bluetooth Gaming Asus TUF M4 WL,Anh Thắng,5
chuot-khong-day-gaming-asus-tuf-m4-wl,Chuột Bluetooth Gaming Asus TUF M4 WL,Hoàng Vũ,5
chuot-khong-day-gaming-asus-tuf-m4-wl,Chuột Bluetooth Gaming Asus TUF M4 WL,Đoàn Phát,3
chuot-khong-day-gaming-asus-tuf-m4-wl,Chuột Bluetooth Gaming Asus TUF M4 WL,Lê Hoàng Duy,4
chuot-khong-day-gaming-asus-tuf-m4-wl,Chuột Bluetooth Gaming Asus TUF M4 WL,Trần Ngọc Hoan,5
chuot-khong-day-gaming-asus-tuf-m4-wl,Chuột Bluetooth Gaming Asus TUF M4 WL,Lê Văn Khải,5
chuot-khong-day-gaming-asus-tuf-m4-wl,Chuột Bluetooth Gaming Asus TUF M4 WL,CÔNG TY TNHH TƯ VẤN VÀ XÂY DỰNG ĐIỆN ĐỨC TRUNG,5
chuot-khong-day-gaming-asus-tuf-m4-wl,Chuột Bluetooth Gaming Asus TUF M4 WL,Châu An Huy,1
chuot-khong-day-gaming-asus-tuf-m4-wl,Chuột Bluetooth Gaming Asus TUF M4 WL,Bình,1
chuot-khong-day-gaming-asus-tuf-m4-wl,Chuột Bluetooth Gaming Asus TUF M4 WL,Trịnh Thanh Tuấn,5
chuot-khong-day-gaming-asus-tuf-m4-wl,Chuột Bluetooth Gaming Asus TUF M4 WL,Anh Hiếu,5
chuot-khong-day-gaming-asus-tuf-m4-wl,Chuột Bluetooth Gaming Asus TUF M4 WL,Anh Tín,5
chuot-khong-day-gaming-asus-tuf-m4-wl,Chuột Bluetooth Gaming Asus TUF M4 WL,Chị Yến,5
chuot-khong-day-gaming-asus-tuf-m4-wl,Chuột Bluetooth Gaming Asus TUF M4 WL,Hoài,5
chuot-khong-day-gaming-asus-tuf-m4-wl,Chuột Bluetooth Gaming Asus TUF M4 WL,Trần Ngọc Khoa,5
chuot-khong-day-gaming-asus-tuf-m4-wl,Chuột Bluetooth Gaming Asus TUF M4 WL,Trịnh Long,4
chuot-khong-day-gaming-asus-tuf-m4-wl,Chuột Bluetooth Gaming Asus TUF M4 WL,Nguyễn Tiến Phát,1
chuot-khong-day-gaming-asus-tuf-m4-wl,Chuột Bluetooth Gaming Asus TUF M4 WL,Pham Trong Tin,5
chuot-khong-day-gaming-asus-tuf-m4-wl,Chuột Bluetooth Gaming Asus TUF M4 WL,Hoàng Trung Hiếu,4
chuot-khong-day-bluetooth-silent-rapoo-m650-lucky-cat,Chuột Bluetooth Silent Rapoo M650 Lucky Cat,Sơn,3
chuot-khong-day-bluetooth-silent-rapoo-m650-lucky-cat,Chuột Bluetooth Silent Rapoo M650 Lucky Cat,Ông Trùm,5
chuot-khong-day-bluetooth-silent-rapoo-m650-lucky-cat,Chuột Bluetooth Silent Rapoo M650 Lucky Cat,Lê Diễm,2
chuot-khong-day-bluetooth-silent-rapoo-m650-lucky-cat,Chuột Bluetooth Silent Rapoo M650 Lucky Cat,NGUYỄN THỊ HOÀNG ANH,4
chuot-khong-day-bluetooth-silent-rapoo-m650-lucky-cat,Chuột Bluetooth Silent Rapoo M650 Lucky Cat,Trường,1
chuot-khong-day-bluetooth-silent-rapoo-m650-lucky-cat,Chuột Bluetooth Silent Rapoo M650 Lucky Cat,Trần Thị Lâm Anh,5
chuot-khong-day-bluetooth-silent-rapoo-m650-lucky-cat,Chuột Bluetooth Silent Rapoo M650 Lucky Cat,Tuấn,5
chuot-khong-day-bluetooth-silent-rapoo-m650-lucky-cat,Chuột Bluetooth Silent Rapoo M650 Lucky Cat,Nguyễn Chí Cần,3
chuot-khong-day-bluetooth-silent-rapoo-m650-lucky-cat,Chuột Bluetooth Silent Rapoo M650 Lucky Cat,Phạm Văn Lực,5
chuot-khong-day-bluetooth-silent-rapoo-m650-lucky-cat,Chuột Bluetooth Silent Rapoo M650 Lucky Cat,Kiều Anh,4
chuot-khong-day-bluetooth-silent-rapoo-m650-lucky-cat,Chuột Bluetooth Silent Rapoo M650 Lucky Cat,Anh Duy Anh,4
chuot-khong-day-bluetooth-silent-rapoo-m650-lucky-cat,Chuột Bluetooth Silent Rapoo M650 Lucky Cat,Chị Ngọc,5
chuot-khong-day-bluetooth-silent-rapoo-m650-lucky-cat,Chuột Bluetooth Silent Rapoo M650 Lucky Cat,Mua Online,1
chuot-khong-day-bluetooth-silent-rapoo-m650-lucky-cat,Chuột Bluetooth Silent Rapoo M650 Lucky Cat,Nguyễn Văn Bảy,4
chuot-khong-day-bluetooth-silent-rapoo-m650-lucky-cat,Chuột Bluetooth Silent Rapoo M650 Lucky Cat,Dũng,5
chuot-khong-day-bluetooth-silent-rapoo-m650-lucky-cat,Chuột Bluetooth Silent Rapoo M650 Lucky Cat,Võ Trí,5
chuot-khong-day-bluetooth-silent-rapoo-m650-lucky-cat,Chuột Bluetooth Silent Rapoo M650 Lucky Cat,Phan Thị Hoàng Anh,5
chuot-khong-day-bluetooth-silent-rapoo-m650-lucky-cat,Chuột Bluetooth Silent Rapoo M650 Lucky Cat,Trang,5
chuot-khong-day-bluetooth-silent-rapoo-m650-lucky-cat,Chuột Bluetooth Silent Rapoo M650 Lucky Cat,Đỗ Thị Hoàng Anh,4
chuot-khong-day-bluetooth-silent-rapoo-m650-lucky-cat,Chuột Bluetooth Silent Rapoo M650 Lucky Cat,Dung,5
chuot-khong-day-bluetooth-silent-rapoo-m650-lucky-cat,Chuột Bluetooth Silent Rapoo M650 Lucky Cat,TRUONG BA TUAN,2
chuot-khong-day-bluetooth-silent-rapoo-m650-lucky-cat,Chuột Bluetooth Silent Rapoo M650 Lucky Cat,An,5
chuot-bluetooth-silent-rapoo-m500,Chuột Bluetooth Silent Rapoo M500,Anh Quyết,5
chuot-bluetooth-silent-rapoo-m500,Chuột Bluetooth Silent Rapoo M500,Nguyễn Văn Phước,4
chuot-bluetooth-silent-rapoo-m500,Chuột Bluetooth Silent Rapoo M500,Nguyễn Hữu Danh,3
chuot-bluetooth-silent-rapoo-m500,Chuột Bluetooth Silent Rapoo M500,Anh Thục,5
chuot-bluetooth-silent-rapoo-m500,Chuột Bluetooth Silent Rapoo M500,Sương,5
chuot-bluetooth-silent-rapoo-m500,Chuột Bluetooth Silent Rapoo M500,Ha,1
chuot-bluetooth-silent-rapoo-m500,Chuột Bluetooth Silent Rapoo M500,Dũng Ngô,4
chuot-bluetooth-silent-rapoo-m500,Chuột Bluetooth Silent Rapoo M500,Khanh,5
chuot-bluetooth-silent-rapoo-m500,Chuột Bluetooth Silent Rapoo M500,Thuyết,5
chuot-bluetooth-silent-rapoo-m500,Chuột Bluetooth Silent Rapoo M500,36007 - Phạm Vũ Mạnh Linh,5
chuot-bluetooth-silent-rapoo-m500,Chuột Bluetooth Silent Rapoo M500,Hậu,5
chuot-bluetooth-silent-rapoo-m500,Chuột Bluetooth Silent Rapoo M500,Thơ,4
chuot-bluetooth-silent-rapoo-m500,Chuột Bluetooth Silent Rapoo M500,Sơn,5
chuot-bluetooth-silent-rapoo-m500,Chuột Bluetooth Silent Rapoo M500,Huỳnh Trọng Tiên,4
chuot-bluetooth-silent-rapoo-m500,Chuột Bluetooth Silent Rapoo M500,Cao Tấn Thành,4
chuot-bluetooth-silent-rapoo-m500,Chuột Bluetooth Silent Rapoo M500,Thành,4
chuot-bluetooth-silent-rapoo-m500,Chuột Bluetooth Silent Rapoo M500,Nguyen Thi Hoang Linh,4
chuot-bluetooth-silent-rapoo-m500,Chuột Bluetooth Silent Rapoo M500,Trần Ngọc Tài,5
chuot-bluetooth-silent-rapoo-m500,Chuột Bluetooth Silent Rapoo M500,Dang Minh Phu,5
chuot-bluetooth-silent-rapoo-m500,Chuột Bluetooth Silent Rapoo M500,Trần Ngọc Hiền,3
chuot-bluetooth-silent-rapoo-m500,Chuột Bluetooth Silent Rapoo M500,Anh Quyết,5
chuot-bluetooth-silent-rapoo-m500,Chuột Bluetooth Silent Rapoo M500,Nguyễn Văn Phước,4
chuot-bluetooth-silent-rapoo-m500,Chuột Bluetooth Silent Rapoo M500,Nguyễn Hữu Danh,3
chuot-bluetooth-silent-rapoo-m500,Chuột Bluetooth Silent Rapoo M500,Anh Thục,5
chuot-bluetooth-silent-rapoo-m500,Chuột Bluetooth Silent Rapoo M500,Sương,5
chuot-bluetooth-silent-rapoo-m500,Chuột Bluetooth Silent Rapoo M500,Ha,1
chuot-bluetooth-silent-rapoo-m500,Chuột Bluetooth Silent Rapoo M500,Dũng Ngô,4
chuot-bluetooth-silent-rapoo-m500,Chuột Bluetooth Silent Rapoo M500,Khanh,5
chuot-bluetooth-silent-rapoo-m500,Chuột Bluetooth Silent Rapoo M500,Thuyết,5
chuot-bluetooth-silent-rapoo-m500,Chuột Bluetooth Silent Rapoo M500,36007 - Phạm Vũ Mạnh Linh,5
chuot-bluetooth-silent-rapoo-m500,Chuột Bluetooth Silent Rapoo M500,Hậu,5
chuot-bluetooth-silent-rapoo-m500,Chuột Bluetooth Silent Rapoo M500,Thơ,4
chuot-bluetooth-silent-rapoo-m500,Chuột Bluetooth Silent Rapoo M500,Sơn,5
chuot-bluetooth-silent-rapoo-m500,Chuột Bluetooth Silent Rapoo M500,Huỳnh Trọng Tiên,4
chuot-bluetooth-silent-rapoo-m500,Chuột Bluetooth Silent Rapoo M500,Cao Tấn Thành,4
chuot-bluetooth-silent-rapoo-m500,Chuột Bluetooth Silent Rapoo M500,Dương Van Minh,5
chuot-bluetooth-silent-rapoo-m500,Chuột Bluetooth Silent Rapoo M500,NGUYỄN VĂN HÙNG,2
chuot-bluetooth-silent-rapoo-m500,Chuột Bluetooth Silent Rapoo M500,Đặng Văn Dương,2
chuot-bluetooth-silent-rapoo-m500,Chuột Bluetooth Silent Rapoo M500,Khoa,5
chuot-bluetooth-silent-rapoo-m500,Chuột Bluetooth Silent Rapoo M500,Võ Xuân Anh Thư,4
chuot-bluetooth-silent-rapoo-m500,Chuột Bluetooth Silent Rapoo M500,Hoàng Khắc Minh Quân,5
chuot-bluetooth-silent-rapoo-m500,Chuột Bluetooth Silent Rapoo M500,Quách Bảo Minh,5
chuot-bluetooth-silent-rapoo-m500,Chuột Bluetooth Silent Rapoo M500,Toàn Khánh,3
chuot-bluetooth-silent-rapoo-m500,Chuột Bluetooth Silent Rapoo M500,NGUYỄN TUẤN ANH,5
chuot-bluetooth-silent-rapoo-m500,Chuột Bluetooth Silent Rapoo M500,Duc,5
chuot-bluetooth-silent-rapoo-m500,Chuột Bluetooth Silent Rapoo M500,Nguyễn Tiến,3
chuot-bluetooth-silent-rapoo-m500,Chuột Bluetooth Silent Rapoo M500,Hải,5
chuot-bluetooth-silent-rapoo-m500,Chuột Bluetooth Silent Rapoo M500,Nguyễn Hạnh,5
chuot-bluetooth-silent-rapoo-m500,Chuột Bluetooth Silent Rapoo M500,Phạm Gia Mẫn,5
chuot-bluetooth-silent-rapoo-m500,Chuột Bluetooth Silent Rapoo M500,Phan Tuấn Khanh,5
chuot-bluetooth-silent-rapoo-m500,Chuột Bluetooth Silent Rapoo M500,Huỳnh Vân Ngọc Quỳnh,5
chuot-bluetooth-silent-rapoo-m500,Chuột Bluetooth Silent Rapoo M500,Anh Hùng,3
chuot-bluetooth-silent-rapoo-m500,Chuột Bluetooth Silent Rapoo M500,Anh Kiên,5
chuot-bluetooth-silent-rapoo-m500,Chuột Bluetooth Silent Rapoo M500,Hoàng Anh,5
chuot-bluetooth-silent-rapoo-m500,Chuột Bluetooth Silent Rapoo M500,Phan Văn Nhí,5
chuot-bluetooth-silent-rapoo-m500,Chuột Bluetooth Silent Rapoo M500,Chị Trang,5
chuot-bluetooth-silent-rapoo-m500,Chuột Bluetooth Silent Rapoo M500,Nguyễn Hạnh,5
chuot-bluetooth-silent-rapoo-m500,Chuột Bluetooth Silent Rapoo M500,Cô Hà,5
chuot-bluetooth-silent-rapoo-m500,Chuột Bluetooth Silent Rapoo M500,Y Hà,4
chuot-bluetooth-silent-rapoo-m500,Chuột Bluetooth Silent Rapoo M500,Phạm Thiện,3
chuot-bluetooth-silent-rapoo-m500,Chuột Bluetooth Silent Rapoo M500,Anh Tùng,3
chuot-bluetooth-silent-rapoo-m500,Chuột Bluetooth Silent Rapoo M500,Tạ Đạt,5
chuot-bluetooth-silent-rapoo-m500,Chuột Bluetooth Silent Rapoo M500,Nguyễn Thị Hoa,5
chuot-bluetooth-silent-rapoo-m500,Chuột Bluetooth Silent Rapoo M500,Khánh,5
chuot-bluetooth-silent-rapoo-m500,Chuột Bluetooth Silent Rapoo M500,Thuân,4
chuot-bluetooth-silent-rapoo-m500,Chuột Bluetooth Silent Rapoo M500,KL,5
chuot-bluetooth-silent-rapoo-m500,Chuột Bluetooth Silent Rapoo M500,Phú,5
chuot-bluetooth-silent-rapoo-m500,Chuột Bluetooth Silent Rapoo M500,Hậu,5
chuot-bluetooth-silent-rapoo-m500,Chuột Bluetooth Silent Rapoo M500,Kiên,5
chuot-bluetooth-silent-rapoo-m500,Chuột Bluetooth Silent Rapoo M500,Nguyễn Hoàng Lâm,5
chuot-bluetooth-silent-rapoo-m500,Chuột Bluetooth Silent Rapoo M500,Trang,5
chuot-bluetooth-silent-rapoo-m500,Chuột Bluetooth Silent Rapoo M500,Sánh,5
chuot-bluetooth-silent-rapoo-m500,Chuột Bluetooth Silent Rapoo M500,Anh Hải,1
chuot-bluetooth-silent-rapoo-m500,Chuột Bluetooth Silent Rapoo M500,Tú,3
chuot-bluetooth-silent-rapoo-m500,Chuột Bluetooth Silent Rapoo M500,Phan Nhật Trung,2
chuot-bluetooth-silent-rapoo-m500,Chuột Bluetooth Silent Rapoo M500,Cao Xuân Nhật,2
chuot-bluetooth-silent-rapoo-m500,Chuột Bluetooth Silent Rapoo M500,Anh Ân,1
chuot-bluetooth-silent-rapoo-m500,Chuột Bluetooth Silent Rapoo M500,Vũ Văn Sáu,5
chuot-bluetooth-silent-rapoo-m500,Chuột Bluetooth Silent Rapoo M500,Ngô Đoàn Tấn Huy,5
chuot-bluetooth-silent-rapoo-m500,Chuột Bluetooth Silent Rapoo M500,Nguyễn Minh Tuân,5
chuot-gaming-logitech-g403-hero-den,Chuột Có dây Gaming Logitech G403 Hero,Hồ Anh Sáng,5
chuot-gaming-logitech-g403-hero-den,Chuột Có dây Gaming Logitech G403 Hero,Trần Văn Học,5
chuot-gaming-logitech-g403-hero-den,Chuột Có dây Gaming Logitech G403 Hero,Lê Quang Thắng,5
chuot-gaming-logitech-g403-hero-den,Chuột Có dây Gaming Logitech G403 Hero,Vu Tien Nam,5
chuot-khong-day-zadez-m338,Chuột Không dây Zadez M338,Hoàng Vũ Thăng,1
chuot-khong-day-zadez-m338,Chuột Không dây Zadez M338,Anh Tây,4
chuot-khong-day-zadez-m338,Chuột Không dây Zadez M338,Võ Thành Trung,5
chuot-khong-day-zadez-m338,Chuột Không dây Zadez M338,Lê Đình Trọng,1
chuot-khong-day-zadez-m338,Chuột Không dây Zadez M338,Du Đức Huy,5
chuot-khong-day-zadez-m338,Chuột Không dây Zadez M338,Lê Phú Hoành,5
chuot-khong-day-zadez-m338,Chuột Không dây Zadez M338,Trần Lê Liêm,5
chuot-khong-day-zadez-m338,Chuột Không dây Zadez M338,Trần Quốc Hoàng,5
chuot-khong-day-zadez-m338,Chuột Không dây Zadez M338,Trí,1
chuot-khong-day-zadez-m338,Chuột Không dây Zadez M338,Trần Gia Bảo,3
chuot-khong-day-zadez-m338,Chuột Không dây Zadez M338,Hồ Văn Phương,3
chuot-khong-day-zadez-m338,Chuột Không dây Zadez M338,Anh Thiết,5
chuot-khong-day-zadez-m338,Chuột Không dây Zadez M338,Việt Anh,5
chuot-khong-day-zadez-m338,Chuột Không dây Zadez M338,Tram,3
chuot-khong-day-zadez-m338,Chuột Không dây Zadez M338,Quyền Vương,1
chuot-khong-day-zadez-m338,Chuột Không dây Zadez M338,Thành,5
chuot-khong-day-zadez-m338,Chuột Không dây Zadez M338,Hồ Thanh Tuyền,5
chuot-khong-day-zadez-m338,Chuột Không dây Zadez M338,Nguyễn Văn Tốt,5
chuot-khong-day-zadez-m338,Chuột Không dây Zadez M338,Nguyễn Thị Thanh Nhi,4
chuot-khong-day-zadez-m338,Chuột Không dây Zadez M338,Lê Thi,4
chuot-khong-day-zadez-m338,Chuột Không dây Zadez M338,Hoàng Vũ Thăng,1
chuot-khong-day-zadez-m338,Chuột Không dây Zadez M338,Anh Tây,4
chuot-khong-day-zadez-m338,Chuột Không dây Zadez M338,Võ Thành Trung,5
chuot-khong-day-zadez-m338,Chuột Không dây Zadez M338,Lê Đình Trọng,1
chuot-khong-day-zadez-m338,Chuột Không dây Zadez M338,Du Đức Huy,5
chuot-khong-day-zadez-m338,Chuột Không dây Zadez M338,Lê Phú Hoành,5
chuot-khong-day-zadez-m338,Chuột Không dây Zadez M338,Trần Lê Liêm,5
chuot-khong-day-zadez-m338,Chuột Không dây Zadez M338,Trần Quốc Hoàng,5
chuot-khong-day-zadez-m338,Chuột Không dây Zadez M338,Trí,1
chuot-khong-day-zadez-m338,Chuột Không dây Zadez M338,Trần Gia Bảo,3
chuot-khong-day-zadez-m338,Chuột Không dây Zadez M338,Hồ Văn Phương,3
chuot-khong-day-zadez-m338,Chuột Không dây Zadez M338,Anh Thiết,5
chuot-khong-day-zadez-m338,Chuột Không dây Zadez M338,Việt Anh,5
chuot-khong-day-zadez-m338,Chuột Không dây Zadez M338,Tram,3
chuot-khong-day-zadez-m338,Chuột Không dây Zadez M338,Quyền Vương,1
chuot-khong-day-zadez-m338,Chuột Không dây Zadez M338,Thành,5
chuot-khong-day-zadez-m338,Chuột Không dây Zadez M338,Hồ Thanh Tuyền,5
chuot-khong-day-zadez-m338,Chuột Không dây Zadez M338,Nguyễn Văn Tốt,5
chuot-khong-day-zadez-m338,Chuột Không dây Zadez M338,Nguyễn Thị Thanh Nhi,4
chuot-khong-day-zadez-m338,Chuột Không dây Zadez M338,Lê Thi,4
chuot-khong-day-zadez-m338,Chuột Không dây Zadez M338,Tiêu Ngọc Quí,5
chuot-khong-day-zadez-m338,Chuột Không dây Zadez M338,NGUYỄN THỊ KIM THẮM,5
chuot-khong-day-zadez-m338,Chuột Không dây Zadez M338,Trần Nguyễn Hưng Đô,5
chuot-khong-day-zadez-m338,Chuột Không dây Zadez M338,Anh Duy,4
chuot-khong-day-zadez-m338,Chuột Không dây Zadez M338,Anh Dũng,5
chuot-khong-day-zadez-m338,Chuột Không dây Zadez M338,Nguyen Van Nam,5
chuot-khong-day-zadez-m338,Chuột Không dây Zadez M338,Nhữ Thị Út,4
chuot-khong-day-zadez-m338,Chuột Không dây Zadez M338,Anh Hải,3
chuot-khong-day-zadez-m338,Chuột Không dây Zadez M338,Nguyễn Quốc Cường,2
chuot-khong-day-zadez-m338,Chuột Không dây Zadez M338,Lưn,1
chuot-khong-day-zadez-m338,Chuột Không dây Zadez M338,Đào Ngọc Tín,5
chuot-khong-day-zadez-m338,Chuột Không dây Zadez M338,Duy Hiếu,3
chuot-khong-day-zadez-m338,Chuột Không dây Zadez M338,Trần Thị Thuý Nga,5
chuot-khong-day-zadez-m338,Chuột Không dây Zadez M338,Yến,4
chuot-khong-day-zadez-m338,Chuột Không dây Zadez M338,A Dũng,5
chuot-khong-day-zadez-m338,Chuột Không dây Zadez M338,Tú,5
chuot-khong-day-zadez-m338,Chuột Không dây Zadez M338,Kiều Khoa,5
chuot-khong-day-zadez-m338,Chuột Không dây Zadez M338,Lê Tuấn Kiệt,5
chuot-khong-day-zadez-m338,Chuột Không dây Zadez M338,Nguyễn Duy Hòa,4
chuot-khong-day-zadez-m338,Chuột Không dây Zadez M338,Liêm,4
chuot-khong-day-zadez-m338,Chuột Không dây Zadez M338,Huỳnh Trần Thuỳ Trang,1
chuot-khong-day-zadez-m338,Chuột Không dây Zadez M338,Tài,4
chuot-khong-day-zadez-m338,Chuột Không dây Zadez M338,Chị Yến,5
chuot-khong-day-zadez-m338,Chuột Không dây Zadez M338,Ngân,5
chuot-khong-day-zadez-m338,Chuột Không dây Zadez M338,Anh,5
chuot-khong-day-zadez-m338,Chuột Không dây Zadez M338,Tú,4
chuot-khong-day-zadez-m338,Chuột Không dây Zadez M338,Nguyễn Thành Thật,3
chuot-khong-day-zadez-m338,Chuột Không dây Zadez M338,Đặng Quang Minh,5
chuot-khong-day-zadez-m338,Chuột Không dây Zadez M338,NGUYỄN NGỌC THANH,2
chuot-khong-day-zadez-m338,Chuột Không dây Zadez M338,Lê Văn Kiệm,3
chuot-khong-day-zadez-m338,Chuột Không dây Zadez M338,Lương,5
chuot-khong-day-zadez-m338,Chuột Không dây Zadez M338,Huỳnh Minh Tiến,5
chuot-khong-day-zadez-m338,Chuột Không dây Zadez M338,Trần Miêu,5
chuot-khong-day-zadez-m338,Chuột Không dây Zadez M338,ĐẶNG NGỌC MINH,5
chuot-khong-day-zadez-m338,Chuột Không dây Zadez M338,Hiếu,2
chuot-khong-day-zadez-m338,Chuột Không dây Zadez M338,Anh Thiệp,4
chuot-khong-day-zadez-m338,Chuột Không dây Zadez M338,Phạm Thanh Phong,5
chuot-khong-day-zadez-m338,Chuột Không dây Zadez M338,Võ Thị Mỹ Trinh,3
chuot-khong-day-zadez-m338,Chuột Không dây Zadez M338,Trang Thuy Ngoc Le,4
chuot-khong-day-zadez-m338,Chuột Không dây Zadez M338,Nguyễn Đức Ba,5
chuot-khong-day-zadez-m338,Chuột Không dây Zadez M338,Chi,5
chuot-khong-day-zadez-m338,Chuột Không dây Zadez M338,Võ Thanh Duy,5
chuot-khong-day-zadez-m338,Chuột Không dây Zadez M338,Nguyễn Minh Quân,5
chuot-khong-day-zadez-m338,Chuột Không dây Zadez M338,Vũ Chí Hiếu,5
chuot-khong-day-zadez-m338,Chuột Không dây Zadez M338,Trang,5
chuot-khong-day-zadez-m338,Chuột Không dây Zadez M338,Ngô Đạt,5
chuot-khong-day-zadez-m338,Chuột Không dây Zadez M338,Phụng,3
chuot-khong-day-zadez-m338,Chuột Không dây Zadez M338,NGUYEN THI PHUONG,3
chuot-khong-day-zadez-m338,Chuột Không dây Zadez M338,TRẦN VĂN DƯƠNG,5
chuot-khong-day-zadez-m338,Chuột Không dây Zadez M338,Duy Anh,5
chuot-khong-day-zadez-m338,Chuột Không dây Zadez M338,Vũ Thanh Tùng,2
chuot-khong-day-zadez-m338,Chuột Không dây Zadez M338,AnhAn,2
chuot-khong-day-zadez-m338,Chuột Không dây Zadez M338,Châu Ngọc Phong,1
chuot-khong-day-zadez-m338,Chuột Không dây Zadez M338,Vũ,3
chuot-khong-day-zadez-m338,Chuột Không dây Zadez M338,Diệu,2
chuot-khong-day-zadez-m338,Chuột Không dây Zadez M338,Nguyễn Hoàng Ân,2
chuot-khong-day-zadez-m338,Chuột Không dây Zadez M338,Thắng,2
chuot-khong-day-zadez-m338,Chuột Không dây Zadez M338,Nguyễn Quốc Khánh,3
chuot-khong-day-zadez-m338,Chuột Không dây Zadez M338,Lâm Sang,5
chuot-khong-day-zadez-m338,Chuột Không dây Zadez M338,Huỳnh Thư,4
chuot-khong-day-zadez-m338,Chuột Không dây Zadez M338,Anh Duy,4
chuot-khong-day-zadez-m338,Chuột Không dây Zadez M338,Anh Tùng,4
chuot-khong-day-zadez-m338,Chuột Không dây Zadez M338,Anh Tú,4
chuot-khong-day-zadez-m338,Chuột Không dây Zadez M338,Anh Khánh,3
chuot-khong-day-zadez-m338,Chuột Không dây Zadez M338,Phượng,3
chuot-khong-day-zadez-m338,Chuột Không dây Zadez M338,Đặng Duy Thành,5
chuot-khong-day-zadez-m338,Chuột Không dây Zadez M338,Bình,4
chuot-khong-day-zadez-m338,Chuột Không dây Zadez M338,TRƯƠNG THỊ NGỌC TRANH,4
chuot-khong-day-zadez-m338,Chuột Không dây Zadez M338,Hồng Quân,4
chuot-khong-day-zadez-m338,Chuột Không dây Zadez M338,Đình Quyết,5
chuot-khong-day-zadez-m338,Chuột Không dây Zadez M338,Thành,4
chuot-khong-day-rapoo-1620-den,Chuột Không dây Rapoo 1620,Lê Long,4
chuot-khong-day-rapoo-1620-den,Chuột Không dây Rapoo 1620,Linh,2
chuot-khong-day-rapoo-1620-den,Chuột Không dây Rapoo 1620,Võ Thanh Thảo,3
chuot-khong-day-rapoo-1620-den,Chuột Không dây Rapoo 1620,Nguyễn Hồng Minh,5
chuot-khong-day-rapoo-1620-den,Chuột Không dây Rapoo 1620,Nguy Văn Tèo,5
chuot-khong-day-rapoo-1620-den,Chuột Không dây Rapoo 1620,Thái Trường An,5
chuot-khong-day-rapoo-1620-den,Chuột Không dây Rapoo 1620,Võ Trần Xuân Mai,5
chuot-khong-day-rapoo-1620-den,Chuột Không dây Rapoo 1620,Nguyễn Thế Luân,5
chuot-khong-day-rapoo-1620-den,Chuột Không dây Rapoo 1620,Nguyễn Văn Anh,5
chuot-khong-day-rapoo-1620-den,Chuột Không dây Rapoo 1620,Chị Lụa,5
chuot-khong-day-rapoo-1620-den,Chuột Không dây Rapoo 1620,Bùi Ưng,5
chuot-khong-day-rapoo-1620-den,Chuột Không dây Rapoo 1620,Trung,5
chuot-khong-day-rapoo-1620-den,Chuột Không dây Rapoo 1620,Quí,2
chuot-khong-day-rapoo-1620-den,Chuột Không dây Rapoo 1620,Lưu Doãn Tài,4
chuot-khong-day-rapoo-1620-den,Chuột Không dây Rapoo 1620,Ngân,5
chuot-khong-day-rapoo-1620-den,Chuột Không dây Rapoo 1620,Hue,4
chuot-khong-day-rapoo-1620-den,Chuột Không dây Rapoo 1620,Lại Văn Sang,4
chuot-khong-day-rapoo-1620-den,Chuột Không dây Rapoo 1620,Nguyễn Văn Huy,5
chuot-khong-day-rapoo-1620-den,Chuột Không dây Rapoo 1620,Giang,4
chuot-khong-day-rapoo-1620-den,Chuột Không dây Rapoo 1620,Trần Minh Hoài,3
chuot-khong-day-rapoo-1620-den,Chuột Không dây Rapoo 1620,Lê Long,4
chuot-khong-day-rapoo-1620-den,Chuột Không dây Rapoo 1620,Linh,2
chuot-khong-day-rapoo-1620-den,Chuột Không dây Rapoo 1620,Võ Thanh Thảo,3
chuot-khong-day-rapoo-1620-den,Chuột Không dây Rapoo 1620,Nguyễn Hồng Minh,5
chuot-khong-day-rapoo-1620-den,Chuột Không dây Rapoo 1620,Nguy Văn Tèo,5
chuot-khong-day-rapoo-1620-den,Chuột Không dây Rapoo 1620,Nguyễn Anh Tú,5
chuot-khong-day-rapoo-1620-den,Chuột Không dây Rapoo 1620,Dương Huy Tùng,2
chuot-khong-day-rapoo-1620-den,Chuột Không dây Rapoo 1620,Nguyễn Trung Dũng,4
chuot-khong-day-rapoo-1620-den,Chuột Không dây Rapoo 1620,Thach Sa My,5
chuot-khong-day-rapoo-1620-den,Chuột Không dây Rapoo 1620,Anh Tú,4
chuot-khong-day-rapoo-1620-den,Chuột Không dây Rapoo 1620,Anh Thắng,5
chuot-khong-day-rapoo-1620-den,Chuột Không dây Rapoo 1620,Linh,5
chuot-khong-day-rapoo-1620-den,Chuột Không dây Rapoo 1620,Em Bắc,5
chuot-khong-day-rapoo-1620-den,Chuột Không dây Rapoo 1620,Tuyền,5
chuot-khong-day-rapoo-1620-den,Chuột Không dây Rapoo 1620,Tuan,5
chuot-khong-day-rapoo-1620-den,Chuột Không dây Rapoo 1620,Ms Tin,5
chuot-khong-day-rapoo-1620-den,Chuột Không dây Rapoo 1620,Anh Tĩnh,2
chuot-khong-day-rapoo-1620-den,Chuột Không dây Rapoo 1620,Anh Trung,5
chuot-khong-day-rapoo-1620-den,Chuột Không dây Rapoo 1620,Lò Văn Nhất,5
chuot-khong-day-rapoo-1620-den,Chuột Không dây Rapoo 1620,Ch Thuý,5
chuot-khong-day-rapoo-1620-den,Chuột Không dây Rapoo 1620,Trinh,5
chuot-khong-day-rapoo-1620-den,Chuột Không dây Rapoo 1620,Phan Tùng Lâm,5
chuot-khong-day-rapoo-1620-den,Chuột Không dây Rapoo 1620,Lương Chí Linh,4
chuot-khong-day-rapoo-1620-den,Chuột Không dây Rapoo 1620,Long,5
chuot-khong-day-rapoo-1620-den,Chuột Không dây Rapoo 1620,Vũ Thị Linh,5
chuot-khong-day-rapoo-1620-den,Chuột Không dây Rapoo 1620,Huỳnh Tuấn Anh,5
chuot-khong-day-rapoo-1620-den,Chuột Không dây Rapoo 1620,NGUYỄN THANH SƠN,5
chuot-khong-day-rapoo-1620-den,Chuột Không dây Rapoo 1620,Anh Út,5
chuot-khong-day-rapoo-1620-den,Chuột Không dây Rapoo 1620,Trần Mạnh Cường,5
chuot-khong-day-rapoo-1620-den,Chuột Không dây Rapoo 1620,Anh Phú,4
chuot-khong-day-rapoo-1620-den,Chuột Không dây Rapoo 1620,Phạm Văn Mót,5
chuot-khong-day-rapoo-1620-den,Chuột Không dây Rapoo 1620,Võ Bách Tùng,5
chuot-khong-day-rapoo-1620-den,Chuột Không dây Rapoo 1620,Nga,4
chuot-khong-day-rapoo-1620-den,Chuột Không dây Rapoo 1620,Hiếu,5
chuot-khong-day-rapoo-1620-den,Chuột Không dây Rapoo 1620,Nguyễn Sang,1
chuot-khong-day-rapoo-1620-den,Chuột Không dây Rapoo 1620,Cô Lệ,5
chuot-khong-day-rapoo-1620-den,Chuột Không dây Rapoo 1620,Ngô Vĩnh Phú,1
chuot-khong-day-rapoo-1620-den,Chuột Không dây Rapoo 1620,Anh Hà,5
chuot-khong-day-rapoo-1620-den,Chuột Không dây Rapoo 1620,Nghĩa,4
chuot-khong-day-rapoo-1620-den,Chuột Không dây Rapoo 1620,Hoàng Ân,5
chuot-khong-day-rapoo-1620-den,Chuột Không dây Rapoo 1620,Tạ Đình Thuỷ,5
chuot-khong-day-rapoo-1620-den,Chuột Không dây Rapoo 1620,Phan Trọng Quý,5
chuot-khong-day-rapoo-1620-den,Chuột Không dây Rapoo 1620,Anh Tiếp,3
chuot-khong-day-rapoo-1620-den,Chuột Không dây Rapoo 1620,Anh Quyền,4
chuot-khong-day-rapoo-1620-den,Chuột Không dây Rapoo 1620,Triệu Láo Lớ,4
chuot-khong-day-rapoo-1620-den,Chuột Không dây Rapoo 1620,Bùi Văn Vững,5
chuot-khong-day-rapoo-1620-den,Chuột Không dây Rapoo 1620,Trâm Anh,1
chuot-khong-day-rapoo-1620-den,Chuột Không dây Rapoo 1620,PHAN TRUNG LẬP,2
chuot-khong-day-rapoo-1620-den,Chuột Không dây Rapoo 1620,LƯƠNG TẤN LỰC,2
chuot-khong-day-rapoo-1620-den,Chuột Không dây Rapoo 1620,Bùi Thị Thanh,2
chuot-khong-day-rapoo-1620-den,Chuột Không dây Rapoo 1620,Vũ Đức Minh Trí,4
chuot-khong-day-rapoo-1620-den,Chuột Không dây Rapoo 1620,Chú Kiên,2
chuot-khong-day-rapoo-1620-den,Chuột Không dây Rapoo 1620,Đỗ Anh Thái,1
chuot-khong-day-rapoo-1620-den,Chuột Không dây Rapoo 1620,Anh Dũng,5
chuot-khong-day-rapoo-1620-den,Chuột Không dây Rapoo 1620,Hoàng Thị Thu Hường,4
chuot-khong-day-rapoo-1620-den,Chuột Không dây Rapoo 1620,Nhã,5
chuot-khong-day-rapoo-1620-den,Chuột Không dây Rapoo 1620,Anh Tuân,5
chuot-khong-day-rapoo-1620-den,Chuột Không dây Rapoo 1620,Anh Khánh,4
chuot-khong-day-rapoo-1620-den,Chuột Không dây Rapoo 1620,Nguyễn Tiến Khoản,5
chuot-khong-day-rapoo-1620-den,Chuột Không dây Rapoo 1620,Huỳnh,4
chuot-khong-day-rapoo-1620-den,Chuột Không dây Rapoo 1620,Đỗ Thanh Tuấn,5
chuot-khong-day-rapoo-1620-den,Chuột Không dây Rapoo 1620,Phương Thanh,3
chuot-khong-day-rapoo-1620-den,Chuột Không dây Rapoo 1620,Nguyễn Trường Nhật Vũ,2
chuot-khong-day-rapoo-1620-den,Chuột Không dây Rapoo 1620,Nhi,3
chuot-khong-day-rapoo-1620-den,Chuột Không dây Rapoo 1620,Anh Hai,4
chuot-khong-day-rapoo-1620-den,Chuột Không dây Rapoo 1620,Bùi Văn Vững,5
chuot-khong-day-rapoo-1620-den,Chuột Không dây Rapoo 1620,Trâm Anh,1
chuot-khong-day-rapoo-1620-den,Chuột Không dây Rapoo 1620,PHAN TRUNG LẬP,2
chuot-khong-day-rapoo-1620-den,Chuột Không dây Rapoo 1620,LƯƠNG TẤN LỰC,2
chuot-khong-day-rapoo-1620-den,Chuột Không dây Rapoo 1620,Bùi Thị Thanh,2
chuot-khong-day-rapoo-1620-den,Chuột Không dây Rapoo 1620,Vũ Đức Minh Trí,4
chuot-khong-day-rapoo-1620-den,Chuột Không dây Rapoo 1620,Chú Kiên,2
chuot-khong-day-rapoo-1620-den,Chuột Không dây Rapoo 1620,Đỗ Anh Thái,1
chuot-khong-day-rapoo-1620-den,Chuột Không dây Rapoo 1620,Anh Dũng,5
chuot-khong-day-rapoo-1620-den,Chuột Không dây Rapoo 1620,Hoàng Thị Thu Hường,4
chuot-khong-day-rapoo-1620-den,Chuột Không dây Rapoo 1620,Nhã,5
chuot-khong-day-rapoo-1620-den,Chuột Không dây Rapoo 1620,Anh Tuân,5
chuot-khong-day-rapoo-1620-den,Chuột Không dây Rapoo 1620,Anh Khánh,4
chuot-khong-day-rapoo-1620-den,Chuột Không dây Rapoo 1620,Nguyễn Tiến Khoản,5
chuot-khong-day-rapoo-1620-den,Chuột Không dây Rapoo 1620,Huỳnh,4
chuot-khong-day-rapoo-1620-den,Chuột Không dây Rapoo 1620,Đỗ Thanh Tuấn,5
chuot-khong-day-rapoo-1620-den,Chuột Không dây Rapoo 1620,Phương Thanh,3
chuot-khong-day-rapoo-1620-den,Chuột Không dây Rapoo 1620,Nguyễn Trường Nhật Vũ,2
chuot-khong-day-rapoo-1620-den,Chuột Không dây Rapoo 1620,Nhi,3
chuot-khong-day-rapoo-1620-den,Chuột Không dây Rapoo 1620,Anh Hai,4
chuot-khong-day-rapoo-1620-den,Chuột Không dây Rapoo 1620,Đôn,5
chuot-khong-day-rapoo-1620-den,Chuột Không dây Rapoo 1620,PHAM VAN THU,3
chuot-khong-day-rapoo-1620-den,Chuột Không dây Rapoo 1620,Anh Hoạch,4
chuot-khong-day-rapoo-1620-den,Chuột Không dây Rapoo 1620,Đinh Công Nguyễn,1
chuot-khong-day-rapoo-1620-den,Chuột Không dây Rapoo 1620,Đức,3
chuot-khong-day-rapoo-1620-den,Chuột Không dây Rapoo 1620,PhạM ĐứC LượNg,2
chuot-khong-day-rapoo-1620-den,Chuột Không dây Rapoo 1620,Quốc Đạt,1
chuot-khong-day-rapoo-1620-den,Chuột Không dây Rapoo 1620,Anh Phước,1
chuot-khong-day-rapoo-1620-den,Chuột Không dây Rapoo 1620,Anh Phong,4
chuot-khong-day-rapoo-1620-den,Chuột Không dây Rapoo 1620,Hoàng Vũ,1
chuot-khong-day-rapoo-1620-den,Chuột Không dây Rapoo 1620,Hồ Ngọc An,1
chuot-khong-day-rapoo-1620-den,Chuột Không dây Rapoo 1620,Chị Diệu,5
chuot-khong-day-rapoo-1620-den,Chuột Không dây Rapoo 1620,Trần Nguyễn Thu Hằng,5
chuot-khong-day-rapoo-1620-den,Chuột Không dây Rapoo 1620,Nguyễn Hoàng Anh Vũ,5
chuot-khong-day-rapoo-1620-den,Chuột Không dây Rapoo 1620,Cô Duyên,4
chuot-khong-day-rapoo-1620-den,Chuột Không dây Rapoo 1620,Lê Thị Yến Nhi,5
chuot-khong-day-rapoo-1620-den,Chuột Không dây Rapoo 1620,Nguyễn Thị Mỹ Phương,4
chuot-khong-day-rapoo-1620-den,Chuột Không dây Rapoo 1620,Chị Phượng,3
chuot-khong-day-rapoo-1620-den,Chuột Không dây Rapoo 1620,Dũng,4
chuot-khong-day-rapoo-1620-den,Chuột Không dây Rapoo 1620,Hoài,5
chuot-khong-day-rapoo-1620-den,Chuột Không dây Rapoo 1620,ĐOÀN VŨ TƯỜNG VI,4
chuot-khong-day-rapoo-1620-den,Chuột Không dây Rapoo 1620,Huyền,4
chuot-khong-day-rapoo-1620-den,Chuột Không dây Rapoo 1620,Điền,4
chuot-khong-day-rapoo-1620-den,Chuột Không dây Rapoo 1620,Anh Minh,4
chuot-khong-day-rapoo-1620-den,Chuột Không dây Rapoo 1620,Chị Tâm,5
chuot-khong-day-rapoo-1620-den,Chuột Không dây Rapoo 1620,Hùng,5
chuot-khong-day-rapoo-1620-den,Chuột Không dây Rapoo 1620,Trần Hoài Linh,3
chuot-khong-day-rapoo-1620-den,Chuột Không dây Rapoo 1620,Lê Văn Lợi,5
chuot-khong-day-rapoo-1620-den,Chuột Không dây Rapoo 1620,Nguyen Dinh Toan,5
chuot-khong-day-rapoo-1620-den,Chuột Không dây Rapoo 1620,Vũ,5
chuot-khong-day-rapoo-1620-den,Chuột Không dây Rapoo 1620,Nguyễn Thị Trà My,5
chuot-bluetooth-silent-dareu-lm135d?utm_flashsale=1,Chuột sạc Bluetooth Silent DareU LM135D,Nguyễn Văn Hoàng,5
chuot-bluetooth-silent-dareu-lm135d?utm_flashsale=1,Chuột sạc Bluetooth Silent DareU LM135D,Yến Phượng,4
chuot-bluetooth-silent-dareu-lm135d?utm_flashsale=1,Chuột sạc Bluetooth Silent DareU LM135D,Nhi,5
chuot-bluetooth-silent-dareu-lm135d?utm_flashsale=1,Chuột sạc Bluetooth Silent DareU LM135D,Hoàng Kim Ngân,4
chuot-bluetooth-gaming-corsair-harpoon-rgb-den,Chuột sạc Bluetooth Gaming Corsair Harpoon RGB,DƯƠNG VĂN VIỆT,5
chuot-bluetooth-gaming-corsair-harpoon-rgb-den,Chuột sạc Bluetooth Gaming Corsair Harpoon RGB,Tuyết Lam,5
chuot-bluetooth-gaming-corsair-harpoon-rgb-den,Chuột sạc Bluetooth Gaming Corsair Harpoon RGB,Đình,5
chuot-bluetooth-gaming-corsair-harpoon-rgb-den,Chuột sạc Bluetooth Gaming Corsair Harpoon RGB,NGUYỄN XUÂN NHẬT ANH,5
chuot-bluetooth-gaming-corsair-harpoon-rgb-den,Chuột sạc Bluetooth Gaming Corsair Harpoon RGB,Kỳ Trương,2
chuot-bluetooth-gaming-corsair-harpoon-rgb-den,Chuột sạc Bluetooth Gaming Corsair Harpoon RGB,Anh Tài,1
chuot-bluetooth-gaming-corsair-harpoon-rgb-den,Chuột sạc Bluetooth Gaming Corsair Harpoon RGB,Nguyễn Huỳnh Minh Tâm,3
chuot-bluetooth-gaming-corsair-harpoon-rgb-den,Chuột sạc Bluetooth Gaming Corsair Harpoon RGB,Nhung,3
chuot-bluetooth-gaming-corsair-harpoon-rgb-den,Chuột sạc Bluetooth Gaming Corsair Harpoon RGB,Anh Sỹ,3
chuot-bluetooth-gaming-corsair-harpoon-rgb-den,Chuột sạc Bluetooth Gaming Corsair Harpoon RGB,Hiếu,3
chuot-bluetooth-gaming-corsair-harpoon-rgb-den,Chuột sạc Bluetooth Gaming Corsair Harpoon RGB,Võ Thành Luân,4
chuot-bluetooth-gaming-corsair-harpoon-rgb-den,Chuột sạc Bluetooth Gaming Corsair Harpoon RGB,Huỳnh Tấn Đạt,5
chuot-gaming-corsair-nightsword-rgb-den,Chuột Có dây Gaming Corsair Nightsword RGB,Tiến,5
chuot-gaming-corsair-nightsword-rgb-den,Chuột Có dây Gaming Corsair Nightsword RGB,Nguyễn Ngọc Tuyết Trinh,5
chuot-gaming-corsair-nightsword-rgb-den,Chuột Có dây Gaming Corsair Nightsword RGB,Lê Vương Gia Huân,3
chuot-gaming-corsair-nightsword-rgb-den,Chuột Có dây Gaming Corsair Nightsword RGB,Anh Hiếu,4
chuot-gaming-corsair-nightsword-rgb-den,Chuột Có dây Gaming Corsair Nightsword RGB,Vo Minh Phat,5
chuot-co-day-gaming-rapoo-v25s,Chuột Có dây Gaming Rapoo V25S,Lê Bảo Pha,5
chuot-co-day-gaming-rapoo-v25s,Chuột Có dây Gaming Rapoo V25S,Thanh Tuyền,3
chuot-co-day-gaming-rapoo-v25s,Chuột Có dây Gaming Rapoo V25S,Khánh,5
chuot-co-day-gaming-hp-hyperx-pulsefire-haste-ii?utm_flashsale=1,Chuột Có dây Gaming HP HyperX Pulsefire Haste II,Hoàng,5
chuot-bluetooth-gaming-corsair-katar-pro,Chuột Bluetooth Gaming Corsair Katar PRO,Nguyễn Trọng Thê,4
chuot-khong-day-zadez-m353-xam,Chuột Không dây Zadez M353,Thái,4
chuot-khong-day-zadez-m353-xam,Chuột Không dây Zadez M353,Dang Duc Tuan,3
chuot-khong-day-zadez-m353-xam,Chuột Không dây Zadez M353,Thông,1
chuot-khong-day-zadez-m353-xam,Chuột Không dây Zadez M353,Phương,1
chuot-khong-day-zadez-m353-xam,Chuột Không dây Zadez M353,Anh Tú,4
chuot-khong-day-zadez-m353-xam,Chuột Không dây Zadez M353,Quang Đạt,5
chuot-khong-day-zadez-m353-xam,Chuột Không dây Zadez M353,Hoàng Phú,2
chuot-khong-day-zadez-m353-xam,Chuột Không dây Zadez M353,CÔNG TY TNHH SẢN XUẤT VÀ THƯƠNG MẠI MEIKO,5
chuot-khong-day-zadez-m353-xam,Chuột Không dây Zadez M353,Dương Văn Duy,5
chuot-khong-day-zadez-m353-xam,Chuột Không dây Zadez M353,Đinh Quyết Thành,2
chuot-khong-day-zadez-m353-xam,Chuột Không dây Zadez M353,LÊ ĐÌNH HÙNG,5
chuot-khong-day-zadez-m353-xam,Chuột Không dây Zadez M353,Đoàn Trần Tiến Trí,5
chuot-khong-day-zadez-m353-xam,Chuột Không dây Zadez M353,Hiệp,1
chuot-khong-day-zadez-m353-xam,Chuột Không dây Zadez M353,Đặng Quốc Trường,1
chuot-khong-day-zadez-m353-xam,Chuột Không dây Zadez M353,Em Khiêm,3
chuot-khong-day-zadez-m353-xam,Chuột Không dây Zadez M353,Nguyễn Trí,2
chuot-khong-day-zadez-m353-xam,Chuột Không dây Zadez M353,Bùi Thanh Lịch,5
chuot-khong-day-zadez-m353-xam,Chuột Không dây Zadez M353,Anh Khang,1
chuot-khong-day-zadez-m353-xam,Chuột Không dây Zadez M353,Hoàng,5
chuot-khong-day-zadez-m353-xam,Chuột Không dây Zadez M353,Nguyễn Hoàng Thiện,1
chuot-khong-day-zadez-m353-xam,Chuột Không dây Zadez M353,Hữu Tài,2
chuot-khong-day-zadez-m353-xam,Chuột Không dây Zadez M353,Lê Trần Minh Khôi,2
chuot-khong-day-zadez-m353-xam,Chuột Không dây Zadez M353,Bùi Xuân Đại,1
chuot-khong-day-zadez-m353-xam,Chuột Không dây Zadez M353,Nguyễn Thụy,5
chuot-khong-day-zadez-m353-xam,Chuột Không dây Zadez M353,Bùi Xuân Đại,1
chuot-khong-day-zadez-m353-xam,Chuột Không dây Zadez M353,Công Ty TNHH Công Nghệ Tin Học Trần Nguyễn,1
chuot-khong-day-zadez-m353-xam,Chuột Không dây Zadez M353,Nguyễn Quốc Hưng,3
chuot-khong-day-zadez-m353-xam,Chuột Không dây Zadez M353,Đỗ Anh Phi,3
chuot-khong-day-zadez-m353-xam,Chuột Không dây Zadez M353,Võ Thanh Nhàn,1
chuot-khong-day-zadez-m353-xam,Chuột Không dây Zadez M353,Đặng Thế Hưng,4
chuot-khong-day-zadez-m353-xam,Chuột Không dây Zadez M353,Anh Tuấn,4
chuot-khong-day-zadez-m353-xam,Chuột Không dây Zadez M353,Hoang Hai Dang,5
chuot-khong-day-logitech-m190,Chuột Không dây Logitech M190,Chinh Hoang,1
chuot-khong-day-logitech-m190,Chuột Không dây Logitech M190,Tuyen,2
chuot-khong-day-logitech-m190,Chuột Không dây Logitech M190,Tùng,4
chuot-khong-day-logitech-m190,Chuột Không dây Logitech M190,Huy,3
chuot-khong-day-logitech-m190,Chuột Không dây Logitech M190,NGUYỄN VĂN DƯƠNG,4
chuot-khong-day-logitech-m190,Chuột Không dây Logitech M190,Trang,5
chuot-khong-day-logitech-m190,Chuột Không dây Logitech M190,Huỳnh Văn Nhân,4
chuot-khong-day-logitech-m190,Chuột Không dây Logitech M190,Phan Long Giang,5
chuot-khong-day-logitech-m190,Chuột Không dây Logitech M190,Kiệt,3
chuot-khong-day-logitech-m190,Chuột Không dây Logitech M190,Nguyễn Thanh Sang,4
chuot-khong-day-logitech-m190,Chuột Không dây Logitech M190,Võ Thành Lương,4
chuot-khong-day-logitech-m190,Chuột Không dây Logitech M190,Phan Tài,4
chuot-khong-day-logitech-m190,Chuột Không dây Logitech M190,Le Thi Thanh Truc,5
chuot-khong-day-logitech-m190,Chuột Không dây Logitech M190,Lê Văn Chiến,4
chuot-khong-day-logitech-m190,Chuột Không dây Logitech M190,Long,4
chuot-khong-day-logitech-m190,Chuột Không dây Logitech M190,Đinh Công Bình,4
chuot-khong-day-logitech-m190,Chuột Không dây Logitech M190,Chị Nga,5
chuot-khong-day-logitech-m190,Chuột Không dây Logitech M190,Nguyễn Nga,4
chuot-khong-day-logitech-m190,Chuột Không dây Logitech M190,Âu,5
chuot-khong-day-logitech-m190,Chuột Không dây Logitech M190,Nguyễn Sang,5
chuot-khong-day-logitech-m190,Chuột Không dây Logitech M190,Chinh Hoang,1
chuot-khong-day-logitech-m190,Chuột Không dây Logitech M190,Tuyen,2
chuot-khong-day-logitech-m190,Chuột Không dây Logitech M190,Tùng,4
chuot-khong-day-logitech-m190,Chuột Không dây Logitech M190,Huy,3
chuot-khong-day-logitech-m190,Chuột Không dây Logitech M190,NGUYỄN VĂN DƯƠNG,4
chuot-khong-day-logitech-m190,Chuột Không dây Logitech M190,Trang,5
chuot-khong-day-logitech-m190,Chuột Không dây Logitech M190,Huỳnh Văn Nhân,4
chuot-khong-day-logitech-m190,Chuột Không dây Logitech M190,Phan Long Giang,5
chuot-khong-day-logitech-m190,Chuột Không dây Logitech M190,Kiệt,3
chuot-khong-day-logitech-m190,Chuột Không dây Logitech M190,Nguyễn Thanh Sang,4
chuot-khong-day-logitech-m190,Chuột Không dây Logitech M190,Võ Thành Lương,4
chuot-khong-day-logitech-m190,Chuột Không dây Logitech M190,Phan Tài,4
chuot-khong-day-logitech-m190,Chuột Không dây Logitech M190,Le Thi Thanh Truc,5
chuot-khong-day-logitech-m190,Chuột Không dây Logitech M190,Lê Văn Chiến,4
chuot-khong-day-logitech-m190,Chuột Không dây Logitech M190,Long,4
chuot-khong-day-logitech-m190,Chuột Không dây Logitech M190,Đinh Công Bình,4
chuot-khong-day-logitech-m190,Chuột Không dây Logitech M190,Chị Nga,5
chuot-khong-day-logitech-m190,Chuột Không dây Logitech M190,Nguyễn Nga,4
chuot-khong-day-logitech-m190,Chuột Không dây Logitech M190,Âu,5
chuot-khong-day-logitech-m190,Chuột Không dây Logitech M190,Nguyễn Sang,5
chuot-khong-day-logitech-m190,Chuột Không dây Logitech M190,A Hưng,5
chuot-khong-day-logitech-m190,Chuột Không dây Logitech M190,Bích Vân,4
chuot-khong-day-logitech-m190,Chuột Không dây Logitech M190,Giang,5
chuot-khong-day-logitech-m190,Chuột Không dây Logitech M190,Chị Dung,5
chuot-khong-day-logitech-m190,Chuột Không dây Logitech M190,Nguyễn Thị Xuân,5
chuot-khong-day-logitech-m190,Chuột Không dây Logitech M190,Phụng,5
chuot-khong-day-logitech-m190,Chuột Không dây Logitech M190,Diễm Khanh,4
chuot-khong-day-logitech-m190,Chuột Không dây Logitech M190,Nguyễn Văn Lâm,1
chuot-khong-day-logitech-m190,Chuột Không dây Logitech M190,E Lương,5
chuot-khong-day-logitech-m190,Chuột Không dây Logitech M190,VŨ THỊ LIÊN,4
chuot-khong-day-logitech-m190,Chuột Không dây Logitech M190,Huỳnh Thị Yến Vy,5
chuot-khong-day-logitech-m190,Chuột Không dây Logitech M190,Chị Huyền,4
chuot-khong-day-logitech-m190,Chuột Không dây Logitech M190,Nguyễn Chí Hiếu,5
chuot-khong-day-logitech-m190,Chuột Không dây Logitech M190,LƯƠNG NGỌC LINH,5
chuot-khong-day-logitech-m190,Chuột Không dây Logitech M190,Cao Thị Tiểu My,4
chuot-khong-day-logitech-m190,Chuột Không dây Logitech M190,Công,5
chuot-khong-day-logitech-m190,Chuột Không dây Logitech M190,Chú Cường,4
chuot-khong-day-logitech-m190,Chuột Không dây Logitech M190,Trần Ngọc Tường,5
chuot-khong-day-logitech-m190,Chuột Không dây Logitech M190,Nguyễn Đức Đại,2
chuot-khong-day-logitech-m190,Chuột Không dây Logitech M190,Trình Thị Hương,3
chuot-gaming-asus-rog-strix-impact-iii,Chuột Gaming ASUS ROG Strix Impact III,Lê Phi Lân,5
chuot-gaming-asus-rog-strix-impact-iii,Chuột Gaming ASUS ROG Strix Impact III,Nguyễn Quang Vũ,5
