id_product,name_product,username,rating
citizen-bi5120-51x-nam?utm_flashsale=1,CITIZEN 40 mm Nam BI5120-51X,Trần Thanh Rộng,3
orient-ra-tx0301g10b-nam,ORIENT Contemporary 40 mm Nam RA-TX0301G10B,Trần Kim Thanh,5
citizen-nj0152-51x-nam,CITIZEN Tsuyosa 40 mm Nam NJ0152-51X,Bùi Quang Lâm,5
casio-mtp-m305d-1avdf-nam?utm_flashsale=1,CASIO 34 mm Nam MTP-M305D-1AVDF,Nhâm Khánh Hằng,4
casio-mtp-m305d-1avdf-nam?utm_flashsale=1,CASIO 34 mm Nam MTP-M305D-1AVDF,Lương Quốc Dũng,5
casio-mtp-m305d-1avdf-nam?utm_flashsale=1,CASIO 34 mm Nam MTP-M305D-1AVDF,Mẫn,5
casio-mtp-m305d-1avdf-nam?utm_flashsale=1,CASIO 34 mm Nam MTP-M305D-1AVDF,Anh Kha,5
casio-mtp-m305d-1avdf-nam?utm_flashsale=1,CASIO 34 mm Nam MTP-M305D-1AVDF,Việt,5
casio-mtp-m305d-1avdf-nam?utm_flashsale=1,CASIO 34 mm Nam MTP-M305D-1AVDF,Đinh Trần Vũ An,4
casio-mtp-m305l-7avdf-nam,CASIO 34 mm Nam MTP-M305L-7AVDF,Nguyen Phong,4
casio-mtp-m305l-7avdf-nam,CASIO 34 mm Nam MTP-M305L-7AVDF,Võ Thanh Sang,5
casio-mtp-m305l-7avdf-nam,CASIO 34 mm Nam MTP-M305L-7AVDF,Lài Cẩu,3
casio-mtp-m305l-7avdf-nam,CASIO 34 mm Nam MTP-M305L-7AVDF,Nam,4
casio-mtp-m305l-7avdf-nam,CASIO 34 mm Nam MTP-M305L-7AVDF,Phan Hoàng Tùng,5
casio-mtp-m305l-7avdf-nam,CASIO 34 mm Nam MTP-M305L-7AVDF,HOÀNG THÁI BÌNH,5
casio-mtp-m305l-7avdf-nam,CASIO 34 mm Nam MTP-M305L-7AVDF,VO NHAT TRUNG,4
casio-mtp-m305l-7avdf-nam,CASIO 34 mm Nam MTP-M305L-7AVDF,NGUYỄN HỮU XUÂN,4
baby-g-bgd-565sj-2dr-nu?utm_flashsale=1,BABY-G 37.9 mm Nữ BGD-565SJ-2DR,Hậu,4
elio-es163-01-nu,ELIO Elegant Lady 26 mm Nữ ES163-01,Vũ,5
elio-es184-02-nu,ELIO Elegant Lady 32 mm Nữ ES184-02,Lyn,5
elio-es184-02-nu,ELIO Elegant Lady 32 mm Nữ ES184-02,Quyen Danh,5
g-shock-ga-2300-1adr-nam?utm_flashsale=1,G-SHOCK 42.1 mm Nam GA-2300-1ADR,Nguyen Dang Quang,5
g-shock-ga-2300-1adr-nam?utm_flashsale=1,G-SHOCK 42.1 mm Nam GA-2300-1ADR,Hoàng Xuân An,5
elio-es163-02-nu,ELIO Elegant Lady 26 mm Nữ ES163-02,Hoàng Huy,2
orient-ra-ar0008e30b-nam,ORIENT Contemporary 40.8 mm Nam RA-AR0008E30B,Luật,3
orient-ra-ar0008e30b-nam,ORIENT Contemporary 40.8 mm Nam RA-AR0008E30B,Bùi Quang Minh,5
orient-ra-ar0008e30b-nam,ORIENT Contemporary 40.8 mm Nam RA-AR0008E30B,Lyn Việt,4
edifice-casio-ecb-2200dc-1adf-nam,EDIFICE CASIO 48.2 mm Nam ECB-2200DC-1ADF,Hồ,5
edifice-eqb-1200hg-1adr-nam,EDIFICE CASIO 47 mm Nam EQB-1200HG-1ADR,Trương Phường,2
edifice-eqb-1200hg-1adr-nam,EDIFICE CASIO 47 mm Nam EQB-1200HG-1ADR,Đỗ Hùng Em,5
edifice-eqb-1200hg-1adr-nam,EDIFICE CASIO 47 mm Nam EQB-1200HG-1ADR,Anh Tân,5
edifice-eqb-1200hg-1adr-nam,EDIFICE CASIO 47 mm Nam EQB-1200HG-1ADR,THIỀU VƯƠNG BÁ MỘNG,3
g-shock-dw-5600ue-1dr-nam,G-SHOCK 42.8 mm Nam DW-5600UE-1DR,Nguyễn Quang Minh,5
orient-ra-tx0203s10b-nam,ORIENT Mako 42.8 mm Nam RA-TX0203S10B,Nguyễn Văn Minh,5
g-shock-gm-2100-1adr-nam,G-SHOCK 2100 45.4 mm Nam GM-2100-1ADR,NGUYỄN TÂN HÊNH,4
g-shock-gm-2100-1adr-nam,G-SHOCK 2100 45.4 mm Nam GM-2100-1ADR,Nguyễn Anh Vũ,4
g-shock-gm-2100-1adr-nam,G-SHOCK 2100 45.4 mm Nam GM-2100-1ADR,Phạm Ngọc Sang,5
g-shock-gm-2100-1adr-nam,G-SHOCK 2100 45.4 mm Nam GM-2100-1ADR,Trương Công Tuấn,1
g-shock-gm-2100-1adr-nam,G-SHOCK 2100 45.4 mm Nam GM-2100-1ADR,Dung,5
g-shock-gm-2100-1adr-nam,G-SHOCK 2100 45.4 mm Nam GM-2100-1ADR,Trương Thanh Tuấn,2
g-shock-gm-2100-1adr-nam,G-SHOCK 2100 45.4 mm Nam GM-2100-1ADR,Trần Anh Quân,4
g-shock-gm-2100-1adr-nam,G-SHOCK 2100 45.4 mm Nam GM-2100-1ADR,Lê Nữ Anh Thuỳ,5
g-shock-gm-2100-1adr-nam,G-SHOCK 2100 45.4 mm Nam GM-2100-1ADR,NGUYỄN THÀNH VƯƠNG,5
g-shock-gm-2100-1adr-nam,G-SHOCK 2100 45.4 mm Nam GM-2100-1ADR,Nguyễn Quang Minh,5
g-shock-gm-2100-1adr-nam,G-SHOCK 2100 45.4 mm Nam GM-2100-1ADR,Nguyễn Minh Thiện,5
g-shock-gm-2100-1adr-nam,G-SHOCK 2100 45.4 mm Nam GM-2100-1ADR,Khánh,4
g-shock-gm-2100-1adr-nam,G-SHOCK 2100 45.4 mm Nam GM-2100-1ADR,Anh Thông,5
g-shock-gm-2100-1adr-nam,G-SHOCK 2100 45.4 mm Nam GM-2100-1ADR,Nguyễn Ngọc Huân,4
g-shock-gm-2100-1adr-nam,G-SHOCK 2100 45.4 mm Nam GM-2100-1ADR,Võ Trung Nguyên,5
g-shock-gm-2100-1adr-nam,G-SHOCK 2100 45.4 mm Nam GM-2100-1ADR,Việt Kiên,5
g-shock-gm-2100-1adr-nam,G-SHOCK 2100 45.4 mm Nam GM-2100-1ADR,Un Văn Mẫn,5
g-shock-gm-2100-1adr-nam,G-SHOCK 2100 45.4 mm Nam GM-2100-1ADR,Hoàng Tuấn,4
g-shock-gm-2100-1adr-nam,G-SHOCK 2100 45.4 mm Nam GM-2100-1ADR,Lê Phương Bắc,5
g-shock-gm-2100-1adr-nam,G-SHOCK 2100 45.4 mm Nam GM-2100-1ADR,Chị Trúc,5
g-shock-gm-2100-1adr-nam,G-SHOCK 2100 45.4 mm Nam GM-2100-1ADR,Trần Minh Kha,5
citizen-nh9130-84l-nam,CITIZEN Sunshine and Luna 40 mm Nam NH9130-84L,Kiên Đỗ,5
citizen-nh9130-84l-nam,CITIZEN Sunshine and Luna 40 mm Nam NH9130-84L,Đông,4
citizen-nh9130-84l-nam,CITIZEN Sunshine and Luna 40 mm Nam NH9130-84L,Nguyễn Đức Vinh,5
citizen-nh9130-84l-nam,CITIZEN Sunshine and Luna 40 mm Nam NH9130-84L,Chị Nhung,5
citizen-nh9136-88a-nam?utm_flashsale=1,CITIZEN Sunshine and Luna 40 mm Nam NH9136-88A,Lam Trần,5
citizen-nh9136-88a-nam?utm_flashsale=1,CITIZEN Sunshine and Luna 40 mm Nam NH9136-88A,TRAN VAN NHA,5
citizen-nh9136-88a-nam?utm_flashsale=1,CITIZEN Sunshine and Luna 40 mm Nam NH9136-88A,Chị Ngọc Anh,5
citizen-nh9136-88a-nam?utm_flashsale=1,CITIZEN Sunshine and Luna 40 mm Nam NH9136-88A,Khương,4
baby-g-bga-320-1adr-nu,BABY-G BGA-320 42.4 mm Nữ BGA-320-1ADR,Anh Anh,5
casio-mtp-m100l-1avdf-nam,CASIO 42.5 mm Nam MTP-M100L-1AVDF,Nguyễn Hồng Liên,5
citizen-nh9130-84a-nam?utm_flashsale=1,CITIZEN Sunshine and Luna 40 mm Nam NH9130-84A,Võ Thanh Hải,5
citizen-nj0158-89z-nam,CITIZEN Tsuyosa 40 mm Nam NJ0158-89Z,Bế Toả,2
citizen-nj0158-89z-nam,CITIZEN Tsuyosa 40 mm Nam NJ0158-89Z,Anh Quảng,5
citizen-nj0158-89z-nam,CITIZEN Tsuyosa 40 mm Nam NJ0158-89Z,Nguyễn Đức Hải,5
citizen-nj0158-89z-nam,CITIZEN Tsuyosa 40 mm Nam NJ0158-89Z,Ong Khắc Đạo,5
citizen-nj0158-89z-nam,CITIZEN Tsuyosa 40 mm Nam NJ0158-89Z,Trần Văn Trưởng,4
citizen-nj0158-89z-nam,CITIZEN Tsuyosa 40 mm Nam NJ0158-89Z,NGUYỄN KHANH,4
edifice-casio-ecb-2200p-1adf-nam,EDIFICE CASIO 48.2 mm Nam ECB-2200P-1ADF,Lâm Tuấn Dũng,5
citizen-nj0158-89y-nam,CITIZEN Tsuyosa 40 mm Nam NJ0158-89Y,Lê Ngọc Nguyên,5
citizen-nj0158-89y-nam,CITIZEN Tsuyosa 40 mm Nam NJ0158-89Y,Tuấn,3
elio-ess11-02-unisex,Elio ESS11-02 - Unisex,Em LÀNH,5
elio-ess11-02-unisex,Elio ESS11-02 - Unisex,Phan Lê Minh Thiện,5
elio-ess11-02-unisex,Elio ESS11-02 - Unisex,Tuyêt,5
elio-ess11-02-unisex,Elio ESS11-02 - Unisex,Nguyễn Hoàng Phúc,5
elio-ess11-02-unisex,Elio ESS11-02 - Unisex,Trần Lê Hải Yến,5
elio-ess11-02-unisex,Elio ESS11-02 - Unisex,Đạt,5
elio-ess11-02-unisex,Elio ESS11-02 - Unisex,Võ Thị Hương Lan,5
elio-ess11-02-unisex,Elio ESS11-02 - Unisex,An Chi,5
elio-ess11-02-unisex,Elio ESS11-02 - Unisex,Phạm Thị Vân,5
elio-ess11-02-unisex,Elio ESS11-02 - Unisex,Tuyết Nga,5
elio-ess11-02-unisex,Elio ESS11-02 - Unisex,Lê Thị Yến Nhi,4
elio-ess11-02-unisex,Elio ESS11-02 - Unisex,Anh Tuấn,4
elio-ess11-02-unisex,Elio ESS11-02 - Unisex,Phạm Mỹ Tiên,5
elio-ess11-02-unisex,Elio ESS11-02 - Unisex,183874 - Phan Văn Vàng,5
elio-ess11-01-unisex,Elio ESS11-01 - Unisex,Huy Du,5
elio-ess11-01-unisex,Elio ESS11-01 - Unisex,TRẦN THỊ CÚC TIÊN,5
elio-ess11-01-unisex,Elio ESS11-01 - Unisex,Nguyệt,5
elio-ess11-01-unisex,Elio ESS11-01 - Unisex,Nguyễn Trần San,5
elio-ess11-01-unisex,Elio ESS11-01 - Unisex,Nguyễn Võ Kiều Thu,4
elio-ess11-01-unisex,Elio ESS11-01 - Unisex,Nguyễn Thị Kiều Oanh,4
elio-ess11-01-unisex,Elio ESS11-01 - Unisex,183874 - Phan Văn Vàng,5
elio-ess11-01-unisex,Elio ESS11-01 - Unisex,Nguyễn Bảo Ngọc,5
elio-ess11-01-unisex,Elio ESS11-01 - Unisex,Như,5
elio-ess11-01-unisex,Elio ESS11-01 - Unisex,Tiên,5
casio-mtp-m100l-7avdf-nam?utm_flashsale=1,CASIO 42.5 mm Nam MTP-M100L-7AVDF,Nguyễn Mai,5
casio-mtp-m100l-7avdf-nam?utm_flashsale=1,CASIO 42.5 mm Nam MTP-M100L-7AVDF,Phương,1
casio-mtp-m100l-7avdf-nam?utm_flashsale=1,CASIO 42.5 mm Nam MTP-M100L-7AVDF,Phạm Thị Sao,5
casio-mtp-m100l-7avdf-nam?utm_flashsale=1,CASIO 42.5 mm Nam MTP-M100L-7AVDF,Phạm Thị Sao,5
g-shock-ga-2100sb-1adr-nam?utm_flashsale=1,G-SHOCK 2100 45.4 mm Nam GA-2100SB-1ADR,Nguyễn Văn Đức,5
elio-ess11-03-unisex,ELIO Color Pop 38 mm Unisex ESS11-03,Anh Bằng,5
elio-ess11-03-unisex,ELIO Color Pop 38 mm Unisex ESS11-03,Anh Kiên,2
elio-ess11-03-unisex,ELIO Color Pop 38 mm Unisex ESS11-03,Út,4
elio-ess11-03-unisex,ELIO Color Pop 38 mm Unisex ESS11-03,Trọng,5
elio-ess11-03-unisex,ELIO Color Pop 38 mm Unisex ESS11-03,Nguyễn Thoa,5
elio-ess11-03-unisex,ELIO Color Pop 38 mm Unisex ESS11-03,Phan Thị Ngọc Hương,5
elio-ess11-03-unisex,ELIO Color Pop 38 mm Unisex ESS11-03,Vũ Thị Thu Hằng,5
elio-ess11-03-unisex,ELIO Color Pop 38 mm Unisex ESS11-03,Lý Long,5
elio-ess11-03-unisex,ELIO Color Pop 38 mm Unisex ESS11-03,Nguyễn Khánh Vy,5
elio-ess11-03-unisex,ELIO Color Pop 38 mm Unisex ESS11-03,Lê Thị Huyền Trang,5
elio-ess11-03-unisex,ELIO Color Pop 38 mm Unisex ESS11-03,Nguyễn Trung Kiên,4
elio-ess11-03-unisex,ELIO Color Pop 38 mm Unisex ESS11-03,Trần Thái Mẫn,5
elio-ess11-03-unisex,ELIO Color Pop 38 mm Unisex ESS11-03,Nguyễn Minh Tuấn,4
elio-ess11-03-unisex,ELIO Color Pop 38 mm Unisex ESS11-03,Phúc Huy,5
elio-ess11-03-unisex,ELIO Color Pop 38 mm Unisex ESS11-03,Thùy Linh,5
elio-ess11-03-unisex,ELIO Color Pop 38 mm Unisex ESS11-03,Phan Trí Thanh,5
casio-mtp-rs105l-7bvdf-nam,CASIO 40 mm Nam MTP-RS105L-7BVDF,Han,4
casio-mtp-rs105l-7bvdf-nam,CASIO 40 mm Nam MTP-RS105L-7BVDF,Phước,5
casio-mtp-rs105l-7bvdf-nam,CASIO 40 mm Nam MTP-RS105L-7BVDF,Nguyen Tu Tri,5
casio-mtp-rs105l-7bvdf-nam,CASIO 40 mm Nam MTP-RS105L-7BVDF,Anh Ben,5
casio-mtp-rs105l-7bvdf-nam,CASIO 40 mm Nam MTP-RS105L-7BVDF,Đinh Hữu Lộc,5
edifice-ecb-40db-1adf-nam,EDIFICE CASIO 48 mm Nam ECB-40DB-1ADF,Phuong,5
edifice-ecb-40db-1adf-nam,EDIFICE CASIO 48 mm Nam ECB-40DB-1ADF,Nguyễn Quang Minh,5
edifice-ecb-40db-1adf-nam,EDIFICE CASIO 48 mm Nam ECB-40DB-1ADF,Nguyễn Duy Thanh,4
edifice-ecb-40db-1adf-nam,EDIFICE CASIO 48 mm Nam ECB-40DB-1ADF,Hoàng Tuấn Phát,5
edifice-ecb-40db-1adf-nam,EDIFICE CASIO 48 mm Nam ECB-40DB-1ADF,Chị Tiền,5
edifice-ecb-40db-1adf-nam,EDIFICE CASIO 48 mm Nam ECB-40DB-1ADF,Phạm Thế Vinh,5
g-shock-ga-2100gb-1adr-nam,G-SHOCK 2100 45.4 mm Nam GA-2100GB-1ADR,Phùng Dũng,5
g-shock-ga-2100gb-1adr-nam,G-SHOCK 2100 45.4 mm Nam GA-2100GB-1ADR,NGUYỄN NGỌC VIỄN,5
elio-el105-01-nu,ELIO Flower 35 mm Nữ EL105-01,Nguyễn Thị Thúy Phượng,1
elio-el105-01-nu,ELIO Flower 35 mm Nữ EL105-01,Chị Thanh Mai,5
elio-el105-01-nu,ELIO Flower 35 mm Nữ EL105-01,Nguyễn Trung Mẫn,5
elio-el105-01-nu,ELIO Flower 35 mm Nữ EL105-01,Nguyễn Mọng Lành,5
elio-el105-01-nu,ELIO Flower 35 mm Nữ EL105-01,LƯƠNG KIM LINH,5
elio-el105-01-nu,ELIO Flower 35 mm Nữ EL105-01,Nhật Linh,5
elio-el105-01-nu,ELIO Flower 35 mm Nữ EL105-01,Trần Thị Tú Trinh,5
elio-el105-01-nu,ELIO Flower 35 mm Nữ EL105-01,Anh Hoàng,4
citizen-bm8550-81e-nam,CITIZEN 41.8 mm Nam BM8550-81E,Kỳ,5
citizen-bm8550-81e-nam,CITIZEN 41.8 mm Nam BM8550-81E,Chú Tự,5
citizen-bm8550-81e-nam,CITIZEN 41.8 mm Nam BM8550-81E,Khanh,5
citizen-bm8550-81e-nam,CITIZEN 41.8 mm Nam BM8550-81E,Đỗ Văn Đản,3
baby-g-bga-250-7a2dr-trang,BABY-G 38.8 mm Nữ BGA-250-7A2DR,Bảo Ngọc,5
baby-g-bga-250-7a2dr-trang,BABY-G 38.8 mm Nữ BGA-250-7A2DR,Sơ Na,5
baby-g-bga-250-7a2dr-trang,BABY-G 38.8 mm Nữ BGA-250-7A2DR,Đỗ Thị Ánh Hiệp,4
baby-g-bga-250-7a2dr-trang,BABY-G 38.8 mm Nữ BGA-250-7A2DR,Trần Quốc Huy,4
baby-g-bga-250-7a2dr-trang,BABY-G 38.8 mm Nữ BGA-250-7A2DR,Ngô Huyền Trân,3
baby-g-bga-250-7a2dr-trang,BABY-G 38.8 mm Nữ BGA-250-7A2DR,Kim Loan,1
baby-g-bga-250-7a2dr-trang,BABY-G 38.8 mm Nữ BGA-250-7A2DR,Dũng,5
baby-g-bga-250-7a2dr-trang,BABY-G 38.8 mm Nữ BGA-250-7A2DR,Duyen Ngo,3
baby-g-bga-250-7a2dr-trang,BABY-G 38.8 mm Nữ BGA-250-7A2DR,Khánh Dân,5
baby-g-bga-250-7a2dr-trang,BABY-G 38.8 mm Nữ BGA-250-7A2DR,Đoàn Thị Minh Phương,5
baby-g-bga-250-7a2dr-trang,BABY-G 38.8 mm Nữ BGA-250-7A2DR,Nguyễn Tấn Thịnh,5
baby-g-bga-250-7a2dr-trang,BABY-G 38.8 mm Nữ BGA-250-7A2DR,Pham Binh,5
baby-g-bga-250-7a2dr-trang,BABY-G 38.8 mm Nữ BGA-250-7A2DR,Thiên Nga,5
baby-g-bga-250-7a2dr-trang,BABY-G 38.8 mm Nữ BGA-250-7A2DR,Chị Yến,5
baby-g-bga-250-7a2dr-trang,BABY-G 38.8 mm Nữ BGA-250-7A2DR,Chị Thìn,5
baby-g-bga-250-7a2dr-trang,BABY-G 38.8 mm Nữ BGA-250-7A2DR,Lâm Kim Quyên,5
baby-g-bga-250-7a2dr-trang,BABY-G 38.8 mm Nữ BGA-250-7A2DR,Diệu Lê,5
baby-g-bga-250-7a2dr-trang,BABY-G 38.8 mm Nữ BGA-250-7A2DR,Vũ Phương Uyên,5
baby-g-bga-250-7a2dr-trang,BABY-G 38.8 mm Nữ BGA-250-7A2DR,Trần Thanh Duyên,4
baby-g-bga-250-7a2dr-trang,BABY-G 38.8 mm Nữ BGA-250-7A2DR,Phan Võ Lan Vi,4
baby-g-bga-250-7a2dr-trang,BABY-G 38.8 mm Nữ BGA-250-7A2DR,Hằng,4
baby-g-bga-250-7a2dr-trang,BABY-G 38.8 mm Nữ BGA-250-7A2DR,Quyên,3
baby-g-bga-250-7a2dr-trang,BABY-G 38.8 mm Nữ BGA-250-7A2DR,Dương,4
baby-g-bga-250-7a2dr-trang,BABY-G 38.8 mm Nữ BGA-250-7A2DR,Dương Quý Nghi,5
dong-ho-kim-nam-day-da-citizen-bi5002-14a-trang?utm_flashsale=1,CITIZEN 39.1 mm Nam BI5002-14A,Nguyễn Minh Tuấn,1
dong-ho-kim-nam-day-da-citizen-bi5002-14a-trang?utm_flashsale=1,CITIZEN 39.1 mm Nam BI5002-14A,Phan Tấn Tài,2
dong-ho-kim-nam-day-da-citizen-bi5002-14a-trang?utm_flashsale=1,CITIZEN 39.1 mm Nam BI5002-14A,Anh,4
dong-ho-kim-nam-day-da-citizen-bi5002-14a-trang?utm_flashsale=1,CITIZEN 39.1 mm Nam BI5002-14A,Hiệp,1
dong-ho-kim-nam-day-da-citizen-bi5002-14a-trang?utm_flashsale=1,CITIZEN 39.1 mm Nam BI5002-14A,Chị Hải,5
dong-ho-kim-nam-day-da-citizen-bi5002-14a-trang?utm_flashsale=1,CITIZEN 39.1 mm Nam BI5002-14A,QUÁCH VĂN TUẤN,4
dong-ho-kim-nam-day-da-citizen-bi5002-14a-trang?utm_flashsale=1,CITIZEN 39.1 mm Nam BI5002-14A,Thịnh,3
dong-ho-kim-nam-day-da-citizen-bi5002-14a-trang?utm_flashsale=1,CITIZEN 39.1 mm Nam BI5002-14A,Bình,4
dong-ho-kim-nam-day-da-citizen-bi5002-14a-trang?utm_flashsale=1,CITIZEN 39.1 mm Nam BI5002-14A,LƯƠNG VĂN CHỈNH,4
dong-ho-kim-nam-day-da-citizen-bi5002-14a-trang?utm_flashsale=1,CITIZEN 39.1 mm Nam BI5002-14A,Phạm Phong,4
dong-ho-kim-nam-day-da-citizen-bi5002-14a-trang?utm_flashsale=1,CITIZEN 39.1 mm Nam BI5002-14A,Huỳnh Trọng Nhân,5
dong-ho-kim-nam-day-da-citizen-bi5002-14a-trang?utm_flashsale=1,CITIZEN 39.1 mm Nam BI5002-14A,Trọng,3
dong-ho-kim-nam-day-da-citizen-bi5002-14a-trang?utm_flashsale=1,CITIZEN 39.1 mm Nam BI5002-14A,Bi,5
dong-ho-kim-nam-day-da-citizen-bi5002-14a-trang?utm_flashsale=1,CITIZEN 39.1 mm Nam BI5002-14A,Chị Chung,3
casio-mtp-m300d-7avdf-nam,CASIO 40 mm Nam MTP-M300D-7AVDF,Hiệp,5
casio-mtp-m300d-7avdf-nam,CASIO 40 mm Nam MTP-M300D-7AVDF,LÊ ĐĂNG THƯỢNG,5
casio-mtp-m300d-7avdf-nam,CASIO 40 mm Nam MTP-M300D-7AVDF,Nguyễn Như Khoa,3
casio-mtp-m300d-7avdf-nam,CASIO 40 mm Nam MTP-M300D-7AVDF,Phan An,5
edifice-efs-s570dc-1audf-nam,EDIFICE CASIO 44 mm Nam EFS-S570DC-1AUDF,Trần Van Khanh,5
edifice-efs-s570dc-1audf-nam,EDIFICE CASIO 44 mm Nam EFS-S570DC-1AUDF,NGUYỄN TƯỜNG ANH,5
edifice-efs-s570dc-1audf-nam,EDIFICE CASIO 44 mm Nam EFS-S570DC-1AUDF,Hoàng Tiến,5
edifice-efs-s570dc-1audf-nam,EDIFICE CASIO 44 mm Nam EFS-S570DC-1AUDF,Lê Trí,5
edifice-efs-s570dc-1audf-nam,EDIFICE CASIO 44 mm Nam EFS-S570DC-1AUDF,Hoàng Lâm,5
edifice-efs-s570dc-1audf-nam,EDIFICE CASIO 44 mm Nam EFS-S570DC-1AUDF,Khiêm,5
g-shock-ga-100cy-1adr-nam,G-SHOCK 51.2 mm Nam GA-100CY-1ADR,Toàn,5
g-shock-ga-100cy-1adr-nam,G-SHOCK 51.2 mm Nam GA-100CY-1ADR,Dực,5
g-shock-gba-900-1adr-nam,G-SHOCK 48.9 mm Nam GBA-900-1ADR,Trần Hoàng Hải,2
g-shock-gba-900-1adr-nam,G-SHOCK 48.9 mm Nam GBA-900-1ADR,Nguyễn Hoàng Tuấn Anh,5
g-shock-gba-900-1adr-nam,G-SHOCK 48.9 mm Nam GBA-900-1ADR,Nguyễn Hoàng Tuấn Anh,5
g-shock-gba-900-1adr-nam,G-SHOCK 48.9 mm Nam GBA-900-1ADR,Long,5
g-shock-gba-900-1adr-nam,G-SHOCK 48.9 mm Nam GBA-900-1ADR,Nguyễn Thị Kim Chi,5
g-shock-gba-900-1adr-nam,G-SHOCK 48.9 mm Nam GBA-900-1ADR,Anh Quang,5
g-shock-gba-900-1adr-nam,G-SHOCK 48.9 mm Nam GBA-900-1ADR,Duong Ba Vinh,5
g-shock-gba-900-1adr-nam,G-SHOCK 48.9 mm Nam GBA-900-1ADR,Đoàn Thạnh,5
g-shock-gba-900-1adr-nam,G-SHOCK 48.9 mm Nam GBA-900-1ADR,Nguyễn Hữu Khang,5
g-shock-gba-900-1adr-nam,G-SHOCK 48.9 mm Nam GBA-900-1ADR,Anh Thái,5
g-shock-gba-900-1adr-nam,G-SHOCK 48.9 mm Nam GBA-900-1ADR,Nguyễn Minh Hoàng,5
g-shock-gba-900-1adr-nam,G-SHOCK 48.9 mm Nam GBA-900-1ADR,Duy Khánh,5
g-shock-gba-900-1adr-nam,G-SHOCK 48.9 mm Nam GBA-900-1ADR,Anh Quang,5
edifice-efs-s570db-2audf-nam,EDIFICE CASIO 44 mm Nam EFS-S570DB-2AUDF,Lê Van Tranh,5
edifice-efs-s570db-2audf-nam,EDIFICE CASIO 44 mm Nam EFS-S570DB-2AUDF,Duy,5
edifice-efs-s570db-2audf-nam,EDIFICE CASIO 44 mm Nam EFS-S570DB-2AUDF,Huỳnh Văn Phương,5
edifice-efs-s570db-2audf-nam,EDIFICE CASIO 44 mm Nam EFS-S570DB-2AUDF,LÝ VĂN QUANG,4
edifice-efs-s570db-2audf-nam,EDIFICE CASIO 44 mm Nam EFS-S570DB-2AUDF,Nguyễn Kim Thanh,5
edifice-efs-s570db-2audf-nam,EDIFICE CASIO 44 mm Nam EFS-S570DB-2AUDF,Giang,5
casio-mtp-m300l-7avdf-nam,CASIO 40 mm Nam MTP-M300L-7AVDF,Phạm Thúy Kiều,4
casio-mtp-m300l-7avdf-nam,CASIO 40 mm Nam MTP-M300L-7AVDF,Phạm Trường Giang,5
casio-mtp-m300l-7avdf-nam,CASIO 40 mm Nam MTP-M300L-7AVDF,Em Thái Thành Nghĩa,5
casio-mtp-m300l-7avdf-nam,CASIO 40 mm Nam MTP-M300L-7AVDF,Hà Trọng Nghĩa,4
casio-mtp-m300l-7avdf-nam,CASIO 40 mm Nam MTP-M300L-7AVDF,Đào Mai Quốc Việt,5
casio-mtp-m300l-7avdf-nam,CASIO 40 mm Nam MTP-M300L-7AVDF,Đặng Thị Mỹ Trang,5
citizen-nk0001-17x-nam,CITIZEN Kuroshio 64 41 mm Nam NK0001-17X,Nguyễn Thị Cúc,5
citizen-nk0001-17x-nam,CITIZEN Kuroshio 64 41 mm Nam NK0001-17X,Ngô Ngọc Dũng,4
elio-es161-02-nu,ELIO Set quà 24 mm Nữ ES161-02,Thanh Nhớ,5
elio-es161-02-nu,ELIO Set quà 24 mm Nữ ES161-02,Đào Hùng Cường,5
elio-es161-02-nu,ELIO Set quà 24 mm Nữ ES161-02,Lưu Quốc Hào,5
elio-es161-02-nu,ELIO Set quà 24 mm Nữ ES161-02,Đào Bá Phú,4
elio-es161-02-nu,ELIO Set quà 24 mm Nữ ES161-02,Nguyễn Hoàng Thương,5
g-shock-ga-b2100-1a1dr-nam,G-SHOCK 2100 45.4 mm Nam GA-B2100-1A1DR,Nguyễn Lê Tấn Phúc,5
g-shock-ga-b2100-1a1dr-nam,G-SHOCK 2100 45.4 mm Nam GA-B2100-1A1DR,Võ Bách Tùng,5
g-shock-ga-b2100-1a1dr-nam,G-SHOCK 2100 45.4 mm Nam GA-B2100-1A1DR,Trần Thành,5
g-shock-ga-b2100-1a1dr-nam,G-SHOCK 2100 45.4 mm Nam GA-B2100-1A1DR,Nguyễn Văn Phú,1
g-shock-ga-b2100-1a1dr-nam,G-SHOCK 2100 45.4 mm Nam GA-B2100-1A1DR,Trần Thị Năm,4
g-shock-ga-b2100-1a1dr-nam,G-SHOCK 2100 45.4 mm Nam GA-B2100-1A1DR,Lếu Lều,5
g-shock-ga-b2100-1a1dr-nam,G-SHOCK 2100 45.4 mm Nam GA-B2100-1A1DR,Nguyễn Đăng Thọ,5
g-shock-ga-b2100-1a1dr-nam,G-SHOCK 2100 45.4 mm Nam GA-B2100-1A1DR,Nghĩa,5
g-shock-ga-b2100-1a1dr-nam,G-SHOCK 2100 45.4 mm Nam GA-B2100-1A1DR,Anh Dương Lãng Tử,4
g-shock-ga-b2100-1a1dr-nam,G-SHOCK 2100 45.4 mm Nam GA-B2100-1A1DR,Lợi,5
g-shock-ga-b2100-1a1dr-nam,G-SHOCK 2100 45.4 mm Nam GA-B2100-1A1DR,Nguyễn Đăng Khoa,5
g-shock-ga-b2100-1a1dr-nam,G-SHOCK 2100 45.4 mm Nam GA-B2100-1A1DR,Bùi Quốc Việt,5
g-shock-ga-b2100-1a1dr-nam,G-SHOCK 2100 45.4 mm Nam GA-B2100-1A1DR,Hoàng Tiệp,5
g-shock-ga-b2100-1a1dr-nam,G-SHOCK 2100 45.4 mm Nam GA-B2100-1A1DR,Phương,5
casio-mtp-e715d-7avdf-nam?utm_flashsale=1,CASIO 43.4 mm Nam MTP-E715D-7AVDF,Tuấn,4
casio-mtp-e715d-7avdf-nam?utm_flashsale=1,CASIO 43.4 mm Nam MTP-E715D-7AVDF,BÙI VĂN NHÀ,3
baby-g-bga-150fl-4adr-hong?utm_flashsale=1,BABY-G 42.8 mm Nữ BGA-150FL-4ADR,Uyen,3
baby-g-bga-150fl-4adr-hong?utm_flashsale=1,BABY-G 42.8 mm Nữ BGA-150FL-4ADR,Lê Thị Diễm,5
baby-g-bga-150fl-4adr-hong?utm_flashsale=1,BABY-G 42.8 mm Nữ BGA-150FL-4ADR,Đặng Quốc Cường,5
baby-g-bga-150fl-4adr-hong?utm_flashsale=1,BABY-G 42.8 mm Nữ BGA-150FL-4ADR,Nguyễn Vinh Thịnh,2
baby-g-bga-150fl-4adr-hong?utm_flashsale=1,BABY-G 42.8 mm Nữ BGA-150FL-4ADR,Tuyết Anh,5
baby-g-bga-150fl-4adr-hong?utm_flashsale=1,BABY-G 42.8 mm Nữ BGA-150FL-4ADR,Hà Mạnh Hùng,4
baby-g-bga-150fl-4adr-hong?utm_flashsale=1,BABY-G 42.8 mm Nữ BGA-150FL-4ADR,Vũ Tuấn Vũ,5
orient-ra-aa0818l19b-nam,ORIENT Mako 41.8 mm Nam RA-AA0818L19B,Nguyen Sang,5
orient-ra-aa0818l19b-nam,ORIENT Mako 41.8 mm Nam RA-AA0818L19B,Võ Phan Việt Hưng,5
orient-ra-aa0818l19b-nam,ORIENT Mako 41.8 mm Nam RA-AA0818L19B,Nguyễn Văn Minh,5
orient-ra-aa0818l19b-nam,ORIENT Mako 41.8 mm Nam RA-AA0818L19B,Anh Phong,5
orient-ra-aa0818l19b-nam,ORIENT Mako 41.8 mm Nam RA-AA0818L19B,Huỳnh Quốc Minh,5
orient-ra-aa0818l19b-nam,ORIENT Mako 41.8 mm Nam RA-AA0818L19B,Hoà,5
orient-ra-aa0818l19b-nam,ORIENT Mako 41.8 mm Nam RA-AA0818L19B,Phạm Gia Khánh,5
edifice-efv-c110d-2bdf-nam,EDIFICE CASIO 46.9 mm Nam EFV-C110D-2BDF,Hưng,4
baby-g-ba-110ga-7a1dr-trang?utm_flashsale=1,BABY-G BA-110 43 mm Nữ BA-110GA-7A1DR,Thục Anh,5
baby-g-ba-110ga-7a1dr-trang?utm_flashsale=1,BABY-G BA-110 43 mm Nữ BA-110GA-7A1DR,Hương,5
baby-g-ba-110ga-7a1dr-trang?utm_flashsale=1,BABY-G BA-110 43 mm Nữ BA-110GA-7A1DR,Chị Hường,5
baby-g-ba-110ga-7a1dr-trang?utm_flashsale=1,BABY-G BA-110 43 mm Nữ BA-110GA-7A1DR,Tài,5
baby-g-ba-110ga-7a1dr-trang?utm_flashsale=1,BABY-G BA-110 43 mm Nữ BA-110GA-7A1DR,Trần Thị Linh Chi,5
baby-g-ba-110ga-7a1dr-trang?utm_flashsale=1,BABY-G BA-110 43 mm Nữ BA-110GA-7A1DR,Đồng Xuân Thủy,5
baby-g-ba-110ga-7a1dr-trang?utm_flashsale=1,BABY-G BA-110 43 mm Nữ BA-110GA-7A1DR,Phước Thuận,5
baby-g-ba-110ga-7a1dr-trang?utm_flashsale=1,BABY-G BA-110 43 mm Nữ BA-110GA-7A1DR,Nguyễn Lê Huy Đạt,4
baby-g-ba-110ga-7a1dr-trang?utm_flashsale=1,BABY-G BA-110 43 mm Nữ BA-110GA-7A1DR,Khánh Tiên,5
baby-g-ba-110ga-7a1dr-trang?utm_flashsale=1,BABY-G BA-110 43 mm Nữ BA-110GA-7A1DR,Bùi Thị Toán,4
baby-g-ba-110ga-7a1dr-trang?utm_flashsale=1,BABY-G BA-110 43 mm Nữ BA-110GA-7A1DR,Phạm Thanh Hiền,5
baby-g-ba-110ga-7a1dr-trang?utm_flashsale=1,BABY-G BA-110 43 mm Nữ BA-110GA-7A1DR,Bé Duyên,5
baby-g-ba-110ga-7a1dr-trang?utm_flashsale=1,BABY-G BA-110 43 mm Nữ BA-110GA-7A1DR,Nguyễn Kim Thuý,4
baby-g-ba-110ga-7a1dr-trang?utm_flashsale=1,BABY-G BA-110 43 mm Nữ BA-110GA-7A1DR,Trần Quang Sang,5
baby-g-ba-110ga-7a1dr-trang?utm_flashsale=1,BABY-G BA-110 43 mm Nữ BA-110GA-7A1DR,Tiêu Minh Quí,5
edifice-efv-c110d-2avdf-nam?utm_flashsale=1,EDIFICE CASIO 46.9 mm Nam EFV-C110D-2AVDF,Anh Thương,5
edifice-efv-c110d-2avdf-nam?utm_flashsale=1,EDIFICE CASIO 46.9 mm Nam EFV-C110D-2AVDF,Trần Tuấn Khải,5
edifice-efv-c110d-2avdf-nam?utm_flashsale=1,EDIFICE CASIO 46.9 mm Nam EFV-C110D-2AVDF,Đoàn Văn Kiệt,5
edifice-efv-c110d-2avdf-nam?utm_flashsale=1,EDIFICE CASIO 46.9 mm Nam EFV-C110D-2AVDF,Nguyễn Minh Trung,5
edifice-efv-c110d-2avdf-nam?utm_flashsale=1,EDIFICE CASIO 46.9 mm Nam EFV-C110D-2AVDF,Nguyễn Văn Lệnh,5
edifice-efv-c110d-2avdf-nam?utm_flashsale=1,EDIFICE CASIO 46.9 mm Nam EFV-C110D-2AVDF,Điệp Đỗ,5
edifice-efv-c110d-2avdf-nam?utm_flashsale=1,EDIFICE CASIO 46.9 mm Nam EFV-C110D-2AVDF,Trung,5
edifice-efv-c110d-2avdf-nam?utm_flashsale=1,EDIFICE CASIO 46.9 mm Nam EFV-C110D-2AVDF,Nguyễn Huỳnh Khánh Duy,5
edifice-efv-c110d-2avdf-nam?utm_flashsale=1,EDIFICE CASIO 46.9 mm Nam EFV-C110D-2AVDF,Anh Đông,5
edifice-efv-c110d-2avdf-nam?utm_flashsale=1,EDIFICE CASIO 46.9 mm Nam EFV-C110D-2AVDF,Anh Nghị,4
edifice-efv-c110d-2avdf-nam?utm_flashsale=1,EDIFICE CASIO 46.9 mm Nam EFV-C110D-2AVDF,TRAN VAN MAO,5
edifice-efv-c110d-2avdf-nam?utm_flashsale=1,EDIFICE CASIO 46.9 mm Nam EFV-C110D-2AVDF,TRAN VAN MAO,5
edifice-efv-c110d-2avdf-nam?utm_flashsale=1,EDIFICE CASIO 46.9 mm Nam EFV-C110D-2AVDF,Lê Văn Hớn,5
edifice-efv-c110d-2avdf-nam?utm_flashsale=1,EDIFICE CASIO 46.9 mm Nam EFV-C110D-2AVDF,Nguyễn Vĩnh Phát,5
edifice-efv-c110d-2avdf-nam?utm_flashsale=1,EDIFICE CASIO 46.9 mm Nam EFV-C110D-2AVDF,TRẦN THỊ THANH THÚY,4
edifice-efv-c110d-2avdf-nam?utm_flashsale=1,EDIFICE CASIO 46.9 mm Nam EFV-C110D-2AVDF,Nguyen Nhat Linh,5
orient-ra-aa0b05r19b,ORIENT SK 41.7 mm Nam RA-AA0B05R19B,Nguyen Van Chinh,5
orient-ra-aa0b05r19b,ORIENT SK 41.7 mm Nam RA-AA0B05R19B,Việt,3
orient-ra-aa0b05r19b,ORIENT SK 41.7 mm Nam RA-AA0B05R19B,PHẠM HUY HỒNG,1
orient-ra-aa0b05r19b,ORIENT SK 41.7 mm Nam RA-AA0B05R19B,Thơ,5
orient-ra-aa0b05r19b,ORIENT SK 41.7 mm Nam RA-AA0B05R19B,Lê Thị Tố Lan,5
orient-ra-aa0b05r19b,ORIENT SK 41.7 mm Nam RA-AA0B05R19B,Pham Trong Dai,5
orient-ra-aa0b05r19b,ORIENT SK 41.7 mm Nam RA-AA0B05R19B,Trần Đức Sáng,3
orient-ra-aa0b05r19b,ORIENT SK 41.7 mm Nam RA-AA0B05R19B,Vũ Đức Chính,3
orient-ra-aa0b05r19b,ORIENT SK 41.7 mm Nam RA-AA0B05R19B,Phạm Thùy Anh,5
orient-ra-aa0b05r19b,ORIENT SK 41.7 mm Nam RA-AA0B05R19B,Anh Hiên,5
orient-ra-aa0b05r19b,ORIENT SK 41.7 mm Nam RA-AA0B05R19B,Anh Quân,4
orient-ra-aa0b05r19b,ORIENT SK 41.7 mm Nam RA-AA0B05R19B,Bùi Ngọc Kết,5
orient-ra-aa0b05r19b,ORIENT SK 41.7 mm Nam RA-AA0B05R19B,Nguyễn Thị Kim Thoa,4
orient-ra-aa0b05r19b,ORIENT SK 41.7 mm Nam RA-AA0B05R19B,Hiếu,5
orient-ra-aa0b05r19b,ORIENT SK 41.7 mm Nam RA-AA0B05R19B,Anh Phó,5
orient-ra-aa0b05r19b,ORIENT SK 41.7 mm Nam RA-AA0B05R19B,Vinh Kha,4
orient-ra-aa0b05r19b,ORIENT SK 41.7 mm Nam RA-AA0B05R19B,Vy Kiem,4
orient-ra-aa0b05r19b,ORIENT SK 41.7 mm Nam RA-AA0B05R19B,Trung,5
orient-ra-aa0b05r19b,ORIENT SK 41.7 mm Nam RA-AA0B05R19B,Trần Văn Tây,4
orient-ra-aa0b05r19b,ORIENT SK 41.7 mm Nam RA-AA0B05R19B,Minh,5
orient-ra-aa0b05r19b,ORIENT SK 41.7 mm Nam RA-AA0B05R19B,Anh Thanh,4
orient-ra-aa0b05r19b,ORIENT SK 41.7 mm Nam RA-AA0B05R19B,Anh Quân,4
orient-ra-aa0b05r19b,ORIENT SK 41.7 mm Nam RA-AA0B05R19B,Lê Thanh Hải,3
elio-es161-01-nu,ELIO Set quà 24 mm Nữ ES161-01,Anh Hòa,5
elio-es161-01-nu,ELIO Set quà 24 mm Nữ ES161-01,Nguyên Thị Chuyên,4
elio-es161-01-nu,ELIO Set quà 24 mm Nữ ES161-01,Dương Gia,5
casio-ae-1200whd-1avdf-bac?utm_flashsale=1,CASIO 45 x 42.1 mm Nam AE-1200WHD-1AVDF,Thành,5
casio-ae-1200whd-1avdf-bac?utm_flashsale=1,CASIO 45 x 42.1 mm Nam AE-1200WHD-1AVDF,Thanh,2
casio-ae-1200whd-1avdf-bac?utm_flashsale=1,CASIO 45 x 42.1 mm Nam AE-1200WHD-1AVDF,Trí,5
casio-ae-1200whd-1avdf-bac?utm_flashsale=1,CASIO 45 x 42.1 mm Nam AE-1200WHD-1AVDF,Lâm,4
casio-ae-1200whd-1avdf-bac?utm_flashsale=1,CASIO 45 x 42.1 mm Nam AE-1200WHD-1AVDF,CÔNG TY TNHH KHOA HỌC KỸ THUẬT MATRIX,5
casio-ae-1200whd-1avdf-bac?utm_flashsale=1,CASIO 45 x 42.1 mm Nam AE-1200WHD-1AVDF,Cao The Vinh,5
casio-ae-1200whd-1avdf-bac?utm_flashsale=1,CASIO 45 x 42.1 mm Nam AE-1200WHD-1AVDF,Nguyễn Danh Thắng,5
casio-ae-1200whd-1avdf-bac?utm_flashsale=1,CASIO 45 x 42.1 mm Nam AE-1200WHD-1AVDF,Lê Minh Quyền,4
casio-ae-1200whd-1avdf-bac?utm_flashsale=1,CASIO 45 x 42.1 mm Nam AE-1200WHD-1AVDF,Lâm Trường Huy,5
casio-ae-1200whd-1avdf-bac?utm_flashsale=1,CASIO 45 x 42.1 mm Nam AE-1200WHD-1AVDF,Em Vy,5
casio-ae-1200whd-1avdf-bac?utm_flashsale=1,CASIO 45 x 42.1 mm Nam AE-1200WHD-1AVDF,Võ Thanh Phương,5
casio-ae-1200whd-1avdf-bac?utm_flashsale=1,CASIO 45 x 42.1 mm Nam AE-1200WHD-1AVDF,Đông,4
casio-ae-1200whd-1avdf-bac?utm_flashsale=1,CASIO 45 x 42.1 mm Nam AE-1200WHD-1AVDF,Nguyễn Ngọc Hiếu,4
casio-ae-1200whd-1avdf-bac?utm_flashsale=1,CASIO 45 x 42.1 mm Nam AE-1200WHD-1AVDF,MAI XUÂN BIN,4
casio-ae-1200whd-1avdf-bac?utm_flashsale=1,CASIO 45 x 42.1 mm Nam AE-1200WHD-1AVDF,Tuấn,5
casio-ae-1200whd-1avdf-bac?utm_flashsale=1,CASIO 45 x 42.1 mm Nam AE-1200WHD-1AVDF,Nguyễn Văn Thương,5
casio-ae-1200whd-1avdf-bac?utm_flashsale=1,CASIO 45 x 42.1 mm Nam AE-1200WHD-1AVDF,Trần Hoàng Kha,4
casio-ae-1200whd-1avdf-bac?utm_flashsale=1,CASIO 45 x 42.1 mm Nam AE-1200WHD-1AVDF,Anh Hoàng,5
casio-ae-1200whd-1avdf-bac?utm_flashsale=1,CASIO 45 x 42.1 mm Nam AE-1200WHD-1AVDF,Anh Trung,5
casio-ae-1200whd-1avdf-bac?utm_flashsale=1,CASIO 45 x 42.1 mm Nam AE-1200WHD-1AVDF,Dương,2
casio-ae-1200whd-1avdf-bac?utm_flashsale=1,CASIO 45 x 42.1 mm Nam AE-1200WHD-1AVDF,Khải,5
casio-ae-1200whd-1avdf-bac?utm_flashsale=1,CASIO 45 x 42.1 mm Nam AE-1200WHD-1AVDF,Tống Quang Hưng,5
casio-ae-1200whd-1avdf-bac?utm_flashsale=1,CASIO 45 x 42.1 mm Nam AE-1200WHD-1AVDF,Trần Nam Hiếu,2
casio-ae-1200whd-1avdf-bac?utm_flashsale=1,CASIO 45 x 42.1 mm Nam AE-1200WHD-1AVDF,Nguyên,5
casio-ae-1200whd-1avdf-bac?utm_flashsale=1,CASIO 45 x 42.1 mm Nam AE-1200WHD-1AVDF,Trần Đình Thục,5
casio-ae-1200whd-1avdf-bac?utm_flashsale=1,CASIO 45 x 42.1 mm Nam AE-1200WHD-1AVDF,Nguyễn Tiến Thắng,5
casio-ae-1200whd-1avdf-bac?utm_flashsale=1,CASIO 45 x 42.1 mm Nam AE-1200WHD-1AVDF,Anh Đoàn,5
casio-ae-1200whd-1avdf-bac?utm_flashsale=1,CASIO 45 x 42.1 mm Nam AE-1200WHD-1AVDF,Nguyễn Phú Thịnh,4
casio-ae-1200whd-1avdf-bac?utm_flashsale=1,CASIO 45 x 42.1 mm Nam AE-1200WHD-1AVDF,Nguyễn Hùng,5
casio-ae-1200whd-1avdf-bac?utm_flashsale=1,CASIO 45 x 42.1 mm Nam AE-1200WHD-1AVDF,Lê Minh Thanh,5
casio-ae-1200whd-1avdf-bac?utm_flashsale=1,CASIO 45 x 42.1 mm Nam AE-1200WHD-1AVDF,Tống Đức Duy,5
casio-ae-1200whd-1avdf-bac?utm_flashsale=1,CASIO 45 x 42.1 mm Nam AE-1200WHD-1AVDF,Lu Văn Bo,5
casio-ae-1200whd-1avdf-bac?utm_flashsale=1,CASIO 45 x 42.1 mm Nam AE-1200WHD-1AVDF,Trường,5
casio-ae-1200whd-1avdf-bac?utm_flashsale=1,CASIO 45 x 42.1 mm Nam AE-1200WHD-1AVDF,Trần Anh Quang,5
casio-ae-1200whd-1avdf-bac?utm_flashsale=1,CASIO 45 x 42.1 mm Nam AE-1200WHD-1AVDF,Nguyễn Tiến Đạt,3
casio-ae-1200whd-1avdf-bac?utm_flashsale=1,CASIO 45 x 42.1 mm Nam AE-1200WHD-1AVDF,Mạnh,2
casio-ae-1200whd-1avdf-bac?utm_flashsale=1,CASIO 45 x 42.1 mm Nam AE-1200WHD-1AVDF,Huỳnh Hùng Nam,3
casio-ae-1200whd-1avdf-bac?utm_flashsale=1,CASIO 45 x 42.1 mm Nam AE-1200WHD-1AVDF,Nguyễn Công Đức,5
casio-ae-1200whd-1avdf-bac?utm_flashsale=1,CASIO 45 x 42.1 mm Nam AE-1200WHD-1AVDF,Nguyễn Tùng Lâm,5
casio-ae-1200whd-1avdf-bac?utm_flashsale=1,CASIO 45 x 42.1 mm Nam AE-1200WHD-1AVDF,Hữu Thông,5
casio-ae-1200whd-1avdf-bac?utm_flashsale=1,CASIO 45 x 42.1 mm Nam AE-1200WHD-1AVDF,Huy,5
casio-ae-1200whd-1avdf-bac?utm_flashsale=1,CASIO 45 x 42.1 mm Nam AE-1200WHD-1AVDF,Anh Hiển,5
casio-ae-1200whd-1avdf-bac?utm_flashsale=1,CASIO 45 x 42.1 mm Nam AE-1200WHD-1AVDF,Nguyễn Huyền,5
casio-ae-1200whd-1avdf-bac?utm_flashsale=1,CASIO 45 x 42.1 mm Nam AE-1200WHD-1AVDF,Judo,5
casio-ae-1200whd-1avdf-bac?utm_flashsale=1,CASIO 45 x 42.1 mm Nam AE-1200WHD-1AVDF,Nguyễn Thái Học,5
casio-ae-1200whd-1avdf-bac?utm_flashsale=1,CASIO 45 x 42.1 mm Nam AE-1200WHD-1AVDF,Trần Anh Dũng,5
casio-ae-1200whd-1avdf-bac?utm_flashsale=1,CASIO 45 x 42.1 mm Nam AE-1200WHD-1AVDF,Ngô Duy Khang,5
casio-ae-1200whd-1avdf-bac?utm_flashsale=1,CASIO 45 x 42.1 mm Nam AE-1200WHD-1AVDF,Trần Hoài Phong,1
casio-ae-1200whd-1avdf-bac?utm_flashsale=1,CASIO 45 x 42.1 mm Nam AE-1200WHD-1AVDF,NGUYỄN TẤT LUÂN,4
casio-ae-1200whd-1avdf-bac?utm_flashsale=1,CASIO 45 x 42.1 mm Nam AE-1200WHD-1AVDF,Võ Minh Quang,3
casio-ae-1200whd-1avdf-bac?utm_flashsale=1,CASIO 45 x 42.1 mm Nam AE-1200WHD-1AVDF,Quốc Thái,5
casio-ae-1200whd-1avdf-bac?utm_flashsale=1,CASIO 45 x 42.1 mm Nam AE-1200WHD-1AVDF,Lộc,5
casio-ae-1200whd-1avdf-bac?utm_flashsale=1,CASIO 45 x 42.1 mm Nam AE-1200WHD-1AVDF,NGUYEN TRONG TUE,5
casio-ae-1200whd-1avdf-bac?utm_flashsale=1,CASIO 45 x 42.1 mm Nam AE-1200WHD-1AVDF,LE VINH HOANG,5
casio-ae-1200whd-1avdf-bac?utm_flashsale=1,CASIO 45 x 42.1 mm Nam AE-1200WHD-1AVDF,LỤC VĂN RƠM,5
casio-ae-1200whd-1avdf-bac?utm_flashsale=1,CASIO 45 x 42.1 mm Nam AE-1200WHD-1AVDF,Pham Nguyen Nam Anh,5
casio-ae-1200whd-1avdf-bac?utm_flashsale=1,CASIO 45 x 42.1 mm Nam AE-1200WHD-1AVDF,Lý Văn Khánh,5
casio-ae-1200whd-1avdf-bac?utm_flashsale=1,CASIO 45 x 42.1 mm Nam AE-1200WHD-1AVDF,Duy,3
casio-ae-1200whd-1avdf-bac?utm_flashsale=1,CASIO 45 x 42.1 mm Nam AE-1200WHD-1AVDF,Trần Hữu Trí,5
casio-ae-1200whd-1avdf-bac?utm_flashsale=1,CASIO 45 x 42.1 mm Nam AE-1200WHD-1AVDF,Nguyễn Khôi Nguyên,5
casio-ae-1200whd-1avdf-bac?utm_flashsale=1,CASIO 45 x 42.1 mm Nam AE-1200WHD-1AVDF,Khương,5
casio-ae-1200whd-1avdf-bac?utm_flashsale=1,CASIO 45 x 42.1 mm Nam AE-1200WHD-1AVDF,Huy,5
casio-ae-1200whd-1avdf-bac?utm_flashsale=1,CASIO 45 x 42.1 mm Nam AE-1200WHD-1AVDF,Chị Ngân,5
casio-ae-1200whd-1avdf-bac?utm_flashsale=1,CASIO 45 x 42.1 mm Nam AE-1200WHD-1AVDF,Nguyễn Duy Đức,5
casio-ae-1200whd-1avdf-bac?utm_flashsale=1,CASIO 45 x 42.1 mm Nam AE-1200WHD-1AVDF,Hoàng,4
casio-ae-1200whd-1avdf-bac?utm_flashsale=1,CASIO 45 x 42.1 mm Nam AE-1200WHD-1AVDF,Đặng Trường Luận,3
casio-ae-1200whd-1avdf-bac?utm_flashsale=1,CASIO 45 x 42.1 mm Nam AE-1200WHD-1AVDF,Tuấn,5
casio-ae-1200whd-1avdf-bac?utm_flashsale=1,CASIO 45 x 42.1 mm Nam AE-1200WHD-1AVDF,Anh Khánh,5
casio-ae-1200whd-1avdf-bac?utm_flashsale=1,CASIO 45 x 42.1 mm Nam AE-1200WHD-1AVDF,Phạm Hồng Quân,5
casio-ae-1200whd-1avdf-bac?utm_flashsale=1,CASIO 45 x 42.1 mm Nam AE-1200WHD-1AVDF,Thế Hiền,4
casio-ae-1200whd-1avdf-bac?utm_flashsale=1,CASIO 45 x 42.1 mm Nam AE-1200WHD-1AVDF,Nguyễn Đức Tâm,5
casio-ae-1200whd-1avdf-bac?utm_flashsale=1,CASIO 45 x 42.1 mm Nam AE-1200WHD-1AVDF,Hoàng Thái,5
casio-ae-1200whd-1avdf-bac?utm_flashsale=1,CASIO 45 x 42.1 mm Nam AE-1200WHD-1AVDF,Anh Thông,4
casio-ae-1200whd-1avdf-bac?utm_flashsale=1,CASIO 45 x 42.1 mm Nam AE-1200WHD-1AVDF,Tín,4
casio-ae-1200whd-1avdf-bac?utm_flashsale=1,CASIO 45 x 42.1 mm Nam AE-1200WHD-1AVDF,Hồ,5
casio-ae-1200whd-1avdf-bac?utm_flashsale=1,CASIO 45 x 42.1 mm Nam AE-1200WHD-1AVDF,Nguyễn Thanh Tuấn,3
casio-ae-1200whd-1avdf-bac?utm_flashsale=1,CASIO 45 x 42.1 mm Nam AE-1200WHD-1AVDF,Dương Thanh Sơn,5
casio-ae-1200whd-1avdf-bac?utm_flashsale=1,CASIO 45 x 42.1 mm Nam AE-1200WHD-1AVDF,Cường,4
casio-ae-1200whd-1avdf-bac?utm_flashsale=1,CASIO 45 x 42.1 mm Nam AE-1200WHD-1AVDF,Nguyễn Thị Phương Dung,5
casio-ae-1200whd-1avdf-bac?utm_flashsale=1,CASIO 45 x 42.1 mm Nam AE-1200WHD-1AVDF,Bảo Ngọc,5
casio-ae-1200whd-1avdf-bac?utm_flashsale=1,CASIO 45 x 42.1 mm Nam AE-1200WHD-1AVDF,Quân,5
casio-ae-1200whd-1avdf-bac?utm_flashsale=1,CASIO 45 x 42.1 mm Nam AE-1200WHD-1AVDF,Trần Quốc Huy,5
casio-ae-1200whd-1avdf-bac?utm_flashsale=1,CASIO 45 x 42.1 mm Nam AE-1200WHD-1AVDF,Lê Hữu Lộc,4
casio-ae-1200whd-1avdf-bac?utm_flashsale=1,CASIO 45 x 42.1 mm Nam AE-1200WHD-1AVDF,Võ Văn Khánh,5
casio-ae-1200whd-1avdf-bac?utm_flashsale=1,CASIO 45 x 42.1 mm Nam AE-1200WHD-1AVDF,Tuấn,5
casio-ae-1200whd-1avdf-bac?utm_flashsale=1,CASIO 45 x 42.1 mm Nam AE-1200WHD-1AVDF,Anh Hưng,1
casio-ae-1200whd-1avdf-bac?utm_flashsale=1,CASIO 45 x 42.1 mm Nam AE-1200WHD-1AVDF,Khải,5
casio-ae-1200whd-1avdf-bac?utm_flashsale=1,CASIO 45 x 42.1 mm Nam AE-1200WHD-1AVDF,Huỳnh Chí Thảo,5
casio-ae-1200whd-1avdf-bac?utm_flashsale=1,CASIO 45 x 42.1 mm Nam AE-1200WHD-1AVDF,Nguyễn Thị Mai,5
casio-ae-1200whd-1avdf-bac?utm_flashsale=1,CASIO 45 x 42.1 mm Nam AE-1200WHD-1AVDF,Nguyen Bao Trung,3
casio-ae-1200whd-1avdf-bac?utm_flashsale=1,CASIO 45 x 42.1 mm Nam AE-1200WHD-1AVDF,Anh Thành,5
casio-ae-1200whd-1avdf-bac?utm_flashsale=1,CASIO 45 x 42.1 mm Nam AE-1200WHD-1AVDF,Phạm Khanh,4
casio-ae-1200whd-1avdf-bac?utm_flashsale=1,CASIO 45 x 42.1 mm Nam AE-1200WHD-1AVDF,Tính Lê Minh,5
casio-ae-1200whd-1avdf-bac?utm_flashsale=1,CASIO 45 x 42.1 mm Nam AE-1200WHD-1AVDF,Trần Hiếu,5
casio-ae-1200whd-1avdf-bac?utm_flashsale=1,CASIO 45 x 42.1 mm Nam AE-1200WHD-1AVDF,Ngô Phi Hùng,4
casio-ae-1200whd-1avdf-bac?utm_flashsale=1,CASIO 45 x 42.1 mm Nam AE-1200WHD-1AVDF,Anh Vinh,5
casio-ae-1200whd-1avdf-bac?utm_flashsale=1,CASIO 45 x 42.1 mm Nam AE-1200WHD-1AVDF,Nguyễn Văn Hơn,5
casio-ae-1200whd-1avdf-bac?utm_flashsale=1,CASIO 45 x 42.1 mm Nam AE-1200WHD-1AVDF,Anh Diệp,5
casio-ae-1200whd-1avdf-bac?utm_flashsale=1,CASIO 45 x 42.1 mm Nam AE-1200WHD-1AVDF,Thuần,5
casio-ae-1200whd-1avdf-bac?utm_flashsale=1,CASIO 45 x 42.1 mm Nam AE-1200WHD-1AVDF,Hà Ngọc Dinh,5
casio-ae-1200whd-1avdf-bac?utm_flashsale=1,CASIO 45 x 42.1 mm Nam AE-1200WHD-1AVDF,Lê Quốc Thái,4
casio-ae-1200whd-1avdf-bac?utm_flashsale=1,CASIO 45 x 42.1 mm Nam AE-1200WHD-1AVDF,Lê Thanh Hùng,5
edifice-efv-640l-2avudf-nam?utm_flashsale=1,EDIFICE CASIO 44.3 mm Nam EFV-640L-2AVUDF,Lê Minh Duy,5
edifice-efv-640l-2avudf-nam?utm_flashsale=1,EDIFICE CASIO 44.3 mm Nam EFV-640L-2AVUDF,Nguyễn Ngọc Mỹ,5
edifice-efv-640l-2avudf-nam?utm_flashsale=1,EDIFICE CASIO 44.3 mm Nam EFV-640L-2AVUDF,NGUYỄN HỮU XUÂN,5
edifice-efv-640l-2avudf-nam?utm_flashsale=1,EDIFICE CASIO 44.3 mm Nam EFV-640L-2AVUDF,,4
edifice-efv-640l-2avudf-nam?utm_flashsale=1,EDIFICE CASIO 44.3 mm Nam EFV-640L-2AVUDF,Khúc Văn Ngọc,4
edifice-efv-640l-2avudf-nam?utm_flashsale=1,EDIFICE CASIO 44.3 mm Nam EFV-640L-2AVUDF,Y Cường,5
edifice-efv-640l-2avudf-nam?utm_flashsale=1,EDIFICE CASIO 44.3 mm Nam EFV-640L-2AVUDF,Trần Quốc Bảo,5
edifice-efv-640l-2avudf-nam?utm_flashsale=1,EDIFICE CASIO 44.3 mm Nam EFV-640L-2AVUDF,Nguyễn Tuấn Anh,4
edifice-efv-640l-2avudf-nam?utm_flashsale=1,EDIFICE CASIO 44.3 mm Nam EFV-640L-2AVUDF,Khánh Tôn,4
g-shock-ga-700ff-8adr-nam?utm_flashsale=1,G-SHOCK Forgotten Future 53.4 mm Nam GA-700FF-8ADR,Dũng,5
orient-ra-aa0b04r19b,ORIENT SK 41.7 mm Nam RA-AA0B04R19B,Vũ Đình Hoàng,2
orient-ra-aa0b04r19b,ORIENT SK 41.7 mm Nam RA-AA0B04R19B,Vững,3
orient-ra-aa0b04r19b,ORIENT SK 41.7 mm Nam RA-AA0B04R19B,Anh,4
orient-ra-aa0b04r19b,ORIENT SK 41.7 mm Nam RA-AA0B04R19B,Nguyễn Hữu Diệm,5
orient-ra-aa0b04r19b,ORIENT SK 41.7 mm Nam RA-AA0B04R19B,Hoàng Anh,3
orient-ra-aa0b04r19b,ORIENT SK 41.7 mm Nam RA-AA0B04R19B,Anh Việt,4
orient-ra-aa0b04r19b,ORIENT SK 41.7 mm Nam RA-AA0B04R19B,Nguyen Hoang Anh,5
orient-ra-aa0b04r19b,ORIENT SK 41.7 mm Nam RA-AA0B04R19B,Nguyễn Hải Linh,1
orient-ra-aa0b04r19b,ORIENT SK 41.7 mm Nam RA-AA0B04R19B,Chú Đồng,4
orient-ra-aa0b04r19b,ORIENT SK 41.7 mm Nam RA-AA0B04R19B,Chị Huyền,5
orient-ra-aa0b04r19b,ORIENT SK 41.7 mm Nam RA-AA0B04R19B,Nguyễn Văn Lượng,5
orient-ra-aa0b04r19b,ORIENT SK 41.7 mm Nam RA-AA0B04R19B,BẾ VĂN HỢI,5
orient-ra-aa0b04r19b,ORIENT SK 41.7 mm Nam RA-AA0B04R19B,Phạm Tấn Phương Trung,5
orient-ra-aa0b04r19b,ORIENT SK 41.7 mm Nam RA-AA0B04R19B,Bùi Xuân Hoà,5
orient-ra-aa0b04r19b,ORIENT SK 41.7 mm Nam RA-AA0B04R19B,Nguyễn Thị Mộng Tuyền Và,4
orient-ra-aa0b04r19b,ORIENT SK 41.7 mm Nam RA-AA0B04R19B,Đại,5
orient-ra-aa0b04r19b,ORIENT SK 41.7 mm Nam RA-AA0B04R19B,Tuấn,3
orient-ra-aa0b04r19b,ORIENT SK 41.7 mm Nam RA-AA0B04R19B,A Quang,5
orient-ra-aa0b04r19b,ORIENT SK 41.7 mm Nam RA-AA0B04R19B,Hoàng Hải,5
orient-ra-aa0b04r19b,ORIENT SK 41.7 mm Nam RA-AA0B04R19B,Phuong,5
orient-ra-aa0b04r19b,ORIENT SK 41.7 mm Nam RA-AA0B04R19B,Chú Đức,5
orient-ra-aa0b04r19b,ORIENT SK 41.7 mm Nam RA-AA0B04R19B,Chị Vân,4
baby-g-bsa-b100cs-7adr-nu?utm_flashsale=1,BABY-G 41.4 mm Nữ BSA-B100CS-7ADR,Trần Thị Thúy Hà,5
baby-g-bsa-b100cs-7adr-nu?utm_flashsale=1,BABY-G 41.4 mm Nữ BSA-B100CS-7ADR,Thu,1
baby-g-bsa-b100cs-7adr-nu?utm_flashsale=1,BABY-G 41.4 mm Nữ BSA-B100CS-7ADR,QuangTP,5
casio-ae-1200wh-1avdf-den?utm_flashsale=1,CASIO 42 mm Nam AE-1200WH-1AVDF,0938862326,5
casio-ae-1200wh-1avdf-den?utm_flashsale=1,CASIO 42 mm Nam AE-1200WH-1AVDF,Thuỷ,4
casio-ae-1200wh-1avdf-den?utm_flashsale=1,CASIO 42 mm Nam AE-1200WH-1AVDF,Lê Quốc Thạnh,4
casio-ae-1200wh-1avdf-den?utm_flashsale=1,CASIO 42 mm Nam AE-1200WH-1AVDF,Tiêu Anh Hào,5
casio-ae-1200wh-1avdf-den?utm_flashsale=1,CASIO 42 mm Nam AE-1200WH-1AVDF,Bùi Võ Anh Tuấn,1
casio-ae-1200wh-1avdf-den?utm_flashsale=1,CASIO 42 mm Nam AE-1200WH-1AVDF,,5
casio-ae-1200wh-1avdf-den?utm_flashsale=1,CASIO 42 mm Nam AE-1200WH-1AVDF,Anh Trung,5
casio-ae-1200wh-1avdf-den?utm_flashsale=1,CASIO 42 mm Nam AE-1200WH-1AVDF,Anh Dũng,5
casio-ae-1200wh-1avdf-den?utm_flashsale=1,CASIO 42 mm Nam AE-1200WH-1AVDF,Anh Toàn,5
casio-ae-1200wh-1avdf-den?utm_flashsale=1,CASIO 42 mm Nam AE-1200WH-1AVDF,Thắng,5
casio-ae-1200wh-1avdf-den?utm_flashsale=1,CASIO 42 mm Nam AE-1200WH-1AVDF,LE TRAN KIM DINH,5
casio-ae-1200wh-1avdf-den?utm_flashsale=1,CASIO 42 mm Nam AE-1200WH-1AVDF,Nguyễn Thị Thạch,5
casio-ae-1200wh-1avdf-den?utm_flashsale=1,CASIO 42 mm Nam AE-1200WH-1AVDF,Nguyễn Trung Kiên,5
casio-ae-1200wh-1avdf-den?utm_flashsale=1,CASIO 42 mm Nam AE-1200WH-1AVDF,TRẦN NGỌC ANH,4
casio-ae-1200wh-1avdf-den?utm_flashsale=1,CASIO 42 mm Nam AE-1200WH-1AVDF,Nguyễn Nhật Minh,5
casio-ae-1200wh-1avdf-den?utm_flashsale=1,CASIO 42 mm Nam AE-1200WH-1AVDF,LÊ ANH QUỐC,4
casio-ae-1200wh-1avdf-den?utm_flashsale=1,CASIO 42 mm Nam AE-1200WH-1AVDF,Phạm Văn Hải,3
casio-ae-1200wh-1avdf-den?utm_flashsale=1,CASIO 42 mm Nam AE-1200WH-1AVDF,Bùi Nguyên Khôi,5
casio-ae-1200wh-1avdf-den?utm_flashsale=1,CASIO 42 mm Nam AE-1200WH-1AVDF,Huỳnh Ngọc Quốc,4
casio-ae-1200wh-1avdf-den?utm_flashsale=1,CASIO 42 mm Nam AE-1200WH-1AVDF,Nguyễn Thái Hưng,4
casio-ae-1200wh-1avdf-den?utm_flashsale=1,CASIO 42 mm Nam AE-1200WH-1AVDF,Nguyễn Xuân Chiến,5
casio-ae-1200wh-1avdf-den?utm_flashsale=1,CASIO 42 mm Nam AE-1200WH-1AVDF,Trần Quốc Bảo,5
casio-ae-1200wh-1avdf-den?utm_flashsale=1,CASIO 42 mm Nam AE-1200WH-1AVDF,Đỗ Nhật Tấn,5
casio-ae-1200wh-1avdf-den?utm_flashsale=1,CASIO 42 mm Nam AE-1200WH-1AVDF,Đoàn Đức Dũng,5
casio-ae-1200wh-1avdf-den?utm_flashsale=1,CASIO 42 mm Nam AE-1200WH-1AVDF,Bùi Huy Hoàng,4
casio-ae-1200wh-1avdf-den?utm_flashsale=1,CASIO 42 mm Nam AE-1200WH-1AVDF,Thái Văn Đại,5
casio-ae-1200wh-1avdf-den?utm_flashsale=1,CASIO 42 mm Nam AE-1200WH-1AVDF,Nguyễn Va Sỹ,5
casio-ae-1200wh-1avdf-den?utm_flashsale=1,CASIO 42 mm Nam AE-1200WH-1AVDF,Đặng Anh Tuấn,5
casio-ae-1200wh-1avdf-den?utm_flashsale=1,CASIO 42 mm Nam AE-1200WH-1AVDF,Thuỷ,5
casio-ae-1200wh-1avdf-den?utm_flashsale=1,CASIO 42 mm Nam AE-1200WH-1AVDF,Phan Văn Nhựt,4
casio-ae-1200wh-1avdf-den?utm_flashsale=1,CASIO 42 mm Nam AE-1200WH-1AVDF,Vu Hoang Sang,4
casio-ae-1200wh-1avdf-den?utm_flashsale=1,CASIO 42 mm Nam AE-1200WH-1AVDF,La Hoàng Huân,5
casio-ae-1200wh-1avdf-den?utm_flashsale=1,CASIO 42 mm Nam AE-1200WH-1AVDF,Hạnh,5
casio-ae-1200wh-1avdf-den?utm_flashsale=1,CASIO 42 mm Nam AE-1200WH-1AVDF,Trang Thien Vũ,5
casio-ae-1200wh-1avdf-den?utm_flashsale=1,CASIO 42 mm Nam AE-1200WH-1AVDF,Đào Quang Nguyên,5
casio-ae-1200wh-1avdf-den?utm_flashsale=1,CASIO 42 mm Nam AE-1200WH-1AVDF,CAO XUÂN HÒE,4
casio-ae-1200wh-1avdf-den?utm_flashsale=1,CASIO 42 mm Nam AE-1200WH-1AVDF,Chú Ân,4
edifice-casio-efr-526l-7avudf-nau?utm_flashsale=1,EDIFICE CASIO 43 mm Nam EFR-526L-7AVUDF,Hồ Thị Bích Huyền,3
edifice-casio-efr-526l-7avudf-nau?utm_flashsale=1,EDIFICE CASIO 43 mm Nam EFR-526L-7AVUDF,Quang Nam,5
edifice-casio-efr-526l-7avudf-nau?utm_flashsale=1,EDIFICE CASIO 43 mm Nam EFR-526L-7AVUDF,Lê Nguyễn Minh Quân,5
edifice-casio-efr-526l-7avudf-nau?utm_flashsale=1,EDIFICE CASIO 43 mm Nam EFR-526L-7AVUDF,Phạm Đình Trung,5
edifice-casio-efr-526l-7avudf-nau?utm_flashsale=1,EDIFICE CASIO 43 mm Nam EFR-526L-7AVUDF,Nguyễn Hữu Hiệp,5
edifice-casio-efr-526l-7avudf-nau?utm_flashsale=1,EDIFICE CASIO 43 mm Nam EFR-526L-7AVUDF,Anh Nhiều,5
edifice-casio-efr-526l-7avudf-nau?utm_flashsale=1,EDIFICE CASIO 43 mm Nam EFR-526L-7AVUDF,Đạt,2
edifice-casio-efr-526l-7avudf-nau?utm_flashsale=1,EDIFICE CASIO 43 mm Nam EFR-526L-7AVUDF,Sông,4
edifice-casio-efr-526l-7avudf-nau?utm_flashsale=1,EDIFICE CASIO 43 mm Nam EFR-526L-7AVUDF,Nguyễn Vũ Minh,5
edifice-casio-efr-526l-7avudf-nau?utm_flashsale=1,EDIFICE CASIO 43 mm Nam EFR-526L-7AVUDF,Nguyễn Cảnh Phi,3
edifice-casio-efr-526l-7avudf-nau?utm_flashsale=1,EDIFICE CASIO 43 mm Nam EFR-526L-7AVUDF,Nguyễn Hải Đăng,4
edifice-casio-efr-526l-7avudf-nau?utm_flashsale=1,EDIFICE CASIO 43 mm Nam EFR-526L-7AVUDF,Bảo,1
edifice-casio-efr-526l-7avudf-nau?utm_flashsale=1,EDIFICE CASIO 43 mm Nam EFR-526L-7AVUDF,Trương Đức Thiện,5
edifice-casio-efr-526l-7avudf-nau?utm_flashsale=1,EDIFICE CASIO 43 mm Nam EFR-526L-7AVUDF,Đặng Nguyễn Minh Trí,5
edifice-casio-efr-526l-7avudf-nau?utm_flashsale=1,EDIFICE CASIO 43 mm Nam EFR-526L-7AVUDF,Trần Thuận Trị,5
edifice-casio-efr-526l-7avudf-nau?utm_flashsale=1,EDIFICE CASIO 43 mm Nam EFR-526L-7AVUDF,Khang,4
elio-es1600-01-nu,ELIO Set quà 19 mm Nữ ES1600-01,Lợi,5
g-shock-gm-2100mf-5adr-nam?utm_flashsale=1,G-SHOCK 2100 45 mm Nam GM-2100MF-5ADR,Trương Thoại Chiến,5
g-shock-gm-2100mf-5adr-nam?utm_flashsale=1,G-SHOCK 2100 45 mm Nam GM-2100MF-5ADR,Anh Thành,4
g-shock-gm-2100mf-5adr-nam?utm_flashsale=1,G-SHOCK 2100 45 mm Nam GM-2100MF-5ADR,Anh Phát,4
g-shock-gm-2100mf-5adr-nam?utm_flashsale=1,G-SHOCK 2100 45 mm Nam GM-2100MF-5ADR,Phạm Hung Cuong,5
g-shock-gm-2100mf-5adr-nam?utm_flashsale=1,G-SHOCK 2100 45 mm Nam GM-2100MF-5ADR,Đinh Thanh Hưng,5
g-shock-gm-2100mf-5adr-nam?utm_flashsale=1,G-SHOCK 2100 45 mm Nam GM-2100MF-5ADR,A Bảo,5
casio-a158wa-1df-bac?utm_flashsale=1,CASIO 30.2 mm Unisex A158WA-1DF,Hỏa Lê Đại Ngọc,5
casio-a158wa-1df-bac?utm_flashsale=1,CASIO 30.2 mm Unisex A158WA-1DF,NGUYỄN HOÀNG LỢI,5
casio-a158wa-1df-bac?utm_flashsale=1,CASIO 30.2 mm Unisex A158WA-1DF,Hồng Nhung,5
casio-a158wa-1df-bac?utm_flashsale=1,CASIO 30.2 mm Unisex A158WA-1DF,Nguyễn Đình Nguyên,4
casio-a158wa-1df-bac?utm_flashsale=1,CASIO 30.2 mm Unisex A158WA-1DF,Anh Tú,5
casio-a158wa-1df-bac?utm_flashsale=1,CASIO 30.2 mm Unisex A158WA-1DF,Nguyễn Thị Trúc Linh,5
casio-a158wa-1df-bac?utm_flashsale=1,CASIO 30.2 mm Unisex A158WA-1DF,Tình Đặng,5
casio-a158wa-1df-bac?utm_flashsale=1,CASIO 30.2 mm Unisex A158WA-1DF,Lê Phước Gia Bảo,5
casio-a158wa-1df-bac?utm_flashsale=1,CASIO 30.2 mm Unisex A158WA-1DF,Khánh Ngân,4
casio-a158wa-1df-bac?utm_flashsale=1,CASIO 30.2 mm Unisex A158WA-1DF,ANH PHÚC,5
casio-a158wa-1df-bac?utm_flashsale=1,CASIO 30.2 mm Unisex A158WA-1DF,Nguyễn Thị Thơm,5
casio-a158wa-1df-bac?utm_flashsale=1,CASIO 30.2 mm Unisex A158WA-1DF,Lê Anh Tuấn,5
casio-a158wa-1df-bac?utm_flashsale=1,CASIO 30.2 mm Unisex A158WA-1DF,NGUYỄN XUÂN SONG THUẬN,5
casio-a158wa-1df-bac?utm_flashsale=1,CASIO 30.2 mm Unisex A158WA-1DF,Trọng,5
casio-a158wa-1df-bac?utm_flashsale=1,CASIO 30.2 mm Unisex A158WA-1DF,Ngô Bằng Giang,4
casio-a158wa-1df-bac?utm_flashsale=1,CASIO 30.2 mm Unisex A158WA-1DF,Phạm Đức Long,5
casio-a158wa-1df-bac?utm_flashsale=1,CASIO 30.2 mm Unisex A158WA-1DF,Anh Minh,5
casio-a158wa-1df-bac?utm_flashsale=1,CASIO 30.2 mm Unisex A158WA-1DF,Nguyên,4
casio-a158wa-1df-bac?utm_flashsale=1,CASIO 30.2 mm Unisex A158WA-1DF,ĐINH ĐỨC THANH,5
casio-a158wa-1df-bac?utm_flashsale=1,CASIO 30.2 mm Unisex A158WA-1DF,Trần Anh Năng,5
casio-a158wa-1df-bac?utm_flashsale=1,CASIO 30.2 mm Unisex A158WA-1DF,Nguyen Viet Khuong,5
casio-a158wa-1df-bac?utm_flashsale=1,CASIO 30.2 mm Unisex A158WA-1DF,Ngô Thị Như Quỳnh,4
casio-a158wa-1df-bac?utm_flashsale=1,CASIO 30.2 mm Unisex A158WA-1DF,Yến Ng,5
casio-a158wa-1df-bac?utm_flashsale=1,CASIO 30.2 mm Unisex A158WA-1DF,Phạm Ngọc Anh,5
casio-a158wa-1df-bac?utm_flashsale=1,CASIO 30.2 mm Unisex A158WA-1DF,Thảo,5
casio-a158wa-1df-bac?utm_flashsale=1,CASIO 30.2 mm Unisex A158WA-1DF,Trần Tuấn Hùng,5
casio-a158wa-1df-bac?utm_flashsale=1,CASIO 30.2 mm Unisex A158WA-1DF,Lê Trần Tiến,5
casio-a158wa-1df-bac?utm_flashsale=1,CASIO 30.2 mm Unisex A158WA-1DF,Công,5
casio-a158wa-1df-bac?utm_flashsale=1,CASIO 30.2 mm Unisex A158WA-1DF,Phạm Tuấn Anh,5
casio-a158wa-1df-bac?utm_flashsale=1,CASIO 30.2 mm Unisex A158WA-1DF,Lưu Toàn,5
casio-a158wa-1df-bac?utm_flashsale=1,CASIO 30.2 mm Unisex A158WA-1DF,Sơn,5
casio-a158wa-1df-bac?utm_flashsale=1,CASIO 30.2 mm Unisex A158WA-1DF,Trần Minh Khôi,5
casio-a158wa-1df-bac?utm_flashsale=1,CASIO 30.2 mm Unisex A158WA-1DF,Đặng Minh Luân,5
casio-a158wa-1df-bac?utm_flashsale=1,CASIO 30.2 mm Unisex A158WA-1DF,Hoài,5
casio-a158wa-1df-bac?utm_flashsale=1,CASIO 30.2 mm Unisex A158WA-1DF,Võ Xuân Hoà,3
casio-a158wa-1df-bac?utm_flashsale=1,CASIO 30.2 mm Unisex A158WA-1DF,Vũ Cát Lượng,5
casio-a158wa-1df-bac?utm_flashsale=1,CASIO 30.2 mm Unisex A158WA-1DF,Nguyễn Đức Long,5
casio-a158wa-1df-bac?utm_flashsale=1,CASIO 30.2 mm Unisex A158WA-1DF,Khâm,5
casio-a158wa-1df-bac?utm_flashsale=1,CASIO 30.2 mm Unisex A158WA-1DF,Lê Hoài Phong,5
casio-a158wa-1df-bac?utm_flashsale=1,CASIO 30.2 mm Unisex A158WA-1DF,Ngô Ý,5
casio-a158wa-1df-bac?utm_flashsale=1,CASIO 30.2 mm Unisex A158WA-1DF,Nguyễn,5
casio-a158wa-1df-bac?utm_flashsale=1,CASIO 30.2 mm Unisex A158WA-1DF,Nguyen,5
casio-a158wa-1df-bac?utm_flashsale=1,CASIO 30.2 mm Unisex A158WA-1DF,Nguyễn Phúc Nguyên Chương,5
casio-a158wa-1df-bac?utm_flashsale=1,CASIO 30.2 mm Unisex A158WA-1DF,Trần Đức Cảnh,5
casio-a158wa-1df-bac?utm_flashsale=1,CASIO 30.2 mm Unisex A158WA-1DF,Loan,5
casio-a158wa-1df-bac?utm_flashsale=1,CASIO 30.2 mm Unisex A158WA-1DF,Huỳnh Như,5
casio-a158wa-1df-bac?utm_flashsale=1,CASIO 30.2 mm Unisex A158WA-1DF,Thuỳ Duyên,5
casio-a158wa-1df-bac?utm_flashsale=1,CASIO 30.2 mm Unisex A158WA-1DF,Nguyễn Thành Công,5
casio-a158wa-1df-bac?utm_flashsale=1,CASIO 30.2 mm Unisex A158WA-1DF,Dương Quốc Vinh,5
casio-a158wa-1df-bac?utm_flashsale=1,CASIO 30.2 mm Unisex A158WA-1DF,Long,5
casio-a158wa-1df-bac?utm_flashsale=1,CASIO 30.2 mm Unisex A158WA-1DF,Nguyễn Hữu Tình,5
casio-a158wa-1df-bac?utm_flashsale=1,CASIO 30.2 mm Unisex A158WA-1DF,Hoàng Thái,4
casio-a158wa-1df-bac?utm_flashsale=1,CASIO 30.2 mm Unisex A158WA-1DF,Anh Huy,1
casio-a158wa-1df-bac?utm_flashsale=1,CASIO 30.2 mm Unisex A158WA-1DF,Nguyễn Phạm Khánh Hà,5
g-shock-gbx-100ns-1dr-nam,G-SHOCK 46 mm Nam GBX-100NS-1DR,Danh Rum,4
g-shock-gbx-100ns-1dr-nam,G-SHOCK 46 mm Nam GBX-100NS-1DR,Lâm Trung Tín,1
g-shock-gbx-100ns-1dr-nam,G-SHOCK 46 mm Nam GBX-100NS-1DR,Anh Quang Anh,5
g-shock-gbx-100ns-1dr-nam,G-SHOCK 46 mm Nam GBX-100NS-1DR,183035 - Huỳnh Phạm Khương Duy,5
g-shock-gbx-100ns-1dr-nam,G-SHOCK 46 mm Nam GBX-100NS-1DR,Phong,5
edifice-ecb-2000d-1adf-nam,EDIFICE CASIO 51 mm Nam ECB-2000D-1ADF,Vinh,1
edifice-ecb-2000d-1adf-nam,EDIFICE CASIO 51 mm Nam ECB-2000D-1ADF,Trịnh Tấn Thành,4
edifice-ecb-2000d-1adf-nam,EDIFICE CASIO 51 mm Nam ECB-2000D-1ADF,Duy,4
edifice-ecb-2000d-1adf-nam,EDIFICE CASIO 51 mm Nam ECB-2000D-1ADF,Nguyễn Thị Bích Hồng,5
edifice-ecb-2000d-1adf-nam,EDIFICE CASIO 51 mm Nam ECB-2000D-1ADF,Lê Minh Khánh,4
casio-lw-204-4adf-nu?utm_flashsale=1,CASIO 35 mm Nữ LW-204-4ADF,Nguyễn Anh Đức,5
casio-lw-204-4adf-nu?utm_flashsale=1,CASIO 35 mm Nữ LW-204-4ADF,Nguyệt,5
casio-lw-204-4adf-nu?utm_flashsale=1,CASIO 35 mm Nữ LW-204-4ADF,Đào Như Viễn,5
casio-lw-204-4adf-nu?utm_flashsale=1,CASIO 35 mm Nữ LW-204-4ADF,Mỹ Linh,5
casio-lw-204-4adf-nu?utm_flashsale=1,CASIO 35 mm Nữ LW-204-4ADF,Trần Ngô Thùy Dung,5
casio-lw-204-4adf-nu?utm_flashsale=1,CASIO 35 mm Nữ LW-204-4ADF,Nguyễn Văn Mạnh,4
edifice-efr-571d-1avudf-nam?utm_flashsale=1,EDIFICE CASIO 47.1 mm Nam EFR-571D-1AVUDF,Tony,5
edifice-efr-571d-1avudf-nam?utm_flashsale=1,EDIFICE CASIO 47.1 mm Nam EFR-571D-1AVUDF,NGUYỄN QUANG SANG,5
edifice-efr-571d-1avudf-nam?utm_flashsale=1,EDIFICE CASIO 47.1 mm Nam EFR-571D-1AVUDF,Tâm,5
edifice-efr-571d-1avudf-nam?utm_flashsale=1,EDIFICE CASIO 47.1 mm Nam EFR-571D-1AVUDF,Đỗ Văn Huy,5
edifice-efr-571d-1avudf-nam?utm_flashsale=1,EDIFICE CASIO 47.1 mm Nam EFR-571D-1AVUDF,Trí,4
edifice-efr-571d-1avudf-nam?utm_flashsale=1,EDIFICE CASIO 47.1 mm Nam EFR-571D-1AVUDF,Nguyễn Quân Trường,5
edifice-efr-571d-1avudf-nam?utm_flashsale=1,EDIFICE CASIO 47.1 mm Nam EFR-571D-1AVUDF,Lê Minh Khá,5
edifice-efr-571d-1avudf-nam?utm_flashsale=1,EDIFICE CASIO 47.1 mm Nam EFR-571D-1AVUDF,Đăng,5
edifice-efr-571d-1avudf-nam?utm_flashsale=1,EDIFICE CASIO 47.1 mm Nam EFR-571D-1AVUDF,Văn Thành Danh,5
edifice-efr-571d-1avudf-nam?utm_flashsale=1,EDIFICE CASIO 47.1 mm Nam EFR-571D-1AVUDF,Lý Huy Long,5
edifice-efr-571d-1avudf-nam?utm_flashsale=1,EDIFICE CASIO 47.1 mm Nam EFR-571D-1AVUDF,Anh Thế Anh,3
g-shock-ga-2100-1a1dr-nam,G-SHOCK 2100 45.4 mm Nam GA-2100-1A1DR,Bùi Thành Trung,5
g-shock-ga-2100-1a1dr-nam,G-SHOCK 2100 45.4 mm Nam GA-2100-1A1DR,Bảo,5
g-shock-ga-2100-1a1dr-nam,G-SHOCK 2100 45.4 mm Nam GA-2100-1A1DR,Nguyễn Văn Tuấn Anh,5
g-shock-ga-2100-1a1dr-nam,G-SHOCK 2100 45.4 mm Nam GA-2100-1A1DR,Tăng Phi Hùng,5
g-shock-ga-2100-1a1dr-nam,G-SHOCK 2100 45.4 mm Nam GA-2100-1A1DR,Trịnh Minh Thuận,5
g-shock-ga-2100-1a1dr-nam,G-SHOCK 2100 45.4 mm Nam GA-2100-1A1DR,Thịnh,5
g-shock-ga-2100-1a1dr-nam,G-SHOCK 2100 45.4 mm Nam GA-2100-1A1DR,Quan Huy Bình,5
g-shock-ga-2100-1a1dr-nam,G-SHOCK 2100 45.4 mm Nam GA-2100-1A1DR,Đinh Võ Bảo Châu,5
g-shock-ga-2100-1a1dr-nam,G-SHOCK 2100 45.4 mm Nam GA-2100-1A1DR,Đức,5
g-shock-ga-2100-1a1dr-nam,G-SHOCK 2100 45.4 mm Nam GA-2100-1A1DR,Đạt,4
g-shock-ga-2100-1a1dr-nam,G-SHOCK 2100 45.4 mm Nam GA-2100-1A1DR,Bùi Đức Luyện,5
g-shock-ga-2100-1a1dr-nam,G-SHOCK 2100 45.4 mm Nam GA-2100-1A1DR,Chị HoaHoa,5
g-shock-ga-2100-1a1dr-nam,G-SHOCK 2100 45.4 mm Nam GA-2100-1A1DR,Nguyên,5
g-shock-ga-2100-1a1dr-nam,G-SHOCK 2100 45.4 mm Nam GA-2100-1A1DR,Đỗ Văn Hạnh,5
g-shock-ga-2100-1a1dr-nam,G-SHOCK 2100 45.4 mm Nam GA-2100-1A1DR,Thành,1
g-shock-ga-2100-1a1dr-nam,G-SHOCK 2100 45.4 mm Nam GA-2100-1A1DR,VŨ HOÀNG MINH,5
g-shock-ga-2100-1a1dr-nam,G-SHOCK 2100 45.4 mm Nam GA-2100-1A1DR,Anh Tuấn,5
g-shock-ga-2100-1a1dr-nam,G-SHOCK 2100 45.4 mm Nam GA-2100-1A1DR,Anh Tráng,5
g-shock-ga-2100-1a1dr-nam,G-SHOCK 2100 45.4 mm Nam GA-2100-1A1DR,Nguyễn Ngọc Điện,5
baby-g-ba-110nr-1adr-nu,BABY-G BA-110 46.3 mm Nữ BA-110NR-1ADR,LÊ TẤN MINH NGỌC,4
baby-g-ba-110nr-1adr-nu,BABY-G BA-110 46.3 mm Nữ BA-110NR-1ADR,Nguyễn Thị Kim Ngân,5
baby-g-ba-110nr-1adr-nu,BABY-G BA-110 46.3 mm Nữ BA-110NR-1ADR,Huyền Trân,5
edifice-casio-efv-610db-2avudf-nam?utm_flashsale=1,EDIFICE CASIO 44 mm Nam EFV-610DB-2AVUDF,Anh Kiệt,2
edifice-casio-efv-610db-2avudf-nam?utm_flashsale=1,EDIFICE CASIO 44 mm Nam EFV-610DB-2AVUDF,,4
edifice-casio-efv-610db-2avudf-nam?utm_flashsale=1,EDIFICE CASIO 44 mm Nam EFV-610DB-2AVUDF,Đặng Hoàng Thanh,5
edifice-casio-efv-610db-2avudf-nam?utm_flashsale=1,EDIFICE CASIO 44 mm Nam EFV-610DB-2AVUDF,Trần Đức Chiến,5
edifice-casio-efv-610db-2avudf-nam?utm_flashsale=1,EDIFICE CASIO 44 mm Nam EFV-610DB-2AVUDF,Cường,5
edifice-casio-efv-610db-2avudf-nam?utm_flashsale=1,EDIFICE CASIO 44 mm Nam EFV-610DB-2AVUDF,Hy,4
casio-lw-204-1adf-nu?utm_flashsale=1,CASIO 35 mm Nữ LW-204-1ADF,Ánh,4
casio-lw-204-1adf-nu?utm_flashsale=1,CASIO 35 mm Nữ LW-204-1ADF,Hồ Thị Thanh Thúy,5
casio-lw-204-1adf-nu?utm_flashsale=1,CASIO 35 mm Nữ LW-204-1ADF,Quốc,5
casio-lw-204-1adf-nu?utm_flashsale=1,CASIO 35 mm Nữ LW-204-1ADF,Đức Nguyễn,5
casio-lw-204-1adf-nu?utm_flashsale=1,CASIO 35 mm Nữ LW-204-1ADF,Anh Hà,5
baby-g-bgd-560sk-4dr-do?utm_flashsale=1,BABY-G 40.2 mm Nữ BGD-560SK-4DR,Nông Thị Như Quỳnh,3
casio-la670wa-7df-nu?utm_flashsale=1,CASIO 24.6 mm Nữ LA670WA-7DF,Phạm Thị Thịnh,5
casio-la670wa-7df-nu?utm_flashsale=1,CASIO 24.6 mm Nữ LA670WA-7DF,Đoàn Tín Nghĩa,5
casio-la670wa-7df-nu?utm_flashsale=1,CASIO 24.6 mm Nữ LA670WA-7DF,Thu,5
casio-la670wa-7df-nu?utm_flashsale=1,CASIO 24.6 mm Nữ LA670WA-7DF,Anh Tân,5
elio-el119-02-nu,ELIO Flower 28 mm Nữ EL119-02,Khang Huy,5
elio-el119-02-nu,ELIO Flower 28 mm Nữ EL119-02,Trần Tịnh Hiền,5
elio-el119-02-nu,ELIO Flower 28 mm Nữ EL119-02,Chị Loan,4
elio-el119-02-nu,ELIO Flower 28 mm Nữ EL119-02,Anh Bình,4
elio-el119-02-nu,ELIO Flower 28 mm Nữ EL119-02,Diễm Ngọc,4
elio-el119-02-nu,ELIO Flower 28 mm Nữ EL119-02,Huỳnh Thanh Long,4
elio-el119-02-nu,ELIO Flower 28 mm Nữ EL119-02,A Quốc,4
elio-el119-02-nu,ELIO Flower 28 mm Nữ EL119-02,Đức,5
elio-el119-02-nu,ELIO Flower 28 mm Nữ EL119-02,Trịnh Chấn Phước,5
elio-el119-02-nu,ELIO Flower 28 mm Nữ EL119-02,Chị Hoài,5
baby-g-ba-120t-1adr-nu?utm_flashsale=1,BABY-G 43.4 mm Nữ BA-120T-1ADR,Thuỳ,5
casio-la670wa-1df-nu?utm_flashsale=1,CASIO 24.6 mm Nữ LA670WA-1DF,Tân,5
casio-la670wa-1df-nu?utm_flashsale=1,CASIO 24.6 mm Nữ LA670WA-1DF,Chị Tiến,5
casio-la670wa-1df-nu?utm_flashsale=1,CASIO 24.6 mm Nữ LA670WA-1DF,Le Van Duy,5
baby-g-bga-255-4adr-cam?utm_flashsale=1,BABY-G 41 mm Nữ BGA-255-4ADR,Trần Thị Vân,5
baby-g-bga-255-4adr-cam?utm_flashsale=1,BABY-G 41 mm Nữ BGA-255-4ADR,Trần Thị Hường,5
baby-g-bga-255-4adr-cam?utm_flashsale=1,BABY-G 41 mm Nữ BGA-255-4ADR,Tran Van Thịnh( Chị Nhung Mua ),4
g-shock-gm-s2100pg-1a4dr-nu?utm_flashsale=1,G-SHOCK 2100 40.4 mm Nữ GM-S2100PG-1A4DR,TRUONG THI QUYNH NHU,5
g-shock-gm-s2100pg-1a4dr-nu?utm_flashsale=1,G-SHOCK 2100 40.4 mm Nữ GM-S2100PG-1A4DR,Anh Thông,5
g-shock-gm-s2100pg-1a4dr-nu?utm_flashsale=1,G-SHOCK 2100 40.4 mm Nữ GM-S2100PG-1A4DR,Huỳnh Ngọc Pháp,4
g-shock-gm-s2100pg-1a4dr-nu?utm_flashsale=1,G-SHOCK 2100 40.4 mm Nữ GM-S2100PG-1A4DR,Nguyễn Văn Tuấn,5
g-shock-gm-s2100pg-1a4dr-nu?utm_flashsale=1,G-SHOCK 2100 40.4 mm Nữ GM-S2100PG-1A4DR,Nguyễn Văn Đại,5
g-shock-gm-s2100pg-1a4dr-nu?utm_flashsale=1,G-SHOCK 2100 40.4 mm Nữ GM-S2100PG-1A4DR,Nguyễn Quốc Trung,5
g-shock-gm-s2100pg-1a4dr-nu?utm_flashsale=1,G-SHOCK 2100 40.4 mm Nữ GM-S2100PG-1A4DR,Nguyễn Văn Đại,5
g-shock-gm-s2100pg-1a4dr-nu?utm_flashsale=1,G-SHOCK 2100 40.4 mm Nữ GM-S2100PG-1A4DR,Huynh Thanh Minh,5
casio-lws-2200h-4avdf-nu?utm_flashsale=1,CASIO 37.6 mm Nữ LWS-2200H-4AVDF,Anh Hoàng Anh,5
casio-lws-2200h-4avdf-nu?utm_flashsale=1,CASIO 37.6 mm Nữ LWS-2200H-4AVDF,Huyền,2
casio-lws-2200h-4avdf-nu?utm_flashsale=1,CASIO 37.6 mm Nữ LWS-2200H-4AVDF,Nguyễn Linh Đan,4
casio-lws-2200h-4avdf-nu?utm_flashsale=1,CASIO 37.6 mm Nữ LWS-2200H-4AVDF,Anh Lộc,5
casio-lws-2200h-4avdf-nu?utm_flashsale=1,CASIO 37.6 mm Nữ LWS-2200H-4AVDF,Tạ Duy Bảo,5
casio-lws-2200h-4avdf-nu?utm_flashsale=1,CASIO 37.6 mm Nữ LWS-2200H-4AVDF,Chị Thuý,5
casio-lws-2200h-4avdf-nu?utm_flashsale=1,CASIO 37.6 mm Nữ LWS-2200H-4AVDF,Bich,2
casio-lws-2200h-4avdf-nu?utm_flashsale=1,CASIO 37.6 mm Nữ LWS-2200H-4AVDF,Hoàng Ngọc,5
casio-lws-2200h-4avdf-nu?utm_flashsale=1,CASIO 37.6 mm Nữ LWS-2200H-4AVDF,CHÂU VĂN SÁNG,5
casio-lws-2200h-4avdf-nu?utm_flashsale=1,CASIO 37.6 mm Nữ LWS-2200H-4AVDF,Nguyễn Thị Thanh Lam,4
casio-lws-2200h-4avdf-nu?utm_flashsale=1,CASIO 37.6 mm Nữ LWS-2200H-4AVDF,Kỳ,5
baby-g-bgs-100gs-1adr-nu?utm_flashsale=1,BABY-G 42.6 mm Nữ BGS-100GS-1ADR,Nguyễn Trí Đại,5
baby-g-bgs-100gs-1adr-nu?utm_flashsale=1,BABY-G 42.6 mm Nữ BGS-100GS-1ADR,Ly,4
baby-g-bgs-100gs-1adr-nu?utm_flashsale=1,BABY-G 42.6 mm Nữ BGS-100GS-1ADR,Nguyễn Ngọc Hạnh,4
g-shock-gm-s2100-3adr-nu?utm_flashsale=1,G-SHOCK 2100 40.4 mm Nữ GM-S2100-3ADR,Nguyễn Thị Việt,5
g-shock-gm-s2100-3adr-nu?utm_flashsale=1,G-SHOCK 2100 40.4 mm Nữ GM-S2100-3ADR,Duong Huu Dai,5
baby-g-bg-169g-7bdr-trang?utm_flashsale=1,BABY-G BG-169 42.4 mm Nữ BG-169G-7BDR,Thảo,2
baby-g-bg-169g-7bdr-trang?utm_flashsale=1,BABY-G BG-169 42.4 mm Nữ BG-169G-7BDR,Trí,1
baby-g-bg-169g-7bdr-trang?utm_flashsale=1,BABY-G BG-169 42.4 mm Nữ BG-169G-7BDR,LÊ VIỆT ANH,4
baby-g-bg-169g-7bdr-trang?utm_flashsale=1,BABY-G BG-169 42.4 mm Nữ BG-169G-7BDR,Nguyễn Huỳnh Thanh Tú,2
baby-g-bg-169g-7bdr-trang?utm_flashsale=1,BABY-G BG-169 42.4 mm Nữ BG-169G-7BDR,Nguyễn Tiến Trí,5
baby-g-bg-169g-7bdr-trang?utm_flashsale=1,BABY-G BG-169 42.4 mm Nữ BG-169G-7BDR,Đức Anh,3
baby-g-bg-169g-7bdr-trang?utm_flashsale=1,BABY-G BG-169 42.4 mm Nữ BG-169G-7BDR,Lê Tuyền,5
baby-g-bg-169g-7bdr-trang?utm_flashsale=1,BABY-G BG-169 42.4 mm Nữ BG-169G-7BDR,Le Minh Ngoc,5
baby-g-bg-169g-7bdr-trang?utm_flashsale=1,BABY-G BG-169 42.4 mm Nữ BG-169G-7BDR,Chị Linh,5
baby-g-bg-169g-7bdr-trang?utm_flashsale=1,BABY-G BG-169 42.4 mm Nữ BG-169G-7BDR,Trần Quốc Hoà,5
baby-g-bg-169g-7bdr-trang?utm_flashsale=1,BABY-G BG-169 42.4 mm Nữ BG-169G-7BDR,Thúy Hồng,4
baby-g-bg-169g-7bdr-trang?utm_flashsale=1,BABY-G BG-169 42.4 mm Nữ BG-169G-7BDR,Nguyễn Thị Mai Phương,5
baby-g-bg-169g-7bdr-trang?utm_flashsale=1,BABY-G BG-169 42.4 mm Nữ BG-169G-7BDR,Hà Đức Tùng,5
baby-g-bg-169g-7bdr-trang?utm_flashsale=1,BABY-G BG-169 42.4 mm Nữ BG-169G-7BDR,Hồ Thị Liên,5
casio-lws-2200h-1avdf-nu,CASIO 37.6 mm Nữ LWS-2200H-1AVDF,Ngân,5
elio-es158-01-nu,ELIO Set quà 28 mm Nữ ES158-01,Trần Ngô Thế Phiên,5
casio-mtp-1384d-7avdf-nam?utm_flashsale=1,CASIO 41 mm Nam MTP-1384D-7AVDF,An Nguyễn,4
casio-mtp-1384d-7avdf-nam?utm_flashsale=1,CASIO 41 mm Nam MTP-1384D-7AVDF,Lê Anh Sơn,2
casio-mtp-1384d-7avdf-nam?utm_flashsale=1,CASIO 41 mm Nam MTP-1384D-7AVDF,Anh Tùng,5
casio-mtp-1384d-7avdf-nam?utm_flashsale=1,CASIO 41 mm Nam MTP-1384D-7AVDF,Nguyễn Minh Hiếu,4
casio-mtp-1384d-7avdf-nam?utm_flashsale=1,CASIO 41 mm Nam MTP-1384D-7AVDF,Toàn,2
casio-mtp-1384d-7avdf-nam?utm_flashsale=1,CASIO 41 mm Nam MTP-1384D-7AVDF,Nguyễn Quốc Hưng,5
casio-mtp-1384d-7avdf-nam?utm_flashsale=1,CASIO 41 mm Nam MTP-1384D-7AVDF,ĐỖ THÁI ANH,5
casio-mtp-1384d-7avdf-nam?utm_flashsale=1,CASIO 41 mm Nam MTP-1384D-7AVDF,Đổ Thành Thể,4
casio-mtp-1384d-7avdf-nam?utm_flashsale=1,CASIO 41 mm Nam MTP-1384D-7AVDF,Bùi Thị Thanh Phương,5
casio-mtp-1384d-7avdf-nam?utm_flashsale=1,CASIO 41 mm Nam MTP-1384D-7AVDF,Long,4
casio-mtp-1384d-7avdf-nam?utm_flashsale=1,CASIO 41 mm Nam MTP-1384D-7AVDF,Quảng Thi,5
casio-mtp-1384d-7avdf-nam?utm_flashsale=1,CASIO 41 mm Nam MTP-1384D-7AVDF,Anh Nhật,5
casio-mtp-1384d-7avdf-nam?utm_flashsale=1,CASIO 41 mm Nam MTP-1384D-7AVDF,Hưng,3
casio-mtp-1384d-7avdf-nam?utm_flashsale=1,CASIO 41 mm Nam MTP-1384D-7AVDF,Nguyễn Hữu Quang,4
casio-mtp-1384d-7avdf-nam?utm_flashsale=1,CASIO 41 mm Nam MTP-1384D-7AVDF,Phạm Thanh Huy,5
casio-mtp-1384d-7avdf-nam?utm_flashsale=1,CASIO 41 mm Nam MTP-1384D-7AVDF,Nguyễn Thanh Toàn,5
casio-mtp-1384d-7avdf-nam?utm_flashsale=1,CASIO 41 mm Nam MTP-1384D-7AVDF,Anh Phong,5
casio-mtp-1384d-7avdf-nam?utm_flashsale=1,CASIO 41 mm Nam MTP-1384D-7AVDF,Cao Hoài Nhân,5
casio-mtp-1384d-7avdf-nam?utm_flashsale=1,CASIO 41 mm Nam MTP-1384D-7AVDF,Lê Ngọc Thanh Tâm,4
casio-mtp-1384d-7avdf-nam?utm_flashsale=1,CASIO 41 mm Nam MTP-1384D-7AVDF,Lâm,5
casio-mtp-1384d-2avdf-nam?utm_flashsale=1,CASIO 41 mm Nam MTP-1384D-2AVDF,Trần Văn Tiếp,4
casio-mtp-1384d-2avdf-nam?utm_flashsale=1,CASIO 41 mm Nam MTP-1384D-2AVDF,Nguyễn Mỹ Nhân,5
casio-mtp-1384d-2avdf-nam?utm_flashsale=1,CASIO 41 mm Nam MTP-1384D-2AVDF,Nguyên,5
casio-mtp-1384d-2avdf-nam?utm_flashsale=1,CASIO 41 mm Nam MTP-1384D-2AVDF,Trần Kiên,5
casio-mtp-1384d-2avdf-nam?utm_flashsale=1,CASIO 41 mm Nam MTP-1384D-2AVDF,Quyền,4
casio-mtp-1384d-2avdf-nam?utm_flashsale=1,CASIO 41 mm Nam MTP-1384D-2AVDF,Nguyễn Đình Trường,5
casio-mtp-1384d-2avdf-nam?utm_flashsale=1,CASIO 41 mm Nam MTP-1384D-2AVDF,Anh Phi,5
casio-mtp-1384d-2avdf-nam?utm_flashsale=1,CASIO 41 mm Nam MTP-1384D-2AVDF,Nguyễn Thành Lộc,4
casio-mtp-1384d-2avdf-nam?utm_flashsale=1,CASIO 41 mm Nam MTP-1384D-2AVDF,LÊ DUY PHONG,3
casio-mtp-1384d-2avdf-nam?utm_flashsale=1,CASIO 41 mm Nam MTP-1384D-2AVDF,Vũ,4
casio-mtp-1384d-2avdf-nam?utm_flashsale=1,CASIO 41 mm Nam MTP-1384D-2AVDF,Trần Văn Linh,5
casio-mtp-1384d-2avdf-nam?utm_flashsale=1,CASIO 41 mm Nam MTP-1384D-2AVDF,Minh,3
casio-mtp-1384d-2avdf-nam?utm_flashsale=1,CASIO 41 mm Nam MTP-1384D-2AVDF,NGUYỄN NGỌC MAI ANH,5
casio-mtp-1384d-2avdf-nam?utm_flashsale=1,CASIO 41 mm Nam MTP-1384D-2AVDF,Lê Văn Dương,3
casio-mtp-1384d-2avdf-nam?utm_flashsale=1,CASIO 41 mm Nam MTP-1384D-2AVDF,Huỳnh Minh Trãi,4
casio-mtp-1384d-2avdf-nam?utm_flashsale=1,CASIO 41 mm Nam MTP-1384D-2AVDF,Chương,5
elio-es157-02-nu,ELIO Set quà 28 mm Nữ ES157-02,Phúc,1
casio-mtp-v300gb-1audf-nam?utm_flashsale=1,CASIO 40 mm Nam MTP-V300GB-1AUDF,ĐOÀN VĂN LỢI,1
casio-mtp-v300gb-1audf-nam?utm_flashsale=1,CASIO 40 mm Nam MTP-V300GB-1AUDF,BÙI VĂN HÙNG,1
casio-mtp-v300gb-1audf-nam?utm_flashsale=1,CASIO 40 mm Nam MTP-V300GB-1AUDF,A Long,5
casio-mtp-v300gb-1audf-nam?utm_flashsale=1,CASIO 40 mm Nam MTP-V300GB-1AUDF,Lê Xuân Sơn,5
casio-mtp-v300gb-1audf-nam?utm_flashsale=1,CASIO 40 mm Nam MTP-V300GB-1AUDF,Đặng Văn Giàu,5
casio-mtp-v300gb-1audf-nam?utm_flashsale=1,CASIO 40 mm Nam MTP-V300GB-1AUDF,Ngọc,4
casio-mtp-v300gb-1audf-nam?utm_flashsale=1,CASIO 40 mm Nam MTP-V300GB-1AUDF,Phan Huỳnh Giang San,4
baby-g-ba-110cr-2adr-nu?utm_flashsale=1,BABY-G BA-110 46.3 mm Nữ BA-110CR-2ADR,Đinh Thị Minh Châu,5
elio-es157-01-nu,ELIO Set quà 28 mm Nữ ES157-01,Võ Văn Tú,5
elio-es157-01-nu,ELIO Set quà 28 mm Nữ ES157-01,Diệu,5
casio-mtp-v300b-1audf-nam?utm_flashsale=1,CASIO 41.5 mm Nam MTP-V300B-1AUDF,Suong,5
casio-mtp-v300b-1audf-nam?utm_flashsale=1,CASIO 41.5 mm Nam MTP-V300B-1AUDF,Anh Đức,5
casio-mtp-v300b-1audf-nam?utm_flashsale=1,CASIO 41.5 mm Nam MTP-V300B-1AUDF,Nguyễn Văn Bảo,1
casio-mtp-v300b-1audf-nam?utm_flashsale=1,CASIO 41.5 mm Nam MTP-V300B-1AUDF,Nguyễn Hữu Bình,5
casio-mtp-v300b-1audf-nam?utm_flashsale=1,CASIO 41.5 mm Nam MTP-V300B-1AUDF,Đỗ Văn Trà,5
casio-mtp-v300b-1audf-nam?utm_flashsale=1,CASIO 41.5 mm Nam MTP-V300B-1AUDF,Huỳnh Thị Thùy Dương,5
casio-mtp-v300b-1audf-nam?utm_flashsale=1,CASIO 41.5 mm Nam MTP-V300B-1AUDF,Huỳnh Thị Thùy Dương,5
casio-mtp-v300b-1audf-nam?utm_flashsale=1,CASIO 41.5 mm Nam MTP-V300B-1AUDF,Huỳnh Văn Sử,5
casio-mtp-v300b-1audf-nam?utm_flashsale=1,CASIO 41.5 mm Nam MTP-V300B-1AUDF,Anh Thắm,5
casio-mtp-v300b-1audf-nam?utm_flashsale=1,CASIO 41.5 mm Nam MTP-V300B-1AUDF,Duy,5
casio-mtp-v300b-1audf-nam?utm_flashsale=1,CASIO 41.5 mm Nam MTP-V300B-1AUDF,Minh,5
casio-mtp-v300b-1audf-nam?utm_flashsale=1,CASIO 41.5 mm Nam MTP-V300B-1AUDF,Anh Đạo,5
casio-mtp-v300b-1audf-nam?utm_flashsale=1,CASIO 41.5 mm Nam MTP-V300B-1AUDF,Nguyễn Sơn Tùng,5
casio-mtp-v300b-1audf-nam?utm_flashsale=1,CASIO 41.5 mm Nam MTP-V300B-1AUDF,Nguyễn Sơn Tùng,5
casio-mtp-v300b-1audf-nam?utm_flashsale=1,CASIO 41.5 mm Nam MTP-V300B-1AUDF,Trịnh Trung Hiếu,5
casio-mtp-v300b-1audf-nam?utm_flashsale=1,CASIO 41.5 mm Nam MTP-V300B-1AUDF,Mai Văn Thành,5
casio-mtp-v300b-1audf-nam?utm_flashsale=1,CASIO 41.5 mm Nam MTP-V300B-1AUDF,Đặng Quốc Đức,4
casio-mtp-v300bl-5audf-nam?utm_flashsale=1,CASIO 41.5 mm Nam MTP-V300BL-5AUDF,Nguyễn Văn Phú,5
casio-mtp-v300bl-5audf-nam?utm_flashsale=1,CASIO 41.5 mm Nam MTP-V300BL-5AUDF,Lê Bảo Uyên,4
casio-mtp-v300bl-5audf-nam?utm_flashsale=1,CASIO 41.5 mm Nam MTP-V300BL-5AUDF,Lê Văn Chung,5
casio-mtp-v300bl-5audf-nam?utm_flashsale=1,CASIO 41.5 mm Nam MTP-V300BL-5AUDF,Anh Nhã,3
casio-mtp-v300bl-5audf-nam?utm_flashsale=1,CASIO 41.5 mm Nam MTP-V300BL-5AUDF,NGUYEN THI CHAU,3
casio-mtp-v300bl-5audf-nam?utm_flashsale=1,CASIO 41.5 mm Nam MTP-V300BL-5AUDF,ĐOÀN ANH QUỐC,5
casio-mtp-v300bl-5audf-nam?utm_flashsale=1,CASIO 41.5 mm Nam MTP-V300BL-5AUDF,Anh Đạt,5
casio-mtp-v300bl-5audf-nam?utm_flashsale=1,CASIO 41.5 mm Nam MTP-V300BL-5AUDF,Nguyễn Văn Dũng,5
casio-mtp-v300bl-5audf-nam?utm_flashsale=1,CASIO 41.5 mm Nam MTP-V300BL-5AUDF,Sáng,4
casio-mtp-v300bl-5audf-nam?utm_flashsale=1,CASIO 41.5 mm Nam MTP-V300BL-5AUDF,Phan Thanh Tâm,5
casio-mtp-v300bl-5audf-nam?utm_flashsale=1,CASIO 41.5 mm Nam MTP-V300BL-5AUDF,Đoàn Thị Kim Hạnh,5
casio-mtp-vd02l-1eudf-nam?utm_flashsale=1,CASIO 41 mm Nam MTP-VD02L-1EUDF,Thuận,5
casio-mtp-vd02l-1eudf-nam?utm_flashsale=1,CASIO 41 mm Nam MTP-VD02L-1EUDF,Đào Thị Lan,5
casio-mtp-vd02l-1eudf-nam?utm_flashsale=1,CASIO 41 mm Nam MTP-VD02L-1EUDF,NGUYỄN MẠNH ĐÌNH,5
casio-mtp-vd02l-1eudf-nam?utm_flashsale=1,CASIO 41 mm Nam MTP-VD02L-1EUDF,Nguyễn Tuấn Ngọc,4
casio-mtp-vd02l-1eudf-nam?utm_flashsale=1,CASIO 41 mm Nam MTP-VD02L-1EUDF,Dao Minh Phương,4
casio-mtp-vd02l-1eudf-nam?utm_flashsale=1,CASIO 41 mm Nam MTP-VD02L-1EUDF,Thắng,5
casio-mtp-vd02l-1eudf-nam?utm_flashsale=1,CASIO 41 mm Nam MTP-VD02L-1EUDF,Đỗ Phong,5
casio-mtp-vd02l-1eudf-nam?utm_flashsale=1,CASIO 41 mm Nam MTP-VD02L-1EUDF,Đỗ Phong,5
casio-mtp-vd02l-1eudf-nam?utm_flashsale=1,CASIO 41 mm Nam MTP-VD02L-1EUDF,Võ Thị Kim Quyền,5
casio-mtp-vd02l-1eudf-nam?utm_flashsale=1,CASIO 41 mm Nam MTP-VD02L-1EUDF,Trần Văn Phú,4
casio-mtp-vd02l-1eudf-nam?utm_flashsale=1,CASIO 41 mm Nam MTP-VD02L-1EUDF,Kiên,5
casio-mtp-vd02l-1eudf-nam?utm_flashsale=1,CASIO 41 mm Nam MTP-VD02L-1EUDF,Ngô Văn Sáu,5
casio-mtp-vd02l-1eudf-nam?utm_flashsale=1,CASIO 41 mm Nam MTP-VD02L-1EUDF,Lường Văn Tính,5
casio-mtp-vd02l-1eudf-nam?utm_flashsale=1,CASIO 41 mm Nam MTP-VD02L-1EUDF,Duy Nguyễn Văn Anh,5
casio-mtp-vd02l-1eudf-nam?utm_flashsale=1,CASIO 41 mm Nam MTP-VD02L-1EUDF,Nguyễn Minh Hiếu,5
casio-mtp-vd02l-1eudf-nam?utm_flashsale=1,CASIO 41 mm Nam MTP-VD02L-1EUDF,Cao Sơn Cường,5
casio-mtp-vd02l-1eudf-nam?utm_flashsale=1,CASIO 41 mm Nam MTP-VD02L-1EUDF,Minh Huy,5
casio-mtp-vd02l-1eudf-nam?utm_flashsale=1,CASIO 41 mm Nam MTP-VD02L-1EUDF,Chị Thủy,4
casio-mtp-vd02l-1eudf-nam?utm_flashsale=1,CASIO 41 mm Nam MTP-VD02L-1EUDF,Trần Văn Khoa,5
casio-mtp-vd02l-1eudf-nam?utm_flashsale=1,CASIO 41 mm Nam MTP-VD02L-1EUDF,Yến Nhi,5
casio-mtp-vd02l-1eudf-nam?utm_flashsale=1,CASIO 41 mm Nam MTP-VD02L-1EUDF,Hồ,4
casio-mtp-vd02l-1eudf-nam?utm_flashsale=1,CASIO 41 mm Nam MTP-VD02L-1EUDF,Em Hiếu,5
casio-mtp-vd02l-1eudf-nam?utm_flashsale=1,CASIO 41 mm Nam MTP-VD02L-1EUDF,Lê Thị Xuân Hương,5
casio-mtp-vd02l-1eudf-nam?utm_flashsale=1,CASIO 41 mm Nam MTP-VD02L-1EUDF,Nguyễn Trung Kiên,5
casio-mtp-vd02l-1eudf-nam?utm_flashsale=1,CASIO 41 mm Nam MTP-VD02L-1EUDF,Ju Lịch,5
casio-mtp-vd02l-1eudf-nam?utm_flashsale=1,CASIO 41 mm Nam MTP-VD02L-1EUDF,Phạm Võ Minh Duy,4
casio-mtp-vd02l-1eudf-nam?utm_flashsale=1,CASIO 41 mm Nam MTP-VD02L-1EUDF,Trương Võ Thành Thế,4
smile-kid-sl127-01-tre-em,SMILE KID 42 mm Trẻ em SL127-01,Ming Yu,5
smile-kid-sl127-01-tre-em,SMILE KID 42 mm Trẻ em SL127-01,Lê Van Tranh,5
smile-kid-sl127-01-tre-em,SMILE KID 42 mm Trẻ em SL127-01,Ngọc Bích,4
smile-kid-sl127-01-tre-em,SMILE KID 42 mm Trẻ em SL127-01,Lê Thị Hạnh,4
smile-kid-sl127-01-tre-em,SMILE KID 42 mm Trẻ em SL127-01,Chị Hạ,5
smile-kid-sl127-01-tre-em,SMILE KID 42 mm Trẻ em SL127-01,Nhung,4
smile-kid-sl127-01-tre-em,SMILE KID 42 mm Trẻ em SL127-01,Tuyết,4
smile-kid-sl127-01-tre-em,SMILE KID 42 mm Trẻ em SL127-01,Chị Tuyến,5
smile-kid-sl127-01-tre-em,SMILE KID 42 mm Trẻ em SL127-01,Vo Ngoc Duy,5
smile-kid-sl127-01-tre-em,SMILE KID 42 mm Trẻ em SL127-01,Huỳnh Hoài Hân,5
smile-kid-sl127-01-tre-em,SMILE KID 42 mm Trẻ em SL127-01,Lê Thanh Thủy,5
smile-kid-sl127-01-tre-em,SMILE KID 42 mm Trẻ em SL127-01,Linh,4
smile-kid-sl127-01-tre-em,SMILE KID 42 mm Trẻ em SL127-01,,4
smile-kid-sl127-01-tre-em,SMILE KID 42 mm Trẻ em SL127-01,Nguyễn Hồng Trúc Linh,5
smile-kid-sl127-01-tre-em,SMILE KID 42 mm Trẻ em SL127-01,NGUYỄN THỊ HIỀN,5
smile-kid-sl127-01-tre-em,SMILE KID 42 mm Trẻ em SL127-01,Anh Sang,5
smile-kid-sl127-01-tre-em,SMILE KID 42 mm Trẻ em SL127-01,Thư,4
smile-kid-sl127-01-tre-em,SMILE KID 42 mm Trẻ em SL127-01,Anh Phi,5
smile-kid-sl127-01-tre-em,SMILE KID 42 mm Trẻ em SL127-01,Quang,5
smile-kid-sl127-01-tre-em,SMILE KID 42 mm Trẻ em SL127-01,Chị Lý,4
smile-kid-sl127-02-tre-em,SMILE KID 42 mm Trẻ em SL127-02,Páo Lỷ Ốn,5
smile-kid-sl127-02-tre-em,SMILE KID 42 mm Trẻ em SL127-02,Hoàng,5
smile-kid-sl127-02-tre-em,SMILE KID 42 mm Trẻ em SL127-02,Anh TỴ,5
smile-kid-sl127-02-tre-em,SMILE KID 42 mm Trẻ em SL127-02,Bình,4
smile-kid-sl127-02-tre-em,SMILE KID 42 mm Trẻ em SL127-02,Tran Minh Thuan,5
smile-kid-sl127-02-tre-em,SMILE KID 42 mm Trẻ em SL127-02,Hải,5
smile-kid-sl127-02-tre-em,SMILE KID 42 mm Trẻ em SL127-02,Anh Chương,4
smile-kid-sl127-02-tre-em,SMILE KID 42 mm Trẻ em SL127-02,Kha,4
smile-kid-sl127-02-tre-em,SMILE KID 42 mm Trẻ em SL127-02,Nguyễn Lân,3
smile-kid-sl127-02-tre-em,SMILE KID 42 mm Trẻ em SL127-02,Cao Thanh Huy,5
smile-kid-sl127-02-tre-em,SMILE KID 42 mm Trẻ em SL127-02,Linh,3
smile-kid-sl127-02-tre-em,SMILE KID 42 mm Trẻ em SL127-02,Đào Thị Vân Hương,5
smile-kid-sl127-02-tre-em,SMILE KID 42 mm Trẻ em SL127-02,Nguyễn Văn Hậu,5
smile-kid-sl127-02-tre-em,SMILE KID 42 mm Trẻ em SL127-02,Cô Phướng,5
casio-mtp-1314d-7avdf-nam?utm_flashsale=1,CASIO 45 mm Nam MTP-1314D-7AVDF,Lê Văn Siêu,5
casio-mtp-1314d-7avdf-nam?utm_flashsale=1,CASIO 45 mm Nam MTP-1314D-7AVDF,Nguyễn Đình Vũ,5
casio-mtp-1314d-7avdf-nam?utm_flashsale=1,CASIO 45 mm Nam MTP-1314D-7AVDF,Long,5
casio-mtp-1314d-7avdf-nam?utm_flashsale=1,CASIO 45 mm Nam MTP-1314D-7AVDF,Nguyễn Văn Hai,5
casio-mtp-1314d-7avdf-nam?utm_flashsale=1,CASIO 45 mm Nam MTP-1314D-7AVDF,Thanh Vĩnh,5
casio-mtp-1314d-7avdf-nam?utm_flashsale=1,CASIO 45 mm Nam MTP-1314D-7AVDF,Phạm Kim Thoa,5
casio-mtp-1314d-7avdf-nam?utm_flashsale=1,CASIO 45 mm Nam MTP-1314D-7AVDF,Lê Thế Ngọc Lâm,5
casio-mtp-1314d-7avdf-nam?utm_flashsale=1,CASIO 45 mm Nam MTP-1314D-7AVDF,Anh Nghĩa,5
casio-mtp-1314d-7avdf-nam?utm_flashsale=1,CASIO 45 mm Nam MTP-1314D-7AVDF,Trung,4
casio-mtp-1314d-7avdf-nam?utm_flashsale=1,CASIO 45 mm Nam MTP-1314D-7AVDF,Dương Võ Công,5
casio-mtp-1314d-7avdf-nam?utm_flashsale=1,CASIO 45 mm Nam MTP-1314D-7AVDF,Nguyên,5
casio-mtp-1314d-7avdf-nam?utm_flashsale=1,CASIO 45 mm Nam MTP-1314D-7AVDF,Chị Hạnh,5
casio-mtp-1314d-7avdf-nam?utm_flashsale=1,CASIO 45 mm Nam MTP-1314D-7AVDF,Dư Hùng Tân,4
casio-mtp-1374d-1avdf-nam,CASIO 42 mm Nam MTP-1374D-1AVDF,Âu,5
casio-mtp-1374d-1avdf-nam,CASIO 42 mm Nam MTP-1374D-1AVDF,Phạm Văn Quốc Thái,3
casio-mtp-1374d-1avdf-nam,CASIO 42 mm Nam MTP-1374D-1AVDF,Nguyễn Long,4
casio-mtp-1374d-1avdf-nam,CASIO 42 mm Nam MTP-1374D-1AVDF,Đoàn Phúc,5
casio-mtp-1374d-1avdf-nam,CASIO 42 mm Nam MTP-1374D-1AVDF,Nguyễn Tùng Lâm,5
casio-mtp-1374d-1avdf-nam,CASIO 42 mm Nam MTP-1374D-1AVDF,Nguyễn Ngọc Toàn,5
casio-mtp-1374d-1avdf-nam,CASIO 42 mm Nam MTP-1374D-1AVDF,Nguyễn Văn Điệp,4
casio-mtp-1374d-1avdf-nam,CASIO 42 mm Nam MTP-1374D-1AVDF,Trân,5
casio-mtp-1374d-1avdf-nam,CASIO 42 mm Nam MTP-1374D-1AVDF,Chị Phương,5
casio-mtp-1374d-1avdf-nam,CASIO 42 mm Nam MTP-1374D-1AVDF,Huỳnh Viết Duy,5
casio-mtp-1374d-1avdf-nam,CASIO 42 mm Nam MTP-1374D-1AVDF,A Tuan,5
casio-mtp-1374d-1avdf-nam,CASIO 42 mm Nam MTP-1374D-1AVDF,Nguyễn Văn Quang,4
casio-mtp-1374d-1avdf-nam,CASIO 42 mm Nam MTP-1374D-1AVDF,Lê Văn Thành,5
casio-mtp-1374d-1avdf-nam,CASIO 42 mm Nam MTP-1374D-1AVDF,Khải,5
casio-mtp-1374d-1avdf-nam,CASIO 42 mm Nam MTP-1374D-1AVDF,Anh Cường,5
casio-mtp-1374d-1avdf-nam,CASIO 42 mm Nam MTP-1374D-1AVDF,Nguyễn Lực,4
casio-mtp-1374d-1avdf-nam,CASIO 42 mm Nam MTP-1374D-1AVDF,Đạt,5
casio-mtp-1374d-1avdf-nam,CASIO 42 mm Nam MTP-1374D-1AVDF,Đặng Phước Thạnh,5
casio-mtp-1374d-1avdf-nam,CASIO 42 mm Nam MTP-1374D-1AVDF,Nguyễn Hoàng Phương An,5
casio-mtp-1374d-1avdf-nam,CASIO 42 mm Nam MTP-1374D-1AVDF,Lê Nhật Nam,5
casio-mtp-1374d-1avdf-nam,CASIO 42 mm Nam MTP-1374D-1AVDF,Phạm Đỗ Cẩm Vân,4
casio-mtp-1374d-1avdf-nam,CASIO 42 mm Nam MTP-1374D-1AVDF,Quách Ngọc Phi,4
casio-mtp-1374d-1avdf-nam,CASIO 42 mm Nam MTP-1374D-1AVDF,Phạm Thi Hồng Việt,4
casio-mtp-1374d-1avdf-nam,CASIO 42 mm Nam MTP-1374D-1AVDF,Bắc,5
casio-mtp-1374d-1avdf-nam,CASIO 42 mm Nam MTP-1374D-1AVDF,Nhung,1
casio-mtp-1374d-1avdf-nam,CASIO 42 mm Nam MTP-1374D-1AVDF,NGUYỄN HỮU TÂM,2
casio-mtp-1374d-1avdf-nam,CASIO 42 mm Nam MTP-1374D-1AVDF,Phan Mạnh Tiến,4
casio-mtp-1374d-1avdf-nam,CASIO 42 mm Nam MTP-1374D-1AVDF,Nguyễn Thành Viên,4
casio-mtp-1374d-1avdf-nam,CASIO 42 mm Nam MTP-1374D-1AVDF,Nguyễn Đức Huy,4
casio-mtp-1374d-1avdf-nam,CASIO 42 mm Nam MTP-1374D-1AVDF,Nguyễn Đức Huy,4
casio-mtp-1374d-1avdf-nam,CASIO 42 mm Nam MTP-1374D-1AVDF,Chị TRÂN,5
casio-mtp-1374d-1avdf-nam,CASIO 42 mm Nam MTP-1374D-1AVDF,Luong Phi Hung,4
casio-mtp-1374d-1avdf-nam,CASIO 42 mm Nam MTP-1374D-1AVDF,Hải,5
casio-mtp-1374d-1avdf-nam,CASIO 42 mm Nam MTP-1374D-1AVDF,Tính,5
casio-mtp-1374d-1avdf-nam,CASIO 42 mm Nam MTP-1374D-1AVDF,Thanh Anh,4
casio-mtp-1374d-1avdf-nam,CASIO 42 mm Nam MTP-1374D-1AVDF,Đức,1
casio-mtp-1374d-1avdf-nam,CASIO 42 mm Nam MTP-1374D-1AVDF,Chị Quỳnh,1
casio-mtp-1374d-1avdf-nam,CASIO 42 mm Nam MTP-1374D-1AVDF,Chung Hoàng Phúc,5
casio-mtp-1374d-1avdf-nam,CASIO 42 mm Nam MTP-1374D-1AVDF,BÙI KHÁNH DUY,4
casio-mtp-1374d-1avdf-nam,CASIO 42 mm Nam MTP-1374D-1AVDF,Trần Cao Anh,5
casio-mtp-1374d-1avdf-nam,CASIO 42 mm Nam MTP-1374D-1AVDF,Linh,4
casio-mtp-1374d-1avdf-nam,CASIO 42 mm Nam MTP-1374D-1AVDF,Ha Van Vu,4
casio-mtp-1374d-1avdf-nam,CASIO 42 mm Nam MTP-1374D-1AVDF,Huỳnh Công Xứng,3
casio-mtp-1374d-1avdf-nam,CASIO 42 mm Nam MTP-1374D-1AVDF,Nguyễn Thanh Nhã,4
casio-mtp-1374d-1avdf-nam,CASIO 42 mm Nam MTP-1374D-1AVDF,Nguyễn Văn Bằng,3
casio-mtp-1374d-1avdf-nam,CASIO 42 mm Nam MTP-1374D-1AVDF,Quốc,5
casio-mtp-1374d-1avdf-nam,CASIO 42 mm Nam MTP-1374D-1AVDF,Thảo Trần,4
casio-mtp-1374d-1avdf-nam,CASIO 42 mm Nam MTP-1374D-1AVDF,Nguyễn Thanh Bình,5
casio-mtp-1374d-1avdf-nam,CASIO 42 mm Nam MTP-1374D-1AVDF,Chị Tiến,5
casio-mtp-1374d-1avdf-nam,CASIO 42 mm Nam MTP-1374D-1AVDF,Lương Thị Hằng,4
casio-mtp-1374d-1avdf-nam,CASIO 42 mm Nam MTP-1374D-1AVDF,Phan Thị Hương,5
casio-mtp-1374d-1avdf-nam,CASIO 42 mm Nam MTP-1374D-1AVDF,Trúc,5
casio-mtp-1374d-1avdf-nam,CASIO 42 mm Nam MTP-1374D-1AVDF,Hoàng Son,5
casio-mtp-1374d-1avdf-nam,CASIO 42 mm Nam MTP-1374D-1AVDF,Nguyễn Bảo,5
casio-mtp-1374d-1avdf-nam,CASIO 42 mm Nam MTP-1374D-1AVDF,Anh Danh,5
casio-mtp-1374d-1avdf-nam,CASIO 42 mm Nam MTP-1374D-1AVDF,Phan Mạnh Tiến,4
casio-mtp-1374d-1avdf-nam,CASIO 42 mm Nam MTP-1374D-1AVDF,Anh Tường,4
casio-mtp-1374d-1avdf-nam,CASIO 42 mm Nam MTP-1374D-1AVDF,Bùi Trực,4
casio-mtp-1374d-1avdf-nam,CASIO 42 mm Nam MTP-1374D-1AVDF,Trương Quốc Anh Duy,5
casio-mtp-1374d-1avdf-nam,CASIO 42 mm Nam MTP-1374D-1AVDF,Lê Trọng Trực,5
casio-mtp-1374d-1avdf-nam,CASIO 42 mm Nam MTP-1374D-1AVDF,Phạm Nguyễn Trường Giang,5
elio-es051-01-nu,ELIO Nàng Thơ 32 mm Nữ ES051-01,Hua Au Duong Tuan Thanh,2
elio-es051-01-nu,ELIO Nàng Thơ 32 mm Nữ ES051-01,Nguyễn Thị Trang,5
elio-es051-01-nu,ELIO Nàng Thơ 32 mm Nữ ES051-01,Tâm,5
elio-es051-01-nu,ELIO Nàng Thơ 32 mm Nữ ES051-01,CHỊ THOA,5
elio-es051-01-nu,ELIO Nàng Thơ 32 mm Nữ ES051-01,Ngân,5
elio-es051-01-nu,ELIO Nàng Thơ 32 mm Nữ ES051-01,Hiệp,4
elio-es051-01-nu,ELIO Nàng Thơ 32 mm Nữ ES051-01,Hồng Ngọc,5
elio-es051-01-nu,ELIO Nàng Thơ 32 mm Nữ ES051-01,Hoàng Hải,5
elio-es051-01-nu,ELIO Nàng Thơ 32 mm Nữ ES051-01,Nguyễn Thị Hồng Yến,4
elio-es051-01-nu,ELIO Nàng Thơ 32 mm Nữ ES051-01,Thủy Tiên,5
elio-es051-01-nu,ELIO Nàng Thơ 32 mm Nữ ES051-01,Nguyễn Thị Thêu,4
elio-es051-01-nu,ELIO Nàng Thơ 32 mm Nữ ES051-01,Lê Thị Ngọc Trâm,5
elio-es051-01-nu,ELIO Nàng Thơ 32 mm Nữ ES051-01,Tâm.,4
elio-es051-01-nu,ELIO Nàng Thơ 32 mm Nữ ES051-01,Thanh,5
elio-es051-01-nu,ELIO Nàng Thơ 32 mm Nữ ES051-01,Hồ Trọng Đức,5
smile-kid-sl053-01,SMILE KID 34 mm Trẻ em SL053-01,Nguyễn Trí Sáng,5
smile-kid-sl053-01,SMILE KID 34 mm Trẻ em SL053-01,Phan Văn Tuấn,5
smile-kid-sl053-01,SMILE KID 34 mm Trẻ em SL053-01,Chị Lệ Thẩm,4
smile-kid-sl053-01,SMILE KID 34 mm Trẻ em SL053-01,Hồng,5
smile-kid-sl053-01,SMILE KID 34 mm Trẻ em SL053-01,Ngọc Nữ,5
smile-kid-sl053-01,SMILE KID 34 mm Trẻ em SL053-01,Lý Hồ Lợi,4
smile-kid-sl053-01,SMILE KID 34 mm Trẻ em SL053-01,Thien Kim,5
smile-kid-sl053-01,SMILE KID 34 mm Trẻ em SL053-01,Anh Viên,5
smile-kid-sl053-01,SMILE KID 34 mm Trẻ em SL053-01,Lý Ngọc Hòa,4
smile-kid-sl053-01,SMILE KID 34 mm Trẻ em SL053-01,Cường,5
smile-kid-sl053-01,SMILE KID 34 mm Trẻ em SL053-01,Chị Linh,4
smile-kid-sl053-01,SMILE KID 34 mm Trẻ em SL053-01,LÊ TẤN HÒA,5
smile-kid-sl053-01,SMILE KID 34 mm Trẻ em SL053-01,Chị Phượng,4
smile-kid-sl053-01,SMILE KID 34 mm Trẻ em SL053-01,DUONG THI THANH THAO,5
smile-kid-sl053-01,SMILE KID 34 mm Trẻ em SL053-01,NGUYỄN THỊ TRÚC,5
smile-kid-sl053-01,SMILE KID 34 mm Trẻ em SL053-01,Hoa,5
smile-kid-sl053-01,SMILE KID 34 mm Trẻ em SL053-01,Huỳnh Vân,4
smile-kid-sl053-01,SMILE KID 34 mm Trẻ em SL053-01,Tống Duy Tân,4
smile-kid-sl053-01,SMILE KID 34 mm Trẻ em SL053-01,Su,5
smile-kid-sl053-01,SMILE KID 34 mm Trẻ em SL053-01,Nguyễn Hà,5
smile-kid-sl053-01,SMILE KID 34 mm Trẻ em SL053-01,Chị Nữ,4
smile-kid-sl053-01,SMILE KID 34 mm Trẻ em SL053-01,Nguyễn Tấn Ngọc,5
smile-kid-sl053-01,SMILE KID 34 mm Trẻ em SL053-01,Nguyễn Thị Thu Khuy,5
smile-kid-sl053-01,SMILE KID 34 mm Trẻ em SL053-01,Huỳnh Thị Thanh Tâm,5
smile-kid-sl053-01,SMILE KID 34 mm Trẻ em SL053-01,Trinh,5
smile-kid-sl053-01,SMILE KID 34 mm Trẻ em SL053-01,Chị Phượng,4
smile-kid-sl053-01,SMILE KID 34 mm Trẻ em SL053-01,VÕ THỊ NHƯ NGÀ,5
smile-kid-sl064-01-tre-em,SMILE KID 47 mm Trẻ em SL064-01,Lê Lanh,4
smile-kid-sl064-01-tre-em,SMILE KID 47 mm Trẻ em SL064-01,Chị Ly,5
smile-kid-sl064-01-tre-em,SMILE KID 47 mm Trẻ em SL064-01,Anh Thế Anh,5
smile-kid-sl064-01-tre-em,SMILE KID 47 mm Trẻ em SL064-01,Nguyen Thi Dieu Hong,4
smile-kid-sl064-01-tre-em,SMILE KID 47 mm Trẻ em SL064-01,Nguyễn Thị Ngân,5
smile-kid-sl064-01-tre-em,SMILE KID 47 mm Trẻ em SL064-01,Chị Thoa,5
smile-kid-sl064-01-tre-em,SMILE KID 47 mm Trẻ em SL064-01,Anh Ngọc,5
smile-kid-sl064-01-tre-em,SMILE KID 47 mm Trẻ em SL064-01,Trang,3
smile-kid-sl064-01-tre-em,SMILE KID 47 mm Trẻ em SL064-01,TRẦN THANH LÝ,5
smile-kid-sl064-01-tre-em,SMILE KID 47 mm Trẻ em SL064-01,Chị Trinh,5
smile-kid-sl064-01-tre-em,SMILE KID 47 mm Trẻ em SL064-01,Lâm,5
smile-kid-sl064-01-tre-em,SMILE KID 47 mm Trẻ em SL064-01,Chú Phong,3
smile-kid-sl064-01-tre-em,SMILE KID 47 mm Trẻ em SL064-01,CAO THI MY LINH,5
smile-kid-sl064-01-tre-em,SMILE KID 47 mm Trẻ em SL064-01,Trường,5
smile-kid-sl064-01-tre-em,SMILE KID 47 mm Trẻ em SL064-01,Lê Thị Hồng Diễn,5
smile-kid-sl064-01-tre-em,SMILE KID 47 mm Trẻ em SL064-01,Nguyễn Lâu,5
smile-kid-sl064-01-tre-em,SMILE KID 47 mm Trẻ em SL064-01,Trần Ngọc Nhân,5
smile-kid-sl064-01-tre-em,SMILE KID 47 mm Trẻ em SL064-01,Nguyễn Quang Ánh,4
smile-kid-sl064-01-tre-em,SMILE KID 47 mm Trẻ em SL064-01,Trần Thị Thảo Sương,5
smile-kid-sl064-01-tre-em,SMILE KID 47 mm Trẻ em SL064-01,Bui Thi Ngoc Anh,5
smile-kid-sl064-01-tre-em,SMILE KID 47 mm Trẻ em SL064-01,Phạm Châu Đoan,5
smile-kid-sl064-01-tre-em,SMILE KID 47 mm Trẻ em SL064-01,Phạm Hữu Phước,5
smile-kid-sl064-01-tre-em,SMILE KID 47 mm Trẻ em SL064-01,Nguyễn Thị Oanh Thư,4
smile-kid-sl064-01-tre-em,SMILE KID 47 mm Trẻ em SL064-01,Lan,5
smile-kid-sl064-01-tre-em,SMILE KID 47 mm Trẻ em SL064-01,Nguyễn Trạch Tráng,4
smile-kid-sl064-01-tre-em,SMILE KID 47 mm Trẻ em SL064-01,Anh Tâm,5
smile-kid-sl064-01-tre-em,SMILE KID 47 mm Trẻ em SL064-01,Phượng,4
smile-kid-sl064-01-tre-em,SMILE KID 47 mm Trẻ em SL064-01,Trần Thị Ngọc,5
smile-kid-sl064-01-tre-em,SMILE KID 47 mm Trẻ em SL064-01,Nguyễn Thanh Trúc,4
smile-kid-sl064-01-tre-em,SMILE KID 47 mm Trẻ em SL064-01,Heri Phạm,4
smile-kid-sl131-02-tre-em,SMILE KID 42 mm Trẻ em SL131-02,Linh,4
smile-kid-sl131-02-tre-em,SMILE KID 42 mm Trẻ em SL131-02,Chị Vy,1
smile-kid-sl131-02-tre-em,SMILE KID 42 mm Trẻ em SL131-02,TRẦN THỊ MAI,4
smile-kid-sl131-02-tre-em,SMILE KID 42 mm Trẻ em SL131-02,Nguyễn Thị Minh Vân,5
smile-kid-sl131-02-tre-em,SMILE KID 42 mm Trẻ em SL131-02,NGUYỄN VĂN TIỆP,4
smile-kid-sl131-02-tre-em,SMILE KID 42 mm Trẻ em SL131-02,A Nam,3
smile-kid-sl131-02-tre-em,SMILE KID 42 mm Trẻ em SL131-02,Phạm Thanh Sơn,5
smile-kid-sl131-02-tre-em,SMILE KID 42 mm Trẻ em SL131-02,Xoan,5
smile-kid-sl131-02-tre-em,SMILE KID 42 mm Trẻ em SL131-02,Chị Thảo,5
smile-kid-sl131-02-tre-em,SMILE KID 42 mm Trẻ em SL131-02,Võ Hữu Anh Thư,5
smile-kid-sl131-02-tre-em,SMILE KID 42 mm Trẻ em SL131-02,Tuấn Đạt,4
smile-kid-sl131-02-tre-em,SMILE KID 42 mm Trẻ em SL131-02,Tuyết,5
smile-kid-sl131-02-tre-em,SMILE KID 42 mm Trẻ em SL131-02,Vĩ,5
smile-kid-sl131-02-tre-em,SMILE KID 42 mm Trẻ em SL131-02,Nguyễn Hanh,4
smile-kid-sl131-02-tre-em,SMILE KID 42 mm Trẻ em SL131-02,Bùi Thị Kim Hòa,5
smile-kid-sl131-02-tre-em,SMILE KID 42 mm Trẻ em SL131-02,Vũ Nguyễn Quang,5
smile-kid-sl064-02-tre-em,SMILE KID 47 mm Trẻ em SL064-02,Huyền Thanh,5
smile-kid-sl064-02-tre-em,SMILE KID 47 mm Trẻ em SL064-02,NGUYEN NGOC TUYEN,5
smile-kid-sl064-02-tre-em,SMILE KID 47 mm Trẻ em SL064-02,NGUYỄN CHÍ LINH,5
smile-kid-sl064-02-tre-em,SMILE KID 47 mm Trẻ em SL064-02,Huệ,5
smile-kid-sl064-02-tre-em,SMILE KID 47 mm Trẻ em SL064-02,Em Vy,5
smile-kid-sl064-02-tre-em,SMILE KID 47 mm Trẻ em SL064-02,Hoà,5
smile-kid-sl064-02-tre-em,SMILE KID 47 mm Trẻ em SL064-02,Hà Thị Nhựt,5
smile-kid-sl064-02-tre-em,SMILE KID 47 mm Trẻ em SL064-02,Hà Thị Nhựt,5
smile-kid-sl064-02-tre-em,SMILE KID 47 mm Trẻ em SL064-02,Phạm Thị Xuân,4
smile-kid-sl064-02-tre-em,SMILE KID 47 mm Trẻ em SL064-02,Hưng,5
smile-kid-sl064-02-tre-em,SMILE KID 47 mm Trẻ em SL064-02,Trần Thị Minh Hương,5
smile-kid-sl064-02-tre-em,SMILE KID 47 mm Trẻ em SL064-02,Chị Chi,5
casio-mtp-1374d-2avdf-nam?utm_flashsale=1,CASIO 41.2 mm Nam MTP-1374D-2AVDF,Phạm Văn Hưng,5
casio-mtp-1374d-2avdf-nam?utm_flashsale=1,CASIO 41.2 mm Nam MTP-1374D-2AVDF,Anh Luyện,5
casio-mtp-1374d-2avdf-nam?utm_flashsale=1,CASIO 41.2 mm Nam MTP-1374D-2AVDF,TRAN MINH NHAT,5
casio-mtp-1374d-2avdf-nam?utm_flashsale=1,CASIO 41.2 mm Nam MTP-1374D-2AVDF,Trần Thanh Bình,5
casio-mtp-1374d-2avdf-nam?utm_flashsale=1,CASIO 41.2 mm Nam MTP-1374D-2AVDF,Võ Anh Văn,5
casio-mtp-1374d-2avdf-nam?utm_flashsale=1,CASIO 41.2 mm Nam MTP-1374D-2AVDF,Tùng,5
casio-mtp-1374d-2avdf-nam?utm_flashsale=1,CASIO 41.2 mm Nam MTP-1374D-2AVDF,Anh Nhân,4
casio-mtp-1374d-2avdf-nam?utm_flashsale=1,CASIO 41.2 mm Nam MTP-1374D-2AVDF,A Tiến,5
casio-mtp-1374d-2avdf-nam?utm_flashsale=1,CASIO 41.2 mm Nam MTP-1374D-2AVDF,Nguyễn Minh Lợi,5
casio-mtp-1374d-2avdf-nam?utm_flashsale=1,CASIO 41.2 mm Nam MTP-1374D-2AVDF,A Công,5
casio-mtp-1374d-2avdf-nam?utm_flashsale=1,CASIO 41.2 mm Nam MTP-1374D-2AVDF,TRẦN THỊ HÒA,5
casio-mtp-1374d-2avdf-nam?utm_flashsale=1,CASIO 41.2 mm Nam MTP-1374D-2AVDF,Nguyễn Quang Phục,5
casio-mtp-1374d-2avdf-nam?utm_flashsale=1,CASIO 41.2 mm Nam MTP-1374D-2AVDF,Diệp,4
casio-mtp-1374d-2avdf-nam?utm_flashsale=1,CASIO 41.2 mm Nam MTP-1374D-2AVDF,Lê Trọng Trực,5
casio-mtp-1374d-2avdf-nam?utm_flashsale=1,CASIO 41.2 mm Nam MTP-1374D-2AVDF,Phước,4
smile-kid-sl028-01,SMILE KID 30 mm Trẻ em SL028-01,Anh An,5
smile-kid-sl028-01,SMILE KID 30 mm Trẻ em SL028-01,Huỳnh Minh Trung,5
smile-kid-sl028-01,SMILE KID 30 mm Trẻ em SL028-01,Nguyễn Thị Thuý An,5
smile-kid-sl028-01,SMILE KID 30 mm Trẻ em SL028-01,Anh Tùng,4
smile-kid-sl028-01,SMILE KID 30 mm Trẻ em SL028-01,Trần Duy Khanh,5
smile-kid-sl028-01,SMILE KID 30 mm Trẻ em SL028-01,Trần Thu Hương,4
smile-kid-sl028-01,SMILE KID 30 mm Trẻ em SL028-01,Trương Thị Kiều Hoa,4
smile-kid-sl028-01,SMILE KID 30 mm Trẻ em SL028-01,Chị Thy,4
casio-mts-100l-1avdf-nam?utm_flashsale=1,CASIO 41.3 mm Nam MTS-100L-1AVDF,Hoàng Kỳ,5
casio-mts-100l-1avdf-nam?utm_flashsale=1,CASIO 41.3 mm Nam MTS-100L-1AVDF,Pham Vu,3
casio-mts-100l-1avdf-nam?utm_flashsale=1,CASIO 41.3 mm Nam MTS-100L-1AVDF,Hiếu Nghĩa,3
casio-mts-100l-1avdf-nam?utm_flashsale=1,CASIO 41.3 mm Nam MTS-100L-1AVDF,Trung Thành,4
casio-mts-100l-1avdf-nam?utm_flashsale=1,CASIO 41.3 mm Nam MTS-100L-1AVDF,Tuấn,5
casio-mts-100l-1avdf-nam?utm_flashsale=1,CASIO 41.3 mm Nam MTS-100L-1AVDF,Nam,5
casio-mts-100l-1avdf-nam?utm_flashsale=1,CASIO 41.3 mm Nam MTS-100L-1AVDF,Nguyễn Văn Duy,4
casio-mts-100l-1avdf-nam?utm_flashsale=1,CASIO 41.3 mm Nam MTS-100L-1AVDF,Lê Trường Thịnh,5
casio-mts-100l-1avdf-nam?utm_flashsale=1,CASIO 41.3 mm Nam MTS-100L-1AVDF,Pham Vu,5
casio-mts-100l-1avdf-nam?utm_flashsale=1,CASIO 41.3 mm Nam MTS-100L-1AVDF,MAI TRƯỜNG SƠN,5
casio-mts-100l-1avdf-nam?utm_flashsale=1,CASIO 41.3 mm Nam MTS-100L-1AVDF,Lê Hải Dương,5
casio-mts-100l-1avdf-nam?utm_flashsale=1,CASIO 41.3 mm Nam MTS-100L-1AVDF,Lữ Văn Năm,4
casio-mts-100l-1avdf-nam?utm_flashsale=1,CASIO 41.3 mm Nam MTS-100L-1AVDF,Anh Hà,4
casio-mts-100l-1avdf-nam?utm_flashsale=1,CASIO 41.3 mm Nam MTS-100L-1AVDF,Hưng,5
casio-mts-100l-1avdf-nam?utm_flashsale=1,CASIO 41.3 mm Nam MTS-100L-1AVDF,Hưng,5
casio-mts-100l-1avdf-nam?utm_flashsale=1,CASIO 41.3 mm Nam MTS-100L-1AVDF,Nguyễn Thị Ngân,5
casio-mts-100l-1avdf-nam?utm_flashsale=1,CASIO 41.3 mm Nam MTS-100L-1AVDF,Phạm Nguyễn Hoàng Long,5
casio-mts-100l-1avdf-nam?utm_flashsale=1,CASIO 41.3 mm Nam MTS-100L-1AVDF,Phú,5
casio-mts-100l-1avdf-nam?utm_flashsale=1,CASIO 41.3 mm Nam MTS-100L-1AVDF,Phú,5
casio-mts-100l-1avdf-nam?utm_flashsale=1,CASIO 41.3 mm Nam MTS-100L-1AVDF,Do Xuan Trung,4
casio-mts-100l-1avdf-nam?utm_flashsale=1,CASIO 41.3 mm Nam MTS-100L-1AVDF,VÕ THỊ THÚY NGÂN,5
casio-mts-100l-1avdf-nam?utm_flashsale=1,CASIO 41.3 mm Nam MTS-100L-1AVDF,Tài,5
casio-mts-100l-1avdf-nam?utm_flashsale=1,CASIO 41.3 mm Nam MTS-100L-1AVDF,Nguyễn Phi Mỹ,4
casio-mts-100l-1avdf-nam?utm_flashsale=1,CASIO 41.3 mm Nam MTS-100L-1AVDF,NGUYỄN ĐÌNH KHÔI,5
casio-mts-100l-1avdf-nam?utm_flashsale=1,CASIO 41.3 mm Nam MTS-100L-1AVDF,Trần Phước Thịnh,5
casio-mts-100l-1avdf-nam?utm_flashsale=1,CASIO 41.3 mm Nam MTS-100L-1AVDF,Nguyễn Công Thành,4
casio-mts-100l-1avdf-nam?utm_flashsale=1,CASIO 41.3 mm Nam MTS-100L-1AVDF,A Nghĩa,5
casio-mts-100l-1avdf-nam?utm_flashsale=1,CASIO 41.3 mm Nam MTS-100L-1AVDF,Phạm Công Khanh,4
casio-mts-100l-1avdf-nam?utm_flashsale=1,CASIO 41.3 mm Nam MTS-100L-1AVDF,Lê Tiến Quốc,5
casio-mts-100l-1avdf-nam?utm_flashsale=1,CASIO 41.3 mm Nam MTS-100L-1AVDF,Trần Tiến Ngân,5
casio-mts-100l-1avdf-nam?utm_flashsale=1,CASIO 41.3 mm Nam MTS-100L-1AVDF,Anh Duy,5
elio-el044-01-nu,ELIO Nắng Xuân 31 mm Nữ EL044-01,Nguyễn Văn Buôl,5
elio-el044-01-nu,ELIO Nắng Xuân 31 mm Nữ EL044-01,Tran Thanh Thao Ngan,5
elio-el044-01-nu,ELIO Nắng Xuân 31 mm Nữ EL044-01,Kiều Diễm,5
elio-el044-01-nu,ELIO Nắng Xuân 31 mm Nữ EL044-01,Chị Ngô Yến,5
elio-el044-01-nu,ELIO Nắng Xuân 31 mm Nữ EL044-01,Nguyễn Thị Diệu,1
elio-el044-01-nu,ELIO Nắng Xuân 31 mm Nữ EL044-01,Đặng Thị Thao,5
elio-el044-01-nu,ELIO Nắng Xuân 31 mm Nữ EL044-01,Chị Uyên,5
elio-el044-01-nu,ELIO Nắng Xuân 31 mm Nữ EL044-01,Tạ Quyết Thắng,4
elio-el044-01-nu,ELIO Nắng Xuân 31 mm Nữ EL044-01,Ngọc Huyền,5
elio-el044-01-nu,ELIO Nắng Xuân 31 mm Nữ EL044-01,Chị Bình,5
elio-el044-01-nu,ELIO Nắng Xuân 31 mm Nữ EL044-01,Phan Diễm Chân,5
elio-el044-01-nu,ELIO Nắng Xuân 31 mm Nữ EL044-01,Nghi Mỹ,5
elio-el044-01-nu,ELIO Nắng Xuân 31 mm Nữ EL044-01,Lê Thị Mỹ Huyền,5
elio-el044-01-nu,ELIO Nắng Xuân 31 mm Nữ EL044-01,Phương Thảo,5
elio-el044-01-nu,ELIO Nắng Xuân 31 mm Nữ EL044-01,Hà,5
elio-el044-01-nu,ELIO Nắng Xuân 31 mm Nữ EL044-01,Oanh,5
elio-el044-01-nu,ELIO Nắng Xuân 31 mm Nữ EL044-01,Minh Hai,5
elio-el044-01-nu,ELIO Nắng Xuân 31 mm Nữ EL044-01,Chị Vy,4
elio-el044-01-nu,ELIO Nắng Xuân 31 mm Nữ EL044-01,Nông Thị Thu Hằng,4
casio-mtp-1375l-1avdf-nam?utm_flashsale=1,CASIO 42 mm Nam MTP-1375L-1AVDF,Trung,5
casio-mtp-1375l-1avdf-nam?utm_flashsale=1,CASIO 42 mm Nam MTP-1375L-1AVDF,Tuấn,5
casio-mtp-1375l-1avdf-nam?utm_flashsale=1,CASIO 42 mm Nam MTP-1375L-1AVDF,Vũ Thị Thanh Tuyền,5
casio-mtp-1375l-1avdf-nam?utm_flashsale=1,CASIO 42 mm Nam MTP-1375L-1AVDF,Huy,5
casio-mtp-1375l-1avdf-nam?utm_flashsale=1,CASIO 42 mm Nam MTP-1375L-1AVDF,Lâm Hoàng Anh,5
casio-mtp-1375l-1avdf-nam?utm_flashsale=1,CASIO 42 mm Nam MTP-1375L-1AVDF,Trang Nguyen,5
casio-mtp-1375l-1avdf-nam?utm_flashsale=1,CASIO 42 mm Nam MTP-1375L-1AVDF,Nhân Thi,5
casio-mtp-1375l-1avdf-nam?utm_flashsale=1,CASIO 42 mm Nam MTP-1375L-1AVDF,Phạm Doãn Hiệp,5
casio-mtp-1375l-1avdf-nam?utm_flashsale=1,CASIO 42 mm Nam MTP-1375L-1AVDF,Phương Uyên,5
casio-mtp-1375l-1avdf-nam?utm_flashsale=1,CASIO 42 mm Nam MTP-1375L-1AVDF,C Hương,5
casio-mtp-1375l-1avdf-nam?utm_flashsale=1,CASIO 42 mm Nam MTP-1375L-1AVDF,Nguyễn Hoàng Sơn,5
casio-mtp-1375l-1avdf-nam?utm_flashsale=1,CASIO 42 mm Nam MTP-1375L-1AVDF,Huỳnh Tiệm,5
casio-mtp-1375l-1avdf-nam?utm_flashsale=1,CASIO 42 mm Nam MTP-1375L-1AVDF,Trạng,5
casio-mtp-1375l-1avdf-nam?utm_flashsale=1,CASIO 42 mm Nam MTP-1375L-1AVDF,Giáp Thanh Lộc,5
casio-mtp-1375l-1avdf-nam?utm_flashsale=1,CASIO 42 mm Nam MTP-1375L-1AVDF,LÂM PHƯỚC LONG,5
casio-mtp-1375l-1avdf-nam?utm_flashsale=1,CASIO 42 mm Nam MTP-1375L-1AVDF,Phạm Hoài Phong,5
casio-mtp-1375l-1avdf-nam?utm_flashsale=1,CASIO 42 mm Nam MTP-1375L-1AVDF,Lê Hoài Nam,5
casio-mtp-1375l-1avdf-nam?utm_flashsale=1,CASIO 42 mm Nam MTP-1375L-1AVDF,Vinh,4
casio-mtp-1375l-1avdf-nam?utm_flashsale=1,CASIO 42 mm Nam MTP-1375L-1AVDF,Giang,5
casio-mtp-1375l-1avdf-nam?utm_flashsale=1,CASIO 42 mm Nam MTP-1375L-1AVDF,Bạn Duyệt,5
casio-mtp-1375l-1avdf-nam?utm_flashsale=1,CASIO 42 mm Nam MTP-1375L-1AVDF,Nguyen Xuan Bach,5
casio-mtp-1375l-1avdf-nam?utm_flashsale=1,CASIO 42 mm Nam MTP-1375L-1AVDF,Trần Khánh Duy,4
casio-mtp-1375l-1avdf-nam?utm_flashsale=1,CASIO 42 mm Nam MTP-1375L-1AVDF,Phùng Hoàng Bảo Vương,5
casio-mtp-1375l-1avdf-nam?utm_flashsale=1,CASIO 42 mm Nam MTP-1375L-1AVDF,Vũ Thế Khang,5
casio-mtp-1375l-1avdf-nam?utm_flashsale=1,CASIO 42 mm Nam MTP-1375L-1AVDF,Đăng,5
casio-mtp-1375l-1avdf-nam?utm_flashsale=1,CASIO 42 mm Nam MTP-1375L-1AVDF,DUY PHUONG,5
casio-mtp-1375l-1avdf-nam?utm_flashsale=1,CASIO 42 mm Nam MTP-1375L-1AVDF,PHẠM NGỌC HÀ,5
casio-mtp-1375l-1avdf-nam?utm_flashsale=1,CASIO 42 mm Nam MTP-1375L-1AVDF,Tiến,5
casio-mtp-1375l-1avdf-nam?utm_flashsale=1,CASIO 42 mm Nam MTP-1375L-1AVDF,Bạn Dung,5
casio-mtp-1375l-1avdf-nam?utm_flashsale=1,CASIO 42 mm Nam MTP-1375L-1AVDF,Nguyễn Thanh Thủy,5
casio-mtp-1375l-1avdf-nam?utm_flashsale=1,CASIO 42 mm Nam MTP-1375L-1AVDF,Phan Phúc Thịnh,5
casio-mtp-1375l-1avdf-nam?utm_flashsale=1,CASIO 42 mm Nam MTP-1375L-1AVDF,Trang,5
casio-mtp-1375l-1avdf-nam?utm_flashsale=1,CASIO 42 mm Nam MTP-1375L-1AVDF,Nguyễn Kim Hoàng,5
casio-mtp-1375l-1avdf-nam?utm_flashsale=1,CASIO 42 mm Nam MTP-1375L-1AVDF,Nguyễn Cảnh Tiên,5
casio-mtp-1375l-1avdf-nam?utm_flashsale=1,CASIO 42 mm Nam MTP-1375L-1AVDF,Ngô Có,5
casio-mtp-1375l-1avdf-nam?utm_flashsale=1,CASIO 42 mm Nam MTP-1375L-1AVDF,Nguyễn Thanh Nhân,5
casio-mtp-1375l-1avdf-nam?utm_flashsale=1,CASIO 42 mm Nam MTP-1375L-1AVDF,Minh,5
casio-mtp-1375l-1avdf-nam?utm_flashsale=1,CASIO 42 mm Nam MTP-1375L-1AVDF,NGUYẾN ĐỨC HÙNG,5
elio-el042-01-nu?utm_flashsale=1,ELIO Nắng Xuân 28 mm Nữ EL042-01,Hoàng Thị Phương Thảo,5
elio-el042-01-nu?utm_flashsale=1,ELIO Nắng Xuân 28 mm Nữ EL042-01,Nguyễn Vũ Linh,5
elio-el042-01-nu?utm_flashsale=1,ELIO Nắng Xuân 28 mm Nữ EL042-01,Em Thảo,5
elio-el042-01-nu?utm_flashsale=1,ELIO Nắng Xuân 28 mm Nữ EL042-01,Tú Trần,4
elio-el042-01-nu?utm_flashsale=1,ELIO Nắng Xuân 28 mm Nữ EL042-01,Đoàn Dũng Liêm,5
elio-el042-01-nu?utm_flashsale=1,ELIO Nắng Xuân 28 mm Nữ EL042-01,Chị Hoà,4
elio-el042-01-nu?utm_flashsale=1,ELIO Nắng Xuân 28 mm Nữ EL042-01,Cảnh,5
elio-el042-01-nu?utm_flashsale=1,ELIO Nắng Xuân 28 mm Nữ EL042-01,Tâm,5
elio-el042-01-nu?utm_flashsale=1,ELIO Nắng Xuân 28 mm Nữ EL042-01,Ngân,5
elio-el042-01-nu?utm_flashsale=1,ELIO Nắng Xuân 28 mm Nữ EL042-01,Chi Yen,5
elio-el042-01-nu?utm_flashsale=1,ELIO Nắng Xuân 28 mm Nữ EL042-01,Đan Quỳnh,5
casio-mtp-1375l-7avdf-nam?utm_flashsale=1,CASIO 42 mm Nam MTP-1375L-7AVDF,Trinh Quoc,5
casio-mtp-1375l-7avdf-nam?utm_flashsale=1,CASIO 42 mm Nam MTP-1375L-7AVDF,Tạ Thanh Hoàng,4
casio-mtp-1375l-7avdf-nam?utm_flashsale=1,CASIO 42 mm Nam MTP-1375L-7AVDF,Trần Việt Khiêm,5
casio-mtp-1375l-7avdf-nam?utm_flashsale=1,CASIO 42 mm Nam MTP-1375L-7AVDF,Vinh,5
casio-mtp-1375l-7avdf-nam?utm_flashsale=1,CASIO 42 mm Nam MTP-1375L-7AVDF,Bùi Hoàng Phúc,5
casio-mtp-1375l-7avdf-nam?utm_flashsale=1,CASIO 42 mm Nam MTP-1375L-7AVDF,Phước,5
casio-mtp-1375l-7avdf-nam?utm_flashsale=1,CASIO 42 mm Nam MTP-1375L-7AVDF,Lưu Thanh,5
casio-mtp-1375l-7avdf-nam?utm_flashsale=1,CASIO 42 mm Nam MTP-1375L-7AVDF,Anh Tiến,5
casio-mtp-1375l-7avdf-nam?utm_flashsale=1,CASIO 42 mm Nam MTP-1375L-7AVDF,A Công.,5
casio-mtp-1375l-7avdf-nam?utm_flashsale=1,CASIO 42 mm Nam MTP-1375L-7AVDF,Phước,5
casio-mtp-1375l-7avdf-nam?utm_flashsale=1,CASIO 42 mm Nam MTP-1375L-7AVDF,Tiến,5
casio-mtp-1375l-7avdf-nam?utm_flashsale=1,CASIO 42 mm Nam MTP-1375L-7AVDF,Phan Van Minh,5
casio-mtp-1375l-7avdf-nam?utm_flashsale=1,CASIO 42 mm Nam MTP-1375L-7AVDF,Chị Trân,5
casio-mtp-1375l-7avdf-nam?utm_flashsale=1,CASIO 42 mm Nam MTP-1375L-7AVDF,Hiệp,4
casio-mtp-1375l-7avdf-nam?utm_flashsale=1,CASIO 42 mm Nam MTP-1375L-7AVDF,Tâm,4
casio-b650wd-1adf-bac,CASIO 38 mm Unisex B650WD-1ADF,Nguyễn Đức Chung,5
casio-b650wd-1adf-bac,CASIO 38 mm Unisex B650WD-1ADF,Anh Thái,4
casio-b650wd-1adf-bac,CASIO 38 mm Unisex B650WD-1ADF,Thành Đạt,4
casio-b650wd-1adf-bac,CASIO 38 mm Unisex B650WD-1ADF,Trần Tiến Anh,5
casio-b650wd-1adf-bac,CASIO 38 mm Unisex B650WD-1ADF,NGUYỄN NGỌC NGUYÊN,4
casio-b650wd-1adf-bac,CASIO 38 mm Unisex B650WD-1ADF,Triệu Vĩ,3
casio-b650wd-1adf-bac,CASIO 38 mm Unisex B650WD-1ADF,Hán Vinh Hào,2
casio-b650wd-1adf-bac,CASIO 38 mm Unisex B650WD-1ADF,Võ Lê Tuấn Anh,4
casio-b650wd-1adf-bac,CASIO 38 mm Unisex B650WD-1ADF,Nguyễn Thị Nhiểu,5
casio-b650wd-1adf-bac,CASIO 38 mm Unisex B650WD-1ADF,Anh Phúc,5
casio-b650wd-1adf-bac,CASIO 38 mm Unisex B650WD-1ADF,Anh Bộ,5
casio-b650wd-1adf-bac,CASIO 38 mm Unisex B650WD-1ADF,Được,5
casio-b650wd-1adf-bac,CASIO 38 mm Unisex B650WD-1ADF,Ngọc Doanh,5
casio-b650wd-1adf-bac,CASIO 38 mm Unisex B650WD-1ADF,Quân,5
casio-b650wd-1adf-bac,CASIO 38 mm Unisex B650WD-1ADF,Chị Châm,5
casio-b650wd-1adf-bac,CASIO 38 mm Unisex B650WD-1ADF,Phạm Nguyễn Đăng Khoa,4
elio-el028-01-nu,ELIO Nắng Xuân 33 mm Nữ EL028-01,Trần Thị Kim Cúc,5
elio-el028-01-nu,ELIO Nắng Xuân 33 mm Nữ EL028-01,PHẠM THỊ THU TRANG,5
elio-el028-01-nu,ELIO Nắng Xuân 33 mm Nữ EL028-01,Thúy Giang,4
elio-el028-01-nu,ELIO Nắng Xuân 33 mm Nữ EL028-01,Huỳnh Ngọc Dũng,5
elio-el028-01-nu,ELIO Nắng Xuân 33 mm Nữ EL028-01,Dương Nga,5
elio-el028-01-nu,ELIO Nắng Xuân 33 mm Nữ EL028-01,Trần Thị Mai Xuân,5
elio-el028-01-nu,ELIO Nắng Xuân 33 mm Nữ EL028-01,Võ Kim Thư,3
elio-el028-01-nu,ELIO Nắng Xuân 33 mm Nữ EL028-01,Hà,5
elio-el028-01-nu,ELIO Nắng Xuân 33 mm Nữ EL028-01,TRẦN THỊ THÙY TRANG,1
elio-el028-01-nu,ELIO Nắng Xuân 33 mm Nữ EL028-01,NGUYỄN NGỌC ÁNH,5
elio-el028-01-nu,ELIO Nắng Xuân 33 mm Nữ EL028-01,Trúc Ly,5
elio-el028-01-nu,ELIO Nắng Xuân 33 mm Nữ EL028-01,Võ Minh Sao,5
elio-el028-01-nu,ELIO Nắng Xuân 33 mm Nữ EL028-01,Anh Cường,4
elio-el028-01-nu,ELIO Nắng Xuân 33 mm Nữ EL028-01,HOÀNG THỊ NGUYỆT ÁNH,5
elio-el028-01-nu,ELIO Nắng Xuân 33 mm Nữ EL028-01,Lan,5
elio-el028-01-nu,ELIO Nắng Xuân 33 mm Nữ EL028-01,Trong Duy,5
elio-el028-01-nu,ELIO Nắng Xuân 33 mm Nữ EL028-01,Như Quỳnh,5
elio-el028-01-nu,ELIO Nắng Xuân 33 mm Nữ EL028-01,Châu Thanh Hiệp,4
elio-el028-01-nu,ELIO Nắng Xuân 33 mm Nữ EL028-01,Chị Hường,5
elio-el028-01-nu,ELIO Nắng Xuân 33 mm Nữ EL028-01,Hà,3
casio-ltp-1275g-9adf-nu?utm_flashsale=1,CASIO 25 mm Nữ LTP-1275G-9ADF,Hoàng Thái Văn,5
casio-ltp-1275g-9adf-nu?utm_flashsale=1,CASIO 25 mm Nữ LTP-1275G-9ADF,Chị Thảo,4
casio-ltp-1275g-9adf-nu?utm_flashsale=1,CASIO 25 mm Nữ LTP-1275G-9ADF,Trần Minh Nhựt,5
casio-ltp-1275g-9adf-nu?utm_flashsale=1,CASIO 25 mm Nữ LTP-1275G-9ADF,Nguyễn Thị Ngọc Tuyết,5
casio-ltp-1275g-9adf-nu?utm_flashsale=1,CASIO 25 mm Nữ LTP-1275G-9ADF,Võ Kim Hơn,5
casio-ltp-1275g-9adf-nu?utm_flashsale=1,CASIO 25 mm Nữ LTP-1275G-9ADF,Chu Thị Huyền Trân,5
casio-ltp-1275g-9adf-nu?utm_flashsale=1,CASIO 25 mm Nữ LTP-1275G-9ADF,Anh Tân,4
casio-ltp-1275g-9adf-nu?utm_flashsale=1,CASIO 25 mm Nữ LTP-1275G-9ADF,Trần Ngọc Sơn,5
casio-ltp-1275g-9adf-nu?utm_flashsale=1,CASIO 25 mm Nữ LTP-1275G-9ADF,Anh Minh,5
casio-ltp-1274d-7bdf-bac?utm_flashsale=1,CASIO 26 mm Nữ LTP-1274D-7BDF,Quách Thị Phượng,4
casio-ltp-1274d-7bdf-bac?utm_flashsale=1,CASIO 26 mm Nữ LTP-1274D-7BDF,Trần Thị Yến,4
casio-ltp-1274d-7bdf-bac?utm_flashsale=1,CASIO 26 mm Nữ LTP-1274D-7BDF,Chị Sinh,4
casio-ltp-1274d-7bdf-bac?utm_flashsale=1,CASIO 26 mm Nữ LTP-1274D-7BDF,Chị Hiền,5
casio-ltp-1274d-7bdf-bac?utm_flashsale=1,CASIO 26 mm Nữ LTP-1274D-7BDF,Cô Ái,4
casio-ltp-1274d-7bdf-bac?utm_flashsale=1,CASIO 26 mm Nữ LTP-1274D-7BDF,NGÔ THỊ VÂN THANH,5
casio-ltp-1274d-7bdf-bac?utm_flashsale=1,CASIO 26 mm Nữ LTP-1274D-7BDF,Trinh Trung Hieu,5
casio-ltp-1274d-7bdf-bac?utm_flashsale=1,CASIO 26 mm Nữ LTP-1274D-7BDF,Đậu Thị Huyền,5
casio-ltp-1274d-7bdf-bac?utm_flashsale=1,CASIO 26 mm Nữ LTP-1274D-7BDF,Trần Quang Điện,4
casio-ltp-1274g-7adf-nu?utm_flashsale=1,CASIO 26 mm Nữ LTP-1274G-7ADF,Sỹ Giang,1
casio-ltp-1274g-7adf-nu?utm_flashsale=1,CASIO 26 mm Nữ LTP-1274G-7ADF,Anh Tâm,5
casio-ltp-1274g-7adf-nu?utm_flashsale=1,CASIO 26 mm Nữ LTP-1274G-7ADF,Thanh Nam,5
casio-ltp-1274g-7adf-nu?utm_flashsale=1,CASIO 26 mm Nữ LTP-1274G-7ADF,Ngô Thị Hải,5
casio-ltp-1274g-7adf-nu?utm_flashsale=1,CASIO 26 mm Nữ LTP-1274G-7ADF,MrT,5
casio-ltp-1274g-7adf-nu?utm_flashsale=1,CASIO 26 mm Nữ LTP-1274G-7ADF,Lâm,5
casio-ltp-1274g-7adf-nu?utm_flashsale=1,CASIO 26 mm Nữ LTP-1274G-7ADF,Cao Quốc Hà,5
casio-ltp-1274g-7adf-nu?utm_flashsale=1,CASIO 26 mm Nữ LTP-1274G-7ADF,Chị Liễu,5
casio-ltp-1274g-7adf-nu?utm_flashsale=1,CASIO 26 mm Nữ LTP-1274G-7ADF,Đinh Anh Tuấn,4
casio-ltp-1274g-7adf-nu?utm_flashsale=1,CASIO 26 mm Nữ LTP-1274G-7ADF,Ảnh,5
casio-ltp-1274g-7adf-nu?utm_flashsale=1,CASIO 26 mm Nữ LTP-1274G-7ADF,THÁI LÊ BẢO TRUNG,5
casio-ltp-1274g-7adf-nu?utm_flashsale=1,CASIO 26 mm Nữ LTP-1274G-7ADF,CHỊ DUNG,5
casio-ltp-1274g-7adf-nu?utm_flashsale=1,CASIO 26 mm Nữ LTP-1274G-7ADF,Thuý,5
casio-ltp-1274g-7adf-nu?utm_flashsale=1,CASIO 26 mm Nữ LTP-1274G-7ADF,Duy,5
casio-ltp-1274g-7adf-nu?utm_flashsale=1,CASIO 26 mm Nữ LTP-1274G-7ADF,Trần Thị Phương,5
casio-ltp-1274g-7adf-nu?utm_flashsale=1,CASIO 26 mm Nữ LTP-1274G-7ADF,Anh Linh,5
casio-ltp-1274g-7adf-nu?utm_flashsale=1,CASIO 26 mm Nữ LTP-1274G-7ADF,Chị Trang,5
casio-ltp-1274g-7adf-nu?utm_flashsale=1,CASIO 26 mm Nữ LTP-1274G-7ADF,Hoa Tươi An An,5
casio-ltp-1274g-7adf-nu?utm_flashsale=1,CASIO 26 mm Nữ LTP-1274G-7ADF,Lý Hằng,5
casio-ltp-1274g-7adf-nu?utm_flashsale=1,CASIO 26 mm Nữ LTP-1274G-7ADF,VĂN HỮU HUY,5
casio-ltp-1274g-7adf-nu?utm_flashsale=1,CASIO 26 mm Nữ LTP-1274G-7ADF,Thạch Ngọc Dử,5
casio-ltp-1274g-7adf-nu?utm_flashsale=1,CASIO 26 mm Nữ LTP-1274G-7ADF,Chị Yến,5
elio-es034-01-nu,ELIO Nàng Thơ 28 mm Nữ ES034-01,Thảo,1
elio-es034-01-nu,ELIO Nàng Thơ 28 mm Nữ ES034-01,Nga,2
elio-es034-01-nu,ELIO Nàng Thơ 28 mm Nữ ES034-01,Nguyễn Thị Hoa Lài,4
elio-es034-01-nu,ELIO Nàng Thơ 28 mm Nữ ES034-01,Anh Kiên,4
elio-es034-01-nu,ELIO Nàng Thơ 28 mm Nữ ES034-01,Chị Trân,3
elio-es034-01-nu,ELIO Nàng Thơ 28 mm Nữ ES034-01,Phương Hằng,5
elio-es034-01-nu,ELIO Nàng Thơ 28 mm Nữ ES034-01,Lê Kim Ngân,5
elio-es034-01-nu,ELIO Nàng Thơ 28 mm Nữ ES034-01,Nguyễn Sỹ Tuấn,5
elio-es034-01-nu,ELIO Nàng Thơ 28 mm Nữ ES034-01,ANH KIỆT,5
elio-es034-01-nu,ELIO Nàng Thơ 28 mm Nữ ES034-01,Phương Thảo,5
elio-es034-01-nu,ELIO Nàng Thơ 28 mm Nữ ES034-01,Kiều Hạnh,5
elio-es034-01-nu,ELIO Nàng Thơ 28 mm Nữ ES034-01,Cẩm Tú,5
elio-es034-01-nu,ELIO Nàng Thơ 28 mm Nữ ES034-01,Chị Hằng,5
elio-es034-01-nu,ELIO Nàng Thơ 28 mm Nữ ES034-01,Đặng Thị Thêu,4
elio-es034-01-nu,ELIO Nàng Thơ 28 mm Nữ ES034-01,Lê Thị Ái Hưởng,2
elio-es034-01-nu,ELIO Nàng Thơ 28 mm Nữ ES034-01,NGUYỄN VĂN PHI,5
elio-es034-01-nu,ELIO Nàng Thơ 28 mm Nữ ES034-01,ĐOÀN TRÚC VY,4
elio-es034-01-nu,ELIO Nàng Thơ 28 mm Nữ ES034-01,Võ Minh Ngọc Hiền,5
elio-es034-01-nu,ELIO Nàng Thơ 28 mm Nữ ES034-01,Chị Như Ý,5
elio-es034-01-nu,ELIO Nàng Thơ 28 mm Nữ ES034-01,Quỳnh,3
elio-es034-01-nu,ELIO Nàng Thơ 28 mm Nữ ES034-01,Lợi,5
elio-es034-01-nu,ELIO Nàng Thơ 28 mm Nữ ES034-01,NGÔ THỊ THÚY LINH,4
elio-es034-01-nu,ELIO Nàng Thơ 28 mm Nữ ES034-01,NGUYEN LUAN,5
elio-es034-01-nu,ELIO Nàng Thơ 28 mm Nữ ES034-01,Ánh Tuyết,5
elio-es034-01-nu,ELIO Nàng Thơ 28 mm Nữ ES034-01,Phan Thị Tuyết Mai,4
elio-es034-01-nu,ELIO Nàng Thơ 28 mm Nữ ES034-01,Quỳnh Như,5
elio-es034-01-nu,ELIO Nàng Thơ 28 mm Nữ ES034-01,Ngân,5
casio-ltp-1275sg-9adf-bac?utm_flashsale=1,CASIO 25 mm Nữ LTP-1275SG-9ADF,Lê Nhất Cát Tiên,5
casio-ltp-1275sg-9adf-bac?utm_flashsale=1,CASIO 25 mm Nữ LTP-1275SG-9ADF,Nguyễn Khánh Nam,5
casio-ltp-1275sg-9adf-bac?utm_flashsale=1,CASIO 25 mm Nữ LTP-1275SG-9ADF,PHAN THỊ NGỌC LAN,5
casio-ltp-1275sg-9adf-bac?utm_flashsale=1,CASIO 25 mm Nữ LTP-1275SG-9ADF,Thái Ngọc Đặng,5
casio-ltp-1275sg-9adf-bac?utm_flashsale=1,CASIO 25 mm Nữ LTP-1275SG-9ADF,NGUYỄN MINH TƯƠNG,4
casio-ltp-1275sg-9adf-bac?utm_flashsale=1,CASIO 25 mm Nữ LTP-1275SG-9ADF,Lãm,5
casio-ltp-1275sg-9adf-bac?utm_flashsale=1,CASIO 25 mm Nữ LTP-1275SG-9ADF,Dũng,4
casio-ltp-1275sg-9adf-bac?utm_flashsale=1,CASIO 25 mm Nữ LTP-1275SG-9ADF,Châu Đang,4
citizen-eu6073-53a-vang,CITIZEN 28 mm Nữ EU6073-53A,Võ Thanh Long,5
citizen-eu6073-53a-vang,CITIZEN 28 mm Nữ EU6073-53A,Trâm,5
citizen-eu6073-53a-vang,CITIZEN 28 mm Nữ EU6073-53A,ĐƯỜNG THỊ VIỆT HÀ,4
citizen-eu6073-53a-vang,CITIZEN 28 mm Nữ EU6073-53A,NGUYỄN THỊ KIM OANH,5
citizen-eu6073-53a-vang,CITIZEN 28 mm Nữ EU6073-53A,Trần Văn Dương,4
citizen-eu6073-53a-vang,CITIZEN 28 mm Nữ EU6073-53A,Nguyễn Sỹ Thanh,4
citizen-eu6073-53a-vang,CITIZEN 28 mm Nữ EU6073-53A,A Phục,3
casio-mtp-v004g-7budf-nam?utm_flashsale=1,CASIO 41.5 mm Nam MTP-V004G-7BUDF,Phạm Trần Thế Vinh,5
casio-mtp-v004g-7budf-nam?utm_flashsale=1,CASIO 41.5 mm Nam MTP-V004G-7BUDF,Quang,4
casio-mtp-v004g-7budf-nam?utm_flashsale=1,CASIO 41.5 mm Nam MTP-V004G-7BUDF,Anh Cang,5
casio-mtp-v004g-7budf-nam?utm_flashsale=1,CASIO 41.5 mm Nam MTP-V004G-7BUDF,Nguyễn Van Quang,5
casio-mtp-v004g-7budf-nam?utm_flashsale=1,CASIO 41.5 mm Nam MTP-V004G-7BUDF,Phạm Hà Chung,4
casio-mtp-v004g-7budf-nam?utm_flashsale=1,CASIO 41.5 mm Nam MTP-V004G-7BUDF,Nguyễn Phú Hiển,5
casio-mtp-v004g-7budf-nam?utm_flashsale=1,CASIO 41.5 mm Nam MTP-V004G-7BUDF,Nguyễn Ngoc Duy Hoàng,5
casio-mtp-v004g-7budf-nam?utm_flashsale=1,CASIO 41.5 mm Nam MTP-V004G-7BUDF,Nguyễn Thị Bích Lệ,5
casio-mtp-v004g-7budf-nam?utm_flashsale=1,CASIO 41.5 mm Nam MTP-V004G-7BUDF,NGUYỄN QUỐC BẢO,5
casio-mtp-v004g-7budf-nam?utm_flashsale=1,CASIO 41.5 mm Nam MTP-V004G-7BUDF,LÊ HOÀNG ÂN,5
casio-mtp-v004g-7budf-nam?utm_flashsale=1,CASIO 41.5 mm Nam MTP-V004G-7BUDF,Nguyễn Huy Bắc,5
casio-mtp-v004g-7budf-nam?utm_flashsale=1,CASIO 41.5 mm Nam MTP-V004G-7BUDF,Chị Xoàn,5
casio-mtp-v004g-7budf-nam?utm_flashsale=1,CASIO 41.5 mm Nam MTP-V004G-7BUDF,NGUYỄN DUT THẠCH,5
casio-mtp-v004g-7budf-nam?utm_flashsale=1,CASIO 41.5 mm Nam MTP-V004G-7BUDF,Nguyễn Ngọc Quý,5
casio-mtp-v004g-7budf-nam?utm_flashsale=1,CASIO 41.5 mm Nam MTP-V004G-7BUDF,Nguyễn Minh Lợi,5
casio-mtp-v004g-7budf-nam?utm_flashsale=1,CASIO 41.5 mm Nam MTP-V004G-7BUDF,Tuấn Lộc,4
casio-mtp-v004g-7budf-nam?utm_flashsale=1,CASIO 41.5 mm Nam MTP-V004G-7BUDF,Tâm,3
casio-mtp-v004g-7budf-nam?utm_flashsale=1,CASIO 41.5 mm Nam MTP-V004G-7BUDF,Nguyễn Thị Bích Lệ,5
casio-mtp-v004g-7budf-nam?utm_flashsale=1,CASIO 41.5 mm Nam MTP-V004G-7BUDF,Dư Thuận Phát,5
casio-mtp-v004g-7budf-nam?utm_flashsale=1,CASIO 41.5 mm Nam MTP-V004G-7BUDF,Chú Nga,5
casio-ltp-v004g-7budf-vang?utm_flashsale=1,CASIO 30.2 mm Nữ LTP-V004G-7BUDF,TRẦN THỊ BÉ TƯỞNG,1
casio-ltp-v004g-7budf-vang?utm_flashsale=1,CASIO 30.2 mm Nữ LTP-V004G-7BUDF,Hoàng Tuấn Anh,5
casio-ltp-v004g-7budf-vang?utm_flashsale=1,CASIO 30.2 mm Nữ LTP-V004G-7BUDF,Diễm,5
casio-ltp-v004g-7budf-vang?utm_flashsale=1,CASIO 30.2 mm Nữ LTP-V004G-7BUDF,Phan Hồng Phong,5
casio-ltp-v004g-7budf-vang?utm_flashsale=1,CASIO 30.2 mm Nữ LTP-V004G-7BUDF,Chị Quyên,5
casio-ltp-v004g-7budf-vang?utm_flashsale=1,CASIO 30.2 mm Nữ LTP-V004G-7BUDF,Hà,4
casio-ltp-v004g-7budf-vang?utm_flashsale=1,CASIO 30.2 mm Nữ LTP-V004G-7BUDF,Hiệp,5
citizen-an3610-55l,CITIZEN 41 mm Nam AN3610-55L,Trần Huyền Trang,5
citizen-an3610-55l,CITIZEN 41 mm Nam AN3610-55L,Anh Tuấn,5
citizen-an3610-55l,CITIZEN 41 mm Nam AN3610-55L,Ngoc Phan,5
citizen-an3610-55l,CITIZEN 41 mm Nam AN3610-55L,Võ Thanh Trường,5
citizen-an3610-55l,CITIZEN 41 mm Nam AN3610-55L,Nguyễn Văn Tuấn,4
citizen-an3610-55l,CITIZEN 41 mm Nam AN3610-55L,Đặng Ngọc Trung,3
citizen-an3610-55l,CITIZEN 41 mm Nam AN3610-55L,Huỳnh Trung Nghĩa,5
citizen-an3610-55l,CITIZEN 41 mm Nam AN3610-55L,Nguyễn Thanh Xuân,5
citizen-be9170-05l-xanh,CITIZEN 39 mm Nam BE9170-05L,Nguyễn Trọng Quy,5
citizen-be9170-05l-xanh,CITIZEN 39 mm Nam BE9170-05L,Hưng,5
citizen-be9170-05l-xanh,CITIZEN 39 mm Nam BE9170-05L,Ngô Minh Nguyệt,5
citizen-be9170-05l-xanh,CITIZEN 39 mm Nam BE9170-05L,Lê Bách Tùng,5
citizen-be9170-05l-xanh,CITIZEN 39 mm Nam BE9170-05L,Sinh,4
citizen-be9170-05l-xanh,CITIZEN 39 mm Nam BE9170-05L,Lý Thanh Công,5
citizen-be9170-05l-xanh,CITIZEN 39 mm Nam BE9170-05L,Nguyễn Quốc Trạng,5
citizen-be9170-05l-xanh,CITIZEN 39 mm Nam BE9170-05L,Lê Văn Trường,2
citizen-be9170-05l-xanh,CITIZEN 39 mm Nam BE9170-05L,Huy,5
citizen-be9170-05l-xanh,CITIZEN 39 mm Nam BE9170-05L,Trương Minh Vương,5
citizen-be9170-05l-xanh,CITIZEN 39 mm Nam BE9170-05L,Nhựt,5
citizen-be9170-05l-xanh,CITIZEN 39 mm Nam BE9170-05L,Huy,4
citizen-be9170-05l-xanh,CITIZEN 39 mm Nam BE9170-05L,Phan Tuyết Nga,4
citizen-be9170-05l-xanh,CITIZEN 39 mm Nam BE9170-05L,C Thắm,4
citizen-be9170-05l-xanh,CITIZEN 39 mm Nam BE9170-05L,Sơn,1
casio-la680wa-7df-bac?utm_flashsale=1,CASIO 28.5 mm Unisex LA680WA-7DF,Trương Đức Anh,3
casio-la680wa-7df-bac?utm_flashsale=1,CASIO 28.5 mm Unisex LA680WA-7DF,Nguyễn Thị Cúc,5
casio-la680wa-7df-bac?utm_flashsale=1,CASIO 28.5 mm Unisex LA680WA-7DF,Bùi Ngọ,5
casio-la680wa-7df-bac?utm_flashsale=1,CASIO 28.5 mm Unisex LA680WA-7DF,Ngọc Trân,5
casio-la680wa-7df-bac?utm_flashsale=1,CASIO 28.5 mm Unisex LA680WA-7DF,Lê Thị Phương Dung,3
casio-la680wa-7df-bac?utm_flashsale=1,CASIO 28.5 mm Unisex LA680WA-7DF,Đào Thanh Thương,5
casio-la680wa-7df-bac?utm_flashsale=1,CASIO 28.5 mm Unisex LA680WA-7DF,Trung Kiên,4
casio-la680wa-7df-bac?utm_flashsale=1,CASIO 28.5 mm Unisex LA680WA-7DF,Nguyễn Phát Lợi,5
casio-la680wa-7df-bac?utm_flashsale=1,CASIO 28.5 mm Unisex LA680WA-7DF,Tú,5
casio-la680wa-7df-bac?utm_flashsale=1,CASIO 28.5 mm Unisex LA680WA-7DF,Trâm,5
casio-la680wa-7df-bac?utm_flashsale=1,CASIO 28.5 mm Unisex LA680WA-7DF,Em Thư,5
casio-la680wa-7df-bac?utm_flashsale=1,CASIO 28.5 mm Unisex LA680WA-7DF,Nguyễn Ngân,5
casio-la680wa-7df-bac?utm_flashsale=1,CASIO 28.5 mm Unisex LA680WA-7DF,Phuong,3
casio-la680wa-7df-bac?utm_flashsale=1,CASIO 28.5 mm Unisex LA680WA-7DF,Nguyễn Thị Yến Nhi,5
casio-la680wa-7df-bac?utm_flashsale=1,CASIO 28.5 mm Unisex LA680WA-7DF,Mai Hữu Nghĩa,5
casio-la680wa-7df-bac?utm_flashsale=1,CASIO 28.5 mm Unisex LA680WA-7DF,Loan,3
casio-la680wa-7df-bac?utm_flashsale=1,CASIO 28.5 mm Unisex LA680WA-7DF,Nguyễn Yến Nhi,5
casio-la680wa-7df-bac?utm_flashsale=1,CASIO 28.5 mm Unisex LA680WA-7DF,Đặng Thị Dịu,5
casio-la680wa-7df-bac?utm_flashsale=1,CASIO 28.5 mm Unisex LA680WA-7DF,Nguyễn Thị Kiều Hoa,4
casio-la680wa-7df-bac?utm_flashsale=1,CASIO 28.5 mm Unisex LA680WA-7DF,Hứa Nguyễn Huy,5
casio-ae-1400wh-1avdf-den?utm_flashsale=1,CASIO 45.4 mm Nam AE-1400WH-1AVDF,Lê Thị Hà My,5
casio-ae-1400wh-1avdf-den?utm_flashsale=1,CASIO 45.4 mm Nam AE-1400WH-1AVDF,Bình,5
casio-ae-1400wh-1avdf-den?utm_flashsale=1,CASIO 45.4 mm Nam AE-1400WH-1AVDF,Vu,5
casio-ae-1400wh-1avdf-den?utm_flashsale=1,CASIO 45.4 mm Nam AE-1400WH-1AVDF,Thao,5
casio-ae-1400wh-1avdf-den?utm_flashsale=1,CASIO 45.4 mm Nam AE-1400WH-1AVDF,Lê Thành Nhân,4
casio-ae-1400wh-1avdf-den?utm_flashsale=1,CASIO 45.4 mm Nam AE-1400WH-1AVDF,Nguyễn Trung Nhựt,5
casio-ae-1400wh-1avdf-den?utm_flashsale=1,CASIO 45.4 mm Nam AE-1400WH-1AVDF,Kha Thị Mộng Cầm,5
casio-ae-1400wh-1avdf-den?utm_flashsale=1,CASIO 45.4 mm Nam AE-1400WH-1AVDF,Chị Giang,5
casio-ae-1400wh-1avdf-den?utm_flashsale=1,CASIO 45.4 mm Nam AE-1400WH-1AVDF,Phạm Thị Thu Hà,5
casio-ae-1400wh-1avdf-den?utm_flashsale=1,CASIO 45.4 mm Nam AE-1400WH-1AVDF,Lê Phước Đức,4
casio-ae-1300wh-8avdf-den?utm_flashsale=1,CASIO 42 mm Nam AE-1300WH-8AVDF,Mã Duy Thành,4
casio-ae-1300wh-8avdf-den?utm_flashsale=1,CASIO 42 mm Nam AE-1300WH-8AVDF,Dư Gia Vĩ,5
casio-ae-1300wh-8avdf-den?utm_flashsale=1,CASIO 42 mm Nam AE-1300WH-8AVDF,Anh Trung,5
casio-ae-1300wh-8avdf-den?utm_flashsale=1,CASIO 42 mm Nam AE-1300WH-8AVDF,Thảo Ngọc Châu,5
casio-ae-1300wh-8avdf-den?utm_flashsale=1,CASIO 42 mm Nam AE-1300WH-8AVDF,Quý,5
casio-ae-1300wh-8avdf-den?utm_flashsale=1,CASIO 42 mm Nam AE-1300WH-8AVDF,Anh Hùng,5
casio-ae-1300wh-8avdf-den?utm_flashsale=1,CASIO 42 mm Nam AE-1300WH-8AVDF,Triệu Văn Thuỷ,4
casio-ae-1300wh-8avdf-den?utm_flashsale=1,CASIO 42 mm Nam AE-1300WH-8AVDF,Nguyễn Hải Nam,5
casio-ae-1300wh-8avdf-den?utm_flashsale=1,CASIO 42 mm Nam AE-1300WH-8AVDF,A. Đức,5
casio-ae-1300wh-8avdf-den?utm_flashsale=1,CASIO 42 mm Nam AE-1300WH-8AVDF,Nguyễn Văn Chính,3
casio-ae-1300wh-8avdf-den?utm_flashsale=1,CASIO 42 mm Nam AE-1300WH-8AVDF,Hoàng,5
casio-ae-1300wh-8avdf-den?utm_flashsale=1,CASIO 42 mm Nam AE-1300WH-8AVDF,Cao Thị Thảo,5
casio-ae-1300wh-8avdf-den?utm_flashsale=1,CASIO 42 mm Nam AE-1300WH-8AVDF,Nhung,5
casio-ae-1300wh-8avdf-den?utm_flashsale=1,CASIO 42 mm Nam AE-1300WH-8AVDF,Tùng,5
casio-ae-1300wh-8avdf-den?utm_flashsale=1,CASIO 42 mm Nam AE-1300WH-8AVDF,Lương Công Huy,5
casio-ae-1300wh-8avdf-den?utm_flashsale=1,CASIO 42 mm Nam AE-1300WH-8AVDF,Nguyễn Minh Chuyên,5
casio-ae-1300wh-8avdf-den?utm_flashsale=1,CASIO 42 mm Nam AE-1300WH-8AVDF,Nguyễn Văn Tèo,5
casio-ae-1300wh-8avdf-den?utm_flashsale=1,CASIO 42 mm Nam AE-1300WH-8AVDF,Thắng,5
casio-ae-1300wh-8avdf-den?utm_flashsale=1,CASIO 42 mm Nam AE-1300WH-8AVDF,Trần Ngọc Thanh Quang,5
casio-ae-1300wh-8avdf-den?utm_flashsale=1,CASIO 42 mm Nam AE-1300WH-8AVDF,Trần Minh Dũng,5
casio-ae-1300wh-8avdf-den?utm_flashsale=1,CASIO 42 mm Nam AE-1300WH-8AVDF,Anh Hoàng,5
casio-ae-1300wh-8avdf-den?utm_flashsale=1,CASIO 42 mm Nam AE-1300WH-8AVDF,Trần Trung Tín,5
casio-ae-1300wh-8avdf-den?utm_flashsale=1,CASIO 42 mm Nam AE-1300WH-8AVDF,Chị Hương,5
casio-ae-1300wh-8avdf-den?utm_flashsale=1,CASIO 42 mm Nam AE-1300WH-8AVDF,Nguyễn Thái Học,5
casio-ae-1300wh-8avdf-den?utm_flashsale=1,CASIO 42 mm Nam AE-1300WH-8AVDF,ĐOÀN VĂN KIÊN,4
casio-ae-1300wh-8avdf-den?utm_flashsale=1,CASIO 42 mm Nam AE-1300WH-8AVDF,Phạm Chí Trung,5
casio-ae-1300wh-8avdf-den?utm_flashsale=1,CASIO 42 mm Nam AE-1300WH-8AVDF,Nguyễn Ngọc Khắc Huy,5
casio-ae-1300wh-8avdf-den?utm_flashsale=1,CASIO 42 mm Nam AE-1300WH-8AVDF,Lò Văn Phong,4
casio-ae-1000w-2avdf-xanh-duong?utm_flashsale=1,CASIO 43 mm Nam AE-1000W-2AVDF,Đại Lợi,5
casio-ae-1000w-2avdf-xanh-duong?utm_flashsale=1,CASIO 43 mm Nam AE-1000W-2AVDF,Nguyễn Ngọc Năm,4
casio-ae-1000w-2avdf-xanh-duong?utm_flashsale=1,CASIO 43 mm Nam AE-1000W-2AVDF,Trúc Lâm,5
casio-ae-1000w-2avdf-xanh-duong?utm_flashsale=1,CASIO 43 mm Nam AE-1000W-2AVDF,Đỗ Huy Thanh,5
casio-ae-1000w-2avdf-xanh-duong?utm_flashsale=1,CASIO 43 mm Nam AE-1000W-2AVDF,Đỗ Tuấn Anh,4
casio-ae-1000w-2avdf-xanh-duong?utm_flashsale=1,CASIO 43 mm Nam AE-1000W-2AVDF,Nguyễn Thanh Tình,5
casio-ae-1000w-2avdf-xanh-duong?utm_flashsale=1,CASIO 43 mm Nam AE-1000W-2AVDF,Phạm Văn Hải,5
casio-ae-1000w-2avdf-xanh-duong?utm_flashsale=1,CASIO 43 mm Nam AE-1000W-2AVDF,Võ Thành Trung,5
casio-ae-1000w-2avdf-xanh-duong?utm_flashsale=1,CASIO 43 mm Nam AE-1000W-2AVDF,Anh Hạnh,5
casio-ae-1000w-2avdf-xanh-duong?utm_flashsale=1,CASIO 43 mm Nam AE-1000W-2AVDF,Hiệp,4
casio-ae-1000w-2avdf-xanh-duong?utm_flashsale=1,CASIO 43 mm Nam AE-1000W-2AVDF,Nguyễn Như Bình,5
casio-ae-1000w-2avdf-xanh-duong?utm_flashsale=1,CASIO 43 mm Nam AE-1000W-2AVDF,Trần Huyền Trang,5
casio-ae-1000w-2avdf-xanh-duong?utm_flashsale=1,CASIO 43 mm Nam AE-1000W-2AVDF,Khôi Đỗ,5
casio-ae-1000w-2avdf-xanh-duong?utm_flashsale=1,CASIO 43 mm Nam AE-1000W-2AVDF,Long,5
casio-ae-1000w-2avdf-xanh-duong?utm_flashsale=1,CASIO 43 mm Nam AE-1000W-2AVDF,Anh Hạnh,4
casio-ae-1000w-2avdf-xanh-duong?utm_flashsale=1,CASIO 43 mm Nam AE-1000W-2AVDF,Võ Ngọc Uyên,5
casio-ae-1000w-2avdf-xanh-duong?utm_flashsale=1,CASIO 43 mm Nam AE-1000W-2AVDF,Nguyễn Thị Nhanh,4
casio-ae-1000w-2avdf-xanh-duong?utm_flashsale=1,CASIO 43 mm Nam AE-1000W-2AVDF,Vũ Thị Xuân Tiên,5
casio-ae-1000w-2avdf-xanh-duong?utm_flashsale=1,CASIO 43 mm Nam AE-1000W-2AVDF,Nguyễn Xuân Lai,4
casio-ae-1000w-2avdf-xanh-duong?utm_flashsale=1,CASIO 43 mm Nam AE-1000W-2AVDF,HỒ VĂN HÙNG,4
casio-ae-1000w-2avdf-xanh-duong?utm_flashsale=1,CASIO 43 mm Nam AE-1000W-2AVDF,Chị Phương,4
casio-ae-1000w-2avdf-xanh-duong?utm_flashsale=1,CASIO 43 mm Nam AE-1000W-2AVDF,Chị Khanh,5
casio-ae-1000w-2avdf-xanh-duong?utm_flashsale=1,CASIO 43 mm Nam AE-1000W-2AVDF,Đinh Anh Tuấn,5
casio-ae-1000w-2avdf-xanh-duong?utm_flashsale=1,CASIO 43 mm Nam AE-1000W-2AVDF,Thức,2
casio-ae-1000w-2avdf-xanh-duong?utm_flashsale=1,CASIO 43 mm Nam AE-1000W-2AVDF,Mạnh,5
casio-ae-1000w-2avdf-xanh-duong?utm_flashsale=1,CASIO 43 mm Nam AE-1000W-2AVDF,Mai Việt Bắc,5
casio-ae-1000w-2avdf-xanh-duong?utm_flashsale=1,CASIO 43 mm Nam AE-1000W-2AVDF,Đăng,5
casio-ae-1000w-2avdf-xanh-duong?utm_flashsale=1,CASIO 43 mm Nam AE-1000W-2AVDF,A Son,3
casio-ae-1000w-4bvdf-cam?utm_flashsale=1,CASIO 43.5 mm Nam AE-1000W-4BVDF,Cô Tâm,4
casio-ae-1000w-4bvdf-cam?utm_flashsale=1,CASIO 43.5 mm Nam AE-1000W-4BVDF,Quốc,5
casio-ae-1000w-4bvdf-cam?utm_flashsale=1,CASIO 43.5 mm Nam AE-1000W-4BVDF,Cảnh,5
casio-ae-1000w-4bvdf-cam?utm_flashsale=1,CASIO 43.5 mm Nam AE-1000W-4BVDF,Anh Cường,4
casio-ae-1000w-4bvdf-cam?utm_flashsale=1,CASIO 43.5 mm Nam AE-1000W-4BVDF,Anh Việt,3
casio-ae-1000w-4bvdf-cam?utm_flashsale=1,CASIO 43.5 mm Nam AE-1000W-4BVDF,Nguyễn Thành Phương,4
casio-ae-1000w-4bvdf-cam?utm_flashsale=1,CASIO 43.5 mm Nam AE-1000W-4BVDF,Vũ Anh Tuấn,5
casio-ae-1000w-4bvdf-cam?utm_flashsale=1,CASIO 43.5 mm Nam AE-1000W-4BVDF,Mỹ Cảnh,4
casio-ae-1000w-4bvdf-cam?utm_flashsale=1,CASIO 43.5 mm Nam AE-1000W-4BVDF,Lê Lâm Ngọc Nữ Thanh Trà,4
casio-ae-1000w-4bvdf-cam?utm_flashsale=1,CASIO 43.5 mm Nam AE-1000W-4BVDF,Dũng,5
casio-ae-1000w-4bvdf-cam?utm_flashsale=1,CASIO 43.5 mm Nam AE-1000W-4BVDF,Nông Hậu Giang,5
casio-ae-1000w-4bvdf-cam?utm_flashsale=1,CASIO 43.5 mm Nam AE-1000W-4BVDF,Nguyễn Thị Kim Ánh,5
casio-ae-1000w-3avdf-xanh-bo-doi?utm_flashsale=1,CASIO 43.5 mm Nam AE-1000W-3AVDF,Nguyễn Minh Hiếu,1
casio-ae-1000w-3avdf-xanh-bo-doi?utm_flashsale=1,CASIO 43.5 mm Nam AE-1000W-3AVDF,Võ Thị Thu Cúc,4
casio-ae-1000w-3avdf-xanh-bo-doi?utm_flashsale=1,CASIO 43.5 mm Nam AE-1000W-3AVDF,Huệ,5
casio-ae-1000w-3avdf-xanh-bo-doi?utm_flashsale=1,CASIO 43.5 mm Nam AE-1000W-3AVDF,Vy,5
casio-ae-1000w-3avdf-xanh-bo-doi?utm_flashsale=1,CASIO 43.5 mm Nam AE-1000W-3AVDF,Chị Thuỷ,5
casio-ae-1000w-3avdf-xanh-bo-doi?utm_flashsale=1,CASIO 43.5 mm Nam AE-1000W-3AVDF,Đạt,5
casio-ae-1000w-3avdf-xanh-bo-doi?utm_flashsale=1,CASIO 43.5 mm Nam AE-1000W-3AVDF,Đức Anh,5
casio-ae-1000w-3avdf-xanh-bo-doi?utm_flashsale=1,CASIO 43.5 mm Nam AE-1000W-3AVDF,Lắm,5
casio-ae-1000w-3avdf-xanh-bo-doi?utm_flashsale=1,CASIO 43.5 mm Nam AE-1000W-3AVDF,Văn Tấn Quyền,5
casio-ae-1000w-3avdf-xanh-bo-doi?utm_flashsale=1,CASIO 43.5 mm Nam AE-1000W-3AVDF,Nguyễn Văn Hưởng,5
casio-ae-1000w-3avdf-xanh-bo-doi?utm_flashsale=1,CASIO 43.5 mm Nam AE-1000W-3AVDF,Anh Tiến,5
casio-ae-1000w-3avdf-xanh-bo-doi?utm_flashsale=1,CASIO 43.5 mm Nam AE-1000W-3AVDF,Nguyễn Thị Nhật Mỹ,5
casio-ae-1000w-3avdf-xanh-bo-doi?utm_flashsale=1,CASIO 43.5 mm Nam AE-1000W-3AVDF,Chế Như,5
casio-ae-1000w-3avdf-xanh-bo-doi?utm_flashsale=1,CASIO 43.5 mm Nam AE-1000W-3AVDF,Nguyễn Chí Thành,4
casio-ae-1000w-3avdf-xanh-bo-doi?utm_flashsale=1,CASIO 43.5 mm Nam AE-1000W-3AVDF,CÔNG TY TNHH XÂY DỰNG THƯƠNG MẠI VÀ DỊCH VỤ 688,5
casio-ae-1000w-3avdf-xanh-bo-doi?utm_flashsale=1,CASIO 43.5 mm Nam AE-1000W-3AVDF,Chị Hải,4
casio-ae-1000w-3avdf-xanh-bo-doi?utm_flashsale=1,CASIO 43.5 mm Nam AE-1000W-3AVDF,A Vũ,5
casio-ae-1000w-3avdf-xanh-bo-doi?utm_flashsale=1,CASIO 43.5 mm Nam AE-1000W-3AVDF,Duy,5
casio-ae-1000w-3avdf-xanh-bo-doi?utm_flashsale=1,CASIO 43.5 mm Nam AE-1000W-3AVDF,Hoàng Tú,5
casio-ae-1000w-3avdf-xanh-bo-doi?utm_flashsale=1,CASIO 43.5 mm Nam AE-1000W-3AVDF,Ngô Văn Trung,4
casio-ae-1000w-3avdf-xanh-bo-doi?utm_flashsale=1,CASIO 43.5 mm Nam AE-1000W-3AVDF,Ngô Văn Trung,5
casio-ws-1600h-2avdf-nam?utm_flashsale=1,CASIO 42.1 mm Nam WS-1600H-2AVDF,Lê Viết Anh Thư,4
casio-dw-291hx-1avdf-nam?utm_flashsale=1,CASIO 50.5 × 50.4 mm Nam DW-291HX-1AVDF,Vinh,4
casio-dw-291hx-1avdf-nam?utm_flashsale=1,CASIO 50.5 × 50.4 mm Nam DW-291HX-1AVDF,Vũ Cát Lượng,5
casio-dw-291hx-1avdf-nam?utm_flashsale=1,CASIO 50.5 × 50.4 mm Nam DW-291HX-1AVDF,Nguyễn Văn Tuấn,5
casio-dw-291hx-1avdf-nam?utm_flashsale=1,CASIO 50.5 × 50.4 mm Nam DW-291HX-1AVDF,Hoàng,5
casio-dw-291hx-1avdf-nam?utm_flashsale=1,CASIO 50.5 × 50.4 mm Nam DW-291HX-1AVDF,Quân,5
casio-dw-291hx-1avdf-nam?utm_flashsale=1,CASIO 50.5 × 50.4 mm Nam DW-291HX-1AVDF,Luân,3
casio-dw-291hx-1avdf-nam?utm_flashsale=1,CASIO 50.5 × 50.4 mm Nam DW-291HX-1AVDF,Hoàng Văn Thuận,5
casio-dw-291hx-1avdf-nam?utm_flashsale=1,CASIO 50.5 × 50.4 mm Nam DW-291HX-1AVDF,Trần Anh,3
casio-dw-291hx-1avdf-nam?utm_flashsale=1,CASIO 50.5 × 50.4 mm Nam DW-291HX-1AVDF,Bùi Thạnh Đức,5
casio-dw-291hx-1avdf-nam?utm_flashsale=1,CASIO 50.5 × 50.4 mm Nam DW-291HX-1AVDF,Anh Cường,5
casio-dw-291hx-1avdf-nam?utm_flashsale=1,CASIO 50.5 × 50.4 mm Nam DW-291HX-1AVDF,Nguyen Thi Dieu,5
casio-dw-291hx-1avdf-nam?utm_flashsale=1,CASIO 50.5 × 50.4 mm Nam DW-291HX-1AVDF,Phạm Hồ Ngọc Quyền,4
casio-dw-291hx-1avdf-nam?utm_flashsale=1,CASIO 50.5 × 50.4 mm Nam DW-291HX-1AVDF,Hiệp,4
casio-dw-291hx-1avdf-nam?utm_flashsale=1,CASIO 50.5 × 50.4 mm Nam DW-291HX-1AVDF,Anh Cương,5
casio-dw-291hx-1avdf-nam?utm_flashsale=1,CASIO 50.5 × 50.4 mm Nam DW-291HX-1AVDF,Thịnh,4
casio-dw-291hx-1avdf-nam?utm_flashsale=1,CASIO 50.5 × 50.4 mm Nam DW-291HX-1AVDF,Mai Nguyễn Hữu Thắng,5
casio-dw-291hx-1avdf-nam?utm_flashsale=1,CASIO 50.5 × 50.4 mm Nam DW-291HX-1AVDF,HỮU QUYỀN,5
casio-ae-1500wh-2avdf-nam?utm_flashsale=1,CASIO 51.2 mm Nam AE-1500WH-2AVDF,Nguyễn Ngọc Toàn,5
casio-ae-1500wh-2avdf-nam?utm_flashsale=1,CASIO 51.2 mm Nam AE-1500WH-2AVDF,Nguyễn Minh Định,5
casio-ae-1500wh-2avdf-nam?utm_flashsale=1,CASIO 51.2 mm Nam AE-1500WH-2AVDF,Anh Đức,5
casio-ae-1500wh-2avdf-nam?utm_flashsale=1,CASIO 51.2 mm Nam AE-1500WH-2AVDF,Nguyễn Minh Tú,5
casio-ae-1500wh-2avdf-nam?utm_flashsale=1,CASIO 51.2 mm Nam AE-1500WH-2AVDF,Nguyễn Xuân Thanh,5
casio-ae-1500wh-2avdf-nam?utm_flashsale=1,CASIO 51.2 mm Nam AE-1500WH-2AVDF,Trần Trung Thanh,5
casio-ae-1500wh-2avdf-nam?utm_flashsale=1,CASIO 51.2 mm Nam AE-1500WH-2AVDF,Minh Tâm,5
casio-ae-1500wh-2avdf-nam?utm_flashsale=1,CASIO 51.2 mm Nam AE-1500WH-2AVDF,Hưng,5
casio-ae-1500wh-2avdf-nam?utm_flashsale=1,CASIO 51.2 mm Nam AE-1500WH-2AVDF,Trần Xuân Thành,4
casio-ae-1500wh-2avdf-nam?utm_flashsale=1,CASIO 51.2 mm Nam AE-1500WH-2AVDF,Nguyễn Hồng Thái,5
q-q-vq94j001y-unisex?utm_flashsale=1,Q&Q 37 mm Unisex VQ94J001Y,Nguyễn Văn Chất,5
q-q-vq94j001y-unisex?utm_flashsale=1,Q&Q 37 mm Unisex VQ94J001Y,Nhung,4
q-q-vq94j001y-unisex?utm_flashsale=1,Q&Q 37 mm Unisex VQ94J001Y,Lê Duy Phương,5
q-q-vq94j001y-unisex?utm_flashsale=1,Q&Q 37 mm Unisex VQ94J001Y,Đàm Thị Phượng,5
q-q-vq94j001y-unisex?utm_flashsale=1,Q&Q 37 mm Unisex VQ94J001Y,Anh Điệp,5
q-q-vq94j001y-unisex?utm_flashsale=1,Q&Q 37 mm Unisex VQ94J001Y,Hồ Quốc Vương,5
q-q-vq94j001y-unisex?utm_flashsale=1,Q&Q 37 mm Unisex VQ94J001Y,Oanh,5
q-q-vq94j001y-unisex?utm_flashsale=1,Q&Q 37 mm Unisex VQ94J001Y,Thắm,1
q-q-vq94j001y-unisex?utm_flashsale=1,Q&Q 37 mm Unisex VQ94J001Y,Phạm Thị Thuỷ,5
q-q-vq94j001y-unisex?utm_flashsale=1,Q&Q 37 mm Unisex VQ94J001Y,Đặng Hữu Duy,4
q-q-vq94j001y-unisex?utm_flashsale=1,Q&Q 37 mm Unisex VQ94J001Y,Lê Thế Vinh,4
q-q-vq94j001y-unisex?utm_flashsale=1,Q&Q 37 mm Unisex VQ94J001Y,Chị Hằng,5
q-q-vq94j001y-unisex?utm_flashsale=1,Q&Q 37 mm Unisex VQ94J001Y,ĐỖ THỊ MỸ HẠNH,5
q-q-vq94j001y-unisex?utm_flashsale=1,Q&Q 37 mm Unisex VQ94J001Y,DO DUY KHANG,5
q-q-vq94j001y-unisex?utm_flashsale=1,Q&Q 37 mm Unisex VQ94J001Y,Vũ Thị Lý,5
q-q-vq94j001y-unisex?utm_flashsale=1,Q&Q 37 mm Unisex VQ94J001Y,Văn Hòa,5
q-q-vq94j001y-unisex?utm_flashsale=1,Q&Q 37 mm Unisex VQ94J001Y,Đồng Hải Yến,4
q-q-vq94j001y-unisex?utm_flashsale=1,Q&Q 37 mm Unisex VQ94J001Y,Đặng Tâm,4
q-q-vq94j001y-unisex?utm_flashsale=1,Q&Q 37 mm Unisex VQ94J001Y,Nguyễn Thùy Linh,4
casio-ws-1400h-1bvdf-nam?utm_flashsale=1,CASIO 44.5 mm Nam WS-1400H-1BVDF,Thi,5
casio-ws-1400h-1bvdf-nam?utm_flashsale=1,CASIO 44.5 mm Nam WS-1400H-1BVDF,Núi Thiên,5
casio-ws-1400h-1bvdf-nam?utm_flashsale=1,CASIO 44.5 mm Nam WS-1400H-1BVDF,Trí Quang,5
casio-ws-1400h-1bvdf-nam?utm_flashsale=1,CASIO 44.5 mm Nam WS-1400H-1BVDF,Phan Hữu Nhật Tân,5
casio-ws-1400h-1bvdf-nam?utm_flashsale=1,CASIO 44.5 mm Nam WS-1400H-1BVDF,Hoàng Trọng Hữu,5
casio-ws-1400h-1bvdf-nam?utm_flashsale=1,CASIO 44.5 mm Nam WS-1400H-1BVDF,Bùi Khôi Nguyên,5
casio-ws-1400h-1bvdf-nam?utm_flashsale=1,CASIO 44.5 mm Nam WS-1400H-1BVDF,Phương Thảo,5
casio-ws-1400h-1bvdf-nam?utm_flashsale=1,CASIO 44.5 mm Nam WS-1400H-1BVDF,Phúc,5
casio-ws-1400h-1bvdf-nam?utm_flashsale=1,CASIO 44.5 mm Nam WS-1400H-1BVDF,Pham Quoc Binh,3
casio-ws-1400h-1bvdf-nam?utm_flashsale=1,CASIO 44.5 mm Nam WS-1400H-1BVDF,Đặng Tuấn Vũ,4
casio-ws-1400h-1bvdf-nam?utm_flashsale=1,CASIO 44.5 mm Nam WS-1400H-1BVDF,Quỳnh,5
casio-ws-1400h-1bvdf-nam?utm_flashsale=1,CASIO 44.5 mm Nam WS-1400H-1BVDF,A Khanh,5
casio-ws-1400h-1bvdf-nam?utm_flashsale=1,CASIO 44.5 mm Nam WS-1400H-1BVDF,Quach Minh Thao,5
casio-ws-1400h-1bvdf-nam?utm_flashsale=1,CASIO 44.5 mm Nam WS-1400H-1BVDF,ĐOÀN VĂN VƯƠNG,5
casio-ws-1400h-1bvdf-nam?utm_flashsale=1,CASIO 44.5 mm Nam WS-1400H-1BVDF,Phạm Thế Bảo,5
casio-ws-1400h-1bvdf-nam?utm_flashsale=1,CASIO 44.5 mm Nam WS-1400H-1BVDF,ĐOÀN VĂN VƯƠNG,5
casio-ws-1400h-1bvdf-nam?utm_flashsale=1,CASIO 44.5 mm Nam WS-1400H-1BVDF,Lê Xuân Tiến,5
casio-ws-1400h-1bvdf-nam?utm_flashsale=1,CASIO 44.5 mm Nam WS-1400H-1BVDF,Phương,5
casio-ws-1400h-1bvdf-nam?utm_flashsale=1,CASIO 44.5 mm Nam WS-1400H-1BVDF,Thịnh,5
casio-ws-1400h-1bvdf-nam?utm_flashsale=1,CASIO 44.5 mm Nam WS-1400H-1BVDF,Anh Nhật,5
casio-ws-1400h-1bvdf-nam?utm_flashsale=1,CASIO 44.5 mm Nam WS-1400H-1BVDF,Nguyễn Thiện Minh,4
casio-ws-1400h-1bvdf-nam?utm_flashsale=1,CASIO 44.5 mm Nam WS-1400H-1BVDF,Nong Van Nam,2
casio-ws-1400h-1bvdf-nam?utm_flashsale=1,CASIO 44.5 mm Nam WS-1400H-1BVDF,Trần Ngọc Quý,5
casio-ws-1400h-1bvdf-nam?utm_flashsale=1,CASIO 44.5 mm Nam WS-1400H-1BVDF,Anh Phú,3
casio-ws-1400h-1bvdf-nam?utm_flashsale=1,CASIO 44.5 mm Nam WS-1400H-1BVDF,Đỗ Văn Tuấn,4
casio-ws-1400h-1bvdf-nam?utm_flashsale=1,CASIO 44.5 mm Nam WS-1400H-1BVDF,Vân,4
casio-ws-1400h-1bvdf-nam?utm_flashsale=1,CASIO 44.5 mm Nam WS-1400H-1BVDF,Lê Hữu Phong,4
casio-ws-1400h-1bvdf-nam?utm_flashsale=1,CASIO 44.5 mm Nam WS-1400H-1BVDF,Lê Nguyễn Quốc Duy,4
g-shock-ga-700-1adr-den,G-SHOCK 52.5 mm Nam GA-700-1ADR,Anh Quân,5
g-shock-ga-700-1adr-den,G-SHOCK 52.5 mm Nam GA-700-1ADR,Nguyễn Võ Tuấn,4
g-shock-ga-700-1adr-den,G-SHOCK 52.5 mm Nam GA-700-1ADR,Quỳnh,5
g-shock-ga-700-1adr-den,G-SHOCK 52.5 mm Nam GA-700-1ADR,Huy Lực,5
g-shock-ga-700-1adr-den,G-SHOCK 52.5 mm Nam GA-700-1ADR,LONG,5
g-shock-ga-700-1adr-den,G-SHOCK 52.5 mm Nam GA-700-1ADR,Thiên,5
g-shock-ga-700-1adr-den,G-SHOCK 52.5 mm Nam GA-700-1ADR,Chị Tơ,5
g-shock-ga-700-1adr-den,G-SHOCK 52.5 mm Nam GA-700-1ADR,Nguyễn Văn Thanh Nhựt,5
g-shock-ga-700-1adr-den,G-SHOCK 52.5 mm Nam GA-700-1ADR,Phạm Quốc Hiền,5
g-shock-ga-700-1adr-den,G-SHOCK 52.5 mm Nam GA-700-1ADR,Ngọc Quý,5
casio-a168wg-9wdf-vang?utm_flashsale=1,CASIO 35 mm Unisex A168WG-9WDF,Rim,3
casio-a168wg-9wdf-vang?utm_flashsale=1,CASIO 35 mm Unisex A168WG-9WDF,Bạch Lê Mai Hân,5
casio-a168wg-9wdf-vang?utm_flashsale=1,CASIO 35 mm Unisex A168WG-9WDF,Chị Huệ,5
casio-a168wg-9wdf-vang?utm_flashsale=1,CASIO 35 mm Unisex A168WG-9WDF,TRẦN THỊ BÍCH TUYỀN,5
casio-a168wg-9wdf-vang?utm_flashsale=1,CASIO 35 mm Unisex A168WG-9WDF,Nguyễn Thanh Liêm,4
casio-a168wg-9wdf-vang?utm_flashsale=1,CASIO 35 mm Unisex A168WG-9WDF,Huỳnh Lê Nhựt,4
casio-a168wg-9wdf-vang?utm_flashsale=1,CASIO 35 mm Unisex A168WG-9WDF,Lê Đỗ Minh Trí,5
casio-a168wg-9wdf-vang?utm_flashsale=1,CASIO 35 mm Unisex A168WG-9WDF,Tiên,5
casio-a168wg-9wdf-vang?utm_flashsale=1,CASIO 35 mm Unisex A168WG-9WDF,Uyên,5
casio-a168wg-9wdf-vang?utm_flashsale=1,CASIO 35 mm Unisex A168WG-9WDF,Linh,5
casio-a168wg-9wdf-vang?utm_flashsale=1,CASIO 35 mm Unisex A168WG-9WDF,Trần Khánh Duy,5
casio-a168wg-9wdf-vang?utm_flashsale=1,CASIO 35 mm Unisex A168WG-9WDF,Nhân,5
casio-a168wg-9wdf-vang?utm_flashsale=1,CASIO 35 mm Unisex A168WG-9WDF,Như Ý,2
casio-a168wg-9wdf-vang?utm_flashsale=1,CASIO 35 mm Unisex A168WG-9WDF,Hoàng Anh,5
casio-a168wg-9wdf-vang?utm_flashsale=1,CASIO 35 mm Unisex A168WG-9WDF,Thanh,4
casio-a168wg-9wdf-vang?utm_flashsale=1,CASIO 35 mm Unisex A168WG-9WDF,Lê Nhật Anh,4
casio-a168wg-9wdf-vang?utm_flashsale=1,CASIO 35 mm Unisex A168WG-9WDF,Chị Thơ,5
casio-w-218hc-4avdf-unisex?utm_flashsale=1,CASIO 43 mm Unisex W-218HC-4AVDF,Trần Thị Kim Thoa,5
casio-w-218hc-4avdf-unisex?utm_flashsale=1,CASIO 43 mm Unisex W-218HC-4AVDF,Anh Nhân,3
casio-w-218hc-4avdf-unisex?utm_flashsale=1,CASIO 43 mm Unisex W-218HC-4AVDF,Chị Ý,5
casio-w-218hc-4avdf-unisex?utm_flashsale=1,CASIO 43 mm Unisex W-218HC-4AVDF,Nguyễn Thỵ Ngọc Huyền,5
casio-w-218hc-4avdf-unisex?utm_flashsale=1,CASIO 43 mm Unisex W-218HC-4AVDF,Phạm Quốc Hải,4
casio-w-218hc-4avdf-unisex?utm_flashsale=1,CASIO 43 mm Unisex W-218HC-4AVDF,Chị Cúc,3
casio-w-218hc-4avdf-unisex?utm_flashsale=1,CASIO 43 mm Unisex W-218HC-4AVDF,Hoàng Đức Hiếu,4
casio-w-218h-1avdf-nam?utm_flashsale=1,CASIO 43 mm Nam W-218H-1AVDF,Quang Giàu,5
casio-w-218h-1avdf-nam?utm_flashsale=1,CASIO 43 mm Nam W-218H-1AVDF,Huỳnh Huy Hoàng,5
casio-w-218h-1avdf-nam?utm_flashsale=1,CASIO 43 mm Nam W-218H-1AVDF,Hiền,5
casio-w-218h-1avdf-nam?utm_flashsale=1,CASIO 43 mm Nam W-218H-1AVDF,Anh Trung,5
casio-w-218h-1avdf-nam?utm_flashsale=1,CASIO 43 mm Nam W-218H-1AVDF,Vũ Lê Quyên,5
casio-w-218h-1avdf-nam?utm_flashsale=1,CASIO 43 mm Nam W-218H-1AVDF,Nguyễn Hữu Được,4
casio-w-218h-1avdf-nam?utm_flashsale=1,CASIO 43 mm Nam W-218H-1AVDF,Lê Anh Tuấn,5
casio-w-218h-1avdf-nam?utm_flashsale=1,CASIO 43 mm Nam W-218H-1AVDF,Nguyen Duy,5
casio-w-218h-1avdf-nam?utm_flashsale=1,CASIO 43 mm Nam W-218H-1AVDF,Lê Thanh Hoàng,4
casio-w-218h-1avdf-nam?utm_flashsale=1,CASIO 43 mm Nam W-218H-1AVDF,DƯƠNG MINH THẮNG,5
casio-w-218h-1avdf-nam?utm_flashsale=1,CASIO 43 mm Nam W-218H-1AVDF,Thuỳ Dung,5
casio-w-218h-1avdf-nam?utm_flashsale=1,CASIO 43 mm Nam W-218H-1AVDF,Nguyễn Vũ Hạnh Duyên,5
casio-w-218h-1avdf-nam?utm_flashsale=1,CASIO 43 mm Nam W-218H-1AVDF,Đặng Minh Nghĩa,5
casio-w-218h-1avdf-nam?utm_flashsale=1,CASIO 43 mm Nam W-218H-1AVDF,Nguyễn Tùng Lâm,5
casio-w-218h-1avdf-nam?utm_flashsale=1,CASIO 43 mm Nam W-218H-1AVDF,Nguyễn Hương Ly,5
casio-w-218h-1avdf-nam?utm_flashsale=1,CASIO 43 mm Nam W-218H-1AVDF,Hiếu,5
casio-w-218h-1avdf-nam?utm_flashsale=1,CASIO 43 mm Nam W-218H-1AVDF,Võ Ngọc Việt,4
casio-w-218h-1avdf-nam?utm_flashsale=1,CASIO 43 mm Nam W-218H-1AVDF,PHẠM HỮU TRƯỜNG,5
casio-w-218h-1avdf-nam?utm_flashsale=1,CASIO 43 mm Nam W-218H-1AVDF,Tran Thi Ly,4
casio-w-218h-1avdf-nam?utm_flashsale=1,CASIO 43 mm Nam W-218H-1AVDF,Vũ Anh Tuấn,5
casio-w-218h-1avdf-nam?utm_flashsale=1,CASIO 43 mm Nam W-218H-1AVDF,Quang Giàu,5
casio-w-218h-1avdf-nam?utm_flashsale=1,CASIO 43 mm Nam W-218H-1AVDF,Huỳnh Huy Hoàng,5
casio-w-218h-1avdf-nam?utm_flashsale=1,CASIO 43 mm Nam W-218H-1AVDF,Hiền,5
casio-w-218h-1avdf-nam?utm_flashsale=1,CASIO 43 mm Nam W-218H-1AVDF,Anh Trung,5
casio-w-218h-1avdf-nam?utm_flashsale=1,CASIO 43 mm Nam W-218H-1AVDF,Vũ Lê Quyên,5
casio-w-218h-1avdf-nam?utm_flashsale=1,CASIO 43 mm Nam W-218H-1AVDF,Nguyễn Hữu Được,4
casio-w-218h-1avdf-nam?utm_flashsale=1,CASIO 43 mm Nam W-218H-1AVDF,Lê Anh Tuấn,5
casio-w-218h-1avdf-nam?utm_flashsale=1,CASIO 43 mm Nam W-218H-1AVDF,Nguyen Duy,5
casio-w-218h-1avdf-nam?utm_flashsale=1,CASIO 43 mm Nam W-218H-1AVDF,Lê Thanh Hoàng,4
casio-w-218h-1avdf-nam?utm_flashsale=1,CASIO 43 mm Nam W-218H-1AVDF,DƯƠNG MINH THẮNG,5
casio-w-218h-1avdf-nam?utm_flashsale=1,CASIO 43 mm Nam W-218H-1AVDF,Thuỳ Dung,5
casio-w-218h-1avdf-nam?utm_flashsale=1,CASIO 43 mm Nam W-218H-1AVDF,Nguyễn Vũ Hạnh Duyên,5
casio-w-218h-1avdf-nam?utm_flashsale=1,CASIO 43 mm Nam W-218H-1AVDF,Đặng Minh Nghĩa,5
casio-w-218h-1avdf-nam?utm_flashsale=1,CASIO 43 mm Nam W-218H-1AVDF,Nguyễn Tùng Lâm,5
casio-w-218h-1avdf-nam?utm_flashsale=1,CASIO 43 mm Nam W-218H-1AVDF,Nguyễn Hương Ly,5
casio-w-218h-1avdf-nam?utm_flashsale=1,CASIO 43 mm Nam W-218H-1AVDF,Hiếu,5
casio-w-218h-1avdf-nam?utm_flashsale=1,CASIO 43 mm Nam W-218H-1AVDF,Võ Ngọc Việt,4
casio-w-218h-1avdf-nam?utm_flashsale=1,CASIO 43 mm Nam W-218H-1AVDF,PHẠM HỮU TRƯỜNG,5
casio-w-218h-1avdf-nam?utm_flashsale=1,CASIO 43 mm Nam W-218H-1AVDF,Tran Thi Ly,4
casio-w-218h-1avdf-nam?utm_flashsale=1,CASIO 43 mm Nam W-218H-1AVDF,Vũ Anh Tuấn,5
casio-w-218h-1avdf-nam?utm_flashsale=1,CASIO 43 mm Nam W-218H-1AVDF,Quang Giàu,5
casio-w-218h-1avdf-nam?utm_flashsale=1,CASIO 43 mm Nam W-218H-1AVDF,Huỳnh Huy Hoàng,5
casio-w-218h-1avdf-nam?utm_flashsale=1,CASIO 43 mm Nam W-218H-1AVDF,Hiền,5
casio-w-218h-1avdf-nam?utm_flashsale=1,CASIO 43 mm Nam W-218H-1AVDF,Anh Trung,5
casio-w-218h-1avdf-nam?utm_flashsale=1,CASIO 43 mm Nam W-218H-1AVDF,Vũ Lê Quyên,5
casio-w-218h-1avdf-nam?utm_flashsale=1,CASIO 43 mm Nam W-218H-1AVDF,Nguyễn Hữu Được,4
casio-w-218h-1avdf-nam?utm_flashsale=1,CASIO 43 mm Nam W-218H-1AVDF,Lê Anh Tuấn,5
casio-w-218h-1avdf-nam?utm_flashsale=1,CASIO 43 mm Nam W-218H-1AVDF,Nguyen Duy,5
casio-w-218h-1avdf-nam?utm_flashsale=1,CASIO 43 mm Nam W-218H-1AVDF,Lê Thanh Hoàng,4
casio-w-218h-1avdf-nam?utm_flashsale=1,CASIO 43 mm Nam W-218H-1AVDF,DƯƠNG MINH THẮNG,5
casio-w-218h-1avdf-nam?utm_flashsale=1,CASIO 43 mm Nam W-218H-1AVDF,Thuỳ Dung,5
casio-w-218h-1avdf-nam?utm_flashsale=1,CASIO 43 mm Nam W-218H-1AVDF,Nguyễn Vũ Hạnh Duyên,5
casio-w-218h-1avdf-nam?utm_flashsale=1,CASIO 43 mm Nam W-218H-1AVDF,Đặng Minh Nghĩa,5
casio-w-218h-1avdf-nam?utm_flashsale=1,CASIO 43 mm Nam W-218H-1AVDF,Nguyễn Tùng Lâm,5
casio-w-218h-1avdf-nam?utm_flashsale=1,CASIO 43 mm Nam W-218H-1AVDF,Nguyễn Hương Ly,5
casio-w-218h-1avdf-nam?utm_flashsale=1,CASIO 43 mm Nam W-218H-1AVDF,Hiếu,5
casio-w-218h-1avdf-nam?utm_flashsale=1,CASIO 43 mm Nam W-218H-1AVDF,Võ Ngọc Việt,4
casio-w-218h-1avdf-nam?utm_flashsale=1,CASIO 43 mm Nam W-218H-1AVDF,PHẠM HỮU TRƯỜNG,5
casio-w-218h-1avdf-nam?utm_flashsale=1,CASIO 43 mm Nam W-218H-1AVDF,Tran Thi Ly,4
casio-w-218h-1avdf-nam?utm_flashsale=1,CASIO 43 mm Nam W-218H-1AVDF,Vũ Anh Tuấn,5
dong-ho-nam-casio-w-218h-4bvdf?utm_flashsale=1,CASIO 43 mm Nam W-218H-4BVDF,Ngô Kim Nghiệp,5
dong-ho-nam-casio-w-218h-4bvdf?utm_flashsale=1,CASIO 43 mm Nam W-218H-4BVDF,Quốc Đạt,5
dong-ho-nam-casio-w-218h-4bvdf?utm_flashsale=1,CASIO 43 mm Nam W-218H-4BVDF,Phạm Văn Hòe,5
dong-ho-nam-casio-w-218h-4bvdf?utm_flashsale=1,CASIO 43 mm Nam W-218H-4BVDF,Anh Đức,5
dong-ho-nam-casio-w-218h-4bvdf?utm_flashsale=1,CASIO 43 mm Nam W-218H-4BVDF,Huỳnh Quốc Khánh,5
dong-ho-nam-casio-w-218h-4bvdf?utm_flashsale=1,CASIO 43 mm Nam W-218H-4BVDF,Nguyễn Phúc Hưng,4
dong-ho-nam-casio-w-218h-4bvdf?utm_flashsale=1,CASIO 43 mm Nam W-218H-4BVDF,Viet Truong,4
dong-ho-nam-casio-w-218h-4bvdf?utm_flashsale=1,CASIO 43 mm Nam W-218H-4BVDF,Nguyễn Hùng Thịnh,5
dong-ho-nam-casio-w-218h-4bvdf?utm_flashsale=1,CASIO 43 mm Nam W-218H-4BVDF,Quyên,4
dong-ho-nam-casio-w-218h-4bvdf?utm_flashsale=1,CASIO 43 mm Nam W-218H-4BVDF,Trí,5
dong-ho-nam-casio-w-218h-4bvdf?utm_flashsale=1,CASIO 43 mm Nam W-218H-4BVDF,Võ Bách Tùng,5
dong-ho-nam-casio-w-218h-4bvdf?utm_flashsale=1,CASIO 43 mm Nam W-218H-4BVDF,Chương,5
dong-ho-nam-casio-w-218h-4bvdf?utm_flashsale=1,CASIO 43 mm Nam W-218H-4BVDF,Lê Xuân Trung,5
casio-a168wer-2adf-unisex?utm_flashsale=1,CASIO 38.6 × 36.3 mm Unisex A168WER-2ADF,Chung,5
casio-a168wer-2adf-unisex?utm_flashsale=1,CASIO 38.6 × 36.3 mm Unisex A168WER-2ADF,Lê Quang Ký,5
casio-a168wer-2adf-unisex?utm_flashsale=1,CASIO 38.6 × 36.3 mm Unisex A168WER-2ADF,Simran Singh,5
casio-a168wer-2adf-unisex?utm_flashsale=1,CASIO 38.6 × 36.3 mm Unisex A168WER-2ADF,Phạm Duy Luân,5
casio-a168wer-2adf-unisex?utm_flashsale=1,CASIO 38.6 × 36.3 mm Unisex A168WER-2ADF,Đỗ Danh Toàn,4
casio-a168wer-2adf-unisex?utm_flashsale=1,CASIO 38.6 × 36.3 mm Unisex A168WER-2ADF,Lương Thị Kim Phụng,5
casio-a168wer-2adf-unisex?utm_flashsale=1,CASIO 38.6 × 36.3 mm Unisex A168WER-2ADF,An,4
casio-a168wer-2adf-unisex?utm_flashsale=1,CASIO 38.6 × 36.3 mm Unisex A168WER-2ADF,Hậu,4
casio-a168wer-2adf-unisex?utm_flashsale=1,CASIO 38.6 × 36.3 mm Unisex A168WER-2ADF,C Ngọc,5
casio-ws-1400h-3avdf-nam?utm_flashsale=1,CASIO 47.2 x 44.5 mm Nam WS-1400H-3AVDF,Phạm Thạch,5
casio-ws-1400h-3avdf-nam?utm_flashsale=1,CASIO 47.2 x 44.5 mm Nam WS-1400H-3AVDF,Lương Thế Phàm,5
casio-ws-1400h-3avdf-nam?utm_flashsale=1,CASIO 47.2 x 44.5 mm Nam WS-1400H-3AVDF,Nguyễn Duy Ngọc,5
casio-ws-1400h-3avdf-nam?utm_flashsale=1,CASIO 47.2 x 44.5 mm Nam WS-1400H-3AVDF,Nguyễn Đức Nghĩa,5
casio-ws-1400h-3avdf-nam?utm_flashsale=1,CASIO 47.2 x 44.5 mm Nam WS-1400H-3AVDF,Hằng,4
casio-ws-1400h-3avdf-nam?utm_flashsale=1,CASIO 47.2 x 44.5 mm Nam WS-1400H-3AVDF,Trung Tính,5
casio-ws-1400h-3avdf-nam?utm_flashsale=1,CASIO 47.2 x 44.5 mm Nam WS-1400H-3AVDF,Võ Quang Hải,5
casio-ws-1400h-3avdf-nam?utm_flashsale=1,CASIO 47.2 x 44.5 mm Nam WS-1400H-3AVDF,Thắng,4
casio-ws-1400h-3avdf-nam?utm_flashsale=1,CASIO 47.2 x 44.5 mm Nam WS-1400H-3AVDF,Hồ Anh Khoa,5
casio-ws-1400h-3avdf-nam?utm_flashsale=1,CASIO 47.2 x 44.5 mm Nam WS-1400H-3AVDF,Đức,4
casio-ws-1400h-3avdf-nam?utm_flashsale=1,CASIO 47.2 x 44.5 mm Nam WS-1400H-3AVDF,Thắng,5
casio-ws-1400h-3avdf-nam?utm_flashsale=1,CASIO 47.2 x 44.5 mm Nam WS-1400H-3AVDF,Lê Đình Mạnh,5
casio-ltp-1169n-7ardf-vang?utm_flashsale=1,CASIO 22 mm Nữ LTP-1169N-7ARDF,Nguyễn Thị Ngọc Thủy,5
casio-ltp-1169n-7ardf-vang?utm_flashsale=1,CASIO 22 mm Nữ LTP-1169N-7ARDF,Lâm Thị Loan Anh,5
casio-ltp-1169n-7ardf-vang?utm_flashsale=1,CASIO 22 mm Nữ LTP-1169N-7ARDF,Hường,5
casio-ltp-1169n-7ardf-vang?utm_flashsale=1,CASIO 22 mm Nữ LTP-1169N-7ARDF,Huỳnh Nhật Sở Quân,5
casio-ltp-1169n-7ardf-vang?utm_flashsale=1,CASIO 22 mm Nữ LTP-1169N-7ARDF,Hứa Văn Thường,5
casio-ltp-1169n-7ardf-vang?utm_flashsale=1,CASIO 22 mm Nữ LTP-1169N-7ARDF,148921 - Trần Đình Tường,1
casio-ltp-1169n-7ardf-vang?utm_flashsale=1,CASIO 22 mm Nữ LTP-1169N-7ARDF,Chị Vân,5
casio-ltp-1169d-7ardf-bac?utm_flashsale=1,CASIO 21 mm Nữ LTP-1169D-7ARDF,Nguyễn Hữu Đức,5
casio-ltp-1169d-7ardf-bac?utm_flashsale=1,CASIO 21 mm Nữ LTP-1169D-7ARDF,My,4
casio-ltp-1169d-7ardf-bac?utm_flashsale=1,CASIO 21 mm Nữ LTP-1169D-7ARDF,Chị Kiều,4
casio-ltp-1169d-7ardf-bac?utm_flashsale=1,CASIO 21 mm Nữ LTP-1169D-7ARDF,Chị Hạnh,5
casio-ltp-1169d-7ardf-bac?utm_flashsale=1,CASIO 21 mm Nữ LTP-1169D-7ARDF,Võ Thùy Như Yến,5
casio-ltp-1169d-7ardf-bac?utm_flashsale=1,CASIO 21 mm Nữ LTP-1169D-7ARDF,Chị Ngát,4
casio-ltp-1169d-7ardf-bac?utm_flashsale=1,CASIO 21 mm Nữ LTP-1169D-7ARDF,129416 - Nguyễn Thanh Trà,5
casio-ltp-1169d-7ardf-bac?utm_flashsale=1,CASIO 21 mm Nữ LTP-1169D-7ARDF,Cô Dung,5
casio-ltp-v007l-9eudf-nu?utm_flashsale=1,CASIO 22 mm Nữ LTP-V007L-9EUDF,Anh Thảo,4
casio-ltp-v007l-9eudf-nu?utm_flashsale=1,CASIO 22 mm Nữ LTP-V007L-9EUDF,Lâm Thị Mỹ Hòa,5
casio-ltp-v007l-9eudf-nu?utm_flashsale=1,CASIO 22 mm Nữ LTP-V007L-9EUDF,Hoàng Anh,4
casio-ltp-v007l-9eudf-nu?utm_flashsale=1,CASIO 22 mm Nữ LTP-V007L-9EUDF,Lê Thị Tuyết Lan,5
casio-ltp-v007l-9eudf-nu?utm_flashsale=1,CASIO 22 mm Nữ LTP-V007L-9EUDF,Trần Thị Tuyết Trinh,5
casio-ltp-v007l-9eudf-nu?utm_flashsale=1,CASIO 22 mm Nữ LTP-V007L-9EUDF,Nguyễn Thị Ngọc Châu,5
casio-ltp-v007l-9eudf-nu?utm_flashsale=1,CASIO 22 mm Nữ LTP-V007L-9EUDF,Diệu,5
casio-ltp-v007l-9eudf-nu?utm_flashsale=1,CASIO 22 mm Nữ LTP-V007L-9EUDF,Nguyễn Thị Tố Xuyên,4
casio-ltp-v007l-9eudf-nu?utm_flashsale=1,CASIO 22 mm Nữ LTP-V007L-9EUDF,Phạm Huyền,5
casio-ltp-v007l-9eudf-nu?utm_flashsale=1,CASIO 22 mm Nữ LTP-V007L-9EUDF,Lê Lan Linh,4
casio-ltp-v007l-9eudf-nu?utm_flashsale=1,CASIO 22 mm Nữ LTP-V007L-9EUDF,Chị Hằng,5
casio-ltp-v007l-9eudf-nu?utm_flashsale=1,CASIO 22 mm Nữ LTP-V007L-9EUDF,Nguyễn Nam,5
casio-ltp-v007l-9eudf-nu?utm_flashsale=1,CASIO 22 mm Nữ LTP-V007L-9EUDF,Hồ Thị Thùy Linh,5
casio-ltp-v007l-9eudf-nu?utm_flashsale=1,CASIO 22 mm Nữ LTP-V007L-9EUDF,Ngô Hoàng Anh,4
casio-ltp-v007l-9eudf-nu?utm_flashsale=1,CASIO 22 mm Nữ LTP-V007L-9EUDF,Bùi Văn Hải,5
casio-ltp-v007l-9eudf-nu?utm_flashsale=1,CASIO 22 mm Nữ LTP-V007L-9EUDF,Diễm,5
casio-ltp-v007l-9eudf-nu?utm_flashsale=1,CASIO 22 mm Nữ LTP-V007L-9EUDF,Chị Linh,4
casio-ltp-v007l-9eudf-nu?utm_flashsale=1,CASIO 22 mm Nữ LTP-V007L-9EUDF,Vũ Thị Phương Thùy,5
casio-ltp-v007l-9eudf-nu?utm_flashsale=1,CASIO 22 mm Nữ LTP-V007L-9EUDF,Đông Phương,5
casio-ltp-v007l-9eudf-nu?utm_flashsale=1,CASIO 22 mm Nữ LTP-V007L-9EUDF,Chị Ánh Hồng,5
casio-ltp-v007l-9eudf-nu?utm_flashsale=1,CASIO 22 mm Nữ LTP-V007L-9EUDF,Anh Thảo,4
casio-ltp-v007l-9eudf-nu?utm_flashsale=1,CASIO 22 mm Nữ LTP-V007L-9EUDF,Lâm Thị Mỹ Hòa,5
casio-ltp-v007l-9eudf-nu?utm_flashsale=1,CASIO 22 mm Nữ LTP-V007L-9EUDF,Hoàng Anh,4
casio-ltp-v007l-9eudf-nu?utm_flashsale=1,CASIO 22 mm Nữ LTP-V007L-9EUDF,Lê Thị Tuyết Lan,5
casio-ltp-v007l-9eudf-nu?utm_flashsale=1,CASIO 22 mm Nữ LTP-V007L-9EUDF,Trần Thị Tuyết Trinh,5
casio-ltp-v007l-9eudf-nu?utm_flashsale=1,CASIO 22 mm Nữ LTP-V007L-9EUDF,Nguyễn Thị Ngọc Châu,5
casio-ltp-v007l-9eudf-nu?utm_flashsale=1,CASIO 22 mm Nữ LTP-V007L-9EUDF,Diệu,5
casio-ltp-v007l-9eudf-nu?utm_flashsale=1,CASIO 22 mm Nữ LTP-V007L-9EUDF,Nguyễn Thị Tố Xuyên,4
casio-ltp-v007l-9eudf-nu?utm_flashsale=1,CASIO 22 mm Nữ LTP-V007L-9EUDF,Phạm Huyền,5
casio-ltp-v007l-9eudf-nu?utm_flashsale=1,CASIO 22 mm Nữ LTP-V007L-9EUDF,Lê Lan Linh,4
casio-ltp-v007l-9eudf-nu?utm_flashsale=1,CASIO 22 mm Nữ LTP-V007L-9EUDF,Chị Hằng,5
casio-ltp-v007l-9eudf-nu?utm_flashsale=1,CASIO 22 mm Nữ LTP-V007L-9EUDF,Nguyễn Nam,5
casio-ltp-v007l-9eudf-nu?utm_flashsale=1,CASIO 22 mm Nữ LTP-V007L-9EUDF,Hồ Thị Thùy Linh,5
casio-ltp-v007l-9eudf-nu?utm_flashsale=1,CASIO 22 mm Nữ LTP-V007L-9EUDF,Ngô Hoàng Anh,4
casio-ltp-v007l-9eudf-nu?utm_flashsale=1,CASIO 22 mm Nữ LTP-V007L-9EUDF,Bùi Văn Hải,5
casio-ltp-v007l-9eudf-nu?utm_flashsale=1,CASIO 22 mm Nữ LTP-V007L-9EUDF,Diễm,5
casio-ltp-v007l-9eudf-nu?utm_flashsale=1,CASIO 22 mm Nữ LTP-V007L-9EUDF,Chị Linh,4
casio-ltp-v007l-9eudf-nu?utm_flashsale=1,CASIO 22 mm Nữ LTP-V007L-9EUDF,Vũ Thị Phương Thùy,5
casio-ltp-v007l-9eudf-nu?utm_flashsale=1,CASIO 22 mm Nữ LTP-V007L-9EUDF,Đông Phương,5
casio-ltp-v007l-9eudf-nu?utm_flashsale=1,CASIO 22 mm Nữ LTP-V007L-9EUDF,Chị Ánh Hồng,5
casio-mtp-1370d-1a1vdf-nam,CASIO 40 mm Nam MTP-1370D-1A1VDF,Trần Trung Hiếu,5
casio-mtp-1370d-1a1vdf-nam,CASIO 40 mm Nam MTP-1370D-1A1VDF,Trương Đức Ánh,1
casio-mtp-1370d-1a1vdf-nam,CASIO 40 mm Nam MTP-1370D-1A1VDF,Dương Thị Thuý Anh,5
casio-mtp-1370d-1a1vdf-nam,CASIO 40 mm Nam MTP-1370D-1A1VDF,Lê Thị Kim Ngọc,5
casio-mtp-1370d-1a1vdf-nam,CASIO 40 mm Nam MTP-1370D-1A1VDF,Huynh Đức,1
casio-mtp-1370d-1a1vdf-nam,CASIO 40 mm Nam MTP-1370D-1A1VDF,A Thuần,5
casio-mtp-1370d-1a1vdf-nam,CASIO 40 mm Nam MTP-1370D-1A1VDF,Le Thi Ngoc Thương,5
casio-mtp-1370d-1a1vdf-nam,CASIO 40 mm Nam MTP-1370D-1A1VDF,NGUYỄN THỊ NHƯ QUỲNH,5
casio-mtp-1370d-1a1vdf-nam,CASIO 40 mm Nam MTP-1370D-1A1VDF,Anh Lương Tuyền Phú,5
casio-mtp-1370d-1a1vdf-nam,CASIO 40 mm Nam MTP-1370D-1A1VDF,Phạm Phú Hoàng Sơn,5
casio-mtp-1370d-1a1vdf-nam,CASIO 40 mm Nam MTP-1370D-1A1VDF,Linh,5
casio-mtp-1370d-1a1vdf-nam,CASIO 40 mm Nam MTP-1370D-1A1VDF,Trần Thuộc Hà,5
casio-mtp-1370d-1a1vdf-nam,CASIO 40 mm Nam MTP-1370D-1A1VDF,Tran Anh Tai,4
casio-mtp-1370d-1a1vdf-nam,CASIO 40 mm Nam MTP-1370D-1A1VDF,Quỳnh,5
casio-mtp-1370d-1a1vdf-nam,CASIO 40 mm Nam MTP-1370D-1A1VDF,Minh Tâm,4
casio-mtp-1370d-7a2vdf-nam,CASIO 40 mm Nam MTP-1370D-7A2VDF,Trần Thị Thuỳ Dung,4
casio-mtp-1370d-7a2vdf-nam,CASIO 40 mm Nam MTP-1370D-7A2VDF,Anh Tùng,5
casio-mtp-1370d-7a2vdf-nam,CASIO 40 mm Nam MTP-1370D-7A2VDF,Nguyễn Thị Ngọc Trinh,5
casio-mtp-1370d-7a2vdf-nam,CASIO 40 mm Nam MTP-1370D-7A2VDF,Trần Đức Anh,4
casio-mtp-1370d-7a2vdf-nam,CASIO 40 mm Nam MTP-1370D-7A2VDF,Triệu Khêm Rith,5
casio-mtp-1370d-7a2vdf-nam,CASIO 40 mm Nam MTP-1370D-7A2VDF,Nguyễn Đức Hoài Nam,5
casio-mtp-1370d-7a2vdf-nam,CASIO 40 mm Nam MTP-1370D-7A2VDF,Lê Khánh Duy,5
casio-mtp-1370d-7a2vdf-nam,CASIO 40 mm Nam MTP-1370D-7A2VDF,Cao Lê Tuấn,5
casio-mtp-1370d-7a2vdf-nam,CASIO 40 mm Nam MTP-1370D-7A2VDF,Hoàng Nghĩa Duy,5
casio-mtp-1370d-7a2vdf-nam,CASIO 40 mm Nam MTP-1370D-7A2VDF,Nguyễn Văn Hiền,5
casio-mtp-1370d-7a2vdf-nam,CASIO 40 mm Nam MTP-1370D-7A2VDF,Anh Quynh,5
casio-mtp-1370d-7a2vdf-nam,CASIO 40 mm Nam MTP-1370D-7A2VDF,Anh Cường,4
casio-mtp-1370d-7a2vdf-nam,CASIO 40 mm Nam MTP-1370D-7A2VDF,Trần Văn Nguyễn,4
casio-mtp-1370d-7a2vdf-nam,CASIO 40 mm Nam MTP-1370D-7A2VDF,Trần Thị Kim Ngọc,4
casio-mtp-1370d-7a2vdf-nam,CASIO 40 mm Nam MTP-1370D-7A2VDF,Nghĩa,4
casio-mtp-1370d-7a2vdf-nam,CASIO 40 mm Nam MTP-1370D-7A2VDF,Thang,5
casio-mtp-1370d-7a2vdf-nam,CASIO 40 mm Nam MTP-1370D-7A2VDF,Thịnh,4
casio-mtp-1370d-7a2vdf-nam,CASIO 40 mm Nam MTP-1370D-7A2VDF,Anh Vương,5
casio-mtp-1370d-7a2vdf-nam,CASIO 40 mm Nam MTP-1370D-7A2VDF,Anh Sỹ,5
casio-mtp-1370d-7a2vdf-nam,CASIO 40 mm Nam MTP-1370D-7A2VDF,Lê Nhật Anh,5
casio-mtp-1370d-7a2vdf-nam,CASIO 40 mm Nam MTP-1370D-7A2VDF,Thời,4
casio-mtp-1370d-7a2vdf-nam,CASIO 40 mm Nam MTP-1370D-7A2VDF,Trần Đức Anh,4
casio-mtp-1370l-1avdf-nam,CASIO 39.8 mm Nam MTP-1370L-1AVDF,Phạm Văn Dương,5
casio-mtp-1370l-1avdf-nam,CASIO 39.8 mm Nam MTP-1370L-1AVDF,Nam,3
casio-mtp-1370l-1avdf-nam,CASIO 39.8 mm Nam MTP-1370L-1AVDF,Vịnh,5
casio-mtp-1370l-1avdf-nam,CASIO 39.8 mm Nam MTP-1370L-1AVDF,DOAN NGOC CHIEN,4
casio-mtp-1370l-1avdf-nam,CASIO 39.8 mm Nam MTP-1370L-1AVDF,Nguyễn Ngọc Anh,3
casio-mtp-1370l-1avdf-nam,CASIO 39.8 mm Nam MTP-1370L-1AVDF,Hà Ngọc Điệp,5
casio-mtp-1370l-1avdf-nam,CASIO 39.8 mm Nam MTP-1370L-1AVDF,Phạm Thanh Sơn,5
casio-mtp-1370l-1avdf-nam,CASIO 39.8 mm Nam MTP-1370L-1AVDF,Trần Duy,5
casio-mtp-1370l-1avdf-nam,CASIO 39.8 mm Nam MTP-1370L-1AVDF,Nguyễn Thịnh,4
casio-mtp-1370l-1avdf-nam,CASIO 39.8 mm Nam MTP-1370L-1AVDF,Anh Ba,5
casio-mtp-1370l-1avdf-nam,CASIO 39.8 mm Nam MTP-1370L-1AVDF,Trung,5
casio-mtp-1370l-1avdf-nam,CASIO 39.8 mm Nam MTP-1370L-1AVDF,Nguyễn Hữu Khiêm,1
casio-mtp-1370l-1avdf-nam,CASIO 39.8 mm Nam MTP-1370L-1AVDF,Trần Nguyễn Thu Trinh,5
casio-mtp-1370l-1avdf-nam,CASIO 39.8 mm Nam MTP-1370L-1AVDF,LÊ VŨ KHOA,3
casio-mtp-1370l-1avdf-nam,CASIO 39.8 mm Nam MTP-1370L-1AVDF,Nguyễn Ngọc Trịnh,5
casio-mtp-1370l-1avdf-nam,CASIO 39.8 mm Nam MTP-1370L-1AVDF,LƯƠNG QUÂN VƯƠNG,4
casio-mtp-1370l-1avdf-nam,CASIO 39.8 mm Nam MTP-1370L-1AVDF,Nguyễn Hoàng Anh Vũ,5
casio-mtp-1370l-1avdf-nam,CASIO 39.8 mm Nam MTP-1370L-1AVDF,Nguyễn Bá Dưỡng,4
casio-mtp-1370l-1avdf-nam,CASIO 39.8 mm Nam MTP-1370L-1AVDF,HỒ THANH TÂM,5
casio-mtp-1370l-1avdf-nam,CASIO 39.8 mm Nam MTP-1370L-1AVDF,Nguyễn Minh Phúc,4
dong-ho-unisex-casio-f-91wm-7adf?utm_flashsale=1,CASIO 33 mm Unisex F-91WM-7ADF,Trần Tuấn An,4
dong-ho-unisex-casio-f-91wm-7adf?utm_flashsale=1,CASIO 33 mm Unisex F-91WM-7ADF,Đoàn Văn Điền,5
dong-ho-unisex-casio-f-91wm-7adf?utm_flashsale=1,CASIO 33 mm Unisex F-91WM-7ADF,Trần Nguyễn Tố Tâm,5
dong-ho-unisex-casio-f-91wm-7adf?utm_flashsale=1,CASIO 33 mm Unisex F-91WM-7ADF,Võ Đức Thành,5
dong-ho-unisex-casio-f-91wm-7adf?utm_flashsale=1,CASIO 33 mm Unisex F-91WM-7ADF,Bảo,4
dong-ho-unisex-casio-f-91wm-7adf?utm_flashsale=1,CASIO 33 mm Unisex F-91WM-7ADF,Tuyến,5
dong-ho-unisex-casio-f-91wm-7adf?utm_flashsale=1,CASIO 33 mm Unisex F-91WM-7ADF,Thắng,5
dong-ho-unisex-casio-f-91wm-7adf?utm_flashsale=1,CASIO 33 mm Unisex F-91WM-7ADF,Phạm Thị Kim Hồng,5
dong-ho-unisex-casio-f-91wm-7adf?utm_flashsale=1,CASIO 33 mm Unisex F-91WM-7ADF,Thiệu Thy Sỹ,5
dong-ho-unisex-casio-f-91wm-7adf?utm_flashsale=1,CASIO 33 mm Unisex F-91WM-7ADF,Lê Trung Kiên,5
dong-ho-unisex-casio-f-91wm-7adf?utm_flashsale=1,CASIO 33 mm Unisex F-91WM-7ADF,Phan Hào Nam,5
dong-ho-unisex-casio-f-91wm-7adf?utm_flashsale=1,CASIO 33 mm Unisex F-91WM-7ADF,Bùi Mạc Thứ,5
dong-ho-unisex-casio-f-91wm-7adf?utm_flashsale=1,CASIO 33 mm Unisex F-91WM-7ADF,Du,4
dong-ho-unisex-casio-f-91wm-7adf?utm_flashsale=1,CASIO 33 mm Unisex F-91WM-7ADF,Dũng,5
dong-ho-unisex-casio-f-91wm-7adf?utm_flashsale=1,CASIO 33 mm Unisex F-91WM-7ADF,Tùng,5
dong-ho-unisex-casio-f-91wm-7adf?utm_flashsale=1,CASIO 33 mm Unisex F-91WM-7ADF,Trần Thị Thuỷ,5
dong-ho-unisex-casio-f-91wm-7adf?utm_flashsale=1,CASIO 33 mm Unisex F-91WM-7ADF,Nguyen,5
dong-ho-unisex-casio-f-91wm-7adf?utm_flashsale=1,CASIO 33 mm Unisex F-91WM-7ADF,Anh Thể,4
dong-ho-unisex-casio-f-91wm-7adf?utm_flashsale=1,CASIO 33 mm Unisex F-91WM-7ADF,Lê Anh Tuấn,5
dong-ho-unisex-casio-f-91wm-7adf?utm_flashsale=1,CASIO 33 mm Unisex F-91WM-7ADF,Nguyễn Nam,4
dong-ho-unisex-casio-f-91wm-7adf?utm_flashsale=1,CASIO 33 mm Unisex F-91WM-7ADF,Trần Tuấn An,4
dong-ho-unisex-casio-f-91wm-7adf?utm_flashsale=1,CASIO 33 mm Unisex F-91WM-7ADF,Đoàn Văn Điền,5
dong-ho-unisex-casio-f-91wm-7adf?utm_flashsale=1,CASIO 33 mm Unisex F-91WM-7ADF,Trần Nguyễn Tố Tâm,5
dong-ho-unisex-casio-f-91wm-7adf?utm_flashsale=1,CASIO 33 mm Unisex F-91WM-7ADF,Võ Đức Thành,5
dong-ho-unisex-casio-f-91wm-7adf?utm_flashsale=1,CASIO 33 mm Unisex F-91WM-7ADF,Bảo,4
dong-ho-unisex-casio-f-91wm-7adf?utm_flashsale=1,CASIO 33 mm Unisex F-91WM-7ADF,Tuyến,5
dong-ho-unisex-casio-f-91wm-7adf?utm_flashsale=1,CASIO 33 mm Unisex F-91WM-7ADF,Thắng,5
dong-ho-unisex-casio-f-91wm-7adf?utm_flashsale=1,CASIO 33 mm Unisex F-91WM-7ADF,Phạm Thị Kim Hồng,5
dong-ho-unisex-casio-f-91wm-7adf?utm_flashsale=1,CASIO 33 mm Unisex F-91WM-7ADF,Thiệu Thy Sỹ,5
dong-ho-unisex-casio-f-91wm-7adf?utm_flashsale=1,CASIO 33 mm Unisex F-91WM-7ADF,Lê Trung Kiên,5
dong-ho-unisex-casio-f-91wm-7adf?utm_flashsale=1,CASIO 33 mm Unisex F-91WM-7ADF,Phan Hào Nam,5
dong-ho-unisex-casio-f-91wm-7adf?utm_flashsale=1,CASIO 33 mm Unisex F-91WM-7ADF,Bùi Mạc Thứ,5
dong-ho-unisex-casio-f-91wm-7adf?utm_flashsale=1,CASIO 33 mm Unisex F-91WM-7ADF,Du,4
dong-ho-unisex-casio-f-91wm-7adf?utm_flashsale=1,CASIO 33 mm Unisex F-91WM-7ADF,Dũng,5
dong-ho-unisex-casio-f-91wm-7adf?utm_flashsale=1,CASIO 33 mm Unisex F-91WM-7ADF,Tùng,5
dong-ho-unisex-casio-f-91wm-7adf?utm_flashsale=1,CASIO 33 mm Unisex F-91WM-7ADF,Trần Thị Thuỷ,5
dong-ho-unisex-casio-f-91wm-7adf?utm_flashsale=1,CASIO 33 mm Unisex F-91WM-7ADF,Nguyen,5
dong-ho-unisex-casio-f-91wm-7adf?utm_flashsale=1,CASIO 33 mm Unisex F-91WM-7ADF,Anh Thể,4
dong-ho-unisex-casio-f-91wm-7adf?utm_flashsale=1,CASIO 33 mm Unisex F-91WM-7ADF,Lê Anh Tuấn,5
dong-ho-unisex-casio-f-91wm-7adf?utm_flashsale=1,CASIO 33 mm Unisex F-91WM-7ADF,Nguyễn Nam,4
dong-ho-unisex-casio-f-91wm-7adf?utm_flashsale=1,CASIO 33 mm Unisex F-91WM-7ADF,Trần Tuấn An,4
casio-aeq-120w-9avdf-nam,CASIO 52 mm Nam AEQ-120W-9AVDF,Lê Trọng Trực,5
casio-aeq-120w-9avdf-nam,CASIO 52 mm Nam AEQ-120W-9AVDF,Nguyen Hoàng Thảo,5
casio-aeq-120w-9avdf-nam,CASIO 52 mm Nam AEQ-120W-9AVDF,Cao Đức Dương,5
casio-aeq-120w-9avdf-nam,CASIO 52 mm Nam AEQ-120W-9AVDF,Kim Văn Thảo,5
casio-aeq-120w-9avdf-nam,CASIO 52 mm Nam AEQ-120W-9AVDF,Lê Liễu,5
casio-aeq-120w-9avdf-nam,CASIO 52 mm Nam AEQ-120W-9AVDF,Nguyễn Anh Tuấn,5
casio-aeq-120w-9avdf-nam,CASIO 52 mm Nam AEQ-120W-9AVDF,Phạm Thị Lan,5
casio-aeq-120w-9avdf-nam,CASIO 52 mm Nam AEQ-120W-9AVDF,Em Tâm.,5
casio-aeq-120w-9avdf-nam,CASIO 52 mm Nam AEQ-120W-9AVDF,Thêu,5
casio-aeq-120w-9avdf-nam,CASIO 52 mm Nam AEQ-120W-9AVDF,LÝ GIA QUYỀN,5
casio-aeq-120w-9avdf-nam,CASIO 52 mm Nam AEQ-120W-9AVDF,Anh Minh,4
casio-aeq-120w-9avdf-nam,CASIO 52 mm Nam AEQ-120W-9AVDF,Sang,4
casio-aeq-120w-9avdf-nam,CASIO 52 mm Nam AEQ-120W-9AVDF,Thanh Duy,5
casio-aeq-120w-9avdf-nam,CASIO 52 mm Nam AEQ-120W-9AVDF,Chị Thuỷ,5
casio-hda-600b-1bvdf-den?utm_flashsale=1,CASIO 39 mm Nam HDA-600B-1BVDF,Quốc,5
casio-hda-600b-1bvdf-den?utm_flashsale=1,CASIO 39 mm Nam HDA-600B-1BVDF,Nguyễn Văn Tiến,5
casio-hda-600b-1bvdf-den?utm_flashsale=1,CASIO 39 mm Nam HDA-600B-1BVDF,Duong Hoang Quốc Tuấn,5
casio-hda-600b-1bvdf-den?utm_flashsale=1,CASIO 39 mm Nam HDA-600B-1BVDF,Tuấn Lưu,5
casio-hda-600b-1bvdf-den?utm_flashsale=1,CASIO 39 mm Nam HDA-600B-1BVDF,Nguyễn Thị Nghĩa,3
casio-hda-600b-1bvdf-den?utm_flashsale=1,CASIO 39 mm Nam HDA-600B-1BVDF,Đinh Văn Ba,5
casio-hda-600b-1bvdf-den?utm_flashsale=1,CASIO 39 mm Nam HDA-600B-1BVDF,Trần Mạnh Khang,5
casio-hda-600b-1bvdf-den?utm_flashsale=1,CASIO 39 mm Nam HDA-600B-1BVDF,Triệu Thị Tú Văn,5
casio-hda-600b-1bvdf-den?utm_flashsale=1,CASIO 39 mm Nam HDA-600B-1BVDF,Dương,4
casio-hda-600b-1bvdf-den?utm_flashsale=1,CASIO 39 mm Nam HDA-600B-1BVDF,Lê Chí Hiếu,4
casio-hda-600b-1bvdf-den?utm_flashsale=1,CASIO 39 mm Nam HDA-600B-1BVDF,Nguyễn Ỷojng Thu,3
casio-hda-600b-1bvdf-den?utm_flashsale=1,CASIO 39 mm Nam HDA-600B-1BVDF,Hiệp,5
casio-hda-600b-1bvdf-den?utm_flashsale=1,CASIO 39 mm Nam HDA-600B-1BVDF,Huỳnh Dàng,5
casio-hda-600b-1bvdf-den?utm_flashsale=1,CASIO 39 mm Nam HDA-600B-1BVDF,VI VĂN KỲ,4
casio-hda-600b-1bvdf-den?utm_flashsale=1,CASIO 39 mm Nam HDA-600B-1BVDF,Hưng,4
casio-hda-600b-1bvdf-den?utm_flashsale=1,CASIO 39 mm Nam HDA-600B-1BVDF,Phạm Thanh,5
casio-aeq-120w-2avdf-nam?utm_flashsale=1,CASIO 51 mm Nam AEQ-120W-2AVDF,Hoàng Thị Giang Thanh,4
casio-aeq-120w-2avdf-nam?utm_flashsale=1,CASIO 51 mm Nam AEQ-120W-2AVDF,Nguyen The Hung,3
casio-aeq-120w-2avdf-nam?utm_flashsale=1,CASIO 51 mm Nam AEQ-120W-2AVDF,Trần Xuan Lâm,5
casio-aeq-120w-2avdf-nam?utm_flashsale=1,CASIO 51 mm Nam AEQ-120W-2AVDF,Nguyễn Bá Quân,4
casio-aeq-120w-2avdf-nam?utm_flashsale=1,CASIO 51 mm Nam AEQ-120W-2AVDF,Lê Văn Trường,5
casio-aeq-120w-2avdf-nam?utm_flashsale=1,CASIO 51 mm Nam AEQ-120W-2AVDF,Anh Sang,5
casio-aeq-120w-2avdf-nam?utm_flashsale=1,CASIO 51 mm Nam AEQ-120W-2AVDF,Việt Anh,3
casio-aeq-120w-2avdf-nam?utm_flashsale=1,CASIO 51 mm Nam AEQ-120W-2AVDF,Ngô Tấn Đang,5
casio-aeq-120w-2avdf-nam?utm_flashsale=1,CASIO 51 mm Nam AEQ-120W-2AVDF,A Kha,4
casio-aeq-120w-2avdf-nam?utm_flashsale=1,CASIO 51 mm Nam AEQ-120W-2AVDF,Anh Hùng,3
casio-aeq-120w-2avdf-nam?utm_flashsale=1,CASIO 51 mm Nam AEQ-120W-2AVDF,Bùi Văn Trung,2
casio-aeq-120w-2avdf-nam?utm_flashsale=1,CASIO 51 mm Nam AEQ-120W-2AVDF,Việt,5
casio-aeq-120w-2avdf-nam?utm_flashsale=1,CASIO 51 mm Nam AEQ-120W-2AVDF,Anh Nam,4
casio-aeq-120w-2avdf-nam?utm_flashsale=1,CASIO 51 mm Nam AEQ-120W-2AVDF,Lê Quang Vinh,5
casio-w-219h-2avdf-nam?utm_flashsale=1,CASIO 47 mm Nam W-219H-2AVDF,Chị Nhung,4
casio-w-219h-2avdf-nam?utm_flashsale=1,CASIO 47 mm Nam W-219H-2AVDF,Trần Thị Hồng Loan,4
casio-w-219h-2avdf-nam?utm_flashsale=1,CASIO 47 mm Nam W-219H-2AVDF,Thu Hồng,4
casio-w-219h-2avdf-nam?utm_flashsale=1,CASIO 47 mm Nam W-219H-2AVDF,Dương Du,5
casio-w-219h-2avdf-nam?utm_flashsale=1,CASIO 47 mm Nam W-219H-2AVDF,NGUYỄN THỊ MỸ XUYÊN,5
casio-w-219h-2avdf-nam?utm_flashsale=1,CASIO 47 mm Nam W-219H-2AVDF,Phạm Thị Hồng Nhung,5
casio-w-219h-2avdf-nam?utm_flashsale=1,CASIO 47 mm Nam W-219H-2AVDF,Tâm Thanh Tâm,5
casio-w-219h-2avdf-nam?utm_flashsale=1,CASIO 47 mm Nam W-219H-2AVDF,NGUYỄN THỊ MỸ XUYÊN,5
casio-w-219h-2avdf-nam?utm_flashsale=1,CASIO 47 mm Nam W-219H-2AVDF,Nguyễn Thị Mỹ Xương,4
casio-w-219h-2avdf-nam?utm_flashsale=1,CASIO 47 mm Nam W-219H-2AVDF,Anh Nhã,5
casio-w-219h-2avdf-nam?utm_flashsale=1,CASIO 47 mm Nam W-219H-2AVDF,Nguyễn Thị Thu Giang,4
casio-w-219h-2avdf-nam?utm_flashsale=1,CASIO 47 mm Nam W-219H-2AVDF,Nguyễn Quang Đạt,5
casio-w-219h-2avdf-nam?utm_flashsale=1,CASIO 47 mm Nam W-219H-2AVDF,Nguyễn Văn Sơn,3
casio-w-219h-2avdf-nam?utm_flashsale=1,CASIO 47 mm Nam W-219H-2AVDF,Anh Khang,5
casio-mtp-vt01gl-1b2udf-nam?utm_flashsale=1,CASIO 40 mm Nam MTP-VT01GL-1B2UDF,Anh Thinh,4
casio-mtp-vt01gl-1b2udf-nam?utm_flashsale=1,CASIO 40 mm Nam MTP-VT01GL-1B2UDF,Đỗ Thị Tố Khuyên,5
casio-mtp-vt01gl-1b2udf-nam?utm_flashsale=1,CASIO 40 mm Nam MTP-VT01GL-1B2UDF,Lê Quốc Duy,5
casio-mtp-vt01gl-1b2udf-nam?utm_flashsale=1,CASIO 40 mm Nam MTP-VT01GL-1B2UDF,Đoàn Thúy Hương,5
casio-mtp-vt01gl-1b2udf-nam?utm_flashsale=1,CASIO 40 mm Nam MTP-VT01GL-1B2UDF,Nguyen Hong Son,5
casio-mtp-vt01gl-1b2udf-nam?utm_flashsale=1,CASIO 40 mm Nam MTP-VT01GL-1B2UDF,TRUONG THI THU QUYEN,5
casio-mtp-vt01gl-1b2udf-nam?utm_flashsale=1,CASIO 40 mm Nam MTP-VT01GL-1B2UDF,Nguyễn Thị Như Quỳnh,5
casio-mtp-vt01gl-1b2udf-nam?utm_flashsale=1,CASIO 40 mm Nam MTP-VT01GL-1B2UDF,Duong Ni Xây,4
casio-mtp-vt01gl-1b2udf-nam?utm_flashsale=1,CASIO 40 mm Nam MTP-VT01GL-1B2UDF,Phan Thị Ngọc Liên,5
casio-w-96h-1bvdf-nam?utm_flashsale=1,CASIO 35.7 mm Nam W-96H-1BVDF,Anh Nhật,5
casio-w-96h-1bvdf-nam?utm_flashsale=1,CASIO 35.7 mm Nam W-96H-1BVDF,Bá Trung Án,3
casio-w-96h-1bvdf-nam?utm_flashsale=1,CASIO 35.7 mm Nam W-96H-1BVDF,Nhựt,5
casio-w-96h-1bvdf-nam?utm_flashsale=1,CASIO 35.7 mm Nam W-96H-1BVDF,Trần Thanh Nghĩa,4
casio-w-96h-1bvdf-nam?utm_flashsale=1,CASIO 35.7 mm Nam W-96H-1BVDF,Chú Phương,5
casio-w-96h-1bvdf-nam?utm_flashsale=1,CASIO 35.7 mm Nam W-96H-1BVDF,Chị Giàu,5
casio-w-96h-1bvdf-nam?utm_flashsale=1,CASIO 35.7 mm Nam W-96H-1BVDF,Đỗ Đăng Vũ,4
casio-w-96h-1bvdf-nam?utm_flashsale=1,CASIO 35.7 mm Nam W-96H-1BVDF,Anh Trọng,5
casio-w-96h-1bvdf-nam?utm_flashsale=1,CASIO 35.7 mm Nam W-96H-1BVDF,Hoàng Văn Hảo,3
casio-w-96h-1bvdf-nam?utm_flashsale=1,CASIO 35.7 mm Nam W-96H-1BVDF,Kỳ,5
casio-w-96h-1bvdf-nam?utm_flashsale=1,CASIO 35.7 mm Nam W-96H-1BVDF,Nguyễn Thành Bảo,5
casio-w-96h-1bvdf-nam?utm_flashsale=1,CASIO 35.7 mm Nam W-96H-1BVDF,Đạt,3
casio-w-96h-1bvdf-nam?utm_flashsale=1,CASIO 35.7 mm Nam W-96H-1BVDF,Nguyễn Duy Tân,5
casio-w-96h-1bvdf-nam?utm_flashsale=1,CASIO 35.7 mm Nam W-96H-1BVDF,Bích Chăm,5
casio-w-96h-1bvdf-nam?utm_flashsale=1,CASIO 35.7 mm Nam W-96H-1BVDF,Phan Hải Âu,5
casio-w-96h-1bvdf-nam?utm_flashsale=1,CASIO 35.7 mm Nam W-96H-1BVDF,Hoàng,5
casio-w-96h-1bvdf-nam?utm_flashsale=1,CASIO 35.7 mm Nam W-96H-1BVDF,Anh Dương,5
casio-w-96h-1bvdf-nam?utm_flashsale=1,CASIO 35.7 mm Nam W-96H-1BVDF,Nguyễn Định,5
casio-w-96h-1bvdf-nam?utm_flashsale=1,CASIO 35.7 mm Nam W-96H-1BVDF,Nguyen Nhu Duong,4
casio-w-96h-1bvdf-nam?utm_flashsale=1,CASIO 35.7 mm Nam W-96H-1BVDF,SẦM VĂN HƯNG,5
casio-w-96h-1bvdf-nam?utm_flashsale=1,CASIO 35.7 mm Nam W-96H-1BVDF,Anh Nhật,5
casio-w-96h-1bvdf-nam?utm_flashsale=1,CASIO 35.7 mm Nam W-96H-1BVDF,Bá Trung Án,3
casio-w-96h-1bvdf-nam?utm_flashsale=1,CASIO 35.7 mm Nam W-96H-1BVDF,Nhựt,5
casio-w-96h-1bvdf-nam?utm_flashsale=1,CASIO 35.7 mm Nam W-96H-1BVDF,Trần Thanh Nghĩa,4
casio-w-96h-1bvdf-nam?utm_flashsale=1,CASIO 35.7 mm Nam W-96H-1BVDF,Chú Phương,5
casio-w-96h-1bvdf-nam?utm_flashsale=1,CASIO 35.7 mm Nam W-96H-1BVDF,Chị Giàu,5
casio-w-96h-1bvdf-nam?utm_flashsale=1,CASIO 35.7 mm Nam W-96H-1BVDF,Đỗ Đăng Vũ,4
casio-w-96h-1bvdf-nam?utm_flashsale=1,CASIO 35.7 mm Nam W-96H-1BVDF,Anh Trọng,5
casio-w-96h-1bvdf-nam?utm_flashsale=1,CASIO 35.7 mm Nam W-96H-1BVDF,Hoàng Văn Hảo,3
casio-w-96h-1bvdf-nam?utm_flashsale=1,CASIO 35.7 mm Nam W-96H-1BVDF,Kỳ,5
casio-w-96h-1bvdf-nam?utm_flashsale=1,CASIO 35.7 mm Nam W-96H-1BVDF,Nguyễn Thành Bảo,5
casio-w-96h-1bvdf-nam?utm_flashsale=1,CASIO 35.7 mm Nam W-96H-1BVDF,Đạt,3
casio-w-96h-1bvdf-nam?utm_flashsale=1,CASIO 35.7 mm Nam W-96H-1BVDF,Nguyễn Duy Tân,5
casio-w-96h-1bvdf-nam?utm_flashsale=1,CASIO 35.7 mm Nam W-96H-1BVDF,Bích Chăm,5
casio-w-96h-1bvdf-nam?utm_flashsale=1,CASIO 35.7 mm Nam W-96H-1BVDF,Phan Hải Âu,5
casio-w-96h-1bvdf-nam?utm_flashsale=1,CASIO 35.7 mm Nam W-96H-1BVDF,Hoàng,5
casio-w-96h-1bvdf-nam?utm_flashsale=1,CASIO 35.7 mm Nam W-96H-1BVDF,Anh Dương,5
casio-w-96h-1bvdf-nam?utm_flashsale=1,CASIO 35.7 mm Nam W-96H-1BVDF,Nguyễn Định,5
casio-w-96h-1bvdf-nam?utm_flashsale=1,CASIO 35.7 mm Nam W-96H-1BVDF,Nguyen Nhu Duong,4
casio-w-96h-1bvdf-nam?utm_flashsale=1,CASIO 35.7 mm Nam W-96H-1BVDF,SẦM VĂN HƯNG,5
casio-hdc-700-9avdf-den,Casio HDC-700-9AVDF - Nam,Nguyễn Văn Sỹ,4
casio-hdc-700-9avdf-den,Casio HDC-700-9AVDF - Nam,Mẫn,5
casio-hdc-700-9avdf-den,Casio HDC-700-9AVDF - Nam,158284 - Nguyễn Chí Dững,4
casio-hdc-700-9avdf-den,Casio HDC-700-9AVDF - Nam,Võ Nhiệm Tường Vi,5
casio-hdc-700-9avdf-den,Casio HDC-700-9AVDF - Nam,Phụng,5
casio-hdc-700-9avdf-den,Casio HDC-700-9AVDF - Nam,Võ Bách Tùng,2
casio-hdc-700-9avdf-den,Casio HDC-700-9AVDF - Nam,Tiến,4
casio-hdc-700-9avdf-den,Casio HDC-700-9AVDF - Nam,Hồ A Thào,4
casio-mtp-vd03l-1audf-nam?utm_flashsale=1,CASIO 41 mm Nam MTP-VD03L-1AUDF,Phạm Ngọc Bích Kiều,5
casio-mtp-vd03l-1audf-nam?utm_flashsale=1,CASIO 41 mm Nam MTP-VD03L-1AUDF,Lâm Phạm Thủy Tiên,4
casio-mtp-vd03l-1audf-nam?utm_flashsale=1,CASIO 41 mm Nam MTP-VD03L-1AUDF,TRAN THI KIM LINH,5
casio-mtp-vd03l-1audf-nam?utm_flashsale=1,CASIO 41 mm Nam MTP-VD03L-1AUDF,Ksor Alul,5
casio-mtp-vd03l-1audf-nam?utm_flashsale=1,CASIO 41 mm Nam MTP-VD03L-1AUDF,Thanh Thuý,5
casio-mtp-vd03l-1audf-nam?utm_flashsale=1,CASIO 41 mm Nam MTP-VD03L-1AUDF,Thạch Thị Thủy,5
casio-mtp-vd03l-1audf-nam?utm_flashsale=1,CASIO 41 mm Nam MTP-VD03L-1AUDF,Nguyễn Thị Thanh Thảo,4
casio-mtp-vd03l-1audf-nam?utm_flashsale=1,CASIO 41 mm Nam MTP-VD03L-1AUDF,Sang,5
casio-mtp-vd03d-7audf-nam,CASIO 41 mm Nam MTP-VD03D-7AUDF,VÕ HOÀNG KHANG,5
casio-mtp-vd03d-7audf-nam,CASIO 41 mm Nam MTP-VD03D-7AUDF,Nguyễn Thị Thu Mai,5
casio-mtp-vd03d-7audf-nam,CASIO 41 mm Nam MTP-VD03D-7AUDF,Cô Nhung,4
casio-mtp-vd03d-7audf-nam,CASIO 41 mm Nam MTP-VD03D-7AUDF,Thái Anh Kiệt,5
casio-mtp-vd03d-7audf-nam,CASIO 41 mm Nam MTP-VD03D-7AUDF,Đỗ Thanh Nhãn,4
casio-mtp-vd03d-7audf-nam,CASIO 41 mm Nam MTP-VD03D-7AUDF,Lê Quốc Thái,5
casio-mtp-vd03d-7audf-nam,CASIO 41 mm Nam MTP-VD03D-7AUDF,Vân,5
casio-mtp-vd03d-7audf-nam,CASIO 41 mm Nam MTP-VD03D-7AUDF,Võ Thị Bích Trâm,5
casio-mtp-vd03d-7audf-nam,CASIO 41 mm Nam MTP-VD03D-7AUDF,CÙ HƯƠNG THẢO,4
casio-mtp-vd03l-5audf-nam?utm_flashsale=1,CASIO 41 mm Nam MTP-VD03L-5AUDF,Vũ Thị Thúy,5
casio-mtp-vd03l-5audf-nam?utm_flashsale=1,CASIO 41 mm Nam MTP-VD03L-5AUDF,Le Quang Ngoc,5
casio-mtp-vd03l-5audf-nam?utm_flashsale=1,CASIO 41 mm Nam MTP-VD03L-5AUDF,Chú Chánh,5
casio-mtp-vd03l-5audf-nam?utm_flashsale=1,CASIO 41 mm Nam MTP-VD03L-5AUDF,Nguyễn Trọng Hiếu,4
casio-mtp-vd03l-5audf-nam?utm_flashsale=1,CASIO 41 mm Nam MTP-VD03L-5AUDF,TRẦN VIẾT HƯƠNG,4
casio-mtp-vd03l-5audf-nam?utm_flashsale=1,CASIO 41 mm Nam MTP-VD03L-5AUDF,Trần Văn Tây,4
casio-mtp-vd03l-5audf-nam?utm_flashsale=1,CASIO 41 mm Nam MTP-VD03L-5AUDF,Trần Thuỳ Linh,4
casio-mtp-vd03b-1audf-nam,CASIO 41 mm Nam MTP-VD03B-1AUDF,Nguyen Ngoc Tuan,5
casio-mtp-vd03b-1audf-nam,CASIO 41 mm Nam MTP-VD03B-1AUDF,Anh Vương,4
casio-mtp-vd03b-1audf-nam,CASIO 41 mm Nam MTP-VD03B-1AUDF,Nguyễn Thanh Nam,4
casio-mtp-vd03b-1audf-nam,CASIO 41 mm Nam MTP-VD03B-1AUDF,Nguyễn Lan Phương,5
casio-mtp-vd03b-1audf-nam,CASIO 41 mm Nam MTP-VD03B-1AUDF,Nguyễn Văn Phương,4
dong-ho-nam-casio-f-91wm-9adf?utm_flashsale=1,CASIO 33 mm Nam F-91WM-9ADF,Kha,5
dong-ho-nam-casio-f-91wm-9adf?utm_flashsale=1,CASIO 33 mm Nam F-91WM-9ADF,Lê Hiếu,5
dong-ho-nam-casio-f-91wm-9adf?utm_flashsale=1,CASIO 33 mm Nam F-91WM-9ADF,Thuần,5
dong-ho-nam-casio-f-91wm-9adf?utm_flashsale=1,CASIO 33 mm Nam F-91WM-9ADF,Félix Mégret,5
dong-ho-nam-casio-f-91wm-9adf?utm_flashsale=1,CASIO 33 mm Nam F-91WM-9ADF,Trần Tiến Đạt,4
dong-ho-nam-casio-f-91wm-9adf?utm_flashsale=1,CASIO 33 mm Nam F-91WM-9ADF,Lê Huy Hoạt,4
dong-ho-nam-casio-f-91wm-9adf?utm_flashsale=1,CASIO 33 mm Nam F-91WM-9ADF,Dzung,5
dong-ho-nam-casio-f-91wm-9adf?utm_flashsale=1,CASIO 33 mm Nam F-91WM-9ADF,Trần Ngọc Triều,5
dong-ho-nam-casio-f-91wm-9adf?utm_flashsale=1,CASIO 33 mm Nam F-91WM-9ADF,Hùng,5
dong-ho-nam-casio-f-91wm-9adf?utm_flashsale=1,CASIO 33 mm Nam F-91WM-9ADF,Lai,4
dong-ho-nam-casio-f-91wm-9adf?utm_flashsale=1,CASIO 33 mm Nam F-91WM-9ADF,Võ Minh Quân,4
dong-ho-nam-casio-f-91wm-9adf?utm_flashsale=1,CASIO 33 mm Nam F-91WM-9ADF,Nguyễn Thị Thúy Liễu,5
dong-ho-nam-casio-f-91wm-9adf?utm_flashsale=1,CASIO 33 mm Nam F-91WM-9ADF,Hồ Ba Nam,4
dong-ho-nam-casio-f-91wm-9adf?utm_flashsale=1,CASIO 33 mm Nam F-91WM-9ADF,195032 - Bùi Hoàng Phúc,5
dong-ho-nam-casio-f-91wm-9adf?utm_flashsale=1,CASIO 33 mm Nam F-91WM-9ADF,Thanh,4
dong-ho-nam-casio-f-91wm-9adf?utm_flashsale=1,CASIO 33 mm Nam F-91WM-9ADF,Lê Minh Sơn,2
dong-ho-nam-casio-f-91wm-9adf?utm_flashsale=1,CASIO 33 mm Nam F-91WM-9ADF,Nguyễn Thị Hồng Hạnh,5
dong-ho-nam-casio-f-91wm-9adf?utm_flashsale=1,CASIO 33 mm Nam F-91WM-9ADF,Lê Hải Nam,5
dong-ho-nam-casio-f-91wm-9adf?utm_flashsale=1,CASIO 33 mm Nam F-91WM-9ADF,Tạ Đăng Thanh,5
dong-ho-nam-casio-f-91wm-9adf?utm_flashsale=1,CASIO 33 mm Nam F-91WM-9ADF,Võ Ngọc Hùng,4
dong-ho-nam-casio-f-91wm-9adf?utm_flashsale=1,CASIO 33 mm Nam F-91WM-9ADF,Kha,5
dong-ho-nam-casio-f-91wm-9adf?utm_flashsale=1,CASIO 33 mm Nam F-91WM-9ADF,Lê Hiếu,5
dong-ho-nam-casio-f-91wm-9adf?utm_flashsale=1,CASIO 33 mm Nam F-91WM-9ADF,Thuần,5
dong-ho-nam-casio-f-91wm-9adf?utm_flashsale=1,CASIO 33 mm Nam F-91WM-9ADF,Félix Mégret,5
dong-ho-nam-casio-f-91wm-9adf?utm_flashsale=1,CASIO 33 mm Nam F-91WM-9ADF,Trần Tiến Đạt,4
dong-ho-nam-casio-f-91wm-9adf?utm_flashsale=1,CASIO 33 mm Nam F-91WM-9ADF,Lê Huy Hoạt,4
dong-ho-nam-casio-f-91wm-9adf?utm_flashsale=1,CASIO 33 mm Nam F-91WM-9ADF,Dzung,5
dong-ho-nam-casio-f-91wm-9adf?utm_flashsale=1,CASIO 33 mm Nam F-91WM-9ADF,Trần Ngọc Triều,5
dong-ho-nam-casio-f-91wm-9adf?utm_flashsale=1,CASIO 33 mm Nam F-91WM-9ADF,Hùng,5
dong-ho-nam-casio-f-91wm-9adf?utm_flashsale=1,CASIO 33 mm Nam F-91WM-9ADF,Lai,4
dong-ho-nam-casio-f-91wm-9adf?utm_flashsale=1,CASIO 33 mm Nam F-91WM-9ADF,Võ Minh Quân,4
dong-ho-nam-casio-f-91wm-9adf?utm_flashsale=1,CASIO 33 mm Nam F-91WM-9ADF,Nguyễn Thị Thúy Liễu,5
dong-ho-nam-casio-f-91wm-9adf?utm_flashsale=1,CASIO 33 mm Nam F-91WM-9ADF,Hồ Ba Nam,4
dong-ho-nam-casio-f-91wm-9adf?utm_flashsale=1,CASIO 33 mm Nam F-91WM-9ADF,195032 - Bùi Hoàng Phúc,5
dong-ho-nam-casio-f-91wm-9adf?utm_flashsale=1,CASIO 33 mm Nam F-91WM-9ADF,Thanh,4
dong-ho-nam-casio-f-91wm-9adf?utm_flashsale=1,CASIO 33 mm Nam F-91WM-9ADF,Lê Minh Sơn,2
dong-ho-nam-casio-f-91wm-9adf?utm_flashsale=1,CASIO 33 mm Nam F-91WM-9ADF,Nguyễn Thị Hồng Hạnh,5
dong-ho-nam-casio-f-91wm-9adf?utm_flashsale=1,CASIO 33 mm Nam F-91WM-9ADF,Lê Hải Nam,5
dong-ho-nam-casio-f-91wm-9adf?utm_flashsale=1,CASIO 33 mm Nam F-91WM-9ADF,Tạ Đăng Thanh,5
dong-ho-nam-casio-f-91wm-9adf?utm_flashsale=1,CASIO 33 mm Nam F-91WM-9ADF,Võ Ngọc Hùng,4
casio-aeq-110w-1avdf-den?utm_flashsale=1,CASIO 45.5 mm Nam AEQ-110W-1AVDF,Nguyễn Thị Nhiễn,3
casio-aeq-110w-1avdf-den?utm_flashsale=1,CASIO 45.5 mm Nam AEQ-110W-1AVDF,Nguyễn Thị Thanh Thủy,4
casio-aeq-110w-1avdf-den?utm_flashsale=1,CASIO 45.5 mm Nam AEQ-110W-1AVDF,Nguyễn Đức Toản,5
casio-aeq-110w-1avdf-den?utm_flashsale=1,CASIO 45.5 mm Nam AEQ-110W-1AVDF,Anh Hưng,5
casio-aeq-110w-1avdf-den?utm_flashsale=1,CASIO 45.5 mm Nam AEQ-110W-1AVDF,Em Tuấn Vũ,5
casio-aeq-110w-1avdf-den?utm_flashsale=1,CASIO 45.5 mm Nam AEQ-110W-1AVDF,Vũ Nguyên,4
casio-aeq-110w-1avdf-den?utm_flashsale=1,CASIO 45.5 mm Nam AEQ-110W-1AVDF,Lê Kim Chi,4
casio-aeq-110w-1avdf-den?utm_flashsale=1,CASIO 45.5 mm Nam AEQ-110W-1AVDF,Tôn Công Lý,2
casio-aeq-110w-1avdf-den?utm_flashsale=1,CASIO 45.5 mm Nam AEQ-110W-1AVDF,Anh Vũ,4
casio-aeq-110w-1avdf-den?utm_flashsale=1,CASIO 45.5 mm Nam AEQ-110W-1AVDF,HOÀNG THỊ LOAN,4
casio-aeq-110w-1avdf-den?utm_flashsale=1,CASIO 45.5 mm Nam AEQ-110W-1AVDF,Anh Thắng,4
casio-aeq-110w-1avdf-den?utm_flashsale=1,CASIO 45.5 mm Nam AEQ-110W-1AVDF,Tú,5
casio-aeq-110w-1avdf-den?utm_flashsale=1,CASIO 45.5 mm Nam AEQ-110W-1AVDF,Trần Quang Minh,5
casio-aeq-110w-1avdf-den?utm_flashsale=1,CASIO 45.5 mm Nam AEQ-110W-1AVDF,Bùi Trung Dư,5
casio-aeq-110w-1avdf-den?utm_flashsale=1,CASIO 45.5 mm Nam AEQ-110W-1AVDF,Phong,3
casio-aeq-110w-1avdf-den?utm_flashsale=1,CASIO 45.5 mm Nam AEQ-110W-1AVDF,Nguyễn Minh Khôi,5
casio-aeq-110w-1avdf-den?utm_flashsale=1,CASIO 45.5 mm Nam AEQ-110W-1AVDF,Đặng Đức Chuân,5
casio-aeq-110w-1avdf-den?utm_flashsale=1,CASIO 45.5 mm Nam AEQ-110W-1AVDF,Phan Anh Tú,5
casio-aeq-110bw-9avdf-nam?utm_flashsale=1,CASIO 46.6 mm Nam AEQ-110BW-9AVDF,Công,2
casio-aeq-110bw-9avdf-nam?utm_flashsale=1,CASIO 46.6 mm Nam AEQ-110BW-9AVDF,Trương Tấn Hiểu,5
casio-aeq-110bw-9avdf-nam?utm_flashsale=1,CASIO 46.6 mm Nam AEQ-110BW-9AVDF,Vũ Hà Tuyết Ngân,5
casio-aeq-110bw-9avdf-nam?utm_flashsale=1,CASIO 46.6 mm Nam AEQ-110BW-9AVDF,Nguyễn Quốc Anh,5
casio-aeq-110bw-9avdf-nam?utm_flashsale=1,CASIO 46.6 mm Nam AEQ-110BW-9AVDF,Trần Mỹ Linh,5
casio-aeq-110bw-9avdf-nam?utm_flashsale=1,CASIO 46.6 mm Nam AEQ-110BW-9AVDF,Nguyễn Văn Tân,5
casio-aeq-110bw-9avdf-nam?utm_flashsale=1,CASIO 46.6 mm Nam AEQ-110BW-9AVDF,Bảo,5
casio-aeq-110bw-9avdf-nam?utm_flashsale=1,CASIO 46.6 mm Nam AEQ-110BW-9AVDF,Võ Thị Kim Quyền,5
casio-aeq-110bw-9avdf-nam?utm_flashsale=1,CASIO 46.6 mm Nam AEQ-110BW-9AVDF,TRẦN THỊ BÍCH TUYỀN,5
casio-aeq-110bw-9avdf-nam?utm_flashsale=1,CASIO 46.6 mm Nam AEQ-110BW-9AVDF,NGUYỄN THỊ KIM ANH,5
casio-aeq-110bw-9avdf-nam?utm_flashsale=1,CASIO 46.6 mm Nam AEQ-110BW-9AVDF,Dương Chí Kiên,5
casio-aeq-110bw-9avdf-nam?utm_flashsale=1,CASIO 46.6 mm Nam AEQ-110BW-9AVDF,Nguyễn Thị Anh Thư,2
casio-aeq-110bw-9avdf-nam?utm_flashsale=1,CASIO 46.6 mm Nam AEQ-110BW-9AVDF,Phạm Duy Anh,3
casio-aeq-110bw-9avdf-nam?utm_flashsale=1,CASIO 46.6 mm Nam AEQ-110BW-9AVDF,Anh Trung,4
casio-aeq-110bw-9avdf-nam?utm_flashsale=1,CASIO 46.6 mm Nam AEQ-110BW-9AVDF,Thành,4
casio-aeq-110bw-9avdf-nam?utm_flashsale=1,CASIO 46.6 mm Nam AEQ-110BW-9AVDF,Trung,5
casio-aeq-110bw-9avdf-nam?utm_flashsale=1,CASIO 46.6 mm Nam AEQ-110BW-9AVDF,Lâm Hải Tánh,5
casio-aeq-110bw-9avdf-nam?utm_flashsale=1,CASIO 46.6 mm Nam AEQ-110BW-9AVDF,Anh Sơn,4
casio-aeq-110bw-9avdf-nam?utm_flashsale=1,CASIO 46.6 mm Nam AEQ-110BW-9AVDF,Ngân,4
casio-aeq-110bw-9avdf-nam?utm_flashsale=1,CASIO 46.6 mm Nam AEQ-110BW-9AVDF,Nguyễn Hồng,5
casio-aeq-110bw-9avdf-nam?utm_flashsale=1,CASIO 46.6 mm Nam AEQ-110BW-9AVDF,Công,2
casio-aeq-110bw-9avdf-nam?utm_flashsale=1,CASIO 46.6 mm Nam AEQ-110BW-9AVDF,Trương Tấn Hiểu,5
casio-aeq-110bw-9avdf-nam?utm_flashsale=1,CASIO 46.6 mm Nam AEQ-110BW-9AVDF,Vũ Hà Tuyết Ngân,5
casio-aeq-110bw-9avdf-nam?utm_flashsale=1,CASIO 46.6 mm Nam AEQ-110BW-9AVDF,Nguyễn Quốc Anh,5
casio-aeq-110bw-9avdf-nam?utm_flashsale=1,CASIO 46.6 mm Nam AEQ-110BW-9AVDF,Trần Mỹ Linh,5
casio-aeq-110bw-9avdf-nam?utm_flashsale=1,CASIO 46.6 mm Nam AEQ-110BW-9AVDF,Nguyễn Văn Tân,5
casio-aeq-110bw-9avdf-nam?utm_flashsale=1,CASIO 46.6 mm Nam AEQ-110BW-9AVDF,Bảo,5
casio-aeq-110bw-9avdf-nam?utm_flashsale=1,CASIO 46.6 mm Nam AEQ-110BW-9AVDF,Võ Thị Kim Quyền,5
casio-aeq-110bw-9avdf-nam?utm_flashsale=1,CASIO 46.6 mm Nam AEQ-110BW-9AVDF,TRẦN THỊ BÍCH TUYỀN,5
casio-aeq-110bw-9avdf-nam?utm_flashsale=1,CASIO 46.6 mm Nam AEQ-110BW-9AVDF,NGUYỄN THỊ KIM ANH,5
casio-aeq-110bw-9avdf-nam?utm_flashsale=1,CASIO 46.6 mm Nam AEQ-110BW-9AVDF,Dương Chí Kiên,5
casio-aeq-110bw-9avdf-nam?utm_flashsale=1,CASIO 46.6 mm Nam AEQ-110BW-9AVDF,Nguyễn Thị Anh Thư,2
casio-aeq-110bw-9avdf-nam?utm_flashsale=1,CASIO 46.6 mm Nam AEQ-110BW-9AVDF,Phạm Duy Anh,3
casio-aeq-110bw-9avdf-nam?utm_flashsale=1,CASIO 46.6 mm Nam AEQ-110BW-9AVDF,Anh Trung,4
casio-aeq-110bw-9avdf-nam?utm_flashsale=1,CASIO 46.6 mm Nam AEQ-110BW-9AVDF,Thành,4
casio-aeq-110bw-9avdf-nam?utm_flashsale=1,CASIO 46.6 mm Nam AEQ-110BW-9AVDF,Trung,5
casio-aeq-110bw-9avdf-nam?utm_flashsale=1,CASIO 46.6 mm Nam AEQ-110BW-9AVDF,Lâm Hải Tánh,5
casio-aeq-110bw-9avdf-nam?utm_flashsale=1,CASIO 46.6 mm Nam AEQ-110BW-9AVDF,Anh Sơn,4
casio-aeq-110bw-9avdf-nam?utm_flashsale=1,CASIO 46.6 mm Nam AEQ-110BW-9AVDF,Ngân,4
casio-aeq-110bw-9avdf-nam?utm_flashsale=1,CASIO 46.6 mm Nam AEQ-110BW-9AVDF,Nguyễn Hồng,5
casio-aeq-110w-1bvdf-den?utm_flashsale=1,CASIO 45.5 mm Nam AEQ-110W-1BVDF,Huy,3
casio-aeq-110w-1bvdf-den?utm_flashsale=1,CASIO 45.5 mm Nam AEQ-110W-1BVDF,Thuận,5
casio-aeq-110w-1bvdf-den?utm_flashsale=1,CASIO 45.5 mm Nam AEQ-110W-1BVDF,Tấn Sinh,1
casio-aeq-110w-1bvdf-den?utm_flashsale=1,CASIO 45.5 mm Nam AEQ-110W-1BVDF,A Lành,1
casio-aeq-110w-1bvdf-den?utm_flashsale=1,CASIO 45.5 mm Nam AEQ-110W-1BVDF,Mai Thanh Hải,5
casio-aeq-110w-1bvdf-den?utm_flashsale=1,CASIO 45.5 mm Nam AEQ-110W-1BVDF,Tùng,4
casio-aeq-110w-1bvdf-den?utm_flashsale=1,CASIO 45.5 mm Nam AEQ-110W-1BVDF,Trương Minh Thiện,5
casio-aeq-110w-1bvdf-den?utm_flashsale=1,CASIO 45.5 mm Nam AEQ-110W-1BVDF,My,5
casio-aeq-110w-1bvdf-den?utm_flashsale=1,CASIO 45.5 mm Nam AEQ-110W-1BVDF,Kl,4
casio-aeq-110w-1bvdf-den?utm_flashsale=1,CASIO 45.5 mm Nam AEQ-110W-1BVDF,Luyện,1
casio-aeq-110w-1bvdf-den?utm_flashsale=1,CASIO 45.5 mm Nam AEQ-110W-1BVDF,Nguyễn Ngọc Hoàng,4
casio-aeq-110w-1bvdf-den?utm_flashsale=1,CASIO 45.5 mm Nam AEQ-110W-1BVDF,Mai Phước Sĩ,1
casio-aeq-110w-1bvdf-den?utm_flashsale=1,CASIO 45.5 mm Nam AEQ-110W-1BVDF,Phạm Tiến Dũng,5
casio-aeq-110w-1bvdf-den?utm_flashsale=1,CASIO 45.5 mm Nam AEQ-110W-1BVDF,Trần Vũ Hải Vân,4
casio-aeq-110w-1bvdf-den?utm_flashsale=1,CASIO 45.5 mm Nam AEQ-110W-1BVDF,Khánh,4
casio-aeq-110w-1bvdf-den?utm_flashsale=1,CASIO 45.5 mm Nam AEQ-110W-1BVDF,Đạt,5
casio-aeq-110w-1bvdf-den?utm_flashsale=1,CASIO 45.5 mm Nam AEQ-110W-1BVDF,Hồ Thái Bình,4
casio-aeq-110w-1bvdf-den?utm_flashsale=1,CASIO 45.5 mm Nam AEQ-110W-1BVDF,Đỗ Thị Mai,4
casio-aeq-110w-1bvdf-den?utm_flashsale=1,CASIO 45.5 mm Nam AEQ-110W-1BVDF,Tien,5
casio-aeq-110w-1bvdf-den?utm_flashsale=1,CASIO 45.5 mm Nam AEQ-110W-1BVDF,Alaedin Najim,3
casio-aeq-110w-1bvdf-den?utm_flashsale=1,CASIO 45.5 mm Nam AEQ-110W-1BVDF,Huy,3
casio-aeq-110w-1bvdf-den?utm_flashsale=1,CASIO 45.5 mm Nam AEQ-110W-1BVDF,Thuận,5
casio-aeq-110w-1bvdf-den?utm_flashsale=1,CASIO 45.5 mm Nam AEQ-110W-1BVDF,Tấn Sinh,1
casio-aeq-110w-1bvdf-den?utm_flashsale=1,CASIO 45.5 mm Nam AEQ-110W-1BVDF,A Lành,1
casio-aeq-110w-1bvdf-den?utm_flashsale=1,CASIO 45.5 mm Nam AEQ-110W-1BVDF,Mai Thanh Hải,5
casio-aeq-110w-1bvdf-den?utm_flashsale=1,CASIO 45.5 mm Nam AEQ-110W-1BVDF,Tùng,4
casio-aeq-110w-1bvdf-den?utm_flashsale=1,CASIO 45.5 mm Nam AEQ-110W-1BVDF,Trương Minh Thiện,5
casio-aeq-110w-1bvdf-den?utm_flashsale=1,CASIO 45.5 mm Nam AEQ-110W-1BVDF,My,5
casio-aeq-110w-1bvdf-den?utm_flashsale=1,CASIO 45.5 mm Nam AEQ-110W-1BVDF,Kl,4
casio-aeq-110w-1bvdf-den?utm_flashsale=1,CASIO 45.5 mm Nam AEQ-110W-1BVDF,Luyện,1
casio-aeq-110w-1bvdf-den?utm_flashsale=1,CASIO 45.5 mm Nam AEQ-110W-1BVDF,Nguyễn Ngọc Hoàng,4
casio-aeq-110w-1bvdf-den?utm_flashsale=1,CASIO 45.5 mm Nam AEQ-110W-1BVDF,Mai Phước Sĩ,1
casio-aeq-110w-1bvdf-den?utm_flashsale=1,CASIO 45.5 mm Nam AEQ-110W-1BVDF,Phạm Tiến Dũng,5
casio-aeq-110w-1bvdf-den?utm_flashsale=1,CASIO 45.5 mm Nam AEQ-110W-1BVDF,Trần Vũ Hải Vân,4
casio-aeq-110w-1bvdf-den?utm_flashsale=1,CASIO 45.5 mm Nam AEQ-110W-1BVDF,Khánh,4
casio-aeq-110w-1bvdf-den?utm_flashsale=1,CASIO 45.5 mm Nam AEQ-110W-1BVDF,Đạt,5
casio-aeq-110w-1bvdf-den?utm_flashsale=1,CASIO 45.5 mm Nam AEQ-110W-1BVDF,Hồ Thái Bình,4
casio-aeq-110w-1bvdf-den?utm_flashsale=1,CASIO 45.5 mm Nam AEQ-110W-1BVDF,Đỗ Thị Mai,4
casio-aeq-110w-1bvdf-den?utm_flashsale=1,CASIO 45.5 mm Nam AEQ-110W-1BVDF,Tien,5
casio-aeq-110w-1bvdf-den?utm_flashsale=1,CASIO 45.5 mm Nam AEQ-110W-1BVDF,Alaedin Najim,3
casio-aeq-110w-2avdf-den?utm_flashsale=1,CASIO 45.5 mm Nam AEQ-110W-2AVDF,Nguyễn Ngoc Duy Hoàng,5
casio-aeq-110w-2avdf-den?utm_flashsale=1,CASIO 45.5 mm Nam AEQ-110W-2AVDF,Lầu Hà Sâm Quí,5
casio-aeq-110w-2avdf-den?utm_flashsale=1,CASIO 45.5 mm Nam AEQ-110W-2AVDF,Anh Kiên,5
casio-aeq-110w-2avdf-den?utm_flashsale=1,CASIO 45.5 mm Nam AEQ-110W-2AVDF,Vũ Quốc Việt,5
casio-aeq-110w-2avdf-den?utm_flashsale=1,CASIO 45.5 mm Nam AEQ-110W-2AVDF,Lê Thị Minh Nguyệt,4
casio-aeq-110w-2avdf-den?utm_flashsale=1,CASIO 45.5 mm Nam AEQ-110W-2AVDF,NGUYỄN MẠNH HÀ,4
casio-aeq-110w-2avdf-den?utm_flashsale=1,CASIO 45.5 mm Nam AEQ-110W-2AVDF,Nguyễn Phúc Thuận,5
casio-aeq-110w-2avdf-den?utm_flashsale=1,CASIO 45.5 mm Nam AEQ-110W-2AVDF,Đinh Nguyễn Anh Hào,5
casio-aeq-110w-2avdf-den?utm_flashsale=1,CASIO 45.5 mm Nam AEQ-110W-2AVDF,Nguyễn Quốc Hưng,5
casio-aeq-110w-2avdf-den?utm_flashsale=1,CASIO 45.5 mm Nam AEQ-110W-2AVDF,Nguyễn Đăng Huy,4
casio-aeq-110w-2avdf-den?utm_flashsale=1,CASIO 45.5 mm Nam AEQ-110W-2AVDF,Minh Phụng,5
casio-ltp-vt01gl-4budf-nu?utm_flashsale=1,CASIO 34 mm Nữ LTP-VT01GL-4BUDF,Nguyễn Thị Thanh Hiếu,1
casio-ltp-vt01gl-4budf-nu?utm_flashsale=1,CASIO 34 mm Nữ LTP-VT01GL-4BUDF,Hoàng Long,5
casio-ltp-vt01gl-4budf-nu?utm_flashsale=1,CASIO 34 mm Nữ LTP-VT01GL-4BUDF,Phụng,5
casio-ltp-vt01gl-4budf-nu?utm_flashsale=1,CASIO 34 mm Nữ LTP-VT01GL-4BUDF,Nguôl,5
casio-ltp-vt01gl-4budf-nu?utm_flashsale=1,CASIO 34 mm Nữ LTP-VT01GL-4BUDF,Quyên,4
casio-ltp-vt01gl-4budf-nu?utm_flashsale=1,CASIO 34 mm Nữ LTP-VT01GL-4BUDF,Kim Đan,3
casio-ltp-vt01gl-4budf-nu?utm_flashsale=1,CASIO 34 mm Nữ LTP-VT01GL-4BUDF,Bảo Nguyên,5
casio-ltp-vt01gl-4budf-nu?utm_flashsale=1,CASIO 34 mm Nữ LTP-VT01GL-4BUDF,Kim Đan,4
casio-ltp-vt01gl-4budf-nu?utm_flashsale=1,CASIO 34 mm Nữ LTP-VT01GL-4BUDF,Huỳnh Quốc Đông,5
casio-ltp-vt01gl-4budf-nu?utm_flashsale=1,CASIO 34 mm Nữ LTP-VT01GL-4BUDF,Thu Vân,5
casio-ltp-vt01gl-4budf-nu?utm_flashsale=1,CASIO 34 mm Nữ LTP-VT01GL-4BUDF,Lê Cúc Hoa Hồng Thẩm,4
casio-ltp-vt01gl-4budf-nu?utm_flashsale=1,CASIO 34 mm Nữ LTP-VT01GL-4BUDF,Thái Quang Huy,5
casio-ltp-vt01gl-9budf-nu,CASIO 34 mm Nữ LTP-VT01GL-9BUDF,Bùi Hoàng Tân,5
casio-ltp-vt01gl-9budf-nu,CASIO 34 mm Nữ LTP-VT01GL-9BUDF,Chị Nhàn,5
casio-ltp-vt01gl-9budf-nu,CASIO 34 mm Nữ LTP-VT01GL-9BUDF,Chi Thủy,4
casio-ltp-vt01gl-9budf-nu,CASIO 34 mm Nữ LTP-VT01GL-9BUDF,Nguyễn Thị Thu Thanh,4
casio-ltp-vt01gl-9budf-nu,CASIO 34 mm Nữ LTP-VT01GL-9BUDF,Anh Thư,4
casio-ltp-vt01l-5budf-nu?utm_flashsale=1,CASIO 34 mm Nữ LTP-VT01L-5BUDF,Hưng,4
casio-ltp-vt01l-5budf-nu?utm_flashsale=1,CASIO 34 mm Nữ LTP-VT01L-5BUDF,Lê Duy Kha,5
casio-ltp-vt01l-5budf-nu?utm_flashsale=1,CASIO 34 mm Nữ LTP-VT01L-5BUDF,Vo Diem Phuong,5
casio-ltp-vt01l-5budf-nu?utm_flashsale=1,CASIO 34 mm Nữ LTP-VT01L-5BUDF,Phạm Văn Thành,5
casio-ltp-vt01l-5budf-nu?utm_flashsale=1,CASIO 34 mm Nữ LTP-VT01L-5BUDF,Nguyễn Minh Hảo,5
casio-ltp-vt01l-5budf-nu?utm_flashsale=1,CASIO 34 mm Nữ LTP-VT01L-5BUDF,Bích,5
casio-ltp-vt01l-5budf-nu?utm_flashsale=1,CASIO 34 mm Nữ LTP-VT01L-5BUDF,Nguyễn Thị Thanh Vân,5
casio-ltp-vt01l-5budf-nu?utm_flashsale=1,CASIO 34 mm Nữ LTP-VT01L-5BUDF,DANH BÔ ĐA,4
casio-ltp-vt01l-5budf-nu?utm_flashsale=1,CASIO 34 mm Nữ LTP-VT01L-5BUDF,Phan Diễm Anh Thư,4
casio-ltp-vt01l-5budf-nu?utm_flashsale=1,CASIO 34 mm Nữ LTP-VT01L-5BUDF,Tran Thanh Tung,5
casio-ltp-vt01l-5budf-nu?utm_flashsale=1,CASIO 34 mm Nữ LTP-VT01L-5BUDF,Phạm Minh Cảnh,4
casio-ltp-vt01l-5budf-nu?utm_flashsale=1,CASIO 34 mm Nữ LTP-VT01L-5BUDF,Trần Hoàng Phúc,5
casio-ltp-vt01l-5budf-nu?utm_flashsale=1,CASIO 34 mm Nữ LTP-VT01L-5BUDF,Trần Thị Men,4
casio-ltp-vt01l-5budf-nu?utm_flashsale=1,CASIO 34 mm Nữ LTP-VT01L-5BUDF,Lê Hoàng Lân,4
casio-ltp-vt01l-5budf-nu?utm_flashsale=1,CASIO 34 mm Nữ LTP-VT01L-5BUDF,Võ Nhật Sang,5
casio-ltp-vt01l-5budf-nu?utm_flashsale=1,CASIO 34 mm Nữ LTP-VT01L-5BUDF,Khánh,5
casio-w-800h-1avdf-nam?utm_flashsale=1,CASIO 36.8 mm Nam W-800H-1AVDF,Phạm Thanh Phương,1
casio-w-800h-1avdf-nam?utm_flashsale=1,CASIO 36.8 mm Nam W-800H-1AVDF,Nguyễn Mạnh Trường,5
casio-w-800h-1avdf-nam?utm_flashsale=1,CASIO 36.8 mm Nam W-800H-1AVDF,Nhựt,5
casio-w-800h-1avdf-nam?utm_flashsale=1,CASIO 36.8 mm Nam W-800H-1AVDF,Thái Lục Căn,5
casio-w-800h-1avdf-nam?utm_flashsale=1,CASIO 36.8 mm Nam W-800H-1AVDF,Nguyễđđn Chế Linh,5
casio-w-800h-1avdf-nam?utm_flashsale=1,CASIO 36.8 mm Nam W-800H-1AVDF,Phan Sĩ,5
casio-w-800h-1avdf-nam?utm_flashsale=1,CASIO 36.8 mm Nam W-800H-1AVDF,Phan Minh Thắng,5
casio-w-800h-1avdf-nam?utm_flashsale=1,CASIO 36.8 mm Nam W-800H-1AVDF,Nguyen Van Thang,5
casio-w-800h-1avdf-nam?utm_flashsale=1,CASIO 36.8 mm Nam W-800H-1AVDF,Nguyễn Văn Trung,4
casio-w-800h-1avdf-nam?utm_flashsale=1,CASIO 36.8 mm Nam W-800H-1AVDF,Nguyễn Duy Ngọc,5
casio-w-800h-1avdf-nam?utm_flashsale=1,CASIO 36.8 mm Nam W-800H-1AVDF,Nguyễn Văn Dũng,5
casio-w-800h-1avdf-nam?utm_flashsale=1,CASIO 36.8 mm Nam W-800H-1AVDF,Trang,5
casio-w-800h-1avdf-nam?utm_flashsale=1,CASIO 36.8 mm Nam W-800H-1AVDF,Sơn,4
casio-w-800h-1avdf-nam?utm_flashsale=1,CASIO 36.8 mm Nam W-800H-1AVDF,Nguyễn Văn Chung,5
casio-w-800h-1avdf-nam?utm_flashsale=1,CASIO 36.8 mm Nam W-800H-1AVDF,Văn Thành,5
casio-w-800h-1avdf-nam?utm_flashsale=1,CASIO 36.8 mm Nam W-800H-1AVDF,Huỳnh Ngọc Tiên,5
casio-w-800h-1avdf-nam?utm_flashsale=1,CASIO 36.8 mm Nam W-800H-1AVDF,Nguyen Phuong Thanh Đô,4
casio-w-800h-1avdf-nam?utm_flashsale=1,CASIO 36.8 mm Nam W-800H-1AVDF,Võ Minh Thiện,5
casio-w-800h-1avdf-nam?utm_flashsale=1,CASIO 36.8 mm Nam W-800H-1AVDF,A Trường,4
casio-w-800h-1avdf-nam?utm_flashsale=1,CASIO 36.8 mm Nam W-800H-1AVDF,Nguyễn Dũng,5
casio-w-800h-1avdf-nam?utm_flashsale=1,CASIO 36.8 mm Nam W-800H-1AVDF,Phạm Thanh Phương,1
casio-w-800h-1avdf-nam?utm_flashsale=1,CASIO 36.8 mm Nam W-800H-1AVDF,Nguyễn Mạnh Trường,5
casio-w-800h-1avdf-nam?utm_flashsale=1,CASIO 36.8 mm Nam W-800H-1AVDF,Nhựt,5
casio-w-800h-1avdf-nam?utm_flashsale=1,CASIO 36.8 mm Nam W-800H-1AVDF,Thái Lục Căn,5
casio-w-800h-1avdf-nam?utm_flashsale=1,CASIO 36.8 mm Nam W-800H-1AVDF,Nguyễđđn Chế Linh,5
casio-w-800h-1avdf-nam?utm_flashsale=1,CASIO 36.8 mm Nam W-800H-1AVDF,Phan Sĩ,5
casio-w-800h-1avdf-nam?utm_flashsale=1,CASIO 36.8 mm Nam W-800H-1AVDF,Phan Minh Thắng,5
casio-w-800h-1avdf-nam?utm_flashsale=1,CASIO 36.8 mm Nam W-800H-1AVDF,Nguyen Van Thang,5
casio-w-800h-1avdf-nam?utm_flashsale=1,CASIO 36.8 mm Nam W-800H-1AVDF,Nguyễn Văn Trung,4
casio-w-800h-1avdf-nam?utm_flashsale=1,CASIO 36.8 mm Nam W-800H-1AVDF,Nguyễn Duy Ngọc,5
casio-w-800h-1avdf-nam?utm_flashsale=1,CASIO 36.8 mm Nam W-800H-1AVDF,Nguyễn Văn Dũng,5
casio-w-800h-1avdf-nam?utm_flashsale=1,CASIO 36.8 mm Nam W-800H-1AVDF,Trang,5
casio-w-800h-1avdf-nam?utm_flashsale=1,CASIO 36.8 mm Nam W-800H-1AVDF,Sơn,4
casio-w-800h-1avdf-nam?utm_flashsale=1,CASIO 36.8 mm Nam W-800H-1AVDF,Nguyễn Văn Chung,5
casio-w-800h-1avdf-nam?utm_flashsale=1,CASIO 36.8 mm Nam W-800H-1AVDF,Văn Thành,5
casio-w-800h-1avdf-nam?utm_flashsale=1,CASIO 36.8 mm Nam W-800H-1AVDF,Huỳnh Ngọc Tiên,5
casio-w-800h-1avdf-nam?utm_flashsale=1,CASIO 36.8 mm Nam W-800H-1AVDF,Nguyen Phuong Thanh Đô,4
casio-w-800h-1avdf-nam?utm_flashsale=1,CASIO 36.8 mm Nam W-800H-1AVDF,Võ Minh Thiện,5
casio-w-800h-1avdf-nam?utm_flashsale=1,CASIO 36.8 mm Nam W-800H-1AVDF,A Trường,4
casio-w-800h-1avdf-nam?utm_flashsale=1,CASIO 36.8 mm Nam W-800H-1AVDF,Nguyễn Dũng,5
casio-w-800h-1avdf-nam?utm_flashsale=1,CASIO 36.8 mm Nam W-800H-1AVDF,Phạm Thanh Phương,1
casio-w-800h-1avdf-nam?utm_flashsale=1,CASIO 36.8 mm Nam W-800H-1AVDF,Nguyễn Mạnh Trường,5
casio-w-800h-1avdf-nam?utm_flashsale=1,CASIO 36.8 mm Nam W-800H-1AVDF,Nhựt,5
casio-w-800h-1avdf-nam?utm_flashsale=1,CASIO 36.8 mm Nam W-800H-1AVDF,Thái Lục Căn,5
casio-w-800h-1avdf-nam?utm_flashsale=1,CASIO 36.8 mm Nam W-800H-1AVDF,Nguyễđđn Chế Linh,5
casio-w-800h-1avdf-nam?utm_flashsale=1,CASIO 36.8 mm Nam W-800H-1AVDF,Phan Sĩ,5
casio-w-800h-1avdf-nam?utm_flashsale=1,CASIO 36.8 mm Nam W-800H-1AVDF,Phan Minh Thắng,5
casio-w-800h-1avdf-nam?utm_flashsale=1,CASIO 36.8 mm Nam W-800H-1AVDF,Nguyen Van Thang,5
casio-w-800h-1avdf-nam?utm_flashsale=1,CASIO 36.8 mm Nam W-800H-1AVDF,Nguyễn Văn Trung,4
casio-w-800h-1avdf-nam?utm_flashsale=1,CASIO 36.8 mm Nam W-800H-1AVDF,Nguyễn Duy Ngọc,5
casio-w-800h-1avdf-nam?utm_flashsale=1,CASIO 36.8 mm Nam W-800H-1AVDF,Nguyễn Văn Dũng,5
casio-w-800h-1avdf-nam?utm_flashsale=1,CASIO 36.8 mm Nam W-800H-1AVDF,Trang,5
casio-w-800h-1avdf-nam?utm_flashsale=1,CASIO 36.8 mm Nam W-800H-1AVDF,Sơn,4
casio-w-800h-1avdf-nam?utm_flashsale=1,CASIO 36.8 mm Nam W-800H-1AVDF,Nguyễn Văn Chung,5
casio-w-800h-1avdf-nam?utm_flashsale=1,CASIO 36.8 mm Nam W-800H-1AVDF,Văn Thành,5
casio-w-800h-1avdf-nam?utm_flashsale=1,CASIO 36.8 mm Nam W-800H-1AVDF,Huỳnh Ngọc Tiên,5
casio-w-800h-1avdf-nam?utm_flashsale=1,CASIO 36.8 mm Nam W-800H-1AVDF,Nguyen Phuong Thanh Đô,4
casio-w-800h-1avdf-nam?utm_flashsale=1,CASIO 36.8 mm Nam W-800H-1AVDF,Võ Minh Thiện,5
casio-w-800h-1avdf-nam?utm_flashsale=1,CASIO 36.8 mm Nam W-800H-1AVDF,A Trường,4
casio-w-800h-1avdf-nam?utm_flashsale=1,CASIO 36.8 mm Nam W-800H-1AVDF,Nguyễn Dũng,5
casio-w-800h-1avdf-nam?utm_flashsale=1,CASIO 36.8 mm Nam W-800H-1AVDF,Phạm Thanh Phương,1
casio-w-800h-1avdf-nam?utm_flashsale=1,CASIO 36.8 mm Nam W-800H-1AVDF,Nguyễn Mạnh Trường,5
casio-w-800h-1avdf-nam?utm_flashsale=1,CASIO 36.8 mm Nam W-800H-1AVDF,Nhựt,5
casio-w-800h-1avdf-nam?utm_flashsale=1,CASIO 36.8 mm Nam W-800H-1AVDF,Thái Lục Căn,5
casio-w-800h-1avdf-nam?utm_flashsale=1,CASIO 36.8 mm Nam W-800H-1AVDF,Nguyễđđn Chế Linh,5
casio-w-800h-1avdf-nam?utm_flashsale=1,CASIO 36.8 mm Nam W-800H-1AVDF,Phan Sĩ,5
casio-w-800h-1avdf-nam?utm_flashsale=1,CASIO 36.8 mm Nam W-800H-1AVDF,Phan Minh Thắng,5
casio-w-800h-1avdf-nam?utm_flashsale=1,CASIO 36.8 mm Nam W-800H-1AVDF,Nguyen Van Thang,5
casio-w-800h-1avdf-nam?utm_flashsale=1,CASIO 36.8 mm Nam W-800H-1AVDF,Nguyễn Văn Trung,4
casio-w-800h-1avdf-nam?utm_flashsale=1,CASIO 36.8 mm Nam W-800H-1AVDF,Nguyễn Duy Ngọc,5
casio-w-800h-1avdf-nam?utm_flashsale=1,CASIO 36.8 mm Nam W-800H-1AVDF,Nguyễn Văn Dũng,5
casio-w-800h-1avdf-nam?utm_flashsale=1,CASIO 36.8 mm Nam W-800H-1AVDF,Trang,5
casio-w-800h-1avdf-nam?utm_flashsale=1,CASIO 36.8 mm Nam W-800H-1AVDF,Sơn,4
casio-w-800h-1avdf-nam?utm_flashsale=1,CASIO 36.8 mm Nam W-800H-1AVDF,Nguyễn Văn Chung,5
casio-w-800h-1avdf-nam?utm_flashsale=1,CASIO 36.8 mm Nam W-800H-1AVDF,Văn Thành,5
casio-w-800h-1avdf-nam?utm_flashsale=1,CASIO 36.8 mm Nam W-800H-1AVDF,Huỳnh Ngọc Tiên,5
casio-w-800h-1avdf-nam?utm_flashsale=1,CASIO 36.8 mm Nam W-800H-1AVDF,Nguyen Phuong Thanh Đô,4
casio-w-800h-1avdf-nam?utm_flashsale=1,CASIO 36.8 mm Nam W-800H-1AVDF,Võ Minh Thiện,5
casio-w-800h-1avdf-nam?utm_flashsale=1,CASIO 36.8 mm Nam W-800H-1AVDF,A Trường,4
casio-w-800h-1avdf-nam?utm_flashsale=1,CASIO 36.8 mm Nam W-800H-1AVDF,Nguyễn Dũng,5
dong-ho-nam-casio-w-215h-2avdf?utm_flashsale=1,CASIO 41 mm Nam W-215H-2AVDF,Bùi Quốc Bảo,5
dong-ho-nam-casio-w-215h-2avdf?utm_flashsale=1,CASIO 41 mm Nam W-215H-2AVDF,TRẦN ANH TOÀN,5
dong-ho-nam-casio-w-215h-2avdf?utm_flashsale=1,CASIO 41 mm Nam W-215H-2AVDF,Lê Thị Ngọc Bich,2
dong-ho-nam-casio-w-215h-2avdf?utm_flashsale=1,CASIO 41 mm Nam W-215H-2AVDF,Bình,1
dong-ho-nam-casio-w-215h-2avdf?utm_flashsale=1,CASIO 41 mm Nam W-215H-2AVDF,NGUYỄN NGỌC HÙNG,5
dong-ho-nam-casio-w-215h-2avdf?utm_flashsale=1,CASIO 41 mm Nam W-215H-2AVDF,Nguyen Ngoc Tin,5
dong-ho-nam-casio-w-215h-2avdf?utm_flashsale=1,CASIO 41 mm Nam W-215H-2AVDF,Chú Hiệp,5
dong-ho-nam-casio-w-215h-2avdf?utm_flashsale=1,CASIO 41 mm Nam W-215H-2AVDF,C Hồng,2
dong-ho-nam-casio-w-215h-2avdf?utm_flashsale=1,CASIO 41 mm Nam W-215H-2AVDF,Nguyên,4
dong-ho-nam-casio-w-215h-2avdf?utm_flashsale=1,CASIO 41 mm Nam W-215H-2AVDF,Nguyễn Văn Đạo,5
casio-hdc-700-1avdf-den?utm_flashsale=1,CASIO 46 mm Nam HDC-700-1AVDF,HÀ THANH PHƯỜNG,4
casio-hdc-700-1avdf-den?utm_flashsale=1,CASIO 46 mm Nam HDC-700-1AVDF,LÊ QUỐC DŨNG,4
casio-hdc-700-1avdf-den?utm_flashsale=1,CASIO 46 mm Nam HDC-700-1AVDF,Nguyễn Ngọc Chấn,5
casio-hdc-700-1avdf-den?utm_flashsale=1,CASIO 46 mm Nam HDC-700-1AVDF,Ng,4
casio-hdc-700-1avdf-den?utm_flashsale=1,CASIO 46 mm Nam HDC-700-1AVDF,Quang Hiển,4
casio-hdc-700-1avdf-den?utm_flashsale=1,CASIO 46 mm Nam HDC-700-1AVDF,Bùi Thế Tài,5
casio-hdc-700-1avdf-den?utm_flashsale=1,CASIO 46 mm Nam HDC-700-1AVDF,Chị Hường,5
casio-ws-1600h-1avdf-nam?utm_flashsale=1,CASIO 42.1 mm Nam WS-1600H-1AVDF,Xuân Trực,5
casio-ws-1600h-1avdf-nam?utm_flashsale=1,CASIO 42.1 mm Nam WS-1600H-1AVDF,Anh Phương,5
casio-ws-1600h-1avdf-nam?utm_flashsale=1,CASIO 42.1 mm Nam WS-1600H-1AVDF,Võ Thị Yến Ly,5
casio-ws-1600h-1avdf-nam?utm_flashsale=1,CASIO 42.1 mm Nam WS-1600H-1AVDF,Nguyễn Trần Hoàng Tuấn,5
casio-ws-1600h-1avdf-nam?utm_flashsale=1,CASIO 42.1 mm Nam WS-1600H-1AVDF,Cao Minh Nhat,4
casio-ws-1600h-1avdf-nam?utm_flashsale=1,CASIO 42.1 mm Nam WS-1600H-1AVDF,Trung Hiếu,5
casio-ws-1600h-1avdf-nam?utm_flashsale=1,CASIO 42.1 mm Nam WS-1600H-1AVDF,Vũ Văn Hiệu,5
casio-ws-1600h-1avdf-nam?utm_flashsale=1,CASIO 42.1 mm Nam WS-1600H-1AVDF,Phạm Văn Thái,5
casio-ws-1600h-1avdf-nam?utm_flashsale=1,CASIO 42.1 mm Nam WS-1600H-1AVDF,Phúc,4
dong-ho-nam-casio-w-800hg-9avdf?utm_flashsale=1,CASIO 36.8 mm Nam W-800HG-9AVDF,Trương Trung Đông,5
dong-ho-nam-casio-w-800hg-9avdf?utm_flashsale=1,CASIO 36.8 mm Nam W-800HG-9AVDF,Nguyễn Thành Sang,5
dong-ho-nam-casio-w-800hg-9avdf?utm_flashsale=1,CASIO 36.8 mm Nam W-800HG-9AVDF,Chị Phương,4
dong-ho-nam-casio-w-800hg-9avdf?utm_flashsale=1,CASIO 36.8 mm Nam W-800HG-9AVDF,Lê Trung Dũng,4
dong-ho-nam-casio-w-800hg-9avdf?utm_flashsale=1,CASIO 36.8 mm Nam W-800HG-9AVDF,Bùi Văn Miếu Hiệp,5
dong-ho-nam-casio-w-800hg-9avdf?utm_flashsale=1,CASIO 36.8 mm Nam W-800HG-9AVDF,Dung,5
dong-ho-nam-casio-w-800hg-9avdf?utm_flashsale=1,CASIO 36.8 mm Nam W-800HG-9AVDF,Vũ,5
dong-ho-nam-casio-w-800hg-9avdf?utm_flashsale=1,CASIO 36.8 mm Nam W-800HG-9AVDF,Trần Minh Chí,5
dong-ho-nam-casio-w-800hg-9avdf?utm_flashsale=1,CASIO 36.8 mm Nam W-800HG-9AVDF,Tạ Đăng Thanh,5
dong-ho-nam-casio-w-800hg-9avdf?utm_flashsale=1,CASIO 36.8 mm Nam W-800HG-9AVDF,Nguyễn Trọng Nhân,5
dong-ho-nam-casio-w-800hg-9avdf?utm_flashsale=1,CASIO 36.8 mm Nam W-800HG-9AVDF,Nguyên Đinh Hùng,4
dong-ho-nam-casio-w-800hg-9avdf?utm_flashsale=1,CASIO 36.8 mm Nam W-800HG-9AVDF,Ngô Quý Tiến,5
dong-ho-nam-casio-w-800hg-9avdf?utm_flashsale=1,CASIO 36.8 mm Nam W-800HG-9AVDF,Doãn Đức Duy,5
dong-ho-nam-casio-w-800hg-9avdf?utm_flashsale=1,CASIO 36.8 mm Nam W-800HG-9AVDF,Long,5
dong-ho-nam-casio-w-800hg-9avdf?utm_flashsale=1,CASIO 36.8 mm Nam W-800HG-9AVDF,Long,1
dong-ho-nam-casio-w-800hg-9avdf?utm_flashsale=1,CASIO 36.8 mm Nam W-800HG-9AVDF,Quang Hiển,5
dong-ho-nam-casio-w-800hg-9avdf?utm_flashsale=1,CASIO 36.8 mm Nam W-800HG-9AVDF,A Khanh,5
dong-ho-nam-casio-w-800hg-9avdf?utm_flashsale=1,CASIO 36.8 mm Nam W-800HG-9AVDF,Chú Lục,5
dong-ho-nam-casio-w-800hg-9avdf?utm_flashsale=1,CASIO 36.8 mm Nam W-800HG-9AVDF,Vinh,5
dong-ho-nam-casio-w-800hg-9avdf?utm_flashsale=1,CASIO 36.8 mm Nam W-800HG-9AVDF,Thiện,5
dong-ho-nam-casio-w-800hg-9avdf?utm_flashsale=1,CASIO 36.8 mm Nam W-800HG-9AVDF,Nguyễn Hợp Phương,4
orient-ra-ag0003s10b-nam-co-tu-dong,ORIENT Bambino 40 mm Nam RA-AG0003S10B,Minh,3
orient-ra-ag0003s10b-nam-co-tu-dong,ORIENT Bambino 40 mm Nam RA-AG0003S10B,Anh Hùng,5
orient-ra-ag0003s10b-nam-co-tu-dong,ORIENT Bambino 40 mm Nam RA-AG0003S10B,Lê Đình Hiếu,4
orient-ra-ag0003s10b-nam-co-tu-dong,ORIENT Bambino 40 mm Nam RA-AG0003S10B,ĐIỂU ANH TƯ,5
orient-ra-ag0003s10b-nam-co-tu-dong,ORIENT Bambino 40 mm Nam RA-AG0003S10B,Anh Thực,4
orient-ra-ag0003s10b-nam-co-tu-dong,ORIENT Bambino 40 mm Nam RA-AG0003S10B,Nguyễn Ngọc Chung,4
orient-ra-ag0003s10b-nam-co-tu-dong,ORIENT Bambino 40 mm Nam RA-AG0003S10B,63109 - Trần Phước Anh,5
orient-ra-ag0003s10b-nam-co-tu-dong,ORIENT Bambino 40 mm Nam RA-AG0003S10B,Đặng Thanh Bình,4
orient-ra-ag0003s10b-nam-co-tu-dong,ORIENT Bambino 40 mm Nam RA-AG0003S10B,Trần Đình Quang,3
orient-ra-ag0003s10b-nam-co-tu-dong,ORIENT Bambino 40 mm Nam RA-AG0003S10B,Nguyễn Nhựt Minh,5
orient-ra-ag0003s10b-nam-co-tu-dong,ORIENT Bambino 40 mm Nam RA-AG0003S10B,Bùi Minh Mẫn,5
orient-ra-ag0003s10b-nam-co-tu-dong,ORIENT Bambino 40 mm Nam RA-AG0003S10B,Vũ Huy Oanh,5
smile-kid-sl091-01-tre-em,SMILE KID 34 mm Trẻ em SL091-01,Quỳnh Thơ,5
smile-kid-sl091-01-tre-em,SMILE KID 34 mm Trẻ em SL091-01,SayThah,3
smile-kid-sl091-01-tre-em,SMILE KID 34 mm Trẻ em SL091-01,Doanh,3
smile-kid-sl091-01-tre-em,SMILE KID 34 mm Trẻ em SL091-01,Chị Lam,5
smile-kid-sl091-01-tre-em,SMILE KID 34 mm Trẻ em SL091-01,Trương Thị Ngọc Hân,4
smile-kid-sl091-01-tre-em,SMILE KID 34 mm Trẻ em SL091-01,Phan Thị Vân Anh,5
smile-kid-sl091-01-tre-em,SMILE KID 34 mm Trẻ em SL091-01,Vũ Thị Thanh Hoa,4
smile-kid-sl021-01-tre-em,SMILE KID 34 mm Trẻ em SL021-01,Nguyễn Thị Vi,5
smile-kid-sl021-01-tre-em,SMILE KID 34 mm Trẻ em SL021-01,Thuỷ,4
smile-kid-sl021-01-tre-em,SMILE KID 34 mm Trẻ em SL021-01,Quang,5
smile-kid-sl021-01-tre-em,SMILE KID 34 mm Trẻ em SL021-01,Chú Quang,5
smile-kid-sl021-01-tre-em,SMILE KID 34 mm Trẻ em SL021-01,Anh Trung,1
smile-kid-sl021-01-tre-em,SMILE KID 34 mm Trẻ em SL021-01,Xuyến,5
smile-kid-sl021-01-tre-em,SMILE KID 34 mm Trẻ em SL021-01,TRƯƠNG THỊ TRƯỜNG LY,4
smile-kid-sl021-01-tre-em,SMILE KID 34 mm Trẻ em SL021-01,Lương Văn Y,2
smile-kid-sl021-01-tre-em,SMILE KID 34 mm Trẻ em SL021-01,Nguyễn Thành Lượng,5
smile-kid-sl021-01-tre-em,SMILE KID 34 mm Trẻ em SL021-01,Phan Nam Linh,5
smile-kid-sl021-01-tre-em,SMILE KID 34 mm Trẻ em SL021-01,Anh Vinh,5
smile-kid-sl021-01-tre-em,SMILE KID 34 mm Trẻ em SL021-01,Hùng,1
smile-kid-sl021-01-tre-em,SMILE KID 34 mm Trẻ em SL021-01,Hương,4
smile-kid-sl021-01-tre-em,SMILE KID 34 mm Trẻ em SL021-01,Châu Ngọc Dung,5
smile-kid-sl021-01-tre-em,SMILE KID 34 mm Trẻ em SL021-01,Phan Duy Ngọc,4
smile-kid-sl021-01-tre-em,SMILE KID 34 mm Trẻ em SL021-01,Đỗ Thị Tuyết Trinh,5
smile-kid-sl143-04-tre-em,SMILE KID 41 mm Trẻ em SL143-04,Dan Tran,4
casio-mtp-v004l-7audf-nam?utm_flashsale=1,CASIO 40 mm Nam MTP-V004L-7AUDF,Kỳ,3
casio-mtp-v004l-7audf-nam?utm_flashsale=1,CASIO 40 mm Nam MTP-V004L-7AUDF,Hoàng Vân,4
casio-mtp-v004l-7audf-nam?utm_flashsale=1,CASIO 40 mm Nam MTP-V004L-7AUDF,Đinh Gia Phong,4
casio-mtp-v004l-7audf-nam?utm_flashsale=1,CASIO 40 mm Nam MTP-V004L-7AUDF,Phạm Ngọc Quân,5
casio-mtp-v004l-7audf-nam?utm_flashsale=1,CASIO 40 mm Nam MTP-V004L-7AUDF,Võ Văn Nhĩ Khang,5
casio-mtp-v004l-7audf-nam?utm_flashsale=1,CASIO 40 mm Nam MTP-V004L-7AUDF,HUỲNH VĂN ĐẠT,5
casio-mtp-v004l-7audf-nam?utm_flashsale=1,CASIO 40 mm Nam MTP-V004L-7AUDF,PHẠM TẤN NHẬT,5
casio-mtp-v004l-7audf-nam?utm_flashsale=1,CASIO 40 mm Nam MTP-V004L-7AUDF,Nguyễn Nhật Nam,5
casio-mtp-v004l-7audf-nam?utm_flashsale=1,CASIO 40 mm Nam MTP-V004L-7AUDF,Khánh HT,5
casio-mtp-v004l-7audf-nam?utm_flashsale=1,CASIO 40 mm Nam MTP-V004L-7AUDF,Võ Văn Hùng,4
casio-mtp-v004l-7audf-nam?utm_flashsale=1,CASIO 40 mm Nam MTP-V004L-7AUDF,Bùi Thanh Thuận,5
casio-mtp-v004l-7audf-nam?utm_flashsale=1,CASIO 40 mm Nam MTP-V004L-7AUDF,Lê Huỳnh Tâm,4
casio-mtp-v004l-7audf-nam?utm_flashsale=1,CASIO 40 mm Nam MTP-V004L-7AUDF,Trần Văn Minh,1
casio-mtp-v004l-7audf-nam?utm_flashsale=1,CASIO 40 mm Nam MTP-V004L-7AUDF,Nguyễn Trung Kiên,5
casio-mtp-v004l-7audf-nam?utm_flashsale=1,CASIO 40 mm Nam MTP-V004L-7AUDF,Huỳnh Nhật Toàn,5
casio-mtp-v004l-7audf-nam?utm_flashsale=1,CASIO 40 mm Nam MTP-V004L-7AUDF,Nguyễn Ngoc Hăng,5
casio-mtp-v004l-7audf-nam?utm_flashsale=1,CASIO 40 mm Nam MTP-V004L-7AUDF,Nguyễn Tiến,5
casio-mtp-v004l-7audf-nam?utm_flashsale=1,CASIO 40 mm Nam MTP-V004L-7AUDF,TRAN CONG MINH,5
casio-mtp-v004l-7audf-nam?utm_flashsale=1,CASIO 40 mm Nam MTP-V004L-7AUDF,Lê Hồng Sơn,5
casio-mtp-v004l-7audf-nam?utm_flashsale=1,CASIO 40 mm Nam MTP-V004L-7AUDF,Linh,5
casio-mtp-v004l-7audf-nam?utm_flashsale=1,CASIO 40 mm Nam MTP-V004L-7AUDF,Nguyễn Thị Hà,5
casio-mtp-v004l-7audf-nam?utm_flashsale=1,CASIO 40 mm Nam MTP-V004L-7AUDF,Nguyễn Thị Thanh Hường,5
casio-mtp-v004l-7audf-nam?utm_flashsale=1,CASIO 40 mm Nam MTP-V004L-7AUDF,Trần Thị Diễm Trang,5
casio-mtp-v004l-7audf-nam?utm_flashsale=1,CASIO 40 mm Nam MTP-V004L-7AUDF,Cảnh,5
casio-mtp-v004l-7audf-nam?utm_flashsale=1,CASIO 40 mm Nam MTP-V004L-7AUDF,Đỗ Quang Minh,5
casio-mtp-v004l-7audf-nam?utm_flashsale=1,CASIO 40 mm Nam MTP-V004L-7AUDF,Trương Hồng Phúc,5
casio-mtp-v004l-7audf-nam?utm_flashsale=1,CASIO 40 mm Nam MTP-V004L-7AUDF,Minh Hoàng,5
casio-mtp-v004l-7audf-nam?utm_flashsale=1,CASIO 40 mm Nam MTP-V004L-7AUDF,Nguyễn Lan,4
casio-mtp-v004l-7audf-nam?utm_flashsale=1,CASIO 40 mm Nam MTP-V004L-7AUDF,Huỳnh Anh Tuấn,5
casio-mtp-v004l-7audf-nam?utm_flashsale=1,CASIO 40 mm Nam MTP-V004L-7AUDF,Anh Lộc,5
casio-mtp-v004l-7audf-nam?utm_flashsale=1,CASIO 40 mm Nam MTP-V004L-7AUDF,LÊ VĂN CÔNG,5
casio-mtp-v004l-7audf-nam?utm_flashsale=1,CASIO 40 mm Nam MTP-V004L-7AUDF,Diễm,5
casio-mtp-v004l-7audf-nam?utm_flashsale=1,CASIO 40 mm Nam MTP-V004L-7AUDF,Lê Thế Nam,5
casio-mtp-v004l-7audf-nam?utm_flashsale=1,CASIO 40 mm Nam MTP-V004L-7AUDF,Lương Triều Quang,4
casio-mtp-v004l-7audf-nam?utm_flashsale=1,CASIO 40 mm Nam MTP-V004L-7AUDF,Vũ Kim Yến,4
casio-mtp-v004l-7audf-nam?utm_flashsale=1,CASIO 40 mm Nam MTP-V004L-7AUDF,Trương Nghĩa,4
casio-mtp-v004l-7audf-nam?utm_flashsale=1,CASIO 40 mm Nam MTP-V004L-7AUDF,Quân,5
casio-mtp-v004l-7audf-nam?utm_flashsale=1,CASIO 40 mm Nam MTP-V004L-7AUDF,Trần Thị Lam Giang,2
casio-mtp-v004l-7audf-nam?utm_flashsale=1,CASIO 40 mm Nam MTP-V004L-7AUDF,LÊ DUY PHONG,4
casio-mtp-v004l-7audf-nam?utm_flashsale=1,CASIO 40 mm Nam MTP-V004L-7AUDF,Chị Trang,5
casio-mtp-v004l-7audf-nam?utm_flashsale=1,CASIO 40 mm Nam MTP-V004L-7AUDF,Diễm Phúc,5
casio-mtp-v004l-7audf-nam?utm_flashsale=1,CASIO 40 mm Nam MTP-V004L-7AUDF,Phạm Nhi,5
casio-mtp-v004l-7audf-nam?utm_flashsale=1,CASIO 40 mm Nam MTP-V004L-7AUDF,Bằng,4
casio-mtp-v004l-7audf-nam?utm_flashsale=1,CASIO 40 mm Nam MTP-V004L-7AUDF,Nguyễn Song Toàn,4
casio-mtp-1375d-1avdf-nam?utm_flashsale=1,CASIO 42 mm Nam MTP-1375D-1AVDF,Trung,4
casio-mtp-1375d-1avdf-nam?utm_flashsale=1,CASIO 42 mm Nam MTP-1375D-1AVDF,P.V.Khải,5
casio-mtp-1375d-1avdf-nam?utm_flashsale=1,CASIO 42 mm Nam MTP-1375D-1AVDF,Hung,5
smile-kid-sl221l-2-tre-em,SMILE KID 40 mm Trẻ em SL221L-2,Huỳnh Bảo Đăng,1
smile-kid-sl221l-2-tre-em,SMILE KID 40 mm Trẻ em SL221L-2,Võ Thị Kim Yên,5
smile-kid-sl221l-2-tre-em,SMILE KID 40 mm Trẻ em SL221L-2,HUỲNH THANH SANG,5
smile-kid-sl221l-2-tre-em,SMILE KID 40 mm Trẻ em SL221L-2,Phan Ngọc Lệ Thủy,4
smile-kid-sl221l-2-tre-em,SMILE KID 40 mm Trẻ em SL221L-2,Thu Sương,5
smile-kid-sl221l-2-tre-em,SMILE KID 40 mm Trẻ em SL221L-2,Chị Hải,5
smile-kid-sl221l-2-tre-em,SMILE KID 40 mm Trẻ em SL221L-2,Ngô Thị Thanh Tuyền,5
smile-kid-sl221l-2-tre-em,SMILE KID 40 mm Trẻ em SL221L-2,Nguyên Hương,4
smile-kid-sl221l-2-tre-em,SMILE KID 40 mm Trẻ em SL221L-2,Anh Mão,5
smile-kid-sl221l-2-tre-em,SMILE KID 40 mm Trẻ em SL221L-2,Linh,5
smile-kid-sl221l-2-tre-em,SMILE KID 40 mm Trẻ em SL221L-2,Lâm Thị Bé Hiền,4
smile-kid-sl221l-2-tre-em,SMILE KID 40 mm Trẻ em SL221L-2,Anh Ngọc,4
smile-kid-sl221l-2-tre-em,SMILE KID 40 mm Trẻ em SL221L-2,Đông,5
smile-kid-sl221l-2-tre-em,SMILE KID 40 mm Trẻ em SL221L-2,Bùi Đức Trí,4
smile-kid-sl221l-2-tre-em,SMILE KID 40 mm Trẻ em SL221L-2,Hoa,5
smile-kid-sl221l-2-tre-em,SMILE KID 40 mm Trẻ em SL221L-2,Anh Tâm,5
smile-kid-sl221l-2-tre-em,SMILE KID 40 mm Trẻ em SL221L-2,Phương,4
smile-kid-sl058-02-tre-em,SMILE KID 42 mm Trẻ em SL058-02,Chí,3
smile-kid-sl058-02-tre-em,SMILE KID 42 mm Trẻ em SL058-02,Nguyễn Văn Huấn,4
smile-kid-sl058-02-tre-em,SMILE KID 42 mm Trẻ em SL058-02,Phượng,5
smile-kid-sl058-02-tre-em,SMILE KID 42 mm Trẻ em SL058-02,C Vân Anh,4
smile-kid-sl058-02-tre-em,SMILE KID 42 mm Trẻ em SL058-02,Huynh Be Suong,4
smile-kid-sl058-02-tre-em,SMILE KID 42 mm Trẻ em SL058-02,Phan Thị Minh Tâm,4
smile-kid-sl058-02-tre-em,SMILE KID 42 mm Trẻ em SL058-02,Anh Đường,4
smile-kid-sl058-02-tre-em,SMILE KID 42 mm Trẻ em SL058-02,Tuyền,4
smile-kid-sl058-02-tre-em,SMILE KID 42 mm Trẻ em SL058-02,Bình,5
smile-kid-sl058-02-tre-em,SMILE KID 42 mm Trẻ em SL058-02,Kim Ngọc,5
smile-kid-sl058-02-tre-em,SMILE KID 42 mm Trẻ em SL058-02,Ngọc,5
smile-kid-sl058-02-tre-em,SMILE KID 42 mm Trẻ em SL058-02,Nguyễn Thị Minh Trang,4
smile-kid-sl058-02-tre-em,SMILE KID 42 mm Trẻ em SL058-02,Đỗ Thảo Ngọc,3
smile-kid-sl058-02-tre-em,SMILE KID 42 mm Trẻ em SL058-02,Nguyễn Nga,2
smile-kid-sl058-02-tre-em,SMILE KID 42 mm Trẻ em SL058-02,Khánh,5
smile-kid-sl058-02-tre-em,SMILE KID 42 mm Trẻ em SL058-02,Hiep,5
smile-kid-sl082-01-tre-em,SMILE KID 38 mm Trẻ em SL082-01,Phạm Ngọc Trúc Giao,4
smile-kid-sl082-01-tre-em,SMILE KID 38 mm Trẻ em SL082-01,Chị Thùy,5
smile-kid-sl082-01-tre-em,SMILE KID 38 mm Trẻ em SL082-01,BÙI THỊ KIM HỒNG,4
smile-kid-sl082-01-tre-em,SMILE KID 38 mm Trẻ em SL082-01,Vo Quang Truyen,5
smile-kid-sl082-01-tre-em,SMILE KID 38 mm Trẻ em SL082-01,Sơn,4
smile-kid-sl082-01-tre-em,SMILE KID 38 mm Trẻ em SL082-01,Mai,4
smile-kid-sl082-01-tre-em,SMILE KID 38 mm Trẻ em SL082-01,Nguyễn Tấn Lực,5
smile-kid-sl082-01-tre-em,SMILE KID 38 mm Trẻ em SL082-01,Phương,4
smile-kid-sl082-01-tre-em,SMILE KID 38 mm Trẻ em SL082-01,Nguyễn Trường Thuận,5
smile-kid-sl082-01-tre-em,SMILE KID 38 mm Trẻ em SL082-01,Dung,5
smile-kid-sl082-01-tre-em,SMILE KID 38 mm Trẻ em SL082-01,Trần Trọng Hạnh,5
smile-kid-sl082-01-tre-em,SMILE KID 38 mm Trẻ em SL082-01,Chị Thắm,5
smile-kid-sl082-01-tre-em,SMILE KID 38 mm Trẻ em SL082-01,Phạm Thị Kim Thúy,5
smile-kid-sl082-01-tre-em,SMILE KID 38 mm Trẻ em SL082-01,Chị Linh,5
smile-kid-sl082-01-tre-em,SMILE KID 38 mm Trẻ em SL082-01,Lê Trần Hoàng Phúc,5
smile-kid-sl082-01-tre-em,SMILE KID 38 mm Trẻ em SL082-01,Đào Hoài Nam,3
smile-kid-sl082-01-tre-em,SMILE KID 38 mm Trẻ em SL082-01,Chị Thuý,5
smile-kid-sl082-01-tre-em,SMILE KID 38 mm Trẻ em SL082-01,Dương Văn Hữu,4
smile-kid-sl082-01-tre-em,SMILE KID 38 mm Trẻ em SL082-01,Trần Thị Minh Tân,4
smile-kid-sl082-01-tre-em,SMILE KID 38 mm Trẻ em SL082-01,Thân Thị Trang Thảo,4
smile-kid-sl082-01-tre-em,SMILE KID 38 mm Trẻ em SL082-01,Huỳnh Tuấn Em,5
mvw-mla088-02-nam?utm_flashsale=1,MVW Galaxy 43 mm Nam MLA088-02,Trần Đặng Quang Thảo,5
mvw-mla088-02-nam?utm_flashsale=1,MVW Galaxy 43 mm Nam MLA088-02,Loi,5
mvw-mla088-02-nam?utm_flashsale=1,MVW Galaxy 43 mm Nam MLA088-02,Ngang,5
mvw-mla088-02-nam?utm_flashsale=1,MVW Galaxy 43 mm Nam MLA088-02,Hiếu,4
mvw-mla088-02-nam?utm_flashsale=1,MVW Galaxy 43 mm Nam MLA088-02,Diệp Thành Phát,5
mvw-mla088-02-nam?utm_flashsale=1,MVW Galaxy 43 mm Nam MLA088-02,Lê Công Tuấn,4
mvw-mla088-02-nam?utm_flashsale=1,MVW Galaxy 43 mm Nam MLA088-02,Kha,5
mvw-mla088-02-nam?utm_flashsale=1,MVW Galaxy 43 mm Nam MLA088-02,Hậu,5
mvw-mla088-02-nam?utm_flashsale=1,MVW Galaxy 43 mm Nam MLA088-02,Võ Nhât Luân,5
mvw-mla088-02-nam?utm_flashsale=1,MVW Galaxy 43 mm Nam MLA088-02,Hùng,5
casio-ltp-1170a-7ardf-bac?utm_flashsale=1,CASIO 26.1 mm Nữ LTP-1170A-7ARDF,Hoa,4
casio-ltp-1170a-7ardf-bac?utm_flashsale=1,CASIO 26.1 mm Nữ LTP-1170A-7ARDF,Hoàng Thị Quỳnh,5
casio-ltp-1170a-7ardf-bac?utm_flashsale=1,CASIO 26.1 mm Nữ LTP-1170A-7ARDF,Nguyễn Mai Chi,5
casio-ltp-1170a-7ardf-bac?utm_flashsale=1,CASIO 26.1 mm Nữ LTP-1170A-7ARDF,Chị Nga,5
casio-ltp-1170a-7ardf-bac?utm_flashsale=1,CASIO 26.1 mm Nữ LTP-1170A-7ARDF,Chị Thanh Thanh,5
casio-ltp-1170a-7ardf-bac?utm_flashsale=1,CASIO 26.1 mm Nữ LTP-1170A-7ARDF,NGUYEN THI THUY TRANG,5
casio-ltp-1170a-7ardf-bac?utm_flashsale=1,CASIO 26.1 mm Nữ LTP-1170A-7ARDF,Lương Thị Ngọc Ánh,4
casio-ltp-1170a-7ardf-bac?utm_flashsale=1,CASIO 26.1 mm Nữ LTP-1170A-7ARDF,Cô Mến,4
casio-ltp-1170a-7ardf-bac?utm_flashsale=1,CASIO 26.1 mm Nữ LTP-1170A-7ARDF,Mơ,4
casio-ltp-1170a-7ardf-bac?utm_flashsale=1,CASIO 26.1 mm Nữ LTP-1170A-7ARDF,Chị Hoa,5
casio-mtp-v001l-7budf-nam?utm_flashsale=1,CASIO 38 mm Nam MTP-V001L-7BUDF,Phúc,5
casio-mtp-v001l-7budf-nam?utm_flashsale=1,CASIO 38 mm Nam MTP-V001L-7BUDF,Hồ Như Nguyệt,5
casio-mtp-v001l-7budf-nam?utm_flashsale=1,CASIO 38 mm Nam MTP-V001L-7BUDF,Tâm,5
casio-mtp-v001l-7budf-nam?utm_flashsale=1,CASIO 38 mm Nam MTP-V001L-7BUDF,Nguyễn Ngọc Nguyên,3
casio-mtp-v001l-7budf-nam?utm_flashsale=1,CASIO 38 mm Nam MTP-V001L-7BUDF,Trần Minh Quân,5
casio-mtp-v001l-7budf-nam?utm_flashsale=1,CASIO 38 mm Nam MTP-V001L-7BUDF,Thái Huyền,5
casio-mtp-v001l-7budf-nam?utm_flashsale=1,CASIO 38 mm Nam MTP-V001L-7BUDF,Phạm Minh Nhật,5
casio-mtp-v001l-7budf-nam?utm_flashsale=1,CASIO 38 mm Nam MTP-V001L-7BUDF,Tuân,5
casio-mtp-v001l-7budf-nam?utm_flashsale=1,CASIO 38 mm Nam MTP-V001L-7BUDF,Đặng Thanh Sâm,5
casio-mtp-v001l-7budf-nam?utm_flashsale=1,CASIO 38 mm Nam MTP-V001L-7BUDF,Sang,5
casio-mtp-v001l-7budf-nam?utm_flashsale=1,CASIO 38 mm Nam MTP-V001L-7BUDF,Phùng Thị Kiều Vân,5
casio-mtp-v001l-7budf-nam?utm_flashsale=1,CASIO 38 mm Nam MTP-V001L-7BUDF,Lê Thanh Loan,5
casio-mtp-v001l-7budf-nam?utm_flashsale=1,CASIO 38 mm Nam MTP-V001L-7BUDF,Hồ Tiến Đạt,4
casio-mtp-v001l-7budf-nam?utm_flashsale=1,CASIO 38 mm Nam MTP-V001L-7BUDF,Ngô Phương Hoàng Yến,5
casio-mtp-v001l-7budf-nam?utm_flashsale=1,CASIO 38 mm Nam MTP-V001L-7BUDF,Nguyễn Van Ut,4
casio-mtp-v001l-7budf-nam?utm_flashsale=1,CASIO 38 mm Nam MTP-V001L-7BUDF,Chị Phương,5
casio-mtp-v001l-7budf-nam?utm_flashsale=1,CASIO 38 mm Nam MTP-V001L-7BUDF,Nguyễn Thị Ngân,5
casio-mtp-v001l-7budf-nam?utm_flashsale=1,CASIO 38 mm Nam MTP-V001L-7BUDF,Thành,5
casio-mtp-v001l-7budf-nam?utm_flashsale=1,CASIO 38 mm Nam MTP-V001L-7BUDF,Đoàn Thị Hạnh,5
casio-mtp-v001l-7budf-nam?utm_flashsale=1,CASIO 38 mm Nam MTP-V001L-7BUDF,Phạm Công Khanh,3
casio-mtp-v001l-7budf-nam?utm_flashsale=1,CASIO 38 mm Nam MTP-V001L-7BUDF,Phúc,5
casio-mtp-v001l-7budf-nam?utm_flashsale=1,CASIO 38 mm Nam MTP-V001L-7BUDF,Hồ Như Nguyệt,5
casio-mtp-v001l-7budf-nam?utm_flashsale=1,CASIO 38 mm Nam MTP-V001L-7BUDF,Tâm,5
casio-mtp-v001l-7budf-nam?utm_flashsale=1,CASIO 38 mm Nam MTP-V001L-7BUDF,Nguyễn Ngọc Nguyên,3
casio-mtp-v001l-7budf-nam?utm_flashsale=1,CASIO 38 mm Nam MTP-V001L-7BUDF,Trần Minh Quân,5
casio-mtp-v001l-7budf-nam?utm_flashsale=1,CASIO 38 mm Nam MTP-V001L-7BUDF,Thái Huyền,5
casio-mtp-v001l-7budf-nam?utm_flashsale=1,CASIO 38 mm Nam MTP-V001L-7BUDF,Phạm Minh Nhật,5
casio-mtp-v001l-7budf-nam?utm_flashsale=1,CASIO 38 mm Nam MTP-V001L-7BUDF,Tuân,5
casio-mtp-v001l-7budf-nam?utm_flashsale=1,CASIO 38 mm Nam MTP-V001L-7BUDF,Đặng Thanh Sâm,5
casio-mtp-v001l-7budf-nam?utm_flashsale=1,CASIO 38 mm Nam MTP-V001L-7BUDF,Sang,5
casio-mtp-v001l-7budf-nam?utm_flashsale=1,CASIO 38 mm Nam MTP-V001L-7BUDF,Phùng Thị Kiều Vân,5
casio-mtp-v001l-7budf-nam?utm_flashsale=1,CASIO 38 mm Nam MTP-V001L-7BUDF,Lê Thanh Loan,5
casio-mtp-v001l-7budf-nam?utm_flashsale=1,CASIO 38 mm Nam MTP-V001L-7BUDF,Hồ Tiến Đạt,4
casio-mtp-v001l-7budf-nam?utm_flashsale=1,CASIO 38 mm Nam MTP-V001L-7BUDF,Ngô Phương Hoàng Yến,5
casio-mtp-v001l-7budf-nam?utm_flashsale=1,CASIO 38 mm Nam MTP-V001L-7BUDF,Nguyễn Van Ut,4
casio-mtp-v001l-7budf-nam?utm_flashsale=1,CASIO 38 mm Nam MTP-V001L-7BUDF,Chị Phương,5
casio-mtp-v001l-7budf-nam?utm_flashsale=1,CASIO 38 mm Nam MTP-V001L-7BUDF,Nguyễn Thị Ngân,5
casio-mtp-v001l-7budf-nam?utm_flashsale=1,CASIO 38 mm Nam MTP-V001L-7BUDF,Thành,5
casio-mtp-v001l-7budf-nam?utm_flashsale=1,CASIO 38 mm Nam MTP-V001L-7BUDF,Đoàn Thị Hạnh,5
casio-mtp-v001l-7budf-nam?utm_flashsale=1,CASIO 38 mm Nam MTP-V001L-7BUDF,Phạm Công Khanh,3
casio-mtp-v001l-7budf-nam?utm_flashsale=1,CASIO 38 mm Nam MTP-V001L-7BUDF,Anh Lượng,3
casio-mtp-v001l-7budf-nam?utm_flashsale=1,CASIO 38 mm Nam MTP-V001L-7BUDF,Thuần Nguyễn,5
casio-mtp-v001l-7budf-nam?utm_flashsale=1,CASIO 38 mm Nam MTP-V001L-7BUDF,Chi Nghê Thường,5
casio-mtp-v001l-7budf-nam?utm_flashsale=1,CASIO 38 mm Nam MTP-V001L-7BUDF,Nguyễn Thị Giang Hân,4
casio-mtp-v001l-7budf-nam?utm_flashsale=1,CASIO 38 mm Nam MTP-V001L-7BUDF,Bùi Dũng,5
casio-mtp-v001l-7budf-nam?utm_flashsale=1,CASIO 38 mm Nam MTP-V001L-7BUDF,Dương Minh Trí,5
casio-mtp-v001l-7budf-nam?utm_flashsale=1,CASIO 38 mm Nam MTP-V001L-7BUDF,Huy,5
casio-mtp-v001l-7budf-nam?utm_flashsale=1,CASIO 38 mm Nam MTP-V001L-7BUDF,Nguyễn Đăng Sơn,5
casio-mtp-v001l-7budf-nam?utm_flashsale=1,CASIO 38 mm Nam MTP-V001L-7BUDF,Hứa Thanh,5
casio-mtp-v001l-7budf-nam?utm_flashsale=1,CASIO 38 mm Nam MTP-V001L-7BUDF,DANG MINH KHOI,5
casio-mtp-v001l-7budf-nam?utm_flashsale=1,CASIO 38 mm Nam MTP-V001L-7BUDF,LÊ HOÀNG PHƯỚC,5
casio-mtp-v001l-7budf-nam?utm_flashsale=1,CASIO 38 mm Nam MTP-V001L-7BUDF,Trần Minh Đức,5
casio-mtp-v001l-7budf-nam?utm_flashsale=1,CASIO 38 mm Nam MTP-V001L-7BUDF,Văn Hòa,4
casio-mtp-v001l-7budf-nam?utm_flashsale=1,CASIO 38 mm Nam MTP-V001L-7BUDF,NGUYỄN ĐỨC CÔNG,4
casio-mtp-v001l-7budf-nam?utm_flashsale=1,CASIO 38 mm Nam MTP-V001L-7BUDF,Hoàng,4
casio-mtp-v001l-7budf-nam?utm_flashsale=1,CASIO 38 mm Nam MTP-V001L-7BUDF,NGUYỄN CAO HOÀNG NAM,5
casio-mtp-v001l-7budf-nam?utm_flashsale=1,CASIO 38 mm Nam MTP-V001L-7BUDF,Thái Huyền,5
casio-mtp-v001l-7budf-nam?utm_flashsale=1,CASIO 38 mm Nam MTP-V001L-7BUDF,Trịnh Minh Anh,5
casio-mtp-v001l-7budf-nam?utm_flashsale=1,CASIO 38 mm Nam MTP-V001L-7BUDF,Trần Văn Trình,5
casio-mtp-v001l-7budf-nam?utm_flashsale=1,CASIO 38 mm Nam MTP-V001L-7BUDF,Đỗ Văn Toàn,5
casio-mtp-v001l-7budf-nam?utm_flashsale=1,CASIO 38 mm Nam MTP-V001L-7BUDF,Lâm Quốc Sĩ,5
casio-mtp-v001l-7budf-nam?utm_flashsale=1,CASIO 38 mm Nam MTP-V001L-7BUDF,Quang,5
casio-mtp-v001l-7budf-nam?utm_flashsale=1,CASIO 38 mm Nam MTP-V001L-7BUDF,Nguyễn Thị Băng,5
casio-mtp-v001l-7budf-nam?utm_flashsale=1,CASIO 38 mm Nam MTP-V001L-7BUDF,Pham Phuong Nam,4
casio-mtp-v001l-7budf-nam?utm_flashsale=1,CASIO 38 mm Nam MTP-V001L-7BUDF,Lê Tuấn Anh,5
dong-ho-nam-mvw-ms074-01,MVW 42 mm Nam MS074-01,Phạm Văn Bính,5
dong-ho-nam-mvw-ms074-01,MVW 42 mm Nam MS074-01,Anh Thắng,5
dong-ho-nam-mvw-ms074-01,MVW 42 mm Nam MS074-01,Thanh,5
dong-ho-nam-mvw-ms074-01,MVW 42 mm Nam MS074-01,Hải,4
dong-ho-nam-mvw-ms074-01,MVW 42 mm Nam MS074-01,Phạm Trung Kiên,5
dong-ho-nam-mvw-ms074-01,MVW 42 mm Nam MS074-01,Nguyễn Văn Học Em,5
dong-ho-nam-mvw-ms074-01,MVW 42 mm Nam MS074-01,Trinh,4
dong-ho-nam-mvw-ms074-01,MVW 42 mm Nam MS074-01,Phan Thanh Quang,5
dong-ho-nam-mvw-ms074-01,MVW 42 mm Nam MS074-01,Lê Văn Vĩnh,4
dong-ho-nam-mvw-ms074-01,MVW 42 mm Nam MS074-01,Trần Minh Vũ,3
dong-ho-nam-mvw-ms074-01,MVW 42 mm Nam MS074-01,Phạm Nguyễn Ngọc Phúc,4
dong-ho-nam-mvw-ms074-01,MVW 42 mm Nam MS074-01,Phạm Nguyễn Ngọc Phúc,3
dong-ho-nam-mvw-ms074-01,MVW 42 mm Nam MS074-01,Diệp Đăng,3
dong-ho-nam-mvw-ms074-01,MVW 42 mm Nam MS074-01,Trần Thị Uyên,4
dong-ho-nam-mvw-ms074-01,MVW 42 mm Nam MS074-01,Hạnh,5
dong-ho-nam-mvw-ms074-01,MVW 42 mm Nam MS074-01,Chị Loan,5
dong-ho-nam-mvw-ms074-01,MVW 42 mm Nam MS074-01,Chế Phượng,4
dong-ho-nam-mvw-ms074-01,MVW 42 mm Nam MS074-01,VÕ THIỆN CHIẾN,4
dong-ho-nam-mvw-ms074-01,MVW 42 mm Nam MS074-01,ĐINH NHI HIỀN,5
dong-ho-nam-mvw-ms074-01,MVW 42 mm Nam MS074-01,Bùi Thị Yến Nhi,5
dong-ho-nam-mvw-ms074-01,MVW 42 mm Nam MS074-01,A Đáp,5
dong-ho-nam-mvw-ms074-01,MVW 42 mm Nam MS074-01,Tâm,5
dong-ho-nam-mvw-ms074-01,MVW 42 mm Nam MS074-01,Anh Bão,5
dong-ho-nam-mvw-ms074-01,MVW 42 mm Nam MS074-01,Anh Tuấn Anh,4
dong-ho-nam-mvw-ms074-01,MVW 42 mm Nam MS074-01,Trần Văn Khang,5
dong-ho-nam-mvw-ms074-01,MVW 42 mm Nam MS074-01,Thi,5
dong-ho-nam-mvw-ms074-01,MVW 42 mm Nam MS074-01,Nguyễn Văn Tiến,5
dong-ho-nam-mvw-ms074-01,MVW 42 mm Nam MS074-01,Thanh,5
dong-ho-nam-mvw-ms074-01,MVW 42 mm Nam MS074-01,Anh Việt,3
dong-ho-nam-mvw-ms074-01,MVW 42 mm Nam MS074-01,Phạm Thanh Trà,3
q-q-c24a-009vy-nam?utm_flashsale=1,Q&Q 42.5 mm Nam C24A-009VY,Lê Thị Thùy Trang,4
q-q-c24a-009vy-nam?utm_flashsale=1,Q&Q 42.5 mm Nam C24A-009VY,Nguyễn Thị Trúc Linh,5
q-q-c24a-009vy-nam?utm_flashsale=1,Q&Q 42.5 mm Nam C24A-009VY,Quỳnh,4
smile-kid-sl221l-1-tre-em,SMILE KID 40 mm Trẻ em SL221L-1,Huỳnh Ngọc Thạch,4
smile-kid-sl221l-1-tre-em,SMILE KID 40 mm Trẻ em SL221L-1,NGUYỄN HOÀNG TIẾN,5
smile-kid-sl221l-1-tre-em,SMILE KID 40 mm Trẻ em SL221L-1,Anh Vũ,5
smile-kid-sl221l-1-tre-em,SMILE KID 40 mm Trẻ em SL221L-1,Phạm Văn Hoà,4
smile-kid-sl221l-1-tre-em,SMILE KID 40 mm Trẻ em SL221L-1,PHẠM NGỌC LỰC,4
smile-kid-sl221l-1-tre-em,SMILE KID 40 mm Trẻ em SL221L-1,Chị Hợp,5
smile-kid-sl221l-1-tre-em,SMILE KID 40 mm Trẻ em SL221L-1,Chị Vân,5
smile-kid-sl221l-1-tre-em,SMILE KID 40 mm Trẻ em SL221L-1,Le Thi Thu Hong,4
smile-kid-sl221l-1-tre-em,SMILE KID 40 mm Trẻ em SL221L-1,Anh Tâm,3
smile-kid-sl221l-1-tre-em,SMILE KID 40 mm Trẻ em SL221L-1,Phan Thành,5
smile-kid-sl221l-1-tre-em,SMILE KID 40 mm Trẻ em SL221L-1,Võ Đình Thọ,3
smile-kid-sl221l-1-tre-em,SMILE KID 40 mm Trẻ em SL221L-1,Chị Đông,5
smile-kid-sl221l-1-tre-em,SMILE KID 40 mm Trẻ em SL221L-1,NEÁNG KIM THẢO,5
smile-kid-sl221l-1-tre-em,SMILE KID 40 mm Trẻ em SL221L-1,Chị Thương,5
mvw-mla088-01-nam?utm_flashsale=1,MVW Galaxy 43 mm Nam MLA088-01,Thanh Toàn,3
mvw-mla088-01-nam?utm_flashsale=1,MVW Galaxy 43 mm Nam MLA088-01,Huỳnh Hải Đăng,3
mvw-mla088-01-nam?utm_flashsale=1,MVW Galaxy 43 mm Nam MLA088-01,Võ Hồng Phúc,3
mvw-mla088-01-nam?utm_flashsale=1,MVW Galaxy 43 mm Nam MLA088-01,KhaNN,5
mvw-mla088-01-nam?utm_flashsale=1,MVW Galaxy 43 mm Nam MLA088-01,Thành Phát,5
mvw-mla088-01-nam?utm_flashsale=1,MVW Galaxy 43 mm Nam MLA088-01,Nghĩa,5
mvw-mla088-01-nam?utm_flashsale=1,MVW Galaxy 43 mm Nam MLA088-01,Thái Thủ Lĩnh,5
casio-ltp-1129a-7brdf-bac?utm_flashsale=1,CASIO 26.2 mm Nữ LTP-1129A-7BRDF,Khanh,3
casio-ltp-1129a-7brdf-bac?utm_flashsale=1,CASIO 26.2 mm Nữ LTP-1129A-7BRDF,Nguyễn Thị Phương Uyên,5
casio-ltp-1129a-7brdf-bac?utm_flashsale=1,CASIO 26.2 mm Nữ LTP-1129A-7BRDF,Mơ Tran,4
casio-ltp-1129a-7brdf-bac?utm_flashsale=1,CASIO 26.2 mm Nữ LTP-1129A-7BRDF,Thủy,5
casio-ltp-1129a-7brdf-bac?utm_flashsale=1,CASIO 26.2 mm Nữ LTP-1129A-7BRDF,Trần Quốc Mạnh,5
casio-ltp-1129a-7brdf-bac?utm_flashsale=1,CASIO 26.2 mm Nữ LTP-1129A-7BRDF,NGUYỄN THÀNH LẬP,5
casio-ltp-1129a-7brdf-bac?utm_flashsale=1,CASIO 26.2 mm Nữ LTP-1129A-7BRDF,Hà,5
casio-ltp-1129a-7brdf-bac?utm_flashsale=1,CASIO 26.2 mm Nữ LTP-1129A-7BRDF,Nguyen Thi Mai Anh,5
casio-ltp-v001d-7budf-bac?utm_flashsale=1,CASIO 25.2 mm Nữ LTP-V001D-7BUDF,Lê Hiền,3
casio-ltp-v001d-7budf-bac?utm_flashsale=1,CASIO 25.2 mm Nữ LTP-V001D-7BUDF,Thảo,5
casio-ltp-v001d-7budf-bac?utm_flashsale=1,CASIO 25.2 mm Nữ LTP-V001D-7BUDF,Quỳnh Bùi,4
casio-ltp-v001d-7budf-bac?utm_flashsale=1,CASIO 25.2 mm Nữ LTP-V001D-7BUDF,Nguyễn Ngọc Thương,5
casio-ltp-v001d-7budf-bac?utm_flashsale=1,CASIO 25.2 mm Nữ LTP-V001D-7BUDF,Huỳnh Thị Kiều Oanh,5
casio-ltp-v001d-7budf-bac?utm_flashsale=1,CASIO 25.2 mm Nữ LTP-V001D-7BUDF,Nguyễn Văn Nhựt Hào,5
casio-ltp-v001d-7budf-bac?utm_flashsale=1,CASIO 25.2 mm Nữ LTP-V001D-7BUDF,Trang,5
casio-ltp-v001d-7budf-bac?utm_flashsale=1,CASIO 25.2 mm Nữ LTP-V001D-7BUDF,Trần Thị Phương Thảo,5
casio-ltp-v001d-7budf-bac?utm_flashsale=1,CASIO 25.2 mm Nữ LTP-V001D-7BUDF,TRƯƠNG MINH CHÂU,5
casio-ltp-v001d-7budf-bac?utm_flashsale=1,CASIO 25.2 mm Nữ LTP-V001D-7BUDF,Bùi Thị Mỹ Phương,5
casio-ltp-v001d-7budf-bac?utm_flashsale=1,CASIO 25.2 mm Nữ LTP-V001D-7BUDF,Hồ Duy Vinh,5
casio-ltp-v001d-7budf-bac?utm_flashsale=1,CASIO 25.2 mm Nữ LTP-V001D-7BUDF,Nguyễn Thanh Dân,5
casio-ltp-v001d-7budf-bac?utm_flashsale=1,CASIO 25.2 mm Nữ LTP-V001D-7BUDF,Huỳnh Thị Kim Anh,5
casio-ltp-v001d-7budf-bac?utm_flashsale=1,CASIO 25.2 mm Nữ LTP-V001D-7BUDF,TRƯƠNG THỊ KIM NGUYÊN,5
casio-mtp-1303d-7avdf-nam?utm_flashsale=1,CASIO 40 mm Nam MTP-1303D-7AVDF,Sun,5
casio-mtp-1303d-7avdf-nam?utm_flashsale=1,CASIO 40 mm Nam MTP-1303D-7AVDF,Chu Sơn Tùng,5
casio-mtp-1303d-7avdf-nam?utm_flashsale=1,CASIO 40 mm Nam MTP-1303D-7AVDF,Nguyễn Hoàng Lê Duy,5
casio-mtp-1303d-7avdf-nam?utm_flashsale=1,CASIO 40 mm Nam MTP-1303D-7AVDF,Vũ Đình Đô,5
casio-mtp-1303d-7avdf-nam?utm_flashsale=1,CASIO 40 mm Nam MTP-1303D-7AVDF,Hương,5
casio-mtp-1303d-7avdf-nam?utm_flashsale=1,CASIO 40 mm Nam MTP-1303D-7AVDF,Nguyễn Thanh Nguyên,3
casio-mtp-1303d-7avdf-nam?utm_flashsale=1,CASIO 40 mm Nam MTP-1303D-7AVDF,Nguyễn Thị Cẩm Tú,5
casio-mtp-1303d-7avdf-nam?utm_flashsale=1,CASIO 40 mm Nam MTP-1303D-7AVDF,Anh Quang,4
casio-mtp-1303d-7avdf-nam?utm_flashsale=1,CASIO 40 mm Nam MTP-1303D-7AVDF,Nguyễn Quốc Thắng,5
casio-mtp-1303d-7avdf-nam?utm_flashsale=1,CASIO 40 mm Nam MTP-1303D-7AVDF,Ngô Văn Toàn,4
casio-mtp-1303d-7avdf-nam?utm_flashsale=1,CASIO 40 mm Nam MTP-1303D-7AVDF,Lê Anh Kiệt,5
casio-mtp-1303d-7avdf-nam?utm_flashsale=1,CASIO 40 mm Nam MTP-1303D-7AVDF,Nguyễn Phú Trung,5
casio-mtp-1303d-7avdf-nam?utm_flashsale=1,CASIO 40 mm Nam MTP-1303D-7AVDF,Nguyen Ngoc Thy,1
casio-mtp-1303d-7avdf-nam?utm_flashsale=1,CASIO 40 mm Nam MTP-1303D-7AVDF,Vương,5
casio-mtp-1303d-7avdf-nam?utm_flashsale=1,CASIO 40 mm Nam MTP-1303D-7AVDF,Vương Thanh Hùng,5
casio-mtp-1303d-7avdf-nam?utm_flashsale=1,CASIO 40 mm Nam MTP-1303D-7AVDF,Tuan,4
casio-mtp-1303d-7avdf-nam?utm_flashsale=1,CASIO 40 mm Nam MTP-1303D-7AVDF,Kiều Cao Cường,4
casio-mtp-1303d-7avdf-nam?utm_flashsale=1,CASIO 40 mm Nam MTP-1303D-7AVDF,A An,5
casio-mtp-1303d-7avdf-nam?utm_flashsale=1,CASIO 40 mm Nam MTP-1303D-7AVDF,Lê An Kiên,3
casio-mtp-1303d-7avdf-nam?utm_flashsale=1,CASIO 40 mm Nam MTP-1303D-7AVDF,Lý Văn Cường,5
casio-mtp-1303d-7avdf-nam?utm_flashsale=1,CASIO 40 mm Nam MTP-1303D-7AVDF,Hoàng Tuấn,5
casio-mtp-1303d-7avdf-nam?utm_flashsale=1,CASIO 40 mm Nam MTP-1303D-7AVDF,Lê Hoàng Anh,5
casio-mtp-1303d-7avdf-nam?utm_flashsale=1,CASIO 40 mm Nam MTP-1303D-7AVDF,103807 - Lê Hữu Liền,5
casio-mtp-1303d-7avdf-nam?utm_flashsale=1,CASIO 40 mm Nam MTP-1303D-7AVDF,Nguyễn Thị Tuyết Nhung,4
mvw-star-mla005-01n-nam?utm_flashsale=1,MVW Star Automatic 42 mm Nam MLA005-01N,A Toàn,3
mvw-star-mla005-01n-nam?utm_flashsale=1,MVW Star Automatic 42 mm Nam MLA005-01N,Hồ Chí Cường,4
mvw-star-mla005-01n-nam?utm_flashsale=1,MVW Star Automatic 42 mm Nam MLA005-01N,Nguyễn Đức Huy,3
mvw-star-mla005-01n-nam?utm_flashsale=1,MVW Star Automatic 42 mm Nam MLA005-01N,Anh Lâm,5
mvw-star-mla005-01n-nam?utm_flashsale=1,MVW Star Automatic 42 mm Nam MLA005-01N,Thuận,3
mvw-star-mla005-01n-nam?utm_flashsale=1,MVW Star Automatic 42 mm Nam MLA005-01N,Võ Tấn Thành Khang,5
mvw-star-mla005-01n-nam?utm_flashsale=1,MVW Star Automatic 42 mm Nam MLA005-01N,Phạm Bá Đạt,5
mvw-star-mla005-01n-nam?utm_flashsale=1,MVW Star Automatic 42 mm Nam MLA005-01N,Nguyễn Nhi,5
mvw-star-mla005-01n-nam?utm_flashsale=1,MVW Star Automatic 42 mm Nam MLA005-01N,Khôi,4
mvw-star-mla005-01n-nam?utm_flashsale=1,MVW Star Automatic 42 mm Nam MLA005-01N,Triết,5
mvw-star-mla005-01n-nam?utm_flashsale=1,MVW Star Automatic 42 mm Nam MLA005-01N,Trần Hoàn Kiếm,2
mvw-star-mla005-01n-nam?utm_flashsale=1,MVW Star Automatic 42 mm Nam MLA005-01N,Huỳnh Ngọc Thọ,4
mvw-star-mla005-01n-nam?utm_flashsale=1,MVW Star Automatic 42 mm Nam MLA005-01N,Thu Hiền,5
mvw-star-mla005-01n-nam?utm_flashsale=1,MVW Star Automatic 42 mm Nam MLA005-01N,Thư,4
mvw-star-mla005-01n-nam?utm_flashsale=1,MVW Star Automatic 42 mm Nam MLA005-01N,Nguyễn Thành Khánh,4
mvw-star-mla005-01n-nam?utm_flashsale=1,MVW Star Automatic 42 mm Nam MLA005-01N,Kha,4
mvw-star-mla005-01n-nam?utm_flashsale=1,MVW Star Automatic 42 mm Nam MLA005-01N,Chơn Thiền,5
mvw-mla084-01-s2-nam?utm_flashsale=1,MVW Star Automatic 41 mm Nam MLA084-01-S2,Huỳnh Chí Dũng,5
mvw-mla084-01-s2-nam?utm_flashsale=1,MVW Star Automatic 41 mm Nam MLA084-01-S2,Nhân,4
elio-el086-02-nu,ELIO 28 mm Nữ EL086-02,Nguyễn Hoa,4
elio-el086-02-nu,ELIO 28 mm Nữ EL086-02,PHẠM THỊ LỆ,5
elio-el086-02-nu,ELIO 28 mm Nữ EL086-02,Ánh Mỹ,5
elio-el086-02-nu,ELIO 28 mm Nữ EL086-02,Mai Văn Kiệt,4
elio-el086-02-nu,ELIO 28 mm Nữ EL086-02,Minh Đức,5
elio-el086-02-nu,ELIO 28 mm Nữ EL086-02,Nguyễn Thị Liễu,5
elio-el086-02-nu,ELIO 28 mm Nữ EL086-02,Minh Thư,5
elio-el086-02-nu,ELIO 28 mm Nữ EL086-02,Bùi Thuý Ngọc,4
elio-el086-02-nu,ELIO 28 mm Nữ EL086-02,Phượng,5
elio-el086-02-nu,ELIO 28 mm Nữ EL086-02,Chị HUỆ,5
smile-kid-sl121-03-tre-em,SMILE KID 29 mm Trẻ em SL121-03,Hiền,5
smile-kid-sl121-03-tre-em,SMILE KID 29 mm Trẻ em SL121-03,Phan Thị Xuân Duyên,5
smile-kid-sl121-03-tre-em,SMILE KID 29 mm Trẻ em SL121-03,Phạm Trung Thắng,4
smile-kid-sl121-03-tre-em,SMILE KID 29 mm Trẻ em SL121-03,NGUYỄN QUỐC QUY,5
smile-kid-sl121-03-tre-em,SMILE KID 29 mm Trẻ em SL121-03,Hoàng Văn Khoa,5
smile-kid-sl121-03-tre-em,SMILE KID 29 mm Trẻ em SL121-03,Nguyễn Hoàng Ninh,5
smile-kid-sl121-03-tre-em,SMILE KID 29 mm Trẻ em SL121-03,Nguyễn Thanh Long,4
smile-kid-sl121-03-tre-em,SMILE KID 29 mm Trẻ em SL121-03,Tuyền,4
smile-kid-sl121-03-tre-em,SMILE KID 29 mm Trẻ em SL121-03,Chị Hương,4
smile-kid-sl121-03-tre-em,SMILE KID 29 mm Trẻ em SL121-03,A Thắng,5
casio-ltp-1129a-7ardf-bac?utm_flashsale=1,CASIO 26 mm Nữ LTP-1129A-7ARDF,Cao Nguyễn Hải Đăng,4
casio-ltp-1129a-7ardf-bac?utm_flashsale=1,CASIO 26 mm Nữ LTP-1129A-7ARDF,Phương,4
casio-ltp-1129a-7ardf-bac?utm_flashsale=1,CASIO 26 mm Nữ LTP-1129A-7ARDF,Đỗ Minh Lý Hải,5
casio-ltp-1129a-7ardf-bac?utm_flashsale=1,CASIO 26 mm Nữ LTP-1129A-7ARDF,Minh Ngọc,5
casio-ltp-1129a-7ardf-bac?utm_flashsale=1,CASIO 26 mm Nữ LTP-1129A-7ARDF,Đỗ Thị Thuỳ Dung,5
casio-ltp-1129a-7ardf-bac?utm_flashsale=1,CASIO 26 mm Nữ LTP-1129A-7ARDF,An,4
casio-ltp-1129a-7ardf-bac?utm_flashsale=1,CASIO 26 mm Nữ LTP-1129A-7ARDF,Uyên,4
casio-ltp-1129a-7ardf-bac?utm_flashsale=1,CASIO 26 mm Nữ LTP-1129A-7ARDF,Nguyễn Tấn Phong,4
casio-ltp-1129a-7ardf-bac?utm_flashsale=1,CASIO 26 mm Nữ LTP-1129A-7ARDF,Chị Tiểu Thu,5
elio-el040-01-nu,ELIO Nắng Xuân 28 mm Nữ EL040-01,Nguyễn Huy Hoàng,2
elio-el040-01-nu,ELIO Nắng Xuân 28 mm Nữ EL040-01,Đoàn Dũng Liêm,5
elio-el040-01-nu,ELIO Nắng Xuân 28 mm Nữ EL040-01,Lê Chí Khanh,5
elio-el040-01-nu,ELIO Nắng Xuân 28 mm Nữ EL040-01,Võ Thị Lệ Hằng,5
elio-el040-01-nu,ELIO Nắng Xuân 28 mm Nữ EL040-01,Chị Hiền,3
elio-el040-01-nu,ELIO Nắng Xuân 28 mm Nữ EL040-01,Phạm Hạnh,5
elio-el040-01-nu,ELIO Nắng Xuân 28 mm Nữ EL040-01,Lê Thị Thúy Vân,5
elio-el040-01-nu,ELIO Nắng Xuân 28 mm Nữ EL040-01,Chị Hoa,3
elio-el040-01-nu,ELIO Nắng Xuân 28 mm Nữ EL040-01,Diễm,5
elio-el040-01-nu,ELIO Nắng Xuân 28 mm Nữ EL040-01,Nguyễn Quang Hưởng,5
elio-el040-01-nu,ELIO Nắng Xuân 28 mm Nữ EL040-01,Trần Văn Lưu,4
elio-el040-01-nu,ELIO Nắng Xuân 28 mm Nữ EL040-01,Chị Thuỳ,4
elio-el040-01-nu,ELIO Nắng Xuân 28 mm Nữ EL040-01,Vương,5
elio-el040-01-nu,ELIO Nắng Xuân 28 mm Nữ EL040-01,Nguyễn Ngọc Hà,4
elio-el040-01-nu,ELIO Nắng Xuân 28 mm Nữ EL040-01,Thảo,4
casio-ltp-1183g-7adf-bac?utm_flashsale=1,CASIO 25 mm Nữ LTP-1183G-7ADF,Võ Thị Thúy An,4
casio-ltp-1183g-7adf-bac?utm_flashsale=1,CASIO 25 mm Nữ LTP-1183G-7ADF,Nguyễn Thị Lân,4
casio-ltp-1183g-7adf-bac?utm_flashsale=1,CASIO 25 mm Nữ LTP-1183G-7ADF,Chi Hằng,5
casio-ltp-1183g-7adf-bac?utm_flashsale=1,CASIO 25 mm Nữ LTP-1183G-7ADF,Chị Nương,4
casio-ltp-1183g-7adf-bac?utm_flashsale=1,CASIO 25 mm Nữ LTP-1183G-7ADF,Hồ Ngọc,5
casio-ltp-1183g-7adf-bac?utm_flashsale=1,CASIO 25 mm Nữ LTP-1183G-7ADF,Trịnh Lệ Phương,4
casio-ltp-1183g-7adf-bac?utm_flashsale=1,CASIO 25 mm Nữ LTP-1183G-7ADF,Anh Hà,2
smile-kid-sl128-02-tre-em,SMILE KID 38 mm Trẻ em SL128-02,Phạm Xuân Ánh,4
smile-kid-sl128-02-tre-em,SMILE KID 38 mm Trẻ em SL128-02,Phạm Văn Tám,5
smile-kid-sl128-02-tre-em,SMILE KID 38 mm Trẻ em SL128-02,Anh Phát,5
smile-kid-sl128-02-tre-em,SMILE KID 38 mm Trẻ em SL128-02,Nguyễn Ngọc Mai,4
smile-kid-sl128-02-tre-em,SMILE KID 38 mm Trẻ em SL128-02,Mỹ Tiên,5
smile-kid-sl128-02-tre-em,SMILE KID 38 mm Trẻ em SL128-02,Nguyễn Phương Châm,4
smile-kid-sl128-02-tre-em,SMILE KID 38 mm Trẻ em SL128-02,Tôn,5
q-q-c04a-017py-nu,Q&Q 38 mm Nữ C04A-017PY,Nguyễn Đào,5
q-q-c04a-017py-nu,Q&Q 38 mm Nữ C04A-017PY,Nguyễn Hồng Phiêu,5
q-q-c04a-017py-nu,Q&Q 38 mm Nữ C04A-017PY,Thùy Linh,5
q-q-a212j004y-unisex,Q&Q 38 mm Unisex A212J004Y,Lê Huỳnh Anh,5
q-q-a212j004y-unisex,Q&Q 38 mm Unisex A212J004Y,Nhan Nguyen Hoang,4
q-q-a212j004y-unisex,Q&Q 38 mm Unisex A212J004Y,Trương Thanh Tâm,4
q-q-a212j004y-unisex,Q&Q 38 mm Unisex A212J004Y,Nguyễn Thị Cẩm Tú,5
q-q-a212j004y-unisex,Q&Q 38 mm Unisex A212J004Y,NGUYỄN ĐỨC VINH,4
q-q-a212j004y-unisex,Q&Q 38 mm Unisex A212J004Y,Hà,2
q-q-a212j004y-unisex,Q&Q 38 mm Unisex A212J004Y,Kim Anh,5
q-q-a212j004y-unisex,Q&Q 38 mm Unisex A212J004Y,Lê Như Ngọc,5
q-q-a212j004y-unisex,Q&Q 38 mm Unisex A212J004Y,Hà,5
q-q-a212j004y-unisex,Q&Q 38 mm Unisex A212J004Y,Vương Văn Trọng,5
q-q-a212j004y-unisex,Q&Q 38 mm Unisex A212J004Y,Trần Thu Ngân,3
q-q-a212j004y-unisex,Q&Q 38 mm Unisex A212J004Y,Anh Danh,1
q-q-a212j004y-unisex,Q&Q 38 mm Unisex A212J004Y,Chị Dung,5
q-q-a212j004y-unisex,Q&Q 38 mm Unisex A212J004Y,Hoàng,1
q-q-a212j004y-unisex,Q&Q 38 mm Unisex A212J004Y,Lê Thị Hà,4
q-q-a212j004y-unisex,Q&Q 38 mm Unisex A212J004Y,Lương Trung Thien,5
q-q-a212j004y-unisex,Q&Q 38 mm Unisex A212J004Y,Duy Anh,4
q-q-a212j004y-unisex,Q&Q 38 mm Unisex A212J004Y,Nguyễn Thị Mỹ Duyên,5
q-q-a212j004y-unisex,Q&Q 38 mm Unisex A212J004Y,Nguyễn Cảnh Tiên,5
mvw-ms064-01-nam,MVW 40 mm Nam MS064-01,Vũ,5
mvw-ms064-01-nam,MVW 40 mm Nam MS064-01,Nguyễn Văn Hạnh,4
mvw-ms064-01-nam,MVW 40 mm Nam MS064-01,Hồ Viết Tường,3
mvw-ms064-01-nam,MVW 40 mm Nam MS064-01,Đặng Vủ Bằng,5
mvw-ms064-01-nam,MVW 40 mm Nam MS064-01,Lê Viết Hưng,5
mvw-ms064-01-nam,MVW 40 mm Nam MS064-01,Minh Thiện,5
mvw-ms064-01-nam,MVW 40 mm Nam MS064-01,A Hải,4
mvw-ms064-01-nam,MVW 40 mm Nam MS064-01,NGUYỄN THỊ DẠ HƯƠNG,5
mvw-ms064-01-nam,MVW 40 mm Nam MS064-01,Anh Hiền,3
mvw-ms064-01-nam,MVW 40 mm Nam MS064-01,Nguyễn Thanh Thoát,5
mvw-ms064-01-nam,MVW 40 mm Nam MS064-01,Kim Tiền,4
mvw-ms064-01-nam,MVW 40 mm Nam MS064-01,Chu Văn Phúc,5
mvw-ms064-01-nam,MVW 40 mm Nam MS064-01,A.Học,4
mvw-ms064-01-nam,MVW 40 mm Nam MS064-01,Đức,5
mvw-ms064-01-nam,MVW 40 mm Nam MS064-01,Sáng,2
mvw-ms064-01-nam,MVW 40 mm Nam MS064-01,Nam,4
mvw-ms064-01-nam,MVW 40 mm Nam MS064-01,Võ Văn Nhi,5
mvw-ms064-01-nam,MVW 40 mm Nam MS064-01,TỪ VĂN HUYNH,4
mvw-ms064-01-nam,MVW 40 mm Nam MS064-01,Quân,5
mvw-ms064-01-nam,MVW 40 mm Nam MS064-01,La Minh,5
mvw-ms064-01-nam,MVW 40 mm Nam MS064-01,Đặng Văn Luồi,4
mvw-ms064-01-nam,MVW 40 mm Nam MS064-01,Ngọc Kiêm,5
casio-ltp-v004l-7audf-den?utm_flashsale=1,CASIO 30 mm Nữ LTP-V004L-7AUDF,Mỹ Sang,5
casio-ltp-v004l-7audf-den?utm_flashsale=1,CASIO 30 mm Nữ LTP-V004L-7AUDF,Huỳnh Thị Thanh Vy,5
casio-ltp-v004l-7audf-den?utm_flashsale=1,CASIO 30 mm Nữ LTP-V004L-7AUDF,Em Linh,5
casio-ltp-v004l-7audf-den?utm_flashsale=1,CASIO 30 mm Nữ LTP-V004L-7AUDF,Kim Chi,5
casio-ltp-v004l-7audf-den?utm_flashsale=1,CASIO 30 mm Nữ LTP-V004L-7AUDF,Thanh Vân,4
casio-ltp-v004l-7audf-den?utm_flashsale=1,CASIO 30 mm Nữ LTP-V004L-7AUDF,Võ Đào Gia Linh,5
casio-ltp-v004l-7audf-den?utm_flashsale=1,CASIO 30 mm Nữ LTP-V004L-7AUDF,THẠCH THỊ SÔ THIA,4
casio-ltp-v004l-7audf-den?utm_flashsale=1,CASIO 30 mm Nữ LTP-V004L-7AUDF,Em Quyên,5
casio-ltp-v004l-7audf-den?utm_flashsale=1,CASIO 30 mm Nữ LTP-V004L-7AUDF,Phạm Thị Ngọc Lê,4
casio-ltp-v004l-7audf-den?utm_flashsale=1,CASIO 30 mm Nữ LTP-V004L-7AUDF,Chị Ít,4
casio-ltp-v004l-7audf-den?utm_flashsale=1,CASIO 30 mm Nữ LTP-V004L-7AUDF,Đoàn Phước Minh,4
casio-ltp-1170g-7ardf-bac?utm_flashsale=1,CASIO 26.1 mm Nữ LTP-1170G-7ARDF,Hương,5
casio-ltp-1170g-7ardf-bac?utm_flashsale=1,CASIO 26.1 mm Nữ LTP-1170G-7ARDF,Nam,5
casio-ltp-1170g-7ardf-bac?utm_flashsale=1,CASIO 26.1 mm Nữ LTP-1170G-7ARDF,Trần Thanh Hoàng,5
casio-ltp-1170g-7ardf-bac?utm_flashsale=1,CASIO 26.1 mm Nữ LTP-1170G-7ARDF,Thảo,4
casio-ltp-1170g-7ardf-bac?utm_flashsale=1,CASIO 26.1 mm Nữ LTP-1170G-7ARDF,NGUYỄN DUY KHÁNH,5
casio-ltp-1170g-7ardf-bac?utm_flashsale=1,CASIO 26.1 mm Nữ LTP-1170G-7ARDF,Cô Thân,4
casio-ltp-1170g-7ardf-bac?utm_flashsale=1,CASIO 26.1 mm Nữ LTP-1170G-7ARDF,Chị Điệp,4
q-q-m154j002y-unisex,Q&Q 39 mm Unisex M154J002Y,TRƯƠNG THỊ HƯƠNG,4
q-q-m154j002y-unisex,Q&Q 39 mm Unisex M154J002Y,Chú Trung,4
q-q-m154j002y-unisex,Q&Q 39 mm Unisex M154J002Y,Võ Thị Phượng Trinh,5
q-q-m154j002y-unisex,Q&Q 39 mm Unisex M154J002Y,Trang,5
q-q-m154j002y-unisex,Q&Q 39 mm Unisex M154J002Y,Chị YẾN,5
q-q-m154j002y-unisex,Q&Q 39 mm Unisex M154J002Y,Văn,4
q-q-m154j002y-unisex,Q&Q 39 mm Unisex M154J002Y,Hoàng Thị Luấn,4
q-q-m154j002y-unisex,Q&Q 39 mm Unisex M154J002Y,Linh,5
q-q-m154j002y-unisex,Q&Q 39 mm Unisex M154J002Y,Anh Hưng,4
q-q-m154j002y-unisex,Q&Q 39 mm Unisex M154J002Y,THAI THI THUY TRANG,4
elio-ec001-02-nu?utm_flashsale=1,ELIO Nàng Thơ 30 mm Nữ EC001-02,Quyên,4
elio-ec001-02-nu?utm_flashsale=1,ELIO Nàng Thơ 30 mm Nữ EC001-02,LÊ ĐÌNH XUÂN,4
elio-ec001-02-nu?utm_flashsale=1,ELIO Nàng Thơ 30 mm Nữ EC001-02,Nguyễn Quang Huy,5
elio-ec001-02-nu?utm_flashsale=1,ELIO Nàng Thơ 30 mm Nữ EC001-02,Anh Tuấn,4
elio-ec001-02-nu?utm_flashsale=1,ELIO Nàng Thơ 30 mm Nữ EC001-02,C Ngân,4
elio-ec001-02-nu?utm_flashsale=1,ELIO Nàng Thơ 30 mm Nữ EC001-02,Trương Ngọc Toàn,5
elio-ec001-02-nu?utm_flashsale=1,ELIO Nàng Thơ 30 mm Nữ EC001-02,Chị Thọ,5
elio-ec001-02-nu?utm_flashsale=1,ELIO Nàng Thơ 30 mm Nữ EC001-02,Phương,4
elio-ec001-02-nu?utm_flashsale=1,ELIO Nàng Thơ 30 mm Nữ EC001-02,Hồ Thanh Phong,5
elio-ec001-02-nu?utm_flashsale=1,ELIO Nàng Thơ 30 mm Nữ EC001-02,Huy,4
casio-mtp-1374l-1avdf-nam?utm_flashsale=1,CASIO 43.5 mm Nam MTP-1374L-1AVDF,Ngô Minh Chí,4
casio-mtp-1374l-1avdf-nam?utm_flashsale=1,CASIO 43.5 mm Nam MTP-1374L-1AVDF,LƯU VĂN TÝ,4
casio-mtp-1374l-1avdf-nam?utm_flashsale=1,CASIO 43.5 mm Nam MTP-1374L-1AVDF,CHU TUẤN DƯƠNG,5
casio-mtp-1374l-1avdf-nam?utm_flashsale=1,CASIO 43.5 mm Nam MTP-1374L-1AVDF,Anh Luân,3
casio-mtp-1374l-1avdf-nam?utm_flashsale=1,CASIO 43.5 mm Nam MTP-1374L-1AVDF,Nguyễn Trường Sang,4
casio-mtp-1302d-7a2vdf-nam?utm_flashsale=1,CASIO 38.5 mm Nam MTP-1302D-7A2VDF,Học,5
casio-mtp-1302d-7a2vdf-nam?utm_flashsale=1,CASIO 38.5 mm Nam MTP-1302D-7A2VDF,Nguyễn Văn Tùng Lâm,1
casio-mtp-1302d-7a2vdf-nam?utm_flashsale=1,CASIO 38.5 mm Nam MTP-1302D-7A2VDF,Trần Thế Viễn,4
casio-mtp-1302d-7a2vdf-nam?utm_flashsale=1,CASIO 38.5 mm Nam MTP-1302D-7A2VDF,Chị Trúc,5
casio-mtp-1302d-7a2vdf-nam?utm_flashsale=1,CASIO 38.5 mm Nam MTP-1302D-7A2VDF,Võ Hùng,4
casio-mtp-1302d-7a2vdf-nam?utm_flashsale=1,CASIO 38.5 mm Nam MTP-1302D-7A2VDF,Phạm Trung Trực,5
casio-mtp-1302d-7a2vdf-nam?utm_flashsale=1,CASIO 38.5 mm Nam MTP-1302D-7A2VDF,Thanh Trung,5
casio-mtp-1302d-7a2vdf-nam?utm_flashsale=1,CASIO 38.5 mm Nam MTP-1302D-7A2VDF,Phạm Văn Nam,5
casio-mtp-1302d-7a2vdf-nam?utm_flashsale=1,CASIO 38.5 mm Nam MTP-1302D-7A2VDF,Thanh Linh,5
casio-mtp-1302d-7a2vdf-nam?utm_flashsale=1,CASIO 38.5 mm Nam MTP-1302D-7A2VDF,Nguyễn Ngọc Bích Trâm,5
casio-mtp-1302d-7a2vdf-nam?utm_flashsale=1,CASIO 38.5 mm Nam MTP-1302D-7A2VDF,PHẠM SƠN LÂM,5
casio-mtp-1302d-7a2vdf-nam?utm_flashsale=1,CASIO 38.5 mm Nam MTP-1302D-7A2VDF,Nguyễn Trung Kiên,4
casio-mtp-1302d-7a2vdf-nam?utm_flashsale=1,CASIO 38.5 mm Nam MTP-1302D-7A2VDF,Minh,5
casio-mtp-1302d-7a2vdf-nam?utm_flashsale=1,CASIO 38.5 mm Nam MTP-1302D-7A2VDF,Vũ Chí Huy,4
casio-mtp-1302d-7a2vdf-nam?utm_flashsale=1,CASIO 38.5 mm Nam MTP-1302D-7A2VDF,Huỳnh Hiếu,4
casio-mtp-1302d-7a2vdf-nam?utm_flashsale=1,CASIO 38.5 mm Nam MTP-1302D-7A2VDF,Đoàn Quốc Việt,4
casio-mtp-1302d-7a2vdf-nam?utm_flashsale=1,CASIO 38.5 mm Nam MTP-1302D-7A2VDF,Tiến,5
casio-mtp-1302d-7a2vdf-nam?utm_flashsale=1,CASIO 38.5 mm Nam MTP-1302D-7A2VDF,Lê Minh Đương,5
casio-mtp-1302d-7a2vdf-nam?utm_flashsale=1,CASIO 38.5 mm Nam MTP-1302D-7A2VDF,Trần Văn Tân,3
casio-mtp-1302d-7a2vdf-nam?utm_flashsale=1,CASIO 38.5 mm Nam MTP-1302D-7A2VDF,Nguyễn Thi Thu Huong,4
casio-mtp-1302d-7a2vdf-nam?utm_flashsale=1,CASIO 38.5 mm Nam MTP-1302D-7A2VDF,Lê Phú Quốc,5
casio-mtp-1302d-7a2vdf-nam?utm_flashsale=1,CASIO 38.5 mm Nam MTP-1302D-7A2VDF,Nguyễn Đức Thắng,5
casio-mtp-1302d-7a2vdf-nam?utm_flashsale=1,CASIO 38.5 mm Nam MTP-1302D-7A2VDF,Huỳnh Văn Chọn,5
casio-mtp-1302d-7a2vdf-nam?utm_flashsale=1,CASIO 38.5 mm Nam MTP-1302D-7A2VDF,Phạm Thanh Nhã,4
casio-mtp-1302d-7a2vdf-nam?utm_flashsale=1,CASIO 38.5 mm Nam MTP-1302D-7A2VDF,Phạm Hồng Hải,5
casio-mtp-1302d-7a2vdf-nam?utm_flashsale=1,CASIO 38.5 mm Nam MTP-1302D-7A2VDF,Côn,4
casio-mtp-1302d-7a2vdf-nam?utm_flashsale=1,CASIO 38.5 mm Nam MTP-1302D-7A2VDF,Trần Bá Tú,5
casio-mtp-1302d-7a2vdf-nam?utm_flashsale=1,CASIO 38.5 mm Nam MTP-1302D-7A2VDF,Nguyễn Trung Kiên,4
casio-mtp-1302d-7a2vdf-nam?utm_flashsale=1,CASIO 38.5 mm Nam MTP-1302D-7A2VDF,Nguyễn Trọng Nghĩa,5
casio-mtp-1302d-7a2vdf-nam?utm_flashsale=1,CASIO 38.5 mm Nam MTP-1302D-7A2VDF,Châu Trần Công Đạt,5
casio-mtp-1302d-7a2vdf-nam?utm_flashsale=1,CASIO 38.5 mm Nam MTP-1302D-7A2VDF,Nguyen Ngoc Minh,4
casio-mtp-1302d-7a2vdf-nam?utm_flashsale=1,CASIO 38.5 mm Nam MTP-1302D-7A2VDF,Do Thanh Phuoc,4
casio-mtp-1302d-7a2vdf-nam?utm_flashsale=1,CASIO 38.5 mm Nam MTP-1302D-7A2VDF,Trần Chí Nghĩa,4
casio-mtp-1302d-7a2vdf-nam?utm_flashsale=1,CASIO 38.5 mm Nam MTP-1302D-7A2VDF,Phạm Quang Trường,3
casio-mtp-1302d-7a2vdf-nam?utm_flashsale=1,CASIO 38.5 mm Nam MTP-1302D-7A2VDF,A Cương,4
casio-mtp-1302d-7a2vdf-nam?utm_flashsale=1,CASIO 38.5 mm Nam MTP-1302D-7A2VDF,A Nam,1
casio-mtp-1302d-7a2vdf-nam?utm_flashsale=1,CASIO 38.5 mm Nam MTP-1302D-7A2VDF,Sơn Thị Bích Nga,5
casio-mtp-1302d-7a2vdf-nam?utm_flashsale=1,CASIO 38.5 mm Nam MTP-1302D-7A2VDF,Trịnh Hoàng Duy Chương,5
casio-mtp-1302d-7a2vdf-nam?utm_flashsale=1,CASIO 38.5 mm Nam MTP-1302D-7A2VDF,Mẫn Nhi,3
casio-mtp-1302d-7a2vdf-nam?utm_flashsale=1,CASIO 38.5 mm Nam MTP-1302D-7A2VDF,Anh Vinh,1
casio-mtp-1302d-7a2vdf-nam?utm_flashsale=1,CASIO 38.5 mm Nam MTP-1302D-7A2VDF,Lý Thành Đạt,5
casio-mtp-1302d-7a2vdf-nam?utm_flashsale=1,CASIO 38.5 mm Nam MTP-1302D-7A2VDF,Nhi,4
elio-el008-02-nu,ELIO 34.8 mm Nữ EL008,Bùi Quang Dũng,5
elio-el008-02-nu,ELIO 34.8 mm Nữ EL008,Ngọc Thảo,5
elio-el008-02-nu,ELIO 34.8 mm Nữ EL008,LÊ THỊ THÙY TRANG,5
elio-el008-02-nu,ELIO 34.8 mm Nữ EL008,Yến,5
elio-el008-02-nu,ELIO 34.8 mm Nữ EL008,Lê Thị Thuỳ An,5
elio-el008-02-nu,ELIO 34.8 mm Nữ EL008,Huy,5
elio-el008-02-nu,ELIO 34.8 mm Nữ EL008,Nguyễn Trần San,5
elio-el008-02-nu,ELIO 34.8 mm Nữ EL008,Anh Vũ Đức Trung,5
elio-el008-02-nu,ELIO 34.8 mm Nữ EL008,Chị Hồng,4
elio-el008-02-nu,ELIO 34.8 mm Nữ EL008,Phạm Thanh Tùng,4
elio-el008-02-nu,ELIO 34.8 mm Nữ EL008,Trần Thị Huệ,4
elio-el008-02-nu,ELIO 34.8 mm Nữ EL008,Thúy Hằng,3
elio-el008-02-nu,ELIO 34.8 mm Nữ EL008,Đinh Thị Trang,5
elio-el008-02-nu,ELIO 34.8 mm Nữ EL008,Quyên,5
elio-el008-02-nu,ELIO 34.8 mm Nữ EL008,Khải,5
elio-el008-02-nu,ELIO 34.8 mm Nữ EL008,Mã An Giang,5
elio-el008-02-nu,ELIO 34.8 mm Nữ EL008,Lê Thị Quỳnh Như,5
elio-el008-02-nu,ELIO 34.8 mm Nữ EL008,Trang Trần,4
elio-el008-02-nu,ELIO 34.8 mm Nữ EL008,Chị Huệ,5
elio-el008-02-nu,ELIO 34.8 mm Nữ EL008,Huy,4
elio-el008-02-nu,ELIO 34.8 mm Nữ EL008,Thảo,5
elio-el008-02-nu,ELIO 34.8 mm Nữ EL008,Kiên,5
smile-kid-sl056-01,SMILE KID 34 mm Trẻ em SL056-01,TRÂN LÊ THANH THIÊN,3
smile-kid-sl056-01,SMILE KID 34 mm Trẻ em SL056-01,Phạm Tuấn Anh,1
smile-kid-sl056-01,SMILE KID 34 mm Trẻ em SL056-01,Chị Vân,5
smile-kid-sl056-01,SMILE KID 34 mm Trẻ em SL056-01,NGUYỄN CHÍ HIẾU,4
smile-kid-sl056-01,SMILE KID 34 mm Trẻ em SL056-01,Lê Thị Mỹ Hạnh,5
smile-kid-sl056-01,SMILE KID 34 mm Trẻ em SL056-01,Chị Loan,5
smile-kid-sl056-01,SMILE KID 34 mm Trẻ em SL056-01,Le Huu Phong,4
smile-kid-sl056-01,SMILE KID 34 mm Trẻ em SL056-01,Đỗ Thu Hương,4
smile-kid-sl056-01,SMILE KID 34 mm Trẻ em SL056-01,Đinh Thi Ngoc Anh,5
smile-kid-sl056-01,SMILE KID 34 mm Trẻ em SL056-01,A Tú,4
smile-kid-sl056-01,SMILE KID 34 mm Trẻ em SL056-01,Chị Hòa,4
smile-kid-sl056-01,SMILE KID 34 mm Trẻ em SL056-01,Tuân,5
mvw-ms073-01-nam,MVW Sport 41 mm Nam MS073-01,Nguyễn Thanh Toàn,5
mvw-ms073-01-nam,MVW Sport 41 mm Nam MS073-01,Vũ,5
mvw-ms073-01-nam,MVW Sport 41 mm Nam MS073-01,Lương Văn Hoạt,5
mvw-ms073-01-nam,MVW Sport 41 mm Nam MS073-01,Lương Văn Hoạt,5
mvw-ms073-01-nam,MVW Sport 41 mm Nam MS073-01,PHAN THỊ NGỌC HƯƠNG,5
mvw-ms073-01-nam,MVW Sport 41 mm Nam MS073-01,Nguyễn Văn Hạnh,5
mvw-ms073-01-nam,MVW Sport 41 mm Nam MS073-01,PHẠM QUỐC ĐẠT,3
mvw-ms073-01-nam,MVW Sport 41 mm Nam MS073-01,Đức,3
mvw-ms073-01-nam,MVW Sport 41 mm Nam MS073-01,Nguyễn Chau,5
mvw-ms073-01-nam,MVW Sport 41 mm Nam MS073-01,PHAN VĂN SUỐL,5
mvw-ms073-01-nam,MVW Sport 41 mm Nam MS073-01,Đỗ Tam Sơn,5
mvw-ms073-01-nam,MVW Sport 41 mm Nam MS073-01,Hoàng Phi,4
mvw-ms073-01-nam,MVW Sport 41 mm Nam MS073-01,Chị Thảo,5
mvw-ms073-01-nam,MVW Sport 41 mm Nam MS073-01,Lê Minh Trí,5
casio-ltp-v300l-7a2udf-nu,CASIO 33.2 mm Nữ LTP-V300L-7A2UDF,Tuong,3
casio-ltp-v300l-7a2udf-nu,CASIO 33.2 mm Nữ LTP-V300L-7A2UDF,Đặng Thị Ngọc Diệp,5
casio-ltp-v300l-7a2udf-nu,CASIO 33.2 mm Nữ LTP-V300L-7A2UDF,Bình,4
casio-ltp-v300l-7a2udf-nu,CASIO 33.2 mm Nữ LTP-V300L-7A2UDF,Huỳnh Ngọc Minh,5
casio-ltp-v300l-7a2udf-nu,CASIO 33.2 mm Nữ LTP-V300L-7A2UDF,Nguyễn Thị Quang,5
casio-ltp-v300l-7a2udf-nu,CASIO 33.2 mm Nữ LTP-V300L-7A2UDF,Lý Võ Thanh Nhân,5
casio-ltp-v300l-7a2udf-nu,CASIO 33.2 mm Nữ LTP-V300L-7A2UDF,Phương,4
casio-ltp-v300l-7a2udf-nu,CASIO 33.2 mm Nữ LTP-V300L-7A2UDF,QUÁCH THẢO NGUYÊN,5
casio-ltp-v300l-7a2udf-nu,CASIO 33.2 mm Nữ LTP-V300L-7A2UDF,Thuyền,5
casio-ltp-v300l-7a2udf-nu,CASIO 33.2 mm Nữ LTP-V300L-7A2UDF,Nông Thị Trang,5
casio-ltp-v300l-7a2udf-nu,CASIO 33.2 mm Nữ LTP-V300L-7A2UDF,Anh Thế,5
casio-ltp-v300l-7a2udf-nu,CASIO 33.2 mm Nữ LTP-V300L-7A2UDF,Phạm Thị Hồng Chuyện,4
casio-ltp-v300l-7a2udf-nu,CASIO 33.2 mm Nữ LTP-V300L-7A2UDF,Hoanh,4
casio-ltp-v300l-7a2udf-nu,CASIO 33.2 mm Nữ LTP-V300L-7A2UDF,Nga,4
casio-ltp-v300l-7a2udf-nu,CASIO 33.2 mm Nữ LTP-V300L-7A2UDF,Hoàng Văn Hiếu,3
casio-mtp-1183e-7adf-nam?utm_flashsale=1,CASIO 38 mm Nam MTP-1183E-7ADF,Hùng,1
casio-mtp-1183e-7adf-nam?utm_flashsale=1,CASIO 38 mm Nam MTP-1183E-7ADF,Phạm Duy Khánh,3
casio-mtp-1183e-7adf-nam?utm_flashsale=1,CASIO 38 mm Nam MTP-1183E-7ADF,Trầm,5
casio-mtp-1183e-7adf-nam?utm_flashsale=1,CASIO 38 mm Nam MTP-1183E-7ADF,Vũ Nhật Trình,2
casio-mtp-1183e-7adf-nam?utm_flashsale=1,CASIO 38 mm Nam MTP-1183E-7ADF,Nguyen Quoc Viet,4
casio-mtp-1183e-7adf-nam?utm_flashsale=1,CASIO 38 mm Nam MTP-1183E-7ADF,Phạm Thị Phương Trúc,5
casio-mtp-1183e-7adf-nam?utm_flashsale=1,CASIO 38 mm Nam MTP-1183E-7ADF,Vũ Quang,1
casio-mtp-1183e-7adf-nam?utm_flashsale=1,CASIO 38 mm Nam MTP-1183E-7ADF,Nguyễn Quốc Hoàn,5
casio-mtp-1183e-7adf-nam?utm_flashsale=1,CASIO 38 mm Nam MTP-1183E-7ADF,Nguyễn Nhi,5
casio-mtp-1183e-7adf-nam?utm_flashsale=1,CASIO 38 mm Nam MTP-1183E-7ADF,Hoàng Thái,5
casio-mtp-1183e-7adf-nam?utm_flashsale=1,CASIO 38 mm Nam MTP-1183E-7ADF,HOÀNG PHÚC,5
casio-mtp-1183e-7adf-nam?utm_flashsale=1,CASIO 38 mm Nam MTP-1183E-7ADF,Duong Thuy Linh,5
casio-mtp-1183e-7adf-nam?utm_flashsale=1,CASIO 38 mm Nam MTP-1183E-7ADF,Bùi Đăng Khoa,4
casio-mtp-1183e-7adf-nam?utm_flashsale=1,CASIO 38 mm Nam MTP-1183E-7ADF,Đoàn Phong,5
casio-mtp-1183e-7adf-nam?utm_flashsale=1,CASIO 38 mm Nam MTP-1183E-7ADF,Anh Thắng,4
casio-mtp-1183e-7adf-nam?utm_flashsale=1,CASIO 38 mm Nam MTP-1183E-7ADF,Trần Tấn Đa,5
casio-mtp-1183e-7adf-nam?utm_flashsale=1,CASIO 38 mm Nam MTP-1183E-7ADF,Em Tuyến,5
casio-mtp-1183e-7adf-nam?utm_flashsale=1,CASIO 38 mm Nam MTP-1183E-7ADF,Anh Đức,5
casio-mtp-1183e-7adf-nam?utm_flashsale=1,CASIO 38 mm Nam MTP-1183E-7ADF,PHAN THY VY,3
casio-mtp-1183e-7adf-nam?utm_flashsale=1,CASIO 38 mm Nam MTP-1183E-7ADF,Nguyễn Xuân Tùng,4
casio-mtp-1183e-7adf-nam?utm_flashsale=1,CASIO 38 mm Nam MTP-1183E-7ADF,Võ Tấn Lợi,3
casio-mtp-1183e-7adf-nam?utm_flashsale=1,CASIO 38 mm Nam MTP-1183E-7ADF,Phạm Thanh Nhã,4
mvw-ml086-01-hv-nam?utm_flashsale=1,MVW Hồn Việt 43 mm Nam ML086-01-HV,Vang,5
mvw-ml086-01-hv-nam?utm_flashsale=1,MVW Hồn Việt 43 mm Nam ML086-01-HV,Duy Thanh,4
mvw-ml086-01-hv-nam?utm_flashsale=1,MVW Hồn Việt 43 mm Nam ML086-01-HV,Phạm Hùng Cường,5
mvw-ml086-01-hv-nam?utm_flashsale=1,MVW Hồn Việt 43 mm Nam ML086-01-HV,A Kiên,5
mvw-ml086-01-hv-nam?utm_flashsale=1,MVW Hồn Việt 43 mm Nam ML086-01-HV,Trần Thị Ngọc Châu,5
mvw-ml086-01-hv-nam?utm_flashsale=1,MVW Hồn Việt 43 mm Nam ML086-01-HV,Trung,3
mvw-ml086-01-hv-nam?utm_flashsale=1,MVW Hồn Việt 43 mm Nam ML086-01-HV,108649 - Huỳnh Phú Lộc,5
casio-ltp-1094q-7ardf-den?utm_flashsale=1,CASIO 23 mm Nữ LTP-1094Q-7ARDF,Nguyễn Khánh Uyên,4
casio-ltp-1094q-7ardf-den?utm_flashsale=1,CASIO 23 mm Nữ LTP-1094Q-7ARDF,Phạm Thành Tâm,4
casio-ltp-1094q-7ardf-den?utm_flashsale=1,CASIO 23 mm Nữ LTP-1094Q-7ARDF,Nguyen Khac Huy,5
casio-ltp-1094q-7ardf-den?utm_flashsale=1,CASIO 23 mm Nữ LTP-1094Q-7ARDF,Nguyễn Thị Nhã Phương,3
casio-ltp-1094q-7ardf-den?utm_flashsale=1,CASIO 23 mm Nữ LTP-1094Q-7ARDF,Chị Thuần,4
casio-ltp-1094q-7ardf-den?utm_flashsale=1,CASIO 23 mm Nữ LTP-1094Q-7ARDF,Trần Thị Phương Dung,5
casio-ltp-1094q-7ardf-den?utm_flashsale=1,CASIO 23 mm Nữ LTP-1094Q-7ARDF,Châu Giang,5
casio-ltp-1094q-7ardf-den?utm_flashsale=1,CASIO 23 mm Nữ LTP-1094Q-7ARDF,Phạm Quất Hiền,5
casio-ltp-1094q-7ardf-den?utm_flashsale=1,CASIO 23 mm Nữ LTP-1094Q-7ARDF,Dương Thị Ngọc Thanh,4
casio-ltp-1094q-7ardf-den?utm_flashsale=1,CASIO 23 mm Nữ LTP-1094Q-7ARDF,Giang,4
casio-ltp-1094q-7ardf-den?utm_flashsale=1,CASIO 23 mm Nữ LTP-1094Q-7ARDF,Trâm Nguyễn,4
casio-ltp-1094q-7ardf-den?utm_flashsale=1,CASIO 23 mm Nữ LTP-1094Q-7ARDF,Hằng,5
casio-ltp-1094q-7ardf-den?utm_flashsale=1,CASIO 23 mm Nữ LTP-1094Q-7ARDF,Võ Thị Hoàng Thơ,5
casio-ltp-1094q-7ardf-den?utm_flashsale=1,CASIO 23 mm Nữ LTP-1094Q-7ARDF,Võ Thị Hoàng Thơ,5
casio-ltp-1094q-7ardf-den?utm_flashsale=1,CASIO 23 mm Nữ LTP-1094Q-7ARDF,Tuyền,5
casio-ltp-1094q-7ardf-den?utm_flashsale=1,CASIO 23 mm Nữ LTP-1094Q-7ARDF,Dat,1
casio-ltp-1094q-7ardf-den?utm_flashsale=1,CASIO 23 mm Nữ LTP-1094Q-7ARDF,Anh Hiếu,2
casio-ltp-1094q-7ardf-den?utm_flashsale=1,CASIO 23 mm Nữ LTP-1094Q-7ARDF,Vũ Thị Tuyết Nhung,5
casio-ltp-1094q-7ardf-den?utm_flashsale=1,CASIO 23 mm Nữ LTP-1094Q-7ARDF,Thanh,5
casio-ltp-1094q-7ardf-den?utm_flashsale=1,CASIO 23 mm Nữ LTP-1094Q-7ARDF,Hoàng Thị Kim Liên,4
casio-ltp-1094q-7ardf-den?utm_flashsale=1,CASIO 23 mm Nữ LTP-1094Q-7ARDF,Nguyễn Thị Hồng Thắm,4
casio-ltp-1094q-7ardf-den?utm_flashsale=1,CASIO 23 mm Nữ LTP-1094Q-7ARDF,C Nhung,4
casio-ltp-1094q-7ardf-den?utm_flashsale=1,CASIO 23 mm Nữ LTP-1094Q-7ARDF,Trang,5
casio-ltp-1094q-7ardf-den?utm_flashsale=1,CASIO 23 mm Nữ LTP-1094Q-7ARDF,Chị Sang,5
casio-ltp-1094q-7ardf-den?utm_flashsale=1,CASIO 23 mm Nữ LTP-1094Q-7ARDF,Dung,5
casio-ltp-1094q-7ardf-den?utm_flashsale=1,CASIO 23 mm Nữ LTP-1094Q-7ARDF,Nguyễn Anh Khoa,5
casio-ltp-v001l-7budf-den?utm_flashsale=1,CASIO 25.1 mm Nữ LTP-V001L-7BUDF,Lý Thiên Tài,5
casio-ltp-v001l-7budf-den?utm_flashsale=1,CASIO 25.1 mm Nữ LTP-V001L-7BUDF,PHẠM THỊ NGỌC TUYẾT,5
casio-ltp-v001l-7budf-den?utm_flashsale=1,CASIO 25.1 mm Nữ LTP-V001L-7BUDF,Thịnh,4
casio-ltp-v001l-7budf-den?utm_flashsale=1,CASIO 25.1 mm Nữ LTP-V001L-7BUDF,Chị Mai,5
casio-ltp-v001l-7budf-den?utm_flashsale=1,CASIO 25.1 mm Nữ LTP-V001L-7BUDF,Huỳnh Tuấn Anh,5
casio-ltp-v001l-7budf-den?utm_flashsale=1,CASIO 25.1 mm Nữ LTP-V001L-7BUDF,Trinh,5
casio-ltp-v001l-7budf-den?utm_flashsale=1,CASIO 25.1 mm Nữ LTP-V001L-7BUDF,Đinh Văn Hưng,4
casio-ltp-v001l-7budf-den?utm_flashsale=1,CASIO 25.1 mm Nữ LTP-V001L-7BUDF,Mỹ Nga,5
casio-ltp-v001l-7budf-den?utm_flashsale=1,CASIO 25.1 mm Nữ LTP-V001L-7BUDF,Kim Thuỳ,5
casio-ltp-v001l-7budf-den?utm_flashsale=1,CASIO 25.1 mm Nữ LTP-V001L-7BUDF,Hồng Quốc Đạt,5
casio-ltp-v001l-7budf-den?utm_flashsale=1,CASIO 25.1 mm Nữ LTP-V001L-7BUDF,Nguyễn Hữu Vũ,4
casio-ltp-v001l-7budf-den?utm_flashsale=1,CASIO 25.1 mm Nữ LTP-V001L-7BUDF,Vũ Đình Giáp,5
casio-ltp-v001l-7budf-den?utm_flashsale=1,CASIO 25.1 mm Nữ LTP-V001L-7BUDF,Trần Văn Tới,3
casio-ltp-v001l-7budf-den?utm_flashsale=1,CASIO 25.1 mm Nữ LTP-V001L-7BUDF,Phi,5
casio-ltp-v001l-7budf-den?utm_flashsale=1,CASIO 25.1 mm Nữ LTP-V001L-7BUDF,Nguyễn Thị Lâm,4
casio-ltp-v001l-7budf-den?utm_flashsale=1,CASIO 25.1 mm Nữ LTP-V001L-7BUDF,NGUYỄN THỊ KIM LOAN,5
casio-ltp-v001l-7budf-den?utm_flashsale=1,CASIO 25.1 mm Nữ LTP-V001L-7BUDF,Trần Ngọc Huyền,5
casio-ltp-v001l-7budf-den?utm_flashsale=1,CASIO 25.1 mm Nữ LTP-V001L-7BUDF,Diễm My,5
casio-ltp-v001l-7budf-den?utm_flashsale=1,CASIO 25.1 mm Nữ LTP-V001L-7BUDF,Huỳnh Nguyễn Anh Thư,5
casio-ltp-v001l-7budf-den?utm_flashsale=1,CASIO 25.1 mm Nữ LTP-V001L-7BUDF,Nhật Hào,5
casio-ltp-v001l-7budf-den?utm_flashsale=1,CASIO 25.1 mm Nữ LTP-V001L-7BUDF,Thuỷ,5
casio-ltp-v001l-7budf-den?utm_flashsale=1,CASIO 25.1 mm Nữ LTP-V001L-7BUDF,MỸ THẮM,4
casio-ltp-v001l-7budf-den?utm_flashsale=1,CASIO 25.1 mm Nữ LTP-V001L-7BUDF,NGUYỄN TRẦN TRUNG,4
casio-ltp-v001l-7budf-den?utm_flashsale=1,CASIO 25.1 mm Nữ LTP-V001L-7BUDF,Trâm,5
casio-ltp-v001l-7budf-den?utm_flashsale=1,CASIO 25.1 mm Nữ LTP-V001L-7BUDF,Chị Hương,5
casio-ltp-1129g-7ardf-vang?utm_flashsale=1,CASIO 26.2 mm Nữ LTP-1129G-7ARDF,Chị Tươi,5
casio-ltp-1129g-7ardf-vang?utm_flashsale=1,CASIO 26.2 mm Nữ LTP-1129G-7ARDF,Bạn Huế,5
casio-ltp-1129g-7ardf-vang?utm_flashsale=1,CASIO 26.2 mm Nữ LTP-1129G-7ARDF,Chị Thanh,5
casio-ltp-1129g-7ardf-vang?utm_flashsale=1,CASIO 26.2 mm Nữ LTP-1129G-7ARDF,Anh Tăng,5
casio-ltp-1129g-7ardf-vang?utm_flashsale=1,CASIO 26.2 mm Nữ LTP-1129G-7ARDF,Duy,5
casio-ltp-1129g-7ardf-vang?utm_flashsale=1,CASIO 26.2 mm Nữ LTP-1129G-7ARDF,Lê Thị Hiền,4
casio-ltp-1129g-7ardf-vang?utm_flashsale=1,CASIO 26.2 mm Nữ LTP-1129G-7ARDF,Anh Lộc,2
casio-mtp-1335d-7avdf-nam?utm_flashsale=1,CASIO 38 mm Nam MTP-1335D-7AVDF,Nguyễn Thành Nhân,2
casio-mtp-1335d-7avdf-nam?utm_flashsale=1,CASIO 38 mm Nam MTP-1335D-7AVDF,Lượng,5
casio-mtp-1335d-7avdf-nam?utm_flashsale=1,CASIO 38 mm Nam MTP-1335D-7AVDF,Thắng,5
casio-mtp-1335d-7avdf-nam?utm_flashsale=1,CASIO 38 mm Nam MTP-1335D-7AVDF,TRẦN TUẤN ĐẠT,4
casio-mtp-1335d-7avdf-nam?utm_flashsale=1,CASIO 38 mm Nam MTP-1335D-7AVDF,Vũ Trường Toàn,5
casio-mtp-1335d-7avdf-nam?utm_flashsale=1,CASIO 38 mm Nam MTP-1335D-7AVDF,TRẦN THANH TUẤN,5
casio-mtp-1335d-7avdf-nam?utm_flashsale=1,CASIO 38 mm Nam MTP-1335D-7AVDF,Anh Bảo Quốc Tuấn,5
casio-mtp-1335d-7avdf-nam?utm_flashsale=1,CASIO 38 mm Nam MTP-1335D-7AVDF,Nguyen Thi Loan Thảo,4
casio-mtp-1335d-7avdf-nam?utm_flashsale=1,CASIO 38 mm Nam MTP-1335D-7AVDF,Chị Chi,4
dong-ho-nam-mvw-ms068-01,MVW 39.5 mm Nam MS068-01,Anh Thuận,5
dong-ho-nam-mvw-ms068-01,MVW 39.5 mm Nam MS068-01,Tô Thanh Tiến,5
dong-ho-nam-mvw-ms068-01,MVW 39.5 mm Nam MS068-01,Trần Thiên,5
dong-ho-nam-mvw-ms068-01,MVW 39.5 mm Nam MS068-01,Cường,5
dong-ho-nam-mvw-ms068-01,MVW 39.5 mm Nam MS068-01,Thanh Hùng,5
dong-ho-nam-mvw-ms068-01,MVW 39.5 mm Nam MS068-01,Nguyễn Đức Hoàng,5
dong-ho-nam-mvw-ms068-01,MVW 39.5 mm Nam MS068-01,Bùi Thanh Tân,5
dong-ho-nam-mvw-ms068-01,MVW 39.5 mm Nam MS068-01,A Tuyến,3
elio-el112-02-nu,ELIO 28 mm Nữ EL112-02,Anh Minh,5
elio-el112-02-nu,ELIO 28 mm Nữ EL112-02,Ngọc Mai,5
elio-el112-02-nu,ELIO 28 mm Nữ EL112-02,Anh Hải,4
elio-el112-02-nu,ELIO 28 mm Nữ EL112-02,Nguyễn Thị Thương,5
mvw-ml074-01-nam?utm_flashsale=1,MVW Sport 43 mm Nam ML074-01,Tuấn,4
mvw-ml074-01-nam?utm_flashsale=1,MVW Sport 43 mm Nam ML074-01,Đoàn Văn Đức,5
mvw-ml074-01-nam?utm_flashsale=1,MVW Sport 43 mm Nam ML074-01,Kiệm,5
mvw-ml074-01-nam?utm_flashsale=1,MVW Sport 43 mm Nam ML074-01,Anh Ái,5
mvw-ml074-01-nam?utm_flashsale=1,MVW Sport 43 mm Nam ML074-01,,4
mvw-ml074-01-nam?utm_flashsale=1,MVW Sport 43 mm Nam ML074-01,Khang,5
mvw-ml074-01-nam?utm_flashsale=1,MVW Sport 43 mm Nam ML074-01,LE VAN CHUONG,4
mvw-ml074-01-nam?utm_flashsale=1,MVW Sport 43 mm Nam ML074-01,Trần Thắng,5
mvw-ml074-01-nam?utm_flashsale=1,MVW Sport 43 mm Nam ML074-01,Bạn Khánh,4
smile-kid-sl126-02-tre-em,SMILE KID 39 mm Trẻ em SL126-02,Nguyễn Đình Liên,5
smile-kid-sl126-02-tre-em,SMILE KID 39 mm Trẻ em SL126-02,Đỗ Đạt,5
smile-kid-sl126-02-tre-em,SMILE KID 39 mm Trẻ em SL126-02,Đặng Thị Ngọc Trâm,5
smile-kid-sl126-02-tre-em,SMILE KID 39 mm Trẻ em SL126-02,LÊ THỊ KIM LOAN,5
smile-kid-sl126-02-tre-em,SMILE KID 39 mm Trẻ em SL126-02,Chị Hà,4
smile-kid-sl126-02-tre-em,SMILE KID 39 mm Trẻ em SL126-02,Chị Thuận,5
smile-kid-sl126-02-tre-em,SMILE KID 39 mm Trẻ em SL126-02,Lê Thị Thu Hương,5
smile-kid-sl126-02-tre-em,SMILE KID 39 mm Trẻ em SL126-02,Nguyễn Thị Thủy,3
casio-w-218hc-4a2vdf-nu?utm_flashsale=1,CASIO 43.2 mm Nữ W-218HC-4A2VDF,Châu,5
casio-w-218hc-4a2vdf-nu?utm_flashsale=1,CASIO 43.2 mm Nữ W-218HC-4A2VDF,Thắng,5
casio-w-218hc-4a2vdf-nu?utm_flashsale=1,CASIO 43.2 mm Nữ W-218HC-4A2VDF,Nguyễn Thị Bảo Hoà,5
casio-w-218hc-4a2vdf-nu?utm_flashsale=1,CASIO 43.2 mm Nữ W-218HC-4A2VDF,A Đoàn,4
casio-w-218hc-4a2vdf-nu?utm_flashsale=1,CASIO 43.2 mm Nữ W-218HC-4A2VDF,Hiển,5
casio-w-218hc-4a2vdf-nu?utm_flashsale=1,CASIO 43.2 mm Nữ W-218HC-4A2VDF,Lư Tấn Đạt,5
casio-w-218hc-4a2vdf-nu?utm_flashsale=1,CASIO 43.2 mm Nữ W-218HC-4A2VDF,Trần Lê Ngọc Văn,5
casio-ltp-v004gl-7audf-nau?utm_flashsale=1,CASIO 29.6 mm Nữ LTP-V004GL-7AUDF,Trường,4
casio-ltp-v004gl-7audf-nau?utm_flashsale=1,CASIO 29.6 mm Nữ LTP-V004GL-7AUDF,Võ Thế Hải,5
casio-ltp-v004gl-7audf-nau?utm_flashsale=1,CASIO 29.6 mm Nữ LTP-V004GL-7AUDF,Đỗ Thị Mai Loan,4
casio-ltp-v004gl-7audf-nau?utm_flashsale=1,CASIO 29.6 mm Nữ LTP-V004GL-7AUDF,Nguyen Van Binh,4
casio-ltp-v004gl-7audf-nau?utm_flashsale=1,CASIO 29.6 mm Nữ LTP-V004GL-7AUDF,Nguyễn Tấn Hùng,4
casio-ltp-v004gl-7audf-nau?utm_flashsale=1,CASIO 29.6 mm Nữ LTP-V004GL-7AUDF,Nguyen Ngoc Xon,3
casio-ltp-v004gl-7audf-nau?utm_flashsale=1,CASIO 29.6 mm Nữ LTP-V004GL-7AUDF,Phan Hiền Lương,5
casio-ltp-v004gl-7audf-nau?utm_flashsale=1,CASIO 29.6 mm Nữ LTP-V004GL-7AUDF,ĐOÀN Lệ Loan,5
casio-ltp-v004gl-7audf-nau?utm_flashsale=1,CASIO 29.6 mm Nữ LTP-V004GL-7AUDF,Vũ,5
casio-ltp-v004gl-7audf-nau?utm_flashsale=1,CASIO 29.6 mm Nữ LTP-V004GL-7AUDF,Kim Thoa,5
q-q-a212j005y-nu,Q&Q 38 mm Nữ A212J005Y,Hùng,5
q-q-a212j005y-nu,Q&Q 38 mm Nữ A212J005Y,NGUYỄN TRÚC LY,5
q-q-a212j005y-nu,Q&Q 38 mm Nữ A212J005Y,Đoàn Hồng Minh,4
q-q-a212j005y-nu,Q&Q 38 mm Nữ A212J005Y,Vũ Thị Vân Anh,4
q-q-a212j005y-nu,Q&Q 38 mm Nữ A212J005Y,Hồng Đăng,4
q-q-a212j005y-nu,Q&Q 38 mm Nữ A212J005Y,Chị Nguyệt,4
q-q-a212j005y-nu,Q&Q 38 mm Nữ A212J005Y,Ngô Thị Giang,4
q-q-a212j005y-nu,Q&Q 38 mm Nữ A212J005Y,Hau,4
q-q-a212j005y-nu,Q&Q 38 mm Nữ A212J005Y,Vũ Thúy Vy,3
q-q-a212j005y-nu,Q&Q 38 mm Nữ A212J005Y,Anh Thái,4
q-q-a212j005y-nu,Q&Q 38 mm Nữ A212J005Y,Nguyễn Ngọc Thúy,5
casio-ltp-v007d-4eudf-nu?utm_flashsale=1,CASIO 22.2 mm Nữ LTP-V007D-4EUDF,TRẦN THỊ THU THỦY,5
casio-ltp-v007d-4eudf-nu?utm_flashsale=1,CASIO 22.2 mm Nữ LTP-V007D-4EUDF,CHU THỊ THANH HIÊN,5
casio-ltp-v007d-4eudf-nu?utm_flashsale=1,CASIO 22.2 mm Nữ LTP-V007D-4EUDF,Đỗ An,5
casio-ltp-v007d-4eudf-nu?utm_flashsale=1,CASIO 22.2 mm Nữ LTP-V007D-4EUDF,Lê Thị Bé Trúc,5
casio-ltp-v007d-4eudf-nu?utm_flashsale=1,CASIO 22.2 mm Nữ LTP-V007D-4EUDF,Dao Thi Thanh Thuy,3
casio-ltp-v007d-4eudf-nu?utm_flashsale=1,CASIO 22.2 mm Nữ LTP-V007D-4EUDF,Nguyễn Cảnh Toàn,5
casio-ltp-v007d-4eudf-nu?utm_flashsale=1,CASIO 22.2 mm Nữ LTP-V007D-4EUDF,Nguyễn Thị Bích Tuyên,4
casio-ltp-v007d-4eudf-nu?utm_flashsale=1,CASIO 22.2 mm Nữ LTP-V007D-4EUDF,Tạ Minh Quang,5
casio-ltp-v007d-4eudf-nu?utm_flashsale=1,CASIO 22.2 mm Nữ LTP-V007D-4EUDF,Em Mi,4
casio-ltp-v007d-4eudf-nu?utm_flashsale=1,CASIO 22.2 mm Nữ LTP-V007D-4EUDF,Điệp,5
casio-ltp-v007d-4eudf-nu?utm_flashsale=1,CASIO 22.2 mm Nữ LTP-V007D-4EUDF,Tạ Thị Quý Hợi,4
dong-ho-nam-mvw-ms068-03,MVW 39.5 mm Nam MS068-03,Nguyễn Thành Luân,5
dong-ho-nam-mvw-ms068-03,MVW 39.5 mm Nam MS068-03,Trần Quốc Việt,5
dong-ho-nam-mvw-ms068-03,MVW 39.5 mm Nam MS068-03,Lý Tần Tài,4
dong-ho-nam-mvw-ms068-03,MVW 39.5 mm Nam MS068-03,Anh Thắng,5
dong-ho-nam-mvw-ms068-03,MVW 39.5 mm Nam MS068-03,Hồ Hữu Hạnh,2
dong-ho-nam-mvw-ms068-03,MVW 39.5 mm Nam MS068-03,Lê Tấn Phúc,5
dong-ho-nam-mvw-ms068-03,MVW 39.5 mm Nam MS068-03,Nguyên Trong Hung,5
dong-ho-nam-mvw-ms068-03,MVW 39.5 mm Nam MS068-03,Do Ba Duy,5
dong-ho-nam-mvw-ms068-03,MVW 39.5 mm Nam MS068-03,Trịnh Hoàng Khanh,5
elio-es116-02-nu,ELIO 31 mm Nữ ES116-02,My,5
elio-es116-02-nu,ELIO 31 mm Nữ ES116-02,Chị Thương,5
elio-es116-02-nu,ELIO 31 mm Nữ ES116-02,,5
elio-es116-02-nu,ELIO 31 mm Nữ ES116-02,Chị Nguyệt,4
elio-es116-02-nu,ELIO 31 mm Nữ ES116-02,C Tú,5
elio-es116-02-nu,ELIO 31 mm Nữ ES116-02,Lê Thị Thúy Loan,5
elio-es116-02-nu,ELIO 31 mm Nữ ES116-02,Trần Thị Diễm,5
elio-es116-02-nu,ELIO 31 mm Nữ ES116-02,Trần Yếnlinh,4
elio-es116-02-nu,ELIO 31 mm Nữ ES116-02,Trần Tuấn Ninh,4
elio-es144-01-nu,ELIO 33 mm Nữ ES144-01,Nguyễn Thị Ngân,4
elio-es144-01-nu,ELIO 33 mm Nữ ES144-01,Hoàng,4
elio-es144-01-nu,ELIO 33 mm Nữ ES144-01,Tra Thi Anh Minh,5
casio-ws-1700h-1avdf-nam?utm_flashsale=1,CASIO 48.6 mm Nam WS-1700H-1AVDF,Danh Dang Hoang,5
casio-ws-1700h-1avdf-nam?utm_flashsale=1,CASIO 48.6 mm Nam WS-1700H-1AVDF,Dương Ngọc Gia Huy,5
casio-ws-1700h-1avdf-nam?utm_flashsale=1,CASIO 48.6 mm Nam WS-1700H-1AVDF,Quốc Quyền,5
mvw-ms062-01n-nam,MVW 41 mm Nam MS062-01N,Lâm Tuấn Minh,5
mvw-ms062-01n-nam,MVW 41 mm Nam MS062-01N,Liệu Lê,5
casio-ltp-1302d-7a2vdf-bac?utm_flashsale=1,CASIO 30 mm Nữ LTP-1302D-7A2VDF,Hien,2
casio-ltp-1302d-7a2vdf-bac?utm_flashsale=1,CASIO 30 mm Nữ LTP-1302D-7A2VDF,Huyền,5
casio-ltp-1302d-7a2vdf-bac?utm_flashsale=1,CASIO 30 mm Nữ LTP-1302D-7A2VDF,Quân,5
casio-ltp-1302d-7a2vdf-bac?utm_flashsale=1,CASIO 30 mm Nữ LTP-1302D-7A2VDF,Thi,5
casio-ltp-1302d-7a2vdf-bac?utm_flashsale=1,CASIO 30 mm Nữ LTP-1302D-7A2VDF,Huy,5
casio-ltp-1302d-7a2vdf-bac?utm_flashsale=1,CASIO 30 mm Nữ LTP-1302D-7A2VDF,Ninh,5
casio-ltp-1302d-7a2vdf-bac?utm_flashsale=1,CASIO 30 mm Nữ LTP-1302D-7A2VDF,Nguyễn Hữu Tịnh,5
casio-ltp-1302d-7a2vdf-bac?utm_flashsale=1,CASIO 30 mm Nữ LTP-1302D-7A2VDF,Hồ Thị Ái Ngân,5
casio-ltp-1302d-7a2vdf-bac?utm_flashsale=1,CASIO 30 mm Nữ LTP-1302D-7A2VDF,Chiu,5
casio-ltp-1302d-7a2vdf-bac?utm_flashsale=1,CASIO 30 mm Nữ LTP-1302D-7A2VDF,Huỳnh Quốc Trung,5
casio-ltp-1302d-7a2vdf-bac?utm_flashsale=1,CASIO 30 mm Nữ LTP-1302D-7A2VDF,Quỳnh,5
casio-ltp-1302d-7a2vdf-bac?utm_flashsale=1,CASIO 30 mm Nữ LTP-1302D-7A2VDF,Nguyễn Thị Hà,4
casio-ltp-v300l-4audf-nu?utm_flashsale=1,CASIO 34 mm Nữ LTP-V300L-4AUDF,Cao Phuơng,5
casio-ltp-v300l-4audf-nu?utm_flashsale=1,CASIO 34 mm Nữ LTP-V300L-4AUDF,Lê Thị Mộng Tuyền,4
elio-el004-01-nu,ELIO 32.5 mm Nữ EL004-01,NGUYỄN THỊ TÂM,5
elio-el004-01-nu,ELIO 32.5 mm Nữ EL004-01,Nguyệt,4
elio-el004-01-nu,ELIO 32.5 mm Nữ EL004-01,Thiên,5
elio-el004-01-nu,ELIO 32.5 mm Nữ EL004-01,Chị Huế,1
elio-el004-01-nu,ELIO 32.5 mm Nữ EL004-01,Chị Thuỷ,5
elio-el004-01-nu,ELIO 32.5 mm Nữ EL004-01,NGUYỄN THỊ KIM CHI,5
elio-el004-01-nu,ELIO 32.5 mm Nữ EL004-01,Chị Dương,4
smile-kid-sl215l-8-tre-em,SMILE KID 37 mm Trẻ em SL215L-8,HUỲNH LÊ CHÍ,5
smile-kid-sl215l-8-tre-em,SMILE KID 37 mm Trẻ em SL215L-8,Đỗ Văn Để,5
smile-kid-sl215l-8-tre-em,SMILE KID 37 mm Trẻ em SL215L-8,Bui Hung Dao,5
smile-kid-sl215l-8-tre-em,SMILE KID 37 mm Trẻ em SL215L-8,Nguyên Xuân Minh Nhật,5
smile-kid-sl215l-8-tre-em,SMILE KID 37 mm Trẻ em SL215L-8,Khoa,4
smile-kid-sl215l-8-tre-em,SMILE KID 37 mm Trẻ em SL215L-8,Phan Quốc Vương,5
smile-kid-sl215l-8-tre-em,SMILE KID 37 mm Trẻ em SL215L-8,175321 - Nguyễn Trung Tính,5
smile-kid-sl215l-8-tre-em,SMILE KID 37 mm Trẻ em SL215L-8,Phạm Văn Ngọt,5
smile-kid-sl215l-8-tre-em,SMILE KID 37 mm Trẻ em SL215L-8,Nguyễn Văn Dũng,4
smile-kid-sl215l-8-tre-em,SMILE KID 37 mm Trẻ em SL215L-8,Chị Hương,4
smile-kid-sl215l-8-tre-em,SMILE KID 37 mm Trẻ em SL215L-8,Phạm Đặng Sơn Đăng,5
smile-kid-sl215l-8-tre-em,SMILE KID 37 mm Trẻ em SL215L-8,LẠI CAO NHÂN ÁI,5
smile-kid-sl215l-8-tre-em,SMILE KID 37 mm Trẻ em SL215L-8,LƯU THỊ MỸ ÚT,3
smile-kid-sl215l-8-tre-em,SMILE KID 37 mm Trẻ em SL215L-8,Hồng Cẩm,5
smile-kid-sl215l-8-tre-em,SMILE KID 37 mm Trẻ em SL215L-8,Ái Nhân,4
smile-kid-sl215l-8-tre-em,SMILE KID 37 mm Trẻ em SL215L-8,Tuyền,5
smile-kid-sl215l-8-tre-em,SMILE KID 37 mm Trẻ em SL215L-8,Đỗ Thị Kim Chung,5
smile-kid-sl215l-8-tre-em,SMILE KID 37 mm Trẻ em SL215L-8,Nguyễn Thị Liên,4
casio-mtp-v004gl-7audf-nam?utm_flashsale=1,CASIO 41.5 mm Nam MTP-V004GL-7AUDF,Hùng,1
casio-mtp-v004gl-7audf-nam?utm_flashsale=1,CASIO 41.5 mm Nam MTP-V004GL-7AUDF,NGUYỄN VĂN TOÀN,5
casio-mtp-v004gl-7audf-nam?utm_flashsale=1,CASIO 41.5 mm Nam MTP-V004GL-7AUDF,Lý Kiến Huy,5
casio-mtp-v004gl-7audf-nam?utm_flashsale=1,CASIO 41.5 mm Nam MTP-V004GL-7AUDF,Lò Văn Pành,5
casio-mtp-v004gl-7audf-nam?utm_flashsale=1,CASIO 41.5 mm Nam MTP-V004GL-7AUDF,Nguyễn Hoàng Long,5
casio-mtp-v004gl-7audf-nam?utm_flashsale=1,CASIO 41.5 mm Nam MTP-V004GL-7AUDF,PHẠM NGỌC ANH,4
casio-mtp-v004gl-7audf-nam?utm_flashsale=1,CASIO 41.5 mm Nam MTP-V004GL-7AUDF,Khải,5
casio-mtp-v004gl-7audf-nam?utm_flashsale=1,CASIO 41.5 mm Nam MTP-V004GL-7AUDF,A Dũng,5
casio-mtp-v004gl-7audf-nam?utm_flashsale=1,CASIO 41.5 mm Nam MTP-V004GL-7AUDF,Lê Hoài Lâm,5
casio-mtp-v004gl-7audf-nam?utm_flashsale=1,CASIO 41.5 mm Nam MTP-V004GL-7AUDF,Nguyên Hoàng Mộng Thi,5
casio-mtp-v004gl-7audf-nam?utm_flashsale=1,CASIO 41.5 mm Nam MTP-V004GL-7AUDF,Phạm Minh Hoàng,4
casio-mtp-v004gl-7audf-nam?utm_flashsale=1,CASIO 41.5 mm Nam MTP-V004GL-7AUDF,Võ Việt Thắng,4
casio-mtp-v004gl-7audf-nam?utm_flashsale=1,CASIO 41.5 mm Nam MTP-V004GL-7AUDF,Đặng Nhật Trường,5
casio-mtp-v004gl-7audf-nam?utm_flashsale=1,CASIO 41.5 mm Nam MTP-V004GL-7AUDF,Sỹ Hùng,5
casio-mtp-v004gl-7audf-nam?utm_flashsale=1,CASIO 41.5 mm Nam MTP-V004GL-7AUDF,Nguyễn Anh Tuấn,4
casio-mtp-v004gl-7audf-nam?utm_flashsale=1,CASIO 41.5 mm Nam MTP-V004GL-7AUDF,Trần Hoàng Anh,5
casio-mtp-v004gl-7audf-nam?utm_flashsale=1,CASIO 41.5 mm Nam MTP-V004GL-7AUDF,Lê Anh Điệp,4
casio-mtp-v004gl-7audf-nam?utm_flashsale=1,CASIO 41.5 mm Nam MTP-V004GL-7AUDF,Phạm Thành Tâm,4
casio-mtp-v004gl-7audf-nam?utm_flashsale=1,CASIO 41.5 mm Nam MTP-V004GL-7AUDF,BÙI KIẾN VĂN,3
casio-mtp-v004gl-7audf-nam?utm_flashsale=1,CASIO 41.5 mm Nam MTP-V004GL-7AUDF,Lê Hoàng Khởi,5
casio-mtp-v004gl-7audf-nam?utm_flashsale=1,CASIO 41.5 mm Nam MTP-V004GL-7AUDF,Trần Minh Tuấn,5
casio-mtp-v004gl-7audf-nam?utm_flashsale=1,CASIO 41.5 mm Nam MTP-V004GL-7AUDF,Trần Văn Đức,5
casio-mtp-v004gl-7audf-nam?utm_flashsale=1,CASIO 41.5 mm Nam MTP-V004GL-7AUDF,Nguyễn Thị Bích Trâm,4
casio-mtp-v004gl-7audf-nam?utm_flashsale=1,CASIO 41.5 mm Nam MTP-V004GL-7AUDF,Nguyễn Cao Học,5
casio-mtp-v004gl-7audf-nam?utm_flashsale=1,CASIO 41.5 mm Nam MTP-V004GL-7AUDF,Đỗ Minh Hoàng,5
casio-mtp-v004gl-7audf-nam?utm_flashsale=1,CASIO 41.5 mm Nam MTP-V004GL-7AUDF,Thái Thanh Tùng,5
casio-mtp-v004gl-7audf-nam?utm_flashsale=1,CASIO 41.5 mm Nam MTP-V004GL-7AUDF,TRẦN DOÃN THẮNG,4
casio-mtp-v004gl-7audf-nam?utm_flashsale=1,CASIO 41.5 mm Nam MTP-V004GL-7AUDF,Cù Việt Tiến,4
casio-mtp-v004gl-7audf-nam?utm_flashsale=1,CASIO 41.5 mm Nam MTP-V004GL-7AUDF,NGUYỄN THỊ TUYẾT NHI,4
casio-mtp-v004gl-7audf-nam?utm_flashsale=1,CASIO 41.5 mm Nam MTP-V004GL-7AUDF,Trần Tuấn,3
casio-mtp-v004gl-7audf-nam?utm_flashsale=1,CASIO 41.5 mm Nam MTP-V004GL-7AUDF,TRẦN CAO HOÀI THƯƠNG,5
casio-mtp-v004gl-7audf-nam?utm_flashsale=1,CASIO 41.5 mm Nam MTP-V004GL-7AUDF,Lê Nhật Huy,5
casio-ltp-v006d-4budf-nu?utm_flashsale=1,CASIO 25 mm Nữ LTP-V006D-4BUDF,Tăng Dũng,5
casio-ltp-v006d-4budf-nu?utm_flashsale=1,CASIO 25 mm Nữ LTP-V006D-4BUDF,LÊ THỊ MINH THÙY,5
casio-ltp-v006d-4budf-nu?utm_flashsale=1,CASIO 25 mm Nữ LTP-V006D-4BUDF,Danh Thi Hong,5
casio-ltp-v006d-4budf-nu?utm_flashsale=1,CASIO 25 mm Nữ LTP-V006D-4BUDF,Khách Lẻ,5
casio-ltp-v006d-4budf-nu?utm_flashsale=1,CASIO 25 mm Nữ LTP-V006D-4BUDF,Tú,5
casio-ltp-v006d-4budf-nu?utm_flashsale=1,CASIO 25 mm Nữ LTP-V006D-4BUDF,Trần Thị Tú Như,5
casio-ltp-v006d-4budf-nu?utm_flashsale=1,CASIO 25 mm Nữ LTP-V006D-4BUDF,Chị Điệp,4
elio-el022-c2-nu,ELIO 29 mm Nữ EL022-C2,Tạ Đình Thuỷ,5
elio-el022-c2-nu,ELIO 29 mm Nữ EL022-C2,Chị Linh,5
elio-el022-c2-nu,ELIO 29 mm Nữ EL022-C2,Hiền Anh,4
elio-el022-c2-nu,ELIO 29 mm Nữ EL022-C2,Hùng,5
elio-el022-c2-nu,ELIO 29 mm Nữ EL022-C2,Nguyễn Văn Tuấn,5
elio-el022-c2-nu,ELIO 29 mm Nữ EL022-C2,Ty,5
elio-el022-c2-nu,ELIO 29 mm Nữ EL022-C2,Nguyễn Thị Hương,5
elio-el022-c2-nu,ELIO 29 mm Nữ EL022-C2,NGUYỄN NGỌC VŨ,5
elio-el022-c2-nu,ELIO 29 mm Nữ EL022-C2,Lê Thị Ngọc Ánh,5
elio-el022-c2-nu,ELIO 29 mm Nữ EL022-C2,LÊ ĐOÀN NHƯ THUỶ,5
elio-el022-c2-nu,ELIO 29 mm Nữ EL022-C2,Anh Hải,5
elio-el022-c2-nu,ELIO 29 mm Nữ EL022-C2,TRÀ VĂN THẠCH,4
elio-el022-c2-nu,ELIO 29 mm Nữ EL022-C2,Chị Tâm,5
elio-el022-c2-nu,ELIO 29 mm Nữ EL022-C2,Đào,5
elio-el022-c2-nu,ELIO 29 mm Nữ EL022-C2,A Sinh,3
elio-el022-c2-nu,ELIO 29 mm Nữ EL022-C2,Võ Thị Yến Nhi,5
elio-el022-c2-nu,ELIO 29 mm Nữ EL022-C2,Khánh,5
elio-el022-c2-nu,ELIO 29 mm Nữ EL022-C2,Anh Duy,5
elio-el022-c2-nu,ELIO 29 mm Nữ EL022-C2,Chị Tâm,5
smile-kid-sl045-01-tre-em,SMILE KID 27 mm Trẻ em SL045-01,Chị Trinh,5
smile-kid-sl045-01-tre-em,SMILE KID 27 mm Trẻ em SL045-01,Hà Thị Ngọc Nga,4
smile-kid-sl045-01-tre-em,SMILE KID 27 mm Trẻ em SL045-01,Văn Hiền,4
smile-kid-sl045-01-tre-em,SMILE KID 27 mm Trẻ em SL045-01,Minh Tâm,5
smile-kid-sl045-01-tre-em,SMILE KID 27 mm Trẻ em SL045-01,C Xuân,5
smile-kid-sl045-01-tre-em,SMILE KID 27 mm Trẻ em SL045-01,Nguyễn Ngọc Giàu,5
smile-kid-sl045-01-tre-em,SMILE KID 27 mm Trẻ em SL045-01,Nguyễn Văn Cường,5
smile-kid-sl045-01-tre-em,SMILE KID 27 mm Trẻ em SL045-01,Chị Loan,5
smile-kid-sl045-01-tre-em,SMILE KID 27 mm Trẻ em SL045-01,Anh Quang,3
smile-kid-sl045-01-tre-em,SMILE KID 27 mm Trẻ em SL045-01,Ly Ly,5
elio-es100-02-nu,ELIO Xmas 26 mm Nữ ES100-02,LƯU TUẤN NHÃg,5
elio-es100-02-nu,ELIO Xmas 26 mm Nữ ES100-02,Nguyễn Thị Giang Lam,5
elio-es100-02-nu,ELIO Xmas 26 mm Nữ ES100-02,Hoá,5
elio-es100-02-nu,ELIO Xmas 26 mm Nữ ES100-02,Tiên,5
elio-es100-02-nu,ELIO Xmas 26 mm Nữ ES100-02,Chị Ngoan,5
elio-es100-02-nu,ELIO Xmas 26 mm Nữ ES100-02,Trần Anh Tuấn,4
elio-es100-02-nu,ELIO Xmas 26 mm Nữ ES100-02,Phượng,5
elio-es100-02-nu,ELIO Xmas 26 mm Nữ ES100-02,Anh Huy,5
elio-es100-02-nu,ELIO Xmas 26 mm Nữ ES100-02,Chị Trâm,5
elio-es100-02-nu,ELIO Xmas 26 mm Nữ ES100-02,Chị Hạnh,4
elio-es100-02-nu,ELIO Xmas 26 mm Nữ ES100-02,Kiều Oanh,5
elio-es100-02-nu,ELIO Xmas 26 mm Nữ ES100-02,Thảo,3
elio-es100-02-nu,ELIO Xmas 26 mm Nữ ES100-02,Hoàng Thông,4
elio-es100-02-nu,ELIO Xmas 26 mm Nữ ES100-02,Nguyễn Quang Khải,4
elio-es100-02-nu,ELIO Xmas 26 mm Nữ ES100-02,Chị Tươi,5
elio-es100-02-nu,ELIO Xmas 26 mm Nữ ES100-02,Thọ,4
smile-kid-sl082-02-tre-em,SMILE KID 38 mm Trẻ em SL082-02,Chị Linh,5
smile-kid-sl082-02-tre-em,SMILE KID 38 mm Trẻ em SL082-02,Võ Ngọc Thùy Trang,5
smile-kid-sl082-02-tre-em,SMILE KID 38 mm Trẻ em SL082-02,Đoàn Phương Thảo,4
smile-kid-sl082-02-tre-em,SMILE KID 38 mm Trẻ em SL082-02,Hiệp,5
smile-kid-sl082-02-tre-em,SMILE KID 38 mm Trẻ em SL082-02,Nguyễn Minh Dương,5
smile-kid-sl082-02-tre-em,SMILE KID 38 mm Trẻ em SL082-02,Huyền,5
smile-kid-sl082-02-tre-em,SMILE KID 38 mm Trẻ em SL082-02,TRANG,5
smile-kid-sl082-02-tre-em,SMILE KID 38 mm Trẻ em SL082-02,Trang,4
smile-kid-sl082-02-tre-em,SMILE KID 38 mm Trẻ em SL082-02,Sơn Nam,5
smile-kid-sl082-02-tre-em,SMILE KID 38 mm Trẻ em SL082-02,Chị Phương,5
smile-kid-sl082-02-tre-em,SMILE KID 38 mm Trẻ em SL082-02,Ngọc Hà,5
smile-kid-sl082-02-tre-em,SMILE KID 38 mm Trẻ em SL082-02,Anh Phương,4
smile-kid-sl082-02-tre-em,SMILE KID 38 mm Trẻ em SL082-02,Nguyễn Thị Diễm My,5
elio-es110-01-nu,ELIO Flower 28 mm Nữ ES110-01,Chị Thu,5
elio-es110-01-nu,ELIO Flower 28 mm Nữ ES110-01,Võ Hoàng Diễn,5
elio-es110-01-nu,ELIO Flower 28 mm Nữ ES110-01,Trần Kim Son,5
elio-es110-01-nu,ELIO Flower 28 mm Nữ ES110-01,Đặng Thị Ánh Huê,5
elio-es110-01-nu,ELIO Flower 28 mm Nữ ES110-01,Nguyễn Kim Dung,5
elio-es110-01-nu,ELIO Flower 28 mm Nữ ES110-01,Anh Đông,4
elio-es110-01-nu,ELIO Flower 28 mm Nữ ES110-01,Nguyễn Đặng Vĩnh Hương,5
elio-es110-01-nu,ELIO Flower 28 mm Nữ ES110-01,Đạt Thành,5
elio-es110-01-nu,ELIO Flower 28 mm Nữ ES110-01,C Ngát,5
elio-es110-01-nu,ELIO Flower 28 mm Nữ ES110-01,NGUYỄN THỊ ÁNH MAI,5
elio-es110-01-nu,ELIO Flower 28 mm Nữ ES110-01,Quang,5
elio-es110-01-nu,ELIO Flower 28 mm Nữ ES110-01,Thùy Linh,5
elio-es110-01-nu,ELIO Flower 28 mm Nữ ES110-01,TRINH THI HONG XIEM,5
elio-es110-01-nu,ELIO Flower 28 mm Nữ ES110-01,Mai,4
mvw-glory-ml080-02-nam?utm_flashsale=1,MVW Glory 43 mm Nam ML080-02,Phan Văn Ý,5
mvw-glory-ml080-02-nam?utm_flashsale=1,MVW Glory 43 mm Nam ML080-02,Đạt,5
mvw-glory-ml080-02-nam?utm_flashsale=1,MVW Glory 43 mm Nam ML080-02,Duy,5
mvw-glory-ml080-02-nam?utm_flashsale=1,MVW Glory 43 mm Nam ML080-02,Hồ Công Vinh,5
mvw-glory-ml080-02-nam?utm_flashsale=1,MVW Glory 43 mm Nam ML080-02,Thắm,5
mvw-glory-ml080-02-nam?utm_flashsale=1,MVW Glory 43 mm Nam ML080-02,Xuân Nam,3
mvw-glory-ml080-02-nam?utm_flashsale=1,MVW Glory 43 mm Nam ML080-02,Chỉnh,4
mvw-glory-ml080-02-nam?utm_flashsale=1,MVW Glory 43 mm Nam ML080-02,Chị Loan,5
mvw-glory-ml080-02-nam?utm_flashsale=1,MVW Glory 43 mm Nam ML080-02,Đỗ Văn Út Khả,5
mvw-glory-ml080-02-nam?utm_flashsale=1,MVW Glory 43 mm Nam ML080-02,Châu Thanh Hiệp,4
mvw-glory-ml080-02-nam?utm_flashsale=1,MVW Glory 43 mm Nam ML080-02,Việt,5
mvw-ml086-02-hv-nam?utm_flashsale=1,MVW Hồn Việt 43 mm Nam ML086-02-HV,Dương Văn Hậu,3
mvw-ml086-02-hv-nam?utm_flashsale=1,MVW Hồn Việt 43 mm Nam ML086-02-HV,Tuấn,4
mvw-ml086-02-hv-nam?utm_flashsale=1,MVW Hồn Việt 43 mm Nam ML086-02-HV,Trần Linh,5
mvw-ml086-02-hv-nam?utm_flashsale=1,MVW Hồn Việt 43 mm Nam ML086-02-HV,Nguyễn Vũ Linh,5
casio-a159wa-n1df-bac?utm_flashsale=1,CASIO 33 mm Unisex A159WA-N1DF,Đức Tài,2
casio-a159wa-n1df-bac?utm_flashsale=1,CASIO 33 mm Unisex A159WA-N1DF,Đào Văn Dũng,5
casio-a159wa-n1df-bac?utm_flashsale=1,CASIO 33 mm Unisex A159WA-N1DF,Anh Sỹ,5
casio-a159wa-n1df-bac?utm_flashsale=1,CASIO 33 mm Unisex A159WA-N1DF,Bẩu,5
casio-a159wa-n1df-bac?utm_flashsale=1,CASIO 33 mm Unisex A159WA-N1DF,Nguyễn Mạnh Cường,5
casio-a159wa-n1df-bac?utm_flashsale=1,CASIO 33 mm Unisex A159WA-N1DF,Huỳnh Hoàng Tuấn,5
casio-a159wa-n1df-bac?utm_flashsale=1,CASIO 33 mm Unisex A159WA-N1DF,Chương,5
casio-a159wa-n1df-bac?utm_flashsale=1,CASIO 33 mm Unisex A159WA-N1DF,Nguyễn Hùng,3
casio-a159wa-n1df-bac?utm_flashsale=1,CASIO 33 mm Unisex A159WA-N1DF,Trần Văn Tâm,5
casio-a159wa-n1df-bac?utm_flashsale=1,CASIO 33 mm Unisex A159WA-N1DF,Nguyễn Hùng,4
casio-a159wa-n1df-bac?utm_flashsale=1,CASIO 33 mm Unisex A159WA-N1DF,Nguyễn Hiếu,5
casio-a159wa-n1df-bac?utm_flashsale=1,CASIO 33 mm Unisex A159WA-N1DF,Viet,4
casio-a159wa-n1df-bac?utm_flashsale=1,CASIO 33 mm Unisex A159WA-N1DF,Thủy,5
casio-a159wa-n1df-bac?utm_flashsale=1,CASIO 33 mm Unisex A159WA-N1DF,Cô Lan,4
casio-a159wa-n1df-bac?utm_flashsale=1,CASIO 33 mm Unisex A159WA-N1DF,Anh Kiên,5
casio-a159wa-n1df-bac?utm_flashsale=1,CASIO 33 mm Unisex A159WA-N1DF,Mai Tuấn Khải,4
casio-a159wa-n1df-bac?utm_flashsale=1,CASIO 33 mm Unisex A159WA-N1DF,Vũ Văn Lợi,4
casio-a159wa-n1df-bac?utm_flashsale=1,CASIO 33 mm Unisex A159WA-N1DF,Võ Thị Thu,5
casio-a159wa-n1df-bac?utm_flashsale=1,CASIO 33 mm Unisex A159WA-N1DF,Đinh Văn Thắng,5
casio-a159wa-n1df-bac?utm_flashsale=1,CASIO 33 mm Unisex A159WA-N1DF,Ngân,5
casio-a159wa-n1df-bac?utm_flashsale=1,CASIO 33 mm Unisex A159WA-N1DF,Nguyen Vu Ha,5
casio-a159wa-n1df-bac?utm_flashsale=1,CASIO 33 mm Unisex A159WA-N1DF,Châu Ngọc Tài,5
casio-a159wa-n1df-bac?utm_flashsale=1,CASIO 33 mm Unisex A159WA-N1DF,- Lê Hoài Thanh,5
casio-a159wa-n1df-bac?utm_flashsale=1,CASIO 33 mm Unisex A159WA-N1DF,Linh,5
casio-a159wa-n1df-bac?utm_flashsale=1,CASIO 33 mm Unisex A159WA-N1DF,Nguyen Thi Thanh Nga,5
casio-a159wa-n1df-bac?utm_flashsale=1,CASIO 33 mm Unisex A159WA-N1DF,Nguyễn Trường Giang,5
casio-a159wa-n1df-bac?utm_flashsale=1,CASIO 33 mm Unisex A159WA-N1DF,Minh,4
casio-a159wa-n1df-bac?utm_flashsale=1,CASIO 33 mm Unisex A159WA-N1DF,Anh Giang,4
casio-a159wa-n1df-bac?utm_flashsale=1,CASIO 33 mm Unisex A159WA-N1DF,Anh Giang,4
casio-a159wa-n1df-bac?utm_flashsale=1,CASIO 33 mm Unisex A159WA-N1DF,Nguyễn Hoàng Hà,5
casio-a159wa-n1df-bac?utm_flashsale=1,CASIO 33 mm Unisex A159WA-N1DF,Anh Đại,4
casio-a159wa-n1df-bac?utm_flashsale=1,CASIO 33 mm Unisex A159WA-N1DF,Lê Văn Ba,5
casio-a159wa-n1df-bac?utm_flashsale=1,CASIO 33 mm Unisex A159WA-N1DF,Nguyễn Đức Nghĩa,5
casio-a159wa-n1df-bac?utm_flashsale=1,CASIO 33 mm Unisex A159WA-N1DF,Trần Văn An,5
casio-a159wa-n1df-bac?utm_flashsale=1,CASIO 33 mm Unisex A159WA-N1DF,Nguyễn Phước Lộc,5
casio-a159wa-n1df-bac?utm_flashsale=1,CASIO 33 mm Unisex A159WA-N1DF,8494 - Nguyễn Thị Kim Thoa,5
casio-a159wa-n1df-bac?utm_flashsale=1,CASIO 33 mm Unisex A159WA-N1DF,Chị Ngân,5
casio-a159wa-n1df-bac?utm_flashsale=1,CASIO 33 mm Unisex A159WA-N1DF,Nguyễn Thành Lực,5
casio-a159wa-n1df-bac?utm_flashsale=1,CASIO 33 mm Unisex A159WA-N1DF,Trường,5
casio-a159wa-n1df-bac?utm_flashsale=1,CASIO 33 mm Unisex A159WA-N1DF,Nguyễn Minh Dương,5
casio-a159wa-n1df-bac?utm_flashsale=1,CASIO 33 mm Unisex A159WA-N1DF,Võ Minh Nhật,5
casio-a159wa-n1df-bac?utm_flashsale=1,CASIO 33 mm Unisex A159WA-N1DF,Nguyễn Thanh Lâm,5
casio-a159wa-n1df-bac?utm_flashsale=1,CASIO 33 mm Unisex A159WA-N1DF,Phạm Tấn Đạt,4
casio-a159wa-n1df-bac?utm_flashsale=1,CASIO 33 mm Unisex A159WA-N1DF,Vũ Đức Trường,5
casio-a159wa-n1df-bac?utm_flashsale=1,CASIO 33 mm Unisex A159WA-N1DF,Nguyễn Cao Tấn Thành,4
casio-a159wa-n1df-bac?utm_flashsale=1,CASIO 33 mm Unisex A159WA-N1DF,Nguyễn Hữu Chúc,4
casio-a159wa-n1df-bac?utm_flashsale=1,CASIO 33 mm Unisex A159WA-N1DF,Ngô Quang Việt,4
casio-a159wa-n1df-bac?utm_flashsale=1,CASIO 33 mm Unisex A159WA-N1DF,Đỗ Thị Linh,5
casio-a159wa-n1df-bac?utm_flashsale=1,CASIO 33 mm Unisex A159WA-N1DF,Đỗ Trường Giang,5
casio-a159wa-n1df-bac?utm_flashsale=1,CASIO 33 mm Unisex A159WA-N1DF,Mai Huỳnh,4
casio-a159wa-n1df-bac?utm_flashsale=1,CASIO 33 mm Unisex A159WA-N1DF,TRƯƠNG TUẤN ANH,5
casio-a159wa-n1df-bac?utm_flashsale=1,CASIO 33 mm Unisex A159WA-N1DF,Vương Hải Hà,5
casio-a159wa-n1df-bac?utm_flashsale=1,CASIO 33 mm Unisex A159WA-N1DF,Trần Ngọc Vương,5
casio-a159wa-n1df-bac?utm_flashsale=1,CASIO 33 mm Unisex A159WA-N1DF,Nguyễn Thành Công,5
casio-a159wa-n1df-bac?utm_flashsale=1,CASIO 33 mm Unisex A159WA-N1DF,Tấn Đạt,4
casio-ltp-v007l-7e1udf-nu?utm_flashsale=1,CASIO 22 x 31 mm Nữ LTP-V007L-7E1UDF,Thu Vân,4
casio-ltp-v007l-7e1udf-nu?utm_flashsale=1,CASIO 22 x 31 mm Nữ LTP-V007L-7E1UDF,Phan Hoài Việt,4
casio-ltp-v007l-7e1udf-nu?utm_flashsale=1,CASIO 22 x 31 mm Nữ LTP-V007L-7E1UDF,Phuong,5
nakzen-sl4043lrebn-6n0-nu?utm_flashsale=1,NAKZEN 28 mm Nữ SL4043LREBN-6N0,Chú Thủy,1
nakzen-sl4043lrebn-6n0-nu?utm_flashsale=1,NAKZEN 28 mm Nữ SL4043LREBN-6N0,Nguyễn Tấn Thanh,5
nakzen-sl4043lrebn-6n0-nu?utm_flashsale=1,NAKZEN 28 mm Nữ SL4043LREBN-6N0,Nguyễn Thụy Như An,2
nakzen-sl4043lrebn-6n0-nu?utm_flashsale=1,NAKZEN 28 mm Nữ SL4043LREBN-6N0,Hồng Phương,4
nakzen-sl4043lrebn-6n0-nu?utm_flashsale=1,NAKZEN 28 mm Nữ SL4043LREBN-6N0,Nguyễn Thị Mỹ Tiên,5
nakzen-sl4043lrebn-6n0-nu?utm_flashsale=1,NAKZEN 28 mm Nữ SL4043LREBN-6N0,My,5
nakzen-sl4043lrebn-6n0-nu?utm_flashsale=1,NAKZEN 28 mm Nữ SL4043LREBN-6N0,C Loan,4
nakzen-sl4043lrebn-6n0-nu?utm_flashsale=1,NAKZEN 28 mm Nữ SL4043LREBN-6N0,150445 - Vũ Sơn Tùng,5
elio-ec024-02-nu,ELIO 29 mm Nữ EC024-02,Bùi Tuấn Lợi,5
elio-ec024-02-nu,ELIO 29 mm Nữ EC024-02,Đăng,5
smile-kid-sl126-03-tre-em,SMILE KID 39 mm Trẻ em SL126-03,Nguyễn Thị Liên,4
smile-kid-sl126-03-tre-em,SMILE KID 39 mm Trẻ em SL126-03,C Kim Anh,4
smile-kid-sl126-03-tre-em,SMILE KID 39 mm Trẻ em SL126-03,Chị Thơm,4
smile-kid-sl126-03-tre-em,SMILE KID 39 mm Trẻ em SL126-03,Chị Thảo,5
smile-kid-sl126-03-tre-em,SMILE KID 39 mm Trẻ em SL126-03,Bùi Thị Tĩnh,4
smile-kid-sl126-03-tre-em,SMILE KID 39 mm Trẻ em SL126-03,Chúc Ly,5
smile-kid-sl126-03-tre-em,SMILE KID 39 mm Trẻ em SL126-03,Ngọc,5
elio-es165-01-nu,ELIO Sunshine 29 mm Nữ ES165-01,Duy,5
casio-mtp-v300l-1audf-nam,CASIO 41.5 mm Nam MTP-V300L-1AUDF,Quân,1
casio-mtp-v300l-1audf-nam,CASIO 41.5 mm Nam MTP-V300L-1AUDF,Nguyễn Thành Chân,5
casio-mtp-v300l-1audf-nam,CASIO 41.5 mm Nam MTP-V300L-1AUDF,Huỳnh Ngọc Hân,5
casio-mtp-v300l-1audf-nam,CASIO 41.5 mm Nam MTP-V300L-1AUDF,Lê Thanh Tuấn,4
casio-mtp-v300l-1audf-nam,CASIO 41.5 mm Nam MTP-V300L-1AUDF,Trần Xuan Lâm,5
casio-mtp-v300l-1audf-nam,CASIO 41.5 mm Nam MTP-V300L-1AUDF,Lê Nhi,5
casio-mtp-v300l-1audf-nam,CASIO 41.5 mm Nam MTP-V300L-1AUDF,Hữu Tạo Nguyễn,5
casio-mtp-v300l-1audf-nam,CASIO 41.5 mm Nam MTP-V300L-1AUDF,Nguyễn Nhật Huy,5
casio-mtp-v300l-1audf-nam,CASIO 41.5 mm Nam MTP-V300L-1AUDF,Phát Em,5
casio-mtp-v300l-1audf-nam,CASIO 41.5 mm Nam MTP-V300L-1AUDF,Nguyên Ngoc Tri,3
casio-mtp-v300l-1audf-nam,CASIO 41.5 mm Nam MTP-V300L-1AUDF,Huỳnh Tuấn,5
casio-mtp-v300l-1audf-nam,CASIO 41.5 mm Nam MTP-V300L-1AUDF,Võ Thụy Thiên Thư,4
casio-mtp-v300l-1audf-nam,CASIO 41.5 mm Nam MTP-V300L-1AUDF,Khuôn,4
casio-mtp-v300l-1audf-nam,CASIO 41.5 mm Nam MTP-V300L-1AUDF,Em Thương,5
casio-mtp-v300l-1audf-nam,CASIO 41.5 mm Nam MTP-V300L-1AUDF,C Dung,4
casio-mtp-v300l-1audf-nam,CASIO 41.5 mm Nam MTP-V300L-1AUDF,Nguyễn Thành Đạt,5
casio-mtp-v300l-1audf-nam,CASIO 41.5 mm Nam MTP-V300L-1AUDF,Bùi Đức Tài,5
casio-mtp-v300l-1audf-nam,CASIO 41.5 mm Nam MTP-V300L-1AUDF,Siêng,4
casio-mtp-v300l-1audf-nam,CASIO 41.5 mm Nam MTP-V300L-1AUDF,Trương Bé Bẩy,5
casio-mtp-v300l-1audf-nam,CASIO 41.5 mm Nam MTP-V300L-1AUDF,Anh Đại,3
casio-mtp-v300l-1audf-nam,CASIO 41.5 mm Nam MTP-V300L-1AUDF,Quân,1
casio-mtp-v300l-1audf-nam,CASIO 41.5 mm Nam MTP-V300L-1AUDF,Nguyễn Thành Chân,5
casio-mtp-v300l-1audf-nam,CASIO 41.5 mm Nam MTP-V300L-1AUDF,Huỳnh Ngọc Hân,5
casio-mtp-v300l-1audf-nam,CASIO 41.5 mm Nam MTP-V300L-1AUDF,Lê Thanh Tuấn,4
casio-mtp-v300l-1audf-nam,CASIO 41.5 mm Nam MTP-V300L-1AUDF,Trần Xuan Lâm,5
casio-mtp-v300l-1audf-nam,CASIO 41.5 mm Nam MTP-V300L-1AUDF,Lê Nhi,5
casio-mtp-v300l-1audf-nam,CASIO 41.5 mm Nam MTP-V300L-1AUDF,Hữu Tạo Nguyễn,5
casio-mtp-v300l-1audf-nam,CASIO 41.5 mm Nam MTP-V300L-1AUDF,Nguyễn Nhật Huy,5
casio-mtp-v300l-1audf-nam,CASIO 41.5 mm Nam MTP-V300L-1AUDF,Phát Em,5
casio-mtp-v300l-1audf-nam,CASIO 41.5 mm Nam MTP-V300L-1AUDF,Nguyên Ngoc Tri,3
casio-mtp-v300l-1audf-nam,CASIO 41.5 mm Nam MTP-V300L-1AUDF,Huỳnh Tuấn,5
casio-mtp-v300l-1audf-nam,CASIO 41.5 mm Nam MTP-V300L-1AUDF,Võ Thụy Thiên Thư,4
casio-mtp-v300l-1audf-nam,CASIO 41.5 mm Nam MTP-V300L-1AUDF,Khuôn,4
casio-mtp-v300l-1audf-nam,CASIO 41.5 mm Nam MTP-V300L-1AUDF,Em Thương,5
casio-mtp-v300l-1audf-nam,CASIO 41.5 mm Nam MTP-V300L-1AUDF,C Dung,4
casio-mtp-v300l-1audf-nam,CASIO 41.5 mm Nam MTP-V300L-1AUDF,Nguyễn Thành Đạt,5
casio-mtp-v300l-1audf-nam,CASIO 41.5 mm Nam MTP-V300L-1AUDF,Bùi Đức Tài,5
casio-mtp-v300l-1audf-nam,CASIO 41.5 mm Nam MTP-V300L-1AUDF,Siêng,4
casio-mtp-v300l-1audf-nam,CASIO 41.5 mm Nam MTP-V300L-1AUDF,Trương Bé Bẩy,5
casio-mtp-v300l-1audf-nam,CASIO 41.5 mm Nam MTP-V300L-1AUDF,Anh Đại,3
dong-ho-casio-ae-1000w-1bvsdf-nam?utm_flashsale=1,CASIO 43.5 mm Nam AE-1000W-1BVDF,Nguyễn Văn Năng,5
dong-ho-casio-ae-1000w-1bvsdf-nam?utm_flashsale=1,CASIO 43.5 mm Nam AE-1000W-1BVDF,A Sơn,3
dong-ho-casio-ae-1000w-1bvsdf-nam?utm_flashsale=1,CASIO 43.5 mm Nam AE-1000W-1BVDF,Nguyễn Huy Vũ,4
dong-ho-casio-ae-1000w-1bvsdf-nam?utm_flashsale=1,CASIO 43.5 mm Nam AE-1000W-1BVDF,Trần Thị Âu,4
dong-ho-casio-ae-1000w-1bvsdf-nam?utm_flashsale=1,CASIO 43.5 mm Nam AE-1000W-1BVDF,THANH,5
dong-ho-casio-ae-1000w-1bvsdf-nam?utm_flashsale=1,CASIO 43.5 mm Nam AE-1000W-1BVDF,Võ Thị Thanh Xuân,4
dong-ho-casio-ae-1000w-1bvsdf-nam?utm_flashsale=1,CASIO 43.5 mm Nam AE-1000W-1BVDF,Trần Thị Trang,5
dong-ho-casio-ae-1000w-1bvsdf-nam?utm_flashsale=1,CASIO 43.5 mm Nam AE-1000W-1BVDF,Nguyễn Văn Cương,5
dong-ho-casio-ae-1000w-1bvsdf-nam?utm_flashsale=1,CASIO 43.5 mm Nam AE-1000W-1BVDF,Trần Văn Giàu,4
dong-ho-casio-ae-1000w-1bvsdf-nam?utm_flashsale=1,CASIO 43.5 mm Nam AE-1000W-1BVDF,Anh Việt,5
dong-ho-casio-ae-1000w-1bvsdf-nam?utm_flashsale=1,CASIO 43.5 mm Nam AE-1000W-1BVDF,Ngân Văn Chuệ,5
dong-ho-casio-ae-1000w-1bvsdf-nam?utm_flashsale=1,CASIO 43.5 mm Nam AE-1000W-1BVDF,Chị Hằng,4
dong-ho-casio-ae-1000w-1bvsdf-nam?utm_flashsale=1,CASIO 43.5 mm Nam AE-1000W-1BVDF,DOWASEN - CHI NHÁNH CẤP NƯỚC NAM SÔNG TIỀN,4
smile-kid-sl034-01-tre-em,SMILE KID 27 mm Trẻ em SL034-01,Thắng,5
smile-kid-sl034-01-tre-em,SMILE KID 27 mm Trẻ em SL034-01,Hà,5
smile-kid-sl034-01-tre-em,SMILE KID 27 mm Trẻ em SL034-01,Đẹp,5
smile-kid-sl034-01-tre-em,SMILE KID 27 mm Trẻ em SL034-01,Chị Trân,5
smile-kid-sl034-01-tre-em,SMILE KID 27 mm Trẻ em SL034-01,Trí,5
smile-kid-sl034-01-tre-em,SMILE KID 27 mm Trẻ em SL034-01,Thanh Liễu,5
smile-kid-sl034-01-tre-em,SMILE KID 27 mm Trẻ em SL034-01,Thịnh,4
smile-kid-sl034-01-tre-em,SMILE KID 27 mm Trẻ em SL034-01,Nguyễn Tấn Phát,3
smile-kid-sl034-01-tre-em,SMILE KID 27 mm Trẻ em SL034-01,Lê Hữu Chung,5
elio-es052-02-nu,ELIO Nàng Thơ 26 mm Nữ ES052-02,Chị Tranh,5
elio-es052-02-nu,ELIO Nàng Thơ 26 mm Nữ ES052-02,Đỗ Tân,5
elio-es052-02-nu,ELIO Nàng Thơ 26 mm Nữ ES052-02,Nguyễn Đình Dẫn,5
elio-es052-02-nu,ELIO Nàng Thơ 26 mm Nữ ES052-02,Anh Diệp,4
elio-es052-02-nu,ELIO Nàng Thơ 26 mm Nữ ES052-02,Nguyễn Thị Thùy,5
elio-es052-02-nu,ELIO Nàng Thơ 26 mm Nữ ES052-02,Trần Xuân Mạnh,5
elio-es052-02-nu,ELIO Nàng Thơ 26 mm Nữ ES052-02,Chị Hiếu,5
elio-es052-02-nu,ELIO Nàng Thơ 26 mm Nữ ES052-02,Nguyễn Thị Kim Thoa,5
elio-es052-02-nu,ELIO Nàng Thơ 26 mm Nữ ES052-02,Nga,4
elio-ec002-01-nam?utm_flashsale=1,ELIO 42 mm Nam EC002-01,Trần Ngọc Linh,2
elio-ec002-01-nam?utm_flashsale=1,ELIO 42 mm Nam EC002-01,Nguyễn Văn Thông,2
elio-ec002-01-nam?utm_flashsale=1,ELIO 42 mm Nam EC002-01,Vo Minh Luan,4
elio-ec002-01-nam?utm_flashsale=1,ELIO 42 mm Nam EC002-01,Kiệt,4
elio-ec002-01-nam?utm_flashsale=1,ELIO 42 mm Nam EC002-01,Lên,5
elio-ec002-01-nam?utm_flashsale=1,ELIO 42 mm Nam EC002-01,Đỗ Hữu Hoàng,4
elio-ec002-01-nam?utm_flashsale=1,ELIO 42 mm Nam EC002-01,Nguyễn Thị Kim Dung,5
elio-ec002-01-nam?utm_flashsale=1,ELIO 42 mm Nam EC002-01,Tạ Đăng Thanh,5
elio-ec002-01-nam?utm_flashsale=1,ELIO 42 mm Nam EC002-01,La Minh,4
elio-el092-01-nu,ELIO 26 mm Nữ EL092-01,Thái Anh Thư,1
elio-el092-01-nu,ELIO 26 mm Nữ EL092-01,Trần Thị Yến,4
elio-el092-01-nu,ELIO 26 mm Nữ EL092-01,Lê Nguyên Văn,5
elio-el092-01-nu,ELIO 26 mm Nữ EL092-01,Nguyễn Thị Hồng Oanh,5
elio-el092-01-nu,ELIO 26 mm Nữ EL092-01,Nguyễn Trinh,3
elio-el092-01-nu,ELIO 26 mm Nữ EL092-01,Hồng,3
elio-el092-01-nu,ELIO 26 mm Nữ EL092-01,Chú Dũng,5
elio-el092-01-nu,ELIO 26 mm Nữ EL092-01,Hồ Thị Huỳnh Như,5
elio-el092-01-nu,ELIO 26 mm Nữ EL092-01,Anh Thư,4
elio-el092-01-nu,ELIO 26 mm Nữ EL092-01,VÕ THỊ THANH LAN,5
elio-el092-01-nu,ELIO 26 mm Nữ EL092-01,Ch Trang,5
elio-el092-01-nu,ELIO 26 mm Nữ EL092-01,THANH PHƯƠNG,3
elio-el092-01-nu,ELIO 26 mm Nữ EL092-01,Trần Thanh Quý,5
elio-el092-01-nu,ELIO 26 mm Nữ EL092-01,Hoàng Ngọc Huyền,5
elio-el092-01-nu,ELIO 26 mm Nữ EL092-01,Cẩm Tú,5
elio-el103-01-nu,ELIO 28 mm Nữ EL103-01,C Hà,5
elio-el103-01-nu,ELIO 28 mm Nữ EL103-01,Phạm Thị Thùy Trang,5
elio-el103-01-nu,ELIO 28 mm Nữ EL103-01,NGUYỄN THÚY DUY,5
elio-el103-01-nu,ELIO 28 mm Nữ EL103-01,Dương Thị Kim Thành,4
elio-el103-01-nu,ELIO 28 mm Nữ EL103-01,Trình Thị Thu Hương,4
elio-el103-01-nu,ELIO 28 mm Nữ EL103-01,Na Vy,4
mvw-ml070-02-nam?utm_flashsale=1,MVW 40 mm Nam ML070-02,Trúc Vy,5
mvw-ml070-02-nam?utm_flashsale=1,MVW 40 mm Nam ML070-02,NGUYEN THI HA PHUONG,5
mvw-ml070-02-nam?utm_flashsale=1,MVW 40 mm Nam ML070-02,Nguyễn Hoàng Ân,4
mvw-ml070-02-nam?utm_flashsale=1,MVW 40 mm Nam ML070-02,Nguyễn Thị Thy,5
mvw-ml070-02-nam?utm_flashsale=1,MVW 40 mm Nam ML070-02,Cường,3
mvw-ml070-02-nam?utm_flashsale=1,MVW 40 mm Nam ML070-02,Đặng Văn Sơn,4
elio-el140-01-nu,ELIO 32 mm Nữ EL140-01,Ái,4
elio-el140-01-nu,ELIO 32 mm Nữ EL140-01,Nguyễn Việt Hải,5
elio-el140-01-nu,ELIO 32 mm Nữ EL140-01,Tran Ngoc Trinh,5
elio-el140-01-nu,ELIO 32 mm Nữ EL140-01,Kiều My,5
elio-el140-01-nu,ELIO 32 mm Nữ EL140-01,,5
elio-el140-01-nu,ELIO 32 mm Nữ EL140-01,Hiền,5
elio-el140-01-nu,ELIO 32 mm Nữ EL140-01,Châu Thị Thuý Kiền,5
elio-el140-01-nu,ELIO 32 mm Nữ EL140-01,Vân,4
elio-el140-01-nu,ELIO 32 mm Nữ EL140-01,Trần Ngọc Vân Anh,4
smile-kid-sl131-03-tre-em,SMILE KID 42 mm Trẻ em SL131-03,Tuyết,5
smile-kid-sl131-03-tre-em,SMILE KID 42 mm Trẻ em SL131-03,Phạm Ngọc Yến Nhi,5
smile-kid-sl131-03-tre-em,SMILE KID 42 mm Trẻ em SL131-03,Nguyễn Thị Thu Hiền,5
smile-kid-sl131-03-tre-em,SMILE KID 42 mm Trẻ em SL131-03,Chị Hương,4
smile-kid-sl131-03-tre-em,SMILE KID 42 mm Trẻ em SL131-03,Hương,5
smile-kid-sl133-01-tre-em,SMILE KID 41.5 mm Trẻ em SL133-01,Phúc,5
smile-kid-sl133-01-tre-em,SMILE KID 41.5 mm Trẻ em SL133-01,Trần Tiến Lãng,3
smile-kid-sl133-01-tre-em,SMILE KID 41.5 mm Trẻ em SL133-01,Nguyen Thi Dieu Hong,3
smile-kid-sl133-01-tre-em,SMILE KID 41.5 mm Trẻ em SL133-01,Lâm Vũ Trường An,5
smile-kid-sl133-01-tre-em,SMILE KID 41.5 mm Trẻ em SL133-01,Anh Thắng,3
smile-kid-sl133-01-tre-em,SMILE KID 41.5 mm Trẻ em SL133-01,Anh Lượng,4
smile-kid-sl133-01-tre-em,SMILE KID 41.5 mm Trẻ em SL133-01,Nguyễn Tuyết Nhi,5
smile-kid-sl133-01-tre-em,SMILE KID 41.5 mm Trẻ em SL133-01,Thiềm,5
smile-kid-sl133-01-tre-em,SMILE KID 41.5 mm Trẻ em SL133-01,Hoàng Huy,4
smile-kid-sl133-01-tre-em,SMILE KID 41.5 mm Trẻ em SL133-01,Chị Liễu,4
smile-kid-sl133-01-tre-em,SMILE KID 41.5 mm Trẻ em SL133-01,Nguyễn Thị Lan,5
smile-kid-sl133-01-tre-em,SMILE KID 41.5 mm Trẻ em SL133-01,Nguyễn Thị Vi Na,4
smile-kid-sl133-01-tre-em,SMILE KID 41.5 mm Trẻ em SL133-01,Thái Hoàng Nhật Em,5
smile-kid-sl133-01-tre-em,SMILE KID 41.5 mm Trẻ em SL133-01,Hoàng Thị Yến Nhi,4
smile-kid-sl133-01-tre-em,SMILE KID 41.5 mm Trẻ em SL133-01,Lê Minh Tuấn,5
smile-kid-sl133-01-tre-em,SMILE KID 41.5 mm Trẻ em SL133-01,Tài,5
smile-kid-sl133-01-tre-em,SMILE KID 41.5 mm Trẻ em SL133-01,Võ Thị Việt Thu,4
smile-kid-sl133-01-tre-em,SMILE KID 41.5 mm Trẻ em SL133-01,Chị My,5
smile-kid-sl133-01-tre-em,SMILE KID 41.5 mm Trẻ em SL133-01,Võ Thị Yến,4
smile-kid-sl133-01-tre-em,SMILE KID 41.5 mm Trẻ em SL133-01,Huỳnh Thị Huyền Trân,5
q-q-a212j001y-unisex,Q&Q 38 mm Unisex A212J001Y,Nguyễn Tuấn Anh,5
q-q-a212j001y-unisex,Q&Q 38 mm Unisex A212J001Y,Lê Thị Ngọc Cẩn,4
q-q-a212j001y-unisex,Q&Q 38 mm Unisex A212J001Y,Vũ Công Hoàn,5
casio-lwa-300h-7evdf-nu?utm_flashsale=1,CASIO 42 mm Nữ LWA-300H-7EVDF,Vy,5
casio-lwa-300h-7evdf-nu?utm_flashsale=1,CASIO 42 mm Nữ LWA-300H-7EVDF,Trang,3
casio-ltp-v005l-7audf-nu?utm_flashsale=1,CASIO 28.2 mm Nữ LTP-V005L-7AUDF,Nguyễn Đình Quốc,5
casio-ltp-v005l-7audf-nu?utm_flashsale=1,CASIO 28.2 mm Nữ LTP-V005L-7AUDF,Lam Pham,4
casio-ltp-v005l-7audf-nu?utm_flashsale=1,CASIO 28.2 mm Nữ LTP-V005L-7AUDF,Huỳnh Quốc Khánh,5
casio-ltp-v005l-7audf-nu?utm_flashsale=1,CASIO 28.2 mm Nữ LTP-V005L-7AUDF,Anh Khôi,5
casio-ltp-v005l-7audf-nu?utm_flashsale=1,CASIO 28.2 mm Nữ LTP-V005L-7AUDF,Oanh,4
casio-ltp-v005l-7audf-nu?utm_flashsale=1,CASIO 28.2 mm Nữ LTP-V005L-7AUDF,Nguyễn Thị Hiền,5
casio-ltp-v005l-7audf-nu?utm_flashsale=1,CASIO 28.2 mm Nữ LTP-V005L-7AUDF,Ngô Phước Duy,5
casio-ltp-v005l-7audf-nu?utm_flashsale=1,CASIO 28.2 mm Nữ LTP-V005L-7AUDF,Khuê,5
q-q-mmw3p101y-nam?utm_flashsale=1,Q&Q 40 mm Nam MMW3P101Y,Phạm Thành Lê,5
q-q-mmw3p101y-nam?utm_flashsale=1,Q&Q 40 mm Nam MMW3P101Y,Đặng Quang Hoàng,4
q-q-mmw3p101y-nam?utm_flashsale=1,Q&Q 40 mm Nam MMW3P101Y,Nguyễn Hoàng,4
q-q-mmw3p101y-nam?utm_flashsale=1,Q&Q 40 mm Nam MMW3P101Y,Bùi Thanh Hùng,5
q-q-mmw3p101y-nam?utm_flashsale=1,Q&Q 40 mm Nam MMW3P101Y,Thành,1
q-q-mmw3p101y-nam?utm_flashsale=1,Q&Q 40 mm Nam MMW3P101Y,Lê Quốc Anh,5
q-q-mmw3p101y-nam?utm_flashsale=1,Q&Q 40 mm Nam MMW3P101Y,Lê Phong,5
q-q-mmw3p101y-nam?utm_flashsale=1,Q&Q 40 mm Nam MMW3P101Y,Nghị,5
q-q-mmw3p101y-nam?utm_flashsale=1,Q&Q 40 mm Nam MMW3P101Y,Van Phat,5
q-q-mmw3p101y-nam?utm_flashsale=1,Q&Q 40 mm Nam MMW3P101Y,Hoàng Văn Tài,5
q-q-mmw3p101y-nam?utm_flashsale=1,Q&Q 40 mm Nam MMW3P101Y,Tuấn Anh,4
elio-el021-01-nu,ELIO 31 mm Nữ EL021-01,Võ Thị Hồng Sông,4
elio-el021-01-nu,ELIO 31 mm Nữ EL021-01,Triệu Thị Mỹ Linh,5
elio-el021-01-nu,ELIO 31 mm Nữ EL021-01,Anh Tuấn Anh,5
elio-el021-01-nu,ELIO 31 mm Nữ EL021-01,Phạm Ngọc Hải,5
elio-el021-01-nu,ELIO 31 mm Nữ EL021-01,Tuyết Trinh,4
elio-el021-01-nu,ELIO 31 mm Nữ EL021-01,Trân,4
elio-el021-01-nu,ELIO 31 mm Nữ EL021-01,Chị Phương,5
smile-kid-sl018-01-tre-em,SMILE KID 30 mm Trẻ em SL018-01,Trần Thùy Dương,5
smile-kid-sl018-01-tre-em,SMILE KID 30 mm Trẻ em SL018-01,Lê Thị Kim Hằng,5
smile-kid-sl018-01-tre-em,SMILE KID 30 mm Trẻ em SL018-01,Trần Văn Tới,5
smile-kid-sl018-01-tre-em,SMILE KID 30 mm Trẻ em SL018-01,Nguyễn Vương Quốc,5
smile-kid-sl018-01-tre-em,SMILE KID 30 mm Trẻ em SL018-01,Thoa,5
smile-kid-sl018-01-tre-em,SMILE KID 30 mm Trẻ em SL018-01,Chị Dung,5
smile-kid-sl018-01-tre-em,SMILE KID 30 mm Trẻ em SL018-01,Kiet,5
smile-kid-sl018-01-tre-em,SMILE KID 30 mm Trẻ em SL018-01,Nguyễn Chiếm,5
smile-kid-sl018-01-tre-em,SMILE KID 30 mm Trẻ em SL018-01,Lư Thị Ngọc Ngoan,5
smile-kid-sl024-01,SMILE KID 37 mm Trẻ em SL024-01,Nguyễn Ngọc Liễu,5
smile-kid-sl024-01,SMILE KID 37 mm Trẻ em SL024-01,Kim Hảo,5
smile-kid-sl024-01,SMILE KID 37 mm Trẻ em SL024-01,Nguyễn Thị Thu Lan,5
smile-kid-sl024-01,SMILE KID 37 mm Trẻ em SL024-01,Nguyễn Sỹ Anh,5
smile-kid-sl024-01,SMILE KID 37 mm Trẻ em SL024-01,Phan Thành Trung,5
smile-kid-sl024-01,SMILE KID 37 mm Trẻ em SL024-01,Huỳnh Như,5
smile-kid-sl024-01,SMILE KID 37 mm Trẻ em SL024-01,Vân,5
smile-kid-sl024-01,SMILE KID 37 mm Trẻ em SL024-01,Chị Vinh,5
smile-kid-sl024-01,SMILE KID 37 mm Trẻ em SL024-01,Anh Thứ,4
smile-kid-sl024-01,SMILE KID 37 mm Trẻ em SL024-01,Hồ Thị Út,4
smile-kid-sl024-01,SMILE KID 37 mm Trẻ em SL024-01,Chị Hà,5
smile-kid-sl024-01,SMILE KID 37 mm Trẻ em SL024-01,LÃ THỊ PHƯƠNG,5
smile-kid-sl024-01,SMILE KID 37 mm Trẻ em SL024-01,Nguyen Thi Anh Phuong,5
smile-kid-sl024-01,SMILE KID 37 mm Trẻ em SL024-01,Lâm Văn Chia,4
smile-kid-sl024-01,SMILE KID 37 mm Trẻ em SL024-01,Bùi Đình Tuân,4
smile-kid-sl024-01,SMILE KID 37 mm Trẻ em SL024-01,Lăng Văn Tuấn,4
smile-kid-sl024-01,SMILE KID 37 mm Trẻ em SL024-01,Phạm Thị Thanh,4
smile-kid-sl024-01,SMILE KID 37 mm Trẻ em SL024-01,Nguyễn Thị Kim Phượng,5
smile-kid-sl024-01,SMILE KID 37 mm Trẻ em SL024-01,Chị Hoàng,5
smile-kid-sl024-01,SMILE KID 37 mm Trẻ em SL024-01,Diện,5
smile-kid-sl024-01,SMILE KID 37 mm Trẻ em SL024-01,Hiền,5
smile-kid-sl024-01,SMILE KID 37 mm Trẻ em SL024-01,Phan Thị Hoa Mai,5
smile-kid-sl024-01,SMILE KID 37 mm Trẻ em SL024-01,Thuý Loan,4
smile-kid-sl024-01,SMILE KID 37 mm Trẻ em SL024-01,Sang,5
smile-kid-sl024-01,SMILE KID 37 mm Trẻ em SL024-01,Chị Như,4
smile-kid-sl024-01,SMILE KID 37 mm Trẻ em SL024-01,Lâm,5
smile-kid-sl024-01,SMILE KID 37 mm Trẻ em SL024-01,Mai Xuân Sang,4
smile-kid-sl024-01,SMILE KID 37 mm Trẻ em SL024-01,Chí Khởi,4
smile-kid-sl024-01,SMILE KID 37 mm Trẻ em SL024-01,Chị Bồng,5
smile-kid-sl024-01,SMILE KID 37 mm Trẻ em SL024-01,Trần Văn Trọn,5
smile-kid-sl024-01,SMILE KID 37 mm Trẻ em SL024-01,Phan Thanh Nam,5
q-q-vs13j003y-nu,Q&Q 32 mm Nữ VS13J003Y,Ngoc Anh Nguyen,5
q-q-vs13j003y-nu,Q&Q 32 mm Nữ VS13J003Y,Lê Vân,4
q-q-vs13j003y-nu,Q&Q 32 mm Nữ VS13J003Y,Võ Thanh Tâm,5
q-q-vs13j003y-nu,Q&Q 32 mm Nữ VS13J003Y,Lành,4
q-q-vs13j003y-nu,Q&Q 32 mm Nữ VS13J003Y,Nguyễn Thị Hoài,4
q-q-vs13j003y-nu,Q&Q 32 mm Nữ VS13J003Y,Vương,4
q-q-vs13j003y-nu,Q&Q 32 mm Nữ VS13J003Y,PHÙNG VĂN BẢY NHỎ,5
q-q-vs13j003y-nu,Q&Q 32 mm Nữ VS13J003Y,Hân,4
q-q-vs13j003y-nu,Q&Q 32 mm Nữ VS13J003Y,C Nhân,5
q-q-vs13j003y-nu,Q&Q 32 mm Nữ VS13J003Y,Hồ Ngọc Tú,4
smile-kid-sl215l-9-tre-em,SMILE KID 37 mm Trẻ em SL215L-9,Trương Văn Lai,5
smile-kid-sl215l-9-tre-em,SMILE KID 37 mm Trẻ em SL215L-9,Trần Chí Phến,5
smile-kid-sl215l-9-tre-em,SMILE KID 37 mm Trẻ em SL215L-9,Anh Luân,5
smile-kid-sl215l-9-tre-em,SMILE KID 37 mm Trẻ em SL215L-9,Long,5
smile-kid-sl215l-9-tre-em,SMILE KID 37 mm Trẻ em SL215L-9,Nguyễn Thị Ánh Hoa,5
smile-kid-sl215l-9-tre-em,SMILE KID 37 mm Trẻ em SL215L-9,Bui Thi Luyến,4
smile-kid-sl215l-9-tre-em,SMILE KID 37 mm Trẻ em SL215L-9,Nguyễn Thị Thanh Thùy,5
smile-kid-sl215l-9-tre-em,SMILE KID 37 mm Trẻ em SL215L-9,Chị Thắm,5
smile-kid-sl215l-9-tre-em,SMILE KID 37 mm Trẻ em SL215L-9,Trung,5
smile-kid-sl215l-9-tre-em,SMILE KID 37 mm Trẻ em SL215L-9,BÙI HUỲNH THUẬN,5
smile-kid-sl215l-9-tre-em,SMILE KID 37 mm Trẻ em SL215L-9,Pền,5
smile-kid-sl215l-9-tre-em,SMILE KID 37 mm Trẻ em SL215L-9,Nguyễn Hữu Hiệp,4
smile-kid-sl215l-9-tre-em,SMILE KID 37 mm Trẻ em SL215L-9,Phan Thị Diệu Tường,4
smile-kid-sl215l-9-tre-em,SMILE KID 37 mm Trẻ em SL215L-9,Chị Cẩm Chi,4
smile-kid-sl215l-9-tre-em,SMILE KID 37 mm Trẻ em SL215L-9,Mỹ Anh,5
smile-kid-sl215l-9-tre-em,SMILE KID 37 mm Trẻ em SL215L-9,Trần Thanh Quý,5
elio-el092-02-nu,ELIO 26 mm Nữ EL092-02,Vy Thị Bích,5
elio-el092-02-nu,ELIO 26 mm Nữ EL092-02,Lê Thị Kim Phương,5
elio-el092-02-nu,ELIO 26 mm Nữ EL092-02,Trang,3
elio-el092-02-nu,ELIO 26 mm Nữ EL092-02,Ái,5
elio-el092-02-nu,ELIO 26 mm Nữ EL092-02,Chị Lương,4
elio-el092-02-nu,ELIO 26 mm Nữ EL092-02,Nguyễn Giang Sơn,5
elio-el092-02-nu,ELIO 26 mm Nữ EL092-02,Hà,4
smile-kid-sl123-01-tre-em,SMILE KID 29 mm Trẻ em SL123-01,Cẩm Thuý,5
smile-kid-sl123-01-tre-em,SMILE KID 29 mm Trẻ em SL123-01,Ha Duy Thanh,5
smile-kid-sl123-01-tre-em,SMILE KID 29 mm Trẻ em SL123-01,Lam Nguyen,5
smile-kid-sl123-01-tre-em,SMILE KID 29 mm Trẻ em SL123-01,Nguyễn Thị Nhài,5
smile-kid-sl123-01-tre-em,SMILE KID 29 mm Trẻ em SL123-01,Phương,5
mvw-glory-ms087-02-nam,MVW Glory 43 mm Nam MS087-02,Quyền,5
mvw-glory-ms087-02-nam,MVW Glory 43 mm Nam MS087-02,Tuấn,5
mvw-glory-ms087-02-nam,MVW Glory 43 mm Nam MS087-02,Chị Thanh Hải,5
mvw-glory-ms087-02-nam,MVW Glory 43 mm Nam MS087-02,Anh Khoảnh,5
mvw-glory-ms087-02-nam,MVW Glory 43 mm Nam MS087-02,Trương Thoại,4
mvw-glory-ms087-02-nam,MVW Glory 43 mm Nam MS087-02,Lê Thị Cẩm Thi,5
mvw-glory-ms087-02-nam,MVW Glory 43 mm Nam MS087-02,Nguyễn Văn Thuần,2
mvw-glory-ms087-02-nam,MVW Glory 43 mm Nam MS087-02,Khanh,4
mvw-glory-ms087-02-nam,MVW Glory 43 mm Nam MS087-02,Mai Chí Nghiệp,5
mvw-glory-ms087-02-nam,MVW Glory 43 mm Nam MS087-02,Anh An,5
mvw-glory-ms087-02-nam,MVW Glory 43 mm Nam MS087-02,Anh Tung,5
mvw-glory-ms087-02-nam,MVW Glory 43 mm Nam MS087-02,Nguyen Tran Khanh An,5
mvw-glory-ms087-02-nam,MVW Glory 43 mm Nam MS087-02,Định,5
mvw-glory-ms087-02-nam,MVW Glory 43 mm Nam MS087-02,Nguyễn Phước Trí,5
mvw-glory-ms087-02-nam,MVW Glory 43 mm Nam MS087-02,Trần Nhật Hào,5
mvw-glory-ms087-02-nam,MVW Glory 43 mm Nam MS087-02,Anh Tùng,5
mvw-glory-ms087-02-nam,MVW Glory 43 mm Nam MS087-02,Nguyễn Thị Mỹ Huyền,4
mvw-glory-ms087-02-nam,MVW Glory 43 mm Nam MS087-02,Thắng,4
mvw-glory-ms087-02-nam,MVW Glory 43 mm Nam MS087-02,Chii Thắm,5
mvw-glory-ms087-02-nam,MVW Glory 43 mm Nam MS087-02,A Nhật,4
mvw-glory-ms087-02-nam,MVW Glory 43 mm Nam MS087-02,,5
q-q-c33a-001py-nam?utm_flashsale=1,Q&Q 40 mm Nam C33A-001PY,Phan Linh,5
mvw-msa090-02-s1-nam,MVW Star Automatic 43 mm Nam MSA090-02-S1,Hồ Quân,5
mvw-msa090-02-s1-nam,MVW Star Automatic 43 mm Nam MSA090-02-S1,Nguyễn Minh Phúc,2
mvw-msa090-02-s1-nam,MVW Star Automatic 43 mm Nam MSA090-02-S1,Đăng,5
mvw-msa090-02-s1-nam,MVW Star Automatic 43 mm Nam MSA090-02-S1,Đúc Sơn,5
mvw-msa090-02-s1-nam,MVW Star Automatic 43 mm Nam MSA090-02-S1,Đúc Sơn,5
mvw-msa090-02-s1-nam,MVW Star Automatic 43 mm Nam MSA090-02-S1,Anh Minh,4
mvw-msa090-02-s1-nam,MVW Star Automatic 43 mm Nam MSA090-02-S1,Hà Văn Năm,4
casio-ltp-1303d-4avdf-bac?utm_flashsale=1,CASIO 30 mm Nữ LTP-1303D-4AVDF,Ngọc Minh,5
casio-ltp-1303d-4avdf-bac?utm_flashsale=1,CASIO 30 mm Nữ LTP-1303D-4AVDF,Quỳnh,4
casio-ltp-1303d-4avdf-bac?utm_flashsale=1,CASIO 30 mm Nữ LTP-1303D-4AVDF,Lê Hoàng Tân,5
casio-ltp-1303d-4avdf-bac?utm_flashsale=1,CASIO 30 mm Nữ LTP-1303D-4AVDF,Anh Cường,5
casio-ltp-1303d-4avdf-bac?utm_flashsale=1,CASIO 30 mm Nữ LTP-1303D-4AVDF,Phan Văn Nhựt,5
casio-ltp-1303d-4avdf-bac?utm_flashsale=1,CASIO 30 mm Nữ LTP-1303D-4AVDF,Trâm,5
casio-ltp-1303d-4avdf-bac?utm_flashsale=1,CASIO 30 mm Nữ LTP-1303D-4AVDF,NGUYỄN THỊ YẾN,4
casio-ltp-1303d-4avdf-bac?utm_flashsale=1,CASIO 30 mm Nữ LTP-1303D-4AVDF,NGUYEN HUNG TIEN,1
casio-ltp-1303d-4avdf-bac?utm_flashsale=1,CASIO 30 mm Nữ LTP-1303D-4AVDF,Ngà,5
casio-ltp-1303d-4avdf-bac?utm_flashsale=1,CASIO 30 mm Nữ LTP-1303D-4AVDF,Lê Nguyên Phúc,5
casio-ltp-1303d-4avdf-bac?utm_flashsale=1,CASIO 30 mm Nữ LTP-1303D-4AVDF,Tâm,5
casio-mtp-v006d-7budf-nam,CASIO 38 mm Nam MTP-V006D-7BUDF,Nguyễn Văn Quý,1
casio-mtp-v300l-7audf-nam,CASIO 41.5 mm Nam MTP-V300L-7AUDF,Sang,4
casio-mtp-v300l-7audf-nam,CASIO 41.5 mm Nam MTP-V300L-7AUDF,Anh An,4
casio-mtp-v300l-7audf-nam,CASIO 41.5 mm Nam MTP-V300L-7AUDF,Lê Phước Tâm,5
casio-mtp-v300l-7audf-nam,CASIO 41.5 mm Nam MTP-V300L-7AUDF,Nghiêm,3
casio-mtp-v300l-7audf-nam,CASIO 41.5 mm Nam MTP-V300L-7AUDF,Lê Như Ngọc,5
casio-mtp-v300l-7audf-nam,CASIO 41.5 mm Nam MTP-V300L-7AUDF,NGUYỄN THANH HƠN,5
casio-mtp-v300l-7audf-nam,CASIO 41.5 mm Nam MTP-V300L-7AUDF,A Công,4
casio-mtp-v300l-7audf-nam,CASIO 41.5 mm Nam MTP-V300L-7AUDF,Anh Khang,5
casio-mtp-v300l-7audf-nam,CASIO 41.5 mm Nam MTP-V300L-7AUDF,Từ,5
casio-mtp-v300l-7audf-nam,CASIO 41.5 mm Nam MTP-V300L-7AUDF,Anh Lượng,2
casio-mtp-v300l-7audf-nam,CASIO 41.5 mm Nam MTP-V300L-7AUDF,Kiều,4
casio-mtp-v300l-7audf-nam,CASIO 41.5 mm Nam MTP-V300L-7AUDF,Anh Doanh,5
casio-mtp-v300l-7audf-nam,CASIO 41.5 mm Nam MTP-V300L-7AUDF,Đỗ Dương Thái Nguyên,5
casio-mtp-v300l-7audf-nam,CASIO 41.5 mm Nam MTP-V300L-7AUDF,Anh Kiên,5
casio-mtp-v300l-7audf-nam,CASIO 41.5 mm Nam MTP-V300L-7AUDF,PHẠM ĐỨC THÀNH,3
elio-es015-c2-nu,ELIO 29.5 mm Nữ ES015-C2,Phạm Thị Thọ,4
elio-es015-c2-nu,ELIO 29.5 mm Nữ ES015-C2,Nguyễn Thị Bích Hoa,3
elio-es015-c2-nu,ELIO 29.5 mm Nữ ES015-C2,Phạm Thị Yến,5
elio-es015-c2-nu,ELIO 29.5 mm Nữ ES015-C2,PHẠM VĂN SIÊNG,5
elio-es015-c2-nu,ELIO 29.5 mm Nữ ES015-C2,Phạm Anh Ca,4
elio-es015-c2-nu,ELIO 29.5 mm Nữ ES015-C2,C Mai,5
elio-es015-c2-nu,ELIO 29.5 mm Nữ ES015-C2,Nguyên,5
elio-es015-c2-nu,ELIO 29.5 mm Nữ ES015-C2,Lê Huỳnh Hiển,4
elio-es015-c2-nu,ELIO 29.5 mm Nữ ES015-C2,Thiên,4
elio-es015-c2-nu,ELIO 29.5 mm Nữ ES015-C2,Em Thoảng,4
elio-es015-c2-nu,ELIO 29.5 mm Nữ ES015-C2,Lê Thị Thanh Trúc,5
elio-es015-c2-nu,ELIO 29.5 mm Nữ ES015-C2,Trần Lê Ngọc Nhi,5
elio-es015-c2-nu,ELIO 29.5 mm Nữ ES015-C2,Cô Nhiệm,5
elio-es015-c2-nu,ELIO 29.5 mm Nữ ES015-C2,Chị Đào,4
elio-es024-c2-nu?utm_flashsale=1,ELIO 28 mm Nữ ES024-C2,Bui Hoang Toan,5
elio-es024-c2-nu?utm_flashsale=1,ELIO 28 mm Nữ ES024-C2,Chị Thuỳ Ninh,5
elio-es024-c2-nu?utm_flashsale=1,ELIO 28 mm Nữ ES024-C2,Thái,5
elio-es024-c2-nu?utm_flashsale=1,ELIO 28 mm Nữ ES024-C2,Chị Lan,3
elio-es024-c2-nu?utm_flashsale=1,ELIO 28 mm Nữ ES024-C2,TRẦN CÔNG MINH,4
elio-es024-c2-nu?utm_flashsale=1,ELIO 28 mm Nữ ES024-C2,Hứa Kim Chuyền,5
smile-kid-sl037-01-tre-em,SMILE KID 27 mm Trẻ em SL037-01,Đặng Thanh Bình,5
smile-kid-sl037-01-tre-em,SMILE KID 27 mm Trẻ em SL037-01,Huỳnh Tiểu Nhi,5
smile-kid-sl037-01-tre-em,SMILE KID 27 mm Trẻ em SL037-01,NGUYEN THI DOAN,5
smile-kid-sl037-01-tre-em,SMILE KID 27 mm Trẻ em SL037-01,Hồ Thị Tố Uyên,5
smile-kid-sl037-01-tre-em,SMILE KID 27 mm Trẻ em SL037-01,Nguyễn Đức Hoàng Hải,5
smile-kid-sl037-01-tre-em,SMILE KID 27 mm Trẻ em SL037-01,Ha Thi Huy Truc,5
smile-kid-sl037-01-tre-em,SMILE KID 27 mm Trẻ em SL037-01,TRẦN VĂN TÂN,4
smile-kid-sl037-01-tre-em,SMILE KID 27 mm Trẻ em SL037-01,Anh Giang,5
smile-kid-sl037-01-tre-em,SMILE KID 27 mm Trẻ em SL037-01,Tang,5
smile-kid-sl037-01-tre-em,SMILE KID 27 mm Trẻ em SL037-01,Nguyễn Duy Khánh,5
smile-kid-sl037-01-tre-em,SMILE KID 27 mm Trẻ em SL037-01,Bùi Ái Nhiên,4
smile-kid-sl037-01-tre-em,SMILE KID 27 mm Trẻ em SL037-01,Trần Văn Thiện,5
smile-kid-sl043-01-tre-em,SMILE KID 27 mm Trẻ em SL043-01,Anh Tung,5
smile-kid-sl043-01-tre-em,SMILE KID 27 mm Trẻ em SL043-01,Trần Thị Bé Mịnh,4
smile-kid-sl043-01-tre-em,SMILE KID 27 mm Trẻ em SL043-01,Chị Hương,4
smile-kid-sl043-01-tre-em,SMILE KID 27 mm Trẻ em SL043-01,Tuyền,5
smile-kid-sl043-01-tre-em,SMILE KID 27 mm Trẻ em SL043-01,HOANG DANG THANH VAN,5
smile-kid-sl043-01-tre-em,SMILE KID 27 mm Trẻ em SL043-01,TRẦN THỊ ÁI NHƯ,5
smile-kid-sl043-01-tre-em,SMILE KID 27 mm Trẻ em SL043-01,Chị Huyền,5
smile-kid-sl043-01-tre-em,SMILE KID 27 mm Trẻ em SL043-01,NGUYỄN THỊ LINH,5
smile-kid-sl043-01-tre-em,SMILE KID 27 mm Trẻ em SL043-01,Chị Nhi,4
smile-kid-sl043-01-tre-em,SMILE KID 27 mm Trẻ em SL043-01,Dũng,5
smile-kid-sl043-01-tre-em,SMILE KID 27 mm Trẻ em SL043-01,Thắng,5
smile-kid-sl043-01-tre-em,SMILE KID 27 mm Trẻ em SL043-01,Lan,5
elio-es028-01-nu,ELIO 25 mm Nữ ES028-01,Chị Nguyệt,5
elio-es028-01-nu,ELIO 25 mm Nữ ES028-01,Duy,5
elio-es028-01-nu,ELIO 25 mm Nữ ES028-01,Quỳnh,5
elio-es028-01-nu,ELIO 25 mm Nữ ES028-01,Đỗ Phương Thảo,5
elio-es028-01-nu,ELIO 25 mm Nữ ES028-01,NGÔ THỊ THU,4
elio-es028-01-nu,ELIO 25 mm Nữ ES028-01,Hoàng Thảo,5
elio-es028-01-nu,ELIO 25 mm Nữ ES028-01,198757 - Đỗ Trung Hiếu,5
elio-es028-01-nu,ELIO 25 mm Nữ ES028-01,Mai Phương,5
elio-es028-01-nu,ELIO 25 mm Nữ ES028-01,Hường,5
elio-es028-01-nu,ELIO 25 mm Nữ ES028-01,Duyên Nguyễn,5
elio-es028-01-nu,ELIO 25 mm Nữ ES028-01,Bùi Thuỷ Tiên,5
elio-es028-01-nu,ELIO 25 mm Nữ ES028-01,Việt Hà,5
elio-es028-01-nu,ELIO 25 mm Nữ ES028-01,Ngô Thị Thơm,5
elio-es028-01-nu,ELIO 25 mm Nữ ES028-01,Quyên,4
elio-el038-01-nu,ELIO Nắng Xuân 28 mm Nữ EL038-01,Hưng,4
elio-el038-01-nu,ELIO Nắng Xuân 28 mm Nữ EL038-01,Lê Nhật Hào,5
elio-el038-01-nu,ELIO Nắng Xuân 28 mm Nữ EL038-01,Phạm Ngọc,4
elio-el038-01-nu,ELIO Nắng Xuân 28 mm Nữ EL038-01,Lưu Chí Hào,5
elio-el038-01-nu,ELIO Nắng Xuân 28 mm Nữ EL038-01,Long,4
elio-el038-01-nu,ELIO Nắng Xuân 28 mm Nữ EL038-01,Ngọc,5
elio-el038-01-nu,ELIO Nắng Xuân 28 mm Nữ EL038-01,Lý Minh Trung,5
elio-el038-01-nu,ELIO Nắng Xuân 28 mm Nữ EL038-01,Pé Ánh,3
elio-el038-01-nu,ELIO Nắng Xuân 28 mm Nữ EL038-01,Anh Minh,5
elio-el038-01-nu,ELIO Nắng Xuân 28 mm Nữ EL038-01,THẠCH THỊ HỒNG LAN,5
elio-el038-01-nu,ELIO Nắng Xuân 28 mm Nữ EL038-01,Hân,4
elio-el038-01-nu,ELIO Nắng Xuân 28 mm Nữ EL038-01,NGUYỄN HOÀNG PHÚC,5
elio-el038-01-nu,ELIO Nắng Xuân 28 mm Nữ EL038-01,Ti,5
elio-el038-01-nu,ELIO Nắng Xuân 28 mm Nữ EL038-01,Chiến,5
elio-el038-01-nu,ELIO Nắng Xuân 28 mm Nữ EL038-01,Lê Thị Thanh Hiền,5
elio-el038-01-nu,ELIO Nắng Xuân 28 mm Nữ EL038-01,Kỳ,4
elio-el038-01-nu,ELIO Nắng Xuân 28 mm Nữ EL038-01,Miksa,4
elio-el038-01-nu,ELIO Nắng Xuân 28 mm Nữ EL038-01,Nguyễn Thanh Duy,5
elio-el038-01-nu,ELIO Nắng Xuân 28 mm Nữ EL038-01,Cúc,4
elio-el038-01-nu,ELIO Nắng Xuân 28 mm Nữ EL038-01,Nguyễn Quốc Thịnh,4
elio-el038-01-nu,ELIO Nắng Xuân 28 mm Nữ EL038-01,Hưng,4
elio-el038-01-nu,ELIO Nắng Xuân 28 mm Nữ EL038-01,Lê Nhật Hào,5
elio-el038-01-nu,ELIO Nắng Xuân 28 mm Nữ EL038-01,Phạm Ngọc,4
elio-el038-01-nu,ELIO Nắng Xuân 28 mm Nữ EL038-01,Lưu Chí Hào,5
elio-el038-01-nu,ELIO Nắng Xuân 28 mm Nữ EL038-01,Long,4
elio-el038-01-nu,ELIO Nắng Xuân 28 mm Nữ EL038-01,Ngọc,5
elio-el038-01-nu,ELIO Nắng Xuân 28 mm Nữ EL038-01,Lý Minh Trung,5
elio-el038-01-nu,ELIO Nắng Xuân 28 mm Nữ EL038-01,Pé Ánh,3
elio-el038-01-nu,ELIO Nắng Xuân 28 mm Nữ EL038-01,Anh Minh,5
elio-el038-01-nu,ELIO Nắng Xuân 28 mm Nữ EL038-01,THẠCH THỊ HỒNG LAN,5
elio-el038-01-nu,ELIO Nắng Xuân 28 mm Nữ EL038-01,Hân,4
elio-el038-01-nu,ELIO Nắng Xuân 28 mm Nữ EL038-01,NGUYỄN HOÀNG PHÚC,5
elio-el038-01-nu,ELIO Nắng Xuân 28 mm Nữ EL038-01,Ti,5
elio-el038-01-nu,ELIO Nắng Xuân 28 mm Nữ EL038-01,Chiến,5
elio-el038-01-nu,ELIO Nắng Xuân 28 mm Nữ EL038-01,Lê Thị Thanh Hiền,5
elio-el038-01-nu,ELIO Nắng Xuân 28 mm Nữ EL038-01,Kỳ,4
elio-el038-01-nu,ELIO Nắng Xuân 28 mm Nữ EL038-01,Miksa,4
elio-el038-01-nu,ELIO Nắng Xuân 28 mm Nữ EL038-01,Nguyễn Thanh Duy,5
elio-el038-01-nu,ELIO Nắng Xuân 28 mm Nữ EL038-01,Cúc,4
elio-el038-01-nu,ELIO Nắng Xuân 28 mm Nữ EL038-01,Nguyễn Quốc Thịnh,4
elio-el039-01-nu,ELIO Nắng Xuân 29 mm Nữ EL039-01,Chị Hà,4
elio-el039-01-nu,ELIO Nắng Xuân 29 mm Nữ EL039-01,Nhi,5
elio-el039-01-nu,ELIO Nắng Xuân 29 mm Nữ EL039-01,Hai Yến,4
elio-el039-01-nu,ELIO Nắng Xuân 29 mm Nữ EL039-01,Phan Nguyen Kha,5
elio-el039-01-nu,ELIO Nắng Xuân 29 mm Nữ EL039-01,Nguyễn Đình Nhật,5
elio-el039-01-nu,ELIO Nắng Xuân 29 mm Nữ EL039-01,Châu,5
elio-el039-01-nu,ELIO Nắng Xuân 29 mm Nữ EL039-01,VŨ NHẬT TRÌNH,5
elio-el039-01-nu,ELIO Nắng Xuân 29 mm Nữ EL039-01,Chi,5
elio-el039-01-nu,ELIO Nắng Xuân 29 mm Nữ EL039-01,Kiều Trí Doanh,5
elio-el039-01-nu,ELIO Nắng Xuân 29 mm Nữ EL039-01,HOÀNG THỊ KIM DUNG,5
elio-el039-01-nu,ELIO Nắng Xuân 29 mm Nữ EL039-01,Lê Văn Trung,4
elio-el039-01-nu,ELIO Nắng Xuân 29 mm Nữ EL039-01,Quỳnh Anh,5
elio-el039-01-nu,ELIO Nắng Xuân 29 mm Nữ EL039-01,Kim Vân,5
elio-el039-01-nu,ELIO Nắng Xuân 29 mm Nữ EL039-01,Vy Bui,4
elio-el039-01-nu,ELIO Nắng Xuân 29 mm Nữ EL039-01,Vừ Thị Kía,4
elio-el039-01-nu,ELIO Nắng Xuân 29 mm Nữ EL039-01,Cô Hà,4
elio-el039-01-nu,ELIO Nắng Xuân 29 mm Nữ EL039-01,Chị Ngọc,3
elio-el039-01-nu,ELIO Nắng Xuân 29 mm Nữ EL039-01,Chi,4
elio-el039-01-nu,ELIO Nắng Xuân 29 mm Nữ EL039-01,Thanh Thúy,3
elio-el039-01-nu,ELIO Nắng Xuân 29 mm Nữ EL039-01,Diễm,5
elio-el039-01-nu,ELIO Nắng Xuân 29 mm Nữ EL039-01,Ngọc Châu,5
elio-el039-01-nu,ELIO Nắng Xuân 29 mm Nữ EL039-01,NGUYỄN VĂN MỘNG,2
elio-el039-01-nu,ELIO Nắng Xuân 29 mm Nữ EL039-01,Nguyễn Thanh Kim Xuân,4
elio-el039-01-nu,ELIO Nắng Xuân 29 mm Nữ EL039-01,Nam,5
elio-el039-01-nu,ELIO Nắng Xuân 29 mm Nữ EL039-01,Phạm Công Tính,4
elio-el039-01-nu,ELIO Nắng Xuân 29 mm Nữ EL039-01,Nguyễn Lê Phương An,5
elio-el039-01-nu,ELIO Nắng Xuân 29 mm Nữ EL039-01,Quỳnh,5
elio-el039-01-nu,ELIO Nắng Xuân 29 mm Nữ EL039-01,LÊ KIỀU OANH,5
elio-el039-01-nu,ELIO Nắng Xuân 29 mm Nữ EL039-01,Đức,5
dong-ho-nam-mvw-ms060-01,MVW 40 mm Nam MS060-01,Trần Quốc Hùng,4
dong-ho-nam-mvw-ms060-01,MVW 40 mm Nam MS060-01,Nguyễn Thanh Khan,5
dong-ho-nam-mvw-ms060-01,MVW 40 mm Nam MS060-01,Mai Thảo Ly,5
dong-ho-nam-mvw-ms060-01,MVW 40 mm Nam MS060-01,BACH VAN GIAU,5
dong-ho-nam-mvw-ms060-01,MVW 40 mm Nam MS060-01,Nguyễn Hoài Vũ,5
dong-ho-nam-mvw-ms060-01,MVW 40 mm Nam MS060-01,Anh Cường,5
dong-ho-nam-mvw-ms060-01,MVW 40 mm Nam MS060-01,Lê Minh Thuận,5
dong-ho-nam-mvw-ms060-01,MVW 40 mm Nam MS060-01,Nam,5
dong-ho-nam-mvw-ms060-01,MVW 40 mm Nam MS060-01,CAO THỊ THU THỦY,5
dong-ho-nam-mvw-ms060-01,MVW 40 mm Nam MS060-01,Nguyễn Linh Dương,5
dong-ho-nam-mvw-ms060-01,MVW 40 mm Nam MS060-01,Anh Cường,1
dong-ho-nam-mvw-ms060-01,MVW 40 mm Nam MS060-01,Anh Đệ,5
dong-ho-nam-mvw-ms060-01,MVW 40 mm Nam MS060-01,Anh Sang,5
dong-ho-nam-mvw-ms060-01,MVW 40 mm Nam MS060-01,Chị Hiền,3
dong-ho-nam-mvw-ms060-01,MVW 40 mm Nam MS060-01,Kiều Quang Duyên,4
dong-ho-nam-mvw-ms060-01,MVW 40 mm Nam MS060-01,NGÔ THỊ THÙY LINH,5
dong-ho-nam-mvw-ms060-01,MVW 40 mm Nam MS060-01,BÙI XUÂN GIÁP,5
dong-ho-nam-mvw-ms060-01,MVW 40 mm Nam MS060-01,Lam Thanh Thao,4
dong-ho-nam-mvw-ms060-01,MVW 40 mm Nam MS060-01,Hoàng Văn Quân,4
dong-ho-nam-mvw-ms060-01,MVW 40 mm Nam MS060-01,Ngo Thi To Nhu,5
dong-ho-nam-mvw-ms060-01,MVW 40 mm Nam MS060-01,Lê Hoàng Thiện Trí,5
mvw-ml062-01-nam,MVW Sport 41 mm Nam ML062-01,Nguyễn Tấn Phúc,1
mvw-ml062-01-nam,MVW Sport 41 mm Nam ML062-01,Nguyễn Kim Anh,5
mvw-ml062-01-nam,MVW Sport 41 mm Nam ML062-01,Hoài,5
mvw-ml062-01-nam,MVW Sport 41 mm Nam ML062-01,Minh Tiến,5
mvw-ml062-01-nam,MVW Sport 41 mm Nam ML062-01,Anh Sang,5
mvw-ml062-01-nam,MVW Sport 41 mm Nam ML062-01,TRAN DUY KHANH,4
mvw-ml062-01-nam,MVW Sport 41 mm Nam ML062-01,Phạm Ngọc Hưởng,4
mvw-ml062-01-nam,MVW Sport 41 mm Nam ML062-01,Xuyên,5
mvw-ml062-01-nam,MVW Sport 41 mm Nam ML062-01,Nguyễn Trung Kiên,5
mvw-ml062-01-nam,MVW Sport 41 mm Nam ML062-01,Đặng Hoài Mạnh,5
mvw-ml062-01-nam,MVW Sport 41 mm Nam ML062-01,Lê Thanh Tâm,5
mvw-ml062-01-nam,MVW Sport 41 mm Nam ML062-01,Em Hồng Vân,3
mvw-ml062-01-nam,MVW Sport 41 mm Nam ML062-01,Anh Vũ,5
mvw-ml062-01-nam,MVW Sport 41 mm Nam ML062-01,Võ Trần Phương Tâm,4
mvw-ml062-01-nam,MVW Sport 41 mm Nam ML062-01,NGUYỄN TẤN HOÀNG,5
mvw-ml062-01-nam,MVW Sport 41 mm Nam ML062-01,Danh,5
mvw-ml062-01-nam,MVW Sport 41 mm Nam ML062-01,Đoàn Văn Hoàng,4
mvw-ml062-01-nam,MVW Sport 41 mm Nam ML062-01,Vi,3
elio-es092-01-nu,ELIO 32 mm Nữ ES092-01,Phạm Thị Thanh Thảo,4
elio-es092-01-nu,ELIO 32 mm Nữ ES092-01,Huỳnh Lan,5
elio-es092-01-nu,ELIO 32 mm Nữ ES092-01,Anh Hòa,5
elio-es092-01-nu,ELIO 32 mm Nữ ES092-01,Hồng Nhung,5
elio-es092-01-nu,ELIO 32 mm Nữ ES092-01,Phan Thị Bích Diệu,5
elio-es092-01-nu,ELIO 32 mm Nữ ES092-01,Thuỷ,1
elio-es092-01-nu,ELIO 32 mm Nữ ES092-01,Em Trâm,5
elio-es092-01-nu,ELIO 32 mm Nữ ES092-01,Trần Thị Thu Pha,5
elio-es092-01-nu,ELIO 32 mm Nữ ES092-01,Nguyễn Thị Thoại Ba,5
elio-es092-01-nu,ELIO 32 mm Nữ ES092-01,Chang,5
elio-es092-01-nu,ELIO 32 mm Nữ ES092-01,Trương Kim Thảo,5
elio-es092-01-nu,ELIO 32 mm Nữ ES092-01,Tuyết,4
elio-es092-01-nu,ELIO 32 mm Nữ ES092-01,Nguyễn Long Xuyên,5
elio-es092-01-nu,ELIO 32 mm Nữ ES092-01,Huệ Nguyễn,5
elio-es092-01-nu,ELIO 32 mm Nữ ES092-01,Nguyễn Đặng Bá Phúc,5
elio-es092-01-nu,ELIO 32 mm Nữ ES092-01,Hoàng Quý,5
elio-es092-01-nu,ELIO 32 mm Nữ ES092-01,Hiền,4
elio-es100-01-nu,ELIO 26 mm Nữ ES100-01,Hương,1
elio-es100-01-nu,ELIO 26 mm Nữ ES100-01,Huỳnh Thị Bích Hạnh,5
elio-es100-01-nu,ELIO 26 mm Nữ ES100-01,Phạm Công Thắng,4
elio-es100-01-nu,ELIO 26 mm Nữ ES100-01,Ngân,5
elio-es100-01-nu,ELIO 26 mm Nữ ES100-01,Nguyễn Thị Trà My,4
elio-es100-01-nu,ELIO 26 mm Nữ ES100-01,Huyền Trang,5
elio-es100-01-nu,ELIO 26 mm Nữ ES100-01,Huỳnh Nhật Luân,5
elio-es100-01-nu,ELIO 26 mm Nữ ES100-01,39820 - Bùi Thị Thoa,5
elio-es100-01-nu,ELIO 26 mm Nữ ES100-01,Trần Minh Phượng,5
elio-es100-01-nu,ELIO 26 mm Nữ ES100-01,Nguyen Thi Thuy Dieu,5
elio-es100-01-nu,ELIO 26 mm Nữ ES100-01,Lê Trọng Vinh,5
elio-es100-01-nu,ELIO 26 mm Nữ ES100-01,Nguyễn Thị Cẩm Huyền,5
elio-es100-01-nu,ELIO 26 mm Nữ ES100-01,Quốc,5
elio-es100-01-nu,ELIO 26 mm Nữ ES100-01,Chị Ngân,4
elio-es100-01-nu,ELIO 26 mm Nữ ES100-01,Đồng Minh Pha,5
elio-es100-01-nu,ELIO 26 mm Nữ ES100-01,Nhung,5
elio-es100-01-nu,ELIO 26 mm Nữ ES100-01,LÊ THỊ THỦY LIỀN,4
elio-es100-01-nu,ELIO 26 mm Nữ ES100-01,Huỳnh Kim Phúc,5
elio-es100-01-nu,ELIO 26 mm Nữ ES100-01,Chị Nhung,4
elio-ec008-02-nu,ELIO 33 mm Nữ EC008-02,Nguyễn Thị Mơ,4
elio-ec008-02-nu,ELIO 33 mm Nữ EC008-02,Lê Tấn,5
elio-ec008-02-nu,ELIO 33 mm Nữ EC008-02,Chị Chín,4
elio-ec008-02-nu,ELIO 33 mm Nữ EC008-02,49028- Nguyễn Văn Thành,5
elio-ec008-02-nu,ELIO 33 mm Nữ EC008-02,Chị Phượng,5
elio-ec008-02-nu,ELIO 33 mm Nữ EC008-02,Thương,4
elio-ec008-02-nu,ELIO 33 mm Nữ EC008-02,Anh Tâm,5
elio-ec008-02-nu,ELIO 33 mm Nữ EC008-02,Anh Ký,5
elio-ec008-02-nu,ELIO 33 mm Nữ EC008-02,Vương Hồng Quảng,4
elio-ec008-02-nu,ELIO 33 mm Nữ EC008-02,Thu Hằng,5
elio-ec008-02-nu,ELIO 33 mm Nữ EC008-02,Chị Ái,5
elio-ec008-02-nu,ELIO 33 mm Nữ EC008-02,Sang,3
elio-ec008-02-nu,ELIO 33 mm Nữ EC008-02,Chú Hùng,5
elio-ec008-02-nu,ELIO 33 mm Nữ EC008-02,Phạm Cảnh Quyền,5
elio-ec008-02-nu,ELIO 33 mm Nữ EC008-02,Đào Như Cẩm,4
elio-ec008-02-nu,ELIO 33 mm Nữ EC008-02,Chị Hà,5
elio-el129-02-nu,ELIO Flower 32 mm Nữ EL129-02,Hồng Phương,4
elio-el129-02-nu,ELIO Flower 32 mm Nữ EL129-02,Chị Hồng,2
elio-el129-02-nu,ELIO Flower 32 mm Nữ EL129-02,Nguyễn Thị Thanh Tâm,4
elio-el129-02-nu,ELIO Flower 32 mm Nữ EL129-02,Nguyễn Thị Thuỳ Linh,5
elio-el129-02-nu,ELIO Flower 32 mm Nữ EL129-02,Chị Thuỷ,5
elio-el129-02-nu,ELIO Flower 32 mm Nữ EL129-02,Chị Năm,4
mvw-ml085-02-sm-nam,MVW 44 mm Nam ML085-02-SM,Phương,2
mvw-ml085-02-sm-nam,MVW 44 mm Nam ML085-02-SM,Đặng Toàn,4
mvw-ml085-02-sm-nam,MVW 44 mm Nam ML085-02-SM,Trí,2
smile-kid-sl414-012sk-tre-em,SMILE KID 38 mm Trẻ em SL414-012SK,Trang,1
mvw-ml087-02-nam,MVW Sport 41 mm Nam ML087-02,Hoành,4
mvw-ml087-02-nam,MVW Sport 41 mm Nam ML087-02,Đăng,5
mvw-ml087-02-nam,MVW Sport 41 mm Nam ML087-02,Hà Văn Thắng,4
mvw-ml087-02-nam,MVW Sport 41 mm Nam ML087-02,Nguyễn Tuấn,5
elio-es026-c2-nu,ELIO 30.5 mm Nữ ES026-C2,Phạm Thị Kiều,5
elio-es026-c2-nu,ELIO 30.5 mm Nữ ES026-C2,Bạch Thị Hồng Diễm,5
elio-es026-c2-nu,ELIO 30.5 mm Nữ ES026-C2,Tú Anh,5
elio-es026-c2-nu,ELIO 30.5 mm Nữ ES026-C2,La Văn Hiệp,5
elio-es026-c2-nu,ELIO 30.5 mm Nữ ES026-C2,Điền,5
elio-es026-c2-nu,ELIO 30.5 mm Nữ ES026-C2,Chị Hà,5
elio-es026-c2-nu,ELIO 30.5 mm Nữ ES026-C2,Lê Thành Hưng,5
elio-es026-c2-nu,ELIO 30.5 mm Nữ ES026-C2,Thảo,5
elio-es026-c2-nu,ELIO 30.5 mm Nữ ES026-C2,An Yên,1
elio-es026-c2-nu,ELIO 30.5 mm Nữ ES026-C2,Hân,5
elio-es026-c2-nu,ELIO 30.5 mm Nữ ES026-C2,Nguyễn Thu Quyên,5
elio-el041-01-nu,ELIO Nắng Xuân 28 mm Nữ EL041-01,Chị Tuyền,5
elio-el041-01-nu,ELIO Nắng Xuân 28 mm Nữ EL041-01,Trần Ngọc Thắng,5
elio-el041-01-nu,ELIO Nắng Xuân 28 mm Nữ EL041-01,NGUYỄN THỊ KIM CÚC,4
elio-el041-01-nu,ELIO Nắng Xuân 28 mm Nữ EL041-01,118626 - Nguyễn Chí Tính,5
elio-el041-01-nu,ELIO Nắng Xuân 28 mm Nữ EL041-01,Chi Chị,5
elio-el041-01-nu,ELIO Nắng Xuân 28 mm Nữ EL041-01,C Biểu,5
elio-el041-01-nu,ELIO Nắng Xuân 28 mm Nữ EL041-01,Nguyễn Như Tuân,4
elio-el041-01-nu,ELIO Nắng Xuân 28 mm Nữ EL041-01,Lê Quang Kiên,5
elio-el041-01-nu,ELIO Nắng Xuân 28 mm Nữ EL041-01,Hà My,3
elio-el041-01-nu,ELIO Nắng Xuân 28 mm Nữ EL041-01,Võ Thị Phương Chi,5
elio-el041-01-nu,ELIO Nắng Xuân 28 mm Nữ EL041-01,PHẠM THỊ BÍCH,3
elio-el041-01-nu,ELIO Nắng Xuân 28 mm Nữ EL041-01,Diem,4
elio-el041-01-nu,ELIO Nắng Xuân 28 mm Nữ EL041-01,Hà Hương,5
elio-el041-01-nu,ELIO Nắng Xuân 28 mm Nữ EL041-01,Cao,5
elio-el041-01-nu,ELIO Nắng Xuân 28 mm Nữ EL041-01,HA DUNG,1
elio-el041-01-nu,ELIO Nắng Xuân 28 mm Nữ EL041-01,Ninh Thị Hạnh,5
elio-el041-01-nu,ELIO Nắng Xuân 28 mm Nữ EL041-01,Nguyen Thi Truc Linh,5
elio-el041-01-nu,ELIO Nắng Xuân 28 mm Nữ EL041-01,Hùng,5
elio-el041-01-nu,ELIO Nắng Xuân 28 mm Nữ EL041-01,NGUYỄN TRỌNG NHÂN,3
elio-el041-01-nu,ELIO Nắng Xuân 28 mm Nữ EL041-01,Nguyễn Ngọc Tú,5
elio-el041-01-nu,ELIO Nắng Xuân 28 mm Nữ EL041-01,Chị Luyến,5
elio-el041-01-nu,ELIO Nắng Xuân 28 mm Nữ EL041-01,Nguyễn Anh Đức,5
smile-kid-sl065-02-tre-em,SMILE KID 50 mm Trẻ em SL065-02,Nguyễn Thị Hà,3
smile-kid-sl065-02-tre-em,SMILE KID 50 mm Trẻ em SL065-02,Trần Quốc Trung,4
smile-kid-sl065-02-tre-em,SMILE KID 50 mm Trẻ em SL065-02,Ngọc Trân,5
smile-kid-sl065-02-tre-em,SMILE KID 50 mm Trẻ em SL065-02,Tùng,5
smile-kid-sl065-02-tre-em,SMILE KID 50 mm Trẻ em SL065-02,Phan Minh Thiên,5
smile-kid-sl065-02-tre-em,SMILE KID 50 mm Trẻ em SL065-02,Thân Văn Phong,4
smile-kid-sl065-02-tre-em,SMILE KID 50 mm Trẻ em SL065-02,Chị Ngân,4
smile-kid-sl065-02-tre-em,SMILE KID 50 mm Trẻ em SL065-02,Le Thanh Hung,4
smile-kid-sl065-02-tre-em,SMILE KID 50 mm Trẻ em SL065-02,Chị Lan,5
smile-kid-sl065-02-tre-em,SMILE KID 50 mm Trẻ em SL065-02,Việt,5
smile-kid-sl065-02-tre-em,SMILE KID 50 mm Trẻ em SL065-02,NGUYỄN THỊ LOAN,5
smile-kid-sl065-02-tre-em,SMILE KID 50 mm Trẻ em SL065-02,Trương Đình Đinh,5
smile-kid-sl065-02-tre-em,SMILE KID 50 mm Trẻ em SL065-02,Trần Thị Hương,4
smile-kid-sl065-02-tre-em,SMILE KID 50 mm Trẻ em SL065-02,Le Nguyễn Duy Thịnh,5
smile-kid-sl065-02-tre-em,SMILE KID 50 mm Trẻ em SL065-02,Phương,5
smile-kid-sl065-02-tre-em,SMILE KID 50 mm Trẻ em SL065-02,Trần Quang Vinh,4
smile-kid-sl065-02-tre-em,SMILE KID 50 mm Trẻ em SL065-02,Trần Nhựtkhánh,4
smile-kid-sl065-02-tre-em,SMILE KID 50 mm Trẻ em SL065-02,Uyên,5
smile-kid-sl065-02-tre-em,SMILE KID 50 mm Trẻ em SL065-02,Anh Dũng,4
elio-ec002-02-nu,ELIO Nàng Thơ 30 mm Nữ EC002-02,LÊ TẤN ĐẢO,5
elio-ec002-02-nu,ELIO Nàng Thơ 30 mm Nữ EC002-02,Nguyễn Thị Thùy Dung,4
elio-ec002-02-nu,ELIO Nàng Thơ 30 mm Nữ EC002-02,A Thuận,3
elio-ec002-02-nu,ELIO Nàng Thơ 30 mm Nữ EC002-02,LÊ QUỐC THÁI,5
elio-ec002-02-nu,ELIO Nàng Thơ 30 mm Nữ EC002-02,Chị Thuyên,4
elio-ec002-02-nu,ELIO Nàng Thơ 30 mm Nữ EC002-02,Chị Trinh,5
elio-ec002-02-nu,ELIO Nàng Thơ 30 mm Nữ EC002-02,Trần Thảo Nguyên,4
elio-ec002-02-nu,ELIO Nàng Thơ 30 mm Nữ EC002-02,Chú Sơn,5
elio-ec002-02-nu,ELIO Nàng Thơ 30 mm Nữ EC002-02,Cô Thắm,5
elio-ec002-02-nu,ELIO Nàng Thơ 30 mm Nữ EC002-02,Chú Sơn,5
elio-el090-01-nu,ELIO 21 mm Nữ EL090-01,Nguyễn Thị Mận,1
elio-el090-01-nu,ELIO 21 mm Nữ EL090-01,Giàu,5
elio-el090-01-nu,ELIO 21 mm Nữ EL090-01,Huỳnh My,5
elio-el090-01-nu,ELIO 21 mm Nữ EL090-01,Huyên,5
elio-el090-01-nu,ELIO 21 mm Nữ EL090-01,BÙI THỊ QUỲNH NHƯ,5
elio-el090-01-nu,ELIO 21 mm Nữ EL090-01,Hoàng Anh Vũ,4
elio-el090-01-nu,ELIO 21 mm Nữ EL090-01,Chị Lộc,5
elio-el090-01-nu,ELIO 21 mm Nữ EL090-01,Hoàng Thị Lập,4
elio-el090-01-nu,ELIO 21 mm Nữ EL090-01,Lưu Thi Lệ Quyên,4
elio-el090-01-nu,ELIO 21 mm Nữ EL090-01,Hải,4
elio-el090-01-nu,ELIO 21 mm Nữ EL090-01,Đức Huệ,5
elio-el090-01-nu,ELIO 21 mm Nữ EL090-01,Phượng,5
elio-el090-01-nu,ELIO 21 mm Nữ EL090-01,Phụng,5
elio-el090-01-nu,ELIO 21 mm Nữ EL090-01,Phong,5
elio-el090-01-nu,ELIO 21 mm Nữ EL090-01,Khổng Thị Thúy,5
elio-el095-02-nu,ELIO 30 mm Nữ EL095-02,Cường,5
elio-el095-02-nu,ELIO 30 mm Nữ EL095-02,Nguyễn Thị Kỳ Linh,5
elio-el095-02-nu,ELIO 30 mm Nữ EL095-02,NGUYỄN TẤN THÀNH,5
elio-el095-02-nu,ELIO 30 mm Nữ EL095-02,Z,5
elio-el095-02-nu,ELIO 30 mm Nữ EL095-02,Thạch Thị Pha La,4
elio-el095-02-nu,ELIO 30 mm Nữ EL095-02,Huỳnh Tiễu Điền,4
elio-el095-02-nu,ELIO 30 mm Nữ EL095-02,HÀ YẾN PHƯƠNG,5
elio-el095-02-nu,ELIO 30 mm Nữ EL095-02,Chị Hạnh,5
elio-el095-02-nu,ELIO 30 mm Nữ EL095-02,Lưu Mỹ Linh,4
elio-el095-02-nu,ELIO 30 mm Nữ EL095-02,Bạn Hưng,5
elio-el095-02-nu,ELIO 30 mm Nữ EL095-02,Trang,5
elio-el095-02-nu,ELIO 30 mm Nữ EL095-02,Thoa,5
elio-el095-02-nu,ELIO 30 mm Nữ EL095-02,BÙI THỊ HỒNG,4
elio-el095-02-nu,ELIO 30 mm Nữ EL095-02,Bùi Thị Diệu,4
elio-el095-02-nu,ELIO 30 mm Nữ EL095-02,Nguyễn Phúc Hải,5
casio-mtp-v004d-7b2udf-nam?utm_flashsale=1,CASIO 41.5 mm Nam MTP-V004D-7B2UDF,Trần Văn Đoàn,5
casio-mtp-v004d-7b2udf-nam?utm_flashsale=1,CASIO 41.5 mm Nam MTP-V004D-7B2UDF,Nguyễn Diễm,5
casio-mtp-v004d-7b2udf-nam?utm_flashsale=1,CASIO 41.5 mm Nam MTP-V004D-7B2UDF,Hùng,5
casio-mtp-v004d-7b2udf-nam?utm_flashsale=1,CASIO 41.5 mm Nam MTP-V004D-7B2UDF,Trịnh Thị Mỹ Dung,4
casio-mtp-v004d-7b2udf-nam?utm_flashsale=1,CASIO 41.5 mm Nam MTP-V004D-7B2UDF,LƯƠNG ĐỨC LINH,3
casio-mtp-v004d-7b2udf-nam?utm_flashsale=1,CASIO 41.5 mm Nam MTP-V004D-7B2UDF,Hoàng Việt Thanh,5
casio-mtp-v004d-7b2udf-nam?utm_flashsale=1,CASIO 41.5 mm Nam MTP-V004D-7B2UDF,Nguyen My My,5
casio-mtp-v004d-7b2udf-nam?utm_flashsale=1,CASIO 41.5 mm Nam MTP-V004D-7B2UDF,Anh China,4
casio-mtp-v004d-7b2udf-nam?utm_flashsale=1,CASIO 41.5 mm Nam MTP-V004D-7B2UDF,CHÂU PHI,4
casio-mtp-v004d-7b2udf-nam?utm_flashsale=1,CASIO 41.5 mm Nam MTP-V004D-7B2UDF,Trương Hoàng Minh,5
casio-mtp-v004d-7b2udf-nam?utm_flashsale=1,CASIO 41.5 mm Nam MTP-V004D-7B2UDF,DANH TRUNG HIẾU,4
casio-mtp-v004d-7b2udf-nam?utm_flashsale=1,CASIO 41.5 mm Nam MTP-V004D-7B2UDF,Nguyễn Liên,4
casio-mtp-v004d-7b2udf-nam?utm_flashsale=1,CASIO 41.5 mm Nam MTP-V004D-7B2UDF,Phạm Thế Mỹ,4
casio-mtp-v004d-7b2udf-nam?utm_flashsale=1,CASIO 41.5 mm Nam MTP-V004D-7B2UDF,Nguyễn Văn Lợi,4
casio-mtp-v004d-7b2udf-nam?utm_flashsale=1,CASIO 41.5 mm Nam MTP-V004D-7B2UDF,Lê Hồng Phong,5
casio-mtp-v004d-7b2udf-nam?utm_flashsale=1,CASIO 41.5 mm Nam MTP-V004D-7B2UDF,Đào Hồng Tài,4
casio-mtp-v004d-7b2udf-nam?utm_flashsale=1,CASIO 41.5 mm Nam MTP-V004D-7B2UDF,NGUYỄN THỊ TUYẾT LOAN,5
casio-mtp-v004d-7b2udf-nam?utm_flashsale=1,CASIO 41.5 mm Nam MTP-V004D-7B2UDF,Đặng Thị Trinh,4
casio-mtp-v004d-7b2udf-nam?utm_flashsale=1,CASIO 41.5 mm Nam MTP-V004D-7B2UDF,Phí Duy Giáp,5
casio-mtp-v004d-7b2udf-nam?utm_flashsale=1,CASIO 41.5 mm Nam MTP-V004D-7B2UDF,Bích Thùy,5
casio-mtp-v004d-7b2udf-nam?utm_flashsale=1,CASIO 41.5 mm Nam MTP-V004D-7B2UDF,Nguyễn Hoàng Nam,5
casio-mtp-v004d-7b2udf-nam?utm_flashsale=1,CASIO 41.5 mm Nam MTP-V004D-7B2UDF,Tran Van Dong,4
casio-mtp-v004d-7b2udf-nam?utm_flashsale=1,CASIO 41.5 mm Nam MTP-V004D-7B2UDF,Nguyễn Hoàng Toàn,3
casio-mtp-v004d-7b2udf-nam?utm_flashsale=1,CASIO 41.5 mm Nam MTP-V004D-7B2UDF,Cuong,5
casio-mtp-v004d-7b2udf-nam?utm_flashsale=1,CASIO 41.5 mm Nam MTP-V004D-7B2UDF,Cao Sĩ Tiến,4
elio-es127-01-nu,ELIO Flower 29.5 mm Nữ ES127-01,Bùi Thị Hồng Phấn,4
elio-es127-01-nu,ELIO Flower 29.5 mm Nữ ES127-01,Nguyễn Văn Đinh Lăng,4
elio-es127-01-nu,ELIO Flower 29.5 mm Nữ ES127-01,Trần Thị Phương,5
elio-es127-01-nu,ELIO Flower 29.5 mm Nữ ES127-01,Chị Trâm,5
elio-ec023-02-nu,ELIO 29 mm Nữ EC023-02,Trần Anh Tuấn,4
elio-el138-03-nu?utm_flashsale=1,ELIO 35 mm Nữ EL138-03,Dương,5
elio-el138-03-nu?utm_flashsale=1,ELIO 35 mm Nữ EL138-03,Phạm Thị Phượng,4
smile-kid-sl133-04-tre-em,SMILE KID 41.5 mm Trẻ em SL133-04,Diệp Kim Long,5
smile-kid-sl133-04-tre-em,SMILE KID 41.5 mm Trẻ em SL133-04,Chị Tâm,5
smile-kid-sl133-04-tre-em,SMILE KID 41.5 mm Trẻ em SL133-04,Hoài,3
smile-kid-sl133-04-tre-em,SMILE KID 41.5 mm Trẻ em SL133-04,PHAN THỊ CẨM NHUNG,2
smile-kid-sl133-04-tre-em,SMILE KID 41.5 mm Trẻ em SL133-04,Hoàng Hà,5
smile-kid-sl133-04-tre-em,SMILE KID 41.5 mm Trẻ em SL133-04,Hạnh,5
smile-kid-sl133-04-tre-em,SMILE KID 41.5 mm Trẻ em SL133-04,Truong Ngoc Quan,4
smile-kid-sl133-04-tre-em,SMILE KID 41.5 mm Trẻ em SL133-04,Anh Hữu,1
smile-kid-sl133-04-tre-em,SMILE KID 41.5 mm Trẻ em SL133-04,Phạm Thị Cúc,5
smile-kid-sl133-04-tre-em,SMILE KID 41.5 mm Trẻ em SL133-04,Lê Thị Hà,5
smile-kid-sl133-04-tre-em,SMILE KID 41.5 mm Trẻ em SL133-04,Chị Yến Nhi,4
smile-kid-sl133-04-tre-em,SMILE KID 41.5 mm Trẻ em SL133-04,Anh Dũng,5
smile-kid-sl133-04-tre-em,SMILE KID 41.5 mm Trẻ em SL133-04,Lê Thị Đoan,5
smile-kid-sl133-04-tre-em,SMILE KID 41.5 mm Trẻ em SL133-04,ĐÀO THỊ TÚ TRINH,5
smile-kid-sl133-04-tre-em,SMILE KID 41.5 mm Trẻ em SL133-04,Nguyễn Thị Kim Út,5
smile-kid-sl133-04-tre-em,SMILE KID 41.5 mm Trẻ em SL133-04,Nguyễn Thị Kim Út,5
smile-kid-sl133-04-tre-em,SMILE KID 41.5 mm Trẻ em SL133-04,Anh Sơn,4
smile-kid-sl133-04-tre-em,SMILE KID 41.5 mm Trẻ em SL133-04,Từ Hương,5
smile-kid-sl133-04-tre-em,SMILE KID 41.5 mm Trẻ em SL133-04,Bùi Thuỳ Dương,4
smile-kid-sl133-04-tre-em,SMILE KID 41.5 mm Trẻ em SL133-04,Lý,4
smile-kid-sl133-04-tre-em,SMILE KID 41.5 mm Trẻ em SL133-04,Anh Đạt,4
smile-kid-sl133-04-tre-em,SMILE KID 41.5 mm Trẻ em SL133-04,71385 - Đặng Quang Vinh,5
elio-es150-04-nu,ELIO Set quà 20.5 mm Nữ ES150-04,Long,5
casio-ltp-1128g-7brdf-vang?utm_flashsale=1,CASIO 27 mm Nữ LTP-1128G-7BRDF,Nguyen Hong Phong,1
casio-ltp-1128g-7brdf-vang?utm_flashsale=1,CASIO 27 mm Nữ LTP-1128G-7BRDF,NGUYỄN THỊ THÚY PHỤNG,5
casio-ltp-1128g-7brdf-vang?utm_flashsale=1,CASIO 27 mm Nữ LTP-1128G-7BRDF,Nhung,2
casio-ltp-1128g-7brdf-vang?utm_flashsale=1,CASIO 27 mm Nữ LTP-1128G-7BRDF,Bùi Minh Tuấn,4
casio-ltp-1128g-7brdf-vang?utm_flashsale=1,CASIO 27 mm Nữ LTP-1128G-7BRDF,Phan Thi Hương Ly,5
casio-ltp-1128g-7brdf-vang?utm_flashsale=1,CASIO 27 mm Nữ LTP-1128G-7BRDF,Anh Tư,4
casio-ltp-1128g-7brdf-vang?utm_flashsale=1,CASIO 27 mm Nữ LTP-1128G-7BRDF,Anh Chung,4
elio-es064-02-nu,ELIO Nàng Thơ 30 mm Nữ ES064-02,Trúc,5
elio-es064-02-nu,ELIO Nàng Thơ 30 mm Nữ ES064-02,Huyen,4
elio-es064-02-nu,ELIO Nàng Thơ 30 mm Nữ ES064-02,NGUYỄN THỊ VIỆT TRINH,5
elio-es064-02-nu,ELIO Nàng Thơ 30 mm Nữ ES064-02,Y Pu Êban,5
elio-es064-02-nu,ELIO Nàng Thơ 30 mm Nữ ES064-02,TRỊNH THỊ THU TRANG,4
elio-es064-02-nu,ELIO Nàng Thơ 30 mm Nữ ES064-02,Sương,3
elio-es064-02-nu,ELIO Nàng Thơ 30 mm Nữ ES064-02,Châu,5
elio-es064-02-nu,ELIO Nàng Thơ 30 mm Nữ ES064-02,KhTiktok,5
elio-es064-02-nu,ELIO Nàng Thơ 30 mm Nữ ES064-02,Thiên,5
elio-es064-02-nu,ELIO Nàng Thơ 30 mm Nữ ES064-02,Nguyễn Tuấn,5
elio-es064-02-nu,ELIO Nàng Thơ 30 mm Nữ ES064-02,Mai,5
elio-es064-02-nu,ELIO Nàng Thơ 30 mm Nữ ES064-02,Nguyễn Hồng Muội,4
elio-es064-02-nu,ELIO Nàng Thơ 30 mm Nữ ES064-02,Trần Thị Ngân Giang,5
elio-es064-02-nu,ELIO Nàng Thơ 30 mm Nữ ES064-02,Chị Huyền,5
elio-es064-02-nu,ELIO Nàng Thơ 30 mm Nữ ES064-02,Nguyễn Thị Thủy,4
elio-es064-02-nu,ELIO Nàng Thơ 30 mm Nữ ES064-02,Nguyễn Sang,4
elio-es064-02-nu,ELIO Nàng Thơ 30 mm Nữ ES064-02,Trần Việt Hùng,4
elio-es064-02-nu,ELIO Nàng Thơ 30 mm Nữ ES064-02,Luna Ly,5
elio-es064-02-nu,ELIO Nàng Thơ 30 mm Nữ ES064-02,Chị Hương,4
elio-es064-02-nu,ELIO Nàng Thơ 30 mm Nữ ES064-02,Châu Trần Công Đạt,5
elio-es064-02-nu,ELIO Nàng Thơ 30 mm Nữ ES064-02,Trúc,5
elio-es064-02-nu,ELIO Nàng Thơ 30 mm Nữ ES064-02,Huyen,4
elio-es064-02-nu,ELIO Nàng Thơ 30 mm Nữ ES064-02,NGUYỄN THỊ VIỆT TRINH,5
elio-es064-02-nu,ELIO Nàng Thơ 30 mm Nữ ES064-02,Y Pu Êban,5
elio-es064-02-nu,ELIO Nàng Thơ 30 mm Nữ ES064-02,TRỊNH THỊ THU TRANG,4
elio-es064-02-nu,ELIO Nàng Thơ 30 mm Nữ ES064-02,Sương,3
citizen-bm6838-25x-nam?utm_flashsale=1,CITIZEN 42 mm Nam BM6838-25X,Trương Đắc Tứ,4
citizen-bm6838-25x-nam?utm_flashsale=1,CITIZEN 42 mm Nam BM6838-25X,A Việt,3
citizen-bm6838-25x-nam?utm_flashsale=1,CITIZEN 42 mm Nam BM6838-25X,Đinh Văn Khiêm,3
citizen-bm6838-25x-nam?utm_flashsale=1,CITIZEN 42 mm Nam BM6838-25X,Minh,3
smile-kid-sl070-02-tre-em,SMILE KID 33.5 mm Trẻ em SL070-02,Thanh,1
smile-kid-sl070-02-tre-em,SMILE KID 33.5 mm Trẻ em SL070-02,Bùi Thị Huyền,2
smile-kid-sl070-02-tre-em,SMILE KID 33.5 mm Trẻ em SL070-02,Chị Hường,4
smile-kid-sl070-02-tre-em,SMILE KID 33.5 mm Trẻ em SL070-02,Chị Phương,5
smile-kid-sl070-02-tre-em,SMILE KID 33.5 mm Trẻ em SL070-02,Tiến,4
smile-kid-sl070-02-tre-em,SMILE KID 33.5 mm Trẻ em SL070-02,Rang,4
smile-kid-sl070-02-tre-em,SMILE KID 33.5 mm Trẻ em SL070-02,Nguyễn Đức Sang,5
smile-kid-sl070-02-tre-em,SMILE KID 33.5 mm Trẻ em SL070-02,Rang,4
smile-kid-sl070-02-tre-em,SMILE KID 33.5 mm Trẻ em SL070-02,Phạm Quốc Phương,5
smile-kid-sl070-02-tre-em,SMILE KID 33.5 mm Trẻ em SL070-02,Chương,4
smile-kid-sl070-02-tre-em,SMILE KID 33.5 mm Trẻ em SL070-02,Chị Nhi,4
smile-kid-sl070-02-tre-em,SMILE KID 33.5 mm Trẻ em SL070-02,Đặng Thuý Oanh,5
smile-kid-sl070-02-tre-em,SMILE KID 33.5 mm Trẻ em SL070-02,Dung,4
smile-kid-sl070-02-tre-em,SMILE KID 33.5 mm Trẻ em SL070-02,Nguyễn Thị Cúc,5
smile-kid-sl070-02-tre-em,SMILE KID 33.5 mm Trẻ em SL070-02,Lâm Quí,4
smile-kid-sl070-02-tre-em,SMILE KID 33.5 mm Trẻ em SL070-02,Nguyen Thi Dung,5
smile-kid-sl381-4-tre-em,SMILE KID 34 mm Trẻ em SL381-4,Hoàng Minh,5
smile-kid-sl381-4-tre-em,SMILE KID 34 mm Trẻ em SL381-4,Nguyễn Bá Cừ,5
smile-kid-sl381-4-tre-em,SMILE KID 34 mm Trẻ em SL381-4,NGUYEN THI HOANG EM,5
smile-kid-sl381-4-tre-em,SMILE KID 34 mm Trẻ em SL381-4,Anh Khoa,4
smile-kid-sl381-4-tre-em,SMILE KID 34 mm Trẻ em SL381-4,Chị Phượng,5
smile-kid-sl381-4-tre-em,SMILE KID 34 mm Trẻ em SL381-4,Chị Lài,4
smile-kid-sl381-4-tre-em,SMILE KID 34 mm Trẻ em SL381-4,Quỳnh,5
smile-kid-sl381-4-tre-em,SMILE KID 34 mm Trẻ em SL381-4,Lê Nguyên Thái,5
smile-kid-sl381-4-tre-em,SMILE KID 34 mm Trẻ em SL381-4,Chú Thành,5
elio-ec006-02-nu,ELIO 33 mm Nữ EC006-02,Lù Thị Chuyên,4
elio-ec006-02-nu,ELIO 33 mm Nữ EC006-02,Phạm Hồng Tươi,5
elio-ec006-02-nu,ELIO 33 mm Nữ EC006-02,Huỳnh Thị Hoàng Hiệp,4
elio-ec006-02-nu,ELIO 33 mm Nữ EC006-02,Chị Hoài,4
elio-ec006-02-nu,ELIO 33 mm Nữ EC006-02,Mai Thị Thu,4
elio-ec006-02-nu,ELIO 33 mm Nữ EC006-02,Võ Hoàng Thanh Phương (59776),5
elio-ec006-02-nu,ELIO 33 mm Nữ EC006-02,Phan Thị Hoàng Tú,5
elio-ec006-02-nu,ELIO 33 mm Nữ EC006-02,Chị Phương,4
elio-ec006-02-nu,ELIO 33 mm Nữ EC006-02,Minh Tâm,4
elio-ec006-02-nu,ELIO 33 mm Nữ EC006-02,Lương,4
elio-ec006-02-nu,ELIO 33 mm Nữ EC006-02,NGUYỄN CÔNG HẬU,5
elio-ec006-02-nu,ELIO 33 mm Nữ EC006-02,CHỊ ẢNH,5
elio-ec006-02-nu,ELIO 33 mm Nữ EC006-02,Quỳnh,4
elio-ec006-02-nu,ELIO 33 mm Nữ EC006-02,Hương,1
elio-ec006-02-nu,ELIO 33 mm Nữ EC006-02,Anh Lợi,4
smile-kid-sl095-01-tre-em?utm_flashsale=1,SMILE KID 31 mm Trẻ em SL095-01,Chị Dự,4
smile-kid-sl095-01-tre-em?utm_flashsale=1,SMILE KID 31 mm Trẻ em SL095-01,Mai Ly,4
smile-kid-sl095-01-tre-em?utm_flashsale=1,SMILE KID 31 mm Trẻ em SL095-01,Đinh Thị Thoa,4
smile-kid-sl095-01-tre-em?utm_flashsale=1,SMILE KID 31 mm Trẻ em SL095-01,Anh Quý,5
smile-kid-sl095-01-tre-em?utm_flashsale=1,SMILE KID 31 mm Trẻ em SL095-01,Lê Dũng,4
smile-kid-sl095-01-tre-em?utm_flashsale=1,SMILE KID 31 mm Trẻ em SL095-01,Trâm,5
smile-kid-sl095-01-tre-em?utm_flashsale=1,SMILE KID 31 mm Trẻ em SL095-01,PHẠM THỊ HẠNH,4
smile-kid-sl095-01-tre-em?utm_flashsale=1,SMILE KID 31 mm Trẻ em SL095-01,Phi Hau Nguyen,4
q-q-c09a-002py-nu?utm_flashsale=1,Q&Q 30 mm Nữ C09A-002PY,Lê Văn Bình,5
q-q-c09a-002py-nu?utm_flashsale=1,Q&Q 30 mm Nữ C09A-002PY,Mai,5
q-q-c09a-002py-nu?utm_flashsale=1,Q&Q 30 mm Nữ C09A-002PY,Nhựt,5
q-q-q58a-005py-nu?utm_flashsale=1,Q&Q 30 mm Nữ Q58A-005PY,Trà My,5
q-q-q58a-005py-nu?utm_flashsale=1,Q&Q 30 mm Nữ Q58A-005PY,Chị Thoa,5
q-q-q58a-005py-nu?utm_flashsale=1,Q&Q 30 mm Nữ Q58A-005PY,Chị Thoa,5
q-q-q58a-005py-nu?utm_flashsale=1,Q&Q 30 mm Nữ Q58A-005PY,Hằng,4
q-q-q58a-005py-nu?utm_flashsale=1,Q&Q 30 mm Nữ Q58A-005PY,ĐINH TRẦN YẾN NHI,5
q-q-q58a-005py-nu?utm_flashsale=1,Q&Q 30 mm Nữ Q58A-005PY,Chị Linh,4
q-q-q58a-005py-nu?utm_flashsale=1,Q&Q 30 mm Nữ Q58A-005PY,Lê Thị Thanh Thúy,5
q-q-q58a-005py-nu?utm_flashsale=1,Q&Q 30 mm Nữ Q58A-005PY,Chị Hiền,4
q-q-q58a-005py-nu?utm_flashsale=1,Q&Q 30 mm Nữ Q58A-005PY,Chị Thu,5
q-q-q58a-005py-nu?utm_flashsale=1,Q&Q 30 mm Nữ Q58A-005PY,Đinh Thị Thảo,5
q-q-q58a-005py-nu?utm_flashsale=1,Q&Q 30 mm Nữ Q58A-005PY,ChúPhong,5
smile-kid-sl123-03-tre-em,SMILE KID 29 mm Trẻ em SL123-03,Bùi Thị Nhinh,5
smile-kid-sl123-03-tre-em,SMILE KID 29 mm Trẻ em SL123-03,Hán,3
smile-kid-sl123-03-tre-em,SMILE KID 29 mm Trẻ em SL123-03,Anh Thơ,5
smile-kid-sl129-01-tre-em,SMILE KID 39.5 mm Trẻ em SL129-01,Lê Đoàn Phúc,5
smile-kid-sl129-01-tre-em,SMILE KID 39.5 mm Trẻ em SL129-01,Phạm Văn Hồng Lạc,2
smile-kid-sl129-01-tre-em,SMILE KID 39.5 mm Trẻ em SL129-01,Thọ,5
smile-kid-sl129-01-tre-em,SMILE KID 39.5 mm Trẻ em SL129-01,Vũ Mạnh Tùng,4
smile-kid-sl129-01-tre-em,SMILE KID 39.5 mm Trẻ em SL129-01,Chị Thúy,4
smile-kid-sl129-01-tre-em,SMILE KID 39.5 mm Trẻ em SL129-01,Chị Thái,3
smile-kid-sl129-01-tre-em,SMILE KID 39.5 mm Trẻ em SL129-01,NGUYỄN THỊ TRANG,5
smile-kid-sl129-01-tre-em,SMILE KID 39.5 mm Trẻ em SL129-01,Chinh,4
smile-kid-sl129-01-tre-em,SMILE KID 39.5 mm Trẻ em SL129-01,Bích,5
smile-kid-sl129-01-tre-em,SMILE KID 39.5 mm Trẻ em SL129-01,Lê Thị Xuân Hương,5
smile-kid-sl129-01-tre-em,SMILE KID 39.5 mm Trẻ em SL129-01,A Hoàng,5
smile-kid-sl129-01-tre-em,SMILE KID 39.5 mm Trẻ em SL129-01,Chị Mai,4
smile-kid-sl129-01-tre-em,SMILE KID 39.5 mm Trẻ em SL129-01,Thủy,5
smile-kid-sl129-01-tre-em,SMILE KID 39.5 mm Trẻ em SL129-01,NGUYỄN HUỲNH TRÚC GIANG,5
mvw-msa094-01-s3-nam?utm_flashsale=1,MVW Galaxy 40 mm Nam MSA094-01-S3,Hoàng Trọng Lộc,5
mvw-msa094-01-s3-nam?utm_flashsale=1,MVW Galaxy 40 mm Nam MSA094-01-S3,Phùng Minh Hoàng,5
mvw-msa094-01-s3-nam?utm_flashsale=1,MVW Galaxy 40 mm Nam MSA094-01-S3,Nguyễn Ngoc Minh Tam,4
mvw-msa094-01-s3-nam?utm_flashsale=1,MVW Galaxy 40 mm Nam MSA094-01-S3,Nguyễn Đàm Dũng,5
mvw-msa090-01-s1-nam,MVW Star Automatic 43 mm Nam MSA090-01-S1,LÊ VĂN TÝ ANH,1
mvw-msa090-01-s1-nam,MVW Star Automatic 43 mm Nam MSA090-01-S1,Duy,5
mvw-msa090-01-s1-nam,MVW Star Automatic 43 mm Nam MSA090-01-S1,Nhi,5
mvw-msa090-01-s1-nam,MVW Star Automatic 43 mm Nam MSA090-01-S1,Phạm Tuấn Hiệp,5
mvw-msa090-01-s1-nam,MVW Star Automatic 43 mm Nam MSA090-01-S1,VŨ HỒNG PHI,3
mvw-ml087-01-nam,MVW Sport 41 mm Nam ML087-01,Huỳnh Khoa,5
mvw-ml087-01-nam,MVW Sport 41 mm Nam ML087-01,Thức,4
casio-mq-24-7e2ldf-den?utm_flashsale=1,CASIO 35 mm Nam MQ-24-7E2LDF,Thanh Bình,5
casio-mq-24-7e2ldf-den?utm_flashsale=1,CASIO 35 mm Nam MQ-24-7E2LDF,Phạm Ninh Hà,4
casio-mq-24-7e2ldf-den?utm_flashsale=1,CASIO 35 mm Nam MQ-24-7E2LDF,Trần Ngọc Phong,3
casio-mq-24-7e2ldf-den?utm_flashsale=1,CASIO 35 mm Nam MQ-24-7E2LDF,Thanh,5
casio-mq-24-7e2ldf-den?utm_flashsale=1,CASIO 35 mm Nam MQ-24-7E2LDF,PHẠM QUỐC THÀNH,5
casio-mq-24-7e2ldf-den?utm_flashsale=1,CASIO 35 mm Nam MQ-24-7E2LDF,Văn Vinh,5
casio-mq-24-7e2ldf-den?utm_flashsale=1,CASIO 35 mm Nam MQ-24-7E2LDF,Lâm,4
casio-mq-24-7e2ldf-den?utm_flashsale=1,CASIO 35 mm Nam MQ-24-7E2LDF,Hậu,5
casio-mq-24-7e2ldf-den?utm_flashsale=1,CASIO 35 mm Nam MQ-24-7E2LDF,Trần Anh Tuấn,5
casio-mq-24-7e2ldf-den?utm_flashsale=1,CASIO 35 mm Nam MQ-24-7E2LDF,Lữ Kim Hằng,4
casio-mq-24-7e2ldf-den?utm_flashsale=1,CASIO 35 mm Nam MQ-24-7E2LDF,Tạ Đăng Thanh,5
casio-mq-24-7e2ldf-den?utm_flashsale=1,CASIO 35 mm Nam MQ-24-7E2LDF,Đào Thanh Sơn,5
casio-mq-24-7e2ldf-den?utm_flashsale=1,CASIO 35 mm Nam MQ-24-7E2LDF,Vũ Luân,4
casio-mq-24-7e2ldf-den?utm_flashsale=1,CASIO 35 mm Nam MQ-24-7E2LDF,Lê Hoàng Long,5
casio-mq-24-7e2ldf-den?utm_flashsale=1,CASIO 35 mm Nam MQ-24-7E2LDF,Nguyễn Đình Văn,4
casio-mq-24-7e2ldf-den?utm_flashsale=1,CASIO 35 mm Nam MQ-24-7E2LDF,Dat,5
casio-mq-24-7e2ldf-den?utm_flashsale=1,CASIO 35 mm Nam MQ-24-7E2LDF,Nguyễn Thị Thanh Hương,5
casio-mq-24-7e2ldf-den?utm_flashsale=1,CASIO 35 mm Nam MQ-24-7E2LDF,Lê Mai Huyền,5
casio-mq-24-7e2ldf-den?utm_flashsale=1,CASIO 35 mm Nam MQ-24-7E2LDF,Hồ Văn Thuận,5
casio-mq-24-7e2ldf-den?utm_flashsale=1,CASIO 35 mm Nam MQ-24-7E2LDF,Trương Thị Ngọc Trâm,5
casio-mq-24-7e2ldf-den?utm_flashsale=1,CASIO 35 mm Nam MQ-24-7E2LDF,Nguyễn Quốc Lê Quân,5
casio-mq-24-7e2ldf-den?utm_flashsale=1,CASIO 35 mm Nam MQ-24-7E2LDF,Phan Hào Nam,4
casio-mq-24-7e2ldf-den?utm_flashsale=1,CASIO 35 mm Nam MQ-24-7E2LDF,Pham Van Còn,3
casio-mq-24-7e2ldf-den?utm_flashsale=1,CASIO 35 mm Nam MQ-24-7E2LDF,Triệu Thị Hoa,4
casio-mq-24-7e2ldf-den?utm_flashsale=1,CASIO 35 mm Nam MQ-24-7E2LDF,Lê Thuỳ Trang,4
casio-mq-24-7e2ldf-den?utm_flashsale=1,CASIO 35 mm Nam MQ-24-7E2LDF,Đỗ Thị Thùy Dung,5
casio-mq-24-7e2ldf-den?utm_flashsale=1,CASIO 35 mm Nam MQ-24-7E2LDF,Lập,5
casio-mq-24-7e2ldf-den?utm_flashsale=1,CASIO 35 mm Nam MQ-24-7E2LDF,Khoi,5
casio-ltp-1094q-7b4rdf-nau?utm_flashsale=1,CASIO 23 mm Nữ LTP-1094Q-7B4RDF,Thu,5
casio-ltp-1094q-7b4rdf-nau?utm_flashsale=1,CASIO 23 mm Nữ LTP-1094Q-7B4RDF,Huyền,5
casio-ltp-1094q-7b4rdf-nau?utm_flashsale=1,CASIO 23 mm Nữ LTP-1094Q-7B4RDF,Thúy,5
casio-ltp-1094q-7b4rdf-nau?utm_flashsale=1,CASIO 23 mm Nữ LTP-1094Q-7B4RDF,Em Tú Anh,5
casio-ltp-1094q-7b4rdf-nau?utm_flashsale=1,CASIO 23 mm Nữ LTP-1094Q-7B4RDF,Nguyễn Văn Hiếu,5
casio-ltp-1094q-7b4rdf-nau?utm_flashsale=1,CASIO 23 mm Nữ LTP-1094Q-7B4RDF,Trần Thị Thu Tiên,4
casio-ltp-1094q-7b4rdf-nau?utm_flashsale=1,CASIO 23 mm Nữ LTP-1094Q-7B4RDF,Loan,5
casio-ltp-1094q-7b4rdf-nau?utm_flashsale=1,CASIO 23 mm Nữ LTP-1094Q-7B4RDF,Xuất,4
casio-ltp-1094q-7b4rdf-nau?utm_flashsale=1,CASIO 23 mm Nữ LTP-1094Q-7B4RDF,Quang,3
casio-ltp-1094q-7b4rdf-nau?utm_flashsale=1,CASIO 23 mm Nữ LTP-1094Q-7B4RDF,Trương Quốc Thái,5
casio-ltp-1094q-7b4rdf-nau?utm_flashsale=1,CASIO 23 mm Nữ LTP-1094Q-7B4RDF,Đỗ Thị Bích Hân,5
casio-ltp-1129g-7brdf-vang?utm_flashsale=1,CASIO 27 mm Nữ LTP-1129G-7BRDF,Trần Thi,1
casio-ltp-1129g-7brdf-vang?utm_flashsale=1,CASIO 27 mm Nữ LTP-1129G-7BRDF,Nguyễn Trúc Giang,5
casio-ltp-1129g-7brdf-vang?utm_flashsale=1,CASIO 27 mm Nữ LTP-1129G-7BRDF,NGUYỄN THỊ CẨM TIÊN,5
casio-ltp-1129g-7brdf-vang?utm_flashsale=1,CASIO 27 mm Nữ LTP-1129G-7BRDF,Nguyễn Thị Lê,5
casio-ltp-1129g-7brdf-vang?utm_flashsale=1,CASIO 27 mm Nữ LTP-1129G-7BRDF,Dương Thị Hoàng Lý,5
casio-ltp-1129g-7brdf-vang?utm_flashsale=1,CASIO 27 mm Nữ LTP-1129G-7BRDF,Nguyễn Thị Hải Yến,4
casio-ltp-1275d-1adf-bac?utm_flashsale=1,CASIO 25 mm Nữ LTP-1275D-1ADF,Phước Ngô,4
casio-ltp-1275d-1adf-bac?utm_flashsale=1,CASIO 25 mm Nữ LTP-1275D-1ADF,Đặng Thị Hằng,4
casio-ltp-1275d-1adf-bac?utm_flashsale=1,CASIO 25 mm Nữ LTP-1275D-1ADF,MAI HỮU THIỆN,5
casio-ltp-1275d-1adf-bac?utm_flashsale=1,CASIO 25 mm Nữ LTP-1275D-1ADF,Hoang Cao Vuong,5
casio-ltp-1275d-1adf-bac?utm_flashsale=1,CASIO 25 mm Nữ LTP-1275D-1ADF,Chị Tuyền,4
casio-ltp-1275d-1adf-bac?utm_flashsale=1,CASIO 25 mm Nữ LTP-1275D-1ADF,Anh Ninh,5
casio-ltp-1275d-1adf-bac?utm_flashsale=1,CASIO 25 mm Nữ LTP-1275D-1ADF,Nga,4
casio-ltp-v005d-4b2udf-nu?utm_flashsale=1,CASIO 28.2 mm Nữ LTP-V005D-4B2UDF,Nguyễn Thị Yến Thy,5
casio-mtp-1303d-1avdf-nam?utm_flashsale=1,CASIO 40 mm Nam MTP-1303D-1AVDF,Doanh,5
casio-mtp-1303d-1avdf-nam?utm_flashsale=1,CASIO 40 mm Nam MTP-1303D-1AVDF,Nguyễn Thị Kim Thảo,5
casio-mtp-1303d-1avdf-nam?utm_flashsale=1,CASIO 40 mm Nam MTP-1303D-1AVDF,Xuân Thích,5
casio-mtp-1303d-1avdf-nam?utm_flashsale=1,CASIO 40 mm Nam MTP-1303D-1AVDF,Nhân,5
casio-mtp-1303d-1avdf-nam?utm_flashsale=1,CASIO 40 mm Nam MTP-1303D-1AVDF,Đặng Hiếu Thắng,1
casio-mtp-1303d-1avdf-nam?utm_flashsale=1,CASIO 40 mm Nam MTP-1303D-1AVDF,A Hòa,2
casio-mtp-1303d-1avdf-nam?utm_flashsale=1,CASIO 40 mm Nam MTP-1303D-1AVDF,TRẦN THANH TÂM,5
casio-mtp-1303d-1avdf-nam?utm_flashsale=1,CASIO 40 mm Nam MTP-1303D-1AVDF,Trung Nguyễn,5
casio-mtp-1303d-1avdf-nam?utm_flashsale=1,CASIO 40 mm Nam MTP-1303D-1AVDF,Kim Ngọc,5
casio-mtp-1303d-1avdf-nam?utm_flashsale=1,CASIO 40 mm Nam MTP-1303D-1AVDF,Anh Cường,1
casio-mtp-1303d-1avdf-nam?utm_flashsale=1,CASIO 40 mm Nam MTP-1303D-1AVDF,Mã Trần Hoàng Phúc,5
casio-mtp-1303d-1avdf-nam?utm_flashsale=1,CASIO 40 mm Nam MTP-1303D-1AVDF,Lê Phan Ngọc,5
casio-mtp-1303d-1avdf-nam?utm_flashsale=1,CASIO 40 mm Nam MTP-1303D-1AVDF,Bảo Thi,5
casio-mtp-1303d-1avdf-nam?utm_flashsale=1,CASIO 40 mm Nam MTP-1303D-1AVDF,Nguyễn Mạnh Quang,5
casio-mtp-1303d-1avdf-nam?utm_flashsale=1,CASIO 40 mm Nam MTP-1303D-1AVDF,Minh Phúc,5
casio-mtp-1303d-1avdf-nam?utm_flashsale=1,CASIO 40 mm Nam MTP-1303D-1AVDF,Vũ Hồng Phô,5
casio-mtp-1303d-1avdf-nam?utm_flashsale=1,CASIO 40 mm Nam MTP-1303D-1AVDF,Phạm Văn Long,4
casio-mtp-1303d-1avdf-nam?utm_flashsale=1,CASIO 40 mm Nam MTP-1303D-1AVDF,Ny,5
casio-mtp-1303d-1avdf-nam?utm_flashsale=1,CASIO 40 mm Nam MTP-1303D-1AVDF,Nguyễn Thảo Giang,5
casio-mtp-1303d-1avdf-nam?utm_flashsale=1,CASIO 40 mm Nam MTP-1303D-1AVDF,Duy Quang,5
casio-mtp-1303d-1avdf-nam?utm_flashsale=1,CASIO 40 mm Nam MTP-1303D-1AVDF,Ngânka,5
edifice-casio-efr-526l-1avudf-nam?utm_flashsale=1,EDIFICE CASIO 43.8 mm Nam EFR-526L-1AVUDF,Tôn Nữ Thanh An,5
nakzen-sl4043lbk-1-nu?utm_flashsale=1,NAKZEN 28 mm Nữ SL4043LBK-1,Kim,1
nakzen-sl4043lbk-1-nu?utm_flashsale=1,NAKZEN 28 mm Nữ SL4043LBK-1,Cỏ May,2
nakzen-sl4043lbk-1-nu?utm_flashsale=1,NAKZEN 28 mm Nữ SL4043LBK-1,Đề,5
nakzen-sl4043lbk-1-nu?utm_flashsale=1,NAKZEN 28 mm Nữ SL4043LBK-1,NGUYỄN THỊ THU HẰNG,5
nakzen-sl4043lbk-1-nu?utm_flashsale=1,NAKZEN 28 mm Nữ SL4043LBK-1,Em Thư,5
nakzen-sl4043lbk-1-nu?utm_flashsale=1,NAKZEN 28 mm Nữ SL4043LBK-1,Nguyễn Hùng Sơn,2
nakzen-sl4043lbk-1-nu?utm_flashsale=1,NAKZEN 28 mm Nữ SL4043LBK-1,Châu,4
nakzen-sl4043lbk-1-nu?utm_flashsale=1,NAKZEN 28 mm Nữ SL4043LBK-1,Phan Thị Thảo Vy,5
nakzen-sl4043lbk-1-nu?utm_flashsale=1,NAKZEN 28 mm Nữ SL4043LBK-1,HUỲNH THỊ NHỚ,5
nakzen-sl4043lbk-1-nu?utm_flashsale=1,NAKZEN 28 mm Nữ SL4043LBK-1,Vũ Lê Duyên,5
nakzen-sl4043lbk-1-nu?utm_flashsale=1,NAKZEN 28 mm Nữ SL4043LBK-1,Kiềm Diễm,5
nakzen-sl4043lbk-1-nu?utm_flashsale=1,NAKZEN 28 mm Nữ SL4043LBK-1,Trần Văn Duân,5
nakzen-sl4043grebn-6n0-nam?utm_flashsale=1,NAKZEN 40 mm Nam SL4043GREBN-6N0,Hoang Cuong,5
nakzen-sl4043grebn-6n0-nam?utm_flashsale=1,NAKZEN 40 mm Nam SL4043GREBN-6N0,LÊ HUỲNH BẢO,5
nakzen-sl4043grebn-6n0-nam?utm_flashsale=1,NAKZEN 40 mm Nam SL4043GREBN-6N0,Anh Huấn,5
nakzen-sl4043grebn-6n0-nam?utm_flashsale=1,NAKZEN 40 mm Nam SL4043GREBN-6N0,Lê Hải Linh,5
nakzen-sl4043grebn-6n0-nam?utm_flashsale=1,NAKZEN 40 mm Nam SL4043GREBN-6N0,Chị Như,5
nakzen-sl4043grebn-6n0-nam?utm_flashsale=1,NAKZEN 40 mm Nam SL4043GREBN-6N0,Anh Mẫn,5
nakzen-sl4043grebn-6n0-nam?utm_flashsale=1,NAKZEN 40 mm Nam SL4043GREBN-6N0,NGUYEN VAN TUAN,4
nakzen-sl4043grebn-6n0-nam?utm_flashsale=1,NAKZEN 40 mm Nam SL4043GREBN-6N0,Võ Tài,5
nakzen-sl4043grebn-6n0-nam?utm_flashsale=1,NAKZEN 40 mm Nam SL4043GREBN-6N0,Trần Minh Huấn,4
nakzen-sl4043grebn-6n0-nam?utm_flashsale=1,NAKZEN 40 mm Nam SL4043GREBN-6N0,Trần Thị Huệ Linh,5
nakzen-sl4043grebn-6n0-nam?utm_flashsale=1,NAKZEN 40 mm Nam SL4043GREBN-6N0,Ho Van Thuan,5
nakzen-sl4043grebn-6n0-nam?utm_flashsale=1,NAKZEN 40 mm Nam SL4043GREBN-6N0,Anh Giang,5
nakzen-sl4043grebn-6n0-nam?utm_flashsale=1,NAKZEN 40 mm Nam SL4043GREBN-6N0,TÔN HÀ QUỐC TRUNG,5
nakzen-sl4050lbk-7-nu?utm_flashsale=1,NAKZEN 36.4 mm Nữ SL4050LBK-7,Anh Đỉnh,4
nakzen-sl4050lbk-7-nu?utm_flashsale=1,NAKZEN 36.4 mm Nữ SL4050LBK-7,Duy,5
nakzen-sl4050lbk-7-nu?utm_flashsale=1,NAKZEN 36.4 mm Nữ SL4050LBK-7,Chi Tuyền,5
nakzen-sl4050lbk-7-nu?utm_flashsale=1,NAKZEN 36.4 mm Nữ SL4050LBK-7,PHẠM NGỌC HẢI,4
nakzen-sl4050lbk-7-nu?utm_flashsale=1,NAKZEN 36.4 mm Nữ SL4050LBK-7,Đỗ Thị Ánh Hiệp,5
nakzen-sl4050lbk-7-nu?utm_flashsale=1,NAKZEN 36.4 mm Nữ SL4050LBK-7,Chị Hương,5
nakzen-sl4090g-7-nam?utm_flashsale=1,NAKZEN 39 mm Nam SL4090G-7,NÔNG VĂN HẢI,5
nakzen-sl4090g-7-nam?utm_flashsale=1,NAKZEN 39 mm Nam SL4090G-7,Lê Văn Ngân,5
nakzen-sl4090g-7-nam?utm_flashsale=1,NAKZEN 39 mm Nam SL4090G-7,Phạm Tuyết Ngoan,5
nakzen-sl4090g-7-nam?utm_flashsale=1,NAKZEN 39 mm Nam SL4090G-7,Hiển,5
nakzen-sl4090g-7-nam?utm_flashsale=1,NAKZEN 39 mm Nam SL4090G-7,Vy,5
nakzen-sl4090g-7-nam?utm_flashsale=1,NAKZEN 39 mm Nam SL4090G-7,Huỳnh Đào Ngọc Tuấn,4
elio-es035-01-nu,ELIO Xmas 26 mm Nữ ES035-01,Phan Thị Thu,3
elio-es035-01-nu,ELIO Xmas 26 mm Nữ ES035-01,Hấn,5
elio-es035-01-nu,ELIO Xmas 26 mm Nữ ES035-01,Vân,4
elio-es035-01-nu,ELIO Xmas 26 mm Nữ ES035-01,Vu Hoang Minh,5
elio-es035-01-nu,ELIO Xmas 26 mm Nữ ES035-01,ANH THỊNH,5
elio-es035-01-nu,ELIO Xmas 26 mm Nữ ES035-01,BÙI THỊ THANH HÀ,5
elio-es035-01-nu,ELIO Xmas 26 mm Nữ ES035-01,HOÀNG TUẤN ANH,5
elio-es035-01-nu,ELIO Xmas 26 mm Nữ ES035-01,Trang,5
elio-es035-01-nu,ELIO Xmas 26 mm Nữ ES035-01,Minh Anh,5
elio-es035-01-nu,ELIO Xmas 26 mm Nữ ES035-01,Vũ Văn Hoàng Hải,5
elio-es035-01-nu,ELIO Xmas 26 mm Nữ ES035-01,Bùi Thị Ngọc Ánh,5
elio-es035-01-nu,ELIO Xmas 26 mm Nữ ES035-01,Nguyễn Quế,5
elio-es049-01-nu,ELIO 36 mm Nữ ES049-01,Hương,5
elio-es049-01-nu,ELIO 36 mm Nữ ES049-01,Trần Thị Thanh Liễu,5
elio-es049-01-nu,ELIO 36 mm Nữ ES049-01,Kim Lợi,5
elio-es049-01-nu,ELIO 36 mm Nữ ES049-01,Nguyễn Kim Hoàng,5
elio-es049-01-nu,ELIO 36 mm Nữ ES049-01,Lương Thị Kim Hương,4
elio-es049-01-nu,ELIO 36 mm Nữ ES049-01,Tuyết Trinh,5
elio-es049-01-nu,ELIO 36 mm Nữ ES049-01,Nguyễn Minh Phương,5
elio-es049-01-nu,ELIO 36 mm Nữ ES049-01,Đào Duy Thanh,5
elio-es049-01-nu,ELIO 36 mm Nữ ES049-01,Sa Phi,5
elio-es049-01-nu,ELIO 36 mm Nữ ES049-01,Thương,5
elio-es049-01-nu,ELIO 36 mm Nữ ES049-01,Nguyễn Thị Bích Luận,5
elio-es049-01-nu,ELIO 36 mm Nữ ES049-01,Trần Thị Tuyết Giang,3
elio-es049-01-nu,ELIO 36 mm Nữ ES049-01,Trương Thị Thúy Hằng,5
elio-es049-01-nu,ELIO 36 mm Nữ ES049-01,Nguyễn Văn Anh,4
elio-es049-01-nu,ELIO 36 mm Nữ ES049-01,Mai,5
elio-es049-01-nu,ELIO 36 mm Nữ ES049-01,Nguyễn Thị Sơn,5
elio-es049-01-nu,ELIO 36 mm Nữ ES049-01,Nguyễn Văn Sơn,5
elio-es049-01-nu,ELIO 36 mm Nữ ES049-01,Em Hằng,5
elio-es049-01-nu,ELIO 36 mm Nữ ES049-01,Trinh,5
elio-es049-01-nu,ELIO 36 mm Nữ ES049-01,Nguyễn Hữu Nhân,5
elio-es049-01-nu,ELIO 36 mm Nữ ES049-01,Hương,5
elio-es049-01-nu,ELIO 36 mm Nữ ES049-01,Trần Thị Thanh Liễu,5
elio-es049-01-nu,ELIO 36 mm Nữ ES049-01,Kim Lợi,5
elio-es049-01-nu,ELIO 36 mm Nữ ES049-01,Nguyễn Kim Hoàng,5
elio-es049-01-nu,ELIO 36 mm Nữ ES049-01,Lương Thị Kim Hương,4
elio-es049-01-nu,ELIO 36 mm Nữ ES049-01,Tuyết Trinh,5
elio-es049-01-nu,ELIO 36 mm Nữ ES049-01,Nguyễn Minh Phương,5
elio-es049-01-nu,ELIO 36 mm Nữ ES049-01,Đào Duy Thanh,5
elio-es049-01-nu,ELIO 36 mm Nữ ES049-01,Sa Phi,5
elio-es049-01-nu,ELIO 36 mm Nữ ES049-01,Thương,5
elio-es049-01-nu,ELIO 36 mm Nữ ES049-01,Nguyễn Thị Bích Luận,5
elio-es049-01-nu,ELIO 36 mm Nữ ES049-01,Trần Thị Tuyết Giang,3
elio-es049-01-nu,ELIO 36 mm Nữ ES049-01,Trương Thị Thúy Hằng,5
elio-es049-01-nu,ELIO 36 mm Nữ ES049-01,Nguyễn Văn Anh,4
elio-es049-01-nu,ELIO 36 mm Nữ ES049-01,Mai,5
elio-es049-01-nu,ELIO 36 mm Nữ ES049-01,Nguyễn Thị Sơn,5
elio-es049-01-nu,ELIO 36 mm Nữ ES049-01,Nguyễn Văn Sơn,5
elio-es049-01-nu,ELIO 36 mm Nữ ES049-01,Em Hằng,5
elio-es049-01-nu,ELIO 36 mm Nữ ES049-01,Trinh,5
elio-es049-01-nu,ELIO 36 mm Nữ ES049-01,Nguyễn Hữu Nhân,5
elio-es049-01-nu,ELIO 36 mm Nữ ES049-01,Chị Thảo Nguyên,5
elio-es049-01-nu,ELIO 36 mm Nữ ES049-01,HUỲNH THANH TRÚC,5
elio-es049-01-nu,ELIO 36 mm Nữ ES049-01,Huyền Diệu,3
elio-el050-02-nu,ELIO Nắng Xuân 33 mm Nữ EL050-02,Nguyễn Ngọc Khánh Băng,5
elio-el050-02-nu,ELIO Nắng Xuân 33 mm Nữ EL050-02,Nguyen Tien Nhan,4
elio-el050-02-nu,ELIO Nắng Xuân 33 mm Nữ EL050-02,Nguyên,4
elio-el050-02-nu,ELIO Nắng Xuân 33 mm Nữ EL050-02,Trình Thị Kiều Trang,5
elio-el050-02-nu,ELIO Nắng Xuân 33 mm Nữ EL050-02,Vân,4
elio-el050-02-nu,ELIO Nắng Xuân 33 mm Nữ EL050-02,Hy,5
elio-el050-02-nu,ELIO Nắng Xuân 33 mm Nữ EL050-02,Le Quỳnh Như,4
elio-el050-02-nu,ELIO Nắng Xuân 33 mm Nữ EL050-02,Trần Văn Điền,4
elio-el050-02-nu,ELIO Nắng Xuân 33 mm Nữ EL050-02,184697 - Nguyễn Thị Thùy Liên,5
elio-el050-02-nu,ELIO Nắng Xuân 33 mm Nữ EL050-02,Phượng,4
elio-el050-02-nu,ELIO Nắng Xuân 33 mm Nữ EL050-02,Chị Hương,4
elio-el050-02-nu,ELIO Nắng Xuân 33 mm Nữ EL050-02,ĐẶNG HỒNG QUYÊN,5
elio-el050-02-nu,ELIO Nắng Xuân 33 mm Nữ EL050-02,Hường,5
elio-el050-02-nu,ELIO Nắng Xuân 33 mm Nữ EL050-02,Phạm Thị Thuỷ,5
elio-el050-02-nu,ELIO Nắng Xuân 33 mm Nữ EL050-02,Phan Thị Thu Thảo,5
elio-el050-02-nu,ELIO Nắng Xuân 33 mm Nữ EL050-02,Kiều Tiên,5
elio-el050-02-nu,ELIO Nắng Xuân 33 mm Nữ EL050-02,Điền,5
elio-el050-02-nu,ELIO Nắng Xuân 33 mm Nữ EL050-02,Phạm Trường An,5
elio-el050-02-nu,ELIO Nắng Xuân 33 mm Nữ EL050-02,PHẠM THỊ THUỲ LINH,5
elio-el050-02-nu,ELIO Nắng Xuân 33 mm Nữ EL050-02,Nguyễn Lê Trà My,5
elio-el050-02-nu,ELIO Nắng Xuân 33 mm Nữ EL050-02,Nguyễn Ngọc Khánh Băng,5
elio-el050-02-nu,ELIO Nắng Xuân 33 mm Nữ EL050-02,Nguyen Tien Nhan,4
elio-el050-02-nu,ELIO Nắng Xuân 33 mm Nữ EL050-02,Nguyên,4
elio-el050-02-nu,ELIO Nắng Xuân 33 mm Nữ EL050-02,Trình Thị Kiều Trang,5
elio-el050-02-nu,ELIO Nắng Xuân 33 mm Nữ EL050-02,Vân,4
elio-el050-02-nu,ELIO Nắng Xuân 33 mm Nữ EL050-02,Hy,5
elio-el050-02-nu,ELIO Nắng Xuân 33 mm Nữ EL050-02,Le Quỳnh Như,4
elio-el050-02-nu,ELIO Nắng Xuân 33 mm Nữ EL050-02,Trần Văn Điền,4
elio-el050-02-nu,ELIO Nắng Xuân 33 mm Nữ EL050-02,184697 - Nguyễn Thị Thùy Liên,5
dong-ho-nam-mvw-ml057-01,MVW 42 mm Nam ML057-01,Anh Quí,5
dong-ho-nam-mvw-ml057-01,MVW 42 mm Nam ML057-01,Thịnh,4
dong-ho-nam-mvw-ml057-01,MVW 42 mm Nam ML057-01,Sơn,5
dong-ho-nam-mvw-ml057-01,MVW 42 mm Nam ML057-01,Nguyễn Thị Ngọc Hoa,5
dong-ho-nam-mvw-ml057-01,MVW 42 mm Nam ML057-01,Anh Đạt,5
dong-ho-nam-mvw-ml057-01,MVW 42 mm Nam ML057-01,Đỗ Văn Duy,5
elio-el106-01-nam?utm_flashsale=1,ELIO 43 mm Nam EL106-01,Lê Thanh Phong,5
elio-el106-01-nam?utm_flashsale=1,ELIO 43 mm Nam EL106-01,Từ Đình Khôi,5
elio-el106-01-nam?utm_flashsale=1,ELIO 43 mm Nam EL106-01,NGUYỄN THỊ HỒNG TƯƠI,5
elio-el106-01-nam?utm_flashsale=1,ELIO 43 mm Nam EL106-01,Lộc,4
casio-ltp-v006d-7b2udf-nu?utm_flashsale=1,CASIO 25 mm Nữ LTP-V006D-7B2UDF,Hồng Chim,5
casio-ltp-v006d-7b2udf-nu?utm_flashsale=1,CASIO 25 mm Nữ LTP-V006D-7B2UDF,Nguyễn Thị Thùy Trang,5
casio-ltp-v006d-7b2udf-nu?utm_flashsale=1,CASIO 25 mm Nữ LTP-V006D-7B2UDF,Nguyễn Như Ý,5
casio-ltp-v006d-7b2udf-nu?utm_flashsale=1,CASIO 25 mm Nữ LTP-V006D-7B2UDF,Phạm Thị Thị,4
casio-ltp-v006d-7b2udf-nu?utm_flashsale=1,CASIO 25 mm Nữ LTP-V006D-7B2UDF,Nguyễn Thị Bích Ngọc,5
casio-ltp-v006d-7b2udf-nu?utm_flashsale=1,CASIO 25 mm Nữ LTP-V006D-7B2UDF,Hoàng Thị Thơm,5
casio-ltp-v006d-7b2udf-nu?utm_flashsale=1,CASIO 25 mm Nữ LTP-V006D-7B2UDF,Nguyen Ho Khanh Tam,5
casio-ltp-v006d-7b2udf-nu?utm_flashsale=1,CASIO 25 mm Nữ LTP-V006D-7B2UDF,Hoàng Thị Minh Ngọc,4
casio-ltp-v006d-7b2udf-nu?utm_flashsale=1,CASIO 25 mm Nữ LTP-V006D-7B2UDF,Ha Than Ngo,4
casio-ltp-v006d-7b2udf-nu?utm_flashsale=1,CASIO 25 mm Nữ LTP-V006D-7B2UDF,Chị Vinh,4
casio-ltp-v006d-7b2udf-nu?utm_flashsale=1,CASIO 25 mm Nữ LTP-V006D-7B2UDF,Nguyễn Ngọc Hải,3
casio-ltp-v006d-7b2udf-nu?utm_flashsale=1,CASIO 25 mm Nữ LTP-V006D-7B2UDF,HOÀNG VĂN QUYẾT,5
casio-ltp-v006d-7b2udf-nu?utm_flashsale=1,CASIO 25 mm Nữ LTP-V006D-7B2UDF,Thêm,5
casio-ltp-v006d-7b2udf-nu?utm_flashsale=1,CASIO 25 mm Nữ LTP-V006D-7B2UDF,Marie Phương,5
casio-ltp-v006d-7b2udf-nu?utm_flashsale=1,CASIO 25 mm Nữ LTP-V006D-7B2UDF,Trần Minh Quí,4
casio-ltp-v006d-7b2udf-nu?utm_flashsale=1,CASIO 25 mm Nữ LTP-V006D-7B2UDF,Quế,5
casio-ltp-v006d-7b2udf-nu?utm_flashsale=1,CASIO 25 mm Nữ LTP-V006D-7B2UDF,Ánh,5
casio-mtp-v005l-1b5udf-nam?utm_flashsale=1,CASIO 40 mm Nam MTP-V005L-1B5UDF,Đợi,5
casio-mtp-v005l-1b5udf-nam?utm_flashsale=1,CASIO 40 mm Nam MTP-V005L-1B5UDF,Bùi Sĩ Luận,5
casio-mtp-v005l-1b5udf-nam?utm_flashsale=1,CASIO 40 mm Nam MTP-V005L-1B5UDF,Nguyên Minh Nhi,5
casio-mtp-v005l-1b5udf-nam?utm_flashsale=1,CASIO 40 mm Nam MTP-V005L-1B5UDF,Nhi,5
casio-mtp-v005l-1b5udf-nam?utm_flashsale=1,CASIO 40 mm Nam MTP-V005L-1B5UDF,Trần Văn Duy,5
casio-mtp-v005l-1b5udf-nam?utm_flashsale=1,CASIO 40 mm Nam MTP-V005L-1B5UDF,Kim Nguyên,5
casio-mtp-v005l-1b5udf-nam?utm_flashsale=1,CASIO 40 mm Nam MTP-V005L-1B5UDF,Nguyen Minh Trong,5
casio-mtp-v005l-1b5udf-nam?utm_flashsale=1,CASIO 40 mm Nam MTP-V005L-1B5UDF,Khoa,5
casio-mtp-v005l-1b5udf-nam?utm_flashsale=1,CASIO 40 mm Nam MTP-V005L-1B5UDF,Việt,5
casio-mtp-v005l-1b5udf-nam?utm_flashsale=1,CASIO 40 mm Nam MTP-V005L-1B5UDF,A Cảnh,5
casio-mtp-v005l-1b5udf-nam?utm_flashsale=1,CASIO 40 mm Nam MTP-V005L-1B5UDF,Vo Thai Nhu,5
casio-mtp-v005l-1b5udf-nam?utm_flashsale=1,CASIO 40 mm Nam MTP-V005L-1B5UDF,Đỗ Thị Lý,5
casio-mtp-v005l-1b5udf-nam?utm_flashsale=1,CASIO 40 mm Nam MTP-V005L-1B5UDF,Danh Quy Tu,5
casio-mtp-v005l-1b5udf-nam?utm_flashsale=1,CASIO 40 mm Nam MTP-V005L-1B5UDF,Anh Nghĩa,5
casio-mtp-v005l-1b5udf-nam?utm_flashsale=1,CASIO 40 mm Nam MTP-V005L-1B5UDF,Phạm Thanh Hiếu,5
elio-el115-01-nu,ELIO 32 mm Nữ EL115-01,Tú,5
elio-el115-01-nu,ELIO 32 mm Nữ EL115-01,Nguyễn Thị Hồng Mơ,4
elio-el115-01-nu,ELIO 32 mm Nữ EL115-01,Phạm Văn Khá,4
elio-el115-01-nu,ELIO 32 mm Nữ EL115-01,Chị Sen,5
elio-es132-04-nu,ELIO 33.5 mm Nữ ES132-04,Chị Hà,4
elio-es132-04-nu,ELIO 33.5 mm Nữ ES132-04,Em Lý,4
elio-el125-01-nu,ELIO Ngày có em 32 mm Nữ EL125-01,Anh Thuần,4
elio-el125-01-nu,ELIO Ngày có em 32 mm Nữ EL125-01,Tong Van Gioi,5
elio-el125-01-nu,ELIO Ngày có em 32 mm Nữ EL125-01,Thom,5
elio-el125-01-nu,ELIO Ngày có em 32 mm Nữ EL125-01,Ngô Nguyễn Quốc Thắng,5
elio-el125-01-nu,ELIO Ngày có em 32 mm Nữ EL125-01,Huệ,5
elio-el130-02-nu,ELIO 32 mm Nữ EL130-02,Nguyễn Thị Ngọc Dung,4
elio-el130-02-nu,ELIO 32 mm Nữ EL130-02,Nguyễn Viết Tuân,5
elio-el130-02-nu,ELIO 32 mm Nữ EL130-02,Nguyễn Thị Thanh Ngọc,5
elio-el130-02-nu,ELIO 32 mm Nữ EL130-02,Nguyễn Thị Ngọc Châu,5
elio-el130-02-nu,ELIO 32 mm Nữ EL130-02,Phương,5
elio-el130-02-nu,ELIO 32 mm Nữ EL130-02,Chị Nguyễn Thị Hoà,4
mvw-star-mla004-02n-nam,MVW Star Automatic 41.5 mm Nam MLA004-02N,Phạm Hoàng Nam,1
mvw-star-mla004-02n-nam,MVW Star Automatic 41.5 mm Nam MLA004-02N,Trần Văn Thành,4
mvw-star-mla004-02n-nam,MVW Star Automatic 41.5 mm Nam MLA004-02N,A Thật,5
mvw-star-mla004-02n-nam,MVW Star Automatic 41.5 mm Nam MLA004-02N,Nguyễn Khánh Minh,4
mvw-star-mla004-02n-nam,MVW Star Automatic 41.5 mm Nam MLA004-02N,,5
mvw-star-mla004-02n-nam,MVW Star Automatic 41.5 mm Nam MLA004-02N,Lê Ngọc Núp,3
mvw-star-mla004-02n-nam,MVW Star Automatic 41.5 mm Nam MLA004-02N,Tiến,5
mvw-star-mla004-02n-nam,MVW Star Automatic 41.5 mm Nam MLA004-02N,Nguyễn Thanh Tùng,4
mvw-star-mla004-02n-nam,MVW Star Automatic 41.5 mm Nam MLA004-02N,Anh Nam,5
mvw-star-mla004-02n-nam,MVW Star Automatic 41.5 mm Nam MLA004-02N,Hương Giang,5
mvw-star-mla004-02n-nam,MVW Star Automatic 41.5 mm Nam MLA004-02N,Thành,5
mvw-star-mla004-02n-nam,MVW Star Automatic 41.5 mm Nam MLA004-02N,Anh Thái,4
mvw-star-mla004-02n-nam,MVW Star Automatic 41.5 mm Nam MLA004-02N,Dương Thị Kim Oanh,4
mvw-star-mla004-02n-nam,MVW Star Automatic 41.5 mm Nam MLA004-02N,MAI TÚ NHƯNG,5
mvw-star-mla004-02n-nam,MVW Star Automatic 41.5 mm Nam MLA004-02N,Nghiệp Lê,3
mvw-star-mla004-02n-nam,MVW Star Automatic 41.5 mm Nam MLA004-02N,Nguyễn Minh Trực,4
mvw-star-mla004-02n-nam,MVW Star Automatic 41.5 mm Nam MLA004-02N,Nguyễn Thành Trung,5
mvw-msca002-03-s3-nam,MVW Galaxy 41.5 mm Nam MSCA002-03-S3,Nguyễn Nhựt Dinh,5
mvw-msca002-03-s3-nam,MVW Galaxy 41.5 mm Nam MSCA002-03-S3,Nguyễn Hữu Tăng,5
mvw-msca002-03-s3-nam,MVW Galaxy 41.5 mm Nam MSCA002-03-S3,Đào Hồng Dũng,5
mvw-msca002-03-s3-nam,MVW Galaxy 41.5 mm Nam MSCA002-03-S3,Nguyen Tran Nhat Tan,4
mvw-msca002-03-s3-nam,MVW Galaxy 41.5 mm Nam MSCA002-03-S3,NGUYỄN QUANG THẢO,5
mvw-msca002-03-s3-nam,MVW Galaxy 41.5 mm Nam MSCA002-03-S3,Nguyễn Văn Hùng,5
mvw-msca002-03-s3-nam,MVW Galaxy 41.5 mm Nam MSCA002-03-S3,Trần Xuân Thiện,4
mvw-msca002-03-s3-nam,MVW Galaxy 41.5 mm Nam MSCA002-03-S3,Anh Toàn,4
mvw-msca002-03-s3-nam,MVW Galaxy 41.5 mm Nam MSCA002-03-S3,Nguyễn Ngọc Chánh,5
mvw-msca002-03-s3-nam,MVW Galaxy 41.5 mm Nam MSCA002-03-S3,Vũ Mạnh Chiến,5
casio-w-800h-2avdf-nam?utm_flashsale=1,CASIO 36.8 mm Nam W-800H-2AVDF,Hậu,5
casio-mtp-v005d-7b5udf-nam?utm_flashsale=1,CASIO 40 mm Nam MTP-V005D-7B5UDF,Trương Kim Long,4
casio-ltp-v005l-7budf-den?utm_flashsale=1,CASIO 28.4 mm Nữ LTP-V005L-7BUDF,Tính,5
casio-ltp-v005l-7budf-den?utm_flashsale=1,CASIO 28.4 mm Nữ LTP-V005L-7BUDF,Trần Thanh,5
casio-ltp-v005l-7budf-den?utm_flashsale=1,CASIO 28.4 mm Nữ LTP-V005L-7BUDF,Trúc Lam,5
casio-ltp-v005l-7budf-den?utm_flashsale=1,CASIO 28.4 mm Nữ LTP-V005L-7BUDF,Nguyen Thi Phi,5
casio-ltp-v005l-7budf-den?utm_flashsale=1,CASIO 28.4 mm Nữ LTP-V005L-7BUDF,Bình,1
casio-ltp-v005l-7budf-den?utm_flashsale=1,CASIO 28.4 mm Nữ LTP-V005L-7BUDF,Phạm Thị Dức,5
casio-ltp-v005l-7budf-den?utm_flashsale=1,CASIO 28.4 mm Nữ LTP-V005L-7BUDF,Trâm Anh,5
casio-ltp-v005l-7budf-den?utm_flashsale=1,CASIO 28.4 mm Nữ LTP-V005L-7BUDF,Hứa Thị Ngọc Yến,4
casio-ltp-v005l-7budf-den?utm_flashsale=1,CASIO 28.4 mm Nữ LTP-V005L-7BUDF,Đỗ Thế Hiển,5
casio-ltp-v005l-7budf-den?utm_flashsale=1,CASIO 28.4 mm Nữ LTP-V005L-7BUDF,Đặng Linh Anh,4
casio-ltp-v005l-7budf-den?utm_flashsale=1,CASIO 28.4 mm Nữ LTP-V005L-7BUDF,NGUYỄN THỊ SÁU,4
casio-ltp-v005l-7budf-den?utm_flashsale=1,CASIO 28.4 mm Nữ LTP-V005L-7BUDF,Phan Văn Thiện,5
casio-ltp-v005d-2budf-bac,CASIO 28.2 mm Nữ LTP-V005D-2BUDF,Thanh Trang,5
casio-ltp-v005d-2budf-bac,CASIO 28.2 mm Nữ LTP-V005D-2BUDF,Dương Thị Ngọc Lài,5
casio-ltp-v005d-2budf-bac,CASIO 28.2 mm Nữ LTP-V005D-2BUDF,Lê Thị Lanh,5
casio-ltp-v005d-2budf-bac,CASIO 28.2 mm Nữ LTP-V005D-2BUDF,Trương Thi Mai Thư,4
casio-ltp-v005d-2budf-bac,CASIO 28.2 mm Nữ LTP-V005D-2BUDF,Hải Minh,5
casio-ltp-v005d-2budf-bac,CASIO 28.2 mm Nữ LTP-V005D-2BUDF,Hậu,5
casio-ltp-v005d-2budf-bac,CASIO 28.2 mm Nữ LTP-V005D-2BUDF,Doanh Thị Hương,5
casio-ltp-v005d-2budf-bac,CASIO 28.2 mm Nữ LTP-V005D-2BUDF,Võ Thành Nguyên,5
casio-ltp-v005d-2budf-bac,CASIO 28.2 mm Nữ LTP-V005D-2BUDF,Ka Jiu,5
casio-ltp-v005d-2budf-bac,CASIO 28.2 mm Nữ LTP-V005D-2BUDF,Hưng,5
casio-ltp-v005d-2budf-bac,CASIO 28.2 mm Nữ LTP-V005D-2BUDF,LÊ MINH TÀI,5
casio-ltp-v005d-2budf-bac,CASIO 28.2 mm Nữ LTP-V005D-2BUDF,Tuấn Anh,5
casio-ltp-v005d-2budf-bac,CASIO 28.2 mm Nữ LTP-V005D-2BUDF,Quyên,5
casio-ltp-v005d-2budf-bac,CASIO 28.2 mm Nữ LTP-V005D-2BUDF,Hà Bích Thuỷ,4
casio-ltp-v005d-2budf-bac,CASIO 28.2 mm Nữ LTP-V005D-2BUDF,Trần Xuân Lai,5
edifice-casio-efr-526d-7avudf-bac?utm_flashsale=1,EDIFICE CASIO 42 mm Nam EFR-526D-7AVUDF,Hoàng,5
edifice-casio-efr-526d-7avudf-bac?utm_flashsale=1,EDIFICE CASIO 42 mm Nam EFR-526D-7AVUDF,Tài,5
edifice-casio-efr-526d-7avudf-bac?utm_flashsale=1,EDIFICE CASIO 42 mm Nam EFR-526D-7AVUDF,Huấn,5
edifice-casio-efr-526d-7avudf-bac?utm_flashsale=1,EDIFICE CASIO 42 mm Nam EFR-526D-7AVUDF,Nguyen Long,2
edifice-casio-efr-526d-7avudf-bac?utm_flashsale=1,EDIFICE CASIO 42 mm Nam EFR-526D-7AVUDF,189490 - Lê Thị Mỹ Hà,5
edifice-casio-efr-526d-7avudf-bac?utm_flashsale=1,EDIFICE CASIO 42 mm Nam EFR-526D-7AVUDF,Chị Hân,5
edifice-casio-efr-526d-7avudf-bac?utm_flashsale=1,EDIFICE CASIO 42 mm Nam EFR-526D-7AVUDF,Ngọc,5
edifice-casio-efr-526d-7avudf-bac?utm_flashsale=1,EDIFICE CASIO 42 mm Nam EFR-526D-7AVUDF,Phạm Khánh Du,5
casio-ltp-v300l-1audf-nu,CASIO 33.2 mm Nữ LTP-V300L-1AUDF,Nguyễn Hoàng Yến,5
casio-ltp-v300l-1audf-nu,CASIO 33.2 mm Nữ LTP-V300L-1AUDF,Đinh Diễm Mi,5
casio-ltp-v300l-1audf-nu,CASIO 33.2 mm Nữ LTP-V300L-1AUDF,Nguyễn Trần Nguyệt Thanh,4
casio-ltp-v300l-1audf-nu,CASIO 33.2 mm Nữ LTP-V300L-1AUDF,Lam,5
casio-ltp-v300l-1audf-nu,CASIO 33.2 mm Nữ LTP-V300L-1AUDF,Cẩm Nhung,5
casio-ltp-v300l-1audf-nu,CASIO 33.2 mm Nữ LTP-V300L-1AUDF,Võ Thị Mỹ Hoà,5
casio-ltp-v300l-1audf-nu,CASIO 33.2 mm Nữ LTP-V300L-1AUDF,Nguyễn Thị Mai Loan,5
casio-ltp-v300l-1audf-nu,CASIO 33.2 mm Nữ LTP-V300L-1AUDF,Trần Ngọc Diễm My,5
casio-ltp-v300l-1audf-nu,CASIO 33.2 mm Nữ LTP-V300L-1AUDF,Ngọc Truyện,5
casio-ltp-v300l-1audf-nu,CASIO 33.2 mm Nữ LTP-V300L-1AUDF,Em Hiển,5
casio-ltp-v300l-1audf-nu,CASIO 33.2 mm Nữ LTP-V300L-1AUDF,Hảo,5
casio-ltp-v300l-1audf-nu,CASIO 33.2 mm Nữ LTP-V300L-1AUDF,Dương Phượng Tẫm,5
casio-ltp-v300l-1audf-nu,CASIO 33.2 mm Nữ LTP-V300L-1AUDF,Hà Nguyễn Nhật Minh,4
casio-ltp-v300l-1audf-nu,CASIO 33.2 mm Nữ LTP-V300L-1AUDF,Chị Vân,5
casio-ltp-v300l-1audf-nu,CASIO 33.2 mm Nữ LTP-V300L-1AUDF,Ngọc,5
casio-ltp-v300l-1audf-nu,CASIO 33.2 mm Nữ LTP-V300L-1AUDF,Đào Hỹ Quang,5
casio-ltp-v300d-7audf-nu,CASIO 33.2 mm Nữ LTP-V300D-7AUDF,Nguyễn Thị Thu Thảo,2
casio-mtp-v004d-1budf-nam?utm_flashsale=1,CASIO 41.5 mm Nam MTP-V004D-1BUDF,Nguyễn Thành Trung,1
casio-mtp-v004d-1budf-nam?utm_flashsale=1,CASIO 41.5 mm Nam MTP-V004D-1BUDF,Phát,4
casio-mtp-v004d-1budf-nam?utm_flashsale=1,CASIO 41.5 mm Nam MTP-V004D-1BUDF,Trần Minh Đức,5
casio-mtp-v004d-1budf-nam?utm_flashsale=1,CASIO 41.5 mm Nam MTP-V004D-1BUDF,Anh Lực,4
casio-mtp-v004d-1budf-nam?utm_flashsale=1,CASIO 41.5 mm Nam MTP-V004D-1BUDF,NGUYỄN ÁNH NGỌC,5
casio-mtp-v004d-1budf-nam?utm_flashsale=1,CASIO 41.5 mm Nam MTP-V004D-1BUDF,Đoán,5
casio-mtp-v004d-1budf-nam?utm_flashsale=1,CASIO 41.5 mm Nam MTP-V004D-1BUDF,Phan Thị Phương Anh,5
casio-mtp-v004d-1budf-nam?utm_flashsale=1,CASIO 41.5 mm Nam MTP-V004D-1BUDF,Hoàng Thị Yến Oanh,5
casio-mtp-v004d-1budf-nam?utm_flashsale=1,CASIO 41.5 mm Nam MTP-V004D-1BUDF,Trần Thanh Tuấn,5
casio-mtp-v004d-1budf-nam?utm_flashsale=1,CASIO 41.5 mm Nam MTP-V004D-1BUDF,Hiếu,5
casio-mtp-v004d-1budf-nam?utm_flashsale=1,CASIO 41.5 mm Nam MTP-V004D-1BUDF,Trần Đình Cường,5
casio-mtp-v004d-1budf-nam?utm_flashsale=1,CASIO 41.5 mm Nam MTP-V004D-1BUDF,Bích,5
casio-mtp-v004d-1budf-nam?utm_flashsale=1,CASIO 41.5 mm Nam MTP-V004D-1BUDF,Dương Hải Yến,4
casio-mtp-v004d-1budf-nam?utm_flashsale=1,CASIO 41.5 mm Nam MTP-V004D-1BUDF,Khánh,5
casio-mtp-v004d-1budf-nam?utm_flashsale=1,CASIO 41.5 mm Nam MTP-V004D-1BUDF,Anh Nhẫn,5
casio-mtp-v004d-1budf-nam?utm_flashsale=1,CASIO 41.5 mm Nam MTP-V004D-1BUDF,Bùi Hữu Minh,5
casio-mtp-v004d-1budf-nam?utm_flashsale=1,CASIO 41.5 mm Nam MTP-V004D-1BUDF,Phạm Trần Nhật Tài,5
casio-mtp-v004d-1budf-nam?utm_flashsale=1,CASIO 41.5 mm Nam MTP-V004D-1BUDF,Dư,5
casio-mtp-v004d-1budf-nam?utm_flashsale=1,CASIO 41.5 mm Nam MTP-V004D-1BUDF,Hoà,4
casio-mtp-v004d-1budf-nam?utm_flashsale=1,CASIO 41.5 mm Nam MTP-V004D-1BUDF,Đỗ Nguyễn Đình Long,4
casio-mtp-v004d-1budf-nam?utm_flashsale=1,CASIO 41.5 mm Nam MTP-V004D-1BUDF,Nguyễn Hiếu,5
casio-mtp-v004d-1budf-nam?utm_flashsale=1,CASIO 41.5 mm Nam MTP-V004D-1BUDF,Hồng Nhung,5
q-q-m153j009y-unisex,Q&Q 39 mm Unisex M153J009Y,Anh Phố,4
q-q-m153j009y-unisex,Q&Q 39 mm Unisex M153J009Y,Anh Bắc,5
q-q-m153j009y-unisex,Q&Q 39 mm Unisex M153J009Y,Anh Phú,5
q-q-m153j009y-unisex,Q&Q 39 mm Unisex M153J009Y,Trần Thị Mơ,4
q-q-m153j009y-unisex,Q&Q 39 mm Unisex M153J009Y,An,5
q-q-m153j009y-unisex,Q&Q 39 mm Unisex M153J009Y,Dương Văn Tuyên,5
nakzen-ss9010g-7-nam,NAKZEN 38 mm Nam SS9010G-7,Anh,1
nakzen-ss9010g-7-nam,NAKZEN 38 mm Nam SS9010G-7,NGUYỄN VĂN Y,5
nakzen-ss9010g-7-nam,NAKZEN 38 mm Nam SS9010G-7,Nguyễn Thị Kim Thơm,5
nakzen-ss9010g-7-nam,NAKZEN 38 mm Nam SS9010G-7,Anh Thông,5
nakzen-ss9010g-7-nam,NAKZEN 38 mm Nam SS9010G-7,Cao Nhan Tri,5
elio-el035-01-nu,ELIO Nắng Xuân 32 mm Nữ EL035-01,Phạm Thị Chang,3
elio-el035-01-nu,ELIO Nắng Xuân 32 mm Nữ EL035-01,Chị Trường,5
elio-el035-01-nu,ELIO Nắng Xuân 32 mm Nữ EL035-01,Nguyễn Ngọc Sơn Tuyền,5
elio-el035-01-nu,ELIO Nắng Xuân 32 mm Nữ EL035-01,C Lan,4
elio-el035-01-nu,ELIO Nắng Xuân 32 mm Nữ EL035-01,65887 - Hoàng Quang Tiếp,5
elio-el035-01-nu,ELIO Nắng Xuân 32 mm Nữ EL035-01,Diễm,5
elio-el035-01-nu,ELIO Nắng Xuân 32 mm Nữ EL035-01,Vân,5
elio-el035-01-nu,ELIO Nắng Xuân 32 mm Nữ EL035-01,Dung,3
elio-el035-01-nu,ELIO Nắng Xuân 32 mm Nữ EL035-01,Nguyễn Mnh Dũng,5
elio-el035-01-nu,ELIO Nắng Xuân 32 mm Nữ EL035-01,Nguyễn Văn Nhật,4
elio-el035-01-nu,ELIO Nắng Xuân 32 mm Nữ EL035-01,NGUYỄN QUANG DUY,4
elio-el035-01-nu,ELIO Nắng Xuân 32 mm Nữ EL035-01,Bảo,4
elio-el035-01-nu,ELIO Nắng Xuân 32 mm Nữ EL035-01,NGUYỄN THỊ KIỀU PHƯƠNG,4
elio-el035-01-nu,ELIO Nắng Xuân 32 mm Nữ EL035-01,Nguyễn Thị Ngọc Thương,5
elio-el035-01-nu,ELIO Nắng Xuân 32 mm Nữ EL035-01,Huỳnh Trúc Linh,5
elio-el068-02-nu?utm_flashsale=1,ELIO 33 mm Nữ EL068-02,Trần Thị Dung,1
elio-el068-02-nu?utm_flashsale=1,ELIO 33 mm Nữ EL068-02,Lê Thị Hiền,5
elio-el068-02-nu?utm_flashsale=1,ELIO 33 mm Nữ EL068-02,Khánh,5
elio-el068-02-nu?utm_flashsale=1,ELIO 33 mm Nữ EL068-02,Chị Lan,5
elio-el068-02-nu?utm_flashsale=1,ELIO 33 mm Nữ EL068-02,Phương,5
elio-el068-02-nu?utm_flashsale=1,ELIO 33 mm Nữ EL068-02,Bình,4
elio-el068-02-nu?utm_flashsale=1,ELIO 33 mm Nữ EL068-02,Chị Thuỷ,4
elio-el068-02-nu?utm_flashsale=1,ELIO 33 mm Nữ EL068-02,Lê Thúy Hằng,5
elio-el068-02-nu?utm_flashsale=1,ELIO 33 mm Nữ EL068-02,PHAN THANH GIANG,5
elio-es086-01-nu,ELIO 28 mm Nữ ES086-01,Phạm Thị Thúy Hồng,5
elio-es086-01-nu,ELIO 28 mm Nữ ES086-01,Anh Thanh,5
elio-es086-01-nu,ELIO 28 mm Nữ ES086-01,Nguyễn Hồng Thịnh,4
elio-es086-01-nu,ELIO 28 mm Nữ ES086-01,Phạm Thị Ngọc Tuyền,5
elio-es086-01-nu,ELIO 28 mm Nữ ES086-01,Chi Hân,4
elio-es086-01-nu,ELIO 28 mm Nữ ES086-01,Võ Minh Quang,5
elio-el086-01-nu,ELIO 28 mm Nữ EL086-01,Hiền,5
elio-el086-01-nu,ELIO 28 mm Nữ EL086-01,Thắng,5
elio-el086-01-nu,ELIO 28 mm Nữ EL086-01,Chị Phương,5
elio-el086-01-nu,ELIO 28 mm Nữ EL086-01,Nguyễn Văn An,5
elio-el086-01-nu,ELIO 28 mm Nữ EL086-01,TRẦN THANH HIẾU,4
elio-el086-03-nu,ELIO 28 mm Nữ EL086-03,Chị Nhi,4
elio-el086-03-nu,ELIO 28 mm Nữ EL086-03,Vũ Thị Vân Anh,5
elio-el086-03-nu,ELIO 28 mm Nữ EL086-03,Phụng,5
elio-el086-03-nu,ELIO 28 mm Nữ EL086-03,Huyền,5
elio-el086-03-nu,ELIO 28 mm Nữ EL086-03,Trần Thị Hồng Nhung,4
elio-el086-03-nu,ELIO 28 mm Nữ EL086-03,Huỳnh,5
elio-el086-03-nu,ELIO 28 mm Nữ EL086-03,Hằng,5
elio-el086-03-nu,ELIO 28 mm Nữ EL086-03,A Diep,5
elio-el086-03-nu,ELIO 28 mm Nữ EL086-03,Kl,4
smile-kid-sl223l-3-tre-em,SMILE KID 34 mm Trẻ em SL223L-3,Ngô Hồng Tư,4
smile-kid-sl223l-3-tre-em,SMILE KID 34 mm Trẻ em SL223L-3,Thư,5
smile-kid-sl223l-3-tre-em,SMILE KID 34 mm Trẻ em SL223L-3,Nguyễn Thị Hoàng Phượng,4
smile-kid-sl223l-3-tre-em,SMILE KID 34 mm Trẻ em SL223L-3,Nguyễn Thị Trà My,5
smile-kid-sl223l-3-tre-em,SMILE KID 34 mm Trẻ em SL223L-3,Nguyễn Thị Hoa,5
smile-kid-sl223l-3-tre-em,SMILE KID 34 mm Trẻ em SL223L-3,Thuý,5
smile-kid-sl223l-3-tre-em,SMILE KID 34 mm Trẻ em SL223L-3,Anh Quốc,5
smile-kid-sl223l-3-tre-em,SMILE KID 34 mm Trẻ em SL223L-3,Nguyễn Văn Cường,2
elio-ec013-02-nu,ELIO 28 mm Nữ EC013-02,Em Thức,4
elio-ec013-02-nu,ELIO 28 mm Nữ EC013-02,Kim Thoa,4
elio-ec013-02-nu,ELIO 28 mm Nữ EC013-02,Nguyễn Hoàng Thông,4
elio-ec013-02-nu,ELIO 28 mm Nữ EC013-02,Ngân,5
elio-ec013-02-nu,ELIO 28 mm Nữ EC013-02,Nguyễn Thị Kiều Tiên,5
elio-ec013-02-nu,ELIO 28 mm Nữ EC013-02,Phạm Trung Tín,4
elio-es134-01-nu?utm_flashsale=1,ELIO 36 mm Nữ ES134-01,Quân,5
elio-es138-01-nu,ELIO 26 mm Nữ ES138-01,Trần Thị Lý,5
elio-es138-01-nu,ELIO 26 mm Nữ ES138-01,Nhân,4
q-q-q44a-002py-nu?utm_flashsale=1,Q&Q 30 mm Nữ Q44A-002PY,Phạm Thị Thảo,3
q-q-q44a-002py-nu?utm_flashsale=1,Q&Q 30 mm Nữ Q44A-002PY,Anh Nam Anh,5
q-q-q44a-002py-nu?utm_flashsale=1,Q&Q 30 mm Nữ Q44A-002PY,Nhật Hà,5
q-q-q44a-002py-nu?utm_flashsale=1,Q&Q 30 mm Nữ Q44A-002PY,Trúc,4
q-q-q44a-002py-nu?utm_flashsale=1,Q&Q 30 mm Nữ Q44A-002PY,NGUYỄN THỊ PHƯỢNG,5
smile-kid-sl123-02-tre-em,SMILE KID 29 mm Trẻ em SL123-02,Hùng,5
smile-kid-sl123-02-tre-em,SMILE KID 29 mm Trẻ em SL123-02,LÊ THỊ PHƯƠNG,5
smile-kid-sl123-02-tre-em,SMILE KID 29 mm Trẻ em SL123-02,NGUYỄN TRỌNG NGHĨA,4
smile-kid-sl123-02-tre-em,SMILE KID 29 mm Trẻ em SL123-02,Liêm,5
smile-kid-sl123-02-tre-em,SMILE KID 29 mm Trẻ em SL123-02,Anh Mau,5
smile-kid-sl123-02-tre-em,SMILE KID 29 mm Trẻ em SL123-02,Lê Văn Việt,4
smile-kid-sl133-03-tre-em,SMILE KID 41.5 mm Trẻ em SL133-03,Nguyễn Minh Phương,5
smile-kid-sl133-03-tre-em,SMILE KID 41.5 mm Trẻ em SL133-03,Hải,5
smile-kid-sl133-03-tre-em,SMILE KID 41.5 mm Trẻ em SL133-03,Nguyễn Văn Tiến,4
smile-kid-sl133-03-tre-em,SMILE KID 41.5 mm Trẻ em SL133-03,Minh,5
smile-kid-sl133-03-tre-em,SMILE KID 41.5 mm Trẻ em SL133-03,Nguyễn Kiên,5
smile-kid-sl133-03-tre-em,SMILE KID 41.5 mm Trẻ em SL133-03,Phạm Tiến Chiến,4
smile-kid-sl133-03-tre-em,SMILE KID 41.5 mm Trẻ em SL133-03,Thạch Mạnh,5
smile-kid-sl133-03-tre-em,SMILE KID 41.5 mm Trẻ em SL133-03,Hoà,5
smile-kid-sl133-03-tre-em,SMILE KID 41.5 mm Trẻ em SL133-03,Đỗ Bình Viên,3
smile-kid-sl133-03-tre-em,SMILE KID 41.5 mm Trẻ em SL133-03,Chị Nhanh,5
smile-kid-sl133-03-tre-em,SMILE KID 41.5 mm Trẻ em SL133-03,Nguyễn Thị Kiều Lan,3
smile-kid-sl133-03-tre-em,SMILE KID 41.5 mm Trẻ em SL133-03,Minh Hiếu,5
smile-kid-sl133-03-tre-em,SMILE KID 41.5 mm Trẻ em SL133-03,Nam,4
smile-kid-sl133-03-tre-em,SMILE KID 41.5 mm Trẻ em SL133-03,Đinh Thị Dung,5
smile-kid-sl133-03-tre-em,SMILE KID 41.5 mm Trẻ em SL133-03,Chị Y VOL,4
smile-kid-sl133-03-tre-em,SMILE KID 41.5 mm Trẻ em SL133-03,Loan,4
smile-kid-sl133-03-tre-em,SMILE KID 41.5 mm Trẻ em SL133-03,Chị Phương,4
smile-kid-sl133-03-tre-em,SMILE KID 41.5 mm Trẻ em SL133-03,Chị Trang,5
smile-kid-sl133-03-tre-em,SMILE KID 41.5 mm Trẻ em SL133-03,Nguyễn Thị Thu Thủy,4
smile-kid-sl133-03-tre-em,SMILE KID 41.5 mm Trẻ em SL133-03,Bình,5
smile-kid-sl133-03-tre-em,SMILE KID 41.5 mm Trẻ em SL133-03,Anh Đạo,4
smile-kid-sl133-03-tre-em,SMILE KID 41.5 mm Trẻ em SL133-03,Linh,4
citizen-bj6541-58p-nam?utm_flashsale=1,CITIZEN 38 mm Nam BJ6541-58P,Tiến,5
elio-es155-02-nu,ELIO Set quà 24 mm Nữ ES155-02,Văn Cường,5
elio-es155-02-nu,ELIO Set quà 24 mm Nữ ES155-02,Lê Mỹ Ngọc,3
mvw-msc003-01-nam,MVW Sport 44 mm Nam MSC003-01,Anh Thanh,5
mvw-msc003-01-nam,MVW Sport 44 mm Nam MSC003-01,Phong,4
mvw-msc003-01-nam,MVW Sport 44 mm Nam MSC003-01,Anh Thịnh,5
mvw-msa098-01-ele-nam,MVW Elegant 43 mm Nam MSA098-01-ELE,Anh Hung,3
mvw-msa098-01-ele-nam,MVW Elegant 43 mm Nam MSA098-01-ELE,Anh Chuc,5
mvw-msa098-01-ele-nam,MVW Elegant 43 mm Nam MSA098-01-ELE,Anh Khôi,5
casio-ae-1500wh-1avdf-nam?utm_flashsale=1,CASIO 51.2 mm Nam AE-1500WH-1AVDF,Văn Tấn Phôn,5
casio-ltp-v005l-1budf-den?utm_flashsale=1,CASIO 28 mm Nữ LTP-V005L-1BUDF,Phạm Thị Thanh Thanh,5
casio-ltp-v005l-1budf-den?utm_flashsale=1,CASIO 28 mm Nữ LTP-V005L-1BUDF,Mai,4
casio-ltp-v005l-1budf-den?utm_flashsale=1,CASIO 28 mm Nữ LTP-V005L-1BUDF,Yến,5
casio-ltp-v005l-1budf-den?utm_flashsale=1,CASIO 28 mm Nữ LTP-V005L-1BUDF,Dịu,5
casio-ltp-v005l-1budf-den?utm_flashsale=1,CASIO 28 mm Nữ LTP-V005L-1BUDF,Hồng,4
casio-ltp-v005l-1budf-den?utm_flashsale=1,CASIO 28 mm Nữ LTP-V005L-1BUDF,Nhi,5
casio-ltp-v005l-1budf-den?utm_flashsale=1,CASIO 28 mm Nữ LTP-V005L-1BUDF,Phan Hồng Vũ,5
casio-ltp-v005l-1budf-den?utm_flashsale=1,CASIO 28 mm Nữ LTP-V005L-1BUDF,NGUYỄN THỊ MỘNG THU,5
casio-ltp-v005l-1budf-den?utm_flashsale=1,CASIO 28 mm Nữ LTP-V005L-1BUDF,Nguyễn Văn Tưởng,4
casio-lrw-200h-2bvdf-trang?utm_flashsale=1,CASIO 33 mm Nữ LRW-200H-2BVDF,Quỳnh,4
casio-lrw-200h-2bvdf-trang?utm_flashsale=1,CASIO 33 mm Nữ LRW-200H-2BVDF,Nguyễn Hoài Nam,3
casio-lrw-200h-2bvdf-trang?utm_flashsale=1,CASIO 33 mm Nữ LRW-200H-2BVDF,Lê Thanh Tâm,5
casio-lrw-200h-2bvdf-trang?utm_flashsale=1,CASIO 33 mm Nữ LRW-200H-2BVDF,Nguyễn Chí Thành,2
casio-lrw-200h-2bvdf-trang?utm_flashsale=1,CASIO 33 mm Nữ LRW-200H-2BVDF,Anh Long,5
casio-lrw-200h-2bvdf-trang?utm_flashsale=1,CASIO 33 mm Nữ LRW-200H-2BVDF,Lê Nguyễn Trung Hiếu,4
casio-lrw-200h-2bvdf-trang?utm_flashsale=1,CASIO 33 mm Nữ LRW-200H-2BVDF,Huỳnh Thanh Liêm,5
casio-lrw-200h-2bvdf-trang?utm_flashsale=1,CASIO 33 mm Nữ LRW-200H-2BVDF,PHẠM THU HUYỀN,5
casio-lrw-200h-2bvdf-trang?utm_flashsale=1,CASIO 33 mm Nữ LRW-200H-2BVDF,Huu Tuan,5
casio-mtp-1308d-1avdf-nam?utm_flashsale=1,CASIO 43.5 mm Nam MTP-1308D-1AVDF,Phạm Thị Thu Hiền,5
casio-mtp-1308d-1avdf-nam?utm_flashsale=1,CASIO 43.5 mm Nam MTP-1308D-1AVDF,Nguyễn Khắc Dạ Lan,5
casio-mtp-1308d-1avdf-nam?utm_flashsale=1,CASIO 43.5 mm Nam MTP-1308D-1AVDF,Anh Long,5
casio-mtp-1308d-1avdf-nam?utm_flashsale=1,CASIO 43.5 mm Nam MTP-1308D-1AVDF,Trang Bảo Trân,5
casio-mtp-1308d-1avdf-nam?utm_flashsale=1,CASIO 43.5 mm Nam MTP-1308D-1AVDF,Mỹ Tiên,5
casio-mtp-1308d-1avdf-nam?utm_flashsale=1,CASIO 43.5 mm Nam MTP-1308D-1AVDF,Lý Phước Thọ,5
casio-mtp-1308d-1avdf-nam?utm_flashsale=1,CASIO 43.5 mm Nam MTP-1308D-1AVDF,Phạm Văn Mạnh,5
casio-mtp-1308d-1avdf-nam?utm_flashsale=1,CASIO 43.5 mm Nam MTP-1308D-1AVDF,Lương Văn Biển,5
casio-mtp-1308d-1avdf-nam?utm_flashsale=1,CASIO 43.5 mm Nam MTP-1308D-1AVDF,Liêm,5
casio-mtp-1308d-1avdf-nam?utm_flashsale=1,CASIO 43.5 mm Nam MTP-1308D-1AVDF,Phan Hải Đăng,5
casio-mtp-1308d-1avdf-nam?utm_flashsale=1,CASIO 43.5 mm Nam MTP-1308D-1AVDF,Trần Đăng Hồng Dương,5
casio-mtp-1308d-1avdf-nam?utm_flashsale=1,CASIO 43.5 mm Nam MTP-1308D-1AVDF,Trần Văn Hưởng,5
casio-mtp-1308d-1avdf-nam?utm_flashsale=1,CASIO 43.5 mm Nam MTP-1308D-1AVDF,Trương Quí,5
casio-mtp-1308d-1avdf-nam?utm_flashsale=1,CASIO 43.5 mm Nam MTP-1308D-1AVDF,Chị Phượng,4
casio-mtp-1308d-1avdf-nam?utm_flashsale=1,CASIO 43.5 mm Nam MTP-1308D-1AVDF,Linh Nguyễn,5
casio-mtp-1308d-1avdf-nam?utm_flashsale=1,CASIO 43.5 mm Nam MTP-1308D-1AVDF,Tâm,5
casio-mtp-v006l-7budf-nam?utm_flashsale=1,CASIO 38 mm Nam MTP-V006L-7BUDF,Lê Việt Dũng,5
casio-mtp-v006l-7budf-nam?utm_flashsale=1,CASIO 38 mm Nam MTP-V006L-7BUDF,Trường,5
casio-mtp-v006l-7budf-nam?utm_flashsale=1,CASIO 38 mm Nam MTP-V006L-7BUDF,Thu Hoài,5
casio-mtp-v006l-7budf-nam?utm_flashsale=1,CASIO 38 mm Nam MTP-V006L-7BUDF,Vũ Tuấn Minh,5
casio-mtp-v006l-7budf-nam?utm_flashsale=1,CASIO 38 mm Nam MTP-V006L-7BUDF,Chị Ly,5
casio-mtp-v006l-7budf-nam?utm_flashsale=1,CASIO 38 mm Nam MTP-V006L-7BUDF,Thảo Nguyên,5
casio-mtp-v006l-7budf-nam?utm_flashsale=1,CASIO 38 mm Nam MTP-V006L-7BUDF,Dương Trung Nghĩa,5
casio-mtp-v006l-7budf-nam?utm_flashsale=1,CASIO 38 mm Nam MTP-V006L-7BUDF,Nguyễn Xuân Huy,5
casio-mtp-v006l-7budf-nam?utm_flashsale=1,CASIO 38 mm Nam MTP-V006L-7BUDF,Hồng Tuấn Việt,5
casio-mtp-v006l-7budf-nam?utm_flashsale=1,CASIO 38 mm Nam MTP-V006L-7BUDF,Dương Thịnh Hướng,3
casio-mtp-v006l-7budf-nam?utm_flashsale=1,CASIO 38 mm Nam MTP-V006L-7BUDF,Anh Đức,3
casio-mtp-v006l-7budf-nam?utm_flashsale=1,CASIO 38 mm Nam MTP-V006L-7BUDF,Nguyễn Văn Lai,5
casio-mtp-v006l-7budf-nam?utm_flashsale=1,CASIO 38 mm Nam MTP-V006L-7BUDF,Chú Hải,4
casio-mtp-v006l-7budf-nam?utm_flashsale=1,CASIO 38 mm Nam MTP-V006L-7BUDF,Lưu Châu Đình Phúc,4
casio-mtp-v006l-7budf-nam?utm_flashsale=1,CASIO 38 mm Nam MTP-V006L-7BUDF,Võ Thị Hạnh Trang,5
casio-mtp-v006l-7budf-nam?utm_flashsale=1,CASIO 38 mm Nam MTP-V006L-7BUDF,Trần Quốc Thái,5
casio-mtp-v006l-7budf-nam?utm_flashsale=1,CASIO 38 mm Nam MTP-V006L-7BUDF,Lại Đình Hậu,4
casio-mtp-v006l-7budf-nam?utm_flashsale=1,CASIO 38 mm Nam MTP-V006L-7BUDF,Lê Văn Phước,4
casio-mtp-v006l-7budf-nam?utm_flashsale=1,CASIO 38 mm Nam MTP-V006L-7BUDF,Võ Trúc Quỳnh,4
casio-mtp-v006l-7budf-nam?utm_flashsale=1,CASIO 38 mm Nam MTP-V006L-7BUDF,Mỹ Linh,4
casio-mtp-v006l-7budf-nam?utm_flashsale=1,CASIO 38 mm Nam MTP-V006L-7BUDF,Trung,4
elio-el006-01-nu,ELIO 34.7 mm Nữ EL006-01,Thu,5
elio-el006-01-nu,ELIO 34.7 mm Nữ EL006-01,Võ Duy Bình,1
elio-el006-01-nu,ELIO 34.7 mm Nữ EL006-01,Lê Văn Cảnh,5
elio-el006-01-nu,ELIO 34.7 mm Nữ EL006-01,Chị Hiếu,5
elio-el006-01-nu,ELIO 34.7 mm Nữ EL006-01,Tiên,5
elio-el006-01-nu,ELIO 34.7 mm Nữ EL006-01,Nguyễn Phú Cương,4
elio-el006-01-nu,ELIO 34.7 mm Nữ EL006-01,Bùi Thị Huyền,5
elio-el006-01-nu,ELIO 34.7 mm Nữ EL006-01,Bùi Thị Huyền,5
elio-el006-01-nu,ELIO 34.7 mm Nữ EL006-01,CÀ THỊ THANH NGA,4
elio-el006-01-nu,ELIO 34.7 mm Nữ EL006-01,Bùi Thị Thanh Hoài,5
elio-el006-01-nu,ELIO 34.7 mm Nữ EL006-01,Mông Văn Bội,4
elio-el006-01-nu,ELIO 34.7 mm Nữ EL006-01,Yến,5
elio-el006-01-nu,ELIO 34.7 mm Nữ EL006-01,Đậu Thị Ngân,5
elio-el006-01-nu,ELIO 34.7 mm Nữ EL006-01,Lê Thị Ngọc Ái,4
elio-el006-01-nu,ELIO 34.7 mm Nữ EL006-01,HỒ THỊ ĐÀO,4
elio-el006-01-nu,ELIO 34.7 mm Nữ EL006-01,Ngoan,3
elio-el006-01-nu,ELIO 34.7 mm Nữ EL006-01,Lan Anh,5
elio-el006-01-nu,ELIO 34.7 mm Nữ EL006-01,Minh,5
elio-el006-01-nu,ELIO 34.7 mm Nữ EL006-01,Kim Anh,4
elio-el006-01-nu,ELIO 34.7 mm Nữ EL006-01,Võ Hồng Đoan,3
elio-el006-01-nu,ELIO 34.7 mm Nữ EL006-01,TẠ NGUYỆT MINH HOA,4
elio-el007-01-nu,ELIO 34.3 mm Nữ EL007-01,Lê Huỳnh,1
elio-el007-01-nu,ELIO 34.3 mm Nữ EL007-01,Dung,5
elio-el007-01-nu,ELIO 34.3 mm Nữ EL007-01,Thảo,4
elio-el007-01-nu,ELIO 34.3 mm Nữ EL007-01,Nguyễn Thị Nghĩ,5
elio-el007-01-nu,ELIO 34.3 mm Nữ EL007-01,Tấn Tài,5
elio-el007-01-nu,ELIO 34.3 mm Nữ EL007-01,Nguyễn Thị Mỹ,5
elio-el007-01-nu,ELIO 34.3 mm Nữ EL007-01,9,5
elio-el007-01-nu,ELIO 34.3 mm Nữ EL007-01,Thảo,5
elio-el007-01-nu,ELIO 34.3 mm Nữ EL007-01,Nguyen Trinh,4
elio-el007-01-nu,ELIO 34.3 mm Nữ EL007-01,Trương Thị Thanh Thúy,5
elio-el007-01-nu,ELIO 34.3 mm Nữ EL007-01,Lê Thị Nga,5
elio-el007-01-nu,ELIO 34.3 mm Nữ EL007-01,Hà Loan,5
elio-el007-01-nu,ELIO 34.3 mm Nữ EL007-01,PHAN THANH TÂM,5
elio-el007-01-nu,ELIO 34.3 mm Nữ EL007-01,Ngô Minh Hà,5
elio-el007-01-nu,ELIO 34.3 mm Nữ EL007-01,LÊ THỊ CẨM TÚ,4
elio-el007-01-nu,ELIO 34.3 mm Nữ EL007-01,LÊ HOÀNG TUẤN,1
elio-el007-01-nu,ELIO 34.3 mm Nữ EL007-01,Phan Đỗ Sơn Thi,5
elio-el007-01-nu,ELIO 34.3 mm Nữ EL007-01,Chị Lan Anh,4
elio-el007-01-nu,ELIO 34.3 mm Nữ EL007-01,Chị Oanh,4
elio-el007-01-nu,ELIO 34.3 mm Nữ EL007-01,Nguyễn Tuấn,4
elio-el007-01-nu,ELIO 34.3 mm Nữ EL007-01,Trương Thị Ngọc Tuyết,5
elio-el007-01-nu,ELIO 34.3 mm Nữ EL007-01,TRAN NGOC PHUONG GIAO,5
elio-el007-01-nu,ELIO 34.3 mm Nữ EL007-01,Phan Thị Kiều Hãi,4
elio-es025-c2-nu,ELIO 30 mm Nữ ES025-C2,Bùi Thị Thảo,5
elio-es025-c2-nu,ELIO 30 mm Nữ ES025-C2,Trịnh Thị Truyện,5
elio-es025-c2-nu,ELIO 30 mm Nữ ES025-C2,Bùi Thị Thuý,4
elio-es025-c2-nu,ELIO 30 mm Nữ ES025-C2,Võ Thành Trung,5
elio-es025-c2-nu,ELIO 30 mm Nữ ES025-C2,Nguyễn Thị Thương,5
elio-es025-c2-nu,ELIO 30 mm Nữ ES025-C2,Tú Loan,4
elio-es025-c2-nu,ELIO 30 mm Nữ ES025-C2,Cao Thị Bích Thùy,5
elio-es025-c2-nu,ELIO 30 mm Nữ ES025-C2,Ly,5
elio-es025-c2-nu,ELIO 30 mm Nữ ES025-C2,Nguyễn Minh Trung,5
elio-es025-c2-nu,ELIO 30 mm Nữ ES025-C2,TRÚC,3
elio-es025-c2-nu,ELIO 30 mm Nữ ES025-C2,Chị Hà,5
elio-es025-c2-nu,ELIO 30 mm Nữ ES025-C2,Thư,5
elio-es025-c2-nu,ELIO 30 mm Nữ ES025-C2,Loan,5
elio-es025-c2-nu,ELIO 30 mm Nữ ES025-C2,Đoàn Văn Hiệu,5
elio-es025-c2-nu,ELIO 30 mm Nữ ES025-C2,Dương Nguyễn,5
elio-es025-c2-nu,ELIO 30 mm Nữ ES025-C2,Phương,2
elio-es025-c2-nu,ELIO 30 mm Nữ ES025-C2,Chị Nhật,5
elio-es025-c2-nu,ELIO 30 mm Nữ ES025-C2,Dương Thị Thanh Hoa,5
elio-es025-c2-nu,ELIO 30 mm Nữ ES025-C2,Phan Vũ Linh,4
elio-es025-c2-nu,ELIO 30 mm Nữ ES025-C2,Dương Thành Tân,5
elio-es025-c2-nu,ELIO 30 mm Nữ ES025-C2,Bùi Thị Thảo,5
elio-es025-c2-nu,ELIO 30 mm Nữ ES025-C2,Trịnh Thị Truyện,5
elio-es025-c2-nu,ELIO 30 mm Nữ ES025-C2,Bùi Thị Thuý,4
elio-es025-c2-nu,ELIO 30 mm Nữ ES025-C2,Võ Thành Trung,5
elio-es025-c2-nu,ELIO 30 mm Nữ ES025-C2,Nguyễn Thị Thương,5
elio-es025-c2-nu,ELIO 30 mm Nữ ES025-C2,Tú Loan,4
elio-es025-c2-nu,ELIO 30 mm Nữ ES025-C2,Cao Thị Bích Thùy,5
elio-es025-c2-nu,ELIO 30 mm Nữ ES025-C2,Ly,5
elio-es025-c2-nu,ELIO 30 mm Nữ ES025-C2,Nguyễn Minh Trung,5
elio-es025-c2-nu,ELIO 30 mm Nữ ES025-C2,TRÚC,3
elio-es025-c2-nu,ELIO 30 mm Nữ ES025-C2,Chị Hà,5
elio-es025-c2-nu,ELIO 30 mm Nữ ES025-C2,Thư,5
elio-es025-c2-nu,ELIO 30 mm Nữ ES025-C2,Loan,5
elio-es025-c2-nu,ELIO 30 mm Nữ ES025-C2,Đoàn Văn Hiệu,5
elio-es025-c2-nu,ELIO 30 mm Nữ ES025-C2,Dương Nguyễn,5
elio-es025-c2-nu,ELIO 30 mm Nữ ES025-C2,Phương,2
elio-es025-c2-nu,ELIO 30 mm Nữ ES025-C2,Chị Nhật,5
elio-es025-c2-nu,ELIO 30 mm Nữ ES025-C2,Dương Thị Thanh Hoa,5
elio-es025-c2-nu,ELIO 30 mm Nữ ES025-C2,Phan Vũ Linh,4
elio-es025-c2-nu,ELIO 30 mm Nữ ES025-C2,Dương Thành Tân,5
elio-el033-01-nu,ELIO Nắng Xuân 32 mm Nữ EL033-01,TRẦN THỊ LINH CHI,4
elio-el033-01-nu,ELIO Nắng Xuân 32 mm Nữ EL033-01,Lê Trường An,5
elio-el033-01-nu,ELIO Nắng Xuân 32 mm Nữ EL033-01,Lua,2
elio-el033-01-nu,ELIO Nắng Xuân 32 mm Nữ EL033-01,Vũ Trọng Nghĩa,5
elio-el033-01-nu,ELIO Nắng Xuân 32 mm Nữ EL033-01,Huỳnh Thị Quế Anh,5
elio-el033-01-nu,ELIO Nắng Xuân 32 mm Nữ EL033-01,Tuyến,5
elio-el033-01-nu,ELIO Nắng Xuân 32 mm Nữ EL033-01,Đoàn Thị Yến,4
elio-el033-01-nu,ELIO Nắng Xuân 32 mm Nữ EL033-01,Chị Nhạn,5
elio-el033-01-nu,ELIO Nắng Xuân 32 mm Nữ EL033-01,Chị Thuý,5
elio-el033-01-nu,ELIO Nắng Xuân 32 mm Nữ EL033-01,Chị Vi,4
elio-el033-01-nu,ELIO Nắng Xuân 32 mm Nữ EL033-01,Nguyễn Trang,5
elio-el033-01-nu,ELIO Nắng Xuân 32 mm Nữ EL033-01,Nguyễn Trí Tâm,5
elio-el033-01-nu,ELIO Nắng Xuân 32 mm Nữ EL033-01,Nguyễn Văn Khánh Quốc,4
elio-el033-01-nu,ELIO Nắng Xuân 32 mm Nữ EL033-01,Lê Thị Ngọc Yến,4
elio-el033-01-nu,ELIO Nắng Xuân 32 mm Nữ EL033-01,Bùi Thị Khánh,4
elio-el033-01-nu,ELIO Nắng Xuân 32 mm Nữ EL033-01,Nguyễn Văn Chí Hải,5
q-q-vq86j029y-nu?utm_flashsale=1,Q&Q 34 mm Nữ VQ86J029Y,Trần Thị Bích Quyên,2
q-q-vq86j029y-nu?utm_flashsale=1,Q&Q 34 mm Nữ VQ86J029Y,Nguyễn Thị Ngọc Bích,5
q-q-vq86j029y-nu?utm_flashsale=1,Q&Q 34 mm Nữ VQ86J029Y,Nguyễn Thị Bích Ngọc,4
q-q-vq86j029y-nu?utm_flashsale=1,Q&Q 34 mm Nữ VQ86J029Y,Nguyễn Văn Thắng,5
q-q-vq86j029y-nu?utm_flashsale=1,Q&Q 34 mm Nữ VQ86J029Y,Hà,4
q-q-vq86j029y-nu?utm_flashsale=1,Q&Q 34 mm Nữ VQ86J029Y,Chị Sinh,5
q-q-vq86j029y-nu?utm_flashsale=1,Q&Q 34 mm Nữ VQ86J029Y,Chị Liên,5
q-q-vq86j029y-nu?utm_flashsale=1,Q&Q 34 mm Nữ VQ86J029Y,Hoàng Trung Quân,5
q-q-vq86j029y-nu?utm_flashsale=1,Q&Q 34 mm Nữ VQ86J029Y,Nhựt,4
mww-ml037-01-nam?utm_flashsale=1,MVW 40 mm Nam ML037-01,Huỳnh Trung Hiếu,5
mww-ml037-01-nam?utm_flashsale=1,MVW 40 mm Nam ML037-01,Viễn,4
mww-ml037-01-nam?utm_flashsale=1,MVW 40 mm Nam ML037-01,Minh Anh,5
mww-ml037-01-nam?utm_flashsale=1,MVW 40 mm Nam ML037-01,Sanh,5
mww-ml037-01-nam?utm_flashsale=1,MVW 40 mm Nam ML037-01,Anh Sơn,4
mww-ml037-01-nam?utm_flashsale=1,MVW 40 mm Nam ML037-01,Anh Cường,4
mww-ml037-01-nam?utm_flashsale=1,MVW 40 mm Nam ML037-01,Trinh,4
mww-ml037-01-nam?utm_flashsale=1,MVW 40 mm Nam ML037-01,Trung Tin,5
mww-ml037-01-nam?utm_flashsale=1,MVW 40 mm Nam ML037-01,Hiên,5
mww-ml037-01-nam?utm_flashsale=1,MVW 40 mm Nam ML037-01,Nguyễn Hà Nam,5
mww-ml037-01-nam?utm_flashsale=1,MVW 40 mm Nam ML037-01,Nguyễn Minh Hoàng,5
mww-ml037-01-nam?utm_flashsale=1,MVW 40 mm Nam ML037-01,Thảo,3
mww-ml037-01-nam?utm_flashsale=1,MVW 40 mm Nam ML037-01,Đỗ Minh Tuấn,3
mww-ml037-01-nam?utm_flashsale=1,MVW 40 mm Nam ML037-01,Trần Ngọc Huyền Trân,5
mww-ml037-01-nam?utm_flashsale=1,MVW 40 mm Nam ML037-01,Võ Thành Luân,5
mww-ml037-01-nam?utm_flashsale=1,MVW 40 mm Nam ML037-01,Doanh,4
mww-ml037-01-nam?utm_flashsale=1,MVW 40 mm Nam ML037-01,Trịnh Khải,4
mww-ml037-01-nam?utm_flashsale=1,MVW 40 mm Nam ML037-01,Trần Duy Bình,5
mww-ml037-01-nam?utm_flashsale=1,MVW 40 mm Nam ML037-01,- Phùng Ngọc Lan,3
mww-ml037-01-nam?utm_flashsale=1,MVW 40 mm Nam ML037-01,Toàn,4
mww-ml037-01-nam?utm_flashsale=1,MVW 40 mm Nam ML037-01,VÕ HUYỀN TRÂN,5
mww-ml037-01-nam?utm_flashsale=1,MVW 40 mm Nam ML037-01,TRẦN THANH TÂM,5
mww-ml037-01-nam?utm_flashsale=1,MVW 40 mm Nam ML037-01,Lê Thị Nga,5
mww-ml037-01-nam?utm_flashsale=1,MVW 40 mm Nam ML037-01,Tuấn,4
mww-ml037-01-nam?utm_flashsale=1,MVW 40 mm Nam ML037-01,Anh Trúc,3
mww-ml037-01-nam?utm_flashsale=1,MVW 40 mm Nam ML037-01,Quyết,5
mww-ml037-01-nam?utm_flashsale=1,MVW 40 mm Nam ML037-01,Trình,1
mww-ml037-01-nam?utm_flashsale=1,MVW 40 mm Nam ML037-01,Chị Hương,5
mww-ml037-01-nam?utm_flashsale=1,MVW 40 mm Nam ML037-01,Nguyên Cong Chinh,4
mww-ml037-01-nam?utm_flashsale=1,MVW 40 mm Nam ML037-01,Minh Quân,5
mww-ml037-01-nam?utm_flashsale=1,MVW 40 mm Nam ML037-01,NGUYỄN HOÀNG PHÚC,2
mww-ml041-01-nam?utm_flashsale=1,MVW 44 mm Nam ML041-01,Trần Hiếu,5
mww-ml041-01-nam?utm_flashsale=1,MVW 44 mm Nam ML041-01,Trần Văn Thái,5
mww-ml041-01-nam?utm_flashsale=1,MVW 44 mm Nam ML041-01,Thơm,5
mww-ml041-01-nam?utm_flashsale=1,MVW 44 mm Nam ML041-01,Anh Quang,3
mww-ml041-01-nam?utm_flashsale=1,MVW 44 mm Nam ML041-01,Lê Ngọc Hùng,5
mww-ml041-01-nam?utm_flashsale=1,MVW 44 mm Nam ML041-01,Anh Hiếu,4
mww-ml041-01-nam?utm_flashsale=1,MVW 44 mm Nam ML041-01,Cô Trang,5
mww-ml041-01-nam?utm_flashsale=1,MVW 44 mm Nam ML041-01,Quãng,4
mww-ml041-01-nam?utm_flashsale=1,MVW 44 mm Nam ML041-01,NGUYEN VAN PHUONG,5
mww-ml041-01-nam?utm_flashsale=1,MVW 44 mm Nam ML041-01,Nguyen Thi Hong Bich,5
mww-ml041-01-nam?utm_flashsale=1,MVW 44 mm Nam ML041-01,Huỳnh Thế Mỹ,5
mww-ml041-01-nam?utm_flashsale=1,MVW 44 mm Nam ML041-01,Đặng Thị Thó,4
mww-ml041-01-nam?utm_flashsale=1,MVW 44 mm Nam ML041-01,Trần Thành Hưng,4
mvw-ml058-01-nam,MVW 40 mm Nam ML058-01,Nguyễn Đức Trọng,5
mvw-ml058-01-nam,MVW 40 mm Nam ML058-01,Việt,5
mvw-ml058-01-nam,MVW 40 mm Nam ML058-01,Đỗ Trần Trọng Nghĩa,4
mvw-ml058-01-nam,MVW 40 mm Nam ML058-01,Tọa,5
mvw-ml058-01-nam,MVW 40 mm Nam ML058-01,Như Như,5
mvw-ml058-01-nam,MVW 40 mm Nam ML058-01,Nguyễn Thành Tài,4
mvw-ml058-01-nam,MVW 40 mm Nam ML058-01,Anh Thành,5
mvw-ml058-01-nam,MVW 40 mm Nam ML058-01,Anh Hoang,5
mvw-ml058-01-nam,MVW 40 mm Nam ML058-01,Nguyễn Phú Vinh,4
mvw-ml058-01-nam,MVW 40 mm Nam ML058-01,Trần Quang Khánh,4
mvw-ml058-01-nam,MVW 40 mm Nam ML058-01,Bùi Quốc Vũ,5
mvw-ml058-01-nam,MVW 40 mm Nam ML058-01,Huy,5
mvw-ml058-01-nam,MVW 40 mm Nam ML058-01,Hữu,5
mvw-ml058-01-nam,MVW 40 mm Nam ML058-01,LÊ TRƯỜNG VỦ,5
mvw-ml058-01-nam,MVW 40 mm Nam ML058-01,DUONG VAN HUY,4
mvw-ml058-01-nam,MVW 40 mm Nam ML058-01,Nguyễn Thị Ngọc Diễm,5
mvw-ml058-01-nam,MVW 40 mm Nam ML058-01,Huỳnh Tuấn An,5
dong-ho-nam-mvw-ml057-02,MVW 42 mm Nam ML057-02,Lê Đình Huy,1
dong-ho-nam-mvw-ml057-02,MVW 42 mm Nam ML057-02,Sơn Nhựt Duy,4
dong-ho-nam-mvw-ml057-02,MVW 42 mm Nam ML057-02,Nguyễn Đức Tài,5
dong-ho-nam-mvw-ml057-02,MVW 42 mm Nam ML057-02,Trần Thanh Toàn,3
dong-ho-nam-mvw-ml057-02,MVW 42 mm Nam ML057-02,Huyền,5
dong-ho-nam-mvw-ml057-02,MVW 42 mm Nam ML057-02,Trần Thanh Duy,5
dong-ho-nam-mvw-ml057-02,MVW 42 mm Nam ML057-02,Liêu Hải Bình,4
dong-ho-nam-mvw-ml057-02,MVW 42 mm Nam ML057-02,Hà Văn Long,5
dong-ho-nam-mvw-ml057-02,MVW 42 mm Nam ML057-02,Nhân,4
dong-ho-nam-mvw-ml057-02,MVW 42 mm Nam ML057-02,Đặng Ngọc Sang,5
dong-ho-nam-mvw-ml057-02,MVW 42 mm Nam ML057-02,ĐỖ VĂN PHÚ,5
dong-ho-nam-mvw-ml060-02?utm_flashsale=1,MVW 40 mm Nam ML060-02,Đại,1
dong-ho-nam-mvw-ml060-02?utm_flashsale=1,MVW 40 mm Nam ML060-02,Tự,5
dong-ho-nam-mvw-ml060-02?utm_flashsale=1,MVW 40 mm Nam ML060-02,Anh Lâm,5
dong-ho-nam-mvw-ml060-02?utm_flashsale=1,MVW 40 mm Nam ML060-02,Sơn Vũ,4
dong-ho-nam-mvw-ml060-02?utm_flashsale=1,MVW 40 mm Nam ML060-02,Trần Thanh Phong,4
dong-ho-nam-mvw-ml060-02?utm_flashsale=1,MVW 40 mm Nam ML060-02,Đỗ Trọng Kiên,5
dong-ho-nam-mvw-ml060-02?utm_flashsale=1,MVW 40 mm Nam ML060-02,Nguyễn Thanh Lam,5
dong-ho-nam-mvw-ml060-02?utm_flashsale=1,MVW 40 mm Nam ML060-02,Trần Văn Nghĩa,5
dong-ho-nam-mvw-ml060-02?utm_flashsale=1,MVW 40 mm Nam ML060-02,Đỗ Văn Nguyên,2
dong-ho-nam-mvw-ml060-02?utm_flashsale=1,MVW 40 mm Nam ML060-02,Tú,5
dong-ho-nam-mvw-ml060-02?utm_flashsale=1,MVW 40 mm Nam ML060-02,Hiếu,5
dong-ho-nam-mvw-ml060-02?utm_flashsale=1,MVW 40 mm Nam ML060-02,NGUYỄN QUỐC HUY,4
dong-ho-nam-mvw-ml060-02?utm_flashsale=1,MVW 40 mm Nam ML060-02,Vũ Đức Đồng,4
dong-ho-nam-mvw-ml060-02?utm_flashsale=1,MVW 40 mm Nam ML060-02,Bùi Văn Lẹ,5
dong-ho-nam-mvw-ml060-02?utm_flashsale=1,MVW 40 mm Nam ML060-02,Ngô Hữu Nhị,5
dong-ho-nam-mvw-ml060-02?utm_flashsale=1,MVW 40 mm Nam ML060-02,Nguyễn Hữu Vinh,5
dong-ho-nam-mvw-ml060-02?utm_flashsale=1,MVW 40 mm Nam ML060-02,HUỲNH TRẦN TIẾN ĐẠT,5
dong-ho-nam-mvw-ml060-02?utm_flashsale=1,MVW 40 mm Nam ML060-02,Viết Hà,1
dong-ho-nam-mvw-ml060-02?utm_flashsale=1,MVW 40 mm Nam ML060-02,Sơn,5
dong-ho-nam-mvw-ml060-02?utm_flashsale=1,MVW 40 mm Nam ML060-02,Huy,4
dong-ho-nam-mvw-ml060-02?utm_flashsale=1,MVW 40 mm Nam ML060-02,Anh Khang,5
dong-ho-nam-mvw-ml060-02?utm_flashsale=1,MVW 40 mm Nam ML060-02,Lê Nguyễn Nhật Thanh,5
elio-es102-03-nu?utm_flashsale=1,ELIO Flower 25.5 mm Nữ ES102-03,Nguyễn Đức Cường,4
elio-es102-03-nu?utm_flashsale=1,ELIO Flower 25.5 mm Nữ ES102-03,Chị Duyên,5
elio-es102-03-nu?utm_flashsale=1,ELIO Flower 25.5 mm Nữ ES102-03,Hồ Phát Tài,5
elio-es102-03-nu?utm_flashsale=1,ELIO Flower 25.5 mm Nữ ES102-03,Chị Khánh,4
elio-es102-03-nu?utm_flashsale=1,ELIO Flower 25.5 mm Nữ ES102-03,C Giang,5
elio-es102-03-nu?utm_flashsale=1,ELIO Flower 25.5 mm Nữ ES102-03,Dao Thi Thúy,5
elio-es102-03-nu?utm_flashsale=1,ELIO Flower 25.5 mm Nữ ES102-03,Bùi Bảo Ngoan,5
elio-es102-03-nu?utm_flashsale=1,ELIO Flower 25.5 mm Nữ ES102-03,Nguyễn Thiện Triều,5
elio-es102-03-nu?utm_flashsale=1,ELIO Flower 25.5 mm Nữ ES102-03,Chị Vân,4
elio-es102-03-nu?utm_flashsale=1,ELIO Flower 25.5 mm Nữ ES102-03,Trương Ngọc Phương,5
elio-es104-01-nu,ELIO 26 mm Nữ ES104-01,Truong Thi Kim Hien,5
elio-es104-01-nu,ELIO 26 mm Nữ ES104-01,Cù Bảo Trân,5
elio-es104-01-nu,ELIO 26 mm Nữ ES104-01,Trúc,5
elio-es104-01-nu,ELIO 26 mm Nữ ES104-01,Chị Dương,4
elio-es104-01-nu,ELIO 26 mm Nữ ES104-01,Ân,5
elio-es104-01-nu,ELIO 26 mm Nữ ES104-01,Trần Văn Quý,5
elio-es104-01-nu,ELIO 26 mm Nữ ES104-01,Mỹ,5
elio-es104-01-nu,ELIO 26 mm Nữ ES104-01,Liên,4
elio-es104-01-nu,ELIO 26 mm Nữ ES104-01,Anh Phúc,4
elio-es104-01-nu,ELIO 26 mm Nữ ES104-01,NGUYỄN VĂN PHÚC,4
smile-kid-sl382-4-tre-em,SMILE KID 34 mm Trẻ em SL382-4,Kim Tuyền,4
smile-kid-sl382-4-tre-em,SMILE KID 34 mm Trẻ em SL382-4,Vo Thanh,5
smile-kid-sl382-4-tre-em,SMILE KID 34 mm Trẻ em SL382-4,Nguyễn Thị Thu Huệ,5
smile-kid-sl382-4-tre-em,SMILE KID 34 mm Trẻ em SL382-4,Thục,5
smile-kid-sl382-4-tre-em,SMILE KID 34 mm Trẻ em SL382-4,Đặng Thị Minh Trúc,5
smile-kid-sl382-4-tre-em,SMILE KID 34 mm Trẻ em SL382-4,Đức,4
smile-kid-sl382-4-tre-em,SMILE KID 34 mm Trẻ em SL382-4,Lê Anh Tuấn,5
smile-kid-sl382-4-tre-em,SMILE KID 34 mm Trẻ em SL382-4,Phương,5
smile-kid-sl382-4-tre-em,SMILE KID 34 mm Trẻ em SL382-4,Anh Đông,5
smile-kid-sl382-4-tre-em,SMILE KID 34 mm Trẻ em SL382-4,Nguyễn Thị Kim Vui,1
smile-kid-sl382-4-tre-em,SMILE KID 34 mm Trẻ em SL382-4,Tạ Thị Ngọc Liên,5
smile-kid-sl382-4-tre-em,SMILE KID 34 mm Trẻ em SL382-4,Thu,5
casio-mtp-vt01b-1budf-nam,CASIO 40 mm Nam MTP-VT01B-1BUDF,Dương Mỹ Lan,4
casio-mtp-vt01b-1budf-nam,CASIO 40 mm Nam MTP-VT01B-1BUDF,HA DONG HAI,5
casio-mtp-vt01b-1budf-nam,CASIO 40 mm Nam MTP-VT01B-1BUDF,Lê Ngọc Hải,5
casio-mtp-vt01b-1budf-nam,CASIO 40 mm Nam MTP-VT01B-1BUDF,Hải,5
elio-el111-02-nu,ELIO 29 mm Nữ EL111-02,Nguyễn Thị Phước,4
elio-el111-02-nu,ELIO 29 mm Nữ EL111-02,Huỳnh Văn Lil,2
elio-el111-02-nu,ELIO 29 mm Nữ EL111-02,Khánh Huyền,4
elio-el111-02-nu,ELIO 29 mm Nữ EL111-02,Hoà,4
elio-el111-02-nu,ELIO 29 mm Nữ EL111-02,C Linh,5
mvw-ms076-02-nam?utm_flashsale=1,MVW 40 mm Nam MS076-02,Lê Thị Thanh Nga,2
mvw-ms076-02-nam?utm_flashsale=1,MVW 40 mm Nam MS076-02,Hoàng Văn Hà,3
mvw-ms076-02-nam?utm_flashsale=1,MVW 40 mm Nam MS076-02,Trường Vũ,3
mvw-ms076-02-nam?utm_flashsale=1,MVW 40 mm Nam MS076-02,Nguyễn Văn Hoài,4
mvw-ms076-02-nam?utm_flashsale=1,MVW 40 mm Nam MS076-02,Đậu Xuân Đức,1
mvw-ms076-02-nam?utm_flashsale=1,MVW 40 mm Nam MS076-02,Dân,4
mvw-ms076-02-nam?utm_flashsale=1,MVW 40 mm Nam MS076-02,Lê,5
mvw-ms076-02-nam?utm_flashsale=1,MVW 40 mm Nam MS076-02,Lê Văn An,5
mvw-ms076-02-nam?utm_flashsale=1,MVW 40 mm Nam MS076-02,Ngọc Diệp,5
mvw-ms076-02-nam?utm_flashsale=1,MVW 40 mm Nam MS076-02,Trần Văn Hiện,5
mvw-ms076-02-nam?utm_flashsale=1,MVW 40 mm Nam MS076-02,Anh Chung,1
mvw-ms076-02-nam?utm_flashsale=1,MVW 40 mm Nam MS076-02,Thạch Ngọc Thal,5
mvw-ms076-02-nam?utm_flashsale=1,MVW 40 mm Nam MS076-02,TRẦN VĂN QUANG,5
mvw-ms076-02-nam?utm_flashsale=1,MVW 40 mm Nam MS076-02,Thành Nam,5
mvw-ms076-02-nam?utm_flashsale=1,MVW 40 mm Nam MS076-02,Anh Long,5
mvw-ms076-02-nam?utm_flashsale=1,MVW 40 mm Nam MS076-02,Nguyễn Văn Bính,5
mvw-ms076-02-nam?utm_flashsale=1,MVW 40 mm Nam MS076-02,Chị Hiền,4
mvw-ms076-02-nam?utm_flashsale=1,MVW 40 mm Nam MS076-02,Nguyễn Đức Khánh,5
mvw-ms076-02-nam?utm_flashsale=1,MVW 40 mm Nam MS076-02,Ngô Thị Thanh Thảo,4
mvw-ms076-02-nam?utm_flashsale=1,MVW 40 mm Nam MS076-02,Thầy Minh Tiến,3
mvw-ms079-01-nam?utm_flashsale=1,MVW 41 mm Nam MS079-01,Duy,1
mvw-ms079-01-nam?utm_flashsale=1,MVW 41 mm Nam MS079-01,Bạch Trường Giang- Anh Hòa,4
mvw-ms079-01-nam?utm_flashsale=1,MVW 41 mm Nam MS079-01,Trương Văn Thanh,1
mvw-ms079-01-nam?utm_flashsale=1,MVW 41 mm Nam MS079-01,Minh,4
mvw-ms079-01-nam?utm_flashsale=1,MVW 41 mm Nam MS079-01,HỒ CÔNG TRỊ,5
mvw-ms079-01-nam?utm_flashsale=1,MVW 41 mm Nam MS079-01,Cao Đạt,5
mvw-ms079-01-nam?utm_flashsale=1,MVW 41 mm Nam MS079-01,Phan Thành Đô,5
mvw-ms079-01-nam?utm_flashsale=1,MVW 41 mm Nam MS079-01,Bùi Trung Hiếu,5
mvw-ms079-01-nam?utm_flashsale=1,MVW 41 mm Nam MS079-01,Võ Minh Đông,5
mvw-ms079-01-nam?utm_flashsale=1,MVW 41 mm Nam MS079-01,NGUYEN THANH BINH,5
mvw-ms079-01-nam?utm_flashsale=1,MVW 41 mm Nam MS079-01,Lương Thùy Dung,4
mvw-ms079-01-nam?utm_flashsale=1,MVW 41 mm Nam MS079-01,Nguyễn Thúy Ngọc,5
elio-el090-04-nu,ELIO 20.5 x 34 mm Nữ EL090-04,Từ Tuyết Nhi,5
elio-el090-04-nu,ELIO 20.5 x 34 mm Nữ EL090-04,Nguyễn Quốc Lê Quân,4
elio-el090-04-nu,ELIO 20.5 x 34 mm Nữ EL090-04,Lang Nhứt Trương,4
elio-el090-04-nu,ELIO 20.5 x 34 mm Nữ EL090-04,Tiên,5
elio-el090-04-nu,ELIO 20.5 x 34 mm Nữ EL090-04,Nguyễn Thị Ngọc Hà,4
elio-el090-04-nu,ELIO 20.5 x 34 mm Nữ EL090-04,Trần Thị Anh Thư,5
elio-el090-04-nu,ELIO 20.5 x 34 mm Nữ EL090-04,Kỳ Diện,5
elio-el090-04-nu,ELIO 20.5 x 34 mm Nữ EL090-04,Dương Thị Mộng Kha,1
elio-el090-04-nu,ELIO 20.5 x 34 mm Nữ EL090-04,Mong Ho Thanh Truc,5
elio-el090-04-nu,ELIO 20.5 x 34 mm Nữ EL090-04,Nguyễn Thị Cẩm Yến,5
elio-el090-04-nu,ELIO 20.5 x 34 mm Nữ EL090-04,Xoan,4
elio-el090-04-nu,ELIO 20.5 x 34 mm Nữ EL090-04,Đồng Thị Dung,3
elio-el090-04-nu,ELIO 20.5 x 34 mm Nữ EL090-04,Chị Hằng,5
elio-el090-04-nu,ELIO 20.5 x 34 mm Nữ EL090-04,Nguyen Thi Kim Tuyen,5
elio-el090-04-nu,ELIO 20.5 x 34 mm Nữ EL090-04,Diễm,5
elio-el090-04-nu,ELIO 20.5 x 34 mm Nữ EL090-04,Hiền,5
elio-el090-04-nu,ELIO 20.5 x 34 mm Nữ EL090-04,Chị Hiếu,4
elio-es127-02-nu,ELIO Flower 29.5 mm Nữ ES127-02,Loan,5
elio-es127-02-nu,ELIO Flower 29.5 mm Nữ ES127-02,Nguyễn Thị Sen,5
elio-es127-02-nu,ELIO Flower 29.5 mm Nữ ES127-02,Hùng,5
elio-es127-02-nu,ELIO Flower 29.5 mm Nữ ES127-02,Trương Thị Ngọc Quí,5
elio-es127-02-nu,ELIO Flower 29.5 mm Nữ ES127-02,Đỗ Lương Bằng,5
elio-es127-02-nu,ELIO Flower 29.5 mm Nữ ES127-02,Huỳnh Tấn Đạt,5
elio-es127-02-nu,ELIO Flower 29.5 mm Nữ ES127-02,Nguyễn Cẩm Vân,4
elio-es127-02-nu,ELIO Flower 29.5 mm Nữ ES127-02,Nguyễn Khánh Vy,5
elio-es127-02-nu,ELIO Flower 29.5 mm Nữ ES127-02,Trần Kim Cang,4
elio-es127-02-nu,ELIO Flower 29.5 mm Nữ ES127-02,Nguyễn Thị Nhân Quyền,5
elio-es127-02-nu,ELIO Flower 29.5 mm Nữ ES127-02,Thanh Hoa,4
nakzen-sl9324gbn-1-nam,NAKZEN 40 mm Nam SL9324GBN-1,Đức,5
elio-el126-01-nu,ELIO 30.5 mm Nữ EL126-01,Phương,4
elio-el126-01-nu,ELIO 30.5 mm Nữ EL126-01,Nguyễn Thị Như Ý,5
elio-el126-01-nu,ELIO 30.5 mm Nữ EL126-01,TRẦN NGỌC TRIỆU,5
elio-el126-01-nu,ELIO 30.5 mm Nữ EL126-01,Quỳnh,5
elio-el126-01-nu,ELIO 30.5 mm Nữ EL126-01,Trần Quang Vinh,4
elio-es131-02-nu,ELIO Ngày có em 32 mm Nữ ES131-02,NGUYỄN THANH KHIÊM,5
elio-es131-02-nu,ELIO Ngày có em 32 mm Nữ ES131-02,Nguyễn Thị Thu Hương,4
elio-es131-02-nu,ELIO Ngày có em 32 mm Nữ ES131-02,NGUYEN HIEN CHUONG,5
elio-es131-02-nu,ELIO Ngày có em 32 mm Nữ ES131-02,Hằng,4
elio-es131-02-nu,ELIO Ngày có em 32 mm Nữ ES131-02,Nguyễn Thị Kim Giang,4
elio-es131-02-nu,ELIO Ngày có em 32 mm Nữ ES131-02,Thuý,5
elio-es134-03-nu?utm_flashsale=1,ELIO 36 mm Nữ ES134-03,Lê Hiếu,5
elio-es134-03-nu?utm_flashsale=1,ELIO 36 mm Nữ ES134-03,Võ Thị Hương Lan,5
elio-es134-03-nu?utm_flashsale=1,ELIO 36 mm Nữ ES134-03,Lê Cao Hồng Nhung,5
elio-es134-03-nu?utm_flashsale=1,ELIO 36 mm Nữ ES134-03,Trần Nguyễn Hoàng Duy,5
elio-es141-01-nu,ELIO 30 mm Nữ ES141-01,Diễm,5
smile-kid-sl122-02-tre-em,SMILE KID 29 mm Trẻ em SL122-02,Chi Nở,5
smile-kid-sl122-02-tre-em,SMILE KID 29 mm Trẻ em SL122-02,Đái Hồng Hà,4
smile-kid-sl122-02-tre-em,SMILE KID 29 mm Trẻ em SL122-02,Chị Hồng,5
smile-kid-sl122-02-tre-em,SMILE KID 29 mm Trẻ em SL122-02,Cô Nguyệt,5
smile-kid-sl122-02-tre-em,SMILE KID 29 mm Trẻ em SL122-02,Nguyễn Gia Dũng,5
smile-kid-sl122-02-tre-em,SMILE KID 29 mm Trẻ em SL122-02,Chị Tươi,4
smile-kid-sl126-01-tre-em,SMILE KID 39 mm Trẻ em SL126-01,Huỳnh Ngọc Quốc,4
smile-kid-sl126-01-tre-em,SMILE KID 39 mm Trẻ em SL126-01,Võ Li Phăng,5
smile-kid-sl126-01-tre-em,SMILE KID 39 mm Trẻ em SL126-01,Trần Hữu Quới,5
smile-kid-sl126-01-tre-em,SMILE KID 39 mm Trẻ em SL126-01,Anh Tuấn,4
smile-kid-sl126-01-tre-em,SMILE KID 39 mm Trẻ em SL126-01,C Hương,5
smile-kid-sl126-01-tre-em,SMILE KID 39 mm Trẻ em SL126-01,Chị Linh,3
smile-kid-sl126-01-tre-em,SMILE KID 39 mm Trẻ em SL126-01,Nguyễn Thị Thanh Loan,5
smile-kid-sl128-01-tre-em,SMILE KID 38 mm Trẻ em SL128-01,Chị Thủy,4
smile-kid-sl128-01-tre-em,SMILE KID 38 mm Trẻ em SL128-01,LÊ THỊ KIM BÔNG,5
smile-kid-sl128-01-tre-em,SMILE KID 38 mm Trẻ em SL128-01,Quyền,4
smile-kid-sl128-01-tre-em,SMILE KID 38 mm Trẻ em SL128-01,Nguyễn Phước Trung,3
smile-kid-sl128-01-tre-em,SMILE KID 38 mm Trẻ em SL128-01,Anh Cáo,5
mvw-star-msa003-02n-nam,MVW Star Automatic 41 mm Nam MSA003-02N,Nguyễn Minh Thuận,1
mvw-star-msa003-02n-nam,MVW Star Automatic 41 mm Nam MSA003-02N,Quang,5
mvw-star-msa003-02n-nam,MVW Star Automatic 41 mm Nam MSA003-02N,LÊ VĂN TOÀN,5
mvw-star-msa003-02n-nam,MVW Star Automatic 41 mm Nam MSA003-02N,Nguyễn Hoàng Sơn,5
mvw-star-msa003-02n-nam,MVW Star Automatic 41 mm Nam MSA003-02N,Anh Huy,5
mvw-star-msa003-02n-nam,MVW Star Automatic 41 mm Nam MSA003-02N,Tây,5
mvw-star-msa003-02n-nam,MVW Star Automatic 41 mm Nam MSA003-02N,Tiên,5
mvw-star-msa003-02n-nam,MVW Star Automatic 41 mm Nam MSA003-02N,Anh Tụ,4
mvw-star-msa003-02n-nam,MVW Star Automatic 41 mm Nam MSA003-02N,170617 Võ Xuân Thành,5
mvw-star-msa003-02n-nam,MVW Star Automatic 41 mm Nam MSA003-02N,Trương Hoàng Vũ,5
mvw-star-msa003-02n-nam,MVW Star Automatic 41 mm Nam MSA003-02N,Nguyễn Hoàng Quốc Khánh,5
mvw-star-msa003-02n-nam,MVW Star Automatic 41 mm Nam MSA003-02N,Nguyễn Xuân Đức Toàn,5
mvw-star-msa003-02n-nam,MVW Star Automatic 41 mm Nam MSA003-02N,Hồ Nhựt Hào,5
mvw-glory-ml080-01-nam?utm_flashsale=1,MVW Glory 43 mm Nam ML080-01,Quan,5
mvw-glory-ml080-01-nam?utm_flashsale=1,MVW Glory 43 mm Nam ML080-01,Võ Hữu Công Thành,5
mvw-glory-ml080-01-nam?utm_flashsale=1,MVW Glory 43 mm Nam ML080-01,Võ Hồng Bảo,5
mvw-glory-ml080-01-nam?utm_flashsale=1,MVW Glory 43 mm Nam ML080-01,Trí,4
mvw-glory-ml080-01-nam?utm_flashsale=1,MVW Glory 43 mm Nam ML080-01,Lê Văn Tấn,5
mvw-glory-ml080-01-nam?utm_flashsale=1,MVW Glory 43 mm Nam ML080-01,Lê Trung,5
mvw-glory-ml080-01-nam?utm_flashsale=1,MVW Glory 43 mm Nam ML080-01,Dinh Trieu,5
mvw-glory-ml080-01-nam?utm_flashsale=1,MVW Glory 43 mm Nam ML080-01,Trần Anh Đoàn,5
mvw-glory-ml080-01-nam?utm_flashsale=1,MVW Glory 43 mm Nam ML080-01,NGUYỄN MINH PHƯƠNG,4
mvw-glory-ml080-01-nam?utm_flashsale=1,MVW Glory 43 mm Nam ML080-01,Quân,3
mvw-glory-ml080-01-nam?utm_flashsale=1,MVW Glory 43 mm Nam ML080-01,PHẠM NGỌC THÙY,5
mvw-glory-ml080-01-nam?utm_flashsale=1,MVW Glory 43 mm Nam ML080-01,,4
mvw-glory-ml080-01-nam?utm_flashsale=1,MVW Glory 43 mm Nam ML080-01,Chị Bích,5
mvw-glory-ml080-01-nam?utm_flashsale=1,MVW Glory 43 mm Nam ML080-01,Tinh,3
mvw-glory-ml080-01-nam?utm_flashsale=1,MVW Glory 43 mm Nam ML080-01,Nguyễn Hoàng Thiện,5
mvw-glory-ml080-01-nam?utm_flashsale=1,MVW Glory 43 mm Nam ML080-01,My,3
mvw-glory-ml080-01-nam?utm_flashsale=1,MVW Glory 43 mm Nam ML080-01,Nguyễn Đức Thanh Vũ,5
mvw-glory-ml080-01-nam?utm_flashsale=1,MVW Glory 43 mm Nam ML080-01,Phạm Trọng Nghĩa,4
mvw-glory-ml080-01-nam?utm_flashsale=1,MVW Glory 43 mm Nam ML080-01,Đào Xuân Tài,4
mvw-glory-ml080-01-nam?utm_flashsale=1,MVW Glory 43 mm Nam ML080-01,Anh Quang,5
mvw-ml078-01-nam?utm_flashsale=1,MVW UT 40 mm Nam ML078-01,Trần Phước Sang,5
mvw-ml078-01-nam?utm_flashsale=1,MVW UT 40 mm Nam ML078-01,Nam,5
mvw-ml078-01-nam?utm_flashsale=1,MVW UT 40 mm Nam ML078-01,Bùi Văn Tiến,5
mvw-ml078-01-nam?utm_flashsale=1,MVW UT 40 mm Nam ML078-01,Nguyên Tu Trinh.,3
mvw-ml078-02-nam?utm_flashsale=1,MVW UT 40 mm Nam ML078-02,Lê Châu Pha,5
casio-ws-1400h-8avdf-nam?utm_flashsale=1,CASIO 44.5 mm Nam WS-1400H-8AVDF,Lại Văn Thi,5
casio-w-219h-1avdf-nam?utm_flashsale=1,CASIO 47.1 mm Nam W-219H-1AVDF,Tài,5
casio-lrw-200h-2evdr-den,CASIO 32 mm Nữ LRW-200H-2EVDR,Phương,5
casio-lrw-200h-2evdr-den,CASIO 32 mm Nữ LRW-200H-2EVDR,Việt Lê,5
casio-lrw-200h-2evdr-den,CASIO 32 mm Nữ LRW-200H-2EVDR,Nguyễn Thị Thắm,4
casio-lrw-200h-2evdr-den,CASIO 32 mm Nữ LRW-200H-2EVDR,Nguyễn Ngọc Thịnh,5
casio-lrw-200h-2evdr-den,CASIO 32 mm Nữ LRW-200H-2EVDR,Thuy Hong,5
casio-lrw-200h-2evdr-den,CASIO 32 mm Nữ LRW-200H-2EVDR,Anh Tam,4
casio-lrw-200h-2evdr-den,CASIO 32 mm Nữ LRW-200H-2EVDR,Mai Thị Huyền Trang,5
g-shock-ga-400gb-1a4dr-den?utm_flashsale=1,G-SHOCK 49.6 mm Nam GA-400GB-1A4DR,Nguyen Van Trung,5
g-shock-ga-400gb-1a4dr-den?utm_flashsale=1,G-SHOCK 49.6 mm Nam GA-400GB-1A4DR,Đinh Văn Tuấn,5
g-shock-ga-400gb-1a4dr-den?utm_flashsale=1,G-SHOCK 49.6 mm Nam GA-400GB-1A4DR,Hồ Văn Khang,4
g-shock-ga-400gb-1a4dr-den?utm_flashsale=1,G-SHOCK 49.6 mm Nam GA-400GB-1A4DR,Phúbẩnxấubẩnmộtnămkhôngtắm,5
g-shock-ga-400gb-1a4dr-den?utm_flashsale=1,G-SHOCK 49.6 mm Nam GA-400GB-1A4DR,Danh Thanh Tiến,5
g-shock-ga-400gb-1a4dr-den?utm_flashsale=1,G-SHOCK 49.6 mm Nam GA-400GB-1A4DR,Đức Thành,5
g-shock-ga-400gb-1a4dr-den?utm_flashsale=1,G-SHOCK 49.6 mm Nam GA-400GB-1A4DR,Nguyen Anh Quan,4
g-shock-ga-400gb-1a4dr-den?utm_flashsale=1,G-SHOCK 49.6 mm Nam GA-400GB-1A4DR,Phương,5
g-shock-ga-400gb-1a4dr-den?utm_flashsale=1,G-SHOCK 49.6 mm Nam GA-400GB-1A4DR,Đức,1
g-shock-ga-400gb-1a4dr-den?utm_flashsale=1,G-SHOCK 49.6 mm Nam GA-400GB-1A4DR,Huỳnh Tấn Đạt,4
g-shock-ga-400gb-1a4dr-den?utm_flashsale=1,G-SHOCK 49.6 mm Nam GA-400GB-1A4DR,A Thạch,4
g-shock-ga-400gb-1a4dr-den?utm_flashsale=1,G-SHOCK 49.6 mm Nam GA-400GB-1A4DR,Anh Lưu,3
dong-ho-nam-citizen-bi5006-81l-xanh?utm_flashsale=1,CITIZEN 39 mm Nam BI5006-81L,Hằng,1
dong-ho-nam-citizen-bi5006-81l-xanh?utm_flashsale=1,CITIZEN 39 mm Nam BI5006-81L,Nguyễn Xuân Sơn,5
dong-ho-nam-citizen-bi5006-81l-xanh?utm_flashsale=1,CITIZEN 39 mm Nam BI5006-81L,Trịnh Xuân Thịnh,4
dong-ho-nam-citizen-bi5006-81l-xanh?utm_flashsale=1,CITIZEN 39 mm Nam BI5006-81L,Trần Đình Thủy,4
dong-ho-nam-citizen-bi5006-81l-xanh?utm_flashsale=1,CITIZEN 39 mm Nam BI5006-81L,Hiệp Ptr,5
dong-ho-nam-citizen-bi5006-81l-xanh?utm_flashsale=1,CITIZEN 39 mm Nam BI5006-81L,Anh Hiểu,3
dong-ho-nam-citizen-bi5006-81l-xanh?utm_flashsale=1,CITIZEN 39 mm Nam BI5006-81L,Tuốch,4
dong-ho-nam-citizen-bi5006-81l-xanh?utm_flashsale=1,CITIZEN 39 mm Nam BI5006-81L,Đặng Ngọc Triệu,4
orient-ra-ag0002s10b-nam-co-tu-dong,ORIENT Bambino 40 mm Nam RA-AG0002S10B,Nguyễn Văn Nhân,5
orient-ra-ag0002s10b-nam-co-tu-dong,ORIENT Bambino 40 mm Nam RA-AG0002S10B,Trần Văn Bảo,5
orient-ra-ag0002s10b-nam-co-tu-dong,ORIENT Bambino 40 mm Nam RA-AG0002S10B,Nguyễn Tưởng,5
orient-ra-ag0002s10b-nam-co-tu-dong,ORIENT Bambino 40 mm Nam RA-AG0002S10B,Nguyễn Hồng Quang,5
orient-ra-ag0002s10b-nam-co-tu-dong,ORIENT Bambino 40 mm Nam RA-AG0002S10B,Đoàn Đức Thắng,1
orient-ra-ag0002s10b-nam-co-tu-dong,ORIENT Bambino 40 mm Nam RA-AG0002S10B,NGUYỄN CƯỜNG LỰC,3
orient-ra-ag0002s10b-nam-co-tu-dong,ORIENT Bambino 40 mm Nam RA-AG0002S10B,Nhat,5
orient-ra-ag0002s10b-nam-co-tu-dong,ORIENT Bambino 40 mm Nam RA-AG0002S10B,Hiếu,1
orient-ra-ag0002s10b-nam-co-tu-dong,ORIENT Bambino 40 mm Nam RA-AG0002S10B,Nguyễn Tùng Dương,5
orient-ra-ag0002s10b-nam-co-tu-dong,ORIENT Bambino 40 mm Nam RA-AG0002S10B,Hoàng Văn Hương,5
orient-ra-ag0002s10b-nam-co-tu-dong,ORIENT Bambino 40 mm Nam RA-AG0002S10B,Hua Van Long,5
casio-ltp-v004l-1audf-nu?utm_flashsale=1,CASIO 30 mm Nữ LTP-V004L-1AUDF,Nga,4
casio-ltp-v004l-1audf-nu?utm_flashsale=1,CASIO 30 mm Nữ LTP-V004L-1AUDF,TRẦN THỊ THÚY NGÂN,5
casio-ltp-v004l-1audf-nu?utm_flashsale=1,CASIO 30 mm Nữ LTP-V004L-1AUDF,Hiệp,4
casio-ltp-v004l-1audf-nu?utm_flashsale=1,CASIO 30 mm Nữ LTP-V004L-1AUDF,Bùi Gia Ngân,5
casio-ltp-v004l-1audf-nu?utm_flashsale=1,CASIO 30 mm Nữ LTP-V004L-1AUDF,Trương Thị Hoài Tuyết,5
casio-ltp-v004l-1audf-nu?utm_flashsale=1,CASIO 30 mm Nữ LTP-V004L-1AUDF,Mã Thị Như Huỳnh,5
casio-ltp-v004l-1audf-nu?utm_flashsale=1,CASIO 30 mm Nữ LTP-V004L-1AUDF,Hoà Bùi,5
casio-ltp-v004l-1audf-nu?utm_flashsale=1,CASIO 30 mm Nữ LTP-V004L-1AUDF,Nguyễn Anh Tuấn,5
casio-ltp-v004l-1audf-nu?utm_flashsale=1,CASIO 30 mm Nữ LTP-V004L-1AUDF,Trinh,5
casio-ltp-v004l-1audf-nu?utm_flashsale=1,CASIO 30 mm Nữ LTP-V004L-1AUDF,Chị Hân,5
casio-ltp-v004l-1audf-nu?utm_flashsale=1,CASIO 30 mm Nữ LTP-V004L-1AUDF,Nguyễn Thế Hùng,5
casio-ltp-v004l-1audf-nu?utm_flashsale=1,CASIO 30 mm Nữ LTP-V004L-1AUDF,Đỗ Hoa,5
casio-ltp-v004l-1audf-nu?utm_flashsale=1,CASIO 30 mm Nữ LTP-V004L-1AUDF,Thắm,5
casio-ltp-v004l-1audf-nu?utm_flashsale=1,CASIO 30 mm Nữ LTP-V004L-1AUDF,Chị Khương,5
casio-ltp-v004l-1audf-nu?utm_flashsale=1,CASIO 30 mm Nữ LTP-V004L-1AUDF,Anh Lộc,4
casio-mtp-1335d-2avdf-nam?utm_flashsale=1,CASIO 38 mm Nam MTP-1335D-2AVDF,A Thảo,5
casio-mtp-1335d-2avdf-nam?utm_flashsale=1,CASIO 38 mm Nam MTP-1335D-2AVDF,Mai,5
casio-mtp-1335d-2avdf-nam?utm_flashsale=1,CASIO 38 mm Nam MTP-1335D-2AVDF,Minh Hoàng,5
casio-mtp-1335d-2avdf-nam?utm_flashsale=1,CASIO 38 mm Nam MTP-1335D-2AVDF,Duy,5
casio-mtp-1335d-2avdf-nam?utm_flashsale=1,CASIO 38 mm Nam MTP-1335D-2AVDF,Công,5
casio-mtp-1335d-2avdf-nam?utm_flashsale=1,CASIO 38 mm Nam MTP-1335D-2AVDF,LÊ QUỐC DŨNG,4
casio-mtp-1335d-2avdf-nam?utm_flashsale=1,CASIO 38 mm Nam MTP-1335D-2AVDF,NGUYEN VAN THI,4
casio-mtp-1335d-2avdf-nam?utm_flashsale=1,CASIO 38 mm Nam MTP-1335D-2AVDF,Trần Thanh Lan,5
casio-mtp-1335d-2avdf-nam?utm_flashsale=1,CASIO 38 mm Nam MTP-1335D-2AVDF,Nguyễn Khoa Cảnh,5
casio-mtp-1335d-2avdf-nam?utm_flashsale=1,CASIO 38 mm Nam MTP-1335D-2AVDF,Trịnh Quốc Bảo Phương,5
casio-mtp-1335d-2avdf-nam?utm_flashsale=1,CASIO 38 mm Nam MTP-1335D-2AVDF,Anh Tín,5
casio-mtp-1335d-2avdf-nam?utm_flashsale=1,CASIO 38 mm Nam MTP-1335D-2AVDF,NguyễN NgọC HảO,5
casio-mtp-1335d-2avdf-nam?utm_flashsale=1,CASIO 38 mm Nam MTP-1335D-2AVDF,Anh Đạt,5
casio-mtp-1335d-2avdf-nam?utm_flashsale=1,CASIO 38 mm Nam MTP-1335D-2AVDF,Trần Đình Chung,4
casio-mtp-1381l-7avdf-nam,CASIO 40 mm Nam MTP-1381L-7AVDF,Nguyễn Phan Long,5
casio-mtp-1381l-7avdf-nam,CASIO 40 mm Nam MTP-1381L-7AVDF,Võ Tấn Phát,4
casio-mtp-1381l-7avdf-nam,CASIO 40 mm Nam MTP-1381L-7AVDF,Bang,4
casio-mtp-1381l-7avdf-nam,CASIO 40 mm Nam MTP-1381L-7AVDF,Hiền Hồ,5
casio-mtp-1381l-7avdf-nam,CASIO 40 mm Nam MTP-1381L-7AVDF,Thành,5
casio-mtp-1381l-7avdf-nam,CASIO 40 mm Nam MTP-1381L-7AVDF,Võ Chí Lưng,5
casio-mtp-1381l-7avdf-nam,CASIO 40 mm Nam MTP-1381L-7AVDF,Hải,5
casio-ltp-v002gl-7budf-nu?utm_flashsale=1,CASIO 25 mm Nữ LTP-V002GL-7BUDF,Lô Thanh Thanh,5
casio-ltp-v002gl-7budf-nu?utm_flashsale=1,CASIO 25 mm Nữ LTP-V002GL-7BUDF,Uyên,5
casio-ltp-v002gl-7budf-nu?utm_flashsale=1,CASIO 25 mm Nữ LTP-V002GL-7BUDF,Anh Tuấn,4
casio-ltp-v002gl-7budf-nu?utm_flashsale=1,CASIO 25 mm Nữ LTP-V002GL-7BUDF,NGUYỄN THỊ LƯU,4
casio-ltp-v002gl-7budf-nu?utm_flashsale=1,CASIO 25 mm Nữ LTP-V002GL-7BUDF,Nguyễn Anh Minh,5
casio-ltp-v002gl-7budf-nu?utm_flashsale=1,CASIO 25 mm Nữ LTP-V002GL-7BUDF,Nguyễn Thị Hồng Thúy,5
casio-ltp-v002gl-7budf-nu?utm_flashsale=1,CASIO 25 mm Nữ LTP-V002GL-7BUDF,Phong,5
casio-ltp-v002gl-7budf-nu?utm_flashsale=1,CASIO 25 mm Nữ LTP-V002GL-7BUDF,Hoài,5
casio-ltp-v002gl-7budf-nu?utm_flashsale=1,CASIO 25 mm Nữ LTP-V002GL-7BUDF,Chị Hồng,3
casio-ltp-v002gl-7budf-nu?utm_flashsale=1,CASIO 25 mm Nữ LTP-V002GL-7BUDF,LÝ THỊ PHƯƠNG HẢO,4
casio-ltp-v002gl-7budf-nu?utm_flashsale=1,CASIO 25 mm Nữ LTP-V002GL-7BUDF,Thành Nhân,5
casio-ltp-v002gl-7budf-nu?utm_flashsale=1,CASIO 25 mm Nữ LTP-V002GL-7BUDF,Nguyễn Văn Minh,5
q-q-m123j001y-nam,Q&Q 48 mm Nam M123J001Y,Trung,5
q-q-m123j001y-nam,Q&Q 48 mm Nam M123J001Y,Anh Quang,3
q-q-m123j001y-nam,Q&Q 48 mm Nam M123J001Y,Hải,5
q-q-m123j001y-nam,Q&Q 48 mm Nam M123J001Y,Trương Văn Hội,5
q-q-m123j001y-nam,Q&Q 48 mm Nam M123J001Y,Chị Ly,5
q-q-m123j001y-nam,Q&Q 48 mm Nam M123J001Y,NGUYỄN VĂN ĐỨC,4
q-q-m123j001y-nam,Q&Q 48 mm Nam M123J001Y,Huỳnh Minh Hải,1
q-q-m123j001y-nam,Q&Q 48 mm Nam M123J001Y,Trần Công Chất,5
q-q-m123j001y-nam,Q&Q 48 mm Nam M123J001Y,LE NHUT TOAN,3
q-q-m123j001y-nam,Q&Q 48 mm Nam M123J001Y,Đào Thị Tiểu Băng,5
q-q-m123j001y-nam,Q&Q 48 mm Nam M123J001Y,Nguyễn Dương Dương,5
q-q-m123j001y-nam,Q&Q 48 mm Nam M123J001Y,Trung,5
q-q-m123j001y-nam,Q&Q 48 mm Nam M123J001Y,Luân,5
q-q-m123j001y-nam,Q&Q 48 mm Nam M123J001Y,Nguyễn Như Yến,4
q-q-m123j001y-nam,Q&Q 48 mm Nam M123J001Y,Đặng Ngọc Hoan,4
q-q-m123j001y-nam,Q&Q 48 mm Nam M123J001Y,Chu Mạnh Hiếu,5
q-q-m123j001y-nam,Q&Q 48 mm Nam M123J001Y,Phạm Thành Mỹ,5
q-q-m123j001y-nam,Q&Q 48 mm Nam M123J001Y,Minh Hiếu,4
q-q-m123j001y-nam,Q&Q 48 mm Nam M123J001Y,Lưu Thị Thu Hà,4
nakzen-sl9006g-7-nam?utm_flashsale=1,NAKZEN 40 mm Nam SL9006G-7,Anh Thương,2
nakzen-sl9006g-7-nam?utm_flashsale=1,NAKZEN 40 mm Nam SL9006G-7,Huỳnh Hồng Ngọc,5
nakzen-sl9006g-7-nam?utm_flashsale=1,NAKZEN 40 mm Nam SL9006G-7,Long,3
nakzen-sl9006g-7-nam?utm_flashsale=1,NAKZEN 40 mm Nam SL9006G-7,Nguyễn Duy Khương,5
nakzen-sl9006g-7-nam?utm_flashsale=1,NAKZEN 40 mm Nam SL9006G-7,Võ Trọng Nghĩa,5
nakzen-sl9006g-7-nam?utm_flashsale=1,NAKZEN 40 mm Nam SL9006G-7,A Tiến,5
nakzen-sl9006g-7-nam?utm_flashsale=1,NAKZEN 40 mm Nam SL9006G-7,Tấn Khang,5
nakzen-sl9006g-7-nam?utm_flashsale=1,NAKZEN 40 mm Nam SL9006G-7,Ngô Quốc Bảo,5
nakzen-sl9006g-7-nam?utm_flashsale=1,NAKZEN 40 mm Nam SL9006G-7,Bảo Trân,5
nakzen-sl9006g-7-nam?utm_flashsale=1,NAKZEN 40 mm Nam SL9006G-7,Dong,4
nakzen-sl4090gbn-7nr-nam?utm_flashsale=1,NAKZEN 39 mm Nam SL4090GBN-7NR,Ngọc,5
nakzen-sl4090gbn-7nr-nam?utm_flashsale=1,NAKZEN 39 mm Nam SL4090GBN-7NR,Nguyễn Văn Nghĩa,4
nakzen-sl4090gbn-7nr-nam?utm_flashsale=1,NAKZEN 39 mm Nam SL4090GBN-7NR,NGUYỄN NGỌC TÂN,5
nakzen-sl4090gbn-7nr-nam?utm_flashsale=1,NAKZEN 39 mm Nam SL4090GBN-7NR,Cô Quy,5
nakzen-sl4090gbn-7nr-nam?utm_flashsale=1,NAKZEN 39 mm Nam SL4090GBN-7NR,Linh,4
nakzen-sl4090gbn-7nr-nam?utm_flashsale=1,NAKZEN 39 mm Nam SL4090GBN-7NR,Phong Trân,5
smile-kid-sl042-01-tre-em,Smile Kid SL042-01 - Trẻ em,Phùng Đức Hận,3
smile-kid-sl042-01-tre-em,Smile Kid SL042-01 - Trẻ em,Nguyễn Ngọc Tín,4
smile-kid-sl042-01-tre-em,Smile Kid SL042-01 - Trẻ em,Cô Thu,4
smile-kid-sl042-01-tre-em,Smile Kid SL042-01 - Trẻ em,Dương Minh Hải,5
smile-kid-sl042-01-tre-em,Smile Kid SL042-01 - Trẻ em,Anh Thành,5
elio-el068-01-nam?utm_flashsale=1,ELIO 40 mm Nam EL068-01,Anh Hùng,5
elio-el068-01-nam?utm_flashsale=1,ELIO 40 mm Nam EL068-01,NGÔ TRỌNG TÂN,5
elio-el068-01-nam?utm_flashsale=1,ELIO 40 mm Nam EL068-01,Chị Phượng,5
elio-el068-01-nam?utm_flashsale=1,ELIO 40 mm Nam EL068-01,Tsần Chức Khinh,5
elio-el068-01-nam?utm_flashsale=1,ELIO 40 mm Nam EL068-01,Tân,1
elio-el068-01-nam?utm_flashsale=1,ELIO 40 mm Nam EL068-01,Hoàng Văn Trung,5
elio-el068-01-nam?utm_flashsale=1,ELIO 40 mm Nam EL068-01,Nguyễn Văn Nghiêm,5
elio-el068-01-nam?utm_flashsale=1,ELIO 40 mm Nam EL068-01,Nguyễn Hoàng Nam,1
elio-el068-01-nam?utm_flashsale=1,ELIO 40 mm Nam EL068-01,Kiểm,5
elio-el068-01-nam?utm_flashsale=1,ELIO 40 mm Nam EL068-01,Nguyễn Văn Út,5
elio-el068-01-nam?utm_flashsale=1,ELIO 40 mm Nam EL068-01,Thái Hữu Luân,5
elio-el068-01-nam?utm_flashsale=1,ELIO 40 mm Nam EL068-01,Bùi Minh Tiên,5
elio-el068-01-nam?utm_flashsale=1,ELIO 40 mm Nam EL068-01,Lương Minh Tuấn,5
elio-el068-01-nam?utm_flashsale=1,ELIO 40 mm Nam EL068-01,Nguyễn Chí Trung,5
elio-el068-01-nam?utm_flashsale=1,ELIO 40 mm Nam EL068-01,Linh,5
elio-es041-01-nu,ELIO Nàng Thơ 30 mm Nữ ES041-01,Hứa My,5
elio-es041-01-nu,ELIO Nàng Thơ 30 mm Nữ ES041-01,Phan Nga,5
elio-es041-01-nu,ELIO Nàng Thơ 30 mm Nữ ES041-01,Chị Hân,5
elio-es041-01-nu,ELIO Nàng Thơ 30 mm Nữ ES041-01,Trần Thị Thu Hà,3
elio-es041-01-nu,ELIO Nàng Thơ 30 mm Nữ ES041-01,HUỲNH THỊ NGỌC SƯƠNG,5
elio-es041-01-nu,ELIO Nàng Thơ 30 mm Nữ ES041-01,Thắm,5
elio-es041-01-nu,ELIO Nàng Thơ 30 mm Nữ ES041-01,ĐOÀN THỤY DUYÊN NGỌC,5
elio-es041-01-nu,ELIO Nàng Thơ 30 mm Nữ ES041-01,Võ Thị Huyền Trang,5
elio-es041-01-nu,ELIO Nàng Thơ 30 mm Nữ ES041-01,Như,5
elio-es041-01-nu,ELIO Nàng Thơ 30 mm Nữ ES041-01,Nhu Y,5
elio-es041-01-nu,ELIO Nàng Thơ 30 mm Nữ ES041-01,Thach Trong Nhân,5
elio-es041-01-nu,ELIO Nàng Thơ 30 mm Nữ ES041-01,Lê Minh Ngọc,5
elio-es041-01-nu,ELIO Nàng Thơ 30 mm Nữ ES041-01,Nguyễn Thị Kim Ngân,4
elio-es041-01-nu,ELIO Nàng Thơ 30 mm Nữ ES041-01,Chị Phương,3
elio-es041-01-nu,ELIO Nàng Thơ 30 mm Nữ ES041-01,Chị Liên,4
elio-es041-01-nu,ELIO Nàng Thơ 30 mm Nữ ES041-01,Nguyễn Thị Diệu Hà,5
elio-es041-01-nu,ELIO Nàng Thơ 30 mm Nữ ES041-01,20767 - Trần Thị Diệu Thúy,5
elio-es041-01-nu,ELIO Nàng Thơ 30 mm Nữ ES041-01,Kim Ánh,4
elio-es041-01-nu,ELIO Nàng Thơ 30 mm Nữ ES041-01,Nguyễn Thị Kim Liên,5
elio-es041-01-nu,ELIO Nàng Thơ 30 mm Nữ ES041-01,Chị Thắm,5
elio-es041-01-nu,ELIO Nàng Thơ 30 mm Nữ ES041-01,Nguyễn Thanh Tư,5
elio-el028-02-nu,ELIO Nắng Xuân 33 mm Nữ EL028-02,Khải,5
elio-el028-02-nu,ELIO Nắng Xuân 33 mm Nữ EL028-02,Bùi Thuý Ngọc,4
elio-el028-02-nu,ELIO Nắng Xuân 33 mm Nữ EL028-02,Trần Viết Mùi,5
elio-el028-02-nu,ELIO Nắng Xuân 33 mm Nữ EL028-02,Trần Thị Kim Thạch,4
elio-el028-02-nu,ELIO Nắng Xuân 33 mm Nữ EL028-02,Võ Minh Kha,5
elio-el028-02-nu,ELIO Nắng Xuân 33 mm Nữ EL028-02,Lưu Bình,5
elio-el028-02-nu,ELIO Nắng Xuân 33 mm Nữ EL028-02,Đoàn Thanh Loan,5
elio-el028-02-nu,ELIO Nắng Xuân 33 mm Nữ EL028-02,Phuong Uyen,5
elio-el028-02-nu,ELIO Nắng Xuân 33 mm Nữ EL028-02,Em Quỳnh,5
elio-el028-02-nu,ELIO Nắng Xuân 33 mm Nữ EL028-02,Phùng Thị Nhung,4
elio-el028-02-nu,ELIO Nắng Xuân 33 mm Nữ EL028-02,NGUYỄN THỊ TRÚC LY,5
elio-el028-02-nu,ELIO Nắng Xuân 33 mm Nữ EL028-02,Nguyễn Thị Sâm,4
elio-el028-02-nu,ELIO Nắng Xuân 33 mm Nữ EL028-02,Quỳnh,5
elio-el028-02-nu,ELIO Nắng Xuân 33 mm Nữ EL028-02,Bé Hường,5
elio-el028-02-nu,ELIO Nắng Xuân 33 mm Nữ EL028-02,Xh,5
elio-el028-02-nu,ELIO Nắng Xuân 33 mm Nữ EL028-02,Sách,5
elio-el028-02-nu,ELIO Nắng Xuân 33 mm Nữ EL028-02,Đỗ Thị Mai Thảo,5
elio-el028-02-nu,ELIO Nắng Xuân 33 mm Nữ EL028-02,Thủy,4
elio-el028-02-nu,ELIO Nắng Xuân 33 mm Nữ EL028-02,Anh Cường,5
elio-el028-02-nu,ELIO Nắng Xuân 33 mm Nữ EL028-02,Nguyễn Thị Bích Liên,4
elio-el028-02-nu,ELIO Nắng Xuân 33 mm Nữ EL028-02,Thêm,4
smile-kid-sl055-01,SMILE KID 34 mm Trẻ em SL055-01,Rơ Ô Pơm,5
smile-kid-sl055-01,SMILE KID 34 mm Trẻ em SL055-01,Nguyễn Văn Hậu,5
smile-kid-sl055-01,SMILE KID 34 mm Trẻ em SL055-01,Diễm Kiều,5
smile-kid-sl055-01,SMILE KID 34 mm Trẻ em SL055-01,Anh,5
smile-kid-sl055-01,SMILE KID 34 mm Trẻ em SL055-01,Vũ Viết Dương,4
smile-kid-sl055-01,SMILE KID 34 mm Trẻ em SL055-01,NGUYEN THI CHAU,4
smile-kid-sl055-01,SMILE KID 34 mm Trẻ em SL055-01,Phương,5
smile-kid-sl055-01,SMILE KID 34 mm Trẻ em SL055-01,Chị Nhi,5
smile-kid-sl055-01,SMILE KID 34 mm Trẻ em SL055-01,Chị Thanh,4
smile-kid-sl055-01,SMILE KID 34 mm Trẻ em SL055-01,Chị Tiên,5
smile-kid-sl055-01,SMILE KID 34 mm Trẻ em SL055-01,Đỗ Thị Nu,5
smile-kid-sl055-01,SMILE KID 34 mm Trẻ em SL055-01,Nguyễn Thị Hải,4
smile-kid-sl055-01,SMILE KID 34 mm Trẻ em SL055-01,Vi,1
smile-kid-sl055-01,SMILE KID 34 mm Trẻ em SL055-01,Lan,5
smile-kid-sl055-01,SMILE KID 34 mm Trẻ em SL055-01,LE THI PHUONG,2
citizen-ak5000-54a-nam,CITIZEN 42 mm Nam AK5000-54A,Nguyễn Thị Lệ Xuân,5
citizen-ak5000-54a-nam,CITIZEN 42 mm Nam AK5000-54A,Nguyễn Mạnh Thắng,5
citizen-ak5000-54a-nam,CITIZEN 42 mm Nam AK5000-54A,Phạm Thành Trường,5
citizen-ak5000-54a-nam,CITIZEN 42 mm Nam AK5000-54A,Lâm,5
mww-ms054-01-nam?utm_flashsale=1,MVW 41 mm Nam MS054-01,Nguyễn Thị Ngọc Ẩn,5
mww-ms054-01-nam?utm_flashsale=1,MVW 41 mm Nam MS054-01,Quách Thanh Phong,5
mww-ms054-01-nam?utm_flashsale=1,MVW 41 mm Nam MS054-01,Lương Nam Trường,5
mww-ms054-01-nam?utm_flashsale=1,MVW 41 mm Nam MS054-01,Thanh Tú,5
mww-ms054-01-nam?utm_flashsale=1,MVW 41 mm Nam MS054-01,Hoàng Thị Thúy Hồng,5
mww-ms054-01-nam?utm_flashsale=1,MVW 41 mm Nam MS054-01,LÊ NGỌC DƯƠNG,4
mww-ms054-01-nam?utm_flashsale=1,MVW 41 mm Nam MS054-01,Tâm,5
mww-ms054-01-nam?utm_flashsale=1,MVW 41 mm Nam MS054-01,LÊ THANH SƠN,2
mww-ms054-01-nam?utm_flashsale=1,MVW 41 mm Nam MS054-01,Phương Nguyễn,4
mww-ms054-01-nam?utm_flashsale=1,MVW 41 mm Nam MS054-01,Nguyễn Phạm Anh Khoa,4
mww-ms054-01-nam?utm_flashsale=1,MVW 41 mm Nam MS054-01,Hoàng My,5
mww-ms054-01-nam?utm_flashsale=1,MVW 41 mm Nam MS054-01,Nụ,5
mww-ms054-01-nam?utm_flashsale=1,MVW 41 mm Nam MS054-01,TRƯƠNG THỊ MỸ NGỌC,5
mww-ms054-01-nam?utm_flashsale=1,MVW 41 mm Nam MS054-01,Mỹ Quý,5
dong-ho-nam-mvw-ms063-02?utm_flashsale=1,MVW 42 mm Nam MS063-02,Khánh,3
dong-ho-nam-mvw-ms063-02?utm_flashsale=1,MVW 42 mm Nam MS063-02,Hoá,4
dong-ho-nam-mvw-ms063-02?utm_flashsale=1,MVW 42 mm Nam MS063-02,Huỳnh Thị Xuân Uyên,3
dong-ho-nam-mvw-ms063-02?utm_flashsale=1,MVW 42 mm Nam MS063-02,Đỗ Văn Khánh,5
dong-ho-nam-mvw-ms063-02?utm_flashsale=1,MVW 42 mm Nam MS063-02,Nguyễn Công Thạnh,5
dong-ho-nam-mvw-ms063-02?utm_flashsale=1,MVW 42 mm Nam MS063-02,Mai Đức Anh,5
dong-ho-nam-mvw-ms063-02?utm_flashsale=1,MVW 42 mm Nam MS063-02,BÙI TRÍ HIẾU,5
dong-ho-nam-mvw-ms063-02?utm_flashsale=1,MVW 42 mm Nam MS063-02,Anh Tuấn,5
dong-ho-nam-mvw-ms063-02?utm_flashsale=1,MVW 42 mm Nam MS063-02,NGUYỄN BÁ VŨ,4
dong-ho-nam-mvw-ms063-02?utm_flashsale=1,MVW 42 mm Nam MS063-02,Tiến,4
dong-ho-nam-mvw-ms063-02?utm_flashsale=1,MVW 42 mm Nam MS063-02,LE KHAC NAM,5
dong-ho-nam-mvw-ms063-02?utm_flashsale=1,MVW 42 mm Nam MS063-02,Thành,3
dong-ho-nam-mvw-ms063-02?utm_flashsale=1,MVW 42 mm Nam MS063-02,Lê Thành Đạt,4
dong-ho-nam-mvw-ms063-02?utm_flashsale=1,MVW 42 mm Nam MS063-02,Thiên Vy,5
dong-ho-nam-mvw-ms063-02?utm_flashsale=1,MVW 42 mm Nam MS063-02,Lê Văn Tấn,4
dong-ho-nam-mvw-ms063-02?utm_flashsale=1,MVW 42 mm Nam MS063-02,Anh Thông,5
mvw-ml058-02-nam,MVW 40 mm Nam ML058-02,Nguyễn Văn Cường,5
mvw-ml058-02-nam,MVW 40 mm Nam ML058-02,NGUYỄN THỊ CÚC,4
mvw-ml058-02-nam,MVW 40 mm Nam ML058-02,Nguyễn Văn Nhẫn,5
mvw-ml058-02-nam,MVW 40 mm Nam ML058-02,NGUYỄN KHẮC VŨ,5
mvw-ml058-02-nam,MVW 40 mm Nam ML058-02,Anh Dũng,3
mvw-ml058-02-nam,MVW 40 mm Nam ML058-02,BE MANH CUONG,4
mvw-ml058-02-nam,MVW 40 mm Nam ML058-02,NGUYỄN MINH PHÁT,3
mvw-ml058-02-nam,MVW 40 mm Nam ML058-02,Nguyen Van Hy,4
mvw-ml058-02-nam,MVW 40 mm Nam ML058-02,Chị Linh,5
mvw-ml058-02-nam,MVW 40 mm Nam ML058-02,Nguyễn Thị Hồng Nhung,4
mvw-ml058-02-nam,MVW 40 mm Nam ML058-02,Anh,4
mvw-ml058-02-nam,MVW 40 mm Nam ML058-02,Cường,5
mvw-ml058-02-nam,MVW 40 mm Nam ML058-02,Hùng,4
mvw-ml058-02-nam,MVW 40 mm Nam ML058-02,Nguyễn Ngọc Đức,5
mvw-ml058-02-nam,MVW 40 mm Nam ML058-02,Hùng,4
mvw-ml058-02-nam,MVW 40 mm Nam ML058-02,Minh Hiếu,5
mvw-ml058-02-nam,MVW 40 mm Nam ML058-02,Võ Thùy Trang,5
mvw-ml058-02-nam,MVW 40 mm Nam ML058-02,Phạm Văn Tú,3
q-q-s279j304y-nu?utm_flashsale=1,Q&Q 30 mm Nữ S279J304Y,Đỗ Khoa Dũng,5
q-q-s279j304y-nu?utm_flashsale=1,Q&Q 30 mm Nữ S279J304Y,Chị Kiều,5
q-q-s279j304y-nu?utm_flashsale=1,Q&Q 30 mm Nữ S279J304Y,Chị Phượng,5
q-q-s279j304y-nu?utm_flashsale=1,Q&Q 30 mm Nữ S279J304Y,Tính,5
q-q-s279j304y-nu?utm_flashsale=1,Q&Q 30 mm Nữ S279J304Y,Nguyễn Chí Thanh,4
q-q-s279j304y-nu?utm_flashsale=1,Q&Q 30 mm Nữ S279J304Y,Võ Nhựt Hào,5
q-q-s279j304y-nu?utm_flashsale=1,Q&Q 30 mm Nữ S279J304Y,Chị Dương,5
q-q-s279j304y-nu?utm_flashsale=1,Q&Q 30 mm Nữ S279J304Y,Trần Thị Ngọc Nở,4
q-q-s279j304y-nu?utm_flashsale=1,Q&Q 30 mm Nữ S279J304Y,Mi,5
q-q-s279j304y-nu?utm_flashsale=1,Q&Q 30 mm Nữ S279J304Y,Tân,3
smile-kid-sl219l-05-tre-em,SMILE KID 39 mm Trẻ em SL219L-05,Nguyễn Quang Hưng,5
smile-kid-sl219l-05-tre-em,SMILE KID 39 mm Trẻ em SL219L-05,Đinh Công Bi,3
smile-kid-sl219l-05-tre-em,SMILE KID 39 mm Trẻ em SL219L-05,Chị Tỉnh,4
smile-kid-sl219l-05-tre-em,SMILE KID 39 mm Trẻ em SL219L-05,Hà Thị Mùi,5
smile-kid-sl219l-05-tre-em,SMILE KID 39 mm Trẻ em SL219L-05,Vy,5
smile-kid-sl219l-05-tre-em,SMILE KID 39 mm Trẻ em SL219L-05,Oanh,4
smile-kid-sl219l-05-tre-em,SMILE KID 39 mm Trẻ em SL219L-05,Bùi Thanh Tuấn,4
smile-kid-sl219l-05-tre-em,SMILE KID 39 mm Trẻ em SL219L-05,Le Minh Tuan,5
smile-kid-sl219l-05-tre-em,SMILE KID 39 mm Trẻ em SL219L-05,Nguyễn Ngọc Hoàng Giang,5
smile-kid-sl219l-05-tre-em,SMILE KID 39 mm Trẻ em SL219L-05,Nguyễn Thị Mỹ Dung,5
smile-kid-sl219l-05-tre-em,SMILE KID 39 mm Trẻ em SL219L-05,Nguyễn Đàm Như Phương,5
smile-kid-sl219l-05-tre-em,SMILE KID 39 mm Trẻ em SL219L-05,TIÊU KIM LOÁN,4
smile-kid-sl381-2-tre-em,SMILE KID 34 mm Trẻ em SL381-2,Huỳnh Tuấn Khương,5
smile-kid-sl381-2-tre-em,SMILE KID 34 mm Trẻ em SL381-2,Chị Thương,5
smile-kid-sl381-2-tre-em,SMILE KID 34 mm Trẻ em SL381-2,Anh Duy,4
smile-kid-sl381-2-tre-em,SMILE KID 34 mm Trẻ em SL381-2,Dương Văn Long,5
smile-kid-sl381-2-tre-em,SMILE KID 34 mm Trẻ em SL381-2,Cam Van Thach,5
smile-kid-sl381-2-tre-em,SMILE KID 34 mm Trẻ em SL381-2,LÊ THỊ THU CÚC,5
smile-kid-sl381-2-tre-em,SMILE KID 34 mm Trẻ em SL381-2,Trần Diễm,5
smile-kid-sl381-2-tre-em,SMILE KID 34 mm Trẻ em SL381-2,Nguyễn Thị Tú Anh,5
smile-kid-sl381-2-tre-em,SMILE KID 34 mm Trẻ em SL381-2,Hoàng,5
smile-kid-sl381-2-tre-em,SMILE KID 34 mm Trẻ em SL381-2,Chị Tám,3
smile-kid-sl381-2-tre-em,SMILE KID 34 mm Trẻ em SL381-2,Chị Liên,3
elio-es113-01-nu,ELIO 33 mm Nữ ES113-01,Nguyễn Thị Ngọc Huyền,3
elio-es113-01-nu,ELIO 33 mm Nữ ES113-01,Nguyễn Văn Chỉ,5
elio-es113-01-nu,ELIO 33 mm Nữ ES113-01,Trần Văn Quyết,1
elio-es113-01-nu,ELIO 33 mm Nữ ES113-01,Nguyễn Trinh,4
elio-es113-01-nu,ELIO 33 mm Nữ ES113-01,Nguyễn Thị Kim Hạnh,4
elio-es113-01-nu,ELIO 33 mm Nữ ES113-01,Lê Thị Trà My,5
elio-es113-01-nu,ELIO 33 mm Nữ ES113-01,Đỗ Thị Hồng Thương,5
elio-es113-01-nu,ELIO 33 mm Nữ ES113-01,Đinh Thị Kim Uyên,5
elio-es113-01-nu,ELIO 33 mm Nữ ES113-01,Trịnh Thị Thu Thủy,5
elio-es113-01-nu,ELIO 33 mm Nữ ES113-01,Hồng Hạnh,4
elio-es113-01-nu,ELIO 33 mm Nữ ES113-01,Anh Nam,5
elio-es113-01-nu,ELIO 33 mm Nữ ES113-01,Nguyễn Hồng Nhung,5
elio-es113-01-nu,ELIO 33 mm Nữ ES113-01,Huỳnh Thư,5
elio-es113-01-nu,ELIO 33 mm Nữ ES113-01,Nguyễn Thanh Lệ,4
elio-el095-01-nu,ELIO 30 mm Nữ EL095-01,Hằng,4
elio-el095-01-nu,ELIO 30 mm Nữ EL095-01,Vỹ,5
elio-el095-01-nu,ELIO 30 mm Nữ EL095-01,Lê Thị Thanh Thúy,5
elio-el095-01-nu,ELIO 30 mm Nữ EL095-01,Lê Thị Ngon,5
elio-el095-01-nu,ELIO 30 mm Nữ EL095-01,C Phương,4
elio-el095-01-nu,ELIO 30 mm Nữ EL095-01,Trần Thị Liễu,5
elio-el095-01-nu,ELIO 30 mm Nữ EL095-01,Lài,5
elio-el095-01-nu,ELIO 30 mm Nữ EL095-01,Quầy Thuốc Phương Linh,5
elio-el095-01-nu,ELIO 30 mm Nữ EL095-01,Chị Phương,4
elio-el095-01-nu,ELIO 30 mm Nữ EL095-01,Chị Hồng,5
elio-el095-01-nu,ELIO 30 mm Nữ EL095-01,Chị Dung,5
elio-el095-01-nu,ELIO 30 mm Nữ EL095-01,Dương Thị Y Huyện,5
elio-el095-01-nu,ELIO 30 mm Nữ EL095-01,Chị Duyên,3
elio-el095-01-nu,ELIO 30 mm Nữ EL095-01,Nguyễn Lê Bảo Phương,5
elio-el095-01-nu,ELIO 30 mm Nữ EL095-01,THU THẢO,5
elio-el095-01-nu,ELIO 30 mm Nữ EL095-01,Nguyễn Thụy Ngọc Huyền,4
elio-el095-01-nu,ELIO 30 mm Nữ EL095-01,Đạt,4
elio-el097-02-nu,ELIO 30 mm Nữ EL097-02,Dương Minh Toàn,5
elio-el097-02-nu,ELIO 30 mm Nữ EL097-02,Nguyễn Ngọc Hiếu,5
elio-el097-02-nu,ELIO 30 mm Nữ EL097-02,Đoàn Phương Thảo,3
elio-el097-02-nu,ELIO 30 mm Nữ EL097-02,Nguyễn Thị Bích Tuyền,5
elio-el097-02-nu,ELIO 30 mm Nữ EL097-02,Đặng Ngọc Thắng,4
elio-el097-02-nu,ELIO 30 mm Nữ EL097-02,Trinh Toàn,5
elio-el097-02-nu,ELIO 30 mm Nữ EL097-02,Bùi Thúy Vy,5
elio-el101-01-nu,ELIO 30 mm Nữ EL101-01,Nguyễn Hữu Nghĩa,4
elio-el101-01-nu,ELIO 30 mm Nữ EL101-01,Hương Thu,5
elio-el101-01-nu,ELIO 30 mm Nữ EL101-01,Hữu Thuận,4
elio-el101-01-nu,ELIO 30 mm Nữ EL101-01,Lê Minh Quốc,5
elio-el101-01-nu,ELIO 30 mm Nữ EL101-01,Lê Thị Huyền Trang,5
elio-el101-01-nu,ELIO 30 mm Nữ EL101-01,Nguyễn Văn Huy,4
elio-el101-01-nu,ELIO 30 mm Nữ EL101-01,Thắm,5
elio-el101-01-nu,ELIO 30 mm Nữ EL101-01,Trang,5
elio-el101-01-nu,ELIO 30 mm Nữ EL101-01,TRẦN THỊ NHIỆM,5
elio-es117-01-nu,ELIO 30 mm Nữ ES117-01,Chị Ngọc Cảnh,5
elio-es117-01-nu,ELIO 30 mm Nữ ES117-01,Anh Hợi,1
elio-es117-01-nu,ELIO 30 mm Nữ ES117-01,Mạnh,4
elio-es117-01-nu,ELIO 30 mm Nữ ES117-01,ĐÀO THỊ KIM THÚY,4
elio-es117-01-nu,ELIO 30 mm Nữ ES117-01,,4
elio-es117-01-nu,ELIO 30 mm Nữ ES117-01,Triệu Thị Trúc Lệ,5
elio-es117-01-nu,ELIO 30 mm Nữ ES117-01,Ta Duy Quang,5
elio-es117-01-nu,ELIO 30 mm Nữ ES117-01,Nguyễn Hữu Tài,5
elio-es117-01-nu,ELIO 30 mm Nữ ES117-01,Diễm Quỳnh,5
elio-es117-01-nu,ELIO 30 mm Nữ ES117-01,Chị Lan,4
elio-el111-01-nu,ELIO 29 mm Nữ EL111-01,Viên,1
elio-el111-01-nu,ELIO 29 mm Nữ EL111-01,Hoàng Thị Tho,4
elio-el111-01-nu,ELIO 29 mm Nữ EL111-01,Nguyễn Thị Hằng,5
elio-el111-01-nu,ELIO 29 mm Nữ EL111-01,Chú Sơn,5
elio-el111-01-nu,ELIO 29 mm Nữ EL111-01,Chị Tâm,3
elio-es123-02-nu,ELIO 35.5 mm Nữ ES123-02,Bùi Trí Bình,4
elio-es123-02-nu,ELIO 35.5 mm Nữ ES123-02,Nguyễn Trần Linh Bảo,5
elio-es123-02-nu,ELIO 35.5 mm Nữ ES123-02,Thịnh,5
elio-es123-02-nu,ELIO 35.5 mm Nữ ES123-02,Chị Nương,4
elio-es123-02-nu,ELIO 35.5 mm Nữ ES123-02,Trâm,5
elio-es123-02-nu,ELIO 35.5 mm Nữ ES123-02,Phạm Duy Tân,4
elio-es123-02-nu,ELIO 35.5 mm Nữ ES123-02,Chị Thanh Nguyên,3
mvw-ml066-01-nam?utm_flashsale=1,MVW Sport 42 mm Nam ML066-01,A Trình,5
mvw-ml066-01-nam?utm_flashsale=1,MVW Sport 42 mm Nam ML066-01,Tăng Phú Sơn,5
mvw-ml066-01-nam?utm_flashsale=1,MVW Sport 42 mm Nam ML066-01,Huỳnh Văn Mười,5
mvw-ml066-01-nam?utm_flashsale=1,MVW Sport 42 mm Nam ML066-01,Chị Linh,5
mvw-ml066-01-nam?utm_flashsale=1,MVW Sport 42 mm Nam ML066-01,Huỳnh Thanh Hằng,3
mvw-ml066-01-nam?utm_flashsale=1,MVW Sport 42 mm Nam ML066-01,Võ Anh Tài,4
mvw-ml066-01-nam?utm_flashsale=1,MVW Sport 42 mm Nam ML066-01,Chị Thủy,4
mvw-ml066-01-nam?utm_flashsale=1,MVW Sport 42 mm Nam ML066-01,Thien Tat Dat,4
mvw-ml066-01-nam?utm_flashsale=1,MVW Sport 42 mm Nam ML066-01,Kiều Oanh,3
mvw-ml066-01-nam?utm_flashsale=1,MVW Sport 42 mm Nam ML066-01,Quang Hoài,5
mvw-ml066-01-nam?utm_flashsale=1,MVW Sport 42 mm Nam ML066-01,PHẠM THẾ NHÂN,5
mvw-ml066-01-nam?utm_flashsale=1,MVW Sport 42 mm Nam ML066-01,Đỗ Minh Quang,5
mvw-ml066-01-nam?utm_flashsale=1,MVW Sport 42 mm Nam ML066-01,Chị Thuỷ,4
mvw-ml066-01-nam?utm_flashsale=1,MVW Sport 42 mm Nam ML066-01,Vũ Thị Thùy Vân,5
mvw-ml066-01-nam?utm_flashsale=1,MVW Sport 42 mm Nam ML066-01,Nguyễn Đình Bảo,5
mvw-ml066-01-nam?utm_flashsale=1,MVW Sport 42 mm Nam ML066-01,Mai Văn Duy,5
mvw-ms079-03-nam?utm_flashsale=1,MVW MS079-03 - Nam,Đoàn Thị Phương Luyến,5
mvw-ms079-03-nam?utm_flashsale=1,MVW MS079-03 - Nam,Anh An,5
mvw-ms079-03-nam?utm_flashsale=1,MVW MS079-03 - Nam,Ngọc,5
mvw-ms079-03-nam?utm_flashsale=1,MVW MS079-03 - Nam,Đăng Luật,4
mvw-ms079-03-nam?utm_flashsale=1,MVW MS079-03 - Nam,Chị Thảo,5
mvw-ms079-03-nam?utm_flashsale=1,MVW MS079-03 - Nam,Lê Thùy Linh,3
mvw-ms079-03-nam?utm_flashsale=1,MVW MS079-03 - Nam,Anh Chiến,3
mvw-ms079-03-nam?utm_flashsale=1,MVW MS079-03 - Nam,Trần Tiến,5
mvw-ms079-03-nam?utm_flashsale=1,MVW MS079-03 - Nam,Phan Thị Phò,5
nakzen-ss8425lbk-1nr-nu,NAKZEN Hoa & Gió 33.6 mm Nữ SS8425LBK-1NR,Chị Linh,5
nakzen-ss8425lbk-1nr-nu,NAKZEN Hoa & Gió 33.6 mm Nữ SS8425LBK-1NR,Chị Liên,4
nakzen-ss8425lbk-1nr-nu,NAKZEN Hoa & Gió 33.6 mm Nữ SS8425LBK-1NR,Chị Nga,1
nakzen-ss8425lbk-1nr-nu,NAKZEN Hoa & Gió 33.6 mm Nữ SS8425LBK-1NR,Đạt,4
nakzen-ss8425lbk-1nr-nu,NAKZEN Hoa & Gió 33.6 mm Nữ SS8425LBK-1NR,Phan Thị Kim Ngân,4
nakzen-ss8425lbk-1nr-nu,NAKZEN Hoa & Gió 33.6 mm Nữ SS8425LBK-1NR,Trương Thanh Tỷ,5
nakzen-ss8425lbk-1nr-nu,NAKZEN Hoa & Gió 33.6 mm Nữ SS8425LBK-1NR,Trần Thị Ngọc Khánh,5
elio-el090-02-nu,ELIO Xmas 20.5 x 34 mm Nữ EL090-02,Khương Duy,5
elio-el090-02-nu,ELIO Xmas 20.5 x 34 mm Nữ EL090-02,Nguyên,3
elio-el090-02-nu,ELIO Xmas 20.5 x 34 mm Nữ EL090-02,Nguyễn Thị Thanh,4
elio-el090-02-nu,ELIO Xmas 20.5 x 34 mm Nữ EL090-02,Phan Quốc Trưởng,5
elio-el090-02-nu,ELIO Xmas 20.5 x 34 mm Nữ EL090-02,Hồng,4
elio-el090-02-nu,ELIO Xmas 20.5 x 34 mm Nữ EL090-02,Chị Bích,5
elio-el090-02-nu,ELIO Xmas 20.5 x 34 mm Nữ EL090-02,Chanh Na,5
elio-el090-03-nu,ELIO 20.5 x 34 mm Nữ EL090-03,Diễm,5
elio-el090-03-nu,ELIO 20.5 x 34 mm Nữ EL090-03,Lò Hải,5
elio-el090-03-nu,ELIO 20.5 x 34 mm Nữ EL090-03,Trang,5
elio-el090-03-nu,ELIO 20.5 x 34 mm Nữ EL090-03,Nga,4
elio-el090-03-nu,ELIO 20.5 x 34 mm Nữ EL090-03,Chị Hoà,4
elio-el090-03-nu,ELIO 20.5 x 34 mm Nữ EL090-03,TỪ MINH PHÚ,4
elio-el119-03-nu,ELIO Flower 28 mm Nữ EL119-03,Phúc,5
elio-el119-03-nu,ELIO Flower 28 mm Nữ EL119-03,Tạ Trường Giang,5
elio-el119-03-nu,ELIO Flower 28 mm Nữ EL119-03,Nguyễn Thị Thanh Nga,5
elio-el119-03-nu,ELIO Flower 28 mm Nữ EL119-03,Nguyễn Xuân May,5
elio-el119-03-nu,ELIO Flower 28 mm Nữ EL119-03,Anh Trọng,4
elio-el119-03-nu,ELIO Flower 28 mm Nữ EL119-03,Phạm Đức Hiếu,4
elio-el119-03-nu,ELIO Flower 28 mm Nữ EL119-03,Phạm Nguyễn Thanh Thảo,4
elio-el119-03-nu,ELIO Flower 28 mm Nữ EL119-03,Trần Nguyễn Anh Thư,4
elio-el120-03-nu,ELIO 25 mm Nữ EL120-03,Chị Tú,4
elio-el120-03-nu,ELIO 25 mm Nữ EL120-03,Chị Hương,4
elio-el120-03-nu,ELIO 25 mm Nữ EL120-03,Đặng Thị Yến,2
elio-el120-03-nu,ELIO 25 mm Nữ EL120-03,Thuý,5
elio-el120-03-nu,ELIO 25 mm Nữ EL120-03,Oanh,4
elio-el120-03-nu,ELIO 25 mm Nữ EL120-03,Trang,4
elio-el120-03-nu,ELIO 25 mm Nữ EL120-03,Hồ Thanh Trực,5
elio-el120-03-nu,ELIO 25 mm Nữ EL120-03,Đinh Thi Truc Ly,5
elio-el121-01-nu,ELIO Flower 33 mm Nữ EL121-01,Nguyễn Văn Lợi,4
elio-el121-01-nu,ELIO Flower 33 mm Nữ EL121-01,Chị Trâm,5
elio-el121-01-nu,ELIO Flower 33 mm Nữ EL121-01,TRẦN THỊ THU THUÝ,5
elio-el121-01-nu,ELIO Flower 33 mm Nữ EL121-01,Chị Khi Na,4
elio-el121-01-nu,ELIO Flower 33 mm Nữ EL121-01,Nguyễn Văn Lợi,5
elio-el121-01-nu,ELIO Flower 33 mm Nữ EL121-01,Trương Hoài Nam,5
elio-el121-01-nu,ELIO Flower 33 mm Nữ EL121-01,211246 - Lê Anh Phương,4
elio-el121-01-nu,ELIO Flower 33 mm Nữ EL121-01,TÔ TẤN Lợi,4
elio-el121-01-nu,ELIO Flower 33 mm Nữ EL121-01,Diễm,5
elio-el121-01-nu,ELIO Flower 33 mm Nữ EL121-01,Thơ,5
elio-el121-01-nu,ELIO Flower 33 mm Nữ EL121-01,Duong Van Hung,5
elio-el121-01-nu,ELIO Flower 33 mm Nữ EL121-01,Đạo,5
elio-el123-01-nu,ELIO Flower 35 mm Nữ EL123-01,TRẦN XUÂN TRÌNH,4
elio-el123-01-nu,ELIO Flower 35 mm Nữ EL123-01,Ngọc,4
citizen-ew2590-85n-nu,CITIZEN 29 mm Nữ EW2590-85N,Mỹ Khánh,5
citizen-ew2590-85n-nu,CITIZEN 29 mm Nữ EW2590-85N,ĐỖ YẾN NHUNG,5
mvw-ml073-01-nam?utm_flashsale=1,MVW 40 mm Nam ML073-01,Nguyễn Ngọc Ân,5
mvw-ml073-01-nam?utm_flashsale=1,MVW 40 mm Nam ML073-01,Đức,3
mvw-ml073-01-nam?utm_flashsale=1,MVW 40 mm Nam ML073-01,Nguyễn Trí Thức,4
mvw-ml073-01-nam?utm_flashsale=1,MVW 40 mm Nam ML073-01,Hiệp Thủ,5
mvw-ml073-01-nam?utm_flashsale=1,MVW 40 mm Nam ML073-01,Anh Hưng,4
mvw-ml073-01-nam?utm_flashsale=1,MVW 40 mm Nam ML073-01,Phùng Văn Út,5
mvw-ml073-01-nam?utm_flashsale=1,MVW 40 mm Nam ML073-01,Nguyễn Bá Long,4
mvw-ml073-01-nam?utm_flashsale=1,MVW 40 mm Nam ML073-01,Lăng Văn Năng,4
mvw-ml073-01-nam?utm_flashsale=1,MVW 40 mm Nam ML073-01,Anh,5
elio-es132-03-nu,ELIO 33.5 mm Nữ ES132-03,Ho Kinh Kinh Doanh Tran Thi Thanh Xuan,4
elio-es132-03-nu,ELIO 33.5 mm Nữ ES132-03,Hồ Huỳnh Thuỷ Tiên,4
elio-es132-03-nu,ELIO 33.5 mm Nữ ES132-03,NGUYEN THANH DUOC,5
elio-es132-03-nu,ELIO 33.5 mm Nữ ES132-03,Phạm Thị Xuân Hương,4
elio-el127-07-nu,ELIO 35.2 mm Nữ EL127-07,NGUYỄN THỊ THÙY LINH,5
elio-el127-07-nu,ELIO 35.2 mm Nữ EL127-07,Chị Nhàn,5
elio-el127-07-nu,ELIO 35.2 mm Nữ EL127-07,Trần Hông Hạnh,4
elio-el127-07-nu,ELIO 35.2 mm Nữ EL127-07,Liên,5
elio-el127-07-nu,ELIO 35.2 mm Nữ EL127-07,Hà Thị Phương,4
elio-el128-01-nu,ELIO Flower 32 mm Nữ EL128-01,Tạ Hồng Quân,5
elio-el128-01-nu,ELIO Flower 32 mm Nữ EL128-01,Chị Hoàng,5
elio-el128-01-nu,ELIO Flower 32 mm Nữ EL128-01,Lê Yến Nguyện,5
elio-el128-01-nu,ELIO Flower 32 mm Nữ EL128-01,Chị Thảo,5
smile-kid-sl122-01-tre-em,SMILE KID 29 mm Trẻ em SL122-01,LÊ VĂN DŨNG,5
smile-kid-sl122-01-tre-em,SMILE KID 29 mm Trẻ em SL122-01,Trần Thị Thu Nhung,4
smile-kid-sl122-01-tre-em,SMILE KID 29 mm Trẻ em SL122-01,NGUYỄN VĂN NHƯ,1
smile-kid-sl122-01-tre-em,SMILE KID 29 mm Trẻ em SL122-01,Phan Thị Vân,5
smile-kid-sl122-01-tre-em,SMILE KID 29 mm Trẻ em SL122-01,Hán,4
smile-kid-sl122-01-tre-em,SMILE KID 29 mm Trẻ em SL122-01,Phan Trung Tín,5
smile-kid-sl122-01-tre-em,SMILE KID 29 mm Trẻ em SL122-01,Hán,5
smile-kid-sl122-01-tre-em,SMILE KID 29 mm Trẻ em SL122-01,Chị Hằng,4
smile-kid-sl122-03-tre-em,SMILE KID 29 mm Trẻ em SL122-03,Chị Giang,5
smile-kid-sl122-03-tre-em,SMILE KID 29 mm Trẻ em SL122-03,Bảo Trân,5
smile-kid-sl122-03-tre-em,SMILE KID 29 mm Trẻ em SL122-03,PHẠM THỊ LỰU,5
smile-kid-sl122-03-tre-em,SMILE KID 29 mm Trẻ em SL122-03,Oanh,5
smile-kid-sl122-03-tre-em,SMILE KID 29 mm Trẻ em SL122-03,THÀNH,4
smile-kid-sl122-03-tre-em,SMILE KID 29 mm Trẻ em SL122-03,Chị Tâm,5
smile-kid-sl122-03-tre-em,SMILE KID 29 mm Trẻ em SL122-03,Huyền,4
smile-kid-sl122-03-tre-em,SMILE KID 29 mm Trẻ em SL122-03,Chú Bính,3
smile-kid-sl130-01-tre-em,SMILE KID 29 mm Trẻ em SL130-01,Hồng Nhung,5
smile-kid-sl130-01-tre-em,SMILE KID 29 mm Trẻ em SL130-01,Chú Dũng,5
smile-kid-sl130-02-tre-em,SMILE KID 29 mm Trẻ em SL130-02,HUYNH THI TRUC LY,5
smile-kid-sl130-02-tre-em,SMILE KID 29 mm Trẻ em SL130-02,Nguyễn Mộng Thu,4
smile-kid-sl130-02-tre-em,SMILE KID 29 mm Trẻ em SL130-02,Trần Thị Huệ,5
smile-kid-sl130-03-tre-em,SMILE KID 29 mm Trẻ em SL130-03,Hà,5
smile-kid-sl130-03-tre-em,SMILE KID 29 mm Trẻ em SL130-03,Nguyễn Hữu Mỹ Duyên,5
smile-kid-sl130-03-tre-em,SMILE KID 29 mm Trẻ em SL130-03,Nguyễn Thị Ngọc Quí,5
smile-kid-sl130-03-tre-em,SMILE KID 29 mm Trẻ em SL130-03,QUÁCH VĂN HIỂN,4
mvw-star-msa003-03n-nam,MVW Star Automatic 41 mm Nam MSA003-03N,Trí Trung,5
mvw-star-msa003-03n-nam,MVW Star Automatic 41 mm Nam MSA003-03N,Trương Hoàng Dinh,2
mvw-star-msa003-03n-nam,MVW Star Automatic 41 mm Nam MSA003-03N,Phạm Hiếu,5
mvw-star-msa003-03n-nam,MVW Star Automatic 41 mm Nam MSA003-03N,Minh Nhật,5
mvw-star-msa003-03n-nam,MVW Star Automatic 41 mm Nam MSA003-03N,Nguyễn Hoàng An,5
mvw-star-msa003-03n-nam,MVW Star Automatic 41 mm Nam MSA003-03N,Nguyễn Duy Linh,4
mvw-star-msa003-03n-nam,MVW Star Automatic 41 mm Nam MSA003-03N,Trương Quốc Dũng,4
mvw-star-msa003-03n-nam,MVW Star Automatic 41 mm Nam MSA003-03N,Bùi Văn Quốc,2
mvw-star-msa003-03n-nam,MVW Star Automatic 41 mm Nam MSA003-03N,Kiên,4
mvw-star-msa003-03n-nam,MVW Star Automatic 41 mm Nam MSA003-03N,Trương Quốc Việt,5
mvw-star-msa003-03n-nam,MVW Star Automatic 41 mm Nam MSA003-03N,Phạm Quốc Việt,5
mvw-star-msa003-03n-nam,MVW Star Automatic 41 mm Nam MSA003-03N,Phạm Thanh Phùng,4
mvw-star-msa003-03n-nam,MVW Star Automatic 41 mm Nam MSA003-03N,Anh Nghĩa,4
mvw-star-msa003-03n-nam,MVW Star Automatic 41 mm Nam MSA003-03N,Trần Nhựt Linh,5
mvw-star-msa003-03n-nam,MVW Star Automatic 41 mm Nam MSA003-03N,Phạm Thị Thanh Vân,5
mvw-star-msa003-03n-nam,MVW Star Automatic 41 mm Nam MSA003-03N,Trần Quốc Khánh,5
mvw-star-msa003-03n-nam,MVW Star Automatic 41 mm Nam MSA003-03N,Phạm Văn Mãi,3
mvw-star-msa003-03n-nam,MVW Star Automatic 41 mm Nam MSA003-03N,THU OANH,4
mvw-star-msa003-03n-nam,MVW Star Automatic 41 mm Nam MSA003-03N,Phạm Thị Hoàng Diệu,4
mvw-star-msa003-03n-nam,MVW Star Automatic 41 mm Nam MSA003-03N,Anh Nga,5
mvw-star-msa003-03n-nam,MVW Star Automatic 41 mm Nam MSA003-03N,Nhất,5
mvw-star-msa003-03n-nam,MVW Star Automatic 41 mm Nam MSA003-03N,Chị Thủy,5
mvw-star-msa003-03n-nam,MVW Star Automatic 41 mm Nam MSA003-03N,Lê Thị Hương Lan,5
mvw-star-msa003-03n-nam,MVW Star Automatic 41 mm Nam MSA003-03N,Trần Nhựt Linh,5
citizen-nh9130-17a-nam,CITIZEN Sunshine and Luna 40 mm Nam NH9130-17A,Long,5
citizen-nh9130-17a-nam,CITIZEN Sunshine and Luna 40 mm Nam NH9130-17A,Duy Khánh,5
mvw-msa088-01-s1-nam,MVW Galaxy 43 mm Nam MSA088-01-S1,Nguyễn Quang Bình,5
mvw-msa088-01-s1-nam,MVW Galaxy 43 mm Nam MSA088-01-S1,Nguyễn Thành Đạt,5
mvw-msa088-01-s1-nam,MVW Galaxy 43 mm Nam MSA088-01-S1,HUỲNH QUANG VỊNH,5
mvw-msa088-01-s1-nam,MVW Galaxy 43 mm Nam MSA088-01-S1,Lê Ngọc Anh,4
mvw-msa088-01-s1-nam,MVW Galaxy 43 mm Nam MSA088-01-S1,HOÀNG BẢO,5
mvw-msa088-01-s1-nam,MVW Galaxy 43 mm Nam MSA088-01-S1,Trần Phú Quý,4
mvw-msa088-01-s1-nam,MVW Galaxy 43 mm Nam MSA088-01-S1,Trần Vũ Minh Hiếu,5
mvw-msca002-01-s3-nam,MVW Galaxy 43 mm Nam MSCA002-01-S3,Nguyễn Thanh Phương,1
mvw-msca002-01-s3-nam,MVW Galaxy 43 mm Nam MSCA002-01-S3,Lê Đình Chinh,1
mvw-msca002-01-s3-nam,MVW Galaxy 43 mm Nam MSCA002-01-S3,Ngoc Anh,1
mvw-msca002-01-s3-nam,MVW Galaxy 43 mm Nam MSCA002-01-S3,Nguyễn Huy Hoàng,2
mvw-msca002-01-s3-nam,MVW Galaxy 43 mm Nam MSCA002-01-S3,Nguyễn Khắc Hùng,2
mvw-msca002-01-s3-nam,MVW Galaxy 43 mm Nam MSCA002-01-S3,Anh Tiến,3
mvw-msca002-01-s3-nam,MVW Galaxy 43 mm Nam MSCA002-01-S3,Phan Duy Hiếu,4
mvw-msca002-01-s3-nam,MVW Galaxy 43 mm Nam MSCA002-01-S3,Trần Bá Duy,1
mvw-msca002-01-s3-nam,MVW Galaxy 43 mm Nam MSCA002-01-S3,Nguyễn Đức Thắng,5
mvw-msca002-01-s3-nam,MVW Galaxy 43 mm Nam MSCA002-01-S3,Tùng Linh,1
mvw-msca002-01-s3-nam,MVW Galaxy 43 mm Nam MSCA002-01-S3,Nguyễn Đức Thắng,5
mvw-msca002-01-s3-nam,MVW Galaxy 43 mm Nam MSCA002-01-S3,Huỳnh Nguyễn Quốc Bảo,4
mvw-msca002-01-s3-nam,MVW Galaxy 43 mm Nam MSCA002-01-S3,Tuấn,5
mvw-msca002-01-s3-nam,MVW Galaxy 43 mm Nam MSCA002-01-S3,Hải,5
mvw-msca002-01-s3-nam,MVW Galaxy 43 mm Nam MSCA002-01-S3,HỒ ĐỨC KHẢI,5
mvw-msca002-01-s3-nam,MVW Galaxy 43 mm Nam MSCA002-01-S3,Hứa Trọng Bằng,2
mvw-msca002-01-s3-nam,MVW Galaxy 43 mm Nam MSCA002-01-S3,Ngần Thanh Phin,5
mvw-msca002-01-s3-nam,MVW Galaxy 43 mm Nam MSCA002-01-S3,Trần Tuấn Anh,4
mvw-msca002-01-s3-nam,MVW Galaxy 43 mm Nam MSCA002-01-S3,Nguyễn Hiếu,5
mvw-msca002-01-s3-nam,MVW Galaxy 43 mm Nam MSCA002-01-S3,Huỳnh Văn Dũng,4
mvw-msca002-01-s3-nam,MVW Galaxy 43 mm Nam MSCA002-01-S3,Nguyễn Hiếu,5
casio-mtp-b145g-9avdf-nam?utm_flashsale=1,CASIO 35 mm Nam MTP-B145G-9AVDF,Võ Tấn Ngọc,5
g-shock-ga-2100vb-1adr-nam?utm_flashsale=1,G-SHOCK 2100 45.4 mm Nam GA-2100VB-1ADR,Bùi Chế Linh,5
casio-w-218hm-5bvdf-nam,CASIO 43.2 mm Nam W-218HM-5BVDF,Nguyễn Thạch Hoàng Tuấn,5
casio-ltp-1094q-1ardf-den,CASIO 23 mm Nữ LTP-1094Q-1ARDF,Trinh,5
casio-ltp-1094q-1ardf-den,CASIO 23 mm Nữ LTP-1094Q-1ARDF,TRẦN THỊ KIM PHỤNG,5
casio-ltp-1094q-1ardf-den,CASIO 23 mm Nữ LTP-1094Q-1ARDF,Chị Ngọc,4
casio-ltp-1094q-1ardf-den,CASIO 23 mm Nữ LTP-1094Q-1ARDF,Nguyễn Tường Vy,4
casio-ltp-1094q-1ardf-den,CASIO 23 mm Nữ LTP-1094Q-1ARDF,NGUYEN BAO NGOC,3
casio-ltp-1094q-1ardf-den,CASIO 23 mm Nữ LTP-1094Q-1ARDF,NGUYEN THI KIM NGOC,5
casio-ltp-1094q-1ardf-den,CASIO 23 mm Nữ LTP-1094Q-1ARDF,Nguyễn Thị Thúy,4
casio-ltp-1094q-1ardf-den,CASIO 23 mm Nữ LTP-1094Q-1ARDF,Nguyễn Tất Tiến,4
casio-ltp-1094q-1ardf-den,CASIO 23 mm Nữ LTP-1094Q-1ARDF,Quách Ái Đào,5
casio-ltp-1094q-7b6rdf-nau?utm_flashsale=1,CASIO 23 mm Nữ LTP-1094Q-7B6RDF,Tuyền,5
casio-ltp-1094q-7b6rdf-nau?utm_flashsale=1,CASIO 23 mm Nữ LTP-1094Q-7B6RDF,Hoang Le Quoc Anh,4
casio-ltp-1094q-7b6rdf-nau?utm_flashsale=1,CASIO 23 mm Nữ LTP-1094Q-7B6RDF,Vinh,1
casio-ltp-1094q-7b6rdf-nau?utm_flashsale=1,CASIO 23 mm Nữ LTP-1094Q-7B6RDF,Phan Thị Thu,1
casio-ltp-1094q-7b6rdf-nau?utm_flashsale=1,CASIO 23 mm Nữ LTP-1094Q-7B6RDF,Hoàng Mạnh Đức,4
casio-ltp-1094q-7b6rdf-nau?utm_flashsale=1,CASIO 23 mm Nữ LTP-1094Q-7B6RDF,Nguyễn Thị Ngọc Anh,4
casio-ltp-1094q-7b6rdf-nau?utm_flashsale=1,CASIO 23 mm Nữ LTP-1094Q-7B6RDF,NGUYỄN THỊ THU SƯƠNG,4
casio-ltp-1094q-7b6rdf-nau?utm_flashsale=1,CASIO 23 mm Nữ LTP-1094Q-7B6RDF,Ng T Mỹ Ngọc,5
casio-ltp-1094q-7b6rdf-nau?utm_flashsale=1,CASIO 23 mm Nữ LTP-1094Q-7B6RDF,Nguyễn Ngọc Như,1
casio-ltp-1094q-7b6rdf-nau?utm_flashsale=1,CASIO 23 mm Nữ LTP-1094Q-7B6RDF,Nguyễn Thị Thu Trang,3
casio-ltp-1094q-7b6rdf-nau?utm_flashsale=1,CASIO 23 mm Nữ LTP-1094Q-7B6RDF,Em Nhung,5
casio-ltp-1094q-7b6rdf-nau?utm_flashsale=1,CASIO 23 mm Nữ LTP-1094Q-7B6RDF,Vũ Thị Thanh Thủy,5
casio-ltp-1094q-7b6rdf-nau?utm_flashsale=1,CASIO 23 mm Nữ LTP-1094Q-7B6RDF,Bùi Thanh Hai,4
casio-ltp-1094q-7b6rdf-nau?utm_flashsale=1,CASIO 23 mm Nữ LTP-1094Q-7B6RDF,C Phượng,5
casio-ltp-1094q-7b6rdf-nau?utm_flashsale=1,CASIO 23 mm Nữ LTP-1094Q-7B6RDF,Thanh,4
casio-ltp-v002l-7b2udf-nau,CASIO 25 mm Nữ LTP-V002L-7B2UDF,Trưởng,4
casio-ltp-v002l-7b2udf-nau,CASIO 25 mm Nữ LTP-V002L-7B2UDF,Lê Vi Anh,5
casio-ltp-v002l-7b2udf-nau,CASIO 25 mm Nữ LTP-V002L-7B2UDF,Trương Ngọc Quỳnh Như,4
casio-ltp-v002l-7b2udf-nau,CASIO 25 mm Nữ LTP-V002L-7B2UDF,Tiền,5
casio-ltp-v002l-7b2udf-nau,CASIO 25 mm Nữ LTP-V002L-7B2UDF,Giang,4
casio-ltp-v002l-7b2udf-nau,CASIO 25 mm Nữ LTP-V002L-7B2UDF,Huỳnh Thị Chân,5
casio-ltp-v002l-7b2udf-nau,CASIO 25 mm Nữ LTP-V002L-7B2UDF,Lê Thị Gấm,5
casio-ltp-v002l-7b2udf-nau,CASIO 25 mm Nữ LTP-V002L-7B2UDF,Trần Thị Vân Thảo,4
casio-ltp-v002l-7b2udf-nau,CASIO 25 mm Nữ LTP-V002L-7B2UDF,Thuong Nguyen,5
casio-ltp-v002l-7b2udf-nau,CASIO 25 mm Nữ LTP-V002L-7B2UDF,Vũ Minh Trí,1
casio-ltp-v002l-7b2udf-nau,CASIO 25 mm Nữ LTP-V002L-7B2UDF,NGUYEN THI CAM TIEN,5
casio-ltp-v002l-7b2udf-nau,CASIO 25 mm Nữ LTP-V002L-7B2UDF,Hiếu,5
casio-ltp-v001d-1budf-bac?utm_flashsale=1,CASIO 25.2 mm Nữ LTP-V001D-1BUDF,Phạm Hữu Khánh,5
casio-ltp-v001d-1budf-bac?utm_flashsale=1,CASIO 25.2 mm Nữ LTP-V001D-1BUDF,Huu Hung,5
casio-ltp-v001d-1budf-bac?utm_flashsale=1,CASIO 25.2 mm Nữ LTP-V001D-1BUDF,Anh Thành,4
casio-ltp-v001d-1budf-bac?utm_flashsale=1,CASIO 25.2 mm Nữ LTP-V001D-1BUDF,ÁNH,5
casio-ltp-v001d-1budf-bac?utm_flashsale=1,CASIO 25.2 mm Nữ LTP-V001D-1BUDF,Dương,5
casio-ltp-v001d-1budf-bac?utm_flashsale=1,CASIO 25.2 mm Nữ LTP-V001D-1BUDF,Lý Tây,2
casio-ltp-v001d-1budf-bac?utm_flashsale=1,CASIO 25.2 mm Nữ LTP-V001D-1BUDF,Nguyễn Thị Lan,4
casio-ltp-v004d-1budf-bac,CASIO 29.8 mm Nữ LTP-V004D-1BUDF,BùI Thị Thu Hương,5
casio-ltp-v004d-1budf-bac,CASIO 29.8 mm Nữ LTP-V004D-1BUDF,Kiều Thúy,4
casio-ltp-v004d-1budf-bac,CASIO 29.8 mm Nữ LTP-V004D-1BUDF,NGUYỄN THỊ HỒNG HẠNH,2
casio-ltp-v004d-1budf-bac,CASIO 29.8 mm Nữ LTP-V004D-1BUDF,Chị Minh,5
casio-ltp-v004d-1budf-bac,CASIO 29.8 mm Nữ LTP-V004D-1BUDF,Nguyễn Hoàng Huy,4
casio-ltp-v004d-1budf-bac,CASIO 29.8 mm Nữ LTP-V004D-1BUDF,BCH CÔNG ĐOÀN CÔNG TY TNHH NAKANO PRECISION,5
casio-ltp-v004d-1budf-bac,CASIO 29.8 mm Nữ LTP-V004D-1BUDF,Nguyễn Hồng Ngọc,5
casio-lrw-200h-4bvdf-trang,CASIO 32.6 mm Nữ LRW-200H-4BVDF,Nguyễn Hoàng Anh Vũ,5
casio-lrw-200h-4bvdf-trang,CASIO 32.6 mm Nữ LRW-200H-4BVDF,Đặng Thị Diễm Hương,5
casio-lrw-200h-4bvdf-trang,CASIO 32.6 mm Nữ LRW-200H-4BVDF,Hoàng Anh,4
casio-lrw-200h-4bvdf-trang,CASIO 32.6 mm Nữ LRW-200H-4BVDF,Kim Phượng,4
casio-lrw-200h-4bvdf-trang,CASIO 32.6 mm Nữ LRW-200H-4BVDF,Toan,5
casio-lrw-200h-4bvdf-trang,CASIO 32.6 mm Nữ LRW-200H-4BVDF,Toan,5
casio-lrw-200h-4bvdf-trang,CASIO 32.6 mm Nữ LRW-200H-4BVDF,Dương Ngọc Phương,5
casio-lrw-200h-4bvdf-trang,CASIO 32.6 mm Nữ LRW-200H-4BVDF,Vo Tuyet Kha,5
casio-lrw-200h-4bvdf-trang,CASIO 32.6 mm Nữ LRW-200H-4BVDF,Trần Phương Linh,5
casio-lrw-200h-4bvdf-trang,CASIO 32.6 mm Nữ LRW-200H-4BVDF,Đỗ Thị Thùy Trang,5
casio-lrw-200h-4bvdf-trang,CASIO 32.6 mm Nữ LRW-200H-4BVDF,Long,5
casio-lrw-200h-7bvdf-trang?utm_flashsale=1,CASIO 33 mm Nữ LRW-200H-7BVDF,Thư,5
casio-lrw-200h-7bvdf-trang?utm_flashsale=1,CASIO 33 mm Nữ LRW-200H-7BVDF,Trần Thị Minh Hương,5
casio-lrw-200h-7bvdf-trang?utm_flashsale=1,CASIO 33 mm Nữ LRW-200H-7BVDF,Nhựt,5
casio-lrw-200h-7bvdf-trang?utm_flashsale=1,CASIO 33 mm Nữ LRW-200H-7BVDF,Võ Thế Duy,1
casio-lrw-200h-7bvdf-trang?utm_flashsale=1,CASIO 33 mm Nữ LRW-200H-7BVDF,Chị Nhung,4
casio-lrw-200h-7bvdf-trang?utm_flashsale=1,CASIO 33 mm Nữ LRW-200H-7BVDF,Chị Tím,2
casio-lrw-200h-7bvdf-trang?utm_flashsale=1,CASIO 33 mm Nữ LRW-200H-7BVDF,Trần Quốc Nam,5
casio-lrw-200h-7bvdf-trang?utm_flashsale=1,CASIO 33 mm Nữ LRW-200H-7BVDF,Trần Trung Hiếu,5
casio-lrw-200h-7bvdf-trang?utm_flashsale=1,CASIO 33 mm Nữ LRW-200H-7BVDF,Anh Phúc,4
casio-lrw-200h-7bvdf-trang?utm_flashsale=1,CASIO 33 mm Nữ LRW-200H-7BVDF,BẠCH THỊ HẰNG,5
casio-lrw-200h-7bvdf-trang?utm_flashsale=1,CASIO 33 mm Nữ LRW-200H-7BVDF,Anh Thái,5
casio-lrw-200h-7bvdf-trang?utm_flashsale=1,CASIO 33 mm Nữ LRW-200H-7BVDF,Anh Khoa,4
casio-lrw-200h-7bvdf-trang?utm_flashsale=1,CASIO 33 mm Nữ LRW-200H-7BVDF,DƯƠNG THỊ TÂM,4
casio-lrw-200h-7bvdf-trang?utm_flashsale=1,CASIO 33 mm Nữ LRW-200H-7BVDF,Nguyễn Phượng,5
edifice-casio-efv-570d-1avudf-bac?utm_flashsale=1,EDIFICE CASIO 42 mm Nam EFV-570D-1AVUDF,Nguyễn Văn Vàng,5
edifice-casio-efv-570d-1avudf-bac?utm_flashsale=1,EDIFICE CASIO 42 mm Nam EFV-570D-1AVUDF,Pham Duy Thanh,5
edifice-casio-efv-570d-1avudf-bac?utm_flashsale=1,EDIFICE CASIO 42 mm Nam EFV-570D-1AVUDF,Lê Tấn Phúc,5
edifice-casio-efv-570d-1avudf-bac?utm_flashsale=1,EDIFICE CASIO 42 mm Nam EFV-570D-1AVUDF,Phạm Ngọc Thân,5
edifice-casio-efv-570d-1avudf-bac?utm_flashsale=1,EDIFICE CASIO 42 mm Nam EFV-570D-1AVUDF,A Thuận,4
edifice-casio-efv-570d-1avudf-bac?utm_flashsale=1,EDIFICE CASIO 42 mm Nam EFV-570D-1AVUDF,Xuân,5
edifice-casio-efv-570d-1avudf-bac?utm_flashsale=1,EDIFICE CASIO 42 mm Nam EFV-570D-1AVUDF,Lê Hữu Duy,5
citizen-bi5072-51e-den?utm_flashsale=1,CITIZEN 40.5 mm Nam BI5072-51E,Trần Duy Khánh,4
citizen-bi5072-51e-den?utm_flashsale=1,CITIZEN 40.5 mm Nam BI5072-51E,Nam,4
citizen-bi5072-51e-den?utm_flashsale=1,CITIZEN 40.5 mm Nam BI5072-51E,Đặng Thắng,1
citizen-bi5072-51e-den?utm_flashsale=1,CITIZEN 40.5 mm Nam BI5072-51E,Tâm,5
citizen-bi5072-51e-den?utm_flashsale=1,CITIZEN 40.5 mm Nam BI5072-51E,Trần Xuân Quân,5
citizen-bi5072-51e-den?utm_flashsale=1,CITIZEN 40.5 mm Nam BI5072-51E,Anh Việt,5
citizen-bi5072-51e-den?utm_flashsale=1,CITIZEN 40.5 mm Nam BI5072-51E,Chú Khiết,5
citizen-nh8350-59a-trang,CITIZEN 40 mm Nam NH8350-59A,Nguyễn Văn Chung,3
citizen-nh8350-59a-trang,CITIZEN 40 mm Nam NH8350-59A,Nguyễn Văn Triều,4
citizen-nh8350-59a-trang,CITIZEN 40 mm Nam NH8350-59A,Tô Thanh Hoàn,4
citizen-nh8350-59a-trang,CITIZEN 40 mm Nam NH8350-59A,Tiêu Nguyên Thảo,5
citizen-nh8350-59a-trang,CITIZEN 40 mm Nam NH8350-59A,Anh Thanh,5
dong-ho-eco-drive-nu-day-kim-loai-citizen-fe6024-5?utm_flashsale=1,CITIZEN 34.5 mm Nữ FE6024-55B,Chị Tuyền,4
dong-ho-eco-drive-nu-day-kim-loai-citizen-fe6024-5?utm_flashsale=1,CITIZEN 34.5 mm Nữ FE6024-55B,Trần Văn Sinh,3
dong-ho-nam-citizen-bi5000-87e,CITIZEN 39 mm Nam BI5000-87E,Khải,5
dong-ho-nam-citizen-bi5000-87e,CITIZEN 39 mm Nam BI5000-87E,Nguyễn Bá Lộc Thiên,5
dong-ho-nam-citizen-bi5000-87e,CITIZEN 39 mm Nam BI5000-87E,Trần Thi Mộng Nhi,5
dong-ho-nam-citizen-bi5000-87e,CITIZEN 39 mm Nam BI5000-87E,Lê Minh Phúc,4
dong-ho-nam-citizen-bi5000-87e,CITIZEN 39 mm Nam BI5000-87E,Lam Son Kha,5
dong-ho-nam-citizen-bi5000-87e,CITIZEN 39 mm Nam BI5000-87E,Anh Dũng,4
dong-ho-nam-citizen-bi5000-87e,CITIZEN 39 mm Nam BI5000-87E,Anh Phượng,1
dong-ho-nam-citizen-bi5000-87e,CITIZEN 39 mm Nam BI5000-87E,Anh Huy,5
dong-ho-nam-citizen-bi5000-87e,CITIZEN 39 mm Nam BI5000-87E,Nguyễn Văn Thông,4
casio-ltp-v004gl-9audf-nu?utm_flashsale=1,CASIO 30.2 mm Nữ LTP-V004GL-9AUDF,Diệu Hằng,5
casio-ltp-v004gl-9audf-nu?utm_flashsale=1,CASIO 30.2 mm Nữ LTP-V004GL-9AUDF,Dương Quang Nghiệp,5
casio-ltp-v004gl-9audf-nu?utm_flashsale=1,CASIO 30.2 mm Nữ LTP-V004GL-9AUDF,Trần Đức Thuận,4
casio-ltp-v004gl-9audf-nu?utm_flashsale=1,CASIO 30.2 mm Nữ LTP-V004GL-9AUDF,Nguyễn Thị Minh Tuyền,5
casio-ltp-v004gl-9audf-nu?utm_flashsale=1,CASIO 30.2 mm Nữ LTP-V004GL-9AUDF,Quế Trân,3
casio-ltp-v004gl-9audf-nu?utm_flashsale=1,CASIO 30.2 mm Nữ LTP-V004GL-9AUDF,Đăng Khoa,5
casio-ltp-v004gl-9audf-nu?utm_flashsale=1,CASIO 30.2 mm Nữ LTP-V004GL-9AUDF,Tuấn,4
casio-ltp-v004gl-9audf-nu?utm_flashsale=1,CASIO 30.2 mm Nữ LTP-V004GL-9AUDF,Nguyễn Hải Đăng,4
casio-ltp-v004gl-9audf-nu?utm_flashsale=1,CASIO 30.2 mm Nữ LTP-V004GL-9AUDF,Anh Tuyền,3
casio-ltp-v004gl-9audf-nu?utm_flashsale=1,CASIO 30.2 mm Nữ LTP-V004GL-9AUDF,Dương Kim Vi,5
casio-ltp-v004gl-9audf-nu?utm_flashsale=1,CASIO 30.2 mm Nữ LTP-V004GL-9AUDF,TRẦN ANH TUẤN,4
casio-ltp-v004gl-9audf-nu?utm_flashsale=1,CASIO 30.2 mm Nữ LTP-V004GL-9AUDF,C Hiếu,4
casio-ltp-v004gl-9audf-nu?utm_flashsale=1,CASIO 30.2 mm Nữ LTP-V004GL-9AUDF,Như Huệ,5
casio-ltp-v004gl-9audf-nu?utm_flashsale=1,CASIO 30.2 mm Nữ LTP-V004GL-9AUDF,A Phước,5
casio-ltp-v004gl-9audf-nu?utm_flashsale=1,CASIO 30.2 mm Nữ LTP-V004GL-9AUDF,Cù Dạ Lý,4
casio-ltp-v004gl-9audf-nu?utm_flashsale=1,CASIO 30.2 mm Nữ LTP-V004GL-9AUDF,Anh Phong,5
casio-ltp-v004gl-9audf-nu?utm_flashsale=1,CASIO 30.2 mm Nữ LTP-V004GL-9AUDF,Phượng,5
casio-ltp-v004gl-9audf-nu?utm_flashsale=1,CASIO 30.2 mm Nữ LTP-V004GL-9AUDF,Đoàn Trọng Nhân,5
casio-ltp-v004gl-9audf-nu?utm_flashsale=1,CASIO 30.2 mm Nữ LTP-V004GL-9AUDF,LÊ THANH HÙNG,5
casio-ltp-v004gl-9audf-nu?utm_flashsale=1,CASIO 30.2 mm Nữ LTP-V004GL-9AUDF,Nguyễn Thị Tuyết Hoa,4
casio-ltp-v004gl-9audf-nu?utm_flashsale=1,CASIO 30.2 mm Nữ LTP-V004GL-9AUDF,Đặng Thụy Hồng Uyên,5
casio-ltp-v004gl-9audf-nu?utm_flashsale=1,CASIO 30.2 mm Nữ LTP-V004GL-9AUDF,Trang,5
casio-ltp-v004gl-9audf-nu?utm_flashsale=1,CASIO 30.2 mm Nữ LTP-V004GL-9AUDF,Hoàng Văn Luật,4
casio-ltp-v004gl-9audf-nu?utm_flashsale=1,CASIO 30.2 mm Nữ LTP-V004GL-9AUDF,Hồ Minh Kỳ,5
casio-ltp-v004gl-9audf-nu?utm_flashsale=1,CASIO 30.2 mm Nữ LTP-V004GL-9AUDF,Ngọc Quý,5
casio-ltp-v004gl-9audf-nu?utm_flashsale=1,CASIO 30.2 mm Nữ LTP-V004GL-9AUDF,Nguyễn Uyên,3
casio-ltp-v004gl-9audf-nu?utm_flashsale=1,CASIO 30.2 mm Nữ LTP-V004GL-9AUDF,Trần Hà,5
casio-ltp-v004gl-9audf-nu?utm_flashsale=1,CASIO 30.2 mm Nữ LTP-V004GL-9AUDF,Hải,4
casio-ltp-v004gl-9audf-nu?utm_flashsale=1,CASIO 30.2 mm Nữ LTP-V004GL-9AUDF,Nguyễn Thanh Tuyết Ngân,5
casio-ltp-v004gl-9audf-nu?utm_flashsale=1,CASIO 30.2 mm Nữ LTP-V004GL-9AUDF,Đường Quý,5
casio-ltp-v004gl-9audf-nu?utm_flashsale=1,CASIO 30.2 mm Nữ LTP-V004GL-9AUDF,Anh Thịnh,5
casio-ltp-v004gl-9audf-nu?utm_flashsale=1,CASIO 30.2 mm Nữ LTP-V004GL-9AUDF,Anh Tiến,5
casio-ltp-v004gl-9audf-nu?utm_flashsale=1,CASIO 30.2 mm Nữ LTP-V004GL-9AUDF,Nguyễn Thị Yến,5
casio-ltp-v004gl-9audf-nu?utm_flashsale=1,CASIO 30.2 mm Nữ LTP-V004GL-9AUDF,Hậu,5
casio-mtp-1183q-9adf-nam?utm_flashsale=1,CASIO 38 mm Nam MTP-1183Q-9ADF,Trang,5
casio-mtp-1183q-9adf-nam?utm_flashsale=1,CASIO 38 mm Nam MTP-1183Q-9ADF,Minh Thuận,4
casio-mtp-1183q-9adf-nam?utm_flashsale=1,CASIO 38 mm Nam MTP-1183Q-9ADF,Lê Trọng Ân,5
casio-mtp-1183q-9adf-nam?utm_flashsale=1,CASIO 38 mm Nam MTP-1183Q-9ADF,Kim Tuyến,1
casio-mtp-1183q-9adf-nam?utm_flashsale=1,CASIO 38 mm Nam MTP-1183Q-9ADF,PHAN THỊ HUYỀN NGA,2
casio-mtp-1183q-9adf-nam?utm_flashsale=1,CASIO 38 mm Nam MTP-1183Q-9ADF,Trần Thùy Linh,5
casio-mtp-1183q-9adf-nam?utm_flashsale=1,CASIO 38 mm Nam MTP-1183Q-9ADF,Nguyễn Thị Yến Duyên,4
casio-mtp-1183q-9adf-nam?utm_flashsale=1,CASIO 38 mm Nam MTP-1183Q-9ADF,Hoàng,3
casio-mtp-1183q-9adf-nam?utm_flashsale=1,CASIO 38 mm Nam MTP-1183Q-9ADF,Trần Thị Khánh Liên,5
casio-mtp-1183q-9adf-nam?utm_flashsale=1,CASIO 38 mm Nam MTP-1183Q-9ADF,169701 - Nguyễn Thị Ngọc Loan,4
casio-mtp-1183q-9adf-nam?utm_flashsale=1,CASIO 38 mm Nam MTP-1183Q-9ADF,Nguyễn Tấn Danh,3
casio-mtp-1183q-9adf-nam?utm_flashsale=1,CASIO 38 mm Nam MTP-1183Q-9ADF,ĐOÀN VĂN HẢI,2
casio-mtp-1183q-9adf-nam?utm_flashsale=1,CASIO 38 mm Nam MTP-1183Q-9ADF,Đức,1
casio-mtp-1183q-9adf-nam?utm_flashsale=1,CASIO 38 mm Nam MTP-1183Q-9ADF,Nguyễn Văn Nhẩn,1
casio-mtp-1183q-9adf-nam?utm_flashsale=1,CASIO 38 mm Nam MTP-1183Q-9ADF,Trần Công Trí,1
casio-mtp-1183q-9adf-nam?utm_flashsale=1,CASIO 38 mm Nam MTP-1183Q-9ADF,Nguyễn Trường,1
casio-mtp-1183q-9adf-nam?utm_flashsale=1,CASIO 38 mm Nam MTP-1183Q-9ADF,Tú,1
casio-mtp-1183q-9adf-nam?utm_flashsale=1,CASIO 38 mm Nam MTP-1183Q-9ADF,Lê Hung,5
casio-mtp-1183q-9adf-nam?utm_flashsale=1,CASIO 38 mm Nam MTP-1183Q-9ADF,Nguyễn Viết Chương,5
casio-mtp-1183q-9adf-nam?utm_flashsale=1,CASIO 38 mm Nam MTP-1183Q-9ADF,Đặng Thị Cẩm Tú,5
casio-mtp-1183q-9adf-nam?utm_flashsale=1,CASIO 38 mm Nam MTP-1183Q-9ADF,Chẩn,4
casio-mtp-1183q-9adf-nam?utm_flashsale=1,CASIO 38 mm Nam MTP-1183Q-9ADF,Trần Thị Khánh Liên,4
edifice-casio-efv-c100d-1avdf-nam?utm_flashsale=1,EDIFICE CASIO 46.6 mm Nam EFV-C100D-1AVDF,Nguyễn Thành Vinh,5
edifice-casio-efv-c100d-1avdf-nam?utm_flashsale=1,EDIFICE CASIO 46.6 mm Nam EFV-C100D-1AVDF,THÁI BÌNH AN,5
edifice-casio-efv-c100d-1avdf-nam?utm_flashsale=1,EDIFICE CASIO 46.6 mm Nam EFV-C100D-1AVDF,Long,4
edifice-casio-efv-c100d-1avdf-nam?utm_flashsale=1,EDIFICE CASIO 46.6 mm Nam EFV-C100D-1AVDF,Nam,4
edifice-casio-efv-c100d-1avdf-nam?utm_flashsale=1,EDIFICE CASIO 46.6 mm Nam EFV-C100D-1AVDF,,5
edifice-casio-efv-c100d-1avdf-nam?utm_flashsale=1,EDIFICE CASIO 46.6 mm Nam EFV-C100D-1AVDF,Hungf,4
edifice-casio-efv-c100d-1avdf-nam?utm_flashsale=1,EDIFICE CASIO 46.6 mm Nam EFV-C100D-1AVDF,Trường,4
edifice-casio-efv-c100d-1avdf-nam?utm_flashsale=1,EDIFICE CASIO 46.6 mm Nam EFV-C100D-1AVDF,Lảm,5
edifice-casio-efv-c100d-1avdf-nam?utm_flashsale=1,EDIFICE CASIO 46.6 mm Nam EFV-C100D-1AVDF,Phạm Tuấn,4
nakzen-ss4051g-1-nam?utm_flashsale=1,NAKZEN Hoa & Gió 40.2 mm Nam SS4051G-1,Hoang Linh,4
nakzen-ss4051g-1-nam?utm_flashsale=1,NAKZEN Hoa & Gió 40.2 mm Nam SS4051G-1,Nguyễn Trung Tính,5
nakzen-ss4051g-1-nam?utm_flashsale=1,NAKZEN Hoa & Gió 40.2 mm Nam SS4051G-1,Trương,5
nakzen-ss4051g-1-nam?utm_flashsale=1,NAKZEN Hoa & Gió 40.2 mm Nam SS4051G-1,Nguyễn Phụ Minh Đạt,4
nakzen-ss4051g-1-nam?utm_flashsale=1,NAKZEN Hoa & Gió 40.2 mm Nam SS4051G-1,Thuỳ Oanh,1
nakzen-ss4051g-1-nam?utm_flashsale=1,NAKZEN Hoa & Gió 40.2 mm Nam SS4051G-1,Sang,5
nakzen-ss4051g-1-nam?utm_flashsale=1,NAKZEN Hoa & Gió 40.2 mm Nam SS4051G-1,Hoàng Công Bảo,5
nakzen-ss4051g-1-nam?utm_flashsale=1,NAKZEN Hoa & Gió 40.2 mm Nam SS4051G-1,Lê Danh,5
nakzen-ss4051g-1-nam?utm_flashsale=1,NAKZEN Hoa & Gió 40.2 mm Nam SS4051G-1,KiWi,5
nakzen-ss4051g-1-nam?utm_flashsale=1,NAKZEN Hoa & Gió 40.2 mm Nam SS4051G-1,Dương Văn Quý,5
elio-es013-01-nu,ELIO 28 mm Nữ ES013-01,Duyen,5
elio-es013-01-nu,ELIO 28 mm Nữ ES013-01,Đinh Phương Thảo,5
elio-es013-01-nu,ELIO 28 mm Nữ ES013-01,LÊ THỊ THÚY VÂN,4
elio-es013-01-nu,ELIO 28 mm Nữ ES013-01,Liên,5
elio-es013-01-nu,ELIO 28 mm Nữ ES013-01,LÊ QUỐC VINH,2
elio-es013-01-nu,ELIO 28 mm Nữ ES013-01,Nguyễn Thị Hạnh,5
elio-es013-01-nu,ELIO 28 mm Nữ ES013-01,Chị Minh,5
elio-es023-c2-nu,ELIO 29 mm Nữ ES023-C2,Nguyễn Thị Anh Thy,4
elio-es023-c2-nu,ELIO 29 mm Nữ ES023-C2,Thanh,4
elio-es023-c2-nu,ELIO 29 mm Nữ ES023-C2,Nguyễn Thị Tuyết,4
elio-es023-c2-nu,ELIO 29 mm Nữ ES023-C2,Thảo,4
elio-es023-c2-nu,ELIO 29 mm Nữ ES023-C2,Chị Tuyến,5
elio-es023-c2-nu,ELIO 29 mm Nữ ES023-C2,Ngọc,5
elio-es023-c2-nu,ELIO 29 mm Nữ ES023-C2,Lý Văn Suol,5
elio-es023-c2-nu,ELIO 29 mm Nữ ES023-C2,Bùi Kim Thanh,5
elio-es023-c2-nu,ELIO 29 mm Nữ ES023-C2,Trung,5
elio-es023-c2-nu,ELIO 29 mm Nữ ES023-C2,Giang,5
elio-es023-c2-nu,ELIO 29 mm Nữ ES023-C2,Chị Ái,4
elio-es023-c2-nu,ELIO 29 mm Nữ ES023-C2,Liên,4
elio-es023-c2-nu,ELIO 29 mm Nữ ES023-C2,A Tiến,1
elio-es023-c2-nu,ELIO 29 mm Nữ ES023-C2,Võ Thị Tầm,4
elio-es023-c2-nu,ELIO 29 mm Nữ ES023-C2,PHAM THI NHU Y,5
elio-es023-c2-nu,ELIO 29 mm Nữ ES023-C2,Chị Bình,5
elio-es023-c2-nu,ELIO 29 mm Nữ ES023-C2,Quốc Cường,5
elio-es023-c2-nu,ELIO 29 mm Nữ ES023-C2,Trinh,4
elio-es023-c2-nu,ELIO 29 mm Nữ ES023-C2,Dương Thị Huyền,4
elio-es027-c2-nu,ELIO 30 mm Nữ ES027-C2,Chị Diệu,4
elio-es027-c2-nu,ELIO 30 mm Nữ ES027-C2,Thuỷ Hà,4
elio-es027-c2-nu,ELIO 30 mm Nữ ES027-C2,Chị Linh,5
elio-es027-c2-nu,ELIO 30 mm Nữ ES027-C2,Chị Phương,5
elio-es027-c2-nu,ELIO 30 mm Nữ ES027-C2,Tran Thi Thu Tam,5
elio-es027-c2-nu,ELIO 30 mm Nữ ES027-C2,Anh Quyết,5
elio-es027-c2-nu,ELIO 30 mm Nữ ES027-C2,Nụ,5
elio-es027-c2-nu,ELIO 30 mm Nữ ES027-C2,Bảo,5
elio-es027-c2-nu,ELIO 30 mm Nữ ES027-C2,Quỳnh,4
elio-es027-c2-nu,ELIO 30 mm Nữ ES027-C2,Việt,5
elio-es027-c2-nu,ELIO 30 mm Nữ ES027-C2,Tuấn,5
elio-es027-c2-nu,ELIO 30 mm Nữ ES027-C2,Nguyễn Thị Cẩm Tú,4
elio-es027-c2-nu,ELIO 30 mm Nữ ES027-C2,Chị Dư,3
elio-es027-c2-nu,ELIO 30 mm Nữ ES027-C2,Khánh Ly,3
elio-es027-c2-nu,ELIO 30 mm Nữ ES027-C2,Phạm Thị Xuân,3
elio-es027-c2-nu,ELIO 30 mm Nữ ES027-C2,Hà Thị Thắm,4
elio-es027-c2-nu,ELIO 30 mm Nữ ES027-C2,Hoàng Thị Nhu,4
elio-es027-c2-nu,ELIO 30 mm Nữ ES027-C2,Lưu Tấn Thành,4
smile-kid-sl022-02-tre-em,SMILE KID 28 mm Trẻ em SL022-02,Nguyễn Hảo,2
smile-kid-sl022-02-tre-em,SMILE KID 28 mm Trẻ em SL022-02,Quy,5
smile-kid-sl022-02-tre-em,SMILE KID 28 mm Trẻ em SL022-02,Anh Phi,4
smile-kid-sl022-02-tre-em,SMILE KID 28 mm Trẻ em SL022-02,NGUYỄN THỊ THANH BÌNH,5
smile-kid-sl022-02-tre-em,SMILE KID 28 mm Trẻ em SL022-02,Hoàng Bá Lực,5
smile-kid-sl022-02-tre-em,SMILE KID 28 mm Trẻ em SL022-02,Lê Định,4
smile-kid-sl022-02-tre-em,SMILE KID 28 mm Trẻ em SL022-02,Chị Dung,4
smile-kid-sl022-02-tre-em,SMILE KID 28 mm Trẻ em SL022-02,Đỗ Trung Kiên,5
smile-kid-sl022-02-tre-em,SMILE KID 28 mm Trẻ em SL022-02,Kim Định,4
smile-kid-sl022-02-tre-em,SMILE KID 28 mm Trẻ em SL022-02,Nguyen Thi Bich Lieu,5
smile-kid-sl022-02-tre-em,SMILE KID 28 mm Trẻ em SL022-02,Châu Ngọc Thảo,4
smile-kid-sl022-02-tre-em,SMILE KID 28 mm Trẻ em SL022-02,Dương Thị Kiều Linh,5
smile-kid-sl022-02-tre-em,SMILE KID 28 mm Trẻ em SL022-02,Chị Hằng,5
smile-kid-sl022-02-tre-em,SMILE KID 28 mm Trẻ em SL022-02,Anh Dần,5
smile-kid-sl022-02-tre-em,SMILE KID 28 mm Trẻ em SL022-02,Trung,4
smile-kid-sl032-01-tre-em,SMILE KID 27 mm Trẻ em SL032-01,Hồng Xuyến,5
smile-kid-sl032-01-tre-em,SMILE KID 27 mm Trẻ em SL032-01,Chú Hùng,5
smile-kid-sl032-01-tre-em,SMILE KID 27 mm Trẻ em SL032-01,Bảo Trân,5
smile-kid-sl032-01-tre-em,SMILE KID 27 mm Trẻ em SL032-01,La Thành Quới,5
smile-kid-sl032-01-tre-em,SMILE KID 27 mm Trẻ em SL032-01,Thím Châu,4
smile-kid-sl032-01-tre-em,SMILE KID 27 mm Trẻ em SL032-01,Huỳnh Thị Hiệu,4
smile-kid-sl032-01-tre-em,SMILE KID 27 mm Trẻ em SL032-01,Huỳnh Thị Hiệu,5
smile-kid-sl032-01-tre-em,SMILE KID 27 mm Trẻ em SL032-01,Chị Thủy Ái,3
elio-el062-01-nam?utm_flashsale=1,ELIO 40 mm Nam EL062-01,NGO VU LINH,1
elio-el062-01-nam?utm_flashsale=1,ELIO 40 mm Nam EL062-01,Ngọc Anh,5
elio-el062-01-nam?utm_flashsale=1,ELIO 40 mm Nam EL062-01,Nguyễn Minh Trung,5
elio-el062-01-nam?utm_flashsale=1,ELIO 40 mm Nam EL062-01,Phong,5
elio-el062-01-nam?utm_flashsale=1,ELIO 40 mm Nam EL062-01,Kiều Trang,3
elio-el062-01-nam?utm_flashsale=1,ELIO 40 mm Nam EL062-01,Đặng Phước Vinh,5
elio-el062-01-nam?utm_flashsale=1,ELIO 40 mm Nam EL062-01,Phạm Văn Hải,5
elio-el062-01-nam?utm_flashsale=1,ELIO 40 mm Nam EL062-01,Nguyễn Thanh Thảo,5
elio-el062-01-nam?utm_flashsale=1,ELIO 40 mm Nam EL062-01,Nguyễn Thị Kim Lan,5
elio-el062-01-nam?utm_flashsale=1,ELIO 40 mm Nam EL062-01,Chi Trân,5
elio-el062-01-nam?utm_flashsale=1,ELIO 40 mm Nam EL062-01,Nam,5
elio-el062-01-nam?utm_flashsale=1,ELIO 40 mm Nam EL062-01,Nguyễn Xuân Hoàng,5
elio-el062-01-nam?utm_flashsale=1,ELIO 40 mm Nam EL062-01,Đỗ Xi Mách,5
elio-el062-01-nam?utm_flashsale=1,ELIO 40 mm Nam EL062-01,Thảo,5
elio-el062-01-nam?utm_flashsale=1,ELIO 40 mm Nam EL062-01,Nguyễn Ngọc Thiện,5
elio-el062-01-nam?utm_flashsale=1,ELIO 40 mm Nam EL062-01,Mai Xuân Hiển,4
elio-el062-01-nam?utm_flashsale=1,ELIO 40 mm Nam EL062-01,Thế Nhân,4
elio-el062-01-nam?utm_flashsale=1,ELIO 40 mm Nam EL062-01,Nguyễn Thị Ngọc Trâm,5
elio-el062-01-nam?utm_flashsale=1,ELIO 40 mm Nam EL062-01,Tài,4
elio-el062-01-nam?utm_flashsale=1,ELIO 40 mm Nam EL062-01,Anh Tuấn,5
elio-el062-01-nam?utm_flashsale=1,ELIO 40 mm Nam EL062-01,Tín,4
elio-el062-01-nam?utm_flashsale=1,ELIO 40 mm Nam EL062-01,Vũ Đình Thế,5
elio-el062-01-nam?utm_flashsale=1,ELIO 40 mm Nam EL062-01,Trần Bá Nhị,2
elio-el062-01-nam?utm_flashsale=1,ELIO 40 mm Nam EL062-01,Thịnh,5
elio-el062-01-nam?utm_flashsale=1,ELIO 40 mm Nam EL062-01,BÙI ANH GIẢN,5
elio-el062-01-nam?utm_flashsale=1,ELIO 40 mm Nam EL062-01,NGÔ VĂN TOÀN,5
elio-el062-01-nam?utm_flashsale=1,ELIO 40 mm Nam EL062-01,Nguyen Trang Thanh,4
elio-el062-01-nam?utm_flashsale=1,ELIO 40 mm Nam EL062-01,Lý Chí Cường,5
elio-el062-01-nam?utm_flashsale=1,ELIO 40 mm Nam EL062-01,Tô Tấn Phong,4
elio-el062-01-nam?utm_flashsale=1,ELIO 40 mm Nam EL062-01,Huỳnh Thanh Sang,5
elio-el025-01-nu,ELIO Nắng Xuân 32 mm Nữ EL025-01,Lê Thành,5
elio-el025-01-nu,ELIO Nắng Xuân 32 mm Nữ EL025-01,Hoang Minh Duy,5
elio-el025-01-nu,ELIO Nắng Xuân 32 mm Nữ EL025-01,Nguyễn Văn Sơn,4
elio-el025-01-nu,ELIO Nắng Xuân 32 mm Nữ EL025-01,Trần Nhựt Minh,4
elio-el025-01-nu,ELIO Nắng Xuân 32 mm Nữ EL025-01,Nguyễn Thị Kiều Anh,4
elio-el025-01-nu,ELIO Nắng Xuân 32 mm Nữ EL025-01,Chị Nụ,5
elio-el025-01-nu,ELIO Nắng Xuân 32 mm Nữ EL025-01,Nguyễn Thị Minh Châu,4
elio-el025-01-nu,ELIO Nắng Xuân 32 mm Nữ EL025-01,Lê Thị Minh Đan,5
elio-el025-01-nu,ELIO Nắng Xuân 32 mm Nữ EL025-01,Trần Đức Ngoan,5
elio-el025-01-nu,ELIO Nắng Xuân 32 mm Nữ EL025-01,Đỗ Văn Vĩnh,5
elio-el025-01-nu,ELIO Nắng Xuân 32 mm Nữ EL025-01,Phan Thị Mộng Thúy,5
elio-el025-01-nu,ELIO Nắng Xuân 32 mm Nữ EL025-01,Chuyên Nguyên,5
elio-el025-01-nu,ELIO Nắng Xuân 32 mm Nữ EL025-01,Thảo,4
elio-el025-01-nu,ELIO Nắng Xuân 32 mm Nữ EL025-01,Minh,5
elio-el025-01-nu,ELIO Nắng Xuân 32 mm Nữ EL025-01,Nguyễn Thị Sơn,5
elio-el025-01-nu,ELIO Nắng Xuân 32 mm Nữ EL025-01,Thanh Thúy,2
elio-el025-01-nu,ELIO Nắng Xuân 32 mm Nữ EL025-01,Hoàng Trung Quân,5
elio-el025-01-nu,ELIO Nắng Xuân 32 mm Nữ EL025-01,Thuận,5
elio-el025-01-nu,ELIO Nắng Xuân 32 mm Nữ EL025-01,PHẠM THỊ PHƯƠNG DUNG,5
elio-el025-01-nu,ELIO Nắng Xuân 32 mm Nữ EL025-01,Lê Thị Thanh Dung,5
elio-el025-01-nu,ELIO Nắng Xuân 32 mm Nữ EL025-01,Huỳnh Phương,5
elio-el025-01-nu,ELIO Nắng Xuân 32 mm Nữ EL025-01,Lê Duy Khương,5
elio-el025-01-nu,ELIO Nắng Xuân 32 mm Nữ EL025-01,Nhung,4
elio-el025-01-nu,ELIO Nắng Xuân 32 mm Nữ EL025-01,Giang,5
elio-el025-01-nu,ELIO Nắng Xuân 32 mm Nữ EL025-01,Sửu,4
elio-el025-01-nu,ELIO Nắng Xuân 32 mm Nữ EL025-01,Vương,5
elio-el025-01-nu,ELIO Nắng Xuân 32 mm Nữ EL025-01,Tâm,3
elio-el025-01-nu,ELIO Nắng Xuân 32 mm Nữ EL025-01,HỒ THỌ,4
elio-el025-01-nu,ELIO Nắng Xuân 32 mm Nữ EL025-01,Nguyen Hang,5
elio-el025-01-nu,ELIO Nắng Xuân 32 mm Nữ EL025-01,NGUYỄN VĂN THẮNG,4
elio-el025-01-nu,ELIO Nắng Xuân 32 mm Nữ EL025-01,Nguyễn Huy Hùng,4
elio-el025-01-nu,ELIO Nắng Xuân 32 mm Nữ EL025-01,Quỳnh Nga,5
elio-el037-01-nu,ELIO Nắng Xuân 28 mm Nữ EL037-01,Duy,5
elio-el037-01-nu,ELIO Nắng Xuân 28 mm Nữ EL037-01,Phạm Thị Ngọc Dư,5
elio-el037-01-nu,ELIO Nắng Xuân 28 mm Nữ EL037-01,Vy,3
elio-el037-01-nu,ELIO Nắng Xuân 28 mm Nữ EL037-01,A Cường,5
elio-el037-01-nu,ELIO Nắng Xuân 28 mm Nữ EL037-01,Quan Huy Bình,5
elio-el037-01-nu,ELIO Nắng Xuân 28 mm Nữ EL037-01,Đình Quân,5
elio-el037-01-nu,ELIO Nắng Xuân 28 mm Nữ EL037-01,Bùi Duy Hiển,4
elio-el037-01-nu,ELIO Nắng Xuân 28 mm Nữ EL037-01,Vũ Mai,5
elio-el037-01-nu,ELIO Nắng Xuân 28 mm Nữ EL037-01,Thu Uyên,5
elio-el037-01-nu,ELIO Nắng Xuân 28 mm Nữ EL037-01,Phim,5
elio-el037-01-nu,ELIO Nắng Xuân 28 mm Nữ EL037-01,Huỳnh Thị Đan Quỳ,5
elio-el037-01-nu,ELIO Nắng Xuân 28 mm Nữ EL037-01,Đặng Hữu Khánh,5
elio-el037-01-nu,ELIO Nắng Xuân 28 mm Nữ EL037-01,Khả Tú,5
elio-el037-01-nu,ELIO Nắng Xuân 28 mm Nữ EL037-01,Nguyễn Xuân Anh,5
elio-el037-01-nu,ELIO Nắng Xuân 28 mm Nữ EL037-01,Minh,5
elio-el037-01-nu,ELIO Nắng Xuân 28 mm Nữ EL037-01,ĐẶNG LÀI PHẾN,1
elio-el037-01-nu,ELIO Nắng Xuân 28 mm Nữ EL037-01,TẠ THỊ NÀNH,4
elio-el037-01-nu,ELIO Nắng Xuân 28 mm Nữ EL037-01,Chị Uyên,3
elio-es058-01-nu,ELIO Nàng Thơ 28 mm Nữ ES058-01,Nguyen Anh Hoa,5
elio-es058-01-nu,ELIO Nàng Thơ 28 mm Nữ ES058-01,Lê Thụy Tuyết Trinh,4
elio-es058-01-nu,ELIO Nàng Thơ 28 mm Nữ ES058-01,Hồ Yến,4
elio-es058-01-nu,ELIO Nàng Thơ 28 mm Nữ ES058-01,Phạm Thu,2
elio-es058-01-nu,ELIO Nàng Thơ 28 mm Nữ ES058-01,Anh Cử,4
elio-es058-01-nu,ELIO Nàng Thơ 28 mm Nữ ES058-01,Anh Hóa,2
elio-es058-01-nu,ELIO Nàng Thơ 28 mm Nữ ES058-01,Chị Hà,4
elio-es058-01-nu,ELIO Nàng Thơ 28 mm Nữ ES058-01,Chị Pha Ly,5
elio-es058-01-nu,ELIO Nàng Thơ 28 mm Nữ ES058-01,NGUYỄN THỊ NGỌC TUYỀN,5
elio-es058-01-nu,ELIO Nàng Thơ 28 mm Nữ ES058-01,Hậu,4
elio-es058-01-nu,ELIO Nàng Thơ 28 mm Nữ ES058-01,Thúy Vi,2
elio-es058-01-nu,ELIO Nàng Thơ 28 mm Nữ ES058-01,Lê Thị Kiều Diểm,5
elio-es058-01-nu,ELIO Nàng Thơ 28 mm Nữ ES058-01,Anh Quyết,5
elio-es058-01-nu,ELIO Nàng Thơ 28 mm Nữ ES058-01,Trần Thanh Toàn,5
elio-es058-01-nu,ELIO Nàng Thơ 28 mm Nữ ES058-01,ĐỖ THỊ THU HÀ,5
elio-es058-01-nu,ELIO Nàng Thơ 28 mm Nữ ES058-01,Như,5
elio-es058-01-nu,ELIO Nàng Thơ 28 mm Nữ ES058-01,Tô Nghị,5
elio-es058-01-nu,ELIO Nàng Thơ 28 mm Nữ ES058-01,Nguyễn Thế Sơn,4
elio-es058-01-nu,ELIO Nàng Thơ 28 mm Nữ ES058-01,PHẠM THỊ HUẾ,5
elio-es058-01-nu,ELIO Nàng Thơ 28 mm Nữ ES058-01,Chị Vy,5
elio-el053-02-nu,ELIO Nàng Thơ 33 mm Nữ EL053-02,Vũ Trọng Quý,5
elio-el053-02-nu,ELIO Nàng Thơ 33 mm Nữ EL053-02,Chị Đào,5
elio-el053-02-nu,ELIO Nàng Thơ 33 mm Nữ EL053-02,LÊ THỊ BÉ,4
elio-el053-02-nu,ELIO Nàng Thơ 33 mm Nữ EL053-02,Chị Na,5
elio-el053-02-nu,ELIO Nàng Thơ 33 mm Nữ EL053-02,NGUYỄN THỊ THẢO NGUYÊN,4
elio-el053-02-nu,ELIO Nàng Thơ 33 mm Nữ EL053-02,Thu Ngân,5
elio-el053-02-nu,ELIO Nàng Thơ 33 mm Nữ EL053-02,Mộng Thảo,5
mvw-ml036-01-nam?utm_flashsale=1,MVW 43 mm Nam ML036-01,Nguyễn Lê Đức Thuan,5
mvw-ml036-01-nam?utm_flashsale=1,MVW 43 mm Nam ML036-01,Phạm Quang Hùng,2
mvw-ml036-01-nam?utm_flashsale=1,MVW 43 mm Nam ML036-01,Nguyễn Ngọc Tiến,5
mvw-ml036-01-nam?utm_flashsale=1,MVW 43 mm Nam ML036-01,Trần Văn Tuyến,5
mvw-ml036-01-nam?utm_flashsale=1,MVW 43 mm Nam ML036-01,Hoàng Anh,5
mvw-ml036-01-nam?utm_flashsale=1,MVW 43 mm Nam ML036-01,Anh Câng,5
mvw-ml036-01-nam?utm_flashsale=1,MVW 43 mm Nam ML036-01,Vuong Thanh Vu,5
mvw-ml036-01-nam?utm_flashsale=1,MVW 43 mm Nam ML036-01,Phan Hào Nam,5
mvw-ml036-01-nam?utm_flashsale=1,MVW 43 mm Nam ML036-01,Huỳnh Minh Trung,5
mvw-ml036-01-nam?utm_flashsale=1,MVW 43 mm Nam ML036-01,Quyền,5
mvw-ml036-01-nam?utm_flashsale=1,MVW 43 mm Nam ML036-01,Đắc,4
mvw-ml036-01-nam?utm_flashsale=1,MVW 43 mm Nam ML036-01,ALĂNG THỊ KÓT,5
mvw-ml036-01-nam?utm_flashsale=1,MVW 43 mm Nam ML036-01,BÙI QUỐC PHONG,5
mvw-ml036-01-nam?utm_flashsale=1,MVW 43 mm Nam ML036-01,Anh Nam,4
mvw-ml036-01-nam?utm_flashsale=1,MVW 43 mm Nam ML036-01,Hoàng Xuân Tiệp,4
mvw-ml036-01-nam?utm_flashsale=1,MVW 43 mm Nam ML036-01,Kiên,5
dong-ho-nam-mvw-ms072-01?utm_flashsale=1,MVW Yally 43 mm Nam MS072-01,Út,5
dong-ho-nam-mvw-ms072-01?utm_flashsale=1,MVW Yally 43 mm Nam MS072-01,Chú Anh,5
dong-ho-nam-mvw-ms072-01?utm_flashsale=1,MVW Yally 43 mm Nam MS072-01,Nguyễn Ngọc Thanh,5
dong-ho-nam-mvw-ms072-01?utm_flashsale=1,MVW Yally 43 mm Nam MS072-01,Bùi Cao Thịnh,4
dong-ho-nam-mvw-ms072-01?utm_flashsale=1,MVW Yally 43 mm Nam MS072-01,Truong Minh Nhat Cuong,5
dong-ho-nam-mvw-ms072-01?utm_flashsale=1,MVW Yally 43 mm Nam MS072-01,Văn Minh Trung,5
dong-ho-nam-mvw-ms072-01?utm_flashsale=1,MVW Yally 43 mm Nam MS072-01,Anh Đài,5
dong-ho-nam-mvw-ms072-01?utm_flashsale=1,MVW Yally 43 mm Nam MS072-01,Anh Chạy,4
dong-ho-nam-mvw-ms072-01?utm_flashsale=1,MVW Yally 43 mm Nam MS072-01,Trung,3
dong-ho-nam-mvw-ms072-01?utm_flashsale=1,MVW Yally 43 mm Nam MS072-01,Lê Bảo Nguyên,5
dong-ho-nam-mvw-ms072-01?utm_flashsale=1,MVW Yally 43 mm Nam MS072-01,Nguyễn Hữu Quốc Thịnh,4
dong-ho-nam-mvw-ms072-01?utm_flashsale=1,MVW Yally 43 mm Nam MS072-01,Thoa,5
dong-ho-nam-mvw-ms072-01?utm_flashsale=1,MVW Yally 43 mm Nam MS072-01,Thu Hồng,5
dong-ho-nam-mvw-ms072-01?utm_flashsale=1,MVW Yally 43 mm Nam MS072-01,Phan Duy Khánh,5
smile-kid-sl219lm-1-tre-em,SMILE KID 39 mm Trẻ em SL219LM-1,Vương Thanh Thưởng,4
smile-kid-sl219lm-1-tre-em,SMILE KID 39 mm Trẻ em SL219LM-1,Chị Dung,4
smile-kid-sl219lm-1-tre-em,SMILE KID 39 mm Trẻ em SL219LM-1,Nguyễn Đình Điền,4
smile-kid-sl219lm-1-tre-em,SMILE KID 39 mm Trẻ em SL219LM-1,TÔN TRỌNG NGHĨA,5
smile-kid-sl219lm-1-tre-em,SMILE KID 39 mm Trẻ em SL219LM-1,Khương,5
smile-kid-sl219lm-1-tre-em,SMILE KID 39 mm Trẻ em SL219LM-1,Nguyễn Thị Dương Trinh,5
smile-kid-sl219lm-1-tre-em,SMILE KID 39 mm Trẻ em SL219LM-1,Anh Tý,4
smile-kid-sl219lm-1-tre-em,SMILE KID 39 mm Trẻ em SL219LM-1,Chị Hoà,4
smile-kid-sl219lm-1-tre-em,SMILE KID 39 mm Trẻ em SL219LM-1,Đỗ Thanh Ngọc,1
elio-ec012-02-nu,ELIO 30 mm Nữ EC012-02,Lê Thành Trung,4
elio-ec012-02-nu,ELIO 30 mm Nữ EC012-02,Chị Tâm,5
elio-ec012-02-nu,ELIO 30 mm Nữ EC012-02,Huy,5
elio-ec012-02-nu,ELIO 30 mm Nữ EC012-02,Cẩm Lượng,5
elio-ec012-02-nu,ELIO 30 mm Nữ EC012-02,Minh Khởi,4
elio-ec012-02-nu,ELIO 30 mm Nữ EC012-02,Huyền,5
elio-ec012-02-nu,ELIO 30 mm Nữ EC012-02,Chị Ngọc,4
elio-ec012-02-nu,ELIO 30 mm Nữ EC012-02,Nga,5
elio-ec012-02-nu,ELIO 30 mm Nữ EC012-02,Nga,5
elio-ec012-02-nu,ELIO 30 mm Nữ EC012-02,Minh Thiện,5
elio-ec012-02-nu,ELIO 30 mm Nữ EC012-02,Le Van Ngoc,4
elio-ec012-02-nu,ELIO 30 mm Nữ EC012-02,Tran Thị Ánh Nhung,4
smile-kid-sl094-01-tre-em?utm_flashsale=1,SMILE KID 31 mm Trẻ em SL094-01,Nguyễn Vũ Huy,1
smile-kid-sl094-01-tre-em?utm_flashsale=1,SMILE KID 31 mm Trẻ em SL094-01,Trang,5
smile-kid-sl094-01-tre-em?utm_flashsale=1,SMILE KID 31 mm Trẻ em SL094-01,Huỳnh Minh Trung,5
smile-kid-sl094-01-tre-em?utm_flashsale=1,SMILE KID 31 mm Trẻ em SL094-01,Vo Thanh,3
smile-kid-sl094-01-tre-em?utm_flashsale=1,SMILE KID 31 mm Trẻ em SL094-01,Võ Thị Hồng Thắm,5
smile-kid-sl094-01-tre-em?utm_flashsale=1,SMILE KID 31 mm Trẻ em SL094-01,Nguyễn Hoàng Nhân,5
smile-kid-sl094-01-tre-em?utm_flashsale=1,SMILE KID 31 mm Trẻ em SL094-01,Phúc,5
smile-kid-sl094-01-tre-em?utm_flashsale=1,SMILE KID 31 mm Trẻ em SL094-01,Anh Chung,4
smile-kid-sl094-01-tre-em?utm_flashsale=1,SMILE KID 31 mm Trẻ em SL094-01,Nguyễn Thị Kim Hằng,5
smile-kid-sl094-01-tre-em?utm_flashsale=1,SMILE KID 31 mm Trẻ em SL094-01,Vo Thi Anh Thy,3
smile-kid-sl094-01-tre-em?utm_flashsale=1,SMILE KID 31 mm Trẻ em SL094-01,Vân,5
smile-kid-sl094-01-tre-em?utm_flashsale=1,SMILE KID 31 mm Trẻ em SL094-01,Chị Thuỷ,4
smile-kid-sl099-01-tre-em,SMILE KID 31 mm Trẻ em SL099-01,Nguyễn Hoàng Linh,4
smile-kid-sl099-01-tre-em,SMILE KID 31 mm Trẻ em SL099-01,Vũ Thị Lan,5
smile-kid-sl099-01-tre-em,SMILE KID 31 mm Trẻ em SL099-01,Nhi,4
smile-kid-sl099-01-tre-em,SMILE KID 31 mm Trẻ em SL099-01,NGUYỄN NGỌC DUYÊN,5
smile-kid-sl099-01-tre-em,SMILE KID 31 mm Trẻ em SL099-01,ĐỖ HOÀNG VÕ,4
smile-kid-sl099-01-tre-em,SMILE KID 31 mm Trẻ em SL099-01,Anh Cao,5
elio-el106-02-nam?utm_flashsale=1,ELIO 43 mm Nam EL106-02,Tuan,5
elio-el106-02-nam?utm_flashsale=1,ELIO 43 mm Nam EL106-02,Anh Hùng,5
elio-el106-02-nam?utm_flashsale=1,ELIO 43 mm Nam EL106-02,Tô Nhựt Bạn,5
elio-el106-02-nam?utm_flashsale=1,ELIO 43 mm Nam EL106-02,Đỗ Hiệp Anh Tuấn,5
elio-el106-02-nam?utm_flashsale=1,ELIO 43 mm Nam EL106-02,Vũ Ngọc Tân,4
elio-el091-01-nu,ELIO 30 mm Nữ EL091-01,Mai Huyen,5
elio-el091-01-nu,ELIO 30 mm Nữ EL091-01,34001 - Nguyễn Anh Tuấn,5
elio-el091-01-nu,ELIO 30 mm Nữ EL091-01,Bùi Đức Tuấn,5
elio-el091-01-nu,ELIO 30 mm Nữ EL091-01,Trần Linh,5
elio-el091-01-nu,ELIO 30 mm Nữ EL091-01,Nguyễn Thị Kim Thuỷ,5
elio-el091-01-nu,ELIO 30 mm Nữ EL091-01,Bé,5
elio-el091-01-nu,ELIO 30 mm Nữ EL091-01,Số,5
elio-el091-01-nu,ELIO 30 mm Nữ EL091-01,Ninh Đức Hoà,4
elio-el091-01-nu,ELIO 30 mm Nữ EL091-01,Lê Thị Thảo Nguyên,4
elio-el091-01-nu,ELIO 30 mm Nữ EL091-01,Anh Duy,5
elio-el091-01-nu,ELIO 30 mm Nữ EL091-01,Khang,5
elio-el091-01-nu,ELIO 30 mm Nữ EL091-01,Nguyên Thi Bích,5
elio-es111-01-nu,ELIO Flower 28 mm Nữ ES111-01,Trương Mỹ Linh,5
elio-es111-01-nu,ELIO Flower 28 mm Nữ ES111-01,Anh Quân,5
elio-es111-01-nu,ELIO Flower 28 mm Nữ ES111-01,Chị Khôi,4
elio-es111-01-nu,ELIO Flower 28 mm Nữ ES111-01,Lâm Hoài Hiền,5
elio-es111-01-nu,ELIO Flower 28 mm Nữ ES111-01,Trúc Thương,4
elio-es111-01-nu,ELIO Flower 28 mm Nữ ES111-01,Em Linh,5
elio-es111-01-nu,ELIO Flower 28 mm Nữ ES111-01,Lê Minh Băng Nguyên,2
elio-el097-01-nu,ELIO 30 mm Nữ EL097-01,Phượng,5
elio-el097-01-nu,ELIO 30 mm Nữ EL097-01,Chị Thuỷ,4
elio-el097-01-nu,ELIO 30 mm Nữ EL097-01,Anh Công Toàn,5
elio-el097-01-nu,ELIO 30 mm Nữ EL097-01,Thúy Loan,5
elio-el097-01-nu,ELIO 30 mm Nữ EL097-01,Lâm Thị Bảo Phương,5
elio-el101-02-nu,ELIO 30 mm Nữ EL101-02,Nguyen Văn Hảo,4
elio-el101-02-nu,ELIO 30 mm Nữ EL101-02,Diễm My,5
elio-el101-02-nu,ELIO 30 mm Nữ EL101-02,34001 - Nguyễn Anh Tuấn,5
elio-el101-02-nu,ELIO 30 mm Nữ EL101-02,Ngô Thị Ngọc Đỉnh,5
elio-el101-02-nu,ELIO 30 mm Nữ EL101-02,Diễm Trinh,5
elio-el101-02-nu,ELIO 30 mm Nữ EL101-02,C Thuý,5
elio-el101-02-nu,ELIO 30 mm Nữ EL101-02,Trần Thị Mỹ Hương,5
elio-el101-02-nu,ELIO 30 mm Nữ EL101-02,C Liễu,5
elio-el101-02-nu,ELIO 30 mm Nữ EL101-02,Tài Đặng,5
elio-el101-02-nu,ELIO 30 mm Nữ EL101-02,Mỹ Trang,5
elio-el101-02-nu,ELIO 30 mm Nữ EL101-02,Huỳnh Thị Ngọc Huyền,5
elio-el101-02-nu,ELIO 30 mm Nữ EL101-02,Thành,5
elio-el101-02-nu,ELIO 30 mm Nữ EL101-02,Sang,5
elio-el101-02-nu,ELIO 30 mm Nữ EL101-02,Chị Vân,4
elio-el102-01-nu,ELIO 32 mm Nữ EL102-01,Chị Quyết,5
elio-el102-01-nu,ELIO 32 mm Nữ EL102-01,Nguyễn Thiều Như Ý,2
elio-el102-01-nu,ELIO 32 mm Nữ EL102-01,TRẦN YẾN NGỌC,5
elio-el102-01-nu,ELIO 32 mm Nữ EL102-01,Phường,5
elio-el102-01-nu,ELIO 32 mm Nữ EL102-01,Chị Nhi,5
elio-el102-01-nu,ELIO 32 mm Nữ EL102-01,Khánh Nguyễn Hoàng Duy Khánh,3
elio-el102-01-nu,ELIO 32 mm Nữ EL102-01,Phạm Thanh Minh,4
elio-el102-01-nu,ELIO 32 mm Nữ EL102-01,Lê Sĩ Thanh,3
elio-el102-01-nu,ELIO 32 mm Nữ EL102-01,Hoài Thu,4
elio-el102-01-nu,ELIO 32 mm Nữ EL102-01,Quang,5
elio-el102-01-nu,ELIO 32 mm Nữ EL102-01,Hằng,4
elio-el105-02-nu,ELIO Flower 35 mm Nữ EL105-02,Lò Văn Thuận,5
elio-el105-02-nu,ELIO Flower 35 mm Nữ EL105-02,Duy,5
elio-el105-02-nu,ELIO Flower 35 mm Nữ EL105-02,Chị Tuyết,4
elio-el105-02-nu,ELIO Flower 35 mm Nữ EL105-02,Chị Hiệp,4
elio-el105-02-nu,ELIO Flower 35 mm Nữ EL105-02,Tống Phước Vân Anh,5
elio-el105-02-nu,ELIO Flower 35 mm Nữ EL105-02,Chị Hà,4
elio-el105-02-nu,ELIO Flower 35 mm Nữ EL105-02,Phạm Đăng Khoa,5
elio-el105-02-nu,ELIO Flower 35 mm Nữ EL105-02,NGUYỄN THỊ THIÊN HÀ,5
elio-el105-02-nu,ELIO Flower 35 mm Nữ EL105-02,Phong,5
elio-el105-02-nu,ELIO Flower 35 mm Nữ EL105-02,Hồ Hoàng Hưởng,4
mvw-ml069-01-nam?utm_flashsale=1,MVW 42 mm Nam ML069-01,Anh Chiến,5
mvw-ml069-01-nam?utm_flashsale=1,MVW 42 mm Nam ML069-01,Chị Thảo,4
mvw-ml069-01-nam?utm_flashsale=1,MVW 42 mm Nam ML069-01,TRẦN ANH TUẤN,4
mvw-ml069-01-nam?utm_flashsale=1,MVW 42 mm Nam ML069-01,Nam,5
mvw-ml069-01-nam?utm_flashsale=1,MVW 42 mm Nam ML069-01,Huỳnh Tâm,3
mvw-ml069-01-nam?utm_flashsale=1,MVW 42 mm Nam ML069-01,Lê Kim Chí Vỹ,5
mvw-ml069-01-nam?utm_flashsale=1,MVW 42 mm Nam ML069-01,Tú,4
mvw-ml069-01-nam?utm_flashsale=1,MVW 42 mm Nam ML069-01,Phạm Ngọc Cảnh,4
mvw-ml069-01-nam?utm_flashsale=1,MVW 42 mm Nam ML069-01,Phạm Hải,5
mvw-ml069-01-nam?utm_flashsale=1,MVW 42 mm Nam ML069-01,TRẦN QUỐC TUẤN,5
casio-ltp-1094q-9ardf-nu?utm_flashsale=1,CASIO 23 mm Nữ LTP-1094Q-9ARDF,Nguyễn Đăng Cương,4
casio-ltp-1094q-9ardf-nu?utm_flashsale=1,CASIO 23 mm Nữ LTP-1094Q-9ARDF,Quý,4
casio-ltp-1094q-9ardf-nu?utm_flashsale=1,CASIO 23 mm Nữ LTP-1094Q-9ARDF,BÙI THỊ NGỌC ANH,3
casio-ltp-1094q-9ardf-nu?utm_flashsale=1,CASIO 23 mm Nữ LTP-1094Q-9ARDF,Đặng Kiều Tiên,3
casio-ltp-1094q-9ardf-nu?utm_flashsale=1,CASIO 23 mm Nữ LTP-1094Q-9ARDF,Chị Nhung,5
casio-ltp-1094q-9ardf-nu?utm_flashsale=1,CASIO 23 mm Nữ LTP-1094Q-9ARDF,Ngọc Dung,5
casio-ltp-1094q-9ardf-nu?utm_flashsale=1,CASIO 23 mm Nữ LTP-1094Q-9ARDF,CHỊ THÚY,4
casio-ltp-1094q-9ardf-nu?utm_flashsale=1,CASIO 23 mm Nữ LTP-1094Q-9ARDF,Mok,5
casio-ltp-v004l-1budf-nu,CASIO 30.2 mm Nữ LTP-V004L-1BUDF,Lê Hồng Tiến,5
casio-ltp-v004l-1budf-nu,CASIO 30.2 mm Nữ LTP-V004L-1BUDF,Vũ Thị Dung,5
casio-ltp-v004l-1budf-nu,CASIO 30.2 mm Nữ LTP-V004L-1BUDF,Triệu Thị Ngân,5
casio-ltp-v004l-1budf-nu,CASIO 30.2 mm Nữ LTP-V004L-1BUDF,Quang,5
casio-ltp-v004l-1budf-nu,CASIO 30.2 mm Nữ LTP-V004L-1BUDF,Hoàng Ny,4
casio-ltp-v004l-1budf-nu,CASIO 30.2 mm Nữ LTP-V004L-1BUDF,Lý Thị Bậu,5
casio-ltp-v004l-1budf-nu,CASIO 30.2 mm Nữ LTP-V004L-1BUDF,Truc,5
casio-ltp-v004l-1budf-nu,CASIO 30.2 mm Nữ LTP-V004L-1BUDF,TRUONG QUOC MY,4
casio-ltp-v004l-1budf-nu,CASIO 30.2 mm Nữ LTP-V004L-1BUDF,Võ Thị Ngọc Quí,5
elio-el120-02-nu,ELIO 25 mm Nữ EL120-02,Nguyễn Huy Phúc,2
elio-el120-02-nu,ELIO 25 mm Nữ EL120-02,Trần Văn Nghiệp,1
elio-el120-02-nu,ELIO 25 mm Nữ EL120-02,Trà My,5
elio-el120-02-nu,ELIO 25 mm Nữ EL120-02,Cô Lệ,4
elio-el120-02-nu,ELIO 25 mm Nữ EL120-02,Nguyễn Đình Thạch,4
elio-el120-02-nu,ELIO 25 mm Nữ EL120-02,Trương Quốc Thái,5
elio-es129-03-nu,ELIO Flower 28.5 mm Nữ ES129-03,Dương Ngọc Gấm,4
elio-es129-03-nu,ELIO Flower 28.5 mm Nữ ES129-03,Đặng Thị Hằng,5
elio-es129-03-nu,ELIO Flower 28.5 mm Nữ ES129-03,Kim Cương,4
elio-es129-03-nu,ELIO Flower 28.5 mm Nữ ES129-03,Huỳnh Thị Dung,3
elio-es129-03-nu,ELIO Flower 28.5 mm Nữ ES129-03,Tống Ngọc Vinh,5
elio-es129-03-nu,ELIO Flower 28.5 mm Nữ ES129-03,Duy Lãm,5
elio-es129-03-nu,ELIO Flower 28.5 mm Nữ ES129-03,Uyên,5
elio-es129-03-nu,ELIO Flower 28.5 mm Nữ ES129-03,Sang,5
elio-es129-03-nu,ELIO Flower 28.5 mm Nữ ES129-03,Trần Khánh Duy,5
elio-es129-03-nu,ELIO Flower 28.5 mm Nữ ES129-03,NGUYỄN THỊ KIỀU PHƯƠNG,5
nakzen-ss8335l-1nr-nu,NAKZEN 32 mm Nữ SS8335L-1NR,Mịn,5
elio-el127-02-nu,ELIO 35.2 mm Nữ EL127-02,Phạm Thị Kim Hồng,5
elio-el127-02-nu,ELIO 35.2 mm Nữ EL127-02,Chị Nhi,5
elio-el127-02-nu,ELIO 35.2 mm Nữ EL127-02,Anh Phát,5
elio-el127-02-nu,ELIO 35.2 mm Nữ EL127-02,CÔNG TY CỔ PHẦN CSE VIỆT MỸ,5
elio-es137-01-nu,ELIO 33 mm Nữ ES137-01,Uyên,3
elio-el138-02-nu,ELIO Xmas 35 mm Nữ EL138-02,Phạm Thị Thanh Hà,5
q-q-c09a-018py-nu?utm_flashsale=1,Q&Q 30 mm Nữ C09A-018PY,Sơn,5
q-q-c09a-018py-nu?utm_flashsale=1,Q&Q 30 mm Nữ C09A-018PY,Nguyễn Thị Như Ý,5
q-q-c09a-018py-nu?utm_flashsale=1,Q&Q 30 mm Nữ C09A-018PY,Đặng Thị Trâm Anh,3
q-q-c09a-018py-nu?utm_flashsale=1,Q&Q 30 mm Nữ C09A-018PY,Trương Thị Trâm Anh,5
q-q-c09a-018py-nu?utm_flashsale=1,Q&Q 30 mm Nữ C09A-018PY,Chị Ngân,4
q-q-c09a-018py-nu?utm_flashsale=1,Q&Q 30 mm Nữ C09A-018PY,THÂN THỊ TÂM,5
q-q-c09a-018py-nu?utm_flashsale=1,Q&Q 30 mm Nữ C09A-018PY,Lich,3
smile-kid-sl127-03-tre-em,SMILE KID 42 mm Trẻ em SL127-03,Ngô Văn Chung,5
smile-kid-sl127-03-tre-em,SMILE KID 42 mm Trẻ em SL127-03,CHỊ XUÂN,5
smile-kid-sl127-03-tre-em,SMILE KID 42 mm Trẻ em SL127-03,Hằng Ni,5
smile-kid-sl127-03-tre-em,SMILE KID 42 mm Trẻ em SL127-03,TRỊNH THỊ HẰNG,4
smile-kid-sl127-03-tre-em,SMILE KID 42 mm Trẻ em SL127-03,Trúc,4
smile-kid-sl127-03-tre-em,SMILE KID 42 mm Trẻ em SL127-03,Đinh Quốc Ngọc,4
smile-kid-sl127-03-tre-em,SMILE KID 42 mm Trẻ em SL127-03,VÕ THỊ HẠNH,4
smile-kid-sl127-03-tre-em,SMILE KID 42 mm Trẻ em SL127-03,Chị Ngân,4
q-q-g14a-003vy-nu,Q&Q 41 mm Nữ G14A-003VY,Nguyễn Chúc Nị,5
q-q-g14a-003vy-nu,Q&Q 41 mm Nữ G14A-003VY,Anh Thái,4
q-q-g14a-003vy-nu,Q&Q 41 mm Nữ G14A-003VY,Trần Thanh Tùng,5
mvw-msa098-02-ele-nam,MVW Elegant 43 mm Nam MSA098-02-ELE,Nông Văn Eng,1
mvw-msa098-02-ele-nam,MVW Elegant 43 mm Nam MSA098-02-ELE,Ha Van Vu,4
mvw-msa098-02-ele-nam,MVW Elegant 43 mm Nam MSA098-02-ELE,Trương Thành Vinh,5
mvw-msa098-02-ele-nam,MVW Elegant 43 mm Nam MSA098-02-ELE,Hồ Nhật Trường,5
q-q-s280j322y-nam,Q&Q 40 mm Nam S280J322Y,Lê Quốc Trường,5
q-q-s280j322y-nam,Q&Q 40 mm Nam S280J322Y,Minh Giàu,1
casio-edifice-efr-s108d-2avudf-nam?utm_flashsale=1,EDIFICE CASIO 39.9 mm Nam EFR-S108D-2AVUDF,Hồ Hữu Nhàn,5
casio-edifice-efr-s108d-2avudf-nam?utm_flashsale=1,EDIFICE CASIO 39.9 mm Nam EFR-S108D-2AVUDF,Nhật,3
mvw-ms099-02-nam,MVW Sport 43 mm Nam MS099-02,Lê Trà,3
mvw-mla092-02-nam,MVW Star Automatic 41 mm Nam MLA092-02,Lam Gia Bảo,2
mvw-msa101-02-nam,MVW Galaxy 44.8 mm Nam MSA101-02,Giang,5
qq-c20a-009vy-nam,Q&Q 42 mm Nam C20A-009VY,Võ Hoàng Anh Duy,4
casio-ae-1600h-1avdf-nam?utm_flashsale=1,CASIO 49.7 mm Nam AE-1600H-1AVDF,La Văn Sinh,4
casio-ltp-v005gl-7audf-nau?utm_flashsale=1,CASIO 27.8 mm Nữ LTP-V005GL-7AUDF,Anh Hưng,5
casio-ltp-v005gl-7audf-nau?utm_flashsale=1,CASIO 27.8 mm Nữ LTP-V005GL-7AUDF,Quang Nhựt Quyên,4
casio-ltp-v005gl-7audf-nau?utm_flashsale=1,CASIO 27.8 mm Nữ LTP-V005GL-7AUDF,Chị Mai,5
casio-ltp-v005gl-7audf-nau?utm_flashsale=1,CASIO 27.8 mm Nữ LTP-V005GL-7AUDF,Nguyễn Đức Lương,5
casio-ltp-v005gl-7audf-nau?utm_flashsale=1,CASIO 27.8 mm Nữ LTP-V005GL-7AUDF,Nguyễn Ngọc Diễm,5
casio-ltp-v005gl-7audf-nau?utm_flashsale=1,CASIO 27.8 mm Nữ LTP-V005GL-7AUDF,Nguyễn Thị Lan Anh,5
casio-ltp-v005gl-7audf-nau?utm_flashsale=1,CASIO 27.8 mm Nữ LTP-V005GL-7AUDF,ĐÀO THỊ DUY HẢI,5
casio-ltp-v005gl-9audf-nau?utm_flashsale=1,CASIO 27.8 mm Nữ LTP-V005GL-9AUDF,Quang Thắng,4
casio-ltp-v005gl-9audf-nau?utm_flashsale=1,CASIO 27.8 mm Nữ LTP-V005GL-9AUDF,Kim Chi,5
casio-ltp-v005gl-9audf-nau?utm_flashsale=1,CASIO 27.8 mm Nữ LTP-V005GL-9AUDF,Trần Thảo,4
casio-ltp-v005gl-9audf-nau?utm_flashsale=1,CASIO 27.8 mm Nữ LTP-V005GL-9AUDF,Nguyễn Thị Dịu,4
casio-ltp-v005gl-9audf-nau?utm_flashsale=1,CASIO 27.8 mm Nữ LTP-V005GL-9AUDF,Nguyễn Văn Quyền,5
casio-ltp-v005gl-9audf-nau?utm_flashsale=1,CASIO 27.8 mm Nữ LTP-V005GL-9AUDF,Phạm Thị Mai Phương,5
casio-ltp-v005gl-9audf-nau?utm_flashsale=1,CASIO 27.8 mm Nữ LTP-V005GL-9AUDF,Nguyễn Lê Ngân Bình,5
casio-ltp-v005gl-9audf-nau?utm_flashsale=1,CASIO 27.8 mm Nữ LTP-V005GL-9AUDF,Lê Quang Huy,4
casio-ltp-v005gl-9audf-nau?utm_flashsale=1,CASIO 27.8 mm Nữ LTP-V005GL-9AUDF,Lâm,1
casio-ltp-v005gl-9audf-nau?utm_flashsale=1,CASIO 27.8 mm Nữ LTP-V005GL-9AUDF,Chị Huyền,5
casio-ltp-v005gl-9audf-nau?utm_flashsale=1,CASIO 27.8 mm Nữ LTP-V005GL-9AUDF,Nhựt Thùy,4
casio-ltp-v005gl-9audf-nau?utm_flashsale=1,CASIO 27.8 mm Nữ LTP-V005GL-9AUDF,Ngọc Hà,4
casio-ltp-v005gl-9audf-nau?utm_flashsale=1,CASIO 27.8 mm Nữ LTP-V005GL-9AUDF,Tuyet Nhi Phan,5
casio-ltp-v005gl-9audf-nau?utm_flashsale=1,CASIO 27.8 mm Nữ LTP-V005GL-9AUDF,Từ Hoàng Nhạn,5
casio-ltp-1230d-7cdf-bac?utm_flashsale=1,CASIO 23 mm Nữ LTP-1230D-7CDF,Vũ Đình Năm,1
casio-ltp-1230d-7cdf-bac?utm_flashsale=1,CASIO 23 mm Nữ LTP-1230D-7CDF,Như,5
casio-ltp-1230d-7cdf-bac?utm_flashsale=1,CASIO 23 mm Nữ LTP-1230D-7CDF,Hồ Văn Dũng,5
casio-ltp-1230d-7cdf-bac?utm_flashsale=1,CASIO 23 mm Nữ LTP-1230D-7CDF,Tran Bao,4
casio-ltp-1230d-7cdf-bac?utm_flashsale=1,CASIO 23 mm Nữ LTP-1230D-7CDF,Nguyễn Minh Thúy,5
casio-ltp-1230d-7cdf-bac?utm_flashsale=1,CASIO 23 mm Nữ LTP-1230D-7CDF,Trương Thị Ngọc Thùy,4
casio-ltp-1230d-7cdf-bac?utm_flashsale=1,CASIO 23 mm Nữ LTP-1230D-7CDF,Vũ Văn Hiếu,4
casio-ltp-1302d-1a1vdf-bac?utm_flashsale=1,CASIO 30 mm Nữ LTP-1302D-1A1VDF,Diệu,5
casio-ltp-1302d-1a1vdf-bac?utm_flashsale=1,CASIO 30 mm Nữ LTP-1302D-1A1VDF,Nguyễn Thị Nguyệt,4
casio-ltp-1302d-1a1vdf-bac?utm_flashsale=1,CASIO 30 mm Nữ LTP-1302D-1A1VDF,HO THI MINH,4
casio-ltp-1302d-1a1vdf-bac?utm_flashsale=1,CASIO 30 mm Nữ LTP-1302D-1A1VDF,91449 - Tạ Thị Phương Nhung,5
casio-ltp-1302d-1a1vdf-bac?utm_flashsale=1,CASIO 30 mm Nữ LTP-1302D-1A1VDF,Trần Lương Duy Anh,5
casio-ltp-1302d-1a1vdf-bac?utm_flashsale=1,CASIO 30 mm Nữ LTP-1302D-1A1VDF,Trần Ánh Tuyết,3
casio-ltp-1302d-1a1vdf-bac?utm_flashsale=1,CASIO 30 mm Nữ LTP-1302D-1A1VDF,Thịnh Nguyễn,2
casio-lrw-200h-1evdf-trang?utm_flashsale=1,CASIO 32 mm Nữ LRW-200H-1EVDF,Võ Thanh An,5
casio-lrw-200h-1evdf-trang?utm_flashsale=1,CASIO 32 mm Nữ LRW-200H-1EVDF,Thuý Vy,3
casio-lrw-200h-1evdf-trang?utm_flashsale=1,CASIO 32 mm Nữ LRW-200H-1EVDF,Lê Quang Dung,4
casio-lrw-200h-1evdf-trang?utm_flashsale=1,CASIO 32 mm Nữ LRW-200H-1EVDF,Anh Chiến,4
casio-lrw-200h-1evdf-trang?utm_flashsale=1,CASIO 32 mm Nữ LRW-200H-1EVDF,Hoa,5
casio-lrw-200h-1evdf-trang?utm_flashsale=1,CASIO 32 mm Nữ LRW-200H-1EVDF,Minh Thư,5
casio-lrw-200h-1evdf-trang?utm_flashsale=1,CASIO 32 mm Nữ LRW-200H-1EVDF,Bạn Gia Linh,5
casio-lrw-200h-1evdf-trang?utm_flashsale=1,CASIO 32 mm Nữ LRW-200H-1EVDF,Ngô Thị Tố Quyên,4
casio-lrw-200h-1evdf-trang?utm_flashsale=1,CASIO 32 mm Nữ LRW-200H-1EVDF,Giang Chương,3
casio-lrw-200h-1evdf-trang?utm_flashsale=1,CASIO 32 mm Nữ LRW-200H-1EVDF,Nguyệt,5
casio-lrw-200h-1evdf-trang?utm_flashsale=1,CASIO 32 mm Nữ LRW-200H-1EVDF,NGUYEN PHAN THU HAI,5
casio-lrw-200h-1evdf-trang?utm_flashsale=1,CASIO 32 mm Nữ LRW-200H-1EVDF,Chị Nhung,4
casio-lrw-200h-1evdf-trang?utm_flashsale=1,CASIO 32 mm Nữ LRW-200H-1EVDF,Chị Bích,5
casio-lrw-200h-1evdf-trang?utm_flashsale=1,CASIO 32 mm Nữ LRW-200H-1EVDF,Nhi,4
g-shock-ga-400hr-1adr-den?utm_flashsale=1,G-SHOCK 51.9 mm Nam GA-400HR-1ADR,Nguyễn Văn Huy,5
g-shock-ga-400hr-1adr-den?utm_flashsale=1,G-SHOCK 51.9 mm Nam GA-400HR-1ADR,Anh,4
g-shock-ga-400hr-1adr-den?utm_flashsale=1,G-SHOCK 51.9 mm Nam GA-400HR-1ADR,Nguyen Xuan Nam,5
g-shock-ga-400hr-1adr-den?utm_flashsale=1,G-SHOCK 51.9 mm Nam GA-400HR-1ADR,Vo Dang Khanh,5
g-shock-ga-400hr-1adr-den?utm_flashsale=1,G-SHOCK 51.9 mm Nam GA-400HR-1ADR,Nguyễn Nhựt Trường,5
g-shock-ga-400hr-1adr-den?utm_flashsale=1,G-SHOCK 51.9 mm Nam GA-400HR-1ADR,NGUYỄN CU EM,5
g-shock-ga-400hr-1adr-den?utm_flashsale=1,G-SHOCK 51.9 mm Nam GA-400HR-1ADR,Thành,5
g-shock-ga-400hr-1adr-den?utm_flashsale=1,G-SHOCK 51.9 mm Nam GA-400HR-1ADR,Phan Lâm Chí Bảo,5
g-shock-ga-400hr-1adr-den?utm_flashsale=1,G-SHOCK 51.9 mm Nam GA-400HR-1ADR,Ngô Anh Dũng,5
g-shock-ga-400hr-1adr-den?utm_flashsale=1,G-SHOCK 51.9 mm Nam GA-400HR-1ADR,Mai Đức Tụng,5
g-shock-ga-400hr-1adr-den?utm_flashsale=1,G-SHOCK 51.9 mm Nam GA-400HR-1ADR,Lê Duy Phương,5
g-shock-ga-400hr-1adr-den?utm_flashsale=1,G-SHOCK 51.9 mm Nam GA-400HR-1ADR,NGUYEN MINH TRONG,5
g-shock-ga-400hr-1adr-den?utm_flashsale=1,G-SHOCK 51.9 mm Nam GA-400HR-1ADR,Vũ Quang Thắng,5
g-shock-ga-400hr-1adr-den?utm_flashsale=1,G-SHOCK 51.9 mm Nam GA-400HR-1ADR,Thu Thắm,5
g-shock-ga-400hr-1adr-den?utm_flashsale=1,G-SHOCK 51.9 mm Nam GA-400HR-1ADR,Võ Viết Tiến,5
g-shock-ga-400hr-1adr-den?utm_flashsale=1,G-SHOCK 51.9 mm Nam GA-400HR-1ADR,Nguyễn Văn Thành,5
g-shock-ga-400hr-1adr-den?utm_flashsale=1,G-SHOCK 51.9 mm Nam GA-400HR-1ADR,Tạ Tương Đắc,4
g-shock-ga-400hr-1adr-den?utm_flashsale=1,G-SHOCK 51.9 mm Nam GA-400HR-1ADR,TRẦN NGỌC GIÀU,5
g-shock-ga-400hr-1adr-den?utm_flashsale=1,G-SHOCK 51.9 mm Nam GA-400HR-1ADR,Thạnh,4
g-shock-ga-400hr-1adr-den?utm_flashsale=1,G-SHOCK 51.9 mm Nam GA-400HR-1ADR,Vui,5
g-shock-ga-400hr-1adr-den?utm_flashsale=1,G-SHOCK 51.9 mm Nam GA-400HR-1ADR,Nguyễn Duy Khang,5
g-shock-ga-400hr-1adr-den?utm_flashsale=1,G-SHOCK 51.9 mm Nam GA-400HR-1ADR,DANH SON NGOC PHUONG,5
g-shock-ga-400hr-1adr-den?utm_flashsale=1,G-SHOCK 51.9 mm Nam GA-400HR-1ADR,Vũ Đức Mạnh,5
g-shock-ga-400hr-1adr-den?utm_flashsale=1,G-SHOCK 51.9 mm Nam GA-400HR-1ADR,Nguyễn Xuân An,3
g-shock-ga-400hr-1adr-den?utm_flashsale=1,G-SHOCK 51.9 mm Nam GA-400HR-1ADR,Hải,5
g-shock-ga-400hr-1adr-den?utm_flashsale=1,G-SHOCK 51.9 mm Nam GA-400HR-1ADR,Nhớ,5
citizen-au1060-51e?utm_flashsale=1,CITIZEN 40 mm Nam AU1060-51E,Phạm Văn Quân,5
citizen-au1060-51e?utm_flashsale=1,CITIZEN 40 mm Nam AU1060-51E,Nguyễn Tiến Giang,5
citizen-au1060-51e?utm_flashsale=1,CITIZEN 40 mm Nam AU1060-51E,Huy,5
citizen-au1060-51e?utm_flashsale=1,CITIZEN 40 mm Nam AU1060-51E,Nguyễn Thái Sơn,5
citizen-au1060-51e?utm_flashsale=1,CITIZEN 40 mm Nam AU1060-51E,Tuấn,4
citizen-au1060-51e?utm_flashsale=1,CITIZEN 40 mm Nam AU1060-51E,Nguyễn Văn Hải,5
citizen-au1060-51e?utm_flashsale=1,CITIZEN 40 mm Nam AU1060-51E,Chị Thu An,1
citizen-au1060-51e?utm_flashsale=1,CITIZEN 40 mm Nam AU1060-51E,Ngời,5
citizen-au1060-51e?utm_flashsale=1,CITIZEN 40 mm Nam AU1060-51E,Phạm Thanh Tuấn,5
citizen-au1060-51e?utm_flashsale=1,CITIZEN 40 mm Nam AU1060-51E,Anh Biểu,4
citizen-au1060-51e?utm_flashsale=1,CITIZEN 40 mm Nam AU1060-51E,Phạm Quang Sỹ,5
citizen-au1060-51e?utm_flashsale=1,CITIZEN 40 mm Nam AU1060-51E,Thạch Quang Đăng,2
citizen-au1060-51e?utm_flashsale=1,CITIZEN 40 mm Nam AU1060-51E,Lâm Trọng Hửu,5
citizen-au1060-51e?utm_flashsale=1,CITIZEN 40 mm Nam AU1060-51E,Hưng,5
citizen-au1060-51e?utm_flashsale=1,CITIZEN 40 mm Nam AU1060-51E,Anh Vũ,5
citizen-au1060-51e?utm_flashsale=1,CITIZEN 40 mm Nam AU1060-51E,Nguyễn Quốc Hưng,5
citizen-au1060-51e?utm_flashsale=1,CITIZEN 40 mm Nam AU1060-51E,A Duy,4
orient-ra-sp0002s10b-nam,ORIENT 39 mm Nam RA-SP0002S10B,Nguyễn Thái Phúc,3
orient-ra-sp0002s10b-nam,ORIENT 39 mm Nam RA-SP0002S10B,Chinh,5
orient-ra-sp0002s10b-nam,ORIENT 39 mm Nam RA-SP0002S10B,Nguyễn Văn Vịnh,4
orient-ra-sp0002s10b-nam,ORIENT 39 mm Nam RA-SP0002S10B,Dương Văn Dũng,5
orient-ra-sp0002s10b-nam,ORIENT 39 mm Nam RA-SP0002S10B,Lê Văn Tiến,5
orient-fac00007w0-nam-co-tu-dong?utm_flashsale=1,ORIENT Bambino 40 mm Nam FAC00007W0,Hoàng Tuấn Kỳ,5
orient-fac00007w0-nam-co-tu-dong?utm_flashsale=1,ORIENT Bambino 40 mm Nam FAC00007W0,Thành Được,5
orient-fac00007w0-nam-co-tu-dong?utm_flashsale=1,ORIENT Bambino 40 mm Nam FAC00007W0,Chú Thảo,5
orient-fac00007w0-nam-co-tu-dong?utm_flashsale=1,ORIENT Bambino 40 mm Nam FAC00007W0,Anh Huy,4
orient-fac00007w0-nam-co-tu-dong?utm_flashsale=1,ORIENT Bambino 40 mm Nam FAC00007W0,Anh Phương,5
orient-fac00007w0-nam-co-tu-dong?utm_flashsale=1,ORIENT Bambino 40 mm Nam FAC00007W0,Anh Minh,5
orient-fac00007w0-nam-co-tu-dong?utm_flashsale=1,ORIENT Bambino 40 mm Nam FAC00007W0,Anh Quang,5
orient-fac00007w0-nam-co-tu-dong?utm_flashsale=1,ORIENT Bambino 40 mm Nam FAC00007W0,XA NA QUY,4
orient-fac00007w0-nam-co-tu-dong?utm_flashsale=1,ORIENT Bambino 40 mm Nam FAC00007W0,Võ Chí Bảo,5
orient-fac00007w0-nam-co-tu-dong?utm_flashsale=1,ORIENT Bambino 40 mm Nam FAC00007W0,Phương Tăng Tấn,5
orient-fac00007w0-nam-co-tu-dong?utm_flashsale=1,ORIENT Bambino 40 mm Nam FAC00007W0,Võ Chí Bảo,5
orient-fac00007w0-nam-co-tu-dong?utm_flashsale=1,ORIENT Bambino 40 mm Nam FAC00007W0,Anh Hùng,4
dong-ho-nam-orient-fag02002w0-nam-co-tu-dong,ORIENT 41 mm Nam FAG02002W0,Huan,3
dong-ho-nam-orient-fag02002w0-nam-co-tu-dong,ORIENT 41 mm Nam FAG02002W0,Đỗ Hữu Quảng,3
dong-ho-nam-orient-fag02002w0-nam-co-tu-dong,ORIENT 41 mm Nam FAG02002W0,Ao Trường Châu,5
dong-ho-nam-orient-fag02002w0-nam-co-tu-dong,ORIENT 41 mm Nam FAG02002W0,Anh Tính,5
dong-ho-nam-orient-fag02002w0-nam-co-tu-dong,ORIENT 41 mm Nam FAG02002W0,Nam,5
dong-ho-nam-orient-fag02002w0-nam-co-tu-dong,ORIENT 41 mm Nam FAG02002W0,Anh Tùng,5
dong-ho-nam-orient-fag02002w0-nam-co-tu-dong,ORIENT 41 mm Nam FAG02002W0,Kiên,3
dong-ho-nam-orient-fag02002w0-nam-co-tu-dong,ORIENT 41 mm Nam FAG02002W0,NGUYỄN VĂN KHƯƠNG,1
dong-ho-nam-orient-fag02002w0-nam-co-tu-dong,ORIENT 41 mm Nam FAG02002W0,Huấn,5
dong-ho-nam-orient-fag02002w0-nam-co-tu-dong,ORIENT 41 mm Nam FAG02002W0,Nguyễn Đình Sáng,5
dong-ho-nam-orient-fag02002w0-nam-co-tu-dong,ORIENT 41 mm Nam FAG02002W0,Minh Tân,3
dong-ho-nam-orient-fag02002w0-nam-co-tu-dong,ORIENT 41 mm Nam FAG02002W0,Bùi Trung Duy,5
dong-ho-nam-orient-fag02002w0-nam-co-tu-dong,ORIENT 41 mm Nam FAG02002W0,Thắng,5
dong-ho-nam-orient-fag02002w0-nam-co-tu-dong,ORIENT 41 mm Nam FAG02002W0,Nguyễn Văn Ngọc,4
dong-ho-nam-orient-fag02002w0-nam-co-tu-dong,ORIENT 41 mm Nam FAG02002W0,Huỳnh Văn Thường,4
casio-ltp-1335d-5avdf-nu?utm_flashsale=1,CASIO 30 mm Nữ LTP-1335D-5AVDF,Ngọc Trâm,5
casio-ltp-1335d-5avdf-nu?utm_flashsale=1,CASIO 30 mm Nữ LTP-1335D-5AVDF,Anh Tân,4
casio-ltp-1335d-5avdf-nu?utm_flashsale=1,CASIO 30 mm Nữ LTP-1335D-5AVDF,Nguyễn Văn Hùng,5
casio-ltp-1335d-5avdf-nu?utm_flashsale=1,CASIO 30 mm Nữ LTP-1335D-5AVDF,Thuỷ,5
casio-ltp-1335d-5avdf-nu?utm_flashsale=1,CASIO 30 mm Nữ LTP-1335D-5AVDF,Nguyễn Ngọc Vân Tường,5
casio-mtp-1215a-1adf-nam,CASIO 39 mm Nam MTP-1215A-1ADF,Lâm Quang Hiếu,4
casio-mtp-1215a-1adf-nam,CASIO 39 mm Nam MTP-1215A-1ADF,Khả Nhi,5
casio-mtp-1215a-1adf-nam,CASIO 39 mm Nam MTP-1215A-1ADF,Thanh Xuân,5
casio-mtp-1215a-1adf-nam,CASIO 39 mm Nam MTP-1215A-1ADF,Nguyễn Thị Hường,4
casio-mtp-1215a-1adf-nam,CASIO 39 mm Nam MTP-1215A-1ADF,Nguyễn Thị Thanh Thảo,5
casio-mtp-1215a-1adf-nam,CASIO 39 mm Nam MTP-1215A-1ADF,Anh Phát,5
casio-mtp-1215a-1adf-nam,CASIO 39 mm Nam MTP-1215A-1ADF,VŨ HUY TOÀN,4
casio-mtp-1215a-1adf-nam,CASIO 39 mm Nam MTP-1215A-1ADF,Phạm Duy Hợp,5
casio-mtp-1215a-1adf-nam,CASIO 39 mm Nam MTP-1215A-1ADF,Thắng,5
casio-mtp-1215a-1adf-nam,CASIO 39 mm Nam MTP-1215A-1ADF,Vũ Xuân Thắng,5
casio-mtp-1215a-1adf-nam,CASIO 39 mm Nam MTP-1215A-1ADF,Dương Tuấn Hùng,4
casio-mtp-1215a-1adf-nam,CASIO 39 mm Nam MTP-1215A-1ADF,Nguyễn Công Thành,5
casio-mtp-1215a-1adf-nam,CASIO 39 mm Nam MTP-1215A-1ADF,Nguyễn Thị Hà Trang,4
casio-mtp-1215a-1adf-nam,CASIO 39 mm Nam MTP-1215A-1ADF,Nguyễn Mạnh Hùng,2
casio-mtp-1215a-1adf-nam,CASIO 39 mm Nam MTP-1215A-1ADF,Nguyễn Văn Huân,4
casio-mtp-1215a-1adf-nam,CASIO 39 mm Nam MTP-1215A-1ADF,CÔNG TY CỔ PHẦN ĐẦU TƯ XÂY DỰNG X8,5
casio-mtp-1384d-1avdf-nam?utm_flashsale=1,CASIO 41 mm Nam MTP-1384D-1AVDF,Viễn,5
casio-mtp-1384d-1avdf-nam?utm_flashsale=1,CASIO 41 mm Nam MTP-1384D-1AVDF,Trầm Đại Cường,4
casio-mtp-1384d-1avdf-nam?utm_flashsale=1,CASIO 41 mm Nam MTP-1384D-1AVDF,Anh Trường,5
casio-mtp-v002l-1budf-nam?utm_flashsale=1,CASIO 37 mm Nam MTP-V002L-1BUDF,Duy,5
casio-mtp-v002l-1budf-nam?utm_flashsale=1,CASIO 37 mm Nam MTP-V002L-1BUDF,Sơn,1
casio-mtp-v002l-1budf-nam?utm_flashsale=1,CASIO 37 mm Nam MTP-V002L-1BUDF,Thắng,5
casio-mtp-v002l-1budf-nam?utm_flashsale=1,CASIO 37 mm Nam MTP-V002L-1BUDF,Minh,4
casio-mtp-v002l-1budf-nam?utm_flashsale=1,CASIO 37 mm Nam MTP-V002L-1BUDF,Anh Mạnh,5
casio-mtp-v002l-1budf-nam?utm_flashsale=1,CASIO 37 mm Nam MTP-V002L-1BUDF,Vũ Bình Giang,2
casio-mtp-v002l-1budf-nam?utm_flashsale=1,CASIO 37 mm Nam MTP-V002L-1BUDF,Đỗ Khuyên,5
casio-mtp-v002l-1budf-nam?utm_flashsale=1,CASIO 37 mm Nam MTP-V002L-1BUDF,Hồ Trường An,5
casio-mtp-v002l-1budf-nam?utm_flashsale=1,CASIO 37 mm Nam MTP-V002L-1BUDF,Trần Chí Huy,2
casio-mtp-v002l-1budf-nam?utm_flashsale=1,CASIO 37 mm Nam MTP-V002L-1BUDF,Hoàng Xuân An,5
casio-mtp-v002l-1budf-nam?utm_flashsale=1,CASIO 37 mm Nam MTP-V002L-1BUDF,Vũ Ngọc Hoàng,3
casio-mtp-v002l-1budf-nam?utm_flashsale=1,CASIO 37 mm Nam MTP-V002L-1BUDF,LUÂN,4
casio-mtp-v002l-1budf-nam?utm_flashsale=1,CASIO 37 mm Nam MTP-V002L-1BUDF,Nguyễn Hoàng Thái,5
casio-mtp-v002l-1budf-nam?utm_flashsale=1,CASIO 37 mm Nam MTP-V002L-1BUDF,Thành,3
casio-mtp-v002l-1budf-nam?utm_flashsale=1,CASIO 37 mm Nam MTP-V002L-1BUDF,Phạm Hoàng Thắng,4
casio-mtp-v002l-1budf-nam?utm_flashsale=1,CASIO 37 mm Nam MTP-V002L-1BUDF,Đỗ Kim Anh,4
casio-mtp-v002l-1budf-nam?utm_flashsale=1,CASIO 37 mm Nam MTP-V002L-1BUDF,Lil,2
casio-mtp-v002l-1budf-nam?utm_flashsale=1,CASIO 37 mm Nam MTP-V002L-1BUDF,Khôi,5
casio-mtp-v002l-1budf-nam?utm_flashsale=1,CASIO 37 mm Nam MTP-V002L-1BUDF,Lương Thiệp,5
casio-mtp-v002l-1budf-nam?utm_flashsale=1,CASIO 37 mm Nam MTP-V002L-1BUDF,Hoang Thanh Sơn,5
casio-mtp-v002l-1budf-nam?utm_flashsale=1,CASIO 37 mm Nam MTP-V002L-1BUDF,Duy,5
casio-mtp-v002l-1budf-nam?utm_flashsale=1,CASIO 37 mm Nam MTP-V002L-1BUDF,Sơn,1
casio-mtp-v002l-1budf-nam?utm_flashsale=1,CASIO 37 mm Nam MTP-V002L-1BUDF,Thắng,5
casio-mtp-v002l-1budf-nam?utm_flashsale=1,CASIO 37 mm Nam MTP-V002L-1BUDF,Minh,4
casio-mtp-v002l-1budf-nam?utm_flashsale=1,CASIO 37 mm Nam MTP-V002L-1BUDF,Anh Mạnh,5
casio-mtp-v002l-1budf-nam?utm_flashsale=1,CASIO 37 mm Nam MTP-V002L-1BUDF,Vũ Bình Giang,2
casio-mtp-v002l-1budf-nam?utm_flashsale=1,CASIO 37 mm Nam MTP-V002L-1BUDF,Đỗ Khuyên,5
casio-mtp-v002l-1budf-nam?utm_flashsale=1,CASIO 37 mm Nam MTP-V002L-1BUDF,Hồ Trường An,5
casio-mtp-v002l-1budf-nam?utm_flashsale=1,CASIO 37 mm Nam MTP-V002L-1BUDF,Trần Chí Huy,2
casio-mtp-v002l-1budf-nam?utm_flashsale=1,CASIO 37 mm Nam MTP-V002L-1BUDF,Hoàng Xuân An,5
casio-mtp-v002l-1budf-nam?utm_flashsale=1,CASIO 37 mm Nam MTP-V002L-1BUDF,Vũ Ngọc Hoàng,3
casio-mtp-v002l-1budf-nam?utm_flashsale=1,CASIO 37 mm Nam MTP-V002L-1BUDF,LUÂN,4
casio-mtp-v002l-1budf-nam?utm_flashsale=1,CASIO 37 mm Nam MTP-V002L-1BUDF,Nguyễn Hoàng Thái,5
casio-mtp-v002l-1budf-nam?utm_flashsale=1,CASIO 37 mm Nam MTP-V002L-1BUDF,Thành,3
casio-mtp-v002l-1budf-nam?utm_flashsale=1,CASIO 37 mm Nam MTP-V002L-1BUDF,Phạm Hoàng Thắng,4
casio-mtp-v002l-1budf-nam?utm_flashsale=1,CASIO 37 mm Nam MTP-V002L-1BUDF,Đỗ Kim Anh,4
casio-mtp-v002l-1budf-nam?utm_flashsale=1,CASIO 37 mm Nam MTP-V002L-1BUDF,Lil,2
casio-mtp-v002l-1budf-nam?utm_flashsale=1,CASIO 37 mm Nam MTP-V002L-1BUDF,Khôi,5
casio-mtp-v002l-1budf-nam?utm_flashsale=1,CASIO 37 mm Nam MTP-V002L-1BUDF,Lương Thiệp,5
casio-mtp-v002l-1budf-nam?utm_flashsale=1,CASIO 37 mm Nam MTP-V002L-1BUDF,Hoang Thanh Sơn,5
nakzen-ss4051l-1-nu,NAKZEN 31.2 mm Nữ SS4051L-1,Quách Tố San,5
nakzen-ss4051l-1-nu,NAKZEN 31.2 mm Nữ SS4051L-1,Chú Chỉnh,4
nakzen-ss4051l-1-nu,NAKZEN 31.2 mm Nữ SS4051L-1,Thuỷ,4
nakzen-ss4051l-1-nu,NAKZEN 31.2 mm Nữ SS4051L-1,Nguyễn Thị Ngọc Anh,4
nakzen-ss4051l-1-nu,NAKZEN 31.2 mm Nữ SS4051L-1,Cô Xuân,4
nakzen-ss4051l-1-nu,NAKZEN 31.2 mm Nữ SS4051L-1,Giang,5
elio-el011-01-nu,ELIO 35.7 mm Nữ EL011-01,LẠI THỊ PHỤNG,5
elio-el011-01-nu,ELIO 35.7 mm Nữ EL011-01,Phan Thị Hải,4
elio-el011-01-nu,ELIO 35.7 mm Nữ EL011-01,Lê Kim Sơn,4
elio-el011-01-nu,ELIO 35.7 mm Nữ EL011-01,Nguyễn Văn Hạnh,4
elio-el011-01-nu,ELIO 35.7 mm Nữ EL011-01,Hà,5
elio-el011-01-nu,ELIO 35.7 mm Nữ EL011-01,Trung,5
elio-el011-01-nu,ELIO 35.7 mm Nữ EL011-01,Trần Cao Anh,5
elio-el011-01-nu,ELIO 35.7 mm Nữ EL011-01,Bùi Ngọc Anh,5
elio-el011-01-nu,ELIO 35.7 mm Nữ EL011-01,Thùy,4
elio-el011-01-nu,ELIO 35.7 mm Nữ EL011-01,Lê Văn Điền,5
elio-el011-01-nu,ELIO 35.7 mm Nữ EL011-01,TRỊNH THỊ THU THẢO,4
elio-el011-01-nu,ELIO 35.7 mm Nữ EL011-01,Nguyễn Bảo Ngọc,5
elio-el011-01-nu,ELIO 35.7 mm Nữ EL011-01,Lợi,5
elio-el011-01-nu,ELIO 35.7 mm Nữ EL011-01,ĐOÀN ANH THẾ,5
elio-el011-01-nu,ELIO 35.7 mm Nữ EL011-01,Diệp,4
elio-el011-01-nu,ELIO 35.7 mm Nữ EL011-01,Chị Quyên,5
elio-el011-01-nu,ELIO 35.7 mm Nữ EL011-01,Chị Hà,5
elio-el011-01-nu,ELIO 35.7 mm Nữ EL011-01,Hồng Loan,3
elio-el011-01-nu,ELIO 35.7 mm Nữ EL011-01,Chị Yến,5
elio-el011-01-nu,ELIO 35.7 mm Nữ EL011-01,Hiền,5
elio-el011-01-nu,ELIO 35.7 mm Nữ EL011-01,NGUYỄN THỊ TUYẾT HẰNG,5
elio-el011-01-nu,ELIO 35.7 mm Nữ EL011-01,Chị Mỹ,5
elio-el012-01-nu,ELIO 33 mm Nữ EL012-01,Trí,5
elio-el012-01-nu,ELIO 33 mm Nữ EL012-01,Huynh,5
elio-el012-01-nu,ELIO 33 mm Nữ EL012-01,Pham Hong Nhung,4
elio-el012-01-nu,ELIO 33 mm Nữ EL012-01,Thu Thảo,5
elio-el012-01-nu,ELIO 33 mm Nữ EL012-01,Thanh,4
elio-el012-01-nu,ELIO 33 mm Nữ EL012-01,Nguyễn Thị Huỳnh Ái,5
elio-el012-01-nu,ELIO 33 mm Nữ EL012-01,C Thảo,5
elio-el012-01-nu,ELIO 33 mm Nữ EL012-01,Vu Ngoc Khanh,4
elio-el012-01-nu,ELIO 33 mm Nữ EL012-01,Kim Chane Đa Ra,5
elio-el012-01-nu,ELIO 33 mm Nữ EL012-01,Hoàng Oanh Võ,4
elio-el012-01-nu,ELIO 33 mm Nữ EL012-01,Lê Trung Hiếu,4
elio-el012-01-nu,ELIO 33 mm Nữ EL012-01,Uân Thị Hoàng Thảo,5
nakzen-ss4060l-2no-nu?utm_flashsale=1,NAKZEN Hoa & Gió 36 mm Nữ SS4060L-2NO,Hoa Văn Hải,4
nakzen-ss4060l-2no-nu?utm_flashsale=1,NAKZEN Hoa & Gió 36 mm Nữ SS4060L-2NO,ĐIỀN THỊ THU MAI,4
nakzen-ss4060l-2no-nu?utm_flashsale=1,NAKZEN Hoa & Gió 36 mm Nữ SS4060L-2NO,Hạnh,3
nakzen-ss4060l-2no-nu?utm_flashsale=1,NAKZEN Hoa & Gió 36 mm Nữ SS4060L-2NO,Yên,5
nakzen-ss4060l-2no-nu?utm_flashsale=1,NAKZEN Hoa & Gió 36 mm Nữ SS4060L-2NO,Nguyễn Văn Trường,4
q-q-s398j201y-nam,Q&Q 40 mm Nam S398J201Y,Nguyen Dinh Thuc,5
q-q-s398j201y-nam,Q&Q 40 mm Nam S398J201Y,Hạnh,5
q-q-s398j201y-nam,Q&Q 40 mm Nam S398J201Y,Lưu Văn Phú,4
q-q-s398j201y-nam,Q&Q 40 mm Nam S398J201Y,Anh Danh Đen,5
q-q-s398j201y-nam,Q&Q 40 mm Nam S398J201Y,Thành,3
q-q-s398j201y-nam,Q&Q 40 mm Nam S398J201Y,Tran Quang Quy,5
q-q-s398j201y-nam,Q&Q 40 mm Nam S398J201Y,Anh Thuận,5
q-q-s398j201y-nam,Q&Q 40 mm Nam S398J201Y,Phạm Huy An,3
q-q-s398j201y-nam,Q&Q 40 mm Nam S398J201Y,Nguyen Tien Quang,5
q-q-s398j201y-nam,Q&Q 40 mm Nam S398J201Y,Cô Lọc,5
q-q-s398j201y-nam,Q&Q 40 mm Nam S398J201Y,Trương Thị Phương Thảo,4
smile-kid-sl041-01-tre-em,SMILE KID 27 mm Trẻ em SL041-01,Đoàn Thị Thu Đông,4
smile-kid-sl041-01-tre-em,SMILE KID 27 mm Trẻ em SL041-01,Chị Hiền,5
smile-kid-sl041-01-tre-em,SMILE KID 27 mm Trẻ em SL041-01,Nguyen Thi Be Thanh,3
smile-kid-sl041-01-tre-em,SMILE KID 27 mm Trẻ em SL041-01,15083 - Nguyễn Thanh Hóa,5
smile-kid-sl041-01-tre-em,SMILE KID 27 mm Trẻ em SL041-01,TRẦN THỊ KIM THU,4
smile-kid-sl041-01-tre-em,SMILE KID 27 mm Trẻ em SL041-01,A Hùng,5
smile-kid-sl041-01-tre-em,SMILE KID 27 mm Trẻ em SL041-01,Nguyễn Thị Thùy Linh,5
elio-es044-01-nu,ELIO Nàng Thơ 28 mm Nữ ES044-01,Đăng Khoa,5
elio-es044-01-nu,ELIO Nàng Thơ 28 mm Nữ ES044-01,Hoàng Thị Bé,5
elio-es044-01-nu,ELIO Nàng Thơ 28 mm Nữ ES044-01,Ngọc Diệp,4
elio-es044-01-nu,ELIO Nàng Thơ 28 mm Nữ ES044-01,Nguyễn Thị Ngọc Y,5
elio-es044-01-nu,ELIO Nàng Thơ 28 mm Nữ ES044-01,LÊ HIẾU TÀI,5
elio-es044-01-nu,ELIO Nàng Thơ 28 mm Nữ ES044-01,Le Thi Diem Trinh,4
elio-es044-01-nu,ELIO Nàng Thơ 28 mm Nữ ES044-01,Chị Quí,5
elio-es044-01-nu,ELIO Nàng Thơ 28 mm Nữ ES044-01,Linh,5
elio-es044-01-nu,ELIO Nàng Thơ 28 mm Nữ ES044-01,Thuý Linh,5
elio-es044-01-nu,ELIO Nàng Thơ 28 mm Nữ ES044-01,Nhân,4
elio-es044-01-nu,ELIO Nàng Thơ 28 mm Nữ ES044-01,Chị Huyền,5
elio-es044-01-nu,ELIO Nàng Thơ 28 mm Nữ ES044-01,Phạm Vũ Nguyệt Thu,5
elio-es044-01-nu,ELIO Nàng Thơ 28 mm Nữ ES044-01,Nguyễn Phương,4
elio-es044-01-nu,ELIO Nàng Thơ 28 mm Nữ ES044-01,Nguyễn Thị Anh Thư,5
elio-es044-01-nu,ELIO Nàng Thơ 28 mm Nữ ES044-01,Liêu Thị Kèo Ly,5
elio-es044-01-nu,ELIO Nàng Thơ 28 mm Nữ ES044-01,Trần Thị Vân,5
elio-es044-01-nu,ELIO Nàng Thơ 28 mm Nữ ES044-01,Phương Anh,5
elio-es044-01-nu,ELIO Nàng Thơ 28 mm Nữ ES044-01,Lại Thị Thùy Linh,5
elio-es044-01-nu,ELIO Nàng Thơ 28 mm Nữ ES044-01,NGUYỄN THỊ NGỌC YẾN,4
elio-el043-01-nu?utm_flashsale=1,ELIO Xmas 32 mm Nữ EL043-01,Bùi Thuý Ngọc,4
elio-el043-01-nu?utm_flashsale=1,ELIO Xmas 32 mm Nữ EL043-01,Trang,4
elio-el043-01-nu?utm_flashsale=1,ELIO Xmas 32 mm Nữ EL043-01,Huy,5
elio-el043-01-nu?utm_flashsale=1,ELIO Xmas 32 mm Nữ EL043-01,Xuân Trúc,5
elio-el043-01-nu?utm_flashsale=1,ELIO Xmas 32 mm Nữ EL043-01,Chị Xuân,4
elio-el043-01-nu?utm_flashsale=1,ELIO Xmas 32 mm Nữ EL043-01,Lê Thị Phương,5
elio-el043-01-nu?utm_flashsale=1,ELIO Xmas 32 mm Nữ EL043-01,A Til,5
elio-el043-01-nu?utm_flashsale=1,ELIO Xmas 32 mm Nữ EL043-01,Nguyễn Hồ Ngọc My,5
elio-el043-01-nu?utm_flashsale=1,ELIO Xmas 32 mm Nữ EL043-01,NGUYỄN THỊ LOAN,4
elio-el043-01-nu?utm_flashsale=1,ELIO Xmas 32 mm Nữ EL043-01,Liễu,5
elio-es058-02-nu,ELIO Nàng Thơ 28 mm Nữ ES058-02,Anh Tâm,5
elio-es058-02-nu,ELIO Nàng Thơ 28 mm Nữ ES058-02,Nguyễn Thị Ninh,4
elio-es058-02-nu,ELIO Nàng Thơ 28 mm Nữ ES058-02,Ý,2
elio-es058-02-nu,ELIO Nàng Thơ 28 mm Nữ ES058-02,Vũ Thị Diệu Ái,5
elio-es058-02-nu,ELIO Nàng Thơ 28 mm Nữ ES058-02,NGUYỄN THỊ CẨM HOÀNG,4
elio-es058-02-nu,ELIO Nàng Thơ 28 mm Nữ ES058-02,Lê Thị Mỹ Hạnh,4
elio-es058-02-nu,ELIO Nàng Thơ 28 mm Nữ ES058-02,Chị Dung,5
elio-es058-02-nu,ELIO Nàng Thơ 28 mm Nữ ES058-02,Đại,3
elio-es058-02-nu,ELIO Nàng Thơ 28 mm Nữ ES058-02,Đặng Văn Chương,3
elio-el076-02-nu,ELIO 29 mm Nữ EL076-02,LÊ HỮU LUÔNG,4
elio-el076-02-nu,ELIO 29 mm Nữ EL076-02,Trang,4
elio-el076-02-nu,ELIO 29 mm Nữ EL076-02,Thạch Ton,5
elio-el076-02-nu,ELIO 29 mm Nữ EL076-02,Khánh Huyền,5
elio-el076-02-nu,ELIO 29 mm Nữ EL076-02,Em Linh,4
elio-el076-02-nu,ELIO 29 mm Nữ EL076-02,Phạm Thị Kim Cương,5
smile-kid-sl058-01-tre-em,SMILE KID 40 mm Trẻ em SL058-01,Hiếu,5
smile-kid-sl058-01-tre-em,SMILE KID 40 mm Trẻ em SL058-01,Mai Ly,5
smile-kid-sl058-01-tre-em,SMILE KID 40 mm Trẻ em SL058-01,Hương,4
smile-kid-sl058-01-tre-em,SMILE KID 40 mm Trẻ em SL058-01,Mến,5
smile-kid-sl058-01-tre-em,SMILE KID 40 mm Trẻ em SL058-01,Anh Đoàn,4
smile-kid-sl058-01-tre-em,SMILE KID 40 mm Trẻ em SL058-01,Bùi Thị Kiều Mi,4
smile-kid-sl058-01-tre-em,SMILE KID 40 mm Trẻ em SL058-01,Chị Ngư,4
smile-kid-sl058-01-tre-em,SMILE KID 40 mm Trẻ em SL058-01,BÙI THỊ NGỌC ÁNH,5
smile-kid-sl058-01-tre-em,SMILE KID 40 mm Trẻ em SL058-01,Quyen,4
smile-kid-sl058-01-tre-em,SMILE KID 40 mm Trẻ em SL058-01,Lê Văn Minh,5
smile-kid-sl058-01-tre-em,SMILE KID 40 mm Trẻ em SL058-01,Nguyễn Thị Kim Tuyến,5
smile-kid-sl058-01-tre-em,SMILE KID 40 mm Trẻ em SL058-01,Mai,5
smile-kid-sl058-01-tre-em,SMILE KID 40 mm Trẻ em SL058-01,Lương Tuấn Anh,5
smile-kid-sl058-01-tre-em,SMILE KID 40 mm Trẻ em SL058-01,Anh Đoàn,5
nakzen-sl4050gd-7-nam,NAKZEN 40 mm Nam SL4050GD-7,Trần Trung Hậu,4
nakzen-sl4050gd-7-nam,NAKZEN 40 mm Nam SL4050GD-7,Thiện,4
nakzen-sl4050gd-7-nam,NAKZEN 40 mm Nam SL4050GD-7,BÉ,5
nakzen-sl4050gd-7-nam,NAKZEN 40 mm Nam SL4050GD-7,Thuận,1
nakzen-sl4050gd-7-nam,NAKZEN 40 mm Nam SL4050GD-7,Le Tuong Quoc,5
nakzen-sl4050gd-7-nam,NAKZEN 40 mm Nam SL4050GD-7,Trần Tuấn Phong,5
nakzen-sl4050gd-7-nam,NAKZEN 40 mm Nam SL4050GD-7,Nguyễn Bạch Phong Lan,5
q-q-vq86j047y-nu?utm_flashsale=1,Q&Q 34 mm Nữ VQ86J047Y,Anh Hữu,4
q-q-vq86j047y-nu?utm_flashsale=1,Q&Q 34 mm Nữ VQ86J047Y,Nguyễn Văn Cương,1
q-q-vq86j047y-nu?utm_flashsale=1,Q&Q 34 mm Nữ VQ86J047Y,Nguyễn Thị Lan,4
q-q-vq86j047y-nu?utm_flashsale=1,Q&Q 34 mm Nữ VQ86J047Y,Nguyễn Thị Hương Huế,3
q-q-vq86j047y-nu?utm_flashsale=1,Q&Q 34 mm Nữ VQ86J047Y,Mỹ Linh,5
q-q-vq86j047y-nu?utm_flashsale=1,Q&Q 34 mm Nữ VQ86J047Y,Anh Chau,5
q-q-vq86j047y-nu?utm_flashsale=1,Q&Q 34 mm Nữ VQ86J047Y,Tran Tien,5
q-q-vq86j047y-nu?utm_flashsale=1,Q&Q 34 mm Nữ VQ86J047Y,Chị Nga,4
citizen-bi5092-03e-nam?utm_flashsale=1,CITIZEN 42 mm Nam BI5092-03E,Đoàn Lê Hiếu Nghĩa,1
citizen-bi5092-03e-nam?utm_flashsale=1,CITIZEN 42 mm Nam BI5092-03E,Bình,2
citizen-bi5092-03e-nam?utm_flashsale=1,CITIZEN 42 mm Nam BI5092-03E,Thảo,4
citizen-bi5092-03e-nam?utm_flashsale=1,CITIZEN 42 mm Nam BI5092-03E,Nguyễn Hoàng Nam,4
citizen-bi5092-03e-nam?utm_flashsale=1,CITIZEN 42 mm Nam BI5092-03E,Trân,5
citizen-bi5092-03e-nam?utm_flashsale=1,CITIZEN 42 mm Nam BI5092-03E,Nguyễn Văn Môi,5
citizen-bi5092-03e-nam?utm_flashsale=1,CITIZEN 42 mm Nam BI5092-03E,Chị Ngân,5
mww-ml038-01-nam?utm_flashsale=1,MVW 42 mm Nam ML038-01,Nguyễn Điền,4
mww-ml038-01-nam?utm_flashsale=1,MVW 42 mm Nam ML038-01,CÔNG TY TNHH NỘI NGOẠI THẤT HONG CHENG,4
mww-ml038-01-nam?utm_flashsale=1,MVW 42 mm Nam ML038-01,Nguyễn Văn An,5
mww-ml038-01-nam?utm_flashsale=1,MVW 42 mm Nam ML038-01,Tiến,5
mww-ml038-01-nam?utm_flashsale=1,MVW 42 mm Nam ML038-01,Phan Vũ Trường,4
mww-ml038-01-nam?utm_flashsale=1,MVW 42 mm Nam ML038-01,Linh,5
mww-ml038-01-nam?utm_flashsale=1,MVW 42 mm Nam ML038-01,Nhân,2
mww-ml038-01-nam?utm_flashsale=1,MVW 42 mm Nam ML038-01,Lê Hoàng Nhật Anh,5
mww-ml038-01-nam?utm_flashsale=1,MVW 42 mm Nam ML038-01,Đặng Xuân Cường,5
mww-ml038-01-nam?utm_flashsale=1,MVW 42 mm Nam ML038-01,Trần Hoàng Chửng,5
mww-ml038-01-nam?utm_flashsale=1,MVW 42 mm Nam ML038-01,Anh Danh,5
mww-ml038-01-nam?utm_flashsale=1,MVW 42 mm Nam ML038-01,Phạm Việt Hải,1
mww-ml038-01-nam?utm_flashsale=1,MVW 42 mm Nam ML038-01,Thảo,5
mww-ml038-01-nam?utm_flashsale=1,MVW 42 mm Nam ML038-01,Đặng Quang Trung,4
mww-ml038-01-nam?utm_flashsale=1,MVW 42 mm Nam ML038-01,Phạm Thành Vĩ,5
mww-ml038-01-nam?utm_flashsale=1,MVW 42 mm Nam ML038-01,Anh Hồng,5
mww-ml038-01-nam?utm_flashsale=1,MVW 42 mm Nam ML038-01,Sữ Thành Minh,5
mww-ml038-01-nam?utm_flashsale=1,MVW 42 mm Nam ML038-01,Văn Quí,5
mww-ml038-01-nam?utm_flashsale=1,MVW 42 mm Nam ML038-01,Chị Phượng,5
mww-ml038-01-nam?utm_flashsale=1,MVW 42 mm Nam ML038-01,MAI THÀNH NHÂN,3
mww-ml038-01-nam?utm_flashsale=1,MVW 42 mm Nam ML038-01,Nguyễn Khắc Trình,5
mww-ml038-01-nam?utm_flashsale=1,MVW 42 mm Nam ML038-01,Đặng Xuân Cường,4
mww-ml038-01-nam?utm_flashsale=1,MVW 42 mm Nam ML038-01,Trần Thị Tuyết Nhung,5
mww-ml038-01-nam?utm_flashsale=1,MVW 42 mm Nam ML038-01,Phương Anh,1
mww-ml038-01-nam?utm_flashsale=1,MVW 42 mm Nam ML038-01,169554 - Đoàn Quốc Sanh,5
mww-ml038-01-nam?utm_flashsale=1,MVW 42 mm Nam ML038-01,Thiệu,5
mww-ml038-01-nam?utm_flashsale=1,MVW 42 mm Nam ML038-01,Lê Hữu Tài,5
mww-ml038-01-nam?utm_flashsale=1,MVW 42 mm Nam ML038-01,Nguyễn Ngọc Trai,4
mww-ms050-01-nam?utm_flashsale=1,MVW 39 mm Nam MS050-01,Anh Tài,2
mww-ms050-01-nam?utm_flashsale=1,MVW 39 mm Nam MS050-01,Phạm Thanh Quân,4
mww-ms050-01-nam?utm_flashsale=1,MVW 39 mm Nam MS050-01,Huynh Thanh Phong,5
mww-ms050-01-nam?utm_flashsale=1,MVW 39 mm Nam MS050-01,Nguyễn Văn Nghĩa,4
mww-ms050-01-nam?utm_flashsale=1,MVW 39 mm Nam MS050-01,Bùi Thị Kim Chi,5
mww-ms050-01-nam?utm_flashsale=1,MVW 39 mm Nam MS050-01,Nguyễn Hoàng Anh,5
mww-ms050-01-nam?utm_flashsale=1,MVW 39 mm Nam MS050-01,Hòa,5
mww-ms050-01-nam?utm_flashsale=1,MVW 39 mm Nam MS050-01,Anh Long,5
mww-ms050-01-nam?utm_flashsale=1,MVW 39 mm Nam MS050-01,Trâm,5
mww-ms050-01-nam?utm_flashsale=1,MVW 39 mm Nam MS050-01,Anh Tài,3
mww-ms050-01-nam?utm_flashsale=1,MVW 39 mm Nam MS050-01,Đặng Trương Hoàng Hưng,5
mww-ms050-01-nam?utm_flashsale=1,MVW 39 mm Nam MS050-01,Nguyễn Hoài Phong,3
mww-ms050-01-nam?utm_flashsale=1,MVW 39 mm Nam MS050-01,MA NHAT THIEN,5
mww-ms050-01-nam?utm_flashsale=1,MVW 39 mm Nam MS050-01,Dương Thanh Giang,4
mvw-ml051-01-nam?utm_flashsale=1,MVW 43 mm Nam ML051-01,Trang,5
mvw-ml051-01-nam?utm_flashsale=1,MVW 43 mm Nam ML051-01,Khanh,1
mvw-ml051-01-nam?utm_flashsale=1,MVW 43 mm Nam ML051-01,213566 - Nguyễn Đình Thuyết,5
mvw-ml051-01-nam?utm_flashsale=1,MVW 43 mm Nam ML051-01,Thủ Nguyễn,5
mvw-ml051-01-nam?utm_flashsale=1,MVW 43 mm Nam ML051-01,Đoàn Hoàng Ân,5
mvw-ml051-01-nam?utm_flashsale=1,MVW 43 mm Nam ML051-01,Anh Dũng,5
mvw-ml051-01-nam?utm_flashsale=1,MVW 43 mm Nam ML051-01,Anh Quý,4
mvw-ml051-01-nam?utm_flashsale=1,MVW 43 mm Nam ML051-01,Nhật,5
mvw-ml051-01-nam?utm_flashsale=1,MVW 43 mm Nam ML051-01,Tân,4
mvw-ml051-01-nam?utm_flashsale=1,MVW 43 mm Nam ML051-01,Chị Trinh,5
mvw-ml051-01-nam?utm_flashsale=1,MVW 43 mm Nam ML051-01,Nguyễn Thanh Thà,4
mvw-ml051-01-nam?utm_flashsale=1,MVW 43 mm Nam ML051-01,Nguyễn Văn Hên,4
mvw-ml051-01-nam?utm_flashsale=1,MVW 43 mm Nam ML051-01,Nguyễn Bùi,5
mvw-ml051-01-nam?utm_flashsale=1,MVW 43 mm Nam ML051-01,Em Quỳnh,4
mvw-ml051-01-nam?utm_flashsale=1,MVW 43 mm Nam ML051-01,Tiến Nguyễn,4
mvw-ml051-01-nam?utm_flashsale=1,MVW 43 mm Nam ML051-01,Chị Ngọc,5
mvw-ml051-01-nam?utm_flashsale=1,MVW 43 mm Nam ML051-01,Hoàng Thị Nhâm,4
mvw-ml051-01-nam?utm_flashsale=1,MVW 43 mm Nam ML051-01,ĐỖ THỊ THANH HƯƠNG,5
mvw-ml051-01-nam?utm_flashsale=1,MVW 43 mm Nam ML051-01,Hoàng Văn Linh,4
mvw-ml051-01-nam?utm_flashsale=1,MVW 43 mm Nam ML051-01,Anh Chánh,5
mvw-ml051-01-nam?utm_flashsale=1,MVW 43 mm Nam ML051-01,Hải,5
mvw-ml052-02-nam?utm_flashsale=1,MVW 40 mm Nam ML052-02,Lâm Gia Bảo,2
mvw-ml052-02-nam?utm_flashsale=1,MVW 40 mm Nam ML052-02,Anh Thanh,5
mvw-ml052-02-nam?utm_flashsale=1,MVW 40 mm Nam ML052-02,Anh Hoan,5
mvw-ml052-02-nam?utm_flashsale=1,MVW 40 mm Nam ML052-02,Nguyễn Hòa Phước,4
mvw-ml052-02-nam?utm_flashsale=1,MVW 40 mm Nam ML052-02,Đức,1
mvw-ml052-02-nam?utm_flashsale=1,MVW 40 mm Nam ML052-02,Lý Văn Đạo,5
mvw-ml052-02-nam?utm_flashsale=1,MVW 40 mm Nam ML052-02,Ta Duy Tien,5
mvw-ml052-02-nam?utm_flashsale=1,MVW 40 mm Nam ML052-02,LÊ VĂN LONG,3
citizen-em0500-73l-nu?utm_flashsale=1,CITIZEN 32 mm Nữ EM0500-73L,Nguyễn Thị Mai Loan,5
citizen-em0500-73l-nu?utm_flashsale=1,CITIZEN 32 mm Nữ EM0500-73L,Nguyễn Mai,5
citizen-em0500-73l-nu?utm_flashsale=1,CITIZEN 32 mm Nữ EM0500-73L,Tô Thanh Thuỷ,5
citizen-em0500-73l-nu?utm_flashsale=1,CITIZEN 32 mm Nữ EM0500-73L,Vương Hồng Ngân,5
citizen-em0500-73l-nu?utm_flashsale=1,CITIZEN 32 mm Nữ EM0500-73L,Thầy Thuần,3
citizen-em0500-73l-nu?utm_flashsale=1,CITIZEN 32 mm Nữ EM0500-73L,Huỳnh Trung Ngọc Phụng,5
citizen-em0500-73l-nu?utm_flashsale=1,CITIZEN 32 mm Nữ EM0500-73L,Nguyễn Thị Đào,5
elio-es084-01-nu,ELIO 28.5 mm Nữ ES084-01,Nguyễn Thị Hạnh,1
elio-es084-01-nu,ELIO 28.5 mm Nữ ES084-01,Cuc,5
elio-es084-01-nu,ELIO 28.5 mm Nữ ES084-01,Duy,5
elio-es084-01-nu,ELIO 28.5 mm Nữ ES084-01,Ngọc,5
elio-es084-01-nu,ELIO 28.5 mm Nữ ES084-01,Triều,5
elio-es084-01-nu,ELIO 28.5 mm Nữ ES084-01,Khánh Hoà,5
elio-es084-01-nu,ELIO 28.5 mm Nữ ES084-01,VU THI PHUONG,5
elio-es084-01-nu,ELIO 28.5 mm Nữ ES084-01,Thảo,4
elio-el082-01-nu?utm_flashsale=1,ELIO 30 mm Nữ EL082-01,Lê Kim Ngân,5
elio-el082-01-nu?utm_flashsale=1,ELIO 30 mm Nữ EL082-01,Nguyễn Thị Thư,4
elio-el082-01-nu?utm_flashsale=1,ELIO 30 mm Nữ EL082-01,Ho Thi Nhung,5
elio-el082-01-nu?utm_flashsale=1,ELIO 30 mm Nữ EL082-01,Lê Thị Trang,5
elio-el082-01-nu?utm_flashsale=1,ELIO 30 mm Nữ EL082-01,Chị Quỳnh,5
elio-el082-01-nu?utm_flashsale=1,ELIO 30 mm Nữ EL082-01,Chị Quỳnh,5
elio-el082-01-nu?utm_flashsale=1,ELIO 30 mm Nữ EL082-01,Bùi Kim Thanh,5
elio-el082-01-nu?utm_flashsale=1,ELIO 30 mm Nữ EL082-01,Chị Yến Phương,3
elio-el082-01-nu?utm_flashsale=1,ELIO 30 mm Nữ EL082-01,Anh Khánh,5
elio-el082-01-nu?utm_flashsale=1,ELIO 30 mm Nữ EL082-01,Trần Ngô Thế Phiên,5
elio-el082-01-nu?utm_flashsale=1,ELIO 30 mm Nữ EL082-01,Cẩm Tho,5
elio-el082-01-nu?utm_flashsale=1,ELIO 30 mm Nữ EL082-01,Hương,5
elio-el082-01-nu?utm_flashsale=1,ELIO 30 mm Nữ EL082-01,Lam Thi Cam Thu,4
elio-el082-01-nu?utm_flashsale=1,ELIO 30 mm Nữ EL082-01,Chị Linh Đan,4
elio-el082-01-nu?utm_flashsale=1,ELIO 30 mm Nữ EL082-01,Hương,5
elio-el082-01-nu?utm_flashsale=1,ELIO 30 mm Nữ EL082-01,Huỳnh Hoàng Khôi Vũ,4
elio-el082-01-nu?utm_flashsale=1,ELIO 30 mm Nữ EL082-01,Nguyễn Xuân Trường,4
elio-el082-01-nu?utm_flashsale=1,ELIO 30 mm Nữ EL082-01,Phạm Thị Bích,5
q-q-s284j101y-nam,Q&Q 40 mm Nam S284J101Y,Trần Minh Tường,5
q-q-s284j101y-nam,Q&Q 40 mm Nam S284J101Y,Nguyễn Thanh Hùng,2
q-q-s284j101y-nam,Q&Q 40 mm Nam S284J101Y,Nguyễn Xuân Nhật,5
q-q-s284j101y-nam,Q&Q 40 mm Nam S284J101Y,Sơn,4
q-q-s284j101y-nam,Q&Q 40 mm Nam S284J101Y,Anh Oai,4
q-q-s284j101y-nam,Q&Q 40 mm Nam S284J101Y,Lý Văn Vững,5
q-q-s284j101y-nam,Q&Q 40 mm Nam S284J101Y,Chị Trang,5
q-q-s284j101y-nam,Q&Q 40 mm Nam S284J101Y,Vũ Minh Thắng,5
q-q-s284j101y-nam,Q&Q 40 mm Nam S284J101Y,Phạm Ý,5
q-q-s284j101y-nam,Q&Q 40 mm Nam S284J101Y,Minh,3
q-q-s284j101y-nam,Q&Q 40 mm Nam S284J101Y,Trần Mạnh Hoàn,5
q-q-s284j101y-nam,Q&Q 40 mm Nam S284J101Y,Anh Khoa,5
q-q-s284j101y-nam,Q&Q 40 mm Nam S284J101Y,Nguyễn Duy Hùng,3
q-q-s284j101y-nam,Q&Q 40 mm Nam S284J101Y,Ngô Quốc Chí,4
q-q-s398j302y-nam,Q&Q 40 mm Nam S398J302Y,Lý,3
q-q-s398j302y-nam,Q&Q 40 mm Nam S398J302Y,Lang Ngọc Khánh,4
q-q-s398j302y-nam,Q&Q 40 mm Nam S398J302Y,Hồ Tấn Thành,5
q-q-s398j302y-nam,Q&Q 40 mm Nam S398J302Y,TRƯƠNG HỒNG NGỌC,4
q-q-s398j302y-nam,Q&Q 40 mm Nam S398J302Y,Nguyễn Hồng Lĩnh,5
q-q-s398j302y-nam,Q&Q 40 mm Nam S398J302Y,Diệp,4
q-q-s398j302y-nam,Q&Q 40 mm Nam S398J302Y,Chú Tiến,5
q-q-s398j302y-nam,Q&Q 40 mm Nam S398J302Y,Chị Phượng,4
q-q-s398j302y-nam,Q&Q 40 mm Nam S398J302Y,Hoả Ngọc Lượng,5
q-q-s398j302y-nam,Q&Q 40 mm Nam S398J302Y,Đặng Thanh Bình,5
q-q-s398j302y-nam,Q&Q 40 mm Nam S398J302Y,Bùi Minh Thành,5
q-q-s398j302y-nam,Q&Q 40 mm Nam S398J302Y,Nguyễn Thị Nga,5
q-q-s398j302y-nam,Q&Q 40 mm Nam S398J302Y,Chị Phượng,5
dong-ho-nam-mvw-ml064-01,MVW Sport 42 mm Nam ML064-01,Lộc,4
dong-ho-nam-mvw-ml064-01,MVW Sport 42 mm Nam ML064-01,Nguyễn Thành Thảo,5
dong-ho-nam-mvw-ml064-01,MVW Sport 42 mm Nam ML064-01,Hoàng Văn Tư,5
dong-ho-nam-mvw-ml064-01,MVW Sport 42 mm Nam ML064-01,Đinh Văn Tài,5
dong-ho-nam-mvw-ml064-01,MVW Sport 42 mm Nam ML064-01,Nguyễn Phú,5
dong-ho-nam-mvw-ml064-01,MVW Sport 42 mm Nam ML064-01,Thuý,5
dong-ho-nam-mvw-ml064-01,MVW Sport 42 mm Nam ML064-01,Tô Thị Kim Phụng,5
dong-ho-nam-mvw-ml064-01,MVW Sport 42 mm Nam ML064-01,Anh Thanh,5
dong-ho-nam-mvw-ml064-01,MVW Sport 42 mm Nam ML064-01,Tuấn,4
dong-ho-nam-mvw-ml064-01,MVW Sport 42 mm Nam ML064-01,NGUYỄN CAO CƯỜNG,4
dong-ho-nam-mvw-ml064-01,MVW Sport 42 mm Nam ML064-01,Kh Tikok,5
dong-ho-nam-mvw-ml064-01,MVW Sport 42 mm Nam ML064-01,PHẠM HOÀNG TƯ,4
dong-ho-nam-mvw-ml064-01,MVW Sport 42 mm Nam ML064-01,A THÂN,5
dong-ho-nam-mvw-ml064-01,MVW Sport 42 mm Nam ML064-01,Phạm Trọng Nghĩa,5
dong-ho-nam-mvw-ml064-01,MVW Sport 42 mm Nam ML064-01,PHẠM VĂN HÙNG,5
dong-ho-nam-mvw-ml064-01,MVW Sport 42 mm Nam ML064-01,Duong Phat Huy,5
dong-ho-nam-mvw-ml064-01,MVW Sport 42 mm Nam ML064-01,Nguyễn Ngọc Thiện Khoa,4
dong-ho-nam-mvw-ml064-01,MVW Sport 42 mm Nam ML064-01,Nguyễn Hữu Lương,5
dong-ho-nam-mvw-ml064-01,MVW Sport 42 mm Nam ML064-01,MINH PHÁT,5
dong-ho-nam-mvw-ml064-01,MVW Sport 42 mm Nam ML064-01,Nguyen Van Giang,5
dong-ho-nam-mvw-ml064-01,MVW Sport 42 mm Nam ML064-01,Trần Văn Trường,5
dong-ho-nam-mvw-ml064-01,MVW Sport 42 mm Nam ML064-01,HUỲNH LÊ PHONG,5
dong-ho-nam-mvw-ml064-01,MVW Sport 42 mm Nam ML064-01,Diễm Phúc,5
dong-ho-nam-mvw-ml064-01,MVW Sport 42 mm Nam ML064-01,Phan Vũ Anh Minh,4
dong-ho-nam-mvw-ml064-01,MVW Sport 42 mm Nam ML064-01,Anh Hoàng,5
dong-ho-nam-mvw-ml064-01,MVW Sport 42 mm Nam ML064-01,Nguyễn Khắc Thành Đạt,5
elio-el085-02-nu,ELIO 21 x 22 mm Nữ EL085-02,Chị Hương,5
elio-el085-02-nu,ELIO 21 x 22 mm Nữ EL085-02,HÀ NGỌC QUANG,5
elio-el085-02-nu,ELIO 21 x 22 mm Nữ EL085-02,Chị Hồng,4
elio-el085-02-nu,ELIO 21 x 22 mm Nữ EL085-02,Lý,5
elio-el085-02-nu,ELIO 21 x 22 mm Nữ EL085-02,Đông,2
elio-el085-02-nu,ELIO 21 x 22 mm Nữ EL085-02,Chị Duyên,4
elio-el085-02-nu,ELIO 21 x 22 mm Nữ EL085-02,Nguyễn Ngọc,5
elio-el085-02-nu,ELIO 21 x 22 mm Nữ EL085-02,Mỹ Tiên,5
elio-el085-02-nu,ELIO 21 x 22 mm Nữ EL085-02,Đào,5
elio-el085-02-nu,ELIO 21 x 22 mm Nữ EL085-02,NGUYỄN THỊ HỒNG GẤM,5
elio-el085-02-nu,ELIO 21 x 22 mm Nữ EL085-02,Tô Bích Linh,3
elio-el085-02-nu,ELIO 21 x 22 mm Nữ EL085-02,Huỳnh Khiêm An,3
elio-el085-02-nu,ELIO 21 x 22 mm Nữ EL085-02,Lê Thị Hường,4
elio-el085-02-nu,ELIO 21 x 22 mm Nữ EL085-02,Cao Thùy Tiên,5
smile-kid-sl223l-4-tre-em,SMILE KID 34 mm Trẻ em SL223L-4,Nhân,4
smile-kid-sl223l-4-tre-em,SMILE KID 34 mm Trẻ em SL223L-4,Duy,5
smile-kid-sl223l-4-tre-em,SMILE KID 34 mm Trẻ em SL223L-4,Hoàng Văn Linh,5
smile-kid-sl223l-4-tre-em,SMILE KID 34 mm Trẻ em SL223L-4,Chị Chi,5
smile-kid-sl223l-4-tre-em,SMILE KID 34 mm Trẻ em SL223L-4,Lê Thị Mai,5
smile-kid-sl223l-4-tre-em,SMILE KID 34 mm Trẻ em SL223L-4,LÊ THÀNH ĐƯỢC,4
smile-kid-sl223l-4-tre-em,SMILE KID 34 mm Trẻ em SL223L-4,Lê Đoàn Phúc,5
smile-kid-sl223l-4-tre-em,SMILE KID 34 mm Trẻ em SL223L-4,Lâm,5
smile-kid-sl223l-4-tre-em,SMILE KID 34 mm Trẻ em SL223L-4,Yan,5
smile-kid-sl223l-4-tre-em,SMILE KID 34 mm Trẻ em SL223L-4,Nguyễn Khắc Bình,5
smile-kid-sl223l-6-tre-em,SMILE KID 34 mm Trẻ em SL223L-6,NGUYỄN VĂN PHÈN,5
smile-kid-sl223l-6-tre-em,SMILE KID 34 mm Trẻ em SL223L-6,Chị Ly,5
smile-kid-sl223l-6-tre-em,SMILE KID 34 mm Trẻ em SL223L-6,Đinh Văn Huề,4
smile-kid-sl223l-6-tre-em,SMILE KID 34 mm Trẻ em SL223L-6,Anh Tùng,5
smile-kid-sl223l-6-tre-em,SMILE KID 34 mm Trẻ em SL223L-6,Thu,5
smile-kid-sl223l-6-tre-em,SMILE KID 34 mm Trẻ em SL223L-6,Hương,4
orient-ra-ac0j09l10b-nam,ORIENT 42.4 mm Nam RA-AC0J09L10B,A Hải,5
orient-ra-ac0j09l10b-nam,ORIENT 42.4 mm Nam RA-AC0J09L10B,Anh Dương,4
elio-ec004-02-nu,ELIO 28 mm Nữ EC004-02,Nguyễn Hạnh,1
elio-ec004-02-nu,ELIO 28 mm Nữ EC004-02,NGUYỄN THỊ KIM OANH,5
elio-ec004-02-nu,ELIO 28 mm Nữ EC004-02,Chị Duyên,5
elio-ec004-02-nu,ELIO 28 mm Nữ EC004-02,Bùi Hữu Tính,5
elio-ec004-02-nu,ELIO 28 mm Nữ EC004-02,Nguyễn Thị Thuỳ Tiên,5
elio-ec004-02-nu,ELIO 28 mm Nữ EC004-02,LÊ TRẦN THÙY VÂN,5
elio-ec004-02-nu,ELIO 28 mm Nữ EC004-02,Nhi,5
elio-ec004-02-nu,ELIO 28 mm Nữ EC004-02,NGUYỄN VĂN TÂM,4
elio-ec004-02-nu,ELIO 28 mm Nữ EC004-02,Trần Thị Thuý Hằng,5
elio-ec004-02-nu,ELIO 28 mm Nữ EC004-02,Lê Thị Kim Hằng,5
elio-ec004-02-nu,ELIO 28 mm Nữ EC004-02,Thảo,5
elio-ec004-02-nu,ELIO 28 mm Nữ EC004-02,LÊ THỊ YẾN TRANG,5
elio-ec004-02-nu,ELIO 28 mm Nữ EC004-02,Nguyễn Thị Thịnh,5
elio-ec004-02-nu,ELIO 28 mm Nữ EC004-02,Nguyen Thi Mai Anh,5
elio-ec004-02-nu,ELIO 28 mm Nữ EC004-02,Nguyên,5
elio-ec004-02-nu,ELIO 28 mm Nữ EC004-02,Hiền,5
elio-ec004-02-nu,ELIO 28 mm Nữ EC004-02,Hoàng Thị Mai Phương,5
elio-ec004-02-nu,ELIO 28 mm Nữ EC004-02,Lý Thị Kim Ngân,5
elio-ec004-02-nu,ELIO 28 mm Nữ EC004-02,Lê Thị Ngọc Thảo,5
elio-ec004-02-nu,ELIO 28 mm Nữ EC004-02,Vân,3
elio-ec004-02-nu,ELIO 28 mm Nữ EC004-02,Hồng,4
elio-ec004-02-nu,ELIO 28 mm Nữ EC004-02,Chuyên,5
elio-ec004-02-nu,ELIO 28 mm Nữ EC004-02,Nguyễn Trang,5
smile-kid-sl098-02-tre-em,SMILE KID 31 mm Trẻ em SL098-02,Anh Hường,4
smile-kid-sl098-02-tre-em,SMILE KID 31 mm Trẻ em SL098-02,Lê Thị Thùy Trinh,5
smile-kid-sl098-02-tre-em,SMILE KID 31 mm Trẻ em SL098-02,Đặng Thị Thu Phương,4
smile-kid-sl098-02-tre-em,SMILE KID 31 mm Trẻ em SL098-02,Lâm Văn Chia,3
smile-kid-sl098-02-tre-em,SMILE KID 31 mm Trẻ em SL098-02,Thục Oanh,4
smile-kid-sl098-02-tre-em,SMILE KID 31 mm Trẻ em SL098-02,Lâm Văn Chia,4
nakzen-sl4072g-3-nam,NAKZEN 38 mm Nam SL4072G-3,LGD,5
nakzen-ss9006g-7-nam,NAKZEN Hoa & Gió 40 mm Nam SS9006G-7,Nguyễn Quốc Chánh,4
nakzen-ss9006g-7-nam,NAKZEN Hoa & Gió 40 mm Nam SS9006G-7,Võ Lâm Tiến,3
elio-el099-02-nam?utm_flashsale=1,ELIO 40 mm Nam EL099-02,Lường Văn Ngọc,4
elio-el099-02-nam?utm_flashsale=1,ELIO 40 mm Nam EL099-02,Nguyễn Văn Tuấn,4
elio-el099-02-nam?utm_flashsale=1,ELIO 40 mm Nam EL099-02,Bác Hoa,5
elio-el099-02-nam?utm_flashsale=1,ELIO 40 mm Nam EL099-02,Nguyễn Chí Toàn,4
elio-el099-02-nam?utm_flashsale=1,ELIO 40 mm Nam EL099-02,Khánh Duy,4
elio-el099-02-nam?utm_flashsale=1,ELIO 40 mm Nam EL099-02,Nguyễn Thanh Mai,5
elio-el109-01-nam?utm_flashsale=1,ELIO 41 mm Nam EL109-01,Trần Uyên,5
elio-el109-01-nam?utm_flashsale=1,ELIO 41 mm Nam EL109-01,Lâm Hồng Hải,5
elio-el109-01-nam?utm_flashsale=1,ELIO 41 mm Nam EL109-01,Phan Thị Tú Trinh,4
elio-el109-01-nam?utm_flashsale=1,ELIO 41 mm Nam EL109-01,Nguyễn Trọng Khánh,5
elio-el109-01-nam?utm_flashsale=1,ELIO 41 mm Nam EL109-01,Phú,4
elio-el109-01-nam?utm_flashsale=1,ELIO 41 mm Nam EL109-01,Huỳnh Hữu Duy,5
elio-es118-01-nu,ELIO 34 mm Nữ ES118-01,Ngọc Dung,5
elio-es118-01-nu,ELIO 34 mm Nữ ES118-01,Trương Ngọc Huyền,4
elio-es118-01-nu,ELIO 34 mm Nữ ES118-01,Trung,5
elio-es118-01-nu,ELIO 34 mm Nữ ES118-01,Nội Thất Đăng Thắng,5
elio-es118-01-nu,ELIO 34 mm Nữ ES118-01,Võ Thị Ngọc Hạnh,5
elio-es118-01-nu,ELIO 34 mm Nữ ES118-01,Trịnh Thị Ngọc Nhung,5
elio-es118-01-nu,ELIO 34 mm Nữ ES118-01,Thanh,5
elio-es118-01-nu,ELIO 34 mm Nữ ES118-01,Nguyễn Thành Phương,4
elio-es118-01-nu,ELIO 34 mm Nữ ES118-01,Nguyen Thi Truc Linh,3
elio-es118-01-nu,ELIO 34 mm Nữ ES118-01,NGUYỄN THỊ DIỆU OANH,3
elio-es118-01-nu,ELIO 34 mm Nữ ES118-01,Nhung Nguyễn,4
elio-es118-01-nu,ELIO 34 mm Nữ ES118-01,Hạnh,5
elio-es118-01-nu,ELIO 34 mm Nữ ES118-01,Minh,5
elio-es118-01-nu,ELIO 34 mm Nữ ES118-01,Nguyễn Thị Thu Đông,5
elio-es118-01-nu,ELIO 34 mm Nữ ES118-01,Võ Hoàng Trương,5
elio-es118-01-nu,ELIO 34 mm Nữ ES118-01,Nguyễn Tuấn,5
elio-es118-01-nu,ELIO 34 mm Nữ ES118-01,VÕ THANH TUYỀN,4
elio-es118-01-nu,ELIO 34 mm Nữ ES118-01,Thế Anh,5
elio-es118-01-nu,ELIO 34 mm Nữ ES118-01,Phạm Thị Minh Thơm,5
elio-es118-01-nu,ELIO 34 mm Nữ ES118-01,Phạm Thị Thêu,5
elio-es118-01-nu,ELIO 34 mm Nữ ES118-01,Ánh Tuyết,5
elio-es118-01-nu,ELIO 34 mm Nữ ES118-01,NGUYỄN QUỐC VIỆT,5
elio-es118-01-nu,ELIO 34 mm Nữ ES118-01,Vũ Minh Tân,5
elio-es118-01-nu,ELIO 34 mm Nữ ES118-01,Anh Nhanh,5
elio-es119-03-nu,ELIO Flower 32 mm Nữ ES119-03,Phạm Thị Lương,5
elio-es119-03-nu,ELIO Flower 32 mm Nữ ES119-03,Phạm Vũ Nguyệt Thu,5
elio-es119-03-nu,ELIO Flower 32 mm Nữ ES119-03,Châu Hải Đăng,5
elio-es119-03-nu,ELIO Flower 32 mm Nữ ES119-03,Nguyễn Thụy Ngọc Trân,4
elio-es119-03-nu,ELIO Flower 32 mm Nữ ES119-03,Lại Thị Thuý Hằng,3
elio-es119-03-nu,ELIO Flower 32 mm Nữ ES119-03,Hạnh,4
elio-es119-03-nu,ELIO Flower 32 mm Nữ ES119-03,NGUYỄN THỊ THÚY VÂN,4
mvw-ml069-03-nam?utm_flashsale=1,MVW 42 mm Nam ML069-03,Trạng,1
mvw-ml069-03-nam?utm_flashsale=1,MVW 42 mm Nam ML069-03,Trần Công Khanh,5
mvw-ml069-03-nam?utm_flashsale=1,MVW 42 mm Nam ML069-03,Ngô Văn Đại,5
mvw-ml069-03-nam?utm_flashsale=1,MVW 42 mm Nam ML069-03,Chị Đào,5
mvw-ml069-03-nam?utm_flashsale=1,MVW 42 mm Nam ML069-03,Gương,5
mvw-ml069-03-nam?utm_flashsale=1,MVW 42 mm Nam ML069-03,Mạnh Tiến,5
mvw-ml069-03-nam?utm_flashsale=1,MVW 42 mm Nam ML069-03,Hồ Xuân Hảo,4
mvw-ml069-03-nam?utm_flashsale=1,MVW 42 mm Nam ML069-03,Trần Tiến Dũng,5
mvw-ml069-03-nam?utm_flashsale=1,MVW 42 mm Nam ML069-03,SÁNG,5
mvw-ml069-03-nam?utm_flashsale=1,MVW 42 mm Nam ML069-03,Nguyễn Hữu Nghĩa,4
mvw-ml069-03-nam?utm_flashsale=1,MVW 42 mm Nam ML069-03,Cô Nga,5
mvw-ml069-03-nam?utm_flashsale=1,MVW 42 mm Nam ML069-03,Chị Chung,5
mvw-ml069-03-nam?utm_flashsale=1,MVW 42 mm Nam ML069-03,Tran Huu Nhien,4
mvw-ml069-03-nam?utm_flashsale=1,MVW 42 mm Nam ML069-03,Khải,5
mvw-ml069-03-nam?utm_flashsale=1,MVW 42 mm Nam ML069-03,Lê Thị Xuân Thủy,5
mvw-ml069-03-nam?utm_flashsale=1,MVW 42 mm Nam ML069-03,Nguyễn Bích Ngọc,3
mvw-ml069-03-nam?utm_flashsale=1,MVW 42 mm Nam ML069-03,Lê Trung Tính,5
mvw-ml069-03-nam?utm_flashsale=1,MVW 42 mm Nam ML069-03,Lê Tiến Đạt,5
edifice-efv-c110l-1avdf-nam?utm_flashsale=1,EDIFICE CASIO 46.9 mm Nam EFV-C110L-1AVDF,Phan Khắc Dương,5
edifice-efv-c110l-1avdf-nam?utm_flashsale=1,EDIFICE CASIO 46.9 mm Nam EFV-C110L-1AVDF,Phạm Đức Toàn,5
casio-ltp-v002g-7budf-nu?utm_flashsale=1,CASIO 25 mm Nữ LTP-V002G-7BUDF,NGUYỄN THỊ ĐÀO,4
casio-ltp-v002g-7budf-nu?utm_flashsale=1,CASIO 25 mm Nữ LTP-V002G-7BUDF,NGUYỄN VĂN TUẤN,5
casio-ltp-v002g-7budf-nu?utm_flashsale=1,CASIO 25 mm Nữ LTP-V002G-7BUDF,Ý,4
casio-ltp-v002g-7budf-nu?utm_flashsale=1,CASIO 25 mm Nữ LTP-V002G-7BUDF,Nguyễn Thị Thuận,5
casio-mtp-v005l-7b5udf-nam?utm_flashsale=1,CASIO 40 mm Nam MTP-V005L-7B5UDF,Dương Thái Nguyên,3
casio-mtp-v005l-7b5udf-nam?utm_flashsale=1,CASIO 40 mm Nam MTP-V005L-7B5UDF,Võ Văn Ánh,4
casio-mtp-v005l-7b5udf-nam?utm_flashsale=1,CASIO 40 mm Nam MTP-V005L-7B5UDF,Dương Thanh Đệ,5
casio-mtp-v005l-7b5udf-nam?utm_flashsale=1,CASIO 40 mm Nam MTP-V005L-7B5UDF,Phạm Quốc Ngọc,5
casio-mtp-v005l-7b5udf-nam?utm_flashsale=1,CASIO 40 mm Nam MTP-V005L-7B5UDF,Cao Thị Tuyển,4
casio-mtp-v005l-7b5udf-nam?utm_flashsale=1,CASIO 40 mm Nam MTP-V005L-7B5UDF,Ngô Vũ Luân,5
casio-mtp-v005l-7b5udf-nam?utm_flashsale=1,CASIO 40 mm Nam MTP-V005L-7B5UDF,Xuân An,5
casio-mtp-v005l-7b5udf-nam?utm_flashsale=1,CASIO 40 mm Nam MTP-V005L-7B5UDF,Chị Âu,5
casio-mtp-v005l-7b5udf-nam?utm_flashsale=1,CASIO 40 mm Nam MTP-V005L-7B5UDF,Anh Hảo,5
casio-mtp-v005l-7b5udf-nam?utm_flashsale=1,CASIO 40 mm Nam MTP-V005L-7B5UDF,Anh,5
casio-mtp-v005l-7b5udf-nam?utm_flashsale=1,CASIO 40 mm Nam MTP-V005L-7B5UDF,Mai,5
casio-mtp-v005l-7b5udf-nam?utm_flashsale=1,CASIO 40 mm Nam MTP-V005L-7B5UDF,Vũ Hoàng Anh,5
casio-mtp-v005l-7b5udf-nam?utm_flashsale=1,CASIO 40 mm Nam MTP-V005L-7B5UDF,Lập Cư,4
casio-mtp-v005l-7b5udf-nam?utm_flashsale=1,CASIO 40 mm Nam MTP-V005L-7B5UDF,Lê Văn Thuấn,5
casio-mtp-v005l-7b5udf-nam?utm_flashsale=1,CASIO 40 mm Nam MTP-V005L-7B5UDF,Tâm Nguyễn,5
casio-mtp-v005l-7b5udf-nam?utm_flashsale=1,CASIO 40 mm Nam MTP-V005L-7B5UDF,Bùi Trùng Dương,5
casio-mtp-v005l-7b5udf-nam?utm_flashsale=1,CASIO 40 mm Nam MTP-V005L-7B5UDF,Phuong Nguyen,5
elio-el118-01-nu?utm_flashsale=1,ELIO 27 mm Nữ EL118-01,NGUYEN THI KIM ANH,3
elio-el118-01-nu?utm_flashsale=1,ELIO 27 mm Nữ EL118-01,LÝ KIM SƯA,5
elio-el118-01-nu?utm_flashsale=1,ELIO 27 mm Nữ EL118-01,Dương,5
elio-el118-01-nu?utm_flashsale=1,ELIO 27 mm Nữ EL118-01,Lê Bé Đoan,5
elio-el118-01-nu?utm_flashsale=1,ELIO 27 mm Nữ EL118-01,Phạm Thị Thanh Tuyền,5
elio-el118-01-nu?utm_flashsale=1,ELIO 27 mm Nữ EL118-01,Nhi,4
elio-es128-01-nu,ELIO Flower 35 mm Nữ ES128-01,Hà Nguyễn,5
elio-es128-01-nu,ELIO Flower 35 mm Nữ ES128-01,Phước An,5
elio-es128-01-nu,ELIO Flower 35 mm Nữ ES128-01,Võ Ngọc Hạnh Nhi,5
elio-es128-01-nu,ELIO Flower 35 mm Nữ ES128-01,Chị Duyên,5
elio-es128-01-nu,ELIO Flower 35 mm Nữ ES128-01,Lê Quyết,5
elio-es128-01-nu,ELIO Flower 35 mm Nữ ES128-01,Anh Tùng,5
elio-es128-01-nu,ELIO Flower 35 mm Nữ ES128-01,Chị Ty,4
elio-es128-01-nu,ELIO Flower 35 mm Nữ ES128-01,Lê Quỳnh,4
elio-es128-01-nu,ELIO Flower 35 mm Nữ ES128-01,Nguyễn Thanh Hoàng,5
elio-es128-01-nu,ELIO Flower 35 mm Nữ ES128-01,Chị Duyên,3
elio-es128-01-nu,ELIO Flower 35 mm Nữ ES128-01,Trần Nguyễn Hoàng Duy,5
citizen-bm7521-85l-nam,CITIZEN 39 mm Nam BM7521-85L,LÊ CAO TRÍ,5
citizen-bm7521-85l-nam,CITIZEN 39 mm Nam BM7521-85L,Đinh Thiện Toàn,5
citizen-bm7521-85l-nam,CITIZEN 39 mm Nam BM7521-85L,Huỳnh Ngọc Anh,5
citizen-bm7521-85l-nam,CITIZEN 39 mm Nam BM7521-85L,Luân,4
citizen-bm7521-85l-nam,CITIZEN 39 mm Nam BM7521-85L,Phạm Thị Hiệp,4
citizen-ew2591-82d-nu,CITIZEN 29 mm Nữ EW2591-82D,Hoàng,1
mvw-ms083-01-nam,MVW 40 mm Nam MS083-01,Nguyễn Thị Nguyệt,5
mvw-ms083-01-nam,MVW 40 mm Nam MS083-01,Thái,5
mvw-ms083-01-nam,MVW 40 mm Nam MS083-01,Nguyễn Trọng Tấn,5
mvw-ms083-01-nam,MVW 40 mm Nam MS083-01,Nguyễn Trọng Tú,5
mvw-ms083-01-nam,MVW 40 mm Nam MS083-01,Anh Phúc,4
mvw-ms083-01-nam,MVW 40 mm Nam MS083-01,DƯƠNG HỒ VŨ,4
mvw-ms083-01-nam,MVW 40 mm Nam MS083-01,Võ Văn Nhẫn,4
mvw-ms085-02-nam,MVW 43 mm Nam MS085-02,Lê Văn Tuyển,5
mvw-ms085-02-nam,MVW 43 mm Nam MS085-02,Anh Đức,5
mvw-ms085-02-nam,MVW 43 mm Nam MS085-02,Phương,5
mvw-ms085-02-nam,MVW 43 mm Nam MS085-02,Hà Văn Sang,5
mvw-ms085-02-nam,MVW 43 mm Nam MS085-02,Hồ Thanh Tùng,5
mvw-ms085-02-nam,MVW 43 mm Nam MS085-02,Minh,5
mvw-ms085-02-nam,MVW 43 mm Nam MS085-02,Trương Văn Hiền,5
mvw-ms085-02-nam,MVW 43 mm Nam MS085-02,Anh Thái,5
mvw-ms085-02-nam,MVW 43 mm Nam MS085-02,Lý Ngọc Thuận,5
elio-el125-02-nu,ELIO Ngày có em 32 mm Nữ EL125-02,Bich Van,5
elio-el125-02-nu,ELIO Ngày có em 32 mm Nữ EL125-02,H Yop Niê,2
elio-el125-02-nu,ELIO Ngày có em 32 mm Nữ EL125-02,LƯƠNG THỊ BÌNH,5
elio-el125-02-nu,ELIO Ngày có em 32 mm Nữ EL125-02,Nông Văn Nga,5
elio-el125-02-nu,ELIO Ngày có em 32 mm Nữ EL125-02,Giàu,5
elio-el128-05-nu,ELIO Flower 32 mm Nữ EL128-05,Phạm Thị Hạnh,5
elio-el128-05-nu,ELIO Flower 32 mm Nữ EL128-05,Đặng Tấn Tài,4
elio-el128-05-nu,ELIO Flower 32 mm Nữ EL128-05,Ngô Thị Nga,4
elio-el128-05-nu,ELIO Flower 32 mm Nữ EL128-05,Phạm Cẩm Hà,5
elio-el128-05-nu,ELIO Flower 32 mm Nữ EL128-05,Chị Âu,4
elio-el130-01-nu,ELIO 32 mm Nữ EL130-01,Lê Văn Đại,4
elio-el130-01-nu,ELIO 32 mm Nữ EL130-01,Nguyễn Thị Thanh Thúy,4
elio-el130-01-nu,ELIO 32 mm Nữ EL130-01,Nguyễn Thị Thúy,3
elio-ec023-01-nam?utm_flashsale=1,ELIO 40 mm Nam EC023-01,Trần Anh Tuấn,4
elio-ec023-01-nam?utm_flashsale=1,ELIO 40 mm Nam EC023-01,VO ANH TUAN,4
elio-es134-02-nu?utm_flashsale=1,ELIO 36 mm Nữ ES134-02,Lê Bá Lợi,5
elio-es134-02-nu?utm_flashsale=1,ELIO 36 mm Nữ ES134-02,Phi Ngư,4
elio-es134-02-nu?utm_flashsale=1,ELIO 36 mm Nữ ES134-02,Thái,4
elio-es134-02-nu?utm_flashsale=1,ELIO 36 mm Nữ ES134-02,Phan Tuấn T,4
elio-el134-02-nu,ELIO 28 mm Nữ EL134-02,Kim Tiến,4
elio-el134-02-nu,ELIO 28 mm Nữ EL134-02,Phạm Văn Văn,4
eyki-eyl003-01-nu,EYKI 28 mm Nữ EYL003-01,LÂM KHÁNH VI,5
eyki-eyl003-01-nu,EYKI 28 mm Nữ EYL003-01,Truyền,5
eyki-eys008-05-nu?utm_flashsale=1,EYKI 30 mm Nữ EYS008-05,Chú Giang,4
eyki-eys008-05-nu?utm_flashsale=1,EYKI 30 mm Nữ EYS008-05,Trần Thanh Nhàn,4
eyki-eys008-05-nu?utm_flashsale=1,EYKI 30 mm Nữ EYS008-05,Đại,5
eyki-eys008-05-nu?utm_flashsale=1,EYKI 30 mm Nữ EYS008-05,Chị Tiên,4
eyki-eys008-05-nu?utm_flashsale=1,EYKI 30 mm Nữ EYS008-05,Duyên,5
eyki-eys008-05-nu?utm_flashsale=1,EYKI 30 mm Nữ EYS008-05,Anh Chiến,4
eyki-eys008-05-nu?utm_flashsale=1,EYKI 30 mm Nữ EYS008-05,Trần Thị Hoa,5
eyki-eys008-05-nu?utm_flashsale=1,EYKI 30 mm Nữ EYS008-05,Nguyễn Thị Thanh Kim Huệ,5
eyki-eys008-05-nu?utm_flashsale=1,EYKI 30 mm Nữ EYS008-05,Nguyễn Thị Ngọc Bích,5
eyki-eys008-05-nu?utm_flashsale=1,EYKI 30 mm Nữ EYS008-05,Nguyễn Đình Hoàng Văn,5
eyki-eys008-05-nu?utm_flashsale=1,EYKI 30 mm Nữ EYS008-05,Chị Thanh,4
eyki-eys008-05-nu?utm_flashsale=1,EYKI 30 mm Nữ EYS008-05,Phạm Lương Mỹ Hạ,4
eyki-eys008-05-nu?utm_flashsale=1,EYKI 30 mm Nữ EYS008-05,Lai Thị Bạch Tuyết,4
eyki-eys008-05-nu?utm_flashsale=1,EYKI 30 mm Nữ EYS008-05,Vương Phui Phụng,4
smile-kid-sl125-01-tre-em,SMILE KID 30 mm Trẻ em SL125-01,NGUYỄN THỊ XUÂN THANH,5
smile-kid-sl125-01-tre-em,SMILE KID 30 mm Trẻ em SL125-01,Hồ Minh Thảo,4
smile-kid-sl125-01-tre-em,SMILE KID 30 mm Trẻ em SL125-01,NGUYỄN THANH NỮ,5
smile-kid-sl125-01-tre-em,SMILE KID 30 mm Trẻ em SL125-01,TRẦN KIM TRÂN,4
smile-kid-sl125-01-tre-em,SMILE KID 30 mm Trẻ em SL125-01,Nguyễn Kim Hà,5
smile-kid-sl125-01-tre-em,SMILE KID 30 mm Trẻ em SL125-01,LÊ THỊ ANH LƯƠNG,5
smile-kid-sl125-01-tre-em,SMILE KID 30 mm Trẻ em SL125-01,Nguyên,5
smile-kid-sl125-01-tre-em,SMILE KID 30 mm Trẻ em SL125-01,Lê Thanh Hiếu,4
smile-kid-sl125-01-tre-em,SMILE KID 30 mm Trẻ em SL125-01,Anh Tí,3
smile-kid-sl129-02-tre-em,SMILE KID 39.5 mm Trẻ em SL129-02,Lê Thị Tuyền,5
smile-kid-sl129-02-tre-em,SMILE KID 39.5 mm Trẻ em SL129-02,Quách Văn Tới,5
smile-kid-sl129-02-tre-em,SMILE KID 39.5 mm Trẻ em SL129-02,Ho Dang Khoa,5
smile-kid-sl129-02-tre-em,SMILE KID 39.5 mm Trẻ em SL129-02,Trần Ánh Loan,4
smile-kid-sl129-02-tre-em,SMILE KID 39.5 mm Trẻ em SL129-02,Nguyễn Phương Duyên,5
smile-kid-sl129-02-tre-em,SMILE KID 39.5 mm Trẻ em SL129-02,Kha,5
smile-kid-sl129-02-tre-em,SMILE KID 39.5 mm Trẻ em SL129-02,Chị Bé,3
smile-kid-sl129-02-tre-em,SMILE KID 39.5 mm Trẻ em SL129-02,PHẠM MINH HOÀNG,4
smile-kid-sl129-02-tre-em,SMILE KID 39.5 mm Trẻ em SL129-02,Nguyen Thi Hong,4
smile-kid-sl129-02-tre-em,SMILE KID 39.5 mm Trẻ em SL129-02,Liêm,5
smile-kid-sl129-02-tre-em,SMILE KID 39.5 mm Trẻ em SL129-02,Lương Đắc Kim Ngân,5
smile-kid-sl129-02-tre-em,SMILE KID 39.5 mm Trẻ em SL129-02,VÕ THỊ DUNG,4
smile-kid-sl129-02-tre-em,SMILE KID 39.5 mm Trẻ em SL129-02,Trần Quốc Đỉnh,4
smile-kid-sl129-02-tre-em,SMILE KID 39.5 mm Trẻ em SL129-02,DO THI THAO LY,5
smile-kid-sl129-02-tre-em,SMILE KID 39.5 mm Trẻ em SL129-02,Nguyễn Thị Thu Hồng,5
smile-kid-sl129-02-tre-em,SMILE KID 39.5 mm Trẻ em SL129-02,DƯƠNG THỊ LAN,5
smile-kid-sl129-02-tre-em,SMILE KID 39.5 mm Trẻ em SL129-02,Huỳnh Thị Thùy Trang,5
smile-kid-sl129-02-tre-em,SMILE KID 39.5 mm Trẻ em SL129-02,Vu Van Vinh,4
smile-kid-sl129-02-tre-em,SMILE KID 39.5 mm Trẻ em SL129-02,Chi Khánh,5
smile-kid-sl129-02-tre-em,SMILE KID 39.5 mm Trẻ em SL129-02,Chị Phương,4
smile-kid-sl129-02-tre-em,SMILE KID 39.5 mm Trẻ em SL129-02,Lụa,5
mvw-star-msa003-01n-nam,MVW Star Automatic 41.5 mm Nam MSA003-01N,ANH Tuấn,5
mvw-star-msa003-01n-nam,MVW Star Automatic 41.5 mm Nam MSA003-01N,Huỳnh Hoang Viet,5
mvw-star-msa003-01n-nam,MVW Star Automatic 41.5 mm Nam MSA003-01N,Ngân Văn An,2
mvw-star-msa003-01n-nam,MVW Star Automatic 41.5 mm Nam MSA003-01N,Huỳnh Thế Nhân,4
mvw-star-msa003-01n-nam,MVW Star Automatic 41.5 mm Nam MSA003-01N,Tụ,5
mvw-star-msa003-01n-nam,MVW Star Automatic 41.5 mm Nam MSA003-01N,Quang (Xh),5
mvw-star-msa003-01n-nam,MVW Star Automatic 41.5 mm Nam MSA003-01N,Nguyễn Văn Chiêu,5
mvw-star-msa003-01n-nam,MVW Star Automatic 41.5 mm Nam MSA003-01N,Tụ,5
mvw-star-msa003-01n-nam,MVW Star Automatic 41.5 mm Nam MSA003-01N,Hiển Đen,2
mvw-star-msa003-01n-nam,MVW Star Automatic 41.5 mm Nam MSA003-01N,Trần Phúc Nguyên,5
mvw-star-msa003-01n-nam,MVW Star Automatic 41.5 mm Nam MSA003-01N,Tâm,5
mvw-star-msa003-01n-nam,MVW Star Automatic 41.5 mm Nam MSA003-01N,Minh Tâm,5
mvw-star-msa003-01n-nam,MVW Star Automatic 41.5 mm Nam MSA003-01N,85295 - Hoàng Quang Trường,5
mvw-star-msa003-01n-nam,MVW Star Automatic 41.5 mm Nam MSA003-01N,Anh Quý,5
mvw-star-msa003-01n-nam,MVW Star Automatic 41.5 mm Nam MSA003-01N,Trung,4
mvw-star-msa003-01n-nam,MVW Star Automatic 41.5 mm Nam MSA003-01N,Trương Thị Ánh Ngọc,4
mvw-star-msa003-01n-nam,MVW Star Automatic 41.5 mm Nam MSA003-01N,Đăng Thị Thúy,5
mvw-star-msa003-01n-nam,MVW Star Automatic 41.5 mm Nam MSA003-01N,Thái Văn Cường,4
mvw-star-msa003-01n-nam,MVW Star Automatic 41.5 mm Nam MSA003-01N,Khải,5
mvw-star-msa003-01n-nam,MVW Star Automatic 41.5 mm Nam MSA003-01N,Thiện,5
mvw-star-msa003-01n-nam,MVW Star Automatic 41.5 mm Nam MSA003-01N,Huỳnh Văn Khá,5
mvw-star-msa003-01n-nam,MVW Star Automatic 41.5 mm Nam MSA003-01N,Nguyễn Trọng Nghĩa,4
mvw-star-msa003-01n-nam,MVW Star Automatic 41.5 mm Nam MSA003-01N,Bảo Lộc,5
mvw-star-msa003-01n-nam,MVW Star Automatic 41.5 mm Nam MSA003-01N,Việt,5
mvw-star-msa003-01n-nam,MVW Star Automatic 41.5 mm Nam MSA003-01N,Nguyễn Thị Bé Huyền,4
mvw-star-mla004-01n,MVW Star Automatic 41 mm Nam MLA004-01N,Đoàn Công Đẫu,5
mvw-star-mla004-01n,MVW Star Automatic 41 mm Nam MLA004-01N,Nguyễn Đình Thắng,5
mvw-star-mla004-01n,MVW Star Automatic 41 mm Nam MLA004-01N,Lương Ngọc Sơn,5
mvw-star-mla004-01n,MVW Star Automatic 41 mm Nam MLA004-01N,DƯƠNG VĂN DŨNG,2
mvw-star-mla004-01n,MVW Star Automatic 41 mm Nam MLA004-01N,Anh Ú,5
mvw-star-mla004-01n,MVW Star Automatic 41 mm Nam MLA004-01N,Anh Mua,5
mvw-star-mla004-01n,MVW Star Automatic 41 mm Nam MLA004-01N,Anh Thương,5
mvw-star-mla004-01n,MVW Star Automatic 41 mm Nam MLA004-01N,Anh Thương,5
mvw-star-mla004-01n,MVW Star Automatic 41 mm Nam MLA004-01N,Nguyễn Hữu Phúc,5
mvw-star-mla004-01n,MVW Star Automatic 41 mm Nam MLA004-01N,Chị Trang,2
mvw-star-mla004-01n,MVW Star Automatic 41 mm Nam MLA004-01N,Chi Thuý,5
mvw-star-mla004-01n,MVW Star Automatic 41 mm Nam MLA004-01N,Huỳnh Duy Bình,4
mvw-star-mla004-01n,MVW Star Automatic 41 mm Nam MLA004-01N,Trường,5
mvw-star-mla004-01n,MVW Star Automatic 41 mm Nam MLA004-01N,Võ Kim Huỳnh,5
mvw-star-mla004-01n,MVW Star Automatic 41 mm Nam MLA004-01N,Bình,4
mvw-star-mla004-01n,MVW Star Automatic 41 mm Nam MLA004-01N,Khang,5
mvw-star-mla004-01n,MVW Star Automatic 41 mm Nam MLA004-01N,Khang,5
mvw-star-mla004-01n,MVW Star Automatic 41 mm Nam MLA004-01N,Hưng,5
mvw-glory-ms087-01-nam,MVW Glory 43 mm Nam MS087-01,Nguyễn Trần San,5
mvw-glory-ms087-01-nam,MVW Glory 43 mm Nam MS087-01,Cao Ngọc Linh,5
mvw-glory-ms087-01-nam,MVW Glory 43 mm Nam MS087-01,Hồ Nguyễn Tấn Lộc,5
mvw-glory-ms087-01-nam,MVW Glory 43 mm Nam MS087-01,Lê Huỳnh Đức,5
mvw-glory-ms087-01-nam,MVW Glory 43 mm Nam MS087-01,Toàn,5
mvw-glory-ms087-01-nam,MVW Glory 43 mm Nam MS087-01,Hào,5
mvw-glory-ms087-01-nam,MVW Glory 43 mm Nam MS087-01,Anh Hậu,4
mvw-glory-ms087-01-nam,MVW Glory 43 mm Nam MS087-01,Trương Tấn Phát,4
mvw-glory-ms087-01-nam,MVW Glory 43 mm Nam MS087-01,Vũ Anh Tuấn,5
mvw-glory-ms087-01-nam,MVW Glory 43 mm Nam MS087-01,Anh Bảo,5
casio-lwa-300h-7e2vdf-nu,CASIO 42.1 mm Nữ LWA-300H-7E2VDF,Vi Thị Yến,4
casio-lwa-300h-7e2vdf-nu,CASIO 42.1 mm Nữ LWA-300H-7E2VDF,Lê Thị Diễm My,5
casio-lwa-300h-7e2vdf-nu,CASIO 42.1 mm Nữ LWA-300H-7E2VDF,Đặng Thị Thanh Huyền,5
mvw-mla086-04-hv-nam?utm_flashsale=1,MVW Hồn Việt 43 mm Nam MLA086-04-HV,Kim Lee,5
mvw-mla086-04-hv-nam?utm_flashsale=1,MVW Hồn Việt 43 mm Nam MLA086-04-HV,Cao Huy Hoàng,1
elio-es155-01-nu,ELIO Set quà 24 mm Nữ ES155-01,Nguyễn Thị Tuyết Lan,3
mvw-msca004-01-nam?utm_flashsale=1,MVW Galaxy 44 mm Nam MSCA004-01,Thái,5
mvw-msca004-01-nam?utm_flashsale=1,MVW Galaxy 44 mm Nam MSCA004-01,Bùi Trọng Ân,5
mvw-msca004-01-nam?utm_flashsale=1,MVW Galaxy 44 mm Nam MSCA004-01,Võ Duy Kha,5
mvw-msca004-01-nam?utm_flashsale=1,MVW Galaxy 44 mm Nam MSCA004-01,Anh Tiển,5
mvw-msca004-01-nam?utm_flashsale=1,MVW Galaxy 44 mm Nam MSCA004-01,Thanh,5
mvw-msca004-01-nam?utm_flashsale=1,MVW Galaxy 44 mm Nam MSCA004-01,Nguyễn Thanh Trường,5
casio-edifice-efr-526d-3avudf-nam?utm_flashsale=1,EDIFICE CASIO 43.8 mm Nam EFR-526D-3AVUDF,Nguyễn Thanh Tú,3
q-q-g18a-001vy-nam,Q&Q 52.5 mm Nam G18A-001VY,Thơ,4
mvw-ms105-02-nam,MVW Sport 40 mm Nam MS105-02,Chuc,5
baby-g-ba-110nr-8adr-trang,BABY-G BA-110 43 mm Nữ BA-110NR-8ADR,Linh,5
baby-g-ba-110nr-8adr-trang,BABY-G BA-110 43 mm Nữ BA-110NR-8ADR,Đỗ Thị Thảo Sương,4
casio-ltp-v002l-1budf-den,CASIO 25 mm Nữ LTP-V002L-1BUDF,Bùi Tiểu Yến Phụng,5
casio-ltp-v002l-1budf-den,CASIO 25 mm Nữ LTP-V002L-1BUDF,Hồng Gấm,5
casio-ltp-v002l-1budf-den,CASIO 25 mm Nữ LTP-V002L-1BUDF,Hoàng Trung Thông,5
casio-ltp-v002l-1budf-den,CASIO 25 mm Nữ LTP-V002L-1BUDF,Nguyễn Xuân Minh,5
casio-ltp-v002l-1budf-den,CASIO 25 mm Nữ LTP-V002L-1BUDF,K' Bi,4
casio-ltp-v002l-1budf-den,CASIO 25 mm Nữ LTP-V002L-1BUDF,Trần Văn Minh,5
casio-ltp-v002l-1budf-den,CASIO 25 mm Nữ LTP-V002L-1BUDF,Anh Nhị,5
casio-ltp-v002l-1budf-den,CASIO 25 mm Nữ LTP-V002L-1BUDF,PHAN TƯỜNG VI,4
casio-ltp-v002l-1budf-den,CASIO 25 mm Nữ LTP-V002L-1BUDF,Trần Hân Hân,5
casio-ltp-v002l-1budf-den,CASIO 25 mm Nữ LTP-V002L-1BUDF,Nguyễn Đức Hùng,5
casio-ltp-v002l-1budf-den,CASIO 25 mm Nữ LTP-V002L-1BUDF,Cô Duyên,5
casio-ltp-v002l-1budf-den,CASIO 25 mm Nữ LTP-V002L-1BUDF,Nhã My,5
casio-ltp-v002l-1budf-den,CASIO 25 mm Nữ LTP-V002L-1BUDF,Lê Ngọc Ngân,5
casio-ltp-v006gl-7budf-nau?utm_flashsale=1,CASIO 25 mm Nữ LTP-V006GL-7BUDF,Nguyễn Thị Ân,3
casio-ltp-v006gl-7budf-nau?utm_flashsale=1,CASIO 25 mm Nữ LTP-V006GL-7BUDF,Thiện Thảo Vi,5
casio-ltp-v006gl-7budf-nau?utm_flashsale=1,CASIO 25 mm Nữ LTP-V006GL-7BUDF,C Hương,5
casio-ltp-v006gl-7budf-nau?utm_flashsale=1,CASIO 25 mm Nữ LTP-V006GL-7BUDF,Phong,5
casio-ltp-v006gl-7budf-nau?utm_flashsale=1,CASIO 25 mm Nữ LTP-V006GL-7BUDF,Ngô Thành Luân,5
casio-ltp-v006gl-7budf-nau?utm_flashsale=1,CASIO 25 mm Nữ LTP-V006GL-7BUDF,Saj,5
casio-ltp-v006gl-7budf-nau?utm_flashsale=1,CASIO 25 mm Nữ LTP-V006GL-7BUDF,Thiên Nhi,5
casio-ltp-v006gl-7budf-nau?utm_flashsale=1,CASIO 25 mm Nữ LTP-V006GL-7BUDF,Gấm,5
casio-ltp-v006gl-7budf-nau?utm_flashsale=1,CASIO 25 mm Nữ LTP-V006GL-7BUDF,Chú Hổ,5
casio-ltp-v006gl-7budf-nau?utm_flashsale=1,CASIO 25 mm Nữ LTP-V006GL-7BUDF,Trần Ngọc Quí,5
casio-ltp-v006gl-7budf-nau?utm_flashsale=1,CASIO 25 mm Nữ LTP-V006GL-7BUDF,Trương Võ Xuân Bình,5
casio-ltp-v006gl-7budf-nau?utm_flashsale=1,CASIO 25 mm Nữ LTP-V006GL-7BUDF,Hồ Ngọc Hân,3
casio-ltp-1128g-9ardf-vang,CASIO 27 mm Nữ LTP-1128G-9ARDF,Bích Mộng,5
casio-ltp-1128g-9ardf-vang,CASIO 27 mm Nữ LTP-1128G-9ARDF,Chị My,5
casio-ltp-1128g-9ardf-vang,CASIO 27 mm Nữ LTP-1128G-9ARDF,Hoàng Thị Lê,5
casio-ltp-1128g-9ardf-vang,CASIO 27 mm Nữ LTP-1128G-9ARDF,Dương Văn Hải,4
casio-ltp-1128g-9ardf-vang,CASIO 27 mm Nữ LTP-1128G-9ARDF,Bích Mộng,5
casio-ltp-1128g-9ardf-vang,CASIO 27 mm Nữ LTP-1128G-9ARDF,Nguyen Huu Tính,5
casio-ltp-1128g-9ardf-vang,CASIO 27 mm Nữ LTP-1128G-9ARDF,Trần Thị Kim Oanh,4
casio-ltp-1130n-7brdf-vang,CASIO 25.2 mm Nữ LTP-1130N-7BRDF,Anh Bảo,5
casio-ltp-1130n-7brdf-vang,CASIO 25.2 mm Nữ LTP-1130N-7BRDF,Phan Thị Tuyết Nhung,2
casio-ltp-1130n-7brdf-vang,CASIO 25.2 mm Nữ LTP-1130N-7BRDF,Anh Tâm,5
casio-ltp-1130n-7brdf-vang,CASIO 25.2 mm Nữ LTP-1130N-7BRDF,Chị Hồng,5
casio-ltp-1130n-7brdf-vang,CASIO 25.2 mm Nữ LTP-1130N-7BRDF,C Hương,4
casio-ltp-1130n-7brdf-vang,CASIO 25.2 mm Nữ LTP-1130N-7BRDF,Anh Đức,4
casio-ltp-1130n-7brdf-vang,CASIO 25.2 mm Nữ LTP-1130N-7BRDF,NGUYỄN ĐÌNH TRUNG,4
casio-ltp-1130n-7brdf-vang,CASIO 25.2 mm Nữ LTP-1130N-7BRDF,Nguyễn Hoàng Anh Vũ,5
casio-ltp-1241d-4adf-bac,CASIO 25 mm Nữ LTP-1241D-4ADF,Vũ Quốc Uy,5
casio-ltp-1241d-4adf-bac,CASIO 25 mm Nữ LTP-1241D-4ADF,Nguyễn Hoàng Anh,5
casio-ltp-1241d-4adf-bac,CASIO 25 mm Nữ LTP-1241D-4ADF,Châu,5
casio-ltp-1241d-4adf-bac,CASIO 25 mm Nữ LTP-1241D-4ADF,Em Thư,5
casio-ltp-1241d-4adf-bac,CASIO 25 mm Nữ LTP-1241D-4ADF,NGUYỄN THỊ BÍCH TRÂM,4
casio-ltp-1241d-4adf-bac,CASIO 25 mm Nữ LTP-1241D-4ADF,Đặng Kim Ngân,5
casio-ltp-1241d-4adf-bac,CASIO 25 mm Nữ LTP-1241D-4ADF,NGUYỄN THỊ THU DIỄM,4
casio-ltp-1241d-4adf-bac,CASIO 25 mm Nữ LTP-1241D-4ADF,Dương Văn Điều,5
casio-lq-142e-9adf-den?utm_flashsale=1,CASIO 22.4 mm Nữ LQ-142E-9ADF,Mai,5
casio-lq-142e-9adf-den?utm_flashsale=1,CASIO 22.4 mm Nữ LQ-142E-9ADF,Linh,5
casio-lq-142e-9adf-den?utm_flashsale=1,CASIO 22.4 mm Nữ LQ-142E-9ADF,Lý Thị Cẩm Nhung,5
casio-lq-142e-9adf-den?utm_flashsale=1,CASIO 22.4 mm Nữ LQ-142E-9ADF,Chị Yến,4
casio-lq-142e-9adf-den?utm_flashsale=1,CASIO 22.4 mm Nữ LQ-142E-9ADF,NGUYEN THI HUYNH LIEN,5
casio-lq-142e-9adf-den?utm_flashsale=1,CASIO 22.4 mm Nữ LQ-142E-9ADF,A Tùng,4
casio-lq-142e-9adf-den?utm_flashsale=1,CASIO 22.4 mm Nữ LQ-142E-9ADF,Ngoc Tram,5
casio-lq-142e-9adf-den?utm_flashsale=1,CASIO 22.4 mm Nữ LQ-142E-9ADF,Nguyễn Thị Huyền,3
casio-lq-142e-9adf-den?utm_flashsale=1,CASIO 22.4 mm Nữ LQ-142E-9ADF,Võ Hoài Thương,5
casio-lq-142e-9adf-den?utm_flashsale=1,CASIO 22.4 mm Nữ LQ-142E-9ADF,121909 - Phạm Thị Yến Bình,3
casio-lq-142e-9adf-den?utm_flashsale=1,CASIO 22.4 mm Nữ LQ-142E-9ADF,Nguyễn Thị Bích Thuỷ,4
casio-lq-142e-9adf-den?utm_flashsale=1,CASIO 22.4 mm Nữ LQ-142E-9ADF,Phiến Đà,5
casio-lq-142e-9adf-den?utm_flashsale=1,CASIO 22.4 mm Nữ LQ-142E-9ADF,Ngô Anh Tuệ,4
casio-lq-142e-9adf-den?utm_flashsale=1,CASIO 22.4 mm Nữ LQ-142E-9ADF,Võ Thị Thanh Vân,5
citizen-eq0593-85p-vang,CITIZEN 26.5 mm Nữ EQ0593-85P,Đào Anh Dũng,5
citizen-eq0593-85p-vang,CITIZEN 26.5 mm Nữ EQ0593-85P,Hòa,5
citizen-eq0593-85p-vang,CITIZEN 26.5 mm Nữ EQ0593-85P,Nguyễn Trần Minh Châu,1
citizen-eq0593-85p-vang,CITIZEN 26.5 mm Nữ EQ0593-85P,Anh Hoan,5
citizen-eq0593-85p-vang,CITIZEN 26.5 mm Nữ EQ0593-85P,Hải,5
citizen-eq0593-85p-vang,CITIZEN 26.5 mm Nữ EQ0593-85P,Trần Nhật Tâm,4
citizen-eq0593-85p-vang,CITIZEN 26.5 mm Nữ EQ0593-85P,Việt Anh Bùi,4
citizen-eq0593-85p-vang,CITIZEN 26.5 mm Nữ EQ0593-85P,ĐỖ VĂN ÚT,4
citizen-eq0593-85p-vang,CITIZEN 26.5 mm Nữ EQ0593-85P,Nguyễn Tự Cường,3
citizen-eq0593-85p-vang,CITIZEN 26.5 mm Nữ EQ0593-85P,Nguyễn Trần Vy Hạ,5
citizen-eq0593-85p-vang,CITIZEN 26.5 mm Nữ EQ0593-85P,MAI,5
citizen-eu6094-53a-trang,CITIZEN 28 mm Nữ EU6094-53A,Đỗ Văn Quỳnh,4
citizen-eu6094-53a-trang,CITIZEN 28 mm Nữ EU6094-53A,Giang,5
citizen-eu6094-53a-trang,CITIZEN 28 mm Nữ EU6094-53A,Cô Loan,4
citizen-eu6094-53a-trang,CITIZEN 28 mm Nữ EU6094-53A,Chị Luân,5
citizen-eu6094-53a-trang,CITIZEN 28 mm Nữ EU6094-53A,Quảng,3
citizen-eu6094-53a-trang,CITIZEN 28 mm Nữ EU6094-53A,Chị Huyền,5
citizen-nh8350-08a-trang,CITIZEN Mechanical 42 mm Nam NH8350-08A,Nguyễn Văn Tân,1
citizen-nh8350-08a-trang,CITIZEN Mechanical 42 mm Nam NH8350-08A,Nguyễn Công Viêt,5
citizen-nh8350-08a-trang,CITIZEN Mechanical 42 mm Nam NH8350-08A,Phan Thanh Tứ,4
citizen-nh8350-08a-trang,CITIZEN Mechanical 42 mm Nam NH8350-08A,Long,4
citizen-nh8350-08a-trang,CITIZEN Mechanical 42 mm Nam NH8350-08A,Đức Anh,4
citizen-nh8350-08a-trang,CITIZEN Mechanical 42 mm Nam NH8350-08A,Phùng Văn Đức,5
citizen-nh8350-08a-trang,CITIZEN Mechanical 42 mm Nam NH8350-08A,Anh Tài,4
citizen-nh8350-08a-trang,CITIZEN Mechanical 42 mm Nam NH8350-08A,Đạt,5
citizen-nh8350-08a-trang,CITIZEN Mechanical 42 mm Nam NH8350-08A,Tiến,3
citizen-nh8350-08a-trang,CITIZEN Mechanical 42 mm Nam NH8350-08A,Anh Nghi,5
citizen-nh8350-08a-trang,CITIZEN Mechanical 42 mm Nam NH8350-08A,Trung,5
citizen-nh8350-59e-den,CITIZEN 40 mm Nam NH8350-59E,Dương Vũ Giang,5
citizen-nh8350-59e-den,CITIZEN 40 mm Nam NH8350-59E,Nguyễn Trung Kiên,5
citizen-nh8350-83a-trang,CITIZEN Mechanical 40 mm Nam NH8350-83A,Nguyễn Lâm Hồ,1
citizen-nh8350-83a-trang,CITIZEN Mechanical 40 mm Nam NH8350-83A,Ngô Văn Dần,2
citizen-nh8350-83a-trang,CITIZEN Mechanical 40 mm Nam NH8350-83A,Đức Tài,3
citizen-nh8350-83a-trang,CITIZEN Mechanical 40 mm Nam NH8350-83A,Quach Sy Tuan,5
citizen-nh8350-83a-trang,CITIZEN Mechanical 40 mm Nam NH8350-83A,Trần Dũng,4
citizen-nh8350-83a-trang,CITIZEN Mechanical 40 mm Nam NH8350-83A,LÊ NGỌC TÍN,5
citizen-nh8350-83a-trang,CITIZEN Mechanical 40 mm Nam NH8350-83A,A Thịnh,3
citizen-nh8350-83a-trang,CITIZEN Mechanical 40 mm Nam NH8350-83A,Nguyễn Ngọc Nam,5
citizen-nh8350-83a-trang,CITIZEN Mechanical 40 mm Nam NH8350-83A,Nguyễn Hoàng Hữu Lộc,5
citizen-nh8350-83a-trang,CITIZEN Mechanical 40 mm Nam NH8350-83A,Nguyễn Hoàng Tuấn Anh,5
citizen-nh8350-83a-trang,CITIZEN Mechanical 40 mm Nam NH8350-83A,Thảo,4
citizen-nh8350-83a-trang,CITIZEN Mechanical 40 mm Nam NH8350-83A,Châu Trần Công Đạt,5
citizen-nh8350-83a-trang,CITIZEN Mechanical 40 mm Nam NH8350-83A,Lê Hoàng Ngang,5
citizen-nh8350-83a-trang,CITIZEN Mechanical 40 mm Nam NH8350-83A,Le Van Sanh,5
citizen-nh8350-83a-trang,CITIZEN Mechanical 40 mm Nam NH8350-83A,Quý,4
citizen-nh8350-83a-trang,CITIZEN Mechanical 40 mm Nam NH8350-83A,Trí,5
citizen-nh8365-19f-den?utm_flashsale=1,CITIZEN Mechanical 41.1 mm Nam NH8365-19F,Anh Kha,3
citizen-nh8365-19f-den?utm_flashsale=1,CITIZEN Mechanical 41.1 mm Nam NH8365-19F,HUYNH HUNG THINH,5
citizen-nh8365-19f-den?utm_flashsale=1,CITIZEN Mechanical 41.1 mm Nam NH8365-19F,Tuấn,4
citizen-nh8365-19f-den?utm_flashsale=1,CITIZEN Mechanical 41.1 mm Nam NH8365-19F,Chị Cám,5
citizen-nh8365-19f-den?utm_flashsale=1,CITIZEN Mechanical 41.1 mm Nam NH8365-19F,NGUYỄN AN KHANG,4
citizen-nh8365-19f-den?utm_flashsale=1,CITIZEN Mechanical 41.1 mm Nam NH8365-19F,Hùng,5
citizen-nh8365-19f-den?utm_flashsale=1,CITIZEN Mechanical 41.1 mm Nam NH8365-19F,Tuấn Tú,4
citizen-nh8365-19f-den?utm_flashsale=1,CITIZEN Mechanical 41.1 mm Nam NH8365-19F,Thứ,2
citizen-nh8365-19f-den?utm_flashsale=1,CITIZEN Mechanical 41.1 mm Nam NH8365-19F,A Phúc,4
citizen-nh8350-83e-den,CITIZEN Mechanical 40 mm Nam NH8350-83E,Anh Thọ,4
citizen-nh8350-83e-den,CITIZEN Mechanical 40 mm Nam NH8350-83E,NGUYỄN VIỆT ANH,5
citizen-nh8350-83e-den,CITIZEN Mechanical 40 mm Nam NH8350-83E,Nguyễn Văn Cảnh,2
citizen-nh8350-83e-den,CITIZEN Mechanical 40 mm Nam NH8350-83E,Phạm Đức Toàn,5
citizen-nh8350-83e-den,CITIZEN Mechanical 40 mm Nam NH8350-83E,Đức Nguyễn,5
citizen-nh8350-83e-den,CITIZEN Mechanical 40 mm Nam NH8350-83E,Lê . Quang,5
citizen-nh8350-83e-den,CITIZEN Mechanical 40 mm Nam NH8350-83E,Quang Uy,5
citizen-nh8350-83e-den,CITIZEN Mechanical 40 mm Nam NH8350-83E,Nguyễn Đức Trọng,5
citizen-nh8350-83e-den,CITIZEN Mechanical 40 mm Nam NH8350-83E,Ngô Quang Thắng,5
citizen-nh8350-83e-den,CITIZEN Mechanical 40 mm Nam NH8350-83E,Tâm,5
citizen-nh8350-83e-den,CITIZEN Mechanical 40 mm Nam NH8350-83E,Trương Thái Dương,5
citizen-nh8350-83e-den,CITIZEN Mechanical 40 mm Nam NH8350-83E,Anh An,4
citizen-nh8350-83e-den,CITIZEN Mechanical 40 mm Nam NH8350-83E,Việt,4
citizen-nh8350-83e-den,CITIZEN Mechanical 40 mm Nam NH8350-83E,Mai Văn Tưởng,5
citizen-nh8350-83e-den,CITIZEN Mechanical 40 mm Nam NH8350-83E,Chú Bình,4
citizen-nh8350-83e-den,CITIZEN Mechanical 40 mm Nam NH8350-83E,Nguyễn Văn Vân,5
citizen-nh8350-83e-den,CITIZEN Mechanical 40 mm Nam NH8350-83E,Trà,5
citizen-nh8350-83e-den,CITIZEN Mechanical 40 mm Nam NH8350-83E,Trần Thanh Thu Tâm,4
citizen-nh8350-83e-den,CITIZEN Mechanical 40 mm Nam NH8350-83E,Quang,5
dong-ho-automatic-nam-day-kim-loai-citizen-nh8356-87a,CITIZEN Mechanical 40 mm Nam NH8356-87A,Anh Phương,4
dong-ho-automatic-nam-day-kim-loai-citizen-nh8356-87a,CITIZEN Mechanical 40 mm Nam NH8356-87A,A Thư,1
dong-ho-automatic-nam-day-kim-loai-citizen-nh8356-87a,CITIZEN Mechanical 40 mm Nam NH8356-87A,Chị Thuý,5
dong-ho-automatic-nam-day-kim-loai-citizen-nh8356-87a,CITIZEN Mechanical 40 mm Nam NH8356-87A,CÔNG TY TNHH MỘT THÀNH VIÊN TRÍ NHÂN,1
dong-ho-automatic-nam-day-kim-loai-citizen-nh8356-87a,CITIZEN Mechanical 40 mm Nam NH8356-87A,Bình,1
dong-ho-automatic-nam-day-kim-loai-citizen-nh8356-87a,CITIZEN Mechanical 40 mm Nam NH8356-87A,NGUYỄN NGỌC MINH TUẤN,5
dong-ho-automatic-nam-day-kim-loai-citizen-nh8356-87a,CITIZEN Mechanical 40 mm Nam NH8356-87A,NGUYỄN HẢI SƠN,5
dong-ho-automatic-nam-day-kim-loai-citizen-nh8356-87a,CITIZEN Mechanical 40 mm Nam NH8356-87A,Anh Khoa,1
dong-ho-kim-nam-day-kim-loai-citizen-bi5056-58a,CITIZEN 41.8 mm Nam BI5056-58A,Phạm Huy Sang,4
dong-ho-kim-nam-day-kim-loai-citizen-bi5056-58a,CITIZEN 41.8 mm Nam BI5056-58A,202270785045,4
dong-ho-kim-nam-day-kim-loai-citizen-bi5056-58a,CITIZEN 41.8 mm Nam BI5056-58A,Hằng,5
dong-ho-kim-nam-day-kim-loai-citizen-bi5056-58a,CITIZEN 41.8 mm Nam BI5056-58A,Nguyễn Thắng,4
dong-ho-kim-nam-day-kim-loai-citizen-bi5056-58a,CITIZEN 41.8 mm Nam BI5056-58A,Đặng Thị Thùy Vương,4
dong-ho-kim-nu-day-kim-loai-citizen-er0205-80x-hon?utm_flashsale=1,CITIZEN 26.5 mm Nữ ER0205-80X,Thao,1
dong-ho-kim-nu-day-kim-loai-citizen-er0205-80x-hon?utm_flashsale=1,CITIZEN 26.5 mm Nữ ER0205-80X,Nguyễn Tuyền,1
dong-ho-kim-nu-day-kim-loai-citizen-er0205-80x-hon?utm_flashsale=1,CITIZEN 26.5 mm Nữ ER0205-80X,VŨ THỊ HỒNG MẾN,5
dong-ho-kim-nu-day-kim-loai-citizen-er0205-80x-hon?utm_flashsale=1,CITIZEN 26.5 mm Nữ ER0205-80X,Chị Mai,4
dong-ho-kim-nu-day-kim-loai-citizen-er0205-80x-hon?utm_flashsale=1,CITIZEN 26.5 mm Nữ ER0205-80X,Hiếu,4
dong-ho-kim-nu-day-kim-loai-citizen-er0205-80x-hon?utm_flashsale=1,CITIZEN 26.5 mm Nữ ER0205-80X,Anh Tuấn,5
dong-ho-kim-nu-day-kim-loai-citizen-er0205-80x-hon?utm_flashsale=1,CITIZEN 26.5 mm Nữ ER0205-80X,Ngô Thị Van An,2
dong-ho-kim-nu-day-kim-loai-citizen-er0205-80x-hon?utm_flashsale=1,CITIZEN 26.5 mm Nữ ER0205-80X,Nguyễn Văn Đùng,2
dong-ho-kim-nu-day-kim-loai-citizen-er0205-80x-hon?utm_flashsale=1,CITIZEN 26.5 mm Nữ ER0205-80X,Xuân Vy,5
dong-ho-kim-nu-day-kim-loai-citizen-er0205-80x-hon?utm_flashsale=1,CITIZEN 26.5 mm Nữ ER0205-80X,Lê Thị Liên,5
dong-ho-kim-nu-day-kim-loai-citizen-er0205-80x-hon?utm_flashsale=1,CITIZEN 26.5 mm Nữ ER0205-80X,Xuân Vy,5
orient-fgw01002w0-nam?utm_flashsale=1,ORIENT 38 mm Nam FGW01002W0,Huỳnh Nhựt Duy,4
orient-fgw01002w0-nam?utm_flashsale=1,ORIENT 38 mm Nam FGW01002W0,Anh Khôi,4
orient-fgw01002w0-nam?utm_flashsale=1,ORIENT 38 mm Nam FGW01002W0,Trần Minh Thuận,5
orient-fgw01002w0-nam?utm_flashsale=1,ORIENT 38 mm Nam FGW01002W0,Anh Lê Ngọc Phượng,5
orient-fgw01002w0-nam?utm_flashsale=1,ORIENT 38 mm Nam FGW01002W0,VŨ VĂN HOẢN,4
orient-fgw01002w0-nam?utm_flashsale=1,ORIENT 38 mm Nam FGW01002W0,A Minh,5
orient-fgw01002w0-nam?utm_flashsale=1,ORIENT 38 mm Nam FGW01002W0,TRẦN VIẾT LÊ,5
orient-fgw01002w0-nam?utm_flashsale=1,ORIENT 38 mm Nam FGW01002W0,PHẠM THỊ MỸ LỘC,5
orient-fgw01002w0-nam?utm_flashsale=1,ORIENT 38 mm Nam FGW01002W0,Lưu Anh Tuấn,4
orient-fgw01002w0-nam?utm_flashsale=1,ORIENT 38 mm Nam FGW01002W0,Nguyễn Phúc Hậu,5
orient-fgw01001w0-nam,ORIENT 38 mm Nam FGW01001W0,Hà Văn Hoàng,3
orient-fgw01001w0-nam,ORIENT 38 mm Nam FGW01001W0,Phan Quốc Vươn,4
orient-fgw01001w0-nam,ORIENT 38 mm Nam FGW01001W0,Tran Doan Lam,5
orient-fgw01001w0-nam,ORIENT 38 mm Nam FGW01001W0,Đào Việt,5
orient-fgw01001w0-nam,ORIENT 38 mm Nam FGW01001W0,Phạm Tuấn Thành,4
orient-fgw01001w0-nam,ORIENT 38 mm Nam FGW01001W0,Phạm Thế Kỷ,5
orient-fgw01001w0-nam,ORIENT 38 mm Nam FGW01001W0,Nguyễn Thị Ngọc Trang,5
orient-fgw01001w0-nam,ORIENT 38 mm Nam FGW01001W0,Thành,5
orient-fgw01001w0-nam,ORIENT 38 mm Nam FGW01001W0,VO TRUONG PHUONG NAM,5
orient-fgw01001w0-nam,ORIENT 38 mm Nam FGW01001W0,Nguyễn Văn Nam,5
orient-fgw01001w0-nam,ORIENT 38 mm Nam FGW01001W0,Quang,5
orient-fgw01001w0-nam,ORIENT 38 mm Nam FGW01001W0,Khải,4
orient-fgw01001w0-nam,ORIENT 38 mm Nam FGW01001W0,Bùi Văn Dũ,4
orient-fgw01001w0-nam,ORIENT 38 mm Nam FGW01001W0,Bùi Văn Dũ,4
orient-fgw01001w0-nam,ORIENT 38 mm Nam FGW01001W0,A Sơn,5
orient-fgw01003w0-nam,ORIENT 37.9 mm Nam FGW01003W0,Lê Văn Tuấn,5
orient-fgw01003w0-nam,ORIENT 37.9 mm Nam FGW01003W0,Nguyễn Triệu,5
orient-fgw01003w0-nam,ORIENT 37.9 mm Nam FGW01003W0,Nhi,1
orient-fgw01003w0-nam,ORIENT 37.9 mm Nam FGW01003W0,TRẦN THANH TOÀN,3
orient-fgw01003w0-nam,ORIENT 37.9 mm Nam FGW01003W0,Nguyễn Hải Đăng,4
orient-fgw01003w0-nam,ORIENT 37.9 mm Nam FGW01003W0,Nguyễn Hoàng Quân,4
orient-fgw01003w0-nam,ORIENT 37.9 mm Nam FGW01003W0,Trần Hoàng Huy,1
orient-fgw01003w0-nam,ORIENT 37.9 mm Nam FGW01003W0,AN VĂN KHOAN,5
orient-fgw01003w0-nam,ORIENT 37.9 mm Nam FGW01003W0,Cường,5
orient-fgw01003w0-nam,ORIENT 37.9 mm Nam FGW01003W0,Anh,5
orient-fgw01003w0-nam,ORIENT 37.9 mm Nam FGW01003W0,NGUYỄN CHÍ NHỚ,5
orient-fgw01003w0-nam,ORIENT 37.9 mm Nam FGW01003W0,C Uyên,4
orient-fgw01003w0-nam,ORIENT 37.9 mm Nam FGW01003W0,NGUYỄN TRUNG TUẤN,4
orient-tag02005w0-nam-co-tu-dong,ORIENT 41 mm Nam TAG02005W0,Trần Minh Khánh,5
orient-tag02005w0-nam-co-tu-dong,ORIENT 41 mm Nam TAG02005W0,Thức,5
orient-tag02005w0-nam-co-tu-dong,ORIENT 41 mm Nam TAG02005W0,Anh Tân,4
orient-tag02005w0-nam-co-tu-dong,ORIENT 41 mm Nam TAG02005W0,Tiến,4
orient-tag02005w0-nam-co-tu-dong,ORIENT 41 mm Nam TAG02005W0,Anh Lượng,4
orient-tag02005w0-nam-co-tu-dong,ORIENT 41 mm Nam TAG02005W0,Phạm Văn Thuân,5
orient-tag02005w0-nam-co-tu-dong,ORIENT 41 mm Nam TAG02005W0,A Trung,5
orient-tag02005w0-nam-co-tu-dong,ORIENT 41 mm Nam TAG02005W0,Anh Tấn,5
orient-tag02005w0-nam-co-tu-dong,ORIENT 41 mm Nam TAG02005W0,Tín Phạm Thương,3
orient-tag02005w0-nam-co-tu-dong,ORIENT 41 mm Nam TAG02005W0,TRẦN BÁ THÁC,2
orient-tag02005w0-nam-co-tu-dong,ORIENT 41 mm Nam TAG02005W0,Nguyễn Quốc Thông,5
orient-fag00001s0-nam-co-tu-dong,ORIENT Bambino 42.5 mm Nam FAG00001S0,Linh,5
orient-fag00001s0-nam-co-tu-dong,ORIENT Bambino 42.5 mm Nam FAG00001S0,Sáng,5
orient-fag00001s0-nam-co-tu-dong,ORIENT Bambino 42.5 mm Nam FAG00001S0,Lê Quý,5
orient-fag00001s0-nam-co-tu-dong,ORIENT Bambino 42.5 mm Nam FAG00001S0,Cường,5
orient-fag00001s0-nam-co-tu-dong,ORIENT Bambino 42.5 mm Nam FAG00001S0,NGUYỄN VĂN CƯỜNG,4
orient-fag00001s0-nam-co-tu-dong,ORIENT Bambino 42.5 mm Nam FAG00001S0,Bình,3
orient-fag00001s0-nam-co-tu-dong,ORIENT Bambino 42.5 mm Nam FAG00001S0,Anh Trứ,5
orient-fag00001t0-nam-co-tu-dong,ORIENT Bambino 42.5 mm Nam FAG00001T0,Phượng,3
orient-fag00001t0-nam-co-tu-dong,ORIENT Bambino 42.5 mm Nam FAG00001T0,Anh Vân,5
orient-fag00001t0-nam-co-tu-dong,ORIENT Bambino 42.5 mm Nam FAG00001T0,Trương Thuận Phát,5
orient-fag00001t0-nam-co-tu-dong,ORIENT Bambino 42.5 mm Nam FAG00001T0,Bùi Thị Bích Tuyền,5
orient-fag00001t0-nam-co-tu-dong,ORIENT Bambino 42.5 mm Nam FAG00001T0,Minh Vủ,5
orient-fag00001t0-nam-co-tu-dong,ORIENT Bambino 42.5 mm Nam FAG00001T0,Thái Trọng Nghĩa,4
orient-fag00001t0-nam-co-tu-dong,ORIENT Bambino 42.5 mm Nam FAG00001T0,Đinh Văn Hiến,5
orient-fag00001t0-nam-co-tu-dong,ORIENT Bambino 42.5 mm Nam FAG00001T0,Dung,3
orient-fag00001t0-nam-co-tu-dong,ORIENT Bambino 42.5 mm Nam FAG00001T0,Tùng,5
orient-ra-ag0001s10b-nam-co-tu-dong,ORIENT Bambino 40 mm Nam RA-AG0001S10B,Nguyễn Đức Vịnh,5
orient-ra-ag0001s10b-nam-co-tu-dong,ORIENT Bambino 40 mm Nam RA-AG0001S10B,A Tâm,4
orient-ra-ag0001s10b-nam-co-tu-dong,ORIENT Bambino 40 mm Nam RA-AG0001S10B,Lý Thanh Truyền,5
orient-ra-ag0001s10b-nam-co-tu-dong,ORIENT Bambino 40 mm Nam RA-AG0001S10B,Ngô Văn Thiện,5
orient-ra-ag0001s10b-nam-co-tu-dong,ORIENT Bambino 40 mm Nam RA-AG0001S10B,A Lộc,2
orient-ra-ag0001s10b-nam-co-tu-dong,ORIENT Bambino 40 mm Nam RA-AG0001S10B,Nguyễn Tài Tú,1
orient-ra-ag0001s10b-nam-co-tu-dong,ORIENT Bambino 40 mm Nam RA-AG0001S10B,Hùng,5
orient-ra-ag0001s10b-nam-co-tu-dong,ORIENT Bambino 40 mm Nam RA-AG0001S10B,Nguyễn Đức Vịnh,5
orient-ra-ag0001s10b-nam-co-tu-dong,ORIENT Bambino 40 mm Nam RA-AG0001S10B,Nguyễn Minh Tâm,5
citizen-eq9062-58e-nu,CITIZEN 34.1 mm Nữ EQ9062-58E,Phạm Văn Hậu,5
dong-ho-nam-orient-fag02003w0-nam-co-tu-dong,ORIENT 41 mm Nam FAG02003W0,Ngân,5
dong-ho-nam-orient-fag02003w0-nam-co-tu-dong,ORIENT 41 mm Nam FAG02003W0,LÊ VĂN HOÀ,3
dong-ho-nam-orient-fag02003w0-nam-co-tu-dong,ORIENT 41 mm Nam FAG02003W0,Chú Dũng,4
dong-ho-nam-orient-fag02003w0-nam-co-tu-dong,ORIENT 41 mm Nam FAG02003W0,Mỹ,5
dong-ho-nam-orient-fag02003w0-nam-co-tu-dong,ORIENT 41 mm Nam FAG02003W0,ANH CAO,1
dong-ho-nam-orient-fag02003w0-nam-co-tu-dong,ORIENT 41 mm Nam FAG02003W0,ĐỒNG QUỐC TUẤN,4
dong-ho-nam-orient-fag02003w0-nam-co-tu-dong,ORIENT 41 mm Nam FAG02003W0,Nguyễn Trung Tín,4
orient-ra-ap0004s10b-nam?utm_flashsale=1,ORIENT Bambino 40.5 mm Nam RA-AP0004S10B,Anh Dũng,3
orient-ra-ap0004s10b-nam?utm_flashsale=1,ORIENT Bambino 40.5 mm Nam RA-AP0004S10B,Anh Liên,4
orient-ra-ap0004s10b-nam?utm_flashsale=1,ORIENT Bambino 40.5 mm Nam RA-AP0004S10B,Nguyễn Thái Bình,5
orient-ra-ap0004s10b-nam?utm_flashsale=1,ORIENT Bambino 40.5 mm Nam RA-AP0004S10B,Công,1
orient-ra-ap0004s10b-nam?utm_flashsale=1,ORIENT Bambino 40.5 mm Nam RA-AP0004S10B,Nhung Ngô,5
casio-mtp-v006gl-7budf-nam?utm_flashsale=1,CASIO 38 mm Nam MTP-V006GL-7BUDF,Ngọc Hân,5
casio-mtp-v006gl-7budf-nam?utm_flashsale=1,CASIO 38 mm Nam MTP-V006GL-7BUDF,Đăng,5
casio-mtp-v006gl-7budf-nam?utm_flashsale=1,CASIO 38 mm Nam MTP-V006GL-7BUDF,Nguyễn Văn Minh,5
casio-mtp-v006gl-7budf-nam?utm_flashsale=1,CASIO 38 mm Nam MTP-V006GL-7BUDF,Huy,5
casio-mtp-v006gl-7budf-nam?utm_flashsale=1,CASIO 38 mm Nam MTP-V006GL-7BUDF,An,4
casio-mtp-v006gl-7budf-nam?utm_flashsale=1,CASIO 38 mm Nam MTP-V006GL-7BUDF,Nguyễn Thị Mỹ Linh,3
casio-mtp-v006gl-7budf-nam?utm_flashsale=1,CASIO 38 mm Nam MTP-V006GL-7BUDF,Trần Trí Dững,5
casio-mtp-v006gl-7budf-nam?utm_flashsale=1,CASIO 38 mm Nam MTP-V006GL-7BUDF,A Thịnh,4
casio-mtp-v006gl-7budf-nam?utm_flashsale=1,CASIO 38 mm Nam MTP-V006GL-7BUDF,Nguyễn Thành Trọng,4
casio-mtp-v006gl-7budf-nam?utm_flashsale=1,CASIO 38 mm Nam MTP-V006GL-7BUDF,Nguyễn Thu Hoài,4
casio-mtp-v006gl-7budf-nam?utm_flashsale=1,CASIO 38 mm Nam MTP-V006GL-7BUDF,Phan Đình Phùng,5
casio-mtp-v006gl-7budf-nam?utm_flashsale=1,CASIO 38 mm Nam MTP-V006GL-7BUDF,Trần Hoàng Phi,4
casio-mtp-v006gl-7budf-nam?utm_flashsale=1,CASIO 38 mm Nam MTP-V006GL-7BUDF,Trần Công Khanh,3
casio-mtp-v006gl-7budf-nam?utm_flashsale=1,CASIO 38 mm Nam MTP-V006GL-7BUDF,Anh Hải,4
casio-mtp-v006gl-7budf-nam?utm_flashsale=1,CASIO 38 mm Nam MTP-V006GL-7BUDF,Hiếu,5
casio-mtp-v006gl-7budf-nam?utm_flashsale=1,CASIO 38 mm Nam MTP-V006GL-7BUDF,Danh Út,4
nakzen-ss5002g-1-nam,NAKZEN 40 mm Nam SS5002G-1,Vũ Văn Quang,1
nakzen-ss5002g-1-nam,NAKZEN 40 mm Nam SS5002G-1,Nguyễn Văn Nguyện,5
nakzen-ss5002g-1-nam,NAKZEN 40 mm Nam SS5002G-1,TRAN DUY TAN,2
nakzen-ss5002g-1-nam,NAKZEN 40 mm Nam SS5002G-1,Hoa Ly Bong,5
nakzen-ss5002g-1-nam,NAKZEN 40 mm Nam SS5002G-1,Luân,4
nakzen-ss5002g-1-nam,NAKZEN 40 mm Nam SS5002G-1,Thuỳ Linh,4
nakzen-ss5002g-1-nam,NAKZEN 40 mm Nam SS5002G-1,Ji Song,1
nakzen-ss5002g-1-nam,NAKZEN 40 mm Nam SS5002G-1,Nguyễn Thanh Tâm,5
citizen-eg7050-54a-nu?utm_flashsale=1,CITIZEN 31.9 mm Nữ EG7050-54A,Phạm Công Giỏi,5
citizen-eg7050-54a-nu?utm_flashsale=1,CITIZEN 31.9 mm Nữ EG7050-54A,Chị Diện,5
citizen-eg7050-54a-nu?utm_flashsale=1,CITIZEN 31.9 mm Nữ EG7050-54A,Lê Phan Thị Bình Yên,4
elio-es008-01-nu,ELIO 33 mm Nữ ES008-01,Tuấn,5
elio-es008-01-nu,ELIO 33 mm Nữ ES008-01,Phạm Thị Hồng Nhung,5
elio-es008-01-nu,ELIO 33 mm Nữ ES008-01,Nhi,5
elio-es008-01-nu,ELIO 33 mm Nữ ES008-01,Tiên,5
elio-es008-01-nu,ELIO 33 mm Nữ ES008-01,Nguyễn Đỗ Vân Anh,4
elio-es008-01-nu,ELIO 33 mm Nữ ES008-01,Thảo,5
elio-es008-01-nu,ELIO 33 mm Nữ ES008-01,Võ Thị Mộng Linh,2
elio-es008-01-nu,ELIO 33 mm Nữ ES008-01,Nguyễn Quyết Chiến,5
elio-es008-01-nu,ELIO 33 mm Nữ ES008-01,Chị Hiền,5
elio-es008-01-nu,ELIO 33 mm Nữ ES008-01,Trương Cúc,5
elio-es008-01-nu,ELIO 33 mm Nữ ES008-01,Thế Anh,5
elio-es008-01-nu,ELIO 33 mm Nữ ES008-01,Trương Ngọc Hiếu,4
elio-es008-01-nu,ELIO 33 mm Nữ ES008-01,Lê Ngân,5
elio-es008-01-nu,ELIO 33 mm Nữ ES008-01,Trúc Quỳnh,5
elio-es008-01-nu,ELIO 33 mm Nữ ES008-01,Cô Xuân,4
q-q-s279j312y-nu?utm_flashsale=1,Q&Q 30 mm Nữ S279J312Y,Nguyễn Thị Huỳnh Thảo,4
q-q-s279j312y-nu?utm_flashsale=1,Q&Q 30 mm Nữ S279J312Y,Chị Trúc,5
q-q-s279j312y-nu?utm_flashsale=1,Q&Q 30 mm Nữ S279J312Y,Anh Trường,5
q-q-s279j312y-nu?utm_flashsale=1,Q&Q 30 mm Nữ S279J312Y,Chị Dung,5
q-q-s279j312y-nu?utm_flashsale=1,Q&Q 30 mm Nữ S279J312Y,NGUYỄN THỊ VỸ,5
q-q-s279j312y-nu?utm_flashsale=1,Q&Q 30 mm Nữ S279J312Y,Bùi Thị Vân,4
q-q-s279j312y-nu?utm_flashsale=1,Q&Q 30 mm Nữ S279J312Y,Đoàn Việt Hà,5
q-q-s279j312y-nu?utm_flashsale=1,Q&Q 30 mm Nữ S279J312Y,Em Hà,5
q-q-s279j312y-nu?utm_flashsale=1,Q&Q 30 mm Nữ S279J312Y,Thuyết,5
q-q-s279j312y-nu?utm_flashsale=1,Q&Q 30 mm Nữ S279J312Y,Bùi Thị Kim Lan,5
q-q-s279j312y-nu?utm_flashsale=1,Q&Q 30 mm Nữ S279J312Y,Trang,5
q-q-s279j312y-nu?utm_flashsale=1,Q&Q 30 mm Nữ S279J312Y,LÊ THỊ THÙY DUY,5
q-q-s279j312y-nu?utm_flashsale=1,Q&Q 30 mm Nữ S279J312Y,NGUYEN THI THANH VAN,5
q-q-s279j312y-nu?utm_flashsale=1,Q&Q 30 mm Nữ S279J312Y,Anh Bình,1
q-q-s279j312y-nu?utm_flashsale=1,Q&Q 30 mm Nữ S279J312Y,Dương Thị Mộng Kha,5
q-q-s279j312y-nu?utm_flashsale=1,Q&Q 30 mm Nữ S279J312Y,Văng Công Hoà,4
q-q-s279j312y-nu?utm_flashsale=1,Q&Q 30 mm Nữ S279J312Y,Đồ Văn Hùng,5
q-q-s279j312y-nu?utm_flashsale=1,Q&Q 30 mm Nữ S279J312Y,Đào Thị Anh Thư,5
elio-es017-c2-nu,ELIO 28 mm Nữ ES017-C2,Như Ý,5
elio-es017-c2-nu,ELIO 28 mm Nữ ES017-C2,Cương,2
elio-es017-c2-nu,ELIO 28 mm Nữ ES017-C2,Chị Ngọc,5
elio-es017-c2-nu,ELIO 28 mm Nữ ES017-C2,Chị Hạnh,5
elio-es017-c2-nu,ELIO 28 mm Nữ ES017-C2,Chị Vân,5
elio-es017-c2-nu,ELIO 28 mm Nữ ES017-C2,Triều,5
elio-es017-c2-nu,ELIO 28 mm Nữ ES017-C2,NGUYEN QUOC TAI,5
elio-es017-c2-nu,ELIO 28 mm Nữ ES017-C2,Huỳnh Thị Ý Nhi,5
smile-kid-sl022-01-tre-em,SMILE KID Yally 28 mm Trẻ em SL022-01,Anh,5
smile-kid-sl022-01-tre-em,SMILE KID Yally 28 mm Trẻ em SL022-01,Lê Đăng,2
smile-kid-sl022-01-tre-em,SMILE KID Yally 28 mm Trẻ em SL022-01,Nguyễn Văn Dương,5
smile-kid-sl022-01-tre-em,SMILE KID Yally 28 mm Trẻ em SL022-01,Nguyễn Thị Mỹ Chánh,5
smile-kid-sl022-01-tre-em,SMILE KID Yally 28 mm Trẻ em SL022-01,Huỳnh Đức Trí,5
smile-kid-sl022-01-tre-em,SMILE KID Yally 28 mm Trẻ em SL022-01,Vũ Thị Vương,5
smile-kid-sl022-01-tre-em,SMILE KID Yally 28 mm Trẻ em SL022-01,Trần Thị Thanh Nga,5
smile-kid-sl022-01-tre-em,SMILE KID Yally 28 mm Trẻ em SL022-01,Phan Trung Hiếu,5
smile-kid-sl022-01-tre-em,SMILE KID Yally 28 mm Trẻ em SL022-01,Ngô Chí Hiện,5
smile-kid-sl022-01-tre-em,SMILE KID Yally 28 mm Trẻ em SL022-01,Trang Thái Trầm,5
smile-kid-sl022-01-tre-em,SMILE KID Yally 28 mm Trẻ em SL022-01,Võ Thành Bảo,5
smile-kid-sl022-01-tre-em,SMILE KID Yally 28 mm Trẻ em SL022-01,C Thắm,4
smile-kid-sl022-01-tre-em,SMILE KID Yally 28 mm Trẻ em SL022-01,Nguyễn Văn Nghề,5
q-q-s398j212y-nam,Q&Q 40 mm Nam S398J212Y,Nguyễn Văn Phúc,4
q-q-s398j212y-nam,Q&Q 40 mm Nam S398J212Y,Hiển,3
q-q-s398j212y-nam,Q&Q 40 mm Nam S398J212Y,TRẦN HOÀNG NHẬT BẢO,4
q-q-s398j212y-nam,Q&Q 40 mm Nam S398J212Y,Thanh,5
q-q-s398j212y-nam,Q&Q 40 mm Nam S398J212Y,Phạm Trí Nhân,5
q-q-s398j212y-nam,Q&Q 40 mm Nam S398J212Y,Trịnh Minh Tâm,5
q-q-s398j212y-nam,Q&Q 40 mm Nam S398J212Y,Linh,5
q-q-s398j212y-nam,Q&Q 40 mm Nam S398J212Y,Đặng Thị Kim Thoa,5
q-q-s398j212y-nam,Q&Q 40 mm Nam S398J212Y,Quách Chol,5
q-q-s398j212y-nam,Q&Q 40 mm Nam S398J212Y,Chi Ý,5
q-q-s398j212y-nam,Q&Q 40 mm Nam S398J212Y,Đạt,5
q-q-s398j212y-nam,Q&Q 40 mm Nam S398J212Y,Khách,5
q-q-s398j212y-nam,Q&Q 40 mm Nam S398J212Y,TRỊNH VĂN TÝ,5
q-q-s398j212y-nam,Q&Q 40 mm Nam S398J212Y,Triệu Hoàng Cao Trinh,5
q-q-s398j212y-nam,Q&Q 40 mm Nam S398J212Y,Trần Quang,5
q-q-s398j212y-nam,Q&Q 40 mm Nam S398J212Y,Huỳnh Tấn Đạt,4
q-q-s398j212y-nam,Q&Q 40 mm Nam S398J212Y,Phanbaquang,5
q-q-s398j212y-nam,Q&Q 40 mm Nam S398J212Y,Điêu Chính Nghĩa,5
q-q-s398j212y-nam,Q&Q 40 mm Nam S398J212Y,Trần Minh Hoàng,1
q-q-s398j212y-nam,Q&Q 40 mm Nam S398J212Y,Vũ Văn Lập,5
smile-kid-sl023-01,SMILE KID 37 mm Trẻ em SL023-01,Nguyễn Hoàng Nhựt,5
smile-kid-sl023-01,SMILE KID 37 mm Trẻ em SL023-01,Quốc,5
smile-kid-sl023-01,SMILE KID 37 mm Trẻ em SL023-01,Trần Thị Trâm,5
smile-kid-sl023-01,SMILE KID 37 mm Trẻ em SL023-01,Nguyễn Sỹ Anh,5
smile-kid-sl023-01,SMILE KID 37 mm Trẻ em SL023-01,Chị Hạ,4
smile-kid-sl023-01,SMILE KID 37 mm Trẻ em SL023-01,Trần Hữu Niệm,5
smile-kid-sl023-01,SMILE KID 37 mm Trẻ em SL023-01,Anh Trung,4
smile-kid-sl023-01,SMILE KID 37 mm Trẻ em SL023-01,Giang,4
smile-kid-sl023-01,SMILE KID 37 mm Trẻ em SL023-01,Ngọc Huyền,4
smile-kid-sl023-01,SMILE KID 37 mm Trẻ em SL023-01,Anh Kiên,4
smile-kid-sl023-01,SMILE KID 37 mm Trẻ em SL023-01,Trịnh Thị Hồng Nga,4
smile-kid-sl023-01,SMILE KID 37 mm Trẻ em SL023-01,Hồ Thanh Truyền,4
smile-kid-sl023-01,SMILE KID 37 mm Trẻ em SL023-01,Nguyễn Thị Yến Phương,5
smile-kid-sl023-01,SMILE KID 37 mm Trẻ em SL023-01,Trần Triệu Minh,5
smile-kid-sl023-01,SMILE KID 37 mm Trẻ em SL023-01,NGÔ THỊ KIM LỆ,4
smile-kid-sl023-01,SMILE KID 37 mm Trẻ em SL023-01,PHẠM TIẾN TÀI,5
smile-kid-sl023-01,SMILE KID 37 mm Trẻ em SL023-01,Mỹ Nhiên,4
smile-kid-sl023-01,SMILE KID 37 mm Trẻ em SL023-01,Phạm Văn Tài,4
smile-kid-sl023-01,SMILE KID 37 mm Trẻ em SL023-01,Lương Thị Kim Cúc,4
smile-kid-sl023-01,SMILE KID 37 mm Trẻ em SL023-01,Bác Trịnh,5
smile-kid-sl023-01,SMILE KID 37 mm Trẻ em SL023-01,Nguyễn Hoàng Nhựt,5
smile-kid-sl023-01,SMILE KID 37 mm Trẻ em SL023-01,Quốc,5
smile-kid-sl023-01,SMILE KID 37 mm Trẻ em SL023-01,Trần Thị Trâm,5
smile-kid-sl023-01,SMILE KID 37 mm Trẻ em SL023-01,Nguyễn Sỹ Anh,5
smile-kid-sl023-01,SMILE KID 37 mm Trẻ em SL023-01,Chị Hạ,4
smile-kid-sl023-01,SMILE KID 37 mm Trẻ em SL023-01,Trần Hữu Niệm,5
smile-kid-sl023-01,SMILE KID 37 mm Trẻ em SL023-01,Anh Trung,4
smile-kid-sl023-01,SMILE KID 37 mm Trẻ em SL023-01,Giang,4
smile-kid-sl023-01,SMILE KID 37 mm Trẻ em SL023-01,Ngọc Huyền,4
smile-kid-sl023-01,SMILE KID 37 mm Trẻ em SL023-01,Anh Kiên,4
smile-kid-sl023-01,SMILE KID 37 mm Trẻ em SL023-01,Trịnh Thị Hồng Nga,4
smile-kid-sl023-01,SMILE KID 37 mm Trẻ em SL023-01,Hồ Thanh Truyền,4
smile-kid-sl023-01,SMILE KID 37 mm Trẻ em SL023-01,Nguyễn Thị Yến Phương,5
smile-kid-sl023-01,SMILE KID 37 mm Trẻ em SL023-01,Trần Triệu Minh,5
smile-kid-sl023-01,SMILE KID 37 mm Trẻ em SL023-01,NGÔ THỊ KIM LỆ,4
smile-kid-sl023-01,SMILE KID 37 mm Trẻ em SL023-01,PHẠM TIẾN TÀI,5
smile-kid-sl023-01,SMILE KID 37 mm Trẻ em SL023-01,Mỹ Nhiên,4
smile-kid-sl023-01,SMILE KID 37 mm Trẻ em SL023-01,Phạm Văn Tài,4
smile-kid-sl023-01,SMILE KID 37 mm Trẻ em SL023-01,Lương Thị Kim Cúc,4
smile-kid-sl023-01,SMILE KID 37 mm Trẻ em SL023-01,Bác Trịnh,5
q-q-s399j202y-nu?utm_flashsale=1,Q&Q 30 mm Nữ S399J202Y,Nguyễn Thị Hiền,5
q-q-s399j202y-nu?utm_flashsale=1,Q&Q 30 mm Nữ S399J202Y,Nhiên,5
q-q-s399j202y-nu?utm_flashsale=1,Q&Q 30 mm Nữ S399J202Y,Nguyễn Từ Bảo Ngọc,4
q-q-s399j202y-nu?utm_flashsale=1,Q&Q 30 mm Nữ S399J202Y,Võ Huỳnh Như Thủy,4
q-q-s399j202y-nu?utm_flashsale=1,Q&Q 30 mm Nữ S399J202Y,Mai Xuân Hiển,4
q-q-s399j202y-nu?utm_flashsale=1,Q&Q 30 mm Nữ S399J202Y,C Yến,5
q-q-s399j202y-nu?utm_flashsale=1,Q&Q 30 mm Nữ S399J202Y,Bùi Thị Phượng,5
smile-kid-sl044-01-tre-em,SMILE KID 27 mm Trẻ em SL044-01,Chị Diệu,5
smile-kid-sl044-01-tre-em,SMILE KID 27 mm Trẻ em SL044-01,Minh Minh,4
smile-kid-sl044-01-tre-em,SMILE KID 27 mm Trẻ em SL044-01,Phan Thị Diệu Linh,5
smile-kid-sl044-01-tre-em,SMILE KID 27 mm Trẻ em SL044-01,Hoà,4
smile-kid-sl044-01-tre-em,SMILE KID 27 mm Trẻ em SL044-01,Nguyễn Kim An,4
smile-kid-sl044-01-tre-em,SMILE KID 27 mm Trẻ em SL044-01,TRAN DINH THI DIEM PHUC,4
smile-kid-sl044-01-tre-em,SMILE KID 27 mm Trẻ em SL044-01,Ngô Thị Giang,4
smile-kid-sl044-01-tre-em,SMILE KID 27 mm Trẻ em SL044-01,Thủy,5
elio-es033-01-nu,ELIO 28 mm Nữ ES033-01,Văn Thị Thùy Trâm,3
elio-es033-01-nu,ELIO 28 mm Nữ ES033-01,Le Bien Ho,4
elio-es033-01-nu,ELIO 28 mm Nữ ES033-01,Kiều Oanh,5
elio-es033-01-nu,ELIO 28 mm Nữ ES033-01,Chị Hai,5
elio-es033-01-nu,ELIO 28 mm Nữ ES033-01,Anh Chung,5
elio-es033-01-nu,ELIO 28 mm Nữ ES033-01,SON DANG VAN DIEN,5
elio-es033-01-nu,ELIO 28 mm Nữ ES033-01,Lê Thị Hà,3
elio-es033-01-nu,ELIO 28 mm Nữ ES033-01,Chị Ninh,5
elio-es033-01-nu,ELIO 28 mm Nữ ES033-01,Nguyễn Văn Quỳnh,5
elio-es050-01-nu,ELIO Nàng Thơ 30 mm Nữ ES050-01,Siêu,5
elio-es050-01-nu,ELIO Nàng Thơ 30 mm Nữ ES050-01,Nhẩn,5
elio-es050-01-nu,ELIO Nàng Thơ 30 mm Nữ ES050-01,Bui Thi Hoa,5
elio-es050-01-nu,ELIO Nàng Thơ 30 mm Nữ ES050-01,Kim Thị Đào,5
elio-es050-01-nu,ELIO Nàng Thơ 30 mm Nữ ES050-01,Bùi Kim Anh,3
elio-es050-01-nu,ELIO Nàng Thơ 30 mm Nữ ES050-01,Khang,1
elio-es050-01-nu,ELIO Nàng Thơ 30 mm Nữ ES050-01,Nguyễn Ngọc Hân,5
elio-es050-01-nu,ELIO Nàng Thơ 30 mm Nữ ES050-01,Đỗ Thanh Tình,3
elio-es050-01-nu,ELIO Nàng Thơ 30 mm Nữ ES050-01,Trương Bảo Trâm,5
elio-es050-01-nu,ELIO Nàng Thơ 30 mm Nữ ES050-01,Cô Châu,5
elio-el052-02-nu,ELIO Nắng Xuân 33 mm Nữ EL052-02,K Ru,5
elio-el052-02-nu,ELIO Nắng Xuân 33 mm Nữ EL052-02,Thảo,5
elio-el052-02-nu,ELIO Nắng Xuân 33 mm Nữ EL052-02,PHAN TOÀN ĐỊNH,5
elio-el052-02-nu,ELIO Nắng Xuân 33 mm Nữ EL052-02,Anh Giao,4
elio-el052-02-nu,ELIO Nắng Xuân 33 mm Nữ EL052-02,Chị Ánh,3
elio-el052-02-nu,ELIO Nắng Xuân 33 mm Nữ EL052-02,Đàm Thị Hoàn,4
elio-el052-02-nu,ELIO Nắng Xuân 33 mm Nữ EL052-02,Thành Anh Tuấn,4
elio-el052-02-nu,ELIO Nắng Xuân 33 mm Nữ EL052-02,Chị Duyên,5
elio-el052-02-nu,ELIO Nắng Xuân 33 mm Nữ EL052-02,Trần Ngọc Hà,5
elio-el052-02-nu,ELIO Nắng Xuân 33 mm Nữ EL052-02,Sen,4
elio-el052-02-nu,ELIO Nắng Xuân 33 mm Nữ EL052-02,Đồng Văn Mão,4
elio-el052-02-nu,ELIO Nắng Xuân 33 mm Nữ EL052-02,Đặng Văn Út Em,4
elio-el052-02-nu,ELIO Nắng Xuân 33 mm Nữ EL052-02,CAO THỊ ĐIỂM BÍCH,4
elio-es061-02-nu,ELIO Nắng Xuân 30 mm Nữ ES061-02,Nhân,5
elio-es061-02-nu,ELIO Nắng Xuân 30 mm Nữ ES061-02,Phương,5
elio-es061-02-nu,ELIO Nắng Xuân 30 mm Nữ ES061-02,Lê Thị Hường,4
elio-es061-02-nu,ELIO Nắng Xuân 30 mm Nữ ES061-02,Chị Kim,5
elio-es061-02-nu,ELIO Nắng Xuân 30 mm Nữ ES061-02,Cô Mai,4
elio-es061-02-nu,ELIO Nắng Xuân 30 mm Nữ ES061-02,Mỹ Duyên,5
elio-es061-02-nu,ELIO Nắng Xuân 30 mm Nữ ES061-02,Phạm Nguyễn Mộng Uyên,5
elio-es061-02-nu,ELIO Nắng Xuân 30 mm Nữ ES061-02,Anh Linh,4
elio-es061-02-nu,ELIO Nắng Xuân 30 mm Nữ ES061-02,Chị Hồng,4
elio-es061-02-nu,ELIO Nắng Xuân 30 mm Nữ ES061-02,Thúy,4
elio-es061-02-nu,ELIO Nắng Xuân 30 mm Nữ ES061-02,Vũ Thị Khánh Linh,5
elio-es061-02-nu,ELIO Nắng Xuân 30 mm Nữ ES061-02,Đoàn Thị Thảo,5
elio-es061-02-nu,ELIO Nắng Xuân 30 mm Nữ ES061-02,Vân,5
elio-el073-02-nu?utm_flashsale=1,ELIO 33 mm Nữ EL073-02,TRỊNH VĂN ĐẦY,5
elio-el073-02-nu?utm_flashsale=1,ELIO 33 mm Nữ EL073-02,Bùi Thị Mai,4
elio-el073-02-nu?utm_flashsale=1,ELIO 33 mm Nữ EL073-02,Chị Vinh,4
elio-el073-02-nu?utm_flashsale=1,ELIO 33 mm Nữ EL073-02,La Minh Nhiều,4
elio-el073-02-nu?utm_flashsale=1,ELIO 33 mm Nữ EL073-02,Tuấn Đạt,5
elio-el073-02-nu?utm_flashsale=1,ELIO 33 mm Nữ EL073-02,Lê Thị Thùy Linh,4
elio-el073-02-nu?utm_flashsale=1,ELIO 33 mm Nữ EL073-02,Lâm Trung Tính,5
smile-kid-sl063-02-tre-em,SMILE KID 36 mm Trẻ em SL063-02,Vân,5
smile-kid-sl063-02-tre-em,SMILE KID 36 mm Trẻ em SL063-02,Chị Quyên,5
smile-kid-sl063-02-tre-em,SMILE KID 36 mm Trẻ em SL063-02,Phương,4
smile-kid-sl063-02-tre-em,SMILE KID 36 mm Trẻ em SL063-02,Chị Trang,5
smile-kid-sl063-02-tre-em,SMILE KID 36 mm Trẻ em SL063-02,ĐINH THANH HUYỀN,5
smile-kid-sl063-02-tre-em,SMILE KID 36 mm Trẻ em SL063-02,Chị Hương,3
smile-kid-sl063-02-tre-em,SMILE KID 36 mm Trẻ em SL063-02,Đỗ Thị Hồng Nhung,5
smile-kid-sl063-02-tre-em,SMILE KID 36 mm Trẻ em SL063-02,Chị Nga,5
q-q-vq86j039y-nu?utm_flashsale=1,Q&Q 34 mm Nữ VQ86J039Y,Lâm Tấn Tài,5
q-q-vq86j039y-nu?utm_flashsale=1,Q&Q 34 mm Nữ VQ86J039Y,Phạm Ngọc Tường Vi,5
q-q-vq86j039y-nu?utm_flashsale=1,Q&Q 34 mm Nữ VQ86J039Y,Anh Nhơn,5
q-q-vq86j039y-nu?utm_flashsale=1,Q&Q 34 mm Nữ VQ86J039Y,Nguyễn Công Nhật,5
q-q-vq86j039y-nu?utm_flashsale=1,Q&Q 34 mm Nữ VQ86J039Y,Phong,5
smile-kid-sl067-02-tre-em,SMILE KID 42 mm Trẻ em SL067-02,Lê Thị Kim Châm,5
smile-kid-sl067-02-tre-em,SMILE KID 42 mm Trẻ em SL067-02,Tiên,5
smile-kid-sl067-02-tre-em,SMILE KID 42 mm Trẻ em SL067-02,Chị Ngân,4
smile-kid-sl067-02-tre-em,SMILE KID 42 mm Trẻ em SL067-02,Nguyễn Ngọc Thương,5
smile-kid-sl067-02-tre-em,SMILE KID 42 mm Trẻ em SL067-02,Trần Thị Bích Trâm,5
smile-kid-sl067-02-tre-em,SMILE KID 42 mm Trẻ em SL067-02,Chú Sơn,5
smile-kid-sl067-02-tre-em,SMILE KID 42 mm Trẻ em SL067-02,Diễm,4
smile-kid-sl067-02-tre-em,SMILE KID 42 mm Trẻ em SL067-02,Nguyễn Hoàng Hưng,4
smile-kid-sl067-02-tre-em,SMILE KID 42 mm Trẻ em SL067-02,Anh Tú,3
smile-kid-sl067-02-tre-em,SMILE KID 42 mm Trẻ em SL067-02,PHẠM ĐỨC MINH,5
mww-ms056-01-nam?utm_flashsale=1,MVW 43 mm Nam MS056-01,Lê Thị Mỹ Chi,4
mww-ms056-01-nam?utm_flashsale=1,MVW 43 mm Nam MS056-01,Quốc,5
mww-ms056-01-nam?utm_flashsale=1,MVW 43 mm Nam MS056-01,Lê Phát Tài,3
mww-ms056-01-nam?utm_flashsale=1,MVW 43 mm Nam MS056-01,Hoàng Trung Kiên,5
mww-ms056-01-nam?utm_flashsale=1,MVW 43 mm Nam MS056-01,PHẠM VĂN HÙNG,4
mww-ms056-01-nam?utm_flashsale=1,MVW 43 mm Nam MS056-01,Mai Việt Âu,5
mww-ms056-01-nam?utm_flashsale=1,MVW 43 mm Nam MS056-01,Chú Phát,4
mww-ms056-01-nam?utm_flashsale=1,MVW 43 mm Nam MS056-01,Nguyen Minh Nhí,5
mww-ms056-01-nam?utm_flashsale=1,MVW 43 mm Nam MS056-01,Anh Duy,4
mww-ms056-01-nam?utm_flashsale=1,MVW 43 mm Nam MS056-01,Mai Hoài Ân,4
mww-ms056-01-nam?utm_flashsale=1,MVW 43 mm Nam MS056-01,Nguyễn Phú Toàn,5
mww-ms056-01-nam?utm_flashsale=1,MVW 43 mm Nam MS056-01,Trung Nguyễn,5
mww-ms056-01-nam?utm_flashsale=1,MVW 43 mm Nam MS056-01,Giang Xuân Thành,5
mww-ms056-01-nam?utm_flashsale=1,MVW 43 mm Nam MS056-01,Như,5
mww-ms056-01-nam?utm_flashsale=1,MVW 43 mm Nam MS056-01,Thức,5
mww-ms056-01-nam?utm_flashsale=1,MVW 43 mm Nam MS056-01,Đoàn Kim Hằng,4
mww-ms056-01-nam?utm_flashsale=1,MVW 43 mm Nam MS056-01,Trần Thế Mỹ,4
mww-ms057-01-nam?utm_flashsale=1,MVW 43 mm Nam MS057-01,Phạm Xuân Phú,3
mww-ms057-01-nam?utm_flashsale=1,MVW 43 mm Nam MS057-01,Phi Nhon,5
mww-ms057-01-nam?utm_flashsale=1,MVW 43 mm Nam MS057-01,Phạm Trần Thanh Bình,5
mww-ms057-01-nam?utm_flashsale=1,MVW 43 mm Nam MS057-01,Cao Minh Tú,5
mww-ms057-01-nam?utm_flashsale=1,MVW 43 mm Nam MS057-01,Nguyễn Thị Huyền Trân,5
mww-ms057-01-nam?utm_flashsale=1,MVW 43 mm Nam MS057-01,NGUYỄN MINH HIỂN,4
mww-ms057-01-nam?utm_flashsale=1,MVW 43 mm Nam MS057-01,NGÔ QUANG KHÁNH,5
mww-ms057-01-nam?utm_flashsale=1,MVW 43 mm Nam MS057-01,Anh Quốc,5
mww-ms057-01-nam?utm_flashsale=1,MVW 43 mm Nam MS057-01,Loi,5
mww-ms059-01-nam?utm_flashsale=1,MVW 43 mm Nam MS059-01,Văn Quyến,1
mww-ms059-01-nam?utm_flashsale=1,MVW 43 mm Nam MS059-01,Anh Quang,4
mww-ms059-01-nam?utm_flashsale=1,MVW 43 mm Nam MS059-01,Quách Thanh Phong,5
mww-ms059-01-nam?utm_flashsale=1,MVW 43 mm Nam MS059-01,Nguyễn Thị Kim Tuyến,5
mww-ms059-01-nam?utm_flashsale=1,MVW 43 mm Nam MS059-01,Hồ Trọng Nguyễn,5
mww-ms059-01-nam?utm_flashsale=1,MVW 43 mm Nam MS059-01,Bùi Hữu Chiến,5
mww-ms059-01-nam?utm_flashsale=1,MVW 43 mm Nam MS059-01,Dương Thị Triệu Vi,5
mww-ms059-01-nam?utm_flashsale=1,MVW 43 mm Nam MS059-01,Nguyễn Kiều Hưng,5
mww-ms059-01-nam?utm_flashsale=1,MVW 43 mm Nam MS059-01,Hai Hưng,4
mww-ms059-01-nam?utm_flashsale=1,MVW 43 mm Nam MS059-01,Nguyễn Thị Hồng Nhật,4
mww-ms059-01-nam?utm_flashsale=1,MVW 43 mm Nam MS059-01,Biện Hoàng Khải,4
mww-ms059-01-nam?utm_flashsale=1,MVW 43 mm Nam MS059-01,Trần Văn Tuấn,5
mww-ms059-01-nam?utm_flashsale=1,MVW 43 mm Nam MS059-01,Anh Cường,3
mww-ms059-01-nam?utm_flashsale=1,MVW 43 mm Nam MS059-01,Trần Đại Nghĩa,5
mww-ms059-01-nam?utm_flashsale=1,MVW 43 mm Nam MS059-01,Huỳnh Đào Ngọc Tuấn,5
mww-ms059-01-nam?utm_flashsale=1,MVW 43 mm Nam MS059-01,Ngũ Ngọc Như Quỳnh,4
mww-ms059-01-nam?utm_flashsale=1,MVW 43 mm Nam MS059-01,Ngô Thúy Cầm,5
mww-ms059-01-nam?utm_flashsale=1,MVW 43 mm Nam MS059-01,Phạm Trần Nhật Tú,4
mww-ms059-01-nam?utm_flashsale=1,MVW 43 mm Nam MS059-01,Anh Vũ,4
mww-ms059-01-nam?utm_flashsale=1,MVW 43 mm Nam MS059-01,Nguyễn Văn Cần,5
mww-ml040-01-nam?utm_flashsale=1,MVW 44 mm Nam ML040-01,Tuyết Ngân,3
mww-ml040-01-nam?utm_flashsale=1,MVW 44 mm Nam ML040-01,Lưu,4
mww-ml040-01-nam?utm_flashsale=1,MVW 44 mm Nam ML040-01,Sang,5
mww-ml040-01-nam?utm_flashsale=1,MVW 44 mm Nam ML040-01,Hồ Thị Thi,5
mww-ml040-01-nam?utm_flashsale=1,MVW 44 mm Nam ML040-01,Nhưt,5
mww-ml040-01-nam?utm_flashsale=1,MVW 44 mm Nam ML040-01,Bình,4
mww-ml040-01-nam?utm_flashsale=1,MVW 44 mm Nam ML040-01,Lê Khánh Băng,5
mww-ml040-01-nam?utm_flashsale=1,MVW 44 mm Nam ML040-01,Em Thuỳ,5
mww-ml040-01-nam?utm_flashsale=1,MVW 44 mm Nam ML040-01,NGUYỄN THỊ NHƯ QUỲNH,4
mww-ml043-01-nam?utm_flashsale=1,MVW 43 mm Nam ML043-01,Long,4
mww-ml043-01-nam?utm_flashsale=1,MVW 43 mm Nam ML043-01,Nguyễn Thanh Quang,4
mww-ml043-01-nam?utm_flashsale=1,MVW 43 mm Nam ML043-01,Anh Cường,5
mww-ml043-01-nam?utm_flashsale=1,MVW 43 mm Nam ML043-01,Dương,5
mww-ml043-01-nam?utm_flashsale=1,MVW 43 mm Nam ML043-01,Thu Nguyệt,5
mww-ml043-01-nam?utm_flashsale=1,MVW 43 mm Nam ML043-01,Vương,5
mww-ml043-01-nam?utm_flashsale=1,MVW 43 mm Nam ML043-01,Nguyễn Anh Thái,3
mww-ml043-01-nam?utm_flashsale=1,MVW 43 mm Nam ML043-01,Đông Nghi,5
mww-ml043-01-nam?utm_flashsale=1,MVW 43 mm Nam ML043-01,Tống Quang Hưng,5
mww-ml043-01-nam?utm_flashsale=1,MVW 43 mm Nam ML043-01,DAO MINH NHAT,5
mww-ml043-01-nam?utm_flashsale=1,MVW 43 mm Nam ML043-01,Triệu Khêm Rith,4
mww-ml043-01-nam?utm_flashsale=1,MVW 43 mm Nam ML043-01,Hồ Thị Phương Huyền,5
mww-ml043-01-nam?utm_flashsale=1,MVW 43 mm Nam ML043-01,Anh Lực,5
mww-ml043-01-nam?utm_flashsale=1,MVW 43 mm Nam ML043-01,Đặng Quốc Duy,5
mww-ml043-01-nam?utm_flashsale=1,MVW 43 mm Nam ML043-01,TRỌN,5
mww-ml043-01-nam?utm_flashsale=1,MVW 43 mm Nam ML043-01,NGUYỄN HỮU TƯỞNG,5
mww-ml043-01-nam?utm_flashsale=1,MVW 43 mm Nam ML043-01,Nguyễn Minh Khuê,5
mww-ml043-01-nam?utm_flashsale=1,MVW 43 mm Nam ML043-01,Lê Viết Trung,2
mww-ml043-01-nam?utm_flashsale=1,MVW 43 mm Nam ML043-01,Phạm Út Dễ,5
mww-ml043-01-nam?utm_flashsale=1,MVW 43 mm Nam ML043-01,Minh Tiến,5
mww-ml043-01-nam?utm_flashsale=1,MVW 43 mm Nam ML043-01,ĐẶng NgỌc QuỐc,5
mww-ml043-01-nam?utm_flashsale=1,MVW 43 mm Nam ML043-01,Ly,5
mww-ml043-01-nam?utm_flashsale=1,MVW 43 mm Nam ML043-01,Anh Sin,4
mww-ml043-01-nam?utm_flashsale=1,MVW 43 mm Nam ML043-01,Huy,5
mww-ml044-01-nam?utm_flashsale=1,MVW 44 mm Nam ML044-01,Bảo Anh,5
mww-ml044-01-nam?utm_flashsale=1,MVW 44 mm Nam ML044-01,VÕ VĂN DŨNG,4
mww-ml044-01-nam?utm_flashsale=1,MVW 44 mm Nam ML044-01,Nguyen Van Anh,5
mww-ml044-01-nam?utm_flashsale=1,MVW 44 mm Nam ML044-01,HUA LY LAM,4
mww-ml044-01-nam?utm_flashsale=1,MVW 44 mm Nam ML044-01,TRAN DUC LONG,3
mww-ml044-01-nam?utm_flashsale=1,MVW 44 mm Nam ML044-01,Hoàng Minh Hải,4
mww-ml044-01-nam?utm_flashsale=1,MVW 44 mm Nam ML044-01,Nguyen Van Anh,5
mww-ml044-01-nam?utm_flashsale=1,MVW 44 mm Nam ML044-01,Liêm,5
mww-ml044-01-nam?utm_flashsale=1,MVW 44 mm Nam ML044-01,Phan Huy Giàu,4
mww-ml044-01-nam?utm_flashsale=1,MVW 44 mm Nam ML044-01,Nguyễn Nhựt Giang,5
mww-ml044-01-nam?utm_flashsale=1,MVW 44 mm Nam ML044-01,Anh Hiếu,4
citizen-an8190-51a-nam,CITIZEN 42 mm Nam AN8190-51A,Vinh,5
citizen-an8190-51a-nam,CITIZEN 42 mm Nam AN8190-51A,Thảo Nguyên,5
citizen-an8190-51a-nam,CITIZEN 42 mm Nam AN8190-51A,Anh Đức,5
citizen-an8190-51a-nam,CITIZEN 42 mm Nam AN8190-51A,Tran Minh Quang,5
citizen-an8190-51a-nam,CITIZEN 42 mm Nam AN8190-51A,Tô Thị Thanh Tâm,5
citizen-an8190-51a-nam,CITIZEN 42 mm Nam AN8190-51A,Trần Văn Đệ,5
dong-ho-mvw-ms065-01,MVW 40 mm Nam MS065-01,Thọ,1
dong-ho-mvw-ms065-01,MVW 40 mm Nam MS065-01,Anh Khoa,5
dong-ho-mvw-ms065-01,MVW 40 mm Nam MS065-01,Bác Sơn,4
dong-ho-mvw-ms065-01,MVW 40 mm Nam MS065-01,Ngọc Anh,4
dong-ho-mvw-ms065-01,MVW 40 mm Nam MS065-01,NGUYỄN TẤN TỚI,5
dong-ho-mvw-ms065-01,MVW 40 mm Nam MS065-01,Chị Tú,5
dong-ho-mvw-ms065-01,MVW 40 mm Nam MS065-01,Trần Thị Dự,4
dong-ho-mvw-ms065-01,MVW 40 mm Nam MS065-01,Thanh Huyền,5
dong-ho-mvw-ms065-01,MVW 40 mm Nam MS065-01,Anh Tuấn,5
dong-ho-mvw-ms065-01,MVW 40 mm Nam MS065-01,Pham Duy Quang,1
dong-ho-mvw-ms065-01,MVW 40 mm Nam MS065-01,Nguyễn Tuấn Anh,5
dong-ho-mvw-ms065-01,MVW 40 mm Nam MS065-01,Đinh Ngọc Anh,5
dong-ho-mvw-ms065-01,MVW 40 mm Nam MS065-01,Vo Diem Phuong,5
q-q-s398j301y-nam,Q&Q 40 mm Nam S398J301Y,Duy,5
q-q-s398j301y-nam,Q&Q 40 mm Nam S398J301Y,Tâm,5
q-q-s398j301y-nam,Q&Q 40 mm Nam S398J301Y,Anh Hải,3
q-q-s398j301y-nam,Q&Q 40 mm Nam S398J301Y,Trần Văn Lợi,5
q-q-s398j301y-nam,Q&Q 40 mm Nam S398J301Y,Lê Trung Nghĩa,4
q-q-s398j301y-nam,Q&Q 40 mm Nam S398J301Y,Mộng Cầm,5
q-q-s398j301y-nam,Q&Q 40 mm Nam S398J301Y,Tranvandinh,5
q-q-s398j301y-nam,Q&Q 40 mm Nam S398J301Y,Trang,4
q-q-s398j301y-nam,Q&Q 40 mm Nam S398J301Y,Nguyễn Thị Nhựt Linh,5
q-q-s398j301y-nam,Q&Q 40 mm Nam S398J301Y,Sang,5
q-q-s398j301y-nam,Q&Q 40 mm Nam S398J301Y,Phạm Vĩ Khang,5
q-q-s398j301y-nam,Q&Q 40 mm Nam S398J301Y,Phước Nhân,4
q-q-s398j301y-nam,Q&Q 40 mm Nam S398J301Y,Vicky Lê,5
q-q-s401j211y-nu?utm_flashsale=1,Q&Q 31 mm Nữ S401J211Y,Chín,5
q-q-s401j211y-nu?utm_flashsale=1,Q&Q 31 mm Nữ S401J211Y,Nguyễn Thuý,5
q-q-s401j211y-nu?utm_flashsale=1,Q&Q 31 mm Nữ S401J211Y,Nguyễn Thị Thanh Lam,5
q-q-s401j211y-nu?utm_flashsale=1,Q&Q 31 mm Nữ S401J211Y,Nguyen Thi Mỹ Kiêu,4
q-q-s401j211y-nu?utm_flashsale=1,Q&Q 31 mm Nữ S401J211Y,Hoàng Vũ,5
q-q-s401j211y-nu?utm_flashsale=1,Q&Q 31 mm Nữ S401J211Y,BÙI THỊ YẾN NHI,5
q-q-s401j211y-nu?utm_flashsale=1,Q&Q 31 mm Nữ S401J211Y,Dương,5
q-q-s401j211y-nu?utm_flashsale=1,Q&Q 31 mm Nữ S401J211Y,Nguyễn Hoàng Tuyết Quỳnh,5
q-q-s401j211y-nu?utm_flashsale=1,Q&Q 31 mm Nữ S401J211Y,Chị Nguyệt,5
mvw-ms069-01-nam?utm_flashsale=1,MVW 40 mm Nam MS069-01,Tiên,5
mvw-ms069-01-nam?utm_flashsale=1,MVW 40 mm Nam MS069-01,Nguyễn Văn Bảo,5
mvw-ms069-01-nam?utm_flashsale=1,MVW 40 mm Nam MS069-01,Hoà Nguyễn,4
mvw-ms069-01-nam?utm_flashsale=1,MVW 40 mm Nam MS069-01,Phạm Văn Vương,4
mvw-ms069-01-nam?utm_flashsale=1,MVW 40 mm Nam MS069-01,Trần Trọng Phú,4
mvw-ms069-01-nam?utm_flashsale=1,MVW 40 mm Nam MS069-01,Ngô Minh Hiển,5
mvw-ms069-01-nam?utm_flashsale=1,MVW 40 mm Nam MS069-01,Anh Phuc,1
mvw-ms069-01-nam?utm_flashsale=1,MVW 40 mm Nam MS069-01,LÊ MINH THIỆN,5
mvw-ms069-01-nam?utm_flashsale=1,MVW 40 mm Nam MS069-01,Anh Quốc Anh,5
mvw-ms069-01-nam?utm_flashsale=1,MVW 40 mm Nam MS069-01,LƯU HOÀNG NHỰT,5
mvw-ms069-01-nam?utm_flashsale=1,MVW 40 mm Nam MS069-01,32672 - Nguyễn Văn Cao,5
mvw-ms069-01-nam?utm_flashsale=1,MVW 40 mm Nam MS069-01,Nguyễn Văn Toàn,4
mvw-ms069-01-nam?utm_flashsale=1,MVW 40 mm Nam MS069-01,NGUYỄN VĂN PHÒNG,4
mvw-ms069-01-nam?utm_flashsale=1,MVW 40 mm Nam MS069-01,Lê Thị Thuý An,5
mvw-ms069-01-nam?utm_flashsale=1,MVW 40 mm Nam MS069-01,Nguyễn Thị Kim Phụng,5
mvw-ms070-01-nam?utm_flashsale=1,MVW 40 mm Nam MS070-01,Nguyễn Duy Khoa,5
mvw-ms070-01-nam?utm_flashsale=1,MVW 40 mm Nam MS070-01,Quân,5
mvw-ms070-01-nam?utm_flashsale=1,MVW 40 mm Nam MS070-01,Anh Lực,4
mvw-ms070-01-nam?utm_flashsale=1,MVW 40 mm Nam MS070-01,Tuấn,5
mvw-ms070-01-nam?utm_flashsale=1,MVW 40 mm Nam MS070-01,Anh Thuận,1
mvw-ms070-01-nam?utm_flashsale=1,MVW 40 mm Nam MS070-01,Lê Thị Kim Châu,5
mvw-ms070-01-nam?utm_flashsale=1,MVW 40 mm Nam MS070-01,Lê Văn Đại,1
mvw-ms070-01-nam?utm_flashsale=1,MVW 40 mm Nam MS070-01,Hà Văn Thạnh,5
mvw-ms070-01-nam?utm_flashsale=1,MVW 40 mm Nam MS070-01,Hải,3
mvw-ms070-01-nam?utm_flashsale=1,MVW 40 mm Nam MS070-01,Nguyễn Minh Hậu,5
mvw-ms070-01-nam?utm_flashsale=1,MVW 40 mm Nam MS070-01,Lan,5
mvw-ms070-01-nam?utm_flashsale=1,MVW 40 mm Nam MS070-01,Nguyễn Thanh Hải,5
mvw-ms070-01-nam?utm_flashsale=1,MVW 40 mm Nam MS070-01,Chị Hương,5
mvw-ms070-01-nam?utm_flashsale=1,MVW 40 mm Nam MS070-01,Nguyễn Tiến,4
dong-ho-nam-mvw-ml054-01?utm_flashsale=1,MVW 40 mm Nam ML054-01,Trần Danh,1
dong-ho-nam-mvw-ml054-01?utm_flashsale=1,MVW 40 mm Nam ML054-01,Đổ Cao Miên,4
dong-ho-nam-mvw-ml054-01?utm_flashsale=1,MVW 40 mm Nam ML054-01,Ngân,5
dong-ho-nam-mvw-ml054-01?utm_flashsale=1,MVW 40 mm Nam ML054-01,Quân,4
dong-ho-nam-mvw-ml054-01?utm_flashsale=1,MVW 40 mm Nam ML054-01,Nguyễn Văn Thêm,5
dong-ho-nam-mvw-ml054-01?utm_flashsale=1,MVW 40 mm Nam ML054-01,Mai Lê Thuật,4
dong-ho-nam-mvw-ml054-01?utm_flashsale=1,MVW 40 mm Nam ML054-01,Chị Hiền,4
dong-ho-nam-mvw-ml054-01?utm_flashsale=1,MVW 40 mm Nam ML054-01,C Thảo,5
dong-ho-nam-mvw-ml054-01?utm_flashsale=1,MVW 40 mm Nam ML054-01,Thời Phạm,3
dong-ho-nam-mvw-ml054-01?utm_flashsale=1,MVW 40 mm Nam ML054-01,Trang Phúc Tài,5
dong-ho-nam-mvw-ml054-01?utm_flashsale=1,MVW 40 mm Nam ML054-01,Phạm Nguyên,5
dong-ho-nam-mvw-ml054-01?utm_flashsale=1,MVW 40 mm Nam ML054-01,Nguyễn Văn Lượm,4
dong-ho-nam-mvw-ml054-01?utm_flashsale=1,MVW 40 mm Nam ML054-01,Chú Khanh,4
dong-ho-nam-mvw-ml056-01?utm_flashsale=1,MVW 42 mm Nam ML056-01,Phạm Việt Bắc,5
dong-ho-nam-mvw-ml056-01?utm_flashsale=1,MVW 42 mm Nam ML056-01,Lê Xuân Trường,2
dong-ho-nam-mvw-ml056-01?utm_flashsale=1,MVW 42 mm Nam ML056-01,Hiệp,4
dong-ho-nam-mvw-ml056-01?utm_flashsale=1,MVW 42 mm Nam ML056-01,Lê Hồng Hưng,5
dong-ho-nam-mvw-ml056-01?utm_flashsale=1,MVW 42 mm Nam ML056-01,Lê Đình Mạnh Linh,5
dong-ho-nam-mvw-ml056-01?utm_flashsale=1,MVW 42 mm Nam ML056-01,Đinh Tấn Trung,4
dong-ho-nam-mvw-ml056-01?utm_flashsale=1,MVW 42 mm Nam ML056-01,PHẠM LÊ THỊ MỸ NGÂN,3
dong-ho-nam-mvw-ml056-01?utm_flashsale=1,MVW 42 mm Nam ML056-01,NGUYỄN QUỐC BÌNH,5
dong-ho-nam-mvw-ml056-01?utm_flashsale=1,MVW 42 mm Nam ML056-01,Phạm Ngọc Ninh,5
dong-ho-nam-mvw-ml056-01?utm_flashsale=1,MVW 42 mm Nam ML056-01,Thanh,4
dong-ho-nam-mvw-ml056-01?utm_flashsale=1,MVW 42 mm Nam ML056-01,Lê Trương Hồng Sương,5
dong-ho-nam-mvw-ml056-01?utm_flashsale=1,MVW 42 mm Nam ML056-01,Lê Phước Lộc,5
dong-ho-nam-mvw-ml056-01?utm_flashsale=1,MVW 42 mm Nam ML056-01,Lê Anh Tuấn,5
dong-ho-nam-mvw-ml056-01?utm_flashsale=1,MVW 42 mm Nam ML056-01,Trầm Lợi Tiến Đoàn,4
dong-ho-nam-mvw-ms068-02,MVW 39.5 mm Nam MS068-02,Nguyễn Minh Phương Hào,5
dong-ho-nam-mvw-ms068-02,MVW 39.5 mm Nam MS068-02,Nguyễn Tường Lạc,5
dong-ho-nam-mvw-ms068-02,MVW 39.5 mm Nam MS068-02,Tú Trinh,5
dong-ho-nam-mvw-ms068-02,MVW 39.5 mm Nam MS068-02,Yến Nhi,5
dong-ho-nam-mvw-ms068-02,MVW 39.5 mm Nam MS068-02,VÕ THỊ KIỀU TIÊN,4
dong-ho-nam-mvw-ms068-02,MVW 39.5 mm Nam MS068-02,A Luyện,1
dong-ho-nam-mvw-ms068-02,MVW 39.5 mm Nam MS068-02,Nguyễn Minh Phú,5
dong-ho-nam-mvw-ms068-02,MVW 39.5 mm Nam MS068-02,Vy,5
dong-ho-nam-mvw-ms068-02,MVW 39.5 mm Nam MS068-02,Chú Cường,1
dong-ho-nam-mvw-ms068-02,MVW 39.5 mm Nam MS068-02,Tân,4
elio-es098-01-nu,ELIO Nàng Thơ 28 mm Nữ ES098-01,Chi,1
elio-es098-01-nu,ELIO Nàng Thơ 28 mm Nữ ES098-01,Diễm My,5
elio-es098-01-nu,ELIO Nàng Thơ 28 mm Nữ ES098-01,Trần Thị Minh Hương,5
elio-es098-01-nu,ELIO Nàng Thơ 28 mm Nữ ES098-01,Nguyễn Thuận,5
elio-es098-01-nu,ELIO Nàng Thơ 28 mm Nữ ES098-01,HOÀNG THU HẰNG,5
elio-es098-01-nu,ELIO Nàng Thơ 28 mm Nữ ES098-01,Em Vy,5
elio-es098-01-nu,ELIO Nàng Thơ 28 mm Nữ ES098-01,Mai Thiệt,5
elio-es098-01-nu,ELIO Nàng Thơ 28 mm Nữ ES098-01,Lương Bích Loan,5
elio-es098-01-nu,ELIO Nàng Thơ 28 mm Nữ ES098-01,Minh Châu,5
elio-es098-01-nu,ELIO Nàng Thơ 28 mm Nữ ES098-01,Chị Thảo,4
elio-el085-01-nu,ELIO Xmas 21.5 mm Nữ EL085-01,Ngọc,5
elio-el085-01-nu,ELIO Xmas 21.5 mm Nữ EL085-01,Lữ Tố Trinh,5
elio-el085-01-nu,ELIO Xmas 21.5 mm Nữ EL085-01,Lương,5
elio-el085-01-nu,ELIO Xmas 21.5 mm Nữ EL085-01,Khẩu Thị Út,4
elio-el085-01-nu,ELIO Xmas 21.5 mm Nữ EL085-01,Nguyễn Thị Như Hường,5
elio-el085-01-nu,ELIO Xmas 21.5 mm Nữ EL085-01,Kim Yến,5
elio-el085-01-nu,ELIO Xmas 21.5 mm Nữ EL085-01,Chị Hương,5
elio-el085-01-nu,ELIO Xmas 21.5 mm Nữ EL085-01,Sơn,3
elio-el085-01-nu,ELIO Xmas 21.5 mm Nữ EL085-01,Nguyễn Văn Trung,4
elio-el085-01-nu,ELIO Xmas 21.5 mm Nữ EL085-01,Chi Oanh,5
elio-el085-01-nu,ELIO Xmas 21.5 mm Nữ EL085-01,Lưu Châu,5
elio-el085-01-nu,ELIO Xmas 21.5 mm Nữ EL085-01,Chị Phan Thị Mỹ Ánh,2
elio-el085-01-nu,ELIO Xmas 21.5 mm Nữ EL085-01,Dung,5
elio-el085-01-nu,ELIO Xmas 21.5 mm Nữ EL085-01,Hồng Phi,4
elio-el085-01-nu,ELIO Xmas 21.5 mm Nữ EL085-01,LÊ THỊ PHƯƠNG QUỲNH,5
elio-el085-01-nu,ELIO Xmas 21.5 mm Nữ EL085-01,Ngọc Nhi,5
elio-el085-01-nu,ELIO Xmas 21.5 mm Nữ EL085-01,Lê Thị Thúy Hà,4
elio-el085-01-nu,ELIO Xmas 21.5 mm Nữ EL085-01,Phạm Thị Vân Anh,4
elio-el085-01-nu,ELIO Xmas 21.5 mm Nữ EL085-01,Trương Thị Ngào,5
elio-el085-01-nu,ELIO Xmas 21.5 mm Nữ EL085-01,Trúc,5
elio-el085-01-nu,ELIO Xmas 21.5 mm Nữ EL085-01,Như,5
elio-el085-01-nu,ELIO Xmas 21.5 mm Nữ EL085-01,Truong Minh Trung,3
smile-kid-sl219lm-3-tre-em,SMILE KID 39 mm Trẻ em SL219LM-3,Nghĩa,2
smile-kid-sl219lm-3-tre-em,SMILE KID 39 mm Trẻ em SL219LM-3,Do Nam,4
smile-kid-sl219lm-3-tre-em,SMILE KID 39 mm Trẻ em SL219LM-3,Trần Thị Thi Thơ,4
smile-kid-sl219lm-3-tre-em,SMILE KID 39 mm Trẻ em SL219LM-3,Lăng Văn Tuấn,4
smile-kid-sl219lm-3-tre-em,SMILE KID 39 mm Trẻ em SL219LM-3,Ngọc Ý,5
smile-kid-sl219lm-3-tre-em,SMILE KID 39 mm Trẻ em SL219LM-3,Hoàng Thị Hiệu,5
smile-kid-sl219lm-3-tre-em,SMILE KID 39 mm Trẻ em SL219LM-3,Toàn,4
smile-kid-sl219lm-3-tre-em,SMILE KID 39 mm Trẻ em SL219LM-3,CHU VĂN ĐÔNG,4
smile-kid-sl219lm-3-tre-em,SMILE KID 39 mm Trẻ em SL219LM-3,Nguyễn Minh Thiện,5
elio-ec011-02-nu,ELIO 30 mm Nữ EC011-02,Dương Bá Cường,1
elio-ec011-02-nu,ELIO 30 mm Nữ EC011-02,Chị Nhi,5
elio-ec011-02-nu,ELIO 30 mm Nữ EC011-02,Nguyễn Thị Lụa,5
elio-ec011-02-nu,ELIO 30 mm Nữ EC011-02,Huỳnh Thị Hồng Tuyến,5
elio-ec011-02-nu,ELIO 30 mm Nữ EC011-02,ĐÀO THỊ VÂN,5
elio-ec011-02-nu,ELIO 30 mm Nữ EC011-02,Chị Thảo,5
elio-ec011-02-nu,ELIO 30 mm Nữ EC011-02,Kiều,5
elio-ec011-02-nu,ELIO 30 mm Nữ EC011-02,Hiệp,5
elio-ec011-02-nu,ELIO 30 mm Nữ EC011-02,Thanh Thư,5
elio-ec011-02-nu,ELIO 30 mm Nữ EC011-02,Chị Liêm,4
elio-ec011-02-nu,ELIO 30 mm Nữ EC011-02,Ngọc,5
elio-ec011-02-nu,ELIO 30 mm Nữ EC011-02,Đàm Chí Cường,5
elio-ec011-02-nu,ELIO 30 mm Nữ EC011-02,Kim Thi,5
elio-ec011-02-nu,ELIO 30 mm Nữ EC011-02,Thiên Mây,5
elio-ec011-02-nu,ELIO 30 mm Nữ EC011-02,Thoam,1
elio-ec011-02-nu,ELIO 30 mm Nữ EC011-02,Hoang Hai Yen,4
elio-ec011-02-nu,ELIO 30 mm Nữ EC011-02,Thắm,5
elio-ec011-02-nu,ELIO 30 mm Nữ EC011-02,Mỹ Duyên,5
smile-kid-sl097-01-tre-em,SMILE KID 31 mm Trẻ em SL097-01,Nguyễn Thị Lan Phương,5
smile-kid-sl097-01-tre-em,SMILE KID 31 mm Trẻ em SL097-01,Nguyen Thi Ngoc Thuyen,5
smile-kid-sl097-01-tre-em,SMILE KID 31 mm Trẻ em SL097-01,Lê Thị Tuyết Mai,5
smile-kid-sl097-01-tre-em,SMILE KID 31 mm Trẻ em SL097-01,NGUYỄN THỊ TUYẾT PHẤN,5
smile-kid-sl097-01-tre-em,SMILE KID 31 mm Trẻ em SL097-01,A Sơn,5
smile-kid-sl097-01-tre-em,SMILE KID 31 mm Trẻ em SL097-01,Trần Thanh Toàn,5
smile-kid-sl097-01-tre-em,SMILE KID 31 mm Trẻ em SL097-01,Gì Thủy,4
smile-kid-sl097-01-tre-em,SMILE KID 31 mm Trẻ em SL097-01,Anh Đô,4
citizen-bm8550-81a-nam,CITIZEN 41.8 mm Nam BM8550-81A,Quốc Quyền,5
citizen-bm8550-81a-nam,CITIZEN 41.8 mm Nam BM8550-81A,Tran Vi Cuong,5
citizen-bm8550-81a-nam,CITIZEN 41.8 mm Nam BM8550-81A,Anh Ân,2
citizen-bm8550-81a-nam,CITIZEN 41.8 mm Nam BM8550-81A,Quang Thuấn,5
elio-el096-01-nam?utm_flashsale=1,ELIO 42 mm Nam EL096-01,Huỳnh Minh Hiền,3
elio-el096-01-nam?utm_flashsale=1,ELIO 42 mm Nam EL096-01,Anh Dũng,3
elio-el096-01-nam?utm_flashsale=1,ELIO 42 mm Nam EL096-01,Lê Văn Keo,3
elio-el096-01-nam?utm_flashsale=1,ELIO 42 mm Nam EL096-01,Trần Đức Anh,5
elio-el096-01-nam?utm_flashsale=1,ELIO 42 mm Nam EL096-01,Hải,5
elio-el096-01-nam?utm_flashsale=1,ELIO 42 mm Nam EL096-01,Phạm Viết Hùng,5
elio-el096-01-nam?utm_flashsale=1,ELIO 42 mm Nam EL096-01,Anh Đức,5
elio-el096-01-nam?utm_flashsale=1,ELIO 42 mm Nam EL096-01,Quang,5
elio-el096-01-nam?utm_flashsale=1,ELIO 42 mm Nam EL096-01,Nguyễn An Phú,5
elio-el096-01-nam?utm_flashsale=1,ELIO 42 mm Nam EL096-01,Trần Bình Trọng,4
elio-es112-01-nu,ELIO Flower 33 mm Nữ ES112-01,Nguyễn Văn Anh,5
elio-es112-01-nu,ELIO Flower 33 mm Nữ ES112-01,Nguyễn Hoàng Minh,3
elio-es112-01-nu,ELIO Flower 33 mm Nữ ES112-01,Nguyễn Huỳnh Anh Thư,4
elio-es112-01-nu,ELIO Flower 33 mm Nữ ES112-01,Bế Thị Hồng,4
elio-es112-01-nu,ELIO Flower 33 mm Nữ ES112-01,Nguyễn Thanh Tuyền,5
elio-es112-01-nu,ELIO Flower 33 mm Nữ ES112-01,Huỳnh Tuyết Phương,5
elio-es112-01-nu,ELIO Flower 33 mm Nữ ES112-01,Nguyễn Hoàng Anh,3
elio-es112-01-nu,ELIO Flower 33 mm Nữ ES112-01,Đỗ Thị Thuỳ,3
elio-es112-01-nu,ELIO Flower 33 mm Nữ ES112-01,Chị Mai Chi,4
elio-es112-01-nu,ELIO Flower 33 mm Nữ ES112-01,Em Duy,5
elio-el100-01-nu,ELIO 33 mm Nữ EL100-01,Thuý,5
elio-el100-01-nu,ELIO 33 mm Nữ EL100-01,Nguyễn Huy Dũng,4
elio-el100-01-nu,ELIO 33 mm Nữ EL100-01,Hoàng Oanh,5
elio-el100-01-nu,ELIO 33 mm Nữ EL100-01,Hương,5
elio-el100-01-nu,ELIO 33 mm Nữ EL100-01,Xuân,5
elio-el100-01-nu,ELIO 33 mm Nữ EL100-01,Mai Lan,5
elio-el100-01-nu,ELIO 33 mm Nữ EL100-01,Thái Thuỳ Linh,5
elio-el100-01-nu,ELIO 33 mm Nữ EL100-01,Sương,5
elio-el100-01-nu,ELIO 33 mm Nữ EL100-01,Nguyễn Phước Chung,5
elio-el100-01-nu,ELIO 33 mm Nữ EL100-01,Lụa,5
elio-el100-01-nu,ELIO 33 mm Nữ EL100-01,Phạm Minh Đại,5
elio-el100-01-nu,ELIO 33 mm Nữ EL100-01,Hiếu,5
elio-el100-01-nu,ELIO 33 mm Nữ EL100-01,Lê Phong Thái,5
elio-el100-01-nu,ELIO 33 mm Nữ EL100-01,Diễm Quỳnh,5
elio-el102-02-nu,ELIO 32 mm Nữ EL102-02,Ngô Cao Trí,4
elio-el102-02-nu,ELIO 32 mm Nữ EL102-02,Phú,4
elio-el102-02-nu,ELIO 32 mm Nữ EL102-02,Anh Tâm,4
elio-el102-02-nu,ELIO 32 mm Nữ EL102-02,Nguyễn Duy Phúc,5
elio-el102-02-nu,ELIO 32 mm Nữ EL102-02,Trân,5
elio-el102-02-nu,ELIO 32 mm Nữ EL102-02,Chi Kim Đồng,4
elio-el102-02-nu,ELIO 32 mm Nữ EL102-02,CÔNG TY CỔ PHẦN THƯƠNG MẠI THUỐC THÚ Y HOÀNG KIM,4
elio-el102-02-nu,ELIO 32 mm Nữ EL102-02,Hồ Ngọc Khánh Ngân,5
elio-el102-02-nu,ELIO 32 mm Nữ EL102-02,Chị Tuyết,5
elio-el102-02-nu,ELIO 32 mm Nữ EL102-02,Chị Huấn,4
elio-el102-02-nu,ELIO 32 mm Nữ EL102-02,Hà,4
elio-el102-02-nu,ELIO 32 mm Nữ EL102-02,Chị Thoa,5
elio-es118-03-nu,ELIO 34 mm Nữ ES118-03,Ánh,5
elio-es118-03-nu,ELIO 34 mm Nữ ES118-03,Phuong Uyen,5
elio-es118-03-nu,ELIO 34 mm Nữ ES118-03,Yến,4
elio-es118-03-nu,ELIO 34 mm Nữ ES118-03,Nguyễn Thị Hải,4
elio-es118-03-nu,ELIO 34 mm Nữ ES118-03,Ngọc Ánh,5
elio-es118-03-nu,ELIO 34 mm Nữ ES118-03,Thầy Nhựt Hay Quạooo,5
elio-es118-03-nu,ELIO 34 mm Nữ ES118-03,Ngọc,4
elio-el105-03-nu,ELIO Flower 35 mm Nữ EL105-03,Lương Hữu Lộc,5
elio-el105-03-nu,ELIO Flower 35 mm Nữ EL105-03,Nguyễn Thị Kim Xuân,5
elio-el105-03-nu,ELIO Flower 35 mm Nữ EL105-03,Phạm Thị Hồng Ngọc,5
elio-el105-03-nu,ELIO Flower 35 mm Nữ EL105-03,Nguyễn Thị Thanh Xuân,5
elio-el105-03-nu,ELIO Flower 35 mm Nữ EL105-03,Chị Hà,4
elio-el105-03-nu,ELIO Flower 35 mm Nữ EL105-03,Hoáng Thái,5
elio-el105-03-nu,ELIO Flower 35 mm Nữ EL105-03,Mai Thảo,5
elio-el105-03-nu,ELIO Flower 35 mm Nữ EL105-03,Phạm Thị Yến Nhi,5
elio-el112-01-nu,ELIO 28 mm Nữ EL112-01,Nguyễn Thị Tuyết Trinh,5
elio-el112-01-nu,ELIO 28 mm Nữ EL112-01,Trinh,5
elio-el112-01-nu,ELIO 28 mm Nữ EL112-01,Phạm Hồng Thi,4
elio-el112-01-nu,ELIO 28 mm Nữ EL112-01,Lưu Thị Hạnh,4
elio-el112-01-nu,ELIO 28 mm Nữ EL112-01,Trần Văn Nhì,4
elio-el112-01-nu,ELIO 28 mm Nữ EL112-01,60423 Huỳnh Thị Hạnh An,5
elio-el112-01-nu,ELIO 28 mm Nữ EL112-01,Chị Thu,5
elio-el112-01-nu,ELIO 28 mm Nữ EL112-01,Anh Thư,5
elio-el112-01-nu,ELIO 28 mm Nữ EL112-01,Chị Yến,5
elio-el112-01-nu,ELIO 28 mm Nữ EL112-01,Anh Thành,5
elio-el114-02-nu,ELIO 32 mm Nữ EL114-02,Lan Anh,4
elio-el114-02-nu,ELIO 32 mm Nữ EL114-02,Đinh Thị Xuân Đào,4
elio-el114-02-nu,ELIO 32 mm Nữ EL114-02,Nga,5
elio-el114-02-nu,ELIO 32 mm Nữ EL114-02,THỊ THU HÀ,4
elio-el114-02-nu,ELIO 32 mm Nữ EL114-02,Lê Thị Kim Vàng,4
elio-el114-02-nu,ELIO 32 mm Nữ EL114-02,Chị Thảo,3
mvw-ms078-01-nam?utm_flashsale=1,MVW 39.6 mm Nam MS078-01,Sỹ,1
mvw-ms078-01-nam?utm_flashsale=1,MVW 39.6 mm Nam MS078-01,Thủy,3
mvw-ms078-01-nam?utm_flashsale=1,MVW 39.6 mm Nam MS078-01,Đặng Hạ Trung,5
mvw-ms078-01-nam?utm_flashsale=1,MVW 39.6 mm Nam MS078-01,Điệp,1
mvw-ms078-01-nam?utm_flashsale=1,MVW 39.6 mm Nam MS078-01,Anh Hiếu,3
mvw-ms078-01-nam?utm_flashsale=1,MVW 39.6 mm Nam MS078-01,VÕ CÔNG VIỆT,4
mvw-ms078-01-nam?utm_flashsale=1,MVW 39.6 mm Nam MS078-01,Nguyễn Ngọc Phụng,4
mvw-ms078-01-nam?utm_flashsale=1,MVW 39.6 mm Nam MS078-01,Mai Trí Em,5
mvw-ms078-01-nam?utm_flashsale=1,MVW 39.6 mm Nam MS078-01,Chị Kiều,5
mvw-ms078-01-nam?utm_flashsale=1,MVW 39.6 mm Nam MS078-01,Phụng,5
mvw-ml069-02-nam?utm_flashsale=1,MVW 42 mm Nam ML069-02,CAO NGỌC NAM,5
mvw-ml069-02-nam?utm_flashsale=1,MVW 42 mm Nam ML069-02,Chú Đơn,5
mvw-ml069-02-nam?utm_flashsale=1,MVW 42 mm Nam ML069-02,Nhân,5
mvw-ml069-02-nam?utm_flashsale=1,MVW 42 mm Nam ML069-02,Y Nal,5
mvw-ml069-02-nam?utm_flashsale=1,MVW 42 mm Nam ML069-02,Đỗ Đức Thịnh,4
mvw-ml069-02-nam?utm_flashsale=1,MVW 42 mm Nam ML069-02,Đặng Dũng,5
mvw-ml069-02-nam?utm_flashsale=1,MVW 42 mm Nam ML069-02,Lương Văn Hậu,5
mvw-ml069-02-nam?utm_flashsale=1,MVW 42 mm Nam ML069-02,Phạm Thanh Thúy,4
mvw-ml069-02-nam?utm_flashsale=1,MVW 42 mm Nam ML069-02,A Hùng,5
mvw-ml069-02-nam?utm_flashsale=1,MVW 42 mm Nam ML069-02,Vân Anh,5
mvw-ml069-02-nam?utm_flashsale=1,MVW 42 mm Nam ML069-02,Nguyễn Thành Nam,3
mvw-ml069-02-nam?utm_flashsale=1,MVW 42 mm Nam ML069-02,Minh Trung,5
mvw-ml069-02-nam?utm_flashsale=1,MVW 42 mm Nam ML069-02,Châu Thị Mộng Thy,5
mvw-ml069-02-nam?utm_flashsale=1,MVW 42 mm Nam ML069-02,Phan Ngọc Ánh,5
mvw-ml070-01-nam?utm_flashsale=1,MVW 40 mm Nam ML070-01,Vũ Đình Đức,5
mvw-ml070-01-nam?utm_flashsale=1,MVW 40 mm Nam ML070-01,Tiến Nguyền,4
mvw-ml070-01-nam?utm_flashsale=1,MVW 40 mm Nam ML070-01,Hứa Văn Tính,5
mvw-ml070-01-nam?utm_flashsale=1,MVW 40 mm Nam ML070-01,Trần Thư,5
mvw-ml070-01-nam?utm_flashsale=1,MVW 40 mm Nam ML070-01,Thái Nhut Quyền,5
mvw-ml070-01-nam?utm_flashsale=1,MVW 40 mm Nam ML070-01,A Thành,5
mvw-ml070-01-nam?utm_flashsale=1,MVW 40 mm Nam ML070-01,NGÔ TẤN LỘC,4
mvw-ml070-01-nam?utm_flashsale=1,MVW 40 mm Nam ML070-01,TRẦN VẸN AN,4
mvw-ml070-01-nam?utm_flashsale=1,MVW 40 mm Nam ML070-01,NGUYỄN THÀNH NHÂN,5
mvw-ml070-01-nam?utm_flashsale=1,MVW 40 mm Nam ML070-01,Nguyễn Kim Thy,5
mvw-ml070-01-nam?utm_flashsale=1,MVW 40 mm Nam ML070-01,Tố,5
mvw-ml070-01-nam?utm_flashsale=1,MVW 40 mm Nam ML070-01,Anh Duy,5
mvw-ml070-01-nam?utm_flashsale=1,MVW 40 mm Nam ML070-01,Từ Minh Hưng,5
mvw-ml070-01-nam?utm_flashsale=1,MVW 40 mm Nam ML070-01,A Quang,4
mvw-ml070-01-nam?utm_flashsale=1,MVW 40 mm Nam ML070-01,Trần Văn Lợi,2
mvw-ml070-01-nam?utm_flashsale=1,MVW 40 mm Nam ML070-01,DOAN THE LEN,5
mvw-ml070-01-nam?utm_flashsale=1,MVW 40 mm Nam ML070-01,Kim Thanh Huyền,5
mvw-ml070-01-nam?utm_flashsale=1,MVW 40 mm Nam ML070-01,Nguyễn An Toàn,5
mvw-ml070-01-nam?utm_flashsale=1,MVW 40 mm Nam ML070-01,Ngyễn Văn Quý,3
mvw-ml070-01-nam?utm_flashsale=1,MVW 40 mm Nam ML070-01,Huỳnh Kim Hải,5
mvw-ml070-01-nam?utm_flashsale=1,MVW 40 mm Nam ML070-01,Chị Ly,5
mvw-ml070-01-nam?utm_flashsale=1,MVW 40 mm Nam ML070-01,Chị Dung,4
nakzen-sl8255lbk-3-nu,NAKZEN 34 mm Nữ SL8255LBK-3,Chị Thảo,5
nakzen-sl8255lbk-3-nu,NAKZEN 34 mm Nữ SL8255LBK-3,Thu,5
nakzen-sl8255lbk-3-nu,NAKZEN 34 mm Nữ SL8255LBK-3,Chị Tuyền,5
nakzen-sl8255lbk-3-nu,NAKZEN 34 mm Nữ SL8255LBK-3,NGUYEN QUI NHUY,5
nakzen-sl8255lbk-3-nu,NAKZEN 34 mm Nữ SL8255LBK-3,Nguyễn Thị Trà My,5
nakzen-sl8255lbk-3-nu,NAKZEN 34 mm Nữ SL8255LBK-3,Phạm Kim Châu,5
nakzen-sl8255lbk-3-nu,NAKZEN 34 mm Nữ SL8255LBK-3,Anh Việt,3
elio-el119-01-nu,ELIO Flower 28 mm Nữ EL119-01,Trần Thị Phương,5
elio-el119-01-nu,ELIO Flower 28 mm Nữ EL119-01,Trịnh Thị Thanh,4
elio-el119-01-nu,ELIO Flower 28 mm Nữ EL119-01,Nguyễn Anh Trung,4
elio-el119-01-nu,ELIO Flower 28 mm Nữ EL119-01,Hồ Thị Kim Quy,4
elio-el119-01-nu,ELIO Flower 28 mm Nữ EL119-01,Vu Thi Kim Anh,4
elio-el119-01-nu,ELIO Flower 28 mm Nữ EL119-01,,4
elio-el120-01-nu?utm_flashsale=1,ELIO 25 mm Nữ EL120-01,NGUYỄN KHẮC VŨ,5
elio-el120-01-nu?utm_flashsale=1,ELIO 25 mm Nữ EL120-01,Mỹ Linh,5
elio-el120-01-nu?utm_flashsale=1,ELIO 25 mm Nữ EL120-01,NGUYỄN TRẦN NGỌC MAI,5
elio-el120-01-nu?utm_flashsale=1,ELIO 25 mm Nữ EL120-01,Phạm Văn Quý,4
citizen-nj0084-59a-nam,CITIZEN Mechanical 42 mm Nam NJ0084-59A,Quyên,5
citizen-nj0154-80h-nam,CITIZEN Tsuyosa 40 mm Nam NJ0154-80H,Ok,5
citizen-nj0154-80h-nam,CITIZEN Tsuyosa 40 mm Nam NJ0154-80H,Chú Lâm,5
citizen-nj0154-80h-nam,CITIZEN Tsuyosa 40 mm Nam NJ0154-80H,Nguyễn Hữu Hưng,5
citizen-nj0154-80h-nam,CITIZEN Tsuyosa 40 mm Nam NJ0154-80H,Hoang Huu Nghĩa,5
citizen-nj0154-80h-nam,CITIZEN Tsuyosa 40 mm Nam NJ0154-80H,Chị Trúc,5
citizen-nj0154-80h-nam,CITIZEN Tsuyosa 40 mm Nam NJ0154-80H,Tuấn,5
citizen-nj0154-80h-nam,CITIZEN Tsuyosa 40 mm Nam NJ0154-80H,THẠCHTRÌNH,4
citizen-nj0154-80h-nam,CITIZEN Tsuyosa 40 mm Nam NJ0154-80H,Nguyễn Bá Đạt,4
mvw-ms085-01-nam,MVW 43 mm Nam MS085-01,Nguyễn Trần San,5
mvw-ms085-01-nam,MVW 43 mm Nam MS085-01,Nguyễn Năm,5
mvw-ms085-01-nam,MVW 43 mm Nam MS085-01,Nguyen Son Lam,4
mvw-ms085-01-nam,MVW 43 mm Nam MS085-01,Trần Quang Linh,5
mvw-ms085-01-nam,MVW 43 mm Nam MS085-01,Trần Trí Tài,5
mvw-ms085-01-nam,MVW 43 mm Nam MS085-01,Thầy Hùng,4
mvw-ms085-01-nam,MVW 43 mm Nam MS085-01,Hưng,5
mvw-ms085-01-nam,MVW 43 mm Nam MS085-01,Anh Nam,5
mvw-ms085-01-nam,MVW 43 mm Nam MS085-01,Lê Đình Dũng,5
mvw-ms085-01-nam,MVW 43 mm Nam MS085-01,Anh Khoa,5
mvw-ms085-01-nam,MVW 43 mm Nam MS085-01,VÕ HÙNG TÍNH,4
mvw-ms086-02-nam?utm_flashsale=1,MVW 43 mm Nam MS086-02,Chị Hương,5
mvw-ms086-02-nam?utm_flashsale=1,MVW 43 mm Nam MS086-02,LÊ VĂN ĐIỆP,5
mvw-ms086-02-nam?utm_flashsale=1,MVW 43 mm Nam MS086-02,Thủy,4
mvw-ms086-02-nam?utm_flashsale=1,MVW 43 mm Nam MS086-02,NGUYỄN PHONG PHÚ,5
mvw-ms086-02-nam?utm_flashsale=1,MVW 43 mm Nam MS086-02,DIỆP THỊ NGỌC DÁNG,4
mvw-ms086-02-nam?utm_flashsale=1,MVW 43 mm Nam MS086-02,Bùi Chí Tâm,5
mvw-ms086-02-nam?utm_flashsale=1,MVW 43 mm Nam MS086-02,Nguyen Minh Cuong,5
mvw-ms086-02-nam?utm_flashsale=1,MVW 43 mm Nam MS086-02,Nguyễn Thành Đạt,5
mvw-ms086-02-nam?utm_flashsale=1,MVW 43 mm Nam MS086-02,,5
mvw-ms086-02-nam?utm_flashsale=1,MVW 43 mm Nam MS086-02,Phúc Long,5
nakzen-sl9324gbn-7n3-nam,NAKZEN 40 mm Nam SL9324GBN-7N3,Trần Văn Tây,4
nakzen-sl9470gbn-1nr-nam,NAKZEN Hoa & Gió 40 mm Nam SL9470GBN-1NR,A Kiệt,5
elio-ec015-02-nu,ELIO 35 mm Nữ EC015-02,Mạnh Tuấn,1
elio-ec015-02-nu,ELIO 35 mm Nữ EC015-02,Hân,5
elio-ec015-02-nu,ELIO 35 mm Nữ EC015-02,ĐẶNG THỊ HUẾ,4
elio-ec015-02-nu,ELIO 35 mm Nữ EC015-02,Nhi,4
elio-ec015-02-nu,ELIO 35 mm Nữ EC015-02,Khách Lẻ,5
elio-ec015-02-nu,ELIO 35 mm Nữ EC015-02,Chị Nguyên,5
elio-el127-01-nu,ELIO 35.2 mm Nữ EL127-01,Luân,5
elio-el127-06-nu,ELIO Xmas 35.2 mm Nữ EL127-06,Nguyễn Thanh Dũng,5
elio-el127-06-nu,ELIO Xmas 35.2 mm Nữ EL127-06,Hoài Trâm,4
elio-el127-06-nu,ELIO Xmas 35.2 mm Nữ EL127-06,Nguyễn Thị Thu Thảo,5
elio-el127-06-nu,ELIO Xmas 35.2 mm Nữ EL127-06,Đinh Thanh Tâm,5
elio-el126-03-nu,ELIO 30.5 mm Nữ EL126-03,Phạm Nguyễn Uyên Phương,5
elio-el126-03-nu,ELIO 30.5 mm Nữ EL126-03,Giàu,5
elio-el124-01-nu,ELIO 28.5 mm Nữ EL124-01,Nguyễn Ngọc Thu,5
elio-el124-01-nu,ELIO 28.5 mm Nữ EL124-01,Tài,5
elio-el124-01-nu,ELIO 28.5 mm Nữ EL124-01,Vũ Thị Vân,4
elio-el124-01-nu,ELIO 28.5 mm Nữ EL124-01,Nhã,5
elio-el124-01-nu,ELIO 28.5 mm Nữ EL124-01,Chị Phương,4
elio-el124-02-nu,ELIO Ngày có em 28.5 mm Nữ EL124-02,Phan Thị Nhung,5
elio-el124-02-nu,ELIO Ngày có em 28.5 mm Nữ EL124-02,Anh Hinh,4
elio-ec017-02-nu,ELIO 32 mm Nữ EC017-02,Tiên,5
elio-ec020-02-nu?utm_flashsale=1,ELIO Xmas 30 mm Nữ EC020-02,PHAN THỊ THANH NHÀN,5
elio-ec020-02-nu?utm_flashsale=1,ELIO Xmas 30 mm Nữ EC020-02,Phạm Hồng Dũng,4
elio-ec020-02-nu?utm_flashsale=1,ELIO Xmas 30 mm Nữ EC020-02,Nguyễn Thị Mai Nhi,5
elio-ec022-01-nam?utm_flashsale=1,ELIO 40 mm Nam EC022-01,Trang,5
elio-el135-01-nu,ELIO 33 mm Nữ EL135-01,Tuyết Quyên,5
elio-el135-01-nu,ELIO 33 mm Nữ EL135-01,Van Pham,4
elio-el135-02-nu,ELIO 33 mm Nữ EL135-02,Bùi Thuý Ngọc,4
elio-el135-02-nu,ELIO 33 mm Nữ EL135-02,Trần Yếnlinh,4
elio-el136-02-nu,ELIO 26 mm Nữ EL136-02,C Huyền,5
elio-el136-02-nu,ELIO 26 mm Nữ EL136-02,Ngô Thị Thu Hương,5
elio-el139-01-nu,ELIO 33 mm Nữ EL139-01,Nguyễn Thị Ngân,5
q-q-c09a-001py-nu,Q&Q 30 mm Nữ C09A-001PY,Kiều Phụng,5
q-q-c09a-001py-nu,Q&Q 30 mm Nữ C09A-001PY,Nguyễn Hoàng Phi Yến,5
q-q-c09a-001py-nu,Q&Q 30 mm Nữ C09A-001PY,Thạch Thanh Tùng,5
q-q-c09a-001py-nu,Q&Q 30 mm Nữ C09A-001PY,CHÂU PHƯỚC THỌ,5
q-q-c09a-001py-nu,Q&Q 30 mm Nữ C09A-001PY,Nguyễn Trung Hiếu,3
q-q-c09a-001py-nu,Q&Q 30 mm Nữ C09A-001PY,Anh Cường,4
eyki-eyc012-01-nam?utm_flashsale=1,EYKI 41 mm Nam EYC012-01,Linh,3
eyki-eys008-01-nu?utm_flashsale=1,EYKI 30 mm Nữ EYS008-01,Lò Văn Hay,1
eyki-eys008-01-nu?utm_flashsale=1,EYKI 30 mm Nữ EYS008-01,Nguyễn Phương Anh,3
eyki-eys008-01-nu?utm_flashsale=1,EYKI 30 mm Nữ EYS008-01,Hoa,4
eyki-eys008-01-nu?utm_flashsale=1,EYKI 30 mm Nữ EYS008-01,Thái,4
eyki-eys008-01-nu?utm_flashsale=1,EYKI 30 mm Nữ EYS008-01,Trang,5
eyki-eys008-01-nu?utm_flashsale=1,EYKI 30 mm Nữ EYS008-01,Nguyễn Tùng,4
eyki-eys008-01-nu?utm_flashsale=1,EYKI 30 mm Nữ EYS008-01,Lê Thị Sáu,5
eyki-eys008-01-nu?utm_flashsale=1,EYKI 30 mm Nữ EYS008-01,Chị Thắm,1
eyki-eys008-01-nu?utm_flashsale=1,EYKI 30 mm Nữ EYS008-01,TRAN THI HONG THAM,4
eyki-eys008-01-nu?utm_flashsale=1,EYKI 30 mm Nữ EYS008-01,NGUYEN THI THUY LIEU,5
eyki-eys008-01-nu?utm_flashsale=1,EYKI 30 mm Nữ EYS008-01,Vo Lien,4
eyki-eys008-01-nu?utm_flashsale=1,EYKI 30 mm Nữ EYS008-01,Nguyễn Thái Tín,4
eyki-eys008-01-nu?utm_flashsale=1,EYKI 30 mm Nữ EYS008-01,Tuấn Anh,5
eyki-eys008-01-nu?utm_flashsale=1,EYKI 30 mm Nữ EYS008-01,Lê Thanh Hải,5
eyki-eys008-01-nu?utm_flashsale=1,EYKI 30 mm Nữ EYS008-01,Hiếu,5
eyki-eys008-01-nu?utm_flashsale=1,EYKI 30 mm Nữ EYS008-01,Hoàng Phong,5
eyki-eys008-01-nu?utm_flashsale=1,EYKI 30 mm Nữ EYS008-01,Phạm Hoàng Phụng Tiên,5
eyki-eys008-01-nu?utm_flashsale=1,EYKI 30 mm Nữ EYS008-01,Nguyễn Xuyên,4
eyki-eys008-01-nu?utm_flashsale=1,EYKI 30 mm Nữ EYS008-01,Nguyễn Xuyên,4
eyki-eys008-01-nu?utm_flashsale=1,EYKI 30 mm Nữ EYS008-01,TRẦN THỊ HIỀN,5
eyki-eys008-01-nu?utm_flashsale=1,EYKI 30 mm Nữ EYS008-01,Chị Uyên,3
mvw-ml074-02-nam,MVW Sport 43 mm Nam ML074-02,Hương,5
mvw-ml074-02-nam,MVW Sport 43 mm Nam ML074-02,Tiến,5
mvw-ml074-02-nam,MVW Sport 43 mm Nam ML074-02,Hương,5
mvw-ml074-02-nam,MVW Sport 43 mm Nam ML074-02,Chị Linh,5
mvw-ml074-02-nam,MVW Sport 43 mm Nam ML074-02,NGUYEN VAN SON,3
mvw-ml074-02-nam,MVW Sport 43 mm Nam ML074-02,Nguyễn Hữu,5
mvw-ml074-02-nam,MVW Sport 43 mm Nam ML074-02,Anh Hùng,5
mvw-ml074-02-nam,MVW Sport 43 mm Nam ML074-02,Trương Võ Hồng Tâm,4
mvw-ml074-02-nam,MVW Sport 43 mm Nam ML074-02,Chị Trang,4
mvw-ml075-01-nam,MVW Sport 43 mm Nam ML075-01,Dương Mộng Như Ý,5
mvw-ml075-01-nam,MVW Sport 43 mm Nam ML075-01,Nguyễn Mai Trinh,5
mvw-ml075-01-nam,MVW Sport 43 mm Nam ML075-01,Nguyễn Tấn Tới,5
mvw-ml075-01-nam,MVW Sport 43 mm Nam ML075-01,Chị Giàu,5
mvw-ml075-01-nam,MVW Sport 43 mm Nam ML075-01,,5
smile-kid-sl123-04-tre-em,SMILE KID 29 mm Trẻ em SL123-04,Phan Thị Thanh Thúy,5
smile-kid-sl123-04-tre-em,SMILE KID 29 mm Trẻ em SL123-04,Thành,5
smile-kid-sl123-04-tre-em,SMILE KID 29 mm Trẻ em SL123-04,ĐỖ ÚT ĐÈO,5
smile-kid-sl123-04-tre-em,SMILE KID 29 mm Trẻ em SL123-04,Dì Nga,5
smile-kid-sl123-04-tre-em,SMILE KID 29 mm Trẻ em SL123-04,NGUYỄN THỊ HIÊN,5
smile-kid-sl123-04-tre-em,SMILE KID 29 mm Trẻ em SL123-04,NGUYỄN MỘNG CẦM,5
smile-kid-sl132-05-tre-em,SMILE KID 47.2 mm Trẻ em SL132-05,Chị Vy,1
smile-kid-sl132-05-tre-em,SMILE KID 47.2 mm Trẻ em SL132-05,Đỗ Thị Minh Hiền,4
smile-kid-sl132-05-tre-em,SMILE KID 47.2 mm Trẻ em SL132-05,Quế Anh,5
smile-kid-sl132-05-tre-em,SMILE KID 47.2 mm Trẻ em SL132-05,Ngô Thị Thanh Thảo,4
smile-kid-sl132-05-tre-em,SMILE KID 47.2 mm Trẻ em SL132-05,Thảo My,4
smile-kid-sl132-05-tre-em,SMILE KID 47.2 mm Trẻ em SL132-05,Đỗ Xuân Phú,4
orient-ra-ak0010b10b-nam,ORIENT Sun & Moon 42.5 mm Nam RA-AK0010B10B,Trần Minh Sang,5
orient-ra-ak0010b10b-nam,ORIENT Sun & Moon 42.5 mm Nam RA-AK0010B10B,Anh Tùng,4
orient-ra-ak0010b10b-nam,ORIENT Sun & Moon 42.5 mm Nam RA-AK0010B10B,Anh Tùng,4
orient-ra-as0009s10b-nam,ORIENT Sun & Moon 42 mm Nam RA-AS0009S10B,Đức Bền,5
mvw-glory-ml079-02-nam?utm_flashsale=1,MVW Glory 43 mm Nam ML079-02,Phan Nguyen Kha,5
mvw-glory-ml079-02-nam?utm_flashsale=1,MVW Glory 43 mm Nam ML079-02,Trần Như Đạo,5
mvw-glory-ml079-02-nam?utm_flashsale=1,MVW Glory 43 mm Nam ML079-02,Bacvy,4
mvw-glory-ml079-02-nam?utm_flashsale=1,MVW Glory 43 mm Nam ML079-02,Nguyễn Văn Tuấn,3
mvw-glory-ml079-02-nam?utm_flashsale=1,MVW Glory 43 mm Nam ML079-02,Nguyễn Trí,5
mvw-glory-ml079-02-nam?utm_flashsale=1,MVW Glory 43 mm Nam ML079-02,Phan Duy Trân,5
mvw-glory-ml079-02-nam?utm_flashsale=1,MVW Glory 43 mm Nam ML079-02,Hiệp,5
mvw-glory-ml079-02-nam?utm_flashsale=1,MVW Glory 43 mm Nam ML079-02,Lâm Vĩ Đại,5
mvw-glory-ml079-02-nam?utm_flashsale=1,MVW Glory 43 mm Nam ML079-02,NGUYỄN CHÍ THÂN,5
mvw-glory-ml079-02-nam?utm_flashsale=1,MVW Glory 43 mm Nam ML079-02,Phạm Thị Tuyền,5
mvw-glory-ml079-02-nam?utm_flashsale=1,MVW Glory 43 mm Nam ML079-02,Vũ Văn Toàn,5
mvw-glory-ml079-02-nam?utm_flashsale=1,MVW Glory 43 mm Nam ML079-02,HỒ VĂN THỨC,4
mvw-glory-ml079-02-nam?utm_flashsale=1,MVW Glory 43 mm Nam ML079-02,Đạt,2
mvw-glory-ml079-02-nam?utm_flashsale=1,MVW Glory 43 mm Nam ML079-02,Nguyễn Văn Tòng,5
mvw-glory-ml079-02-nam?utm_flashsale=1,MVW Glory 43 mm Nam ML079-02,Anh Linh,5
mvw-glory-ml079-02-nam?utm_flashsale=1,MVW Glory 43 mm Nam ML079-02,Trần Văn Thái,5
mvw-glory-ml079-02-nam?utm_flashsale=1,MVW Glory 43 mm Nam ML079-02,Bùi Nguyễn Tiến Dũng,4
mvw-glory-ml079-02-nam?utm_flashsale=1,MVW Glory 43 mm Nam ML079-02,Hùng,5
mvw-glory-ml079-02-nam?utm_flashsale=1,MVW Glory 43 mm Nam ML079-02,Nguyễn Thị Cẩm Thi,5
mvw-ml076-01-nam,MVW UT 38 mm Nam ML076-01,Chí Thiện,5
mvw-ml076-01-nam,MVW UT 38 mm Nam ML076-01,Phan Trung,4
mvw-ml083-02-nam?utm_flashsale=1,MVW 43 mm Nam ML083-02,Giang,4
mvw-ml083-02-nam?utm_flashsale=1,MVW 43 mm Nam ML083-02,Loan,3
q-q-a11a-002py-nam,Q&Q 42 mm Nam A11A-002PY,Anh Sơn,5
q-q-f01a-005py-nu?utm_flashsale=1,Q&Q 34 mm Nữ F01A-005PY,Ánh,5
q-q-f01a-005py-nu?utm_flashsale=1,Q&Q 34 mm Nữ F01A-005PY,Thuỷ,4
q-q-s08a-007py-nam?utm_flashsale=1,Q&Q 43 mm Nam S08A-007PY,Chiêu,5
mvw-mla084-02-s1-nam?utm_flashsale=1,MVW Star Automatic 41 mm Nam MLA084-02-S1,Lẹ Tuoi,4
mvw-mla084-02-s1-nam?utm_flashsale=1,MVW Star Automatic 41 mm Nam MLA084-02-S1,Tich,1
mvw-mla084-02-s1-nam?utm_flashsale=1,MVW Star Automatic 41 mm Nam MLA084-02-S1,Kiet,2
mvw-mla084-02-s1-nam?utm_flashsale=1,MVW Star Automatic 41 mm Nam MLA084-02-S1,Mai,5
mvw-mla084-02-s1-nam?utm_flashsale=1,MVW Star Automatic 41 mm Nam MLA084-02-S1,Kiet,4
mvw-mla084-02-s1-nam?utm_flashsale=1,MVW Star Automatic 41 mm Nam MLA084-02-S1,Kiệt,4
mvw-mla084-02-s1-nam?utm_flashsale=1,MVW Star Automatic 41 mm Nam MLA084-02-S1,Hoàng,4
elio-es156-01-nu,ELIO Set quà 22.5 mm Nữ ES156-01,Nguyễn Yến,3
mvw-msa093-01-s2-nam?utm_flashsale=1,MVW Galaxy 43 mm Nam MSA093-01-S2,Bac Vy,4
mvw-msa093-01-s2-nam?utm_flashsale=1,MVW Galaxy 43 mm Nam MSA093-01-S2,Diep,1
mvw-msa093-01-s2-nam?utm_flashsale=1,MVW Galaxy 43 mm Nam MSA093-01-S2,Hồ Thị Diễm,5
mvw-msca002-04-s3-nam?utm_flashsale=1,MVW Galaxy 41.5 mm Nam MSCA002-04-S3,Đoàn Minh Lâm,5
mvw-msca002-04-s3-nam?utm_flashsale=1,MVW Galaxy 41.5 mm Nam MSCA002-04-S3,Trần Văn Thảo,5
mvw-msca002-04-s3-nam?utm_flashsale=1,MVW Galaxy 41.5 mm Nam MSCA002-04-S3,Nguyễn Văn Huy,5
mvw-msca002-04-s3-nam?utm_flashsale=1,MVW Galaxy 41.5 mm Nam MSCA002-04-S3,Tâm,5
mvw-msca002-04-s3-nam?utm_flashsale=1,MVW Galaxy 41.5 mm Nam MSCA002-04-S3,Võ Ngọc Trâm Oanh,5
q-q-s10a-001vy-nam,Q&Q 39 mm Nam S10A-001VY,Nguyễn Hữu Hưng,5
q-q-s10a-001vy-nam,Q&Q 39 mm Nam S10A-001VY,Long Huỳnh,5
q-q-s10a-001vy-nam,Q&Q 39 mm Nam S10A-001VY,Nguyễn Thị Cẩm Tiên,5
casio-mtp-b145d-7bvdf-nam?utm_flashsale=1,CASIO 35 mm Nam MTP-B145D-7BVDF,Huỳnh Văn Hà,2
casio-edifice-efr-571db-1a1vudf-nam,EDIFICE CASIO 47.1 mm Nam EFR-571DB-1A1VUDF,Trung,2
q-q-gw87j010y-nam,Q&Q 52 mm Nam GW87J010Y,Nguyễn Bằng Phi,4
q-q-gw87j010y-nam,Q&Q 52 mm Nam GW87J010Y,LÊ MINH TIẾN,2
casio-ltp-1094e-7brdf-den?utm_flashsale=1,CASIO 23 mm Nữ LTP-1094E-7BRDF,Nguyễn Văn Thực,5
casio-ltp-1094e-7brdf-den?utm_flashsale=1,CASIO 23 mm Nữ LTP-1094E-7BRDF,Nguyễn Thị Lương,5
casio-ltp-1094e-7brdf-den?utm_flashsale=1,CASIO 23 mm Nữ LTP-1094E-7BRDF,Chị Hường,4
casio-ltp-1094e-7brdf-den?utm_flashsale=1,CASIO 23 mm Nữ LTP-1094E-7BRDF,Cao Nguyễn Thiên Hương,4
casio-ltp-1094e-7brdf-den?utm_flashsale=1,CASIO 23 mm Nữ LTP-1094E-7BRDF,- Hoàng Gia Linh,5
casio-ltp-1094e-7brdf-den?utm_flashsale=1,CASIO 23 mm Nữ LTP-1094E-7BRDF,Phương Anh,4
casio-ltp-1094e-7brdf-den?utm_flashsale=1,CASIO 23 mm Nữ LTP-1094E-7BRDF,PHẠM THANH BÌNH,5
casio-ltp-1094e-7brdf-den?utm_flashsale=1,CASIO 23 mm Nữ LTP-1094E-7BRDF,Em Hoa,5
casio-ltp-1094e-7brdf-den?utm_flashsale=1,CASIO 23 mm Nữ LTP-1094E-7BRDF,Bạch,5
casio-ltp-1094e-7brdf-den?utm_flashsale=1,CASIO 23 mm Nữ LTP-1094E-7BRDF,LÊ THỊ MAI,5
casio-ltp-1094e-7brdf-den?utm_flashsale=1,CASIO 23 mm Nữ LTP-1094E-7BRDF,Trần Hữu Sỹ,5
casio-ltp-1094e-7brdf-den?utm_flashsale=1,CASIO 23 mm Nữ LTP-1094E-7BRDF,NGÔ THỊ KIM CHI,5
casio-ltp-v002gl-1budf-nau?utm_flashsale=1,CASIO 25 mm Nữ LTP-V002GL-1BUDF,Cô Hiền,4
casio-ltp-v002gl-1budf-nau?utm_flashsale=1,CASIO 25 mm Nữ LTP-V002GL-1BUDF,Võ Thị Tú Uyên,4
casio-ltp-v002gl-1budf-nau?utm_flashsale=1,CASIO 25 mm Nữ LTP-V002GL-1BUDF,Trần Quốc Tùng,5
casio-ltp-v002gl-1budf-nau?utm_flashsale=1,CASIO 25 mm Nữ LTP-V002GL-1BUDF,Hồ Thị Thuỷ,5
casio-ltp-v002gl-1budf-nau?utm_flashsale=1,CASIO 25 mm Nữ LTP-V002GL-1BUDF,Anh Ngọc,5
casio-ltp-v002gl-1budf-nau?utm_flashsale=1,CASIO 25 mm Nữ LTP-V002GL-1BUDF,Nguyễn Thị Trúc Linh,3
casio-ltp-v002gl-1budf-nau?utm_flashsale=1,CASIO 25 mm Nữ LTP-V002GL-1BUDF,Huyền,5
casio-ltp-v005gl-1budf-nau,CASIO 28 mm Nữ LTP-V005GL-1BUDF,Nguyễn Thu Phương,5
casio-ltp-v005gl-1budf-nau,CASIO 28 mm Nữ LTP-V005GL-1BUDF,Nguyễn Thi Hồng Mận,5
casio-ltp-v005gl-1budf-nau,CASIO 28 mm Nữ LTP-V005GL-1BUDF,Nguyễn Cao Kỳ Duyên,5
casio-ltp-v005gl-1budf-nau,CASIO 28 mm Nữ LTP-V005GL-1BUDF,Trần Thị Ánh Tuyết,5
casio-ltp-v005gl-1budf-nau,CASIO 28 mm Nữ LTP-V005GL-1BUDF,Mai Trúc,3
casio-ltp-v005gl-1budf-nau,CASIO 28 mm Nữ LTP-V005GL-1BUDF,Phan Quốc Thi,5
casio-ltp-v005gl-1budf-nau,CASIO 28 mm Nữ LTP-V005GL-1BUDF,Anh Phước,5
casio-ltp-v005gl-1budf-nau,CASIO 28 mm Nữ LTP-V005GL-1BUDF,C Thuỳ,5
casio-ltp-v005gl-1budf-nau,CASIO 28 mm Nữ LTP-V005GL-1BUDF,Nguyễn Thị Lưu Ly,5
casio-ltp-v005gl-1budf-nau,CASIO 28 mm Nữ LTP-V005GL-1BUDF,Trang Tăng,4
casio-ltp-1165a-4cdf-bac?utm_flashsale=1,CASIO 21.4 mm Nữ LTP-1165A-4CDF,Trần Thị Cẩm Loan,5
casio-ltp-1165a-4cdf-bac?utm_flashsale=1,CASIO 21.4 mm Nữ LTP-1165A-4CDF,Nguyễn Thị Út,4
casio-ltp-1165a-4cdf-bac?utm_flashsale=1,CASIO 21.4 mm Nữ LTP-1165A-4CDF,Kim Loan,5
casio-ltp-1165a-4cdf-bac?utm_flashsale=1,CASIO 21.4 mm Nữ LTP-1165A-4CDF,Phạm Thị Hồng Tuyến,4
casio-ltp-1165a-4cdf-bac?utm_flashsale=1,CASIO 21.4 mm Nữ LTP-1165A-4CDF,Trương Thị Huyền Trâm,5
casio-ltp-1165a-4cdf-bac?utm_flashsale=1,CASIO 21.4 mm Nữ LTP-1165A-4CDF,Ngô Phương,4
casio-ltp-1165a-4cdf-bac?utm_flashsale=1,CASIO 21.4 mm Nữ LTP-1165A-4CDF,HUỲNH THỊ NGỌC THÙY,5
casio-ltp-1165a-4cdf-bac?utm_flashsale=1,CASIO 21.4 mm Nữ LTP-1165A-4CDF,Tô Thị Minh,4
casio-ltp-1165a-4cdf-bac?utm_flashsale=1,CASIO 21.4 mm Nữ LTP-1165A-4CDF,Anh Cương,5
casio-ltp-v002g-9audf-vang,CASIO 25 mm Nữ LTP-V002G-9AUDF,Văn Miền,4
casio-ltp-v002g-9audf-vang,CASIO 25 mm Nữ LTP-V002G-9AUDF,Chị Hoa,5
casio-ltp-v002g-9audf-vang,CASIO 25 mm Nữ LTP-V002G-9AUDF,Đạt,5
casio-ltp-v002g-9audf-vang,CASIO 25 mm Nữ LTP-V002G-9AUDF,Anh Khoa,5
casio-ltp-v002g-9audf-vang,CASIO 25 mm Nữ LTP-V002G-9AUDF,Đặng Anh Vũ,4
casio-ltp-v002g-9audf-vang,CASIO 25 mm Nữ LTP-V002G-9AUDF,Anh Hiển,5
casio-ltp-v002g-9audf-vang,CASIO 25 mm Nữ LTP-V002G-9AUDF,Thuy Duyên,5
casio-ltp-v002g-9audf-vang,CASIO 25 mm Nữ LTP-V002G-9AUDF,Chú Khánh,5
casio-lrw-200h-1bvdf-den,CASIO 32.6 mm Nữ LRW-200H-1BVDF,Hà THùy Linh,5
casio-lrw-200h-1bvdf-den,CASIO 32.6 mm Nữ LRW-200H-1BVDF,Bùi Hồng Quân,5
casio-lrw-200h-1bvdf-den,CASIO 32.6 mm Nữ LRW-200H-1BVDF,Chị Dung,5
casio-lrw-200h-1bvdf-den,CASIO 32.6 mm Nữ LRW-200H-1BVDF,Hà,3
casio-lrw-200h-1bvdf-den,CASIO 32.6 mm Nữ LRW-200H-1BVDF,Nguyễn Việt Hoàng,5
casio-lrw-200h-1bvdf-den,CASIO 32.6 mm Nữ LRW-200H-1BVDF,Toan,4
casio-lrw-200h-1bvdf-den,CASIO 32.6 mm Nữ LRW-200H-1BVDF,Trần Thị Ngọc Quyên,5
casio-lrw-200h-1bvdf-den,CASIO 32.6 mm Nữ LRW-200H-1BVDF,Chị Diện,5
casio-lrw-200h-1bvdf-den,CASIO 32.6 mm Nữ LRW-200H-1BVDF,Trương Hạnh,4
casio-lrw-200h-1bvdf-den,CASIO 32.6 mm Nữ LRW-200H-1BVDF,Trần Thị Thanh Hồng,5
casio-lrw-200h-1bvdf-den,CASIO 32.6 mm Nữ LRW-200H-1BVDF,Đào Thị Thu Hương,4
casio-lrw-200h-4cvdf-trang?utm_flashsale=1,CASIO 32.6 mm Nữ LRW-200H-4CVDF,Phạm Thị Kiều Trinh,5
casio-lrw-200h-4cvdf-trang?utm_flashsale=1,CASIO 32.6 mm Nữ LRW-200H-4CVDF,Linh,4
casio-lrw-200h-4cvdf-trang?utm_flashsale=1,CASIO 32.6 mm Nữ LRW-200H-4CVDF,Thịnh Duy Khiêm,5
casio-lrw-200h-4cvdf-trang?utm_flashsale=1,CASIO 32.6 mm Nữ LRW-200H-4CVDF,Cô Loan,4
casio-lrw-200h-4cvdf-trang?utm_flashsale=1,CASIO 32.6 mm Nữ LRW-200H-4CVDF,Anh Quốc,5
casio-lrw-200h-4cvdf-trang?utm_flashsale=1,CASIO 32.6 mm Nữ LRW-200H-4CVDF,Quan,5
casio-lrw-200h-4cvdf-trang?utm_flashsale=1,CASIO 32.6 mm Nữ LRW-200H-4CVDF,Chị Hương,4
casio-lrw-200h-4cvdf-trang?utm_flashsale=1,CASIO 32.6 mm Nữ LRW-200H-4CVDF,Huỳnh Thi Phương Trang,4
casio-lrw-200h-4cvdf-trang?utm_flashsale=1,CASIO 32.6 mm Nữ LRW-200H-4CVDF,Chị Trân,3
casio-lrw-200h-4cvdf-trang?utm_flashsale=1,CASIO 32.6 mm Nữ LRW-200H-4CVDF,Quan,5
casio-lrw-200h-4cvdf-trang?utm_flashsale=1,CASIO 32.6 mm Nữ LRW-200H-4CVDF,Cô Loan,1
casio-lrw-200h-4cvdf-trang?utm_flashsale=1,CASIO 32.6 mm Nữ LRW-200H-4CVDF,C Vượng,5
casio-lrw-200h-4cvdf-trang?utm_flashsale=1,CASIO 32.6 mm Nữ LRW-200H-4CVDF,Nguyễn Ngọc Kim Tuyền,5
casio-lrw-200h-4evdr-den?utm_flashsale=1,CASIO 32 mm Nữ LRW-200H-4EVDR,Lan,5
casio-lrw-200h-4evdr-den?utm_flashsale=1,CASIO 32 mm Nữ LRW-200H-4EVDR,Nguyễn Viễn Thông,5
casio-lrw-200h-4evdr-den?utm_flashsale=1,CASIO 32 mm Nữ LRW-200H-4EVDR,Thanh,5
casio-lrw-200h-4evdr-den?utm_flashsale=1,CASIO 32 mm Nữ LRW-200H-4EVDR,Chị Trang,4
casio-lrw-200h-4evdr-den?utm_flashsale=1,CASIO 32 mm Nữ LRW-200H-4EVDR,Anh Hai,5
casio-lrw-200h-4evdr-den?utm_flashsale=1,CASIO 32 mm Nữ LRW-200H-4EVDR,Thanh Minh,5
casio-lrw-200h-4evdr-den?utm_flashsale=1,CASIO 32 mm Nữ LRW-200H-4EVDR,Anh Quế,5
casio-lrw-200h-4evdr-den?utm_flashsale=1,CASIO 32 mm Nữ LRW-200H-4EVDR,Trần Thị Lan,5
casio-lrw-200h-4evdr-den?utm_flashsale=1,CASIO 32 mm Nữ LRW-200H-4EVDR,Nhung Võ,5
casio-lrw-200h-4evdr-den?utm_flashsale=1,CASIO 32 mm Nữ LRW-200H-4EVDR,ĐÀO VĂN THUẬN EM,5
casio-lrw-200h-4evdr-den?utm_flashsale=1,CASIO 32 mm Nữ LRW-200H-4EVDR,Sang,4
casio-lrw-200h-4evdr-den?utm_flashsale=1,CASIO 32 mm Nữ LRW-200H-4EVDR,Nguyên Văn Hiếu,4
citizen-ar1133-23a,CITIZEN 39 mm Nam AR1133-23A,Em Ý,5
citizen-ar1133-23a,CITIZEN 39 mm Nam AR1133-23A,Vu Linh,4
citizen-ar1133-23a,CITIZEN 39 mm Nam AR1133-23A,Thanh Quân,4
citizen-ar1133-23a,CITIZEN 39 mm Nam AR1133-23A,Lương,5
citizen-ar1133-23a,CITIZEN 39 mm Nam AR1133-23A,Đạt,5
citizen-ar1133-23a,CITIZEN 39 mm Nam AR1133-23A,Nguyễn Thanh Hải,1
citizen-ar1133-23a,CITIZEN 39 mm Nam AR1133-23A,Vuong,5
citizen-ar1133-23a,CITIZEN 39 mm Nam AR1133-23A,Nhân,5
citizen-ar1133-23a,CITIZEN 39 mm Nam AR1133-23A,Lê Phương Vu,5
citizen-ar1133-23a,CITIZEN 39 mm Nam AR1133-23A,Duy,5
citizen-bf2001-12a-trang?utm_flashsale=1,CITIZEN 41.2 mm Nam BF2001-12A,Hồ Hoàng,4
citizen-bf2001-12a-trang?utm_flashsale=1,CITIZEN 41.2 mm Nam BF2001-12A,Thành,5
citizen-bf2001-12a-trang?utm_flashsale=1,CITIZEN 41.2 mm Nam BF2001-12A,Anh Thuỷ,5
citizen-bf2001-12a-trang?utm_flashsale=1,CITIZEN 41.2 mm Nam BF2001-12A,Nghiệm,5
citizen-bf2001-12a-trang?utm_flashsale=1,CITIZEN 41.2 mm Nam BF2001-12A,Hiếu,1
citizen-bf2001-12a-trang?utm_flashsale=1,CITIZEN 41.2 mm Nam BF2001-12A,Anh Tỉnh,5
citizen-bf2001-12a-trang?utm_flashsale=1,CITIZEN 41.2 mm Nam BF2001-12A,Phạm Văn Dũng,3
citizen-bf2001-12a-trang?utm_flashsale=1,CITIZEN 41.2 mm Nam BF2001-12A,Nguyễn Văn Vũ,4
citizen-bf2001-80e,CITIZEN 41 mm Nam BF2001-80E,Nguyễn Thanh Nguyện,5
citizen-bf2001-80e,CITIZEN 41 mm Nam BF2001-80E,Anh Toàn,5
citizen-bf2001-80e,CITIZEN 41 mm Nam BF2001-80E,Phan Tuấn Kiệt,4
citizen-bf2001-80e,CITIZEN 41 mm Nam BF2001-80E,BÙI HỮU TRƯỜNG,4
citizen-bf2001-80e,CITIZEN 41 mm Nam BF2001-80E,Nguyễn Văn Gõ,3
citizen-bf2001-80e,CITIZEN 41 mm Nam BF2001-80E,Phạm Khắc Chung,4
citizen-bf2001-80e,CITIZEN 41 mm Nam BF2001-80E,Phan Nguyễn Vĩnh Sơn,4
citizen-bi1050-56l-xanh,CITIZEN 40 mm Nam BI1050-56L,Phạm Hoài Hận,1
citizen-bi1050-56l-xanh,CITIZEN 40 mm Nam BI1050-56L,Huỳnh Hữu Vinh,5
citizen-bi1050-56l-xanh,CITIZEN 40 mm Nam BI1050-56L,Trần Hồng Quân,4
citizen-bi1050-56l-xanh,CITIZEN 40 mm Nam BI1050-56L,Nam,1
citizen-bi1050-56l-xanh,CITIZEN 40 mm Nam BI1050-56L,Anh Vì,4
citizen-bi1050-56l-xanh,CITIZEN 40 mm Nam BI1050-56L,Giang,4
citizen-bi1050-56l-xanh,CITIZEN 40 mm Nam BI1050-56L,Anh Châu,4
citizen-bi1050-56l-xanh,CITIZEN 40 mm Nam BI1050-56L,LÊ TẤN ĐẠT,2
citizen-bi1050-56l-xanh,CITIZEN 40 mm Nam BI1050-56L,Trinh,4
citizen-bi1050-56l-xanh,CITIZEN 40 mm Nam BI1050-56L,A Anh Giang,3
citizen-bi1050-56l-xanh,CITIZEN 40 mm Nam BI1050-56L,Giang Long,5
citizen-bi1050-56l-xanh,CITIZEN 40 mm Nam BI1050-56L,Chú Viễn,4
citizen-ca0690-88l,CITIZEN 44 mm Nam CA0690-88L,Nguyễn Huy Diệp,5
citizen-ca0690-88l,CITIZEN 44 mm Nam CA0690-88L,Ngọc Lê,5
citizen-ca0690-88l,CITIZEN 44 mm Nam CA0690-88L,NGUYỄN THỊ YẾN NHI,5
citizen-ca0690-88l,CITIZEN 44 mm Nam CA0690-88L,Lương Phước Hải,5
citizen-ca0690-88l,CITIZEN 44 mm Nam CA0690-88L,A Hải,5
citizen-ca0690-88l,CITIZEN 44 mm Nam CA0690-88L,Lý Phi Long,5
citizen-ca0690-88l,CITIZEN 44 mm Nam CA0690-88L,Phan Quang Phuoc,4
citizen-ca0690-88l,CITIZEN 44 mm Nam CA0690-88L,Anh Tân,5
citizen-ca0690-88l,CITIZEN 44 mm Nam CA0690-88L,Chú Thống,4
citizen-nh8350-08e-den,CITIZEN Mechanical 40 mm Nam NH8350-08E,Long,1
citizen-nh8350-08e-den,CITIZEN Mechanical 40 mm Nam NH8350-08E,Nguyễn Gia Huy,1
citizen-nh8350-08e-den,CITIZEN Mechanical 40 mm Nam NH8350-08E,PHẠM NGUYÊN TRUNG,4
citizen-nh8350-08e-den,CITIZEN Mechanical 40 mm Nam NH8350-08E,Anh Ngân,5
citizen-nh8350-08e-den,CITIZEN Mechanical 40 mm Nam NH8350-08E,NGUYỄN THỊ THÚY UYÊN,1
citizen-nh8350-08e-den,CITIZEN Mechanical 40 mm Nam NH8350-08E,Long,5
citizen-nh8350-08e-den,CITIZEN Mechanical 40 mm Nam NH8350-08E,Nguyễn,1
citizen-nh8350-08e-den,CITIZEN Mechanical 40 mm Nam NH8350-08E,Dương Võ Công,5
citizen-nh8350-08e-den,CITIZEN Mechanical 40 mm Nam NH8350-08E,Anh Hoàng,3
citizen-nh8350-08e-den,CITIZEN Mechanical 40 mm Nam NH8350-08E,Chị Thuý,4
citizen-nh8350-08e-den,CITIZEN Mechanical 40 mm Nam NH8350-08E,BA SANG Nguyen,3
citizen-nh8350-08e-den,CITIZEN Mechanical 40 mm Nam NH8350-08E,Nguyễn Trường Giang,5
citizen-nh8350-08e-den,CITIZEN Mechanical 40 mm Nam NH8350-08E,Nhân,4
citizen-nh8350-08e-den,CITIZEN Mechanical 40 mm Nam NH8350-08E,Ngô Thành Tài,4
citizen-nh8350-08e-den,CITIZEN Mechanical 40 mm Nam NH8350-08E,Bùi Cửu Long,5
citizen-nh8350-08e-den,CITIZEN Mechanical 40 mm Nam NH8350-08E,Liễu,4
citizen-nh8350-08e-den,CITIZEN Mechanical 40 mm Nam NH8350-08E,Huỳnh Minh Trí,5
citizen-nh8350-08e-den,CITIZEN Mechanical 40 mm Nam NH8350-08E,Hoàng Lê Phước,4
citizen-nh8350-08e-den,CITIZEN Mechanical 40 mm Nam NH8350-08E,Anh Tiến,4
citizen-nh8350-08e-den,CITIZEN Mechanical 40 mm Nam NH8350-08E,Anh Hoàng,4
citizen-nh8350-08e-den,CITIZEN Mechanical 40 mm Nam NH8350-08E,Nguyễn Hồng Phát,4
citizen-nh8350-83l-xanh,CITIZEN Mechanical 40 mm Nam NH8350-83L,Anh Linh,4
citizen-nh8363-14h-xam,CITIZEN Mechanical 41.3 mm Nam NH8363-14H,Vũ Văn Hậu,5
citizen-nh8363-14h-xam,CITIZEN Mechanical 41.3 mm Nam NH8363-14H,Bùi Văn Hoành,3
citizen-nh8363-14h-xam,CITIZEN Mechanical 41.3 mm Nam NH8363-14H,Khôi,2
citizen-nh8363-14h-xam,CITIZEN Mechanical 41.3 mm Nam NH8363-14H,Trân Minh Viet,5
citizen-nh8363-14h-xam,CITIZEN Mechanical 41.3 mm Nam NH8363-14H,Hung,2
citizen-nh8363-14h-xam,CITIZEN Mechanical 41.3 mm Nam NH8363-14H,TRẦN TRUNG TRỰC,5
citizen-nh8363-14h-xam,CITIZEN Mechanical 41.3 mm Nam NH8363-14H,Hùng,4
citizen-nh8363-14h-xam,CITIZEN Mechanical 41.3 mm Nam NH8363-14H,Tâm,4
citizen-nh8363-14h-xam,CITIZEN Mechanical 41.3 mm Nam NH8363-14H,Tùng,5
citizen-nh8363-14h-xam,CITIZEN Mechanical 41.3 mm Nam NH8363-14H,Thắng,4
citizen-nh8363-14h-xam,CITIZEN Mechanical 41.3 mm Nam NH8363-14H,Nguyễn Tấn Thanh,5
citizen-nj0080-50a-trang,CITIZEN Mechanical 42 mm Nam NJ0080-50A,Hạnh,5
citizen-nj0080-50a-trang,CITIZEN Mechanical 42 mm Nam NJ0080-50A,HẠNH,5
citizen-nj0080-50a-trang,CITIZEN Mechanical 42 mm Nam NJ0080-50A,Trần Văn Dương,1
citizen-nj0080-50a-trang,CITIZEN Mechanical 42 mm Nam NJ0080-50A,Nguyễn Văn Hải,1
citizen-nj0080-50a-trang,CITIZEN Mechanical 42 mm Nam NJ0080-50A,TRUONG QUANG BAO,5
citizen-nj0080-50a-trang,CITIZEN Mechanical 42 mm Nam NJ0080-50A,Liêu,5
citizen-nj0080-50a-trang,CITIZEN Mechanical 42 mm Nam NJ0080-50A,Bình,4
citizen-nj0080-50a-trang,CITIZEN Mechanical 42 mm Nam NJ0080-50A,Hải,1
citizen-nj0080-50a-trang,CITIZEN Mechanical 42 mm Nam NJ0080-50A,Tịnh,1
citizen-nj0080-50a-trang,CITIZEN Mechanical 42 mm Nam NJ0080-50A,Nguyễn Đình Nghiêm,5
citizen-nj0080-50a-trang,CITIZEN Mechanical 42 mm Nam NJ0080-50A,TRỊNH XUÂN ĐẠT,4
citizen-nj0080-50a-trang,CITIZEN Mechanical 42 mm Nam NJ0080-50A,Anh Tùng,5
citizen-nj0080-50a-trang,CITIZEN Mechanical 42 mm Nam NJ0080-50A,Kieu Cong An,4
citizen-nj0080-50a-trang,CITIZEN Mechanical 42 mm Nam NJ0080-50A,Nguyễn Hiếu,4
citizen-nh8350-59l-xanh,CITIZEN Mechanical 40 mm Nam NH8350-59L,Hải,2
citizen-nh8350-59l-xanh,CITIZEN Mechanical 40 mm Nam NH8350-59L,Cô Trâm,4
citizen-nh8350-59l-xanh,CITIZEN Mechanical 40 mm Nam NH8350-59L,Dương Nguyễn,5
citizen-nh8350-59l-xanh,CITIZEN Mechanical 40 mm Nam NH8350-59L,NGUYỄN NGỌC SƠN,5
citizen-nh8350-59l-xanh,CITIZEN Mechanical 40 mm Nam NH8350-59L,Trần Huỳnh Kha,5
citizen-nh8350-59l-xanh,CITIZEN Mechanical 40 mm Nam NH8350-59L,Anh Lộc,5
citizen-nh8350-59l-xanh,CITIZEN Mechanical 40 mm Nam NH8350-59L,Nguyễn Thái Sơn,4
citizen-nh8350-59l-xanh,CITIZEN Mechanical 40 mm Nam NH8350-59L,Hồ Phước Vũ,4
citizen-nh8350-59l-xanh,CITIZEN Mechanical 40 mm Nam NH8350-59L,Trần Văn Tây,4
citizen-nh8350-59l-xanh,CITIZEN Mechanical 40 mm Nam NH8350-59L,Anh Hưng,1
citizen-nh8350-59l-xanh,CITIZEN Mechanical 40 mm Nam NH8350-59L,A Chiến,4
citizen-nh8350-59l-xanh,CITIZEN Mechanical 40 mm Nam NH8350-59L,Phong,5
dong-ho-eco-drive-nu-day-kim-loai-citizen-em0639-8,CITIZEN 28 mm Nữ EM0639-81A,Chú Bảy,5
dong-ho-eco-drive-nu-day-kim-loai-citizen-em0639-8,CITIZEN 28 mm Nữ EM0639-81A,NGUYỄN QUANG NGHĨA,5
dong-ho-eco-drive-nu-day-kim-loai-citizen-em0639-8,CITIZEN 28 mm Nữ EM0639-81A,Nguyễn Văn Toàn,4
dong-ho-eco-drive-nu-day-kim-loai-citizen-em0639-8,CITIZEN 28 mm Nữ EM0639-81A,Hoàng Thị Thu Hoà,4
dong-ho-kim-eco-drive-nam-day-da-citizen-ar1113-12?utm_flashsale=1,CITIZEN 39 mm Nam AR1113-12A,Lực,5
dong-ho-kim-eco-drive-nam-day-da-citizen-ar1113-12?utm_flashsale=1,CITIZEN 39 mm Nam AR1113-12A,Phạm Đức Trọng,2
dong-ho-kim-eco-drive-nam-day-da-citizen-ar1113-12?utm_flashsale=1,CITIZEN 39 mm Nam AR1113-12A,Nguyễn Thanh Huấn,5
dong-ho-kim-eco-drive-nam-day-da-citizen-ar1113-12?utm_flashsale=1,CITIZEN 39 mm Nam AR1113-12A,Hùng,5
dong-ho-kim-eco-drive-nam-day-da-citizen-ar1113-12?utm_flashsale=1,CITIZEN 39 mm Nam AR1113-12A,Nguyễn Văn Bảy,5
dong-ho-kim-eco-drive-nam-day-da-citizen-ar1113-12?utm_flashsale=1,CITIZEN 39 mm Nam AR1113-12A,Nguyễn Thái Huy,5
dong-ho-kim-eco-drive-nam-day-da-citizen-ar1113-12?utm_flashsale=1,CITIZEN 39 mm Nam AR1113-12A,Bế Thành Luân,5
dong-ho-kim-eco-drive-nam-day-da-citizen-ar1113-12?utm_flashsale=1,CITIZEN 39 mm Nam AR1113-12A,Nguyen Thi Mai Huong,5
dong-ho-kim-eco-drive-nam-day-da-citizen-ar1113-12?utm_flashsale=1,CITIZEN 39 mm Nam AR1113-12A,Nguyễn Văn Tiến,5
dong-ho-kim-eco-drive-nam-day-da-citizen-ar1113-12?utm_flashsale=1,CITIZEN 39 mm Nam AR1113-12A,Nguyễn Hoàng Nam,4
dong-ho-kim-eco-drive-nam-day-da-citizen-ar1113-12?utm_flashsale=1,CITIZEN 39 mm Nam AR1113-12A,Nguyễn Văn Phúc,4
dong-ho-kim-eco-drive-nam-day-da-citizen-ar1113-12?utm_flashsale=1,CITIZEN 39 mm Nam AR1113-12A,Lâm Quốc Bửu,5
dong-ho-kim-eco-drive-nam-day-da-citizen-ar1113-12?utm_flashsale=1,CITIZEN 39 mm Nam AR1113-12A,Long,2
dong-ho-kim-eco-drive-nam-day-da-citizen-ar1113-12?utm_flashsale=1,CITIZEN 39 mm Nam AR1113-12A,Nguyen Duc,4
dong-ho-kim-eco-drive-nam-day-da-citizen-ar1113-12?utm_flashsale=1,CITIZEN 39 mm Nam AR1113-12A,Anh Khoa,1
dong-ho-kim-eco-drive-nam-day-da-citizen-ar1113-12?utm_flashsale=1,CITIZEN 39 mm Nam AR1113-12A,Nguyễn Quyết Chiến,5
dong-ho-kim-eco-drive-nam-day-da-citizen-ar1113-12?utm_flashsale=1,CITIZEN 39 mm Nam AR1113-12A,Phạm Duy Tân,1
dong-ho-kim-eco-drive-nam-day-da-citizen-ar1113-12?utm_flashsale=1,CITIZEN 39 mm Nam AR1113-12A,Anh Hiệu,3
dong-ho-kim-eco-drive-nam-day-da-citizen-ar1113-12?utm_flashsale=1,CITIZEN 39 mm Nam AR1113-12A,Trần Văn Thái,1
dong-ho-kim-eco-drive-nam-day-da-citizen-ar1113-12?utm_flashsale=1,CITIZEN 39 mm Nam AR1113-12A,Đặng Minh Trí,5
dong-ho-kim-eco-drive-nam-day-da-citizen-ar1113-12?utm_flashsale=1,CITIZEN 39 mm Nam AR1113-12A,Đỗ Trung Úy,3
dong-ho-kim-eco-drive-nam-day-da-citizen-ar1113-12?utm_flashsale=1,CITIZEN 39 mm Nam AR1113-12A,Nguyễn Văn Quân,1
dong-ho-kim-eco-drive-nam-day-da-citizen-ar1113-12?utm_flashsale=1,CITIZEN 39 mm Nam AR1113-12A,Trần Hữu Tài,5
dong-ho-kim-eco-drive-nam-day-da-citizen-ar1113-12?utm_flashsale=1,CITIZEN 39 mm Nam AR1113-12A,Nguyên,5
dong-ho-kim-eco-drive-nam-day-da-citizen-ar1113-12?utm_flashsale=1,CITIZEN 39 mm Nam AR1113-12A,Võ Văn Đức,5
dong-ho-kim-eco-drive-nam-day-da-citizen-ar1113-12?utm_flashsale=1,CITIZEN 39 mm Nam AR1113-12A,Hồ Quốc Tài,4
dong-ho-kim-eco-drive-nam-day-da-citizen-ar1113-12?utm_flashsale=1,CITIZEN 39 mm Nam AR1113-12A,NGUYỄN TRỌNG DƯƠNG,5
dong-ho-kim-eco-drive-nu-day-kim-loai-citizen-em05,CITIZEN 32 mm Nữ EM0503-83X,Linh,4
dong-ho-kim-eco-drive-nu-day-kim-loai-citizen-em05,CITIZEN 32 mm Nữ EM0503-83X,Chú TrườNg,5
dong-ho-kim-eco-drive-nu-day-kim-loai-citizen-em05,CITIZEN 32 mm Nữ EM0503-83X,LÊ THỊ TRINH,4
dong-ho-kim-eco-drive-nu-day-kim-loai-citizen-em05,CITIZEN 32 mm Nữ EM0503-83X,Đặng Thị Quỳnh,5
dong-ho-kim-eco-drive-nu-day-kim-loai-citizen-em05,CITIZEN 32 mm Nữ EM0503-83X,Diễm,5
dong-ho-kim-eco-drive-nu-day-kim-loai-citizen-em05,CITIZEN 32 mm Nữ EM0503-83X,Cô Lê Thị Huệ,5
citizen-fe6088-87a?utm_flashsale=1,CITIZEN 36 mm Nữ FE6088-87A,Nguyễn Thị Hằng,5
citizen-fe6088-87a?utm_flashsale=1,CITIZEN 36 mm Nữ FE6088-87A,Chị Hiền,3
citizen-fe6088-87a?utm_flashsale=1,CITIZEN 36 mm Nữ FE6088-87A,Ông Phan Huy Hùng,5
citizen-fe6088-87a?utm_flashsale=1,CITIZEN 36 mm Nữ FE6088-87A,Hằng,5
citizen-fe6088-87a?utm_flashsale=1,CITIZEN 36 mm Nữ FE6088-87A,VÕ THỊ KIM YẾN,5
dong-ho-kim-nu-day-kim-loai-citizen-be9174-55l-xan,CITIZEN 39 mm Nam BE9174-55L,Trịnh Nhật Trường,5
dong-ho-kim-nu-day-kim-loai-citizen-be9174-55l-xan,CITIZEN 39 mm Nam BE9174-55L,Nguyễn Đăng Minh,1
dong-ho-kim-nu-day-kim-loai-citizen-be9174-55l-xan,CITIZEN 39 mm Nam BE9174-55L,Lộc,2
dong-ho-kim-nu-day-kim-loai-citizen-be9174-55l-xan,CITIZEN 39 mm Nam BE9174-55L,Nguyễn Hồng Tuyết,1
dong-ho-kim-nu-day-kim-loai-citizen-be9174-55l-xan,CITIZEN 39 mm Nam BE9174-55L,TRẦN BÌNH QUANG,3
dong-ho-kim-nu-day-kim-loai-citizen-be9174-55l-xan,CITIZEN 39 mm Nam BE9174-55L,Anh Linh,3
dong-ho-kim-nu-day-kim-loai-citizen-be9174-55l-xan,CITIZEN 39 mm Nam BE9174-55L,Cô Hường,5
dong-ho-kim-nu-day-kim-loai-citizen-be9174-55l-xan,CITIZEN 39 mm Nam BE9174-55L,Nguyễn Anh Khoa,5
dong-ho-kim-nu-day-kim-loai-citizen-be9174-55l-xan,CITIZEN 39 mm Nam BE9174-55L,TRẦN THỊ HỒNG THẮM,4
orient-fgw0100aw0-nam,ORIENT 38 mm Nam FGW0100AW0,Minh Vuong,5
orient-fgw0100aw0-nam,ORIENT 38 mm Nam FGW0100AW0,Tân Thái Đăng,5
orient-fgw0100aw0-nam,ORIENT 38 mm Nam FGW0100AW0,Chị Duy,5
orient-fgw0100aw0-nam,ORIENT 38 mm Nam FGW0100AW0,Ngo Minh Trung,5
orient-fgw0100aw0-nam,ORIENT 38 mm Nam FGW0100AW0,HUỲNH NGỌC YẾN,4
orient-fgw0100aw0-nam,ORIENT 38 mm Nam FGW0100AW0,Nguyễn Cường,2
orient-fgw0100aw0-nam,ORIENT 38 mm Nam FGW0100AW0,TRAN DUC THAI,5
orient-fgw0100aw0-nam,ORIENT 38 mm Nam FGW0100AW0,Thiên Bảo,5
orient-fgw01005b0-nam?utm_flashsale=1,ORIENT 38 mm Nam FGW01005B0,Nguyễn Đăng Trưởng,5
orient-fgw01005b0-nam?utm_flashsale=1,ORIENT 38 mm Nam FGW01005B0,Phạm Quốc Hưng,1
orient-fgw01005b0-nam?utm_flashsale=1,ORIENT 38 mm Nam FGW01005B0,TÔ LÂM,2
orient-fgw01005b0-nam?utm_flashsale=1,ORIENT 38 mm Nam FGW01005B0,Trần Thuận,5
orient-fgw01005b0-nam?utm_flashsale=1,ORIENT 38 mm Nam FGW01005B0,LÊ VIỆT HÀ,5
orient-fgw01005b0-nam?utm_flashsale=1,ORIENT 38 mm Nam FGW01005B0,Nhân,5
orient-fgw01005b0-nam?utm_flashsale=1,ORIENT 38 mm Nam FGW01005B0,TRỊNH THANH PHƯƠNG,3
orient-fgw01005b0-nam?utm_flashsale=1,ORIENT 38 mm Nam FGW01005B0,Võ Văn Tuyển,1
orient-fgw01005b0-nam?utm_flashsale=1,ORIENT 38 mm Nam FGW01005B0,Ngân,4
orient-fac00005w0-nam-co-tu-dong?utm_flashsale=1,ORIENT Bambino 40.8 mm Nam FAC00005W0,Hà Quý Đợi,4
orient-fac00005w0-nam-co-tu-dong?utm_flashsale=1,ORIENT Bambino 40.8 mm Nam FAC00005W0,Di Thắng,5
orient-fac00005w0-nam-co-tu-dong?utm_flashsale=1,ORIENT Bambino 40.8 mm Nam FAC00005W0,Lê Văn Long,5
orient-fac00005w0-nam-co-tu-dong?utm_flashsale=1,ORIENT Bambino 40.8 mm Nam FAC00005W0,Hùynh Việt Namhuy,5
orient-fac00005w0-nam-co-tu-dong?utm_flashsale=1,ORIENT Bambino 40.8 mm Nam FAC00005W0,Chú Phóng,4
orient-fac00003w0-nam-co-tu-dong?utm_flashsale=1,ORIENT Bambino 40.8 mm Nam FAC00003W0,Nguyễn Thanh Phong,5
orient-fac00003w0-nam-co-tu-dong?utm_flashsale=1,ORIENT Bambino 40.8 mm Nam FAC00003W0,Hieu,5
orient-fac00003w0-nam-co-tu-dong?utm_flashsale=1,ORIENT Bambino 40.8 mm Nam FAC00003W0,Anh Nam,3
orient-fac00003w0-nam-co-tu-dong?utm_flashsale=1,ORIENT Bambino 40.8 mm Nam FAC00003W0,Nguyễn Khắc Chung,5
orient-fac0000bw0-nam-co-tu-dong?utm_flashsale=1,ORIENT Bambino 40.6 mm Nam FAC0000BW0,Nguyễn Sĩ Tài Phước,4
orient-fac0000bw0-nam-co-tu-dong?utm_flashsale=1,ORIENT Bambino 40.6 mm Nam FAC0000BW0,NGUYỄN VĂN LÝ,4
orient-fac0000bw0-nam-co-tu-dong?utm_flashsale=1,ORIENT Bambino 40.6 mm Nam FAC0000BW0,Dịu,5
orient-fac0000bw0-nam-co-tu-dong?utm_flashsale=1,ORIENT Bambino 40.6 mm Nam FAC0000BW0,Trần Quốc Dũng,5
orient-fac0000bw0-nam-co-tu-dong?utm_flashsale=1,ORIENT Bambino 40.6 mm Nam FAC0000BW0,A Quân,4
orient-fac0000bw0-nam-co-tu-dong?utm_flashsale=1,ORIENT Bambino 40.6 mm Nam FAC0000BW0,Lê Văn Long,4
orient-fac0000bw0-nam-co-tu-dong?utm_flashsale=1,ORIENT Bambino 40.6 mm Nam FAC0000BW0,LÊ QUỐC VINH,4
orient-fac0000bw0-nam-co-tu-dong?utm_flashsale=1,ORIENT Bambino 40.6 mm Nam FAC0000BW0,Quý Nguyễn,1
orient-fag00003w0-nam-co-tu-dong,ORIENT Bambino 42.5 mm Nam FAG00003W0,Hận,3
orient-fag00003w0-nam-co-tu-dong,ORIENT Bambino 42.5 mm Nam FAG00003W0,Trần Thanh Điền,3
orient-fag00003w0-nam-co-tu-dong,ORIENT Bambino 42.5 mm Nam FAG00003W0,Nguyễn Thị Tố Quyên,5
orient-fag00003w0-nam-co-tu-dong,ORIENT Bambino 42.5 mm Nam FAG00003W0,Nguyễn Nhật Minh,4
orient-fag00003w0-nam-co-tu-dong,ORIENT Bambino 42.5 mm Nam FAG00003W0,Nguyễn Văn Quân,5
orient-fag00003w0-nam-co-tu-dong,ORIENT Bambino 42.5 mm Nam FAG00003W0,Trần Vũ Nhật Anh,4
orient-fag00003w0-nam-co-tu-dong,ORIENT Bambino 42.5 mm Nam FAG00003W0,Vinh,5
orient-fag00003w0-nam-co-tu-dong,ORIENT Bambino 42.5 mm Nam FAG00003W0,Ngọc,2
orient-fag00003w0-nam-co-tu-dong,ORIENT Bambino 42.5 mm Nam FAG00003W0,Bùi Văn Tài,5
orient-fag00003w0-nam-co-tu-dong,ORIENT Bambino 42.5 mm Nam FAG00003W0,Lê Minh Thành,3
orient-fag00003w0-nam-co-tu-dong,ORIENT Bambino 42.5 mm Nam FAG00003W0,Hoàng Trọng Thắng,3
orient-fag00003w0-nam-co-tu-dong,ORIENT Bambino 42.5 mm Nam FAG00003W0,Pham Phu Quoc,4
orient-fag00003w0-nam-co-tu-dong,ORIENT Bambino 42.5 mm Nam FAG00003W0,Hồ Mai Đăng Khoa,5
orient-fag00003w0-nam-co-tu-dong,ORIENT Bambino 42.5 mm Nam FAG00003W0,Anh Phong,4
orient-ra-ap0002s10b-nam-co-tu-dong?utm_flashsale=1,ORIENT Bambino 40 mm Nam RA-AP0002S10B,Lê Trọng Nghĩa,5
orient-ra-ap0002s10b-nam-co-tu-dong?utm_flashsale=1,ORIENT Bambino 40 mm Nam RA-AP0002S10B,Trần.,4
orient-ra-ap0002s10b-nam-co-tu-dong?utm_flashsale=1,ORIENT Bambino 40 mm Nam RA-AP0002S10B,Hùng,5
orient-ra-ap0002s10b-nam-co-tu-dong?utm_flashsale=1,ORIENT Bambino 40 mm Nam RA-AP0002S10B,Anh Huy,5
orient-ra-ap0002s10b-nam-co-tu-dong?utm_flashsale=1,ORIENT Bambino 40 mm Nam RA-AP0002S10B,Đăng,5
orient-ra-ap0002s10b-nam-co-tu-dong?utm_flashsale=1,ORIENT Bambino 40 mm Nam RA-AP0002S10B,Chị Tình,5
orient-ra-ap0002s10b-nam-co-tu-dong?utm_flashsale=1,ORIENT Bambino 40 mm Nam RA-AP0002S10B,Đang Tien Si,1
orient-ra-ap0002s10b-nam-co-tu-dong?utm_flashsale=1,ORIENT Bambino 40 mm Nam RA-AP0002S10B,Tuấn,4
orient-ra-ap0002s10b-nam-co-tu-dong?utm_flashsale=1,ORIENT Bambino 40 mm Nam RA-AP0002S10B,Thien Duong,5
orient-ra-ap0002s10b-nam-co-tu-dong?utm_flashsale=1,ORIENT Bambino 40 mm Nam RA-AP0002S10B,Nguyễn Huy Hoàng,4
orient-ra-ap0002s10b-nam-co-tu-dong?utm_flashsale=1,ORIENT Bambino 40 mm Nam RA-AP0002S10B,Trần Văn Hưng,5
orient-ra-ap0002s10b-nam-co-tu-dong?utm_flashsale=1,ORIENT Bambino 40 mm Nam RA-AP0002S10B,TRÀ VĂN THẮNG,5
orient-ra-ap0002s10b-nam-co-tu-dong?utm_flashsale=1,ORIENT Bambino 40 mm Nam RA-AP0002S10B,Hiếu,5
orient-ra-ap0002s10b-nam-co-tu-dong?utm_flashsale=1,ORIENT Bambino 40 mm Nam RA-AP0002S10B,Anh Luyến,5
orient-ra-ap0002s10b-nam-co-tu-dong?utm_flashsale=1,ORIENT Bambino 40 mm Nam RA-AP0002S10B,Anh Quốc Anh,5
orient-ra-ap0002s10b-nam-co-tu-dong?utm_flashsale=1,ORIENT Bambino 40 mm Nam RA-AP0002S10B,Mầu Danh Sơn,5
orient-ra-ap0002s10b-nam-co-tu-dong?utm_flashsale=1,ORIENT Bambino 40 mm Nam RA-AP0002S10B,Tuấn,5
orient-ra-ap0002s10b-nam-co-tu-dong?utm_flashsale=1,ORIENT Bambino 40 mm Nam RA-AP0002S10B,Anh Tiến,5
orient-ra-ap0002s10b-nam-co-tu-dong?utm_flashsale=1,ORIENT Bambino 40 mm Nam RA-AP0002S10B,Nguyễn Tuấn Hào,5
orient-ra-ap0002s10b-nam-co-tu-dong?utm_flashsale=1,ORIENT Bambino 40 mm Nam RA-AP0002S10B,Đặng Thanh Bình,5
orient-ra-ap0002s10b-nam-co-tu-dong?utm_flashsale=1,ORIENT Bambino 40 mm Nam RA-AP0002S10B,Anh Thảo,5
orient-ra-ap0002s10b-nam-co-tu-dong?utm_flashsale=1,ORIENT Bambino 40 mm Nam RA-AP0002S10B,Vũ Văn Chương,5
orient-ra-ap0002s10b-nam-co-tu-dong?utm_flashsale=1,ORIENT Bambino 40 mm Nam RA-AP0002S10B,Nguyễn Hoàng Kim,5
orient-ra-ap0002s10b-nam-co-tu-dong?utm_flashsale=1,ORIENT Bambino 40 mm Nam RA-AP0002S10B,Võ Quang Nguyên,3
orient-ra-ap0002s10b-nam-co-tu-dong?utm_flashsale=1,ORIENT Bambino 40 mm Nam RA-AP0002S10B,Trương Minh Vương,4
orient-ra-ap0002s10b-nam-co-tu-dong?utm_flashsale=1,ORIENT Bambino 40 mm Nam RA-AP0002S10B,Anh Tiên,4
orient-fag00002w0-nam-co-tu-dong,ORIENT Bambino 43 mm Nam FAG00002W0,Lu,4
orient-fag00002w0-nam-co-tu-dong,ORIENT Bambino 43 mm Nam FAG00002W0,Trinh,3
orient-fag00002w0-nam-co-tu-dong,ORIENT Bambino 43 mm Nam FAG00002W0,Hồ Hoàng Tú,5
orient-fag00002w0-nam-co-tu-dong,ORIENT Bambino 43 mm Nam FAG00002W0,Anh Hưng,5
orient-fag00002w0-nam-co-tu-dong,ORIENT Bambino 43 mm Nam FAG00002W0,Lê Hồng Tơ,5
orient-fag00002w0-nam-co-tu-dong,ORIENT Bambino 43 mm Nam FAG00002W0,Anh Hiển,4
orient-fag00002w0-nam-co-tu-dong,ORIENT Bambino 43 mm Nam FAG00002W0,Anh Triều,2
orient-fag00002w0-nam-co-tu-dong,ORIENT Bambino 43 mm Nam FAG00002W0,Nguyễn Hoàng Lai,1
orient-fag00002w0-nam-co-tu-dong,ORIENT Bambino 43 mm Nam FAG00002W0,Nguyễn Lộc,5
orient-fag00002w0-nam-co-tu-dong,ORIENT Bambino 43 mm Nam FAG00002W0,Trung,5
orient-fag03001d0-nam-co-tu-dong,ORIENT 38.3 mm Nam FAG03001D0,Nguyễn Trung Quân,5
orient-fag03001d0-nam-co-tu-dong,ORIENT 38.3 mm Nam FAG03001D0,Nguyễn Văn Tiến,5
orient-fag03001d0-nam-co-tu-dong,ORIENT 38.3 mm Nam FAG03001D0,Anh Văn,5
orient-fag03001d0-nam-co-tu-dong,ORIENT 38.3 mm Nam FAG03001D0,Thư,4
orient-fag03001d0-nam-co-tu-dong,ORIENT 38.3 mm Nam FAG03001D0,Võ Trọng Bình,5
orient-fag03001d0-nam-co-tu-dong,ORIENT 38.3 mm Nam FAG03001D0,Nguyễn Tấn Đạt,5
orient-fag03001d0-nam-co-tu-dong,ORIENT 38.3 mm Nam FAG03001D0,HUỲNH ĐĂNG THANH,5
orient-fag03001d0-nam-co-tu-dong,ORIENT 38.3 mm Nam FAG03001D0,A Hội,5
orient-fag03001d0-nam-co-tu-dong,ORIENT 38.3 mm Nam FAG03001D0,Nguyễn Văn Phúc,4
orient-fag03001d0-nam-co-tu-dong,ORIENT 38.3 mm Nam FAG03001D0,LÊ HIẾU NGHỊ,5
orient-fag03001d0-nam-co-tu-dong,ORIENT 38.3 mm Nam FAG03001D0,Lê Huỳnh,3
orient-fag03001d0-nam-co-tu-dong,ORIENT 38.3 mm Nam FAG03001D0,Quynh,2
orient-fag03001d0-nam-co-tu-dong,ORIENT 38.3 mm Nam FAG03001D0,Đào Thiện Sinh,5
orient-fag03001d0-nam-co-tu-dong,ORIENT 38.3 mm Nam FAG03001D0,Anh Tuấn,5
orient-fag03001d0-nam-co-tu-dong,ORIENT 38.3 mm Nam FAG03001D0,Nguyễn Văn Thu,3
orient-fag03001d0-nam-co-tu-dong,ORIENT 38.3 mm Nam FAG03001D0,Nhật,3
orient-fag03001d0-nam-co-tu-dong,ORIENT 38.3 mm Nam FAG03001D0,Tran Huu Bình,5
orient-fag03001d0-nam-co-tu-dong,ORIENT 38.3 mm Nam FAG03001D0,Tăng Quốc Vũ,5
citizen-be9182-06e-nam?utm_flashsale=1,CITIZEN 42 mm Nam BE9182-06E,Đàm Trung Hiếu,2
citizen-be9182-06e-nam?utm_flashsale=1,CITIZEN 42 mm Nam BE9182-06E,Nguyễn Văn Độ,3
citizen-be9182-06e-nam?utm_flashsale=1,CITIZEN 42 mm Nam BE9182-06E,Minh Hoàng,5
citizen-be9182-06e-nam?utm_flashsale=1,CITIZEN 42 mm Nam BE9182-06E,Ngọc Huyền,5
citizen-be9182-06e-nam?utm_flashsale=1,CITIZEN 42 mm Nam BE9182-06E,Đặng Thị Xuân Thúy,4
citizen-be9182-06e-nam?utm_flashsale=1,CITIZEN 42 mm Nam BE9182-06E,Hiếu,5
citizen-be9182-06e-nam?utm_flashsale=1,CITIZEN 42 mm Nam BE9182-06E,PHAN TẤN BÌNH,4
citizen-be9182-06e-nam?utm_flashsale=1,CITIZEN 42 mm Nam BE9182-06E,Le Tuynh,5
citizen-be9182-06e-nam?utm_flashsale=1,CITIZEN 42 mm Nam BE9182-06E,C Bích,5
citizen-be9182-06e-nam?utm_flashsale=1,CITIZEN 42 mm Nam BE9182-06E,Như Đông,4
citizen-be9182-06e-nam?utm_flashsale=1,CITIZEN 42 mm Nam BE9182-06E,Trần Đại Thạnh,5
citizen-be9174-55e-nam,CITIZEN 39 mm Nam BE9174-55E,Anh Thiên,4
citizen-be9174-55e-nam,CITIZEN 39 mm Nam BE9174-55E,Hoàng Anh Khoa,1
citizen-be9174-55e-nam,CITIZEN 39 mm Nam BE9174-55E,Anh Nguyễn Thành Học,4
citizen-be9174-55e-nam,CITIZEN 39 mm Nam BE9174-55E,Hồ Ngọc Tiến,5
citizen-be9174-55e-nam,CITIZEN 39 mm Nam BE9174-55E,Nguyễn Hữu Lý,3
citizen-be9174-55e-nam,CITIZEN 39 mm Nam BE9174-55E,Cao Minh Ngoan,5
dong-ho-nam-orient-ra-ag0027y10b?utm_flashsale=1,ORIENT Bambino 40.5 mm Nam RA-AG0027Y10B,Dương Đức Mạnh,1
dong-ho-nam-orient-ra-ag0027y10b?utm_flashsale=1,ORIENT Bambino 40.5 mm Nam RA-AG0027Y10B,Đặng Danh Quyền,4
dong-ho-nam-orient-ra-ag0027y10b?utm_flashsale=1,ORIENT Bambino 40.5 mm Nam RA-AG0027Y10B,PHAN VĂN LÀNH,5
dong-ho-nam-orient-ra-ag0027y10b?utm_flashsale=1,ORIENT Bambino 40.5 mm Nam RA-AG0027Y10B,Trần Thanh Vân,5
dong-ho-nam-orient-ra-ag0027y10b?utm_flashsale=1,ORIENT Bambino 40.5 mm Nam RA-AG0027Y10B,Nhựt,3
dong-ho-nam-orient-ra-ag0027y10b?utm_flashsale=1,ORIENT Bambino 40.5 mm Nam RA-AG0027Y10B,NGUYỄN ĐỨC MẠNH,5
dong-ho-nam-orient-ra-ag0027y10b?utm_flashsale=1,ORIENT Bambino 40.5 mm Nam RA-AG0027Y10B,TẠ VĂN CHINH,1
dong-ho-nam-orient-ra-ag0027y10b?utm_flashsale=1,ORIENT Bambino 40.5 mm Nam RA-AG0027Y10B,Anh Thanh,5
dong-ho-nam-orient-ra-ag0027y10b?utm_flashsale=1,ORIENT Bambino 40.5 mm Nam RA-AG0027Y10B,Nhân,5
festina-f20357-3-nam,FESTINA 41 mm Nam F20357/3,Trung,5
festina-f20357-3-nam,FESTINA 41 mm Nam F20357/3,Lê Văn Phước,5
citizen-aw1216-86a-nam,CITIZEN 42 mm Nam AW1216-86A,Nguyễn Ánh Dương,5
citizen-aw1216-86a-nam,CITIZEN 42 mm Nam AW1216-86A,Hồ Văn Lin,5
citizen-aw1216-86a-nam,CITIZEN 42 mm Nam AW1216-86A,Toán Trần,5
citizen-bi5055-51e-nam,CITIZEN 42.5 mm Nam BI5055-51E,Anh Hoàng,5
citizen-bi5055-51e-nam,CITIZEN 42.5 mm Nam BI5055-51E,Duyên,5
citizen-bi5055-51e-nam,CITIZEN 42.5 mm Nam BI5055-51E,Anh Phúc,5
citizen-em0401-59e-nu?utm_flashsale=1,CITIZEN 27.7 mm Nữ EM0401-59E,Thắm,3
citizen-em0401-59e-nu?utm_flashsale=1,CITIZEN 27.7 mm Nữ EM0401-59E,Long,2
citizen-ez6368-82d-nu,CITIZEN 31.3 mm Nữ EZ6368-82D,Chị Thu,1
citizen-ez6368-82d-nu,CITIZEN 31.3 mm Nữ EZ6368-82D,Lê Thị Lan Hương,5
citizen-ez6368-82d-nu,CITIZEN 31.3 mm Nữ EZ6368-82D,Chú Nhẹn,4
orient-ra-ag0028l10b-nam?utm_flashsale=1,ORIENT Bambino 40.5 mm Nam RA-AG0028L10B,Cường,3
orient-ra-ag0028l10b-nam?utm_flashsale=1,ORIENT Bambino 40.5 mm Nam RA-AG0028L10B,Nguyễn Anh Tuấn,5
orient-ra-ag0028l10b-nam?utm_flashsale=1,ORIENT Bambino 40.5 mm Nam RA-AG0028L10B,Anh Rót,4
orient-ra-ag0028l10b-nam?utm_flashsale=1,ORIENT Bambino 40.5 mm Nam RA-AG0028L10B,NGUYỄN KHẢ THƯƠNG,5
orient-ra-ag0028l10b-nam?utm_flashsale=1,ORIENT Bambino 40.5 mm Nam RA-AG0028L10B,Anh Sang,5
orient-ra-ag0028l10b-nam?utm_flashsale=1,ORIENT Bambino 40.5 mm Nam RA-AG0028L10B,DƯƠNG QUÝ LÃM,4
orient-ra-ag0028l10b-nam?utm_flashsale=1,ORIENT Bambino 40.5 mm Nam RA-AG0028L10B,Anh Trung,4
casio-ltp-v005l-7b3udf-nu?utm_flashsale=1,CASIO 28.2 mm Nữ LTP-V005L-7B3UDF,LÊ HIỀN NHÂN,5
casio-ltp-v005l-7b3udf-nu?utm_flashsale=1,CASIO 28.2 mm Nữ LTP-V005L-7B3UDF,Chị Huệ,5
casio-ltp-v005l-7b3udf-nu?utm_flashsale=1,CASIO 28.2 mm Nữ LTP-V005L-7B3UDF,Dương Nhung,3
casio-ltp-v005l-7b3udf-nu?utm_flashsale=1,CASIO 28.2 mm Nữ LTP-V005L-7B3UDF,Hoàng Mơ,5
casio-ltp-v006l-7budf-nu?utm_flashsale=1,CASIO 25 mm Nữ LTP-V006L-7BUDF,Nguyễn Linh Khoa,4
casio-ltp-v006l-7budf-nu?utm_flashsale=1,CASIO 25 mm Nữ LTP-V006L-7BUDF,TRƯƠNG THẢO KHANH,4
casio-ltp-v006l-7budf-nu?utm_flashsale=1,CASIO 25 mm Nữ LTP-V006L-7BUDF,Diễm Tuyền,5
casio-ltp-v006l-7budf-nu?utm_flashsale=1,CASIO 25 mm Nữ LTP-V006L-7BUDF,Hiệp,5
casio-ltp-v006l-7budf-nu?utm_flashsale=1,CASIO 25 mm Nữ LTP-V006L-7BUDF,Ngô Văn La,5
casio-ltp-v006l-7budf-nu?utm_flashsale=1,CASIO 25 mm Nữ LTP-V006L-7BUDF,Mai Nhi,4
casio-ltp-v006l-7budf-nu?utm_flashsale=1,CASIO 25 mm Nữ LTP-V006L-7BUDF,Lê Minh Thành,3
casio-ltp-v006l-7budf-nu?utm_flashsale=1,CASIO 25 mm Nữ LTP-V006L-7BUDF,Nguyễn Thị Thu Thủy,5
casio-ltp-v006l-7budf-nu?utm_flashsale=1,CASIO 25 mm Nữ LTP-V006L-7BUDF,Tăng Mỹ Phượng,5
casio-ltp-v006l-7budf-nu?utm_flashsale=1,CASIO 25 mm Nữ LTP-V006L-7BUDF,Hoàng Thị Thơm,5
casio-ltp-v006l-7budf-nu?utm_flashsale=1,CASIO 25 mm Nữ LTP-V006L-7BUDF,Nguyễn Anh Tú,5
casio-ltp-v006l-7budf-nu?utm_flashsale=1,CASIO 25 mm Nữ LTP-V006L-7BUDF,Nguyễn Ngọc Thanh Tuệ,5
casio-mtp-1314l-7avdf-nam?utm_flashsale=1,CASIO 45 mm Nam MTP-1314L-7AVDF,Triệu Khêm Rith,5
casio-mtp-1314l-7avdf-nam?utm_flashsale=1,CASIO 45 mm Nam MTP-1314L-7AVDF,Chú Hùng,5
casio-mtp-1314l-7avdf-nam?utm_flashsale=1,CASIO 45 mm Nam MTP-1314L-7AVDF,Hiếu,5
casio-mtp-1314l-7avdf-nam?utm_flashsale=1,CASIO 45 mm Nam MTP-1314L-7AVDF,Hoàng Văn Lý,4
casio-mtp-1314l-7avdf-nam?utm_flashsale=1,CASIO 45 mm Nam MTP-1314L-7AVDF,Đoàn Ngọc Hà Phụng,5
casio-mtp-1314l-7avdf-nam?utm_flashsale=1,CASIO 45 mm Nam MTP-1314L-7AVDF,Nguyễn Thành Tín,4
casio-mtp-1314l-7avdf-nam?utm_flashsale=1,CASIO 45 mm Nam MTP-1314L-7AVDF,Nguyễn Thanh Huy,4
casio-mtp-1314l-7avdf-nam?utm_flashsale=1,CASIO 45 mm Nam MTP-1314L-7AVDF,Nguyễn Quang Huy,5
casio-mtp-1314l-7avdf-nam?utm_flashsale=1,CASIO 45 mm Nam MTP-1314L-7AVDF,Lê Thanh Tùng,5
casio-mtp-1314l-7avdf-nam?utm_flashsale=1,CASIO 45 mm Nam MTP-1314L-7AVDF,Dương Võ Công,5
casio-mtp-1314l-7avdf-nam?utm_flashsale=1,CASIO 45 mm Nam MTP-1314L-7AVDF,Vương Khởi,5
casio-mtp-1314l-7avdf-nam?utm_flashsale=1,CASIO 45 mm Nam MTP-1314L-7AVDF,ĐỖ THANH ĐIỂN,4
casio-mtp-1314l-7avdf-nam?utm_flashsale=1,CASIO 45 mm Nam MTP-1314L-7AVDF,Nguyễn Thị Anh Trúc,5
casio-mtp-1314l-7avdf-nam?utm_flashsale=1,CASIO 45 mm Nam MTP-1314L-7AVDF,Trần Thị Ngà,4
casio-mtp-1314l-7avdf-nam?utm_flashsale=1,CASIO 45 mm Nam MTP-1314L-7AVDF,Bùi Thị Thuý Hằng,5
casio-mtp-1314l-7avdf-nam?utm_flashsale=1,CASIO 45 mm Nam MTP-1314L-7AVDF,Tuấn,4
casio-mtp-1314l-7avdf-nam?utm_flashsale=1,CASIO 45 mm Nam MTP-1314L-7AVDF,Ân,5
casio-mtp-1314l-7avdf-nam?utm_flashsale=1,CASIO 45 mm Nam MTP-1314L-7AVDF,Trần Văn Phó,5
casio-mtp-1314l-7avdf-nam?utm_flashsale=1,CASIO 45 mm Nam MTP-1314L-7AVDF,Kiệt,5
casio-mtp-1314l-7avdf-nam?utm_flashsale=1,CASIO 45 mm Nam MTP-1314L-7AVDF,Lễ,4
casio-mtp-1314l-7avdf-nam?utm_flashsale=1,CASIO 45 mm Nam MTP-1314L-7AVDF,Nguyễn Văn Bích,5
casio-mtp-1314l-7avdf-nam?utm_flashsale=1,CASIO 45 mm Nam MTP-1314L-7AVDF,Cao,4
casio-mtp-1314l-7avdf-nam?utm_flashsale=1,CASIO 45 mm Nam MTP-1314L-7AVDF,Trịnh Duy Năng,5
casio-mtp-1314l-7avdf-nam?utm_flashsale=1,CASIO 45 mm Nam MTP-1314L-7AVDF,Đán,4
casio-mtp-1314l-7avdf-nam?utm_flashsale=1,CASIO 45 mm Nam MTP-1314L-7AVDF,Nguyễn Ngọc Khắc Huy,5
citizen-ao3030-24a-nam,CITIZEN 44 mm Nam AO3030-24A,A Thành,2
citizen-ao3030-24a-nam,CITIZEN 44 mm Nam AO3030-24A,Hua Van Long,4
citizen-ao3030-24a-nam,CITIZEN 44 mm Nam AO3030-24A,Lương Ngọc Cường,5
citizen-eq0595-55a-nu,CITIZEN 27.5 mm Nữ EQ0595-55A,Lê Trương Hiếu Minh,5
citizen-eq0595-55a-nu,CITIZEN 27.5 mm Nữ EQ0595-55A,Chị Tâm,4
citizen-eq0595-55a-nu,CITIZEN 27.5 mm Nữ EQ0595-55A,Chung,4
elio-el005-01-nu,ELIO 35.2 mm Nữ EL005-01,Đào Ngọc Khoa,3
elio-el005-01-nu,ELIO 35.2 mm Nữ EL005-01,Phùng Doãn Huy,5
elio-el005-01-nu,ELIO 35.2 mm Nữ EL005-01,Võ Thuý Hường,5
elio-el005-01-nu,ELIO 35.2 mm Nữ EL005-01,Nhất,5
elio-el005-01-nu,ELIO 35.2 mm Nữ EL005-01,Chị Nhàn,4
elio-el005-01-nu,ELIO 35.2 mm Nữ EL005-01,Cô Thanh Hương,4
elio-el005-01-nu,ELIO 35.2 mm Nữ EL005-01,LƯU THỊ TÁM,3
elio-el005-01-nu,ELIO 35.2 mm Nữ EL005-01,LE THANH TAM,5
elio-el005-01-nu,ELIO 35.2 mm Nữ EL005-01,CÔNG TY SỨ VIGLACERA MỸ XUÂN - CHI NHÁNH TỔNG CÔNG TY VIGLACERA -CTCP,4
elio-el005-01-nu,ELIO 35.2 mm Nữ EL005-01,Phượng,4
elio-el005-01-nu,ELIO 35.2 mm Nữ EL005-01,Anh Việt,5
elio-el005-01-nu,ELIO 35.2 mm Nữ EL005-01,Lê Thị Tuyết Sang,4
citizen-fb1440-57l-nu?utm_flashsale=1,CITIZEN 32 mm Nữ FB1440-57L,Âu Hồng Linh Đa,4
smile-kid-sl017-01-tre-em,SMILE KID 42.5 mm Trẻ em SL017-01,Chị Hải,5
smile-kid-sl017-01-tre-em,SMILE KID 42.5 mm Trẻ em SL017-01,Ngọc Diệp,4
smile-kid-sl017-01-tre-em,SMILE KID 42.5 mm Trẻ em SL017-01,Chị Giang,4
smile-kid-sl017-01-tre-em,SMILE KID 42.5 mm Trẻ em SL017-01,Trần Nhật Minh,4
smile-kid-sl017-01-tre-em,SMILE KID 42.5 mm Trẻ em SL017-01,Cao Lê Hoài Uyên,5
smile-kid-sl017-01-tre-em,SMILE KID 42.5 mm Trẻ em SL017-01,Nguyễn Thanh Bình,3
smile-kid-sl017-01-tre-em,SMILE KID 42.5 mm Trẻ em SL017-01,Chị Thủy,5
smile-kid-sl017-01-tre-em,SMILE KID 42.5 mm Trẻ em SL017-01,Anh Vương,4
smile-kid-sl017-01-tre-em,SMILE KID 42.5 mm Trẻ em SL017-01,Chú Bé,5
smile-kid-sl017-01-tre-em,SMILE KID 42.5 mm Trẻ em SL017-01,Chị Tâm,5
smile-kid-sl017-01-tre-em,SMILE KID 42.5 mm Trẻ em SL017-01,Anh Tuấn Anh,5
smile-kid-sl017-01-tre-em,SMILE KID 42.5 mm Trẻ em SL017-01,Phan Thị Mộng Thu,5
smile-kid-sl017-01-tre-em,SMILE KID 42.5 mm Trẻ em SL017-01,Chú Huynh,4
smile-kid-sl017-01-tre-em,SMILE KID 42.5 mm Trẻ em SL017-01,Lê Ánh Dương,5
smile-kid-sl017-01-tre-em,SMILE KID 42.5 mm Trẻ em SL017-01,Thanh Tâm,4
smile-kid-sl017-01-tre-em,SMILE KID 42.5 mm Trẻ em SL017-01,Vũ Văn Dũng,5
smile-kid-sl017-01-tre-em,SMILE KID 42.5 mm Trẻ em SL017-01,Tuân,5
q-q-s392j202y-nam,Q&Q 40 mm Nam S392J202Y,Phan Phương Hồng Lĩnh,4
q-q-s392j202y-nam,Q&Q 40 mm Nam S392J202Y,VŨ HUY TOÀN,4
q-q-s392j202y-nam,Q&Q 40 mm Nam S392J202Y,CAO PHẠM KHÁNH DUY,5
q-q-s392j202y-nam,Q&Q 40 mm Nam S392J202Y,Chị Hà,4
q-q-s392j202y-nam,Q&Q 40 mm Nam S392J202Y,Đức,4
q-q-s392j202y-nam,Q&Q 40 mm Nam S392J202Y,Nghiệp,5
q-q-s392j202y-nam,Q&Q 40 mm Nam S392J202Y,Phạm Văn Thiên,5
q-q-s392j202y-nam,Q&Q 40 mm Nam S392J202Y,PHAM VAN TUAN,4
q-q-s392j202y-nam,Q&Q 40 mm Nam S392J202Y,Chị Toan,5
q-q-s393j202y-nu,Q&Q 28.5 mm Nữ S393J202Y,Vũ Thị Thuỳ Linh,1
q-q-s393j202y-nu,Q&Q 28.5 mm Nữ S393J202Y,Ngọc Lân,5
q-q-s393j202y-nu,Q&Q 28.5 mm Nữ S393J202Y,Lê Văn Đại,5
q-q-s393j202y-nu,Q&Q 28.5 mm Nữ S393J202Y,C Dung,5
q-q-s393j202y-nu,Q&Q 28.5 mm Nữ S393J202Y,Nguyễn Hữu Phúc,5
q-q-s396j212y-nam,Q&Q 40 mm Nam S396J212Y,LÊ HUY VŨ,4
q-q-s396j212y-nam,Q&Q 40 mm Nam S396J212Y,Tòn,5
q-q-s396j212y-nam,Q&Q 40 mm Nam S396J212Y,Nguyễn Sơn,5
q-q-s396j212y-nam,Q&Q 40 mm Nam S396J212Y,Vũ Văn Tuấn,5
q-q-s396j212y-nam,Q&Q 40 mm Nam S396J212Y,Anh Hưng,4
q-q-s396j212y-nam,Q&Q 40 mm Nam S396J212Y,Trần Kim Linh,5
q-q-s396j212y-nam,Q&Q 40 mm Nam S396J212Y,Nguyễn Duy Anh,5
q-q-s396j212y-nam,Q&Q 40 mm Nam S396J212Y,Chị Hường,4
q-q-s396j212y-nam,Q&Q 40 mm Nam S396J212Y,Thanh,4
q-q-s396j212y-nam,Q&Q 40 mm Nam S396J212Y,Anh Thành,4
q-q-s396j212y-nam,Q&Q 40 mm Nam S396J212Y,Nguyễn Văn Nhựt Hào,5
q-q-s396j212y-nam,Q&Q 40 mm Nam S396J212Y,Nguyễn Văn Kha,5
q-q-s396j212y-nam,Q&Q 40 mm Nam S396J212Y,Hoàng Hùng,5
q-q-s396j212y-nam,Q&Q 40 mm Nam S396J212Y,Tiến,5
q-q-s396j212y-nam,Q&Q 40 mm Nam S396J212Y,Hoàng Són,5
q-q-s396j212y-nam,Q&Q 40 mm Nam S396J212Y,KIM VĂN PHƯƠNG,5
q-q-s396j212y-nam,Q&Q 40 mm Nam S396J212Y,Trung,4
q-q-s396j212y-nam,Q&Q 40 mm Nam S396J212Y,Lê Trí Thức,4
q-q-s396j212y-nam,Q&Q 40 mm Nam S396J212Y,Anh Vững,5
q-q-s398j001y-nam?utm_flashsale=1,Q&Q 40 mm Nam S398J001Y,Huy Đẹp Chai,5
q-q-s398j001y-nam?utm_flashsale=1,Q&Q 40 mm Nam S398J001Y,Hồ Nhật Khoa,5
q-q-s398j001y-nam?utm_flashsale=1,Q&Q 40 mm Nam S398J001Y,Nguyễn Ngọc Quý,5
q-q-s398j001y-nam?utm_flashsale=1,Q&Q 40 mm Nam S398J001Y,Anh Hiệp,5
q-q-s398j001y-nam?utm_flashsale=1,Q&Q 40 mm Nam S398J001Y,Vu Hoài Nam,5
q-q-s398j001y-nam?utm_flashsale=1,Q&Q 40 mm Nam S398J001Y,Phan Phước Tân,5
q-q-s398j001y-nam?utm_flashsale=1,Q&Q 40 mm Nam S398J001Y,Huỳnh Nguyên,5
q-q-s398j001y-nam?utm_flashsale=1,Q&Q 40 mm Nam S398J001Y,Thu Trang,5
q-q-s398j001y-nam?utm_flashsale=1,Q&Q 40 mm Nam S398J001Y,Anh Hùng,5
q-q-s398j001y-nam?utm_flashsale=1,Q&Q 40 mm Nam S398J001Y,Hà Thanh,5
q-q-s398j001y-nam?utm_flashsale=1,Q&Q 40 mm Nam S398J001Y,Hồng,5
q-q-s398j001y-nam?utm_flashsale=1,Q&Q 40 mm Nam S398J001Y,Đỗ Sỹ Hiếu,4
q-q-s398j001y-nam?utm_flashsale=1,Q&Q 40 mm Nam S398J001Y,Hồ Văn Thuận,5
q-q-s398j001y-nam?utm_flashsale=1,Q&Q 40 mm Nam S398J001Y,NGUYỄN TỬ TRỊNH,5
smile-kid-sl027-01,SMILE KID 30 mm Trẻ em SL027-01,C Nguyệt,5
smile-kid-sl027-01,SMILE KID 30 mm Trẻ em SL027-01,Giang Hoài Viễn,5
smile-kid-sl027-01,SMILE KID 30 mm Trẻ em SL027-01,LÊ THỊ Ngọc Hà,4
smile-kid-sl027-01,SMILE KID 30 mm Trẻ em SL027-01,Nguyễn Thị Hồng Phước,4
smile-kid-sl027-01,SMILE KID 30 mm Trẻ em SL027-01,Anh Hạnh,4
smile-kid-sl027-01,SMILE KID 30 mm Trẻ em SL027-01,Hoàng Oanh,3
smile-kid-sl027-01,SMILE KID 30 mm Trẻ em SL027-01,Anh Bình,3
smile-kid-sl027-01,SMILE KID 30 mm Trẻ em SL027-01,Hồng Nhung,5
smile-kid-sl027-01,SMILE KID 30 mm Trẻ em SL027-01,Trần Văn Tuân,5
smile-kid-sl030-01?utm_flashsale=1,SMILE KID 30 mm Trẻ em SL030-01,Nguyen Thi Huyen Trang,4
smile-kid-sl030-01?utm_flashsale=1,SMILE KID 30 mm Trẻ em SL030-01,A Thắng,3
smile-kid-sl030-01?utm_flashsale=1,SMILE KID 30 mm Trẻ em SL030-01,A Trung,5
smile-kid-sl030-01?utm_flashsale=1,SMILE KID 30 mm Trẻ em SL030-01,Hán,5
smile-kid-sl030-01?utm_flashsale=1,SMILE KID 30 mm Trẻ em SL030-01,La Tan Hao,5
smile-kid-sl030-01?utm_flashsale=1,SMILE KID 30 mm Trẻ em SL030-01,Nguyễn Thị Phương,5
smile-kid-sl030-01?utm_flashsale=1,SMILE KID 30 mm Trẻ em SL030-01,A Thắng,3
smile-kid-sl030-01?utm_flashsale=1,SMILE KID 30 mm Trẻ em SL030-01,Chị Tuấn,4
nakzen-ss9001lre-7no-nu,NAKZEN Hoa & Gió 32 mm Nữ SS9001LRE-7NO,Trần Anh Tuấn,4
nakzen-ss9001lre-7no-nu,NAKZEN Hoa & Gió 32 mm Nữ SS9001LRE-7NO,Chị Bình,4
nakzen-ss9001lre-7no-nu,NAKZEN Hoa & Gió 32 mm Nữ SS9001LRE-7NO,Le Thi Thuy My,5
nakzen-ss9001lre-7no-nu,NAKZEN Hoa & Gió 32 mm Nữ SS9001LRE-7NO,NGUYỄN THỊ HIỀN,3
nakzen-ss9001lre-7no-nu,NAKZEN Hoa & Gió 32 mm Nữ SS9001LRE-7NO,Em Ngân,5
nakzen-ss9001lre-7no-nu,NAKZEN Hoa & Gió 32 mm Nữ SS9001LRE-7NO,Hương,5
nakzen-ss4073g-7-nam,NAKZEN 40 mm Nam SS4073G-7,Trân Nguyễn,5
nakzen-ss4073g-7-nam,NAKZEN 40 mm Nam SS4073G-7,Chị Thảo,4
nakzen-ss4073g-7-nam,NAKZEN 40 mm Nam SS4073G-7,Trần Thanh Tùng,5
nakzen-ss4073g-7-nam,NAKZEN 40 mm Nam SS4073G-7,Quân,4
nakzen-ss4073g-7-nam,NAKZEN 40 mm Nam SS4073G-7,Anh Thái,5
nakzen-ss4073g-7-nam,NAKZEN 40 mm Nam SS4073G-7,Trương Thị Lài,5
nakzen-ss4073g-7-nam,NAKZEN 40 mm Nam SS4073G-7,Lê Minh Hoàng,5
nakzen-ss4073g-7-nam,NAKZEN 40 mm Nam SS4073G-7,Trung,4
nakzen-ss4073g-7-nam,NAKZEN 40 mm Nam SS4073G-7,Lam Thi Lanh,5
nakzen-ss4073g-7-nam,NAKZEN 40 mm Nam SS4073G-7,Anh Bắc,4
nakzen-ss4073g-7-nam,NAKZEN 40 mm Nam SS4073G-7,Khanh,5
nakzen-ss4072g-7-nam,NAKZEN 38 mm Nam SS4072G-7,Anh Chi,1
nakzen-ss4072g-7-nam,NAKZEN 38 mm Nam SS4072G-7,Anh Thiện,4
nakzen-ss4072g-7-nam,NAKZEN 38 mm Nam SS4072G-7,LÊ VĂN ON,4
nakzen-ss4072g-7-nam,NAKZEN 38 mm Nam SS4072G-7,Chau Thien Bao,1
nakzen-ss4072g-7-nam,NAKZEN 38 mm Nam SS4072G-7,Thu Yêm,4
nakzen-ss4072g-7-nam,NAKZEN 38 mm Nam SS4072G-7,NGUYỄN THỊ KIM NHỮNG,5
nakzen-sl4072gbn-7nr-nam,NAKZEN 38 mm Nam SL4072GBN-7NR,Hiếu,5
nakzen-sl4072gbn-7nr-nam,NAKZEN 38 mm Nam SL4072GBN-7NR,Anh Hải,5
nakzen-sl4072gbn-7nr-nam,NAKZEN 38 mm Nam SL4072GBN-7NR,Thủy,4
nakzen-sl4072gbn-7nr-nam,NAKZEN 38 mm Nam SL4072GBN-7NR,Anh Son,5
nakzen-sl4072gbn-7nr-nam,NAKZEN 38 mm Nam SL4072GBN-7NR,VÕ VĂN NHỰT,5
nakzen-sl4072gbn-7nr-nam,NAKZEN 38 mm Nam SL4072GBN-7NR,Chị Trang,4
q-q-s397j202y-nu,Q&Q 31 mm Nữ S397J202Y,Ái,5
q-q-s397j202y-nu,Q&Q 31 mm Nữ S397J202Y,Sang Sang,4
q-q-s397j202y-nu,Q&Q 31 mm Nữ S397J202Y,Nguyễn Thị Hằng Nga,5
q-q-s397j202y-nu,Q&Q 31 mm Nữ S397J202Y,Nguyễn Trâm,4
q-q-s397j202y-nu,Q&Q 31 mm Nữ S397J202Y,Đào Quang Vinh,4
q-q-s397j202y-nu,Q&Q 31 mm Nữ S397J202Y,Trang,4
q-q-s397j202y-nu,Q&Q 31 mm Nữ S397J202Y,Anh Dũng,5
q-q-s397j202y-nu,Q&Q 31 mm Nữ S397J202Y,Vũ Thị Thanh Loan,1
q-q-s397j202y-nu,Q&Q 31 mm Nữ S397J202Y,Quyết,4
q-q-s397j202y-nu,Q&Q 31 mm Nữ S397J202Y,Nguyên Thi Bích,5
q-q-s397j202y-nu,Q&Q 31 mm Nữ S397J202Y,Nguyên Thi Bích,5
q-q-s399j031y-nu,Q&Q 30 mm Nữ S399J031Y,Linh,4
q-q-s399j031y-nu,Q&Q 30 mm Nữ S399J031Y,Nguyễn Như Trang,5
q-q-s399j031y-nu,Q&Q 30 mm Nữ S399J031Y,Nguyễn Thanh Hợp,4
q-q-s399j031y-nu,Q&Q 30 mm Nữ S399J031Y,Hồ Phương Triệu,4
q-q-s399j031y-nu,Q&Q 30 mm Nữ S399J031Y,Chị Hoà,3
q-q-s399j031y-nu,Q&Q 30 mm Nữ S399J031Y,C.Lien,5
q-q-s399j031y-nu,Q&Q 30 mm Nữ S399J031Y,CÔNG TY CỔ PHẦN CÔNG NGHỆ MÔI TRƯỜNG XANH SERAPHIN,4
q-q-s399j031y-nu,Q&Q 30 mm Nữ S399J031Y,Hồng,4
q-q-s399j031y-nu,Q&Q 30 mm Nữ S399J031Y,Nguyễn Thanh Hợp,4
q-q-s399j031y-nu,Q&Q 30 mm Nữ S399J031Y,Nhã Nam,5
q-q-s399j212y-nu,Q&Q 30 mm Nữ S399J212Y,Nguyễn Duy Phương,5
q-q-s399j212y-nu,Q&Q 30 mm Nữ S399J212Y,Đỗ Văn Mây,4
q-q-s399j212y-nu,Q&Q 30 mm Nữ S399J212Y,Huy,1
q-q-s399j212y-nu,Q&Q 30 mm Nữ S399J212Y,Phan Thị Cẩm Linh,5
q-q-s399j212y-nu,Q&Q 30 mm Nữ S399J212Y,Anh Tâm,5
q-q-s399j212y-nu,Q&Q 30 mm Nữ S399J212Y,Dung,4
q-q-s399j212y-nu,Q&Q 30 mm Nữ S399J212Y,HOANG VAN CHUNG,3
q-q-s399j212y-nu,Q&Q 30 mm Nữ S399J212Y,Ngọc Cà,5
q-q-s399j212y-nu,Q&Q 30 mm Nữ S399J212Y,Anh Thành,4
q-q-s399j212y-nu,Q&Q 30 mm Nữ S399J212Y,NGUYỄN THỊ PHƯƠNG QUỲNH,4
q-q-s399j212y-nu,Q&Q 30 mm Nữ S399J212Y,Đặng Thanh Tuấn,5
q-q-s399j212y-nu,Q&Q 30 mm Nữ S399J212Y,Nguyễn Thị Thu Hiền,5
q-q-s399j212y-nu,Q&Q 30 mm Nữ S399J212Y,Kien,5
q-q-s399j212y-nu,Q&Q 30 mm Nữ S399J212Y,Phạm Thị Ánh Hoà,4
q-q-s399j212y-nu,Q&Q 30 mm Nữ S399J212Y,Phùng Xuân Thắng,5
q-q-s399j212y-nu,Q&Q 30 mm Nữ S399J212Y,Phạm Ngọc Bổn,4
q-q-s399j212y-nu,Q&Q 30 mm Nữ S399J212Y,Chị Tỉnh,5
q-q-s399j212y-nu,Q&Q 30 mm Nữ S399J212Y,Bùi Thị Liễu,4
g-shock-ga-140gb-1a2dr-nam?utm_flashsale=1,G-SHOCK 51.2 mm Nam GA-140GB-1A2DR,Đam,5
g-shock-ga-140gb-1a2dr-nam?utm_flashsale=1,G-SHOCK 51.2 mm Nam GA-140GB-1A2DR,Trang,5
g-shock-ga-140gb-1a2dr-nam?utm_flashsale=1,G-SHOCK 51.2 mm Nam GA-140GB-1A2DR,NGUYỄN VĂN DƯƠNG,4
g-shock-ga-140gb-1a2dr-nam?utm_flashsale=1,G-SHOCK 51.2 mm Nam GA-140GB-1A2DR,Trịnh Văn Đặng,5
g-shock-ga-140gb-1a2dr-nam?utm_flashsale=1,G-SHOCK 51.2 mm Nam GA-140GB-1A2DR,Nguyên Hoàng Anh,5
g-shock-ga-140gb-1a2dr-nam?utm_flashsale=1,G-SHOCK 51.2 mm Nam GA-140GB-1A2DR,Lê Hoàng Giang,5
g-shock-ga-140gb-1a2dr-nam?utm_flashsale=1,G-SHOCK 51.2 mm Nam GA-140GB-1A2DR,Trần Văn Phí,5
g-shock-ga-140gb-1a2dr-nam?utm_flashsale=1,G-SHOCK 51.2 mm Nam GA-140GB-1A2DR,Lê Hoàng Khải,5
g-shock-ga-140gb-1a2dr-nam?utm_flashsale=1,G-SHOCK 51.2 mm Nam GA-140GB-1A2DR,47737 - Nguyễn Thị Mai Anh,5
g-shock-ga-140gb-1a2dr-nam?utm_flashsale=1,G-SHOCK 51.2 mm Nam GA-140GB-1A2DR,Chế Thanh Vinh,5
g-shock-ga-140gb-1a2dr-nam?utm_flashsale=1,G-SHOCK 51.2 mm Nam GA-140GB-1A2DR,Anh Chiến,4
elio-es060-01-nam?utm_flashsale=1,ELIO 40 mm Nam ES060-01,Quốc Lào,5
elio-es060-01-nam?utm_flashsale=1,ELIO 40 mm Nam ES060-01,Dương Quang Minh,5
elio-es060-01-nam?utm_flashsale=1,ELIO 40 mm Nam ES060-01,Nguyen Khanh Duy,5
elio-es060-01-nam?utm_flashsale=1,ELIO 40 mm Nam ES060-01,Chị Hằng,4
elio-es060-01-nam?utm_flashsale=1,ELIO 40 mm Nam ES060-01,Như Ý,5
elio-es060-01-nam?utm_flashsale=1,ELIO 40 mm Nam ES060-01,Anh Tuấn,4
elio-es060-01-nam?utm_flashsale=1,ELIO 40 mm Nam ES060-01,Nguyễn Văn Tâm,4
elio-es060-01-nam?utm_flashsale=1,ELIO 40 mm Nam ES060-01,TRƯƠNG THỊ TUYẾT NGHI,5
elio-es060-01-nam?utm_flashsale=1,ELIO 40 mm Nam ES060-01,Nguyễn Thanh Phong,5
elio-es060-01-nam?utm_flashsale=1,ELIO 40 mm Nam ES060-01,Lê Tuân Ngọc,3
elio-es060-01-nam?utm_flashsale=1,ELIO 40 mm Nam ES060-01,Lê Thành Phát,5
elio-es060-01-nam?utm_flashsale=1,ELIO 40 mm Nam ES060-01,Thái,5
elio-es060-01-nam?utm_flashsale=1,ELIO 40 mm Nam ES060-01,Tuấn Anh,5
elio-es060-01-nam?utm_flashsale=1,ELIO 40 mm Nam ES060-01,Anh Hải,3
elio-es060-01-nam?utm_flashsale=1,ELIO 40 mm Nam ES060-01,Thành,2
elio-es060-01-nam?utm_flashsale=1,ELIO 40 mm Nam ES060-01,Mai Tấn Hiếu,4
elio-es060-01-nam?utm_flashsale=1,ELIO 40 mm Nam ES060-01,Duy,5
elio-es060-01-nam?utm_flashsale=1,ELIO 40 mm Nam ES060-01,Dung,2
elio-es060-01-nam?utm_flashsale=1,ELIO 40 mm Nam ES060-01,Võ Đoàn Phúc Thịnh,5
elio-es060-01-nam?utm_flashsale=1,ELIO 40 mm Nam ES060-01,Phúc,4
elio-es060-01-nam?utm_flashsale=1,ELIO 40 mm Nam ES060-01,Dang Chau Ah,4
elio-es060-01-nam?utm_flashsale=1,ELIO 40 mm Nam ES060-01,TRẦN MỸ LĨNH,5
elio-es060-01-nam?utm_flashsale=1,ELIO 40 mm Nam ES060-01,PHAM HUU NGHI,5
elio-el060-01-nam,ELIO 39 mm Nam EL060-01,Văn Tấn Tú,3
elio-el060-01-nam,ELIO 39 mm Nam EL060-01,Trần Sang,5
elio-el060-01-nam,ELIO 39 mm Nam EL060-01,Ly,4
elio-el060-01-nam,ELIO 39 mm Nam EL060-01,Hoàng Lý Trọng Nhân,5
elio-el060-01-nam,ELIO 39 mm Nam EL060-01,Nguyễn Kim Oanh,5
elio-el060-01-nam,ELIO 39 mm Nam EL060-01,Kh,5
elio-el060-01-nam,ELIO 39 mm Nam EL060-01,Duy,5
elio-el060-01-nam,ELIO 39 mm Nam EL060-01,Nguyễn Trọng Nghị,5
elio-el060-01-nam,ELIO 39 mm Nam EL060-01,Hiệp Thủ,3
elio-el060-01-nam,ELIO 39 mm Nam EL060-01,Dương Công Lưu,4
elio-el060-01-nam,ELIO 39 mm Nam EL060-01,Trần Ngọc,5
elio-el060-01-nam,ELIO 39 mm Nam EL060-01,Nguyễn Khôi,5
elio-el060-01-nam,ELIO 39 mm Nam EL060-01,Hoàng Gia Bảo,4
elio-el060-01-nam,ELIO 39 mm Nam EL060-01,TẠ ĐĂNG THANH,5
elio-el060-01-nam,ELIO 39 mm Nam EL060-01,Nam,5
elio-el060-01-nam,ELIO 39 mm Nam EL060-01,Thư,5
elio-el060-01-nam,ELIO 39 mm Nam EL060-01,Ngô Thành Công,5
elio-el060-01-nam,ELIO 39 mm Nam EL060-01,Nguyễn Tiến Dũng,5
elio-el060-01-nam,ELIO 39 mm Nam EL060-01,Nguyễn Trần Minh Tiền,4
elio-el060-01-nam,ELIO 39 mm Nam EL060-01,Phương Huyền,5
elio-el060-01-nam,ELIO 39 mm Nam EL060-01,Hải Đăng,5
elio-el060-01-nam,ELIO 39 mm Nam EL060-01,Vũ Kim Long,5
elio-el060-01-nam,ELIO 39 mm Nam EL060-01,167479 - Lê Thanh Phong,5
elio-el060-01-nam,ELIO 39 mm Nam EL060-01,Hồ Phú Hưng,5
elio-el075-01-nam?utm_flashsale=1,ELIO 39 mm Nam EL075-01,Kết,5
elio-el075-01-nam?utm_flashsale=1,ELIO 39 mm Nam EL075-01,Lê Quý Ngọc,2
elio-el075-01-nam?utm_flashsale=1,ELIO 39 mm Nam EL075-01,Nguyễn Văn Huy,5
elio-el075-01-nam?utm_flashsale=1,ELIO 39 mm Nam EL075-01,Nguyễn Nhật Ánh,2
elio-el075-01-nam?utm_flashsale=1,ELIO 39 mm Nam EL075-01,Võ Nguyễn Như Quỳnh,5
elio-el075-01-nam?utm_flashsale=1,ELIO 39 mm Nam EL075-01,CAO THỊ HỒNG NGUYÊN,4
elio-el075-01-nam?utm_flashsale=1,ELIO 39 mm Nam EL075-01,Lê Minh Sol,5
elio-el075-01-nam?utm_flashsale=1,ELIO 39 mm Nam EL075-01,Nguyễn Thanh Huy,5
elio-el075-01-nam?utm_flashsale=1,ELIO 39 mm Nam EL075-01,Trần Văn Trí,4
elio-el075-01-nam?utm_flashsale=1,ELIO 39 mm Nam EL075-01,Vương Văn Lâm,5
elio-el075-01-nam?utm_flashsale=1,ELIO 39 mm Nam EL075-01,Em Ngân,3
elio-el075-01-nam?utm_flashsale=1,ELIO 39 mm Nam EL075-01,TRƯƠNG LỘC,5
elio-el075-01-nam?utm_flashsale=1,ELIO 39 mm Nam EL075-01,Lê Vũ Phương,1
elio-el075-01-nam?utm_flashsale=1,ELIO 39 mm Nam EL075-01,Nguyễn Sơn An,5
elio-el075-01-nam?utm_flashsale=1,ELIO 39 mm Nam EL075-01,VO MINH TIEN,5
elio-el075-01-nam?utm_flashsale=1,ELIO 39 mm Nam EL075-01,NGUYEN MINH ĐỨC,5
elio-el075-01-nam?utm_flashsale=1,ELIO 39 mm Nam EL075-01,Lê Văn Tính,2
elio-el075-01-nam?utm_flashsale=1,ELIO 39 mm Nam EL075-01,Bùi Vĩnh Hùng,5
elio-el075-01-nam?utm_flashsale=1,ELIO 39 mm Nam EL075-01,Phú,4
elio-el075-01-nam?utm_flashsale=1,ELIO 39 mm Nam EL075-01,PHAM THI BAO YEN,5
elio-el076-01-nam?utm_flashsale=1,ELIO 39 mm Nam EL076-01,Nguyễn Thị Thuỳ Trang,5
elio-el076-01-nam?utm_flashsale=1,ELIO 39 mm Nam EL076-01,Hà Thanh Sơn,4
elio-el076-01-nam?utm_flashsale=1,ELIO 39 mm Nam EL076-01,Anh Hiếu,1
elio-el076-01-nam?utm_flashsale=1,ELIO 39 mm Nam EL076-01,Anh Tuấn,5
elio-el076-01-nam?utm_flashsale=1,ELIO 39 mm Nam EL076-01,Sâm,5
elio-el076-01-nam?utm_flashsale=1,ELIO 39 mm Nam EL076-01,Thuận,5
elio-el076-01-nam?utm_flashsale=1,ELIO 39 mm Nam EL076-01,Lân,5
elio-el076-01-nam?utm_flashsale=1,ELIO 39 mm Nam EL076-01,Đức,3
elio-el076-01-nam?utm_flashsale=1,ELIO 39 mm Nam EL076-01,Anh Nhàn,5
elio-es054-01-nu?utm_flashsale=1,ELIO Nàng Thơ 30 mm Nữ ES054-01,Trâm,5
elio-es054-01-nu?utm_flashsale=1,ELIO Nàng Thơ 30 mm Nữ ES054-01,Trần Nhựt,1
elio-es054-01-nu?utm_flashsale=1,ELIO Nàng Thơ 30 mm Nữ ES054-01,Nguyễn Thị Ngọc Trâm,5
elio-es054-01-nu?utm_flashsale=1,ELIO Nàng Thơ 30 mm Nữ ES054-01,Lê Thị Hạnh,5
elio-es054-01-nu?utm_flashsale=1,ELIO Nàng Thơ 30 mm Nữ ES054-01,Mỹ Duyên,5
elio-es054-01-nu?utm_flashsale=1,ELIO Nàng Thơ 30 mm Nữ ES054-01,Phan Thị Thu Lý,5
elio-es054-01-nu?utm_flashsale=1,ELIO Nàng Thơ 30 mm Nữ ES054-01,Kim Lanh,5
elio-es054-01-nu?utm_flashsale=1,ELIO Nàng Thơ 30 mm Nữ ES054-01,Chị Hoà,5
elio-es054-01-nu?utm_flashsale=1,ELIO Nàng Thơ 30 mm Nữ ES054-01,Thu Vy,4
elio-el061-02-nu?utm_flashsale=1,ELIO 29 mm Nữ EL061-02,Hằng,4
elio-el061-02-nu?utm_flashsale=1,ELIO 29 mm Nữ EL061-02,Nguyễn Văn Chiến,5
elio-el061-02-nu?utm_flashsale=1,ELIO 29 mm Nữ EL061-02,Hoàng Hà,4
elio-el061-02-nu?utm_flashsale=1,ELIO 29 mm Nữ EL061-02,Thúy,5
elio-el061-02-nu?utm_flashsale=1,ELIO 29 mm Nữ EL061-02,THẠCH THỊ KIM PHƯỢNG,5
elio-el061-02-nu?utm_flashsale=1,ELIO 29 mm Nữ EL061-02,Nguyễn Thúy Hằng,4
elio-el061-02-nu?utm_flashsale=1,ELIO 29 mm Nữ EL061-02,Chị Trân,5
elio-el061-02-nu?utm_flashsale=1,ELIO 29 mm Nữ EL061-02,Lê Thị Nhung,5
elio-el061-02-nu?utm_flashsale=1,ELIO 29 mm Nữ EL061-02,Nguyễn Thị Phương Thảo,5
elio-el061-02-nu?utm_flashsale=1,ELIO 29 mm Nữ EL061-02,Nguyễn Trọng Hải Nam,4
elio-el061-02-nu?utm_flashsale=1,ELIO 29 mm Nữ EL061-02,Anh Hoàng Minh,4
elio-el061-02-nu?utm_flashsale=1,ELIO 29 mm Nữ EL061-02,Anh Kha,5
elio-es059-02-nu,ELIO Nàng Thơ 27 mm Nữ ES059-02,Mai,3
elio-es059-02-nu,ELIO Nàng Thơ 27 mm Nữ ES059-02,Trần Thị Hà,5
elio-es059-02-nu,ELIO Nàng Thơ 27 mm Nữ ES059-02,Ngô Thị Thùy Trang,5
elio-es059-02-nu,ELIO Nàng Thơ 27 mm Nữ ES059-02,Vũ Thị Phương,4
elio-es059-02-nu,ELIO Nàng Thơ 27 mm Nữ ES059-02,Chị Kiều,4
elio-es059-02-nu,ELIO Nàng Thơ 27 mm Nữ ES059-02,NGÔN VĂN VIỄN,4
elio-es059-02-nu,ELIO Nàng Thơ 27 mm Nữ ES059-02,Phạm Thị Kim Ngân,5
elio-es059-02-nu,ELIO Nàng Thơ 27 mm Nữ ES059-02,Nguyễn Thị Minh Hiếu,5
elio-es059-02-nu,ELIO Nàng Thơ 27 mm Nữ ES059-02,Yến,5
elio-es059-02-nu,ELIO Nàng Thơ 27 mm Nữ ES059-02,Dung,5
elio-es059-02-nu,ELIO Nàng Thơ 27 mm Nữ ES059-02,Trần Thị Lan,4
elio-es059-02-nu,ELIO Nàng Thơ 27 mm Nữ ES059-02,Nguyễn Thị An,5
elio-es059-02-nu,ELIO Nàng Thơ 27 mm Nữ ES059-02,CHỊ ĐẾN,4
elio-es059-02-nu,ELIO Nàng Thơ 27 mm Nữ ES059-02,Hồ Công Đàn,5
orient-ra-as0101s10b-nam,ORIENT Sun & Moon 41.5 mm Nam RA-AS0101S10B,Nguyễn Văn Chiến,4
orient-ra-as0101s10b-nam,ORIENT Sun & Moon 41.5 mm Nam RA-AS0101S10B,Nguyễn Quang Trí,4
orient-ra-as0101s10b-nam,ORIENT Sun & Moon 41.5 mm Nam RA-AS0101S10B,Nguyễn Hà Trí,2
orient-ra-as0101s10b-nam,ORIENT Sun & Moon 41.5 mm Nam RA-AS0101S10B,A Hội,5
orient-ra-as0101s10b-nam,ORIENT Sun & Moon 41.5 mm Nam RA-AS0101S10B,HOANG NGOC LINH,5
orient-ra-as0101s10b-nam,ORIENT Sun & Moon 41.5 mm Nam RA-AS0101S10B,Trần Duy Anh,5
orient-ra-as0101s10b-nam,ORIENT Sun & Moon 41.5 mm Nam RA-AS0101S10B,Trần Tấn Anh,5
orient-ra-as0101s10b-nam,ORIENT Sun & Moon 41.5 mm Nam RA-AS0101S10B,Huynh Van Hào,5
orient-ra-as0101s10b-nam,ORIENT Sun & Moon 41.5 mm Nam RA-AS0101S10B,Lê Đại Đồng,3
orient-ra-as0101s10b-nam,ORIENT Sun & Moon 41.5 mm Nam RA-AS0101S10B,Anh Tình,1
orient-ra-as0101s10b-nam,ORIENT Sun & Moon 41.5 mm Nam RA-AS0101S10B,A Cao,4
orient-ra-as0101s10b-nam,ORIENT Sun & Moon 41.5 mm Nam RA-AS0101S10B,Đinh Văn Bằng,3
orient-ra-as0101s10b-nam,ORIENT Sun & Moon 41.5 mm Nam RA-AS0101S10B,Anh Minh,5
smile-kid-sl059-01-tre-em,SMILE KID 40 mm Trẻ em SL059-01,Khiết,4
smile-kid-sl059-01-tre-em,SMILE KID 40 mm Trẻ em SL059-01,Chị Oanh,5
smile-kid-sl059-01-tre-em,SMILE KID 40 mm Trẻ em SL059-01,Hùng,4
smile-kid-sl059-01-tre-em,SMILE KID 40 mm Trẻ em SL059-01,Trần Duy Linh,5
smile-kid-sl059-01-tre-em,SMILE KID 40 mm Trẻ em SL059-01,Nguyễn Thị Bích Chương,5
smile-kid-sl059-01-tre-em,SMILE KID 40 mm Trẻ em SL059-01,Phạm Anh Tuấn,5
smile-kid-sl059-01-tre-em,SMILE KID 40 mm Trẻ em SL059-01,Trần Thị Phương Định,5
smile-kid-sl059-01-tre-em,SMILE KID 40 mm Trẻ em SL059-01,PHAN THỊ KIM QUYÊN,4
smile-kid-sl059-01-tre-em,SMILE KID 40 mm Trẻ em SL059-01,A Hỷ,4
smile-kid-sl059-01-tre-em,SMILE KID 40 mm Trẻ em SL059-01,Vũ Thị Hiền,5
smile-kid-sl059-01-tre-em,SMILE KID 40 mm Trẻ em SL059-01,Nguyễn Thị Hồng Dung,5
smile-kid-sl059-01-tre-em,SMILE KID 40 mm Trẻ em SL059-01,Nguyễn Thanh Thuý,5
smile-kid-sl059-01-tre-em,SMILE KID 40 mm Trẻ em SL059-01,Phan Thị Lê Quỳnh,5
smile-kid-sl059-01-tre-em,SMILE KID 40 mm Trẻ em SL059-01,A Nam,4
smile-kid-sl059-01-tre-em,SMILE KID 40 mm Trẻ em SL059-01,Chi,4
smile-kid-sl059-01-tre-em,SMILE KID 40 mm Trẻ em SL059-01,Võ Văn Liêu,4
smile-kid-sl059-01-tre-em,SMILE KID 40 mm Trẻ em SL059-01,Nga,4
smile-kid-sl059-01-tre-em,SMILE KID 40 mm Trẻ em SL059-01,Vinh,4
smile-kid-sl059-01-tre-em,SMILE KID 40 mm Trẻ em SL059-01,Chị Trang,4
smile-kid-sl059-01-tre-em,SMILE KID 40 mm Trẻ em SL059-01,Võ Hà Trúc Phương,4
nakzen-sl4050ld-7-nu,NAKZEN 36.4 mm Nữ SL4050LD-7,Khoa,5
nakzen-sl4050ld-7-nu,NAKZEN 36.4 mm Nữ SL4050LD-7,Văn Bé Ba,3
nakzen-sl4050ld-7-nu,NAKZEN 36.4 mm Nữ SL4050LD-7,Nguyễn Minh Trường,5
nakzen-sl4050ld-7-nu,NAKZEN 36.4 mm Nữ SL4050LD-7,Anh Vọng,5
nakzen-ss4036gdd-3-nam,NAKZEN 38 mm Nam SS4036GDD-3,Trinh Em,5
nakzen-ss4036gdd-3-nam,NAKZEN 38 mm Nam SS4036GDD-3,Nguyễn Văn Linh,4
citizen-nh8393-05a-nam,CITIZEN C7 40 mm Nam NH8393-05A,Trần Hoàng Khanh,1
citizen-nh8393-05a-nam,CITIZEN C7 40 mm Nam NH8393-05A,Hoài,5
citizen-nh8393-05a-nam,CITIZEN C7 40 mm Nam NH8393-05A,Đạt,5
citizen-nh8393-05a-nam,CITIZEN C7 40 mm Nam NH8393-05A,Hoàng Vũ,5
citizen-nh8393-05a-nam,CITIZEN C7 40 mm Nam NH8393-05A,Anh Bình,1
citizen-nh8393-05a-nam,CITIZEN C7 40 mm Nam NH8393-05A,TrầN DoãN ThăNg,1
citizen-nh8393-05a-nam,CITIZEN C7 40 mm Nam NH8393-05A,Thái Văn Hoàng,1
citizen-nh8393-05a-nam,CITIZEN C7 40 mm Nam NH8393-05A,Anh Thắng,5
citizen-nh8393-05a-nam,CITIZEN C7 40 mm Nam NH8393-05A,Nguyễn Thanh An,5
citizen-nh8393-05a-nam,CITIZEN C7 40 mm Nam NH8393-05A,Sang,4
smile-kid-sl065-01-tre-em,SMILE KID 50 mm Trẻ em SL065-01,NGUYỄN THỊ KIM CHI,4
smile-kid-sl065-01-tre-em,SMILE KID 50 mm Trẻ em SL065-01,Nguyễn Văn Của,4
smile-kid-sl065-01-tre-em,SMILE KID 50 mm Trẻ em SL065-01,Anh Duy,5
smile-kid-sl065-01-tre-em,SMILE KID 50 mm Trẻ em SL065-01,Nguyễn Bảo Phuc,5
smile-kid-sl065-01-tre-em,SMILE KID 50 mm Trẻ em SL065-01,Linh,4
smile-kid-sl065-01-tre-em,SMILE KID 50 mm Trẻ em SL065-01,LÊ THỊ CÚC,5
smile-kid-sl065-01-tre-em,SMILE KID 50 mm Trẻ em SL065-01,Chi Thuỷ,5
smile-kid-sl065-01-tre-em,SMILE KID 50 mm Trẻ em SL065-01,Anh Mạnh,5
smile-kid-sl065-01-tre-em,SMILE KID 50 mm Trẻ em SL065-01,Thắng,4
smile-kid-sl065-01-tre-em,SMILE KID 50 mm Trẻ em SL065-01,Khoa,5
smile-kid-sl065-01-tre-em,SMILE KID 50 mm Trẻ em SL065-01,Nghĩa,5
smile-kid-sl065-01-tre-em,SMILE KID 50 mm Trẻ em SL065-01,Nguyễn Văn Của,4
smile-kid-sl065-01-tre-em,SMILE KID 50 mm Trẻ em SL065-01,QUÁCH VĂN KHÁNH,5
smile-kid-sl065-01-tre-em,SMILE KID 50 mm Trẻ em SL065-01,Nguyên,5
smile-kid-sl065-01-tre-em,SMILE KID 50 mm Trẻ em SL065-01,Nguyễn Thị Thảo Ngân,5
smile-kid-sl065-01-tre-em,SMILE KID 50 mm Trẻ em SL065-01,ĐÀO THỊ KIM YẾN,4
smile-kid-sl065-01-tre-em,SMILE KID 50 mm Trẻ em SL065-01,VŨ THỊ HẢI VÂN,4
casio-mtp-e321rl-5avdf-nam,CASIO 44.7 mm Nam MTP-E321RL-5AVDF,Anh Khang,5
casio-mtp-e321rl-5avdf-nam,CASIO 44.7 mm Nam MTP-E321RL-5AVDF,A Mọc,3
casio-mtp-e321rl-5avdf-nam,CASIO 44.7 mm Nam MTP-E321RL-5AVDF,Nguyễn Phước Dư,4
casio-mtp-e321rl-5avdf-nam,CASIO 44.7 mm Nam MTP-E321RL-5AVDF,Chị Hoàng Yến,5
casio-mtp-e321rl-5avdf-nam,CASIO 44.7 mm Nam MTP-E321RL-5AVDF,Nguyễn Mạnh Thắng,5
casio-mtp-e321rl-5avdf-nam,CASIO 44.7 mm Nam MTP-E321RL-5AVDF,Hội,3
casio-mtp-e321rl-5avdf-nam,CASIO 44.7 mm Nam MTP-E321RL-5AVDF,NGUYEN MINH THIEN,4
citizen-bh5000-59a-nam,CITIZEN 41 mm Nam BH5000-59A,Lê Đình Quang,4
citizen-bh5000-59a-nam,CITIZEN 41 mm Nam BH5000-59A,A Linh,5
citizen-bh5000-59a-nam,CITIZEN 41 mm Nam BH5000-59A,LÊ VĂN CÔNG,5
citizen-bh5000-59a-nam,CITIZEN 41 mm Nam BH5000-59A,Lý Hoàng Gia Bảo,5
citizen-bh5000-59a-nam,CITIZEN 41 mm Nam BH5000-59A,Chị Hảo,4
citizen-bh5000-59a-nam,CITIZEN 41 mm Nam BH5000-59A,Thuỵ,5
citizen-bh5000-59a-nam,CITIZEN 41 mm Nam BH5000-59A,TRẦN CÔNG TRUNG,5
citizen-bh5000-59a-nam,CITIZEN 41 mm Nam BH5000-59A,Anh Đức,5
citizen-bh5000-59a-nam,CITIZEN 41 mm Nam BH5000-59A,Nguyễn Cường,4
citizen-bi5093-01l-nam,CITIZEN 42 mm Nam BI5093-01L,Hồ Thu Thuỷ,5
citizen-bi5093-01l-nam,CITIZEN 42 mm Nam BI5093-01L,Vòng Thanh Tâm,5
citizen-bi5093-01l-nam,CITIZEN 42 mm Nam BI5093-01L,Vòng Thanh Tâm,5
citizen-bi5093-01l-nam,CITIZEN 42 mm Nam BI5093-01L,Anh Bảo,5
citizen-bi5093-01l-nam,CITIZEN 42 mm Nam BI5093-01L,Anh Hùng,4
citizen-bi5093-01l-nam,CITIZEN 42 mm Nam BI5093-01L,Trần Hồng Đăng,1
citizen-bi5093-01l-nam,CITIZEN 42 mm Nam BI5093-01L,Trần Hồng Đăng,1
citizen-bi5093-01l-nam,CITIZEN 42 mm Nam BI5093-01L,HIẾU,5
citizen-bi5093-01l-nam,CITIZEN 42 mm Nam BI5093-01L,Nguyễn Văn Thông,5
citizen-bi5093-01l-nam,CITIZEN 42 mm Nam BI5093-01L,Nguyễn Văn Tiến,3
citizen-bi5093-01l-nam,CITIZEN 42 mm Nam BI5093-01L,Hoàng Nghĩa,5
citizen-bi5093-01l-nam,CITIZEN 42 mm Nam BI5093-01L,Phan Hữu Chí,4
citizen-bi5093-01l-nam,CITIZEN 42 mm Nam BI5093-01L,Nghị,5
citizen-bi5093-01l-nam,CITIZEN 42 mm Nam BI5093-01L,Tuệ Vy,5
mww-ml035-01-nam?utm_flashsale=1,MVW 40 mm Nam ML035-01,Trịnh Hoàng Tuấn,1
mww-ml035-01-nam?utm_flashsale=1,MVW 40 mm Nam ML035-01,Nguyễn Trường Ny,5
mww-ml035-01-nam?utm_flashsale=1,MVW 40 mm Nam ML035-01,Luân,5
mww-ml035-01-nam?utm_flashsale=1,MVW 40 mm Nam ML035-01,Hồ Phước Lợi,5
mww-ml035-01-nam?utm_flashsale=1,MVW 40 mm Nam ML035-01,Bảo Thông,5
mww-ml035-01-nam?utm_flashsale=1,MVW 40 mm Nam ML035-01,Công,4
mww-ml035-01-nam?utm_flashsale=1,MVW 40 mm Nam ML035-01,Kha Lê,1
mww-ml035-01-nam?utm_flashsale=1,MVW 40 mm Nam ML035-01,Nguyễn Hoàng Quyền,1
mww-ml035-01-nam?utm_flashsale=1,MVW 40 mm Nam ML035-01,Lê Thị Thùy Trang,5
mww-ml035-01-nam?utm_flashsale=1,MVW 40 mm Nam ML035-01,Nguyễn Chí Tâm,5
mww-ml035-01-nam?utm_flashsale=1,MVW 40 mm Nam ML035-01,Đinh Công Nhu,4
mww-ml035-01-nam?utm_flashsale=1,MVW 40 mm Nam ML035-01,Huỳnh Hoàng Ân,5
mww-ml035-01-nam?utm_flashsale=1,MVW 40 mm Nam ML035-01,Ngọc,4
mww-ml035-01-nam?utm_flashsale=1,MVW 40 mm Nam ML035-01,Long,5
mww-ml035-01-nam?utm_flashsale=1,MVW 40 mm Nam ML035-01,Toàn,4
mww-ml035-01-nam?utm_flashsale=1,MVW 40 mm Nam ML035-01,Trần Thi Trúc Nhi,4
mww-ml035-01-nam?utm_flashsale=1,MVW 40 mm Nam ML035-01,Võ Chí Thiện,5
mww-ml035-01-nam?utm_flashsale=1,MVW 40 mm Nam ML035-01,Ung Thái Lâm,2
mww-ml035-01-nam?utm_flashsale=1,MVW 40 mm Nam ML035-01,Phúc,5
mww-ml035-01-nam?utm_flashsale=1,MVW 40 mm Nam ML035-01,Nguyễn Văn Hà,4
mww-ml035-01-nam?utm_flashsale=1,MVW 40 mm Nam ML035-01,Trí,2
mww-ml035-01-nam?utm_flashsale=1,MVW 40 mm Nam ML035-01,Em Lại Đức Mạnh,4
mww-ml035-01-nam?utm_flashsale=1,MVW 40 mm Nam ML035-01,NGUYỄN VŨ LINH,5
mww-ml035-01-nam?utm_flashsale=1,MVW 40 mm Nam ML035-01,Trương Hoàng Bảo,4
mww-ml035-01-nam?utm_flashsale=1,MVW 40 mm Nam ML035-01,Đàm Văn Dũng,4
mww-ml035-01-nam?utm_flashsale=1,MVW 40 mm Nam ML035-01,Tiktok,5
mww-ml035-01-nam?utm_flashsale=1,MVW 40 mm Nam ML035-01,Phan Trí Thanh,5
mww-ml035-01-nam?utm_flashsale=1,MVW 40 mm Nam ML035-01,KHtiktok,5
mww-ml035-01-nam?utm_flashsale=1,MVW 40 mm Nam ML035-01,Phạm An Dy,5
mww-ml035-01-nam?utm_flashsale=1,MVW 40 mm Nam ML035-01,Trần Thị Kiều,4
mww-ml035-01-nam?utm_flashsale=1,MVW 40 mm Nam ML035-01,Lê Thị Hương,5
mww-ms052-01-nam?utm_flashsale=1,MVW 44 mm Nam MS052-01,TRẦN VĂN KỶ NHÂN,5
mww-ms052-01-nam?utm_flashsale=1,MVW 44 mm Nam MS052-01,Chị Hằng,5
mww-ms052-01-nam?utm_flashsale=1,MVW 44 mm Nam MS052-01,A Thắng,4
mww-ms052-01-nam?utm_flashsale=1,MVW 44 mm Nam MS052-01,Anh MY,4
mww-ms052-01-nam?utm_flashsale=1,MVW 44 mm Nam MS052-01,Anh Nhất,4
mww-ms052-01-nam?utm_flashsale=1,MVW 44 mm Nam MS052-01,Chú Tú,5
mww-ms052-01-nam?utm_flashsale=1,MVW 44 mm Nam MS052-01,PHAN VĂN THIỆN,4
mww-ms052-01-nam?utm_flashsale=1,MVW 44 mm Nam MS052-01,Chú Năm Hài,5
mww-ms052-01-nam?utm_flashsale=1,MVW 44 mm Nam MS052-01,HUỲNH NGỌC HÀNH,5
mww-ms052-01-nam?utm_flashsale=1,MVW 44 mm Nam MS052-01,Lê Vũ Khang,4
mww-ms058-01-nam?utm_flashsale=1,MVW 43 mm Nam MS058-01,Lê Trọng Đức,5
mww-ms058-01-nam?utm_flashsale=1,MVW 43 mm Nam MS058-01,Huỳnh Hữu Vinh,5
mww-ms058-01-nam?utm_flashsale=1,MVW 43 mm Nam MS058-01,LÊ QUANG HÙNG,4
mww-ms058-01-nam?utm_flashsale=1,MVW 43 mm Nam MS058-01,71710 - Phùng Khánh Lân,4
mww-ms058-01-nam?utm_flashsale=1,MVW 43 mm Nam MS058-01,Quyết,5
mww-ms058-01-nam?utm_flashsale=1,MVW 43 mm Nam MS058-01,Đặng Thị Thùy Linh,3
mww-ml039-01-nam?utm_flashsale=1,MVW 43 mm Nam ML039-01,Hoàng Văn Hiến,5
mww-ml039-01-nam?utm_flashsale=1,MVW 43 mm Nam ML039-01,Phạm Tiến Đức,5
mww-ml039-01-nam?utm_flashsale=1,MVW 43 mm Nam ML039-01,Thy,5
mww-ml039-01-nam?utm_flashsale=1,MVW 43 mm Nam ML039-01,Tâm,5
mww-ml039-01-nam?utm_flashsale=1,MVW 43 mm Nam ML039-01,Dung,4
mww-ml039-01-nam?utm_flashsale=1,MVW 43 mm Nam ML039-01,Anh Thân,4
mww-ml039-01-nam?utm_flashsale=1,MVW 43 mm Nam ML039-01,Vũ Đình Cường,1
mww-ml039-01-nam?utm_flashsale=1,MVW 43 mm Nam ML039-01,Anh Lập,5
mww-ml039-01-nam?utm_flashsale=1,MVW 43 mm Nam ML039-01,Ngọc Lâm,4
mww-ml039-01-nam?utm_flashsale=1,MVW 43 mm Nam ML039-01,Trần Nhật Dương,5
mww-ml039-01-nam?utm_flashsale=1,MVW 43 mm Nam ML039-01,Tín,5
mww-ml039-01-nam?utm_flashsale=1,MVW 43 mm Nam ML039-01,Anh Quang,5
mww-ml039-01-nam?utm_flashsale=1,MVW 43 mm Nam ML039-01,Nhựt,5
mww-ml039-01-nam?utm_flashsale=1,MVW 43 mm Nam ML039-01,Hoàng Anh,5
mww-ml039-01-nam?utm_flashsale=1,MVW 43 mm Nam ML039-01,Chị Quỳnh,3
mww-ml039-01-nam?utm_flashsale=1,MVW 43 mm Nam ML039-01,Em Thìn,5
mww-ml039-01-nam?utm_flashsale=1,MVW 43 mm Nam ML039-01,Thanh Thảo,5
mww-ml046-01-nam?utm_flashsale=1,MVW 42 mm Nam ML046-01,Nguyễn Khang,5
mww-ml046-01-nam?utm_flashsale=1,MVW 42 mm Nam ML046-01,Khôi,5
mww-ml046-01-nam?utm_flashsale=1,MVW 42 mm Nam ML046-01,Võ Minh Khang,5
mww-ml046-01-nam?utm_flashsale=1,MVW 42 mm Nam ML046-01,Mai Thị Thu Hiền,5
mww-ml046-01-nam?utm_flashsale=1,MVW 42 mm Nam ML046-01,Lê Khắc Mạnh,1
mww-ml046-01-nam?utm_flashsale=1,MVW 42 mm Nam ML046-01,Chị Tuyết Ngân,5
mww-ml046-01-nam?utm_flashsale=1,MVW 42 mm Nam ML046-01,Trần Huỳnh Như,3
mww-ml046-01-nam?utm_flashsale=1,MVW 42 mm Nam ML046-01,Thanh,5
mww-ml046-01-nam?utm_flashsale=1,MVW 42 mm Nam ML046-01,TRẦN MINH THIỆN,5
mww-ml046-01-nam?utm_flashsale=1,MVW 42 mm Nam ML046-01,Hữu Khải,5
mww-ml046-01-nam?utm_flashsale=1,MVW 42 mm Nam ML046-01,Chị Phước,4
mww-ml046-01-nam?utm_flashsale=1,MVW 42 mm Nam ML046-01,VÕ THỊ TRƯỜNG,5
mww-ml046-01-nam?utm_flashsale=1,MVW 42 mm Nam ML046-01,Hoàng Trọng Phước,5
mww-ml046-01-nam?utm_flashsale=1,MVW 42 mm Nam ML046-01,Nguyễn Thị Sáng,3
mww-ml046-01-nam?utm_flashsale=1,MVW 42 mm Nam ML046-01,E Hùng,4
mww-ml046-01-nam?utm_flashsale=1,MVW 42 mm Nam ML046-01,Thi,1
mww-ml046-01-nam?utm_flashsale=1,MVW 42 mm Nam ML046-01,Vũ Đình Năm,3
mww-ml046-01-nam?utm_flashsale=1,MVW 42 mm Nam ML046-01,E Hùng,5
mww-ml046-01-nam?utm_flashsale=1,MVW 42 mm Nam ML046-01,CÔNG TY CỔ PHẦN NOTE VIỆT NAM,4
mww-ml046-01-nam?utm_flashsale=1,MVW 42 mm Nam ML046-01,Trần Thanh Hào,5
mww-ml046-01-nam?utm_flashsale=1,MVW 42 mm Nam ML046-01,Trang,5
mww-ml046-01-nam?utm_flashsale=1,MVW 42 mm Nam ML046-01,Nguyễn Thái Tín,4
mww-ml046-01-nam?utm_flashsale=1,MVW 42 mm Nam ML046-01,Anh Minh,5
mww-ml046-01-nam?utm_flashsale=1,MVW 42 mm Nam ML046-01,Mai Quốc Tuấn,5
mww-ml046-01-nam?utm_flashsale=1,MVW 42 mm Nam ML046-01,Mai Quốc Tuấn,5
mvw-ms061-01-nam?utm_flashsale=1,MVW 42 mm Nam MS061-01,Anh Minh,4
mvw-ms061-01-nam?utm_flashsale=1,MVW 42 mm Nam MS061-01,Kiều Minh Kha,5
mvw-ms061-01-nam?utm_flashsale=1,MVW 42 mm Nam MS061-01,Đỗ Văn Hoàng,5
mvw-ms061-01-nam?utm_flashsale=1,MVW 42 mm Nam MS061-01,Nguyễn Hồ Hải Đăng,5
mvw-ms061-01-nam?utm_flashsale=1,MVW 42 mm Nam MS061-01,Anh Trung,5
mvw-ms061-01-nam?utm_flashsale=1,MVW 42 mm Nam MS061-01,Đỗ Nguyễn Quang Sơn,3
mvw-ms061-01-nam?utm_flashsale=1,MVW 42 mm Nam MS061-01,Quế Trân,4
mvw-ms061-01-nam?utm_flashsale=1,MVW 42 mm Nam MS061-01,Khoa,5
mvw-ms061-01-nam?utm_flashsale=1,MVW 42 mm Nam MS061-01,Nguyễn Minh Sơn,2
mvw-ms061-01-nam?utm_flashsale=1,MVW 42 mm Nam MS061-01,Quang,5
mvw-ms061-01-nam?utm_flashsale=1,MVW 42 mm Nam MS061-01,Lê Văn Dũng,5
mvw-ms061-01-nam?utm_flashsale=1,MVW 42 mm Nam MS061-01,Trọng,5
mvw-ms061-01-nam?utm_flashsale=1,MVW 42 mm Nam MS061-01,Nguyễn Khánh Lê,5
mvw-ms061-01-nam?utm_flashsale=1,MVW 42 mm Nam MS061-01,Hiền,5
mvw-ms061-01-nam?utm_flashsale=1,MVW 42 mm Nam MS061-01,Anh Thượng,5
mvw-ms061-01-nam?utm_flashsale=1,MVW 42 mm Nam MS061-01,Ho Van Cuong,5
mvw-ml050-01-nam,MVW 43 mm Nam ML050-01,Trần Anh Tuấn,4
mvw-ml050-01-nam,MVW 43 mm Nam ML050-01,Nguyễn Văn Đức,5
mvw-ml050-01-nam,MVW 43 mm Nam ML050-01,Bạn Trần Hải Dương,5
mvw-ml050-01-nam,MVW 43 mm Nam ML050-01,Lương Gia Bảo,2
mvw-ml050-01-nam,MVW 43 mm Nam ML050-01,Trần Quốc Bào,5
mvw-ml050-01-nam,MVW 43 mm Nam ML050-01,Anh Thức,4
mvw-ml050-01-nam,MVW 43 mm Nam ML050-01,Lò Văn Nam,5
mvw-ml050-01-nam,MVW 43 mm Nam ML050-01,Lò Văn Nam,4
mvw-ml050-01-nam,MVW 43 mm Nam ML050-01,Phạm Thị Giàu,5
mvw-ml050-01-nam,MVW 43 mm Nam ML050-01,Nguyen Minh Nhí,5
mvw-ml050-01-nam,MVW 43 mm Nam ML050-01,Vũ Duy Đức,4
mvw-ml050-01-nam,MVW 43 mm Nam ML050-01,Nguyễn Minh Tuấn,5
mvw-ml050-01-nam,MVW 43 mm Nam ML050-01,LÊ QUỐC ĐẠT,5
mvw-ml050-01-nam,MVW 43 mm Nam ML050-01,Võ Tuấn Duy,3
mvw-ml050-01-nam,MVW 43 mm Nam ML050-01,Lê Thụy Thúy An,5
mvw-ml051-02-nam?utm_flashsale=1,MVW 43 mm Nam ML051-02,Hoàng Cẩm Tú,2
mvw-ml051-02-nam?utm_flashsale=1,MVW 43 mm Nam ML051-02,Thắng,1
mvw-ml051-02-nam?utm_flashsale=1,MVW 43 mm Nam ML051-02,Kim Nhanh,5
mvw-ml051-02-nam?utm_flashsale=1,MVW 43 mm Nam ML051-02,Anh Thẳng,5
mvw-ml051-02-nam?utm_flashsale=1,MVW 43 mm Nam ML051-02,Em Đạt,5
mvw-ml051-02-nam?utm_flashsale=1,MVW 43 mm Nam ML051-02,Lê Kim Ngân,5
mvw-ml051-02-nam?utm_flashsale=1,MVW 43 mm Nam ML051-02,Nguyen Thanh Tuan,5
mvw-ml051-02-nam?utm_flashsale=1,MVW 43 mm Nam ML051-02,Hồ Tuấn Vinh,5
mvw-ml051-02-nam?utm_flashsale=1,MVW 43 mm Nam ML051-02,DƯƠNG VĂN ĐÚNG,5
mvw-ml051-02-nam?utm_flashsale=1,MVW 43 mm Nam ML051-02,NGUYEN QUOC NGUYEN,5
mvw-ml051-02-nam?utm_flashsale=1,MVW 43 mm Nam ML051-02,Chị Yến,5
mvw-ml052-01-nam?utm_flashsale=1,MVW 40 mm Nam ML052-01,Trần Tú Khanh,1
mvw-ml052-01-nam?utm_flashsale=1,MVW 40 mm Nam ML052-01,Trần Ngọc Tuấn,4
mvw-ml052-01-nam?utm_flashsale=1,MVW 40 mm Nam ML052-01,Nghĩa,2
mvw-ml052-01-nam?utm_flashsale=1,MVW 40 mm Nam ML052-01,Bùi Văn Hiền,5
mvw-ml052-01-nam?utm_flashsale=1,MVW 40 mm Nam ML052-01,Khánh Khiêm,4
mvw-ml052-01-nam?utm_flashsale=1,MVW 40 mm Nam ML052-01,Võ Văn Kiệt,5
mvw-ml052-01-nam?utm_flashsale=1,MVW 40 mm Nam ML052-01,Đoàn Bá Huy,5
mvw-ml052-01-nam?utm_flashsale=1,MVW 40 mm Nam ML052-01,Hiếu,5
mvw-ml052-01-nam?utm_flashsale=1,MVW 40 mm Nam ML052-01,Nguyễn Thành Phúc,4
mvw-ml052-01-nam?utm_flashsale=1,MVW 40 mm Nam ML052-01,Anh Kiên,4
mvw-ml052-01-nam?utm_flashsale=1,MVW 40 mm Nam ML052-01,Lại Văn Dự,5
mvw-ml052-01-nam?utm_flashsale=1,MVW 40 mm Nam ML052-01,TRẦN THANH NGOAN,5
mvw-ml052-01-nam?utm_flashsale=1,MVW 40 mm Nam ML052-01,Anh Tuấn,5
mvw-ml052-01-nam?utm_flashsale=1,MVW 40 mm Nam ML052-01,Trần Văn Thọ,4
mvw-ml052-01-nam?utm_flashsale=1,MVW 40 mm Nam ML052-01,Nhung,5
mvw-ml052-01-nam?utm_flashsale=1,MVW 40 mm Nam ML052-01,Phước An,3
mvw-ml052-01-nam?utm_flashsale=1,MVW 40 mm Nam ML052-01,Tới,5
mvw-ml052-01-nam?utm_flashsale=1,MVW 40 mm Nam ML052-01,Anh Dũng,5
mvw-ml052-01-nam?utm_flashsale=1,MVW 40 mm Nam ML052-01,Lâm Tuấn Kiệt,4
mvw-ml052-01-nam?utm_flashsale=1,MVW 40 mm Nam ML052-01,Khuất HOÀNG TRƯỜNG,5
mvw-ms066-01-nam?utm_flashsale=1,MVW 41 mm Nam MS066-01,Trưng,1
mvw-ms066-01-nam?utm_flashsale=1,MVW 41 mm Nam MS066-01,Hoạch,4
mvw-ms066-01-nam?utm_flashsale=1,MVW 41 mm Nam MS066-01,LÊ VĂN ĐÔNG,4
mvw-ms066-01-nam?utm_flashsale=1,MVW 41 mm Nam MS066-01,Anh Hiên,5
mvw-ms066-01-nam?utm_flashsale=1,MVW 41 mm Nam MS066-01,Trần Quang Tuệ,5
mvw-ms066-01-nam?utm_flashsale=1,MVW 41 mm Nam MS066-01,Van Vuong,5
mvw-ms066-01-nam?utm_flashsale=1,MVW 41 mm Nam MS066-01,Nguyễn Văn Tiến,5
mvw-ms066-01-nam?utm_flashsale=1,MVW 41 mm Nam MS066-01,Mạnh,5
mvw-ms066-01-nam?utm_flashsale=1,MVW 41 mm Nam MS066-01,Phong,5
mvw-ms066-01-nam?utm_flashsale=1,MVW 41 mm Nam MS066-01,Đặng Minh Trung,5
mvw-ms066-01-nam?utm_flashsale=1,MVW 41 mm Nam MS066-01,Anh Nam,4
mvw-ms066-01-nam?utm_flashsale=1,MVW 41 mm Nam MS066-01,Nam,5
mvw-ms066-01-nam?utm_flashsale=1,MVW 41 mm Nam MS066-01,A Vũ,4
mvw-ms066-01-nam?utm_flashsale=1,MVW 41 mm Nam MS066-01,Cần,5
mvw-ms066-01-nam?utm_flashsale=1,MVW 41 mm Nam MS066-01,Quách Thanh Phong,5
mvw-ms066-01-nam?utm_flashsale=1,MVW 41 mm Nam MS066-01,Lê Hữu Tuấn,5
mvw-ms066-01-nam?utm_flashsale=1,MVW 41 mm Nam MS066-01,Anh Dũng,5
mvw-ms066-01-nam?utm_flashsale=1,MVW 41 mm Nam MS066-01,Chị Tuyết,5
mvw-ms066-01-nam?utm_flashsale=1,MVW 41 mm Nam MS066-01,LÊ VĂN SANG,5
mvw-ms066-01-nam?utm_flashsale=1,MVW 41 mm Nam MS066-01,Trinh,5
mvw-ms066-01-nam?utm_flashsale=1,MVW 41 mm Nam MS066-01,Ngọc Mai,5
mvw-ms066-01-nam?utm_flashsale=1,MVW 41 mm Nam MS066-01,Lưu Trọng Phúc,4
mvw-ms066-01-nam?utm_flashsale=1,MVW 41 mm Nam MS066-01,Trần Ngọc Lương,5
mvw-ms066-01-nam?utm_flashsale=1,MVW 41 mm Nam MS066-01,NGUYỄN HOÀI NHỚ,5
mvw-ms066-01-nam?utm_flashsale=1,MVW 41 mm Nam MS066-01,Lưu Gia Khánh,4
mvw-ms066-01-nam?utm_flashsale=1,MVW 41 mm Nam MS066-01,Nguyễn Văn Lưu,5
mvw-ms066-01-nam?utm_flashsale=1,MVW 41 mm Nam MS066-01,Trịnh Xuân Tuyện,4
citizen-bm6838-33l-nam?utm_flashsale=1,CITIZEN 42 mm Nam BM6838-33L,Huỳnh Việt Thân,5
citizen-bm6838-33l-nam?utm_flashsale=1,CITIZEN 42 mm Nam BM6838-33L,Phạm Trịnh Ngọc Duy,5
citizen-bm6838-33l-nam?utm_flashsale=1,CITIZEN 42 mm Nam BM6838-33L,Phan Nhật Tân,5
citizen-bm6838-33l-nam?utm_flashsale=1,CITIZEN 42 mm Nam BM6838-33L,Hồ Văn Hợp,5
citizen-bm6838-33l-nam?utm_flashsale=1,CITIZEN 42 mm Nam BM6838-33L,Bui Xuan Cong Minh,5
citizen-bm6838-33l-nam?utm_flashsale=1,CITIZEN 42 mm Nam BM6838-33L,Thầy Nhuận Tấn,5
citizen-bm6838-33l-nam?utm_flashsale=1,CITIZEN 42 mm Nam BM6838-33L,Hoàng Quang Vinh,4
citizen-bm7460-88e-nam,CITIZEN 40 mm Nam BM7460-88E,Quỳnh Anh,5
citizen-bm7460-88e-nam,CITIZEN 40 mm Nam BM7460-88E,Chiến,5
citizen-bm7460-88h-nam,CITIZEN 40 mm Nam BM7460-88H,Nguyễn Minh Thiện,4
citizen-bm7460-88h-nam,CITIZEN 40 mm Nam BM7460-88H,Phương,5
citizen-bm7460-88h-nam,CITIZEN 40 mm Nam BM7460-88H,Đỗ Thị Xuân,4
citizen-bm7460-88h-nam,CITIZEN 40 mm Nam BM7460-88H,NGUYỄN VIẾT BIỂN,5
citizen-ak5006-58a-nam,CITIZEN 41 mm Nam AK5006-58A,Anh Khỏe,5
citizen-ak5006-58a-nam,CITIZEN 41 mm Nam AK5006-58A,Anh Chí,4
citizen-ak5006-58a-nam,CITIZEN 41 mm Nam AK5006-58A,Đỗ Thái Dững,4
citizen-ak5006-58a-nam,CITIZEN 41 mm Nam AK5006-58A,TƯƠI,4
citizen-ak5006-58a-nam,CITIZEN 41 mm Nam AK5006-58A,Chị Duyên,4
citizen-ak5006-58a-nam,CITIZEN 41 mm Nam AK5006-58A,Lê Thị Kim Thoa,5
citizen-ak5006-58a-nam,CITIZEN 41 mm Nam AK5006-58A,Lê Thanh Vũ,4
citizen-be9170-72a-nam,CITIZEN 39 mm Nam BE9170-72A,Nguyễn Châu,5
citizen-be9170-72a-nam,CITIZEN 39 mm Nam BE9170-72A,Trần Thành,1
dong-ho-nam-mvw-ml048-01,MVW 42 mm Nam ML048-01,Kim Cương,4
dong-ho-nam-mvw-ml048-01,MVW 42 mm Nam ML048-01,Lê Văn,4
dong-ho-nam-mvw-ml048-01,MVW 42 mm Nam ML048-01,Phạm Thị Kim Nguyên,5
dong-ho-nam-mvw-ml048-01,MVW 42 mm Nam ML048-01,Thanh,4
dong-ho-nam-mvw-ml048-01,MVW 42 mm Nam ML048-01,Như,5
dong-ho-nam-mvw-ml048-01,MVW 42 mm Nam ML048-01,Anh Tùng,5
dong-ho-nam-mvw-ml048-01,MVW 42 mm Nam ML048-01,Phạm Ngọc Thuận,3
dong-ho-nam-mvw-ml048-01,MVW 42 mm Nam ML048-01,Ho Thanh Tuan,5
dong-ho-nam-mvw-ml048-01,MVW 42 mm Nam ML048-01,Trần Thị Lệ Thanh,5
dong-ho-nam-mvw-ml048-01,MVW 42 mm Nam ML048-01,Nguyễn Văn Sách,5
dong-ho-nam-mvw-ml048-01,MVW 42 mm Nam ML048-01,Tống Ngọc Trọng Nhân,5
dong-ho-nam-mvw-ml048-01,MVW 42 mm Nam ML048-01,Đường Thế Dũng,4
dong-ho-nam-mvw-ml048-01,MVW 42 mm Nam ML048-01,Nguyễn Thành Lượng,5
dong-ho-nam-mvw-ml048-01,MVW 42 mm Nam ML048-01,Trần Vỹ Tùng,4
dong-ho-nam-mvw-ml048-01,MVW 42 mm Nam ML048-01,Anh Vinh,3
dong-ho-nam-mvw-ml048-01,MVW 42 mm Nam ML048-01,Ngô Văn Tân,4
dong-ho-nam-mvw-ml048-01,MVW 42 mm Nam ML048-01,Anh Điệp,5
dong-ho-nam-mvw-ml048-01,MVW 42 mm Nam ML048-01,Anh Khánh,5
dong-ho-nam-mvw-ml048-01,MVW 42 mm Nam ML048-01,NGUYỄN QUỐC HẢI,5
dong-ho-nam-mvw-ml048-01,MVW 42 mm Nam ML048-01,Dương Công Sáu,5
dong-ho-nam-mvw-ml048-01,MVW 42 mm Nam ML048-01,Hải,5
dong-ho-nam-mvw-ml048-01,MVW 42 mm Nam ML048-01,HUỲNH NHẬT CHƯƠNG,5
dong-ho-nam-mvw-ml048-01,MVW 42 mm Nam ML048-01,Nguyên,5
elio-es076-01-nu,ELIO 23 mm Nữ ES076-01,Thái Liên,4
elio-es076-01-nu,ELIO 23 mm Nữ ES076-01,Trương Thị Ngọc Mai,5
elio-es076-01-nu,ELIO 23 mm Nữ ES076-01,Phan Trung Nghĩa,5
elio-es076-01-nu,ELIO 23 mm Nữ ES076-01,Dương,4
elio-es076-01-nu,ELIO 23 mm Nữ ES076-01,Vũ Hải Yến,4
elio-es076-01-nu,ELIO 23 mm Nữ ES076-01,Nguyễn Thị Ngọc Trinh,4
elio-es076-01-nu,ELIO 23 mm Nữ ES076-01,Cô Tiên,5
elio-es076-01-nu,ELIO 23 mm Nữ ES076-01,Lý Hồng Vân,5
elio-es076-01-nu,ELIO 23 mm Nữ ES076-01,Thanh Lịch,3
elio-es076-01-nu,ELIO 23 mm Nữ ES076-01,Nguyễn Thái Cường,4
elio-es076-01-nu,ELIO 23 mm Nữ ES076-01,Vinh,3
elio-es076-01-nu,ELIO 23 mm Nữ ES076-01,Thái Nguyên,5
elio-es076-01-nu,ELIO 23 mm Nữ ES076-01,Chú Dũng,5
elio-es076-01-nu,ELIO 23 mm Nữ ES076-01,Đoàn Đức Hiệp,5
elio-es076-01-nu,ELIO 23 mm Nữ ES076-01,Nguyễn Văn Thành,5
elio-es076-01-nu,ELIO 23 mm Nữ ES076-01,Tuyết Minh,5
elio-es076-01-nu,ELIO 23 mm Nữ ES076-01,Nguyễn Thanh Thuý,5
elio-es076-01-nu,ELIO 23 mm Nữ ES076-01,NGUYEN VAN TUYEN,5
elio-es076-01-nu,ELIO 23 mm Nữ ES076-01,Nguyễn Thùy Trang,5
elio-es076-01-nu,ELIO 23 mm Nữ ES076-01,Vũ,5
elio-es076-01-nu,ELIO 23 mm Nữ ES076-01,Đoàn Xuân Thái,4
elio-es076-01-nu,ELIO 23 mm Nữ ES076-01,C Hạnh,3
elio-es076-01-nu,ELIO 23 mm Nữ ES076-01,Nguyễn Thị Anh Thư,4
elio-es076-01-nu,ELIO 23 mm Nữ ES076-01,An,3
elio-es076-01-nu,ELIO 23 mm Nữ ES076-01,Quách Ái Thơ,4
elio-es076-01-nu,ELIO 23 mm Nữ ES076-01,Chị Thuỷ,4
elio-es087-02-nu,ELIO Xmas 32 mm Nữ ES087-02,Phượng,5
elio-es087-02-nu,ELIO Xmas 32 mm Nữ ES087-02,Đặng Thị Thuý Ngọc,4
elio-es087-02-nu,ELIO Xmas 32 mm Nữ ES087-02,BÙI NGỌC HẠNH,4
elio-es087-02-nu,ELIO Xmas 32 mm Nữ ES087-02,Nguyễn Thị Hồng Thi,4
elio-es087-02-nu,ELIO Xmas 32 mm Nữ ES087-02,Chị Hân,4
elio-es087-02-nu,ELIO Xmas 32 mm Nữ ES087-02,Nguyễn Thị Vân,4
elio-es087-02-nu,ELIO Xmas 32 mm Nữ ES087-02,A Minh,5
elio-es087-02-nu,ELIO Xmas 32 mm Nữ ES087-02,Nguyễn Thị Mai,4
elio-el083-02-nu,ELIO Xmas 36 mm Nữ EL083-02,Lâm Thị Thu Hiền,4
elio-el083-02-nu,ELIO Xmas 36 mm Nữ EL083-02,Hồ Thị Phương Thắm,4
elio-el083-02-nu,ELIO Xmas 36 mm Nữ EL083-02,Le Van Tha,5
elio-el083-02-nu,ELIO Xmas 36 mm Nữ EL083-02,Huệ,5
elio-el083-02-nu,ELIO Xmas 36 mm Nữ EL083-02,Pham Duy Binh,5
elio-el083-02-nu,ELIO Xmas 36 mm Nữ EL083-02,Cô Gắng,5
elio-el083-02-nu,ELIO Xmas 36 mm Nữ EL083-02,Chị Huế,4
elio-el083-02-nu,ELIO Xmas 36 mm Nữ EL083-02,Chị Phượng,5
elio-el083-02-nu,ELIO Xmas 36 mm Nữ EL083-02,Chị Loan,5
elio-el083-02-nu,ELIO Xmas 36 mm Nữ EL083-02,Cô Thuỷ,3
elio-el083-02-nu,ELIO Xmas 36 mm Nữ EL083-02,Thu,5
elio-el083-02-nu,ELIO Xmas 36 mm Nữ EL083-02,Vy,5
elio-el083-02-nu,ELIO Xmas 36 mm Nữ EL083-02,Nguyễn Tấn Thương,4
elio-el083-02-nu,ELIO Xmas 36 mm Nữ EL083-02,Phương Anh,5
elio-el083-02-nu,ELIO Xmas 36 mm Nữ EL083-02,Hương Giang,5
elio-el083-02-nu,ELIO Xmas 36 mm Nữ EL083-02,Lê Thị Tuyết Mai,5
elio-el083-02-nu,ELIO Xmas 36 mm Nữ EL083-02,Chị Ly,5
elio-el083-02-nu,ELIO Xmas 36 mm Nữ EL083-02,Lam Thi Anh Đào,2
elio-el083-02-nu,ELIO Xmas 36 mm Nữ EL083-02,Ngọc,3
q-q-s284j301y-nam,Q&Q 40 mm Nam S284J301Y,Hoàng Quí,5
q-q-s284j301y-nam,Q&Q 40 mm Nam S284J301Y,Hoàng Quí,5
q-q-s284j301y-nam,Q&Q 40 mm Nam S284J301Y,Thạch Siêng,5
q-q-s284j301y-nam,Q&Q 40 mm Nam S284J301Y,Huỳnh Đăng Khoa,4
q-q-s284j301y-nam,Q&Q 40 mm Nam S284J301Y,Anh,5
q-q-s284j301y-nam,Q&Q 40 mm Nam S284J301Y,Phạm Ngân,5
q-q-s284j301y-nam,Q&Q 40 mm Nam S284J301Y,Huỳnh,5
q-q-s284j301y-nam,Q&Q 40 mm Nam S284J301Y,Quý Dương,5
q-q-s284j301y-nam,Q&Q 40 mm Nam S284J301Y,Anh Cường,5
q-q-s284j301y-nam,Q&Q 40 mm Nam S284J301Y,Nguyễn Thành Nhân,5
q-q-s284j301y-nam,Q&Q 40 mm Nam S284J301Y,Khoa Minh Nguyen,5
q-q-s284j301y-nam,Q&Q 40 mm Nam S284J301Y,Thuận,5
q-q-s284j301y-nam,Q&Q 40 mm Nam S284J301Y,Anh An,4
q-q-s284j301y-nam,Q&Q 40 mm Nam S284J301Y,LĂNG THỊ TRÚC LINH,5
certina-c001-007-16-013-00-nu,CERTINA Urban 29 mm Nữ C001.007.16.013.00,Châu Môn Thắng,5
mvw-ms067-01-nam?utm_flashsale=1,MVW 40 mm Nam MS067-01,Anh Lâm,3
mvw-ms067-01-nam?utm_flashsale=1,MVW 40 mm Nam MS067-01,Anh Chấm,5
mvw-ms067-01-nam?utm_flashsale=1,MVW 40 mm Nam MS067-01,Anh Hiếu,4
mvw-ms067-01-nam?utm_flashsale=1,MVW 40 mm Nam MS067-01,Enh Duy,5
mvw-ms067-01-nam?utm_flashsale=1,MVW 40 mm Nam MS067-01,Võ Huỳnh Nhu,5
mvw-ms067-01-nam?utm_flashsale=1,MVW 40 mm Nam MS067-01,Bính,5
mvw-ms067-01-nam?utm_flashsale=1,MVW 40 mm Nam MS067-01,Nguyễn Nhật Minh,5
mvw-ms067-01-nam?utm_flashsale=1,MVW 40 mm Nam MS067-01,Nguyễn Văn Thơi,4
mvw-ms067-01-nam?utm_flashsale=1,MVW 40 mm Nam MS067-01,Phong,5
mvw-ms067-01-nam?utm_flashsale=1,MVW 40 mm Nam MS067-01,Anh Quân,5
mvw-ms067-01-nam?utm_flashsale=1,MVW 40 mm Nam MS067-01,ĐÀO HỮU HÀO,4
mvw-ms067-01-nam?utm_flashsale=1,MVW 40 mm Nam MS067-01,Anh Tính,5
mvw-ms067-01-nam?utm_flashsale=1,MVW 40 mm Nam MS067-01,PHẠM VĂN SƠN,5
mvw-ms067-01-nam?utm_flashsale=1,MVW 40 mm Nam MS067-01,Chú Hòa,4
mvw-ms067-01-nam?utm_flashsale=1,MVW 40 mm Nam MS067-01,Phương,5
mvw-ms067-01-nam?utm_flashsale=1,MVW 40 mm Nam MS067-01,Chú Nhất,4
mvw-ms070-02-nam?utm_flashsale=1,MVW 40 mm Nam MS070-02,A Tân,1
mvw-ms070-02-nam?utm_flashsale=1,MVW 40 mm Nam MS070-02,A Dũng,4
mvw-ms070-02-nam?utm_flashsale=1,MVW 40 mm Nam MS070-02,Quách Thanh Phong,5
mvw-ms070-02-nam?utm_flashsale=1,MVW 40 mm Nam MS070-02,Quách Thanh Phong,5
mvw-ms070-02-nam?utm_flashsale=1,MVW 40 mm Nam MS070-02,KHẢI,4
mvw-ms070-02-nam?utm_flashsale=1,MVW 40 mm Nam MS070-02,Anh Phương,4
mvw-ms070-02-nam?utm_flashsale=1,MVW 40 mm Nam MS070-02,Tâm,5
mvw-ms070-02-nam?utm_flashsale=1,MVW 40 mm Nam MS070-02,Anh Sự,5
mvw-ms070-02-nam?utm_flashsale=1,MVW 40 mm Nam MS070-02,Anh Nguyên,1
mvw-ms070-02-nam?utm_flashsale=1,MVW 40 mm Nam MS070-02,Chị Lý,4
mvw-ms070-02-nam?utm_flashsale=1,MVW 40 mm Nam MS070-02,Bình,5
dong-ho-nam-mvw-ml060-01?utm_flashsale=1,MVW 40 mm Nam ML060-01,Hoàng Kim Cương,5
dong-ho-nam-mvw-ml060-01?utm_flashsale=1,MVW 40 mm Nam ML060-01,TRẦN DOÃN TUẤN,5
dong-ho-nam-mvw-ml060-01?utm_flashsale=1,MVW 40 mm Nam ML060-01,Lê Văn Đặng,4
dong-ho-nam-mvw-ml060-01?utm_flashsale=1,MVW 40 mm Nam ML060-01,Đức Duy,4
dong-ho-nam-mvw-ml060-01?utm_flashsale=1,MVW 40 mm Nam ML060-01,Vũ,5
dong-ho-nam-mvw-ml060-01?utm_flashsale=1,MVW 40 mm Nam ML060-01,Chị Giàu,5
dong-ho-nam-mvw-ml060-01?utm_flashsale=1,MVW 40 mm Nam ML060-01,Anh Kha,5
dong-ho-nam-mvw-ml060-01?utm_flashsale=1,MVW 40 mm Nam ML060-01,Lê Hữu Phước,5
dong-ho-nam-mvw-ml060-01?utm_flashsale=1,MVW 40 mm Nam ML060-01,Hoàng Văn Luật,4
dong-ho-nam-mvw-ms071-01?utm_flashsale=1,MVW 40 mm Nam MS071-01,Đại,3
dong-ho-nam-mvw-ms071-01?utm_flashsale=1,MVW 40 mm Nam MS071-01,NGUYỄN HỒNG NGOAN,5
dong-ho-nam-mvw-ms071-01?utm_flashsale=1,MVW 40 mm Nam MS071-01,Lê Thị Thu Thảo,5
dong-ho-nam-mvw-ms071-01?utm_flashsale=1,MVW 40 mm Nam MS071-01,Trần Hoàng Phúc,3
dong-ho-nam-mvw-ms071-01?utm_flashsale=1,MVW 40 mm Nam MS071-01,Lý Tuyết Vân,2
dong-ho-nam-mvw-ms071-01?utm_flashsale=1,MVW 40 mm Nam MS071-01,Nguyễn Ductrung,4
dong-ho-nam-mvw-ms071-01?utm_flashsale=1,MVW 40 mm Nam MS071-01,Nguyễn Minh Văn,2
dong-ho-nam-mvw-ms071-01?utm_flashsale=1,MVW 40 mm Nam MS071-01,Đạt,4
dong-ho-nam-mvw-ms071-01?utm_flashsale=1,MVW 40 mm Nam MS071-01,Nguyễn Văn Quý,5
dong-ho-nam-mvw-ms071-01?utm_flashsale=1,MVW 40 mm Nam MS071-01,Phương,2
dong-ho-nam-mvw-ms071-01?utm_flashsale=1,MVW 40 mm Nam MS071-01,Minh Hải,4
dong-ho-nam-mvw-ms071-01?utm_flashsale=1,MVW 40 mm Nam MS071-01,Tuan,5
dong-ho-nam-mvw-ms071-01?utm_flashsale=1,MVW 40 mm Nam MS071-01,Thái,4
dong-ho-nam-mvw-ms071-01?utm_flashsale=1,MVW 40 mm Nam MS071-01,A Quynh,4
dong-ho-nam-mvw-ms071-01?utm_flashsale=1,MVW 40 mm Nam MS071-01,VÕ NGUYỄN DIỆU TRINH,5
dong-ho-nam-mvw-ms071-01?utm_flashsale=1,MVW 40 mm Nam MS071-01,Nguyễn Thu Hiền,4
dong-ho-nam-mvw-ml061-01?utm_flashsale=1,MVW 42 mm Nam ML061-01,Tạo,2
dong-ho-nam-mvw-ml061-01?utm_flashsale=1,MVW 42 mm Nam ML061-01,Mạch Thế Cường,1
dong-ho-nam-mvw-ml061-01?utm_flashsale=1,MVW 42 mm Nam ML061-01,Nguyễn Châu Thanh,4
dong-ho-nam-mvw-ml061-01?utm_flashsale=1,MVW 42 mm Nam ML061-01,Hơn,4
dong-ho-nam-mvw-ml061-01?utm_flashsale=1,MVW 42 mm Nam ML061-01,Lê Nam,3
dong-ho-nam-mvw-ml061-01?utm_flashsale=1,MVW 42 mm Nam ML061-01,Đinh Văn Vi,5
dong-ho-nam-mvw-ml061-01?utm_flashsale=1,MVW 42 mm Nam ML061-01,Đăng Khoa,5
dong-ho-nam-mvw-ml061-01?utm_flashsale=1,MVW 42 mm Nam ML061-01,Anh Hà,4
dong-ho-nam-mvw-ml061-01?utm_flashsale=1,MVW 42 mm Nam ML061-01,Anh Chân,4
dong-ho-nam-mvw-ml061-01?utm_flashsale=1,MVW 42 mm Nam ML061-01,Mình Soái,4
dong-ho-nam-mvw-ml061-01?utm_flashsale=1,MVW 42 mm Nam ML061-01,Chị Thuý,4
dong-ho-nam-mvw-ml061-01?utm_flashsale=1,MVW 42 mm Nam ML061-01,Nguyễn Hữu Nhân,5
dong-ho-nam-mvw-ml061-01?utm_flashsale=1,MVW 42 mm Nam ML061-01,Nguyễn Thị Thanh Nga,5
dong-ho-nam-mvw-ml061-01?utm_flashsale=1,MVW 42 mm Nam ML061-01,Trần Thanh Minh,5
dong-ho-nam-mvw-ml061-01?utm_flashsale=1,MVW 42 mm Nam ML061-01,Anh Liêm,5
dong-ho-nam-mvw-ml061-01?utm_flashsale=1,MVW 42 mm Nam ML061-01,Nguyễn Trường An,5
dong-ho-nam-mvw-ml061-01?utm_flashsale=1,MVW 42 mm Nam ML061-01,Anh Bằng,5
dong-ho-nam-mvw-ml061-01?utm_flashsale=1,MVW 42 mm Nam ML061-01,Lộc,5
dong-ho-nam-mvw-ml061-01?utm_flashsale=1,MVW 42 mm Nam ML061-01,Tuyết,5
dong-ho-nam-mvw-ml061-01?utm_flashsale=1,MVW 42 mm Nam ML061-01,Lường Thị Duyên,5
dong-ho-nam-mvw-ml061-01?utm_flashsale=1,MVW 42 mm Nam ML061-01,Lê Công Ba,5
dong-ho-nam-mvw-ml061-01?utm_flashsale=1,MVW 42 mm Nam ML061-01,Bùi Huy,5
dong-ho-nam-mvw-ml061-01?utm_flashsale=1,MVW 42 mm Nam ML061-01,Phạm Hùng Cường,5
dong-ho-nam-mvw-ml061-01?utm_flashsale=1,MVW 42 mm Nam ML061-01,Long,4
dong-ho-nam-mvw-ml061-01?utm_flashsale=1,MVW 42 mm Nam ML061-01,ĐỖ THỊ ÁNH PHƯƠNG,4
dong-ho-nam-mvw-ml061-01?utm_flashsale=1,MVW 42 mm Nam ML061-01,Chị Dung,5
dong-ho-nam-mvw-ml061-01?utm_flashsale=1,MVW 42 mm Nam ML061-01,Đỗ Thị Kim Thanh,2
dong-ho-nam-mvw-ml061-01?utm_flashsale=1,MVW 42 mm Nam ML061-01,Phạm Thanh Tuyền,5
dong-ho-nam-mvw-ml061-01?utm_flashsale=1,MVW 42 mm Nam ML061-01,Châu,1
dong-ho-nam-mvw-ml061-01?utm_flashsale=1,MVW 42 mm Nam ML061-01,Anh Khoa,5
dong-ho-nam-mvw-ml061-01?utm_flashsale=1,MVW 42 mm Nam ML061-01,Lê Lưu Bình,5
dong-ho-nam-mvw-ml061-01?utm_flashsale=1,MVW 42 mm Nam ML061-01,Anh Khang,5
dong-ho-nam-mvw-ml061-01?utm_flashsale=1,MVW 42 mm Nam ML061-01,Hồ Thanh Hoà,1
dong-ho-nam-mvw-ml061-01?utm_flashsale=1,MVW 42 mm Nam ML061-01,Thu,4
dong-ho-nam-mvw-ml061-01?utm_flashsale=1,MVW 42 mm Nam ML061-01,Dương Thị Phương Lan,5
dong-ho-nam-mvw-ml061-01?utm_flashsale=1,MVW 42 mm Nam ML061-01,Văn Chung,5
dong-ho-nam-mvw-ml061-01?utm_flashsale=1,MVW 42 mm Nam ML061-01,Phan Hoàng Anh,5
dong-ho-nam-mvw-ml061-01?utm_flashsale=1,MVW 42 mm Nam ML061-01,Phạm Hùng Cường,1
dong-ho-nam-mvw-ml061-01?utm_flashsale=1,MVW 42 mm Nam ML061-01,Nguyên,4
dong-ho-nam-mvw-ml061-01?utm_flashsale=1,MVW 42 mm Nam ML061-01,Nguyễn Hoàng Phi,5
dong-ho-nam-mvw-ms072-02?utm_flashsale=1,MVW 43 mm Nam MS072-02,Ngô Văn Thủy,5
dong-ho-nam-mvw-ms072-02?utm_flashsale=1,MVW 43 mm Nam MS072-02,NGUYỄN HOÀI DUYÊN,3
dong-ho-nam-mvw-ms072-02?utm_flashsale=1,MVW 43 mm Nam MS072-02,Nguyễn Trọng Huỳnh,1
dong-ho-nam-mvw-ms072-02?utm_flashsale=1,MVW 43 mm Nam MS072-02,Anh Trọng,4
dong-ho-nam-mvw-ms072-02?utm_flashsale=1,MVW 43 mm Nam MS072-02,Huỳnh Ngọc Yến,4
dong-ho-nam-mvw-ms072-02?utm_flashsale=1,MVW 43 mm Nam MS072-02,Phạm Tuấn Anh,3
dong-ho-nam-mvw-ms072-02?utm_flashsale=1,MVW 43 mm Nam MS072-02,Nina Nguyễn,5
dong-ho-nam-mvw-ms072-02?utm_flashsale=1,MVW 43 mm Nam MS072-02,Anh Pha,5
dong-ho-nam-mvw-ms072-02?utm_flashsale=1,MVW 43 mm Nam MS072-02,Thanh,4
dong-ho-nam-mvw-ms072-02?utm_flashsale=1,MVW 43 mm Nam MS072-02,Đinh Văn Lợi,5
dong-ho-nam-mvw-ms072-02?utm_flashsale=1,MVW 43 mm Nam MS072-02,Anh Thiên,5
dong-ho-nam-mvw-ms072-02?utm_flashsale=1,MVW 43 mm Nam MS072-02,SƠN . ÚT,5
dong-ho-nam-mvw-ms072-02?utm_flashsale=1,MVW 43 mm Nam MS072-02,Vòng Vểnh Hìn,5
dong-ho-nam-mvw-ms072-02?utm_flashsale=1,MVW 43 mm Nam MS072-02,Nguyễn Thị Duyên,5
dong-ho-nam-mvw-ms072-02?utm_flashsale=1,MVW 43 mm Nam MS072-02,Kha,5
dong-ho-nam-mvw-ms072-02?utm_flashsale=1,MVW 43 mm Nam MS072-02,Thạch Duyên Hải,5
dong-ho-nam-mvw-ml065-01?utm_flashsale=1,MVW 42 mm Nam ML065-01,Nguyễn Chí Thanh,1
dong-ho-nam-mvw-ml065-01?utm_flashsale=1,MVW 42 mm Nam ML065-01,Võ Văn Lắm,5
dong-ho-nam-mvw-ml065-01?utm_flashsale=1,MVW 42 mm Nam ML065-01,HOÀNG HỮU DUY,2
dong-ho-nam-mvw-ml065-01?utm_flashsale=1,MVW 42 mm Nam ML065-01,Anh Tiến,5
dong-ho-nam-mvw-ml065-01?utm_flashsale=1,MVW 42 mm Nam ML065-01,Nguyễn Thị Thanh Thuý,3
dong-ho-nam-mvw-ml065-01?utm_flashsale=1,MVW 42 mm Nam ML065-01,Võ Hiếu Huy,5
dong-ho-nam-mvw-ml065-01?utm_flashsale=1,MVW 42 mm Nam ML065-01,Thu,1
dong-ho-nam-mvw-ml065-01?utm_flashsale=1,MVW 42 mm Nam ML065-01,Bien,4
dong-ho-nam-mvw-ml065-01?utm_flashsale=1,MVW 42 mm Nam ML065-01,66756 - Trương Văn Thành,5
dong-ho-nam-mvw-ml065-01?utm_flashsale=1,MVW 42 mm Nam ML065-01,Nguyễn Linh,5
dong-ho-nam-mvw-ml065-01?utm_flashsale=1,MVW 42 mm Nam ML065-01,Anh Tường,5
dong-ho-nam-mvw-ml065-01?utm_flashsale=1,MVW 42 mm Nam ML065-01,Trần Nhiên Đăng,5
dong-ho-nam-mvw-ml065-01?utm_flashsale=1,MVW 42 mm Nam ML065-01,Nguyen Van Nghia,4
dong-ho-nam-mvw-ml065-01?utm_flashsale=1,MVW 42 mm Nam ML065-01,Nguyễn Văn Long,5
dong-ho-nam-mvw-ml065-01?utm_flashsale=1,MVW 42 mm Nam ML065-01,Trần Lê,5
dong-ho-nam-mvw-ml065-01?utm_flashsale=1,MVW 42 mm Nam ML065-01,Đỗ Thái Sơn,5
dong-ho-nam-mvw-ml065-01?utm_flashsale=1,MVW 42 mm Nam ML065-01,Phạm Quốc Cường,5
dong-ho-nam-mvw-ml065-01?utm_flashsale=1,MVW 42 mm Nam ML065-01,Lê Đại Thắng,2
dong-ho-nam-mvw-ml065-01?utm_flashsale=1,MVW 42 mm Nam ML065-01,Võ Minh Tiến,5
dong-ho-nam-mvw-ml065-01?utm_flashsale=1,MVW 42 mm Nam ML065-01,AnhKhoa,5
elio-es091-01-nu?utm_flashsale=1,ELIO 32 mm Nữ ES091-01,Chị Hiền,5
elio-es091-01-nu?utm_flashsale=1,ELIO 32 mm Nữ ES091-01,Kim Lợi,5
elio-es091-01-nu?utm_flashsale=1,ELIO 32 mm Nữ ES091-01,Trân,4
elio-es091-01-nu?utm_flashsale=1,ELIO 32 mm Nữ ES091-01,KHtiktok,5
elio-es091-01-nu?utm_flashsale=1,ELIO 32 mm Nữ ES091-01,Chị Ngân,3
elio-es091-01-nu?utm_flashsale=1,ELIO 32 mm Nữ ES091-01,Võ Thị Hồng Vân,4
elio-es091-01-nu?utm_flashsale=1,ELIO 32 mm Nữ ES091-01,Cẩm Loan,5
elio-es091-01-nu?utm_flashsale=1,ELIO 32 mm Nữ ES091-01,NGUYEN THI HONG YEN,5
elio-es091-01-nu?utm_flashsale=1,ELIO 32 mm Nữ ES091-01,Chị Sáu,4
elio-es091-01-nu?utm_flashsale=1,ELIO 32 mm Nữ ES091-01,Nguyễn Thị Lưu Loan,4
elio-es091-01-nu?utm_flashsale=1,ELIO 32 mm Nữ ES091-01,Lường Tuấn,5
elio-es091-01-nu?utm_flashsale=1,ELIO 32 mm Nữ ES091-01,Lê,4
elio-es091-01-nu?utm_flashsale=1,ELIO 32 mm Nữ ES091-01,Quách Cao Tú,4
elio-es091-01-nu?utm_flashsale=1,ELIO 32 mm Nữ ES091-01,Nguyễn Thị Thu Hoài,5
elio-es091-01-nu?utm_flashsale=1,ELIO 32 mm Nữ ES091-01,Trần Tuấn Dũng,5
elio-es091-01-nu?utm_flashsale=1,ELIO 32 mm Nữ ES091-01,Anh Toàn,5
elio-es091-01-nu?utm_flashsale=1,ELIO 32 mm Nữ ES091-01,Chị Vũ,3
elio-es091-01-nu?utm_flashsale=1,ELIO 32 mm Nữ ES091-01,Nguyễn Quốc Cường,4
elio-es091-01-nu?utm_flashsale=1,ELIO 32 mm Nữ ES091-01,Ngô Thanh Thương,4
elio-es091-01-nu?utm_flashsale=1,ELIO 32 mm Nữ ES091-01,Lê Na,5
elio-es091-01-nu?utm_flashsale=1,ELIO 32 mm Nữ ES091-01,My,5
q-q-s279j302y-nu?utm_flashsale=1,Q&Q 30 mm Nữ S279J302Y,Trần Đỗ Lâm Bình,5
q-q-s279j302y-nu?utm_flashsale=1,Q&Q 30 mm Nữ S279J302Y,Thủy Trần,4
q-q-s279j302y-nu?utm_flashsale=1,Q&Q 30 mm Nữ S279J302Y,Chị Phượng,1
q-q-s279j302y-nu?utm_flashsale=1,Q&Q 30 mm Nữ S279J302Y,Anh Trà,5
q-q-s279j302y-nu?utm_flashsale=1,Q&Q 30 mm Nữ S279J302Y,Kiên,3
q-q-s279j302y-nu?utm_flashsale=1,Q&Q 30 mm Nữ S279J302Y,Thúy An,5
q-q-s283j212y-nu?utm_flashsale=1,Q&Q 30 mm Nữ S283J212Y,Anh Hoàng An,5
q-q-s283j212y-nu?utm_flashsale=1,Q&Q 30 mm Nữ S283J212Y,Hà Tuấn Hiệp,5
q-q-s283j212y-nu?utm_flashsale=1,Q&Q 30 mm Nữ S283J212Y,Nguyễn Ngọc Sang,4
q-q-s283j212y-nu?utm_flashsale=1,Q&Q 30 mm Nữ S283J212Y,Hieu,5
q-q-s283j212y-nu?utm_flashsale=1,Q&Q 30 mm Nữ S283J212Y,LÝ PHƯỚC THỌ,5
q-q-s283j212y-nu?utm_flashsale=1,Q&Q 30 mm Nữ S283J212Y,Trần Đức Nhớ,4
q-q-s283j212y-nu?utm_flashsale=1,Q&Q 30 mm Nữ S283J212Y,75564 - Mã Thị Nhớ,5
q-q-s283j212y-nu?utm_flashsale=1,Q&Q 30 mm Nữ S283J212Y,Trân,5
q-q-s283j212y-nu?utm_flashsale=1,Q&Q 30 mm Nữ S283J212Y,Châu,4
q-q-s283j212y-nu?utm_flashsale=1,Q&Q 30 mm Nữ S283J212Y,Nguyễn Ngọc Trung,3
elio-ec011-01-nam?utm_flashsale=1,ELIO 41 mm Nam EC011-01,Khang,5
elio-ec011-01-nam?utm_flashsale=1,ELIO 41 mm Nam EC011-01,Nguyễn Thị Lụa,5
elio-ec011-01-nam?utm_flashsale=1,ELIO 41 mm Nam EC011-01,CAM HONG PHUONG,5
elio-ec011-01-nam?utm_flashsale=1,ELIO 41 mm Nam EC011-01,Anh Mẫn,5
elio-ec011-01-nam?utm_flashsale=1,ELIO 41 mm Nam EC011-01,Anh Ôn,5
elio-ec011-01-nam?utm_flashsale=1,ELIO 41 mm Nam EC011-01,Lê Thọ Phúc,4
elio-ec011-01-nam?utm_flashsale=1,ELIO 41 mm Nam EC011-01,Huấn,5
elio-ec011-01-nam?utm_flashsale=1,ELIO 41 mm Nam EC011-01,Việt,4
elio-ec011-01-nam?utm_flashsale=1,ELIO 41 mm Nam EC011-01,Nguyễn Thế Huy,4
elio-ec011-01-nam?utm_flashsale=1,ELIO 41 mm Nam EC011-01,Dương Di,5
elio-ec011-01-nam?utm_flashsale=1,ELIO 41 mm Nam EC011-01,Dương Di,5
elio-ec011-01-nam?utm_flashsale=1,ELIO 41 mm Nam EC011-01,Phan Thanh Giang,4
elio-ec011-01-nam?utm_flashsale=1,ELIO 41 mm Nam EC011-01,Chị Hiền,4
elio-ec011-01-nam?utm_flashsale=1,ELIO 41 mm Nam EC011-01,Mai,3
elio-ec011-01-nam?utm_flashsale=1,ELIO 41 mm Nam EC011-01,Nguyễn Ân,5
elio-ec012-01-nam?utm_flashsale=1,ELIO 41 mm Nam EC012-01,Trần Đức Thuận,5
elio-ec012-01-nam?utm_flashsale=1,ELIO 41 mm Nam EC012-01,NGUYỄN HỮU XUÂN,5
elio-ec012-01-nam?utm_flashsale=1,ELIO 41 mm Nam EC012-01,Lê Quốc Hơn,5
elio-ec012-01-nam?utm_flashsale=1,ELIO 41 mm Nam EC012-01,Thân Thị Chúc Ly,5
elio-ec012-01-nam?utm_flashsale=1,ELIO 41 mm Nam EC012-01,Vy,2
elio-ec012-01-nam?utm_flashsale=1,ELIO 41 mm Nam EC012-01,Phạm Thị Tình,4
elio-ec012-01-nam?utm_flashsale=1,ELIO 41 mm Nam EC012-01,Cô Khuyên,5
elio-ec012-01-nam?utm_flashsale=1,ELIO 41 mm Nam EC012-01,Nguyễn Thanh Lâm,4
elio-ec012-01-nam?utm_flashsale=1,ELIO 41 mm Nam EC012-01,Chị Tươi,5
elio-ec012-01-nam?utm_flashsale=1,ELIO 41 mm Nam EC012-01,Việt,5
elio-ec012-01-nam?utm_flashsale=1,ELIO 41 mm Nam EC012-01,TRẦN THÁI AN,5
elio-ec012-01-nam?utm_flashsale=1,ELIO 41 mm Nam EC012-01,Lý Thị Tấm,4
elio-ec005-02-nu,ELIO 33 mm Nữ EC005-02,Tín,4
elio-ec005-02-nu,ELIO 33 mm Nữ EC005-02,Bèo,5
elio-ec005-02-nu,ELIO 33 mm Nữ EC005-02,Tú Trinh,5
elio-ec005-02-nu,ELIO 33 mm Nữ EC005-02,Nguyễn Thị Yến,4
elio-ec005-02-nu,ELIO 33 mm Nữ EC005-02,Cúc,5
elio-ec005-02-nu,ELIO 33 mm Nữ EC005-02,Lê Thị Thanh Nga,5
elio-ec005-02-nu,ELIO 33 mm Nữ EC005-02,Nguyễn Thị Minh Trang,5
elio-ec005-02-nu,ELIO 33 mm Nữ EC005-02,Ngô Thị Thanh,5
elio-ec005-02-nu,ELIO 33 mm Nữ EC005-02,Xuyên,5
elio-ec005-02-nu,ELIO 33 mm Nữ EC005-02,Trần Minh Đồng,4
elio-ec005-02-nu,ELIO 33 mm Nữ EC005-02,Nguyễn Văn Dương,5
elio-ec005-02-nu,ELIO 33 mm Nữ EC005-02,Oanh,4
elio-ec005-02-nu,ELIO 33 mm Nữ EC005-02,Tình,4
elio-ec005-02-nu,ELIO 33 mm Nữ EC005-02,Đức,5
elio-ec005-02-nu,ELIO 33 mm Nữ EC005-02,Phan Thuý Hoanh,4
elio-ec005-02-nu,ELIO 33 mm Nữ EC005-02,Ha Thi My Phượng,5
elio-ec005-02-nu,ELIO 33 mm Nữ EC005-02,Nguyễn Thị Phương Thảo,4
elio-ec005-02-nu,ELIO 33 mm Nữ EC005-02,Chị Hà,5
elio-ec005-02-nu,ELIO 33 mm Nữ EC005-02,Ngô Xuân Huy,5
elio-ec010-02-nu?utm_flashsale=1,ELIO Nàng Thơ 32 mm Nữ EC010-02,Trang,5
elio-ec010-02-nu?utm_flashsale=1,ELIO Nàng Thơ 32 mm Nữ EC010-02,Kim Huệ,5
elio-ec010-02-nu?utm_flashsale=1,ELIO Nàng Thơ 32 mm Nữ EC010-02,Anh Dương,5
elio-ec010-02-nu?utm_flashsale=1,ELIO Nàng Thơ 32 mm Nữ EC010-02,Trần Thị Ngân,5
elio-ec010-02-nu?utm_flashsale=1,ELIO Nàng Thơ 32 mm Nữ EC010-02,Ngô Nhật Vương,3
elio-ec010-02-nu?utm_flashsale=1,ELIO Nàng Thơ 32 mm Nữ EC010-02,Hương,5
elio-ec010-02-nu?utm_flashsale=1,ELIO Nàng Thơ 32 mm Nữ EC010-02,Trương Hồng Hà,5
elio-ec010-02-nu?utm_flashsale=1,ELIO Nàng Thơ 32 mm Nữ EC010-02,Tiên Phan,5
elio-ec010-02-nu?utm_flashsale=1,ELIO Nàng Thơ 32 mm Nữ EC010-02,Chị Trang,5
elio-ec010-02-nu?utm_flashsale=1,ELIO Nàng Thơ 32 mm Nữ EC010-02,Ngân,5
elio-ec010-02-nu?utm_flashsale=1,ELIO Nàng Thơ 32 mm Nữ EC010-02,Ngọc Bích,3
elio-ec010-02-nu?utm_flashsale=1,ELIO Nàng Thơ 32 mm Nữ EC010-02,NGUYỄN THỊ DIỄM,5
elio-ec010-02-nu?utm_flashsale=1,ELIO Nàng Thơ 32 mm Nữ EC010-02,Hiếu,4
smile-kid-sl084-02-tre-em?utm_flashsale=1,SMILE KID 37 mm Trẻ em SL084-02,TRẦN THỊ THÙY LINH,5
smile-kid-sl084-02-tre-em?utm_flashsale=1,SMILE KID 37 mm Trẻ em SL084-02,Nguyễn Văn Hưng,5
smile-kid-sl084-02-tre-em?utm_flashsale=1,SMILE KID 37 mm Trẻ em SL084-02,Trần Tấn Duy,5
smile-kid-sl084-02-tre-em?utm_flashsale=1,SMILE KID 37 mm Trẻ em SL084-02,Chị Ý,5
smile-kid-sl084-02-tre-em?utm_flashsale=1,SMILE KID 37 mm Trẻ em SL084-02,Võ Thị Thiên Lý,4
smile-kid-sl084-02-tre-em?utm_flashsale=1,SMILE KID 37 mm Trẻ em SL084-02,Chị Uyển,5
citizen-c7-nh8391-51e-nam,CITIZEN C7 40 mm Nam NH8391-51E,Nguyễn Ngọc Văn,5
citizen-c7-nh8391-51e-nam,CITIZEN C7 40 mm Nam NH8391-51E,Thanh,5
citizen-c7-nh8391-51e-nam,CITIZEN C7 40 mm Nam NH8391-51E,Nghĩa,5
citizen-c7-nh8391-51e-nam,CITIZEN C7 40 mm Nam NH8391-51E,Nhân,5
citizen-c7-nh8391-51e-nam,CITIZEN C7 40 mm Nam NH8391-51E,Quãng Thành Phương,5
citizen-c7-nh8391-51x-nam,CITIZEN C7 40 mm Nam NH8391-51X,Lê Minh Ngọc,5
citizen-c7-nh8391-51x-nam,CITIZEN C7 40 mm Nam NH8391-51X,Nguyen Long,5
citizen-c7-nh8391-51x-nam,CITIZEN C7 40 mm Nam NH8391-51X,Nguyễn Minh Dũng,5
citizen-c7-nh8391-51x-nam,CITIZEN C7 40 mm Nam NH8391-51X,Anh Dũng,5
citizen-c7-nh8391-51x-nam,CITIZEN C7 40 mm Nam NH8391-51X,Lê Văn Thái,5
citizen-c7-nh8391-51x-nam,CITIZEN C7 40 mm Nam NH8391-51X,Anh Sang,5
citizen-c7-nh8391-51x-nam,CITIZEN C7 40 mm Nam NH8391-51X,Anh Tâm,5
nakzen-ss9001g-1d-nam,NAKZEN 40 mm Nam SS9001G-1D,Chung,4
nakzen-ss9001g-1d-nam,NAKZEN 40 mm Nam SS9001G-1D,Thông,5
nakzen-ss9001g-1d-nam,NAKZEN 40 mm Nam SS9001G-1D,PHẠM MINH NHẬT,5
nakzen-ss9001g-1d-nam,NAKZEN 40 mm Nam SS9001G-1D,Đinh Công Tuyên,4
citizen-bm8553-16a-nam,CITIZEN 41 mm Nam BM8553-16A,Nguyễn Hữu Dũng,5
citizen-bm8553-16a-nam,CITIZEN 41 mm Nam BM8553-16A,Hiệp,3
elio-el107-02-nam?utm_flashsale=1,ELIO 40 mm Nam EL107-02,Minh Huyện,5
elio-el107-02-nam?utm_flashsale=1,ELIO 40 mm Nam EL107-02,Hiển Nhân,5
elio-el107-02-nam?utm_flashsale=1,ELIO 40 mm Nam EL107-02,An,5
elio-el107-02-nam?utm_flashsale=1,ELIO 40 mm Nam EL107-02,Tạ Quang Trung,5
elio-el107-02-nam?utm_flashsale=1,ELIO 40 mm Nam EL107-02,Quách Hoàng Kha,5
elio-el107-02-nam?utm_flashsale=1,ELIO 40 mm Nam EL107-02,Anh Hạnh,4
elio-el107-02-nam?utm_flashsale=1,ELIO 40 mm Nam EL107-02,Phú,1
elio-el107-02-nam?utm_flashsale=1,ELIO 40 mm Nam EL107-02,Linh,5
elio-el107-02-nam?utm_flashsale=1,ELIO 40 mm Nam EL107-02,Dương Chấn Ninh,3
elio-el107-02-nam?utm_flashsale=1,ELIO 40 mm Nam EL107-02,Trần Đức Luấn,4
elio-el107-02-nam?utm_flashsale=1,ELIO 40 mm Nam EL107-02,Hoàng Duy Phong,5
elio-el107-02-nam?utm_flashsale=1,ELIO 40 mm Nam EL107-02,Nguyễn Huỳnh Vĩnh Bảo,4
elio-el107-02-nam?utm_flashsale=1,ELIO 40 mm Nam EL107-02,Nguyễn Thị Mai Anh,4
elio-el107-02-nam?utm_flashsale=1,ELIO 40 mm Nam EL107-02,Võ Đức Minh,4
elio-el098-03-nu,ELIO 30 mm Nữ EL098-03,Lê Duyên,5
elio-el098-03-nu,ELIO 30 mm Nữ EL098-03,Lê,4
elio-el098-03-nu,ELIO 30 mm Nữ EL098-03,Anh Thắng,4
elio-el098-03-nu,ELIO 30 mm Nữ EL098-03,Chị Thảo,4
elio-es115-01-nu,ELIO Nàng Thơ 30 mm Nữ ES115-01,Lâm Thị Mộng Kha,5
elio-es115-01-nu,ELIO Nàng Thơ 30 mm Nữ ES115-01,Nguyễn Thanh Dược,5
elio-es115-01-nu,ELIO Nàng Thơ 30 mm Nữ ES115-01,Chị Tuyết,4
elio-es115-01-nu,ELIO Nàng Thơ 30 mm Nữ ES115-01,Nguyễn Thị Diệu,5
elio-es115-01-nu,ELIO Nàng Thơ 30 mm Nữ ES115-01,PHAN HỒNG THUỶ,5
elio-es115-01-nu,ELIO Nàng Thơ 30 mm Nữ ES115-01,Hồ Ngọc Minh Tâm,4
elio-es115-01-nu,ELIO Nàng Thơ 30 mm Nữ ES115-01,LE QUANG PHUC,3
elio-es115-01-nu,ELIO Nàng Thơ 30 mm Nữ ES115-01,Nam,5
elio-es116-01-nu?utm_flashsale=1,ELIO 31 mm Nữ ES116-01,Phạm Kiều Diễm,4
elio-es116-01-nu?utm_flashsale=1,ELIO 31 mm Nữ ES116-01,Chị Huyền,5
elio-es116-01-nu?utm_flashsale=1,ELIO 31 mm Nữ ES116-01,Đặng Thị Hồng Nhựt,5
elio-es116-01-nu?utm_flashsale=1,ELIO 31 mm Nữ ES116-01,Minh,5
elio-es116-01-nu?utm_flashsale=1,ELIO 31 mm Nữ ES116-01,Nguyễn Đình Quốc,4
elio-es117-02-nu,ELIO 30 mm Nữ ES117-02,Yến,5
elio-es117-02-nu,ELIO 30 mm Nữ ES117-02,Phuong Uyen,5
elio-es117-02-nu,ELIO 30 mm Nữ ES117-02,Diễm Thuý,5
elio-es117-02-nu,ELIO 30 mm Nữ ES117-02,Nguyên,5
elio-es117-02-nu,ELIO 30 mm Nữ ES117-02,NGUYỄN THỊ NGỌC ÁNH,5
elio-es118-02-nu,ELIO 34 mm Nữ ES118-02,BÙI THỊ HUỆ,5
elio-es118-02-nu,ELIO 34 mm Nữ ES118-02,Trương Lê Bửu Ngọc,5
elio-es118-02-nu,ELIO 34 mm Nữ ES118-02,NGUYỄN THỊ MỸ NGỌC,5
elio-es118-02-nu,ELIO 34 mm Nữ ES118-02,Minh Thúy,5
elio-es118-02-nu,ELIO 34 mm Nữ ES118-02,Vinh,5
elio-es118-02-nu,ELIO 34 mm Nữ ES118-02,Tăng Rinh,4
elio-es118-02-nu,ELIO 34 mm Nữ ES118-02,Ngân,5
elio-es118-02-nu,ELIO 34 mm Nữ ES118-02,Cơ,3
elio-es118-02-nu,ELIO 34 mm Nữ ES118-02,Huỳnh Nhựt Khánh ( Ko Xuất Hđ Cty),5
elio-es119-02-nu,ELIO Flower 30 mm Nữ ES119-02,Tú,1
elio-es119-02-nu,ELIO Flower 30 mm Nữ ES119-02,Bảo,5
elio-es119-02-nu,ELIO Flower 30 mm Nữ ES119-02,Hương,5
elio-es119-02-nu,ELIO Flower 30 mm Nữ ES119-02,PHAM THI MINH THU,4
elio-es119-02-nu,ELIO Flower 30 mm Nữ ES119-02,Ngan,5
elio-es119-02-nu,ELIO Flower 30 mm Nữ ES119-02,Lê Thụy Thanh Trúc,5
elio-es119-02-nu,ELIO Flower 30 mm Nữ ES119-02,Huyền,4
elio-es119-02-nu,ELIO Flower 30 mm Nữ ES119-02,Lê Thúy Nga,4
elio-es119-02-nu,ELIO Flower 30 mm Nữ ES119-02,Linh Heo,4
elio-es120-01-nu,ELIO Flower 30 mm Nữ ES120-01,Bùi Văn Giới,4
elio-es120-01-nu,ELIO Flower 30 mm Nữ ES120-01,HUỲNH THỊ THẮM,4
elio-es120-01-nu,ELIO Flower 30 mm Nữ ES120-01,Thảo,3
elio-es120-01-nu,ELIO Flower 30 mm Nữ ES120-01,Cô Vân,5
elio-es120-02-nu,ELIO Flower 30 mm Nữ ES120-02,Văn Phúc,4
elio-es120-02-nu,ELIO Flower 30 mm Nữ ES120-02,Nguyễn Thu Hà,5
elio-es120-02-nu,ELIO Flower 30 mm Nữ ES120-02,Hà Đức Huy,4
elio-es120-02-nu,ELIO Flower 30 mm Nữ ES120-02,Trần Ngọc Hoa,5
elio-es120-02-nu,ELIO Flower 30 mm Nữ ES120-02,Lê Thị Thanh Thảo,4
elio-es120-02-nu,ELIO Flower 30 mm Nữ ES120-02,Chi Thu,4
elio-el110-02-nu?utm_flashsale=1,ELIO 29 mm Nữ EL110-02,Thanh Ngân,5
elio-el110-02-nu?utm_flashsale=1,ELIO 29 mm Nữ EL110-02,TRẦN LỆ TRÚC SƯƠNG,5
elio-el110-02-nu?utm_flashsale=1,ELIO 29 mm Nữ EL110-02,Thanh Thuý,5
elio-el110-02-nu?utm_flashsale=1,ELIO 29 mm Nữ EL110-02,Thanh Thuý,5
mvw-ms076-01-nam?utm_flashsale=1,MVW 40 mm Nam MS076-01,Trần Thị Diệp,5
mvw-ms076-01-nam?utm_flashsale=1,MVW 40 mm Nam MS076-01,Trịnh Đình Chung,4
mvw-ms076-01-nam?utm_flashsale=1,MVW 40 mm Nam MS076-01,Nguyễn Ngọc Sáng,4
mvw-ms076-01-nam?utm_flashsale=1,MVW 40 mm Nam MS076-01,Anh Sự,4
mvw-ms076-01-nam?utm_flashsale=1,MVW 40 mm Nam MS076-01,Phạm Hiếu,5
mvw-ms076-01-nam?utm_flashsale=1,MVW 40 mm Nam MS076-01,Hải,5
mvw-ms076-01-nam?utm_flashsale=1,MVW 40 mm Nam MS076-01,CAO THỊ BÍCH VÂN,4
mvw-ms076-01-nam?utm_flashsale=1,MVW 40 mm Nam MS076-01,Nguyễn Thị Vân,5
mvw-ms076-01-nam?utm_flashsale=1,MVW 40 mm Nam MS076-01,HỒ THUỶ THUỲ GẤM,4
mvw-ms076-01-nam?utm_flashsale=1,MVW 40 mm Nam MS076-01,Nhân,5
mvw-ms078-02-nam?utm_flashsale=1,MVW 39.6 mm Nam MS078-02,A Hưng,1
mvw-ms078-02-nam?utm_flashsale=1,MVW 39.6 mm Nam MS078-02,Võ Minh Tâm,4
mvw-ms078-02-nam?utm_flashsale=1,MVW 39.6 mm Nam MS078-02,Huỳnh Thị Thanh Hoa,5
mvw-ms078-02-nam?utm_flashsale=1,MVW 39.6 mm Nam MS078-02,Nguyễn Minh Sơn,4
mvw-ms078-02-nam?utm_flashsale=1,MVW 39.6 mm Nam MS078-02,Mai Hoàng Hên,5
mvw-ms078-02-nam?utm_flashsale=1,MVW 39.6 mm Nam MS078-02,Phùng Gia Huy,4
mvw-ms081-01-nam,MVW 41 mm Nam MS081-01,Vũ Ngọc Huy,4
mvw-ms081-01-nam,MVW 41 mm Nam MS081-01,Nhân,5
mvw-ms081-01-nam,MVW 41 mm Nam MS081-01,Chị Linh,4
mvw-ms081-01-nam,MVW 41 mm Nam MS081-01,Lê Nguyễn,3
mvw-ms081-01-nam,MVW 41 mm Nam MS081-01,Anh Đoàn,5
mvw-ms081-01-nam,MVW 41 mm Nam MS081-01,Anh Thành,2
mvw-ms081-01-nam,MVW 41 mm Nam MS081-01,NGUYỄN THỊ MINH TUYẾT,5
mvw-ms081-01-nam,MVW 41 mm Nam MS081-01,Nguyễn Ngọc Đức Tú,5
mvw-ms081-01-nam,MVW 41 mm Nam MS081-01,Ma Chương Thắng,5
mvw-ms081-01-nam,MVW 41 mm Nam MS081-01,Nguyễn Văn Sỹ,4
mvw-ml066-03-nam?utm_flashsale=1,MVW Sport 42 mm Nam ML066-03,Ngô Thanh Sơn,3
mvw-ml066-03-nam?utm_flashsale=1,MVW Sport 42 mm Nam ML066-03,Phạm Thiện Tâm,5
mvw-ml066-03-nam?utm_flashsale=1,MVW Sport 42 mm Nam ML066-03,Thảo,5
mvw-ml066-03-nam?utm_flashsale=1,MVW Sport 42 mm Nam ML066-03,Dung,5
mvw-ml066-03-nam?utm_flashsale=1,MVW Sport 42 mm Nam ML066-03,Nguyễn Văn Thanh Nguyên,5
mvw-ml066-03-nam?utm_flashsale=1,MVW Sport 42 mm Nam ML066-03,Nguyễn Xuân Đắc,4
mvw-ml066-03-nam?utm_flashsale=1,MVW Sport 42 mm Nam ML066-03,Hoài Nam,5
mvw-ml066-03-nam?utm_flashsale=1,MVW Sport 42 mm Nam ML066-03,Anh Minh,5
mvw-ml066-03-nam?utm_flashsale=1,MVW Sport 42 mm Nam ML066-03,ĐẶNG HUỲNH CÔNG LÝ,5
mvw-ml066-03-nam?utm_flashsale=1,MVW Sport 42 mm Nam ML066-03,Nguyễn Anh Quý,4
mvw-ml066-03-nam?utm_flashsale=1,MVW Sport 42 mm Nam ML066-03,Anh Hải,4
mvw-ml068-01-nam?utm_flashsale=1,MVW 41 mm Nam ML068-01,Tào Thị Thuỳ Dung,5
mvw-ml068-01-nam?utm_flashsale=1,MVW 41 mm Nam ML068-01,Dương Tuấn Kiệt,5
mvw-ml068-01-nam?utm_flashsale=1,MVW 41 mm Nam ML068-01,Võ Quốc An,5
mvw-ml068-01-nam?utm_flashsale=1,MVW 41 mm Nam ML068-01,Võ Ngọc Tỉnh,5
mvw-ml068-01-nam?utm_flashsale=1,MVW 41 mm Nam ML068-01,Lê Khắc Trung,3
mvw-ml068-01-nam?utm_flashsale=1,MVW 41 mm Nam ML068-01,Vũ,5
mvw-ml068-01-nam?utm_flashsale=1,MVW 41 mm Nam ML068-01,Hương,5
mvw-ml068-01-nam?utm_flashsale=1,MVW 41 mm Nam ML068-01,DƯƠNG THỊ HỒNG VÂN,5
mvw-ml068-01-nam?utm_flashsale=1,MVW 41 mm Nam ML068-01,VŨ MINH QUANG,5
mvw-ml068-01-nam?utm_flashsale=1,MVW 41 mm Nam ML068-01,Phan Văn Vinh,5
mvw-ml068-01-nam?utm_flashsale=1,MVW 41 mm Nam ML068-01,Nguyễn Ngọc Ngân,4
mvw-ml068-01-nam?utm_flashsale=1,MVW 41 mm Nam ML068-01,Le Thi Cam Giang,4
mvw-ms079-02-nam,MVW 41 mm Nam MS079-02,Phạm Thị Thu Thảo,4
mvw-ms079-02-nam,MVW 41 mm Nam MS079-02,Bùi Hoàng Thành,5
mvw-ms079-02-nam,MVW 41 mm Nam MS079-02,Chị Thanh,5
mvw-ms079-02-nam,MVW 41 mm Nam MS079-02,Nguyễn Xuân Vũ,5
mvw-ms079-02-nam,MVW 41 mm Nam MS079-02,Lê Hữu Trung,3
mvw-ms079-02-nam,MVW 41 mm Nam MS079-02,Nguyễn Thanh Hồ,5
mvw-ms079-02-nam,MVW 41 mm Nam MS079-02,NGUYỄN VĂN NGUYÊN,4
mvw-ms079-02-nam,MVW 41 mm Nam MS079-02,Trần Quốc Vĩnh,5
mvw-ms079-02-nam,MVW 41 mm Nam MS079-02,Lê Công Giàu,4
g-shock-gm-s2100b-8adr-nu,G-SHOCK 2100 40.4 mm Nữ GM-S2100B-8ADR,Trương Hiếu,5
g-shock-gm-s2100b-8adr-nu,G-SHOCK 2100 40.4 mm Nữ GM-S2100B-8ADR,Nguyễn Hồng Khuyên,5
g-shock-gm-s2100b-8adr-nu,G-SHOCK 2100 40.4 mm Nữ GM-S2100B-8ADR,Nguyễn Mạnh Cường,5
g-shock-gm-s2100b-8adr-nu,G-SHOCK 2100 40.4 mm Nữ GM-S2100B-8ADR,Anh Tú,5
mvw-ml071-01-nam?utm_flashsale=1,MVW Sport 41 mm Nam ML071-01,Lê Kỹ,4
mvw-ml071-01-nam?utm_flashsale=1,MVW Sport 41 mm Nam ML071-01,Anh Nhân,5
mvw-ml071-01-nam?utm_flashsale=1,MVW Sport 41 mm Nam ML071-01,NGUYỄN THỊ THÙY DƯƠNG,5
mvw-ml071-01-nam?utm_flashsale=1,MVW Sport 41 mm Nam ML071-01,Đỗ Đình Tiến,4
mvw-ml071-01-nam?utm_flashsale=1,MVW Sport 41 mm Nam ML071-01,Anh Toàn,4
mvw-ml071-01-nam?utm_flashsale=1,MVW Sport 41 mm Nam ML071-01,Đoàn Thanh Vĩ,5
mvw-ml071-01-nam?utm_flashsale=1,MVW Sport 41 mm Nam ML071-01,NGUYỄN TRƯỜNG VIÊN,5
mvw-ml071-01-nam?utm_flashsale=1,MVW Sport 41 mm Nam ML071-01,Xuân Lâm,4
mvw-ml071-01-nam?utm_flashsale=1,MVW Sport 41 mm Nam ML071-01,Hiền,4
mvw-ml071-01-nam?utm_flashsale=1,MVW Sport 41 mm Nam ML071-01,Linh,5
elio-el116-02-nam?utm_flashsale=1,ELIO 41 mm Nam EL116-02,LÙ VĂN BẮC,5
elio-el116-02-nam?utm_flashsale=1,ELIO 41 mm Nam EL116-02,Nguyễn Mạnh Hùng,5
elio-el116-02-nam?utm_flashsale=1,ELIO 41 mm Nam EL116-02,Lương Út Trinh,5
elio-el116-02-nam?utm_flashsale=1,ELIO 41 mm Nam EL116-02,TRƯƠNG THỊ PHƯỢNG LIÊN,4
elio-el116-02-nam?utm_flashsale=1,ELIO 41 mm Nam EL116-02,Thúy Vân,5
elio-el116-02-nam?utm_flashsale=1,ELIO 41 mm Nam EL116-02,A Thành,5
elio-el116-02-nam?utm_flashsale=1,ELIO 41 mm Nam EL116-02,Lê Hữu Nhân,5
elio-el117-02-nu,ELIO 30 mm Nữ EL117-02,Lù Văn Bắc,5
elio-el117-02-nu,ELIO 30 mm Nữ EL117-02,Nguyễn Thị Hoàng Ngân,5
elio-el117-02-nu,ELIO 30 mm Nữ EL117-02,Nguyễn Việt Khải,5
elio-el121-02-nu?utm_flashsale=1,ELIO Flower 33 mm Nữ EL121-02,NGUYỄN VĂN KHÁNH,5
elio-el121-02-nu?utm_flashsale=1,ELIO Flower 33 mm Nữ EL121-02,Chị Uyên,4
elio-el121-02-nu?utm_flashsale=1,ELIO Flower 33 mm Nữ EL121-02,Hằng,5
elio-el123-02-nu,ELIO Flower 35 mm Nữ EL123-02,Lê Thu Trang,5
elio-el123-02-nu,ELIO Flower 35 mm Nữ EL123-02,Linh,5
elio-el123-02-nu,ELIO Flower 35 mm Nữ EL123-02,NGUYỄN THỊ MỸ TIÊN,4
elio-el123-02-nu,ELIO Flower 35 mm Nữ EL123-02,Phạm Tiến Sang,4
elio-el123-02-nu,ELIO Flower 35 mm Nữ EL123-02,Vũ Thị Hương,5
elio-el123-02-nu,ELIO Flower 35 mm Nữ EL123-02,Nữa,4
elio-el123-02-nu,ELIO Flower 35 mm Nữ EL123-02,Tâm,5
elio-el123-02-nu,ELIO Flower 35 mm Nữ EL123-02,Anh Thanh,4
elio-es129-02-nu,ELIO 28.5 mm Nữ ES129-02,Chrưm Thị Chu,5
elio-es129-02-nu,ELIO 28.5 mm Nữ ES129-02,HUỲNH THỊ THÚY AN,4
elio-es129-02-nu,ELIO 28.5 mm Nữ ES129-02,Pham Ngoc Han,5
elio-es129-02-nu,ELIO 28.5 mm Nữ ES129-02,Trương Thị Dung,4
citizen-ca7060-88e-nam,CITIZEN 42 mm Nam CA7060-88E,A Trung,4
citizen-ca7060-88e-nam,CITIZEN 42 mm Nam CA7060-88E,Tuấn,1
citizen-ca7060-88e-nam,CITIZEN 42 mm Nam CA7060-88E,NGUYỄN TUẤN KIỆT,4
citizen-em0500-73a-nu?utm_flashsale=1,CITIZEN 32 mm Nữ EM0500-73A,Đông,5
citizen-em0500-73a-nu?utm_flashsale=1,CITIZEN 32 mm Nữ EM0500-73A,Chị Tuyết,5
citizen-em0500-73a-nu?utm_flashsale=1,CITIZEN 32 mm Nữ EM0500-73A,Trần Thị Mai Ann,4
citizen-em0500-73a-nu?utm_flashsale=1,CITIZEN 32 mm Nữ EM0500-73A,Chị Hằng,4
citizen-em0506-77a-nu,CITIZEN 32 mm Nữ EM0506-77A,Bùi Thị Tuyết Hồng,5
citizen-em0506-77a-nu,CITIZEN 32 mm Nữ EM0506-77A,Chị Huệ,5
citizen-em0890-85l-nu,CITIZEN 30.5 mm Nữ EM0890-85L,Huỳnh Thị Hồng Linh,5
citizen-em0890-85l-nu,CITIZEN 30.5 mm Nữ EM0890-85L,Chị Điệp,4
citizen-em0990-81y-nu,CITIZEN L 28 mm Nữ EM0990-81Y,Nguyễn Thị Tú Trinh,5
citizen-em0990-81y-nu,CITIZEN L 28 mm Nữ EM0990-81Y,Chị Chi,4
citizen-em0990-81y-nu,CITIZEN L 28 mm Nữ EM0990-81Y,Anh Phó,5
citizen-em0990-81y-nu,CITIZEN L 28 mm Nữ EM0990-81Y,Khải,4
mvw-ms084-01-nam,MVW 40 mm Nam MS084-01,Trần Quốc Dũng,3
mvw-ms084-01-nam,MVW 40 mm Nam MS084-01,HÀ NGỌC VĨNH,3
mvw-ms084-01-nam,MVW 40 mm Nam MS084-01,Lê Hoàng Minh,5
mvw-ms084-01-nam,MVW 40 mm Nam MS084-01,Tô Văn Huy,5
mvw-ms084-01-nam,MVW 40 mm Nam MS084-01,Chau Kim Sal,5
mvw-ms084-01-nam,MVW 40 mm Nam MS084-01,NGUYỄN THỊ HUYỀN,5
mvw-ms084-01-nam,MVW 40 mm Nam MS084-01,Anh Chánh,4
mvw-ms084-01-nam,MVW 40 mm Nam MS084-01,Lê Hoàng Minh,5
elio-ec016-01-nam?utm_flashsale=1,ELIO 42 mm Nam EC016-01,E Huy,5
elio-ec016-01-nam?utm_flashsale=1,ELIO 42 mm Nam EC016-01,BÙI THỊ DIỄM MY,5
elio-ec016-01-nam?utm_flashsale=1,ELIO 42 mm Nam EC016-01,Trần Thị Bách Thảo,5
elio-es130-03-nu,ELIO 32 mm Nữ ES130-03,Nguyễn Thị Xuân Oanh,5
elio-es130-03-nu,ELIO 32 mm Nữ ES130-03,Trần Thị Thu Hòa,5
elio-es130-03-nu,ELIO 32 mm Nữ ES130-03,Anh Quyết,4
elio-es130-03-nu,ELIO 32 mm Nữ ES130-03,Chị Thu,5
elio-es130-03-nu,ELIO 32 mm Nữ ES130-03,PHẠM THỊ ÁNH TUYẾT,4
elio-es130-03-nu,ELIO 32 mm Nữ ES130-03,Mai Sang,4
elio-es130-03-nu,ELIO 32 mm Nữ ES130-03,Lương Thị Nhàn,5
elio-el127-05-nu,ELIO 35.2 mm Nữ EL127-05,VÕ THỊ HỒNG ÂN,5
elio-el127-05-nu,ELIO 35.2 mm Nữ EL127-05,Nguyễn Thị Giang,5
elio-el127-05-nu,ELIO 35.2 mm Nữ EL127-05,Liên,5
elio-el127-05-nu,ELIO 35.2 mm Nữ EL127-05,Nguyễn Thanh,5
elio-el127-05-nu,ELIO 35.2 mm Nữ EL127-05,Lê Thị Trúc Như,5
elio-el126-02-nu,ELIO 30.5 mm Nữ EL126-02,BÙI HUỲNH NHƯ,5
elio-el126-02-nu,ELIO 30.5 mm Nữ EL126-02,C Tính,5
elio-el126-02-nu,ELIO 30.5 mm Nữ EL126-02,Duy Anh,5
elio-el126-02-nu,ELIO 30.5 mm Nữ EL126-02,Chị Hoa,5
elio-el124-03-nu,ELIO 28.5 mm Nữ EL124-03,Thoại,5
elio-el124-03-nu,ELIO 28.5 mm Nữ EL124-03,Chị Diễm,5
elio-el124-03-nu,ELIO 28.5 mm Nữ EL124-03,Bùi Thị Kỳ Duyên,5
elio-el124-03-nu,ELIO 28.5 mm Nữ EL124-03,Đồng Thị Ngọc Diễm,5
elio-el128-03-nu,ELIO Ngày có em 32 mm Nữ EL128-03,Anh Thắng,5
elio-el128-03-nu,ELIO Ngày có em 32 mm Nữ EL128-03,Chế Ly,4
elio-el128-03-nu,ELIO Ngày có em 32 mm Nữ EL128-03,Lâm Quốc Cường,5
elio-el128-03-nu,ELIO Ngày có em 32 mm Nữ EL128-03,Trần Nguyễn Thanh Giang,5
elio-el128-03-nu,ELIO Ngày có em 32 mm Nữ EL128-03,Phạm Thị Hoa,4
elio-el129-03-nu,ELIO Flower 32 mm Nữ EL129-03,Hiền,4
elio-el129-03-nu,ELIO Flower 32 mm Nữ EL129-03,HÀ LAN HƯƠNG,5
elio-el129-03-nu,ELIO Flower 32 mm Nữ EL129-03,Công Ty TNHH YBI Việt Nam,5
elio-el129-03-nu,ELIO Flower 32 mm Nữ EL129-03,Trần Ngọc Hà,5
elio-ec022-02-nu,ELIO 29 mm Nữ EC022-02,Võ Linh Tâm,2
elio-ec022-02-nu,ELIO 29 mm Nữ EC022-02,Kim Ngân,5
elio-ec022-02-nu,ELIO 29 mm Nữ EC022-02,Nhi,5
elio-ec022-02-nu,ELIO 29 mm Nữ EC022-02,Võ Châu Phát,5
elio-ec022-02-nu,ELIO 29 mm Nữ EC022-02,Hà,5
elio-el136-01-nu,ELIO 26 mm Nữ EL136-01,Chị Mùi,5
elio-el136-01-nu,ELIO 26 mm Nữ EL136-01,CÔNG TY TNHH KP SEAFOODS,2
elio-el136-01-nu,ELIO 26 mm Nữ EL136-01,Dũng,5
elio-es139-01-nu,ELIO 35 mm Nữ ES139-01,Nguyễn Cẩm Hường,5
elio-es139-01-nu,ELIO 35 mm Nữ ES139-01,Vân,5
elio-es139-01-nu,ELIO 35 mm Nữ ES139-01,Chị Tuyền,5
elio-es139-01-nu,ELIO 35 mm Nữ ES139-01,Thành,4
elio-es139-01-nu,ELIO 35 mm Nữ ES139-01,Trần Phương Thái,4
elio-es139-01-nu,ELIO 35 mm Nữ ES139-01,Hiền,5
elio-es139-01-nu,ELIO 35 mm Nữ ES139-01,Kim Ngân,4
elio-es139-01-nu,ELIO 35 mm Nữ ES139-01,Huỳnh Gia Phong,4
elio-es139-01-nu,ELIO 35 mm Nữ ES139-01,Huyền Trân,4
elio-es139-01-nu,ELIO 35 mm Nữ ES139-01,Vo Lien,4
elio-es139-01-nu,ELIO 35 mm Nữ ES139-01,Nguyễn Minh Tùng,5
elio-es143-03-nu?utm_flashsale=1,ELIO Nàng Thơ 30 mm Nữ ES143-03,Nguyễn Đỗ Thanh Thắng,5
elio-es143-03-nu?utm_flashsale=1,ELIO Nàng Thơ 30 mm Nữ ES143-03,Nguyễn Huỳnh Tường Vi,4
elio-es143-03-nu?utm_flashsale=1,ELIO Nàng Thơ 30 mm Nữ ES143-03,Ngọc,4
elio-es143-03-nu?utm_flashsale=1,ELIO Nàng Thơ 30 mm Nữ ES143-03,Chị Nhài,4
elio-es143-03-nu?utm_flashsale=1,ELIO Nàng Thơ 30 mm Nữ ES143-03,Dưỡng,5
elio-es143-03-nu?utm_flashsale=1,ELIO Nàng Thơ 30 mm Nữ ES143-03,Đỗ Thị Thao,4
elio-el140-02-nu,ELIO 32 mm Nữ EL140-02,Lê Thị Tố Như,5
elio-el140-02-nu,ELIO 32 mm Nữ EL140-02,BÙI THÀNH ĐÔNG,4
elio-el140-02-nu,ELIO 32 mm Nữ EL140-02,Trần Kim Cang,5
elio-el140-02-nu,ELIO 32 mm Nữ EL140-02,Cô Thơ,4
elio-el140-02-nu,ELIO 32 mm Nữ EL140-02,Chanh Đi,4
q-q-c01a-005py-nu,Q&Q 30 mm Nữ C01A-005PY,Nguyễn Thị Kim Liên,4
q-q-c01a-005py-nu,Q&Q 30 mm Nữ C01A-005PY,Thảo,5
q-q-c01a-005py-nu,Q&Q 30 mm Nữ C01A-005PY,Phúc,5
q-q-c01a-005py-nu,Q&Q 30 mm Nữ C01A-005PY,Anh Cuối,4
q-q-c01a-005py-nu,Q&Q 30 mm Nữ C01A-005PY,Trần Ngọc Côi,4
q-q-c01a-005py-nu,Q&Q 30 mm Nữ C01A-005PY,C Thuỷ,4
q-q-c01a-005py-nu,Q&Q 30 mm Nữ C01A-005PY,Mạnh,5
q-q-c01a-005py-nu,Q&Q 30 mm Nữ C01A-005PY,Nhan,5
q-q-c01a-005py-nu,Q&Q 30 mm Nữ C01A-005PY,Lê Viết Thanh,3
q-q-c01a-005py-nu,Q&Q 30 mm Nữ C01A-005PY,Nhàn,5
q-q-c07a-003py-nu,Q&Q 28 mm Nữ C07A-003PY,Hân,5
q-q-c07a-003py-nu,Q&Q 28 mm Nữ C07A-003PY,NGO THI NGOC LAN,5
q-q-c07a-003py-nu,Q&Q 28 mm Nữ C07A-003PY,Nguyễn Thị Hảo,5
q-q-c07a-003py-nu,Q&Q 28 mm Nữ C07A-003PY,Chị Tám,5
q-q-c07a-003py-nu,Q&Q 28 mm Nữ C07A-003PY,Dũng,5
q-q-c07a-003py-nu,Q&Q 28 mm Nữ C07A-003PY,NGÔ VŨ NHÂN,5
q-q-c07a-003py-nu,Q&Q 28 mm Nữ C07A-003PY,NGUYỄN THỊ THẢO GIANG,4
q-q-c07a-003py-nu,Q&Q 28 mm Nữ C07A-003PY,Phạm Minh Trí,4
q-q-c07a-003py-nu,Q&Q 28 mm Nữ C07A-003PY,Huỳnh Trọng Nghĩa,5
q-q-c07a-003py-nu,Q&Q 28 mm Nữ C07A-003PY,Chị Huế,5
q-q-c07a-003py-nu,Q&Q 28 mm Nữ C07A-003PY,Nguyễn Thanh Tùng,5
q-q-c11a-013py-nu,Q&Q 30 mm Nữ C11A-013PY,GIANG THANH QUYẾT,3
q-q-c11a-013py-nu,Q&Q 30 mm Nữ C11A-013PY,Bùi Hữu Lợi,5
q-q-c11a-013py-nu,Q&Q 30 mm Nữ C11A-013PY,Chị My,4
q-q-c11a-013py-nu,Q&Q 30 mm Nữ C11A-013PY,Nguyễn Thi Hồng Mận,5
q-q-c11a-013py-nu,Q&Q 30 mm Nữ C11A-013PY,H BIM KBUÔR,5
q-q-c11a-013py-nu,Q&Q 30 mm Nữ C11A-013PY,Chị Trinh,5
q-q-c18a-004py-nu,Q&Q 30 mm Nữ C18A-004PY,Lữ Tố Trinh,5
q-q-c18a-004py-nu,Q&Q 30 mm Nữ C18A-004PY,A Tràng,5
q-q-c18a-004py-nu,Q&Q 30 mm Nữ C18A-004PY,A Tràng,5
q-q-c18a-004py-nu,Q&Q 30 mm Nữ C18A-004PY,Chị Quyên,5
q-q-c18a-004py-nu,Q&Q 30 mm Nữ C18A-004PY,C Thanh,5
q-q-c18a-004py-nu,Q&Q 30 mm Nữ C18A-004PY,Dương Thị Như Bình,5
q-q-c18a-004py-nu,Q&Q 30 mm Nữ C18A-004PY,Huỳnh Thuận Hảo,5
q-q-c18a-004py-nu,Q&Q 30 mm Nữ C18A-004PY,Bùi Thanh Giang,3
q-q-qz81j202y-nu,Q&Q 32 mm Nữ QZ81J202Y,Hưởng Trần,4
q-q-qz81j202y-nu,Q&Q 32 mm Nữ QZ81J202Y,Phan Thị Phương Thảo,5
q-q-qz81j202y-nu,Q&Q 32 mm Nữ QZ81J202Y,Hồ Thị An,3
q-q-qz81j202y-nu,Q&Q 32 mm Nữ QZ81J202Y,Nguyễn Thị Ngọc Ngân,5
q-q-qz81j202y-nu,Q&Q 32 mm Nữ QZ81J202Y,Chị Phạm Thị Thêm,5
q-q-qz81j202y-nu,Q&Q 32 mm Nữ QZ81J202Y,Phan Văn Trường,3
q-q-qz81j202y-nu,Q&Q 32 mm Nữ QZ81J202Y,Lưu,5
q-q-qz81j202y-nu,Q&Q 32 mm Nữ QZ81J202Y,A Cường,5
eyki-eyl006-03-nu?utm_flashsale=1,EYKI 30.2 mm Nữ EYL006-03,Nguyễn Phước Điền,5
eyki-eys006-01-nu?utm_flashsale=1,EYKI 32.5 mm Nữ EYS006-01,Diễm,5
eyki-eys006-01-nu?utm_flashsale=1,EYKI 32.5 mm Nữ EYS006-01,Trúc Hân,3
eyki-eys006-01-nu?utm_flashsale=1,EYKI 32.5 mm Nữ EYS006-01,Chị Lẹ,5
eyki-eys008-03-nu,EYKI 30 mm Nữ EYS008-03,Bùi Văn Tin,5
eyki-eys008-03-nu,EYKI 30 mm Nữ EYS008-03,Chú Giang,4
eyki-eys008-03-nu,EYKI 30 mm Nữ EYS008-03,Nguyễn Thế Anh,4
eyki-eys008-03-nu,EYKI 30 mm Nữ EYS008-03,Chị Hương,5
eyki-eys008-03-nu,EYKI 30 mm Nữ EYS008-03,A Tiến,4
eyki-eys008-03-nu,EYKI 30 mm Nữ EYS008-03,Anh Phúc,3
eyki-eys008-03-nu,EYKI 30 mm Nữ EYS008-03,Võ Ngọc Chiếm,3
eyki-eys008-03-nu,EYKI 30 mm Nữ EYS008-03,VÕ THỊ NGỌC GIÀU,5
eyki-eys008-03-nu,EYKI 30 mm Nữ EYS008-03,Trần Thị Thu Điệp,4
eyki-eys008-03-nu,EYKI 30 mm Nữ EYS008-03,Nguyễn Nhựt Thuỷ Tiên,4
eyki-eys008-03-nu,EYKI 30 mm Nữ EYS008-03,Loan,4
eyki-eys008-03-nu,EYKI 30 mm Nữ EYS008-03,Cô Nga,4
mvw-ml075-03-nam?utm_flashsale=1,MVW Sport 43 mm Nam ML075-03,Lê Viết Quang,5
mvw-ml075-03-nam?utm_flashsale=1,MVW Sport 43 mm Nam ML075-03,Anh Hùng,5
mvw-ml075-03-nam?utm_flashsale=1,MVW Sport 43 mm Nam ML075-03,Anh Huy,5
mvw-ml075-03-nam?utm_flashsale=1,MVW Sport 43 mm Nam ML075-03,Nguyễn Thị Song,4
smile-kid-sl121-01-tre-em,SMILE KID 29 mm Trẻ em SL121-01,Lê Thị Hường,4
smile-kid-sl121-01-tre-em,SMILE KID 29 mm Trẻ em SL121-01,Chị Thuỷ,3
smile-kid-sl121-01-tre-em,SMILE KID 29 mm Trẻ em SL121-01,Em Trúc Linh,5
smile-kid-sl121-01-tre-em,SMILE KID 29 mm Trẻ em SL121-01,Yến Nhi,5
smile-kid-sl121-01-tre-em,SMILE KID 29 mm Trẻ em SL121-01,TRAN VAN CONG,3
smile-kid-sl121-01-tre-em,SMILE KID 29 mm Trẻ em SL121-01,Chị Linh,3
smile-kid-sl121-01-tre-em,SMILE KID 29 mm Trẻ em SL121-01,Anh Cảnh,4
smile-kid-sl125-05-tre-em,SMILE KID 29 mm Trẻ em SL125-05,Cảnh,4
smile-kid-sl125-05-tre-em,SMILE KID 29 mm Trẻ em SL125-05,Nguyen Thi Ngân,5
smile-kid-sl125-05-tre-em,SMILE KID 29 mm Trẻ em SL125-05,Trần Thị Huệ,5
smile-kid-sl125-05-tre-em,SMILE KID 29 mm Trẻ em SL125-05,Nhung,5
smile-kid-sl125-05-tre-em,SMILE KID 29 mm Trẻ em SL125-05,Phạm Thị Nhung,4
smile-kid-sl125-05-tre-em,SMILE KID 29 mm Trẻ em SL125-05,TRẦN THỊ LIÊN,4
smile-kid-sl125-05-tre-em,SMILE KID 29 mm Trẻ em SL125-05,MAI VĂN TÂM,5
smile-kid-sl125-05-tre-em,SMILE KID 29 mm Trẻ em SL125-05,Đoàn Thị Trang,4
smile-kid-sl125-05-tre-em,SMILE KID 29 mm Trẻ em SL125-05,Phạm Thị Ánh Nguyệt,4
smile-kid-sl125-05-tre-em,SMILE KID 29 mm Trẻ em SL125-05,Kim Thanh,4
smile-kid-sl125-05-tre-em,SMILE KID 29 mm Trẻ em SL125-05,NGUYỄN THỊ CẨM HƯỜNG,5
orient-ra-as0011s10b-nam,ORIENT Sun & Moon 42 mm Nam RA-AS0011S10B,Phan Hũu Long,3
orient-ra-as0011s10b-nam,ORIENT Sun & Moon 42 mm Nam RA-AS0011S10B,Đặng Văn Lương,5
orient-ra-as0011s10b-nam,ORIENT Sun & Moon 42 mm Nam RA-AS0011S10B,Trần Ngọc Danh,5
orient-ra-as0011s10b-nam,ORIENT Sun & Moon 42 mm Nam RA-AS0011S10B,Trần Thanh Hùng,5
orient-star-re-av0003l00b-nam,ORIENT Star 41 mm Nam RE-AV0003L00B,Anh Nhân,5
mvw-star-msa005-01n-nam?utm_flashsale=1,MVW Star Automatic 43 mm Nam MSA005-01N,Trương Bửu,5
mvw-star-msa005-01n-nam?utm_flashsale=1,MVW Star Automatic 43 mm Nam MSA005-01N,Nguyễn Thu Quỳnh,4
mvw-star-msa005-01n-nam?utm_flashsale=1,MVW Star Automatic 43 mm Nam MSA005-01N,Thanh Tuấn,5
mvw-star-msa005-01n-nam?utm_flashsale=1,MVW Star Automatic 43 mm Nam MSA005-01N,Giang,4
mvw-star-msa005-01n-nam?utm_flashsale=1,MVW Star Automatic 43 mm Nam MSA005-01N,Hoàng Thanh Tú,5
mvw-star-msa005-01n-nam?utm_flashsale=1,MVW Star Automatic 43 mm Nam MSA005-01N,Nguyễn Hoàng Long,5
mvw-star-msa005-01n-nam?utm_flashsale=1,MVW Star Automatic 43 mm Nam MSA005-01N,Nguyễn Hoài Bảo,5
mvw-star-msa005-01n-nam?utm_flashsale=1,MVW Star Automatic 43 mm Nam MSA005-01N,Lê Duy An,5
mvw-star-msa005-01n-nam?utm_flashsale=1,MVW Star Automatic 43 mm Nam MSA005-01N,Lê Khánh Băng,5
mvw-star-msa005-01n-nam?utm_flashsale=1,MVW Star Automatic 43 mm Nam MSA005-01N,Ngô Thị Thu,5
mvw-star-msa005-01n-nam?utm_flashsale=1,MVW Star Automatic 43 mm Nam MSA005-01N,Trần Văn Cương,5
mvw-star-msa005-01n-nam?utm_flashsale=1,MVW Star Automatic 43 mm Nam MSA005-01N,Huỳnh Tuấn Kiệt,5
mvw-star-msa005-01n-nam?utm_flashsale=1,MVW Star Automatic 43 mm Nam MSA005-01N,Chị Ngân,4
mvw-star-msa005-01n-nam?utm_flashsale=1,MVW Star Automatic 43 mm Nam MSA005-01N,Chú Dương,5
mvw-star-msa005-01n-nam?utm_flashsale=1,MVW Star Automatic 43 mm Nam MSA005-01N,Cường,3
mvw-star-msa005-01n-nam?utm_flashsale=1,MVW Star Automatic 43 mm Nam MSA005-01N,Nguyễn Hoàng Anh,5
mvw-star-msa005-01n-nam?utm_flashsale=1,MVW Star Automatic 43 mm Nam MSA005-01N,Minh Hoài,5
mvw-star-msa005-01n-nam?utm_flashsale=1,MVW Star Automatic 43 mm Nam MSA005-01N,Lê Thanh Phong,5
mvw-star-msa005-01n-nam?utm_flashsale=1,MVW Star Automatic 43 mm Nam MSA005-01N,Vuong Thanh Vu,5
mvw-star-msa005-01n-nam?utm_flashsale=1,MVW Star Automatic 43 mm Nam MSA005-01N,Anh Minh,4
mvw-star-msa005-01n-nam?utm_flashsale=1,MVW Star Automatic 43 mm Nam MSA005-01N,Lương Văn Đạt,5
mvw-star-msa005-01n-nam?utm_flashsale=1,MVW Star Automatic 43 mm Nam MSA005-01N,Trần Thanh Vinh,5
mvw-star-msa005-01n-nam?utm_flashsale=1,MVW Star Automatic 43 mm Nam MSA005-01N,Minh,4
mvw-star-msa005-01n-nam?utm_flashsale=1,MVW Star Automatic 43 mm Nam MSA005-01N,Chú Lê Quang Duẩn,1
mvw-star-msa005-01n-nam?utm_flashsale=1,MVW Star Automatic 43 mm Nam MSA005-01N,Hà Thành Đạt,5
mvw-star-msa005-01n-nam?utm_flashsale=1,MVW Star Automatic 43 mm Nam MSA005-01N,Chú Hòa,5
mvw-star-msa005-01n-nam?utm_flashsale=1,MVW Star Automatic 43 mm Nam MSA005-01N,Chị Trinh,3
mvw-glory-ml079-01-nam?utm_flashsale=1,MVW Glory 43 mm Nam ML079-01,Nguyen Tien Dat,5
mvw-glory-ml079-01-nam?utm_flashsale=1,MVW Glory 43 mm Nam ML079-01,Thanh Phương,3
mvw-glory-ml079-01-nam?utm_flashsale=1,MVW Glory 43 mm Nam ML079-01,Quy,5
mvw-glory-ml079-01-nam?utm_flashsale=1,MVW Glory 43 mm Nam ML079-01,Trễ,5
mvw-glory-ml079-01-nam?utm_flashsale=1,MVW Glory 43 mm Nam ML079-01,Âu Văn Kiểu,5
mvw-glory-ml079-01-nam?utm_flashsale=1,MVW Glory 43 mm Nam ML079-01,ĐẶNG HỮU TAM,5
mvw-glory-ml079-01-nam?utm_flashsale=1,MVW Glory 43 mm Nam ML079-01,Tân,4
mvw-glory-ml079-01-nam?utm_flashsale=1,MVW Glory 43 mm Nam ML079-01,Anh Trường,3
mvw-glory-ml079-01-nam?utm_flashsale=1,MVW Glory 43 mm Nam ML079-01,Nguyễn Văn Tấn,5
mvw-glory-ml079-01-nam?utm_flashsale=1,MVW Glory 43 mm Nam ML079-01,Phi,5
mvw-glory-ml079-03-nam?utm_flashsale=1,MVW Glory 43 mm Nam ML079-03,Bích Thủy,4
mvw-glory-ml079-03-nam?utm_flashsale=1,MVW Glory 43 mm Nam ML079-03,Tâm,3
mvw-glory-ml079-03-nam?utm_flashsale=1,MVW Glory 43 mm Nam ML079-03,Việt,5
mvw-glory-ml079-03-nam?utm_flashsale=1,MVW Glory 43 mm Nam ML079-03,Nguyễn Ngọc Ngân,4
mvw-glory-ml079-03-nam?utm_flashsale=1,MVW Glory 43 mm Nam ML079-03,Bùi Thị Vân,4
mvw-glory-ml079-03-nam?utm_flashsale=1,MVW Glory 43 mm Nam ML079-03,Tran Anh Tuan Kiet,3
mvw-glory-ml079-03-nam?utm_flashsale=1,MVW Glory 43 mm Nam ML079-03,,5
mvw-glory-ml079-03-nam?utm_flashsale=1,MVW Glory 43 mm Nam ML079-03,NGUYỄN THỊ KIM OANH,5
mvw-glory-ml079-03-nam?utm_flashsale=1,MVW Glory 43 mm Nam ML079-03,Duy,5
mvw-glory-ml079-03-nam?utm_flashsale=1,MVW Glory 43 mm Nam ML079-03,NGUYỄN QUỐC DŨNG,5
mvw-glory-ml079-03-nam?utm_flashsale=1,MVW Glory 43 mm Nam ML079-03,Phương,5
orient-ra-ak0701s10b-nam,ORIENT Bambino 40.5 mm Nam RA-AK0701S10B,Anh Chính,5
orient-ra-aa0821s19b-nam,ORIENT Mako 41.8 mm Nam RA-AA0821S19B,Vũ Chi Kiên,4
orient-ra-aa0821s19b-nam,ORIENT Mako 41.8 mm Nam RA-AA0821S19B,Ngô Phúc Nguyên,5
orient-ra-aa0821s19b-nam,ORIENT Mako 41.8 mm Nam RA-AA0821S19B,Nguyễn Ngọc Bích,5
orient-ra-aa0821s19b-nam,ORIENT Mako 41.8 mm Nam RA-AA0821S19B,Phạm Văn Việt,5
citizen-nj0151-88m-nam,CITIZEN Tsuyosa 40 mm Nam NJ0151-88M,Trần Duy,5
mvw-ml077-01-nam?utm_flashsale=1,MVW UT 40 mm Nam ML077-01,Lý Hoàng Tú,5
mvw-ml081-01-nam?utm_flashsale=1,MVW 40 mm Nam ML081-01,Thể,5
mvw-ml081-01-nam?utm_flashsale=1,MVW 40 mm Nam ML081-01,Hạnh Trương,5
mvw-ml081-01-nam?utm_flashsale=1,MVW 40 mm Nam ML081-01,Phan Tiếp,5
citizen-an3690-56e-nam,CITIZEN 43 mm Nam AN3690-56E,Ngô Minh Tú,5
q-q-a12a-004py-nam,Q&Q 42 mm Nam A12A-004PY,Huy,5
mvw-msa089-01-s1-nam,MVW Star Automatic 41 mm Nam MSA089-01-S1,Nguyễn Khánh Nguyên,5
mvw-msa088-02-s2-nam,MVW Galaxy 43 mm Nam MSA088-02-S2,Nguyễn Viễn Thông,5
mvw-msa088-02-s2-nam,MVW Galaxy 43 mm Nam MSA088-02-S2,Phạm Văn Kiên,5
mvw-msa088-02-s2-nam,MVW Galaxy 43 mm Nam MSA088-02-S2,Nhật Minh,3
mvw-msa088-02-s2-nam,MVW Galaxy 43 mm Nam MSA088-02-S2,Hương,5
mvw-msa092-01-s2-nam,MVW Star Automatic 41 mm Nam MSA092-01-S2,Anh Tía,4
mvw-msa092-01-s2-nam,MVW Star Automatic 41 mm Nam MSA092-01-S2,Tấn Đông,2
mvw-msa094-02-s3-nam?utm_flashsale=1,MVW Galaxy 40 mm Nam MSA094-02-S3,Hồ Quyết Thắng,5
mvw-msa094-02-s3-nam?utm_flashsale=1,MVW Galaxy 40 mm Nam MSA094-02-S3,Ánh,5
mvw-msa094-02-s3-nam?utm_flashsale=1,MVW Galaxy 40 mm Nam MSA094-02-S3,Ánh,5
elio-el143-02-nu?utm_flashsale=1,ELIO Set quà 32 mm Nữ EL143-02,Nguyễn Minh Cảnh,5
elio-el143-02-nu?utm_flashsale=1,ELIO Set quà 32 mm Nữ EL143-02,Nguyễn Hương,5
mvw-ml085-03-sm-nam?utm_flashsale=1,MVW 44 mm Nam ML085-03-SM,Nguyễn Anh Duy,5
mvw-ml085-03-sm-nam?utm_flashsale=1,MVW 44 mm Nam ML085-03-SM,Lê Phúc Hiền,5
q-q-c23a-008vy-nam,Q&Q 42 mm Nam C23A-008VY,Em Như,5
q-q-s00a-005vy-nam?utm_flashsale=1,Q&Q 42 mm Nam S00A-005VY,Lê Nguyễn Tỷ Phú,5
q-q-s00a-005vy-nam?utm_flashsale=1,Q&Q 42 mm Nam S00A-005VY,Nguyên Dân,1
casio-mtp-b145d-2a2vdf-nam?utm_flashsale=1,CASIO 35 mm Nam MTP-B145D-2A2VDF,Hậu,5
q-q-a36a-004py-nam,Q&Q 42 mm Nam A36A-004PY,Nguyễn Ngọc Châu,5
q-q-c00a-009py-nam,Q&Q 40 mm Nam C00A-009PY,Nguyễn Quý,5
q-q-c00a-009py-nam,Q&Q 40 mm Nam C00A-009PY,Nguyễn Ngọc An,4
q-q-c00a-009py-nam,Q&Q 40 mm Nam C00A-009PY,Ho Van Thuan,5
mvw-ms099-01-nam,MVW Sport 43 mm Nam MS099-01,Huỳnh Xuân Tập,4
citizen-nk5010-51l-nam,CITIZEN Tsuyosa 40 mm Nam NK5010-51L,Nguyễn Thế Tùng Lâm,5
skmei-sk-1455-hong-xanh,SKMEI 37.6 mm Trẻ em SK-1455,Do Ngoc Hai Yen,4
skmei-sk-1455-hong-xanh,SKMEI 37.6 mm Trẻ em SK-1455,Cẩm,5
skmei-sk-1455-hong-xanh,SKMEI 37.6 mm Trẻ em SK-1455,Phạm Văn Lam,5
skmei-sk-1455-hong-xanh,SKMEI 37.6 mm Trẻ em SK-1455,Quách Thanh Liêm,5
skmei-sk-1455-hong-xanh,SKMEI 37.6 mm Trẻ em SK-1455,NGUYỄN THỊ BẢO TRÂN,3
skmei-sk-1455-hong-xanh,SKMEI 37.6 mm Trẻ em SK-1455,Vũ Thu Giang,4
skmei-sk-1455-hong-xanh,SKMEI 37.6 mm Trẻ em SK-1455,THÂN VĂN DŨNG,4
skmei-sk-1455-hong-xanh,SKMEI 37.6 mm Trẻ em SK-1455,Nghiêm Thị Vân Oanh,5
skmei-sk-1455-hong-xanh,SKMEI 37.6 mm Trẻ em SK-1455,Văn Thoang,4
skmei-sk-1455-hong-xanh,SKMEI 37.6 mm Trẻ em SK-1455,Anh Khoa,4
skmei-sk-1455-hong-xanh,SKMEI 37.6 mm Trẻ em SK-1455,Huỳnh Thị Bé Thảo,4
casio-hda-600b-7bvdf-den,CASIO 39 mm Nam HDA-600B-7BVDF,Tran Manh Tien,5
casio-hda-600b-7bvdf-den,CASIO 39 mm Nam HDA-600B-7BVDF,Phạm Quốc Khá,5
casio-hda-600b-7bvdf-den,CASIO 39 mm Nam HDA-600B-7BVDF,Anh Chiêu,5
casio-hda-600b-7bvdf-den,CASIO 39 mm Nam HDA-600B-7BVDF,Anh Mạnh,5
casio-hda-600b-7bvdf-den,CASIO 39 mm Nam HDA-600B-7BVDF,Dương Thị Lệ Uyển,5
casio-hda-600b-7bvdf-den,CASIO 39 mm Nam HDA-600B-7BVDF,Van Trung,4
casio-hda-600b-7bvdf-den,CASIO 39 mm Nam HDA-600B-7BVDF,TRẦN THỊ SAO,4
casio-hda-600b-7bvdf-den,CASIO 39 mm Nam HDA-600B-7BVDF,Kim Anh,3
casio-ltp-1215a-2adf-bac,CASIO 28 mm Nữ LTP-1215A-2ADF,Cô Hoa,5
casio-ltp-1215a-2adf-bac,CASIO 28 mm Nữ LTP-1215A-2ADF,PHAN LE TRUONG ANH,4
casio-ltp-1215a-2adf-bac,CASIO 28 mm Nữ LTP-1215A-2ADF,Anh Phú,4
casio-ltp-1215a-2adf-bac,CASIO 28 mm Nữ LTP-1215A-2ADF,Nguyễn Thị Quy,5
casio-ltp-1215a-2adf-bac,CASIO 28 mm Nữ LTP-1215A-2ADF,Nguyễn Hoàng Sơn,4
casio-ltp-1215a-2adf-bac,CASIO 28 mm Nữ LTP-1215A-2ADF,Chị Thắm,3
casio-ltp-1215a-2adf-bac,CASIO 28 mm Nữ LTP-1215A-2ADF,Trần Bảo Nhân,5
casio-ltp-1215a-2adf-bac,CASIO 28 mm Nữ LTP-1215A-2ADF,Chi Hoa,4
casio-ltp-1215a-2adf-bac,CASIO 28 mm Nữ LTP-1215A-2ADF,Anh Phú,4
casio-ltp-1215a-2adf-bac,CASIO 28 mm Nữ LTP-1215A-2ADF,Hong Son,5
casio-ltp-1314l-7avdf?utm_flashsale=1,CASIO 31 mm Nữ LTP-1314L-7AVDF,Phan Cẩm Tú,4
casio-ltp-1314l-7avdf?utm_flashsale=1,CASIO 31 mm Nữ LTP-1314L-7AVDF,Nguyễn Thanh Thọ,3
casio-ltp-1314l-7avdf?utm_flashsale=1,CASIO 31 mm Nữ LTP-1314L-7AVDF,Danh,4
casio-ltp-1314l-7avdf?utm_flashsale=1,CASIO 31 mm Nữ LTP-1314L-7AVDF,Trung,5
casio-ltp-1314l-7avdf?utm_flashsale=1,CASIO 31 mm Nữ LTP-1314L-7AVDF,ĐỖ THANH ĐIỂN,4
casio-ltp-1314l-7avdf?utm_flashsale=1,CASIO 31 mm Nữ LTP-1314L-7AVDF,Võ Thị Như Ý,5
casio-ltp-1314l-7avdf?utm_flashsale=1,CASIO 31 mm Nữ LTP-1314L-7AVDF,DAO THANH NHÃ,3
casio-ltp-1314l-7avdf?utm_flashsale=1,CASIO 31 mm Nữ LTP-1314L-7AVDF,My,5
casio-lrw-200h-4b2vdf-hong?utm_flashsale=1,CASIO 34 mm Nữ LRW-200H-4B2VDF,Chị Uyên,5
casio-lrw-200h-4b2vdf-hong?utm_flashsale=1,CASIO 34 mm Nữ LRW-200H-4B2VDF,Lê Thanh Tâm,5
casio-lrw-200h-4b2vdf-hong?utm_flashsale=1,CASIO 34 mm Nữ LRW-200H-4B2VDF,Nguyễn Thị Hương Trà,4
casio-lrw-200h-4b2vdf-hong?utm_flashsale=1,CASIO 34 mm Nữ LRW-200H-4B2VDF,Chị Hà,5
casio-lrw-200h-4b2vdf-hong?utm_flashsale=1,CASIO 34 mm Nữ LRW-200H-4B2VDF,Chị Trang,5
casio-lrw-200h-4b2vdf-hong?utm_flashsale=1,CASIO 34 mm Nữ LRW-200H-4B2VDF,Phương,4
casio-lrw-200h-4b2vdf-hong?utm_flashsale=1,CASIO 34 mm Nữ LRW-200H-4B2VDF,Anh Văn,5
casio-lrw-200h-4b2vdf-hong?utm_flashsale=1,CASIO 34 mm Nữ LRW-200H-4B2VDF,Lê Thị Ngọc Loan,5
edifice-casio-ef-539d-1avudf-bac,EDIFICE CASIO 45 mm Nam EF-539D-1AVUDF,Nguyễn Quang Thảo,5
edifice-casio-ef-539d-1avudf-bac,EDIFICE CASIO 45 mm Nam EF-539D-1AVUDF,Đức,5
edifice-casio-ef-539d-1avudf-bac,EDIFICE CASIO 45 mm Nam EF-539D-1AVUDF,Trần Minh Phương,5
edifice-casio-ef-539d-1avudf-bac,EDIFICE CASIO 45 mm Nam EF-539D-1AVUDF,Duy Trung,5
edifice-casio-ef-539d-1avudf-bac,EDIFICE CASIO 45 mm Nam EF-539D-1AVUDF,Đoàn Tuấn,5
edifice-casio-ef-539d-1avudf-bac,EDIFICE CASIO 45 mm Nam EF-539D-1AVUDF,TRẦN NGỌC HƯNG,4
edifice-casio-ef-539d-1avudf-bac,EDIFICE CASIO 45 mm Nam EF-539D-1AVUDF,A Đạt,5
edifice-casio-ef-539d-1avudf-bac,EDIFICE CASIO 45 mm Nam EF-539D-1AVUDF,Anh Tùng,5
edifice-casio-ef-539d-1avudf-bac,EDIFICE CASIO 45 mm Nam EF-539D-1AVUDF,Trần Minh Chiến,5
edifice-casio-ef-539d-1avudf-bac,EDIFICE CASIO 45 mm Nam EF-539D-1AVUDF,Phí Đức Tráng,5
edifice-casio-ef-539d-1avudf-bac,EDIFICE CASIO 45 mm Nam EF-539D-1AVUDF,Hoàng Thị Minh,5
citizen-au1060-51a,CITIZEN 39.8 mm Nam AU1060-51A,Anh Luyến,3
citizen-au1060-51a,CITIZEN 39.8 mm Nam AU1060-51A,Phan Thị Minh Ngọc,5
citizen-au1060-51a,CITIZEN 39.8 mm Nam AU1060-51A,Võ Công Bằng,4
citizen-au1060-51a,CITIZEN 39.8 mm Nam AU1060-51A,Anh Trọng,5
citizen-au1060-51a,CITIZEN 39.8 mm Nam AU1060-51A,Anh Trường,1
citizen-au1060-51a,CITIZEN 39.8 mm Nam AU1060-51A,Anh Ti,4
citizen-au1060-51a,CITIZEN 39.8 mm Nam AU1060-51A,Trang,5
citizen-au1060-51a,CITIZEN 39.8 mm Nam AU1060-51A,Nguyễn Lâm Thuý Tâm,4
citizen-bh3003-51a,CITIZEN 25.7 mm Nam BH3003-51A,Bui Quoc Huy,5
citizen-bh3003-51a,CITIZEN 25.7 mm Nam BH3003-51A,Châu,4
citizen-bh3003-51a,CITIZEN 25.7 mm Nam BH3003-51A,Lương,4
citizen-bh3003-51a,CITIZEN 25.7 mm Nam BH3003-51A,Kim Hoàng,4
citizen-bh3003-51a,CITIZEN 25.7 mm Nam BH3003-51A,Thịnh Duy Khiêm,5
citizen-bh3003-51a,CITIZEN 25.7 mm Nam BH3003-51A,A Đạt,4
citizen-bh3003-51a,CITIZEN 25.7 mm Nam BH3003-51A,CHỨC,4
citizen-bi1054-55a,CITIZEN 39.6 mm Nam BI1054-55A,Phạm Trí Nhân,5
citizen-bi1054-55a,CITIZEN 39.6 mm Nam BI1054-55A,TANG THANH TRINH,4
citizen-bi1054-55a,CITIZEN 39.6 mm Nam BI1054-55A,Anh Thảo,5
citizen-bi1054-55a,CITIZEN 39.6 mm Nam BI1054-55A,VÕ HỮU TÌNH,5
citizen-bi1054-55a,CITIZEN 39.6 mm Nam BI1054-55A,Dương,4
citizen-bi1054-55a,CITIZEN 39.6 mm Nam BI1054-55A,Thái Toàn,5
citizen-bi1054-55a,CITIZEN 39.6 mm Nam BI1054-55A,BÙI THỊ CẨM HƯỜNG,4
citizen-bi1054-55a,CITIZEN 39.6 mm Nam BI1054-55A,Trịnh Ngọc Tú,4
citizen-bi1054-55a,CITIZEN 39.6 mm Nam BI1054-55A,Liêu Nam Hùng,4
citizen-em0530-81d-xa-cu,CITIZEN 28.5 mm Nữ EM0530-81D,Trương Cam,2
citizen-eq0596-87a-trang,CITIZEN 27.4 mm Nữ EQ0596-87A,Pham Ngoc Thuy Vy,5
citizen-eq0596-87a-trang,CITIZEN 27.4 mm Nữ EQ0596-87A,Chị Bích,4
citizen-eq0596-87a-trang,CITIZEN 27.4 mm Nữ EQ0596-87A,Nguyễn Đức Chính,5
citizen-eq0596-87a-trang,CITIZEN 27.4 mm Nữ EQ0596-87A,Chị Ly,5
citizen-eq0596-87a-trang,CITIZEN 27.4 mm Nữ EQ0596-87A,Đặng Duy Hùng,5
citizen-eq0596-87a-trang,CITIZEN 27.4 mm Nữ EQ0596-87A,Trương Thị Tài Linh,1
citizen-eq0596-87a-trang,CITIZEN 27.4 mm Nữ EQ0596-87A,Nhu Mỵ,3
citizen-eq0596-87a-trang,CITIZEN 27.4 mm Nữ EQ0596-87A,Cô Thơ,1
citizen-ew3250-53e,CITIZEN 27 mm Nữ EW3250-53E,Hoàng,4
citizen-fe6016-88a?utm_flashsale=1,CITIZEN 33 mm Nữ FE6016-88A,PHAN VĂN HIẾU,5
citizen-fe6016-88a?utm_flashsale=1,CITIZEN 33 mm Nữ FE6016-88A,Nga,5
citizen-fe6016-88a?utm_flashsale=1,CITIZEN 33 mm Nữ FE6016-88A,Huỳnh Thanh Phương,5
citizen-fe6016-88a?utm_flashsale=1,CITIZEN 33 mm Nữ FE6016-88A,Võ Văn Hà,4
citizen-fe6020-56f-den,CITIZEN 35 mm Nữ FE6020-56F,Hùng,3
citizen-nh8350-59b-trang,CITIZEN Mechanical 40 mm Nam NH8350-59B,Lê Hội,4
citizen-nh8350-59b-trang,CITIZEN Mechanical 40 mm Nam NH8350-59B,An,5
citizen-nh8350-59b-trang,CITIZEN Mechanical 40 mm Nam NH8350-59B,Nguyễn Hoàng Hữu,5
citizen-nh8350-59b-trang,CITIZEN Mechanical 40 mm Nam NH8350-59B,Lê Hữu Tuân,5
citizen-nh8350-59b-trang,CITIZEN Mechanical 40 mm Nam NH8350-59B,Nguyễn Văn Vịnh,4
citizen-nh8350-59b-trang,CITIZEN Mechanical 40 mm Nam NH8350-59B,Lâm Phú Quí,4
citizen-nh8350-59b-trang,CITIZEN Mechanical 40 mm Nam NH8350-59B,Giang,5
citizen-nh8350-59b-trang,CITIZEN Mechanical 40 mm Nam NH8350-59B,LÊ QUANG VĨNH THỤY,4
citizen-nh8350-59b-trang,CITIZEN Mechanical 40 mm Nam NH8350-59B,Vũ Quang,5
citizen-nh8350-59b-trang,CITIZEN Mechanical 40 mm Nam NH8350-59B,Khoa,4
citizen-nh8350-59b-trang,CITIZEN Mechanical 40 mm Nam NH8350-59B,Ban Dũng,4
citizen-nh8350-59b-trang,CITIZEN Mechanical 40 mm Nam NH8350-59B,CHÂU PHƯỚC THỌ,5
citizen-nh8353-18a-trang,CITIZEN Mechanical 39.8 mm Nam NH8353-18A,Hội,2
citizen-nh8353-18a-trang,CITIZEN Mechanical 39.8 mm Nam NH8353-18A,TÀO THẾ DƯƠNG,1
citizen-nh8353-18a-trang,CITIZEN Mechanical 39.8 mm Nam NH8353-18A,Nguyễn Minh Thành,5
citizen-nh8353-18a-trang,CITIZEN Mechanical 39.8 mm Nam NH8353-18A,Khánh,4
citizen-nh8353-18a-trang,CITIZEN Mechanical 39.8 mm Nam NH8353-18A,Chú Quế,4
citizen-nh8353-18a-trang,CITIZEN Mechanical 39.8 mm Nam NH8353-18A,NGUYỄN THỊ THÚY PHƯƠNG,5
citizen-nh8353-18a-trang,CITIZEN Mechanical 39.8 mm Nam NH8353-18A,Nguyễn Văn Hậu,3
citizen-nh8353-18a-trang,CITIZEN Mechanical 39.8 mm Nam NH8353-18A,Tiến,5
citizen-nh8353-18a-trang,CITIZEN Mechanical 39.8 mm Nam NH8353-18A,Thắng,1
citizen-nh8353-18a-trang,CITIZEN Mechanical 39.8 mm Nam NH8353-18A,Chú Khiêm,3
citizen-nh8353-18a-trang,CITIZEN Mechanical 39.8 mm Nam NH8353-18A,Ngọc Thảo,5
citizen-nh8373-88a-trang,CITIZEN Mechanical 42.6 mm Nam NH8373-88A,Ngô Tiến Dũng,5
citizen-nh8373-88a-trang,CITIZEN Mechanical 42.6 mm Nam NH8373-88A,Trần Mạnh Hoàng,5
citizen-nh8373-88a-trang,CITIZEN Mechanical 42.6 mm Nam NH8373-88A,Nguyễn Hữu Tuấn,5
citizen-nh8373-88a-trang,CITIZEN Mechanical 42.6 mm Nam NH8373-88A,Ngô Tài Đức,5
citizen-nh8373-88a-trang,CITIZEN Mechanical 42.6 mm Nam NH8373-88A,Anh Phương,3
citizen-nh8373-88a-trang,CITIZEN Mechanical 42.6 mm Nam NH8373-88A,Đào Anh Dũng,5
citizen-nh8373-88a-trang,CITIZEN Mechanical 42.6 mm Nam NH8373-88A,Duong Anh Tuấn,5
citizen-nh8373-88a-trang,CITIZEN Mechanical 42.6 mm Nam NH8373-88A,.,4
citizen-nh8373-88a-trang,CITIZEN Mechanical 42.6 mm Nam NH8373-88A,Thuỵ,4
citizen-nh8373-88a-trang,CITIZEN Mechanical 42.6 mm Nam NH8373-88A,VŨ PHƯƠNG TƯƠNG,5
dong-ho-automatic-nam-day-kim-loai-citizen-nh8365,CITIZEN Mechanical 41 mm Nam NH8365-86M,Dễ,3
dong-ho-automatic-nam-day-kim-loai-citizen-nh8365,CITIZEN Mechanical 41 mm Nam NH8365-86M,Chu Văn Quyền,5
dong-ho-automatic-nam-day-kim-loai-citizen-nh8365,CITIZEN Mechanical 41 mm Nam NH8365-86M,Anh Duy Tân,4
dong-ho-automatic-nam-day-kim-loai-citizen-nh8365,CITIZEN Mechanical 41 mm Nam NH8365-86M,Trần Hoàng Tâm,5
dong-ho-automatic-nam-day-kim-loai-citizen-nh8365,CITIZEN Mechanical 41 mm Nam NH8365-86M,Hoàng Diên,5
dong-ho-automatic-nam-day-kim-loai-citizen-nh8365,CITIZEN Mechanical 41 mm Nam NH8365-86M,Nguyễn Văn Doanh,4
dong-ho-eco-drive-nam-day-kim-loai-citizen-bm6770,CITIZEN 37 mm Nam BM6770-51E,Trần Phong,5
dong-ho-eco-drive-nam-day-kim-loai-citizen-bm6770,CITIZEN 37 mm Nam BM6770-51E,Dương Ái Như,5
dong-ho-eco-drive-nam-day-kim-loai-citizen-bm6770,CITIZEN 37 mm Nam BM6770-51E,Nguyễn Quốc Thanh,5
dong-ho-eco-drive-nam-day-kim-loai-citizen-bm6770,CITIZEN 37 mm Nam BM6770-51E,Hương,5
dong-ho-eco-drive-nam-day-kim-loai-citizen-bm6770,CITIZEN 37 mm Nam BM6770-51E,Nguyễn Tiến Hoàng,5
dong-ho-eco-drive-nam-day-kim-loai-citizen-bm6770,CITIZEN 37 mm Nam BM6770-51E,ANH QUÝ,5
dong-ho-eco-drive-nam-day-kim-loai-citizen-bm6770,CITIZEN 37 mm Nam BM6770-51E,TRẦN NGỌC QUỐC,1
dong-ho-eco-drive-nam-day-kim-loai-citizen-bm6770,CITIZEN 37 mm Nam BM6770-51E,Pham Duy Khương,5
dong-ho-eco-drive-nam-day-kim-loai-citizen-bm6770,CITIZEN 37 mm Nam BM6770-51E,Anh Tài,5
dong-ho-eco-drive-nam-day-kim-loai-citizen-bm6770,CITIZEN 37 mm Nam BM6770-51E,Nguyễn Đình Phúc,5
dong-ho-eco-drive-nu-day-kim-loai-citizen-ga1050-5,CITIZEN 29.6 mm Nữ GA1050-51A,Khanh,5
dong-ho-eco-drive-nu-day-kim-loai-citizen-ga1050-5,CITIZEN 29.6 mm Nữ GA1050-51A,Trần Văn Nhanh,5
dong-ho-eco-drive-nu-day-kim-loai-citizen-ga1050-5,CITIZEN 29.6 mm Nữ GA1050-51A,Mr Khang,4
dong-ho-eco-drive-nu-day-kim-loai-citizen-ga1050-5,CITIZEN 29.6 mm Nữ GA1050-51A,CHIÊM HOÀNG PHI,4
dong-ho-eco-drive-nu-day-kim-loai-citizen-ga1050-5,CITIZEN 29.6 mm Nữ GA1050-51A,Đoàn Thị Lệ Hiền,5
dong-ho-kim-eco-drive-nam-day-kim-loai-citizen-bm6?utm_flashsale=1,CITIZEN 37 mm Nam BM6774-51A,Tường Long,3
dong-ho-kim-eco-drive-nam-day-kim-loai-citizen-bm6?utm_flashsale=1,CITIZEN 37 mm Nam BM6774-51A,Phạm Công Khanh,4
dong-ho-kim-eco-drive-nam-day-kim-loai-citizen-bm6?utm_flashsale=1,CITIZEN 37 mm Nam BM6774-51A,Nghĩa,4
dong-ho-kim-eco-drive-nam-day-kim-loai-citizen-bm6?utm_flashsale=1,CITIZEN 37 mm Nam BM6774-51A,A Cường,5
dong-ho-kim-eco-drive-nam-day-kim-loai-citizen-bm6?utm_flashsale=1,CITIZEN 37 mm Nam BM6774-51A,Trọng,4
dong-ho-kim-eco-drive-nam-day-kim-loai-citizen-bm6?utm_flashsale=1,CITIZEN 37 mm Nam BM6774-51A,Lê Sĩ Cường,3
dong-ho-kim-eco-drive-nam-day-kim-loai-citizen-bm6?utm_flashsale=1,CITIZEN 37 mm Nam BM6774-51A,Phùng Thị Thúy Hạnh,4
dong-ho-kim-eco-drive-nam-day-kim-loai-citizen-bm6?utm_flashsale=1,CITIZEN 37 mm Nam BM6774-51A,Vũ Đình Vinh,4
dong-ho-kim-eco-drive-nam-day-kim-loai-citizen-bm6?utm_flashsale=1,CITIZEN 37 mm Nam BM6774-51A,Nguyễn Văn Minh,5
dong-ho-kim-eco-drive-nam-day-kim-loai-citizen-bm6?utm_flashsale=1,CITIZEN 37 mm Nam BM6774-51A,Lê Văn Ninh,5
dong-ho-kim-eco-drive-nam-day-kim-loai-citizen-bm6?utm_flashsale=1,CITIZEN 37 mm Nam BM6774-51A,PHẠM SƠN TÙNG,4
citizen-em0504-81a-trang,CITIZEN 32 mm Nữ EM0504-81A,NGUYỄN THỊ HƯƠNG,4
citizen-em0504-81a-trang,CITIZEN 32 mm Nữ EM0504-81A,Văn Linh,5
citizen-em0504-81a-trang,CITIZEN 32 mm Nữ EM0504-81A,Chị Ly,4
citizen-em0504-81a-trang,CITIZEN 32 mm Nữ EM0504-81A,Thiện,4
citizen-em0504-81a-trang,CITIZEN 32 mm Nữ EM0504-81A,Quách Thị Bình,4
citizen-em0504-81a-trang,CITIZEN 32 mm Nữ EM0504-81A,Nam,4
citizen-em0504-81a-trang,CITIZEN 32 mm Nữ EM0504-81A,Khoa,4
dong-ho-kim-nam-day-kim-loai-citizen-bi1050-81e-de,CITIZEN 39.9 mm Nam BI1050-81E,Trần Thị Mộng Tuyền,4
dong-ho-kim-nam-day-kim-loai-citizen-bi1050-81e-de,CITIZEN 39.9 mm Nam BI1050-81E,Lê Vương Đệ,5
dong-ho-kim-nam-day-kim-loai-citizen-bi1050-81e-de,CITIZEN 39.9 mm Nam BI1050-81E,Em Dương,5
dong-ho-kim-nam-day-kim-loai-citizen-bi1050-81e-de,CITIZEN 39.9 mm Nam BI1050-81E,Thím Châu,5
dong-ho-kim-nam-day-kim-loai-citizen-bi1050-81e-de,CITIZEN 39.9 mm Nam BI1050-81E,Nguyễn Hoài Nam,4
dong-ho-kim-nam-day-kim-loai-citizen-bi1050-81e-de,CITIZEN 39.9 mm Nam BI1050-81E,Trâm,5
dong-ho-kim-nam-day-kim-loai-citizen-bi1050-81e-de,CITIZEN 39.9 mm Nam BI1050-81E,Lê Vương Đệ,5
dong-ho-kim-nam-day-kim-loai-citizen-bi1050-81e-de,CITIZEN 39.9 mm Nam BI1050-81E,Huỳnh Thanh Cảnh,5
dong-ho-kim-nam-day-kim-loai-citizen-bi1050-81e-de,CITIZEN 39.9 mm Nam BI1050-81E,Đức,5
dong-ho-nam-citizen-bi5000-87l-trang,CITIZEN 39 mm Nam BI5000-87L,Tiến,4
dong-ho-nam-citizen-bi5000-87l-trang,CITIZEN 39 mm Nam BI5000-87L,Nhật Trường,5
dong-ho-nam-citizen-bi5000-87l-trang,CITIZEN 39 mm Nam BI5000-87L,Tiến,4
dong-ho-nam-citizen-bi5000-87l-trang,CITIZEN 39 mm Nam BI5000-87L,PHAN HONG LUAN,4
dong-ho-nam-citizen-bi5000-87l-trang,CITIZEN 39 mm Nam BI5000-87L,Hương,4
dong-ho-nam-citizen-bi5000-87l-trang,CITIZEN 39 mm Nam BI5000-87L,Lê Thành Phong,4
dong-ho-nam-citizen-bi5000-87l-trang,CITIZEN 39 mm Nam BI5000-87L,Nguyễn Văn Lâm,4
dong-ho-nam-citizen-bi5000-87l-trang,CITIZEN 39 mm Nam BI5000-87L,Lâm Thị Trang,4
dong-ho-nam-citizen-bi5000-87l-trang,CITIZEN 39 mm Nam BI5000-87L,Thầy Hồ Đức Dương,4
dong-ho-nam-citizen-bi5000-87l-trang,CITIZEN 39 mm Nam BI5000-87L,Vĩnh Nguyễn,4
dong-ho-nam-citizen-bi5000-87l-trang,CITIZEN 39 mm Nam BI5000-87L,Hồng Gia Bảo,4
dong-ho-nam-citizen-bi5000-87l-trang,CITIZEN 39 mm Nam BI5000-87L,Nguyễn Phi Bình,2
dong-ho-nam-citizen-bi5000-87l-trang,CITIZEN 39 mm Nam BI5000-87L,Tung Thanh,4
dong-ho-nam-citizen-bi5000-87l-trang,CITIZEN 39 mm Nam BI5000-87L,Đàm Văn Chức,5
dong-ho-nam-citizen-bi5000-87l-trang,CITIZEN 39 mm Nam BI5000-87L,Dũng,3
dong-ho-nam-citizen-bi5000-87l-trang,CITIZEN 39 mm Nam BI5000-87L,Bùi Doãn Mạnh,4
dong-ho-nam-citizen-bi5000-87l-trang,CITIZEN 39 mm Nam BI5000-87L,Anh Cộng,3
dong-ho-nam-citizen-bi5000-87l-trang,CITIZEN 39 mm Nam BI5000-87L,Lê Anh Nhựt,5
dong-ho-nam-citizen-bi5000-87l-trang,CITIZEN 39 mm Nam BI5000-87L,Chị Hà,4
dong-ho-nam-citizen-bi5000-87l-trang,CITIZEN 39 mm Nam BI5000-87L,Anh Chiến,5
dong-ho-nam-citizen-bi5006-81p-vang?utm_flashsale=1,CITIZEN 39 mm Nam BI5006-81P,Anh,5
dong-ho-nam-citizen-bi5006-81p-vang?utm_flashsale=1,CITIZEN 39 mm Nam BI5006-81P,Trần Văn Hưng,5
dong-ho-nam-citizen-bi5006-81p-vang?utm_flashsale=1,CITIZEN 39 mm Nam BI5006-81P,Tran Phuong,4
dong-ho-nam-citizen-bi5006-81p-vang?utm_flashsale=1,CITIZEN 39 mm Nam BI5006-81P,Cấn Kim Sơn,5
dong-ho-nam-citizen-bi5006-81p-vang?utm_flashsale=1,CITIZEN 39 mm Nam BI5006-81P,Bình,1
dong-ho-nam-citizen-bi5006-81p-vang?utm_flashsale=1,CITIZEN 39 mm Nam BI5006-81P,Giang,5
dong-ho-nam-citizen-bi5006-81p-vang?utm_flashsale=1,CITIZEN 39 mm Nam BI5006-81P,BÙI VĂN TUẤN,5
dong-ho-nam-citizen-bi5006-81p-vang?utm_flashsale=1,CITIZEN 39 mm Nam BI5006-81P,Diem,4
dong-ho-nam-citizen-bi5006-81p-vang?utm_flashsale=1,CITIZEN 39 mm Nam BI5006-81P,Trương Tấn Điệp,4
dong-ho-nam-citizen-bi5006-81p-vang?utm_flashsale=1,CITIZEN 39 mm Nam BI5006-81P,NGUYỄN MINH KHANG,4
dong-ho-nam-citizen-bi5006-81p-vang?utm_flashsale=1,CITIZEN 39 mm Nam BI5006-81P,Em Nguyễn Đức Mạnh,5
dong-ho-nam-citizen-bi5006-81p-vang?utm_flashsale=1,CITIZEN 39 mm Nam BI5006-81P,Huu,5
citizen-eu6070-51d-trang,CITIZEN 28 mm Nữ EU6070-51D,Chị Thủy,4
citizen-eu6070-51d-trang,CITIZEN 28 mm Nữ EU6070-51D,Anh Nhân,5
citizen-eu6070-51d-trang,CITIZEN 28 mm Nữ EU6070-51D,Ngọc,2
citizen-eu6070-51d-trang,CITIZEN 28 mm Nữ EU6070-51D,Chị Mềm,4
citizen-eu6070-51d-trang,CITIZEN 28 mm Nữ EU6070-51D,My,5
orient-fgw01008w0-nam,ORIENT 37.9 mm Nam FGW01008W0,Nguyễn Trung Nam,3
orient-fgw01008w0-nam,ORIENT 37.9 mm Nam FGW01008W0,Kiều Van Thuỷ,4
orient-fgw01008w0-nam,ORIENT 37.9 mm Nam FGW01008W0,Đức,3
orient-fgw01008w0-nam,ORIENT 37.9 mm Nam FGW01008W0,TRƯƠNG TẤN HÙNG,3
orient-fgw01008w0-nam,ORIENT 37.9 mm Nam FGW01008W0,Lê Tấn Khánh,4
orient-fgw01008w0-nam,ORIENT 37.9 mm Nam FGW01008W0,Hậu,5
orient-fgw01008w0-nam,ORIENT 37.9 mm Nam FGW01008W0,Hùng,4
orient-fgw01008w0-nam,ORIENT 37.9 mm Nam FGW01008W0,Nguyễn Thị Thu Diệp,5
orient-fgw01008w0-nam,ORIENT 37.9 mm Nam FGW01008W0,58080 - Đỗ Minh Nhật,5
orient-fgw01008w0-nam,ORIENT 37.9 mm Nam FGW01008W0,Chu Văn Trọng,4
orient-fgw0100fw0-nam,ORIENT 37.9 mm Nam FGW0100FW0,TRI VAN DIEN,5
orient-fgw0100fw0-nam,ORIENT 37.9 mm Nam FGW0100FW0,Anh Định,5
orient-fgw0100fw0-nam,ORIENT 37.9 mm Nam FGW0100FW0,Cuc,5
orient-fgw0100fw0-nam,ORIENT 37.9 mm Nam FGW0100FW0,Tuấn,2
orient-fgw0100fw0-nam,ORIENT 37.9 mm Nam FGW0100FW0,Nguyễn Thanh Hùng,5
orient-fgw0100fw0-nam,ORIENT 37.9 mm Nam FGW0100FW0,Nhài,4
orient-fgw0100fw0-nam,ORIENT 37.9 mm Nam FGW0100FW0,Thành,3
orient-ra-ac0e02s10b-nam-co-tu-dong?utm_flashsale=1,ORIENT 39.5 mm Nam RA-AC0E02S10B,Thanh,5
orient-ra-ac0e02s10b-nam-co-tu-dong?utm_flashsale=1,ORIENT 39.5 mm Nam RA-AC0E02S10B,Lê Hồng Phong,5
orient-ra-ac0e02s10b-nam-co-tu-dong?utm_flashsale=1,ORIENT 39.5 mm Nam RA-AC0E02S10B,Khoa,1
orient-ra-ac0e02s10b-nam-co-tu-dong?utm_flashsale=1,ORIENT 39.5 mm Nam RA-AC0E02S10B,Anh Tình,1
orient-ra-ac0e02s10b-nam-co-tu-dong?utm_flashsale=1,ORIENT 39.5 mm Nam RA-AC0E02S10B,Khoa,2
orient-ra-ac0e02s10b-nam-co-tu-dong?utm_flashsale=1,ORIENT 39.5 mm Nam RA-AC0E02S10B,Nguyen Danh Le,3
orient-ra-ac0e02s10b-nam-co-tu-dong?utm_flashsale=1,ORIENT 39.5 mm Nam RA-AC0E02S10B,Thành Nhân,4
orient-ra-ac0e02s10b-nam-co-tu-dong?utm_flashsale=1,ORIENT 39.5 mm Nam RA-AC0E02S10B,Anh Nam,5
orient-ra-ac0e02s10b-nam-co-tu-dong?utm_flashsale=1,ORIENT 39.5 mm Nam RA-AC0E02S10B,Trần Vạn Phước,5
orient-ra-ac0e02s10b-nam-co-tu-dong?utm_flashsale=1,ORIENT 39.5 mm Nam RA-AC0E02S10B,Chinh,2
orient-ra-ac0e02s10b-nam-co-tu-dong?utm_flashsale=1,ORIENT 39.5 mm Nam RA-AC0E02S10B,Bảo,5
orient-ra-ag0005l10b-nam-co-tu-dong,ORIENT Bambino 40 mm Nam RA-AG0005L10B,Nguyễn Chí Tâm,5
orient-ra-ag0005l10b-nam-co-tu-dong,ORIENT Bambino 40 mm Nam RA-AG0005L10B,Anh Kiệt,5
orient-ra-ag0005l10b-nam-co-tu-dong,ORIENT Bambino 40 mm Nam RA-AG0005L10B,Việt,5
orient-ra-ag0005l10b-nam-co-tu-dong,ORIENT Bambino 40 mm Nam RA-AG0005L10B,Đinh Hữu Hợi,5
orient-ra-ag0005l10b-nam-co-tu-dong,ORIENT Bambino 40 mm Nam RA-AG0005L10B,Lê Hải Trung,5
orient-ra-ag0005l10b-nam-co-tu-dong,ORIENT Bambino 40 mm Nam RA-AG0005L10B,Thành,5
orient-ra-ag0005l10b-nam-co-tu-dong,ORIENT Bambino 40 mm Nam RA-AG0005L10B,Nguyễn Văn Của,4
orient-ra-ag0005l10b-nam-co-tu-dong,ORIENT Bambino 40 mm Nam RA-AG0005L10B,Đỗ Tiến Lực,4
orient-ra-ag0005l10b-nam-co-tu-dong,ORIENT Bambino 40 mm Nam RA-AG0005L10B,Anh Tiệp,5
orient-ra-ag0005l10b-nam-co-tu-dong,ORIENT Bambino 40 mm Nam RA-AG0005L10B,Nguyễn Lâm Giang,4
orient-ra-ag0005l10b-nam-co-tu-dong,ORIENT Bambino 40 mm Nam RA-AG0005L10B,Đức,5
orient-ra-ag0005l10b-nam-co-tu-dong,ORIENT Bambino 40 mm Nam RA-AG0005L10B,Đỗ Hoàng Lâm,5
orient-ra-ag0005l10b-nam-co-tu-dong,ORIENT Bambino 40 mm Nam RA-AG0005L10B,Chu Văn Phương,4
orient-ra-ag0005l10b-nam-co-tu-dong,ORIENT Bambino 40 mm Nam RA-AG0005L10B,Bùi Trọng Toản,5
orient-ra-ag0005l10b-nam-co-tu-dong,ORIENT Bambino 40 mm Nam RA-AG0005L10B,Anh Phong,1
orient-ra-ag0005l10b-nam-co-tu-dong,ORIENT Bambino 40 mm Nam RA-AG0005L10B,NGUYỄN THÀNH TRỌNG,5
orient-ra-ag0005l10b-nam-co-tu-dong,ORIENT Bambino 40 mm Nam RA-AG0005L10B,Nguyễn Văn Tình,5
orient-ra-ag0005l10b-nam-co-tu-dong,ORIENT Bambino 40 mm Nam RA-AG0005L10B,Anh Kiet,4
orient-ra-ag0005l10b-nam-co-tu-dong,ORIENT Bambino 40 mm Nam RA-AG0005L10B,Long,5
orient-ra-ag0005l10b-nam-co-tu-dong,ORIENT Bambino 40 mm Nam RA-AG0005L10B,Chị Ly,5
orient-ra-ag0005l10b-nam-co-tu-dong,ORIENT Bambino 40 mm Nam RA-AG0005L10B,Huỳnh Hiếu Đức,5
orient-ra-ag0005l10b-nam-co-tu-dong,ORIENT Bambino 40 mm Nam RA-AG0005L10B,ĐẶNG HỒNG PHÚC,5
orient-fag03001b0-nam-co-tu-dong,ORIENT 38.5 mm Nam FAG03001B0,Thúy Kiều,4
orient-fag03001b0-nam-co-tu-dong,ORIENT 38.5 mm Nam FAG03001B0,Lê Hoàng Mỹ Anh,5
orient-fag03001b0-nam-co-tu-dong,ORIENT 38.5 mm Nam FAG03001B0,Nguyễn Văn Đức,3
orient-fag03001b0-nam-co-tu-dong,ORIENT 38.5 mm Nam FAG03001B0,Bùi Xuân Nam,5
orient-fag03001b0-nam-co-tu-dong,ORIENT 38.5 mm Nam FAG03001B0,NGUYEN DUC TAI,5
orient-fag03001b0-nam-co-tu-dong,ORIENT 38.5 mm Nam FAG03001B0,NGUYỄN THỊ ÁNH,5
orient-fag03001b0-nam-co-tu-dong,ORIENT 38.5 mm Nam FAG03001B0,Duc Vinh,5
orient-fag03001b0-nam-co-tu-dong,ORIENT 38.5 mm Nam FAG03001B0,NGỌC,5
orient-fag03001b0-nam-co-tu-dong,ORIENT 38.5 mm Nam FAG03001B0,Đoàn Xuân Tiến,5
orient-fag03001b0-nam-co-tu-dong,ORIENT 38.5 mm Nam FAG03001B0,Nguyễn Hoài Văn,4
orient-fag03001b0-nam-co-tu-dong,ORIENT 38.5 mm Nam FAG03001B0,NGUYỄN MẠNH THIẾT,4
orient-fag03001b0-nam-co-tu-dong,ORIENT 38.5 mm Nam FAG03001B0,Nguyễn Văn Sơn,4
orient-fag03001b0-nam-co-tu-dong,ORIENT 38.5 mm Nam FAG03001B0,Chương Mỹ Châu,4
citizen-eq9062-58a-nu?utm_flashsale=1,CITIZEN 34.1 mm Nữ EQ9062-58A,Vu Văn Vượng,5
citizen-eq9062-58a-nu?utm_flashsale=1,CITIZEN 34.1 mm Nữ EQ9062-58A,Huy,3
citizen-eq9062-58a-nu?utm_flashsale=1,CITIZEN 34.1 mm Nữ EQ9062-58A,Nguyễn Thị Bích Ngọc,5
citizen-eq9062-58a-nu?utm_flashsale=1,CITIZEN 34.1 mm Nữ EQ9062-58A,Anh Tuấn,4
citizen-eq9062-58a-nu?utm_flashsale=1,CITIZEN 34.1 mm Nữ EQ9062-58A,Dũng,5
citizen-bf2022-55h-nam,CITIZEN 41 mm Nam BF2022-55H,Sang,5
citizen-bf2022-55h-nam,CITIZEN 41 mm Nam BF2022-55H,Trường,3
citizen-bf2022-55h-nam,CITIZEN 41 mm Nam BF2022-55H,Quốc Quyền,4
citizen-bf2022-55h-nam,CITIZEN 41 mm Nam BF2022-55H,Vũ Văn Đức,5
citizen-bf2022-55h-nam,CITIZEN 41 mm Nam BF2022-55H,Lò Văn Thăm,1
citizen-bf2022-55h-nam,CITIZEN 41 mm Nam BF2022-55H,ĐOÀN MINH TRÍ,5
citizen-bf2022-55h-nam,CITIZEN 41 mm Nam BF2022-55H,Nguyễn Trọng Bình,5
orient-ra-ap0003s10b-nam?utm_flashsale=1,ORIENT Bambino 40 mm Nam RA-AP0003S10B,Nguyễn Ngọc Nam,5
orient-ra-ap0003s10b-nam?utm_flashsale=1,ORIENT Bambino 40 mm Nam RA-AP0003S10B,Mã Hữu Duyên,5
orient-ra-ap0003s10b-nam?utm_flashsale=1,ORIENT Bambino 40 mm Nam RA-AP0003S10B,Thiện,2
orient-ra-ap0003s10b-nam?utm_flashsale=1,ORIENT Bambino 40 mm Nam RA-AP0003S10B,A Tâm,4
orient-ra-ap0003s10b-nam?utm_flashsale=1,ORIENT Bambino 40 mm Nam RA-AP0003S10B,Dương,5
orient-ra-ap0005b10b-nam?utm_flashsale=1,ORIENT Bambino 40 mm Nam RA-AP0005B10B,Chị Thư,4
orient-ra-ap0005b10b-nam?utm_flashsale=1,ORIENT Bambino 40 mm Nam RA-AP0005B10B,Anh Lực,5
orient-ra-ap0005b10b-nam?utm_flashsale=1,ORIENT Bambino 40 mm Nam RA-AP0005B10B,Lương Van Lợi,1
orient-ra-ap0005b10b-nam?utm_flashsale=1,ORIENT Bambino 40 mm Nam RA-AP0005B10B,Huy,5
orient-ra-ap0005b10b-nam?utm_flashsale=1,ORIENT Bambino 40 mm Nam RA-AP0005B10B,LÊ HỮU TÌNH,4
citizen-nh8350-08b-nam,CITIZEN Mechanical 40 mm Nam NH8350-08B,Đào Duy Tiến,5
citizen-nh8350-08b-nam,CITIZEN Mechanical 40 mm Nam NH8350-08B,Anh Bé,5
citizen-nh8350-08b-nam,CITIZEN Mechanical 40 mm Nam NH8350-08B,Nguyễn Hồng Dũng,5
citizen-nh8350-08b-nam,CITIZEN Mechanical 40 mm Nam NH8350-08B,46139 Lê Thị Cẩm Giang,5
citizen-nh8350-08b-nam,CITIZEN Mechanical 40 mm Nam NH8350-08B,Phạm Phong Toàn,5
citizen-nh8350-08b-nam,CITIZEN Mechanical 40 mm Nam NH8350-08B,Đỗ Quang Tín,5
citizen-nh8350-08b-nam,CITIZEN Mechanical 40 mm Nam NH8350-08B,Huỳnh Quốc Minh,5
citizen-nh8350-08b-nam,CITIZEN Mechanical 40 mm Nam NH8350-08B,Hồ Văn Sĩ,5
citizen-bi1050-56a-nam,CITIZEN 40 mm Nam BI1050-56A,Lương Minh Tuấn,1
citizen-bi1050-56a-nam,CITIZEN 40 mm Nam BI1050-56A,Anh Thịnh,5
citizen-bi1050-56a-nam,CITIZEN 40 mm Nam BI1050-56A,Anh Tuyền,5
citizen-bi1050-56a-nam,CITIZEN 40 mm Nam BI1050-56A,La Hoài Nghi,5
citizen-bi1050-56a-nam,CITIZEN 40 mm Nam BI1050-56A,Nguyễn Văn Đại,5
citizen-bi1050-56a-nam,CITIZEN 40 mm Nam BI1050-56A,Do Dang Kim,3
citizen-bi1050-56a-nam,CITIZEN 40 mm Nam BI1050-56A,Chị Nhung,5
citizen-bi1050-56a-nam,CITIZEN 40 mm Nam BI1050-56A,Anh Duy,5
citizen-bi1050-56a-nam,CITIZEN 40 mm Nam BI1050-56A,NGUYỄN PHÙNG HIỀN,2
citizen-bi1050-56a-nam,CITIZEN 40 mm Nam BI1050-56A,Đinh Văn Toán,5
citizen-el3044-89d-nu,CITIZEN 31 mm Nữ EL3044-89D,Võ Đức Nhã,2
citizen-el3044-89d-nu,CITIZEN 31 mm Nữ EL3044-89D,Nguyễn Thị Tú Anh,4
citizen-el3044-89d-nu,CITIZEN 31 mm Nữ EL3044-89D,Hoàng Xuân Hòa,5
citizen-el3044-89d-nu,CITIZEN 31 mm Nữ EL3044-89D,Đỗ Văn Hoàng,4
citizen-el3044-89d-nu,CITIZEN 31 mm Nữ EL3044-89D,Trần Văn Đương,5
citizen-el3044-89d-nu,CITIZEN 31 mm Nữ EL3044-89D,Anh Nguyễn Hạo Thiên,5
citizen-el3048-53e-nu?utm_flashsale=1,CITIZEN 31 mm Nữ EL3048-53E,Huỳnh Đức Qui,5
citizen-el3048-53e-nu?utm_flashsale=1,CITIZEN 31 mm Nữ EL3048-53E,Trúc Nguyên,4
casio-mq-24mg-1edf-nam,CASIO 34.7 mm Nam MQ-24MG-1EDF,Pon Hí,5
casio-mq-24mg-1edf-nam,CASIO 34.7 mm Nam MQ-24MG-1EDF,ĐĂNG,5
casio-mq-24mg-1edf-nam,CASIO 34.7 mm Nam MQ-24MG-1EDF,Hoàng,4
casio-mq-24mg-1edf-nam,CASIO 34.7 mm Nam MQ-24MG-1EDF,Nguyễn Thùy Kim Chi,4
casio-mq-24mg-1edf-nam,CASIO 34.7 mm Nam MQ-24MG-1EDF,Anh Thuỳ,4
casio-mq-24mg-1edf-nam,CASIO 34.7 mm Nam MQ-24MG-1EDF,NGUYỄN HOÀI LINH,4
casio-mq-24mg-1edf-nam,CASIO 34.7 mm Nam MQ-24MG-1EDF,Sang,5
orient-ra-ap0001s10b-nam?utm_flashsale=1,ORIENT Bambino 40.5 mm Nam RA-AP0001S10B,Tiết Văn Kha,5
orient-ra-ap0001s10b-nam?utm_flashsale=1,ORIENT Bambino 40.5 mm Nam RA-AP0001S10B,Trần Công Huân,4
orient-ra-ap0001s10b-nam?utm_flashsale=1,ORIENT Bambino 40.5 mm Nam RA-AP0001S10B,Lê Hoàng Tính,4
orient-ra-ap0001s10b-nam?utm_flashsale=1,ORIENT Bambino 40.5 mm Nam RA-AP0001S10B,Anh Đăng,5
orient-ra-ag0029n10b-nam,ORIENT Bambino 40.5 mm Nam RA-AG0029N10B,Cần,3
orient-ra-ag0029n10b-nam,ORIENT Bambino 40.5 mm Nam RA-AG0029N10B,Châu Văn Thăng,5
orient-ra-ag0029n10b-nam,ORIENT Bambino 40.5 mm Nam RA-AG0029N10B,Anh Quân,3
orient-ra-ag0029n10b-nam,ORIENT Bambino 40.5 mm Nam RA-AG0029N10B,Chú Trung,5
orient-ra-ag0029n10b-nam,ORIENT Bambino 40.5 mm Nam RA-AG0029N10B,Đặng Ngọc Quỳnh,3
orient-ra-ag0029n10b-nam,ORIENT Bambino 40.5 mm Nam RA-AG0029N10B,Vương Công Hoà,4
orient-ra-ag0029n10b-nam,ORIENT Bambino 40.5 mm Nam RA-AG0029N10B,NGUYỄN TRỌNG TRÂM,4
orient-ra-ag0029n10b-nam,ORIENT Bambino 40.5 mm Nam RA-AG0029N10B,PHẠM THỊ MỸ NHUNG,4
orient-ra-ac0008s10b-nu?utm_flashsale=1,ORIENT Bambino 36.4 mm Nữ RA-AC0008S10B,Đỗ Hoàng Thống,5
orient-ra-ac0008s10b-nu?utm_flashsale=1,ORIENT Bambino 36.4 mm Nữ RA-AC0008S10B,Nguyễn Thuý,4
orient-ra-ac0008s10b-nu?utm_flashsale=1,ORIENT Bambino 36.4 mm Nữ RA-AC0008S10B,Ngạn,5
orient-ra-ac0008s10b-nu?utm_flashsale=1,ORIENT Bambino 36.4 mm Nữ RA-AC0008S10B,Nguyễn Thị Thanh Thúy,5
orient-ra-ac0008s10b-nu?utm_flashsale=1,ORIENT Bambino 36.4 mm Nữ RA-AC0008S10B,Ao Trường Châu,5
g-shock-ga-110mmc-1adr-nam?utm_flashsale=1,G-SHOCK 51.2 mm Nam GA-110MMC-1ADR,Nguyễn Văn Năng,5
g-shock-ga-110mmc-1adr-nam?utm_flashsale=1,G-SHOCK 51.2 mm Nam GA-110MMC-1ADR,Danh,5
g-shock-ga-110mmc-1adr-nam?utm_flashsale=1,G-SHOCK 51.2 mm Nam GA-110MMC-1ADR,Trung,5
g-shock-ga-110mmc-1adr-nam?utm_flashsale=1,G-SHOCK 51.2 mm Nam GA-110MMC-1ADR,Trần Trường Huy,5
g-shock-ga-110mmc-1adr-nam?utm_flashsale=1,G-SHOCK 51.2 mm Nam GA-110MMC-1ADR,Trần Đức Kiên,5
g-shock-ga-110mmc-1adr-nam?utm_flashsale=1,G-SHOCK 51.2 mm Nam GA-110MMC-1ADR,Đức Trung,5
nakzen-sl5055grebn-7n0-nam,NAKZEN 39 mm Nam SL5055GREBN-7N0,Ông Thị Ý Nhi,5
nakzen-sl5055grebn-7n0-nam,NAKZEN 39 mm Nam SL5055GREBN-7N0,Anh Dũng,4
nakzen-sl5055grebn-7n0-nam,NAKZEN 39 mm Nam SL5055GREBN-7N0,LÊ HOÀNG DUY,5
nakzen-sl5055grebn-7n0-nam,NAKZEN 39 mm Nam SL5055GREBN-7N0,Chú Quang,5
nakzen-sl5055grebn-7n0-nam,NAKZEN 39 mm Nam SL5055GREBN-7N0,Bé Nga,3
nakzen-sl5055grebn-7n0-nam,NAKZEN 39 mm Nam SL5055GREBN-7N0,Hoàng Vũ,4
nakzen-ss4051g-7-nam?utm_flashsale=1,NAKZEN 40.2 mm Nam SS4051G-7,Trương Quang Trí,1
nakzen-ss4051g-7-nam?utm_flashsale=1,NAKZEN 40.2 mm Nam SS4051G-7,Trương Quang Trí,2
nakzen-ss4051g-7-nam?utm_flashsale=1,NAKZEN 40.2 mm Nam SS4051G-7,Trịnh Phúc Hậu,5
nakzen-ss4051g-7-nam?utm_flashsale=1,NAKZEN 40.2 mm Nam SS4051G-7,LE HUU LOC,5
nakzen-ss4051g-7-nam?utm_flashsale=1,NAKZEN 40.2 mm Nam SS4051G-7,Sơn Huy,5
nakzen-ss4051g-7-nam?utm_flashsale=1,NAKZEN 40.2 mm Nam SS4051G-7,Vy,5
nakzen-ss4051g-7-nam?utm_flashsale=1,NAKZEN 40.2 mm Nam SS4051G-7,Hậu,5
nakzen-ss4051g-7-nam?utm_flashsale=1,NAKZEN 40.2 mm Nam SS4051G-7,Hoà,3
nakzen-ss4051g-7-nam?utm_flashsale=1,NAKZEN 40.2 mm Nam SS4051G-7,Chị Nga,4
nakzen-ss1015l-7n0-nu,NAKZEN Hoa & Gió 30 mm Nữ SS1015L-7N0,Lê Xuân Vương,5
nakzen-ss1015l-7n0-nu,NAKZEN Hoa & Gió 30 mm Nữ SS1015L-7N0,Thảo,2
nakzen-ss1015l-7n0-nu,NAKZEN Hoa & Gió 30 mm Nữ SS1015L-7N0,Thắm,5
nakzen-ss1015l-7n0-nu,NAKZEN Hoa & Gió 30 mm Nữ SS1015L-7N0,Thoảng,5
nakzen-ss1015l-7n0-nu,NAKZEN Hoa & Gió 30 mm Nữ SS1015L-7N0,ĐẶNG VŨ THỊ KIM THOA,2
nakzen-ss1015l-7n0-nu,NAKZEN Hoa & Gió 30 mm Nữ SS1015L-7N0,Chị Lan,4
nakzen-ss1015l-7n0-nu,NAKZEN Hoa & Gió 30 mm Nữ SS1015L-7N0,Thu Phương,4
nakzen-ss1015l-7n0-nu,NAKZEN Hoa & Gió 30 mm Nữ SS1015L-7N0,Chị Nhi,5
nakzen-ss1015l-7n0-nu,NAKZEN Hoa & Gió 30 mm Nữ SS1015L-7N0,Phương Nghi,4
nakzen-ss1015l-7n0-nu,NAKZEN Hoa & Gió 30 mm Nữ SS1015L-7N0,Chị Huê,4
citizen-eq9063-55a-nu?utm_flashsale=1,CITIZEN 34 mm Nữ EQ9063-55A,Nhi,2
citizen-eq9063-55a-nu?utm_flashsale=1,CITIZEN 34 mm Nữ EQ9063-55A,Nguyệt,5
citizen-eq9063-55a-nu?utm_flashsale=1,CITIZEN 34 mm Nữ EQ9063-55A,Chị Thuỷ,4
citizen-eq9063-55a-nu?utm_flashsale=1,CITIZEN 34 mm Nữ EQ9063-55A,C Xuân,3
citizen-bf2003-25a-nam,CITIZEN 41 mm Nam BF2003-25A,Lê Hiền,1
citizen-bf2003-25a-nam,CITIZEN 41 mm Nam BF2003-25A,Hoàng Thành,5
citizen-bf2003-25a-nam,CITIZEN 41 mm Nam BF2003-25A,ĐỖ MINH ĐƯƠNG,4
citizen-bf2003-25a-nam,CITIZEN 41 mm Nam BF2003-25A,75573 - Phạm Hoàng Thái,5
citizen-bf2003-25a-nam,CITIZEN 41 mm Nam BF2003-25A,Đặng Quốc Bảo,5
citizen-bf2003-25a-nam,CITIZEN 41 mm Nam BF2003-25A,Phan Đức,3
nakzen-ss4063l-2no-nu?utm_flashsale=1,NAKZEN Hoa & Gió 36 mm Nữ SS4063L-2NO,Võ Thị Thùy Trang,5
nakzen-ss4063l-2no-nu?utm_flashsale=1,NAKZEN Hoa & Gió 36 mm Nữ SS4063L-2NO,Huỳnh Lê Thuỳ,3
nakzen-ss4063l-2no-nu?utm_flashsale=1,NAKZEN Hoa & Gió 36 mm Nữ SS4063L-2NO,Phương,4
nakzen-ss4063l-2no-nu?utm_flashsale=1,NAKZEN Hoa & Gió 36 mm Nữ SS4063L-2NO,Trần Hoàng Nghĩa,5
nakzen-ss4063l-2no-nu?utm_flashsale=1,NAKZEN Hoa & Gió 36 mm Nữ SS4063L-2NO,Anh Chương,5
nakzen-ss4063l-2no-nu?utm_flashsale=1,NAKZEN Hoa & Gió 36 mm Nữ SS4063L-2NO,Chị Phượng,5
nakzen-ss4063l-2no-nu?utm_flashsale=1,NAKZEN Hoa & Gió 36 mm Nữ SS4063L-2NO,Hiếu,4
nakzen-ss4063l-2no-nu?utm_flashsale=1,NAKZEN Hoa & Gió 36 mm Nữ SS4063L-2NO,Lê Thị Hồng Nhung,4
nakzen-ss4063l-2no-nu?utm_flashsale=1,NAKZEN Hoa & Gió 36 mm Nữ SS4063L-2NO,Tho,5
q-q-s294j401y-nam?utm_flashsale=1,Q&Q 40 mm Nam S294J401Y,HUỲNH THỊ THANH TÚ,4
q-q-s294j401y-nam?utm_flashsale=1,Q&Q 40 mm Nam S294J401Y,Huỳnh Lợi,5
q-q-s294j401y-nam?utm_flashsale=1,Q&Q 40 mm Nam S294J401Y,Quang Phúc,3
q-q-s294j401y-nam?utm_flashsale=1,Q&Q 40 mm Nam S294J401Y,Phạm Văn Nhật Phàm,5
q-q-s396j201y-nam,Q&Q 40 mm Nam S396J201Y,Nhung,5
q-q-s396j201y-nam,Q&Q 40 mm Nam S396J201Y,Trang Anh Tuấn,5
q-q-s396j201y-nam,Q&Q 40 mm Nam S396J201Y,Bành Tuấn Thanh,4
q-q-s396j201y-nam,Q&Q 40 mm Nam S396J201Y,Anh Đức,5
q-q-s396j201y-nam,Q&Q 40 mm Nam S396J201Y,CHÂU QUÍT THI,5
q-q-s396j201y-nam,Q&Q 40 mm Nam S396J201Y,Nguyễn Văn Hộp,5
q-q-s396j201y-nam,Q&Q 40 mm Nam S396J201Y,Nguyên,4
q-q-s396j201y-nam,Q&Q 40 mm Nam S396J201Y,Nguyễn Mạnh Hùng,4
q-q-s396j201y-nam,Q&Q 40 mm Nam S396J201Y,Đỗ Phương Đông,4
q-q-s396j201y-nam,Q&Q 40 mm Nam S396J201Y,Hậu,4
q-q-s396j202y-nam,Q&Q 40 mm Nam S396J202Y,Quốc Duy,5
q-q-s396j202y-nam,Q&Q 40 mm Nam S396J202Y,Phan Phước Lộc,5
q-q-s396j202y-nam,Q&Q 40 mm Nam S396J202Y,Phuong Uyen,4
q-q-s396j202y-nam,Q&Q 40 mm Nam S396J202Y,Sang,4
q-q-s396j202y-nam,Q&Q 40 mm Nam S396J202Y,Vũ Văn Dân,5
q-q-s396j202y-nam,Q&Q 40 mm Nam S396J202Y,Chung,5
q-q-s396j202y-nam,Q&Q 40 mm Nam S396J202Y,Vũ Tiến Dũng,4
q-q-s396j202y-nam,Q&Q 40 mm Nam S396J202Y,Chị Phương,5
q-q-s396j202y-nam,Q&Q 40 mm Nam S396J202Y,Nguyễn Kim Tùng,4
q-q-s396j202y-nam,Q&Q 40 mm Nam S396J202Y,Thảo,5
q-q-s396j202y-nam,Q&Q 40 mm Nam S396J202Y,Phạm Hồng Sơn,4
q-q-s396j202y-nam,Q&Q 40 mm Nam S396J202Y,Nguyễn Văn Thức,4
q-q-s396j202y-nam,Q&Q 40 mm Nam S396J202Y,Huỳnh Tân Tiến,5
q-q-s396j202y-nam,Q&Q 40 mm Nam S396J202Y,Anh Thanh,5
q-q-s396j202y-nam,Q&Q 40 mm Nam S396J202Y,Anh Vũ Văn Bính,4
q-q-s396j202y-nam,Q&Q 40 mm Nam S396J202Y,Lê Thuận Sỹ,5
q-q-s396j202y-nam,Q&Q 40 mm Nam S396J202Y,Việt,5
q-q-s396j202y-nam,Q&Q 40 mm Nam S396J202Y,Anh Tuấn,5
q-q-s396j202y-nam,Q&Q 40 mm Nam S396J202Y,Nguyễn Minh Huy,5
q-q-s396j202y-nam,Q&Q 40 mm Nam S396J202Y,Nguyễn Tuấn Khanh,5
smile-kid-sl031-01?utm_flashsale=1,SMILE KID 30 mm Trẻ em SL031-01,Hạnh,3
smile-kid-sl031-01?utm_flashsale=1,SMILE KID 30 mm Trẻ em SL031-01,Dương Thị Sen,5
smile-kid-sl031-01?utm_flashsale=1,SMILE KID 30 mm Trẻ em SL031-01,Anh Tuấn,4
smile-kid-sl031-01?utm_flashsale=1,SMILE KID 30 mm Trẻ em SL031-01,CHỊ PHAM,5
smile-kid-sl031-01?utm_flashsale=1,SMILE KID 30 mm Trẻ em SL031-01,Trương Thanh Tâm,4
smile-kid-sl031-01?utm_flashsale=1,SMILE KID 30 mm Trẻ em SL031-01,Anh Phát,5
smile-kid-sl031-01?utm_flashsale=1,SMILE KID 30 mm Trẻ em SL031-01,Tiên,5
smile-kid-sl031-01?utm_flashsale=1,SMILE KID 30 mm Trẻ em SL031-01,Loan,3
smile-kid-sl031-01?utm_flashsale=1,SMILE KID 30 mm Trẻ em SL031-01,Ngô Thị Kim Ngân,5
smile-kid-sl031-01?utm_flashsale=1,SMILE KID 30 mm Trẻ em SL031-01,NGUYỄN THỊ PHƯỢNG,4
smile-kid-sl031-01?utm_flashsale=1,SMILE KID 30 mm Trẻ em SL031-01,Bách,5
smile-kid-sl031-01?utm_flashsale=1,SMILE KID 30 mm Trẻ em SL031-01,Nguyễn Thị Tâm,4
smile-kid-sl031-01?utm_flashsale=1,SMILE KID 30 mm Trẻ em SL031-01,Ngọc Thị Ánh,4
smile-kid-sl031-01?utm_flashsale=1,SMILE KID 30 mm Trẻ em SL031-01,Hằng,5
smile-kid-sl031-01?utm_flashsale=1,SMILE KID 30 mm Trẻ em SL031-01,NGUYỄN THỊ MÀU,5
q-q-s397j212y-nu,Q&Q 31 mm Nữ S397J212Y,Nguyễn Anh Huy,5
q-q-s397j212y-nu,Q&Q 31 mm Nữ S397J212Y,Thanh Nho,2
q-q-s397j212y-nu,Q&Q 31 mm Nữ S397J212Y,Trần Kiều Nương,4
q-q-s397j212y-nu,Q&Q 31 mm Nữ S397J212Y,Chị Dung,4
q-q-s397j212y-nu,Q&Q 31 mm Nữ S397J212Y,Huỳnh Thị Nhớ,4
q-q-s397j212y-nu,Q&Q 31 mm Nữ S397J212Y,Oanh,5
q-q-s397j212y-nu,Q&Q 31 mm Nữ S397J212Y,Nguyễn Thị Nguyệt,5
q-q-s397j212y-nu,Q&Q 31 mm Nữ S397J212Y,Vũ Thị Duyên,4
q-q-s397j212y-nu,Q&Q 31 mm Nữ S397J212Y,Tuân,5
q-q-s397j212y-nu,Q&Q 31 mm Nữ S397J212Y,Nguyễn Hoàng Thạch,5
q-q-s397j212y-nu,Q&Q 31 mm Nữ S397J212Y,Trần Minh Anh,4
q-q-s397j212y-nu,Q&Q 31 mm Nữ S397J212Y,Hằng,5
q-q-s397j212y-nu,Q&Q 31 mm Nữ S397J212Y,Phan Hồng Vũ,5
q-q-s397j212y-nu,Q&Q 31 mm Nữ S397J212Y,Nguyễn Đức Mậu,5
q-q-s399j021y-nu,Q&Q 30 mm Nữ S399J021Y,Ngân,5
q-q-s399j021y-nu,Q&Q 30 mm Nữ S399J021Y,Chị Diễm,2
q-q-s399j021y-nu,Q&Q 30 mm Nữ S399J021Y,C Hằng,5
q-q-s399j021y-nu,Q&Q 30 mm Nữ S399J021Y,Thái Huỳnh Yến Nhi,5
q-q-s399j021y-nu,Q&Q 30 mm Nữ S399J021Y,H Tuyết,4
q-q-s399j021y-nu,Q&Q 30 mm Nữ S399J021Y,Nguyễn Văn Toán,5
q-q-s399j021y-nu,Q&Q 30 mm Nữ S399J021Y,Trà Thanh Tân,5
q-q-s399j021y-nu,Q&Q 30 mm Nữ S399J021Y,Nguyen Thi Hong Nhung,5
q-q-s399j021y-nu,Q&Q 30 mm Nữ S399J021Y,Chị Cậy,4
q-q-s399j021y-nu,Q&Q 30 mm Nữ S399J021Y,Nguyen Thanh Tung,4
q-q-s399j021y-nu,Q&Q 30 mm Nữ S399J021Y,Danh Thị Nhanh,4
q-q-s399j021y-nu,Q&Q 30 mm Nữ S399J021Y,Lăng Văn Phong,5
smile-kid-sl033-01-tre-em,SMILE KID 27 mm Trẻ em SL033-01,Thái Hưng,4
smile-kid-sl033-01-tre-em,SMILE KID 27 mm Trẻ em SL033-01,Trinh,5
smile-kid-sl033-01-tre-em,SMILE KID 27 mm Trẻ em SL033-01,Nga,5
smile-kid-sl033-01-tre-em,SMILE KID 27 mm Trẻ em SL033-01,Chị Thư,5
smile-kid-sl033-01-tre-em,SMILE KID 27 mm Trẻ em SL033-01,Lành,5
smile-kid-sl033-01-tre-em,SMILE KID 27 mm Trẻ em SL033-01,Tống Thị Mỹ Lựu,4
smile-kid-sl033-01-tre-em,SMILE KID 27 mm Trẻ em SL033-01,Anh Tiệp,4
smile-kid-sl038-01-tre-em,SMILE KID 27 mm Trẻ em SL038-01,Ánh,3
smile-kid-sl038-01-tre-em,SMILE KID 27 mm Trẻ em SL038-01,Chị My,5
smile-kid-sl038-01-tre-em,SMILE KID 27 mm Trẻ em SL038-01,Thanh,5
smile-kid-sl038-01-tre-em,SMILE KID 27 mm Trẻ em SL038-01,Dự,3
smile-kid-sl038-01-tre-em,SMILE KID 27 mm Trẻ em SL038-01,Chị Đào,4
smile-kid-sl038-01-tre-em,SMILE KID 27 mm Trẻ em SL038-01,Trần Văn Khánh,5
smile-kid-sl047-01-tre-em?utm_flashsale=1,SMILE KID 27 mm Trẻ em SL047-01,Nguyễn Xuân Hùng,3
smile-kid-sl047-01-tre-em?utm_flashsale=1,SMILE KID 27 mm Trẻ em SL047-01,Đoàn Hồng Tuyên,5
smile-kid-sl047-01-tre-em?utm_flashsale=1,SMILE KID 27 mm Trẻ em SL047-01,Huỳnh Minh Trung,5
smile-kid-sl047-01-tre-em?utm_flashsale=1,SMILE KID 27 mm Trẻ em SL047-01,Thạch,5
smile-kid-sl047-01-tre-em?utm_flashsale=1,SMILE KID 27 mm Trẻ em SL047-01,Chị Vàng,5
smile-kid-sl047-01-tre-em?utm_flashsale=1,SMILE KID 27 mm Trẻ em SL047-01,Liêu Thị Kèo Ly,5
smile-kid-sl047-01-tre-em?utm_flashsale=1,SMILE KID 27 mm Trẻ em SL047-01,Phùng Hữu Tuấn Hùng,5
smile-kid-sl047-01-tre-em?utm_flashsale=1,SMILE KID 27 mm Trẻ em SL047-01,Bích Thảo,5
smile-kid-sl047-01-tre-em?utm_flashsale=1,SMILE KID 27 mm Trẻ em SL047-01,Nguyễn Văn Ngọc,4
smile-kid-sl047-01-tre-em?utm_flashsale=1,SMILE KID 27 mm Trẻ em SL047-01,Trịnh Bá Trương,5
smile-kid-sl047-01-tre-em?utm_flashsale=1,SMILE KID 27 mm Trẻ em SL047-01,Nguyễn Minh Hiếu,5
g-shock-gd-120cm-5dr-nam?utm_flashsale=1,G-SHOCK 51.2 mm Nam GD-120CM-5DR,Vi,5
g-shock-gd-120cm-5dr-nam?utm_flashsale=1,G-SHOCK 51.2 mm Nam GD-120CM-5DR,ĐINH MẠNH HÙNG,5
g-shock-gd-120cm-5dr-nam?utm_flashsale=1,G-SHOCK 51.2 mm Nam GD-120CM-5DR,Hoàng Trường Sơn,4
g-shock-gd-120cm-5dr-nam?utm_flashsale=1,G-SHOCK 51.2 mm Nam GD-120CM-5DR,Hùng,5
g-shock-gd-120cm-5dr-nam?utm_flashsale=1,G-SHOCK 51.2 mm Nam GD-120CM-5DR,Phùng Thị Mỹ Hân,5
g-shock-gd-120cm-5dr-nam?utm_flashsale=1,G-SHOCK 51.2 mm Nam GD-120CM-5DR,Phạm Hoàng Hà,5
g-shock-gd-120cm-5dr-nam?utm_flashsale=1,G-SHOCK 51.2 mm Nam GD-120CM-5DR,Lê Hữu Phụng,5
g-shock-gd-120cm-5dr-nam?utm_flashsale=1,G-SHOCK 51.2 mm Nam GD-120CM-5DR,Trần Tiến,4
g-shock-gd-120cm-5dr-nam?utm_flashsale=1,G-SHOCK 51.2 mm Nam GD-120CM-5DR,Hoàng Thị Ngọc Hoa,5
g-shock-gd-120cm-5dr-nam?utm_flashsale=1,G-SHOCK 51.2 mm Nam GD-120CM-5DR,Trần Anh Tú,5
g-shock-gd-120cm-5dr-nam?utm_flashsale=1,G-SHOCK 51.2 mm Nam GD-120CM-5DR,Lê Hữu Phụng,5
g-shock-gd-120cm-5dr-nam?utm_flashsale=1,G-SHOCK 51.2 mm Nam GD-120CM-5DR,Trần Quang Lâm,4
g-shock-gd-120cm-5dr-nam?utm_flashsale=1,G-SHOCK 51.2 mm Nam GD-120CM-5DR,Ngọc Trang,5
g-shock-gd-120cm-5dr-nam?utm_flashsale=1,G-SHOCK 51.2 mm Nam GD-120CM-5DR,Đức Trung,5
elio-es045-01-nam?utm_flashsale=1,ELIO 41 mm Nam ES045-01,Trần Hoài Nhân,5
elio-es045-01-nam?utm_flashsale=1,ELIO 41 mm Nam ES045-01,Hận,5
elio-es045-01-nam?utm_flashsale=1,ELIO 41 mm Nam ES045-01,To Thanh Nguyen,5
elio-es045-01-nam?utm_flashsale=1,ELIO 41 mm Nam ES045-01,Nhân,5
elio-es045-01-nam?utm_flashsale=1,ELIO 41 mm Nam ES045-01,Nguyễn Tiến,2
elio-es045-01-nam?utm_flashsale=1,ELIO 41 mm Nam ES045-01,Khôi,4
elio-es045-01-nam?utm_flashsale=1,ELIO 41 mm Nam ES045-01,Bích Ngọc,5
elio-es045-01-nam?utm_flashsale=1,ELIO 41 mm Nam ES045-01,La Van Hoàng,4
elio-es045-01-nam?utm_flashsale=1,ELIO 41 mm Nam ES045-01,Minh Thuan,5
elio-es045-01-nam?utm_flashsale=1,ELIO 41 mm Nam ES045-01,Trương,5
elio-es045-01-nam?utm_flashsale=1,ELIO 41 mm Nam ES045-01,Anh Huỳnh Minh Hiếu,5
elio-es045-01-nam?utm_flashsale=1,ELIO 41 mm Nam ES045-01,Thanh Trúc,5
elio-es045-01-nam?utm_flashsale=1,ELIO 41 mm Nam ES045-01,Phạm Hiếu Thành,5
elio-es045-01-nam?utm_flashsale=1,ELIO 41 mm Nam ES045-01,Đào Hoàng Giang,2
elio-es045-01-nam?utm_flashsale=1,ELIO 41 mm Nam ES045-01,LNguyễn Văn Triệu,5
elio-es045-01-nam?utm_flashsale=1,ELIO 41 mm Nam ES045-01,Hoang Phi,5
elio-es045-01-nam?utm_flashsale=1,ELIO 41 mm Nam ES045-01,Võ Trọng Hoàng,4
elio-es045-01-nam?utm_flashsale=1,ELIO 41 mm Nam ES045-01,Nguyễn Thế Vũ,1
elio-es045-01-nam?utm_flashsale=1,ELIO 41 mm Nam ES045-01,Ngọc,5
elio-es045-01-nam?utm_flashsale=1,ELIO 41 mm Nam ES045-01,Anh Chuyên,4
elio-es045-01-nam?utm_flashsale=1,ELIO 41 mm Nam ES045-01,Lâm Trường Thanh,3
elio-es045-01-nam?utm_flashsale=1,ELIO 41 mm Nam ES045-01,NGUYỄN THANH LONG,4
elio-es045-01-nam?utm_flashsale=1,ELIO 41 mm Nam ES045-01,Nam,5
elio-es045-01-nam?utm_flashsale=1,ELIO 41 mm Nam ES045-01,Nguyễn Minh Khoa,5
elio-es045-01-nam?utm_flashsale=1,ELIO 41 mm Nam ES045-01,Nguyễn Lê Minh Huy,1
elio-es045-01-nam?utm_flashsale=1,ELIO 41 mm Nam ES045-01,Trường,1
elio-es045-01-nam?utm_flashsale=1,ELIO 41 mm Nam ES045-01,Huỳnh Thanh Tùng,5
elio-es045-01-nam?utm_flashsale=1,ELIO 41 mm Nam ES045-01,Cô Quỳnh,5
elio-es031-01-nu,ELIO Nàng Thơ 28 mm Nữ ES031-01,Phạm Thị Ngọc,5
elio-es031-01-nu,ELIO Nàng Thơ 28 mm Nữ ES031-01,Mỹ Duyên,5
elio-es031-01-nu,ELIO Nàng Thơ 28 mm Nữ ES031-01,Lê Minh Nhân,5
elio-es031-01-nu,ELIO Nàng Thơ 28 mm Nữ ES031-01,NGUYỄN SỸ UÝ,5
elio-es031-01-nu,ELIO Nàng Thơ 28 mm Nữ ES031-01,HTX Xe Vận Tải Và Cơ Giới Bốc Xếp Số 7,5
elio-es031-01-nu,ELIO Nàng Thơ 28 mm Nữ ES031-01,Kha,5
elio-es031-01-nu,ELIO Nàng Thơ 28 mm Nữ ES031-01,Chị Duyên,4
elio-es031-01-nu,ELIO Nàng Thơ 28 mm Nữ ES031-01,Xuyến,5
elio-es052-01-nu,ELIO Nàng Thơ 26 mm Nữ ES052-01,Lê Thanh Duyên,5
elio-es052-01-nu,ELIO Nàng Thơ 26 mm Nữ ES052-01,Sừng Phì Nhà,5
elio-es052-01-nu,ELIO Nàng Thơ 26 mm Nữ ES052-01,Chị Nhi,5
elio-es052-01-nu,ELIO Nàng Thơ 26 mm Nữ ES052-01,Nguyễn Thị Ngọc Lan,5
elio-es052-01-nu,ELIO Nàng Thơ 26 mm Nữ ES052-01,Lưu Thị Huê,5
elio-es052-01-nu,ELIO Nàng Thơ 26 mm Nữ ES052-01,Nguyễn Thị Cẩm Tiên,5
elio-es052-01-nu,ELIO Nàng Thơ 26 mm Nữ ES052-01,Chế Phượng,4
elio-es052-01-nu,ELIO Nàng Thơ 26 mm Nữ ES052-01,Nguyễn Thị Hiếu Thuận,5
elio-es052-01-nu,ELIO Nàng Thơ 26 mm Nữ ES052-01,LÊ THỊ THUÝ KIỀU,3
elio-es052-01-nu,ELIO Nàng Thơ 26 mm Nữ ES052-01,Nguyễn Trường Giang,5
elio-es052-01-nu,ELIO Nàng Thơ 26 mm Nữ ES052-01,Trần Ngọc Quỳnh,4
elio-es052-01-nu,ELIO Nàng Thơ 26 mm Nữ ES052-01,Vương Duy Hùng,3
elio-es052-01-nu,ELIO Nàng Thơ 26 mm Nữ ES052-01,Tuyên,3
elio-el036-01-unisex,ELIO Nắng Xuân 38 mm Unisex EL036-01,Hải,5
elio-el036-01-unisex,ELIO Nắng Xuân 38 mm Unisex EL036-01,Dưỡng,4
elio-el036-01-unisex,ELIO Nắng Xuân 38 mm Unisex EL036-01,Lê Thị Trinh,5
elio-el036-01-unisex,ELIO Nắng Xuân 38 mm Unisex EL036-01,Trương Kim Thảo,5
elio-el036-01-unisex,ELIO Nắng Xuân 38 mm Unisex EL036-01,Anh Văn,5
elio-el036-01-unisex,ELIO Nắng Xuân 38 mm Unisex EL036-01,Vu Thi Huong,4
elio-el036-01-unisex,ELIO Nắng Xuân 38 mm Unisex EL036-01,Đặng Hương Thảo,5
elio-el036-01-unisex,ELIO Nắng Xuân 38 mm Unisex EL036-01,119030 - Đỗ Thị Tuyết Dâng,5
elio-el036-01-unisex,ELIO Nắng Xuân 38 mm Unisex EL036-01,Tuấn,5
elio-el036-01-unisex,ELIO Nắng Xuân 38 mm Unisex EL036-01,Võ Thị Hoài Hương,5
elio-el036-01-unisex,ELIO Nắng Xuân 38 mm Unisex EL036-01,Võ Thị Tường Vi,3
elio-el036-01-unisex,ELIO Nắng Xuân 38 mm Unisex EL036-01,Chị Trâm,5
elio-el036-01-unisex,ELIO Nắng Xuân 38 mm Unisex EL036-01,Tuyết,5
elio-el036-01-unisex,ELIO Nắng Xuân 38 mm Unisex EL036-01,Nguyễn Đăng Nhật Nam,5
elio-el036-01-unisex,ELIO Nắng Xuân 38 mm Unisex EL036-01,Nguyễn Thị Nga,4
elio-el036-01-unisex,ELIO Nắng Xuân 38 mm Unisex EL036-01,Trần Thụy Mộng Quyên,5
elio-el036-01-unisex,ELIO Nắng Xuân 38 mm Unisex EL036-01,THẢO,5
elio-el036-01-unisex,ELIO Nắng Xuân 38 mm Unisex EL036-01,Thùy,2
elio-el036-01-unisex,ELIO Nắng Xuân 38 mm Unisex EL036-01,Nguyễn Thị Ngọc Diễm,5
elio-el036-01-unisex,ELIO Nắng Xuân 38 mm Unisex EL036-01,NGUYỄN THỊ MINH THƯ,4
elio-el036-01-unisex,ELIO Nắng Xuân 38 mm Unisex EL036-01,Nguyen Quynh Nhu,4
elio-el036-01-unisex,ELIO Nắng Xuân 38 mm Unisex EL036-01,Lý Thiên Phong,5
elio-el036-01-unisex,ELIO Nắng Xuân 38 mm Unisex EL036-01,Cô Trang,5
elio-el036-01-unisex,ELIO Nắng Xuân 38 mm Unisex EL036-01,Phương,5
elio-el036-01-unisex,ELIO Nắng Xuân 38 mm Unisex EL036-01,Chị Phương,5
elio-el036-01-unisex,ELIO Nắng Xuân 38 mm Unisex EL036-01,Hoa Lý,5
elio-el036-01-unisex,ELIO Nắng Xuân 38 mm Unisex EL036-01,Trịnh Đình Hồng Trang,4
elio-el036-01-unisex,ELIO Nắng Xuân 38 mm Unisex EL036-01,Nguyễn Thanh Thảo,4
elio-el036-01-unisex,ELIO Nắng Xuân 38 mm Unisex EL036-01,Trần Ngọc Liên,5
elio-el036-01-unisex,ELIO Nắng Xuân 38 mm Unisex EL036-01,Lan,5
elio-el036-01-unisex,ELIO Nắng Xuân 38 mm Unisex EL036-01,Quân,5
elio-el036-01-unisex,ELIO Nắng Xuân 38 mm Unisex EL036-01,Hoài,5
elio-el036-01-unisex,ELIO Nắng Xuân 38 mm Unisex EL036-01,Bình,5
elio-el062-02-nu,ELIO 29 mm Nữ EL062-02,Lê Bạch Trúc,4
elio-el062-02-nu,ELIO 29 mm Nữ EL062-02,Đặng Thị Ngọc Ánh,5
elio-el062-02-nu,ELIO 29 mm Nữ EL062-02,Phạm Ngọc Anh,5
elio-el062-02-nu,ELIO 29 mm Nữ EL062-02,Phạm Tuấn Anh,5
elio-el062-02-nu,ELIO 29 mm Nữ EL062-02,Nông Thị Thùy,5
elio-el062-02-nu,ELIO 29 mm Nữ EL062-02,NGUYỄN THỊ THU SƯƠNG,3
elio-el062-02-nu,ELIO 29 mm Nữ EL062-02,Ngân Nguyễn,5
smile-kid-sl061-02-tre-em,SMILE KID 31 mm Trẻ em SL061-02,Thạch,4
smile-kid-sl061-02-tre-em,SMILE KID 31 mm Trẻ em SL061-02,LÊ THỊ NGỌC,1
smile-kid-sl061-02-tre-em,SMILE KID 31 mm Trẻ em SL061-02,Lý Hánh Sanh,5
smile-kid-sl061-02-tre-em,SMILE KID 31 mm Trẻ em SL061-02,Nguyễn Thiện Phú,5
smile-kid-sl061-02-tre-em,SMILE KID 31 mm Trẻ em SL061-02,Nguyễn Thị Huỳnh Như,5
smile-kid-sl061-02-tre-em,SMILE KID 31 mm Trẻ em SL061-02,Chị Vy,5
smile-kid-sl061-02-tre-em,SMILE KID 31 mm Trẻ em SL061-02,BẠCH THANH TUYỀN,4
smile-kid-sl061-02-tre-em,SMILE KID 31 mm Trẻ em SL061-02,Tuấn,5
smile-kid-sl062-01-tre-em,SMILE KID 32 mm Trẻ em SL062-01,Dịu,5
smile-kid-sl062-01-tre-em,SMILE KID 32 mm Trẻ em SL062-01,Dịu,5
smile-kid-sl062-01-tre-em,SMILE KID 32 mm Trẻ em SL062-01,Ngân,4
smile-kid-sl062-01-tre-em,SMILE KID 32 mm Trẻ em SL062-01,Trần Minh Phụng,5
smile-kid-sl062-01-tre-em,SMILE KID 32 mm Trẻ em SL062-01,Chị Quyên,4
smile-kid-sl062-01-tre-em,SMILE KID 32 mm Trẻ em SL062-01,Anh Thuý,4
smile-kid-sl062-01-tre-em,SMILE KID 32 mm Trẻ em SL062-01,Hầu Văn Cả,5
smile-kid-sl062-01-tre-em,SMILE KID 32 mm Trẻ em SL062-01,Lưu Đức Trung,4
smile-kid-sl062-01-tre-em,SMILE KID 32 mm Trẻ em SL062-01,Cô Hà,5
smile-kid-sl062-01-tre-em,SMILE KID 32 mm Trẻ em SL062-01,Anh Quân,5
smile-kid-sl062-01-tre-em,SMILE KID 32 mm Trẻ em SL062-01,TRAN THI THANH,5
smile-kid-sl062-01-tre-em,SMILE KID 32 mm Trẻ em SL062-01,Lưu Lê Cẩm Thúy,4
smile-kid-sl062-01-tre-em,SMILE KID 32 mm Trẻ em SL062-01,TRẦN TUẤN ANH,4
smile-kid-sl062-01-tre-em,SMILE KID 32 mm Trẻ em SL062-01,Hồ A Lang,2
smile-kid-sl062-01-tre-em,SMILE KID 32 mm Trẻ em SL062-01,Chị Thoa,5
smile-kid-sl062-01-tre-em,SMILE KID 32 mm Trẻ em SL062-01,Duong Thi Vui,3
smile-kid-sl062-01-tre-em,SMILE KID 32 mm Trẻ em SL062-01,NGUYỄN NHỰT DUY,5
nakzen-sl4110l-7n3-nu,NAKZEN 25 mm Nữ SL4110L-7N3,Kim Anh,4
nakzen-sl4110l-7n3-nu,NAKZEN 25 mm Nữ SL4110L-7N3,Kim,5
nakzen-sl4110l-7n3-nu,NAKZEN 25 mm Nữ SL4110L-7N3,Dung,5
nakzen-sl4110l-7n3-nu,NAKZEN 25 mm Nữ SL4110L-7N3,Thành,5
nakzen-sl4110l-7n3-nu,NAKZEN 25 mm Nữ SL4110L-7N3,Đoàn Thị Bích Sơn,4
nakzen-sl4110l-7n3-nu,NAKZEN 25 mm Nữ SL4110L-7N3,NGUYỄN THANH HẢI,4
g-shock-gd-100gb-1dr-nam?utm_flashsale=1,G-SHOCK 51.2 mm Nam GD-100GB-1DR,Phạm Mạnh Hoà,5
g-shock-gd-100gb-1dr-nam?utm_flashsale=1,G-SHOCK 51.2 mm Nam GD-100GB-1DR,Nguyễn Trịnh Vĩnh Tuyên,3
g-shock-gd-100gb-1dr-nam?utm_flashsale=1,G-SHOCK 51.2 mm Nam GD-100GB-1DR,Ngô Hữu Hảo,4
g-shock-gd-100gb-1dr-nam?utm_flashsale=1,G-SHOCK 51.2 mm Nam GD-100GB-1DR,Đinh Hoàng,4
g-shock-gd-100gb-1dr-nam?utm_flashsale=1,G-SHOCK 51.2 mm Nam GD-100GB-1DR,Anh Toàn,5
g-shock-gd-100gb-1dr-nam?utm_flashsale=1,G-SHOCK 51.2 mm Nam GD-100GB-1DR,Anh Hải,5
g-shock-gd-100gb-1dr-nam?utm_flashsale=1,G-SHOCK 51.2 mm Nam GD-100GB-1DR,Anh Hải,5
g-shock-gd-100gb-1dr-nam?utm_flashsale=1,G-SHOCK 51.2 mm Nam GD-100GB-1DR,Tuấn,5
g-shock-gd-100gb-1dr-nam?utm_flashsale=1,G-SHOCK 51.2 mm Nam GD-100GB-1DR,Nguyễn Thanh Hùng,3
g-shock-gd-100gb-1dr-nam?utm_flashsale=1,G-SHOCK 51.2 mm Nam GD-100GB-1DR,Nguyễn Thanh Hùng,2
g-shock-gd-100gb-1dr-nam?utm_flashsale=1,G-SHOCK 51.2 mm Nam GD-100GB-1DR,NGUYỄN THÀNH NHÂN,5
g-shock-gd-100gb-1dr-nam?utm_flashsale=1,G-SHOCK 51.2 mm Nam GD-100GB-1DR,Nguyễn Thị Thanh Vy,5
citizen-nh8395-77e-nam,CITIZEN C7 40 mm Nam NH8395-77E,Bình,5
citizen-be9170-72e-nam,CITIZEN 39 mm Nam BE9170-72E,Bùi Thị Hoa,5
citizen-be9170-72e-nam,CITIZEN 39 mm Nam BE9170-72E,TRƯƠNG VĂN BẢO,5
citizen-be9170-72e-nam,CITIZEN 39 mm Nam BE9170-72E,Công Trường Vũ,5
citizen-be9170-72e-nam,CITIZEN 39 mm Nam BE9170-72E,Anh Hoá,4
citizen-be9170-72e-nam,CITIZEN 39 mm Nam BE9170-72E,Nguyễn Thị Ngọc Nhẹ,4
citizen-be9176-76e-nam,CITIZEN 39 mm Nam BE9176-76E,TRẦN ĐĂNG KHOA,5
citizen-be9176-76e-nam,CITIZEN 39 mm Nam BE9176-76E,Vũ Văn Toàn,2
citizen-be9176-76e-nam,CITIZEN 39 mm Nam BE9176-76E,NGUYỄN VĂN PHÚC,3
citizen-bi5090-09a-nam,CITIZEN 43 mm Nam BI5090-09A,Hà Ngọc Duy,5
citizen-bi5090-09a-nam,CITIZEN 43 mm Nam BI5090-09A,Tiếng,5
citizen-bi5090-09a-nam,CITIZEN 43 mm Nam BI5090-09A,Anh Minh,5
citizen-bi5090-09a-nam,CITIZEN 43 mm Nam BI5090-09A,Võ Thị Bích Hợp,5
citizen-bi5090-09a-nam,CITIZEN 43 mm Nam BI5090-09A,Phạm Vũ,5
citizen-bi5090-09a-nam,CITIZEN 43 mm Nam BI5090-09A,NGUYỄN HOÀNG TRUNG,5
citizen-bi5090-09a-nam,CITIZEN 43 mm Nam BI5090-09A,Chị Như Hà,4
citizen-bi5090-50a-nam,CITIZEN 42 mm Nam BI5090-50A,Hiền,3
citizen-bi5090-50a-nam,CITIZEN 42 mm Nam BI5090-50A,Phanducvui,4
citizen-bi5090-50a-nam,CITIZEN 42 mm Nam BI5090-50A,Anh Đường,5
citizen-bi5090-50a-nam,CITIZEN 42 mm Nam BI5090-50A,LÝ GIA KHẢI,5
citizen-bi5090-50a-nam,CITIZEN 42 mm Nam BI5090-50A,Nguyễn Nam Hà,5
citizen-bi5094-59e-nam,CITIZEN 42 mm Nam BI5094-59E,Anh Bình,5
citizen-bi5094-59e-nam,CITIZEN 42 mm Nam BI5094-59E,Nguyễn Thị Yến Thanh,5
citizen-bi5094-59e-nam,CITIZEN 42 mm Nam BI5094-59E,Tạ Ngọc Phương,5
citizen-bi5094-59e-nam,CITIZEN 42 mm Nam BI5094-59E,Nguyễn Thị Diệu,5
citizen-eq0603-59f-nu,CITIZEN 27 mm Nữ EQ0603-59F,Nguyễn Thị Lệ Tuyền,5
citizen-eq0603-59f-nu,CITIZEN 27 mm Nữ EQ0603-59F,Thủy,3
citizen-eq0603-59f-nu,CITIZEN 27 mm Nữ EQ0603-59F,Hà,3
citizen-eq0603-59f-nu,CITIZEN 27 mm Nữ EQ0603-59F,Trịnh Văn Thành,2
citizen-eq0603-59f-nu,CITIZEN 27 mm Nữ EQ0603-59F,Chị Ánh,4
citizen-eq0605-53a-nu,CITIZEN 27 mm Nữ EQ0605-53A,Hà Thị Thuỳ Duyên,4
citizen-eq0605-53a-nu,CITIZEN 27 mm Nữ EQ0605-53A,Bùi Thị Mỹ Nương,5
citizen-eq0605-53a-nu,CITIZEN 27 mm Nữ EQ0605-53A,Phạm Quang Hiệp,4
citizen-eq0605-53a-nu,CITIZEN 27 mm Nữ EQ0605-53A,Lệ Hằng,4
citizen-eq0605-53a-nu,CITIZEN 27 mm Nữ EQ0605-53A,Trần Nhựt Trường,4
citizen-eq0605-53a-nu,CITIZEN 27 mm Nữ EQ0605-53A,Nguyen Van Dung,5
citizen-eq0605-53a-nu,CITIZEN 27 mm Nữ EQ0605-53A,Chị Trong,5
citizen-eq0605-53a-nu,CITIZEN 27 mm Nữ EQ0605-53A,C Phi,4
citizen-eq0605-53a-nu,CITIZEN 27 mm Nữ EQ0605-53A,C Phi,4
citizen-eq0605-53a-nu,CITIZEN 27 mm Nữ EQ0605-53A,Nguyễn Văn Dũng,5
citizen-er0212-50y-nu,CITIZEN 30 mm Nữ ER0212-50Y,Cô Ngà,5
citizen-er0212-50y-nu,CITIZEN 30 mm Nữ ER0212-50Y,Nguyễn Ngọc Quyên,5
citizen-er0212-50y-nu,CITIZEN 30 mm Nữ ER0212-50Y,Chị Thơi,4
citizen-er0218-53l-nu,CITIZEN 30 mm Nữ ER0218-53L,Huỳnh Thị Kim Anh,5
citizen-er0218-53l-nu,CITIZEN 30 mm Nữ ER0218-53L,NGUYỄN THỊ MỸ NGỌC,5
citizen-er0218-53l-nu,CITIZEN 30 mm Nữ ER0218-53L,Yến,5
citizen-er0218-53l-nu,CITIZEN 30 mm Nữ ER0218-53L,Chị Tuyến,4
citizen-er0218-53l-nu,CITIZEN 30 mm Nữ ER0218-53L,Chị Thuỳ,4
citizen-er0218-53l-nu,CITIZEN 30 mm Nữ ER0218-53L,A Đồng,5
citizen-er0218-53l-nu,CITIZEN 30 mm Nữ ER0218-53L,Luân,1
mww-ms053-01-nam?utm_flashsale=1,MVW 42 mm Nam MS053-01,Vũ Cát Lượng,5
mww-ms053-01-nam?utm_flashsale=1,MVW 42 mm Nam MS053-01,Anh Hạnh,5
mww-ms053-01-nam?utm_flashsale=1,MVW 42 mm Nam MS053-01,Văn Canh,4
mww-ms053-01-nam?utm_flashsale=1,MVW 42 mm Nam MS053-01,Nguyễn Thanh Tú,5
mww-ms053-01-nam?utm_flashsale=1,MVW 42 mm Nam MS053-01,Võ Văn Hậu,5
mww-ms053-01-nam?utm_flashsale=1,MVW 42 mm Nam MS053-01,Mai Thế Anh,5
mww-ms053-01-nam?utm_flashsale=1,MVW 42 mm Nam MS053-01,TRẦN THỊ MINH HOÀNG,5
mww-ms053-01-nam?utm_flashsale=1,MVW 42 mm Nam MS053-01,PHAN ĐÌNH DŨ,3
mww-ms053-01-nam?utm_flashsale=1,MVW 42 mm Nam MS053-01,PHẠM VĂN THƠI,5
mww-ms053-01-nam?utm_flashsale=1,MVW 42 mm Nam MS053-01,Chú Ca,3
mww-ms053-01-nam?utm_flashsale=1,MVW 42 mm Nam MS053-01,Chú Thuận,4
mww-ms053-01-nam?utm_flashsale=1,MVW 42 mm Nam MS053-01,Lê Công Phượng,5
mww-ms055-01-nam?utm_flashsale=1,MVW 43 mm Nam MS055-01,THỊNH,1
mww-ms055-01-nam?utm_flashsale=1,MVW 43 mm Nam MS055-01,Võ Minh Quang,4
mww-ms055-01-nam?utm_flashsale=1,MVW 43 mm Nam MS055-01,Trần Nhìa,5
mww-ms055-01-nam?utm_flashsale=1,MVW 43 mm Nam MS055-01,Đặng Xuân Kỳ,5
mww-ms055-01-nam?utm_flashsale=1,MVW 43 mm Nam MS055-01,Huỳnh Hồng Tiến,5
mww-ms055-01-nam?utm_flashsale=1,MVW 43 mm Nam MS055-01,Phát,1
mww-ms055-01-nam?utm_flashsale=1,MVW 43 mm Nam MS055-01,Phát,1
mww-ms055-01-nam?utm_flashsale=1,MVW 43 mm Nam MS055-01,Hoàng Quân,5
mww-ms055-01-nam?utm_flashsale=1,MVW 43 mm Nam MS055-01,Phạm Ngọc Minh,4
mww-ms055-01-nam?utm_flashsale=1,MVW 43 mm Nam MS055-01,Sơn,1
mww-ms055-01-nam?utm_flashsale=1,MVW 43 mm Nam MS055-01,Chị Tươi,5
mww-ms055-01-nam?utm_flashsale=1,MVW 43 mm Nam MS055-01,Tùng,1
mww-ms055-01-nam?utm_flashsale=1,MVW 43 mm Nam MS055-01,Tuấn,4
mww-ms055-01-nam?utm_flashsale=1,MVW 43 mm Nam MS055-01,A Khởi,5
mww-ms055-01-nam?utm_flashsale=1,MVW 43 mm Nam MS055-01,Hồ,4
mww-ms055-01-nam?utm_flashsale=1,MVW 43 mm Nam MS055-01,Ngô Giang Sơn,4
mww-ms055-01-nam?utm_flashsale=1,MVW 43 mm Nam MS055-01,Đảm,4
mww-ms055-01-nam?utm_flashsale=1,MVW 43 mm Nam MS055-01,Khoa Điền,5
mww-ms055-01-nam?utm_flashsale=1,MVW 43 mm Nam MS055-01,Thanh Tuyền,5
mww-ms055-01-nam?utm_flashsale=1,MVW 43 mm Nam MS055-01,Nguyễn Nhật Thịnh,5
mww-ms055-01-nam?utm_flashsale=1,MVW 43 mm Nam MS055-01,Em Đạt,5
mww-ms055-01-nam?utm_flashsale=1,MVW 43 mm Nam MS055-01,Trần Thị Phương Linh,5
mww-ms048-01-nam?utm_flashsale=1,MVW Sport 43 mm Nam MS048-01,Anh Phúc,5
mww-ms048-01-nam?utm_flashsale=1,MVW Sport 43 mm Nam MS048-01,101980 - Đỗ Hữu Trường,5
mww-ms048-01-nam?utm_flashsale=1,MVW Sport 43 mm Nam MS048-01,Đăng Khoa,4
mww-ms048-01-nam?utm_flashsale=1,MVW Sport 43 mm Nam MS048-01,LÊ THÀNH LÂM,5
mww-ms048-01-nam?utm_flashsale=1,MVW Sport 43 mm Nam MS048-01,Đăng Khoa,5
mww-ms048-01-nam?utm_flashsale=1,MVW Sport 43 mm Nam MS048-01,Chị Trang,4
mww-ms048-01-nam?utm_flashsale=1,MVW Sport 43 mm Nam MS048-01,Võ Hoàng Nhân,5
mww-ms048-01-nam?utm_flashsale=1,MVW Sport 43 mm Nam MS048-01,Nguyễn Thái Hoàng,5
mww-ms048-01-nam?utm_flashsale=1,MVW Sport 43 mm Nam MS048-01,Hải Ly,4
mww-ms048-01-nam?utm_flashsale=1,MVW Sport 43 mm Nam MS048-01,Nguyễn Văn Bi,4
mww-ms048-01-nam?utm_flashsale=1,MVW Sport 43 mm Nam MS048-01,Anh Tuấn,4
mww-ms048-01-nam?utm_flashsale=1,MVW Sport 43 mm Nam MS048-01,Thoại,4
mww-ms048-01-nam?utm_flashsale=1,MVW Sport 43 mm Nam MS048-01,Nguyễn Thành Luân,5
mww-ms048-01-nam?utm_flashsale=1,MVW Sport 43 mm Nam MS048-01,Lộc,5
mww-ms048-01-nam?utm_flashsale=1,MVW Sport 43 mm Nam MS048-01,Anh Luân,4
mww-ms048-01-nam?utm_flashsale=1,MVW Sport 43 mm Nam MS048-01,Võ Đức Trí,4
mww-ms048-01-nam?utm_flashsale=1,MVW Sport 43 mm Nam MS048-01,MAI THỊ NHUNG,4
mww-ms048-01-nam?utm_flashsale=1,MVW Sport 43 mm Nam MS048-01,Nghĩa,5
mww-ms048-01-nam?utm_flashsale=1,MVW Sport 43 mm Nam MS048-01,76706 - Võ Thị Tường Vy,5
mww-ms049-01-nam?utm_flashsale=1,MVW 43 mm Nam MS049-01,Anh,4
mww-ms049-01-nam?utm_flashsale=1,MVW 43 mm Nam MS049-01,Mỹ Diện,5
mww-ms049-01-nam?utm_flashsale=1,MVW 43 mm Nam MS049-01,Dũng,4
mww-ms049-01-nam?utm_flashsale=1,MVW 43 mm Nam MS049-01,Nguyễn Ngọc Mạnh,5
mww-ms049-01-nam?utm_flashsale=1,MVW 43 mm Nam MS049-01,Quang Chung,5
mww-ms049-01-nam?utm_flashsale=1,MVW 43 mm Nam MS049-01,Lê Thiêm Cường,1
mww-ms049-01-nam?utm_flashsale=1,MVW 43 mm Nam MS049-01,Cẩm,5
mww-ms049-01-nam?utm_flashsale=1,MVW 43 mm Nam MS049-01,Anh Giao,5
mww-ms049-01-nam?utm_flashsale=1,MVW 43 mm Nam MS049-01,Nguyễn Phúc Sinh,5
mww-ms049-01-nam?utm_flashsale=1,MVW 43 mm Nam MS049-01,Anh Giang,5
mww-ms049-01-nam?utm_flashsale=1,MVW 43 mm Nam MS049-01,Nguyễn Loan,4
mww-ms049-01-nam?utm_flashsale=1,MVW 43 mm Nam MS049-01,Anh Thanh,3
mww-ms049-01-nam?utm_flashsale=1,MVW 43 mm Nam MS049-01,Anh Thái,4
mww-ms049-01-nam?utm_flashsale=1,MVW 43 mm Nam MS049-01,Chị Ly,5
mvw-ms061-02-nam?utm_flashsale=1,MVW 42 mm Nam MS061-02,Ngân,5
mvw-ms061-02-nam?utm_flashsale=1,MVW 42 mm Nam MS061-02,Đại,1
mvw-ms061-02-nam?utm_flashsale=1,MVW 42 mm Nam MS061-02,Chị Giàu,5
mvw-ms061-02-nam?utm_flashsale=1,MVW 42 mm Nam MS061-02,Nguyễn Van Quang,4
mvw-ms061-02-nam?utm_flashsale=1,MVW 42 mm Nam MS061-02,Kỳ,5
mvw-ms061-02-nam?utm_flashsale=1,MVW 42 mm Nam MS061-02,Huỳnh Quốc Duy,5
mvw-ms061-02-nam?utm_flashsale=1,MVW 42 mm Nam MS061-02,TRẦN THỊ THÚY HÀ,5
mvw-ms061-02-nam?utm_flashsale=1,MVW 42 mm Nam MS061-02,Nguyễn Hoài Công,1
mvw-ms061-02-nam?utm_flashsale=1,MVW 42 mm Nam MS061-02,Thạch Thị Bích Hường,4
mvw-ms061-02-nam?utm_flashsale=1,MVW 42 mm Nam MS061-02,Trương Văn Thắng,4
mvw-ms061-02-nam?utm_flashsale=1,MVW 42 mm Nam MS061-02,VÕ VĂN MẠNH,4
mvw-ms061-02-nam?utm_flashsale=1,MVW 42 mm Nam MS061-02,C Huê,5
mvw-ms061-02-nam?utm_flashsale=1,MVW 42 mm Nam MS061-02,Tân,5
mvw-ms061-02-nam?utm_flashsale=1,MVW 42 mm Nam MS061-02,Quách Thanh Phong,5
mvw-ms061-02-nam?utm_flashsale=1,MVW 42 mm Nam MS061-02,Nguyễn Thi Phi Yến,5
mvw-ms061-02-nam?utm_flashsale=1,MVW 42 mm Nam MS061-02,Lê Quốc Toản,4
mvw-ms061-02-nam?utm_flashsale=1,MVW 42 mm Nam MS061-02,A Linh,4
mvw-ms061-02-nam?utm_flashsale=1,MVW 42 mm Nam MS061-02,Phạm Trường Giang,5
mvw-ms061-02-nam?utm_flashsale=1,MVW 42 mm Nam MS061-02,Duong Quốc Thinh,4
mvw-ms061-02-nam?utm_flashsale=1,MVW 42 mm Nam MS061-02,Phạm Minh Nhân,4
mvw-ms061-02-nam?utm_flashsale=1,MVW 42 mm Nam MS061-02,Ngân,5
mvw-ms061-02-nam?utm_flashsale=1,MVW 42 mm Nam MS061-02,Đại,1
mvw-ms061-02-nam?utm_flashsale=1,MVW 42 mm Nam MS061-02,Chị Giàu,5
mvw-ms061-02-nam?utm_flashsale=1,MVW 42 mm Nam MS061-02,Nguyễn Van Quang,4
mvw-ms061-02-nam?utm_flashsale=1,MVW 42 mm Nam MS061-02,Kỳ,5
mvw-ms061-02-nam?utm_flashsale=1,MVW 42 mm Nam MS061-02,Huỳnh Quốc Duy,5
mvw-ms061-02-nam?utm_flashsale=1,MVW 42 mm Nam MS061-02,TRẦN THỊ THÚY HÀ,5
mvw-ms061-02-nam?utm_flashsale=1,MVW 42 mm Nam MS061-02,Nguyễn Hoài Công,1
mvw-ms061-03-nam?utm_flashsale=1,MVW 42 mm Nam MS061-03,Nguyễn Hữu Trường Giang,1
mvw-ms061-03-nam?utm_flashsale=1,MVW 42 mm Nam MS061-03,Trường,4
mvw-ms061-03-nam?utm_flashsale=1,MVW 42 mm Nam MS061-03,Đinh Quang Tuấn,2
mvw-ms061-03-nam?utm_flashsale=1,MVW 42 mm Nam MS061-03,Chị Ngọc,5
mvw-ms061-03-nam?utm_flashsale=1,MVW 42 mm Nam MS061-03,Trương Minh Lộc,5
mvw-ms061-03-nam?utm_flashsale=1,MVW 42 mm Nam MS061-03,Thành,5
mvw-ms061-03-nam?utm_flashsale=1,MVW 42 mm Nam MS061-03,Anh Un,4
mvw-ms061-03-nam?utm_flashsale=1,MVW 42 mm Nam MS061-03,NGUYỄN VĂN ÂU,5
mvw-ms061-03-nam?utm_flashsale=1,MVW 42 mm Nam MS061-03,Cao Chiến,4
mvw-ms061-03-nam?utm_flashsale=1,MVW 42 mm Nam MS061-03,Trần Văn Thưởng,4
mvw-ms061-03-nam?utm_flashsale=1,MVW 42 mm Nam MS061-03,Thanh Nhờ,4
mvw-ms061-03-nam?utm_flashsale=1,MVW 42 mm Nam MS061-03,QUÁCH VĂN DẬU,5
mvw-ms061-03-nam?utm_flashsale=1,MVW 42 mm Nam MS061-03,Thành,4
mvw-ms061-03-nam?utm_flashsale=1,MVW 42 mm Nam MS061-03,Huỳnh Thành Nhơn,5
citizen-aw1670-82a-nam,CITIZEN 41.5 mm Nam AW1670-82A,Đỗ Thị Vân,5
citizen-aw1670-82a-nam,CITIZEN 41.5 mm Nam AW1670-82A,Chị Trang,5
citizen-aw1670-82a-nam,CITIZEN 41.5 mm Nam AW1670-82A,Đỗ Hữu Thạch,4
citizen-aw1670-82a-nam,CITIZEN 41.5 mm Nam AW1670-82A,Hải,5
citizen-aw1670-82a-nam,CITIZEN 41.5 mm Nam AW1670-82A,Nguyễn Văn Thái,4
dong-ho-nam-mvw-ml047-01?utm_flashsale=1,MVW 42 mm Nam ML047-01,Nguyễn Văn Chiêu,4
dong-ho-nam-mvw-ml047-01?utm_flashsale=1,MVW 42 mm Nam ML047-01,Thiên,5
dong-ho-nam-mvw-ml047-01?utm_flashsale=1,MVW 42 mm Nam ML047-01,Nguyen Hong Son,5
dong-ho-nam-mvw-ml047-01?utm_flashsale=1,MVW 42 mm Nam ML047-01,ĐỖ KIM NHUNG,5
dong-ho-nam-mvw-ml047-01?utm_flashsale=1,MVW 42 mm Nam ML047-01,LY MINH KHANH,5
dong-ho-nam-mvw-ml047-01?utm_flashsale=1,MVW 42 mm Nam ML047-01,Nguyễn Văn Huynh,5
dong-ho-nam-mvw-ml047-01?utm_flashsale=1,MVW 42 mm Nam ML047-01,CHUNG PHUONG AI,5
dong-ho-nam-mvw-ml047-01?utm_flashsale=1,MVW 42 mm Nam ML047-01,Chú Dậu,1
dong-ho-nam-mvw-ml047-01?utm_flashsale=1,MVW 42 mm Nam ML047-01,Nguyễn Phước Thịnh,5
dong-ho-nam-mvw-ml047-01?utm_flashsale=1,MVW 42 mm Nam ML047-01,Lý Hoàng Huynh,5
dong-ho-nam-mvw-ml047-01?utm_flashsale=1,MVW 42 mm Nam ML047-01,Quân Nguyễn,5
dong-ho-nam-mvw-ml047-01?utm_flashsale=1,MVW 42 mm Nam ML047-01,Nguyễn Thị Kim Cương,4
dong-ho-nam-mvw-ml047-01?utm_flashsale=1,MVW 42 mm Nam ML047-01,Nguyễn Phú Thịnh,4
dong-ho-nam-mvw-ml047-01?utm_flashsale=1,MVW 42 mm Nam ML047-01,Hoàng Văn Phong,5
dong-ho-nam-mvw-ml047-01?utm_flashsale=1,MVW 42 mm Nam ML047-01,Phát,5
dong-ho-nam-mvw-ml047-01?utm_flashsale=1,MVW 42 mm Nam ML047-01,Võ Đình Ngân,5
dong-ho-nam-mvw-ml047-01?utm_flashsale=1,MVW 42 mm Nam ML047-01,Anh Hợp,4
dong-ho-nam-mvw-ml047-01?utm_flashsale=1,MVW 42 mm Nam ML047-01,Quân,5
dong-ho-nam-mvw-ml047-01?utm_flashsale=1,MVW 42 mm Nam ML047-01,Phạm Bằng,5
dong-ho-nam-mvw-ml047-01?utm_flashsale=1,MVW 42 mm Nam ML047-01,Nguyễn Đình Quân,5
dong-ho-nam-mvw-ml047-01?utm_flashsale=1,MVW 42 mm Nam ML047-01,NGUYỄN TẤN BÌNH,5
dong-ho-nam-mvw-ml047-01?utm_flashsale=1,MVW 42 mm Nam ML047-01,Võ Văn Hồ,4
dong-ho-nam-mvw-ml047-01?utm_flashsale=1,MVW 42 mm Nam ML047-01,Nguyễn Quốc Vũ,4
dong-ho-nam-mvw-ml047-01?utm_flashsale=1,MVW 42 mm Nam ML047-01,Anh Doanh,3
dong-ho-nam-mvw-ml047-01?utm_flashsale=1,MVW 42 mm Nam ML047-01,Ninh,4
dong-ho-nam-mvw-ml047-01?utm_flashsale=1,MVW 42 mm Nam ML047-01,Chiến,4
dong-ho-nam-mvw-ml047-01?utm_flashsale=1,MVW 42 mm Nam ML047-01,Ly,4
dong-ho-nam-mvw-ml047-01?utm_flashsale=1,MVW 42 mm Nam ML047-01,Hoàng Văn Hậu,4
dong-ho-nam-mvw-ml047-01?utm_flashsale=1,MVW 42 mm Nam ML047-01,Anh Cường,4
dong-ho-nam-mvw-ml047-01?utm_flashsale=1,MVW 42 mm Nam ML047-01,Anh Cần,3
dong-ho-nam-mvw-ml047-01?utm_flashsale=1,MVW 42 mm Nam ML047-01,Nguyễn Van Thạch,5
dong-ho-nam-mvw-ml047-01?utm_flashsale=1,MVW 42 mm Nam ML047-01,Hồ Trọng Cường,5
elio-es087-01-nu,ELIO 32 mm Nữ ES087-01,Anh Mạnh,5
elio-es087-01-nu,ELIO 32 mm Nữ ES087-01,Chị Lài,4
elio-es087-01-nu,ELIO 32 mm Nữ ES087-01,Nguyễn Lê Đoan Trang,4
elio-es087-01-nu,ELIO 32 mm Nữ ES087-01,Phạm Thị Ngọc Nguyên,5
elio-es087-01-nu,ELIO 32 mm Nữ ES087-01,33327 - Nguyễn Văn Thắng,5
elio-es087-01-nu,ELIO 32 mm Nữ ES087-01,Hà,4
elio-es087-01-nu,ELIO 32 mm Nữ ES087-01,Nguyễn Văn Kiệm,5
elio-el083-01-nu,ELIO 36 mm Nữ EL083-01,Le Van Tha,5
elio-el083-01-nu,ELIO 36 mm Nữ EL083-01,HOÀNG NGUYỄN THÁI HIỀN,4
elio-el083-01-nu,ELIO 36 mm Nữ EL083-01,C Thùy,5
elio-el083-01-nu,ELIO 36 mm Nữ EL083-01,Anh Dương,5
elio-el083-01-nu,ELIO 36 mm Nữ EL083-01,TẠ HỮU LỘC,4
elio-el083-01-nu,ELIO 36 mm Nữ EL083-01,HUỲNH MINH LUẬN,4
q-q-s284j312y-nam,Q&Q 40 mm Nam S284J312Y,Ánh,5
q-q-s284j312y-nam,Q&Q 40 mm Nam S284J312Y,Anh Chinh,4
q-q-s284j312y-nam,Q&Q 40 mm Nam S284J312Y,Vo Thi Kim Thanh,5
q-q-s284j312y-nam,Q&Q 40 mm Nam S284J312Y,Anh Biển,5
q-q-s284j312y-nam,Q&Q 40 mm Nam S284J312Y,Khách Lẻ,3
q-q-s284j312y-nam,Q&Q 40 mm Nam S284J312Y,NGUYỄN HỬU ĐĂNG,4
q-q-s284j312y-nam,Q&Q 40 mm Nam S284J312Y,Nguyễn Văn Thảo,1
q-q-s284j312y-nam,Q&Q 40 mm Nam S284J312Y,Ngô Ngọc Thạch,5
q-q-s284j312y-nam,Q&Q 40 mm Nam S284J312Y,BÙI ĐÌNH LONG,5
q-q-s284j312y-nam,Q&Q 40 mm Nam S284J312Y,Phạm Thị Hiền,5
q-q-s284j312y-nam,Q&Q 40 mm Nam S284J312Y,Nguyễn Thái Nguyên,5
q-q-s284j312y-nam,Q&Q 40 mm Nam S284J312Y,Thư,4
q-q-s284j312y-nam,Q&Q 40 mm Nam S284J312Y,Nga,4
q-q-s284j312y-nam,Q&Q 40 mm Nam S284J312Y,Nguyên Huy Tinh,5
dong-ho-nam-mvw-ml055-01?utm_flashsale=1,MVW 42 mm Nam ML055-01,Nguyễn Văn Mạnh,2
dong-ho-nam-mvw-ml055-01?utm_flashsale=1,MVW 42 mm Nam ML055-01,Đồng,2
dong-ho-nam-mvw-ml055-01?utm_flashsale=1,MVW 42 mm Nam ML055-01,Nguyễn Tiến Việt,5
dong-ho-nam-mvw-ml055-01?utm_flashsale=1,MVW 42 mm Nam ML055-01,Nguyễn Hồng Thanh,5
dong-ho-nam-mvw-ml055-01?utm_flashsale=1,MVW 42 mm Nam ML055-01,Nguyễn Cao Huynh,4
dong-ho-nam-mvw-ml055-01?utm_flashsale=1,MVW 42 mm Nam ML055-01,Nguyễn Văn Hải,5
dong-ho-nam-mvw-ml055-01?utm_flashsale=1,MVW 42 mm Nam ML055-01,Trương Thanh Quý,5
dong-ho-nam-mvw-ml055-01?utm_flashsale=1,MVW 42 mm Nam ML055-01,Anh Nam,5
dong-ho-nam-mvw-ml055-01?utm_flashsale=1,MVW 42 mm Nam ML055-01,Tran Kim Quí,5
dong-ho-nam-mvw-ml055-01?utm_flashsale=1,MVW 42 mm Nam ML055-01,Phạm Minh Hiếu,4
dong-ho-nam-mvw-ml055-01?utm_flashsale=1,MVW 42 mm Nam ML055-01,Anh Cường,3
dong-ho-nam-mvw-ml059-01?utm_flashsale=1,MVW 40 mm Nam ML059-01,Nguyễn Vũ Luân,2
dong-ho-nam-mvw-ml059-01?utm_flashsale=1,MVW 40 mm Nam ML059-01,Phạm Văn Quốc,5
dong-ho-nam-mvw-ml059-01?utm_flashsale=1,MVW 40 mm Nam ML059-01,Nông Văn Ngọc,1
dong-ho-nam-mvw-ml059-01?utm_flashsale=1,MVW 40 mm Nam ML059-01,Khánh Băng,5
dong-ho-nam-mvw-ml059-01?utm_flashsale=1,MVW 40 mm Nam ML059-01,Ha Van Vu,5
dong-ho-nam-mvw-ml059-01?utm_flashsale=1,MVW 40 mm Nam ML059-01,Nguyễn Minh Trung,4
dong-ho-nam-mvw-ml059-01?utm_flashsale=1,MVW 40 mm Nam ML059-01,An,5
dong-ho-nam-mvw-ml059-01?utm_flashsale=1,MVW 40 mm Nam ML059-01,NGUYỄN THANH SANG,4
dong-ho-nam-mvw-ml059-01?utm_flashsale=1,MVW 40 mm Nam ML059-01,Huy Nhơn,5
dong-ho-nam-mvw-ml059-01?utm_flashsale=1,MVW 40 mm Nam ML059-01,Võ Hoàng Nhân,4
dong-ho-nam-mvw-ml059-01?utm_flashsale=1,MVW 40 mm Nam ML059-01,Tình Lê,5
dong-ho-nam-mvw-ml059-01?utm_flashsale=1,MVW 40 mm Nam ML059-01,Anh Cường,5
dong-ho-nam-mvw-ml059-01?utm_flashsale=1,MVW 40 mm Nam ML059-01,Hoàng Nam,5
dong-ho-nam-mvw-ml059-01?utm_flashsale=1,MVW 40 mm Nam ML059-01,Nguyễn Ngọc Gia,5
dong-ho-nam-mvw-ml059-01?utm_flashsale=1,MVW 40 mm Nam ML059-01,Anh Linh,4
dong-ho-nam-mvw-ml059-01?utm_flashsale=1,MVW 40 mm Nam ML059-01,Dương Hải Long,4
dong-ho-nam-mvw-ml059-01?utm_flashsale=1,MVW 40 mm Nam ML059-01,Thái Duy,5
dong-ho-nam-mvw-ml063-01,MVW 42 mm Nam ML063-01,Nguyễn Văn Cương,5
dong-ho-nam-mvw-ml063-01,MVW 42 mm Nam ML063-01,Nguyễn Triều Dương,5
dong-ho-nam-mvw-ml063-01,MVW 42 mm Nam ML063-01,Nguyễn Văn Triều,5
dong-ho-nam-mvw-ml063-01,MVW 42 mm Nam ML063-01,Nguyễn Chí Cường,5
dong-ho-nam-mvw-ml063-01,MVW 42 mm Nam ML063-01,Trần Phú,5
dong-ho-nam-mvw-ml063-01,MVW 42 mm Nam ML063-01,Lê Thị Ngọc Xuyến,4
dong-ho-nam-mvw-ml063-01,MVW 42 mm Nam ML063-01,Lê Bảo Quốc,2
dong-ho-nam-mvw-ml063-01,MVW 42 mm Nam ML063-01,Anh Khánh Duy,5
dong-ho-nam-mvw-ml063-01,MVW 42 mm Nam ML063-01,Đồng Phương,5
dong-ho-nam-mvw-ml063-01,MVW 42 mm Nam ML063-01,Võ Trung Vấn,3
dong-ho-nam-mvw-ml063-01,MVW 42 mm Nam ML063-01,Mai Xuân Qui,5
dong-ho-nam-mvw-ml063-01,MVW 42 mm Nam ML063-01,Mai Văn Sĩ,5
dong-ho-nam-mvw-ml063-01,MVW 42 mm Nam ML063-01,Nhu Y,4
dong-ho-nam-mvw-ml063-01,MVW 42 mm Nam ML063-01,Hồ Văn Chung,5
dong-ho-nam-mvw-ml063-01,MVW 42 mm Nam ML063-01,Nguyễn Minh Hiếu,1
dong-ho-nam-mvw-ml063-01,MVW 42 mm Nam ML063-01,Quỳnh,5
dong-ho-nam-mvw-ml063-01,MVW 42 mm Nam ML063-01,Trang,4
dong-ho-nam-mvw-ml063-01,MVW 42 mm Nam ML063-01,Lượng,5
dong-ho-nam-mvw-ml063-01,MVW 42 mm Nam ML063-01,Pham Thi Hong Phuoc,5
dong-ho-nam-mvw-ml063-01,MVW 42 mm Nam ML063-01,Trương Ngọc Mẫn,5
dong-ho-nam-mvw-ml063-01,MVW 42 mm Nam ML063-01,Nguyễn Văn Cương,5
dong-ho-nam-mvw-ml063-01,MVW 42 mm Nam ML063-01,Nguyễn Triều Dương,5
dong-ho-nam-mvw-ml063-01,MVW 42 mm Nam ML063-01,Nguyễn Văn Triều,5
dong-ho-nam-mvw-ml063-01,MVW 42 mm Nam ML063-01,Nguyễn Chí Cường,5
dong-ho-nam-mvw-ml063-01,MVW 42 mm Nam ML063-01,Trần Phú,5
dong-ho-nam-mvw-ml063-01,MVW 42 mm Nam ML063-01,Lê Thị Ngọc Xuyến,4
dong-ho-nam-mvw-ml063-01,MVW 42 mm Nam ML063-01,Lê Bảo Quốc,2
dong-ho-nam-mvw-ml063-01,MVW 42 mm Nam ML063-01,Anh Khánh Duy,5
dong-ho-nam-mvw-ml063-01,MVW 42 mm Nam ML063-01,Đồng Phương,5
dong-ho-nam-mvw-ml063-01,MVW 42 mm Nam ML063-01,Võ Trung Vấn,3
dong-ho-nam-mvw-ml063-01,MVW 42 mm Nam ML063-01,Mai Xuân Qui,5
dong-ho-nam-mvw-ml063-01,MVW 42 mm Nam ML063-01,Mai Văn Sĩ,5
dong-ho-nam-mvw-ml063-01,MVW 42 mm Nam ML063-01,Nhu Y,4
dong-ho-nam-mvw-ml063-01,MVW 42 mm Nam ML063-01,Hồ Văn Chung,5
dong-ho-nam-mvw-ml063-01,MVW 42 mm Nam ML063-01,Nguyễn Minh Hiếu,1
dong-ho-nam-mvw-ml063-01,MVW 42 mm Nam ML063-01,Quỳnh,5
dong-ho-nam-mvw-ml063-01,MVW 42 mm Nam ML063-01,Trang,4
dong-ho-nam-mvw-ml063-01,MVW 42 mm Nam ML063-01,Lượng,5
dong-ho-nam-mvw-ml063-01,MVW 42 mm Nam ML063-01,Pham Thi Hong Phuoc,5
dong-ho-nam-mvw-ml063-01,MVW 42 mm Nam ML063-01,Trương Ngọc Mẫn,5
dong-ho-nam-mvw-ml063-01,MVW 42 mm Nam ML063-01,Nguyễn Văn Rộng,3
dong-ho-nam-mvw-ml063-01,MVW 42 mm Nam ML063-01,Tiêu Thanh Xuân,4
dong-ho-nam-mvw-ml063-01,MVW 42 mm Nam ML063-01,Nguyễn Thành Tài,5
dong-ho-nam-mvw-ml063-01,MVW 42 mm Nam ML063-01,NGUYỄN HỮU LẦU,5
dong-ho-nam-mvw-ml063-01,MVW 42 mm Nam ML063-01,Cô Phượng,5
dong-ho-nam-mvw-ml063-01,MVW 42 mm Nam ML063-01,41396 - Châu Thành Tấn,5
dong-ho-nam-mvw-ml063-01,MVW 42 mm Nam ML063-01,Anh Minh,5
dong-ho-nam-mvw-ml063-01,MVW 42 mm Nam ML063-01,Lê Xuân Tuấn,5
dong-ho-nam-mvw-ml063-01,MVW 42 mm Nam ML063-01,NGUYEN THI HOANG YEN,4
dong-ho-nam-mvw-ml063-01,MVW 42 mm Nam ML063-01,Huyền,5
dong-ho-nam-mvw-ml063-01,MVW 42 mm Nam ML063-01,162031 - Nguyễn Ngọc Bích,5
dong-ho-nam-mvw-ml063-01,MVW 42 mm Nam ML063-01,Nguyễn Thành Thế,5
dong-ho-nam-mvw-ml063-01,MVW 42 mm Nam ML063-01,Lâm Thanh Huynh,4
dong-ho-nam-mvw-ml063-01,MVW 42 mm Nam ML063-01,Anh Đạt,5
dong-ho-nam-mvw-ml063-01,MVW 42 mm Nam ML063-01,Nguyễn Trí Thiện,5
dong-ho-nam-mvw-ml063-01,MVW 42 mm Nam ML063-01,Nguyễn Vang,3
dong-ho-nam-mvw-ml063-01,MVW 42 mm Nam ML063-01,Đào Thiện Tập,4
dong-ho-nam-mvw-ml063-01,MVW 42 mm Nam ML063-01,Văn Tâm,5
dong-ho-nam-mvw-ml063-01,MVW 42 mm Nam ML063-01,Hưng,5
dong-ho-nam-mvw-ml063-01,MVW 42 mm Nam ML063-01,Duy Công,5
elio-es099-03-nu,ELIO Xmas 26 mm Nữ ES099-03,Võ Trọng Thảo,5
elio-es099-03-nu,ELIO Xmas 26 mm Nữ ES099-03,Nguyễn Huy Công,4
elio-es099-03-nu,ELIO Xmas 26 mm Nữ ES099-03,Dương Nguyễn,5
elio-es099-03-nu,ELIO Xmas 26 mm Nữ ES099-03,Vo Chinh Nghia,4
elio-es099-03-nu,ELIO Xmas 26 mm Nữ ES099-03,Tấn,5
elio-es099-03-nu,ELIO Xmas 26 mm Nữ ES099-03,Trang,4
elio-es099-03-nu,ELIO Xmas 26 mm Nữ ES099-03,DƯƠNG THỊ HOA SEN,4
elio-es099-03-nu,ELIO Xmas 26 mm Nữ ES099-03,Bùi Thị Thu Thiệt,2
elio-es099-03-nu,ELIO Xmas 26 mm Nữ ES099-03,Nguyễn Trí Thanh,5
elio-es099-03-nu,ELIO Xmas 26 mm Nữ ES099-03,Dương Ngọc Phương,5
elio-es099-03-nu,ELIO Xmas 26 mm Nữ ES099-03,LÊ NGUYỄN PHƯƠNG TRÚC,5
elio-es099-03-nu,ELIO Xmas 26 mm Nữ ES099-03,Nguyễn Chí Trung,5
elio-es099-03-nu,ELIO Xmas 26 mm Nữ ES099-03,Chị Minh,5
elio-es099-03-nu,ELIO Xmas 26 mm Nữ ES099-03,Chị Thành,5
elio-es099-03-nu,ELIO Xmas 26 mm Nữ ES099-03,Chị Phụng,4
elio-es099-03-nu,ELIO Xmas 26 mm Nữ ES099-03,Nguyễn Thị Bảo Trâm,5
elio-es099-03-nu,ELIO Xmas 26 mm Nữ ES099-03,Thái Hữu Luân,5
elio-es099-03-nu,ELIO Xmas 26 mm Nữ ES099-03,Tuyền,5
elio-es100-03-nu,ELIO Nàng Thơ 26 mm Nữ ES100-03,Võ Đặng Giang Hưng,5
elio-es100-03-nu,ELIO Nàng Thơ 26 mm Nữ ES100-03,Chị Phương,5
elio-es100-03-nu,ELIO Nàng Thơ 26 mm Nữ ES100-03,Dương,4
elio-es100-03-nu,ELIO Nàng Thơ 26 mm Nữ ES100-03,Anh Vinh,3
elio-es100-03-nu,ELIO Nàng Thơ 26 mm Nữ ES100-03,Nguyễn Thị Quyên,4
elio-es100-03-nu,ELIO Nàng Thơ 26 mm Nữ ES100-03,Ngọc,5
elio-es100-03-nu,ELIO Nàng Thơ 26 mm Nữ ES100-03,PHAM PHUC THINH,5
elio-es100-03-nu,ELIO Nàng Thơ 26 mm Nữ ES100-03,Nguyễn Thị Thu Phương,4
elio-es100-03-nu,ELIO Nàng Thơ 26 mm Nữ ES100-03,PHAN THỊ NGỌC KHOA,5
elio-es100-03-nu,ELIO Nàng Thơ 26 mm Nữ ES100-03,Kim Chi,4
q-q-s283j202y-nu?utm_flashsale=1,Q&Q 30 mm Nữ S283J202Y,Võ Trang Anh Thư,5
q-q-s283j202y-nu?utm_flashsale=1,Q&Q 30 mm Nữ S283J202Y,Vũ Thị Thư,4
q-q-s283j202y-nu?utm_flashsale=1,Q&Q 30 mm Nữ S283J202Y,Phạm Văn Sơn,4
q-q-s283j202y-nu?utm_flashsale=1,Q&Q 30 mm Nữ S283J202Y,Hồng Thi,5
q-q-s283j202y-nu?utm_flashsale=1,Q&Q 30 mm Nữ S283J202Y,Quyên,4
q-q-s283j202y-nu?utm_flashsale=1,Q&Q 30 mm Nữ S283J202Y,Danh Huyền,5
q-q-s283j202y-nu?utm_flashsale=1,Q&Q 30 mm Nữ S283J202Y,NGUYEN NGOC QUE HUONG,5
q-q-s283j202y-nu?utm_flashsale=1,Q&Q 30 mm Nữ S283J202Y,Võ Thị Thu Trang,3
q-q-s283j202y-nu?utm_flashsale=1,Q&Q 30 mm Nữ S283J202Y,Chị Tâm,4
q-q-s283j202y-nu?utm_flashsale=1,Q&Q 30 mm Nữ S283J202Y,Trần Thanh Tuấn,5
q-q-s283j202y-nu?utm_flashsale=1,Q&Q 30 mm Nữ S283J202Y,Chị Hường,5
nakzen-sl9006l-1-nu,NAKZEN 32 mm Nữ SL9006L-1,Ngân,1
nakzen-sl9006l-1-nu,NAKZEN 32 mm Nữ SL9006L-1,NGUYEN THI THOA,5
nakzen-sl9006l-1-nu,NAKZEN 32 mm Nữ SL9006L-1,Chị Thúy,4
nakzen-ss4069gbe-7n2-nam,NAKZEN 40 mm Nam SS4069GBE-7N2,Lê Thị Hồng Cẩm,5
nakzen-ss4069lbe-7n2-nu,NAKZEN 28 mm Nữ SS4069LBE-7N2,Lê Thanh Liêm,4
nakzen-ss4209l-1nr-nu,NAKZEN Hoa & Gió 20 x 27 mm Nữ SS4209L-1NR,Nguyễn Kỳ Minh,5
nakzen-ss4209l-1nr-nu,NAKZEN Hoa & Gió 20 x 27 mm Nữ SS4209L-1NR,Như Ý,5
nakzen-ss4209l-1nr-nu,NAKZEN Hoa & Gió 20 x 27 mm Nữ SS4209L-1NR,Nguyễn Thị Thu Hương,5
nakzen-ss4209l-1nr-nu,NAKZEN Hoa & Gió 20 x 27 mm Nữ SS4209L-1NR,Thuý Duy,5
nakzen-ss9006g-1-nam,NAKZEN 40 mm Nam SS9006G-1,Nguyễn Thành Nam,4
nakzen-ss9006g-1-nam,NAKZEN 40 mm Nam SS9006G-1,Phạm Hoàng Trung,4
nakzen-ss9006g-1-nam,NAKZEN 40 mm Nam SS9006G-1,Đỗ Ngọc Vũ,3
nakzen-ss9006g-1-nam,NAKZEN 40 mm Nam SS9006G-1,Hứa Chí Trung,4
nakzen-ss9006g-1-nam,NAKZEN 40 mm Nam SS9006G-1,Trần Tấn Phát,4
citizen-bm8550-14a-nam,CITIZEN 41 mm Nam BM8550-14A,Quốc Chánh,3
elio-el095-03-nu,ELIO 30 mm Nữ EL095-03,Chị Quỳnh,5
elio-el095-03-nu,ELIO 30 mm Nữ EL095-03,Võ Thị Bích Vân,4
elio-el095-03-nu,ELIO 30 mm Nữ EL095-03,Huỳnh Thị Kim Thía,5
elio-el095-03-nu,ELIO 30 mm Nữ EL095-03,Chị Yên,3
elio-el095-03-nu,ELIO 30 mm Nữ EL095-03,Chị Thảo,4
elio-el095-03-nu,ELIO 30 mm Nữ EL095-03,NGUYỄN THỊ TRÚC LINH,4
elio-el095-03-nu,ELIO 30 mm Nữ EL095-03,Chị Vân,5
elio-el095-03-nu,ELIO 30 mm Nữ EL095-03,Phong,5
elio-el095-03-nu,ELIO 30 mm Nữ EL095-03,Trần Tiến Dũng,5
elio-el095-03-nu,ELIO 30 mm Nữ EL095-03,C Thương,5
elio-el095-03-nu,ELIO 30 mm Nữ EL095-03,Chị Thảo,4
elio-es115-02-nu,ELIO 30 mm Nữ ES115-02,Linh,5
elio-es115-02-nu,ELIO 30 mm Nữ ES115-02,0975188231,5
elio-es115-02-nu,ELIO 30 mm Nữ ES115-02,Trần Thúy An,4
elio-es115-02-nu,ELIO 30 mm Nữ ES115-02,Anh Phong,5
elio-es115-02-nu,ELIO 30 mm Nữ ES115-02,Anh Thư,5
elio-es115-02-nu,ELIO 30 mm Nữ ES115-02,152971 - Nguyễn Đức Thuận,5
elio-es115-02-nu,ELIO 30 mm Nữ ES115-02,Võ Thanh Hiếu,3
elio-es115-02-nu,ELIO 30 mm Nữ ES115-02,Chị Kiều,5
elio-el100-02-nu,ELIO 33 mm Nữ EL100-02,Duyên,3
elio-el100-02-nu,ELIO 33 mm Nữ EL100-02,Mi,5
elio-el100-02-nu,ELIO 33 mm Nữ EL100-02,Nguyễn Văn Giàu,5
elio-el100-02-nu,ELIO 33 mm Nữ EL100-02,Nguyễn Thị Mỹ Xanh,3
elio-el100-02-nu,ELIO 33 mm Nữ EL100-02,Le Thi Hong,4
elio-el100-02-nu,ELIO 33 mm Nữ EL100-02,Phương,5
elio-el100-02-nu,ELIO 33 mm Nữ EL100-02,Nguyễn Trân,4
elio-el100-02-nu,ELIO 33 mm Nữ EL100-02,Xuân,4
elio-el100-02-nu,ELIO 33 mm Nữ EL100-02,Phạm Anh Đức,5
elio-el100-02-nu,ELIO 33 mm Nữ EL100-02,Nguyễn Thị Hải Yến,5
elio-el100-02-nu,ELIO 33 mm Nữ EL100-02,Chị Liên,4
elio-el100-02-nu,ELIO 33 mm Nữ EL100-02,Trinh Nguyễn,4
elio-el100-02-nu,ELIO 33 mm Nữ EL100-02,Hoàng Yến,5
elio-el100-02-nu,ELIO 33 mm Nữ EL100-02,Chị Linh,5
elio-el100-02-nu,ELIO 33 mm Nữ EL100-02,Nguyễn Ngọc Minh Thơ,4
elio-el100-02-nu,ELIO 33 mm Nữ EL100-02,Nguyễn Thị Chung,5
elio-es119-01-nu,ELIO Flower 32 mm Nữ ES119-01,Phương Quỳnh,5
elio-es119-01-nu,ELIO Flower 32 mm Nữ ES119-01,Chi Oanh,5
elio-es119-01-nu,ELIO Flower 32 mm Nữ ES119-01,Nguyễn Thị Thục,5
elio-es119-01-nu,ELIO Flower 32 mm Nữ ES119-01,Vũ Thanh Tuyền,4
elio-es119-01-nu,ELIO Flower 32 mm Nữ ES119-01,Dung,4
elio-es119-01-nu,ELIO Flower 32 mm Nữ ES119-01,LÊ CÔNG LUẬN,5
elio-es119-01-nu,ELIO Flower 32 mm Nữ ES119-01,Anh Nghĩa,3
elio-es119-01-nu,ELIO Flower 32 mm Nữ ES119-01,Hồng Yến,5
elio-el114-01-nu?utm_flashsale=1,ELIO 32 mm Nữ EL114-01,Chị Diễm,4
elio-el114-01-nu?utm_flashsale=1,ELIO 32 mm Nữ EL114-01,Mai Thị Phượng Uyên,3
elio-el114-01-nu?utm_flashsale=1,ELIO 32 mm Nữ EL114-01,Võ Thị Như Nguyệt,4
elio-el114-01-nu?utm_flashsale=1,ELIO 32 mm Nữ EL114-01,Chị Thành,4
mvw-ml067-02-nam,MVW ML067-02 - Nam,Thiện,5
mvw-ml067-02-nam,MVW ML067-02 - Nam,Nguyễn Văn Duân,5
mvw-ml067-02-nam,MVW ML067-02 - Nam,Thu Huỳnh,5
mvw-ml067-02-nam,MVW ML067-02 - Nam,A Luyện,5
mvw-ml067-02-nam,MVW ML067-02 - Nam,Bạn Đức,4
mvw-ml067-02-nam,MVW ML067-02 - Nam,Hồ Thị Mộng Tuyền,5
mvw-ml067-02-nam,MVW ML067-02 - Nam,Anh Thao,3
mvw-ml067-02-nam,MVW ML067-02 - Nam,Lê Hữu Thắng,5
mvw-ml067-02-nam,MVW ML067-02 - Nam,NGÔ ĐỨC LONG,2
mvw-ml067-02-nam,MVW ML067-02 - Nam,CHÂU NGỌC ĐÌNH,4
mvw-ml067-02-nam,MVW ML067-02 - Nam,Linh,5
mvw-ml067-02-nam,MVW ML067-02 - Nam,Duyên,4
mvw-ml067-02-nam,MVW ML067-02 - Nam,Thơm,5
mvw-ml067-02-nam,MVW ML067-02 - Nam,Thuý,4
mvw-ml067-02-nam,MVW ML067-02 - Nam,Quân,5
mvw-ml067-02-nam,MVW ML067-02 - Nam,Trương Thị Minh Trang,5
mvw-ml066-02-nam?utm_flashsale=1,MVW Sport 42 mm Nam ML066-02,Nguyễn Anh Pha,5
mvw-ml066-02-nam?utm_flashsale=1,MVW Sport 42 mm Nam ML066-02,Nguyễn Tâm,1
mvw-ml066-02-nam?utm_flashsale=1,MVW Sport 42 mm Nam ML066-02,Đức,5
mvw-ml066-02-nam?utm_flashsale=1,MVW Sport 42 mm Nam ML066-02,Trọng,5
mvw-ml066-02-nam?utm_flashsale=1,MVW Sport 42 mm Nam ML066-02,Anh Hiệu,5
mvw-ml066-02-nam?utm_flashsale=1,MVW Sport 42 mm Nam ML066-02,NGUYEN QUOC TUAN,5
mvw-ml066-02-nam?utm_flashsale=1,MVW Sport 42 mm Nam ML066-02,TRẦN HOÀNG KHẢI,1
mvw-ml066-02-nam?utm_flashsale=1,MVW Sport 42 mm Nam ML066-02,Đông,5
mvw-ml066-02-nam?utm_flashsale=1,MVW Sport 42 mm Nam ML066-02,Đoàn Đại Long Vũ,4
mvw-ml066-02-nam?utm_flashsale=1,MVW Sport 42 mm Nam ML066-02,Nguyễn Hoà,3
mvw-ml066-02-nam?utm_flashsale=1,MVW Sport 42 mm Nam ML066-02,Trần Tú,5
mvw-ml066-02-nam?utm_flashsale=1,MVW Sport 42 mm Nam ML066-02,Quách Văn Nhân,5
mvw-ml066-02-nam?utm_flashsale=1,MVW Sport 42 mm Nam ML066-02,Tạ Đình Sơn,5
mvw-ms077-02-nam?utm_flashsale=1,MVW Sport 43 mm Nam MS077-02,Trương Văn Minh Hà,4
mvw-ms077-02-nam?utm_flashsale=1,MVW Sport 43 mm Nam MS077-02,Phan Minh Trí,5
mvw-ms077-02-nam?utm_flashsale=1,MVW Sport 43 mm Nam MS077-02,Đình,5
mvw-ms077-02-nam?utm_flashsale=1,MVW Sport 43 mm Nam MS077-02,Anh Long,5
mvw-ms077-02-nam?utm_flashsale=1,MVW Sport 43 mm Nam MS077-02,Phạm Kỳ Quốc,5
mvw-ms077-02-nam?utm_flashsale=1,MVW Sport 43 mm Nam MS077-02,Minh,5
mvw-ms077-02-nam?utm_flashsale=1,MVW Sport 43 mm Nam MS077-02,Lương,5
mvw-ms077-02-nam?utm_flashsale=1,MVW Sport 43 mm Nam MS077-02,Huyền,4
mvw-ms077-02-nam?utm_flashsale=1,MVW Sport 43 mm Nam MS077-02,Quách Thanh Phong,5
mvw-ms077-02-nam?utm_flashsale=1,MVW Sport 43 mm Nam MS077-02,Phạm Minh Đương,5
mvw-ms077-02-nam?utm_flashsale=1,MVW Sport 43 mm Nam MS077-02,Le Thi Lan,4
mvw-ms077-02-nam?utm_flashsale=1,MVW Sport 43 mm Nam MS077-02,Anh Hướng,5
mvw-ms077-02-nam?utm_flashsale=1,MVW Sport 43 mm Nam MS077-02,Nguyễn Hải Phúc,5
mvw-ms077-02-nam?utm_flashsale=1,MVW Sport 43 mm Nam MS077-02,Hoàng Văn Hậu,4
mvw-ms077-02-nam?utm_flashsale=1,MVW Sport 43 mm Nam MS077-02,Nguyễn Chí Cường,4
smile-kid-sl117-03-tre-em,SMILE KID 28 mm Trẻ em SL117-03,Huyên,5
mvw-ml071-02-nam,MVW ML071-02 - Nam,Đặng Tiến Dủng,3
mvw-ml071-02-nam,MVW ML071-02 - Nam,NGUYỄN VĂN TRIỀU,4
mvw-ml071-02-nam,MVW ML071-02 - Nam,Đỗ Hoàng Trung,2
mvw-ml071-02-nam,MVW ML071-02 - Nam,Đạt,5
mvw-ml071-02-nam,MVW ML071-02 - Nam,Phương Mai,5
mvw-ml071-02-nam,MVW ML071-02 - Nam,PHAM ANH TU,5
mvw-ml071-02-nam,MVW ML071-02 - Nam,Hà Đức Mạnh,4
mvw-ml071-02-nam,MVW ML071-02 - Nam,Quách Trọng Linh,4
mvw-ml071-02-nam,MVW ML071-02 - Nam,Triệu Quang Hiếu,5
mvw-ml071-02-nam,MVW ML071-02 - Nam,Nguyễn Thị Mỹ,5
mvw-ml071-02-nam,MVW ML071-02 - Nam,Thái Thành Triết,5
mvw-ml071-02-nam,MVW ML071-02 - Nam,Nhựt,5
mvw-ml071-02-nam,MVW ML071-02 - Nam,Khánh,4
mvw-ml071-02-nam,MVW ML071-02 - Nam,Anh Nguyên,4
mvw-ml071-02-nam,MVW ML071-02 - Nam,Nhi,5
mvw-ml071-02-nam,MVW ML071-02 - Nam,Tăng Văn Thịnh,4
mvw-ml071-02-nam,MVW ML071-02 - Nam,Tăng Văn Thịnh,5
mvw-ml071-02-nam,MVW ML071-02 - Nam,Loan,4
mvw-ml071-02-nam,MVW ML071-02 - Nam,BÙI VĂN HẬU,3
mvw-ml072-01-nam?utm_flashsale=1,MVW Sport 43 mm Nam ML072-01,Trần Minh Trường,4
mvw-ml072-01-nam?utm_flashsale=1,MVW Sport 43 mm Nam ML072-01,Khach Le,4
mvw-ml072-01-nam?utm_flashsale=1,MVW Sport 43 mm Nam ML072-01,Nguyễn Văn Lưu,5
mvw-ml072-01-nam?utm_flashsale=1,MVW Sport 43 mm Nam ML072-01,Anh Đông,5
mvw-ml072-01-nam?utm_flashsale=1,MVW Sport 43 mm Nam ML072-01,Nguyễn Văn Đồng,5
mvw-ml072-01-nam?utm_flashsale=1,MVW Sport 43 mm Nam ML072-01,Vo Minh Thoai,5
mvw-ml072-01-nam?utm_flashsale=1,MVW Sport 43 mm Nam ML072-01,LÊ CHÍ THÀNH,3
mvw-ml072-01-nam?utm_flashsale=1,MVW Sport 43 mm Nam ML072-01,Kiên,5
mvw-ml072-01-nam?utm_flashsale=1,MVW Sport 43 mm Nam ML072-01,Vũ Thanh Quang,4
mvw-ml072-01-nam?utm_flashsale=1,MVW Sport 43 mm Nam ML072-01,LÊ THỊ DIỄM XƯƠNG,5
mvw-ml072-01-nam?utm_flashsale=1,MVW Sport 43 mm Nam ML072-01,Chị Như,5
mvw-ml072-01-nam?utm_flashsale=1,MVW Sport 43 mm Nam ML072-01,Phạm Văn Tuyến,5
mvw-ml072-01-nam?utm_flashsale=1,MVW Sport 43 mm Nam ML072-01,Cao Thị Hồng,5
mvw-ml072-01-nam?utm_flashsale=1,MVW Sport 43 mm Nam ML072-01,Duong,5
mvw-ml072-01-nam?utm_flashsale=1,MVW Sport 43 mm Nam ML072-01,Trần Văn Quân,5
edifice-efs-s560db-1avudf-nam,EDIFICE CASIO 45.4 mm Nam EFS-S560DB-1AVUDF,Nguyễn Văn Khương,5
edifice-efs-s560db-1avudf-nam,EDIFICE CASIO 45.4 mm Nam EFS-S560DB-1AVUDF,Thóng Hưng Khang,5
nakzen-ss8272lbk-1nr-nu,NAKZEN 33.7 mm Nữ SS8272LBK-1NR,Oanh,4
nakzen-ss8272lbk-1nr-nu,NAKZEN 33.7 mm Nữ SS8272LBK-1NR,Phạm Thngọc Linh,4
nakzen-ss8272lbk-1nr-nu,NAKZEN 33.7 mm Nữ SS8272LBK-1NR,Thanh Thái,4
nakzen-ss8272lbk-1nr-nu,NAKZEN 33.7 mm Nữ SS8272LBK-1NR,NGUYỄN THỊ MAI,5
nakzen-ss8272lbk-1nr-nu,NAKZEN 33.7 mm Nữ SS8272LBK-1NR,NGÔ MINH ĐƯƠNG,4
elio-el116-01-nam?utm_flashsale=1,ELIO 41 mm Nam EL116-01,Nguyễn Xuân Tam,1
elio-el116-01-nam?utm_flashsale=1,ELIO 41 mm Nam EL116-01,BÙI VĂN TUẤN KIỆT,5
elio-el116-01-nam?utm_flashsale=1,ELIO 41 mm Nam EL116-01,0353609195,4
elio-el116-01-nam?utm_flashsale=1,ELIO 41 mm Nam EL116-01,Nhớ,5
elio-el116-01-nam?utm_flashsale=1,ELIO 41 mm Nam EL116-01,Anh Hiếu,4
elio-el116-01-nam?utm_flashsale=1,ELIO 41 mm Nam EL116-01,Lý Thanh Phúc,5
elio-el116-01-nam?utm_flashsale=1,ELIO 41 mm Nam EL116-01,Nguyễn Xuân Hoàng Minh,3
elio-el116-01-nam?utm_flashsale=1,ELIO 41 mm Nam EL116-01,Trương Phước An,5
elio-el118-02-nu?utm_flashsale=1,ELIO 27 mm Nữ EL118-02,Phạm Thị Hồng Tuyết,5
elio-el118-02-nu?utm_flashsale=1,ELIO 27 mm Nữ EL118-02,Trúc Anh,1
elio-el118-02-nu?utm_flashsale=1,ELIO 27 mm Nữ EL118-02,Chị Yến,4
elio-el118-02-nu?utm_flashsale=1,ELIO 27 mm Nữ EL118-02,Chị Dung,4
elio-el118-02-nu?utm_flashsale=1,ELIO 27 mm Nữ EL118-02,Trần Thị Diễm Hằng,5
elio-el118-02-nu?utm_flashsale=1,ELIO 27 mm Nữ EL118-02,Em Như,2
elio-el121-03-nu,ELIO Flower 33 mm Nữ EL121-03,Nguyễn Thị Kiều Trinh,5
elio-el121-03-nu,ELIO Flower 33 mm Nữ EL121-03,Lê Minh Thư,5
elio-el121-03-nu,ELIO Flower 33 mm Nữ EL121-03,Lê Văn Lành,5
elio-el121-03-nu,ELIO Flower 33 mm Nữ EL121-03,Nguyễn Nga,4
elio-el121-03-nu,ELIO Flower 33 mm Nữ EL121-03,Ngô Kim Lành,5
elio-el121-03-nu,ELIO Flower 33 mm Nữ EL121-03,Trần Thị Huyền,5
elio-el123-03-nu,ELIO Flower 35 mm Nữ EL123-03,Học,5
elio-el123-03-nu,ELIO Flower 35 mm Nữ EL123-03,Liên,1
elio-el123-03-nu,ELIO Flower 35 mm Nữ EL123-03,My,5
elio-el123-03-nu,ELIO Flower 35 mm Nữ EL123-03,Nguyễn Văn Vàng,5
elio-el123-03-nu,ELIO Flower 35 mm Nữ EL123-03,An,3
elio-el123-03-nu,ELIO Flower 35 mm Nữ EL123-03,Nguyễn Mộng Nghi,5
elio-el123-03-nu,ELIO Flower 35 mm Nữ EL123-03,Anh,4
elio-el123-03-nu,ELIO Flower 35 mm Nữ EL123-03,Hương,3
elio-el123-03-nu,ELIO Flower 35 mm Nữ EL123-03,Chị Tuyền,4
elio-el123-03-nu,ELIO Flower 35 mm Nữ EL123-03,Nguyễn Lê Phúc Thịnh,5
elio-el123-03-nu,ELIO Flower 35 mm Nữ EL123-03,Hiếu,4
elio-el123-03-nu,ELIO Flower 35 mm Nữ EL123-03,Linh,5
elio-es129-01-nu,ELIO Nàng Thơ 28.5 mm Nữ ES129-01,Nguyễn Chí Ti,5
elio-es129-01-nu,ELIO Nàng Thơ 28.5 mm Nữ ES129-01,Phan Hòang Liễu,4
elio-es129-01-nu,ELIO Nàng Thơ 28.5 mm Nữ ES129-01,Chị Chuyền,5
elio-es129-01-nu,ELIO Nàng Thơ 28.5 mm Nữ ES129-01,Nương,5
elio-es129-01-nu,ELIO Nàng Thơ 28.5 mm Nữ ES129-01,Chinh,5
citizen-em0505-88l-nu,CITIZEN 32 mm Nữ EM0505-88L,Nguyễn Thị Thùy Dung,5
citizen-em0505-88l-nu,CITIZEN 32 mm Nữ EM0505-88L,Đinh Văn Long,5
citizen-em0505-88l-nu,CITIZEN 32 mm Nữ EM0505-88L,Hồ Bảo Thư,5
citizen-em0508-80y-nu?utm_flashsale=1,CITIZEN 32 mm Nữ EM0508-80Y,Chính,3
citizen-eq0614-52e-nu,CITIZEN 28 mm Nữ EQ0614-52E,Chị Hiền,5
citizen-eq0614-52e-nu,CITIZEN 28 mm Nữ EQ0614-52E,Bình,3
citizen-eq0614-52e-nu,CITIZEN 28 mm Nữ EQ0614-52E,Nguyễn Thị Cẩm Hoa,4
citizen-eq0614-52e-nu,CITIZEN 28 mm Nữ EQ0614-52E,Nguyễn Duy Nam,5
citizen-ew2590-85d-nu,CITIZEN 29 mm Nữ EW2590-85D,Chị Sương,5
citizen-ew2590-85d-nu,CITIZEN 29 mm Nữ EW2590-85D,Phan Phước Thạnh,5
citizen-ew2590-85d-nu,CITIZEN 29 mm Nữ EW2590-85D,Chị Phương,5
citizen-ew2590-85d-nu,CITIZEN 29 mm Nữ EW2590-85D,Phạm Thị Khuyên,4
citizen-ew2590-85d-nu,CITIZEN 29 mm Nữ EW2590-85D,Phan Phước Thạnh,5
citizen-ew2591-82e-nu?utm_flashsale=1,CITIZEN 29 mm Nữ EW2591-82E,Ngô Văn Thiết,5
citizen-ew2591-82e-nu?utm_flashsale=1,CITIZEN 29 mm Nữ EW2591-82E,Hoàng Ân,4
citizen-ew2591-82e-nu?utm_flashsale=1,CITIZEN 29 mm Nữ EW2591-82E,Tình,4
citizen-ew2591-82e-nu?utm_flashsale=1,CITIZEN 29 mm Nữ EW2591-82E,Anh Tang,3
citizen-nj0150-81a-nam,CITIZEN Tsuyosa 40 mm Nam NJ0150-81A,A Hải,5
citizen-nj0150-81a-nam,CITIZEN Tsuyosa 40 mm Nam NJ0150-81A,Đặng Nguyễn Hữu Phúc,5
citizen-nj0150-81a-nam,CITIZEN Tsuyosa 40 mm Nam NJ0150-81A,Nguyễn Tấn Công,5
citizen-nj0150-81a-nam,CITIZEN Tsuyosa 40 mm Nam NJ0150-81A,Anh Huy,4
citizen-nj0150-81a-nam,CITIZEN Tsuyosa 40 mm Nam NJ0150-81A,Phan Hưng Đạt,5
citizen-nj0150-81e-nam,CITIZEN Tsuyosa 40 mm Nam NJ0150-81E,Trần Thanh Hoà,5
citizen-nj0150-81e-nam,CITIZEN Tsuyosa 40 mm Nam NJ0150-81E,Mai Triệu Khương,5
citizen-nj0150-81e-nam,CITIZEN Tsuyosa 40 mm Nam NJ0150-81E,Trần Thanh Hoà,5
citizen-nj0150-81e-nam,CITIZEN Tsuyosa 40 mm Nam NJ0150-81E,Anh Khôi,5
citizen-nj0150-81e-nam,CITIZEN Tsuyosa 40 mm Nam NJ0150-81E,Dương Tuấn Cường,5
citizen-nj0150-81l-nam,CITIZEN Tsuyosa 40 mm Nam NJ0150-81L,Anh Mân,4
citizen-nj0150-81l-nam,CITIZEN Tsuyosa 40 mm Nam NJ0150-81L,Bui Huy Duong,3
citizen-nj0150-81l-nam,CITIZEN Tsuyosa 40 mm Nam NJ0150-81L,Phạm Hồng Ngọc,5
citizen-nj0150-81l-nam,CITIZEN Tsuyosa 40 mm Nam NJ0150-81L,Nghiêm Minh Phước,5
citizen-nj0150-81x-nam,CITIZEN Tsuyosa 40 mm Nam NJ0150-81X,PHAN MAI TẤN SĨ,2
citizen-nj0150-81x-nam,CITIZEN Tsuyosa 40 mm Nam NJ0150-81X,Trần Đức Sáng,3
citizen-nj0150-81x-nam,CITIZEN Tsuyosa 40 mm Nam NJ0150-81X,Đông Anh,4
citizen-nj0150-81x-nam,CITIZEN Tsuyosa 40 mm Nam NJ0150-81X,Anh Tân,5
citizen-nj0150-81z-nam,CITIZEN Tsuyosa 40 mm Nam NJ0150-81Z,Nguyễn Đức Song,5
citizen-nj0150-81z-nam,CITIZEN Tsuyosa 40 mm Nam NJ0150-81Z,Nguyễn Minh Nhật,5
mvw-ms083-02-nam,MVW 40 mm Nam MS083-02,Đoàn,4
mvw-ms083-02-nam,MVW 40 mm Nam MS083-02,Tô Thị Thuỳ Linh,4
mvw-ms084-02-nam,MVW 40 mm Nam MS084-02,Anh Hùng,5
mvw-ms084-02-nam,MVW 40 mm Nam MS084-02,Chị Ngọ,5
mvw-ms084-02-nam,MVW 40 mm Nam MS084-02,Cô Phương Dung,5
mvw-ms084-02-nam,MVW 40 mm Nam MS084-02,Phúc,5
mvw-ms084-02-nam,MVW 40 mm Nam MS084-02,Mai Hoang Long,5
mvw-ms084-02-nam,MVW 40 mm Nam MS084-02,Chị Đông,5
mvw-ms084-02-nam,MVW 40 mm Nam MS084-02,Trần Hữu Trí,4
mvw-ms086-01-nam?utm_flashsale=1,MVW 43 mm Nam MS086-01,Phạm Minh Khương,5
mvw-ms086-01-nam?utm_flashsale=1,MVW 43 mm Nam MS086-01,Nguyễn Tuấn An,5
mvw-ms086-01-nam?utm_flashsale=1,MVW 43 mm Nam MS086-01,Ngân,4
mvw-ms086-01-nam?utm_flashsale=1,MVW 43 mm Nam MS086-01,Thin,5
mvw-ms086-01-nam?utm_flashsale=1,MVW 43 mm Nam MS086-01,Lê Văn Khải,5
mvw-ms086-01-nam?utm_flashsale=1,MVW 43 mm Nam MS086-01,Lựa Hóng Dẩu,5
mvw-ms086-01-nam?utm_flashsale=1,MVW 43 mm Nam MS086-01,Anh Phương,4
mvw-ms086-01-nam?utm_flashsale=1,MVW 43 mm Nam MS086-01,Thắng,4
mvw-ms086-01-nam?utm_flashsale=1,MVW 43 mm Nam MS086-01,Anh Lộc,5
mvw-ms086-01-nam?utm_flashsale=1,MVW 43 mm Nam MS086-01,Chị Hậu,4
mvw-ml073-02-nam?utm_flashsale=1,MVW 40 mm Nam ML073-02,NGUYEN TRONG DAN,2
mvw-ml073-02-nam?utm_flashsale=1,MVW 40 mm Nam ML073-02,Thạch Ngọc Tâm,4
mvw-ml073-02-nam?utm_flashsale=1,MVW 40 mm Nam ML073-02,Võ Minh Khang,5
mvw-ml073-02-nam?utm_flashsale=1,MVW 40 mm Nam ML073-02,Trần Văn Thái,5
mvw-ml073-02-nam?utm_flashsale=1,MVW 40 mm Nam ML073-02,Cao Duy Trường,4
mvw-ml073-02-nam?utm_flashsale=1,MVW 40 mm Nam ML073-02,Vũ Thị Ngọc Ánh,5
mvw-ml073-02-nam?utm_flashsale=1,MVW 40 mm Nam ML073-02,Anh Huy,4
mvw-ml073-02-nam?utm_flashsale=1,MVW 40 mm Nam ML073-02,Hữu Cần,4
mvw-ml073-02-nam?utm_flashsale=1,MVW 40 mm Nam ML073-02,Bùi Thị Cẩm Loan,4
nakzen-sl9256gbk-2-nam,NAKZEN 41 mm Nam SL9256GBK-2,Tâm,5
nakzen-sl9256gbk-2-nam,NAKZEN 41 mm Nam SL9256GBK-2,Phạm Văn Tình,5
nakzen-ss8335l-4-nu,NAKZEN Hoa & Gió 32 mm Nữ SS8335L-4,Chị Vĩnh,4
nakzen-ss8335l-4-nu,NAKZEN Hoa & Gió 32 mm Nữ SS8335L-4,NGỌC SANG,4
elio-es132-01-nu,ELIO 33.5 mm Nữ ES132-01,Cam Tien,5
elio-es132-01-nu,ELIO 33.5 mm Nữ ES132-01,Lâm Thành Sơn,5
elio-es132-01-nu,ELIO 33.5 mm Nữ ES132-01,Chi Dương,4
elio-es132-01-nu,ELIO 33.5 mm Nữ ES132-01,Lê Thị Hoài,4
elio-es132-01-nu,ELIO 33.5 mm Nữ ES132-01,Nguyễn Thị Niềm,5
elio-es132-01-nu,ELIO 33.5 mm Nữ ES132-01,Nguyễn Anh Đức,5
elio-es132-02-nu,ELIO 33.5 mm Nữ ES132-02,Phan Ngọc Sáu,5
elio-es132-02-nu,ELIO 33.5 mm Nữ ES132-02,LÊ THỊ BẢO XUYÊN,4
elio-es132-02-nu,ELIO 33.5 mm Nữ ES132-02,Huỳnh Yến Nhi,5
elio-es132-02-nu,ELIO 33.5 mm Nữ ES132-02,PHẠM THỊ NGUYỆT NGA,5
elio-es132-02-nu,ELIO 33.5 mm Nữ ES132-02,Văn Quốc Minh,3
elio-el127-03-nu,ELIO 35.2 mm Nữ EL127-03,Xuân,5
elio-el127-03-nu,ELIO 35.2 mm Nữ EL127-03,Nguyễn Chí Lợi,5
elio-el127-03-nu,ELIO 35.2 mm Nữ EL127-03,NGUYỄN QUANG LINH,3
elio-el127-03-nu,ELIO 35.2 mm Nữ EL127-03,CÙ THỊ NGUYỆT,5
elio-el127-03-nu,ELIO 35.2 mm Nữ EL127-03,Chị Phương,4
elio-el127-03-nu,ELIO 35.2 mm Nữ EL127-03,Em Huỳnh,5
elio-el127-03-nu,ELIO 35.2 mm Nữ EL127-03,Tâm,4
elio-es131-01-nu?utm_flashsale=1,ELIO Ngày có em 32 mm Nữ ES131-01,Trương Thị Ngọc Thiệt,5
elio-es131-01-nu?utm_flashsale=1,ELIO Ngày có em 32 mm Nữ ES131-01,Anh Phạm Văn Sáu,5
elio-es131-03-nu,ELIO Ngày có em 32 mm Nữ ES131-03,Âu Ngọc Thủy,5
elio-es131-03-nu,ELIO Ngày có em 32 mm Nữ ES131-03,Chú Sơn,4
elio-es131-03-nu,ELIO Ngày có em 32 mm Nữ ES131-03,Quý,5
elio-el125-03-nu,ELIO 32 mm Nữ EL125-03,Nguyễn Ngọc Ngọc,1
elio-el125-03-nu,ELIO 32 mm Nữ EL125-03,Bích Hợp,4
elio-el125-03-nu,ELIO 32 mm Nữ EL125-03,Dương Ngọc Phương,3
elio-el125-03-nu,ELIO 32 mm Nữ EL125-03,Anh Quang,4
elio-el125-03-nu,ELIO 32 mm Nữ EL125-03,Linh,5
elio-el128-02-nu,ELIO Flower 32 mm Nữ EL128-02,Trân,5
elio-el128-02-nu,ELIO Flower 32 mm Nữ EL128-02,Ánh Hồng,5
elio-el128-02-nu,ELIO Flower 32 mm Nữ EL128-02,Anh Chính,4
elio-el128-02-nu,ELIO Flower 32 mm Nữ EL128-02,,5
elio-el128-02-nu,ELIO Flower 32 mm Nữ EL128-02,Nguyễn Anh Tuấn,5
elio-el128-02-nu,ELIO Flower 32 mm Nữ EL128-02,Chị Nhung,5
elio-el129-01-nu,ELIO Flower 32 mm Nữ EL129-01,Nguyễn Thị Hồng,4
elio-el129-01-nu,ELIO Flower 32 mm Nữ EL129-01,Phượng,3
elio-el129-01-nu,ELIO Flower 32 mm Nữ EL129-01,Đặng Thị Quỳnh Như,4
elio-el129-01-nu,ELIO Flower 32 mm Nữ EL129-01,Nguyễn Thị Tâm,4
elio-el129-01-nu,ELIO Flower 32 mm Nữ EL129-01,Chị Thảo,5
elio-el129-05-nu,ELIO Ngày có em 32 mm Nữ EL129-05,Nương,5
elio-el129-05-nu,ELIO Ngày có em 32 mm Nữ EL129-05,Thi Hoàng Sang,3
elio-el129-05-nu,ELIO Ngày có em 32 mm Nữ EL129-05,Nguyen Thi Anh Thu,5
elio-ec018-01-nam?utm_flashsale=1,ELIO 42 mm Nam EC018-01,Tran Thi Thuy An,5
elio-ec018-01-nam?utm_flashsale=1,ELIO 42 mm Nam EC018-01,Ngoan,1
elio-ec019-01-nam?utm_flashsale=1,ELIO 40 mm Nam EC019-01,Phạm Hồng Dũng,4
elio-ec019-01-nam?utm_flashsale=1,ELIO 40 mm Nam EC019-01,Lâm Tấn Tài,5
elio-ec019-01-nam?utm_flashsale=1,ELIO 40 mm Nam EC019-01,NGUYỄN QUỐC VỈNH,5
elio-ec019-01-nam?utm_flashsale=1,ELIO 40 mm Nam EC019-01,Brơi,5
elio-ec019-01-nam?utm_flashsale=1,ELIO 40 mm Nam EC019-01,Hoàng Thị Thanh Nga,5
elio-ec024-01-nam?utm_flashsale=1,ELIO 40 mm Nam EC024-01,Trương,5
elio-ec024-01-nam?utm_flashsale=1,ELIO 40 mm Nam EC024-01,Hà,3
elio-ec024-01-nam?utm_flashsale=1,ELIO 40 mm Nam EC024-01,Thịnh,5
elio-ec024-01-nam?utm_flashsale=1,ELIO 40 mm Nam EC024-01,Vinh,5
elio-ec021-02-nu,ELIO 29 mm Nữ EC021-02,Nguyễn Văn Thủy,4
elio-ec021-02-nu,ELIO 29 mm Nữ EC021-02,Thùy Lam,5
elio-ec021-02-nu,ELIO 29 mm Nữ EC021-02,Nguyễn Phan Anh,5
q-q-c01a-007py-nu,Q&Q 30 mm Nữ C01A-007PY,Thảo Vân,5
q-q-c01a-007py-nu,Q&Q 30 mm Nữ C01A-007PY,Chị Tươi,5
q-q-c01a-007py-nu,Q&Q 30 mm Nữ C01A-007PY,Lệ,4
q-q-c01a-007py-nu,Q&Q 30 mm Nữ C01A-007PY,Tâm Như,5
q-q-c01a-007py-nu,Q&Q 30 mm Nữ C01A-007PY,Thu,5
q-q-c09a-015py-nu?utm_flashsale=1,Q&Q 30 mm Nữ C09A-015PY,Phúc,4
q-q-c09a-015py-nu?utm_flashsale=1,Q&Q 30 mm Nữ C09A-015PY,Ân,5
q-q-c09a-015py-nu?utm_flashsale=1,Q&Q 30 mm Nữ C09A-015PY,Triệu Mỹ Phuơng,5
q-q-c09a-015py-nu?utm_flashsale=1,Q&Q 30 mm Nữ C09A-015PY,Lê Thương,5
q-q-c09a-015py-nu?utm_flashsale=1,Q&Q 30 mm Nữ C09A-015PY,Nguyễn Thái Nguyệt,4
q-q-c09a-015py-nu?utm_flashsale=1,Q&Q 30 mm Nữ C09A-015PY,Nguyễn Khoa Huân,5
q-q-c11a-015py-nu,Q&Q 30 mm Nữ C11A-015PY,Chị Lê,3
q-q-c11a-015py-nu,Q&Q 30 mm Nữ C11A-015PY,Chị Pha,5
q-q-c11a-015py-nu,Q&Q 30 mm Nữ C11A-015PY,Hồng Quyến,3
q-q-c11a-015py-nu,Q&Q 30 mm Nữ C11A-015PY,Thanh Hiền,4
eyki-eyc015-01-nam?utm_flashsale=1,EYKI 41 mm Nam EYC015-01,Nguyen Hoang Hai Bac,4
eyki-eyc016-01-nam?utm_flashsale=1,EYKI 41 mm Nam EYC016-01,Trần Nam Hoàng,5
eyki-eyl003-02-nu,EYKI 28 mm Nữ EYL003-02,NGUYEN HAI DANG,4
eyki-eyl003-02-nu,EYKI 28 mm Nữ EYL003-02,Chị Hướng,5
eyki-eyl003-02-nu,EYKI 28 mm Nữ EYL003-02,Trần Minh Khoan,4
eyki-eyc008-02-nu?utm_flashsale=1,EYKI 29 mm Nữ EYC008-02,Hứa Thị Kim Thư,4
eyki-eys008-04-nu,EYKI EYS008-04 - Nữ,C Thu,5
eyki-eys008-04-nu,EYKI EYS008-04 - Nữ,Duy Nhã,5
eyki-eys008-04-nu,EYKI EYS008-04 - Nữ,Cô Ly,5
eyki-eys008-04-nu,EYKI EYS008-04 - Nữ,Hà,5
eyki-eys008-04-nu,EYKI EYS008-04 - Nữ,Nông Thị Thuận,4
eyki-eys008-04-nu,EYKI EYS008-04 - Nữ,Thiều,4
eyki-eys008-04-nu,EYKI EYS008-04 - Nữ,C Thuỷ,5
eyki-eys008-04-nu,EYKI EYS008-04 - Nữ,,4
eyki-eys008-04-nu,EYKI EYS008-04 - Nữ,Nguyễn Mộng Thương,5
eyki-eyl012-01-nu?utm_flashsale=1,EYKI 32 mm Nữ EYL012-01,NGUYỄN THỊ KIM XUYẾN,3
eyki-eyl012-01-nu?utm_flashsale=1,EYKI 32 mm Nữ EYL012-01,NGUYỄN ĐỨC KHÁNH,4
eyki-eyl012-01-nu?utm_flashsale=1,EYKI 32 mm Nữ EYL012-01,CHÂU CẨM TÚ,4
eyki-eyl012-01-nu?utm_flashsale=1,EYKI 32 mm Nữ EYL012-01,Lê Thị Lý,5
mvw-ml074-03-nam?utm_flashsale=1,MVW Sport 43 mm Nam ML074-03,Lê Tấn Phúc,5
mvw-ml074-03-nam?utm_flashsale=1,MVW Sport 43 mm Nam ML074-03,Hiếu,5
mvw-ml074-03-nam?utm_flashsale=1,MVW Sport 43 mm Nam ML074-03,Võ Bích Trâm,5
mvw-ml074-03-nam?utm_flashsale=1,MVW Sport 43 mm Nam ML074-03,Kim Cúc,4
mvw-ml074-03-nam?utm_flashsale=1,MVW Sport 43 mm Nam ML074-03,Lê Thị Hoài Thương,5
mvw-ml074-03-nam?utm_flashsale=1,MVW Sport 43 mm Nam ML074-03,BẠCH HOA,5
mvw-ml074-03-nam?utm_flashsale=1,MVW Sport 43 mm Nam ML074-03,VÕ THỊ HOÀNG OANH,5
smile-kid-sl125-03-tre-em,SMILE KID 30 mm Trẻ em SL125-03,Võ Thị Thoãn,5
smile-kid-sl125-03-tre-em,SMILE KID 30 mm Trẻ em SL125-03,Chị Pha,5
smile-kid-sl125-03-tre-em,SMILE KID 30 mm Trẻ em SL125-03,HOÀNG THỊ HÀ,5
smile-kid-sl125-03-tre-em,SMILE KID 30 mm Trẻ em SL125-03,NGUYỄN THỊ NHUNG,5
smile-kid-sl125-03-tre-em,SMILE KID 30 mm Trẻ em SL125-03,Anh Nhàn,5
smile-kid-sl125-03-tre-em,SMILE KID 30 mm Trẻ em SL125-03,,4
smile-kid-sl125-03-tre-em,SMILE KID 30 mm Trẻ em SL125-03,Võ Văn Hữu Lộc,5
smile-kid-sl125-03-tre-em,SMILE KID 30 mm Trẻ em SL125-03,VÕ VĂN QUẮN,5
smile-kid-sl130-04-tre-em,SMILE KID 29 mm Trẻ em SL130-04,Nguyễn Văn Lương,5
smile-kid-sl130-04-tre-em,SMILE KID 29 mm Trẻ em SL130-04,Nguyen Van Man Anh,3
smile-kid-sl130-04-tre-em,SMILE KID 29 mm Trẻ em SL130-04,Mỹ Diện,5
smile-kid-sl130-04-tre-em,SMILE KID 29 mm Trẻ em SL130-04,Ngân,4
smile-kid-sl130-04-tre-em,SMILE KID 29 mm Trẻ em SL130-04,Giang,5
smile-kid-sl130-04-tre-em,SMILE KID 29 mm Trẻ em SL130-04,Nguyễn Văn Tuân,1
smile-kid-sl130-04-tre-em,SMILE KID 29 mm Trẻ em SL130-04,VŨ THỊ VÂN,5
smile-kid-sl130-04-tre-em,SMILE KID 29 mm Trẻ em SL130-04,Tiên,4
smile-kid-sl130-04-tre-em,SMILE KID 29 mm Trẻ em SL130-04,TỐNG VĂN ĐOÀN,5
smile-kid-sl132-02-tre-em,SMILE KID 47.2 mm Trẻ em SL132-02,Nguyễn Thanh Phương,5
smile-kid-sl132-02-tre-em,SMILE KID 47.2 mm Trẻ em SL132-02,Nguyễn Thị Phước Nhi,5
smile-kid-sl132-02-tre-em,SMILE KID 47.2 mm Trẻ em SL132-02,Chị Mỹ,4
smile-kid-sl132-02-tre-em,SMILE KID 47.2 mm Trẻ em SL132-02,Chị Hương,4
smile-kid-sl132-02-tre-em,SMILE KID 47.2 mm Trẻ em SL132-02,C Chi,4
smile-kid-sl132-02-tre-em,SMILE KID 47.2 mm Trẻ em SL132-02,Nguyễn Hạ Di,4
smile-kid-sl132-02-tre-em,SMILE KID 47.2 mm Trẻ em SL132-02,Chị Lê,5
smile-kid-sl132-04-tre-em,SMILE KID 47.2 mm Trẻ em SL132-04,Nguyễn Thị Thêu,5
smile-kid-sl132-04-tre-em,SMILE KID 47.2 mm Trẻ em SL132-04,Nguyễn Thị Hoài,5
smile-kid-sl132-04-tre-em,SMILE KID 47.2 mm Trẻ em SL132-04,Lê Huy Phương,4
smile-kid-sl132-04-tre-em,SMILE KID 47.2 mm Trẻ em SL132-04,NGUYỄN VĂN ĐẮC,3
smile-kid-sl132-04-tre-em,SMILE KID 47.2 mm Trẻ em SL132-04,Trần Thị Liễu,5
smile-kid-sl132-04-tre-em,SMILE KID 47.2 mm Trẻ em SL132-04,ChỊ Hồng,4
smile-kid-sl132-04-tre-em,SMILE KID 47.2 mm Trẻ em SL132-04,Phạm Mạnh Cường,4
smile-kid-sl132-04-tre-em,SMILE KID 47.2 mm Trẻ em SL132-04,Hoàng Thị Hạnh,5
smile-kid-sl132-04-tre-em,SMILE KID 47.2 mm Trẻ em SL132-04,Chị Vy,4
orient-ra-ac0e07s10b-nam,ORIENT Contemporary 40 mm Nam RA-AC0E07S10B,Nghia,3
citizen-pr1041-18n-nu,CITIZEN Sunshine and Luna 28.5 mm Nữ PR1041-18N,Thúy,5
citizen-em0910-80d-nu,CITIZEN Mother Earth 30 mm Nữ EM0910-80D,Thái Hồ Hoàng Vũ,5
citizen-bi5100-58a-nam,CITIZEN 41 mm Nam BI5100-58A,Nguyễn Văn Ngọc,3
citizen-bi5110-54b-nam,CITIZEN 41 mm Nam BI5110-54B,Nguyễn Việt Anh,4
citizen-an3680-50a-nam,CITIZEN 44 mm Nam AN3680-50A,Huỳnh Phạm Tuấn Anh,5
q-q-a12a-001py-nam,Q&Q 42 mm Nam A12A-001PY,Nguyễn Đặng Quế Nhi,5
q-q-a12a-009py-nam,Q&Q 42 mm Nam A12A-009PY,Phan Hoai Thương,5
q-q-c35a-005py-nu,Q&Q 30.5 mm Nữ C35A-005PY,Thảo,5
q-q-c35a-005py-nu,Q&Q 30.5 mm Nữ C35A-005PY,Nguyễn Ngọc Thảo,4
orient-ra-ak0008s10b-nam,ORIENT Sun & Moon 42.5 mm Nam RA-AK0008S10B,Phùng Hùng,5
mvw-mla086-03-hv-nam?utm_flashsale=1,MVW Hồn Việt 43 mm Nam MLA086-03-HV,Hùng Nguyễn,5
mvw-mla086-03-hv-nam?utm_flashsale=1,MVW Hồn Việt 43 mm Nam MLA086-03-HV,Khanh,3
mvw-mla086-03-hv-nam?utm_flashsale=1,MVW Hồn Việt 43 mm Nam MLA086-03-HV,Trần Tuấn Khanh,3
mvw-msca001-01-s1-nam?utm_flashsale=1,MVW Galaxy 43 mm Nam MSCA001-01-S1,Bùi Ngọc Hải,5
mvw-msca001-01-s1-nam?utm_flashsale=1,MVW Galaxy 43 mm Nam MSCA001-01-S1,Trần Văn Nam,5
mvw-msca001-01-s1-nam?utm_flashsale=1,MVW Galaxy 43 mm Nam MSCA001-01-S1,Phương,5
mvw-msa091-01-s1-nam?utm_flashsale=1,MVW Galaxy 43 mm Nam MSA091-01-S1,Nguyễn Văn Mẫn,1
mvw-msca002-02-s3-nam?utm_flashsale=1,MVW Galaxy 44 mm Nam MSCA002-02-S3,Huỳnh Văn Dũng,4
mvw-ml088-02-nam?utm_flashsale=1,MVW 44 mm Nam ML088-02,Nguyễn Nguyên Khánh,4
q-q-s03a-005vy-nu,Q&Q 36 mm Nữ S03A-005VY,Nguyễn Thị Mỹ Nhân,5
q-q-s03a-005vy-nu,Q&Q 36 mm Nữ S03A-005VY,Nguyễn Duy Hiển,4
q-q-s280j215y-nam,Q&Q 40 mm Nam S280J215Y,Trần Bình Tĩnh,5
q-q-s280j215y-nam,Q&Q 40 mm Nam S280J215Y,Lâm Hoàng Minh,4
g-shock-dw-5600uhr-1dr-nam?utm_flashsale=1,G-SHOCK 5600 42.8 mm Nam DW-5600UHR-1DR,Trần Đình Thái,3
candino-c4626-4-nu,CANDINO 30 mm Nữ C4626/4,NGUYỄN THỊ THANH THANH,5
g-shock-ga-2300-8adr-nam,G-SHOCK 42.1 mm Nam GA-2300-8ADR,Điền,5
baby-g-bga-230sc-4bdr-hong?utm_flashsale=1,BABY-G 41.8 mm Nữ BGA-230SC-4BDR,Nguyễn Thị Thanh An,4
baby-g-bga-230sc-4bdr-hong?utm_flashsale=1,BABY-G 41.8 mm Nữ BGA-230SC-4BDR,Trương Thị Thanh Thảo,3
baby-g-bga-230sc-4bdr-hong?utm_flashsale=1,BABY-G 41.8 mm Nữ BGA-230SC-4BDR,Phạm Thúy Kiều,4
baby-g-bga-230sc-4bdr-hong?utm_flashsale=1,BABY-G 41.8 mm Nữ BGA-230SC-4BDR,Đặng Ngọc Thanh,5
baby-g-bga-230sc-4bdr-hong?utm_flashsale=1,BABY-G 41.8 mm Nữ BGA-230SC-4BDR,CÔNG TY TNHH SẢN XUẤT THƯƠNG MẠI DỊCH VỤ N.T.V,4
baby-g-bga-240l-2a1dr-xanh-duong?utm_flashsale=1,BABY-G 42.7 mm Nữ BGA-240L-2A1DR,Nguyễn Tuấn Nghĩa,3
baby-g-bga-240l-2a1dr-xanh-duong?utm_flashsale=1,BABY-G 42.7 mm Nữ BGA-240L-2A1DR,Lê Hoàng Yến,4
baby-g-bga-240l-2a1dr-xanh-duong?utm_flashsale=1,BABY-G 42.7 mm Nữ BGA-240L-2A1DR,Thanh Tuấn,5
baby-g-bga-240l-2a1dr-xanh-duong?utm_flashsale=1,BABY-G 42.7 mm Nữ BGA-240L-2A1DR,Phan Lê Đình Tấn,5
baby-g-bga-240l-2a1dr-xanh-duong?utm_flashsale=1,BABY-G 42.7 mm Nữ BGA-240L-2A1DR,Giao,5
casio-ltp-1303d-1avdf-bac,CASIO 30 mm Nữ LTP-1303D-1AVDF,Chú Dũng,4
casio-ltp-1303d-1avdf-bac,CASIO 30 mm Nữ LTP-1303D-1AVDF,Trần Nguyễn Quốc Thanh,5
casio-ltp-1303d-1avdf-bac,CASIO 30 mm Nữ LTP-1303D-1AVDF,Huỳnh Minh Trọng,5
casio-ltp-1303d-1avdf-bac,CASIO 30 mm Nữ LTP-1303D-1AVDF,Duy,5
casio-ltp-1335d-7avdf-bac,CASIO 30 mm Nữ LTP-1335D-7AVDF,Trần Linh,5
casio-ltp-1335d-7avdf-bac,CASIO 30 mm Nữ LTP-1335D-7AVDF,Hạnh,5
casio-ltp-1335d-7avdf-bac,CASIO 30 mm Nữ LTP-1335D-7AVDF,LÊ VĂN ÂN,3
casio-ltp-1335d-7avdf-bac,CASIO 30 mm Nữ LTP-1335D-7AVDF,Nguyễn Thanh Xuân,4
casio-ltp-1335d-7avdf-bac,CASIO 30 mm Nữ LTP-1335D-7AVDF,Tuyết,4
casio-ltp-1335d-7avdf-bac,CASIO 30 mm Nữ LTP-1335D-7AVDF,Chị Dung,4
casio-ltp-1335d-7avdf-bac,CASIO 30 mm Nữ LTP-1335D-7AVDF,Anh Đạt,4
casio-ltp-1335d-7avdf-bac,CASIO 30 mm Nữ LTP-1335D-7AVDF,Nguyễn Thị Phương Thanh,5
casio-ltp-1335d-7avdf-bac,CASIO 30 mm Nữ LTP-1335D-7AVDF,NGUYỄN PHẠM BẢO NGỌC,5
casio-ltp-1335d-7avdf-bac,CASIO 30 mm Nữ LTP-1335D-7AVDF,Vũ Thị Bảo Ngọc,3
casio-ltp-1335d-7avdf-bac,CASIO 30 mm Nữ LTP-1335D-7AVDF,Cô Tịnh Nghiêm,5
casio-ltp-1335d-7avdf-bac,CASIO 30 mm Nữ LTP-1335D-7AVDF,Lê Văn Tấn,5
casio-ltp-v002d-1audf-bac,CASIO 25 mm Nữ LTP-V002D-1AUDF,Lê ĐÌnh Thiên,3
casio-ltp-v002d-1audf-bac,CASIO 25 mm Nữ LTP-V002D-1AUDF,Nguyễn Thúy Vân,5
casio-ltp-v002d-1audf-bac,CASIO 25 mm Nữ LTP-V002D-1AUDF,CÔNG TY TNHH PUNGLIM VINA,3
casio-ltp-v002d-1audf-bac,CASIO 25 mm Nữ LTP-V002D-1AUDF,Anh Hậu,4
casio-ltp-v002d-1audf-bac,CASIO 25 mm Nữ LTP-V002D-1AUDF,Nguyễn Ngọc Mỹ,5
casio-ltp-v002d-1audf-bac,CASIO 25 mm Nữ LTP-V002D-1AUDF,TRẦN THẾ PHÚ,5
casio-ltp-v002d-1audf-bac,CASIO 25 mm Nữ LTP-V002D-1AUDF,Linh,5
casio-ltp-v002d-1audf-bac,CASIO 25 mm Nữ LTP-V002D-1AUDF,Quàng Văn Dương,5
casio-ltp-v002d-1audf-bac,CASIO 25 mm Nữ LTP-V002D-1AUDF,Trịnh Minh Văn,4
casio-ltp-v002d-1audf-bac,CASIO 25 mm Nữ LTP-V002D-1AUDF,Nguyễn Thanh Phương,5
casio-ltp-v002d-1audf-bac,CASIO 25 mm Nữ LTP-V002D-1AUDF,Trần Lăm Thiện,5
casio-ltp-v002d-1audf-bac,CASIO 25 mm Nữ LTP-V002D-1AUDF,Tuyết Ngân,5
casio-ltp-v002d-1audf-bac,CASIO 25 mm Nữ LTP-V002D-1AUDF,Ngô Phương Thảo,3
casio-ltp-v004d-7budf-bac,CASIO 30 mm Nữ LTP-V004D-7BUDF,Lưu Thuy An,5
casio-ltp-v004d-7budf-bac,CASIO 30 mm Nữ LTP-V004D-7BUDF,Điệp,4
casio-ltp-v004d-7budf-bac,CASIO 30 mm Nữ LTP-V004D-7BUDF,Huỳnh Kim Hậu,4
casio-ltp-v004d-7budf-bac,CASIO 30 mm Nữ LTP-V004D-7BUDF,Lê Thành Thích,5
casio-ltp-v004d-7budf-bac,CASIO 30 mm Nữ LTP-V004D-7BUDF,Anh Thành,4
casio-ltp-v004d-7budf-bac,CASIO 30 mm Nữ LTP-V004D-7BUDF,Ngân,5
casio-ltp-v004d-7budf-bac,CASIO 30 mm Nữ LTP-V004D-7BUDF,Phước Thiện,4
casio-ltp-v004d-7budf-bac,CASIO 30 mm Nữ LTP-V004D-7BUDF,Chị Vũ Thị Hoa,4
casio-ltp-v005d-7budf-bac,CASIO 28.2 mm Nữ LTP-V005D-7BUDF,Lam,5
casio-ltp-v005d-7budf-bac,CASIO 28.2 mm Nữ LTP-V005D-7BUDF,Hân,5
casio-ltp-v005d-7budf-bac,CASIO 28.2 mm Nữ LTP-V005D-7BUDF,Nguyễn Văn Nghiêm,5
casio-ltp-v005d-7budf-bac,CASIO 28.2 mm Nữ LTP-V005D-7BUDF,Chị Hồng,5
casio-ltp-v005d-7budf-bac,CASIO 28.2 mm Nữ LTP-V005D-7BUDF,Hoàng Thùy Linh,5
casio-ltp-v005d-7budf-bac,CASIO 28.2 mm Nữ LTP-V005D-7BUDF,Kim Chi,5
casio-ltp-v005d-7budf-bac,CASIO 28.2 mm Nữ LTP-V005D-7BUDF,Đặng Thị Thuỷ,4
casio-ltp-v005d-7budf-bac,CASIO 28.2 mm Nữ LTP-V005D-7BUDF,Nguyễn Nhật Phương Trinh,4
casio-ltp-v005d-7budf-bac,CASIO 28.2 mm Nữ LTP-V005D-7BUDF,- Phùng Ngọc Lan,4
casio-ltp-v005d-7budf-bac,CASIO 28.2 mm Nữ LTP-V005D-7BUDF,Anh,5
casio-ltp-v005d-7budf-bac,CASIO 28.2 mm Nữ LTP-V005D-7BUDF,Anh Long,5
casio-ltp-v005d-7budf-bac,CASIO 28.2 mm Nữ LTP-V005D-7BUDF,Nguyễn Thị Thuỳ Dương,4
casio-ltp-v005d-7budf-bac,CASIO 28.2 mm Nữ LTP-V005D-7BUDF,Lê Ngọc Quí,5
casio-ltp-v005d-7budf-bac,CASIO 28.2 mm Nữ LTP-V005D-7BUDF,Bé Ngọc,5
casio-ltp-v005d-7budf-bac,CASIO 28.2 mm Nữ LTP-V005D-7BUDF,Ngô Ngọc Hà,5
casio-ltp-v005d-7budf-bac,CASIO 28.2 mm Nữ LTP-V005D-7BUDF,Lê Thị Ngọc Huyền,4
casio-ltp-v006d-2budf-bac,CASIO 24.9 mm Nữ LTP-V006D-2BUDF,Nguyễn Yến Như,5
casio-ltp-v006d-2budf-bac,CASIO 24.9 mm Nữ LTP-V006D-2BUDF,Nam,5
casio-ltp-v006d-2budf-bac,CASIO 24.9 mm Nữ LTP-V006D-2BUDF,Nguyễn Thị Duyên,3
casio-ltp-v006d-2budf-bac,CASIO 24.9 mm Nữ LTP-V006D-2BUDF,Vũ Thị Ngọc,5
casio-ltp-v006d-2budf-bac,CASIO 24.9 mm Nữ LTP-V006D-2BUDF,Nguyễn Hữu Kiên,5
casio-ltp-v006d-2budf-bac,CASIO 24.9 mm Nữ LTP-V006D-2BUDF,Nguyễn Thị Lệ,4
casio-ltp-v006d-2budf-bac,CASIO 24.9 mm Nữ LTP-V006D-2BUDF,Nguyễn Thị Thịnh,5
casio-ltp-v006d-2budf-bac,CASIO 24.9 mm Nữ LTP-V006D-2BUDF,Thanh Phương,4
g-shock-ga-710gb-1adr-den?utm_flashsale=1,G-SHOCK 52.5 mm Nam GA-710GB-1ADR,Khiêm,4
g-shock-ga-710gb-1adr-den?utm_flashsale=1,G-SHOCK 52.5 mm Nam GA-710GB-1ADR,Cao Thành Đạt,5
g-shock-ga-710gb-1adr-den?utm_flashsale=1,G-SHOCK 52.5 mm Nam GA-710GB-1ADR,Anh Khanh,4
g-shock-ga-710gb-1adr-den?utm_flashsale=1,G-SHOCK 52.5 mm Nam GA-710GB-1ADR,Tuấn Anh,4
g-shock-ga-710gb-1adr-den?utm_flashsale=1,G-SHOCK 52.5 mm Nam GA-710GB-1ADR,Lê Xuân Mai,4
g-shock-ga-710gb-1adr-den?utm_flashsale=1,G-SHOCK 52.5 mm Nam GA-710GB-1ADR,Lương Huy Hoàng,4
g-shock-ga-710gb-1adr-den?utm_flashsale=1,G-SHOCK 52.5 mm Nam GA-710GB-1ADR,Lê Nguyễn Phương Toàn,4
g-shock-ga-710gb-1adr-den?utm_flashsale=1,G-SHOCK 52.5 mm Nam GA-710GB-1ADR,Trịnh Ngọc Phi,5
g-shock-ga-710gb-1adr-den?utm_flashsale=1,G-SHOCK 52.5 mm Nam GA-710GB-1ADR,Trương Hồng Phúc,5
g-shock-ga-710gb-1adr-den?utm_flashsale=1,G-SHOCK 52.5 mm Nam GA-710GB-1ADR,Trương Cẩm Long,5
g-shock-ga-710gb-1adr-den?utm_flashsale=1,G-SHOCK 52.5 mm Nam GA-710GB-1ADR,Bùi Huy Tâm,4
g-shock-ga-710gb-1adr-den?utm_flashsale=1,G-SHOCK 52.5 mm Nam GA-710GB-1ADR,Nghi,5
g-shock-ga-710gb-1adr-den?utm_flashsale=1,G-SHOCK 52.5 mm Nam GA-710GB-1ADR,NGUYEN THANH HOP,5
g-shock-ga-710gb-1adr-den?utm_flashsale=1,G-SHOCK 52.5 mm Nam GA-710GB-1ADR,Thanh Vân,4
g-shock-dw-6900mma-2dr-den?utm_flashsale=1,G-SHOCK 48 mm Nam DW-6900MMA-2DR,Trương Công Tuấn,1
g-shock-dw-6900mma-2dr-den?utm_flashsale=1,G-SHOCK 48 mm Nam DW-6900MMA-2DR,Em Duy,4
g-shock-dw-6900mma-2dr-den?utm_flashsale=1,G-SHOCK 48 mm Nam DW-6900MMA-2DR,Lê Anh Hoàng,5
g-shock-dw-6900mma-2dr-den?utm_flashsale=1,G-SHOCK 48 mm Nam DW-6900MMA-2DR,Trần Phương Khanh,5
g-shock-dw-6900mma-2dr-den?utm_flashsale=1,G-SHOCK 48 mm Nam DW-6900MMA-2DR,Nguyễn Tấn Triều,5
g-shock-dw-6900mma-2dr-den?utm_flashsale=1,G-SHOCK 48 mm Nam DW-6900MMA-2DR,Chị Trang,4
g-shock-dw-6900mma-2dr-den?utm_flashsale=1,G-SHOCK 48 mm Nam DW-6900MMA-2DR,Nguyên,5
citizen-eq0591-81e-den,CITIZEN 26.5 mm Nữ EQ0591-81E,Ngân,5
citizen-eq0591-81e-den,CITIZEN 26.5 mm Nữ EQ0591-81E,Trí,3
citizen-eq0591-81e-den,CITIZEN 26.5 mm Nữ EQ0591-81E,Nguyễn Long Hiền,5
citizen-eq0591-81e-den,CITIZEN 26.5 mm Nữ EQ0591-81E,Anh,5
citizen-eq0591-81e-den,CITIZEN 26.5 mm Nữ EQ0591-81E,Loan,3
citizen-eq0591-81e-den,CITIZEN 26.5 mm Nữ EQ0591-81E,Nhân,4
citizen-eu6090-54h-xam,CITIZEN 28.1 mm Nữ EU6090-54H,Nguyễn Hà Linh,3
citizen-eu6090-54h-xam,CITIZEN 28.1 mm Nữ EU6090-54H,Chị Nga,4
citizen-eu6090-54h-xam,CITIZEN 28.1 mm Nữ EU6090-54H,Chị Hồng,5
citizen-eu6090-54h-xam,CITIZEN 28.1 mm Nữ EU6090-54H,Nguyễn Văn Nam,5
citizen-eu6090-54h-xam,CITIZEN 28.1 mm Nữ EU6090-54H,Nguyễn Quốc Thái,5
citizen-eu6090-54h-xam,CITIZEN 28.1 mm Nữ EU6090-54H,Vũ Hồng Hạnh,5
citizen-ex1493-13a,CITIZEN 29.6 mm Nữ EX1493-13A,Cô NGÔ THỊ THANH VÂN,5
citizen-ex1493-13a,CITIZEN 29.6 mm Nữ EX1493-13A,Cao Hoàng Hữu,5
citizen-ex1493-13a,CITIZEN 29.6 mm Nữ EX1493-13A,Anh Vũ,1
citizen-ex1493-13a,CITIZEN 29.6 mm Nữ EX1493-13A,Loan,5
citizen-ex1493-13a,CITIZEN 29.6 mm Nữ EX1493-13A,Huỳnh Thị Kim Chung,5
citizen-ex1493-13a,CITIZEN 29.6 mm Nữ EX1493-13A,Anh Hiếu,5
citizen-ex1493-13a,CITIZEN 29.6 mm Nữ EX1493-13A,Lê Thành Danh,5
citizen-ex1493-13a,CITIZEN 29.6 mm Nữ EX1493-13A,Thuỷ,5
citizen-fe6080-71x-hong,CITIZEN 35.6 mm Nữ FE6080-71X,Chị Hạnh,4
citizen-nh8360-12a-trang,CITIZEN Mechanical 41 mm Nam NH8360-12A,A Dũng,5
citizen-nh8360-12a-trang,CITIZEN Mechanical 41 mm Nam NH8360-12A,Vũ Đức Chung,2
citizen-nh8360-12a-trang,CITIZEN Mechanical 41 mm Nam NH8360-12A,Thanh Tùng,1
citizen-nh8360-12a-trang,CITIZEN Mechanical 41 mm Nam NH8360-12A,Thầy Dân,5
citizen-nh8360-12a-trang,CITIZEN Mechanical 41 mm Nam NH8360-12A,Lê Văn Thắng,5
dong-ho-eco-drive-nam-day-kim-loai-citizen-aw1211,CITIZEN 39 mm Nam AW1211-80L,Long Nguyễn,5
dong-ho-eco-drive-nam-day-kim-loai-citizen-aw1211,CITIZEN 39 mm Nam AW1211-80L,CÔNG TY TNHH TƯ VẤN ĐẦU TƯ XÂY DỰNG AN THỊNH,4
dong-ho-eco-drive-nam-day-kim-loai-citizen-bm7332,CITIZEN 38 mm Nam BM7332-61P,Tuyến,5
dong-ho-eco-drive-nam-day-kim-loai-citizen-bm7332,CITIZEN 38 mm Nam BM7332-61P,Nguyễn Hùng,4
dong-ho-eco-drive-nam-day-kim-loai-citizen-bm7332,CITIZEN 38 mm Nam BM7332-61P,A Cường,5
dong-ho-eco-drive-nam-day-kim-loai-citizen-bm7332,CITIZEN 38 mm Nam BM7332-61P,Trần Minh Toàn,5
dong-ho-eco-drive-nam-day-kim-loai-citizen-bm7332,CITIZEN 38 mm Nam BM7332-61P,Huỳnh Thanh Danh,3
dong-ho-eco-drive-nam-day-kim-loai-citizen-bm7332,CITIZEN 38 mm Nam BM7332-61P,Nguyễn Văn Hân,5
dong-ho-eco-drive-nam-day-kim-loai-citizen-bm7332,CITIZEN 38 mm Nam BM7332-61P,Chú Thuật,5
dong-ho-eco-drive-nam-day-kim-loai-citizen-bm7332,CITIZEN 38 mm Nam BM7332-61P,Lê Ngọc Phường,5
dong-ho-eco-drive-nam-day-kim-loai-citizen-bm7332,CITIZEN 38 mm Nam BM7332-61P,Quý Nhân,4
dong-ho-eco-drive-nam-day-kim-loai-citizen-bm7332,CITIZEN 38 mm Nam BM7332-61P,Chú Hưng,4
dong-ho-eco-drive-nam-day-kim-loai-citizen-bm7400,CITIZEN 40 mm Nam BM7400-80L,Huy,4
dong-ho-eco-drive-nam-day-kim-loai-citizen-bm7400,CITIZEN 40 mm Nam BM7400-80L,Đỗ Văn Thường,1
dong-ho-eco-drive-nam-day-kim-loai-citizen-bm7400,CITIZEN 40 mm Nam BM7400-80L,Phùng Minh Sơn,5
dong-ho-eco-drive-nam-day-kim-loai-citizen-bm7400,CITIZEN 40 mm Nam BM7400-80L,TRẦN VĂN TRIỀU,5
dong-ho-eco-drive-nam-day-kim-loai-citizen-bm7400,CITIZEN 40 mm Nam BM7400-80L,HÀ VĂN NGUYÊN,4
dong-ho-eco-drive-nam-day-kim-loai-citizen-bm7400,CITIZEN 40 mm Nam BM7400-80L,Lộc,5
dong-ho-eco-drive-nam-day-kim-loai-citizen-bm7400,CITIZEN 40 mm Nam BM7400-80L,LÊ NGỌC TÍN,5
dong-ho-eco-drive-nam-day-kim-loai-citizen-bm7400,CITIZEN 40 mm Nam BM7400-80L,Chị Yến,4
dong-ho-eco-drive-nam-day-kim-loai-citizen-bm7400,CITIZEN 40 mm Nam BM7400-80L,Bùi Phúc Duy,4
dong-ho-eco-drive-nam-day-kim-loai-citizen-bm7400,CITIZEN 40 mm Nam BM7400-80L,BẠCH VĂN TẤN,4
dong-ho-eco-drive-nu-day-kim-loai-citizen-fe6089-8,CITIZEN 36 mm Nữ FE6089-84A,Trương Phấn Khởi,5
dong-ho-eco-drive-nu-day-kim-loai-citizen-fe6089-8,CITIZEN 36 mm Nữ FE6089-84A,CÔNG TY CỔ PHẦN TƯ VẤN CƯỜNG VŨ,4
dong-ho-kim-eco-drive-nam-day-da-citizen-aw1232-12,CITIZEN 39.7 mm Nam AW1232-12A,Hoàng Văn Thành,5
dong-ho-kim-eco-drive-nam-day-da-citizen-aw1232-12,CITIZEN 39.7 mm Nam AW1232-12A,Nguyễn Thanh Phú,4
dong-ho-kim-eco-drive-nam-day-da-citizen-aw1232-12,CITIZEN 39.7 mm Nam AW1232-12A,TẠQUANG QUÝ,3
dong-ho-kim-eco-drive-nam-day-da-citizen-aw1232-12,CITIZEN 39.7 mm Nam AW1232-12A,Vũ Quang Lệ,4
dong-ho-kim-eco-drive-nam-day-da-citizen-aw1232-12,CITIZEN 39.7 mm Nam AW1232-12A,CAO VĂN CƯỜNG,1
dong-ho-kim-eco-drive-nam-day-da-citizen-aw1232-12,CITIZEN 39.7 mm Nam AW1232-12A,Anh VIỄN,5
dong-ho-kim-eco-drive-nam-day-da-citizen-aw1232-12,CITIZEN 39.7 mm Nam AW1232-12A,Lê Thành Phúc,4
dong-ho-kim-eco-drive-nam-day-da-citizen-aw1232-12,CITIZEN 39.7 mm Nam AW1232-12A,Nguyễn Hà Hải Tùng,5
citizen-aw1370-51f-trang-nam,CITIZEN 41 mm Nam AW1370-51F,Anh Giáp,4
citizen-aw1370-51f-trang-nam,CITIZEN 41 mm Nam AW1370-51F,Anh Hải,4
citizen-aw1370-51f-trang-nam,CITIZEN 41 mm Nam AW1370-51F,Ngô Trọng Hiếu,3
citizen-aw1370-51f-trang-nam,CITIZEN 41 mm Nam AW1370-51F,Chị Ngọc,5
citizen-aw1370-51f-trang-nam,CITIZEN 41 mm Nam AW1370-51F,LÊ THỊ MINH TRÚC,4
citizen-aw1370-51f-trang-nam,CITIZEN 41 mm Nam AW1370-51F,Nguyễn Vua Vương,5
dong-ho-kim-eco-drive-nu-day-da-citizen-ew2533-11x,CITIZEN 30.1 mm Nữ EW2533-11X,Anh Hưởng,5
dong-ho-kim-eco-drive-nu-day-da-citizen-ew2533-11x,CITIZEN 30.1 mm Nữ EW2533-11X,Trang,4
dong-ho-kim-eco-drive-nu-day-da-citizen-ew2533-11x,CITIZEN 30.1 mm Nữ EW2533-11X,Thịnh Duy Khiêm,3
dong-ho-kim-eco-drive-nu-day-da-citizen-ew2533-11x,CITIZEN 30.1 mm Nữ EW2533-11X,Trí,5
dong-ho-kim-nam-day-kim-loai-citizen-bi5070-57h-xa,CITIZEN 40 mm Nam BI5070-57H,Nguyen Minh Phụng,4
dong-ho-kim-nam-day-kim-loai-citizen-bi5070-57h-xa,CITIZEN 40 mm Nam BI5070-57H,Ngọc,5
dong-ho-kim-nam-day-kim-loai-citizen-bi5070-57h-xa,CITIZEN 40 mm Nam BI5070-57H,Anh Quý,4
dong-ho-kim-nam-day-kim-loai-citizen-bi5070-57h-xa,CITIZEN 40 mm Nam BI5070-57H,Anh Tân,5
dong-ho-kim-nam-day-kim-loai-citizen-bi5070-57h-xa,CITIZEN 40 mm Nam BI5070-57H,A Phát,4
dong-ho-kim-nam-day-kim-loai-citizen-bi5070-57h-xa,CITIZEN 40 mm Nam BI5070-57H,Nguyễn Hoài Linh,4
dong-ho-kim-nam-day-kim-loai-citizen-bi5070-57h-xa,CITIZEN 40 mm Nam BI5070-57H,Lê Thị Như Quỳnh,5
dong-ho-kim-nam-day-kim-loai-citizen-bi5070-57h-xa,CITIZEN 40 mm Nam BI5070-57H,Phạm Thành Luân,1
dong-ho-kim-nam-day-kim-loai-citizen-bi5070-57h-xa,CITIZEN 40 mm Nam BI5070-57H,Anh Toàn,5
dong-ho-kim-nam-day-kim-loai-citizen-bi5070-57h-xa,CITIZEN 40 mm Nam BI5070-57H,NGÔ MINH TÂN,5
dong-ho-kim-nu-day-kim-loai-citizen-eu6012-58p-van,CITIZEN 26.6 mm Nữ EU6012-58P,Nguyễn Thị Anh,5
dong-ho-kim-nu-day-kim-loai-citizen-eu6074-51d-xa,CITIZEN 28 mm Nữ EU6074-51D,KIM THỊ SA MÍT,5
dong-ho-kim-nu-day-kim-loai-citizen-eu6074-51d-xa,CITIZEN 28 mm Nữ EU6074-51D,Y THƯN,5
dong-ho-nam-citizen-nh8360-80j,Citizen NH8360-80J - Nam,Hồ Khắc Huy,1
dong-ho-nam-citizen-nh8360-80j,Citizen NH8360-80J - Nam,Hường,2
dong-ho-nam-citizen-nh8360-80j,Citizen NH8360-80J - Nam,Hoàng Tờ,5
dong-ho-nam-citizen-nh8360-80j,Citizen NH8360-80J - Nam,Vinh,5
dong-ho-nam-citizen-nh8360-80j,Citizen NH8360-80J - Nam,Nguyên,3
dong-ho-nam-citizen-nh8360-80j,Citizen NH8360-80J - Nam,Nguyễn Thành Đạt,5
dong-ho-nam-citizen-nh8360-80j,Citizen NH8360-80J - Nam,Quý,5
dong-ho-nam-citizen-nh8360-80j,Citizen NH8360-80J - Nam,Trần Tuyết Diễm,5
dong-ho-nam-citizen-nh8360-80j,Citizen NH8360-80J - Nam,Le Phuoc Huy,5
dong-ho-nam-citizen-nh8360-80j,Citizen NH8360-80J - Nam,Huy,4
dong-ho-nam-citizen-nh8360-80j,Citizen NH8360-80J - Nam,Anh Vấn,2
dong-ho-nam-citizen-nh8360-80j,Citizen NH8360-80J - Nam,Nguyễn Văn Thăng,5
dong-ho-nam-citizen-nh8360-80j,Citizen NH8360-80J - Nam,Nhân,4
dong-ho-nam-citizen-nh8360-80j,Citizen NH8360-80J - Nam,Đinh Minh Nhựt,4
orient-fac00009w0-nam-co-tu-dong,ORIENT Bambino 40.5 mm Nam FAC00009W0,Anh Thọ,5
orient-fac00009w0-nam-co-tu-dong,ORIENT Bambino 40.5 mm Nam FAC00009W0,Lê Văn Đoàn,5
orient-fac00009w0-nam-co-tu-dong,ORIENT Bambino 40.5 mm Nam FAC00009W0,Luu,2
orient-fac00009w0-nam-co-tu-dong,ORIENT Bambino 40.5 mm Nam FAC00009W0,Trần Văn Hiểu,5
orient-fac00009w0-nam-co-tu-dong,ORIENT Bambino 40.5 mm Nam FAC00009W0,Long,5
orient-fac08001t0-nam-co-tu-dong,ORIENT Bambino 42.1 mm Nam FAC08001T0,Lộc,3
orient-fac08001t0-nam-co-tu-dong,ORIENT Bambino 42.1 mm Nam FAC08001T0,Vũ Đình Chi,4
orient-fac08001t0-nam-co-tu-dong,ORIENT Bambino 42.1 mm Nam FAC08001T0,Anh Lộc,5
orient-fac08001t0-nam-co-tu-dong,ORIENT Bambino 42.1 mm Nam FAC08001T0,Anh Linh,5
orient-fac08001t0-nam-co-tu-dong,ORIENT Bambino 42.1 mm Nam FAC08001T0,Vũ Xuân Vinh,5
orient-fac08001t0-nam-co-tu-dong,ORIENT Bambino 42.1 mm Nam FAC08001T0,Anh Hùng,5
orient-fac08001t0-nam-co-tu-dong,ORIENT Bambino 42.1 mm Nam FAC08001T0,Nguyễn Xuân Trường,4
orient-fac08001t0-nam-co-tu-dong,ORIENT Bambino 42.1 mm Nam FAC08001T0,Đỗ Khắc Trung,1
orient-fac08001t0-nam-co-tu-dong,ORIENT Bambino 42.1 mm Nam FAC08001T0,Trương Diễm Lý,5
orient-fac08001t0-nam-co-tu-dong,ORIENT Bambino 42.1 mm Nam FAC08001T0,ĐÀM VĂN DƯỠNG,3
orient-fac08001t0-nam-co-tu-dong,ORIENT Bambino 42.1 mm Nam FAC08001T0,Trần Anh Vũ,1
orient-fac08001t0-nam-co-tu-dong,ORIENT Bambino 42.1 mm Nam FAC08001T0,Trần Quốc Hoàng,4
orient-fac08001t0-nam-co-tu-dong,ORIENT Bambino 42.1 mm Nam FAC08001T0,Nguyễn Thanh Tú,5
orient-fac08001t0-nam-co-tu-dong,ORIENT Bambino 42.1 mm Nam FAC08001T0,Nhân,4
orient-fac08001t0-nam-co-tu-dong,ORIENT Bambino 42.1 mm Nam FAC08001T0,Lý Công Hải,3
orient-fac08001t0-nam-co-tu-dong,ORIENT Bambino 42.1 mm Nam FAC08001T0,Tấn Tài,5
orient-fac08001t0-nam-co-tu-dong,ORIENT Bambino 42.1 mm Nam FAC08001T0,Tăng Quốc Vũ,5
orient-fac08001t0-nam-co-tu-dong,ORIENT Bambino 42.1 mm Nam FAC08001T0,VÕ VĂN KHỐI,5
orient-fac08001t0-nam-co-tu-dong,ORIENT Bambino 42.1 mm Nam FAC08001T0,Hoàng Trung Kiên,5
orient-faa02005d9-nam-co-tu-dong,ORIENT Mako 40.9 mm Nam FAA02005D9,Lê Long Định,5
orient-faa02005d9-nam-co-tu-dong,ORIENT Mako 40.9 mm Nam FAA02005D9,Văn Thuỷ,5
orient-faa02005d9-nam-co-tu-dong,ORIENT Mako 40.9 mm Nam FAA02005D9,PHAN MINH TUẤN,4
orient-faa02005d9-nam-co-tu-dong,ORIENT Mako 40.9 mm Nam FAA02005D9,BA SANG Nguyen,5
orient-faa02005d9-nam-co-tu-dong,ORIENT Mako 40.9 mm Nam FAA02005D9,Hiếu,5
orient-faa02005d9-nam-co-tu-dong,ORIENT Mako 40.9 mm Nam FAA02005D9,Phạm Thanh Tuấn,5
orient-faa02005d9-nam-co-tu-dong,ORIENT Mako 40.9 mm Nam FAA02005D9,Nguyễn Tuấn Phi,2
orient-faa02005d9-nam-co-tu-dong,ORIENT Mako 40.9 mm Nam FAA02005D9,Phạm Ất Đảng,5
orient-faa02005d9-nam-co-tu-dong,ORIENT Mako 40.9 mm Nam FAA02005D9,Ngô Tú Linh,3
orient-faa02005d9-nam-co-tu-dong,ORIENT Mako 40.9 mm Nam FAA02005D9,Lê Phát,5
orient-faa02005d9-nam-co-tu-dong,ORIENT Mako 40.9 mm Nam FAA02005D9,Huỳnh Trần Quốc Việt,5
orient-faa02005d9-nam-co-tu-dong,ORIENT Mako 40.9 mm Nam FAA02005D9,Tô Quốc Minh Huân,5
orient-faa02005d9-nam-co-tu-dong,ORIENT Mako 40.9 mm Nam FAA02005D9,Tài Nguyễn,4
orient-faa02005d9-nam-co-tu-dong,ORIENT Mako 40.9 mm Nam FAA02005D9,Đồng Minh Đạt,5
orient-fag00004d0-nam-co-tu-dong,ORIENT Bambino 43 mm Nam FAG00004D0,Nguyễn Tấn Phi Long,5
orient-fag00004d0-nam-co-tu-dong,ORIENT Bambino 43 mm Nam FAG00004D0,Nguyễn Như Thuận,5
orient-fag00004d0-nam-co-tu-dong,ORIENT Bambino 43 mm Nam FAG00004D0,Đặng Tiến Thương,5
orient-fag00004d0-nam-co-tu-dong,ORIENT Bambino 43 mm Nam FAG00004D0,Thảo,5
orient-fag00004d0-nam-co-tu-dong,ORIENT Bambino 43 mm Nam FAG00004D0,Vo Minh Tam,4
orient-fag00004d0-nam-co-tu-dong,ORIENT Bambino 43 mm Nam FAG00004D0,Trần Văn Minh Tượng,4
orient-fag00004d0-nam-co-tu-dong,ORIENT Bambino 43 mm Nam FAG00004D0,Nguyễn Trương Khải,4
orient-fag00004d0-nam-co-tu-dong,ORIENT Bambino 43 mm Nam FAG00004D0,Đông,4
orient-fag00004d0-nam-co-tu-dong,ORIENT Bambino 43 mm Nam FAG00004D0,Linh,4
orient-fag00004d0-nam-co-tu-dong,ORIENT Bambino 43 mm Nam FAG00004D0,Bà Linh,4
orient-fag00004d0-nam-co-tu-dong,ORIENT Bambino 43 mm Nam FAG00004D0,Nguyễn Hoàng Huy,5
orient-fag00004d0-nam-co-tu-dong,ORIENT Bambino 43 mm Nam FAG00004D0,Nguyen Huy Hoang,4
orient-fag00004d0-nam-co-tu-dong,ORIENT Bambino 43 mm Nam FAG00004D0,Bảo,1
orient-fag00004d0-nam-co-tu-dong,ORIENT Bambino 43 mm Nam FAG00004D0,Bảo,2
orient-fag00004d0-nam-co-tu-dong,ORIENT Bambino 43 mm Nam FAG00004D0,Nguyễn Huy Bình,2
orient-fag00004d0-nam-co-tu-dong,ORIENT Bambino 43 mm Nam FAG00004D0,Duy,5
orient-fag00004d0-nam-co-tu-dong,ORIENT Bambino 43 mm Nam FAG00004D0,Chị Thơm,4
citizen-be9180-52e-nam,CITIZEN 42 mm Nam BE9180-52E,Anh Út,5
citizen-be9180-52e-nam,CITIZEN 42 mm Nam BE9180-52E,Lê Xuân Anh Khoa,5
citizen-be9180-52e-nam,CITIZEN 42 mm Nam BE9180-52E,Phúc,5
citizen-be9180-52e-nam,CITIZEN 42 mm Nam BE9180-52E,Huỳnh Minh Nhựt,5
citizen-be9180-52e-nam,CITIZEN 42 mm Nam BE9180-52E,Trần Quốc Hưng,1
citizen-be9180-52e-nam,CITIZEN 42 mm Nam BE9180-52E,Vũ,5
citizen-be9180-52e-nam,CITIZEN 42 mm Nam BE9180-52E,Trần Lê Bình,5
citizen-be9180-52e-nam,CITIZEN 42 mm Nam BE9180-52E,Lê Thanh Trường,5
citizen-be9180-52e-nam,CITIZEN 42 mm Nam BE9180-52E,Lê Thị Vẹn,5
citizen-be9180-52e-nam,CITIZEN 42 mm Nam BE9180-52E,Dương Tú Nguyên,5
citizen-eq9065-50e-nu,CITIZEN 34 mm Nữ EQ9065-50E,Nguyễn Thị Thanh Nguyên,5
citizen-eq9065-50e-nu,CITIZEN 34 mm Nữ EQ9065-50E,Duong Nhat Thu,5
citizen-eq9065-50e-nu,CITIZEN 34 mm Nữ EQ9065-50E,Trân,5
citizen-eq9065-50e-nu,CITIZEN 34 mm Nữ EQ9065-50E,Cô Thoa,5
citizen-be9174-55a-nam,CITIZEN 39 mm Nam BE9174-55A,CÔNG TY TNHH XÂY DỰNG HOÀNG AN PHÚ,4
citizen-be9174-55a-nam,CITIZEN 39 mm Nam BE9174-55A,Đạt,5
citizen-be9174-55a-nam,CITIZEN 39 mm Nam BE9174-55A,Dương,5
citizen-be9174-55a-nam,CITIZEN 39 mm Nam BE9174-55A,Trần Thái Nguyên,5
citizen-bi5058-52l-nam,CITIZEN 42 mm Nam BI5058-52L,LÊ VĂN BẰNG,5
citizen-bi5058-52l-nam,CITIZEN 42 mm Nam BI5058-52L,Huỳnh Thành Long,5
citizen-bi5058-52l-nam,CITIZEN 42 mm Nam BI5058-52L,Đoàn Đại Nguyên,5
citizen-bi5058-52l-nam,CITIZEN 42 mm Nam BI5058-52L,Hòa Thuận,4
citizen-bi5058-52l-nam,CITIZEN 42 mm Nam BI5058-52L,Anh Minh,2
citizen-bi5058-52l-nam,CITIZEN 42 mm Nam BI5058-52L,Phạm Sỹ Ánh,5
citizen-bi5058-52l-nam,CITIZEN 42 mm Nam BI5058-52L,ANH TUẤN,4
citizen-bi5058-52l-nam,CITIZEN 42 mm Nam BI5058-52L,Công,5
citizen-bi5058-52l-nam,CITIZEN 42 mm Nam BI5058-52L,Hồ Phát Sang,5
citizen-bi5058-52l-nam,CITIZEN 42 mm Nam BI5058-52L,Phan Thị Mai,4
citizen-bi5058-52l-nam,CITIZEN 42 mm Nam BI5058-52L,Nguyễn Trung Truc,5
citizen-bi5058-52l-nam,CITIZEN 42 mm Nam BI5058-52L,Hoàng,4
citizen-eu6084-57a-nu,CITIZEN 32 mm Nữ EU6084-57A,Diệp,5
citizen-eu6084-57a-nu,CITIZEN 32 mm Nữ EU6084-57A,Huỳnh Giàu,5
citizen-eu6084-57a-nu,CITIZEN 32 mm Nữ EU6084-57A,Long,5
citizen-eu6084-57a-nu,CITIZEN 32 mm Nữ EU6084-57A,Chị Hà,5
citizen-eu6084-57a-nu,CITIZEN 32 mm Nữ EU6084-57A,Ngo Ngoc Huy,5
orient-ra-ag0026e10b-nam,ORIENT Bambino 40.5 mm Nam RA-AG0026E10B,Mầu Danh Sơn,5
orient-ra-ag0026e10b-nam,ORIENT Bambino 40.5 mm Nam RA-AG0026E10B,Khách Lẻ,5
orient-ra-ag0026e10b-nam,ORIENT Bambino 40.5 mm Nam RA-AG0026E10B,Anh Tuấn,4
orient-ra-ag0026e10b-nam,ORIENT Bambino 40.5 mm Nam RA-AG0026E10B,Tuan,4
orient-ra-ag0026e10b-nam,ORIENT Bambino 40.5 mm Nam RA-AG0026E10B,Lê Thành Vinh,1
orient-ra-ag0026e10b-nam,ORIENT Bambino 40.5 mm Nam RA-AG0026E10B,PHAN HOÀNG AN,2
orient-ra-ag0026e10b-nam,ORIENT Bambino 40.5 mm Nam RA-AG0026E10B,Phạm Trần Nhật Quang,5
festina-f20358-4-nam,FESTINA 41 mm Nam F20358/4,Nguyễn Quân,4
festina-f20358-4-nam,FESTINA 41 mm Nam F20358/4,Phạm Quang Dũng,5
festina-f20358-4-nam,FESTINA 41 mm Nam F20358/4,Anh Hội,4
festina-f20358-4-nam,FESTINA 41 mm Nam F20358/4,Nguyễn Anh Đức,5
festina-f20358-4-nam,FESTINA 41 mm Nam F20358/4,Lý Cao Tuyên,5
festina-f20358-4-nam,FESTINA 41 mm Nam F20358/4,DO DANG KHOA,4
festina-f20358-4-nam,FESTINA 41 mm Nam F20358/4,Anh,4
festina-f20358-4-nam,FESTINA 41 mm Nam F20358/4,Sơn,4
festina-f20347-5-nam,FESTINA 41.5 mm Nam F20347/5,Đặng Lâm,4
festina-f20347-5-nam,FESTINA 41.5 mm Nam F20347/5,Nguyễn Văn Thể,4
festina-f20347-5-nam,FESTINA 41.5 mm Nam F20347/5,Đỗ Văn Tình,5
festina-f20347-5-nam,FESTINA 41.5 mm Nam F20347/5,Trượng,4
festina-f20347-5-nam,FESTINA 41.5 mm Nam F20347/5,HỒ HUY VŨ,3
festina-f20347-5-nam,FESTINA 41.5 mm Nam F20347/5,Dinh,2
festina-f20347-5-nam,FESTINA 41.5 mm Nam F20347/5,Trần Tiến,5
festina-f20347-5-nam,FESTINA 41.5 mm Nam F20347/5,Bùi Quynh,5
festina-f20347-5-nam,FESTINA 41.5 mm Nam F20347/5,Bùi Quynh,4
festina-f20347-5-nam,FESTINA 41.5 mm Nam F20347/5,Danh,5
festina-f20347-5-nam,FESTINA 41.5 mm Nam F20347/5,Phạm Công Khanh,3
festina-f20347-5-nam,FESTINA 41.5 mm Nam F20347/5,Phạm Công Khanh,3
festina-f20347-5-nam,FESTINA 41.5 mm Nam F20347/5,Phạm Phú Vinh,5
festina-f20347-5-nam,FESTINA 41.5 mm Nam F20347/5,Phan Hào Nam,5
festina-f20347-5-nam,FESTINA 41.5 mm Nam F20347/5,Trần Mạnh Hà,5
titan-2556sm02-nu,TITAN 32 mm Nữ 2556SM02,Hồng Phương,5
titan-2556sm02-nu,TITAN 32 mm Nữ 2556SM02,Nguyễn Thị Ngọc Điệp,4
citizen-ar1133-15a-nam,CITIZEN 39 mm Nam AR1133-15A,Phan Minh Châu,2
citizen-ar1133-15a-nam,CITIZEN 39 mm Nam AR1133-15A,Nguyen Manh,5
citizen-ar1133-15a-nam,CITIZEN 39 mm Nam AR1133-15A,Trần Hữu Hậu,1
citizen-ar1133-15a-nam,CITIZEN 39 mm Nam AR1133-15A,Nhật Long,5
citizen-ar1133-15a-nam,CITIZEN 39 mm Nam AR1133-15A,A VIỆT,5
citizen-eg7055-51e-nu?utm_flashsale=1,CITIZEN 31.8 mm Nữ EG7055-51E,Lâm Quốc Trí,5
citizen-eg7055-51e-nu?utm_flashsale=1,CITIZEN 31.8 mm Nữ EG7055-51E,Lý Tú Ngân,5
citizen-eg7055-51e-nu?utm_flashsale=1,CITIZEN 31.8 mm Nữ EG7055-51E,Lâm Quốc Trí,5
citizen-ew2482-53a-nu?utm_flashsale=1,CITIZEN 28 mm Nữ EW2482-53A,Võ Hồng Thái,4
citizen-eu6072-56d-nu,CITIZEN 28 mm Nữ EU6072-56D,Chị Là,5
citizen-eu6072-56d-nu,CITIZEN 28 mm Nữ EU6072-56D,A Triệu,1
citizen-eu6072-56d-nu,CITIZEN 28 mm Nữ EU6072-56D,Lục Văn Sáng,5
citizen-ez6364-83a-nu,CITIZEN 14 x 28 mm Nữ EZ6364-83A,Thanh Vân,4
citizen-ez6364-83a-nu,CITIZEN 14 x 28 mm Nữ EZ6364-83A,Thái,5
citizen-ez6364-83a-nu,CITIZEN 14 x 28 mm Nữ EZ6364-83A,Cô Mai,5
citizen-ez6364-83a-nu,CITIZEN 14 x 28 mm Nữ EZ6364-83A,Anh Tuấn,5
casio-ltp-1314d-1avdf-nu,CASIO 33 mm Nữ LTP-1314D-1AVDF,Trương Kim Ngân,5
casio-ltp-1314d-1avdf-nu,CASIO 33 mm Nữ LTP-1314D-1AVDF,Nguyễn Thị Hằng,5
casio-ltp-1314d-1avdf-nu,CASIO 33 mm Nữ LTP-1314D-1AVDF,Mạnh,5
casio-ltp-1314d-1avdf-nu,CASIO 33 mm Nữ LTP-1314D-1AVDF,Quỳnh,4
casio-ltp-1314d-1avdf-nu,CASIO 33 mm Nữ LTP-1314D-1AVDF,Thuy Tien,5
casio-ltp-1314d-1avdf-nu,CASIO 33 mm Nữ LTP-1314D-1AVDF,Võ Thị Biên,5
casio-ltp-1314d-1avdf-nu,CASIO 33 mm Nữ LTP-1314D-1AVDF,Chị Thuyết,4
casio-ltp-1314d-1avdf-nu,CASIO 33 mm Nữ LTP-1314D-1AVDF,Đoàn Thị Hương,3
nakzen-ss1011l-7n0-nu,NAKZEN Pha Lê Tuyết 32 mm Nữ SS1011L-7N0,Tuyết,5
nakzen-ss1011l-7n0-nu,NAKZEN Pha Lê Tuyết 32 mm Nữ SS1011L-7N0,Nguyễn Thùy Mỹ Duyên,5
nakzen-ss1011l-7n0-nu,NAKZEN Pha Lê Tuyết 32 mm Nữ SS1011L-7N0,Tuyền,5
nakzen-ss1011l-7n0-nu,NAKZEN Pha Lê Tuyết 32 mm Nữ SS1011L-7N0,Nguyên,5
nakzen-ss1011l-7n0-nu,NAKZEN Pha Lê Tuyết 32 mm Nữ SS1011L-7N0,Vân Anh,4
nakzen-ss1011l-7n0-nu,NAKZEN Pha Lê Tuyết 32 mm Nữ SS1011L-7N0,Anh Huân,5
nakzen-ss1011l-7n0-nu,NAKZEN Pha Lê Tuyết 32 mm Nữ SS1011L-7N0,Bùi Thị Yến Oanh,5
citizen-bi5059-50e,CITIZEN 42 mm Nam BI5059-50E,C Mẫn,5
citizen-bi5059-50e,CITIZEN 42 mm Nam BI5059-50E,Chu Ngọc Linh,5
citizen-bi5059-50e,CITIZEN 42 mm Nam BI5059-50E,LƯU HOÀNG LONG,3
citizen-bi5059-50e,CITIZEN 42 mm Nam BI5059-50E,Trần Văn Ninh,4
citizen-bi5059-50e,CITIZEN 42 mm Nam BI5059-50E,Dương Chí Định,4
citizen-ao3033-00l-nam,CITIZEN 44 mm Nam AO3033-00L,Nguyễn Văn Khánh,1
citizen-ao3033-00l-nam,CITIZEN 44 mm Nam AO3033-00L,NGUYỄN TRỌNG NGHĨA,4
citizen-ao3033-00l-nam,CITIZEN 44 mm Nam AO3033-00L,Bùi Thị Trúc Linh,4
citizen-ao3033-00l-nam,CITIZEN 44 mm Nam AO3033-00L,Lưu Châu Đình Phúc,4
citizen-ao3033-00l-nam,CITIZEN 44 mm Nam AO3033-00L,Chị Linh,5
citizen-eq0595-55l-nu,CITIZEN 28 mm Nữ EQ0595-55L,Anh Việt,5
citizen-eq0595-55l-nu,CITIZEN 28 mm Nữ EQ0595-55L,Tình,4
citizen-ca0617-11e-nam,CITIZEN 43 mm Nam CA0617-11E,Anh Quốc Anh,5
citizen-fe6011-81l-nu?utm_flashsale=1,CITIZEN 33.3 mm Nữ FE6011-81L,Anh Dũng,5
citizen-fe6011-81l-nu?utm_flashsale=1,CITIZEN 33.3 mm Nữ FE6011-81L,Đặng Thanh Hùng,5
citizen-fe6011-81l-nu?utm_flashsale=1,CITIZEN 33.3 mm Nữ FE6011-81L,Anh Phan Quang Anh,5
citizen-fe6011-81l-nu?utm_flashsale=1,CITIZEN 33.3 mm Nữ FE6011-81L,Tú,5
citizen-fe6011-81l-nu?utm_flashsale=1,CITIZEN 33.3 mm Nữ FE6011-81L,Cô Xuân,5
citizen-bi5072-01a-nam,CITIZEN 41 mm Nam BI5072-01A,Hải,5
citizen-bi5072-01a-nam,CITIZEN 41 mm Nam BI5072-01A,Hưng,3
citizen-bi5072-01a-nam,CITIZEN 41 mm Nam BI5072-01A,Linh,4
citizen-bi5072-01a-nam,CITIZEN 41 mm Nam BI5072-01A,Nguyễn Hoài Nam,4
citizen-bi5072-01a-nam,CITIZEN 41 mm Nam BI5072-01A,Đoàn Thế Thuận,5
citizen-bi5072-01a-nam,CITIZEN 41 mm Nam BI5072-01A,Xuân Thoa,5
citizen-bi5072-01a-nam,CITIZEN 41 mm Nam BI5072-01A,Đào Yến Vy,4
citizen-bi5072-01a-nam,CITIZEN 41 mm Nam BI5072-01A,Châu Trí Kiều,1
citizen-bi5072-01a-nam,CITIZEN 41 mm Nam BI5072-01A,Lê Trung Quân,5
citizen-bi5072-01a-nam,CITIZEN 41 mm Nam BI5072-01A,Nguyễn Trần Kim Ngân,5
citizen-bi5072-01a-nam,CITIZEN 41 mm Nam BI5072-01A,Vũ Tuấn Anh,5
citizen-bi5072-01a-nam,CITIZEN 41 mm Nam BI5072-01A,Tiến,4
citizen-bi5072-01a-nam,CITIZEN 41 mm Nam BI5072-01A,Nguyễn Đức Thịnh,4
citizen-fe6102-53a-nu?utm_flashsale=1,CITIZEN 37 mm Nữ FE6102-53A,Nguyễn Minh Hoàng,5
korlex-ks002-02-nu,KORLEX 33 mm Nữ KS002-02,Đỗ Nguyên Cường,1
korlex-ks002-02-nu,KORLEX 33 mm Nữ KS002-02,Linh Ù,5
korlex-ks002-02-nu,KORLEX 33 mm Nữ KS002-02,Trung,5
korlex-ks002-02-nu,KORLEX 33 mm Nữ KS002-02,Lộc,4
korlex-ks002-02-nu,KORLEX 33 mm Nữ KS002-02,NGUYỄN THỊ HOA,5
korlex-ks002-02-nu,KORLEX 33 mm Nữ KS002-02,HUỲNH TẤN PHÚC,5
korlex-ks002-02-nu,KORLEX 33 mm Nữ KS002-02,Chú Quy,5
korlex-ks002-02-nu,KORLEX 33 mm Nữ KS002-02,TRIỆU HÙNG DUY,5
korlex-ks002-02-nu,KORLEX 33 mm Nữ KS002-02,Lý,5
korlex-ks002-02-nu,KORLEX 33 mm Nữ KS002-02,Cô Hòa,5
korlex-ks002-02-nu,KORLEX 33 mm Nữ KS002-02,PHAN NGUYEN NHAT VY,5
nakzen-ss4051l-7-nu,NAKZEN 31.2 mm Nữ SS4051L-7,Hà Thanh Sang,5
nakzen-ss4051l-7-nu,NAKZEN 31.2 mm Nữ SS4051L-7,Chị Trân,4
nakzen-ss4051l-7-nu,NAKZEN 31.2 mm Nữ SS4051L-7,Thơm,5
nakzen-ss4051l-7-nu,NAKZEN 31.2 mm Nữ SS4051L-7,Anh Sáu,5
nakzen-ss4051l-7-nu,NAKZEN 31.2 mm Nữ SS4051L-7,Hoàng Văn Ba,4
nakzen-ss4051l-7-nu,NAKZEN 31.2 mm Nữ SS4051L-7,Thừa,5
nakzen-ss4051l-7-nu,NAKZEN 31.2 mm Nữ SS4051L-7,Chị Thuỳ,5
nakzen-ss4051l-7-nu,NAKZEN 31.2 mm Nữ SS4051L-7,Anh Thông,5
nakzen-ss4051l-7-nu,NAKZEN 31.2 mm Nữ SS4051L-7,Nguyễn Phương Quỳnh Như,5
q-q-vq94j024y-unisex,Q&Q 37 mm Unisex VQ94J024Y,Phan Thị Khánh Nguyên,5
q-q-vq94j024y-unisex,Q&Q 37 mm Unisex VQ94J024Y,Anh Hưng,4
elio-el019-01-nu,Elio EL019-01 - Nữ,Trương Kiều,3
elio-el019-01-nu,Elio EL019-01 - Nữ,Bùi Thị Thùy Trang,5
elio-el019-01-nu,Elio EL019-01 - Nữ,Nghĩa Nguyễn,4
elio-el019-01-nu,Elio EL019-01 - Nữ,Phương Hà,3
elio-el019-01-nu,Elio EL019-01 - Nữ,Chị Dung,1
elio-el019-01-nu,Elio EL019-01 - Nữ,Nguyễn Thị Thành Ngọc,2
elio-el019-01-nu,Elio EL019-01 - Nữ,Trương Văn Hiệp,2
elio-el019-01-nu,Elio EL019-01 - Nữ,Chị Hạnh,3
elio-el019-01-nu,Elio EL019-01 - Nữ,Đỗ Thị Như Ý,4
elio-el019-01-nu,Elio EL019-01 - Nữ,Vương,5
elio-el019-01-nu,Elio EL019-01 - Nữ,Trương Cúc,5
elio-el019-01-nu,Elio EL019-01 - Nữ,Yến Nhi,5
elio-el019-01-nu,Elio EL019-01 - Nữ,Trần Thanh Tùng,5
elio-el019-01-nu,Elio EL019-01 - Nữ,Tươi,4
elio-el019-01-nu,Elio EL019-01 - Nữ,Huỳnh Đăng Khoa,3
elio-el019-01-nu,Elio EL019-01 - Nữ,Nguyễn Minh Tâm,5
elio-es011-02-nu,ELIO 35 mm Nữ ES011-02,Trần Phi Hùng,5
elio-es011-02-nu,ELIO 35 mm Nữ ES011-02,Thảo,3
elio-es011-02-nu,ELIO 35 mm Nữ ES011-02,Thơ,4
elio-es011-02-nu,ELIO 35 mm Nữ ES011-02,Cuong,5
elio-es011-02-nu,ELIO 35 mm Nữ ES011-02,Diễm Phúc,3
elio-es011-02-nu,ELIO 35 mm Nữ ES011-02,Nguyễn Thanh Cảm,5
elio-es011-02-nu,ELIO 35 mm Nữ ES011-02,Cuong,5
elio-es011-02-nu,ELIO 35 mm Nữ ES011-02,Phượng,5
elio-es011-02-nu,ELIO 35 mm Nữ ES011-02,Nguyễn Văn Đinh,3
elio-es011-02-nu,ELIO 35 mm Nữ ES011-02,Linh Trần,4
q-q-s398j202y-nam,Q&Q 40 mm Nam S398J202Y,Thủy,3
q-q-s398j202y-nam,Q&Q 40 mm Nam S398J202Y,Quang Phú,1
q-q-s398j202y-nam,Q&Q 40 mm Nam S398J202Y,Nhã Yến,5
q-q-s398j202y-nam,Q&Q 40 mm Nam S398J202Y,Võ Lê Nhật Minh,5
q-q-s398j202y-nam,Q&Q 40 mm Nam S398J202Y,Phan Thanh Tú,5
q-q-s398j202y-nam,Q&Q 40 mm Nam S398J202Y,VÕ THÀNH VỦ,5
q-q-s398j202y-nam,Q&Q 40 mm Nam S398J202Y,NGUYỄN NHẬT ANH,5
q-q-s398j202y-nam,Q&Q 40 mm Nam S398J202Y,Lã Ngọc Minh,4
q-q-s398j202y-nam,Q&Q 40 mm Nam S398J202Y,Anh Bốt,4
q-q-s398j202y-nam,Q&Q 40 mm Nam S398J202Y,Ngọc,5
q-q-s398j202y-nam,Q&Q 40 mm Nam S398J202Y,Hà,5
q-q-s398j202y-nam,Q&Q 40 mm Nam S398J202Y,Chị Thủy,5
q-q-s398j202y-nam,Q&Q 40 mm Nam S398J202Y,Nguyễn Văn Sơn,5
q-q-s398j202y-nam,Q&Q 40 mm Nam S398J202Y,Lê Thị Tám,3
q-q-s398j202y-nam,Q&Q 40 mm Nam S398J202Y,Doanh Tran,5
q-q-s398j202y-nam,Q&Q 40 mm Nam S398J202Y,Cao Tường Duy,5
q-q-s398j202y-nam,Q&Q 40 mm Nam S398J202Y,Nguyễn Thành Long,5
q-q-s398j202y-nam,Q&Q 40 mm Nam S398J202Y,Anh Tuấn,4
nakzen-ss4095g-7-nam,NAKZEN 38 mm Nam SS4095G-7,Anh Tú,1
nakzen-ss4095g-7-nam,NAKZEN 38 mm Nam SS4095G-7,Huỳnh Hữu Tín,5
nakzen-ss4095g-7-nam,NAKZEN 38 mm Nam SS4095G-7,Phạm Văn Việt,5
nakzen-ss4095g-7-nam,NAKZEN 38 mm Nam SS4095G-7,Thanh Mỹ,5
nakzen-ss4095g-7-nam,NAKZEN 38 mm Nam SS4095G-7,Nghĩa,5
nakzen-ss4095g-7-nam,NAKZEN 38 mm Nam SS4095G-7,Nam,4
nakzen-ss4095g-7-nam,NAKZEN 38 mm Nam SS4095G-7,Anh Vinh,4
nakzen-ss4095g-7-nam,NAKZEN 38 mm Nam SS4095G-7,Đang,5
nakzen-ss4095g-7-nam,NAKZEN 38 mm Nam SS4095G-7,Tăng Thị Mỹ Lộc,5
q-q-s397j011y-nu?utm_flashsale=1,Q&Q 31 mm Nữ S397J011Y,Tâm,5
q-q-s397j011y-nu?utm_flashsale=1,Q&Q 31 mm Nữ S397J011Y,Phương,3
q-q-s397j011y-nu?utm_flashsale=1,Q&Q 31 mm Nữ S397J011Y,Chị Duyên,5
q-q-s397j011y-nu?utm_flashsale=1,Q&Q 31 mm Nữ S397J011Y,Hoa Xuong Rong,5
q-q-s397j011y-nu?utm_flashsale=1,Q&Q 31 mm Nữ S397J011Y,Từ Thanh Sang,5
q-q-s397j011y-nu?utm_flashsale=1,Q&Q 31 mm Nữ S397J011Y,H Din Niê,5
q-q-s397j011y-nu?utm_flashsale=1,Q&Q 31 mm Nữ S397J011Y,Phạm Thị PhượngTri,5
q-q-s397j011y-nu?utm_flashsale=1,Q&Q 31 mm Nữ S397J011Y,Chị Yến,4
q-q-s397j011y-nu?utm_flashsale=1,Q&Q 31 mm Nữ S397J011Y,Hân,5
q-q-s401j202y-nu,Q&Q 30 mm Nữ S401J202Y,Lê Thị Kim Huyền,3
q-q-s401j202y-nu,Q&Q 30 mm Nữ S401J202Y,Nguyễn Chí Hậu,4
q-q-s401j202y-nu,Q&Q 30 mm Nữ S401J202Y,Huỳnh Hà,4
q-q-s401j202y-nu,Q&Q 30 mm Nữ S401J202Y,Đặng Thị Hiền,4
q-q-s401j202y-nu,Q&Q 30 mm Nữ S401J202Y,Lương Thị Thanh Thủy,4
q-q-s401j202y-nu,Q&Q 30 mm Nữ S401J202Y,Lương Thị Thanh Thủy,5
q-q-s401j202y-nu,Q&Q 30 mm Nữ S401J202Y,Anh Trà,5
q-q-s401j202y-nu,Q&Q 30 mm Nữ S401J202Y,Trịnh Ngọc Ánh,5
q-q-s401j202y-nu,Q&Q 30 mm Nữ S401J202Y,Lê Thị Quảng,5
q-q-s401j202y-nu,Q&Q 30 mm Nữ S401J202Y,Hạnh,5
q-q-s401j202y-nu,Q&Q 30 mm Nữ S401J202Y,NGUYỄN THỊ BÍCH My,4
q-q-s401j202y-nu,Q&Q 30 mm Nữ S401J202Y,Trạm Vũ Chiêu Ngân,4
q-q-s401j212y-nu?utm_flashsale=1,Q&Q 31 mm Nữ S401J212Y,Trần Thị Thúy An,5
q-q-s401j212y-nu?utm_flashsale=1,Q&Q 31 mm Nữ S401J212Y,NGUYEN THI THUY,5
q-q-s401j212y-nu?utm_flashsale=1,Q&Q 31 mm Nữ S401J212Y,NGUYỄN ANH TÀI,4
q-q-s401j212y-nu?utm_flashsale=1,Q&Q 31 mm Nữ S401J212Y,Thoa,5
q-q-s401j212y-nu?utm_flashsale=1,Q&Q 31 mm Nữ S401J212Y,Vũ Thị Thanh Thanh,5
q-q-s401j212y-nu?utm_flashsale=1,Q&Q 31 mm Nữ S401J212Y,Nguyễn Văn Có,4
q-q-s401j212y-nu?utm_flashsale=1,Q&Q 31 mm Nữ S401J212Y,HOÀNG BẢO NHI,5
q-q-s401j212y-nu?utm_flashsale=1,Q&Q 31 mm Nữ S401J212Y,Hồng,4
q-q-s401j212y-nu?utm_flashsale=1,Q&Q 31 mm Nữ S401J212Y,Chị Hoa,4
q-q-s401j212y-nu?utm_flashsale=1,Q&Q 31 mm Nữ S401J212Y,Em Nhi,5
q-q-s401j212y-nu?utm_flashsale=1,Q&Q 31 mm Nữ S401J212Y,Hoàng Thị Mai,5
q-q-s401j212y-nu?utm_flashsale=1,Q&Q 31 mm Nữ S401J212Y,Bùi Xuân Thuỷ,3
q-q-s401j212y-nu?utm_flashsale=1,Q&Q 31 mm Nữ S401J212Y,Nguyễn Hồng Thanh,4
skmei-sk-1483-hong-dam,SKMEI 33 mm Trẻ em SK-1483,C Toan,4
skmei-sk-1483-hong-dam,SKMEI 33 mm Trẻ em SK-1483,Dương,4
skmei-sk-1483-hong-dam,SKMEI 33 mm Trẻ em SK-1483,Phạm Thị Trúc Phương,1
skmei-sk-1483-hong-dam,SKMEI 33 mm Trẻ em SK-1483,Le Thị Hạnh,5
skmei-sk-1483-hong-dam,SKMEI 33 mm Trẻ em SK-1483,Chị Phượng,4
skmei-sk-1483-hong-dam,SKMEI 33 mm Trẻ em SK-1483,CHỊ LIÊN,5
skmei-sk-1483-hong-dam,SKMEI 33 mm Trẻ em SK-1483,Anh Cường,5
skmei-sk-1483-hong-dam,SKMEI 33 mm Trẻ em SK-1483,Chị Vân Anh,5
skmei-sk-1483-hong-dam,SKMEI 33 mm Trẻ em SK-1483,Thanh Nho,4
skmei-sk-1483-hong-dam,SKMEI 33 mm Trẻ em SK-1483,Chị Khánh,5
skmei-sk-1483-hong-dam,SKMEI 33 mm Trẻ em SK-1483,Chế Nguyệt,4
skmei-sk-1483-hong-dam,SKMEI 33 mm Trẻ em SK-1483,Lê Thị Phượng,3
skmei-sk-1483-hong-dam,SKMEI 33 mm Trẻ em SK-1483,Anh Hoàng,3
skmei-sk-1483-hong-dam,SKMEI 33 mm Trẻ em SK-1483,Cô Phú,4
skmei-sk-1559-den-tre-em,SKMEI 36 mm Trẻ em SK-1559,Trần Thị Cẩm Giang,1
skmei-sk-1559-den-tre-em,SKMEI 36 mm Trẻ em SK-1559,Huỳnh Minh Tiến,4
skmei-sk-1559-den-tre-em,SKMEI 36 mm Trẻ em SK-1559,Nguyen Phuong Thanh Đô,5
skmei-sk-1559-den-tre-em,SKMEI 36 mm Trẻ em SK-1559,,4
skmei-sk-1559-den-tre-em,SKMEI 36 mm Trẻ em SK-1559,LAN,5
skmei-sk-1559-den-tre-em,SKMEI 36 mm Trẻ em SK-1559,Chị Phượng,5
skmei-sk-1559-den-tre-em,SKMEI 36 mm Trẻ em SK-1559,Anh Quốc,4
skmei-sk-1559-den-tre-em,SKMEI 36 mm Trẻ em SK-1559,Chị Ngân,4
skmei-sk-1559-den-tre-em,SKMEI 36 mm Trẻ em SK-1559,Anh Giang,5
skmei-sk-1559-den-tre-em,SKMEI 36 mm Trẻ em SK-1559,0984768023,5
skmei-sk-1559-den-tre-em,SKMEI 36 mm Trẻ em SK-1559,Nguyễn Văn Dũng,5
skmei-sk-1559-den-tre-em,SKMEI 36 mm Trẻ em SK-1559,Phan Thị Bạch Tuyết,4
skmei-sk-1559-den-tre-em,SKMEI 36 mm Trẻ em SK-1559,Trang,5
skmei-sk-1559-den-tre-em,SKMEI 36 mm Trẻ em SK-1559,Lan,5
skmei-sk-1559-den-tre-em,SKMEI 36 mm Trẻ em SK-1559,Trần Võ Việt Ân,5
smile-kid-sl046-01-tre-em,SMILE KID 27 mm Trẻ em SL046-01,Nguyễn Thị Uyên,5
smile-kid-sl046-01-tre-em,SMILE KID 27 mm Trẻ em SL046-01,Hoàng Anh,5
smile-kid-sl046-01-tre-em,SMILE KID 27 mm Trẻ em SL046-01,156148 - Lê Phát Đạt,5
smile-kid-sl046-01-tre-em,SMILE KID 27 mm Trẻ em SL046-01,Lã Thị Chinh,4
smile-kid-sl046-01-tre-em,SMILE KID 27 mm Trẻ em SL046-01,Lê Thành Đạt,5
smile-kid-sl046-01-tre-em,SMILE KID 27 mm Trẻ em SL046-01,Nguyễn Tuấn Thanh,4
elio-el055-01-nam,ELIO 42 mm Nam EL055-01,Phan Hoàng Gia Huy,5
elio-el055-01-nam,ELIO 42 mm Nam EL055-01,Nguyễn Tấn Tài,5
elio-el055-01-nam,ELIO 42 mm Nam EL055-01,Hà Thi,5
elio-el055-01-nam,ELIO 42 mm Nam EL055-01,LE HONG PHUC,4
elio-el055-01-nam,ELIO 42 mm Nam EL055-01,Đặt Trương Thái Thương,3
elio-el055-01-nam,ELIO 42 mm Nam EL055-01,Huỳnh Hoàng Phát,4
elio-el055-01-nam,ELIO 42 mm Nam EL055-01,Trần Trang,4
elio-el055-01-nam,ELIO 42 mm Nam EL055-01,Hang,5
elio-el055-01-nam,ELIO 42 mm Nam EL055-01,Quang Thanh,5
elio-el055-01-nam,ELIO 42 mm Nam EL055-01,Trần Chí Tín,5
elio-el055-01-nam,ELIO 42 mm Nam EL055-01,Lộc,1
elio-el055-01-nam,ELIO 42 mm Nam EL055-01,Đoàn Phạm Hùng,5
elio-el055-01-nam,ELIO 42 mm Nam EL055-01,Anh Giang,5
elio-el055-01-nam,ELIO 42 mm Nam EL055-01,Nguyễn Hơn,5
elio-el055-01-nam,ELIO 42 mm Nam EL055-01,TRƯƠNG HOÀI THỊNH,5
elio-el055-01-nam,ELIO 42 mm Nam EL055-01,Khánh,5
elio-el051-02-nu,ELIO Nắng Xuân 30 mm Nữ EL051-02,Võ Minh Tiến,1
elio-el051-02-nu,ELIO Nắng Xuân 30 mm Nữ EL051-02,Đặng Thị Thúy Liểu,1
elio-el051-02-nu,ELIO Nắng Xuân 30 mm Nữ EL051-02,A SKIEU,1
elio-el051-02-nu,ELIO Nắng Xuân 30 mm Nữ EL051-02,Trần Thị Hoài Thu,5
elio-el051-02-nu,ELIO Nắng Xuân 30 mm Nữ EL051-02,Huynh Van Ca,4
elio-el051-02-nu,ELIO Nắng Xuân 30 mm Nữ EL051-02,Yen My,5
elio-el059-02-nu,ELIO 33 mm Nữ EL059-02,Anh Thắng,5
elio-el059-02-nu,ELIO 33 mm Nữ EL059-02,Lương Thị Quỳnh Na,5
elio-el059-02-nu,ELIO 33 mm Nữ EL059-02,Tuyet,3
elio-el059-02-nu,ELIO 33 mm Nữ EL059-02,Trần Quốc Chiến,2
elio-el059-02-nu,ELIO 33 mm Nữ EL059-02,Hồng Ngọc,4
elio-el059-02-nu,ELIO 33 mm Nữ EL059-02,Chị Thảo,5
elio-el059-02-nu,ELIO 33 mm Nữ EL059-02,Phạm Thị Thanh Thúy,5
elio-el059-02-nu,ELIO 33 mm Nữ EL059-02,Trần Thị Thanh,5
elio-el059-02-nu,ELIO 33 mm Nữ EL059-02,Trần Thị Hoài Trang,5
elio-el059-02-nu,ELIO 33 mm Nữ EL059-02,Quách Tấn Lộc,5
elio-el059-02-nu,ELIO 33 mm Nữ EL059-02,Anh Hổ,5
elio-el059-02-nu,ELIO 33 mm Nữ EL059-02,Nguyễn Thị Ngân Hà,5
elio-el059-02-nu,ELIO 33 mm Nữ EL059-02,Hảo,4
elio-el059-02-nu,ELIO 33 mm Nữ EL059-02,C Dung,5
elio-el059-02-nu,ELIO 33 mm Nữ EL059-02,LÊ THỊ TRÀ MY,5
elio-el059-02-nu,ELIO 33 mm Nữ EL059-02,Dương Kim Mỹ Duyên,5
elio-el059-02-nu,ELIO 33 mm Nữ EL059-02,C Minh,4
elio-el059-02-nu,ELIO 33 mm Nữ EL059-02,Lan,4
elio-el059-02-nu,ELIO 33 mm Nữ EL059-02,Lâm Thành Nam,5
elio-el077-01-nu,ELIO 29 mm Nữ EL077-01,Danh Phai,5
elio-el077-01-nu,ELIO 29 mm Nữ EL077-01,Tô Xuân Bình,3
elio-el077-01-nu,ELIO 29 mm Nữ EL077-01,Thái Thành Triết,5
elio-el077-01-nu,ELIO 29 mm Nữ EL077-01,Anh Dủ,3
elio-el077-01-nu,ELIO 29 mm Nữ EL077-01,Quý,5
elio-el077-01-nu,ELIO 29 mm Nữ EL077-01,Đỗ Thị Hoa Xinh,4
elio-el077-01-nu,ELIO 29 mm Nữ EL077-01,Hà,5
elio-el077-01-nu,ELIO 29 mm Nữ EL077-01,Thái,5
smile-kid-sl054-01,SMILE KID 34 mm Trẻ em SL054-01,Như Anh,5
smile-kid-sl054-01,SMILE KID 34 mm Trẻ em SL054-01,HUỲNH VĂN LƯỢM,4
smile-kid-sl054-01,SMILE KID 34 mm Trẻ em SL054-01,Trịnh Trung,5
smile-kid-sl054-01,SMILE KID 34 mm Trẻ em SL054-01,Nguyễn Thị Ngọc Như,4
smile-kid-sl054-01,SMILE KID 34 mm Trẻ em SL054-01,Lê Thị Kim Ý,5
smile-kid-sl054-01,SMILE KID 34 mm Trẻ em SL054-01,NGUYỄN HOÀNG SƠN,5
nakzen-ss4117ld-7n3-nu,NAKZEN 25 mm Nữ SS4117LD-7N3,Phương,5
nakzen-ss4117ld-7n3-nu,NAKZEN 25 mm Nữ SS4117LD-7N3,Võ Thị Huyền Trang,4
nakzen-ss4117ld-7n3-nu,NAKZEN 25 mm Nữ SS4117LD-7N3,NGUYỄN THỊ ÁNH,3
orient-star-re-at0002e00b-nam,ORIENT Star 39.3 mm Nam RE-AT0002E00B,Kl,5
orient-star-re-at0002e00b-nam,ORIENT Star 39.3 mm Nam RE-AT0002E00B,Lê Cao Hoàng Vi,5
orient-star-re-at0003s00b-nam,ORIENT Star 39.3 mm Nam RE-AT0003S00B,Tiến,5
orient-star-re-au0001s00b-nam,ORIENT Star 38.7 mm Nam RE-AU0001S00B,Nguyễn Hồng Quang,5
orient-star-re-au0001s00b-nam,ORIENT Star 38.7 mm Nam RE-AU0001S00B,Trần Tuấn Thạnh,5
orient-star-re-au0001s00b-nam,ORIENT Star 38.7 mm Nam RE-AU0001S00B,Anh Huy,5
orient-star-re-au0002s00b-nam,ORIENT Star 38.7 mm Nam RE-AU0002S00B,Anh Điệp Anh,1
citizen-nh8395-00e-nam,CITIZEN C7 40 mm Nam NH8395-00E,Phan Bình,5
citizen-nh8395-00e-nam,CITIZEN C7 40 mm Nam NH8395-00E,Anh Thuận,1
nakzen-sl4118lbk-1-nu,NAKZEN 30 mm Nữ SL4118LBK-1,Thiệu,1
nakzen-sl4118lbk-1-nu,NAKZEN 30 mm Nữ SL4118LBK-1,Trân,5
nakzen-sl4118lbk-1-nu,NAKZEN 30 mm Nữ SL4118LBK-1,Nguyễn Thị Huỳnh Hương,5
nakzen-sl4118lbk-1-nu,NAKZEN 30 mm Nữ SL4118LBK-1,Trần Đỗ Lâm Bình,5
nakzen-sl4118lbk-1-nu,NAKZEN 30 mm Nữ SL4118LBK-1,Chị Diễm,4
casio-mtp-e501-7avdf-nam?utm_flashsale=1,CASIO 44 mm Nam MTP-E501-7AVDF,Xuyên,2
casio-mtp-e501-7avdf-nam?utm_flashsale=1,CASIO 44 mm Nam MTP-E501-7AVDF,Trần Quốc Tuấn,5
casio-mtp-e501-7avdf-nam?utm_flashsale=1,CASIO 44 mm Nam MTP-E501-7AVDF,Ha Văn Quyền,3
casio-mtp-e501-7avdf-nam?utm_flashsale=1,CASIO 44 mm Nam MTP-E501-7AVDF,Trương Minh Duy,4
casio-mtp-e501-7avdf-nam?utm_flashsale=1,CASIO 44 mm Nam MTP-E501-7AVDF,Ái,5
citizen-bh5003-00l-nam,CITIZEN 42 mm Nam BH5003-00L,Tướng Văn Minh,5
citizen-bh5003-00l-nam,CITIZEN 42 mm Nam BH5003-00L,Y YAM,5
citizen-bh5003-00l-nam,CITIZEN 42 mm Nam BH5003-00L,Hương Huỳnh,5
citizen-bh5003-00l-nam,CITIZEN 42 mm Nam BH5003-00L,Trần Văn,2
citizen-bh5003-00l-nam,CITIZEN 42 mm Nam BH5003-00L,Anh Hải,3
citizen-bh5003-00l-nam,CITIZEN 42 mm Nam BH5003-00L,Ho Phi Quy,5
citizen-bi5095-05e-nam,CITIZEN 42 mm Nam BI5095-05E,Trần Thanh Minh,3
citizen-bi5095-05e-nam,CITIZEN 42 mm Nam BI5095-05E,Nguyễn Văn Phương,4
citizen-bi5095-05e-nam,CITIZEN 42 mm Nam BI5095-05E,HỒ THANH VIỆT,2
citizen-bi5095-05e-nam,CITIZEN 42 mm Nam BI5095-05E,Nguyễn Thành An,5
citizen-bi5095-05e-nam,CITIZEN 42 mm Nam BI5095-05E,A Hữu Phước,3
citizen-bi5096-53l-nam,CITIZEN 42 mm Nam BI5096-53L,Hồ Ngọc Hiệu,4
citizen-bi5096-53l-nam,CITIZEN 42 mm Nam BI5096-53L,Chú Thọ,4
citizen-bi5096-53l-nam,CITIZEN 42 mm Nam BI5096-53L,Công Ty TNHH Dược Mỹ Phẩm Hoàng Quân Medical,5
citizen-bi5096-53l-nam,CITIZEN 42 mm Nam BI5096-53L,Tuấn Nguyễn,4
citizen-bi5096-53l-nam,CITIZEN 42 mm Nam BI5096-53L,Anh Cường,5
citizen-bi5096-53l-nam,CITIZEN 42 mm Nam BI5096-53L,BÙI LÊ HUY,5
citizen-ed8184-51a-nu,CITIZEN 33 mm Nữ ED8184-51A,Tuyền,3
citizen-ed8184-51a-nu,CITIZEN 33 mm Nữ ED8184-51A,Huỳnh Thị Ngọc Phương,5
citizen-ed8184-51a-nu,CITIZEN 33 mm Nữ ED8184-51A,Hải,4
citizen-er0214-54d-nu,CITIZEN 30 mm Nữ ER0214-54D,Nguyễn Thắng,1
citizen-er0214-54d-nu,CITIZEN 30 mm Nữ ER0214-54D,Dương Kim Thoa,5
citizen-er0214-54d-nu,CITIZEN 30 mm Nữ ER0214-54D,Vũ Thị Anh,5
citizen-er0214-54d-nu,CITIZEN 30 mm Nữ ER0214-54D,Nguyễn Thị Hồng Nhung,5
mww-mp007-01-nam?utm_flashsale=1,MVW 40 mm Nam MP007-01,Đoàn Hiếu,5
mww-mp007-01-nam?utm_flashsale=1,MVW 40 mm Nam MP007-01,Thư,5
mww-mp007-01-nam?utm_flashsale=1,MVW 40 mm Nam MP007-01,Nguyễn Văn Tài,5
mww-mp007-01-nam?utm_flashsale=1,MVW 40 mm Nam MP007-01,Nguyễn Võ Tài,5
mww-mp007-01-nam?utm_flashsale=1,MVW 40 mm Nam MP007-01,Thảo,3
mww-mp007-01-nam?utm_flashsale=1,MVW 40 mm Nam MP007-01,Dương,5
mww-mp007-01-nam?utm_flashsale=1,MVW 40 mm Nam MP007-01,Sang,3
mww-mp007-01-nam?utm_flashsale=1,MVW 40 mm Nam MP007-01,Anh Nhân,5
mww-mp007-01-nam?utm_flashsale=1,MVW 40 mm Nam MP007-01,Phượng,2
mww-mp007-01-nam?utm_flashsale=1,MVW 40 mm Nam MP007-01,Anh Đức Hồng,5
mww-mp007-01-nam?utm_flashsale=1,MVW 40 mm Nam MP007-01,Nguyễn Thành Đạt,5
mww-mp007-01-nam?utm_flashsale=1,MVW 40 mm Nam MP007-01,TRƯƠNG VĂN ĐƯỜNG,3
mww-mp007-01-nam?utm_flashsale=1,MVW 40 mm Nam MP007-01,Ngân,5
mww-mp007-01-nam?utm_flashsale=1,MVW 40 mm Nam MP007-01,Phan Thị Yến,5
mww-mp007-01-nam?utm_flashsale=1,MVW 40 mm Nam MP007-01,Lâm,5
mww-mp007-01-nam?utm_flashsale=1,MVW 40 mm Nam MP007-01,Phạm Thị Hồng Yến,5
mww-mp007-01-nam?utm_flashsale=1,MVW 40 mm Nam MP007-01,Nguyễn Ngọc Ngân,5
mww-mp007-01-nam?utm_flashsale=1,MVW 40 mm Nam MP007-01,Nguyễn Mạnh Hùng,5
mww-mp007-01-nam?utm_flashsale=1,MVW 40 mm Nam MP007-01,Đoàn Văn Kiệt,4
mww-mp007-01-nam?utm_flashsale=1,MVW 40 mm Nam MP007-01,Minh,5
mww-mp007-01-nam?utm_flashsale=1,MVW 40 mm Nam MP007-01,Đào Hữu Anh,4
mww-mp007-01-nam?utm_flashsale=1,MVW 40 mm Nam MP007-01,Lưu Thị Mỹ Hạnh,5
orient-star-re-at0001l00b-nam,ORIENT Star 39.3 mm Nam RE-AT0001L00B,Nguyễn Văn Thu,5
citizen-fe1220-89l-nu,CITIZEN 30 mm Nữ FE1220-89L,Thuý,5
citizen-fe1220-89l-nu,CITIZEN 30 mm Nữ FE1220-89L,Anh Hạnh,5
citizen-fe1220-89l-nu,CITIZEN 30 mm Nữ FE1220-89L,Anh Thông,5
citizen-fe1220-89l-nu,CITIZEN 30 mm Nữ FE1220-89L,Đào Thị Ngọc Quí,4
citizen-an8195-58e-nam,CITIZEN 42 mm Nam AN8195-58E,Duy,4
citizen-an8195-58e-nam,CITIZEN 42 mm Nam AN8195-58E,Hoàng Thanh Tùng,4
citizen-an8195-58e-nam,CITIZEN 42 mm Nam AN8195-58E,Hiệp,5
citizen-an8195-58e-nam,CITIZEN 42 mm Nam AN8195-58E,Huu Tuan,3
citizen-an8195-58e-nam,CITIZEN 42 mm Nam AN8195-58E,Lỗ Thị Mai Thuỷ,5
citizen-an8196-55e-nam,CITIZEN 42 mm Nam AN8196-55E,Vương Minh,4
citizen-an8196-55e-nam,CITIZEN 42 mm Nam AN8196-55E,Nguyễn Văn Sang,3
citizen-an8196-55e-nam,CITIZEN 42 mm Nam AN8196-55E,Việt,5
citizen-an8196-55e-nam,CITIZEN 42 mm Nam AN8196-55E,PHẠM VĂN LAM,5
citizen-an8196-55e-nam,CITIZEN 42 mm Nam AN8196-55E,Hoàng,5
citizen-be9176-76l-nam,CITIZEN 39 mm Nam BE9176-76L,PHẠM THANH SỬ,5
citizen-be9176-76l-nam,CITIZEN 39 mm Nam BE9176-76L,Nguyễn Văn Trọng,4
citizen-be9176-76l-nam,CITIZEN 39 mm Nam BE9176-76L,Lê Thành Vinh,4
citizen-be9176-76l-nam,CITIZEN 39 mm Nam BE9176-76L,Nguyễn Tri Phương,4
citizen-be9176-76l-nam,CITIZEN 39 mm Nam BE9176-76L,Anh Nguyễn Văn Minh Trí,4
citizen-be9176-76l-nam,CITIZEN 39 mm Nam BE9176-76L,Nguyễn Hoàng Long,4
citizen-be9176-76l-nam,CITIZEN 39 mm Nam BE9176-76L,Đào Tiên Phong,5
certina-c024-410-16-031-21-nam,CERTINA Sport 40 mm Nam C024.410.16.031.21,Lê Văn Huân,5
certina-c024-410-16-031-21-nam,CERTINA Sport 40 mm Nam C024.410.16.031.21,Hồ Nguyễn Trọng Nguyên,4
certina-c034-807-22-013-00-nam,CERTINA Urban 39 mm Nam C034.807.22.013.00,Trương Đức Nam,4
certina-c033-257-11-118-00-nu,CERTINA Urban 32 mm Nữ C033.257.11.118.00,Thắng,5
ernest-borel-n0520g0a-mn2n-nam,ERNEST BOREL Heartful 40 mm Nam N0520G0A-MN2N,Anh Quảng,4
ernest-borel-n0401g0a-mn2n-nam,ERNEST BOREL Jules Borel 40 mm Nam N0401G0A-MN2N,Huỳnh Minh Phúc,5
candino-c4724-2-nam,CANDINO 39.5 mm Nam C4724/2,Thuy,5
candino-c4724-2-nam,CANDINO 39.5 mm Nam C4724/2,Anh Lộc,5
candino-c4724-2-nam,CANDINO 39.5 mm Nam C4724/2,Tạ Sĩ,4
ferrari-0830727-nam?utm_flashsale=1,FERRARI 44 mm Nam 0830727,Nguyễn Thanh Ngoản,5
dong-ho-nam-mvw-ms075-01,MVW 42 mm Nam MS075-01,Tiến,2
dong-ho-nam-mvw-ms075-01,MVW 42 mm Nam MS075-01,Ngọc,1
dong-ho-nam-mvw-ms075-01,MVW 42 mm Nam MS075-01,Anh Toàn,5
dong-ho-nam-mvw-ms075-01,MVW 42 mm Nam MS075-01,Phước,5
dong-ho-nam-mvw-ms075-01,MVW 42 mm Nam MS075-01,Lê Trần Trung Nguyên,4
dong-ho-nam-mvw-ms075-01,MVW 42 mm Nam MS075-01,Anh Sơn,5
dong-ho-nam-mvw-ms075-01,MVW 42 mm Nam MS075-01,Ngọc,1
dong-ho-nam-mvw-ms075-01,MVW 42 mm Nam MS075-01,Thuỳ Trang,5
dong-ho-nam-mvw-ms075-01,MVW 42 mm Nam MS075-01,Trương Quang Chương,5
dong-ho-nam-mvw-ms075-01,MVW 42 mm Nam MS075-01,Huỳnh Đào Ngọc Tuấn,5
dong-ho-nam-mvw-ms075-01,MVW 42 mm Nam MS075-01,Vòng Lỷ Thạch Thảo,5
dong-ho-nam-mvw-ms075-01,MVW 42 mm Nam MS075-01,Anh Thanh,3
dong-ho-nam-mvw-ms075-01,MVW 42 mm Nam MS075-01,Trần Nhật Duy,3
dong-ho-nam-mvw-ms075-01,MVW 42 mm Nam MS075-01,Nguyễn Trọng Nghĩa,5
dong-ho-nam-mvw-ms075-01,MVW 42 mm Nam MS075-01,Yến,4
dong-ho-nam-mvw-ms075-01,MVW 42 mm Nam MS075-01,Phạm Thị Cẩm Pha,5
dong-ho-nam-mvw-ms075-01,MVW 42 mm Nam MS075-01,Nguyễn Quang Vinh,5
dong-ho-nam-mvw-ms075-01,MVW 42 mm Nam MS075-01,Tran Thi Loan Anh,5
dong-ho-nam-mvw-ms075-01,MVW 42 mm Nam MS075-01,Lê Văn Hồng,5
dong-ho-nam-mvw-ms075-01,MVW 42 mm Nam MS075-01,Lê Hữu Nghĩa,5
dong-ho-nam-mvw-ms075-01,MVW 42 mm Nam MS075-01,Vũ Văn Trường,5
elio-es095-02-nu,ELIO Nàng Thơ 25.7 mm Nữ ES095-02,Lê Thị Tuyết Loan,5
elio-es095-02-nu,ELIO Nàng Thơ 25.7 mm Nữ ES095-02,Phạm Ngọc Hương Trà,5
elio-es095-02-nu,ELIO Nàng Thơ 25.7 mm Nữ ES095-02,HOANG THUONG YEN,5
elio-es095-02-nu,ELIO Nàng Thơ 25.7 mm Nữ ES095-02,Vương Thị Hoà Dịu,4
elio-es095-02-nu,ELIO Nàng Thơ 25.7 mm Nữ ES095-02,Chị Quyên,3
elio-es095-02-nu,ELIO Nàng Thơ 25.7 mm Nữ ES095-02,Neáng Siêu,5
elio-es095-02-nu,ELIO Nàng Thơ 25.7 mm Nữ ES095-02,Bình,4
elio-es095-02-nu,ELIO Nàng Thơ 25.7 mm Nữ ES095-02,Yến,5
elio-es095-02-nu,ELIO Nàng Thơ 25.7 mm Nữ ES095-02,Đinh Quang Phong,5
elio-es095-02-nu,ELIO Nàng Thơ 25.7 mm Nữ ES095-02,Nguyễn Thị Kim Anh,4
elio-es095-02-nu,ELIO Nàng Thơ 25.7 mm Nữ ES095-02,Trần Thị Thanh Liễu,5
elio-es095-02-nu,ELIO Nàng Thơ 25.7 mm Nữ ES095-02,QUÁCH NGỌC YẾN,5
elio-es095-02-nu,ELIO Nàng Thơ 25.7 mm Nữ ES095-02,Nguyễn Thị Phương Thảo,4
elio-es095-02-nu,ELIO Nàng Thơ 25.7 mm Nữ ES095-02,NGUYỄN THỊ MỸ LINH,4
festina-f20005-3-nam,FESTINA 40 mm Nam F20005/3,Hồ Như Ý,1
festina-f20005-3-nam,FESTINA 40 mm Nam F20005/3,Anh Nguyên,5
festina-f20005-3-nam,FESTINA 40 mm Nam F20005/3,Đinh Tiến Hoàng,5
festina-f20005-3-nam,FESTINA 40 mm Nam F20005/3,Trần Thanh Vủ,5
festina-f20005-3-nam,FESTINA 40 mm Nam F20005/3,63965 - Lò Hoàng Thụ,5
festina-f20512-2-nam,FESTINA 39.3 mm Nam F20512/2,Thông,5
festina-f20512-2-nam,FESTINA 39.3 mm Nam F20512/2,Nguyễn Đình Cương,5
festina-f20512-2-nam,FESTINA 39.3 mm Nam F20512/2,Trần Tấn Cường,5
festina-f20512-2-nam,FESTINA 39.3 mm Nam F20512/2,Anh Trang,5
festina-f20512-2-nam,FESTINA 39.3 mm Nam F20512/2,Toán,5
festina-f20512-2-nam,FESTINA 39.3 mm Nam F20512/2,Anh Trường,1
festina-f20512-2-nam,FESTINA 39.3 mm Nam F20512/2,A Thịnh,4
festina-f20512-2-nam,FESTINA 39.3 mm Nam F20512/2,LÊ NGUYỄN HỒNG AN,4
festina-f20512-2-nam,FESTINA 39.3 mm Nam F20512/2,Hung Le,4
festina-f20512-2-nam,FESTINA 39.3 mm Nam F20512/2,Tuấn,4
festina-f20512-2-nam,FESTINA 39.3 mm Nam F20512/2,Nguyễn Phát Minh Điền,5
festina-f20512-2-nam,FESTINA 39.3 mm Nam F20512/2,Trần Lý Đông Sơn,5
festina-f20512-2-nam,FESTINA 39.3 mm Nam F20512/2,Trần Lý Đông Sơn,3
festina-f20512-2-nam,FESTINA 39.3 mm Nam F20512/2,Anh Hạnh,3
g-shock-gst-b100b-1a4dr-nam,G-SHOCK G-Steel 53.8 mm Nam GST-B100B-1A4DR,Võ Trường Huy,5
g-shock-gst-b100b-1a4dr-nam,G-SHOCK G-Steel 53.8 mm Nam GST-B100B-1A4DR,Chung Tuấn Bưu,5
smile-kid-sl090-01-tre-em,SMILE KID 39 mm Trẻ em SL090-01,Thu,5
smile-kid-sl090-01-tre-em,SMILE KID 39 mm Trẻ em SL090-01,Đỗ Đức Thắng,4
smile-kid-sl090-01-tre-em,SMILE KID 39 mm Trẻ em SL090-01,Đậu Mạnh Tài,4
smile-kid-sl090-01-tre-em,SMILE KID 39 mm Trẻ em SL090-01,Thoa,5
smile-kid-sl090-01-tre-em,SMILE KID 39 mm Trẻ em SL090-01,Nguyễn Khắc Mạnh,5
smile-kid-sl090-01-tre-em,SMILE KID 39 mm Trẻ em SL090-01,Anh Luân,4
smile-kid-sl090-01-tre-em,SMILE KID 39 mm Trẻ em SL090-01,Lê Đức Trung,5
smile-kid-sl090-01-tre-em,SMILE KID 39 mm Trẻ em SL090-01,Tuấn Anh,5
smile-kid-sl090-01-tre-em,SMILE KID 39 mm Trẻ em SL090-01,Nguyễn Thanh Phong,4
smile-kid-sl090-01-tre-em,SMILE KID 39 mm Trẻ em SL090-01,Trần Hữu,5
smile-kid-sl090-01-tre-em,SMILE KID 39 mm Trẻ em SL090-01,Thủy,5
smile-kid-sl093-02-tre-em,SMILE KID 39 mm Trẻ em SL093-02,Nguyễn Đình Thu,5
smile-kid-sl093-02-tre-em,SMILE KID 39 mm Trẻ em SL093-02,NGUYỄN THỊ THANH TIẾN,5
smile-kid-sl093-02-tre-em,SMILE KID 39 mm Trẻ em SL093-02,Chú Quyết,4
smile-kid-sl093-02-tre-em,SMILE KID 39 mm Trẻ em SL093-02,Huỳnh Thanh Hải,4
smile-kid-sl093-02-tre-em,SMILE KID 39 mm Trẻ em SL093-02,NHAN HOA NHAN,5
orient-rf-qd0001s10b-nam,ORIENT 39 mm Nam RF-QD0001S10B,Dinh Thanh Hiep,1
orient-rf-qd0001s10b-nam,ORIENT 39 mm Nam RF-QD0001S10B,Nguyễn Thành Được,2
orient-rf-qd0001s10b-nam,ORIENT 39 mm Nam RF-QD0001S10B,Duy Lê,3
orient-rf-qd0001s10b-nam,ORIENT 39 mm Nam RF-QD0001S10B,Anh Sơn,5
casio-mtp-vt01bl-5budf-nam,CASIO 40 mm Nam MTP-VT01BL-5BUDF,Huynh Hai Dang,3
casio-mtp-vt01bl-5budf-nam,CASIO 40 mm Nam MTP-VT01BL-5BUDF,Anh Hiếu,5
casio-mtp-vt01bl-5budf-nam,CASIO 40 mm Nam MTP-VT01BL-5BUDF,Đoàn Hoàng Nghĩa,4
casio-mtp-vt01bl-5budf-nam,CASIO 40 mm Nam MTP-VT01BL-5BUDF,Khánh,4
casio-mtp-vt01bl-5budf-nam,CASIO 40 mm Nam MTP-VT01BL-5BUDF,Phan Hồng Uân,5
casio-mtp-vt01bl-5budf-nam,CASIO 40 mm Nam MTP-VT01BL-5BUDF,Anh Hằng,5
casio-mtp-vt01bl-5budf-nam,CASIO 40 mm Nam MTP-VT01BL-5BUDF,Võ Hùng Anh,4
casio-mtp-vt01bl-5budf-nam,CASIO 40 mm Nam MTP-VT01BL-5BUDF,Thành Hoà,5
casio-mtp-vt01bl-5budf-nam,CASIO 40 mm Nam MTP-VT01BL-5BUDF,Nguyễn Văn Bách,4
casio-mtp-vt01bl-5budf-nam,CASIO 40 mm Nam MTP-VT01BL-5BUDF,Trương Phước Hóa Bìbh,5
casio-mtp-vt01bl-5budf-nam,CASIO 40 mm Nam MTP-VT01BL-5BUDF,Thi Thị Mỹ Hạnh,5
casio-mtp-vt01bl-5budf-nam,CASIO 40 mm Nam MTP-VT01BL-5BUDF,Nguyễn Đắc Thạnh,5
casio-mtp-vt01bl-5budf-nam,CASIO 40 mm Nam MTP-VT01BL-5BUDF,Mai Văn Chẳng,3
casio-mtp-vt01bl-5budf-nam,CASIO 40 mm Nam MTP-VT01BL-5BUDF,Nguyễn Linh Dương,4
casio-mtp-vt01bl-5budf-nam,CASIO 40 mm Nam MTP-VT01BL-5BUDF,Trần Ngọc Hảo,5
casio-mtp-vt01bl-5budf-nam,CASIO 40 mm Nam MTP-VT01BL-5BUDF,Nguyễn Minh Quang,3
casio-mtp-vt01bl-5budf-nam,CASIO 40 mm Nam MTP-VT01BL-5BUDF,Minh Ngọc,5
elio-ec009-02-nu,ELIO Nàng Thơ 32 mm Nữ EC009-02,NGUYỄN MINH KHANG,1
elio-ec009-02-nu,ELIO Nàng Thơ 32 mm Nữ EC009-02,Trí,3
elio-ec009-02-nu,ELIO Nàng Thơ 32 mm Nữ EC009-02,Duy Khang,5
elio-ec009-02-nu,ELIO Nàng Thơ 32 mm Nữ EC009-02,Pham Thi Lieu,5
elio-ec009-02-nu,ELIO Nàng Thơ 32 mm Nữ EC009-02,NGUYỄN THỊ QUỲNH NHƯ,5
elio-ec009-02-nu,ELIO Nàng Thơ 32 mm Nữ EC009-02,Hồng Lam,5
elio-ec009-02-nu,ELIO Nàng Thơ 32 mm Nữ EC009-02,Trần Thị Bích Thảo,4
smile-kid-sl098-01-tre-em,SMILE KID 31 mm Trẻ em SL098-01,Nguyễn Thị Minh Huyền,5
smile-kid-sl098-01-tre-em,SMILE KID 31 mm Trẻ em SL098-01,Trần Thị Bé Ly,4
smile-kid-sl098-01-tre-em,SMILE KID 31 mm Trẻ em SL098-01,B Hau,5
smile-kid-sl098-01-tre-em,SMILE KID 31 mm Trẻ em SL098-01,Nguyễn Thị Bích Phượng,4
smile-kid-sl098-01-tre-em,SMILE KID 31 mm Trẻ em SL098-01,ĐÀO VĂN NHÂN,5
smile-kid-sl098-01-tre-em,SMILE KID 31 mm Trẻ em SL098-01,Hồng Hạnh,4
smile-kid-sl098-01-tre-em,SMILE KID 31 mm Trẻ em SL098-01,Anh Minh,5
smile-kid-sl098-01-tre-em,SMILE KID 31 mm Trẻ em SL098-01,Nguyễn Thanh Nhi,5
smile-kid-sl102-01-tre-em,SMILE KID 43 mm Trẻ em SL102-01,156513 - Nguyễn Thu Hà,5
smile-kid-sl102-01-tre-em,SMILE KID 43 mm Trẻ em SL102-01,Lan Vy,5
smile-kid-sl102-01-tre-em,SMILE KID 43 mm Trẻ em SL102-01,Đoàn Thị Kim Chi,3
smile-kid-sl102-01-tre-em,SMILE KID 43 mm Trẻ em SL102-01,Chị Chi,5
smile-kid-sl102-01-tre-em,SMILE KID 43 mm Trẻ em SL102-01,Tuấn Anh,5
smile-kid-sl102-01-tre-em,SMILE KID 43 mm Trẻ em SL102-01,Lê Huỳnh Ngọc Châu,5
smile-kid-sl102-01-tre-em,SMILE KID 43 mm Trẻ em SL102-01,Bùi Thị Ngọc Trâm,5
smile-kid-sl102-01-tre-em,SMILE KID 43 mm Trẻ em SL102-01,Ngọc Hà,3
smile-kid-sl102-01-tre-em,SMILE KID 43 mm Trẻ em SL102-01,Em Ngân,4
smile-kid-sl102-01-tre-em,SMILE KID 43 mm Trẻ em SL102-01,Mai Văn Hậu,5
smile-kid-sl102-01-tre-em,SMILE KID 43 mm Trẻ em SL102-01,Chị Trân,5
smile-kid-sl103-01-tre-em,SMILE KID 35 mm Trẻ em SL103-01,Linh,5
smile-kid-sl103-01-tre-em,SMILE KID 35 mm Trẻ em SL103-01,Nguyễn Thị Cẩm Uyên,5
smile-kid-sl103-01-tre-em,SMILE KID 35 mm Trẻ em SL103-01,Trần Ngọc Linh,4
smile-kid-sl103-01-tre-em,SMILE KID 35 mm Trẻ em SL103-01,Trần Thị Bích,5
smile-kid-sl103-01-tre-em,SMILE KID 35 mm Trẻ em SL103-01,Nguyễn Thị Cẩm Linh,5
smile-kid-sl103-01-tre-em,SMILE KID 35 mm Trẻ em SL103-01,Nguyễn Hoàng Anh Tuấn,5
smile-kid-sl103-01-tre-em,SMILE KID 35 mm Trẻ em SL103-01,Lại Tiến Hưng,5
smile-kid-sl103-01-tre-em,SMILE KID 35 mm Trẻ em SL103-01,Bích Ngọc,4
smile-kid-sl103-01-tre-em,SMILE KID 35 mm Trẻ em SL103-01,NGUYỄN THỊ THU THẢO,5
smile-kid-sl103-01-tre-em,SMILE KID 35 mm Trẻ em SL103-01,LÊ THANH DANH,3
smile-kid-sl103-01-tre-em,SMILE KID 35 mm Trẻ em SL103-01,Huyền,5
smile-kid-sl103-01-tre-em,SMILE KID 35 mm Trẻ em SL103-01,Nhi,5
smile-kid-sl103-01-tre-em,SMILE KID 35 mm Trẻ em SL103-01,Nguyễn Thị Huệ,1
orient-ra-aa0b02r19b-nam,ORIENT SK 42 mm Nam RA-AA0B02R19B,Châu Thanh Bình,4
orient-ra-aa0b02r19b-nam,ORIENT SK 42 mm Nam RA-AA0B02R19B,Ma Quang Việt,5
orient-ra-aa0b02r19b-nam,ORIENT SK 42 mm Nam RA-AA0B02R19B,Tuấn Thanh,5
orient-ra-aa0b02r19b-nam,ORIENT SK 42 mm Nam RA-AA0B02R19B,Tuyền,4
orient-ra-aa0b02r19b-nam,ORIENT SK 42 mm Nam RA-AA0B02R19B,Nguyễn Minh Hiếu,5
orient-ra-aa0b02r19b-nam,ORIENT SK 42 mm Nam RA-AA0B02R19B,Đặng Minh Thông,5
orient-ra-aa0b02r19b-nam,ORIENT SK 42 mm Nam RA-AA0B02R19B,Tuong,4
orient-ra-aa0b02r19b-nam,ORIENT SK 42 mm Nam RA-AA0B02R19B,Đỗ Hà Thái,5
orient-ra-aa0b02r19b-nam,ORIENT SK 42 mm Nam RA-AA0B02R19B,Đông,5
orient-ra-aa0b02r19b-nam,ORIENT SK 42 mm Nam RA-AA0B02R19B,Anh Quang,5
orient-ra-aa0b02r19b-nam,ORIENT SK 42 mm Nam RA-AA0B02R19B,Huy,4
orient-ra-aa0b02r19b-nam,ORIENT SK 42 mm Nam RA-AA0B02R19B,Nguyễn Phong,5
orient-ra-aa0b02r19b-nam,ORIENT SK 42 mm Nam RA-AA0B02R19B,Bùi Quang Dũng,4
orient-ra-aa0b02r19b-nam,ORIENT SK 42 mm Nam RA-AA0B02R19B,Phan Văn Minh,5
orient-ra-aa0b02r19b-nam,ORIENT SK 42 mm Nam RA-AA0B02R19B,Trần Văn Tây,4
orient-ra-aa0b02r19b-nam,ORIENT SK 42 mm Nam RA-AA0B02R19B,Nguyễn Thanh Lãm,5
orient-ra-aa0b02r19b-nam,ORIENT SK 42 mm Nam RA-AA0B02R19B,Nguyễn Thị Kim Diền,4
orient-ra-aa0b02r19b-nam,ORIENT SK 42 mm Nam RA-AA0B02R19B,Nguyễn Đức Duy,2
orient-ra-aa0b02r19b-nam,ORIENT SK 42 mm Nam RA-AA0B02R19B,Vũ Văn Triển,4
orient-ra-aa0b02r19b-nam,ORIENT SK 42 mm Nam RA-AA0B02R19B,Abc,5
orient-ra-aa0b02r19b-nam,ORIENT SK 42 mm Nam RA-AA0B02R19B,Đỗ Minh Trí,5
orient-ra-aa0b02r19b-nam,ORIENT SK 42 mm Nam RA-AA0B02R19B,Hiền,4
orient-ra-aa0b02r19b-nam,ORIENT SK 42 mm Nam RA-AA0B02R19B,Trần Bảo Trung,5
smile-kid-sl083-03-tre-em,SMILE KID 39 mm Trẻ em SL083-03,Trịnh Thị Phương,2
smile-kid-sl083-03-tre-em,SMILE KID 39 mm Trẻ em SL083-03,Huỳnh Ngọc Thanh,4
smile-kid-sl083-03-tre-em,SMILE KID 39 mm Trẻ em SL083-03,CHÂU CẨM HÀ,5
smile-kid-sl083-03-tre-em,SMILE KID 39 mm Trẻ em SL083-03,Lê Thị Kim Huyền,5
smile-kid-sl083-03-tre-em,SMILE KID 39 mm Trẻ em SL083-03,THAI THANH LAM,4
smile-kid-sl083-03-tre-em,SMILE KID 39 mm Trẻ em SL083-03,Lê Đồng Hồng Phụng,4
smile-kid-sl083-03-tre-em,SMILE KID 39 mm Trẻ em SL083-03,NGUYỄN MAI PHƯƠNG,5
smile-kid-sl083-03-tre-em,SMILE KID 39 mm Trẻ em SL083-03,Đỗ Thị Ngọc Hạnh,5
smile-kid-sl083-03-tre-em,SMILE KID 39 mm Trẻ em SL083-03,Phạm Thị Hường,5
smile-kid-sl083-03-tre-em,SMILE KID 39 mm Trẻ em SL083-03,Trần Thị Ngọc Giàu,5
smile-kid-sl083-03-tre-em,SMILE KID 39 mm Trẻ em SL083-03,Phương Thảo,5
smile-kid-sl083-03-tre-em,SMILE KID 39 mm Trẻ em SL083-03,Anh Phú Quý,4
smile-kid-sl084-01-tre-em?utm_flashsale=1,SMILE KID 37 mm Trẻ em SL084-01,Nguyễn Thị Ngọc Thu,4
smile-kid-sl084-01-tre-em?utm_flashsale=1,SMILE KID 37 mm Trẻ em SL084-01,Minh,4
smile-kid-sl084-01-tre-em?utm_flashsale=1,SMILE KID 37 mm Trẻ em SL084-01,Đào Ngọc Cẩm,5
smile-kid-sl084-01-tre-em?utm_flashsale=1,SMILE KID 37 mm Trẻ em SL084-01,Nguyễn Thị Thanh Nguyên,5
smile-kid-sl084-01-tre-em?utm_flashsale=1,SMILE KID 37 mm Trẻ em SL084-01,Cô Ngọc Hương,2
smile-kid-sl084-01-tre-em?utm_flashsale=1,SMILE KID 37 mm Trẻ em SL084-01,Bùi Xuân Tứ,2
smile-kid-sl084-01-tre-em?utm_flashsale=1,SMILE KID 37 mm Trẻ em SL084-01,Lê Quốc Hùng,5
smile-kid-sl084-01-tre-em?utm_flashsale=1,SMILE KID 37 mm Trẻ em SL084-01,Chị Thảo,5
smile-kid-sl084-01-tre-em?utm_flashsale=1,SMILE KID 37 mm Trẻ em SL084-01,Lê Duy Phương,4
smile-kid-sl084-01-tre-em?utm_flashsale=1,SMILE KID 37 mm Trẻ em SL084-01,Thoa,5
smile-kid-sl084-01-tre-em?utm_flashsale=1,SMILE KID 37 mm Trẻ em SL084-01,Nguyễn Thái Hiến,3
smile-kid-sl084-01-tre-em?utm_flashsale=1,SMILE KID 37 mm Trẻ em SL084-01,Chị Loan,5
smile-kid-sl084-01-tre-em?utm_flashsale=1,SMILE KID 37 mm Trẻ em SL084-01,Lê Bản Khánh,4
smile-kid-sl084-01-tre-em?utm_flashsale=1,SMILE KID 37 mm Trẻ em SL084-01,Nguyễn Thành Quý,4
smile-kid-sl084-01-tre-em?utm_flashsale=1,SMILE KID 37 mm Trẻ em SL084-01,Long,4
smile-kid-sl084-01-tre-em?utm_flashsale=1,SMILE KID 37 mm Trẻ em SL084-01,Bảo,5
smile-kid-sl084-01-tre-em?utm_flashsale=1,SMILE KID 37 mm Trẻ em SL084-01,Chị Trinh,5
smile-kid-sl088-03-tre-em?utm_flashsale=1,SMILE KID 44 mm Trẻ em SL088-03,Phạm Thị Thanh Xuân,5
smile-kid-sl088-03-tre-em?utm_flashsale=1,SMILE KID 44 mm Trẻ em SL088-03,Minh,3
smile-kid-sl088-03-tre-em?utm_flashsale=1,SMILE KID 44 mm Trẻ em SL088-03,NGUYỄN THỊ PHƯỚC,5
smile-kid-sl088-03-tre-em?utm_flashsale=1,SMILE KID 44 mm Trẻ em SL088-03,Le LaM,1
smile-kid-sl088-03-tre-em?utm_flashsale=1,SMILE KID 44 mm Trẻ em SL088-03,Hà,3
smile-kid-sl088-03-tre-em?utm_flashsale=1,SMILE KID 44 mm Trẻ em SL088-03,NGUYỄN XUÂN NGHĨA,5
smile-kid-sl088-03-tre-em?utm_flashsale=1,SMILE KID 44 mm Trẻ em SL088-03,DANG NGUYEN HA TIEN,5
smile-kid-sl088-03-tre-em?utm_flashsale=1,SMILE KID 44 mm Trẻ em SL088-03,Nguyễn Huy Hảo,4
smile-kid-sl088-03-tre-em?utm_flashsale=1,SMILE KID 44 mm Trẻ em SL088-03,Don Linh,3
smile-kid-sl088-03-tre-em?utm_flashsale=1,SMILE KID 44 mm Trẻ em SL088-03,Đỗ Lê Hoài Phú,4
smile-kid-sl088-03-tre-em?utm_flashsale=1,SMILE KID 44 mm Trẻ em SL088-03,Anh Trung,5
smile-kid-sl088-03-tre-em?utm_flashsale=1,SMILE KID 44 mm Trẻ em SL088-03,Đoàn Cẩm Liên,5
nakzen-sl9001g-7d-nam,NAKZEN 40 mm Nam SL9001G-7D,NGUYỄN MINH HUY,5
nakzen-sl9001g-7d-nam,NAKZEN 40 mm Nam SL9001G-7D,Thế Duy,5
nakzen-sl9001g-7d-nam,NAKZEN 40 mm Nam SL9001G-7D,Nguyễn Thị Vàng Anh,4
nakzen-sl9001g-7d-nam,NAKZEN 40 mm Nam SL9001G-7D,Mai Văn Hoà,3
nakzen-sl9001g-7d-nam,NAKZEN 40 mm Nam SL9001G-7D,Thành Trung,5
nakzen-sl9001g-7d-nam,NAKZEN 40 mm Nam SL9001G-7D,Khôi,5
nakzen-sl9006g-1-nam,NAKZEN 40 mm Nam SL9006G-1,Duong Hoang Dang,4
nakzen-sl9006g-1-nam,NAKZEN 40 mm Nam SL9006G-1,Hải,1
nakzen-sl9006g-1-nam,NAKZEN 40 mm Nam SL9006G-1,Hoà,5
nakzen-ss9009l-7-nu,NAKZEN 32 x 34 mm Nữ SS9009L-7,Võ Hoàng Dẫn,5
nakzen-ss9009l-7-nu,NAKZEN 32 x 34 mm Nữ SS9009L-7,Hằng,1
citizen-c7-nh8391-51l-nam,CITIZEN C7 40 mm Nam NH8391-51L,Hoàng Ngọc Tú,4
citizen-c7-nh8391-51l-nam,CITIZEN C7 40 mm Nam NH8391-51L,Hải,5
citizen-c7-nh8391-51l-nam,CITIZEN C7 40 mm Nam NH8391-51L,Đặng Bá Khanh,5
citizen-c7-nh8391-51l-nam,CITIZEN C7 40 mm Nam NH8391-51L,Nguyễn Trọng Tùng,5
nakzen-sl9001l-1d-nu,NAKZEN 32 mm Nữ SL9001L-1D,Hoàng Điệp,5
nakzen-sl9001l-1d-nu,NAKZEN 32 mm Nữ SL9001L-1D,Trần Thị Thanh Tâm,5
nakzen-sl9001l-1d-nu,NAKZEN 32 mm Nữ SL9001L-1D,Anh Vĩ,4
nakzen-sl9002lrerd-7no-nu,NAKZEN 32 mm Nữ SL9002LRERD-7NO,Hoàng Đình Trinh,1
nakzen-sl9002lrerd-7no-nu,NAKZEN 32 mm Nữ SL9002LRERD-7NO,Danh Tài Kỳ Lĩnh,5
nakzen-sl9002lrerd-7no-nu,NAKZEN 32 mm Nữ SL9002LRERD-7NO,Mai,5
nakzen-ss4059l-1-nu,NAKZEN 25 mm Nữ SS4059L-1,Trúc,1
nakzen-ss4059l-1-nu,NAKZEN 25 mm Nữ SS4059L-1,Vũ Xuân Tuấn,5
nakzen-ss4059l-1-nu,NAKZEN 25 mm Nữ SS4059L-1,Hoàng Thị Thuy,5
elio-es123-01-nu,ELIO 35.5 mm Nữ ES123-01,Văn Thị Kiều Trang,4
elio-es123-01-nu,ELIO 35.5 mm Nữ ES123-01,Ngọc Thủy,5
elio-es123-01-nu,ELIO 35.5 mm Nữ ES123-01,LÊ TRUNG HIẾU,5
elio-es123-01-nu,ELIO 35.5 mm Nữ ES123-01,Nguyễn Đinh Vũ,5
elio-es123-01-nu,ELIO 35.5 mm Nữ ES123-01,MAI THỊ KIM HUỆ,5
elio-es123-01-nu,ELIO 35.5 mm Nữ ES123-01,Lê Thị Hồng Thơ,5
elio-es123-01-nu,ELIO 35.5 mm Nữ ES123-01,Chị Nga,4
smile-kid-sl115-01-tre-em,SMILE KID 28 mm Trẻ em SL115-01,Chị Hương,5
smile-kid-sl115-02-tre-em,SMILE KID 28 mm Trẻ em SL115-02,Chị Linh,5
smile-kid-sl115-02-tre-em,SMILE KID 28 mm Trẻ em SL115-02,Trịnh Xuân Đức,3
edifice-ecb-900mdc-1adr-nam,EDIFICE CASIO 48 mm Nam ECB-900MDC-1ADR,Nguyễn Quang Minh,5
edifice-ecb-900mdc-1adr-nam,EDIFICE CASIO 48 mm Nam ECB-900MDC-1ADR,Lê Văn Phú,5
edifice-ecb-900mdc-1adr-nam,EDIFICE CASIO 48 mm Nam ECB-900MDC-1ADR,Anh Trung,5
edifice-ecb-900mdc-1adr-nam,EDIFICE CASIO 48 mm Nam ECB-900MDC-1ADR,Anh Luận,5
edifice-efr-s567tr-2adr-nam,EDIFICE CASIO 45.6 mm Nam EFR-S567TR-2ADR,Trần,5
g-shock-gw-a1100-1a3dr-nam,G-SHOCK 53.8 mm Nam GW-A1100-1A3DR,Phạm Phong,5
g-shock-gw-b5600sgm-1dr-nam,G-SHOCK 5600 42.8 mm Nam GW-B5600SGM-1DR,Trường Giang,5
nakzen-sl8332lbk-3-nu,NAKZEN 34 mm Nữ SL8332LBK-3,Chị Phượng,4
nakzen-sl8255lbe-2-nu,NAKZEN 34 mm Nữ SL8255LBE-2,Hương,5
nakzen-sl8255lbe-2-nu,NAKZEN 34 mm Nữ SL8255LBE-2,Nguyen Thi Kim Oanh,5
nakzen-sl8255lbe-2-nu,NAKZEN 34 mm Nữ SL8255LBE-2,Duyên Nguyễn,5
nakzen-sl8255lbe-2-nu,NAKZEN 34 mm Nữ SL8255LBE-2,Chị Linh,5
nakzen-sl8255lbe-2-nu,NAKZEN 34 mm Nữ SL8255LBE-2,Hồ Như Ý,5
nakzen-sl8255lbe-2-nu,NAKZEN 34 mm Nữ SL8255LBE-2,Trần Tiểu Phụng,4
nakzen-sl8255lbe-2-nu,NAKZEN 34 mm Nữ SL8255LBE-2,Nguyễn Ngọc Thảo,4
nakzen-sl8255lbe-2-nu,NAKZEN 34 mm Nữ SL8255LBE-2,Lê Thị Thanh Ngọc,4
candino-c4363-2-nam,CANDINO 36 mm Nam C4363/2,Nguyễn Văn Hiếu,5
elio-el117-01-nu,ELIO 30 mm Nữ EL117-01,NGUYỄN THỊ HUYỀN,5
elio-el117-01-nu,ELIO 30 mm Nữ EL117-01,Liên,3
elio-el117-01-nu,ELIO 30 mm Nữ EL117-01,Trần Thị Quyền,4
elio-el117-01-nu,ELIO 30 mm Nữ EL117-01,Nguyễn Thị Bích Tuyền,5
elio-el117-01-nu,ELIO 30 mm Nữ EL117-01,NGUYỄN THỊ NHUNG,5
citizen-bm7521-85e-nam,CITIZEN 39 mm Nam BM7521-85E,Phi Lân,5
citizen-bm7521-85e-nam,CITIZEN 39 mm Nam BM7521-85E,Nguyễn Ngọc Khoa,5
citizen-ca7060-88l-nam,CITIZEN 42 mm Nam CA7060-88L,Trần Xuân Nghĩa,1
citizen-em0990-81l-nu,CITIZEN L 28 mm Nữ EM0990-81L,Hồ Thị Thu Hà,5
citizen-em0990-81l-nu,CITIZEN L 28 mm Nữ EM0990-81L,Trần Ngọc Sang,5
citizen-em0990-81l-nu,CITIZEN L 28 mm Nữ EM0990-81L,Bành Dũ Hạnh,4
citizen-nj0080-50e-nam,CITIZEN Mechanical 42 mm Nam NJ0080-50E,Lương Minh Tâm,1
citizen-nj0080-50e-nam,CITIZEN Mechanical 42 mm Nam NJ0080-50E,Chị Thanh,5
citizen-nj0080-50e-nam,CITIZEN Mechanical 42 mm Nam NJ0080-50E,Nguyễn Thành Niệm,5
citizen-nj0155-87e-nam,CITIZEN Tsuyosa 40 mm Nam NJ0155-87E,Vương,4
citizen-nj0155-87e-nam,CITIZEN Tsuyosa 40 mm Nam NJ0155-87E,TRINH MINH NHUT,1
citizen-nk0001-84a-nam,CITIZEN Kuroshio 64 41 mm Nam NK0001-84A,Nguyễn Thành Luân,3
citizen-nk0001-84e-nam,CITIZEN Kuroshio 64 41 mm Nam NK0001-84E,Minh,4
citizen-nk0001-84e-nam,CITIZEN Kuroshio 64 41 mm Nam NK0001-84E,Nguyễn Thị Hồng Vấn,4
citizen-nk0001-84e-nam,CITIZEN Kuroshio 64 41 mm Nam NK0001-84E,Phạm Nhất Linh,5
citizen-nk0001-84e-nam,CITIZEN Kuroshio 64 41 mm Nam NK0001-84E,Anh Chương,5
nakzen-sl9324gbn-1nr-nam,NAKZEN 40 mm Nam SL9324GBN-1NR,Tường,4
nakzen-ss9290g-1-nam,NAKZEN 41 mm Nam SS9290G-1,Thanh Thùy,5
nakzen-ss9290g-1-nam,NAKZEN 41 mm Nam SS9290G-1,Tân,5
nakzen-ss9290gd-7-nam?utm_flashsale=1,NAKZEN Hoa & Gió 41 mm Nam SS9290GD-7,Hiếu,5
nakzen-ss9297g-7-nam,NAKZEN 42 mm Nam SS9297G-7,Nguyễn Đình Nam,5
nakzen-ss8259l-7nr-nu,NAKZEN Hoa & Gió 36 mm Nữ SS8259L-7NR,Vũ Thị Ngọc Bích,5
nakzen-ss8259l-7nr-nu,NAKZEN Hoa & Gió 36 mm Nữ SS8259L-7NR,Mai Trà,5
elio-ec014-01-nam?utm_flashsale=1,ELIO 42 mm Nam EC014-01,Trường,5
elio-ec014-01-nam?utm_flashsale=1,ELIO 42 mm Nam EC014-01,Phạm Thị Huỳnh Nhi,5
elio-ec014-01-nam?utm_flashsale=1,ELIO 42 mm Nam EC014-01,Lê Thị Kim Cương,5
elio-ec014-01-nam?utm_flashsale=1,ELIO 42 mm Nam EC014-01,Anh Toàn,4
elio-ec014-01-nam?utm_flashsale=1,ELIO 42 mm Nam EC014-01,Dương,3
elio-ec014-01-nam?utm_flashsale=1,ELIO 42 mm Nam EC014-01,Anh Đại,5
elio-es130-02-nu,ELIO 32 mm Nữ ES130-02,,5
elio-es130-02-nu,ELIO 32 mm Nữ ES130-02,Đinh Thị Thuý Hằng,4
elio-es130-02-nu,ELIO 32 mm Nữ ES130-02,Nguyễn Tấn Nghĩa,5
elio-es130-02-nu,ELIO 32 mm Nữ ES130-02,Hồ Thị Tâm,4
elio-es130-02-nu,ELIO 32 mm Nữ ES130-02,Tài,5
elio-es130-02-nu,ELIO 32 mm Nữ ES130-02,Thảo,5
elio-ec018-02-nu,ELIO 32 mm Nữ EC018-02,Nguyễn Văn Công,1
elio-es143-02-nu?utm_flashsale=1,ELIO Nàng Thơ 30 mm Nữ ES143-02,Chú Đông,4
elio-es143-02-nu?utm_flashsale=1,ELIO Nàng Thơ 30 mm Nữ ES143-02,PHÉP,4
q-q-c09a-013py-nu,Q&Q 30 mm Nữ C09A-013PY,Anh Nguyên,3
q-q-c09a-013py-nu,Q&Q 30 mm Nữ C09A-013PY,VI THỊ TIÊN,4
q-q-c09a-013py-nu,Q&Q 30 mm Nữ C09A-013PY,CHỊ NGÂN,4
q-q-c09a-013py-nu,Q&Q 30 mm Nữ C09A-013PY,A Phúc,4
q-q-c09a-013py-nu,Q&Q 30 mm Nữ C09A-013PY,Truongtheson,5
q-q-q56a-003py-nu?utm_flashsale=1,Q&Q 32 mm Nữ Q56A-003PY,NGUYỄN THỊ HỒNG THẮM,4
q-q-q56a-003py-nu?utm_flashsale=1,Q&Q 32 mm Nữ Q56A-003PY,Mỹ Hạnh,5
q-q-q56a-003py-nu?utm_flashsale=1,Q&Q 32 mm Nữ Q56A-003PY,Trương Thị Hồng Nhiệm,5
q-q-v06a-007vy-nu,Q&Q 34 mm Nữ V06A-007VY,Lê Minh Nhớ,5
q-q-v06a-007vy-nu,Q&Q 34 mm Nữ V06A-007VY,Huỳnh,4
q-q-v06a-007vy-nu,Q&Q 34 mm Nữ V06A-007VY,Thắng,5
q-q-v06a-007vy-nu,Q&Q 34 mm Nữ V06A-007VY,Dinh,5
q-q-v06a-007vy-nu,Q&Q 34 mm Nữ V06A-007VY,Phạm Thanh Quân,5
q-q-v06a-009vy-nu,Q&Q 34 mm Nữ V06A-009VY,QUÁCH KIM A NHÍ,5
q-q-v06a-009vy-nu,Q&Q 34 mm Nữ V06A-009VY,Trần Văn Tâm,5
q-q-v06a-009vy-nu,Q&Q 34 mm Nữ V06A-009VY,Mai Thanh Hoàng,5
q-q-v06a-009vy-nu,Q&Q 34 mm Nữ V06A-009VY,Tú,5
eyki-eys010-01-nu,EYKI 36 mm Nữ EYS010-01,Chị Phụng,5
eyki-eys010-01-nu,EYKI 36 mm Nữ EYS010-01,HOÀNG XUÂN THANH,4
eyki-eys010-01-nu,EYKI 36 mm Nữ EYS010-01,Phan Thị Mỹ Hương,5
eyki-eys010-01-nu,EYKI 36 mm Nữ EYS010-01,Tâm,5
eyki-eys010-02-nu,EYKI 36 mm Nữ EYS010-02,Phượng,4
eyki-eys010-02-nu,EYKI 36 mm Nữ EYS010-02,Trần Thanh Phong,4
eyki-eys010-02-nu,EYKI 36 mm Nữ EYS010-02,Dung,5
eyki-eys010-02-nu,EYKI 36 mm Nữ EYS010-02,Ánh Dương,3
eyki-eys010-02-nu,EYKI 36 mm Nữ EYS010-02,Nguyễn Thị Minh Thanh,5
eyki-eyl014-01-nu?utm_flashsale=1,EYKI 32 mm Nữ EYL014-01,Nguyễn Thị Thanh Loan,4
eyki-eyl014-01-nu?utm_flashsale=1,EYKI 32 mm Nữ EYL014-01,Linh,4
eyki-eyl014-01-nu?utm_flashsale=1,EYKI 32 mm Nữ EYL014-01,Linh,5
eyki-eyl014-02-nu?utm_flashsale=1,EYKI 32 mm Nữ EYL014-02,Duyên,5
eyki-eyl014-02-nu?utm_flashsale=1,EYKI 32 mm Nữ EYL014-02,Chị Phượng,4
citizen-fe1184-56b-nu,CITIZEN 29.2 mm Nữ FE1184-56B,Lê Anh Tuấn,5
citizen-fe1184-56b-nu,CITIZEN 29.2 mm Nữ FE1184-56B,Chú Thuận,5
citizen-em0910-80n-nu,CITIZEN Mother Earth 30 mm Nữ EM0910-80N,Huỳnh Ngọc Tường,3
citizen-bm7600-81a-nam,CITIZEN 41 mm Nam BM7600-81A,Kim Lương Vương,5
citizen-at8113-12h-nam,CITIZEN 42.7 mm Nam AT8113-12H,Anh Tuấn,5
citizen-at8113-12h-nam,CITIZEN 42.7 mm Nam AT8113-12H,Anh Trình,5
elio-el143-01-nu?utm_flashsale=1,ELIO Set quà 32 mm Nữ EL143-01,Vì Thuỷ Tiên,4
festina-f20582-2-nu?utm_flashsale=1,FESTINA 34 mm Nữ F20582/2,Trần Xuân Đạt,2
festina-f20358-2-nam,FESTINA 41 mm Nam F20358/2,Tạ Đình Thuỷ,5
