id_product,name_product,username,rating
asus-vivobook-go-15-e1504fa-r5-nj776w,Asus Vivobook Go 15 E1504FA R5 7520U (NJ776W),Thắng,5
asus-vivobook-go-15-e1504fa-r5-nj776w,Asus Vivobook Go 15 E1504FA R5 7520U (NJ776W),Hùng,2
asus-vivobook-go-15-e1504fa-r5-nj776w,Asus Vivobook Go 15 E1504FA R5 7520U (NJ776W),Nga,4
asus-vivobook-go-15-e1504fa-r5-nj776w,Asus Vivobook Go 15 E1504FA R5 7520U (NJ776W),Nguyễn Quỳnh Chi,2
asus-vivobook-go-15-e1504fa-r5-nj776w,Asus Vivobook Go 15 E1504FA R5 7520U (NJ776W),Thế Đại,5
asus-vivobook-go-15-e1504fa-r5-nj776w,Asus Vivobook Go 15 E1504FA R5 7520U (NJ776W),Tài,4
asus-vivobook-go-15-e1504fa-r5-nj776w,Asus Vivobook Go 15 E1504FA R5 7520U (NJ776W),Trần Nguyên,5
asus-vivobook-go-15-e1504fa-r5-nj776w,Asus Vivobook Go 15 E1504FA R5 7520U (NJ776W),Giang,4
asus-vivobook-go-15-e1504fa-r5-nj776w,Asus Vivobook Go 15 E1504FA R5 7520U (NJ776W),Tạ Văn Hải,2
asus-vivobook-go-15-e1504fa-r5-nj776w,Asus Vivobook Go 15 E1504FA R5 7520U (NJ776W),P.H.A,1
asus-vivobook-go-15-e1504fa-r5-nj776w,Asus Vivobook Go 15 E1504FA R5 7520U (NJ776W),Lê Thị Hồng Ngọc,4
asus-vivobook-go-15-e1504fa-r5-nj776w,Asus Vivobook Go 15 E1504FA R5 7520U (NJ776W),Long,5
asus-vivobook-go-15-e1504fa-r5-nj776w,Asus Vivobook Go 15 E1504FA R5 7520U (NJ776W),TRẦN TIẾU HẰNG,5
asus-vivobook-go-15-e1504fa-r5-nj776w,Asus Vivobook Go 15 E1504FA R5 7520U (NJ776W),Trường,1
asus-vivobook-go-15-e1504fa-r5-nj776w,Asus Vivobook Go 15 E1504FA R5 7520U (NJ776W),Chị Hà,4
asus-vivobook-go-15-e1504fa-r5-nj776w,Asus Vivobook Go 15 E1504FA R5 7520U (NJ776W),Không Giới Thiệu,1
asus-vivobook-go-15-e1504fa-r5-nj776w,Asus Vivobook Go 15 E1504FA R5 7520U (NJ776W),Nguyễn Thị Hương,3
asus-vivobook-go-15-e1504fa-r5-nj776w,Asus Vivobook Go 15 E1504FA R5 7520U (NJ776W),Chị Như,3
asus-vivobook-go-15-e1504fa-r5-nj776w,Asus Vivobook Go 15 E1504FA R5 7520U (NJ776W),Nguyễn Thừa Chí,5
asus-vivobook-go-15-e1504fa-r5-nj776w,Asus Vivobook Go 15 E1504FA R5 7520U (NJ776W),Anh,5
asus-vivobook-go-15-e1504fa-r5-nj776w,Asus Vivobook Go 15 E1504FA R5 7520U (NJ776W),Tạ Trung Nhật,3
asus-vivobook-go-15-e1504fa-r5-nj776w,Asus Vivobook Go 15 E1504FA R5 7520U (NJ776W),Nguyễn Thị Bích Hà,4
asus-vivobook-go-15-e1504fa-r5-nj776w,Asus Vivobook Go 15 E1504FA R5 7520U (NJ776W),Phan Văn Lâm,5
asus-vivobook-go-15-e1504fa-r5-nj776w,Asus Vivobook Go 15 E1504FA R5 7520U (NJ776W),Hoàng Xuân Tùng,5
asus-vivobook-go-15-e1504fa-r5-nj776w,Asus Vivobook Go 15 E1504FA R5 7520U (NJ776W),LÊ TUẤN SƠN,5
asus-vivobook-go-15-e1504fa-r5-nj776w,Asus Vivobook Go 15 E1504FA R5 7520U (NJ776W),Lê Nguyễn Nhật Phin,3
asus-vivobook-go-15-e1504fa-r5-nj776w,Asus Vivobook Go 15 E1504FA R5 7520U (NJ776W),A Tuân,4
asus-vivobook-go-15-e1504fa-r5-nj776w,Asus Vivobook Go 15 E1504FA R5 7520U (NJ776W),Anh Cường,3
asus-vivobook-go-15-e1504fa-r5-nj776w,Asus Vivobook Go 15 E1504FA R5 7520U (NJ776W),Huy,5
asus-vivobook-go-15-e1504fa-r5-nj776w,Asus Vivobook Go 15 E1504FA R5 7520U (NJ776W),Mẫn,5
asus-vivobook-go-15-e1504fa-r5-nj776w,Asus Vivobook Go 15 E1504FA R5 7520U (NJ776W),NGUYEN THI THANH BACH,1
asus-vivobook-go-15-e1504fa-r5-nj776w,Asus Vivobook Go 15 E1504FA R5 7520U (NJ776W),Đỗ Thị Hòa Bình,4
asus-vivobook-go-15-e1504fa-r5-nj776w,Asus Vivobook Go 15 E1504FA R5 7520U (NJ776W),Trương Trần Thu Trang,5
asus-vivobook-go-15-e1504fa-r5-nj776w,Asus Vivobook Go 15 E1504FA R5 7520U (NJ776W),Thi,3
asus-vivobook-go-15-e1504fa-r5-nj776w,Asus Vivobook Go 15 E1504FA R5 7520U (NJ776W),Đinh Thị Thời,4
asus-vivobook-go-15-e1504fa-r5-nj776w,Asus Vivobook Go 15 E1504FA R5 7520U (NJ776W),Nguyễn Duy Tân,5
asus-vivobook-go-15-e1504fa-r5-nj776w,Asus Vivobook Go 15 E1504FA R5 7520U (NJ776W),Pham Thi Phuong Anh,5
asus-vivobook-go-15-e1504fa-r5-nj776w,Asus Vivobook Go 15 E1504FA R5 7520U (NJ776W),PHAN QUOC DUNG,4
asus-vivobook-go-15-e1504fa-r5-nj776w,Asus Vivobook Go 15 E1504FA R5 7520U (NJ776W),Lê Trung Thành,4
asus-vivobook-go-15-e1504fa-r5-nj776w,Asus Vivobook Go 15 E1504FA R5 7520U (NJ776W),Võ Thành Vinh,5
asus-vivobook-go-15-e1504fa-r5-nj776w,Asus Vivobook Go 15 E1504FA R5 7520U (NJ776W),Bảo Đạt,5
asus-vivobook-go-15-e1504fa-r5-nj776w,Asus Vivobook Go 15 E1504FA R5 7520U (NJ776W),Phương Thảo,4
asus-vivobook-go-15-e1504fa-r5-nj776w,Asus Vivobook Go 15 E1504FA R5 7520U (NJ776W),Bùi Quốc Hưng,5
asus-vivobook-go-15-e1504fa-r5-nj776w,Asus Vivobook Go 15 E1504FA R5 7520U (NJ776W),Khương,5
hp-15-fd0234tu-i5-9q969pa,HP 15 fd0234TU i5 1334U (9Q969PA),Trang,3
hp-15-fd0234tu-i5-9q969pa,HP 15 fd0234TU i5 1334U (9Q969PA),TRẦN VĂN DŨNG,4
hp-15-fd0234tu-i5-9q969pa,HP 15 fd0234TU i5 1334U (9Q969PA),Nhi,4
hp-15-fd0234tu-i5-9q969pa,HP 15 fd0234TU i5 1334U (9Q969PA),Thanh,4
hp-15-fd0234tu-i5-9q969pa,HP 15 fd0234TU i5 1334U (9Q969PA),Lương Ba Trieu,4
dell-inspiron-15-3520-i5-n5i5057w1,Dell Inspiron 15 3520 i5 1235U (N5I5057W1),Kim Anh,4
dell-inspiron-15-3520-i5-n5i5057w1,Dell Inspiron 15 3520 i5 1235U (N5I5057W1),Hoàng,4
dell-inspiron-15-3520-i5-n5i5057w1,Dell Inspiron 15 3520 i5 1235U (N5I5057W1),Nguyễn Trong Tấn,3
dell-inspiron-15-3520-i5-n5i5057w1,Dell Inspiron 15 3520 i5 1235U (N5I5057W1),Thu,4
dell-inspiron-15-3520-i5-n5i5057w1,Dell Inspiron 15 3520 i5 1235U (N5I5057W1),Khánh Vy,2
dell-inspiron-15-3520-i5-n5i5057w1,Dell Inspiron 15 3520 i5 1235U (N5I5057W1),Nguyễn Phước Sang,5
lenovo-ideapad-slim-3-15irh10-i5-83k1000hvn,Lenovo IdeaPad Slim 3 15IRH10 i5 13420H (83K1000HVN),Trần Quốc Thanh,5
lenovo-ideapad-slim-3-15irh10-i5-83k1000hvn,Lenovo IdeaPad Slim 3 15IRH10 i5 13420H (83K1000HVN),La Quốc Minh,4
macbook-air-13-inch-m4-16gb-256gb,MacBook Air 13 inch M4 16GB/256GB,Triet,3
macbook-air-13-inch-m4-16gb-256gb,MacBook Air 13 inch M4 16GB/256GB,Minh Long,3
hp-15-fc0085au-r5-a6vv8pa,HP 15 fc0085AU R5 7430U (A6VV8PA),Trần Nguyễn Khánh Đăng,4
hp-15-fc0085au-r5-a6vv8pa,HP 15 fc0085AU R5 7430U (A6VV8PA),Nguyễn Thị Mỹ Hậu,5
hp-15-fc0085au-r5-a6vv8pa,HP 15 fc0085AU R5 7430U (A6VV8PA),Bảo,4
hp-15-fc0085au-r5-a6vv8pa,HP 15 fc0085AU R5 7430U (A6VV8PA),Nguyễn Viết Hoàng Anh,2
lenovo-ideapad-slim-3-15amn8-r5-82xq00j0vn,Lenovo Ideapad Slim 3 15AMN8 R5 7520U (82XQ00J0VN),Nguyễn Thái Đức,1
lenovo-ideapad-slim-3-15amn8-r5-82xq00j0vn,Lenovo Ideapad Slim 3 15AMN8 R5 7520U (82XQ00J0VN),Quang,2
lenovo-ideapad-slim-3-15amn8-r5-82xq00j0vn,Lenovo Ideapad Slim 3 15AMN8 R5 7520U (82XQ00J0VN),Thanh,1
lenovo-ideapad-slim-3-15amn8-r5-82xq00j0vn,Lenovo Ideapad Slim 3 15AMN8 R5 7520U (82XQ00J0VN),Bùi Thị Tâm,1
lenovo-ideapad-slim-3-15amn8-r5-82xq00j0vn,Lenovo Ideapad Slim 3 15AMN8 R5 7520U (82XQ00J0VN),Linh,1
lenovo-ideapad-slim-3-15amn8-r5-82xq00j0vn,Lenovo Ideapad Slim 3 15AMN8 R5 7520U (82XQ00J0VN),Phạm Quang Huy,4
msi-thin-15-b12ucx-i5-2046vn,MSI Gaming Thin 15 B12UCX i5 12450H (2046VN),Vương Long,5
msi-thin-15-b12ucx-i5-2046vn,MSI Gaming Thin 15 B12UCX i5 12450H (2046VN),Bích Cóc,5
msi-thin-15-b12ucx-i5-2046vn,MSI Gaming Thin 15 B12UCX i5 12450H (2046VN),Trình,5
msi-thin-15-b12ucx-i5-2046vn,MSI Gaming Thin 15 B12UCX i5 12450H (2046VN),Nguyễn Phú Văn Anh,5
msi-thin-15-b12ucx-i5-2046vn,MSI Gaming Thin 15 B12UCX i5 12450H (2046VN),Pham Tuan,5
hp-15-fd0303tu-i3-a2nl4pa,HP 15 fd0303TU i3 1315U (A2NL4PA),Đức Thắng Nguyễn,5
hp-15-fd0303tu-i3-a2nl4pa,HP 15 fd0303TU i3 1315U (A2NL4PA),Trần Liệt,5
hp-15-fd0303tu-i3-a2nl4pa,HP 15 fd0303TU i3 1315U (A2NL4PA),TRƯƠNG VĂN PHƯƠNG,5
hp-15-fd0303tu-i3-a2nl4pa,HP 15 fd0303TU i3 1315U (A2NL4PA),P T,5
dell-inspiron-15-3520-i5-25p231,Dell Inspiron 15 3520 i5 1235U (25P2312),Thảo Tiên,1
dell-inspiron-15-3520-i5-25p231,Dell Inspiron 15 3520 i5 1235U (25P2312),Lê Thanh Sang,5
dell-inspiron-15-3520-i5-25p231,Dell Inspiron 15 3520 i5 1235U (25P2312),Nguyễn Khánh Linh,2
dell-inspiron-15-3520-i5-25p231,Dell Inspiron 15 3520 i5 1235U (25P2312),Nguyễn Thị Thuý,1
dell-inspiron-15-3520-i5-25p231,Dell Inspiron 15 3520 i5 1235U (25P2312),Nam,5
dell-inspiron-15-3520-i5-25p231,Dell Inspiron 15 3520 i5 1235U (25P2312),Trung,2
dell-inspiron-15-3520-i5-25p231,Dell Inspiron 15 3520 i5 1235U (25P2312),Huệ Nguyễn,1
dell-inspiron-15-3520-i5-25p231,Dell Inspiron 15 3520 i5 1235U (25P2312),Trần Trang,3
dell-inspiron-15-3520-i5-25p231,Dell Inspiron 15 3520 i5 1235U (25P2312),Anh Trung,4
dell-inspiron-15-3520-i5-25p231,Dell Inspiron 15 3520 i5 1235U (25P2312),Anh Minh Tâm,3
dell-inspiron-15-3520-i5-25p231,Dell Inspiron 15 3520 i5 1235U (25P2312),CÔNG TY TNHH MỘT THÀNH VIÊN PHONG MẬU,4
dell-inspiron-15-3520-i5-25p231,Dell Inspiron 15 3520 i5 1235U (25P2312),Chị Huấn,5
dell-inspiron-15-3520-i5-25p231,Dell Inspiron 15 3520 i5 1235U (25P2312),Võ Trần Chí,3
dell-inspiron-15-3520-i5-25p231,Dell Inspiron 15 3520 i5 1235U (25P2312),Quách Thị Phượng,4
dell-inspiron-15-3520-i5-25p231,Dell Inspiron 15 3520 i5 1235U (25P2312),Vũ Đình Chất,3
dell-inspiron-15-3520-i5-25p231,Dell Inspiron 15 3520 i5 1235U (25P2312),Tuấn,5
dell-inspiron-15-3520-i5-25p231,Dell Inspiron 15 3520 i5 1235U (25P2312),Thu Hương,5
dell-inspiron-15-3520-i5-25p231,Dell Inspiron 15 3520 i5 1235U (25P2312),Huỳnh Dũng,4
dell-inspiron-15-3520-i5-25p231,Dell Inspiron 15 3520 i5 1235U (25P2312),Nguyễn Đình Thi,5
dell-inspiron-15-3520-i5-25p231,Dell Inspiron 15 3520 i5 1235U (25P2312),Lê Văn Tùng,5
dell-inspiron-15-3520-i5-25p231,Dell Inspiron 15 3520 i5 1235U (25P2312),Nguyễn Thị Mến,4
dell-inspiron-15-3520-i5-25p231,Dell Inspiron 15 3520 i5 1235U (25P2312),Vũ Đức Hoàng,4
asus-vivobook-16-x1605va-i5-mb360w,Asus Vivobook 16 X1605VA i5 1335U (MB360W),Whitely,4
asus-vivobook-16-x1605va-i5-mb360w,Asus Vivobook 16 X1605VA i5 1335U (MB360W),Trần Thị Tường Vy,3
asus-vivobook-16-x1605va-i5-mb360w,Asus Vivobook 16 X1605VA i5 1335U (MB360W),Vinh,4
asus-vivobook-16-x1605va-i5-mb360w,Asus Vivobook 16 X1605VA i5 1335U (MB360W),Nguyễn Thị Hồng Biên,4
asus-vivobook-16-x1605va-i5-mb360w,Asus Vivobook 16 X1605VA i5 1335U (MB360W),NGUYỄN VĂN TRÚC,1
asus-vivobook-16-x1605va-i5-mb360w,Asus Vivobook 16 X1605VA i5 1335U (MB360W),Lê Dũng,4
asus-vivobook-16-x1605va-i5-mb360w,Asus Vivobook 16 X1605VA i5 1335U (MB360W),Nguyễn Văn Tuấn,5
asus-vivobook-16-x1605va-i5-mb360w,Asus Vivobook 16 X1605VA i5 1335U (MB360W),Ngọc Hân,5
asus-vivobook-16-x1605va-i5-mb360w,Asus Vivobook 16 X1605VA i5 1335U (MB360W),E Tuấn,4
asus-vivobook-16-x1605va-i5-mb360w,Asus Vivobook 16 X1605VA i5 1335U (MB360W),Bui Nhu Tram,5
asus-vivobook-16-x1605va-i5-mb360w,Asus Vivobook 16 X1605VA i5 1335U (MB360W),Nguyễn Thị Thu Hồng Ngọc,5
asus-vivobook-16-x1605va-i5-mb360w,Asus Vivobook 16 X1605VA i5 1335U (MB360W),Phan Bảo Nguyên,5
asus-vivobook-16-x1605va-i5-mb360w,Asus Vivobook 16 X1605VA i5 1335U (MB360W),Em Linh,5
asus-vivobook-16-x1605va-i5-mb360w,Asus Vivobook 16 X1605VA i5 1335U (MB360W),Cao Linh,5
asus-vivobook-16-x1605va-i5-mb360w,Asus Vivobook 16 X1605VA i5 1335U (MB360W),WANG YIN NING,5
asus-vivobook-16-x1605va-i5-mb360w,Asus Vivobook 16 X1605VA i5 1335U (MB360W),Ngọc,5
asus-vivobook-16-x1605va-i5-mb360w,Asus Vivobook 16 X1605VA i5 1335U (MB360W),Anh Hiep,5
asus-vivobook-16-x1605va-i5-mb360w,Asus Vivobook 16 X1605VA i5 1335U (MB360W),Mr.Hieu,3
asus-vivobook-16-x1605va-i5-mb360w,Asus Vivobook 16 X1605VA i5 1335U (MB360W),Phan Văn Hải,4
apple-macbook-air-2020-mgn63saa,MacBook Air 13 inch M1 8GB/256GB,Minh Tien,5
apple-macbook-air-2020-mgn63saa,MacBook Air 13 inch M1 8GB/256GB,Thang Giang,4
apple-macbook-air-2020-mgn63saa,MacBook Air 13 inch M1 8GB/256GB,Đinh Văn Vương,1
apple-macbook-air-2020-mgn63saa,MacBook Air 13 inch M1 8GB/256GB,NGUYỄN NGỌC THÚY ANH,5
apple-macbook-air-2020-mgn63saa,MacBook Air 13 inch M1 8GB/256GB,Bằng,5
apple-macbook-air-2020-mgn63saa,MacBook Air 13 inch M1 8GB/256GB,Chị Hạnh,5
apple-macbook-air-2020-mgn63saa,MacBook Air 13 inch M1 8GB/256GB,Nguyễn Gia Bảo,5
apple-macbook-air-2020-mgn63saa,MacBook Air 13 inch M1 8GB/256GB,Nguyễn Văn Đoàn,5
apple-macbook-air-2020-mgn63saa,MacBook Air 13 inch M1 8GB/256GB,Phạm Minh Tân,5
apple-macbook-air-2020-mgn63saa,MacBook Air 13 inch M1 8GB/256GB,Tâm Đan,1
apple-macbook-air-2020-mgn63saa,MacBook Air 13 inch M1 8GB/256GB,Bảo Gà,4
apple-macbook-air-2020-mgn63saa,MacBook Air 13 inch M1 8GB/256GB,Anh Mẫn,5
apple-macbook-air-2020-mgn63saa,MacBook Air 13 inch M1 8GB/256GB,Trường An,5
apple-macbook-air-2020-mgn63saa,MacBook Air 13 inch M1 8GB/256GB,Nguyễn Hà,3
apple-macbook-air-2020-mgn63saa,MacBook Air 13 inch M1 8GB/256GB,Anh Minh,4
apple-macbook-air-2020-mgn63saa,MacBook Air 13 inch M1 8GB/256GB,Yến,4
apple-macbook-air-2020-mgn63saa,MacBook Air 13 inch M1 8GB/256GB,Dung,4
apple-macbook-air-2020-mgn63saa,MacBook Air 13 inch M1 8GB/256GB,Đỗ Thủy,5
apple-macbook-air-2020-mgn63saa,MacBook Air 13 inch M1 8GB/256GB,Vũ Văn Thành,3
apple-macbook-air-2020-mgn63saa,MacBook Air 13 inch M1 8GB/256GB,Lê Nguyên Bảo,5
apple-macbook-air-2020-mgn63saa,MacBook Air 13 inch M1 8GB/256GB,Lê Ngọc Thanh Tâm,5
apple-macbook-air-2020-mgn63saa,MacBook Air 13 inch M1 8GB/256GB,Thanh Tiền,5
apple-macbook-air-2020-mgn63saa,MacBook Air 13 inch M1 8GB/256GB,Nguyễn Sỹ Tiến,5
apple-macbook-air-2020-mgn63saa,MacBook Air 13 inch M1 8GB/256GB,Thanh,4
apple-macbook-air-2020-mgn63saa,MacBook Air 13 inch M1 8GB/256GB,Lê Văn Đoàn,5
apple-macbook-air-2020-mgn63saa,MacBook Air 13 inch M1 8GB/256GB,Đức,1
apple-macbook-air-2020-mgn63saa,MacBook Air 13 inch M1 8GB/256GB,Nguyễn Thế Tùng,5
apple-macbook-air-2020-mgn63saa,MacBook Air 13 inch M1 8GB/256GB,Lê Văn Tuấn,5
apple-macbook-air-2020-mgn63saa,MacBook Air 13 inch M1 8GB/256GB,Oành Năs,5
apple-macbook-air-2020-mgn63saa,MacBook Air 13 inch M1 8GB/256GB,Phạm Ngọc Hiếu,5
apple-macbook-air-2020-mgn63saa,MacBook Air 13 inch M1 8GB/256GB,Đức,5
apple-macbook-air-2020-mgn63saa,MacBook Air 13 inch M1 8GB/256GB,Duy Trường,5
apple-macbook-air-2020-mgn63saa,MacBook Air 13 inch M1 8GB/256GB,Hồ Hữu Lợi,5
apple-macbook-air-2020-mgn63saa,MacBook Air 13 inch M1 8GB/256GB,Châu Thanh Vĩnh,5
apple-macbook-air-2020-mgn63saa,MacBook Air 13 inch M1 8GB/256GB,Thành,5
apple-macbook-air-2020-mgn63saa,MacBook Air 13 inch M1 8GB/256GB,Huỳnh Thị Thu Mai,5
apple-macbook-air-2020-mgn63saa,MacBook Air 13 inch M1 8GB/256GB,Nguyễn Văn Như Thuần,1
apple-macbook-air-2020-mgn63saa,MacBook Air 13 inch M1 8GB/256GB,Tân,1
apple-macbook-air-2020-mgn63saa,MacBook Air 13 inch M1 8GB/256GB,Thoa,5
apple-macbook-air-2020-mgn63saa,MacBook Air 13 inch M1 8GB/256GB,NGUYỄN DANH TUÂN,1
apple-macbook-air-2020-mgn63saa,MacBook Air 13 inch M1 8GB/256GB,Quảng Trọng Khang,5
apple-macbook-air-2020-mgn63saa,MacBook Air 13 inch M1 8GB/256GB,Em Trang,4
apple-macbook-air-2020-mgn63saa,MacBook Air 13 inch M1 8GB/256GB,Ca,5
apple-macbook-air-2020-mgn63saa,MacBook Air 13 inch M1 8GB/256GB,Lâm,5
apple-macbook-air-2020-mgn63saa,MacBook Air 13 inch M1 8GB/256GB,Phạm Huy Hoàng,5
apple-macbook-air-2020-mgn63saa,MacBook Air 13 inch M1 8GB/256GB,Phạm Ngọc Sơn,5
apple-macbook-air-2020-mgn63saa,MacBook Air 13 inch M1 8GB/256GB,Anh Danh,5
apple-macbook-air-2020-mgn63saa,MacBook Air 13 inch M1 8GB/256GB,Nguyễn Thái Trung,5
apple-macbook-air-2020-mgn63saa,MacBook Air 13 inch M1 8GB/256GB,Chị Giang,5
apple-macbook-air-2020-mgn63saa,MacBook Air 13 inch M1 8GB/256GB,Vũ Quyền Linh,4
apple-macbook-air-2020-mgn63saa,MacBook Air 13 inch M1 8GB/256GB,Nguyễn Phương Hoàng,4
apple-macbook-air-2020-mgn63saa,MacBook Air 13 inch M1 8GB/256GB,Chị Huong,5
apple-macbook-air-2020-mgn63saa,MacBook Air 13 inch M1 8GB/256GB,Hồng Ân,5
apple-macbook-air-2020-mgn63saa,MacBook Air 13 inch M1 8GB/256GB,Chị Mai,4
apple-macbook-air-2020-mgn63saa,MacBook Air 13 inch M1 8GB/256GB,Chị Hương,5
apple-macbook-air-2020-mgn63saa,MacBook Air 13 inch M1 8GB/256GB,Vĩ,5
apple-macbook-air-2020-mgn63saa,MacBook Air 13 inch M1 8GB/256GB,Uyên,5
apple-macbook-air-2020-mgn63saa,MacBook Air 13 inch M1 8GB/256GB,Hùng,1
apple-macbook-air-2020-mgn63saa,MacBook Air 13 inch M1 8GB/256GB,Chị Duyên,5
apple-macbook-air-2020-mgn63saa,MacBook Air 13 inch M1 8GB/256GB,Toàn,4
apple-macbook-air-2020-mgn63saa,MacBook Air 13 inch M1 8GB/256GB,Chị Thủy,1
apple-macbook-air-2020-mgn63saa,MacBook Air 13 inch M1 8GB/256GB,Chị Dung,5
apple-macbook-air-2020-mgn63saa,MacBook Air 13 inch M1 8GB/256GB,Anh Thuyên,4
apple-macbook-air-2020-mgn63saa,MacBook Air 13 inch M1 8GB/256GB,Liên,5
apple-macbook-air-2020-mgn63saa,MacBook Air 13 inch M1 8GB/256GB,Chị Lành,4
apple-macbook-air-2020-mgn63saa,MacBook Air 13 inch M1 8GB/256GB,Em Kiệt,5
apple-macbook-air-2020-mgn63saa,MacBook Air 13 inch M1 8GB/256GB,Hà Dương Thức,5
apple-macbook-air-2020-mgn63saa,MacBook Air 13 inch M1 8GB/256GB,Tuan,4
apple-macbook-air-2020-mgn63saa,MacBook Air 13 inch M1 8GB/256GB,Anh Minh,2
apple-macbook-air-2020-mgn63saa,MacBook Air 13 inch M1 8GB/256GB,LÊ VĂN DUYÊN,5
apple-macbook-air-2020-mgn63saa,MacBook Air 13 inch M1 8GB/256GB,Ha Thị Ngọc Chi,5
apple-macbook-air-2020-mgn63saa,MacBook Air 13 inch M1 8GB/256GB,Lê Vinh,5
apple-macbook-air-2020-mgn63saa,MacBook Air 13 inch M1 8GB/256GB,Dương Thành Như,4
apple-macbook-air-2020-mgn63saa,MacBook Air 13 inch M1 8GB/256GB,Trung,5
apple-macbook-air-2020-mgn63saa,MacBook Air 13 inch M1 8GB/256GB,Việt Anh,5
apple-macbook-air-2020-mgn63saa,MacBook Air 13 inch M1 8GB/256GB,Lê Như Ý,5
apple-macbook-air-2020-mgn63saa,MacBook Air 13 inch M1 8GB/256GB,NGUYỄN HOÀNG TRÂM,4
apple-macbook-air-2020-mgn63saa,MacBook Air 13 inch M1 8GB/256GB,Đỗ Phong,5
apple-macbook-air-2020-mgn63saa,MacBook Air 13 inch M1 8GB/256GB,Thuận,5
apple-macbook-air-2020-mgn63saa,MacBook Air 13 inch M1 8GB/256GB,Bùi Viết Vũ,5
apple-macbook-air-2020-mgn63saa,MacBook Air 13 inch M1 8GB/256GB,Lê Quang Vinh,5
apple-macbook-air-2020-mgn63saa,MacBook Air 13 inch M1 8GB/256GB,Nguyễn Văn Bảy,4
apple-macbook-air-2020-mgn63saa,MacBook Air 13 inch M1 8GB/256GB,Anh Thuận,4
apple-macbook-air-2020-mgn63saa,MacBook Air 13 inch M1 8GB/256GB,Duyên,5
apple-macbook-air-2020-mgn63saa,MacBook Air 13 inch M1 8GB/256GB,Nghĩa,3
apple-macbook-air-2020-mgn63saa,MacBook Air 13 inch M1 8GB/256GB,Anh Đạt,4
apple-macbook-air-2020-mgn63saa,MacBook Air 13 inch M1 8GB/256GB,Anh Thuận,5
apple-macbook-air-2020-mgn63saa,MacBook Air 13 inch M1 8GB/256GB,Nguyễn Thanh Hải Thu,4
apple-macbook-air-2020-mgn63saa,MacBook Air 13 inch M1 8GB/256GB,Hồ Xuân Thịnh,5
apple-macbook-air-2020-mgn63saa,MacBook Air 13 inch M1 8GB/256GB,HỒ ĐỨC MINH,5
apple-macbook-air-2020-mgn63saa,MacBook Air 13 inch M1 8GB/256GB,Tran Quoc Dat,5
apple-macbook-air-2020-mgn63saa,MacBook Air 13 inch M1 8GB/256GB,Nguyễn Thị Hoài Thương,5
apple-macbook-air-2020-mgn63saa,MacBook Air 13 inch M1 8GB/256GB,Lý Văn Vịnh,5
apple-macbook-air-2020-mgn63saa,MacBook Air 13 inch M1 8GB/256GB,Chị Nga,4
apple-macbook-air-2020-mgn63saa,MacBook Air 13 inch M1 8GB/256GB,Phan Thị Hoài Nhi,4
apple-macbook-air-2020-mgn63saa,MacBook Air 13 inch M1 8GB/256GB,Xuân Quỳnh,5
apple-macbook-air-2020-mgn63saa,MacBook Air 13 inch M1 8GB/256GB,Nguyễn Đình Tùng,5
apple-macbook-air-2020-mgn63saa,MacBook Air 13 inch M1 8GB/256GB,Anh Quy,5
apple-macbook-air-2020-mgn63saa,MacBook Air 13 inch M1 8GB/256GB,Hương,5
apple-macbook-air-2020-mgn63saa,MacBook Air 13 inch M1 8GB/256GB,Anh Dương,5
apple-macbook-air-2020-mgn63saa,MacBook Air 13 inch M1 8GB/256GB,Linh,5
apple-macbook-air-2020-mgn63saa,MacBook Air 13 inch M1 8GB/256GB,Trí,5
apple-macbook-air-2020-mgn63saa,MacBook Air 13 inch M1 8GB/256GB,Trần Thị Ly,5
apple-macbook-air-2020-mgn63saa,MacBook Air 13 inch M1 8GB/256GB,Ngân,5
apple-macbook-air-2020-mgn63saa,MacBook Air 13 inch M1 8GB/256GB,Được,4
apple-macbook-air-2020-mgn63saa,MacBook Air 13 inch M1 8GB/256GB,Chị Phượng,5
apple-macbook-air-2020-mgn63saa,MacBook Air 13 inch M1 8GB/256GB,Nguyễn Trọng Tín,5
apple-macbook-air-2020-mgn63saa,MacBook Air 13 inch M1 8GB/256GB,Đo Thi Thu Hien,4
apple-macbook-air-2020-mgn63saa,MacBook Air 13 inch M1 8GB/256GB,Anh Dũng,5
apple-macbook-air-2020-mgn63saa,MacBook Air 13 inch M1 8GB/256GB,Anh Nguyễn Thanh Tùng,5
apple-macbook-air-2020-mgn63saa,MacBook Air 13 inch M1 8GB/256GB,Nguyễn Hải Dương,5
apple-macbook-air-2020-mgn63saa,MacBook Air 13 inch M1 8GB/256GB,Ngọc Trầm,5
apple-macbook-air-2020-mgn63saa,MacBook Air 13 inch M1 8GB/256GB,Chị Duy,5
apple-macbook-air-2020-mgn63saa,MacBook Air 13 inch M1 8GB/256GB,Anh Đức,5
apple-macbook-air-2020-mgn63saa,MacBook Air 13 inch M1 8GB/256GB,Chu Văn Ngọc,4
apple-macbook-air-2020-mgn63saa,MacBook Air 13 inch M1 8GB/256GB,Nguyễn Phương Tuyền,3
apple-macbook-air-2020-mgn63saa,MacBook Air 13 inch M1 8GB/256GB,Tiên,5
apple-macbook-air-2020-mgn63saa,MacBook Air 13 inch M1 8GB/256GB,Bạn Huyền,1
apple-macbook-air-2020-mgn63saa,MacBook Air 13 inch M1 8GB/256GB,Phạm Thanh Binh,3
apple-macbook-air-2020-mgn63saa,MacBook Air 13 inch M1 8GB/256GB,Hiệp,5
apple-macbook-air-2020-mgn63saa,MacBook Air 13 inch M1 8GB/256GB,Trương Tuấn Tú,5
apple-macbook-air-2020-mgn63saa,MacBook Air 13 inch M1 8GB/256GB,VO VAN TOAN,5
apple-macbook-air-2020-mgn63saa,MacBook Air 13 inch M1 8GB/256GB,Nhạ,5
apple-macbook-air-2020-mgn63saa,MacBook Air 13 inch M1 8GB/256GB,Nguyễn Thị Thảo,5
apple-macbook-air-2020-mgn63saa,MacBook Air 13 inch M1 8GB/256GB,Võ Duy Đạt,5
apple-macbook-air-2020-mgn63saa,MacBook Air 13 inch M1 8GB/256GB,Linh,5
apple-macbook-air-2020-mgn63saa,MacBook Air 13 inch M1 8GB/256GB,Chị Hà,5
apple-macbook-air-2020-mgn63saa,MacBook Air 13 inch M1 8GB/256GB,Nguyên,5
apple-macbook-air-2020-mgn63saa,MacBook Air 13 inch M1 8GB/256GB,Phùng Hữu Nghĩa,5
apple-macbook-air-2020-mgn63saa,MacBook Air 13 inch M1 8GB/256GB,Cẩm Tú,5
apple-macbook-air-2020-mgn63saa,MacBook Air 13 inch M1 8GB/256GB,Tố Quyên,4
apple-macbook-air-2020-mgn63saa,MacBook Air 13 inch M1 8GB/256GB,Anh Mạnh,5
apple-macbook-air-2020-mgn63saa,MacBook Air 13 inch M1 8GB/256GB,Linh,1
apple-macbook-air-2020-mgn63saa,MacBook Air 13 inch M1 8GB/256GB,Xuân Mai,5
apple-macbook-air-2020-mgn63saa,MacBook Air 13 inch M1 8GB/256GB,Dương Tứ Bình,5
apple-macbook-air-2020-mgn63saa,MacBook Air 13 inch M1 8GB/256GB,Lương Văn Thuần,5
apple-macbook-air-2020-mgn63saa,MacBook Air 13 inch M1 8GB/256GB,Anh Dự,5
apple-macbook-air-2020-mgn63saa,MacBook Air 13 inch M1 8GB/256GB,Long,5
apple-macbook-air-2020-mgn63saa,MacBook Air 13 inch M1 8GB/256GB,Trần Minh Trí,5
apple-macbook-air-2020-mgn63saa,MacBook Air 13 inch M1 8GB/256GB,Trần Quốc Nguyên,5
apple-macbook-air-2020-mgn63saa,MacBook Air 13 inch M1 8GB/256GB,Cao Vũ Vinh,5
apple-macbook-air-2020-mgn63saa,MacBook Air 13 inch M1 8GB/256GB,Huỳnh Vũ Kim Khương,5
apple-macbook-air-2020-mgn63saa,MacBook Air 13 inch M1 8GB/256GB,Phạm Thảo Vy,5
apple-macbook-air-2020-mgn63saa,MacBook Air 13 inch M1 8GB/256GB,Hà Thế Phụng,5
apple-macbook-air-2020-mgn63saa,MacBook Air 13 inch M1 8GB/256GB,Võ Minh Thiện Phúc,5
apple-macbook-air-2020-mgn63saa,MacBook Air 13 inch M1 8GB/256GB,Thảo,5
apple-macbook-air-2020-mgn63saa,MacBook Air 13 inch M1 8GB/256GB,Trần Hữu Anh,5
apple-macbook-air-2020-mgn63saa,MacBook Air 13 inch M1 8GB/256GB,Nguyễn Phúc Anh Khoa,5
apple-macbook-air-2020-mgn63saa,MacBook Air 13 inch M1 8GB/256GB,Trần Thế Hiển,4
apple-macbook-air-2020-mgn63saa,MacBook Air 13 inch M1 8GB/256GB,Hùng,3
apple-macbook-air-2020-mgn63saa,MacBook Air 13 inch M1 8GB/256GB,Minh,5
apple-macbook-air-2020-mgn63saa,MacBook Air 13 inch M1 8GB/256GB,Hoàng Khánh,2
apple-macbook-air-2020-mgn63saa,MacBook Air 13 inch M1 8GB/256GB,HUỲNH TRỌNG NHÂN,1
apple-macbook-air-2020-mgn63saa,MacBook Air 13 inch M1 8GB/256GB,Đặng Minh Hương,1
apple-macbook-air-2020-mgn63saa,MacBook Air 13 inch M1 8GB/256GB,Lê Minh Tiến,5
apple-macbook-air-2020-mgn63saa,MacBook Air 13 inch M1 8GB/256GB,Doan Thi Tien,4
apple-macbook-air-2020-mgn63saa,MacBook Air 13 inch M1 8GB/256GB,Trần Ninh,5
apple-macbook-air-2020-mgn63saa,MacBook Air 13 inch M1 8GB/256GB,Bùi Thị Huỳnh Nhi,5
apple-macbook-air-2020-mgn63saa,MacBook Air 13 inch M1 8GB/256GB,Bùi Hà Tiên,4
apple-macbook-air-2020-mgn63saa,MacBook Air 13 inch M1 8GB/256GB,Cát Tường,4
apple-macbook-air-2020-mgn63saa,MacBook Air 13 inch M1 8GB/256GB,Minh Lương,4
apple-macbook-air-2020-mgn63saa,MacBook Air 13 inch M1 8GB/256GB,Bạn Tâm,5
apple-macbook-air-2020-mgn63saa,MacBook Air 13 inch M1 8GB/256GB,Anh Nguyên,4
apple-macbook-air-2020-mgn63saa,MacBook Air 13 inch M1 8GB/256GB,Lê Thanh Liêm,5
apple-macbook-air-2020-mgn63saa,MacBook Air 13 inch M1 8GB/256GB,Hà,5
apple-macbook-air-2020-mgn63saa,MacBook Air 13 inch M1 8GB/256GB,Nguyễn Lưu Ngọc Tĩnh,5
apple-macbook-air-2020-mgn63saa,MacBook Air 13 inch M1 8GB/256GB,Vững,4
apple-macbook-air-2020-mgn63saa,MacBook Air 13 inch M1 8GB/256GB,Chị Dung,5
apple-macbook-air-2020-mgn63saa,MacBook Air 13 inch M1 8GB/256GB,Nguyễn Công Bằng,5
apple-macbook-air-2020-mgn63saa,MacBook Air 13 inch M1 8GB/256GB,Trần Văn Hiếu,5
apple-macbook-air-2020-mgn63saa,MacBook Air 13 inch M1 8GB/256GB,Cương,5
apple-macbook-air-2020-mgn63saa,MacBook Air 13 inch M1 8GB/256GB,Nga,4
apple-macbook-air-2020-mgn63saa,MacBook Air 13 inch M1 8GB/256GB,Chi Nhung,5
apple-macbook-air-2020-mgn63saa,MacBook Air 13 inch M1 8GB/256GB,Võ Thị Mỹ Thanh,5
apple-macbook-air-2020-mgn63saa,MacBook Air 13 inch M1 8GB/256GB,Em Phương,5
apple-macbook-air-2020-mgn63saa,MacBook Air 13 inch M1 8GB/256GB,Bảo Phương,5
apple-macbook-air-2020-mgn63saa,MacBook Air 13 inch M1 8GB/256GB,Trương Thị Thu Hiền,5
apple-macbook-air-2020-mgn63saa,MacBook Air 13 inch M1 8GB/256GB,Mỹ Hoàng,4
apple-macbook-air-2020-mgn63saa,MacBook Air 13 inch M1 8GB/256GB,Thức,4
apple-macbook-air-2020-mgn63saa,MacBook Air 13 inch M1 8GB/256GB,Chị Ngọc Dung,4
apple-macbook-air-2020-mgn63saa,MacBook Air 13 inch M1 8GB/256GB,Bảo Uyên,4
apple-macbook-air-2020-mgn63saa,MacBook Air 13 inch M1 8GB/256GB,Bùi Triều,5
apple-macbook-air-2020-mgn63saa,MacBook Air 13 inch M1 8GB/256GB,Dương,5
apple-macbook-air-2020-mgn63saa,MacBook Air 13 inch M1 8GB/256GB,Lê Văn Nhật,4
apple-macbook-air-2020-mgn63saa,MacBook Air 13 inch M1 8GB/256GB,Nguyen Hieu Trạng,5
apple-macbook-air-2020-mgn63saa,MacBook Air 13 inch M1 8GB/256GB,Anh Đặng Thái Bình,3
apple-macbook-air-2020-mgn63saa,MacBook Air 13 inch M1 8GB/256GB,Lâm Hoài Phương,5
apple-macbook-air-2020-mgn63saa,MacBook Air 13 inch M1 8GB/256GB,Trần Xuân Hoàn,3
apple-macbook-air-2020-mgn63saa,MacBook Air 13 inch M1 8GB/256GB,Nhung,4
apple-macbook-air-2020-mgn63saa,MacBook Air 13 inch M1 8GB/256GB,Tiên,4
apple-macbook-air-2020-mgn63saa,MacBook Air 13 inch M1 8GB/256GB,Nga,5
apple-macbook-air-2020-mgn63saa,MacBook Air 13 inch M1 8GB/256GB,DANG NGOC THIEU,5
apple-macbook-air-2020-mgn63saa,MacBook Air 13 inch M1 8GB/256GB,Luu Binh Tuan Tu,4
apple-macbook-air-2020-mgn63saa,MacBook Air 13 inch M1 8GB/256GB,Phan Ngọc Thọ,5
apple-macbook-air-2020-mgn63saa,MacBook Air 13 inch M1 8GB/256GB,Nguyễn Thành Thuận,5
apple-macbook-air-2020-mgn63saa,MacBook Air 13 inch M1 8GB/256GB,C Trang,5
apple-macbook-air-2020-mgn63saa,MacBook Air 13 inch M1 8GB/256GB,Chị Trang,5
apple-macbook-air-2020-mgn63saa,MacBook Air 13 inch M1 8GB/256GB,CHỊ LIÊN,5
apple-macbook-air-2020-mgn63saa,MacBook Air 13 inch M1 8GB/256GB,Trang,5
apple-macbook-air-2020-mgn63saa,MacBook Air 13 inch M1 8GB/256GB,Nhi,5
apple-macbook-air-2020-mgn63saa,MacBook Air 13 inch M1 8GB/256GB,Thu Hằng,4
apple-macbook-air-2020-mgn63saa,MacBook Air 13 inch M1 8GB/256GB,Phạm Đức Linh,5
apple-macbook-air-2020-mgn63saa,MacBook Air 13 inch M1 8GB/256GB,Huyền,3
apple-macbook-air-2020-mgn63saa,MacBook Air 13 inch M1 8GB/256GB,Khách Lẻ,5
apple-macbook-air-2020-mgn63saa,MacBook Air 13 inch M1 8GB/256GB,Phạm Thanh Binh,3
apple-macbook-air-2020-mgn63saa,MacBook Air 13 inch M1 8GB/256GB,Ngọc,5
apple-macbook-air-2020-mgn63saa,MacBook Air 13 inch M1 8GB/256GB,Nguyễn Thị Ý Muội,5
apple-macbook-air-2020-mgn63saa,MacBook Air 13 inch M1 8GB/256GB,Anh Sinh,5
apple-macbook-air-2020-mgn63saa,MacBook Air 13 inch M1 8GB/256GB,Trần Thanh Hùng,5
apple-macbook-air-2020-mgn63saa,MacBook Air 13 inch M1 8GB/256GB,Trương Ngọc Minh Châu,5
apple-macbook-air-2020-mgn63saa,MacBook Air 13 inch M1 8GB/256GB,Nguyễn Phước Tấn,5
apple-macbook-air-2020-mgn63saa,MacBook Air 13 inch M1 8GB/256GB,VŨ VĂN TUẤN,3
apple-macbook-air-2020-mgn63saa,MacBook Air 13 inch M1 8GB/256GB,Tuấn Vũ,5
apple-macbook-air-2020-mgn63saa,MacBook Air 13 inch M1 8GB/256GB,Anh Liên,4
apple-macbook-air-2020-mgn63saa,MacBook Air 13 inch M1 8GB/256GB,Van Tien Tho,5
apple-macbook-air-2020-mgn63saa,MacBook Air 13 inch M1 8GB/256GB,Phạm Anh Thắng,4
acer-aspire-3-a314-42p-r3b3-r7-nxksfsv001,Acer Aspire 3 A314 42P R3B3 R7 5700U (NX.KSFSV.001),Nguyễn Lan,1
acer-aspire-3-a314-42p-r3b3-r7-nxksfsv001,Acer Aspire 3 A314 42P R3B3 R7 5700U (NX.KSFSV.001),Pham Dung,1
acer-aspire-3-a314-42p-r3b3-r7-nxksfsv001,Acer Aspire 3 A314 42P R3B3 R7 5700U (NX.KSFSV.001),Lê Văn Đối,1
acer-aspire-3-a314-42p-r3b3-r7-nxksfsv001,Acer Aspire 3 A314 42P R3B3 R7 5700U (NX.KSFSV.001),Long Hoang,5
acer-aspire-3-a314-42p-r3b3-r7-nxksfsv001,Acer Aspire 3 A314 42P R3B3 R7 5700U (NX.KSFSV.001),Hải Đăng,3
acer-aspire-3-a314-42p-r3b3-r7-nxksfsv001,Acer Aspire 3 A314 42P R3B3 R7 5700U (NX.KSFSV.001),Nguyễn Huy Tuấn,4
acer-aspire-3-a314-42p-r3b3-r7-nxksfsv001,Acer Aspire 3 A314 42P R3B3 R7 5700U (NX.KSFSV.001),Bùi Tấn Đô,5
hp-245-g10-r5-a20tdpt,HP 245 G10 R5 7530U (A20TDPT),NGUYỄN THỊ THANH NHÀN,5
hp-245-g10-r5-a20tdpt,HP 245 G10 R5 7530U (A20TDPT),Bùi Tiên,3
lenovo-ideapad-slim-3-16irh10-i5-83k20003vn,Lenovo Ideapad Slim 3 16IRH10 i5 13420H (83K20003VN),Lê Nguyệt,5
dell-inspiron-15-3520-i7-n5i7125w1,Dell Inspiron 15 3520 i7 1255U (N5I7125W1),Hồng,1
acer-aspire-7-a715-76-53pj-i5-nhqgesv007,Acer Aspire 7 A715 76 53PJ i5 12450H (NH.QGESV.007),Văn Tiến,3
acer-aspire-7-a715-76-53pj-i5-nhqgesv007,Acer Aspire 7 A715 76 53PJ i5 12450H (NH.QGESV.007),Phạm Trung Anh,4
acer-aspire-7-a715-76-53pj-i5-nhqgesv007,Acer Aspire 7 A715 76 53PJ i5 12450H (NH.QGESV.007),Trần Vân,5
acer-aspire-7-a715-76-53pj-i5-nhqgesv007,Acer Aspire 7 A715 76 53PJ i5 12450H (NH.QGESV.007),Tr Đức,5
apple-macbook-air-m2-2022-16gb-256gb,MacBook Air 13 inch M2 16GB/256GB,Nguyễn Anh Hào,5
hp-pavilion-15-eg3093tu-i5-8c5l4pa,HP Pavilion 15 eg3093TU i5 1335U (8C5L4PA),Thu Huyền,1
lenovo-loq-15iax9e-i5-83lk000bvn,Lenovo Gaming LOQ Essential 15IAX9E i5 12450HX (83LK000BVN),Hoàng Quang Thức,4
msi-modern-15-b12mo-i5-625vn,MSI Modern 15 B12MO i5 1235U (625VN),Trần Minh Hiếu,5
msi-modern-15-b12mo-i5-625vn,MSI Modern 15 B12MO i5 1235U (625VN),Bùi Đức Tâm,3
msi-modern-15-b12mo-i5-625vn,MSI Modern 15 B12MO i5 1235U (625VN),Lê Thuyền,3
msi-modern-15-b12mo-i5-625vn,MSI Modern 15 B12MO i5 1235U (625VN),Đức Thịnh,4
msi-modern-15-b12mo-i5-625vn,MSI Modern 15 B12MO i5 1235U (625VN),Duyên,4
msi-modern-15-b12mo-i5-625vn,MSI Modern 15 B12MO i5 1235U (625VN),A Trung,4
msi-modern-15-b12mo-i5-625vn,MSI Modern 15 B12MO i5 1235U (625VN),Hoàng Tiến Dũng,5
hp-240-g9-i3-ag2j5at,HP 240 G9 i3 1215U (AG2J5AT),Phạm Thu Hảo,5
asus-asus-vivobook-15-oled-a1505za-i5-ma415w,Asus Vivobook 15 OLED A1505ZA i5 12500H (MA415W),Thanh Thương,3
asus-asus-vivobook-15-oled-a1505za-i5-ma415w,Asus Vivobook 15 OLED A1505ZA i5 12500H (MA415W),Nguyễn Lê Tuấn,3
asus-asus-vivobook-15-oled-a1505za-i5-ma415w,Asus Vivobook 15 OLED A1505ZA i5 12500H (MA415W),Bùi Thanh Thảo,4
asus-asus-vivobook-15-oled-a1505za-i5-ma415w,Asus Vivobook 15 OLED A1505ZA i5 12500H (MA415W),Nguyễn Chiêm Thành Nghĩa,3
asus-asus-vivobook-15-oled-a1505za-i5-ma415w,Asus Vivobook 15 OLED A1505ZA i5 12500H (MA415W),Nguyễn Hoa,4
asus-asus-vivobook-15-oled-a1505za-i5-ma415w,Asus Vivobook 15 OLED A1505ZA i5 12500H (MA415W),Bình,3
asus-asus-vivobook-15-oled-a1505za-i5-ma415w,Asus Vivobook 15 OLED A1505ZA i5 12500H (MA415W),Duy,5
asus-asus-vivobook-15-oled-a1505za-i5-ma415w,Asus Vivobook 15 OLED A1505ZA i5 12500H (MA415W),Quý,4
asus-asus-vivobook-15-oled-a1505za-i5-ma415w,Asus Vivobook 15 OLED A1505ZA i5 12500H (MA415W),Tiến,4
asus-asus-vivobook-15-oled-a1505za-i5-ma415w,Asus Vivobook 15 OLED A1505ZA i5 12500H (MA415W),Nguyễn Văn Trọng,5
asus-fa506nfr-r7-hn113w,Asus TUF Gaming A15 FA506NFR R7 7435HS (HN113W),Đỗ Nguyễn Minh Đức,2
acer-nitro-v-15-anv15-41-r1jy-r5-nhqpfsv001,Acer Nitro V 15 ANV15 41 R1JY R5 6600H (NH.QPFSV.001),Bảo,5
lenovo-loq-gaming-15iax9-i5-83gs000jvn,Lenovo Gaming LOQ 15IAX9 i5 12450HX (83GS000JVN),Duy Đức,3
lenovo-loq-gaming-15iax9-i5-83gs000jvn,Lenovo Gaming LOQ 15IAX9 i5 12450HX (83GS000JVN),Vũ Công Đoàn,1
lenovo-loq-gaming-15iax9-i5-83gs000jvn,Lenovo Gaming LOQ 15IAX9 i5 12450HX (83GS000JVN),Nguyen Nhut,5
lenovo-loq-gaming-15iax9-i5-83gs000jvn,Lenovo Gaming LOQ 15IAX9 i5 12450HX (83GS000JVN),Dung Le,3
lenovo-loq-gaming-15iax9-i5-83gs000jvn,Lenovo Gaming LOQ 15IAX9 i5 12450HX (83GS000JVN),XUÂN ANH,3
lenovo-loq-gaming-15iax9-i5-83gs000jvn,Lenovo Gaming LOQ 15IAX9 i5 12450HX (83GS000JVN),Lê Văn Trường,3
lenovo-loq-gaming-15iax9-i5-83gs000jvn,Lenovo Gaming LOQ 15IAX9 i5 12450HX (83GS000JVN),Vũ Bách,2
lenovo-loq-gaming-15iax9-i5-83gs000jvn,Lenovo Gaming LOQ 15IAX9 i5 12450HX (83GS000JVN),Thanh Tâm,4
lenovo-loq-gaming-15iax9-i5-83gs000jvn,Lenovo Gaming LOQ 15IAX9 i5 12450HX (83GS000JVN),Phan Duy Mạnh,4
lenovo-loq-gaming-15iax9-i5-83gs000jvn,Lenovo Gaming LOQ 15IAX9 i5 12450HX (83GS000JVN),Hoàng Triết,3
lenovo-loq-gaming-15iax9-i5-83gs000jvn,Lenovo Gaming LOQ 15IAX9 i5 12450HX (83GS000JVN),Lê Đình Hiếu,5
lenovo-loq-gaming-15iax9-i5-83gs000jvn,Lenovo Gaming LOQ 15IAX9 i5 12450HX (83GS000JVN),NGUYEN TAN DAT,3
lenovo-loq-gaming-15iax9-i5-83gs000jvn,Lenovo Gaming LOQ 15IAX9 i5 12450HX (83GS000JVN),Phúc,5
lenovo-loq-gaming-15iax9-i5-83gs000jvn,Lenovo Gaming LOQ 15IAX9 i5 12450HX (83GS000JVN),ĐỖ NGUYÊN LỘC,5
lenovo-loq-gaming-15iax9-i5-83gs000jvn,Lenovo Gaming LOQ 15IAX9 i5 12450HX (83GS000JVN),Nguyên,3
lenovo-loq-gaming-15iax9-i5-83gs000jvn,Lenovo Gaming LOQ 15IAX9 i5 12450HX (83GS000JVN),Linh,3
lenovo-loq-gaming-15iax9-i5-83gs000jvn,Lenovo Gaming LOQ 15IAX9 i5 12450HX (83GS000JVN),VAN PHU QB,5
lenovo-loq-gaming-15iax9-i5-83gs000jvn,Lenovo Gaming LOQ 15IAX9 i5 12450HX (83GS000JVN),Nguyễn Đăng Định,5
lenovo-loq-gaming-15iax9-i5-83gs000jvn,Lenovo Gaming LOQ 15IAX9 i5 12450HX (83GS000JVN),Em Đạt,5
lenovo-loq-gaming-15iax9-i5-83gs000jvn,Lenovo Gaming LOQ 15IAX9 i5 12450HX (83GS000JVN),Hiên Anh,5
lenovo-loq-gaming-15iax9-i5-83gs000jvn,Lenovo Gaming LOQ 15IAX9 i5 12450HX (83GS000JVN),Công,5
msi-gf63-thin-12ve-i5-460vn,MSI Gaming GF63 Thin 12VE i5 12450H (460VN),Nguyễn Thanh Tâm,5
msi-gf63-thin-12ve-i5-460vn,MSI Gaming GF63 Thin 12VE i5 12450H (460VN),Trần Công Thành,3
msi-gf63-thin-12ve-i5-460vn,MSI Gaming GF63 Thin 12VE i5 12450H (460VN),Trương Quang Ánh,4
msi-gf63-thin-12ve-i5-460vn,MSI Gaming GF63 Thin 12VE i5 12450H (460VN),Thế Lâm,5
msi-gf63-thin-12ve-i5-460vn,MSI Gaming GF63 Thin 12VE i5 12450H (460VN),Chu Thanh Tùng,5
msi-gf63-thin-12ve-i5-460vn,MSI Gaming GF63 Thin 12VE i5 12450H (460VN),Mai Văn Giang,3
msi-gf63-thin-12ve-i5-460vn,MSI Gaming GF63 Thin 12VE i5 12450H (460VN),Trương Quốc Vĩ,3
msi-gf63-thin-12ve-i5-460vn,MSI Gaming GF63 Thin 12VE i5 12450H (460VN),Hà,4
msi-gf63-thin-12ve-i5-460vn,MSI Gaming GF63 Thin 12VE i5 12450H (460VN),Tâm,4
dell-inspiron-15-3530-i7-p16wd,Dell Inspiron 15 3530 i7 1355U (P16WD),Nhật Mỹ,5
dell-inspiron-15-3530-i7-p16wd,Dell Inspiron 15 3530 i7 1355U (P16WD),Nguyễn Hoàng,1
hp-victus-15-fa1139tx-i5-8y6w3pa,HP Gaming VICTUS 15 fa1139TX i5 12450H (8Y6W3PA),Nui,4
hp-victus-15-fa1139tx-i5-8y6w3pa,HP Gaming VICTUS 15 fa1139TX i5 12450H (8Y6W3PA),Nguyễn Chí Vỹ,4
hp-victus-15-fa1139tx-i5-8y6w3pa,HP Gaming VICTUS 15 fa1139TX i5 12450H (8Y6W3PA),Cường,2
hp-victus-15-fa1139tx-i5-8y6w3pa,HP Gaming VICTUS 15 fa1139TX i5 12450H (8Y6W3PA),Nguyễn Chí Tâm,5
hp-victus-15-fa1139tx-i5-8y6w3pa,HP Gaming VICTUS 15 fa1139TX i5 12450H (8Y6W3PA),Nguyễn Xuân Toàn,5
hp-victus-15-fa1139tx-i5-8y6w3pa,HP Gaming VICTUS 15 fa1139TX i5 12450H (8Y6W3PA),Trần Thị Ngọc Khuyên,4
asus-vivobook-14-x1404va-i5-nk050w,Asus Vivobook 14 X1404VA i5 1335U (NK050W),Quỳnh,3
asus-vivobook-14-x1404va-i5-nk050w,Asus Vivobook 14 X1404VA i5 1335U (NK050W),Nguyen Quoc Tung,5
asus-vivobook-14-x1404va-i5-nk050w,Asus Vivobook 14 X1404VA i5 1335U (NK050W),Nguyễn Thị Thảo Linh,4
asus-vivobook-14-x1404va-i5-nk050w,Asus Vivobook 14 X1404VA i5 1335U (NK050W),Minh Tuyết,5
asus-vivobook-14-x1404va-i5-nk050w,Asus Vivobook 14 X1404VA i5 1335U (NK050W),Chị Hằng,1
asus-vivobook-14-x1404va-i5-nk050w,Asus Vivobook 14 X1404VA i5 1335U (NK050W),Anh Phiện,4
asus-vivobook-k3605zf-i5-rp745w,Asus Gaming Vivobook K3605ZF i5 12500H (RP745W),Đức Mạnh,5
asus-vivobook-k3605zf-i5-rp745w,Asus Gaming Vivobook K3605ZF i5 12500H (RP745W),Trần Đức Anh,5
asus-vivobook-k3605zf-i5-rp745w,Asus Gaming Vivobook K3605ZF i5 12500H (RP745W),Hồ Viết Thân,3
asus-vivobook-k3605zf-i5-rp745w,Asus Gaming Vivobook K3605ZF i5 12500H (RP745W),Nguyễn Thắng,4
asus-vivobook-k3605zf-i5-rp745w,Asus Gaming Vivobook K3605ZF i5 12500H (RP745W),Ngô Hằng Ni,5
asus-vivobook-k3605zf-i5-rp745w,Asus Gaming Vivobook K3605ZF i5 12500H (RP745W),Andy,4
asus-vivobook-k3605zf-i5-rp745w,Asus Gaming Vivobook K3605ZF i5 12500H (RP745W),Hồ Huỳnh Đức,4
asus-vivobook-k3605zf-i5-rp745w,Asus Gaming Vivobook K3605ZF i5 12500H (RP745W),Vivi,4
asus-vivobook-k3605zf-i5-rp745w,Asus Gaming Vivobook K3605ZF i5 12500H (RP745W),Hiếu,5
asus-vivobook-k3605zf-i5-rp745w,Asus Gaming Vivobook K3605ZF i5 12500H (RP745W),Thanh Dat,5
asus-vivobook-k3605zf-i5-rp745w,Asus Gaming Vivobook K3605ZF i5 12500H (RP745W),Nguyễn Văn Quân,5
msi-thin-15-b13uc-i7-1411vn,MSI Thin 15 B13UC i7 13620H (1411VN),Nguyễn Tiến Đạt,4
msi-thin-15-b13uc-i7-1411vn,MSI Thin 15 B13UC i7 13620H (1411VN),Nguyễn Vũ Nhân,4
hp-15-fd0015tu-i7-a19c5pa,HP 15 fd0015TU i7 1355U (A19C5PA),Thien,2
hp-15-fd0015tu-i7-a19c5pa,HP 15 fd0015TU i7 1355U (A19C5PA),Ngọc Ánh,3
hp-15-fd0015tu-i7-a19c5pa,HP 15 fd0015TU i7 1355U (A19C5PA),Trương Thị Hoà,1
hp-15-fd0015tu-i7-a19c5pa,HP 15 fd0015TU i7 1355U (A19C5PA),Nong Thi Lan,2
hp-15-fd0015tu-i7-a19c5pa,HP 15 fd0015TU i7 1355U (A19C5PA),Nguyễn Thị Quyên,1
lenovo-loq-15arp9-r7-83jc0040vn,Lenovo Gaming LOQ 15ARP9 R7 7435HS (83JC0040VN),NGUYE,5
lenovo-loq-15arp9-r7-83jc0040vn,Lenovo Gaming LOQ 15ARP9 R7 7435HS (83JC0040VN),Thành Công,5
asus-vivobook-x1404za-i3-nk246w,Asus Vivobook X1404ZA i3 1215U (NK246W),Ngô Ngọc Hưng,2
asus-vivobook-x1404za-i3-nk246w,Asus Vivobook X1404ZA i3 1215U (NK246W),Dungthu,3
asus-vivobook-x1404za-i3-nk246w,Asus Vivobook X1404ZA i3 1215U (NK246W),Nguyễn Chí Nguyện,5
asus-vivobook-x1404za-i3-nk246w,Asus Vivobook X1404ZA i3 1215U (NK246W),Nguyễn Hữu Hưng,4
asus-vivobook-x1404za-i3-nk246w,Asus Vivobook X1404ZA i3 1215U (NK246W),Phan Tấn Duy,5
asus-vivobook-x1404za-i3-nk246w,Asus Vivobook X1404ZA i3 1215U (NK246W),Giang,1
asus-vivobook-x1404za-i3-nk246w,Asus Vivobook X1404ZA i3 1215U (NK246W),TRỊNH THỊ PHƯƠNG THÚY,2
asus-vivobook-x1404za-i3-nk246w,Asus Vivobook X1404ZA i3 1215U (NK246W),Công Ty TNHH May Vạn Hà,5
asus-vivobook-x1404za-i3-nk246w,Asus Vivobook X1404ZA i3 1215U (NK246W),Em Ánh,3
asus-vivobook-x1404za-i3-nk246w,Asus Vivobook X1404ZA i3 1215U (NK246W),Nguyễn Thị Gấm,5
asus-vivobook-x1404za-i3-nk246w,Asus Vivobook X1404ZA i3 1215U (NK246W),Anh Buol,4
acer-aspire-a315-44p-r9w8-r7-nxksjsv002,Acer Aspire 3 A315 44P R9W8 R7 5700U (NX.KSJSV.002),Đạt,5
acer-aspire-a315-44p-r9w8-r7-nxksjsv002,Acer Aspire 3 A315 44P R9W8 R7 5700U (NX.KSJSV.002),Thiên Sơn,5
acer-aspire-a315-44p-r9w8-r7-nxksjsv002,Acer Aspire 3 A315 44P R9W8 R7 5700U (NX.KSJSV.002),Phạm Long,5
acer-aspire-a315-44p-r9w8-r7-nxksjsv002,Acer Aspire 3 A315 44P R9W8 R7 5700U (NX.KSJSV.002),Huỳnh Quốc Minh,5
acer-aspire-a315-44p-r9w8-r7-nxksjsv002,Acer Aspire 3 A315 44P R9W8 R7 5700U (NX.KSJSV.002),Tran Ngoc Tuyen,4
acer-aspire-a315-44p-r9w8-r7-nxksjsv002,Acer Aspire 3 A315 44P R9W8 R7 5700U (NX.KSJSV.002),Phạm Tuấn Đạt,4
acer-aspire-a315-44p-r9w8-r7-nxksjsv002,Acer Aspire 3 A315 44P R9W8 R7 5700U (NX.KSJSV.002),Nguyễn Thành Tựu,4
msi-thin-15-b12uc-i5-2045vn,MSI Gaming Thin 15 B12UC i5 12450H (2045VN),Phan Hồng Quân,5
hp-pavilion-15-eg3091tu-i7-8c5l2pa,HP Pavilion 15 eg3091TU i7 1355U (8C5L2PA),LVT,3
hp-pavilion-15-eg3091tu-i7-8c5l2pa,HP Pavilion 15 eg3091TU i7 1355U (8C5L2PA),Đỗ Văn Thời,5
hp-pavilion-15-eg3091tu-i7-8c5l2pa,HP Pavilion 15 eg3091TU i7 1355U (8C5L2PA),Hải,4
hp-pavilion-15-eg3091tu-i7-8c5l2pa,HP Pavilion 15 eg3091TU i7 1355U (8C5L2PA),Lê Minh Hy,5
asus-vivobook-k3605zc-i5-rp629w,Asus Gaming Vivobook K3605ZC i5 12500H (RP629W),Trung,3
asus-vivobook-k3605zc-i5-rp629w,Asus Gaming Vivobook K3605ZC i5 12500H (RP629W),Hoàng Vĩnh Phúc,5
asus-vivobook-k3605zc-i5-rp629w,Asus Gaming Vivobook K3605ZC i5 12500H (RP629W),Đỗ Nhât Hồng,5
acer-aspire-lite-16-g2-al16-52p-572a-i5-nxj2ssv004,Acer Aspire Lite 16 G2 AL16 52P 572A i5 1334U (NX.J2SSV.004),Thanh,5
acer-aspire-lite-16-g2-al16-52p-572a-i5-nxj2ssv004,Acer Aspire Lite 16 G2 AL16 52P 572A i5 1334U (NX.J2SSV.004),NCT,3
msi-katana-15-b13udxk-i7-2077vn,MSI Gaming Katana 15 B13UDXK i7 13620H (2077VN),Dương,3
asus-gaming-tuf-f15-fx507zc4-i5-hn330w,Asus TUF Gaming F15 FX507ZC4 i5 12500H (HN330W),Trịnh Văn Quý,4
hp-240-g10-i5-9h2e4pt,HP 240 G10 i5 1335U (9H2E4PT),Nguyễn Hoàng Tuệ Minh,1
msi-cyborg-15-a13vek-i7-1423vn,MSI Gaming Cyborg 15 A13VEK i7 13620H (1423VN),Học Kim,5
msi-cyborg-15-a13vek-i7-1423vn,MSI Gaming Cyborg 15 A13VEK i7 13620H (1423VN),Yennefer,5
hp-victus-15-fb1022ax-r5-94f19pa,HP Gaming VICTUS 15 fb1022AX R5 7535HS (94F19PA),Hoài,5
asus-vivobook-s-16-oled-s5606ma-ultra-5-mx050w,Asus Vivobook S 16 OLED S5606MA Ultra 5 125H (MX050W),Anh Quân,5
asus-vivobook-s-16-oled-s5606ma-ultra-5-mx050w,Asus Vivobook S 16 OLED S5606MA Ultra 5 125H (MX050W),Đinh Tiến Sỹ,2
asus-fa507nur-r7-lp057w,Asus TUF Gaming A15 FA507NUR R7 7435HS (LP057W),Lê Hà,5
acer-aspire-3-a315-59-5283-i5-nxk6tsv00b,Acer Aspire 3 A315 59 5283 i5 1235U (NX.K6TSV.00B),Nguyễn Thành Luân,2
acer-aspire-3-a315-59-5283-i5-nxk6tsv00b,Acer Aspire 3 A315 59 5283 i5 1235U (NX.K6TSV.00B),Tuyết,5
acer-aspire-3-a315-59-5283-i5-nxk6tsv00b,Acer Aspire 3 A315 59 5283 i5 1235U (NX.K6TSV.00B),Lương Thế Vinh,3
acer-aspire-3-a315-59-5283-i5-nxk6tsv00b,Acer Aspire 3 A315 59 5283 i5 1235U (NX.K6TSV.00B),Công Ty Tnhh Nosu - Biotech,5
acer-aspire-3-a315-59-5283-i5-nxk6tsv00b,Acer Aspire 3 A315 59 5283 i5 1235U (NX.K6TSV.00B),Thương,5
acer-aspire-3-a315-59-5283-i5-nxk6tsv00b,Acer Aspire 3 A315 59 5283 i5 1235U (NX.K6TSV.00B),Anh Long,5
acer-aspire-3-a315-59-5283-i5-nxk6tsv00b,Acer Aspire 3 A315 59 5283 i5 1235U (NX.K6TSV.00B),VO PHAN TOAN,4
acer-aspire-3-a315-59-5283-i5-nxk6tsv00b,Acer Aspire 3 A315 59 5283 i5 1235U (NX.K6TSV.00B),Ngô Mỹ,4
acer-aspire-3-a315-59-5283-i5-nxk6tsv00b,Acer Aspire 3 A315 59 5283 i5 1235U (NX.K6TSV.00B),Hiếu Trần,4
acer-aspire-3-a315-59-5283-i5-nxk6tsv00b,Acer Aspire 3 A315 59 5283 i5 1235U (NX.K6TSV.00B),Thuý Kiều,4
msi-gaming-gf63-thin-12uc-i7-887vn,MSI Gaming GF63 Thin 12UC i7 12650H (887VN),Anh,5
msi-gaming-gf63-thin-12uc-i7-887vn,MSI Gaming GF63 Thin 12UC i7 12650H (887VN),Khởi,2
dell-inspiron-15-3520-i7-25p2315,Dell Inspiron 15 3520 i7 1255U (25P2315),Phạm Huyền,5
asus-vivobook-15-x1504za-i3-nj102w?utm_flashsale=1,Asus Vivobook 15 X1504ZA i3 1215U (NJ102W),Phạm Văn Công,1
asus-vivobook-15-x1504za-i3-nj102w?utm_flashsale=1,Asus Vivobook 15 X1504ZA i3 1215U (NJ102W),Tin Nguyen,1
asus-vivobook-15-x1504za-i3-nj102w?utm_flashsale=1,Asus Vivobook 15 X1504ZA i3 1215U (NJ102W),Nguyen Sac Dien,1
asus-vivobook-15-x1504za-i3-nj102w?utm_flashsale=1,Asus Vivobook 15 X1504ZA i3 1215U (NJ102W),Thảo,5
asus-vivobook-15-x1504za-i3-nj102w?utm_flashsale=1,Asus Vivobook 15 X1504ZA i3 1215U (NJ102W),Ngọc Trâm,4
asus-vivobook-15-x1504za-i3-nj102w?utm_flashsale=1,Asus Vivobook 15 X1504ZA i3 1215U (NJ102W),Dat,1
asus-vivobook-15-x1504za-i3-nj102w?utm_flashsale=1,Asus Vivobook 15 X1504ZA i3 1215U (NJ102W),Phạm Thị Thu Hà,3
asus-vivobook-15-x1504za-i3-nj102w?utm_flashsale=1,Asus Vivobook 15 X1504ZA i3 1215U (NJ102W),Quoc Viet,3
asus-vivobook-15-x1504za-i3-nj102w?utm_flashsale=1,Asus Vivobook 15 X1504ZA i3 1215U (NJ102W),Trần Viết Dũng,5
asus-vivobook-15-x1504za-i3-nj102w?utm_flashsale=1,Asus Vivobook 15 X1504ZA i3 1215U (NJ102W),Nguyễn Tấn Triệu,1
asus-vivobook-15-x1504za-i3-nj102w?utm_flashsale=1,Asus Vivobook 15 X1504ZA i3 1215U (NJ102W),Trần Văn Dương,5
asus-vivobook-15-x1504za-i3-nj102w?utm_flashsale=1,Asus Vivobook 15 X1504ZA i3 1215U (NJ102W),Lương Nguyệt Vân,5
asus-vivobook-15-x1504za-i3-nj102w?utm_flashsale=1,Asus Vivobook 15 X1504ZA i3 1215U (NJ102W),Trần Nguyên Hưng,4
asus-vivobook-15-x1504za-i3-nj102w?utm_flashsale=1,Asus Vivobook 15 X1504ZA i3 1215U (NJ102W),Hoàng Quyên,5
asus-vivobook-15-x1504za-i3-nj102w?utm_flashsale=1,Asus Vivobook 15 X1504ZA i3 1215U (NJ102W),Aviệt,2
asus-vivobook-15-x1504za-i3-nj102w?utm_flashsale=1,Asus Vivobook 15 X1504ZA i3 1215U (NJ102W),Kim Liên,5
asus-vivobook-15-x1504za-i3-nj102w?utm_flashsale=1,Asus Vivobook 15 X1504ZA i3 1215U (NJ102W),Lê Nhựt Minh,5
asus-vivobook-15-x1504za-i3-nj102w?utm_flashsale=1,Asus Vivobook 15 X1504ZA i3 1215U (NJ102W),Thắng Nguyễn Hữu,5
asus-vivobook-15-x1504za-i3-nj102w?utm_flashsale=1,Asus Vivobook 15 X1504ZA i3 1215U (NJ102W),Thiều Sỹ Định,4
asus-vivobook-15-x1504za-i3-nj102w?utm_flashsale=1,Asus Vivobook 15 X1504ZA i3 1215U (NJ102W),Chi Hương,3
hp-envy-x360-14-fc0162tu-ultra-5-ay8x1pa,HP Envy x360 14 fc0162TU Ultra 5 125U (AY8X1PA),Thảo,1
acer-aspire-lite-14-51m-59bn-i5-nxktxsv001,Acer Aspire Lite 14 51M 59BN i5 1235U (NX.KTXSV.001),Lâm Ngọc Chiến,5
acer-aspire-lite-14-51m-59bn-i5-nxktxsv001,Acer Aspire Lite 14 51M 59BN i5 1235U (NX.KTXSV.001),Bá Cường,5
acer-aspire-lite-14-51m-59bn-i5-nxktxsv001,Acer Aspire Lite 14 51M 59BN i5 1235U (NX.KTXSV.001),Phạm Ngọc Bình,5
acer-aspire-lite-14-51m-59bn-i5-nxktxsv001,Acer Aspire Lite 14 51M 59BN i5 1235U (NX.KTXSV.001),Huỳnh Anh,4
asus-x1504za-i5-nj1608w?utm_flashsale=1,Asus Vivobook 15 X1504ZA i5 1235U (NJ1608W),Hưng,3
asus-x1504za-i5-nj1608w?utm_flashsale=1,Asus Vivobook 15 X1504ZA i5 1235U (NJ1608W),Nguyễn Thảo Vân,3
hp-pavilion-15-eg2088tu-i7-7c0r0pa?utm_flashsale=1,HP Pavilion 15 eg2088TU i7 1260P (7C0R0PA),Nguyễn Văn Bảo,3
hp-pavilion-15-eg2088tu-i7-7c0r0pa?utm_flashsale=1,HP Pavilion 15 eg2088TU i7 1260P (7C0R0PA),Trí,2
hp-pavilion-15-eg2088tu-i7-7c0r0pa?utm_flashsale=1,HP Pavilion 15 eg2088TU i7 1260P (7C0R0PA),Cách,5
hp-pavilion-15-eg2088tu-i7-7c0r0pa?utm_flashsale=1,HP Pavilion 15 eg2088TU i7 1260P (7C0R0PA),Nguyễn Thị Liên,5
hp-pavilion-15-eg2088tu-i7-7c0r0pa?utm_flashsale=1,HP Pavilion 15 eg2088TU i7 1260P (7C0R0PA),Lộc Nam Hùng,5
hp-pavilion-15-eg2088tu-i7-7c0r0pa?utm_flashsale=1,HP Pavilion 15 eg2088TU i7 1260P (7C0R0PA),Nguyễn Thị Quyên,5
hp-pavilion-15-eg2088tu-i7-7c0r0pa?utm_flashsale=1,HP Pavilion 15 eg2088TU i7 1260P (7C0R0PA),Chú Tuấn,5
hp-pavilion-15-eg2088tu-i7-7c0r0pa?utm_flashsale=1,HP Pavilion 15 eg2088TU i7 1260P (7C0R0PA),An Nhiên,5
hp-pavilion-15-eg2088tu-i7-7c0r0pa?utm_flashsale=1,HP Pavilion 15 eg2088TU i7 1260P (7C0R0PA),Anh Ân,5
hp-pavilion-15-eg2088tu-i7-7c0r0pa?utm_flashsale=1,HP Pavilion 15 eg2088TU i7 1260P (7C0R0PA),TOẢN,5
hp-pavilion-15-eg2088tu-i7-7c0r0pa?utm_flashsale=1,HP Pavilion 15 eg2088TU i7 1260P (7C0R0PA),Lưu Minh Đức,4
hp-pavilion-15-eg2088tu-i7-7c0r0pa?utm_flashsale=1,HP Pavilion 15 eg2088TU i7 1260P (7C0R0PA),Ngô Xuân Nguyên,5
hp-pavilion-15-eg2088tu-i7-7c0r0pa?utm_flashsale=1,HP Pavilion 15 eg2088TU i7 1260P (7C0R0PA),Trung,4
hp-pavilion-15-eg2088tu-i7-7c0r0pa?utm_flashsale=1,HP Pavilion 15 eg2088TU i7 1260P (7C0R0PA),Trần Thị Hằng,5
hp-pavilion-15-eg2088tu-i7-7c0r0pa?utm_flashsale=1,HP Pavilion 15 eg2088TU i7 1260P (7C0R0PA),CÔNG TY TNHH CHÂU MINH HOÀNG,5
hp-pavilion-15-eg2088tu-i7-7c0r0pa?utm_flashsale=1,HP Pavilion 15 eg2088TU i7 1260P (7C0R0PA),Ngô Thị Hồng Chấm,4
hp-pavilion-15-eg2088tu-i7-7c0r0pa?utm_flashsale=1,HP Pavilion 15 eg2088TU i7 1260P (7C0R0PA),Bình,5
msi-gaming-sword-16-hx-b14vfkg-i7-045vn,MSI Gaming Sword 16 HX B14VFKG i7 14700HX (045VN),Lê Nho Phả,5
msi-gaming-sword-16-hx-b14vfkg-i7-045vn,MSI Gaming Sword 16 HX B14VFKG i7 14700HX (045VN),TUYÊN,4
asus-vivobook-15-x1504za-i5-nj1546w,Asus Vivobook 15 X1504ZA i5 1235U (NJ1546W),Thạch,4
asus-vivobook-15-x1504za-i5-nj1546w,Asus Vivobook 15 X1504ZA i5 1235U (NJ1546W),Nguyễn Trâm,1
asus-vivobook-15-oled-a1505va-i5-ma467w,Asus Vivobook 15 OLED A1505VA i5 13500H (MA467W),Nguyễn Thanh Tuấn,1
asus-vivobook-15-oled-a1505va-i5-ma467w,Asus Vivobook 15 OLED A1505VA i5 13500H (MA467W),Cao Tuấn,1
asus-vivobook-15-oled-a1505va-i5-ma467w,Asus Vivobook 15 OLED A1505VA i5 13500H (MA467W),Kiều,1
lenovo-ideapad-slim-3-15irh8-i7-83em003fvn,Lenovo Ideapad Slim 3 15IRH8 i7 13620H (83EM003FVN),Vương,4
dell-inspiron-15-3530-i5-n3530i5u165w11slu,Dell Inspiron 15 3530 i5 1334U (N3530-i5U165W11SLU),Ninh Thị Nga,2
acer-nitro-5-tiger-an515-58-52sp-i5-nhqfhsv001,Acer Gaming Nitro 5 Tiger AN515 58 52SP i5 12500H (NH.QFHSV.001),Đặng Văn Khánh,5
acer-nitro-5-tiger-an515-58-52sp-i5-nhqfhsv001,Acer Gaming Nitro 5 Tiger AN515 58 52SP i5 12500H (NH.QFHSV.001),Thái,1
acer-nitro-5-tiger-an515-58-52sp-i5-nhqfhsv001,Acer Gaming Nitro 5 Tiger AN515 58 52SP i5 12500H (NH.QFHSV.001),Trương Phú Thịnh,5
acer-nitro-5-tiger-an515-58-52sp-i5-nhqfhsv001,Acer Gaming Nitro 5 Tiger AN515 58 52SP i5 12500H (NH.QFHSV.001),Anh Hiển,1
acer-nitro-5-tiger-an515-58-52sp-i5-nhqfhsv001,Acer Gaming Nitro 5 Tiger AN515 58 52SP i5 12500H (NH.QFHSV.001),Nguyễn Anh Khoa,5
acer-nitro-5-tiger-an515-58-52sp-i5-nhqfhsv001,Acer Gaming Nitro 5 Tiger AN515 58 52SP i5 12500H (NH.QFHSV.001),Lê Văn Mải,5
acer-nitro-5-tiger-an515-58-52sp-i5-nhqfhsv001,Acer Gaming Nitro 5 Tiger AN515 58 52SP i5 12500H (NH.QFHSV.001),Nguyễn Thiện Phúc,4
acer-nitro-5-tiger-an515-58-52sp-i5-nhqfhsv001,Acer Gaming Nitro 5 Tiger AN515 58 52SP i5 12500H (NH.QFHSV.001),Ngọc Nam,5
acer-nitro-5-tiger-an515-58-52sp-i5-nhqfhsv001,Acer Gaming Nitro 5 Tiger AN515 58 52SP i5 12500H (NH.QFHSV.001),Vu Hai Nam,5
acer-nitro-5-tiger-an515-58-52sp-i5-nhqfhsv001,Acer Gaming Nitro 5 Tiger AN515 58 52SP i5 12500H (NH.QFHSV.001),Anh Ma Việt,4
acer-nitro-5-tiger-an515-58-52sp-i5-nhqfhsv001,Acer Gaming Nitro 5 Tiger AN515 58 52SP i5 12500H (NH.QFHSV.001),Vũ Nhật Thiện,3
acer-nitro-5-tiger-an515-58-52sp-i5-nhqfhsv001,Acer Gaming Nitro 5 Tiger AN515 58 52SP i5 12500H (NH.QFHSV.001),Đoàn Trần Tiến Trí,5
acer-nitro-5-tiger-an515-58-52sp-i5-nhqfhsv001,Acer Gaming Nitro 5 Tiger AN515 58 52SP i5 12500H (NH.QFHSV.001),Dao Trong Anh Hung,5
acer-nitro-5-tiger-an515-58-52sp-i5-nhqfhsv001,Acer Gaming Nitro 5 Tiger AN515 58 52SP i5 12500H (NH.QFHSV.001),Em Sĩ,5
acer-nitro-5-tiger-an515-58-52sp-i5-nhqfhsv001,Acer Gaming Nitro 5 Tiger AN515 58 52SP i5 12500H (NH.QFHSV.001),Phan Van Tấn,3
acer-nitro-5-tiger-an515-58-52sp-i5-nhqfhsv001,Acer Gaming Nitro 5 Tiger AN515 58 52SP i5 12500H (NH.QFHSV.001),E Hiếu,5
acer-nitro-5-tiger-an515-58-52sp-i5-nhqfhsv001,Acer Gaming Nitro 5 Tiger AN515 58 52SP i5 12500H (NH.QFHSV.001),Trương Tuấn Linh,4
acer-nitro-5-tiger-an515-58-52sp-i5-nhqfhsv001,Acer Gaming Nitro 5 Tiger AN515 58 52SP i5 12500H (NH.QFHSV.001),Hoàng Xuân Quang,5
acer-nitro-5-tiger-an515-58-52sp-i5-nhqfhsv001,Acer Gaming Nitro 5 Tiger AN515 58 52SP i5 12500H (NH.QFHSV.001),Đạt,5
acer-nitro-5-tiger-an515-58-52sp-i5-nhqfhsv001,Acer Gaming Nitro 5 Tiger AN515 58 52SP i5 12500H (NH.QFHSV.001),Việt Ái,4
acer-nitro-5-tiger-an515-58-52sp-i5-nhqfhsv001,Acer Gaming Nitro 5 Tiger AN515 58 52SP i5 12500H (NH.QFHSV.001),Tuấn Nguyễn,5
acer-nitro-5-tiger-an515-58-52sp-i5-nhqfhsv001,Acer Gaming Nitro 5 Tiger AN515 58 52SP i5 12500H (NH.QFHSV.001),NGÔ THANH TUẤN,4
acer-nitro-5-tiger-an515-58-52sp-i5-nhqfhsv001,Acer Gaming Nitro 5 Tiger AN515 58 52SP i5 12500H (NH.QFHSV.001),TỪ PHƯỚC HẢI,5
msi-gaming-gf63-thin-12ve-i5-460vn,MSI Gaming GF63 Thin 12VE i5 12450H (460VN),Phạm Hoàng Nhật Phong,3
msi-gaming-gf63-thin-12ve-i5-460vn,MSI Gaming GF63 Thin 12VE i5 12450H (460VN),Lê Tấn Thịnh,5
msi-gaming-gf63-thin-12ve-i5-460vn,MSI Gaming GF63 Thin 12VE i5 12450H (460VN),Anh Nguyễn Anh Tuấn,3
msi-gaming-gf63-thin-12ve-i5-460vn,MSI Gaming GF63 Thin 12VE i5 12450H (460VN),Tân,3
msi-gaming-gf63-thin-12ve-i5-460vn,MSI Gaming GF63 Thin 12VE i5 12450H (460VN),Chị Hương,5
msi-gaming-gf63-thin-12ve-i5-460vn,MSI Gaming GF63 Thin 12VE i5 12450H (460VN),Quân,4
msi-gaming-gf63-thin-12ve-i5-460vn,MSI Gaming GF63 Thin 12VE i5 12450H (460VN),HUỲNH QUỐC TUẤN,5
msi-gaming-gf63-thin-12ve-i5-460vn,MSI Gaming GF63 Thin 12VE i5 12450H (460VN),Tuyết Trinh,4
msi-gaming-gf63-thin-12ve-i5-460vn,MSI Gaming GF63 Thin 12VE i5 12450H (460VN),Trần Hoàng Anh Huy,5
msi-gaming-gf63-thin-12ve-i5-460vn,MSI Gaming GF63 Thin 12VE i5 12450H (460VN),Phạm Cao Cường,3
msi-gaming-gf63-thin-12ve-i5-460vn,MSI Gaming GF63 Thin 12VE i5 12450H (460VN),Anh Kỳ,3
msi-gaming-gf63-thin-12ve-i5-460vn,MSI Gaming GF63 Thin 12VE i5 12450H (460VN),Quan Co Bằng,5
msi-gaming-gf63-thin-12ve-i5-460vn,MSI Gaming GF63 Thin 12VE i5 12450H (460VN),Nguyễn Quang Huy,5
msi-gaming-gf63-thin-12ve-i5-460vn,MSI Gaming GF63 Thin 12VE i5 12450H (460VN),103684 - Trương Công Quyền,5
msi-gaming-gf63-thin-12ve-i5-460vn,MSI Gaming GF63 Thin 12VE i5 12450H (460VN),Chị Hồng,3
msi-gaming-gf63-thin-12ve-i5-460vn,MSI Gaming GF63 Thin 12VE i5 12450H (460VN),De,5
msi-gaming-gf63-thin-12ve-i5-460vn,MSI Gaming GF63 Thin 12VE i5 12450H (460VN),Phạm Huy Sơn,5
msi-gaming-gf63-thin-12ve-i5-460vn,MSI Gaming GF63 Thin 12VE i5 12450H (460VN),Đỗ Văn Biên,5
msi-gaming-gf63-thin-12ve-i5-460vn,MSI Gaming GF63 Thin 12VE i5 12450H (460VN),Nguyễn Hoàng Lê,3
msi-gaming-gf63-thin-12ve-i5-460vn,MSI Gaming GF63 Thin 12VE i5 12450H (460VN),Trần Phước Sang,5
lenovo-ideapad-5-14iah8-i5-83bf003wvn,Lenovo Ideapad Slim 5 14IAH8 i5 12450H (83BF003WVN),Bùi Thị Thùy Anh,3
lenovo-ideapad-5-14iah8-i5-83bf003wvn,Lenovo Ideapad Slim 5 14IAH8 i5 12450H (83BF003WVN),MAI HỮU BẰNG,5
lenovo-ideapad-5-14iah8-i5-83bf003wvn,Lenovo Ideapad Slim 5 14IAH8 i5 12450H (83BF003WVN),Phan Thanh Hồng,5
lenovo-ideapad-5-14iah8-i5-83bf003wvn,Lenovo Ideapad Slim 5 14IAH8 i5 12450H (83BF003WVN),Trịnh Quốc Huy,3
asus-vivobook-15-oled-a1505va-i5-l1341w,Asus Vivobook 15 OLED A1505VA i5 13500H (L1341W),Mạnh Toàn,5
asus-vivobook-15-oled-a1505va-i5-l1341w,Asus Vivobook 15 OLED A1505VA i5 13500H (L1341W),Lê Huyền,4
asus-vivobook-15-oled-a1505va-i5-l1341w,Asus Vivobook 15 OLED A1505VA i5 13500H (L1341W),Duyên,2
asus-vivobook-15-oled-a1505va-i5-l1341w,Asus Vivobook 15 OLED A1505VA i5 13500H (L1341W),Chuyên,4
asus-vivobook-15-oled-a1505va-i5-l1341w,Asus Vivobook 15 OLED A1505VA i5 13500H (L1341W),Tuyên,5
asus-vivobook-15-oled-a1505va-i5-l1341w,Asus Vivobook 15 OLED A1505VA i5 13500H (L1341W),Huỳnh Quang Tiến,5
asus-vivobook-15-oled-a1505va-i5-l1341w,Asus Vivobook 15 OLED A1505VA i5 13500H (L1341W),HỒ CÔNG TÂM,5
asus-vivobook-15-oled-a1505va-i5-l1341w,Asus Vivobook 15 OLED A1505VA i5 13500H (L1341W),Lê Sỹ Lâm,5
asus-vivobook-15-oled-a1505va-i5-l1341w,Asus Vivobook 15 OLED A1505VA i5 13500H (L1341W),Huy,5
asus-vivobook-15-oled-a1505va-i5-l1341w,Asus Vivobook 15 OLED A1505VA i5 13500H (L1341W),Chị Tươi,1
asus-vivobook-15-oled-a1505va-i5-l1341w,Asus Vivobook 15 OLED A1505VA i5 13500H (L1341W),Bùi Trung Dũng,5
asus-vivobook-15-oled-a1505va-i5-l1341w,Asus Vivobook 15 OLED A1505VA i5 13500H (L1341W),Phạm Phú Thạnh,5
asus-vivobook-15-oled-a1505va-i5-l1341w,Asus Vivobook 15 OLED A1505VA i5 13500H (L1341W),Nguyễn Thị Hồng Thắm,5
asus-vivobook-15-oled-a1505va-i5-l1341w,Asus Vivobook 15 OLED A1505VA i5 13500H (L1341W),Lê Thiên Hoàng,5
asus-vivobook-15-oled-a1505va-i5-l1341w,Asus Vivobook 15 OLED A1505VA i5 13500H (L1341W),Nguyễn Văn Dũng,1
asus-vivobook-15-oled-a1505va-i5-l1341w,Asus Vivobook 15 OLED A1505VA i5 13500H (L1341W),Bùi Thị Thanh Tuyền,2
asus-vivobook-15-oled-a1505va-i5-l1341w,Asus Vivobook 15 OLED A1505VA i5 13500H (L1341W),Đỗ Thị Ngọc Châm,5
asus-vivobook-15-oled-a1505va-i5-l1341w,Asus Vivobook 15 OLED A1505VA i5 13500H (L1341W),Nguyễn Đình Tới,5
asus-vivobook-15-oled-a1505va-i5-l1341w,Asus Vivobook 15 OLED A1505VA i5 13500H (L1341W),Hoàng Thanh Trúc,4
asus-vivobook-15-oled-a1505va-i5-l1341w,Asus Vivobook 15 OLED A1505VA i5 13500H (L1341W),Hoàng Văn Thái,5
asus-vivobook-15-oled-a1505va-i5-l1341w,Asus Vivobook 15 OLED A1505VA i5 13500H (L1341W),Uyên,4
asus-vivobook-15-oled-a1505va-i5-l1341w,Asus Vivobook 15 OLED A1505VA i5 13500H (L1341W),Lan,4
hp-gaming-victus-16-s0077ax-r7-8c5n6pa,HP Gaming VICTUS 16 s0077AX R7 7840HS (8C5N6PA),Tuấn Anh,1
asus-zenbook-14-oled-i5-km657w?utm_flashsale=1,Asus Zenbook 14 OLED UX3402VA i5 13500H (KM657W),Nguyễn Đức Phương,5
asus-zenbook-14-oled-i5-km657w?utm_flashsale=1,Asus Zenbook 14 OLED UX3402VA i5 13500H (KM657W),Nguyễn Lộc Nhân,1
acer-aspire-a515-58gm-53pz-i5-nxkq4sv008,Acer Gaming Aspire 5 A515 58GM 53PZ i5 13420H (NX.KQ4SV.008),Nguyễn Minh Trí,3
hp-elitebook-630-g10-i7-9h1n9pt?utm_flashsale=1,HP Elitebook 630 G10 i7 1355U (9H1N9PT),Đỗ Công Minh,1
acer-aspire-7-gaming-a715-76g-5806-i5-nhqmfsv002,Acer Gaming Aspire 7 A715 76G 5806 i5 12450H (NH.QMFSV.002),Thanh Thúy,1
acer-aspire-7-gaming-a715-76g-5806-i5-nhqmfsv002,Acer Gaming Aspire 7 A715 76G 5806 i5 12450H (NH.QMFSV.002),Đăng Chức,4
acer-aspire-7-gaming-a715-76g-5806-i5-nhqmfsv002,Acer Gaming Aspire 7 A715 76G 5806 i5 12450H (NH.QMFSV.002),Hiếu,5
acer-aspire-7-gaming-a715-76g-5806-i5-nhqmfsv002,Acer Gaming Aspire 7 A715 76G 5806 i5 12450H (NH.QMFSV.002),Thanh Hùng,5
msi-katana-15-b13vfk-i7-676vn,MSI Gaming Katana 15 B13VFK i7 13620H (676VN),Đặng Quốc Huy,5
msi-katana-15-b13vfk-i7-676vn,MSI Gaming Katana 15 B13VFK i7 13620H (676VN),Phạm Minh Triết,5
msi-katana-15-b13vfk-i7-676vn,MSI Gaming Katana 15 B13VFK i7 13620H (676VN),Trần Quang Minh,5
msi-katana-15-b13vfk-i7-676vn,MSI Gaming Katana 15 B13VFK i7 13620H (676VN),Nguyễn Thanh Tín,4
dell-latitude-3440-i5-l3440i51235u16g512g?utm_flashsale=1,Dell Latitude 3440 i5 1235U (L3440-I51235U-16G512G),Dh,1
dell-inspiron-15-3530-i7-71043888,Dell Inspiron 15 3530 i7 1355U (71043888),Nguyễn Nhất Huy,5
lenovo-ideapad-slim-3-15iah8-i5-83er00evn,Lenovo Ideapad Slim 3 15IAH8 i5 12450H (83ER000EVN),Quyên,5
lenovo-ideapad-slim-3-15iah8-i5-83er00evn,Lenovo Ideapad Slim 3 15IAH8 i5 12450H (83ER000EVN),Nhung,5
lenovo-ideapad-slim-3-15iah8-i5-83er00evn,Lenovo Ideapad Slim 3 15IAH8 i5 12450H (83ER000EVN),CN,5
lenovo-ideapad-slim-3-15iah8-i5-83er00evn,Lenovo Ideapad Slim 3 15IAH8 i5 12450H (83ER000EVN),Lâm,2
lenovo-ideapad-slim-3-15iah8-i5-83er00evn,Lenovo Ideapad Slim 3 15IAH8 i5 12450H (83ER000EVN),Bùi Đăng Thuần,5
lenovo-ideapad-slim-3-15iah8-i5-83er00evn,Lenovo Ideapad Slim 3 15IAH8 i5 12450H (83ER000EVN),H GIƯƠNG MLÔ,4
lenovo-ideapad-slim-3-15iah8-i5-83er00evn,Lenovo Ideapad Slim 3 15IAH8 i5 12450H (83ER000EVN),Trương Thế Học,5
lenovo-ideapad-slim-3-15iah8-i5-83er00evn,Lenovo Ideapad Slim 3 15IAH8 i5 12450H (83ER000EVN),Như,4
lenovo-ideapad-slim-3-15iah8-i5-83er00evn,Lenovo Ideapad Slim 3 15IAH8 i5 12450H (83ER000EVN),Khoa Hy,5
lenovo-ideapad-slim-3-15iah8-i5-83er00evn,Lenovo Ideapad Slim 3 15IAH8 i5 12450H (83ER000EVN),Chị Tiên,3
lenovo-ideapad-slim-3-15iah8-i5-83er00evn,Lenovo Ideapad Slim 3 15IAH8 i5 12450H (83ER000EVN),Nguyễn Toàn,5
lenovo-ideapad-slim-3-15iah8-i5-83er00evn,Lenovo Ideapad Slim 3 15IAH8 i5 12450H (83ER000EVN),Tuấn Anh,5
lenovo-ideapad-slim-3-15iah8-i5-83er00evn,Lenovo Ideapad Slim 3 15IAH8 i5 12450H (83ER000EVN),Ba,5
lenovo-ideapad-slim-3-15iah8-i5-83er00evn,Lenovo Ideapad Slim 3 15IAH8 i5 12450H (83ER000EVN),Liêm,4
lenovo-ideapad-slim-3-15iah8-i5-83er00evn,Lenovo Ideapad Slim 3 15IAH8 i5 12450H (83ER000EVN),Nguyễn Thị Kiều Oanh,4
lenovo-ideapad-slim-3-15iah8-i5-83er00evn,Lenovo Ideapad Slim 3 15IAH8 i5 12450H (83ER000EVN),Trần Thị Anh Thư,4
lenovo-ideapad-slim-3-15iah8-i5-83er00evn,Lenovo Ideapad Slim 3 15IAH8 i5 12450H (83ER000EVN),Anh Tuan,5
acer-aspire-5-a515-58gm-51lb-i5-nxkq4sv002,Acer Gaming Aspire 5 A515 58GM 51LB i5 13420H (NX.KQ4SV.002),Phan Bá Đạt,3
acer-aspire-5-a515-58gm-51lb-i5-nxkq4sv002,Acer Gaming Aspire 5 A515 58GM 51LB i5 13420H (NX.KQ4SV.002),Đinh Võ Quốc Việt,3
acer-aspire-5-a515-58gm-51lb-i5-nxkq4sv002,Acer Gaming Aspire 5 A515 58GM 51LB i5 13420H (NX.KQ4SV.002),Nguyễn Thị Nhu Mỹ,3
acer-aspire-5-a515-58gm-51lb-i5-nxkq4sv002,Acer Gaming Aspire 5 A515 58GM 51LB i5 13420H (NX.KQ4SV.002),Huỳnh Vũ Tường,3
acer-aspire-5-a515-58gm-51lb-i5-nxkq4sv002,Acer Gaming Aspire 5 A515 58GM 51LB i5 13420H (NX.KQ4SV.002),Nguyễn Thị Kiều Loan,3
acer-aspire-5-a515-58gm-51lb-i5-nxkq4sv002,Acer Gaming Aspire 5 A515 58GM 51LB i5 13420H (NX.KQ4SV.002),Hoàng Văn Lộc,3
acer-aspire-5-a515-58gm-51lb-i5-nxkq4sv002,Acer Gaming Aspire 5 A515 58GM 51LB i5 13420H (NX.KQ4SV.002),Lê Văn Phúc,4
acer-aspire-5-a515-58gm-51lb-i5-nxkq4sv002,Acer Gaming Aspire 5 A515 58GM 51LB i5 13420H (NX.KQ4SV.002),Lê Văn Dũng,2
acer-aspire-5-a515-58gm-51lb-i5-nxkq4sv002,Acer Gaming Aspire 5 A515 58GM 51LB i5 13420H (NX.KQ4SV.002),Nguyễn Thị Hồng Mai,5
acer-aspire-5-a515-58gm-51lb-i5-nxkq4sv002,Acer Gaming Aspire 5 A515 58GM 51LB i5 13420H (NX.KQ4SV.002),Bùi Cát Vũ,5
acer-aspire-5-a515-58gm-51lb-i5-nxkq4sv002,Acer Gaming Aspire 5 A515 58GM 51LB i5 13420H (NX.KQ4SV.002),Tân,4
acer-aspire-5-a515-58gm-51lb-i5-nxkq4sv002,Acer Gaming Aspire 5 A515 58GM 51LB i5 13420H (NX.KQ4SV.002),Anh Ngô Vũ Việt Hoàng,4
acer-aspire-5-a515-58gm-51lb-i5-nxkq4sv002,Acer Gaming Aspire 5 A515 58GM 51LB i5 13420H (NX.KQ4SV.002),Lê Thị Song Hương,2
acer-aspire-5-a515-58gm-51lb-i5-nxkq4sv002,Acer Gaming Aspire 5 A515 58GM 51LB i5 13420H (NX.KQ4SV.002),Nguyễn Thị Bích Chăm,4
acer-aspire-5-a515-58gm-51lb-i5-nxkq4sv002,Acer Gaming Aspire 5 A515 58GM 51LB i5 13420H (NX.KQ4SV.002),TRẦN THỊ TUỆ,3
acer-aspire-5-a515-58gm-51lb-i5-nxkq4sv002,Acer Gaming Aspire 5 A515 58GM 51LB i5 13420H (NX.KQ4SV.002),Trần Tiến Đạt,5
acer-aspire-5-a515-58gm-51lb-i5-nxkq4sv002,Acer Gaming Aspire 5 A515 58GM 51LB i5 13420H (NX.KQ4SV.002),Hữu,4
acer-aspire-5-a515-58gm-51lb-i5-nxkq4sv002,Acer Gaming Aspire 5 A515 58GM 51LB i5 13420H (NX.KQ4SV.002),Đỗ Ngọc Uyên,5
acer-aspire-5-a515-58gm-51lb-i5-nxkq4sv002,Acer Gaming Aspire 5 A515 58GM 51LB i5 13420H (NX.KQ4SV.002),Nghiệp,5
acer-aspire-5-a515-58gm-51lb-i5-nxkq4sv002,Acer Gaming Aspire 5 A515 58GM 51LB i5 13420H (NX.KQ4SV.002),Ngô Ngọc Cường,5
acer-aspire-5-a515-58gm-51lb-i5-nxkq4sv002,Acer Gaming Aspire 5 A515 58GM 51LB i5 13420H (NX.KQ4SV.002),Anh Chính,5
acer-aspire-5-a515-58gm-51lb-i5-nxkq4sv002,Acer Gaming Aspire 5 A515 58GM 51LB i5 13420H (NX.KQ4SV.002),Lê Tất Lâm,4
acer-aspire-5-a515-58gm-51lb-i5-nxkq4sv002,Acer Gaming Aspire 5 A515 58GM 51LB i5 13420H (NX.KQ4SV.002),A Hưng,4
acer-aspire-5-a515-58gm-51lb-i5-nxkq4sv002,Acer Gaming Aspire 5 A515 58GM 51LB i5 13420H (NX.KQ4SV.002),Anh Vũ,4
acer-aspire-5-a515-58gm-51lb-i5-nxkq4sv002,Acer Gaming Aspire 5 A515 58GM 51LB i5 13420H (NX.KQ4SV.002),Bùi Anh Tuấn,5
acer-aspire-5-a515-58gm-51lb-i5-nxkq4sv002,Acer Gaming Aspire 5 A515 58GM 51LB i5 13420H (NX.KQ4SV.002),Tuấn An,5
acer-aspire-5-a515-58gm-51lb-i5-nxkq4sv002,Acer Gaming Aspire 5 A515 58GM 51LB i5 13420H (NX.KQ4SV.002),Anh Chính,5
acer-aspire-5-a515-58gm-51lb-i5-nxkq4sv002,Acer Gaming Aspire 5 A515 58GM 51LB i5 13420H (NX.KQ4SV.002),Nguyễn Văn Chí,3
acer-aspire-5-a515-58gm-51lb-i5-nxkq4sv002,Acer Gaming Aspire 5 A515 58GM 51LB i5 13420H (NX.KQ4SV.002),Lê Thành Phú,5
acer-aspire-lite-14-51m-36pn-i3-nxktwsv001,Acer Aspire Lite 14 51M 36PN i3 1215U (NX.KTWSV.001),Nguyễn Văn Đạt,5
acer-aspire-lite-14-51m-36pn-i3-nxktwsv001,Acer Aspire Lite 14 51M 36PN i3 1215U (NX.KTWSV.001),Hải,5
acer-aspire-lite-14-51m-36pn-i3-nxktwsv001,Acer Aspire Lite 14 51M 36PN i3 1215U (NX.KTWSV.001),Nguyễn Thế Quân,5
acer-aspire-lite-14-51m-36pn-i3-nxktwsv001,Acer Aspire Lite 14 51M 36PN i3 1215U (NX.KTWSV.001),Ngô Hiệp Phát,5
lenovo-thinkpad-v14-i7-83a00012vn,Lenovo V14 G4 i7 1355U (83A00012VN),Huyền,3
msi-bravo-15-b7ed-r5-010vn,MSI Gaming Bravo 15 B7ED R5 7535HS (010VN),Vinh,5
msi-bravo-15-b7ed-r5-010vn,MSI Gaming Bravo 15 B7ED R5 7535HS (010VN),Nguyễn Văn Thêm,5
msi-bravo-15-b7ed-r5-010vn,MSI Gaming Bravo 15 B7ED R5 7535HS (010VN),Tống Chiến,3
msi-bravo-15-b7ed-r5-010vn,MSI Gaming Bravo 15 B7ED R5 7535HS (010VN),Nam,2
msi-bravo-15-b7ed-r5-010vn,MSI Gaming Bravo 15 B7ED R5 7535HS (010VN),Quốc Thiện,1
msi-bravo-15-b7ed-r5-010vn,MSI Gaming Bravo 15 B7ED R5 7535HS (010VN),Nguyễn Xuân Hùng,5
msi-bravo-15-b7ed-r5-010vn,MSI Gaming Bravo 15 B7ED R5 7535HS (010VN),Nguyễn Văn Công,4
msi-bravo-15-b7ed-r5-010vn,MSI Gaming Bravo 15 B7ED R5 7535HS (010VN),Trần Đăng Khoa,4
msi-bravo-15-b7ed-r5-010vn,MSI Gaming Bravo 15 B7ED R5 7535HS (010VN),Lê Quang Hậu,5
msi-bravo-15-b7ed-r5-010vn,MSI Gaming Bravo 15 B7ED R5 7535HS (010VN),Hoàng Trọng Nghĩa,5
msi-bravo-15-b7ed-r5-010vn,MSI Gaming Bravo 15 B7ED R5 7535HS (010VN),Nguyễn Đức Thành,2
msi-bravo-15-b7ed-r5-010vn,MSI Gaming Bravo 15 B7ED R5 7535HS (010VN),Nguyễn Chí Thạnh,5
msi-bravo-15-b7ed-r5-010vn,MSI Gaming Bravo 15 B7ED R5 7535HS (010VN),Truyền,4
acer-predator-helios-neo-phn16-71-53m7-i5-nhqlusv005,Acer Predator Helios Neo PHN16 71 53M7 i5 13500HX (NH.QLUSV.005),Tuân,4
acer-predator-helios-neo-phn16-71-53m7-i5-nhqlusv005,Acer Predator Helios Neo PHN16 71 53M7 i5 13500HX (NH.QLUSV.005),Lê Minh Hiển,4
acer-predator-helios-neo-phn16-71-53m7-i5-nhqlusv005,Acer Predator Helios Neo PHN16 71 53M7 i5 13500HX (NH.QLUSV.005),Hiệu,4
acer-predator-helios-neo-phn16-71-53m7-i5-nhqlusv005,Acer Predator Helios Neo PHN16 71 53M7 i5 13500HX (NH.QLUSV.005),Ly Nam,5
acer-predator-helios-neo-phn16-71-53m7-i5-nhqlusv005,Acer Predator Helios Neo PHN16 71 53M7 i5 13500HX (NH.QLUSV.005),Hoàng Trọng Nhân,4
acer-predator-helios-neo-phn16-71-53m7-i5-nhqlusv005,Acer Predator Helios Neo PHN16 71 53M7 i5 13500HX (NH.QLUSV.005),Minh Quang,5
acer-predator-helios-neo-phn16-71-53m7-i5-nhqlusv005,Acer Predator Helios Neo PHN16 71 53M7 i5 13500HX (NH.QLUSV.005),Thanh Phú,5
asus-zenbook-14-oled-ux3405ma-ultra-5-pp151w,Asus Zenbook 14 OLED UX3405MA Ultra 5 125H,AFFFFF,1
asus-zenbook-14-oled-ux3405ma-ultra-5-pp151w,Asus Zenbook 14 OLED UX3405MA Ultra 5 125H,Phương Quế,4
asus-zenbook-14-oled-ux3405ma-ultra-5-pp151w,Asus Zenbook 14 OLED UX3405MA Ultra 5 125H,Trần Nhất Linh,5
asus-zenbook-14-oled-ux3405ma-ultra-5-pp151w,Asus Zenbook 14 OLED UX3405MA Ultra 5 125H,Anh Điền,4
asus-zenbook-14-oled-ux3405ma-ultra-5-pp151w,Asus Zenbook 14 OLED UX3405MA Ultra 5 125H,Dương Thị Thủy Tiên,3
asus-zenbook-14-oled-ux3405ma-ultra-5-pp151w,Asus Zenbook 14 OLED UX3405MA Ultra 5 125H,Sang,5
asus-zenbook-14-oled-ux3405ma-ultra-5-pp151w,Asus Zenbook 14 OLED UX3405MA Ultra 5 125H,A Tú,5
hp-pavilion-15-eg2081tu-i5-7c0q4pa,HP Pavilion 15 eg2081TU i5 1240P (7C0Q4PA),Đặng Ngọc Anh,4
hp-pavilion-15-eg2081tu-i5-7c0q4pa,HP Pavilion 15 eg2081TU i5 1240P (7C0Q4PA),Hồng Ni,1
hp-pavilion-15-eg2081tu-i5-7c0q4pa,HP Pavilion 15 eg2081TU i5 1240P (7C0Q4PA),Ái,4
hp-pavilion-15-eg2081tu-i5-7c0q4pa,HP Pavilion 15 eg2081TU i5 1240P (7C0Q4PA),Huyền Trang,3
hp-pavilion-15-eg2081tu-i5-7c0q4pa,HP Pavilion 15 eg2081TU i5 1240P (7C0Q4PA),Trịnh Thanh Tú,4
hp-pavilion-15-eg2081tu-i5-7c0q4pa,HP Pavilion 15 eg2081TU i5 1240P (7C0Q4PA),Diệu Thơ,5
hp-pavilion-15-eg2081tu-i5-7c0q4pa,HP Pavilion 15 eg2081TU i5 1240P (7C0Q4PA),Trí,3
hp-pavilion-15-eg2081tu-i5-7c0q4pa,HP Pavilion 15 eg2081TU i5 1240P (7C0Q4PA),Phan Văn Tiên,5
hp-pavilion-15-eg2081tu-i5-7c0q4pa,HP Pavilion 15 eg2081TU i5 1240P (7C0Q4PA),Nguyen Thi Ngoc Lan,3
hp-pavilion-15-eg2081tu-i5-7c0q4pa,HP Pavilion 15 eg2081TU i5 1240P (7C0Q4PA),Trần Thị Ngọc Ánh,1
hp-pavilion-15-eg2081tu-i5-7c0q4pa,HP Pavilion 15 eg2081TU i5 1240P (7C0Q4PA),Thư,1
hp-pavilion-15-eg2081tu-i5-7c0q4pa,HP Pavilion 15 eg2081TU i5 1240P (7C0Q4PA),Chị Hiền,2
hp-pavilion-15-eg2081tu-i5-7c0q4pa,HP Pavilion 15 eg2081TU i5 1240P (7C0Q4PA),Nguyễn Đức Hưng,5
hp-pavilion-15-eg2081tu-i5-7c0q4pa,HP Pavilion 15 eg2081TU i5 1240P (7C0Q4PA),Quang Hà,4
hp-pavilion-15-eg2081tu-i5-7c0q4pa,HP Pavilion 15 eg2081TU i5 1240P (7C0Q4PA),Huỳnh Thị Hoài Thương,4
hp-pavilion-15-eg2081tu-i5-7c0q4pa,HP Pavilion 15 eg2081TU i5 1240P (7C0Q4PA),Bùi Thị Minh Hiền,4
hp-pavilion-15-eg2081tu-i5-7c0q4pa,HP Pavilion 15 eg2081TU i5 1240P (7C0Q4PA),Lê Thị Thanh Thủy,4
hp-pavilion-15-eg2081tu-i5-7c0q4pa,HP Pavilion 15 eg2081TU i5 1240P (7C0Q4PA),Chị Liên,2
hp-pavilion-15-eg2081tu-i5-7c0q4pa,HP Pavilion 15 eg2081TU i5 1240P (7C0Q4PA),Nguyễn Văn Tuấn,4
hp-pavilion-15-eg2081tu-i5-7c0q4pa,HP Pavilion 15 eg2081TU i5 1240P (7C0Q4PA),Tâm,5
hp-pavilion-15-eg2081tu-i5-7c0q4pa,HP Pavilion 15 eg2081TU i5 1240P (7C0Q4PA),Anh Hợi,5
hp-pavilion-15-eg2081tu-i5-7c0q4pa,HP Pavilion 15 eg2081TU i5 1240P (7C0Q4PA),Chị Hiếu,4
hp-pavilion-15-eg2081tu-i5-7c0q4pa,HP Pavilion 15 eg2081TU i5 1240P (7C0Q4PA),Huỳnh Thu Trang,4
hp-pavilion-15-eg2081tu-i5-7c0q4pa,HP Pavilion 15 eg2081TU i5 1240P (7C0Q4PA),Thơ,5
hp-pavilion-15-eg2081tu-i5-7c0q4pa,HP Pavilion 15 eg2081TU i5 1240P (7C0Q4PA),Nguyễn Quốc Hùng,2
hp-pavilion-15-eg2081tu-i5-7c0q4pa,HP Pavilion 15 eg2081TU i5 1240P (7C0Q4PA),Quảng Thị Chương,5
hp-pavilion-15-eg2081tu-i5-7c0q4pa,HP Pavilion 15 eg2081TU i5 1240P (7C0Q4PA),Nguyễn Thị Ngân Hà,4
hp-pavilion-15-eg2081tu-i5-7c0q4pa,HP Pavilion 15 eg2081TU i5 1240P (7C0Q4PA),Xuân Quỳnh,4
hp-pavilion-15-eg2081tu-i5-7c0q4pa,HP Pavilion 15 eg2081TU i5 1240P (7C0Q4PA),Nguyễn Châu Bá Nhân,5
hp-pavilion-15-eg2081tu-i5-7c0q4pa,HP Pavilion 15 eg2081TU i5 1240P (7C0Q4PA),Nguyễn Hoàng Bảo Kim,5
hp-pavilion-15-eg2081tu-i5-7c0q4pa,HP Pavilion 15 eg2081TU i5 1240P (7C0Q4PA),Châu,4
hp-pavilion-15-eg2081tu-i5-7c0q4pa,HP Pavilion 15 eg2081TU i5 1240P (7C0Q4PA),Linh,4
hp-pavilion-15-eg2081tu-i5-7c0q4pa,HP Pavilion 15 eg2081TU i5 1240P (7C0Q4PA),Chị Liên,5
hp-pavilion-15-eg2081tu-i5-7c0q4pa,HP Pavilion 15 eg2081TU i5 1240P (7C0Q4PA),Trần Thanh Hà,4
hp-pavilion-15-eg2081tu-i5-7c0q4pa,HP Pavilion 15 eg2081TU i5 1240P (7C0Q4PA),Phạm Sĩ Được,5
hp-pavilion-15-eg2081tu-i5-7c0q4pa,HP Pavilion 15 eg2081TU i5 1240P (7C0Q4PA),CÔNG TY TNHH TƯ VẤN ĐẦU TƯ XÂY DỰNG VÀ THƯƠNG MẠI PHAN QUỲNH,5
dell-inspiron-15-3520-i5-n5i5052w1,Dell Inspiron 15 3520 i5 1235U (N5I5052W1),Dương Thanh Phong,5
hp-pavilion-15-eg2082tu-i5-7c0q5pa,HP Pavilion 15 eg2082TU i5 1240P (7C0Q5PA),Nguyễn Thị Trà Mi,3
hp-pavilion-15-eg2082tu-i5-7c0q5pa,HP Pavilion 15 eg2082TU i5 1240P (7C0Q5PA),Em Mi,3
hp-pavilion-15-eg2082tu-i5-7c0q5pa,HP Pavilion 15 eg2082TU i5 1240P (7C0Q5PA),Chị Liên,4
hp-pavilion-15-eg2082tu-i5-7c0q5pa,HP Pavilion 15 eg2082TU i5 1240P (7C0Q5PA),C Thu,4
hp-pavilion-15-eg2082tu-i5-7c0q5pa,HP Pavilion 15 eg2082TU i5 1240P (7C0Q5PA),Lê Thị La,2
hp-pavilion-15-eg2082tu-i5-7c0q5pa,HP Pavilion 15 eg2082TU i5 1240P (7C0Q5PA),C Thu,4
hp-pavilion-15-eg2082tu-i5-7c0q5pa,HP Pavilion 15 eg2082TU i5 1240P (7C0Q5PA),Anh Thông,1
hp-pavilion-15-eg2082tu-i5-7c0q5pa,HP Pavilion 15 eg2082TU i5 1240P (7C0Q5PA),Nguyễn Thị Vân Châu,5
hp-pavilion-15-eg2082tu-i5-7c0q5pa,HP Pavilion 15 eg2082TU i5 1240P (7C0Q5PA),E Thúy,3
hp-pavilion-15-eg2082tu-i5-7c0q5pa,HP Pavilion 15 eg2082TU i5 1240P (7C0Q5PA),Nguyễn Phương Uyên,4
hp-pavilion-15-eg2082tu-i5-7c0q5pa,HP Pavilion 15 eg2082TU i5 1240P (7C0Q5PA),Bạn Huế,5
hp-pavilion-15-eg2082tu-i5-7c0q5pa,HP Pavilion 15 eg2082TU i5 1240P (7C0Q5PA),Dinh,1
hp-pavilion-15-eg2082tu-i5-7c0q5pa,HP Pavilion 15 eg2082TU i5 1240P (7C0Q5PA),Nguyễn Hoàng Huy,3
hp-pavilion-15-eg2082tu-i5-7c0q5pa,HP Pavilion 15 eg2082TU i5 1240P (7C0Q5PA),NGUYỄN THỊ HỒNG HÀ,5
hp-pavilion-15-eg2082tu-i5-7c0q5pa,HP Pavilion 15 eg2082TU i5 1240P (7C0Q5PA),Lê Văn Thống,5
hp-pavilion-15-eg2082tu-i5-7c0q5pa,HP Pavilion 15 eg2082TU i5 1240P (7C0Q5PA),Nguyễn Thị Phương Thúy,2
hp-pavilion-15-eg2082tu-i5-7c0q5pa,HP Pavilion 15 eg2082TU i5 1240P (7C0Q5PA),Chị Chung,5
hp-pavilion-15-eg2082tu-i5-7c0q5pa,HP Pavilion 15 eg2082TU i5 1240P (7C0Q5PA),Hồng Hạnh,5
hp-pavilion-15-eg2082tu-i5-7c0q5pa,HP Pavilion 15 eg2082TU i5 1240P (7C0Q5PA),Lê Thị Ánh Tuyết,5
hp-pavilion-15-eg2082tu-i5-7c0q5pa,HP Pavilion 15 eg2082TU i5 1240P (7C0Q5PA),Anh Trúc,3
hp-pavilion-15-eg2082tu-i5-7c0q5pa,HP Pavilion 15 eg2082TU i5 1240P (7C0Q5PA),Thuỷ,3
hp-pavilion-15-eg2082tu-i5-7c0q5pa,HP Pavilion 15 eg2082TU i5 1240P (7C0Q5PA),NÔNG VĂN HƯNG,5
hp-pavilion-15-eg2082tu-i5-7c0q5pa,HP Pavilion 15 eg2082TU i5 1240P (7C0Q5PA),Chị Hằng,4
hp-pavilion-15-eg2082tu-i5-7c0q5pa,HP Pavilion 15 eg2082TU i5 1240P (7C0Q5PA),TRẦN . NGHĨA,4
hp-pavilion-15-eg2082tu-i5-7c0q5pa,HP Pavilion 15 eg2082TU i5 1240P (7C0Q5PA),Vũ Thị Mai,4
hp-pavilion-15-eg2082tu-i5-7c0q5pa,HP Pavilion 15 eg2082TU i5 1240P (7C0Q5PA),Chị Hải,4
hp-pavilion-15-eg2082tu-i5-7c0q5pa,HP Pavilion 15 eg2082TU i5 1240P (7C0Q5PA),Nguyễn Hoàng Vũ,5
hp-pavilion-15-eg2082tu-i5-7c0q5pa,HP Pavilion 15 eg2082TU i5 1240P (7C0Q5PA),Nguyễn Thành Hải,4
hp-pavilion-15-eg2082tu-i5-7c0q5pa,HP Pavilion 15 eg2082TU i5 1240P (7C0Q5PA),Anh Hậu,4
hp-pavilion-15-eg2082tu-i5-7c0q5pa,HP Pavilion 15 eg2082TU i5 1240P (7C0Q5PA),Phượng,4
hp-pavilion-15-eg2082tu-i5-7c0q5pa,HP Pavilion 15 eg2082TU i5 1240P (7C0Q5PA),Vũ Văn Ngọc,4
hp-pavilion-15-eg2082tu-i5-7c0q5pa,HP Pavilion 15 eg2082TU i5 1240P (7C0Q5PA),Chị Vũ Thị Thơm,4
hp-pavilion-15-eg2082tu-i5-7c0q5pa,HP Pavilion 15 eg2082TU i5 1240P (7C0Q5PA),Phạm Nguyễn Hương Quỳnh,5
hp-pavilion-15-eg2082tu-i5-7c0q5pa,HP Pavilion 15 eg2082TU i5 1240P (7C0Q5PA),Vũ Minh Quân,5
hp-pavilion-15-eg2082tu-i5-7c0q5pa,HP Pavilion 15 eg2082TU i5 1240P (7C0Q5PA),Chị Thủy,5
hp-pavilion-15-eg2082tu-i5-7c0q5pa,HP Pavilion 15 eg2082TU i5 1240P (7C0Q5PA),Bích Trâm,5
hp-pavilion-15-eg2082tu-i5-7c0q5pa,HP Pavilion 15 eg2082TU i5 1240P (7C0Q5PA),Chị Thuý,5
hp-pavilion-15-eg2082tu-i5-7c0q5pa,HP Pavilion 15 eg2082TU i5 1240P (7C0Q5PA),Nguyễn Duy Tịnh,1
hp-pavilion-15-eg2082tu-i5-7c0q5pa,HP Pavilion 15 eg2082TU i5 1240P (7C0Q5PA),Miela,4
hp-pavilion-15-eg2082tu-i5-7c0q5pa,HP Pavilion 15 eg2082TU i5 1240P (7C0Q5PA),Lê Thị Hiền,5
hp-pavilion-15-eg2082tu-i5-7c0q5pa,HP Pavilion 15 eg2082TU i5 1240P (7C0Q5PA),Anh Việt,5
hp-pavilion-15-eg2082tu-i5-7c0q5pa,HP Pavilion 15 eg2082TU i5 1240P (7C0Q5PA),Lê Thị Huyền Trang,5
hp-pavilion-15-eg2082tu-i5-7c0q5pa,HP Pavilion 15 eg2082TU i5 1240P (7C0Q5PA),Bạn Nga,5
hp-pavilion-15-eg2082tu-i5-7c0q5pa,HP Pavilion 15 eg2082TU i5 1240P (7C0Q5PA),Nguyễn Quốc Hưng,4
hp-pavilion-15-eg2082tu-i5-7c0q5pa,HP Pavilion 15 eg2082TU i5 1240P (7C0Q5PA),Dương Thuỳ Linh,5
hp-pavilion-15-eg2082tu-i5-7c0q5pa,HP Pavilion 15 eg2082TU i5 1240P (7C0Q5PA),HÀ PHƯỚC HIỀN,5
hp-pavilion-15-eg2082tu-i5-7c0q5pa,HP Pavilion 15 eg2082TU i5 1240P (7C0Q5PA),Dương Minh Cảnh,3
hp-pavilion-15-eg2082tu-i5-7c0q5pa,HP Pavilion 15 eg2082TU i5 1240P (7C0Q5PA),Chị Tâm,3
hp-pavilion-15-eg2082tu-i5-7c0q5pa,HP Pavilion 15 eg2082TU i5 1240P (7C0Q5PA),Nguyễn Văn Hậu,5
hp-pavilion-15-eg2082tu-i5-7c0q5pa,HP Pavilion 15 eg2082TU i5 1240P (7C0Q5PA),Nguyễn Thanh Phúc,5
hp-pavilion-15-eg2082tu-i5-7c0q5pa,HP Pavilion 15 eg2082TU i5 1240P (7C0Q5PA),Anh Trường,3
acer-aspire-5-a515-58m-56yx-i5-nxkq8sv005,Acer Aspire 5 A515 58M 56YX i5 13420H (NX.KQ8SV.005),Thịnh,4
acer-aspire-5-a515-58m-56yx-i5-nxkq8sv005,Acer Aspire 5 A515 58M 56YX i5 13420H (NX.KQ8SV.005),Nguyễn Văn Trường,5
acer-aspire-5-a515-58m-56yx-i5-nxkq8sv005,Acer Aspire 5 A515 58M 56YX i5 13420H (NX.KQ8SV.005),Lê Bảo,3
acer-aspire-5-a515-58m-56yx-i5-nxkq8sv005,Acer Aspire 5 A515 58M 56YX i5 13420H (NX.KQ8SV.005),Nhi,4
msi-prestige-14-ai-studio-c1veg-ultra-7-056vn,MSI Prestige 14 AI Studio C1VEG Ultra 7 155H (056VN),Đinh Quang Mạnh,5
dell-vostro-3530-i5-80gg93,Dell Vostro 3530 i5 1335U (80GG93),Thuỷ,2
asus-fa506ncr-r7-hn097w,Asus TUF Gaming A15 FA506NCR R7 7435HS (HN097W),Lê Văn Giỏi,3
asus-fa506ncr-r7-hn097w,Asus TUF Gaming A15 FA506NCR R7 7435HS (HN097W),Thùy Linh,3
acer-aspire-lite-16-g2-al16-52p-76du-i7-nxj2ssv005,Acer Aspire Lite 16 G2 AL16 52P 76DU i7 1355U (NX.J2SSV.005),Lý Minh Hiền,4
asus-gaming-vivobook-k3605zu-i5-rp296w,Asus Gaming Vivobook K3605ZU i5 12500H (RP296W),Thach,5
acer-aspire-lite-14-51m-36mh-i3-nxktvsv001,Acer Aspire Lite 14 51M 36MH i3 1215U (NX.KTVSV.001),Chí Công BĐS,5
acer-aspire-lite-14-51m-36mh-i3-nxktvsv001,Acer Aspire Lite 14 51M 36MH i3 1215U (NX.KTVSV.001),Phạm Thanh Ngộ,5
acer-aspire-lite-14-51m-36mh-i3-nxktvsv001,Acer Aspire Lite 14 51M 36MH i3 1215U (NX.KTVSV.001),Binh,5
asus-zenbook-14-oled-ux3405ma-ultra-7-pp152w,Asus Zenbook 14 OLED UX3405MA Ultra 7 155H (PP152W),Việt Dũng,5
asus-zenbook-14-oled-ux3405ma-ultra-7-pp152w,Asus Zenbook 14 OLED UX3405MA Ultra 7 155H (PP152W),Nguyễn Tuấn Huy,5
asus-zenbook-14-oled-ux3405ma-ultra-7-pp152w,Asus Zenbook 14 OLED UX3405MA Ultra 7 155H (PP152W),Nguyễn Thi Hiền,5
lenovo-ideapad-slim-5-14imh9-ultra-7-83da0020vn,Lenovo IdeaPad Slim 5 14IMH9 Ultra 7 155H (83DA0020VN),Trinh,3
asus-vivobook-s-14-oled-s5406ma-ultra-5-pp136w,Asus Vivobook S 14 OLED S5406MA Ultra 5 125H (PP136W),Hoài Nhơn,4
hp-pavilion-15-eg3094tu-i5-8c5l5pa,HP Pavilion 15 eg3094TU i5 1335U (8C5L5PA),Minh Nhật,5
acer-nitro-an515-58-773y-i7-12700h-nhqfksv00116g,Acer Gaming Nitro AN515 58 773Y i7 12700H (NH.QFKSV.001.16G),Minh Huy,5
hp-gaming-victus-16-r0130tx-i5-8c5n5pa,HP Gaming VICTUS 16 r0130TX i5 13500H (8C5N5PA),Vinh,5
hp-gaming-victus-16-r0130tx-i5-8c5n5pa,HP Gaming VICTUS 16 r0130TX i5 13500H (8C5N5PA),Nguyễn Văn Quang,2
dell-inspiron-15-3520-i5-71027003,Dell Inspiron 15 3520 i5 1235U (71027003),Nông Văn Hương,4
dell-inspiron-15-3520-i5-71027003,Dell Inspiron 15 3520 i5 1235U (71027003),Lê Công Hiệu,3
asus-tuf-gaming-a15-fa506nc-r5-hn017w,Asus TUF Gaming A15 FA506NC R5 7535HS (HN017W),Anh Là N,5
lenovo-ideapad-1-15alc7-r7-82r400c1vn,Lenovo Ideapad 1 15ALC7 R7 5700U (82R400C1VN),Thành,5
lenovo-ideapad-1-15alc7-r7-82r400c1vn,Lenovo Ideapad 1 15ALC7 R7 5700U (82R400C1VN),Nguyên Văn Pho,4
lenovo-ideapad-1-15alc7-r7-82r400c1vn,Lenovo Ideapad 1 15ALC7 R7 5700U (82R400C1VN),Nhung,4
lenovo-ideapad-1-15alc7-r7-82r400c1vn,Lenovo Ideapad 1 15ALC7 R7 5700U (82R400C1VN),Lê Cương,4
lenovo-ideapad-1-15alc7-r7-82r400c1vn,Lenovo Ideapad 1 15ALC7 R7 5700U (82R400C1VN),Hồng Anh,5
lenovo-ideapad-1-15alc7-r7-82r400c1vn,Lenovo Ideapad 1 15ALC7 R7 5700U (82R400C1VN),Nam,5
lenovo-ideapad-1-15alc7-r7-82r400c1vn,Lenovo Ideapad 1 15ALC7 R7 5700U (82R400C1VN),Lê Xuân Quỳnh,5
lenovo-ideapad-1-15alc7-r7-82r400c1vn,Lenovo Ideapad 1 15ALC7 R7 5700U (82R400C1VN),TRAN,4
lenovo-ideapad-1-15alc7-r7-82r400c1vn,Lenovo Ideapad 1 15ALC7 R7 5700U (82R400C1VN),Anh Hiệp,5
asus-tuf-gaming-f15-fx507zc4-i5-hn229w,Asus TUF Gaming F15 FX507ZC4 i5 12500H (HN229W),Manucian Main,4
asus-tuf-gaming-f15-fx507zc4-i5-hn229w,Asus TUF Gaming F15 FX507ZC4 i5 12500H (HN229W),Mai Trung Kiên,3
asus-tuf-gaming-f15-fx507zc4-i5-hn229w,Asus TUF Gaming F15 FX507ZC4 i5 12500H (HN229W),Trần Lê Pháp,4
asus-tuf-gaming-f15-fx507zc4-i5-hn229w,Asus TUF Gaming F15 FX507ZC4 i5 12500H (HN229W),Trần Thanh Thế,4
asus-tuf-gaming-f15-fx507zc4-i5-hn229w,Asus TUF Gaming F15 FX507ZC4 i5 12500H (HN229W),Duy Khang,5
asus-tuf-gaming-f15-fx507zc4-i5-hn229w,Asus TUF Gaming F15 FX507ZC4 i5 12500H (HN229W),Văn,3
asus-tuf-gaming-f15-fx507zc4-i5-hn229w,Asus TUF Gaming F15 FX507ZC4 i5 12500H (HN229W),Ngoc,2
asus-tuf-gaming-f15-fx507zc4-i5-hn229w,Asus TUF Gaming F15 FX507ZC4 i5 12500H (HN229W),Đào Duy Hùng,3
asus-tuf-gaming-f15-fx507zc4-i5-hn229w,Asus TUF Gaming F15 FX507ZC4 i5 12500H (HN229W),Nguyễn Hữu Tiến,4
asus-tuf-gaming-f15-fx507zc4-i5-hn229w,Asus TUF Gaming F15 FX507ZC4 i5 12500H (HN229W),Nguyễn Văn Long,5
asus-tuf-gaming-f15-fx507zc4-i5-hn229w,Asus TUF Gaming F15 FX507ZC4 i5 12500H (HN229W),Phúc,3
asus-tuf-gaming-f15-fx507zc4-i5-hn229w,Asus TUF Gaming F15 FX507ZC4 i5 12500H (HN229W),Hiệp,4
asus-tuf-gaming-f15-fx507zc4-i5-hn229w,Asus TUF Gaming F15 FX507ZC4 i5 12500H (HN229W),Anh Phương,5
asus-tuf-gaming-f15-fx507zc4-i5-hn229w,Asus TUF Gaming F15 FX507ZC4 i5 12500H (HN229W),Phạm Nguyễn Khả Vân,5
dell-vostro-15-3520-i5-5m2tt2,Dell Vostro 15 3520 i5 1235U (5M2TT2),Nguyễn Hoàng Tân,5
dell-vostro-15-3520-i5-5m2tt2,Dell Vostro 15 3520 i5 1235U (5M2TT2),Nhung,1
dell-vostro-15-3520-i5-5m2tt2,Dell Vostro 15 3520 i5 1235U (5M2TT2),Anh Lâm,5
dell-vostro-15-3520-i5-5m2tt2,Dell Vostro 15 3520 i5 1235U (5M2TT2),Trương Thị Hương Giang,3
dell-vostro-15-3520-i5-5m2tt2,Dell Vostro 15 3520 i5 1235U (5M2TT2),Chị Huyền,3
dell-vostro-15-3520-i5-5m2tt2,Dell Vostro 15 3520 i5 1235U (5M2TT2),Chị Huyền,3
dell-vostro-15-3520-i5-5m2tt2,Dell Vostro 15 3520 i5 1235U (5M2TT2),Tiến,3
dell-vostro-15-3520-i5-5m2tt2,Dell Vostro 15 3520 i5 1235U (5M2TT2),Em Trinh,5
dell-vostro-15-3520-i5-5m2tt2,Dell Vostro 15 3520 i5 1235U (5M2TT2),Thệ,5
dell-vostro-15-3520-i5-5m2tt2,Dell Vostro 15 3520 i5 1235U (5M2TT2),Đặng Văn Thới,5
dell-vostro-15-3520-i5-5m2tt2,Dell Vostro 15 3520 i5 1235U (5M2TT2),Nguyễn Tấn Cường,4
dell-vostro-15-3520-i5-5m2tt2,Dell Vostro 15 3520 i5 1235U (5M2TT2),NGUYỄN HỮU THẬT,4
dell-vostro-15-3520-i5-5m2tt2,Dell Vostro 15 3520 i5 1235U (5M2TT2),Chị Hạnh,5
dell-vostro-15-3520-i5-5m2tt2,Dell Vostro 15 3520 i5 1235U (5M2TT2),CÔNG TY TNHH THƯƠNG MẠI DỊCH VỤ NAM KHANG MOTOR,5
dell-vostro-15-3520-i5-5m2tt2,Dell Vostro 15 3520 i5 1235U (5M2TT2),Trần Tuấn Thiện,4
dell-vostro-15-3520-i5-5m2tt2,Dell Vostro 15 3520 i5 1235U (5M2TT2),Nguyễn Văn Út Tuyên,3
dell-vostro-15-3520-i5-5m2tt2,Dell Vostro 15 3520 i5 1235U (5M2TT2),Cô Dung,4
dell-vostro-15-3520-i5-5m2tt2,Dell Vostro 15 3520 i5 1235U (5M2TT2),Nguyễn Văn Đầy,2
dell-vostro-15-3520-i5-5m2tt2,Dell Vostro 15 3520 i5 1235U (5M2TT2),Chị Quyên,4
dell-vostro-15-3520-i5-5m2tt2,Dell Vostro 15 3520 i5 1235U (5M2TT2),Đích,4
dell-vostro-15-3520-i5-5m2tt2,Dell Vostro 15 3520 i5 1235U (5M2TT2),Thu Trang,3
dell-vostro-3520-i5-71030559,Dell Vostro 3520 i5 1235U (71030559),Thảo My,3
acer-nitro-5-an515-58-769j-i7-nhqfhsv003,Acer Gaming Nitro 5 Tiger AN515 58 769J i7 12700H (NH.QFHSV.003),Ngô Văn Thắng,1
acer-nitro-5-an515-58-769j-i7-nhqfhsv003,Acer Gaming Nitro 5 Tiger AN515 58 769J i7 12700H (NH.QFHSV.003),Toại,5
acer-nitro-5-an515-58-769j-i7-nhqfhsv003,Acer Gaming Nitro 5 Tiger AN515 58 769J i7 12700H (NH.QFHSV.003),Trần Minh Lâm,5
acer-nitro-5-an515-58-769j-i7-nhqfhsv003,Acer Gaming Nitro 5 Tiger AN515 58 769J i7 12700H (NH.QFHSV.003),Phan Đức Huy,5
acer-nitro-5-an515-58-769j-i7-nhqfhsv003,Acer Gaming Nitro 5 Tiger AN515 58 769J i7 12700H (NH.QFHSV.003),Nguyễn Văn Phúc,5
acer-nitro-5-an515-58-769j-i7-nhqfhsv003,Acer Gaming Nitro 5 Tiger AN515 58 769J i7 12700H (NH.QFHSV.003),Vũ Đăng Định,5
acer-nitro-5-an515-58-769j-i7-nhqfhsv003,Acer Gaming Nitro 5 Tiger AN515 58 769J i7 12700H (NH.QFHSV.003),Lộc,4
acer-nitro-5-an515-58-769j-i7-nhqfhsv003,Acer Gaming Nitro 5 Tiger AN515 58 769J i7 12700H (NH.QFHSV.003),Bùi Mạnh Cường,4
acer-nitro-5-an515-58-769j-i7-nhqfhsv003,Acer Gaming Nitro 5 Tiger AN515 58 769J i7 12700H (NH.QFHSV.003),Em Hiếu,5
acer-nitro-5-an515-58-769j-i7-nhqfhsv003,Acer Gaming Nitro 5 Tiger AN515 58 769J i7 12700H (NH.QFHSV.003),Hải Thịnh,4
acer-nitro-5-an515-58-769j-i7-nhqfhsv003,Acer Gaming Nitro 5 Tiger AN515 58 769J i7 12700H (NH.QFHSV.003),Gia Huân,3
acer-nitro-5-an515-58-769j-i7-nhqfhsv003,Acer Gaming Nitro 5 Tiger AN515 58 769J i7 12700H (NH.QFHSV.003),Châu Minh Tâm,5
acer-aspire-a514-54-5127-i5-nxa28sv007,Acer Aspire 5 A514 54 5127 i5 1135G7 (NX.A28SV.007),Thanh,1
acer-aspire-a514-54-5127-i5-nxa28sv007,Acer Aspire 5 A514 54 5127 i5 1135G7 (NX.A28SV.007),Chú Quân,4
acer-aspire-a514-54-5127-i5-nxa28sv007,Acer Aspire 5 A514 54 5127 i5 1135G7 (NX.A28SV.007),Nguyễn Vũ Nguyên,5
acer-aspire-a514-54-5127-i5-nxa28sv007,Acer Aspire 5 A514 54 5127 i5 1135G7 (NX.A28SV.007),Trung,3
acer-aspire-a514-54-5127-i5-nxa28sv007,Acer Aspire 5 A514 54 5127 i5 1135G7 (NX.A28SV.007),Anh Tùng,4
acer-aspire-a514-54-5127-i5-nxa28sv007,Acer Aspire 5 A514 54 5127 i5 1135G7 (NX.A28SV.007),Huy,4
acer-aspire-a514-54-5127-i5-nxa28sv007,Acer Aspire 5 A514 54 5127 i5 1135G7 (NX.A28SV.007),Hoàng Hùng,4
acer-aspire-a514-54-5127-i5-nxa28sv007,Acer Aspire 5 A514 54 5127 i5 1135G7 (NX.A28SV.007),Nguyễn Thế Anh,2
acer-aspire-a514-54-5127-i5-nxa28sv007,Acer Aspire 5 A514 54 5127 i5 1135G7 (NX.A28SV.007),Tâm Nhi,3
acer-aspire-a514-54-5127-i5-nxa28sv007,Acer Aspire 5 A514 54 5127 i5 1135G7 (NX.A28SV.007),Anh Thuận,5
acer-aspire-a514-54-5127-i5-nxa28sv007,Acer Aspire 5 A514 54 5127 i5 1135G7 (NX.A28SV.007),Nguyễn Đặng Thanh Mỹ,3
acer-aspire-a514-54-5127-i5-nxa28sv007,Acer Aspire 5 A514 54 5127 i5 1135G7 (NX.A28SV.007),Chi,5
acer-aspire-a514-54-5127-i5-nxa28sv007,Acer Aspire 5 A514 54 5127 i5 1135G7 (NX.A28SV.007),Nguyễn Diệu Linh,5
acer-aspire-a514-54-5127-i5-nxa28sv007,Acer Aspire 5 A514 54 5127 i5 1135G7 (NX.A28SV.007),Thuỳ Dương,5
acer-aspire-a514-54-5127-i5-nxa28sv007,Acer Aspire 5 A514 54 5127 i5 1135G7 (NX.A28SV.007),Nguyễn My,4
acer-aspire-a514-54-5127-i5-nxa28sv007,Acer Aspire 5 A514 54 5127 i5 1135G7 (NX.A28SV.007),Lê Kim Ngọc,5
acer-aspire-a514-54-5127-i5-nxa28sv007,Acer Aspire 5 A514 54 5127 i5 1135G7 (NX.A28SV.007),Chị Lập,5
acer-aspire-a514-54-5127-i5-nxa28sv007,Acer Aspire 5 A514 54 5127 i5 1135G7 (NX.A28SV.007),Trần Văn Tuyên,4
acer-aspire-a514-54-5127-i5-nxa28sv007,Acer Aspire 5 A514 54 5127 i5 1135G7 (NX.A28SV.007),Nguyen Thi Ngoc Lanh,5
acer-aspire-a514-54-5127-i5-nxa28sv007,Acer Aspire 5 A514 54 5127 i5 1135G7 (NX.A28SV.007),Thắng,4
acer-aspire-a514-54-5127-i5-nxa28sv007,Acer Aspire 5 A514 54 5127 i5 1135G7 (NX.A28SV.007),Đỗ Thị Phương,3
acer-aspire-a514-54-5127-i5-nxa28sv007,Acer Aspire 5 A514 54 5127 i5 1135G7 (NX.A28SV.007),Đỗ Trường Giang,4
acer-aspire-a514-54-5127-i5-nxa28sv007,Acer Aspire 5 A514 54 5127 i5 1135G7 (NX.A28SV.007),Tạ Thị Ngọc Xuân,4
acer-aspire-a514-54-5127-i5-nxa28sv007,Acer Aspire 5 A514 54 5127 i5 1135G7 (NX.A28SV.007),Hường,5
acer-aspire-a514-54-5127-i5-nxa28sv007,Acer Aspire 5 A514 54 5127 i5 1135G7 (NX.A28SV.007),Ngoc Mai,5
acer-aspire-a514-54-5127-i5-nxa28sv007,Acer Aspire 5 A514 54 5127 i5 1135G7 (NX.A28SV.007),Em Nhiên,3
acer-aspire-a514-54-5127-i5-nxa28sv007,Acer Aspire 5 A514 54 5127 i5 1135G7 (NX.A28SV.007),Trương Thị Kim Loan,4
asus-tuf-gaming-a15-fa506nf-r5-hn012w?utm_flashsale=1,Asus TUF Gaming A15 FA506NF R5 7535HS (HN012W),Lê Minh Đức,4
asus-tuf-gaming-a15-fa506nf-r5-hn012w?utm_flashsale=1,Asus TUF Gaming A15 FA506NF R5 7535HS (HN012W),Huỳnh Thanh Thảo,3
asus-tuf-gaming-a15-fa506nf-r5-hn012w?utm_flashsale=1,Asus TUF Gaming A15 FA506NF R5 7535HS (HN012W),Phạm Hoàng Anh Tú,4
asus-tuf-gaming-a15-fa506nf-r5-hn012w?utm_flashsale=1,Asus TUF Gaming A15 FA506NF R5 7535HS (HN012W),Lê Hữu Anh,5
asus-tuf-gaming-a15-fa506nf-r5-hn012w?utm_flashsale=1,Asus TUF Gaming A15 FA506NF R5 7535HS (HN012W),Nguyễn Đức Anh,5
asus-tuf-gaming-a15-fa506nf-r5-hn012w?utm_flashsale=1,Asus TUF Gaming A15 FA506NF R5 7535HS (HN012W),Em Tới,5
asus-tuf-gaming-a15-fa506nf-r5-hn012w?utm_flashsale=1,Asus TUF Gaming A15 FA506NF R5 7535HS (HN012W),Hồ Mậu Thương,4
dell-inspiron-15-3520-i5u085w11blu?utm_flashsale=1,Dell Inspiron 15 3520 i5 1235U (i5U085W11BLU),Phúc,1
dell-inspiron-15-3520-i5u085w11blu?utm_flashsale=1,Dell Inspiron 15 3520 i5 1235U (i5U085W11BLU),LƯƠNG HOÀNG BẢO KHÁNH,5
dell-inspiron-15-3520-i5u085w11blu?utm_flashsale=1,Dell Inspiron 15 3520 i5 1235U (i5U085W11BLU),Nguyễn Đình Khương,1
dell-inspiron-15-3520-i5u085w11blu?utm_flashsale=1,Dell Inspiron 15 3520 i5 1235U (i5U085W11BLU),Truong,5
dell-inspiron-15-3520-i5u085w11blu?utm_flashsale=1,Dell Inspiron 15 3520 i5 1235U (i5U085W11BLU),Hà Đình Dũng,4
dell-inspiron-15-3520-i5u085w11blu?utm_flashsale=1,Dell Inspiron 15 3520 i5 1235U (i5U085W11BLU),Trần Trọng Nghĩa,4
dell-inspiron-15-3520-i5u085w11blu?utm_flashsale=1,Dell Inspiron 15 3520 i5 1235U (i5U085W11BLU),Dương Thị Thúy Loan,2
dell-inspiron-15-3520-i5u085w11blu?utm_flashsale=1,Dell Inspiron 15 3520 i5 1235U (i5U085W11BLU),Hoàng Anh,2
dell-inspiron-15-3520-i5u085w11blu?utm_flashsale=1,Dell Inspiron 15 3520 i5 1235U (i5U085W11BLU),VŨ ĐÌNH NGHĨA,5
dell-inspiron-15-3520-i5u085w11blu?utm_flashsale=1,Dell Inspiron 15 3520 i5 1235U (i5U085W11BLU),Tràn Văn Thái,2
dell-inspiron-15-3520-i5u085w11blu?utm_flashsale=1,Dell Inspiron 15 3520 i5 1235U (i5U085W11BLU),Phan Tú Nhi,5
dell-inspiron-15-3520-i5u085w11blu?utm_flashsale=1,Dell Inspiron 15 3520 i5 1235U (i5U085W11BLU),Nguyễn Đình Tuyển,5
dell-inspiron-15-3520-i5u085w11blu?utm_flashsale=1,Dell Inspiron 15 3520 i5 1235U (i5U085W11BLU),Anh Hoàn,4
dell-inspiron-15-3520-i5u085w11blu?utm_flashsale=1,Dell Inspiron 15 3520 i5 1235U (i5U085W11BLU),A Huân,4
dell-inspiron-15-3520-i5u085w11blu?utm_flashsale=1,Dell Inspiron 15 3520 i5 1235U (i5U085W11BLU),Phạm Thị Ái Vân,4
dell-inspiron-15-3520-i5u085w11blu?utm_flashsale=1,Dell Inspiron 15 3520 i5 1235U (i5U085W11BLU),Nguyễn Đức Ngọc,5
dell-inspiron-15-3520-i5u085w11blu?utm_flashsale=1,Dell Inspiron 15 3520 i5 1235U (i5U085W11BLU),Thúy Ly,5
dell-inspiron-15-3520-i5u085w11blu?utm_flashsale=1,Dell Inspiron 15 3520 i5 1235U (i5U085W11BLU),Lê Thị Thu Uyên,4
dell-inspiron-15-3520-i5u085w11blu?utm_flashsale=1,Dell Inspiron 15 3520 i5 1235U (i5U085W11BLU),Em Bình,5
dell-inspiron-15-3520-i5u085w11blu?utm_flashsale=1,Dell Inspiron 15 3520 i5 1235U (i5U085W11BLU),Trần Duy Hưng,5
dell-inspiron-15-3520-i5u085w11blu?utm_flashsale=1,Dell Inspiron 15 3520 i5 1235U (i5U085W11BLU),Trần Duy Hưng,5
dell-inspiron-15-3520-i5u085w11blu?utm_flashsale=1,Dell Inspiron 15 3520 i5 1235U (i5U085W11BLU),Hưng Hà,5
dell-inspiron-15-3520-i5u085w11blu?utm_flashsale=1,Dell Inspiron 15 3520 i5 1235U (i5U085W11BLU),Thanh Duy,5
dell-inspiron-15-3520-i5u085w11blu?utm_flashsale=1,Dell Inspiron 15 3520 i5 1235U (i5U085W11BLU),Amida,5
dell-inspiron-15-3520-i5u085w11blu?utm_flashsale=1,Dell Inspiron 15 3520 i5 1235U (i5U085W11BLU),Anh Thi,3
acer-aspire-5-a515-58m-79r7-i7-nxkq8sv007,Acer Aspire 5 A515 58M 79R7 i7 13620H (NX.KQ8SV.007),Giá Cát,5
acer-aspire-5-a515-58m-79r7-i7-nxkq8sv007,Acer Aspire 5 A515 58M 79R7 i7 13620H (NX.KQ8SV.007),Trà Ngọc Kim Ngân,4
dell-inspiron-3530-i5-1335u-i5u085w11blu,Dell Inspiron 15 3530 i5 1335U (N3530-i5U085W11BLU),Trang,1
dell-inspiron-3530-i5-1335u-i5u085w11blu,Dell Inspiron 15 3530 i5 1335U (N3530-i5U085W11BLU),Bá Nhất,4
dell-inspiron-3530-i5-1335u-i5u085w11blu,Dell Inspiron 15 3530 i5 1335U (N3530-i5U085W11BLU),Thiên Nhi,3
dell-inspiron-3530-i5-1335u-i5u085w11blu,Dell Inspiron 15 3530 i5 1335U (N3530-i5U085W11BLU),Phúc,5
dell-inspiron-3530-i5-1335u-i5u085w11blu,Dell Inspiron 15 3530 i5 1335U (N3530-i5U085W11BLU),NGUYỄN THỊ THỦY,3
dell-inspiron-3530-i5-1335u-i5u085w11blu,Dell Inspiron 15 3530 i5 1335U (N3530-i5U085W11BLU),Anh Bảo Anh,5
dell-inspiron-3530-i5-1335u-i5u085w11blu,Dell Inspiron 15 3530 i5 1335U (N3530-i5U085W11BLU),Minh,3
dell-inspiron-3530-i5-1335u-i5u085w11blu,Dell Inspiron 15 3530 i5 1335U (N3530-i5U085W11BLU),Như,4
dell-inspiron-3530-i5-1335u-i5u085w11blu,Dell Inspiron 15 3530 i5 1335U (N3530-i5U085W11BLU),Nguyễn Phan Khánh An,5
dell-inspiron-3530-i5-1335u-i5u085w11blu,Dell Inspiron 15 3530 i5 1335U (N3530-i5U085W11BLU),LÊ THỊ HOÀI LINH,5
dell-vostro-15-3520-i5-i5u165w11gru,Dell Vostro 15 3520 i5 1235U (i5U165W11GRU),Quỳnh,5
hp-elitebook-630-g10-i7-873f2pa?utm_flashsale=1,HP Elitebook 630 G10 i7 1355U (873F2PA),Huỳnh Tấn Cường,5
hp-pavilion-15-eg3095tu-i5-8c5l6pa,HP Pavilion 15 eg3095TU i5 1335U (8C5L6PA),Huỳnh Tấn Tài,5
hp-pavilion-15-eg3095tu-i5-8c5l6pa,HP Pavilion 15 eg3095TU i5 1335U (8C5L6PA),MAI HOÀNG NHÂN,5
dell-inspiron-15-3530-i7-71026454,Dell Inspiron 15 3530 i7 1355U (71026454),Phan Lộc,2
asus-vivobook-14x-oled-k3405vc-i5-km006w?utm_flashsale=1,Asus Vivobook 14X OLED K3405VC i5 13500H (KM006W),Nguyen Truong Giang,5
asus-vivobook-14x-oled-k3405vc-i5-km006w?utm_flashsale=1,Asus Vivobook 14X OLED K3405VC i5 13500H (KM006W),Ngân Cường,5
asus-vivobook-14x-oled-k3405vc-i5-km006w?utm_flashsale=1,Asus Vivobook 14X OLED K3405VC i5 13500H (KM006W),Hương,4
asus-vivobook-14x-oled-k3405vc-i5-km006w?utm_flashsale=1,Asus Vivobook 14X OLED K3405VC i5 13500H (KM006W),Nguyễn Thùy Linh,5
asus-vivobook-14x-oled-k3405vc-i5-km006w?utm_flashsale=1,Asus Vivobook 14X OLED K3405VC i5 13500H (KM006W),Dung,4
asus-vivobook-14x-oled-k3405vc-i5-km006w?utm_flashsale=1,Asus Vivobook 14X OLED K3405VC i5 13500H (KM006W),TRẦN XUÂN DANH,5
asus-vivobook-14x-oled-k3405vc-i5-km006w?utm_flashsale=1,Asus Vivobook 14X OLED K3405VC i5 13500H (KM006W),Anh Huy,4
asus-vivobook-14x-oled-k3405vc-i5-km006w?utm_flashsale=1,Asus Vivobook 14X OLED K3405VC i5 13500H (KM006W),Hoàng Đức Minh,5
asus-vivobook-14x-oled-k3405vc-i5-km006w?utm_flashsale=1,Asus Vivobook 14X OLED K3405VC i5 13500H (KM006W),Quách Như Lam,4
asus-vivobook-14x-oled-k3405vc-i5-km006w?utm_flashsale=1,Asus Vivobook 14X OLED K3405VC i5 13500H (KM006W),Nguyễn Thị Xuân Phương,4
asus-zenbook-14-oled-ux3405ma-ultra-9-pp475w,Asus Zenbook 14 OLED UX3405MA Ultra 9 185H (PP475W),Trang Duy Tường,5
asus-zenbook-14-oled-ux3405ma-ultra-9-pp475w,Asus Zenbook 14 OLED UX3405MA Ultra 9 185H (PP475W),Nguyen Do Tan Khoa,1
dell-vostro-15-3520-i5-v3520i5u165w11gru,Dell Vostro 15 3520 i5 1235U (V3520-i5U165W11GRU),Nga.Nguyen,1
asus-ux5406sa-ultra-7-pv140ws,Asus Zenbook S 14 UX5406SA Ultra 7 258V (PV140WS),Huy,5
asus-vivobook-15-x1504va-nj023w,Asus Vivobook 15 X1504VA i7 1355U (NJ023W),Kim Ngân,3
asus-vivobook-15-x1504va-nj023w,Asus Vivobook 15 X1504VA i7 1355U (NJ023W),Panh,1
asus-vivobook-15-x1504va-nj023w,Asus Vivobook 15 X1504VA i7 1355U (NJ023W),Nguyễn Trọng Thêm,3
asus-vivobook-15-x1504va-nj023w,Asus Vivobook 15 X1504VA i7 1355U (NJ023W),Huỳnh Thị Ngọc Thy,2
asus-vivobook-15-x1504va-nj023w,Asus Vivobook 15 X1504VA i7 1355U (NJ023W),Lê Thanh Hòa,1
asus-vivobook-15-x1504va-nj023w,Asus Vivobook 15 X1504VA i7 1355U (NJ023W),Nguyễn Phúc Hưng,2
asus-vivobook-15-x1504va-nj023w,Asus Vivobook 15 X1504VA i7 1355U (NJ023W),Như,4
asus-vivobook-15-x1504va-nj023w,Asus Vivobook 15 X1504VA i7 1355U (NJ023W),Huỳnh Kim Yến,3
asus-vivobook-15-x1504va-nj023w,Asus Vivobook 15 X1504VA i7 1355U (NJ023W),TRẦN TRÍ KIÊN,5
asus-vivobook-15-x1504va-nj023w,Asus Vivobook 15 X1504VA i7 1355U (NJ023W),Hải,5
asus-vivobook-15-x1504va-nj023w,Asus Vivobook 15 X1504VA i7 1355U (NJ023W),Văn Thị Phương Uyên,5
asus-vivobook-15-x1504va-nj023w,Asus Vivobook 15 X1504VA i7 1355U (NJ023W),Phạm Đình Tuấn,4
asus-vivobook-15-x1504va-nj023w,Asus Vivobook 15 X1504VA i7 1355U (NJ023W),Chị Thuỳ Trang,2
asus-vivobook-15-x1504va-nj023w,Asus Vivobook 15 X1504VA i7 1355U (NJ023W),Cẩm Thu,5
asus-vivobook-15-x1504va-nj023w,Asus Vivobook 15 X1504VA i7 1355U (NJ023W),Anh Quí,5
asus-vivobook-15-x1504va-nj023w,Asus Vivobook 15 X1504VA i7 1355U (NJ023W),Đường Ngọc Vân Thảo,3
asus-tuf-gaming-a15-fa507nv-r7-lp031w,Asus TUF Gaming A15 FA507NV R7 7735HS (LP031W),Nguyễn Đình Huấn,5
asus-tuf-gaming-a15-fa507nv-r7-lp031w,Asus TUF Gaming A15 FA507NV R7 7735HS (LP031W),Nguyễn Đức Toàn,5
asus-tuf-gaming-a15-fa507nv-r7-lp031w,Asus TUF Gaming A15 FA507NV R7 7735HS (LP031W),Nguyễn Văn Thành,5
asus-tuf-gaming-a15-fa507nv-r7-lp031w,Asus TUF Gaming A15 FA507NV R7 7735HS (LP031W),TRẦN THANH TOÀN,4
asus-tuf-gaming-a15-fa507nv-r7-lp031w,Asus TUF Gaming A15 FA507NV R7 7735HS (LP031W),Lê Ngọc Đăng,5
asus-tuf-gaming-a15-fa507nv-r7-lp031w,Asus TUF Gaming A15 FA507NV R7 7735HS (LP031W),Anh Thiện,5
hp-probook-450-g10-i5-873d1pa,HP Probook 450 G10 i5 1335U (873D1PA),Ngọc Trân,5
asus-tuf-gaming-f15-fx507vu-i7-lp167w,Asus TUF Gaming F15 FX507VU i7 13620H (LP167W),Vương Cẩm Thanh,4
hp-elitebook-630-g10-i7-9j0b7pt?utm_flashsale=1,HP Elitebook 630 G10 i7 1355U (9J0B7PT),Ken,5
asus-tuf-gaming-fx517ze-i5-hn045w,Asus TUF Gaming Dash F15 FX517ZE i5 12450H (HN045W),Lộc,5
asus-tuf-gaming-fx517ze-i5-hn045w,Asus TUF Gaming Dash F15 FX517ZE i5 12450H (HN045W),Thân Việt Hưng,2
asus-tuf-gaming-fx517ze-i5-hn045w,Asus TUF Gaming Dash F15 FX517ZE i5 12450H (HN045W),Duy Nhứt,5
asus-tuf-gaming-fx517ze-i5-hn045w,Asus TUF Gaming Dash F15 FX517ZE i5 12450H (HN045W),Cao Phương Ngân,3
asus-tuf-gaming-fx517ze-i5-hn045w,Asus TUF Gaming Dash F15 FX517ZE i5 12450H (HN045W),Bùi Hữu Bình,2
asus-tuf-gaming-fx517ze-i5-hn045w,Asus TUF Gaming Dash F15 FX517ZE i5 12450H (HN045W),Nguyễn Phan Tấn Đạt,5
asus-tuf-gaming-fx517ze-i5-hn045w,Asus TUF Gaming Dash F15 FX517ZE i5 12450H (HN045W),Nguyễn Việt Trung,5
asus-tuf-gaming-fx517ze-i5-hn045w,Asus TUF Gaming Dash F15 FX517ZE i5 12450H (HN045W),Võ Văn Tài,5
asus-tuf-gaming-fx517ze-i5-hn045w,Asus TUF Gaming Dash F15 FX517ZE i5 12450H (HN045W),Đặng Phú Vinh,5
asus-tuf-gaming-fx517ze-i5-hn045w,Asus TUF Gaming Dash F15 FX517ZE i5 12450H (HN045W),Nguyễn Ngọc Thuận,4
asus-tuf-gaming-fx517ze-i5-hn045w,Asus TUF Gaming Dash F15 FX517ZE i5 12450H (HN045W),Nguyễn Thành Tài,5
asus-tuf-gaming-fx517ze-i5-hn045w,Asus TUF Gaming Dash F15 FX517ZE i5 12450H (HN045W),CÔNG TY TNHH ĐIỆN TỬ PRIME VIỆT NAM,5
asus-tuf-gaming-fx517ze-i5-hn045w,Asus TUF Gaming Dash F15 FX517ZE i5 12450H (HN045W),Dương Thị Cẩm Ly,5
asus-tuf-gaming-fx517ze-i5-hn045w,Asus TUF Gaming Dash F15 FX517ZE i5 12450H (HN045W),Anh Mẫn,5
asus-tuf-gaming-fx517ze-i5-hn045w,Asus TUF Gaming Dash F15 FX517ZE i5 12450H (HN045W),Nguyễn Thị Thu Hằng,5
asus-tuf-gaming-fx517ze-i5-hn045w,Asus TUF Gaming Dash F15 FX517ZE i5 12450H (HN045W),Quảng,4
asus-tuf-gaming-fx517ze-i5-hn045w,Asus TUF Gaming Dash F15 FX517ZE i5 12450H (HN045W),Khanh Nguyen,4
asus-tuf-gaming-fx517ze-i5-hn045w,Asus TUF Gaming Dash F15 FX517ZE i5 12450H (HN045W),Trần Thị Hiểu Phương,4
asus-tuf-gaming-fx517ze-i5-hn045w,Asus TUF Gaming Dash F15 FX517ZE i5 12450H (HN045W),Từ,5
asus-tuf-gaming-fx517ze-i5-hn045w,Asus TUF Gaming Dash F15 FX517ZE i5 12450H (HN045W),Minh,4
asus-tuf-gaming-fx517ze-i5-hn045w,Asus TUF Gaming Dash F15 FX517ZE i5 12450H (HN045W),Thầy Quân,5
asus-tuf-gaming-fx517ze-i5-hn045w,Asus TUF Gaming Dash F15 FX517ZE i5 12450H (HN045W),Nguyễn Thanh Hiển,5
asus-tuf-gaming-fx517ze-i5-hn045w,Asus TUF Gaming Dash F15 FX517ZE i5 12450H (HN045W),Nguyễn Phúc Luân,5
asus-tuf-gaming-fx517ze-i5-hn045w,Asus TUF Gaming Dash F15 FX517ZE i5 12450H (HN045W),Lê Thị Cẩm Tiên,5
asus-tuf-gaming-fx517ze-i5-hn045w,Asus TUF Gaming Dash F15 FX517ZE i5 12450H (HN045W),Dự,4
asus-tuf-gaming-fx517ze-i5-hn045w,Asus TUF Gaming Dash F15 FX517ZE i5 12450H (HN045W),Mẫn,5
asus-tuf-gaming-fx517ze-i5-hn045w,Asus TUF Gaming Dash F15 FX517ZE i5 12450H (HN045W),Trương Ngọc Bằng,5
asus-tuf-gaming-fx517ze-i5-hn045w,Asus TUF Gaming Dash F15 FX517ZE i5 12450H (HN045W),Long,4
asus-tuf-gaming-fx517ze-i5-hn045w,Asus TUF Gaming Dash F15 FX517ZE i5 12450H (HN045W),Nguyễn Văn Linh,5
asus-tuf-gaming-fx517ze-i5-hn045w,Asus TUF Gaming Dash F15 FX517ZE i5 12450H (HN045W),Nguyen Minh Luan,5
asus-tuf-gaming-fx517ze-i5-hn045w,Asus TUF Gaming Dash F15 FX517ZE i5 12450H (HN045W),Anh Thắng,5
asus-tuf-gaming-fx517ze-i5-hn045w,Asus TUF Gaming Dash F15 FX517ZE i5 12450H (HN045W),Duy,5
asus-tuf-gaming-fx517ze-i5-hn045w,Asus TUF Gaming Dash F15 FX517ZE i5 12450H (HN045W),Nguyễn Hữu Toàn,5
asus-tuf-gaming-fx517ze-i5-hn045w,Asus TUF Gaming Dash F15 FX517ZE i5 12450H (HN045W),Toàn,4
asus-tuf-gaming-fx517ze-i5-hn045w,Asus TUF Gaming Dash F15 FX517ZE i5 12450H (HN045W),Phạm Thành Phước,5
asus-tuf-gaming-fx517ze-i5-hn045w,Asus TUF Gaming Dash F15 FX517ZE i5 12450H (HN045W),Tran Thanh Nam,5
asus-tuf-gaming-fx517ze-i5-hn045w,Asus TUF Gaming Dash F15 FX517ZE i5 12450H (HN045W),Em Dũng,5
asus-tuf-gaming-fx517ze-i5-hn045w,Asus TUF Gaming Dash F15 FX517ZE i5 12450H (HN045W),Lê Quang Khải,4
asus-tuf-gaming-fx517ze-i5-hn045w,Asus TUF Gaming Dash F15 FX517ZE i5 12450H (HN045W),Danh Phước Tài,5
asus-tuf-gaming-fx517ze-i5-hn045w,Asus TUF Gaming Dash F15 FX517ZE i5 12450H (HN045W),Nguyễn Bình Trọng,5
asus-tuf-gaming-fx517ze-i5-hn045w,Asus TUF Gaming Dash F15 FX517ZE i5 12450H (HN045W),Phạm Minh Tài,5
asus-vivobook-15-x1504va-i5-nj025w,Asus Vivobook 15 X1504VA i5 1335U (NJ025W),Nam,3
asus-vivobook-15-x1504va-i5-nj025w,Asus Vivobook 15 X1504VA i5 1335U (NJ025W),Tuyền,4
asus-vivobook-15-x1504va-i5-nj025w,Asus Vivobook 15 X1504VA i5 1335U (NJ025W),Anh Cảnh,3
asus-vivobook-15-x1504va-i5-nj025w,Asus Vivobook 15 X1504VA i5 1335U (NJ025W),Anh Lâm,5
asus-vivobook-15-x1504va-i5-nj025w,Asus Vivobook 15 X1504VA i5 1335U (NJ025W),Hoàng Diệu Thùy,3
asus-vivobook-15-x1504va-i5-nj025w,Asus Vivobook 15 X1504VA i5 1335U (NJ025W),Lâm Mỹ Phụng,1
asus-vivobook-15-x1504va-i5-nj025w,Asus Vivobook 15 X1504VA i5 1335U (NJ025W),Trần Thị Vân Ngọc,3
asus-vivobook-15-x1504va-i5-nj025w,Asus Vivobook 15 X1504VA i5 1335U (NJ025W),Nguyễn Giang Lam,4
asus-vivobook-15-x1504va-i5-nj025w,Asus Vivobook 15 X1504VA i5 1335U (NJ025W),Lê Thành Bảo,5
asus-vivobook-15-x1504va-i5-nj025w,Asus Vivobook 15 X1504VA i5 1335U (NJ025W),Hue,4
asus-vivobook-15-x1504va-i5-nj025w,Asus Vivobook 15 X1504VA i5 1335U (NJ025W),Võ Hoàng Phi,5
asus-vivobook-15-x1504va-i5-nj025w,Asus Vivobook 15 X1504VA i5 1335U (NJ025W),Nguyễn Thành Công,5
asus-vivobook-15-x1504va-i5-nj025w,Asus Vivobook 15 X1504VA i5 1335U (NJ025W),An,4
asus-vivobook-15-x1504va-i5-nj025w,Asus Vivobook 15 X1504VA i5 1335U (NJ025W),QUỲNH NHƯ,5
asus-vivobook-15-x1504va-i5-nj025w,Asus Vivobook 15 X1504VA i5 1335U (NJ025W),Đinh Ngọc Cẩm Tú,4
asus-vivobook-15-x1504va-i5-nj025w,Asus Vivobook 15 X1504VA i5 1335U (NJ025W),Trần Hữu Thêm,4
asus-vivobook-15-x1504va-i5-nj025w,Asus Vivobook 15 X1504VA i5 1335U (NJ025W),Vũ Thị Ngọc Bích,3
asus-vivobook-15-x1504va-i5-nj025w,Asus Vivobook 15 X1504VA i5 1335U (NJ025W),Lục Thu Trang,5
asus-vivobook-15-x1504va-i5-nj025w,Asus Vivobook 15 X1504VA i5 1335U (NJ025W),Trang,4
macbook-air-13-inch-m4-24gb-256gb,MacBook Air 13 inch M4 24GB/256GB,An,1
macbook-pro-16-inch-m4-pro-24gb-1tb,MacBook Pro 16 inch M4 Pro 24GB/1TB,Tan.Ng,5
lenovo-ideapad-slim-5-oled-14akp10-r7-ai-350-83hx001jvn,Lenovo Ideapad Slim 5 OLED 14AKP10 R7 AI 350 (83HX001JVN),Quang Duy,5
