id_product,name_product,username,rating
cap-type-c-type-c-2m-xmobile-dr-t11?utm_flashsale=1,Cáp Type C - Type C 2m Xmobile DR-T11,Hoàng Lập,3
sac-xe-hoi-type-c-pd-30w-baseus-tiny-star-mini-vchxxc,Sạc xe hơi Baseus VCHXXC,Hướng,1
cap-type-c-1m-xmobile-dr-t10?utm_flashsale=1,Cáp Type C 1m Xmobile DR-T10,Quốc Lượng,5
adapter-sac-type-c-pd-gan-30w-xmobile-ds051a?utm_flashsale=1,Sạc Xmobile DS051A,Hồ Lê Hoài Phong,2
adapter-sac-2-cong-usb-type-c-iq3-20w-anker-a2348,Sạc 2 cổng Anker A2348,Bùi Văn Thủy,2
adapter-sac-2-cong-usb-type-c-iq3-20w-anker-a2348,Sạc 2 cổng Anker A2348,Hữu Nhị,4
adapter-sac-2-cong-usb-type-c-iq3-20w-anker-a2348,Sạc 2 cổng Anker A2348,Triệu Văn Thủy,2
adapter-sac-2-cong-usb-type-c-iq3-20w-anker-a2348,Sạc 2 cổng Anker A2348,Trực,5
cap-type-c-1m-ava-cs-cl0862?utm_flashsale=1,Cáp Type C 1m AVA+ CS-CL0862,Lê Phạm Hoàng Ân,1
bo-adapter-sac-kem-cap-type-c-type-c-pd-45w-samsung-ep-t4511,Sạc Samsung kèm cáp Type C - Type C EP-T4511,Thanh Lê,3
bo-adapter-sac-kem-cap-type-c-type-c-pd-45w-samsung-ep-t4511,Sạc Samsung kèm cáp Type C - Type C EP-T4511,Nguyễn Văn Thành,4
bo-adapter-sac-kem-cap-type-c-type-c-pd-45w-samsung-ep-t4511,Sạc Samsung kèm cáp Type C - Type C EP-T4511,Trần Ngọc Hòa,5
bo-adapter-sac-kem-cap-type-c-type-c-pd-45w-samsung-ep-t4511,Sạc Samsung kèm cáp Type C - Type C EP-T4511,Phạm Văn Việt,5
bo-adapter-sac-kem-cap-type-c-type-c-pd-45w-samsung-ep-t4511,Sạc Samsung kèm cáp Type C - Type C EP-T4511,Nguyễn Quốc Điệp,4
bo-adapter-sac-kem-cap-type-c-type-c-pd-45w-samsung-ep-t4511,Sạc Samsung kèm cáp Type C - Type C EP-T4511,Hoàng Hải Kiên,2
bo-adapter-sac-kem-cap-type-c-type-c-pd-45w-samsung-ep-t4511,Sạc Samsung kèm cáp Type C - Type C EP-T4511,Đỗ Trọng Thế,4
bo-adapter-sac-kem-cap-type-c-type-c-pd-45w-samsung-ep-t4511,Sạc Samsung kèm cáp Type C - Type C EP-T4511,Thạch Thị Ái Nhi,5
bo-adapter-sac-kem-cap-type-c-type-c-pd-45w-samsung-ep-t4511,Sạc Samsung kèm cáp Type C - Type C EP-T4511,Mai Quốc Khang,5
bo-adapter-sac-kem-cap-type-c-type-c-pd-45w-samsung-ep-t4511,Sạc Samsung kèm cáp Type C - Type C EP-T4511,Huynh Dũng,5
bo-adapter-sac-kem-cap-type-c-type-c-pd-45w-samsung-ep-t4511,Sạc Samsung kèm cáp Type C - Type C EP-T4511,Lê Xuân Tú,5
adapter-sac-type-c-pd-20w-xmobile-ds602a?utm_flashsale=1,Sạc Xmobile DS602A,Hậu Lê,4
adapter-sac-type-c-pd-20w-xmobile-ds602a?utm_flashsale=1,Sạc Xmobile DS602A,Dương Anh Tuấn,1
adapter-sac-type-c-pd-20w-xmobile-ds602a?utm_flashsale=1,Sạc Xmobile DS602A,Nguyen Van Phong,5
adapter-sac-type-c-pd-20w-xmobile-ds602a?utm_flashsale=1,Sạc Xmobile DS602A,Nguyễn Minh Hoàng,5
adapter-sac-type-c-pd-20w-xmobile-ds602a?utm_flashsale=1,Sạc Xmobile DS602A,Lê Việt Anh,5
adapter-sac-type-c-pd-20w-xmobile-ds602a?utm_flashsale=1,Sạc Xmobile DS602A,Nhóc,5
adapter-sac-type-c-pd-20w-xmobile-ds602a?utm_flashsale=1,Sạc Xmobile DS602A,Hoài,3
adapter-sac-type-c-pd-20w-xmobile-ds602a?utm_flashsale=1,Sạc Xmobile DS602A,Nguyên Văn Luân,4
adapter-sac-type-c-pd-20w-xmobile-ds602a?utm_flashsale=1,Sạc Xmobile DS602A,Nguyên Văn Luân,5
adapter-sac-type-c-pd-20w-xmobile-ds602a?utm_flashsale=1,Sạc Xmobile DS602A,Minh Phương,3
adapter-sac-type-c-pd-20w-xmobile-ds602a?utm_flashsale=1,Sạc Xmobile DS602A,Trung,4
adapter-sac-type-c-pd-20w-xmobile-ds602a?utm_flashsale=1,Sạc Xmobile DS602A,Hằng,5
adapter-sac-type-c-pd-20w-xmobile-ds602a?utm_flashsale=1,Sạc Xmobile DS602A,Anh Hiền,5
adapter-sac-type-c-pd-20w-xmobile-ds602a?utm_flashsale=1,Sạc Xmobile DS602A,Cô Chánh Duyên,4
adapter-sac-type-c-pd-20w-xmobile-ds602a?utm_flashsale=1,Sạc Xmobile DS602A,Vo Thanh Luan,5
adapter-sac-type-c-pd-20w-xmobile-ds602a?utm_flashsale=1,Sạc Xmobile DS602A,Anh Thống,2
adapter-sac-type-c-pd-20w-xmobile-ds602a?utm_flashsale=1,Sạc Xmobile DS602A,Nhung,5
adapter-sac-type-c-pd-20w-xmobile-ds602a?utm_flashsale=1,Sạc Xmobile DS602A,Anh Tiến,5
adapter-sac-type-c-pd-20w-xmobile-ds602a?utm_flashsale=1,Sạc Xmobile DS602A,Kim Phượng,4
adapter-sac-type-c-pd-20w-xmobile-ds602a?utm_flashsale=1,Sạc Xmobile DS602A,Ja Pha,4
adapter-sac-type-c-pd-20w-xmobile-ds602a?utm_flashsale=1,Sạc Xmobile DS602A,Nam,4
adapter-sac-type-c-pd-20w-xmobile-ds602a?utm_flashsale=1,Sạc Xmobile DS602A,Nguyễn Huy Hoàng,5
adapter-sac-type-c-pd-20w-xmobile-ds602a?utm_flashsale=1,Sạc Xmobile DS602A,Anh Sang,5
adapter-sac-type-c-pd-20w-xmobile-ds602a?utm_flashsale=1,Sạc Xmobile DS602A,Lê Thị Ngọc Ánh,3
adapter-sac-type-c-pd-20w-xmobile-ds602a?utm_flashsale=1,Sạc Xmobile DS602A,Lê Thị Ngọc Ánh,3
adapter-sac-type-c-pd-20w-xmobile-ds602a?utm_flashsale=1,Sạc Xmobile DS602A,Hoàng,3
adapter-sac-type-c-pd-20w-xmobile-ds602a?utm_flashsale=1,Sạc Xmobile DS602A,Anh Bình,4
adapter-sac-type-c-pd-20w-xmobile-ds602a?utm_flashsale=1,Sạc Xmobile DS602A,Nguyễn Phương Thảo,5
adapter-sac-type-c-pd-20w-xmobile-ds602a?utm_flashsale=1,Sạc Xmobile DS602A,Nguyễn Trung,5
adapter-sac-type-c-pd-20w-xmobile-ds602a?utm_flashsale=1,Sạc Xmobile DS602A,Thành Nam,5
adapter-sac-type-c-pd-20w-xmobile-ds602a?utm_flashsale=1,Sạc Xmobile DS602A,Nam,5
adapter-sac-type-c-pd-20w-xmobile-ds602a?utm_flashsale=1,Sạc Xmobile DS602A,Lý Huỳnh Liên Hương,5
adapter-sac-type-c-pd-20w-xmobile-ds602a?utm_flashsale=1,Sạc Xmobile DS602A,Anh Trung,5
adapter-sac-type-c-pd-20w-xmobile-ds602a?utm_flashsale=1,Sạc Xmobile DS602A,Đặng Hoàng Tuấn Anh,5
adapter-sac-type-c-pd-20w-xmobile-ds602a?utm_flashsale=1,Sạc Xmobile DS602A,Nguyễn Thành Tài,4
adapter-sac-type-c-pd-20w-xmobile-ds602a?utm_flashsale=1,Sạc Xmobile DS602A,Phạm Văn Mãi,3
adapter-sac-type-c-pd-20w-xmobile-ds602a?utm_flashsale=1,Sạc Xmobile DS602A,A Hiền,4
adapter-sac-type-c-pd-20w-xmobile-ds602a?utm_flashsale=1,Sạc Xmobile DS602A,Nguyễn Trọng Hữu,5
adapter-sac-type-c-pd-20w-xmobile-ds602a?utm_flashsale=1,Sạc Xmobile DS602A,Nguyễn Duy Tân,5
adapter-sac-type-c-pd-20w-xmobile-ds602a?utm_flashsale=1,Sạc Xmobile DS602A,Trúc Linh,5
adapter-sac-type-c-pd-20w-xmobile-ds602a?utm_flashsale=1,Sạc Xmobile DS602A,Nam,4
adapter-sac-type-c-pd-20w-xmobile-ds602a?utm_flashsale=1,Sạc Xmobile DS602A,Nguyễn Huy Hoàng,5
adapter-sac-type-c-pd-20w-xmobile-ds602a?utm_flashsale=1,Sạc Xmobile DS602A,Anh Sang,5
adapter-sac-type-c-pd-20w-xmobile-ds602a?utm_flashsale=1,Sạc Xmobile DS602A,Lê Thị Ngọc Ánh,3
adapter-sac-type-c-pd-20w-xmobile-ds602a?utm_flashsale=1,Sạc Xmobile DS602A,Lê Thị Ngọc Ánh,3
adapter-sac-type-c-pd-20w-xmobile-ds602a?utm_flashsale=1,Sạc Xmobile DS602A,Hoàng,3
adapter-sac-type-c-pd-20w-xmobile-ds602a?utm_flashsale=1,Sạc Xmobile DS602A,Anh Bình,4
adapter-sac-type-c-pd-20w-xmobile-ds602a?utm_flashsale=1,Sạc Xmobile DS602A,Nguyễn Phương Thảo,5
adapter-sac-type-c-pd-20w-xmobile-ds602a?utm_flashsale=1,Sạc Xmobile DS602A,Nguyễn Trung,5
adapter-sac-type-c-pd-20w-xmobile-ds602a?utm_flashsale=1,Sạc Xmobile DS602A,Thành Nam,5
adapter-sac-type-c-pd-20w-xmobile-ds602a?utm_flashsale=1,Sạc Xmobile DS602A,Nam,5
adapter-sac-type-c-pd-20w-xmobile-ds602a?utm_flashsale=1,Sạc Xmobile DS602A,Lý Huỳnh Liên Hương,5
adapter-sac-type-c-pd-20w-xmobile-ds602a?utm_flashsale=1,Sạc Xmobile DS602A,Anh Trung,5
adapter-sac-type-c-pd-20w-xmobile-ds602a?utm_flashsale=1,Sạc Xmobile DS602A,Đặng Hoàng Tuấn Anh,5
adapter-sac-type-c-pd-20w-xmobile-ds602a?utm_flashsale=1,Sạc Xmobile DS602A,Nguyễn Thành Tài,4
adapter-sac-type-c-pd-20w-xmobile-ds602a?utm_flashsale=1,Sạc Xmobile DS602A,Phạm Văn Mãi,3
adapter-sac-type-c-pd-20w-xmobile-ds602a?utm_flashsale=1,Sạc Xmobile DS602A,A Hiền,4
adapter-sac-type-c-pd-20w-xmobile-ds602a?utm_flashsale=1,Sạc Xmobile DS602A,Nguyễn Trọng Hữu,5
adapter-sac-12w-ava-plus-dc01?utm_flashsale=1,Sạc AVA+ DC01,Nhật Duy,3
adapter-sac-12w-ava-plus-dc01?utm_flashsale=1,Sạc AVA+ DC01,Nguyễn Tiến Đạt,5
adapter-sac-12w-ava-plus-dc01?utm_flashsale=1,Sạc AVA+ DC01,Lê Trị Kỳ Tiên,5
adapter-sac-type-c-pd-gan-30w-xmobile-ds230-trang?utm_flashsale=1,Sạc Xmobile DS230,Hậu Lê,4
adapter-sac-type-c-pd-gan-30w-xmobile-ds230-trang?utm_flashsale=1,Sạc Xmobile DS230,Vũ Văn Quang,1
adapter-sac-type-c-pd-gan-30w-xmobile-ds230-trang?utm_flashsale=1,Sạc Xmobile DS230,Lê Quốc Sơn,1
adapter-sac-type-c-pd-gan-30w-xmobile-ds230-trang?utm_flashsale=1,Sạc Xmobile DS230,ĐOÀN TRÍ,1
adapter-sac-type-c-pd-gan-30w-xmobile-ds230-trang?utm_flashsale=1,Sạc Xmobile DS230,Hồ Thị Anh Đào,3
adapter-sac-type-c-pd-gan-30w-xmobile-ds230-trang?utm_flashsale=1,Sạc Xmobile DS230,Người Dùng,2
adapter-sac-type-c-pd-gan-30w-xmobile-ds230-trang?utm_flashsale=1,Sạc Xmobile DS230,Nguyễn Thành Thái,5
adapter-sac-type-c-pd-gan-30w-xmobile-ds230-trang?utm_flashsale=1,Sạc Xmobile DS230,Nguyễn Điệp,5
adapter-sac-type-c-pd-gan-30w-xmobile-ds230-trang?utm_flashsale=1,Sạc Xmobile DS230,Tới,1
adapter-sac-type-c-pd-gan-30w-xmobile-ds230-trang?utm_flashsale=1,Sạc Xmobile DS230,Sang,4
adapter-sac-type-c-pd-gan-30w-xmobile-ds230-trang?utm_flashsale=1,Sạc Xmobile DS230,Ngô Văn Chinh,5
adapter-sac-type-c-pd-gan-30w-xmobile-ds230-trang?utm_flashsale=1,Sạc Xmobile DS230,Liên,1
adapter-sac-type-c-pd-gan-30w-xmobile-ds230-trang?utm_flashsale=1,Sạc Xmobile DS230,Đỗ Thanh Liêm,1
adapter-sac-type-c-pd-gan-30w-xmobile-ds230-trang?utm_flashsale=1,Sạc Xmobile DS230,Vũ Cát Lượng,5
adapter-sac-type-c-pd-gan-30w-xmobile-ds230-trang?utm_flashsale=1,Sạc Xmobile DS230,Khôi,5
adapter-sac-type-c-pd-gan-30w-xmobile-ds230-trang?utm_flashsale=1,Sạc Xmobile DS230,24507 - Trần Trường Giang,3
adapter-sac-type-c-pd-gan-30w-xmobile-ds230-trang?utm_flashsale=1,Sạc Xmobile DS230,HUY,3
adapter-sac-type-c-pd-gan-30w-xmobile-ds230-trang?utm_flashsale=1,Sạc Xmobile DS230,Bùi Văn Linh,4
adapter-sac-type-c-pd-gan-30w-xmobile-ds230-trang?utm_flashsale=1,Sạc Xmobile DS230,66756 - Trương Văn Thành,5
adapter-sac-type-c-pd-gan-30w-xmobile-ds230-trang?utm_flashsale=1,Sạc Xmobile DS230,Võ Quốc Tuấn,5
adapter-sac-type-c-pd-gan-30w-xmobile-ds230-trang?utm_flashsale=1,Sạc Xmobile DS230,Hậu Lê,4
adapter-sac-type-c-pd-gan-30w-xmobile-ds230-trang?utm_flashsale=1,Sạc Xmobile DS230,Vũ Văn Quang,1
adapter-sac-type-c-pd-gan-30w-xmobile-ds230-trang?utm_flashsale=1,Sạc Xmobile DS230,Lê Quốc Sơn,1
adapter-sac-type-c-pd-gan-30w-xmobile-ds230-trang?utm_flashsale=1,Sạc Xmobile DS230,ĐOÀN TRÍ,1
adapter-sac-type-c-pd-gan-30w-xmobile-ds230-trang?utm_flashsale=1,Sạc Xmobile DS230,Hồ Thị Anh Đào,3
adapter-sac-type-c-pd-gan-30w-xmobile-ds230-trang?utm_flashsale=1,Sạc Xmobile DS230,Người Dùng,2
adapter-sac-type-c-pd-gan-30w-xmobile-ds230-trang?utm_flashsale=1,Sạc Xmobile DS230,Nguyễn Thành Thái,5
adapter-sac-type-c-pd-gan-30w-xmobile-ds230-trang?utm_flashsale=1,Sạc Xmobile DS230,Nguyễn Điệp,5
adapter-sac-type-c-pd-gan-30w-xmobile-ds230-trang?utm_flashsale=1,Sạc Xmobile DS230,Tới,1
adapter-sac-type-c-pd-gan-30w-xmobile-ds230-trang?utm_flashsale=1,Sạc Xmobile DS230,Sang,4
adapter-sac-type-c-pd-gan-30w-xmobile-ds230-trang?utm_flashsale=1,Sạc Xmobile DS230,Ngô Văn Chinh,5
adapter-sac-type-c-pd-gan-30w-xmobile-ds230-trang?utm_flashsale=1,Sạc Xmobile DS230,Liên,1
adapter-sac-type-c-pd-gan-30w-xmobile-ds230-trang?utm_flashsale=1,Sạc Xmobile DS230,Đỗ Thanh Liêm,1
adapter-sac-type-c-pd-gan-30w-xmobile-ds230-trang?utm_flashsale=1,Sạc Xmobile DS230,Vũ Cát Lượng,5
adapter-sac-type-c-pd-gan-30w-xmobile-ds230-trang?utm_flashsale=1,Sạc Xmobile DS230,Khôi,5
adapter-sac-type-c-pd-gan-30w-xmobile-ds230-trang?utm_flashsale=1,Sạc Xmobile DS230,24507 - Trần Trường Giang,3
adapter-sac-type-c-pd-gan-30w-xmobile-ds230-trang?utm_flashsale=1,Sạc Xmobile DS230,HUY,3
adapter-sac-type-c-pd-gan-30w-xmobile-ds230-trang?utm_flashsale=1,Sạc Xmobile DS230,Bùi Văn Linh,4
adapter-sac-type-c-pd-gan-30w-xmobile-ds230-trang?utm_flashsale=1,Sạc Xmobile DS230,66756 - Trương Văn Thành,5
adapter-sac-type-c-pd-gan-30w-xmobile-ds230-trang?utm_flashsale=1,Sạc Xmobile DS230,Võ Quốc Tuấn,5
adapter-sac-type-c-pd-gan-30w-xmobile-ds230-trang?utm_flashsale=1,Sạc Xmobile DS230,Lê Trí Giang,3
adapter-sac-type-c-pd-gan-30w-xmobile-ds230-trang?utm_flashsale=1,Sạc Xmobile DS230,Hoàng Văn Chiến,4
adapter-sac-type-c-pd-gan-30w-xmobile-ds230-trang?utm_flashsale=1,Sạc Xmobile DS230,Dương Văn Cường,5
adapter-sac-type-c-pd-gan-30w-xmobile-ds230-trang?utm_flashsale=1,Sạc Xmobile DS230,Trần Hải,4
adapter-sac-type-c-pd-gan-30w-xmobile-ds230-trang?utm_flashsale=1,Sạc Xmobile DS230,Đỗ Thạch Ngọc Quý,5
adapter-sac-type-c-pd-gan-30w-xmobile-ds230-trang?utm_flashsale=1,Sạc Xmobile DS230,Danh Su Băng,5
adapter-sac-type-c-pd-gan-30w-xmobile-ds230-trang?utm_flashsale=1,Sạc Xmobile DS230,Nguyễn Mạnh Tuấn,5
adapter-sac-type-c-pd-gan-30w-xmobile-ds230-trang?utm_flashsale=1,Sạc Xmobile DS230,Lê Thị Thu Mơ,4
adapter-sac-type-c-pd-gan-30w-xmobile-ds230-trang?utm_flashsale=1,Sạc Xmobile DS230,Vo Trung Vinh,3
adapter-sac-type-c-pd-gan-30w-xmobile-ds230-trang?utm_flashsale=1,Sạc Xmobile DS230,Nguyễn Minh Hoàng,5
adapter-sac-type-c-pd-gan-30w-xmobile-ds230-trang?utm_flashsale=1,Sạc Xmobile DS230,Chị Trang,4
adapter-sac-type-c-pd-gan-30w-xmobile-ds230-trang?utm_flashsale=1,Sạc Xmobile DS230,Anh Tuấn,5
adapter-sac-type-c-pd-gan-30w-xmobile-ds230-trang?utm_flashsale=1,Sạc Xmobile DS230,Nguyễn Văn Phương,4
adapter-sac-type-c-pd-gan-30w-xmobile-ds230-trang?utm_flashsale=1,Sạc Xmobile DS230,Anh Giàu,5
adapter-sac-type-c-pd-gan-30w-xmobile-ds230-trang?utm_flashsale=1,Sạc Xmobile DS230,Hân,3
adapter-sac-type-c-pd-gan-30w-xmobile-ds230-trang?utm_flashsale=1,Sạc Xmobile DS230,Minh,5
adapter-sac-type-c-pd-gan-30w-xmobile-ds230-trang?utm_flashsale=1,Sạc Xmobile DS230,Bùi Thi Nhung,5
adapter-sac-type-c-pd-gan-30w-xmobile-ds230-trang?utm_flashsale=1,Sạc Xmobile DS230,Lợi Dương Bình,5
adapter-sac-type-c-pd-gan-30w-xmobile-ds230-trang?utm_flashsale=1,Sạc Xmobile DS230,Thắng,5
adapter-sac-type-c-pd-gan-30w-xmobile-ds230-trang?utm_flashsale=1,Sạc Xmobile DS230,Tâm,5
adapter-sac-type-c-pd-gan-30w-xmobile-ds230-trang?utm_flashsale=1,Sạc Xmobile DS230,Phạm Tuấn Vũ,5
adapter-sac-type-c-pd-gan-30w-xmobile-ds230-trang?utm_flashsale=1,Sạc Xmobile DS230,Hà Minh Danh,4
adapter-sac-type-c-pd-gan-30w-xmobile-ds230-trang?utm_flashsale=1,Sạc Xmobile DS230,Chị Tâm,4
adapter-sac-type-c-pd-gan-30w-xmobile-ds230-trang?utm_flashsale=1,Sạc Xmobile DS230,Bác Lộc,5
adapter-sac-type-c-pd-gan-30w-xmobile-ds230-trang?utm_flashsale=1,Sạc Xmobile DS230,NGUYỄN VIỆT TRUNG,5
adapter-sac-type-c-pd-gan-30w-xmobile-ds230-trang?utm_flashsale=1,Sạc Xmobile DS230,Hùng,5
adapter-sac-type-c-pd-gan-30w-xmobile-ds230-trang?utm_flashsale=1,Sạc Xmobile DS230,Thảo,4
adapter-sac-type-c-pd-gan-30w-xmobile-ds230-trang?utm_flashsale=1,Sạc Xmobile DS230,Anh Tuấn Anh,2
adapter-sac-type-c-pd-gan-30w-xmobile-ds230-trang?utm_flashsale=1,Sạc Xmobile DS230,Nguyễn Văn Hoà,5
adapter-sac-type-c-pd-gan-30w-xmobile-ds230-trang?utm_flashsale=1,Sạc Xmobile DS230,Huyền,4
adapter-sac-type-c-pd-gan-30w-xmobile-ds230-trang?utm_flashsale=1,Sạc Xmobile DS230,Anh Huy,5
adapter-sac-type-c-pd-gan-30w-xmobile-ds230-trang?utm_flashsale=1,Sạc Xmobile DS230,Anh Tâm,5
adapter-sac-type-c-pd-gan-30w-xmobile-ds230-trang?utm_flashsale=1,Sạc Xmobile DS230,Hà Văn Mạnh,5
adapter-sac-type-c-pd-gan-30w-xmobile-ds230-trang?utm_flashsale=1,Sạc Xmobile DS230,Ngọc Hiếu,5
adapter-sac-type-c-pd-gan-30w-xmobile-ds230-trang?utm_flashsale=1,Sạc Xmobile DS230,Xuân,5
adapter-sac-type-c-pd-gan-30w-xmobile-ds230-trang?utm_flashsale=1,Sạc Xmobile DS230,Lê Trần Anh Hoàng,4
adapter-sac-type-c-pd-gan-30w-xmobile-ds230-trang?utm_flashsale=1,Sạc Xmobile DS230,Phạm Minh Hiếu,5
adapter-sac-type-c-pd-gan-30w-xmobile-ds230-trang?utm_flashsale=1,Sạc Xmobile DS230,Hoàng,5
adapter-sac-type-c-pd-gan-30w-xmobile-ds230-trang?utm_flashsale=1,Sạc Xmobile DS230,A Hiếu,5
adapter-sac-type-c-pd-gan-30w-xmobile-ds230-trang?utm_flashsale=1,Sạc Xmobile DS230,Chị Bích,5
adapter-sac-type-c-pd-gan-30w-xmobile-ds230-trang?utm_flashsale=1,Sạc Xmobile DS230,Luong Hoa,5
adapter-sac-type-c-pd-gan-30w-xmobile-ds230-trang?utm_flashsale=1,Sạc Xmobile DS230,Danh Su Băng,5
adapter-sac-type-c-pd-gan-30w-xmobile-ds230-trang?utm_flashsale=1,Sạc Xmobile DS230,A Huynh,3
adapter-sac-type-c-pd-gan-30w-xmobile-ds230-trang?utm_flashsale=1,Sạc Xmobile DS230,Duy Nguyễn,5
adapter-sac-type-c-pd-gan-30w-xmobile-ds230-trang?utm_flashsale=1,Sạc Xmobile DS230,PHẠM TRUNG NAM,2
adapter-sac-type-c-pd-gan-30w-xmobile-ds230-trang?utm_flashsale=1,Sạc Xmobile DS230,Phuc Loc,4
adapter-sac-type-c-pd-gan-30w-xmobile-ds230-trang?utm_flashsale=1,Sạc Xmobile DS230,Hiệp,4
adapter-sac-type-c-pd-gan-30w-xmobile-ds230-trang?utm_flashsale=1,Sạc Xmobile DS230,BÙI THỊ NGỌC LIÊN,5
adapter-sac-type-c-pd-gan-30w-xmobile-ds230-trang?utm_flashsale=1,Sạc Xmobile DS230,Đặng Nguyễn Trường Giang,4
adapter-sac-type-c-pd-gan-30w-xmobile-ds230-trang?utm_flashsale=1,Sạc Xmobile DS230,Nguyen Anh Duc,3
adapter-sac-type-c-pd-qc-4-0-20w-ugreen-cd317-60450,Sạc Ugreen CD137 60450,Dương Quang Hải,3
adapter-type-c-pd-20w-anker-powerport-nano-a2633,Sạc Anker PowerPort III Nano A2633,Nguyễn Văn Hào,5
adapter-type-c-pd-20w-anker-powerport-nano-a2633,Sạc Anker PowerPort III Nano A2633,HÀ MANH ĐOÀN,5
adapter-type-c-pd-20w-anker-powerport-nano-a2633,Sạc Anker PowerPort III Nano A2633,Tuyền,4
adapter-type-c-pd-20w-anker-powerport-nano-a2633,Sạc Anker PowerPort III Nano A2633,Ngọc Anh,5
adapter-type-c-pd-20w-anker-powerport-nano-a2633,Sạc Anker PowerPort III Nano A2633,Anh Tuyến,5
adapter-type-c-pd-20w-anker-powerport-nano-a2633,Sạc Anker PowerPort III Nano A2633,Linh,5
adapter-type-c-pd-20w-anker-powerport-nano-a2633,Sạc Anker PowerPort III Nano A2633,Hau,3
adapter-type-c-pd-20w-anker-powerport-nano-a2633,Sạc Anker PowerPort III Nano A2633,Diễn,5
adapter-type-c-pd-20w-anker-powerport-nano-a2633,Sạc Anker PowerPort III Nano A2633,Trần Bạch Đằng,5
adapter-type-c-pd-20w-anker-powerport-nano-a2633,Sạc Anker PowerPort III Nano A2633,Nam,4
adapter-type-c-pd-20w-anker-powerport-nano-a2633,Sạc Anker PowerPort III Nano A2633,Nguyễn Vỹ,4
adapter-type-c-pd-20w-anker-powerport-nano-a2633,Sạc Anker PowerPort III Nano A2633,Ngô Thị Hồng Ngọc,4
adapter-type-c-pd-20w-anker-powerport-nano-a2633,Sạc Anker PowerPort III Nano A2633,Đặng Văn Vinh,5
adapter-type-c-pd-20w-anker-powerport-nano-a2633,Sạc Anker PowerPort III Nano A2633,Sang,5
adapter-type-c-pd-20w-anker-powerport-nano-a2633,Sạc Anker PowerPort III Nano A2633,Nguyễn Viết Trường,5
adapter-type-c-pd-20w-anker-powerport-nano-a2633,Sạc Anker PowerPort III Nano A2633,Hồng Quốc Đạt,5
adapter-type-c-pd-20w-anker-powerport-nano-a2633,Sạc Anker PowerPort III Nano A2633,A Thành,1
adapter-type-c-pd-20w-anker-powerport-nano-a2633,Sạc Anker PowerPort III Nano A2633,Trần Phước Đạt,5
adapter-type-c-pd-20w-anker-powerport-nano-a2633,Sạc Anker PowerPort III Nano A2633,CHÂU ĐÌNH HUY,5
adapter-type-c-pd-20w-anker-powerport-nano-a2633,Sạc Anker PowerPort III Nano A2633,Phú,5
adapter-type-c-pd-20w-anker-powerport-nano-a2633,Sạc Anker PowerPort III Nano A2633,Anh Hậu,1
adapter-type-c-pd-20w-anker-powerport-nano-a2633,Sạc Anker PowerPort III Nano A2633,Nguyễn Hoàng Vấn,5
adapter-type-c-pd-20w-anker-powerport-nano-a2633,Sạc Anker PowerPort III Nano A2633,Nguyễn Minh Hậu,1
adapter-type-c-pd-20w-anker-powerport-nano-a2633,Sạc Anker PowerPort III Nano A2633,97021 - Ngô Văn Quang,5
adapter-type-c-pd-20w-anker-powerport-nano-a2633,Sạc Anker PowerPort III Nano A2633,Chung Hiếu Khiêm,5
adapter-type-c-pd-20w-anker-powerport-nano-a2633,Sạc Anker PowerPort III Nano A2633,Phạm Thị Giàu,5
adapter-type-c-pd-20w-anker-powerport-nano-a2633,Sạc Anker PowerPort III Nano A2633,Nhân,5
adapter-type-c-pd-20w-anker-powerport-nano-a2633,Sạc Anker PowerPort III Nano A2633,Thành,5
adapter-type-c-pd-20w-anker-powerport-nano-a2633,Sạc Anker PowerPort III Nano A2633,Nguyễn Đại Dương,5
adapter-type-c-pd-20w-anker-powerport-nano-a2633,Sạc Anker PowerPort III Nano A2633,Tùng,5
adapter-type-c-pd-20w-anker-powerport-nano-a2633,Sạc Anker PowerPort III Nano A2633,Nguyễn Trung Nghĩa,5
adapter-type-c-pd-20w-anker-powerport-nano-a2633,Sạc Anker PowerPort III Nano A2633,Phong,5
adapter-type-c-pd-20w-anker-powerport-nano-a2633,Sạc Anker PowerPort III Nano A2633,Tran Anh Khoa,5
adapter-type-c-pd-20w-anker-powerport-nano-a2633,Sạc Anker PowerPort III Nano A2633,Đăng Khoa,5
adapter-type-c-pd-20w-anker-powerport-nano-a2633,Sạc Anker PowerPort III Nano A2633,Đăng Khoa,5
adapter-type-c-pd-20w-anker-powerport-nano-a2633,Sạc Anker PowerPort III Nano A2633,Nguyễn Phú Đức,5
adapter-type-c-pd-20w-anker-powerport-nano-a2633,Sạc Anker PowerPort III Nano A2633,Nguyễn Văn Hiền,5
adapter-type-c-pd-20w-anker-powerport-nano-a2633,Sạc Anker PowerPort III Nano A2633,Cao Tiền Giang,1
adapter-type-c-pd-20w-anker-powerport-nano-a2633,Sạc Anker PowerPort III Nano A2633,Bạn Bảo,5
adapter-type-c-pd-20w-anker-powerport-nano-a2633,Sạc Anker PowerPort III Nano A2633,Phương,4
adapter-type-c-pd-20w-anker-powerport-nano-a2633,Sạc Anker PowerPort III Nano A2633,Tuấn Vũ,3
adapter-type-c-pd-20w-anker-powerport-nano-a2633,Sạc Anker PowerPort III Nano A2633,Toàn,5
adapter-type-c-pd-20w-anker-powerport-nano-a2633,Sạc Anker PowerPort III Nano A2633,Nhựt Tân,5
adapter-type-c-pd-20w-anker-powerport-nano-a2633,Sạc Anker PowerPort III Nano A2633,Võ Đình Mạnh,1
adapter-type-c-pd-20w-anker-powerport-nano-a2633,Sạc Anker PowerPort III Nano A2633,Cường,1
adapter-type-c-pd-20w-anker-powerport-nano-a2633,Sạc Anker PowerPort III Nano A2633,Nguyễn Duy Tân,5
adapter-type-c-pd-20w-anker-powerport-nano-a2633,Sạc Anker PowerPort III Nano A2633,Bùi Văn Đề,5
adapter-type-c-pd-20w-anker-powerport-nano-a2633,Sạc Anker PowerPort III Nano A2633,NGUYỄN QUANG HƯNG,4
adapter-type-c-pd-20w-anker-powerport-nano-a2633,Sạc Anker PowerPort III Nano A2633,Nguyễn Hữu Nhân,5
adapter-type-c-pd-20w-anker-powerport-nano-a2633,Sạc Anker PowerPort III Nano A2633,Tuấn Đinh,5
adapter-type-c-pd-20w-anker-powerport-nano-a2633,Sạc Anker PowerPort III Nano A2633,Phương,5
adapter-type-c-pd-20w-anker-powerport-nano-a2633,Sạc Anker PowerPort III Nano A2633,Trần Thị Hồng Mai,5
adapter-type-c-pd-20w-anker-powerport-nano-a2633,Sạc Anker PowerPort III Nano A2633,Hải,5
adapter-type-c-pd-20w-anker-powerport-nano-a2633,Sạc Anker PowerPort III Nano A2633,Huệ,5
adapter-type-c-pd-20w-anker-powerport-nano-a2633,Sạc Anker PowerPort III Nano A2633,Hoàng Mạnh Hùng,5
adapter-type-c-pd-20w-anker-powerport-nano-a2633,Sạc Anker PowerPort III Nano A2633,Anh Cường,4
adapter-type-c-pd-20w-anker-powerport-nano-a2633,Sạc Anker PowerPort III Nano A2633,Lê Khắc Nhân,5
adapter-type-c-pd-20w-anker-powerport-nano-a2633,Sạc Anker PowerPort III Nano A2633,Lê Thanh Phước,5
adapter-type-c-pd-20w-anker-powerport-nano-a2633,Sạc Anker PowerPort III Nano A2633,Linh Chi,5
adapter-type-c-pd-20w-anker-powerport-nano-a2633,Sạc Anker PowerPort III Nano A2633,Anh Trường,5
adapter-type-c-pd-20w-anker-powerport-nano-a2633,Sạc Anker PowerPort III Nano A2633,Thai Tan Rin,5
adapter-type-c-pd-20w-anker-powerport-nano-a2633,Sạc Anker PowerPort III Nano A2633,Phương,5
adapter-type-c-pd-20w-anker-powerport-nano-a2633,Sạc Anker PowerPort III Nano A2633,Nguyễn Quốc Khánh,5
adapter-type-c-pd-20w-anker-powerport-nano-a2633,Sạc Anker PowerPort III Nano A2633,Anh Tú,5
adapter-type-c-pd-20w-anker-powerport-nano-a2633,Sạc Anker PowerPort III Nano A2633,Minh Thư,5
adapter-type-c-pd-20w-anker-powerport-nano-a2633,Sạc Anker PowerPort III Nano A2633,Trần Lê Hoàng Phúc,5
adapter-type-c-pd-20w-anker-powerport-nano-a2633,Sạc Anker PowerPort III Nano A2633,Nguyễn Hải Dương,5
adapter-type-c-pd-20w-anker-powerport-nano-a2633,Sạc Anker PowerPort III Nano A2633,Thuận,5
adapter-type-c-pd-20w-anker-powerport-nano-a2633,Sạc Anker PowerPort III Nano A2633,Việt,4
adapter-type-c-pd-20w-anker-powerport-nano-a2633,Sạc Anker PowerPort III Nano A2633,Lê Công Thành,5
adapter-type-c-pd-20w-anker-powerport-nano-a2633,Sạc Anker PowerPort III Nano A2633,Phạm Thị Hồng Anh,5
adapter-type-c-pd-20w-anker-powerport-nano-a2633,Sạc Anker PowerPort III Nano A2633,Anh Giang,4
adapter-type-c-pd-20w-anker-powerport-nano-a2633,Sạc Anker PowerPort III Nano A2633,Anh Hùng,4
adapter-type-c-pd-20w-anker-powerport-nano-a2633,Sạc Anker PowerPort III Nano A2633,Phước,5
adapter-type-c-pd-20w-anker-powerport-nano-a2633,Sạc Anker PowerPort III Nano A2633,Nguyễn Tuấn Anh,5
adapter-type-c-pd-20w-anker-powerport-nano-a2633,Sạc Anker PowerPort III Nano A2633,Đặng Thị Thúy Vi,4
adapter-type-c-pd-20w-anker-powerport-nano-a2633,Sạc Anker PowerPort III Nano A2633,PHẠM HỮU ĐÚNG,5
adapter-type-c-pd-20w-anker-powerport-nano-a2633,Sạc Anker PowerPort III Nano A2633,Trịnh Minh Trí,5
adapter-type-c-pd-20w-anker-powerport-nano-a2633,Sạc Anker PowerPort III Nano A2633,Dương Thọ,5
adapter-type-c-pd-20w-anker-powerport-nano-a2633,Sạc Anker PowerPort III Nano A2633,Đạt,5
adapter-type-c-pd-20w-anker-powerport-nano-a2633,Sạc Anker PowerPort III Nano A2633,Thai Tan Rin,5
adapter-type-c-pd-20w-anker-powerport-nano-a2633,Sạc Anker PowerPort III Nano A2633,Phương,5
adapter-type-c-pd-20w-anker-powerport-nano-a2633,Sạc Anker PowerPort III Nano A2633,Nguyễn Quốc Khánh,5
adapter-type-c-pd-20w-anker-powerport-nano-a2633,Sạc Anker PowerPort III Nano A2633,Anh Tú,5
adapter-type-c-pd-20w-anker-powerport-nano-a2633,Sạc Anker PowerPort III Nano A2633,Minh Thư,5
adapter-type-c-pd-20w-anker-powerport-nano-a2633,Sạc Anker PowerPort III Nano A2633,Trần Lê Hoàng Phúc,5
adapter-type-c-pd-20w-anker-powerport-nano-a2633,Sạc Anker PowerPort III Nano A2633,Nguyễn Hải Dương,5
adapter-type-c-pd-20w-anker-powerport-nano-a2633,Sạc Anker PowerPort III Nano A2633,Thuận,5
adapter-type-c-pd-20w-anker-powerport-nano-a2633,Sạc Anker PowerPort III Nano A2633,Việt,4
adapter-type-c-pd-20w-anker-powerport-nano-a2633,Sạc Anker PowerPort III Nano A2633,Lê Công Thành,5
adapter-type-c-pd-20w-anker-powerport-nano-a2633,Sạc Anker PowerPort III Nano A2633,Phạm Thị Hồng Anh,5
adapter-type-c-pd-20w-anker-powerport-nano-a2633,Sạc Anker PowerPort III Nano A2633,Anh Giang,4
adapter-type-c-pd-20w-anker-powerport-nano-a2633,Sạc Anker PowerPort III Nano A2633,Anh Hùng,4
adapter-type-c-pd-20w-anker-powerport-nano-a2633,Sạc Anker PowerPort III Nano A2633,Phước,5
adapter-type-c-pd-20w-anker-powerport-nano-a2633,Sạc Anker PowerPort III Nano A2633,Nguyễn Tuấn Anh,5
adapter-type-c-pd-20w-anker-powerport-nano-a2633,Sạc Anker PowerPort III Nano A2633,Đặng Thị Thúy Vi,4
adapter-type-c-pd-20w-anker-powerport-nano-a2633,Sạc Anker PowerPort III Nano A2633,PHẠM HỮU ĐÚNG,5
adapter-type-c-pd-20w-anker-powerport-nano-a2633,Sạc Anker PowerPort III Nano A2633,Trịnh Minh Trí,5
adapter-type-c-pd-20w-anker-powerport-nano-a2633,Sạc Anker PowerPort III Nano A2633,Dương Thọ,5
adapter-type-c-pd-20w-anker-powerport-nano-a2633,Sạc Anker PowerPort III Nano A2633,Anh Tùng,5
adapter-type-c-pd-20w-anker-powerport-nano-a2633,Sạc Anker PowerPort III Nano A2633,Vinh Trần,5
adapter-type-c-pd-20w-anker-powerport-nano-a2633,Sạc Anker PowerPort III Nano A2633,Trường,5
adapter-type-c-pd-20w-anker-powerport-nano-a2633,Sạc Anker PowerPort III Nano A2633,Khoa,5
adapter-type-c-pd-20w-anker-powerport-nano-a2633,Sạc Anker PowerPort III Nano A2633,Hoang Van Thu,5
adapter-type-c-pd-20w-anker-powerport-nano-a2633,Sạc Anker PowerPort III Nano A2633,Tạ Ngọc Trọng,5
adapter-type-c-pd-20w-anker-powerport-nano-a2633,Sạc Anker PowerPort III Nano A2633,Lưu Văn Học,4
adapter-type-c-pd-20w-anker-powerport-nano-a2633,Sạc Anker PowerPort III Nano A2633,Chúc Ly,2
adapter-type-c-pd-20w-anker-powerport-nano-a2633,Sạc Anker PowerPort III Nano A2633,Dĩ Phúc,5
adapter-type-c-pd-20w-anker-powerport-nano-a2633,Sạc Anker PowerPort III Nano A2633,Anh Tuấn,2
adapter-type-c-pd-20w-anker-powerport-nano-a2633,Sạc Anker PowerPort III Nano A2633,Chí,5
adapter-type-c-pd-20w-anker-powerport-nano-a2633,Sạc Anker PowerPort III Nano A2633,Trần Anh Hiếu,5
adapter-type-c-pd-20w-anker-powerport-nano-a2633,Sạc Anker PowerPort III Nano A2633,Trần Văn Khang,5
adapter-type-c-pd-20w-anker-powerport-nano-a2633,Sạc Anker PowerPort III Nano A2633,Nguyễn Đạt,4
adapter-type-c-pd-20w-anker-powerport-nano-a2633,Sạc Anker PowerPort III Nano A2633,Anh Mạnh,4
adapter-type-c-pd-20w-anker-powerport-nano-a2633,Sạc Anker PowerPort III Nano A2633,Nguyễn Văn Hiền,4
adapter-type-c-pd-20w-anker-powerport-nano-a2633,Sạc Anker PowerPort III Nano A2633,Trần Khánh Huy,5
adapter-type-c-pd-20w-anker-powerport-nano-a2633,Sạc Anker PowerPort III Nano A2633,Sang,5
adapter-type-c-pd-20w-anker-powerport-nano-a2633,Sạc Anker PowerPort III Nano A2633,Ngô Huỳnh Hiểu,5
adapter-type-c-pd-20w-anker-powerport-nano-a2633,Sạc Anker PowerPort III Nano A2633,Trương Ngọc Toàn,5
adapter-type-c-pd-20w-anker-powerport-nano-a2633,Sạc Anker PowerPort III Nano A2633,Anh Tùng,5
adapter-type-c-pd-20w-anker-powerport-nano-a2633,Sạc Anker PowerPort III Nano A2633,Vinh Trần,5
adapter-type-c-pd-20w-anker-powerport-nano-a2633,Sạc Anker PowerPort III Nano A2633,Trường,5
adapter-type-c-pd-20w-anker-powerport-nano-a2633,Sạc Anker PowerPort III Nano A2633,Khoa,5
adapter-type-c-pd-20w-anker-powerport-nano-a2633,Sạc Anker PowerPort III Nano A2633,Hoang Van Thu,5
adapter-type-c-pd-20w-anker-powerport-nano-a2633,Sạc Anker PowerPort III Nano A2633,Tạ Ngọc Trọng,5
adapter-type-c-pd-20w-anker-powerport-nano-a2633,Sạc Anker PowerPort III Nano A2633,Lưu Văn Học,4
adapter-type-c-pd-20w-anker-powerport-nano-a2633,Sạc Anker PowerPort III Nano A2633,Chúc Ly,2
adapter-type-c-pd-20w-anker-powerport-nano-a2633,Sạc Anker PowerPort III Nano A2633,Dĩ Phúc,5
adapter-type-c-pd-20w-anker-powerport-nano-a2633,Sạc Anker PowerPort III Nano A2633,Anh Tuấn,2
adapter-type-c-pd-20w-anker-powerport-nano-a2633,Sạc Anker PowerPort III Nano A2633,Chí,5
adapter-type-c-pd-20w-anker-powerport-nano-a2633,Sạc Anker PowerPort III Nano A2633,Trần Anh Hiếu,5
adapter-type-c-pd-20w-anker-powerport-nano-a2633,Sạc Anker PowerPort III Nano A2633,Trần Văn Khang,5
adapter-type-c-pd-20w-anker-powerport-nano-a2633,Sạc Anker PowerPort III Nano A2633,Nguyễn Đạt,4
adapter-type-c-pd-20w-anker-powerport-nano-a2633,Sạc Anker PowerPort III Nano A2633,Anh Mạnh,4
adapter-type-c-pd-20w-anker-powerport-nano-a2633,Sạc Anker PowerPort III Nano A2633,Nguyễn Văn Hiền,4
adapter-type-c-pd-20w-anker-powerport-nano-a2633,Sạc Anker PowerPort III Nano A2633,Trần Khánh Huy,5
adapter-type-c-pd-20w-anker-powerport-nano-a2633,Sạc Anker PowerPort III Nano A2633,Sang,5
adapter-type-c-pd-20w-anker-powerport-nano-a2633,Sạc Anker PowerPort III Nano A2633,Ngô Huỳnh Hiểu,5
adapter-type-c-pd-20w-anker-powerport-nano-a2633,Sạc Anker PowerPort III Nano A2633,Trương Ngọc Toàn,5
adapter-type-c-pd-20w-anker-powerport-nano-a2633,Sạc Anker PowerPort III Nano A2633,Nguyễn Thanh Lâm,5
adapter-type-c-pd-20w-anker-powerport-nano-a2633,Sạc Anker PowerPort III Nano A2633,Lâm,5
adapter-type-c-pd-20w-anker-powerport-nano-a2633,Sạc Anker PowerPort III Nano A2633,Trí,5
adapter-type-c-pd-20w-anker-powerport-nano-a2633,Sạc Anker PowerPort III Nano A2633,Nguyễn Chí Tâm,1
adapter-type-c-pd-20w-anker-powerport-nano-a2633,Sạc Anker PowerPort III Nano A2633,DƯƠNG NGỌC SỰ,5
adapter-type-c-pd-20w-anker-powerport-nano-a2633,Sạc Anker PowerPort III Nano A2633,Nhật Vượng,5
adapter-type-c-pd-20w-anker-powerport-nano-a2633,Sạc Anker PowerPort III Nano A2633,Trần Lý Đông Sơn,5
adapter-type-c-pd-20w-anker-powerport-nano-a2633,Sạc Anker PowerPort III Nano A2633,Trần Mạnh Hà,5
adapter-type-c-pd-20w-anker-powerport-nano-a2633,Sạc Anker PowerPort III Nano A2633,Hoàng Lạt,3
adapter-type-c-pd-20w-anker-powerport-nano-a2633,Sạc Anker PowerPort III Nano A2633,Phan Hoàng Anh,3
adapter-type-c-pd-20w-anker-powerport-nano-a2633,Sạc Anker PowerPort III Nano A2633,Duy,5
adapter-type-c-pd-20w-anker-powerport-nano-a2633,Sạc Anker PowerPort III Nano A2633,Đức,5
adapter-type-c-pd-20w-anker-powerport-nano-a2633,Sạc Anker PowerPort III Nano A2633,Lưu Việt Chí,4
adapter-type-c-pd-20w-anker-powerport-nano-a2633,Sạc Anker PowerPort III Nano A2633,Nguyễn Hoàng Đông,4
adapter-type-c-pd-20w-anker-powerport-nano-a2633,Sạc Anker PowerPort III Nano A2633,Văn,4
adapter-type-c-pd-20w-anker-powerport-nano-a2633,Sạc Anker PowerPort III Nano A2633,Đậu Nhật Cung,4
adapter-type-c-pd-20w-anker-powerport-nano-a2633,Sạc Anker PowerPort III Nano A2633,Trương Thái Triệu,5
adapter-type-c-pd-20w-anker-powerport-nano-a2633,Sạc Anker PowerPort III Nano A2633,Nguyễn Văn Tin,4
adapter-type-c-pd-20w-anker-powerport-nano-a2633,Sạc Anker PowerPort III Nano A2633,Trần Nghĩa,5
adapter-type-c-pd-20w-anker-powerport-nano-a2633,Sạc Anker PowerPort III Nano A2633,Thảo,4
adapter-type-c-pd-20w-anker-powerport-nano-a2633,Sạc Anker PowerPort III Nano A2633,Trần Bạch Đằng,5
adapter-type-c-pd-20w-anker-powerport-nano-a2633,Sạc Anker PowerPort III Nano A2633,Trinh Van Thanh,5
adapter-type-c-pd-20w-anker-powerport-nano-a2633,Sạc Anker PowerPort III Nano A2633,Anh Đạt,5
adapter-type-c-pd-20w-anker-powerport-nano-a2633,Sạc Anker PowerPort III Nano A2633,TRẦN THÁI THUẬN,5
adapter-type-c-pd-20w-anker-powerport-nano-a2633,Sạc Anker PowerPort III Nano A2633,Chị Hoài,4
adapter-type-c-pd-20w-anker-powerport-nano-a2633,Sạc Anker PowerPort III Nano A2633,Quý,5
adapter-type-c-pd-20w-anker-powerport-nano-a2633,Sạc Anker PowerPort III Nano A2633,Nguyễn Hữu Duy,5
adapter-type-c-pd-20w-anker-powerport-nano-a2633,Sạc Anker PowerPort III Nano A2633,Phan Vạn Khánh,4
adapter-type-c-pd-20w-anker-powerport-nano-a2633,Sạc Anker PowerPort III Nano A2633,Lê Kỳ Quan,4
adapter-type-c-pd-20w-anker-powerport-nano-a2633,Sạc Anker PowerPort III Nano A2633,Quốc,4
adapter-type-c-pd-20w-anker-powerport-nano-a2633,Sạc Anker PowerPort III Nano A2633,Ngô Ngọc Trung,4
adapter-type-c-pd-20w-anker-powerport-nano-a2633,Sạc Anker PowerPort III Nano A2633,Nguyễn Hoàng Thông,5
adapter-sac-type-c-iq3-67w-anker-a2671,Sạc Anker A2671,Nguyễn Đăng Vỹ,5
adapter-sac-type-c-iq3-67w-anker-a2671,Sạc Anker A2671,Nguyễn Ngọc Anh,3
adapter-sac-type-c-iq3-67w-anker-a2671,Sạc Anker A2671,Phong,5
adapter-sac-type-c-iq3-67w-anker-a2671,Sạc Anker A2671,Hà An Huy,5
adapter-sac-type-c-pd-gan-30w-ugreen-nexode-90901,Sạc Ugreen Nexode 90901,Linh,5
adapter-sac-type-c-pd-gan-30w-ugreen-nexode-90901,Sạc Ugreen Nexode 90901,Duy,1
adapter-sac-type-c-pd-gan-30w-ugreen-nexode-90901,Sạc Ugreen Nexode 90901,Lê Văn Quy,4
sac-khong-day-magpro-2-in-1-15w-baseus-bs-w531,Sạc không dây 2 in 1 Baseus BS-W531,Trần Bích Phương,2
sac-khong-day-magpro-2-in-1-15w-baseus-bs-w531,Sạc không dây 2 in 1 Baseus BS-W531,Hoàng,3
sac-khong-day-magpro-2-in-1-15w-baseus-bs-w531,Sạc không dây 2 in 1 Baseus BS-W531,Mà Van Thuong,4
cap-type-c-lightning-1m-xmobile-lcl-04?utm_flashsale=1,Cáp Type C - Lightning 1m Xmobile LCL-04,Nguyễn Chí Tài,5
cap-type-c-lightning-1m-xmobile-lcl-04?utm_flashsale=1,Cáp Type C - Lightning 1m Xmobile LCL-04,Lý Văn Được,2
cap-type-c-lightning-2m-xmobile-lcl-05?utm_flashsale=1,Cáp Type C - Lightning 2m Xmobile LCL-05,Phú,3
cap-type-c-lightning-2m-xmobile-lcl-05?utm_flashsale=1,Cáp Type C - Lightning 2m Xmobile LCL-05,Hoàng Quân,1
cap-type-c-lightning-2m-xmobile-lcl-05?utm_flashsale=1,Cáp Type C - Lightning 2m Xmobile LCL-05,Trần Long,1
adapter-sac-2-cong-usb-type-c-iq3-kem-cap-type-c-type-c-1-5m-20w-anker-b2348,Sạc 2 cổng Anker kèm Cáp Type C - Type C B2348,Tiểu Vi,2
adapter-sac-2-cong-usb-type-c-iq3-kem-cap-type-c-type-c-1-5m-20w-anker-b2348,Sạc 2 cổng Anker kèm Cáp Type C - Type C B2348,Lê Xuân Hùng,5
adapter-sac-2-cong-usb-type-c-iq3-kem-cap-type-c-type-c-1-5m-20w-anker-b2348,Sạc 2 cổng Anker kèm Cáp Type C - Type C B2348,Nguyên,1
adapter-sac-2-cong-usb-type-c-iq3-kem-cap-type-c-type-c-1-5m-20w-anker-b2348,Sạc 2 cổng Anker kèm Cáp Type C - Type C B2348,Võ Kế Chỉ,5
adapter-sac-2-cong-usb-type-c-iq3-kem-cap-type-c-type-c-1-5m-20w-anker-b2348,Sạc 2 cổng Anker kèm Cáp Type C - Type C B2348,Nguyễn Như Lộc,5
adapter-sac-2-cong-usb-type-c-iq3-kem-cap-type-c-type-c-1-5m-20w-anker-b2348,Sạc 2 cổng Anker kèm Cáp Type C - Type C B2348,Nguyễn Công Văn,5
adapter-sac-2-cong-usb-type-c-iq3-kem-cap-type-c-type-c-1-5m-20w-anker-b2348,Sạc 2 cổng Anker kèm Cáp Type C - Type C B2348,Huỳnh Phan Công Tâm,5
cap-3-dau-type-c-type-c-lightning-micro-1-5m-baseus-flash-series-2-cb000004,Cáp 3 đầu Type C - Type C Lightning Micro 1.5m Baseus Flash Series 2 CB000004,Phạm Hoàng Sang,1
cap-type-c-type-c-2m-baseus-glimmer-cb000025,Cáp Type C - Type C 2m Baseus Glimmer CB000025,Nguyễn Thanh Nhân,3
cap-type-c-type-c-2m-baseus-glimmer-cb000025,Cáp Type C - Type C 2m Baseus Glimmer CB000025,Tuấn Em,5
cap-type-c-type-c-2m-baseus-glimmer-cb000025,Cáp Type C - Type C 2m Baseus Glimmer CB000025,A Sang,4
cap-type-c-type-c-2m-baseus-glimmer-cb000025,Cáp Type C - Type C 2m Baseus Glimmer CB000025,Thành Nam,1
cap-type-c-type-c-2m-baseus-glimmer-cb000025,Cáp Type C - Type C 2m Baseus Glimmer CB000025,Nguyễn Hữu Thắng,4
cap-type-c-type-c-2m-baseus-glimmer-cb000025,Cáp Type C - Type C 2m Baseus Glimmer CB000025,Nguyễn Văn A,5
cap-type-c-type-c-2m-baseus-glimmer-cb000025,Cáp Type C - Type C 2m Baseus Glimmer CB000025,Anh Thi,5
cap-type-c-type-c-2m-baseus-glimmer-cb000025,Cáp Type C - Type C 2m Baseus Glimmer CB000025,Anh Thơ,5
cap-type-c-type-c-2m-baseus-glimmer-cb000025,Cáp Type C - Type C 2m Baseus Glimmer CB000025,Nguyễn Văn Quang,3
cap-type-c-type-c-2m-baseus-glimmer-cb000025,Cáp Type C - Type C 2m Baseus Glimmer CB000025,Nguyễn Văn Trung,5
cap-type-c-type-c-2m-baseus-glimmer-cb000025,Cáp Type C - Type C 2m Baseus Glimmer CB000025,Xuân Hoàn,5
cap-type-c-type-c-2m-baseus-glimmer-cb000025,Cáp Type C - Type C 2m Baseus Glimmer CB000025,Lê Văn Giang,5
cap-type-c-type-c-2m-baseus-glimmer-cb000025,Cáp Type C - Type C 2m Baseus Glimmer CB000025,A Sơn,4
cap-type-c-type-c-2m-baseus-glimmer-cb000025,Cáp Type C - Type C 2m Baseus Glimmer CB000025,Dương Ngọc Sơn,5
cap-type-c-type-c-2m-baseus-glimmer-cb000025,Cáp Type C - Type C 2m Baseus Glimmer CB000025,Nguyễn Trần Kim Vũ,5
cap-type-c-type-c-2m-baseus-glimmer-cb000025,Cáp Type C - Type C 2m Baseus Glimmer CB000025,Anh Việt,5
cap-type-c-type-c-2m-baseus-glimmer-cb000025,Cáp Type C - Type C 2m Baseus Glimmer CB000025,Huỳnh Hưng,5
cap-type-c-type-c-2m-baseus-glimmer-cb000025,Cáp Type C - Type C 2m Baseus Glimmer CB000025,NGUYỄN THỊ BẠCH HUỆ,5
cap-type-c-type-c-2m-baseus-glimmer-cb000025,Cáp Type C - Type C 2m Baseus Glimmer CB000025,Như Trí,5
cap-type-c-type-c-2m-baseus-glimmer-cb000025,Cáp Type C - Type C 2m Baseus Glimmer CB000025,Trần Tấn Tài,5
cap-type-c-type-c-2m-baseus-glimmer-cb000025,Cáp Type C - Type C 2m Baseus Glimmer CB000025,Đỗ Quang Tín,5
cap-type-c-type-c-2m-baseus-glimmer-cb000025,Cáp Type C - Type C 2m Baseus Glimmer CB000025,Nghĩa,5
cap-type-c-type-c-2m-baseus-glimmer-cb000025,Cáp Type C - Type C 2m Baseus Glimmer CB000025,Phạm Đức Huy,4
cap-type-c-type-c-2m-baseus-glimmer-cb000025,Cáp Type C - Type C 2m Baseus Glimmer CB000025,Hiếu,4
adapter-chuyen-doi-type-c-4-in-1-xmobile-ds122f,Adapter chuyển đổi Type C 4 in 1 Xmobile DS122F,GiangM,5
adapter-chuyen-doi-type-c-4-in-1-xmobile-ds122f,Adapter chuyển đổi Type C 4 in 1 Xmobile DS122F,Mạnh,4
adapter-chuyen-doi-type-c-4-in-1-xmobile-ds122f,Adapter chuyển đổi Type C 4 in 1 Xmobile DS122F,Bùi Ngọc Hậu,1
adapter-chuyen-doi-type-c-4-in-1-xmobile-ds122f,Adapter chuyển đổi Type C 4 in 1 Xmobile DS122F,Tấn Hải,5
adapter-chuyen-doi-type-c-4-in-1-xmobile-ds122f,Adapter chuyển đổi Type C 4 in 1 Xmobile DS122F,Huỳnh Nguyễn Quanh Minh,1
adapter-chuyen-doi-type-c-4-in-1-xmobile-ds122f,Adapter chuyển đổi Type C 4 in 1 Xmobile DS122F,Nguyễn Như Ý,1
adapter-chuyen-doi-type-c-4-in-1-xmobile-ds122f,Adapter chuyển đổi Type C 4 in 1 Xmobile DS122F,Anh Thuận,5
adapter-chuyen-doi-type-c-4-in-1-xmobile-ds122f,Adapter chuyển đổi Type C 4 in 1 Xmobile DS122F,Ngoc Phuc,5
adapter-chuyen-doi-type-c-4-in-1-xmobile-ds122f,Adapter chuyển đổi Type C 4 in 1 Xmobile DS122F,Anh Thiện,5
adapter-chuyen-doi-type-c-4-in-1-xmobile-ds122f,Adapter chuyển đổi Type C 4 in 1 Xmobile DS122F,Y,5
adapter-chuyen-doi-type-c-4-in-1-xmobile-ds122f,Adapter chuyển đổi Type C 4 in 1 Xmobile DS122F,Tài,4
adapter-chuyen-doi-type-c-4-in-1-xmobile-ds122f,Adapter chuyển đổi Type C 4 in 1 Xmobile DS122F,Hà,5
adapter-chuyen-doi-type-c-4-in-1-xmobile-ds122f,Adapter chuyển đổi Type C 4 in 1 Xmobile DS122F,Nhật Thiện,4
adapter-chuyen-doi-type-c-4-in-1-xmobile-ds122f,Adapter chuyển đổi Type C 4 in 1 Xmobile DS122F,Hưng,5
adapter-chuyen-doi-type-c-4-in-1-xmobile-ds122f,Adapter chuyển đổi Type C 4 in 1 Xmobile DS122F,A Quang,4
adapter-chuyen-doi-type-c-4-in-1-xmobile-ds122f,Adapter chuyển đổi Type C 4 in 1 Xmobile DS122F,Lê Minh Đức,4
adapter-chuyen-doi-type-c-4-in-1-xmobile-ds122f,Adapter chuyển đổi Type C 4 in 1 Xmobile DS122F,Phan Tấn Vinh,5
adapter-chuyen-doi-type-c-4-in-1-xmobile-ds122f,Adapter chuyển đổi Type C 4 in 1 Xmobile DS122F,Đỗ Tấn Anh Linh,1
adapter-chuyen-doi-type-c-4-in-1-xmobile-ds122f,Adapter chuyển đổi Type C 4 in 1 Xmobile DS122F,Trần Quốc Thành,4
adapter-chuyen-doi-type-c-4-in-1-xmobile-ds122f,Adapter chuyển đổi Type C 4 in 1 Xmobile DS122F,Văn Hoàng,5
adapter-chuyen-doi-type-c-4-in-1-xmobile-ds122f,Adapter chuyển đổi Type C 4 in 1 Xmobile DS122F,Trần Thanh Tú,5
adapter-chuyen-doi-type-c-4-in-1-xmobile-ds122f,Adapter chuyển đổi Type C 4 in 1 Xmobile DS122F,HỒ ĐỨC MINH,5
adapter-chuyen-doi-type-c-4-in-1-xmobile-ds122f,Adapter chuyển đổi Type C 4 in 1 Xmobile DS122F,165133 - Đinh Hoàng Việt Tú,5
adapter-chuyen-doi-type-c-4-in-1-xmobile-ds122f,Adapter chuyển đổi Type C 4 in 1 Xmobile DS122F,Vu Trung Duc,4
adapter-chuyen-doi-type-c-4-in-1-xmobile-ds122f,Adapter chuyển đổi Type C 4 in 1 Xmobile DS122F,Nghĩa,5
adapter-chuyen-doi-type-c-4-in-1-xmobile-ds122f,Adapter chuyển đổi Type C 4 in 1 Xmobile DS122F,Điện,3
adapter-chuyen-doi-type-c-4-in-1-xmobile-ds122f,Adapter chuyển đổi Type C 4 in 1 Xmobile DS122F,Hải Triều,5
adapter-chuyen-doi-type-c-4-in-1-xmobile-ds122f,Adapter chuyển đổi Type C 4 in 1 Xmobile DS122F,Minh,5
adapter-chuyen-doi-type-c-4-in-1-xmobile-ds122f,Adapter chuyển đổi Type C 4 in 1 Xmobile DS122F,Lâm Hồng Khôi Minh,5
adapter-chuyen-doi-type-c-4-in-1-xmobile-ds122f,Adapter chuyển đổi Type C 4 in 1 Xmobile DS122F,Chị Liễu,3
adapter-chuyen-doi-type-c-4-in-1-xmobile-ds122f,Adapter chuyển đổi Type C 4 in 1 Xmobile DS122F,36582 - Nguyễn Trọng Phú,5
adapter-chuyen-doi-type-c-4-in-1-xmobile-ds122f,Adapter chuyển đổi Type C 4 in 1 Xmobile DS122F,Hồ Quốc Việt,5
adapter-chuyen-doi-type-c-4-in-1-xmobile-ds122f,Adapter chuyển đổi Type C 4 in 1 Xmobile DS122F,Bùi Văn Mạnh,5
adapter-chuyen-doi-type-c-4-in-1-xmobile-ds122f,Adapter chuyển đổi Type C 4 in 1 Xmobile DS122F,Nguyễn Phước Nguyên,5
adapter-chuyen-doi-type-c-4-in-1-xmobile-ds122f,Adapter chuyển đổi Type C 4 in 1 Xmobile DS122F,Phạm Tấn Tài,3
adapter-chuyen-doi-type-c-4-in-1-xmobile-ds122f,Adapter chuyển đổi Type C 4 in 1 Xmobile DS122F,Vy,5
adapter-chuyen-doi-type-c-4-in-1-xmobile-ds122f,Adapter chuyển đổi Type C 4 in 1 Xmobile DS122F,Lưu Phúc Thịnh,5
adapter-chuyen-doi-type-c-4-in-1-xmobile-ds122f,Adapter chuyển đổi Type C 4 in 1 Xmobile DS122F,Lâm Hoàng Thịnh,4
adapter-chuyen-doi-type-c-4-in-1-xmobile-ds122f,Adapter chuyển đổi Type C 4 in 1 Xmobile DS122F,Nguyễn Chí Linh,5
adapter-chuyen-doi-type-c-4-in-1-xmobile-ds122f,Adapter chuyển đổi Type C 4 in 1 Xmobile DS122F,Loan,5
adapter-chuyen-doi-type-c-4-in-1-xmobile-ds122f,Adapter chuyển đổi Type C 4 in 1 Xmobile DS122F,Võ Thị Kim Hồng,5
adapter-chuyen-doi-type-c-4-in-1-xmobile-ds122f,Adapter chuyển đổi Type C 4 in 1 Xmobile DS122F,Ung Hoang Trung,5
adapter-chuyen-doi-type-c-4-in-1-xmobile-ds122f,Adapter chuyển đổi Type C 4 in 1 Xmobile DS122F,NGUYỄN VĂN TỊNH,5
adapter-chuyen-doi-type-c-4-in-1-xmobile-ds122f,Adapter chuyển đổi Type C 4 in 1 Xmobile DS122F,Trần Thị Tiếp Thu,5
adapter-chuyen-doi-type-c-4-in-1-xmobile-ds122f,Adapter chuyển đổi Type C 4 in 1 Xmobile DS122F,Dau,5
adapter-chuyen-doi-type-c-4-in-1-xmobile-ds122f,Adapter chuyển đổi Type C 4 in 1 Xmobile DS122F,Huỳnh Thái,5
adapter-chuyen-doi-type-c-4-in-1-xmobile-ds122f,Adapter chuyển đổi Type C 4 in 1 Xmobile DS122F,Phạm Thành Trung,4
adapter-chuyen-doi-type-c-4-in-1-xmobile-ds122f,Adapter chuyển đổi Type C 4 in 1 Xmobile DS122F,Nguyễn Minh Tâm,5
adapter-chuyen-doi-type-c-4-in-1-xmobile-ds122f,Adapter chuyển đổi Type C 4 in 1 Xmobile DS122F,CÔNG TY TNHH XÂY DỰNG THƯƠNG MẠI QUẢNG CÁO HOÀNG VŨ,3
cap-type-c-1m-xmobile-ds09cp-wb?utm_flashsale=1,Cáp Type C 1m Xmobile DS09CP-WB,Phan Văn Lực,4
cap-type-c-1m-xmobile-ds09cp-wb?utm_flashsale=1,Cáp Type C 1m Xmobile DS09CP-WB,Chinh,5
cap-type-c-1m-xmobile-ds09cp-wb?utm_flashsale=1,Cáp Type C 1m Xmobile DS09CP-WB,Nguyễn Vĩnh Khiêm,3
cap-type-c-1m-xmobile-ds09cp-wb?utm_flashsale=1,Cáp Type C 1m Xmobile DS09CP-WB,Tiến,3
cap-type-c-1m-xmobile-ds09cp-wb?utm_flashsale=1,Cáp Type C 1m Xmobile DS09CP-WB,Nguyễn Thanh Tuấn,5
cap-type-c-1m-xmobile-ds09cp-wb?utm_flashsale=1,Cáp Type C 1m Xmobile DS09CP-WB,Pham Văn Khương,4
cap-type-c-1m-xmobile-ds09cp-wb?utm_flashsale=1,Cáp Type C 1m Xmobile DS09CP-WB,Hương,5
cap-type-c-1m-xmobile-ds09cp-wb?utm_flashsale=1,Cáp Type C 1m Xmobile DS09CP-WB,Lê Thị Kiều Luyến,3
cap-type-c-1m-xmobile-ds09cp-wb?utm_flashsale=1,Cáp Type C 1m Xmobile DS09CP-WB,Chị Tình,3
cap-type-c-1m-xmobile-ds09cp-wb?utm_flashsale=1,Cáp Type C 1m Xmobile DS09CP-WB,Anh Phương,4
cap-type-c-1m-xmobile-ds09cp-wb?utm_flashsale=1,Cáp Type C 1m Xmobile DS09CP-WB,Cô Hạnh,4
cap-type-c-1m-xmobile-ds09cp-wb?utm_flashsale=1,Cáp Type C 1m Xmobile DS09CP-WB,Thúy,1
cap-type-c-1m-xmobile-ds09cp-wb?utm_flashsale=1,Cáp Type C 1m Xmobile DS09CP-WB,Tuan,3
cap-type-c-1m-xmobile-ds09cp-wb?utm_flashsale=1,Cáp Type C 1m Xmobile DS09CP-WB,Chú Hoa,4
cap-type-c-1m-xmobile-ds09cp-wb?utm_flashsale=1,Cáp Type C 1m Xmobile DS09CP-WB,Chị Ngoan,2
cap-type-c-1m-xmobile-ds09cp-wb?utm_flashsale=1,Cáp Type C 1m Xmobile DS09CP-WB,Trương Thị Tài,4
cap-type-c-1m-xmobile-ds09cp-wb?utm_flashsale=1,Cáp Type C 1m Xmobile DS09CP-WB,Hùng,5
cap-type-c-1m-xmobile-ds09cp-wb?utm_flashsale=1,Cáp Type C 1m Xmobile DS09CP-WB,Anh Tú,5
cap-type-c-1m-xmobile-ds09cp-wb?utm_flashsale=1,Cáp Type C 1m Xmobile DS09CP-WB,Anh Sương,5
cap-type-c-1m-xmobile-ds09cp-wb?utm_flashsale=1,Cáp Type C 1m Xmobile DS09CP-WB,Chị Hiền,5
cap-type-c-1m-xmobile-ds09cp-wb?utm_flashsale=1,Cáp Type C 1m Xmobile DS09CP-WB,Phan Văn Lực,4
cap-type-c-1m-xmobile-ds09cp-wb?utm_flashsale=1,Cáp Type C 1m Xmobile DS09CP-WB,Chinh,5
cap-type-c-1m-xmobile-ds09cp-wb?utm_flashsale=1,Cáp Type C 1m Xmobile DS09CP-WB,Nguyễn Vĩnh Khiêm,3
cap-type-c-1m-xmobile-ds09cp-wb?utm_flashsale=1,Cáp Type C 1m Xmobile DS09CP-WB,Tiến,3
cap-type-c-1m-xmobile-ds09cp-wb?utm_flashsale=1,Cáp Type C 1m Xmobile DS09CP-WB,Nguyễn Thanh Tuấn,5
cap-type-c-1m-xmobile-ds09cp-wb?utm_flashsale=1,Cáp Type C 1m Xmobile DS09CP-WB,Pham Văn Khương,4
cap-type-c-1m-xmobile-ds09cp-wb?utm_flashsale=1,Cáp Type C 1m Xmobile DS09CP-WB,Hương,5
cap-type-c-1m-xmobile-ds09cp-wb?utm_flashsale=1,Cáp Type C 1m Xmobile DS09CP-WB,Lê Thị Kiều Luyến,3
cap-type-c-1m-xmobile-ds09cp-wb?utm_flashsale=1,Cáp Type C 1m Xmobile DS09CP-WB,Chị Tình,3
cap-type-c-1m-xmobile-ds09cp-wb?utm_flashsale=1,Cáp Type C 1m Xmobile DS09CP-WB,Anh Phương,4
cap-type-c-1m-xmobile-ds09cp-wb?utm_flashsale=1,Cáp Type C 1m Xmobile DS09CP-WB,Cô Hạnh,4
cap-type-c-1m-xmobile-ds09cp-wb?utm_flashsale=1,Cáp Type C 1m Xmobile DS09CP-WB,Thúy,1
cap-type-c-1m-xmobile-ds09cp-wb?utm_flashsale=1,Cáp Type C 1m Xmobile DS09CP-WB,Tuan,3
cap-type-c-1m-xmobile-ds09cp-wb?utm_flashsale=1,Cáp Type C 1m Xmobile DS09CP-WB,Chú Hoa,4
cap-type-c-1m-xmobile-ds09cp-wb?utm_flashsale=1,Cáp Type C 1m Xmobile DS09CP-WB,Chị Ngoan,2
cap-type-c-1m-xmobile-ds09cp-wb?utm_flashsale=1,Cáp Type C 1m Xmobile DS09CP-WB,Trương Thị Tài,4
cap-type-c-1m-xmobile-ds09cp-wb?utm_flashsale=1,Cáp Type C 1m Xmobile DS09CP-WB,Hùng,5
cap-type-c-1m-xmobile-ds09cp-wb?utm_flashsale=1,Cáp Type C 1m Xmobile DS09CP-WB,Anh Tú,5
cap-type-c-1m-xmobile-ds09cp-wb?utm_flashsale=1,Cáp Type C 1m Xmobile DS09CP-WB,Anh Sương,5
cap-type-c-1m-xmobile-ds09cp-wb?utm_flashsale=1,Cáp Type C 1m Xmobile DS09CP-WB,Chị Hiền,5
cap-type-c-1m-xmobile-ds09cp-wb?utm_flashsale=1,Cáp Type C 1m Xmobile DS09CP-WB,Hưng,5
cap-type-c-1m-xmobile-ds09cp-wb?utm_flashsale=1,Cáp Type C 1m Xmobile DS09CP-WB,Nguyễn Thị Hồng Hạnh,4
cap-type-c-1m-xmobile-ds09cp-wb?utm_flashsale=1,Cáp Type C 1m Xmobile DS09CP-WB,Nhân,5
cap-type-c-1m-xmobile-ds09cp-wb?utm_flashsale=1,Cáp Type C 1m Xmobile DS09CP-WB,Chị Buôn,5
cap-type-c-1m-xmobile-ds09cp-wb?utm_flashsale=1,Cáp Type C 1m Xmobile DS09CP-WB,A Thành,4
cap-type-c-1m-xmobile-ds09cp-wb?utm_flashsale=1,Cáp Type C 1m Xmobile DS09CP-WB,HÙNG,5
cap-type-c-1m-xmobile-ds09cp-wb?utm_flashsale=1,Cáp Type C 1m Xmobile DS09CP-WB,Anh Hào,4
cap-type-c-1m-xmobile-ds09cp-wb?utm_flashsale=1,Cáp Type C 1m Xmobile DS09CP-WB,Chị Loan,5
cap-type-c-1m-xmobile-ds09cp-wb?utm_flashsale=1,Cáp Type C 1m Xmobile DS09CP-WB,LÊ HOÀNG KHA,5
cap-type-c-1m-xmobile-ds09cp-wb?utm_flashsale=1,Cáp Type C 1m Xmobile DS09CP-WB,Phạm Khắc Thanh,4
cap-type-c-1m-xmobile-ds09cp-wb?utm_flashsale=1,Cáp Type C 1m Xmobile DS09CP-WB,Vũ Thanh Hoà,4
cap-type-c-1m-xmobile-ds09cp-wb?utm_flashsale=1,Cáp Type C 1m Xmobile DS09CP-WB,Ni,5
cap-type-c-1m-xmobile-ds09cp-wb?utm_flashsale=1,Cáp Type C 1m Xmobile DS09CP-WB,Diễm,4
cap-type-c-1m-xmobile-ds09cp-wb?utm_flashsale=1,Cáp Type C 1m Xmobile DS09CP-WB,Thuỳ,3
cap-type-c-1m-xmobile-ds09cp-wb?utm_flashsale=1,Cáp Type C 1m Xmobile DS09CP-WB,Tú,2
cap-type-c-1m-xmobile-ds09cp-wb?utm_flashsale=1,Cáp Type C 1m Xmobile DS09CP-WB,Anh Tú,5
cap-type-c-1m-xmobile-ds09cp-wb?utm_flashsale=1,Cáp Type C 1m Xmobile DS09CP-WB,Sang,5
cap-type-c-1m-xmobile-ds09cp-wb?utm_flashsale=1,Cáp Type C 1m Xmobile DS09CP-WB,Chị Kim Anh,4
cap-type-c-1m-xmobile-ds09cp-wb?utm_flashsale=1,Cáp Type C 1m Xmobile DS09CP-WB,Trần Văn Hiếu,5
cap-type-c-1m-xmobile-ds09cp-wb?utm_flashsale=1,Cáp Type C 1m Xmobile DS09CP-WB,Lê Văn Khắc,5
cap-type-c-1m-xmobile-ds09cp-wb?utm_flashsale=1,Cáp Type C 1m Xmobile DS09CP-WB,Trịnh Văn Sum,4
cap-type-c-1m-xmobile-ds09cp-wb?utm_flashsale=1,Cáp Type C 1m Xmobile DS09CP-WB,Chi Hải,3
cap-type-c-1m-xmobile-ds09cp-wb?utm_flashsale=1,Cáp Type C 1m Xmobile DS09CP-WB,Anh Bảo,4
cap-type-c-1m-xmobile-ds09cp-wb?utm_flashsale=1,Cáp Type C 1m Xmobile DS09CP-WB,Trương Hoàng Anh Tuấn,4
cap-type-c-1m-xmobile-ds09cp-wb?utm_flashsale=1,Cáp Type C 1m Xmobile DS09CP-WB,Thùy,5
cap-type-c-1m-xmobile-ds09cp-wb?utm_flashsale=1,Cáp Type C 1m Xmobile DS09CP-WB,Bảo Toàn,5
cap-type-c-1m-xmobile-ds09cp-wb?utm_flashsale=1,Cáp Type C 1m Xmobile DS09CP-WB,KHANH LINH,4
cap-type-c-1m-xmobile-ds09cp-wb?utm_flashsale=1,Cáp Type C 1m Xmobile DS09CP-WB,Trần Thị Dung,5
cap-type-c-1m-xmobile-ds09cp-wb?utm_flashsale=1,Cáp Type C 1m Xmobile DS09CP-WB,Dũng,4
cap-type-c-1m-xmobile-ds09cp-wb?utm_flashsale=1,Cáp Type C 1m Xmobile DS09CP-WB,Tran Thy Linh,4
cap-type-c-1m-xmobile-ds09cp-wb?utm_flashsale=1,Cáp Type C 1m Xmobile DS09CP-WB,Di,1
cap-type-c-1m-xmobile-ds09cp-wb?utm_flashsale=1,Cáp Type C 1m Xmobile DS09CP-WB,Hồ Công Sĩ,5
cap-type-c-1m-xmobile-ds09cp-wb?utm_flashsale=1,Cáp Type C 1m Xmobile DS09CP-WB,Tú,5
cap-type-c-1m-xmobile-ds09cp-wb?utm_flashsale=1,Cáp Type C 1m Xmobile DS09CP-WB,Anh Quí,5
cap-type-c-1m-xmobile-ds09cp-wb?utm_flashsale=1,Cáp Type C 1m Xmobile DS09CP-WB,Nguyễn Thanh Nghị,5
adapter-sac-type-c-pd-gan-30w-ugreen-robot-nexode-25036,Sạc Ugreen Robot Nexode 25036,ANH,5
adapter-sac-type-c-pd-gan-30w-ugreen-robot-nexode-25036,Sạc Ugreen Robot Nexode 25036,Bùi Lê Anh Thuận,1
adapter-sac-type-c-pd-gan-30w-ugreen-robot-nexode-25036,Sạc Ugreen Robot Nexode 25036,Minh Ánh,5
adapter-sac-type-c-pd-gan-30w-ugreen-robot-nexode-25036,Sạc Ugreen Robot Nexode 25036,Tâm,3
adapter-sac-type-c-pd-gan-30w-ugreen-robot-nexode-25036,Sạc Ugreen Robot Nexode 25036,Hải,4
adapter-sac-type-c-pd-gan-30w-ugreen-robot-nexode-25036,Sạc Ugreen Robot Nexode 25036,Dương,5
adapter-sac-type-c-pd-gan-30w-ugreen-robot-nexode-25036,Sạc Ugreen Robot Nexode 25036,Đoàn Văn Bụng,5
adapter-sac-type-c-pd-gan-30w-ugreen-robot-nexode-25036,Sạc Ugreen Robot Nexode 25036,Em Huy,5
adapter-sac-type-c-pd-gan-30w-ugreen-robot-nexode-25036,Sạc Ugreen Robot Nexode 25036,Chị Hằng,5
adapter-4-cong-usb-type-c-pd-65w-kem-cap-type-c-type-c-1m-baseus-ccgan65s6,Sạc 4 cổng Baseus kèm Cáp Type C - Type C CCGAN65S6,Nguyễn Công Thành,5
cap-lightning-1m-xmobile-dr-l001x-do-den?utm_flashsale=1,Cáp Lightning 1m Xmobile DR-L001X,Lê Đặng Hà Phương,5
cap-lightning-1m-xmobile-dr-l001x-do-den?utm_flashsale=1,Cáp Lightning 1m Xmobile DR-L001X,Anh Hưng,5
cap-lightning-1m-xmobile-dr-l001x-do-den?utm_flashsale=1,Cáp Lightning 1m Xmobile DR-L001X,Thu,4
cap-lightning-1m-xmobile-dr-l001x-do-den?utm_flashsale=1,Cáp Lightning 1m Xmobile DR-L001X,Phạm Thị Hiền,3
cap-lightning-1m-xmobile-dr-l001x-do-den?utm_flashsale=1,Cáp Lightning 1m Xmobile DR-L001X,LƯU HỒNG SƠN,5
cap-lightning-1m-xmobile-dr-l001x-do-den?utm_flashsale=1,Cáp Lightning 1m Xmobile DR-L001X,Huỳnh Ngọc Dũng,5
cap-lightning-1m-xmobile-dr-l001x-do-den?utm_flashsale=1,Cáp Lightning 1m Xmobile DR-L001X,Đức Việt,5
cap-lightning-1m-xmobile-dr-l001x-do-den?utm_flashsale=1,Cáp Lightning 1m Xmobile DR-L001X,Ngô Mi,5
cap-lightning-1m-xmobile-dr-l001x-do-den?utm_flashsale=1,Cáp Lightning 1m Xmobile DR-L001X,Chị Lan,3
cap-lightning-1m-xmobile-dr-l001x-do-den?utm_flashsale=1,Cáp Lightning 1m Xmobile DR-L001X,Trần Quốc Đỉnh,5
cap-lightning-1m-xmobile-dr-l001x-do-den?utm_flashsale=1,Cáp Lightning 1m Xmobile DR-L001X,Thúy,5
cap-lightning-1m-xmobile-dr-l001x-do-den?utm_flashsale=1,Cáp Lightning 1m Xmobile DR-L001X,Chị Thương,5
cap-lightning-1m-xmobile-dr-l001x-do-den?utm_flashsale=1,Cáp Lightning 1m Xmobile DR-L001X,Trình,4
cap-lightning-1m-xmobile-dr-l001x-do-den?utm_flashsale=1,Cáp Lightning 1m Xmobile DR-L001X,Phan Thị Thuý Hằng,4
cap-lightning-1m-xmobile-dr-l001x-do-den?utm_flashsale=1,Cáp Lightning 1m Xmobile DR-L001X,Chu Doanh,5
cap-lightning-1m-xmobile-dr-l001x-do-den?utm_flashsale=1,Cáp Lightning 1m Xmobile DR-L001X,Hiền,5
cap-lightning-1m-xmobile-dr-l001x-do-den?utm_flashsale=1,Cáp Lightning 1m Xmobile DR-L001X,Trần Quốc Lâm,3
cap-lightning-1m-xmobile-dr-l001x-do-den?utm_flashsale=1,Cáp Lightning 1m Xmobile DR-L001X,Anh Cường,5
cap-lightning-1m-xmobile-dr-l001x-do-den?utm_flashsale=1,Cáp Lightning 1m Xmobile DR-L001X,Nhựt Liêm,5
cap-lightning-1m-xmobile-dr-l001x-do-den?utm_flashsale=1,Cáp Lightning 1m Xmobile DR-L001X,Em Thiện,4
cap-lightning-1m-xmobile-dr-l001x-do-den?utm_flashsale=1,Cáp Lightning 1m Xmobile DR-L001X,Giang,5
cap-lightning-1m-xmobile-dr-l001x-do-den?utm_flashsale=1,Cáp Lightning 1m Xmobile DR-L001X,Thương,5
cap-lightning-1m-xmobile-dr-l001x-do-den?utm_flashsale=1,Cáp Lightning 1m Xmobile DR-L001X,Lê Đoàn Nhật Trung,4
cap-lightning-1m-xmobile-dr-l001x-do-den?utm_flashsale=1,Cáp Lightning 1m Xmobile DR-L001X,Luận,4
cap-lightning-1m-xmobile-dr-l001x-do-den?utm_flashsale=1,Cáp Lightning 1m Xmobile DR-L001X,Tòng,5
cap-lightning-1m-xmobile-dr-l001x-do-den?utm_flashsale=1,Cáp Lightning 1m Xmobile DR-L001X,Khả Vy,4
cap-lightning-1m-xmobile-dr-l001x-do-den?utm_flashsale=1,Cáp Lightning 1m Xmobile DR-L001X,Quân,3
cap-lightning-1m-xmobile-dr-l001x-do-den?utm_flashsale=1,Cáp Lightning 1m Xmobile DR-L001X,Anh Ngãi,5
cap-lightning-1m-xmobile-dr-l001x-do-den?utm_flashsale=1,Cáp Lightning 1m Xmobile DR-L001X,Phạm Đình Trung,4
cap-lightning-1m-xmobile-dr-l001x-do-den?utm_flashsale=1,Cáp Lightning 1m Xmobile DR-L001X,Tường Vy,2
cap-lightning-1m-xmobile-dr-l001x-do-den?utm_flashsale=1,Cáp Lightning 1m Xmobile DR-L001X,Chị Nữ,4
cap-lightning-1m-xmobile-dr-l001x-do-den?utm_flashsale=1,Cáp Lightning 1m Xmobile DR-L001X,Chị Thuý,5
cap-lightning-1m-xmobile-dr-l001x-do-den?utm_flashsale=1,Cáp Lightning 1m Xmobile DR-L001X,Nguyễn Thị Diễm Thuỳ,2
cap-lightning-1m-xmobile-dr-l001x-do-den?utm_flashsale=1,Cáp Lightning 1m Xmobile DR-L001X,Chị Trang,4
cap-lightning-1m-xmobile-dr-l001x-do-den?utm_flashsale=1,Cáp Lightning 1m Xmobile DR-L001X,Anh Giang,5
cap-lightning-1m-xmobile-dr-l001x-do-den?utm_flashsale=1,Cáp Lightning 1m Xmobile DR-L001X,Nguyên Linh,1
cap-lightning-1m-xmobile-dr-l001x-do-den?utm_flashsale=1,Cáp Lightning 1m Xmobile DR-L001X,Vinh,4
cap-lightning-1m-xmobile-dr-l001x-do-den?utm_flashsale=1,Cáp Lightning 1m Xmobile DR-L001X,Đan Hương,5
cap-lightning-1m-xmobile-dr-l001x-do-den?utm_flashsale=1,Cáp Lightning 1m Xmobile DR-L001X,A Thảo,5
cap-lightning-1m-xmobile-dr-l001x-do-den?utm_flashsale=1,Cáp Lightning 1m Xmobile DR-L001X,Đoàn Trần Đức Lợi,3
cap-lightning-1m-xmobile-dr-l001x-do-den?utm_flashsale=1,Cáp Lightning 1m Xmobile DR-L001X,NGUYỄN THANH HÀ,2
cap-lightning-1m-xmobile-dr-l001x-do-den?utm_flashsale=1,Cáp Lightning 1m Xmobile DR-L001X,Hải,4
cap-lightning-1m-xmobile-dr-l001x-do-den?utm_flashsale=1,Cáp Lightning 1m Xmobile DR-L001X,Đặng Đức Vũ,5
cap-lightning-1m-xmobile-dr-l001x-do-den?utm_flashsale=1,Cáp Lightning 1m Xmobile DR-L001X,Dang Nhu Bang,5
cap-lightning-1m-xmobile-dr-l001x-do-den?utm_flashsale=1,Cáp Lightning 1m Xmobile DR-L001X,Vi,4
cap-lightning-1m-xmobile-dr-l001x-do-den?utm_flashsale=1,Cáp Lightning 1m Xmobile DR-L001X,A Việt,5
cap-lightning-1m-xmobile-dr-l001x-do-den?utm_flashsale=1,Cáp Lightning 1m Xmobile DR-L001X,Vo Quoc Kiet,5
cap-lightning-1m-xmobile-dr-l001x-do-den?utm_flashsale=1,Cáp Lightning 1m Xmobile DR-L001X,Hiệp,4
cap-lightning-1m-xmobile-dr-l001x-do-den?utm_flashsale=1,Cáp Lightning 1m Xmobile DR-L001X,Nguyễn Trung Khánh,3
cap-lightning-1m-xmobile-dr-l001x-do-den?utm_flashsale=1,Cáp Lightning 1m Xmobile DR-L001X,Lê Hùng,4
cap-lightning-1m-xmobile-dr-l001x-do-den?utm_flashsale=1,Cáp Lightning 1m Xmobile DR-L001X,NGUYEN MINH PHUNG,5
cap-lightning-1m-xmobile-dr-l001x-do-den?utm_flashsale=1,Cáp Lightning 1m Xmobile DR-L001X,Vũ Văn Học,4
cap-lightning-1m-xmobile-dr-l001x-do-den?utm_flashsale=1,Cáp Lightning 1m Xmobile DR-L001X,LONG,4
cap-lightning-1m-xmobile-dr-l001x-do-den?utm_flashsale=1,Cáp Lightning 1m Xmobile DR-L001X,Vinh,3
cap-lightning-1m-xmobile-dr-l001x-do-den?utm_flashsale=1,Cáp Lightning 1m Xmobile DR-L001X,Hoang Long,3
cap-lightning-1m-xmobile-dr-l001x-do-den?utm_flashsale=1,Cáp Lightning 1m Xmobile DR-L001X,Anh Quyền Anh,5
cap-lightning-1m-xmobile-dr-l001x-do-den?utm_flashsale=1,Cáp Lightning 1m Xmobile DR-L001X,C Nguyên,5
cap-lightning-1m-xmobile-dr-l001x-do-den?utm_flashsale=1,Cáp Lightning 1m Xmobile DR-L001X,Thế Anh,5
cap-lightning-1m-xmobile-dr-l001x-do-den?utm_flashsale=1,Cáp Lightning 1m Xmobile DR-L001X,Sang,5
cap-lightning-1m-xmobile-dr-l001x-do-den?utm_flashsale=1,Cáp Lightning 1m Xmobile DR-L001X,Anh Tuấn,5
cap-lightning-1m-xmobile-dr-l001x-do-den?utm_flashsale=1,Cáp Lightning 1m Xmobile DR-L001X,NGUYỄN THANH HÀ,2
cap-lightning-1m-xmobile-dr-l001x-do-den?utm_flashsale=1,Cáp Lightning 1m Xmobile DR-L001X,Hải,4
cap-lightning-1m-xmobile-dr-l001x-do-den?utm_flashsale=1,Cáp Lightning 1m Xmobile DR-L001X,Đặng Đức Vũ,5
cap-lightning-1m-xmobile-dr-l001x-do-den?utm_flashsale=1,Cáp Lightning 1m Xmobile DR-L001X,Dang Nhu Bang,5
cap-lightning-1m-xmobile-dr-l001x-do-den?utm_flashsale=1,Cáp Lightning 1m Xmobile DR-L001X,Vi,4
cap-lightning-1m-xmobile-dr-l001x-do-den?utm_flashsale=1,Cáp Lightning 1m Xmobile DR-L001X,A Việt,5
cap-lightning-1m-xmobile-dr-l001x-do-den?utm_flashsale=1,Cáp Lightning 1m Xmobile DR-L001X,Vo Quoc Kiet,5
cap-lightning-1m-xmobile-dr-l001x-do-den?utm_flashsale=1,Cáp Lightning 1m Xmobile DR-L001X,Hiệp,4
cap-lightning-1m-xmobile-dr-l001x-do-den?utm_flashsale=1,Cáp Lightning 1m Xmobile DR-L001X,Nguyễn Trung Khánh,3
cap-lightning-1m-xmobile-dr-l001x-do-den?utm_flashsale=1,Cáp Lightning 1m Xmobile DR-L001X,Lê Hùng,4
cap-lightning-1m-xmobile-dr-l001x-do-den?utm_flashsale=1,Cáp Lightning 1m Xmobile DR-L001X,NGUYEN MINH PHUNG,5
cap-lightning-1m-xmobile-dr-l001x-do-den?utm_flashsale=1,Cáp Lightning 1m Xmobile DR-L001X,Vũ Văn Học,4
cap-lightning-1m-xmobile-dr-l001x-do-den?utm_flashsale=1,Cáp Lightning 1m Xmobile DR-L001X,LONG,4
cap-lightning-1m-xmobile-dr-l001x-do-den?utm_flashsale=1,Cáp Lightning 1m Xmobile DR-L001X,Vinh,3
cap-lightning-1m-xmobile-dr-l001x-do-den?utm_flashsale=1,Cáp Lightning 1m Xmobile DR-L001X,Hoang Long,3
cap-lightning-1m-xmobile-dr-l001x-do-den?utm_flashsale=1,Cáp Lightning 1m Xmobile DR-L001X,Anh Quyền Anh,5
cap-lightning-1m-xmobile-dr-l001x-do-den?utm_flashsale=1,Cáp Lightning 1m Xmobile DR-L001X,C Nguyên,5
cap-lightning-1m-xmobile-dr-l001x-do-den?utm_flashsale=1,Cáp Lightning 1m Xmobile DR-L001X,Thế Anh,5
cap-lightning-1m-xmobile-dr-l001x-do-den?utm_flashsale=1,Cáp Lightning 1m Xmobile DR-L001X,Sang,5
cap-lightning-1m-xmobile-dr-l001x-do-den?utm_flashsale=1,Cáp Lightning 1m Xmobile DR-L001X,Anh Tuấn,5
cap-lightning-1m-xmobile-dr-l001x-do-den?utm_flashsale=1,Cáp Lightning 1m Xmobile DR-L001X,Chú Tâm,4
cap-lightning-1m-xmobile-dr-l001x-do-den?utm_flashsale=1,Cáp Lightning 1m Xmobile DR-L001X,Ngọc Thuý,4
cap-lightning-1m-xmobile-dr-l001x-do-den?utm_flashsale=1,Cáp Lightning 1m Xmobile DR-L001X,Anh Việt,5
cap-lightning-1m-xmobile-dr-l001x-do-den?utm_flashsale=1,Cáp Lightning 1m Xmobile DR-L001X,Anh Thắng,5
cap-lightning-1m-xmobile-dr-l001x-do-den?utm_flashsale=1,Cáp Lightning 1m Xmobile DR-L001X,Đức Anh,3
cap-lightning-1m-xmobile-dr-l001x-do-den?utm_flashsale=1,Cáp Lightning 1m Xmobile DR-L001X,MAI VĂN LẠN,5
cap-lightning-1m-xmobile-dr-l001x-do-den?utm_flashsale=1,Cáp Lightning 1m Xmobile DR-L001X,Phúc,1
cap-lightning-1m-xmobile-dr-l001x-do-den?utm_flashsale=1,Cáp Lightning 1m Xmobile DR-L001X,Trần Như Nam,1
cap-lightning-1m-xmobile-dr-l001x-do-den?utm_flashsale=1,Cáp Lightning 1m Xmobile DR-L001X,Lệ Thu,1
cap-lightning-1m-xmobile-dr-l001x-do-den?utm_flashsale=1,Cáp Lightning 1m Xmobile DR-L001X,Võ Minh Tiến,5
cap-lightning-1m-xmobile-dr-l001x-do-den?utm_flashsale=1,Cáp Lightning 1m Xmobile DR-L001X,Nguyễn Hoàng Phúc,1
cap-lightning-1m-xmobile-dr-l001x-do-den?utm_flashsale=1,Cáp Lightning 1m Xmobile DR-L001X,HUYNH THAI SANG,3
cap-lightning-1m-xmobile-dr-l001x-do-den?utm_flashsale=1,Cáp Lightning 1m Xmobile DR-L001X,NGUYỄN THỊ NGÂN,2
cap-lightning-1m-xmobile-dr-l001x-do-den?utm_flashsale=1,Cáp Lightning 1m Xmobile DR-L001X,Mai Thanh Dai Tu,1
cap-lightning-1m-xmobile-dr-l001x-do-den?utm_flashsale=1,Cáp Lightning 1m Xmobile DR-L001X,Phạm Thành Trung,2
cap-lightning-1m-xmobile-dr-l001x-do-den?utm_flashsale=1,Cáp Lightning 1m Xmobile DR-L001X,HỒ THỊ NGÂN,3
cap-lightning-1m-xmobile-dr-l001x-do-den?utm_flashsale=1,Cáp Lightning 1m Xmobile DR-L001X,Phan Thị Thạnh,3
cap-lightning-1m-xmobile-dr-l001x-do-den?utm_flashsale=1,Cáp Lightning 1m Xmobile DR-L001X,Huỳnh Thân,1
cap-lightning-1m-xmobile-dr-l001x-do-den?utm_flashsale=1,Cáp Lightning 1m Xmobile DR-L001X,Nguyễn Nhựt Nam,2
cap-lightning-1m-xmobile-dr-l001x-do-den?utm_flashsale=1,Cáp Lightning 1m Xmobile DR-L001X,Ngô Hoàng Thái,3
cap-lightning-1m-xmobile-dr-l001x-do-den?utm_flashsale=1,Cáp Lightning 1m Xmobile DR-L001X,Chú Tâm,4
cap-lightning-1m-xmobile-dr-l001x-do-den?utm_flashsale=1,Cáp Lightning 1m Xmobile DR-L001X,Ngọc Thuý,4
cap-lightning-1m-xmobile-dr-l001x-do-den?utm_flashsale=1,Cáp Lightning 1m Xmobile DR-L001X,Anh Việt,5
cap-lightning-1m-xmobile-dr-l001x-do-den?utm_flashsale=1,Cáp Lightning 1m Xmobile DR-L001X,Anh Thắng,5
cap-lightning-1m-xmobile-dr-l001x-do-den?utm_flashsale=1,Cáp Lightning 1m Xmobile DR-L001X,Đức Anh,3
cap-lightning-1m-xmobile-dr-l001x-do-den?utm_flashsale=1,Cáp Lightning 1m Xmobile DR-L001X,MAI VĂN LẠN,5
cap-lightning-1m-xmobile-dr-l001x-do-den?utm_flashsale=1,Cáp Lightning 1m Xmobile DR-L001X,Phúc,1
cap-lightning-1m-xmobile-dr-l001x-do-den?utm_flashsale=1,Cáp Lightning 1m Xmobile DR-L001X,Trần Như Nam,1
cap-lightning-1m-xmobile-dr-l001x-do-den?utm_flashsale=1,Cáp Lightning 1m Xmobile DR-L001X,Lệ Thu,1
cap-lightning-1m-xmobile-dr-l001x-do-den?utm_flashsale=1,Cáp Lightning 1m Xmobile DR-L001X,Võ Minh Tiến,5
cap-lightning-1m-xmobile-dr-l001x-do-den?utm_flashsale=1,Cáp Lightning 1m Xmobile DR-L001X,Nguyễn Hoàng Phúc,1
cap-lightning-1m-xmobile-dr-l001x-do-den?utm_flashsale=1,Cáp Lightning 1m Xmobile DR-L001X,HUYNH THAI SANG,3
cap-lightning-1m-xmobile-dr-l001x-do-den?utm_flashsale=1,Cáp Lightning 1m Xmobile DR-L001X,NGUYỄN THỊ NGÂN,2
cap-lightning-1m-xmobile-dr-l001x-do-den?utm_flashsale=1,Cáp Lightning 1m Xmobile DR-L001X,Mai Thanh Dai Tu,1
cap-lightning-1m-xmobile-dr-l001x-do-den?utm_flashsale=1,Cáp Lightning 1m Xmobile DR-L001X,Phạm Thành Trung,2
cap-lightning-1m-xmobile-dr-l001x-do-den?utm_flashsale=1,Cáp Lightning 1m Xmobile DR-L001X,HỒ THỊ NGÂN,3
cap-lightning-1m-xmobile-dr-l001x-do-den?utm_flashsale=1,Cáp Lightning 1m Xmobile DR-L001X,Phan Thị Thạnh,3
cap-lightning-1m-xmobile-dr-l001x-do-den?utm_flashsale=1,Cáp Lightning 1m Xmobile DR-L001X,Huỳnh Thân,1
cap-lightning-1m-xmobile-dr-l001x-do-den?utm_flashsale=1,Cáp Lightning 1m Xmobile DR-L001X,Nguyễn Nhựt Nam,2
cap-lightning-1m-xmobile-dr-l001x-do-den?utm_flashsale=1,Cáp Lightning 1m Xmobile DR-L001X,Ngô Hoàng Thái,3
cap-lightning-1m-xmobile-dr-l001x-do-den?utm_flashsale=1,Cáp Lightning 1m Xmobile DR-L001X,Mai Tấn Đạt,2
cap-lightning-1m-xmobile-dr-l001x-do-den?utm_flashsale=1,Cáp Lightning 1m Xmobile DR-L001X,LÊ TUẤN HƯNG,2
cap-lightning-1m-xmobile-dr-l001x-do-den?utm_flashsale=1,Cáp Lightning 1m Xmobile DR-L001X,Tài,1
cap-lightning-1m-xmobile-dr-l001x-do-den?utm_flashsale=1,Cáp Lightning 1m Xmobile DR-L001X,Thầy Bảy,5
cap-lightning-1m-xmobile-dr-l001x-do-den?utm_flashsale=1,Cáp Lightning 1m Xmobile DR-L001X,Mao Thanh Hùng,4
cap-lightning-1m-xmobile-dr-l001x-do-den?utm_flashsale=1,Cáp Lightning 1m Xmobile DR-L001X,Nhung,4
cap-lightning-1m-xmobile-dr-l001x-do-den?utm_flashsale=1,Cáp Lightning 1m Xmobile DR-L001X,Phan My,4
cap-lightning-1m-xmobile-dr-l001x-do-den?utm_flashsale=1,Cáp Lightning 1m Xmobile DR-L001X,Trang,4
cap-lightning-1m-xmobile-dr-l001x-do-den?utm_flashsale=1,Cáp Lightning 1m Xmobile DR-L001X,Võ Văn Dang,5
cap-lightning-1m-xmobile-dr-l001x-do-den?utm_flashsale=1,Cáp Lightning 1m Xmobile DR-L001X,Nguyễn Trọng Duy,5
cap-lightning-1m-xmobile-dr-l001x-do-den?utm_flashsale=1,Cáp Lightning 1m Xmobile DR-L001X,Vinh,5
cap-lightning-1m-xmobile-dr-l001x-do-den?utm_flashsale=1,Cáp Lightning 1m Xmobile DR-L001X,Kim Oanh,4
cap-lightning-1m-xmobile-dr-l001x-do-den?utm_flashsale=1,Cáp Lightning 1m Xmobile DR-L001X,Chị Dung,4
cap-lightning-1m-xmobile-dr-l001x-do-den?utm_flashsale=1,Cáp Lightning 1m Xmobile DR-L001X,Phạm Thị Thúy Diệu,3
cap-lightning-1m-xmobile-dr-l001x-do-den?utm_flashsale=1,Cáp Lightning 1m Xmobile DR-L001X,Trịnh Văn Hoà,4
cap-lightning-1m-xmobile-dr-l001x-do-den?utm_flashsale=1,Cáp Lightning 1m Xmobile DR-L001X,Thịnh,4
cap-lightning-1m-xmobile-dr-l001x-do-den?utm_flashsale=1,Cáp Lightning 1m Xmobile DR-L001X,Nguyễn Khắc Cường,5
cap-lightning-1m-xmobile-dr-l001x-do-den?utm_flashsale=1,Cáp Lightning 1m Xmobile DR-L001X,Anh An,4
cap-lightning-1m-xmobile-dr-l001x-do-den?utm_flashsale=1,Cáp Lightning 1m Xmobile DR-L001X,Nguyễn Đình Quốc Dũng,5
cap-lightning-1m-xmobile-dr-l001x-do-den?utm_flashsale=1,Cáp Lightning 1m Xmobile DR-L001X,Thuận,4
cap-lightning-1m-xmobile-dr-l001x-do-den?utm_flashsale=1,Cáp Lightning 1m Xmobile DR-L001X,Giàu,5
cap-lightning-1m-xmobile-dr-l001x-do-den?utm_flashsale=1,Cáp Lightning 1m Xmobile DR-L001X,Anh Quyến,5
cap-lightning-1m-xmobile-dr-l001x-do-den?utm_flashsale=1,Cáp Lightning 1m Xmobile DR-L001X,NGUYỄN VĂN CÔNG,5
cap-lightning-1m-xmobile-dr-l001x-do-den?utm_flashsale=1,Cáp Lightning 1m Xmobile DR-L001X,Oanh,5
cap-lightning-1m-xmobile-dr-l001x-do-den?utm_flashsale=1,Cáp Lightning 1m Xmobile DR-L001X,Thắm,5
cap-lightning-1m-xmobile-dr-l001x-do-den?utm_flashsale=1,Cáp Lightning 1m Xmobile DR-L001X,Hải Anh,5
cap-lightning-1m-xmobile-dr-l001x-do-den?utm_flashsale=1,Cáp Lightning 1m Xmobile DR-L001X,Lưu Tấn Thành,4
cap-type-c-type-c-1m-ugreen-70427,Cáp Type C - Type C 1m Ugreen 70427,Thanh Sang,5
cap-type-c-type-c-1m-ugreen-70427,Cáp Type C - Type C 1m Ugreen 70427,Đặng Chí Đông,5
cap-type-c-type-c-1m-ugreen-70427,Cáp Type C - Type C 1m Ugreen 70427,Trần Văn Vinh,1
cap-type-c-type-c-1m-ugreen-70427,Cáp Type C - Type C 1m Ugreen 70427,Chị Liên,5
cap-type-c-type-c-1m-ugreen-70427,Cáp Type C - Type C 1m Ugreen 70427,Hồ Chí Thanh,5
cap-type-c-type-c-1m-ugreen-70427,Cáp Type C - Type C 1m Ugreen 70427,Nguyễn Chí Bảo,5
cap-type-c-type-c-1m-ugreen-70427,Cáp Type C - Type C 1m Ugreen 70427,Hà An Huy,4
cap-type-c-type-c-1m-ugreen-70427,Cáp Type C - Type C 1m Ugreen 70427,LY NGOC TAI,3
cap-type-c-type-c-1m-ugreen-70427,Cáp Type C - Type C 1m Ugreen 70427,Là Lá La La Là La La La,5
cap-type-c-type-c-1m-ugreen-70427,Cáp Type C - Type C 1m Ugreen 70427,Hoàng Oanh,4
cap-type-c-type-c-1m-ugreen-70427,Cáp Type C - Type C 1m Ugreen 70427,Nguyễn Lê Hoài Sơn,5
cap-type-c-type-c-1m-ugreen-70427,Cáp Type C - Type C 1m Ugreen 70427,Tính,5
cap-day-rut-type-c-type-c-1m-baseus-retractable-bright-mirror-cb000062,Cáp Dây Rút Type C - Type C 1m Baseus Retractable Bright Mirror CB000062,Bổn,1
cap-day-rut-type-c-type-c-1m-baseus-retractable-bright-mirror-cb000062,Cáp Dây Rút Type C - Type C 1m Baseus Retractable Bright Mirror CB000062,Phan Văn Bé Nam,5
cap-day-rut-type-c-type-c-1m-baseus-retractable-bright-mirror-cb000062,Cáp Dây Rút Type C - Type C 1m Baseus Retractable Bright Mirror CB000062,Anh Vinh,5
cap-day-rut-type-c-type-c-1m-baseus-retractable-bright-mirror-cb000062,Cáp Dây Rút Type C - Type C 1m Baseus Retractable Bright Mirror CB000062,Duc,5
cap-day-rut-type-c-type-c-1m-baseus-retractable-bright-mirror-cb000062,Cáp Dây Rút Type C - Type C 1m Baseus Retractable Bright Mirror CB000062,Anie Dương,5
cap-day-rut-type-c-type-c-1m-baseus-retractable-bright-mirror-cb000062,Cáp Dây Rút Type C - Type C 1m Baseus Retractable Bright Mirror CB000062,Bình,5
cap-day-rut-type-c-type-c-1m-baseus-retractable-bright-mirror-cb000062,Cáp Dây Rút Type C - Type C 1m Baseus Retractable Bright Mirror CB000062,Nguyễn Hải Định,2
cap-day-rut-type-c-type-c-1m-baseus-retractable-bright-mirror-cb000062,Cáp Dây Rút Type C - Type C 1m Baseus Retractable Bright Mirror CB000062,Hồ Tiến Dũng,5
cap-day-rut-type-c-type-c-1m-baseus-retractable-bright-mirror-cb000062,Cáp Dây Rút Type C - Type C 1m Baseus Retractable Bright Mirror CB000062,Đại,5
cap-day-rut-type-c-type-c-1m-baseus-retractable-bright-mirror-cb000062,Cáp Dây Rút Type C - Type C 1m Baseus Retractable Bright Mirror CB000062,Anh Mạnh,4
cap-day-rut-type-c-type-c-1m-baseus-retractable-bright-mirror-cb000062,Cáp Dây Rút Type C - Type C 1m Baseus Retractable Bright Mirror CB000062,Tạ Lê Ngọc Toàn,5
cap-day-rut-type-c-type-c-1m-baseus-retractable-bright-mirror-cb000062,Cáp Dây Rút Type C - Type C 1m Baseus Retractable Bright Mirror CB000062,Anh Phương,4
cap-day-rut-type-c-type-c-1m-baseus-retractable-bright-mirror-cb000062,Cáp Dây Rút Type C - Type C 1m Baseus Retractable Bright Mirror CB000062,Nguyễnn Thành Khánh,5
cap-day-rut-type-c-type-c-1m-baseus-retractable-bright-mirror-cb000062,Cáp Dây Rút Type C - Type C 1m Baseus Retractable Bright Mirror CB000062,Duy Long,5
cap-day-rut-type-c-type-c-1m-baseus-retractable-bright-mirror-cb000062,Cáp Dây Rút Type C - Type C 1m Baseus Retractable Bright Mirror CB000062,Ngô Ngọc Bình,4
cap-day-rut-type-c-type-c-1m-baseus-retractable-bright-mirror-cb000062,Cáp Dây Rút Type C - Type C 1m Baseus Retractable Bright Mirror CB000062,Nguyễn Thành Nam,5
cap-day-rut-type-c-type-c-1m-baseus-retractable-bright-mirror-cb000062,Cáp Dây Rút Type C - Type C 1m Baseus Retractable Bright Mirror CB000062,NGUYỄN THÀNH THẾ,5
cap-day-rut-type-c-type-c-1m-baseus-retractable-bright-mirror-cb000062,Cáp Dây Rút Type C - Type C 1m Baseus Retractable Bright Mirror CB000062,Bối Bối,5
cap-day-rut-type-c-type-c-1m-baseus-retractable-bright-mirror-cb000062,Cáp Dây Rút Type C - Type C 1m Baseus Retractable Bright Mirror CB000062,18408 - Võ Thị Thanh Thi,5
adapter-sac-type-c-iq3-20w-anker-nano-pro-a2637,Sạc Anker Nano Pro A2637,Truong Thang,5
adapter-sac-type-c-iq3-20w-anker-nano-pro-a2637,Sạc Anker Nano Pro A2637,Trần Trọng Đoan,5
cap-type-c-lightning-0-2m-xmobile-l2203?utm_flashsale=1,Cáp Type C - Lightning 0.2m Xmobile L2203,PHẠM VĂN BỐN,5
cap-type-c-lightning-0-2m-xmobile-l2203?utm_flashsale=1,Cáp Type C - Lightning 0.2m Xmobile L2203,Ngân,4
cap-type-c-lightning-0-2m-xmobile-l2203?utm_flashsale=1,Cáp Type C - Lightning 0.2m Xmobile L2203,LÊ DUY KHÁNH,5
cap-type-c-lightning-0-2m-xmobile-l2203?utm_flashsale=1,Cáp Type C - Lightning 0.2m Xmobile L2203,Bùi Huyên,5
cap-type-c-lightning-0-2m-xmobile-l2203?utm_flashsale=1,Cáp Type C - Lightning 0.2m Xmobile L2203,Thịnh Tâm,5
cap-type-c-lightning-0-2m-xmobile-l2203?utm_flashsale=1,Cáp Type C - Lightning 0.2m Xmobile L2203,Trường,5
cap-type-c-lightning-0-2m-xmobile-l2203?utm_flashsale=1,Cáp Type C - Lightning 0.2m Xmobile L2203,Nguyễn Văn Cường,5
cap-type-c-lightning-0-2m-xmobile-l2203?utm_flashsale=1,Cáp Type C - Lightning 0.2m Xmobile L2203,Trần Hiếu Nhân,4
cap-type-c-lightning-0-2m-xmobile-l2203?utm_flashsale=1,Cáp Type C - Lightning 0.2m Xmobile L2203,Đức Mỹ,5
cap-type-c-lightning-0-2m-xmobile-l2203?utm_flashsale=1,Cáp Type C - Lightning 0.2m Xmobile L2203,Chị Oanh,5
cap-type-c-lightning-0-2m-xmobile-l2203?utm_flashsale=1,Cáp Type C - Lightning 0.2m Xmobile L2203,Nguyễn Hoàng Linh,5
cap-type-c-lightning-0-2m-xmobile-l2203?utm_flashsale=1,Cáp Type C - Lightning 0.2m Xmobile L2203,Nguyễn Hải,5
cap-type-c-lightning-0-2m-xmobile-l2203?utm_flashsale=1,Cáp Type C - Lightning 0.2m Xmobile L2203,Bùi Thị Vân,5
cap-type-c-lightning-0-2m-xmobile-l2203?utm_flashsale=1,Cáp Type C - Lightning 0.2m Xmobile L2203,Danh Đặng,5
cap-type-c-lightning-0-2m-xmobile-l2203?utm_flashsale=1,Cáp Type C - Lightning 0.2m Xmobile L2203,Anh Đoàn,4
cap-type-c-lightning-0-2m-xmobile-l2203?utm_flashsale=1,Cáp Type C - Lightning 0.2m Xmobile L2203,HOÀNG VĂN LỪU,5
cap-type-c-lightning-0-2m-xmobile-l2203?utm_flashsale=1,Cáp Type C - Lightning 0.2m Xmobile L2203,Duy Đức,4
cap-type-c-lightning-0-2m-xmobile-l2203?utm_flashsale=1,Cáp Type C - Lightning 0.2m Xmobile L2203,Tùng Văn,5
cap-type-c-lightning-0-2m-xmobile-l2203?utm_flashsale=1,Cáp Type C - Lightning 0.2m Xmobile L2203,Nguyễn Tiến Đạt,5
cap-type-c-lightning-0-2m-xmobile-l2203?utm_flashsale=1,Cáp Type C - Lightning 0.2m Xmobile L2203,Minh Thư,4
cap-type-c-lightning-0-2m-xmobile-l2203?utm_flashsale=1,Cáp Type C - Lightning 0.2m Xmobile L2203,Yến Nhi,4
cap-type-c-lightning-0-2m-xmobile-l2203?utm_flashsale=1,Cáp Type C - Lightning 0.2m Xmobile L2203,Nguyễn Văn Toàn,5
cap-type-c-lightning-0-2m-xmobile-l2203?utm_flashsale=1,Cáp Type C - Lightning 0.2m Xmobile L2203,Nguyễn Nông Phú,5
cap-type-c-lightning-0-2m-xmobile-l2203?utm_flashsale=1,Cáp Type C - Lightning 0.2m Xmobile L2203,Hằng,5
cap-type-c-lightning-0-2m-xmobile-l2203?utm_flashsale=1,Cáp Type C - Lightning 0.2m Xmobile L2203,Trương Duy Chúc,4
adapter-sac-2-cong-type-c-pd-gan-35w-mazer-gan35us,Sạc 2 cổng Mazer GAN35US,Long,3
adapter-sac-2-cong-type-c-pd-gan-35w-mazer-gan35us,Sạc 2 cổng Mazer GAN35US,Nguyễn Thị Lành,5
adapter-sac-2-cong-type-c-pd-gan-35w-mazer-gan35us,Sạc 2 cổng Mazer GAN35US,Bùi Minh Vương,5
adapter-sac-2-cong-type-c-pd-gan-35w-mazer-gan35us,Sạc 2 cổng Mazer GAN35US,Danh Cẩm,4
adapter-sac-2-cong-type-c-pd-gan-35w-mazer-gan35us,Sạc 2 cổng Mazer GAN35US,Lương Trọng Nghĩa,4
adapter-sac-2-cong-type-c-pd-gan-35w-mazer-gan35us,Sạc 2 cổng Mazer GAN35US,Công,5
adapter-sac-2-cong-type-c-pd-gan-35w-mazer-gan35us,Sạc 2 cổng Mazer GAN35US,Mai Trần,5
adapter-sac-3-cong-usb-type-c-pd-qc3-0-gan-65w-ugreen-nexode-10334,Sạc 3 cổng Ugreen Nexode 10334,Nguyễn Quốc Thái,5
adapter-sac-3-cong-usb-type-c-pd-qc3-0-gan-65w-ugreen-nexode-10334,Sạc 3 cổng Ugreen Nexode 10334,Chị Thảo,5
adapter-sac-type-c-pd-gan5-20w-baseus-ccgan20cs,Sạc Baseus CCGAN20CS,Hà Phương Thuý,5
adapter-sac-type-c-pd-gan5-20w-baseus-ccgan20cs,Sạc Baseus CCGAN20CS,Dung,4
adapter-sac-type-c-pd-gan5-20w-baseus-ccgan20cs,Sạc Baseus CCGAN20CS,Nguyễn Văn Thuật,5
adapter-sac-type-c-pd-gan5-20w-baseus-ccgan20cs,Sạc Baseus CCGAN20CS,Hồ Chí Thanh,5
adapter-sac-type-c-pd-gan5-20w-baseus-ccgan20cs,Sạc Baseus CCGAN20CS,Trần Minh Mẩn,5
adapter-sac-type-c-pd-gan-20w-ugreen-nexode-90902,Sạc Ugreen Nexode 90902,Nguyễn Đức Quang,5
type-c-pd-25w-samsung-ep-ta800n,Sạc Samsung EP-TA800N,Phan Bình,4
type-c-pd-25w-samsung-ep-ta800n,Sạc Samsung EP-TA800N,Vũ Ngọc Anh,3
type-c-pd-25w-samsung-ep-ta800n,Sạc Samsung EP-TA800N,Trần Nam,5
type-c-pd-25w-samsung-ep-ta800n,Sạc Samsung EP-TA800N,Nguyen Duy Anh,5
type-c-pd-25w-samsung-ep-ta800n,Sạc Samsung EP-TA800N,Phan Văn Tol,5
type-c-pd-25w-samsung-ep-ta800n,Sạc Samsung EP-TA800N,Nguyễn Ngọc Chương,5
type-c-pd-25w-samsung-ep-ta800n,Sạc Samsung EP-TA800N,Trần Hữu Thịnh,4
type-c-pd-25w-samsung-ep-ta800n,Sạc Samsung EP-TA800N,Nguyễn Hải,4
type-c-pd-25w-samsung-ep-ta800n,Sạc Samsung EP-TA800N,Nguyễn Hiển,5
type-c-pd-25w-samsung-ep-ta800n,Sạc Samsung EP-TA800N,A Toàn,4
type-c-pd-25w-samsung-ep-ta800n,Sạc Samsung EP-TA800N,Trần Văn Nghĩa,5
type-c-pd-25w-samsung-ep-ta800n,Sạc Samsung EP-TA800N,Phan Hoàng Oanh,4
type-c-pd-25w-samsung-ep-ta800n,Sạc Samsung EP-TA800N,Chị Phương,5
type-c-pd-25w-samsung-ep-ta800n,Sạc Samsung EP-TA800N,Nguyễn Hoàng Thành Đạt,5
type-c-pd-25w-samsung-ep-ta800n,Sạc Samsung EP-TA800N,Ngân,5
type-c-pd-25w-samsung-ep-ta800n,Sạc Samsung EP-TA800N,Nguyễn Thị Ngọc Ánh,2
type-c-pd-25w-samsung-ep-ta800n,Sạc Samsung EP-TA800N,Lý Văn Diệu,5
type-c-pd-25w-samsung-ep-ta800n,Sạc Samsung EP-TA800N,Nguyễn Văn Tâm,5
type-c-pd-25w-samsung-ep-ta800n,Sạc Samsung EP-TA800N,Nguyên,3
type-c-pd-25w-samsung-ep-ta800n,Sạc Samsung EP-TA800N,Nguyễn Lý,1
type-c-pd-25w-samsung-ep-ta800n,Sạc Samsung EP-TA800N,Cường,5
type-c-pd-25w-samsung-ep-ta800n,Sạc Samsung EP-TA800N,Bùi Tiến Tuế,5
type-c-pd-25w-samsung-ep-ta800n,Sạc Samsung EP-TA800N,Lê Thị Ngọc Ánh,5
type-c-pd-25w-samsung-ep-ta800n,Sạc Samsung EP-TA800N,Anh Bình,4
type-c-pd-25w-samsung-ep-ta800n,Sạc Samsung EP-TA800N,Lâm Trọng Thắng,5
type-c-pd-25w-samsung-ep-ta800n,Sạc Samsung EP-TA800N,Chương,5
type-c-pd-25w-samsung-ep-ta800n,Sạc Samsung EP-TA800N,Quach Xuan Truong,5
type-c-pd-25w-samsung-ep-ta800n,Sạc Samsung EP-TA800N,Phạm Trần Tố Nhi,4
type-c-pd-25w-samsung-ep-ta800n,Sạc Samsung EP-TA800N,Lê Nhựt Tùng,4
type-c-pd-25w-samsung-ep-ta800n,Sạc Samsung EP-TA800N,Nguyễn Lý,5
type-c-pd-25w-samsung-ep-ta800n,Sạc Samsung EP-TA800N,Vũ Xuân Mai Trung,1
type-c-pd-25w-samsung-ep-ta800n,Sạc Samsung EP-TA800N,Thượng Ngọc Hào,5
type-c-pd-25w-samsung-ep-ta800n,Sạc Samsung EP-TA800N,Tùng,2
type-c-pd-25w-samsung-ep-ta800n,Sạc Samsung EP-TA800N,Hào,1
type-c-pd-25w-samsung-ep-ta800n,Sạc Samsung EP-TA800N,Chinh,4
type-c-pd-25w-samsung-ep-ta800n,Sạc Samsung EP-TA800N,Kiệt,1
type-c-pd-25w-samsung-ep-ta800n,Sạc Samsung EP-TA800N,LÊ DUY TÂN,5
type-c-pd-25w-samsung-ep-ta800n,Sạc Samsung EP-TA800N,Quang,5
type-c-pd-25w-samsung-ep-ta800n,Sạc Samsung EP-TA800N,Phan Hữu Nhân,1
type-c-pd-25w-samsung-ep-ta800n,Sạc Samsung EP-TA800N,Phạm Thanh Hùng,1
type-c-pd-25w-samsung-ep-ta800n,Sạc Samsung EP-TA800N,Cường,5
type-c-pd-25w-samsung-ep-ta800n,Sạc Samsung EP-TA800N,Bùi Tiến Tuế,5
type-c-pd-25w-samsung-ep-ta800n,Sạc Samsung EP-TA800N,Lê Thị Ngọc Ánh,5
type-c-pd-25w-samsung-ep-ta800n,Sạc Samsung EP-TA800N,Anh Bình,4
type-c-pd-25w-samsung-ep-ta800n,Sạc Samsung EP-TA800N,Lâm Trọng Thắng,5
type-c-pd-25w-samsung-ep-ta800n,Sạc Samsung EP-TA800N,Chương,5
type-c-pd-25w-samsung-ep-ta800n,Sạc Samsung EP-TA800N,Quach Xuan Truong,5
type-c-pd-25w-samsung-ep-ta800n,Sạc Samsung EP-TA800N,Phạm Trần Tố Nhi,4
type-c-pd-25w-samsung-ep-ta800n,Sạc Samsung EP-TA800N,Lê Nhựt Tùng,4
type-c-pd-25w-samsung-ep-ta800n,Sạc Samsung EP-TA800N,Nguyễn Lý,5
type-c-pd-25w-samsung-ep-ta800n,Sạc Samsung EP-TA800N,Vũ Xuân Mai Trung,1
type-c-pd-25w-samsung-ep-ta800n,Sạc Samsung EP-TA800N,Thượng Ngọc Hào,5
type-c-pd-25w-samsung-ep-ta800n,Sạc Samsung EP-TA800N,Tùng,2
type-c-pd-25w-samsung-ep-ta800n,Sạc Samsung EP-TA800N,Hào,1
type-c-pd-25w-samsung-ep-ta800n,Sạc Samsung EP-TA800N,Chinh,4
type-c-pd-25w-samsung-ep-ta800n,Sạc Samsung EP-TA800N,Kiệt,1
type-c-pd-25w-samsung-ep-ta800n,Sạc Samsung EP-TA800N,LÊ DUY TÂN,5
type-c-pd-25w-samsung-ep-ta800n,Sạc Samsung EP-TA800N,Quang,5
type-c-pd-25w-samsung-ep-ta800n,Sạc Samsung EP-TA800N,Phan Hữu Nhân,1
type-c-pd-25w-samsung-ep-ta800n,Sạc Samsung EP-TA800N,Phạm Thanh Hùng,1
type-c-pd-25w-samsung-ep-ta800n,Sạc Samsung EP-TA800N,Ngọc Quang,5
type-c-pd-25w-samsung-ep-ta800n,Sạc Samsung EP-TA800N,Nhựt,5
type-c-pd-25w-samsung-ep-ta800n,Sạc Samsung EP-TA800N,Vy,5
type-c-pd-25w-samsung-ep-ta800n,Sạc Samsung EP-TA800N,Anh Tuấn Nam,5
type-c-pd-25w-samsung-ep-ta800n,Sạc Samsung EP-TA800N,Hứa Văn Tuyên,5
type-c-pd-25w-samsung-ep-ta800n,Sạc Samsung EP-TA800N,Nguyễn Hoài Đức,3
type-c-pd-25w-samsung-ep-ta800n,Sạc Samsung EP-TA800N,Bùi Tấn Mẫn,5
type-c-pd-25w-samsung-ep-ta800n,Sạc Samsung EP-TA800N,Nguyễn Khắc Bình,4
type-c-pd-25w-samsung-ep-ta800n,Sạc Samsung EP-TA800N,Chú Thấm,4
type-c-pd-25w-samsung-ep-ta800n,Sạc Samsung EP-TA800N,Linh,4
type-c-pd-25w-samsung-ep-ta800n,Sạc Samsung EP-TA800N,Trịnh Minh Hoàng,4
type-c-pd-25w-samsung-ep-ta800n,Sạc Samsung EP-TA800N,Trâm Nhi,5
type-c-pd-25w-samsung-ep-ta800n,Sạc Samsung EP-TA800N,Lộc,4
type-c-pd-25w-samsung-ep-ta800n,Sạc Samsung EP-TA800N,Anh Nam,4
type-c-pd-25w-samsung-ep-ta800n,Sạc Samsung EP-TA800N,CHẮNG KHÁNH HOÀNG,5
type-c-pd-25w-samsung-ep-ta800n,Sạc Samsung EP-TA800N,Anh Huy,5
type-c-pd-25w-samsung-ep-ta800n,Sạc Samsung EP-TA800N,Vũ Thị Kim Trinh,5
type-c-pd-25w-samsung-ep-ta800n,Sạc Samsung EP-TA800N,C Trang,5
type-c-pd-25w-samsung-ep-ta800n,Sạc Samsung EP-TA800N,Phùng Văn Sáng,4
type-c-pd-25w-samsung-ep-ta800n,Sạc Samsung EP-TA800N,Bùi Hoàng Danh,1
type-c-pd-25w-samsung-ep-ta800n,Sạc Samsung EP-TA800N,Ngọc Quang,5
type-c-pd-25w-samsung-ep-ta800n,Sạc Samsung EP-TA800N,Nhựt,5
type-c-pd-25w-samsung-ep-ta800n,Sạc Samsung EP-TA800N,Vy,5
type-c-pd-25w-samsung-ep-ta800n,Sạc Samsung EP-TA800N,Anh Tuấn Nam,5
type-c-pd-25w-samsung-ep-ta800n,Sạc Samsung EP-TA800N,Hứa Văn Tuyên,5
type-c-pd-25w-samsung-ep-ta800n,Sạc Samsung EP-TA800N,Nguyễn Hoài Đức,3
type-c-pd-25w-samsung-ep-ta800n,Sạc Samsung EP-TA800N,Bùi Tấn Mẫn,5
type-c-pd-25w-samsung-ep-ta800n,Sạc Samsung EP-TA800N,Nguyễn Khắc Bình,4
type-c-pd-25w-samsung-ep-ta800n,Sạc Samsung EP-TA800N,Chú Thấm,4
type-c-pd-25w-samsung-ep-ta800n,Sạc Samsung EP-TA800N,Linh,4
type-c-pd-25w-samsung-ep-ta800n,Sạc Samsung EP-TA800N,Trịnh Minh Hoàng,4
type-c-pd-25w-samsung-ep-ta800n,Sạc Samsung EP-TA800N,Trâm Nhi,5
type-c-pd-25w-samsung-ep-ta800n,Sạc Samsung EP-TA800N,Lộc,4
type-c-pd-25w-samsung-ep-ta800n,Sạc Samsung EP-TA800N,Anh Nam,4
type-c-pd-25w-samsung-ep-ta800n,Sạc Samsung EP-TA800N,CHẮNG KHÁNH HOÀNG,5
type-c-pd-25w-samsung-ep-ta800n,Sạc Samsung EP-TA800N,Anh Huy,5
type-c-pd-25w-samsung-ep-ta800n,Sạc Samsung EP-TA800N,Vũ Thị Kim Trinh,5
type-c-pd-25w-samsung-ep-ta800n,Sạc Samsung EP-TA800N,C Trang,5
type-c-pd-25w-samsung-ep-ta800n,Sạc Samsung EP-TA800N,Phùng Văn Sáng,4
type-c-pd-25w-samsung-ep-ta800n,Sạc Samsung EP-TA800N,Bùi Hoàng Danh,1
type-c-pd-25w-samsung-ep-ta800n,Sạc Samsung EP-TA800N,Tran Van Hoa,5
type-c-pd-25w-samsung-ep-ta800n,Sạc Samsung EP-TA800N,Cô Thúy,5
type-c-pd-25w-samsung-ep-ta800n,Sạc Samsung EP-TA800N,Lê Kim Hồng,5
type-c-pd-25w-samsung-ep-ta800n,Sạc Samsung EP-TA800N,Trần Thị Ngọc Diệu,5
type-c-pd-25w-samsung-ep-ta800n,Sạc Samsung EP-TA800N,Anh Nguyên,5
type-c-pd-25w-samsung-ep-ta800n,Sạc Samsung EP-TA800N,Candy Thanh Thương,5
type-c-pd-25w-samsung-ep-ta800n,Sạc Samsung EP-TA800N,Nguyễn Trần Khánh Duy,3
type-c-pd-25w-samsung-ep-ta800n,Sạc Samsung EP-TA800N,Vinh,5
type-c-pd-25w-samsung-ep-ta800n,Sạc Samsung EP-TA800N,Trịnh Xuân Thiện,4
type-c-pd-25w-samsung-ep-ta800n,Sạc Samsung EP-TA800N,Lê Hoàng Khôi Nguyên,5
type-c-pd-25w-samsung-ep-ta800n,Sạc Samsung EP-TA800N,Nguyễn Chánh Tâm,3
type-c-pd-25w-samsung-ep-ta800n,Sạc Samsung EP-TA800N,Anh Thịnh,5
type-c-pd-25w-samsung-ep-ta800n,Sạc Samsung EP-TA800N,Nguyễn Phi Dương,4
type-c-pd-25w-samsung-ep-ta800n,Sạc Samsung EP-TA800N,C Thoa,5
type-c-pd-25w-samsung-ep-ta800n,Sạc Samsung EP-TA800N,Trần Định,3
type-c-pd-25w-samsung-ep-ta800n,Sạc Samsung EP-TA800N,Hội,5
type-c-pd-25w-samsung-ep-ta800n,Sạc Samsung EP-TA800N,Minh,5
type-c-pd-25w-samsung-ep-ta800n,Sạc Samsung EP-TA800N,Chú Bích,5
type-c-pd-25w-samsung-ep-ta800n,Sạc Samsung EP-TA800N,A Thành,4
type-c-pd-25w-samsung-ep-ta800n,Sạc Samsung EP-TA800N,Trúc,5
type-c-pd-25w-samsung-ep-ta800n,Sạc Samsung EP-TA800N,Lê Đình Tuyền,5
type-c-pd-25w-samsung-ep-ta800n,Sạc Samsung EP-TA800N,Vân Lương,5
type-c-pd-25w-samsung-ep-ta800n,Sạc Samsung EP-TA800N,Anh Minh,4
type-c-pd-25w-samsung-ep-ta800n,Sạc Samsung EP-TA800N,Lại Văn Đại,5
type-c-pd-25w-samsung-ep-ta800n,Sạc Samsung EP-TA800N,Dang Thi Ngoc Bich,5
type-c-pd-25w-samsung-ep-ta800n,Sạc Samsung EP-TA800N,Thu,4
type-c-pd-25w-samsung-ep-ta800n,Sạc Samsung EP-TA800N,Chị Luyến,4
type-c-pd-25w-samsung-ep-ta800n,Sạc Samsung EP-TA800N,Nguyen Thanh,4
type-c-pd-25w-samsung-ep-ta800n,Sạc Samsung EP-TA800N,Hoàng Thanh Tùng,4
type-c-pd-25w-samsung-ep-ta800n,Sạc Samsung EP-TA800N,Nguyễn Thượng Trường Sơn,5
type-c-pd-25w-samsung-ep-ta800n,Sạc Samsung EP-TA800N,Chị Chuyền,4
type-c-pd-25w-samsung-ep-ta800n,Sạc Samsung EP-TA800N,Nguyễn Xuân Dương,4
type-c-pd-25w-samsung-ep-ta800n,Sạc Samsung EP-TA800N,NGUYỄN THỊ MAI THẢO,4
type-c-pd-25w-samsung-ep-ta800n,Sạc Samsung EP-TA800N,Anh Mạnh,5
type-c-pd-25w-samsung-ep-ta800n,Sạc Samsung EP-TA800N,Chị Phương,4
type-c-pd-25w-samsung-ep-ta800n,Sạc Samsung EP-TA800N,Hùng,4
type-c-pd-25w-samsung-ep-ta800n,Sạc Samsung EP-TA800N,Tuấn,5
type-c-pd-25w-samsung-ep-ta800n,Sạc Samsung EP-TA800N,Nguyễn Tiến Cao,4
type-c-pd-25w-samsung-ep-ta800n,Sạc Samsung EP-TA800N,DANH THỊ THÀNH,5
type-c-pd-25w-samsung-ep-ta800n,Sạc Samsung EP-TA800N,Thu Hường,3
type-c-pd-25w-samsung-ep-ta800n,Sạc Samsung EP-TA800N,Nguyễn Duy Kha,5
type-c-pd-25w-samsung-ep-ta800n,Sạc Samsung EP-TA800N,Cô Dung,4
type-c-pd-25w-samsung-ep-ta800n,Sạc Samsung EP-TA800N,Ngọc Mỹ,5
type-c-pd-25w-samsung-ep-ta800n,Sạc Samsung EP-TA800N,Nguyễn Như Huyên,5
type-c-pd-25w-samsung-ep-ta800n,Sạc Samsung EP-TA800N,Anh Thạch,4
type-c-pd-25w-samsung-ep-ta800n,Sạc Samsung EP-TA800N,DINH PHUONG THAO,5
type-c-pd-25w-samsung-ep-ta800n,Sạc Samsung EP-TA800N,Anh Tâm,4
type-c-pd-25w-samsung-ep-ta800n,Sạc Samsung EP-TA800N,Hoàng Nam,5
type-c-pd-25w-samsung-ep-ta800n,Sạc Samsung EP-TA800N,Ánh,5
type-c-pd-25w-samsung-ep-ta800n,Sạc Samsung EP-TA800N,Nguyễn Dững,5
type-c-pd-25w-samsung-ep-ta800n,Sạc Samsung EP-TA800N,Hường,4
type-c-pd-25w-samsung-ep-ta800n,Sạc Samsung EP-TA800N,Nga,1
type-c-pd-25w-samsung-ep-ta800n,Sạc Samsung EP-TA800N,Kiều Diểm,5
type-c-pd-25w-samsung-ep-ta800n,Sạc Samsung EP-TA800N,Hương,5
type-c-pd-25w-samsung-ep-ta800n,Sạc Samsung EP-TA800N,Tiến,5
type-c-pd-25w-samsung-ep-ta800n,Sạc Samsung EP-TA800N,NGUYỄN THỊ THẢO,4
type-c-pd-25w-samsung-ep-ta800n,Sạc Samsung EP-TA800N,Đoàn Ngọc Lâm,3
type-c-pd-25w-samsung-ep-ta800n,Sạc Samsung EP-TA800N,Bùi Quang Thắng,5
type-c-pd-25w-samsung-ep-ta800n,Sạc Samsung EP-TA800N,Võ Quang Vinh,4
type-c-pd-25w-samsung-ep-ta800n,Sạc Samsung EP-TA800N,Đỗ Hoài Nam,5
type-c-pd-25w-samsung-ep-ta800n,Sạc Samsung EP-TA800N,Hoàn,5
type-c-pd-25w-samsung-ep-ta800n,Sạc Samsung EP-TA800N,Đặng Đức Anh,5
type-c-pd-25w-samsung-ep-ta800n,Sạc Samsung EP-TA800N,Anh Phong,4
type-c-pd-25w-samsung-ep-ta800n,Sạc Samsung EP-TA800N,Điệp,2
type-c-pd-25w-samsung-ep-ta800n,Sạc Samsung EP-TA800N,Chị Hằng,4
type-c-pd-25w-samsung-ep-ta800n,Sạc Samsung EP-TA800N,Chú Quý,4
type-c-pd-25w-samsung-ep-ta800n,Sạc Samsung EP-TA800N,Thành,5
type-c-pd-25w-samsung-ep-ta800n,Sạc Samsung EP-TA800N,Nguyên,5
type-c-pd-25w-samsung-ep-ta800n,Sạc Samsung EP-TA800N,Khưu Như Ngọc,5
type-c-pd-25w-samsung-ep-ta800n,Sạc Samsung EP-TA800N,Phạm Minh Tài,5
type-c-pd-25w-samsung-ep-ta800n,Sạc Samsung EP-TA800N,Hải,1
type-c-pd-25w-samsung-ep-ta800n,Sạc Samsung EP-TA800N,Nguyễn Ngọc Sơn,5
type-c-pd-25w-samsung-ep-ta800n,Sạc Samsung EP-TA800N,Manh,4
type-c-pd-25w-samsung-ep-ta800n,Sạc Samsung EP-TA800N,Chị Tuyết,3
type-c-pd-25w-samsung-ep-ta800n,Sạc Samsung EP-TA800N,Huyền,5
type-c-pd-25w-samsung-ep-ta800n,Sạc Samsung EP-TA800N,Đỗ Bá Thông,5
type-c-pd-25w-samsung-ep-ta800n,Sạc Samsung EP-TA800N,Giang,4
type-c-pd-25w-samsung-ep-ta800n,Sạc Samsung EP-TA800N,A Hiệp,5
type-c-pd-25w-samsung-ep-ta800n,Sạc Samsung EP-TA800N,Phan Viet,5
type-c-pd-25w-samsung-ep-ta800n,Sạc Samsung EP-TA800N,Tài,5
type-c-pd-25w-samsung-ep-ta800n,Sạc Samsung EP-TA800N,Hoàn,5
type-c-pd-25w-samsung-ep-ta800n,Sạc Samsung EP-TA800N,Đặng Đức Anh,5
type-c-pd-25w-samsung-ep-ta800n,Sạc Samsung EP-TA800N,Anh Phong,4
type-c-pd-25w-samsung-ep-ta800n,Sạc Samsung EP-TA800N,Điệp,2
type-c-pd-25w-samsung-ep-ta800n,Sạc Samsung EP-TA800N,Chị Hằng,4
type-c-pd-25w-samsung-ep-ta800n,Sạc Samsung EP-TA800N,Chú Quý,4
type-c-pd-25w-samsung-ep-ta800n,Sạc Samsung EP-TA800N,Thành,5
type-c-pd-25w-samsung-ep-ta800n,Sạc Samsung EP-TA800N,Nguyên,5
type-c-pd-25w-samsung-ep-ta800n,Sạc Samsung EP-TA800N,Khưu Như Ngọc,5
type-c-pd-25w-samsung-ep-ta800n,Sạc Samsung EP-TA800N,Phạm Minh Tài,5
type-c-pd-25w-samsung-ep-ta800n,Sạc Samsung EP-TA800N,Hải,1
type-c-pd-25w-samsung-ep-ta800n,Sạc Samsung EP-TA800N,Nguyễn Ngọc Sơn,5
type-c-pd-25w-samsung-ep-ta800n,Sạc Samsung EP-TA800N,Manh,4
type-c-pd-25w-samsung-ep-ta800n,Sạc Samsung EP-TA800N,Chị Tuyết,3
type-c-pd-25w-samsung-ep-ta800n,Sạc Samsung EP-TA800N,Huyền,5
type-c-pd-25w-samsung-ep-ta800n,Sạc Samsung EP-TA800N,Đỗ Bá Thông,5
type-c-pd-25w-samsung-ep-ta800n,Sạc Samsung EP-TA800N,Giang,4
type-c-pd-25w-samsung-ep-ta800n,Sạc Samsung EP-TA800N,A Hiệp,5
type-c-pd-25w-samsung-ep-ta800n,Sạc Samsung EP-TA800N,Phan Viet,5
type-c-pd-25w-samsung-ep-ta800n,Sạc Samsung EP-TA800N,Tài,5
type-c-pd-25w-samsung-ep-ta800n,Sạc Samsung EP-TA800N,Anh Lý,4
type-c-pd-25w-samsung-ep-ta800n,Sạc Samsung EP-TA800N,Anh Cảnh,5
type-c-pd-25w-samsung-ep-ta800n,Sạc Samsung EP-TA800N,Trương Trung Tín,5
type-c-pd-25w-samsung-ep-ta800n,Sạc Samsung EP-TA800N,Anh Sáng,4
type-c-pd-25w-samsung-ep-ta800n,Sạc Samsung EP-TA800N,Anh Cường,3
type-c-pd-25w-samsung-ep-ta800n,Sạc Samsung EP-TA800N,Tạ Văn Thông,3
type-c-pd-25w-samsung-ep-ta800n,Sạc Samsung EP-TA800N,Hoàng Minh Tiến,5
type-c-pd-25w-samsung-ep-ta800n,Sạc Samsung EP-TA800N,Hạnh,5
type-c-pd-25w-samsung-ep-ta800n,Sạc Samsung EP-TA800N,Trần Thế An,5
type-c-pd-25w-samsung-ep-ta800n,Sạc Samsung EP-TA800N,Anh Dần,5
type-c-pd-25w-samsung-ep-ta800n,Sạc Samsung EP-TA800N,Lý Hưng,5
type-c-pd-25w-samsung-ep-ta800n,Sạc Samsung EP-TA800N,Trần Thị Lan,5
type-c-pd-25w-samsung-ep-ta800n,Sạc Samsung EP-TA800N,Lương Ngọc Biển,3
type-c-pd-25w-samsung-ep-ta800n,Sạc Samsung EP-TA800N,TUAN,5
type-c-pd-25w-samsung-ep-ta800n,Sạc Samsung EP-TA800N,Bắc,5
type-c-pd-25w-samsung-ep-ta800n,Sạc Samsung EP-TA800N,CẨM LINH,1
type-c-pd-25w-samsung-ep-ta800n,Sạc Samsung EP-TA800N,38133 - Nguyễn Thị Thắm,5
type-c-pd-25w-samsung-ep-ta800n,Sạc Samsung EP-TA800N,Chú Thành,5
type-c-pd-25w-samsung-ep-ta800n,Sạc Samsung EP-TA800N,TRẦN NGỌC TOÀN,5
type-c-pd-25w-samsung-ep-ta800n,Sạc Samsung EP-TA800N,Chị Nga,5
type-c-pd-25w-samsung-ep-ta800n,Sạc Samsung EP-TA800N,Danh,5
type-c-pd-25w-samsung-ep-ta800n,Sạc Samsung EP-TA800N,Chú Tuấn,5
type-c-pd-25w-samsung-ep-ta800n,Sạc Samsung EP-TA800N,Ngọc Kiểm,5
type-c-pd-25w-samsung-ep-ta800n,Sạc Samsung EP-TA800N,Lê Đinh Dương,5
type-c-pd-25w-samsung-ep-ta800n,Sạc Samsung EP-TA800N,Ngthuong,4
type-c-pd-25w-samsung-ep-ta800n,Sạc Samsung EP-TA800N,Nguyễn Trung Bình,5
type-c-pd-25w-samsung-ep-ta800n,Sạc Samsung EP-TA800N,Trần Thị Minh,5
type-c-pd-25w-samsung-ep-ta800n,Sạc Samsung EP-TA800N,Võ Thị Ngọc Quyên,5
type-c-pd-25w-samsung-ep-ta800n,Sạc Samsung EP-TA800N,Huỳnh Gia Phát,1
type-c-pd-25w-samsung-ep-ta800n,Sạc Samsung EP-TA800N,DANG VAN SANH,5
type-c-pd-25w-samsung-ep-ta800n,Sạc Samsung EP-TA800N,Đỗ Quốc Đạt,5
type-c-pd-25w-samsung-ep-ta800n,Sạc Samsung EP-TA800N,Nguyễn Đình Sỹ,4
type-c-pd-25w-samsung-ep-ta800n,Sạc Samsung EP-TA800N,Phan Vũ,5
type-c-pd-25w-samsung-ep-ta800n,Sạc Samsung EP-TA800N,Thái Hoàng Dũng,5
type-c-pd-25w-samsung-ep-ta800n,Sạc Samsung EP-TA800N,NGUYỄN THỊ NHỚ,5
type-c-pd-25w-samsung-ep-ta800n,Sạc Samsung EP-TA800N,Vũ Văn Chiến,5
type-c-pd-25w-samsung-ep-ta800n,Sạc Samsung EP-TA800N,Chị Toàn,4
type-c-pd-25w-samsung-ep-ta800n,Sạc Samsung EP-TA800N,Chị Thủy,5
type-c-pd-25w-samsung-ep-ta800n,Sạc Samsung EP-TA800N,Nguyễn Thị Hồng Thêu,5
type-c-pd-25w-samsung-ep-ta800n,Sạc Samsung EP-TA800N,Ngô Ái Phương,4
type-c-pd-25w-samsung-ep-ta800n,Sạc Samsung EP-TA800N,Phạm Tấn Lộc,4
type-c-pd-25w-samsung-ep-ta800n,Sạc Samsung EP-TA800N,NGUYỄN ĐÌNH TRƯỜNG,4
type-c-pd-25w-samsung-ep-ta800n,Sạc Samsung EP-TA800N,Trần Ngọc Lượm,4
type-c-pd-25w-samsung-ep-ta800n,Sạc Samsung EP-TA800N,TRỊNH PHƯỚC NHƠN,4
type-c-pd-25w-samsung-ep-ta800n,Sạc Samsung EP-TA800N,Phượng,4
type-c-pd-25w-samsung-ep-ta800n,Sạc Samsung EP-TA800N,Chị Linh,5
type-c-pd-25w-samsung-ep-ta800n,Sạc Samsung EP-TA800N,Anh Long,4
type-c-pd-25w-samsung-ep-ta800n,Sạc Samsung EP-TA800N,NGUYỄN QUỐC CƯỜNG,4
type-c-pd-25w-samsung-ep-ta800n,Sạc Samsung EP-TA800N,TRAN HUU PHUOC,5
type-c-pd-25w-samsung-ep-ta800n,Sạc Samsung EP-TA800N,Tạo,5
type-c-pd-25w-samsung-ep-ta800n,Sạc Samsung EP-TA800N,Phương,4
type-c-pd-25w-samsung-ep-ta800n,Sạc Samsung EP-TA800N,CÔNG TY CỔ PHẦN THANH NIÊN HẢI PHÒNG,4
type-c-pd-25w-samsung-ep-ta800n,Sạc Samsung EP-TA800N,HOÀNG VĂN HÙNG,5
type-c-pd-25w-samsung-ep-ta800n,Sạc Samsung EP-TA800N,Cô Sơn,5
type-c-pd-25w-samsung-ep-ta800n,Sạc Samsung EP-TA800N,Chị Liên,4
type-c-pd-25w-samsung-ep-ta800n,Sạc Samsung EP-TA800N,NGUYỄN NHƯ PHÁT,5
type-c-pd-25w-samsung-ep-ta800n,Sạc Samsung EP-TA800N,Trần Thị Thu Nga,5
type-c-pd-25w-samsung-ep-ta800n,Sạc Samsung EP-TA800N,Thắng,5
type-c-pd-25w-samsung-ep-ta800n,Sạc Samsung EP-TA800N,Nguyễn Văn Vinh,5
type-c-pd-25w-samsung-ep-ta800n,Sạc Samsung EP-TA800N,Trần Thanh Sang,5
type-c-pd-25w-samsung-ep-ta800n,Sạc Samsung EP-TA800N,Anh Hải,5
type-c-pd-25w-samsung-ep-ta800n,Sạc Samsung EP-TA800N,NGUYEN HOANG MINH,5
type-c-pd-25w-samsung-ep-ta800n,Sạc Samsung EP-TA800N,Thân Thị Hà,5
type-c-pd-25w-samsung-ep-ta800n,Sạc Samsung EP-TA800N,Nguyễn Ngọc Công,5
type-c-pd-25w-samsung-ep-ta800n,Sạc Samsung EP-TA800N,Tâm,5
type-c-pd-25w-samsung-ep-ta800n,Sạc Samsung EP-TA800N,Phi,4
type-c-pd-25w-samsung-ep-ta800n,Sạc Samsung EP-TA800N,Nguyễn Xuân Trường,5
type-c-pd-25w-samsung-ep-ta800n,Sạc Samsung EP-TA800N,Phạm Hữu Dũng,5
type-c-pd-25w-samsung-ep-ta800n,Sạc Samsung EP-TA800N,Trần Công Nam,5
type-c-pd-25w-samsung-ep-ta800n,Sạc Samsung EP-TA800N,NGUYEN THAI DIEN,5
type-c-pd-25w-samsung-ep-ta800n,Sạc Samsung EP-TA800N,Thương,4
type-c-pd-25w-samsung-ep-ta800n,Sạc Samsung EP-TA800N,Em Mạnh,5
type-c-pd-25w-samsung-ep-ta800n,Sạc Samsung EP-TA800N,Đặng Phú Ninh,5
type-c-pd-25w-samsung-ep-ta800n,Sạc Samsung EP-TA800N,Võ Hồng Dũng,4
type-c-pd-25w-samsung-ep-ta800n,Sạc Samsung EP-TA800N,Tiêu Văn Húa,5
type-c-pd-25w-samsung-ep-ta800n,Sạc Samsung EP-TA800N,Lưu,5
type-c-pd-25w-samsung-ep-ta800n,Sạc Samsung EP-TA800N,Nguyễn Đắc Bảo Đăng,2
type-c-pd-25w-samsung-ep-ta800n,Sạc Samsung EP-TA800N,Nguyễn Thị Tuy,4
type-c-pd-25w-samsung-ep-ta800n,Sạc Samsung EP-TA800N,Hồ Công Hải,5
type-c-pd-25w-samsung-ep-ta800n,Sạc Samsung EP-TA800N,Ngọc,5
type-c-pd-25w-samsung-ep-ta800n,Sạc Samsung EP-TA800N,ĐẶNG THỊ THANH UYÊN,5
type-c-pd-25w-samsung-ep-ta800n,Sạc Samsung EP-TA800N,Chị Phượng,5
type-c-pd-25w-samsung-ep-ta800n,Sạc Samsung EP-TA800N,Ánh,5
type-c-pd-25w-samsung-ep-ta800n,Sạc Samsung EP-TA800N,NGUYỄN THỊ THOA,5
type-c-pd-25w-samsung-ep-ta800n,Sạc Samsung EP-TA800N,Anh Thơ,3
type-c-pd-25w-samsung-ep-ta800n,Sạc Samsung EP-TA800N,Lương Văn Thảo,5
type-c-pd-25w-samsung-ep-ta800n,Sạc Samsung EP-TA800N,Anh Trung,5
type-c-pd-25w-samsung-ep-ta800n,Sạc Samsung EP-TA800N,Nguyễn Tấn Phương Quang,5
type-c-pd-25w-samsung-ep-ta800n,Sạc Samsung EP-TA800N,Anh Cường,4
type-c-pd-25w-samsung-ep-ta800n,Sạc Samsung EP-TA800N,Bảo,5
type-c-pd-25w-samsung-ep-ta800n,Sạc Samsung EP-TA800N,Orlardo,3
type-c-pd-25w-samsung-ep-ta800n,Sạc Samsung EP-TA800N,Dương Thị Kim Uyển,4
type-c-pd-25w-samsung-ep-ta800n,Sạc Samsung EP-TA800N,Đỗ Ngọc Quỳnh,5
type-c-pd-25w-samsung-ep-ta800n,Sạc Samsung EP-TA800N,Nguyễn Trọng Sang,5
type-c-pd-25w-samsung-ep-ta800n,Sạc Samsung EP-TA800N,Tình,4
type-c-pd-25w-samsung-ep-ta800n,Sạc Samsung EP-TA800N,Chị Quỳnh,4
type-c-pd-25w-samsung-ep-ta800n,Sạc Samsung EP-TA800N,ĐỖ PHƯỚC LỘC,5
type-c-pd-25w-samsung-ep-ta800n,Sạc Samsung EP-TA800N,Anh Nam,4
type-c-pd-25w-samsung-ep-ta800n,Sạc Samsung EP-TA800N,Nguyễn Quốc Huy,5
type-c-pd-25w-samsung-ep-ta800n,Sạc Samsung EP-TA800N,Anh Tuế,5
type-c-pd-25w-samsung-ep-ta800n,Sạc Samsung EP-TA800N,Phạm Thị Mỹ Linh,5
type-c-pd-25w-samsung-ep-ta800n,Sạc Samsung EP-TA800N,Nguyễn Thị Huệ,3
type-c-pd-25w-samsung-ep-ta800n,Sạc Samsung EP-TA800N,Chị Minh,4
type-c-pd-25w-samsung-ep-ta800n,Sạc Samsung EP-TA800N,Anh Huy,3
type-c-pd-25w-samsung-ep-ta800n,Sạc Samsung EP-TA800N,KIỀU THỊ KIM GIANG,5
type-c-pd-25w-samsung-ep-ta800n,Sạc Samsung EP-TA800N,Chị Hiên,5
type-c-pd-25w-samsung-ep-ta800n,Sạc Samsung EP-TA800N,Đỗ Tiến Vũ,3
type-c-pd-25w-samsung-ep-ta800n,Sạc Samsung EP-TA800N,Nguyễn Trần Nam,5
type-c-pd-25w-samsung-ep-ta800n,Sạc Samsung EP-TA800N,Phát,4
type-c-pd-25w-samsung-ep-ta800n,Sạc Samsung EP-TA800N,Hà,5
type-c-pd-25w-samsung-ep-ta800n,Sạc Samsung EP-TA800N,Vũ Đình Lập,2
type-c-pd-25w-samsung-ep-ta800n,Sạc Samsung EP-TA800N,Huỳnh Nguyễn Bá Vương,3
type-c-pd-25w-samsung-ep-ta800n,Sạc Samsung EP-TA800N,Nguyễn Phương Khanh,5
type-c-pd-25w-samsung-ep-ta800n,Sạc Samsung EP-TA800N,Anh Tú,5
type-c-pd-25w-samsung-ep-ta800n,Sạc Samsung EP-TA800N,Như Ý,5
type-c-pd-25w-samsung-ep-ta800n,Sạc Samsung EP-TA800N,Diệp,5
type-c-pd-25w-samsung-ep-ta800n,Sạc Samsung EP-TA800N,Anh Sáu,5
type-c-pd-25w-samsung-ep-ta800n,Sạc Samsung EP-TA800N,Anh Đức,4
type-c-pd-25w-samsung-ep-ta800n,Sạc Samsung EP-TA800N,VÕ MINH THIỆN,4
type-c-pd-25w-samsung-ep-ta800n,Sạc Samsung EP-TA800N,Nguyễn Vũ Luân,5
type-c-pd-25w-samsung-ep-ta800n,Sạc Samsung EP-TA800N,A Thiện,5
type-c-pd-25w-samsung-ep-ta800n,Sạc Samsung EP-TA800N,A Giang,3
type-c-pd-25w-samsung-ep-ta800n,Sạc Samsung EP-TA800N,Bill Li,5
type-c-pd-25w-samsung-ep-ta800n,Sạc Samsung EP-TA800N,C Dung,2
type-c-pd-25w-samsung-ep-ta800n,Sạc Samsung EP-TA800N,Sơn,5
type-c-pd-25w-samsung-ep-ta800n,Sạc Samsung EP-TA800N,Chánh,5
type-c-pd-25w-samsung-ep-ta800n,Sạc Samsung EP-TA800N,Dương Văn Cường,5
type-c-pd-25w-samsung-ep-ta800n,Sạc Samsung EP-TA800N,Dương Văn Cường,5
type-c-pd-25w-samsung-ep-ta800n,Sạc Samsung EP-TA800N,Trần Đăng Anh,3
type-c-pd-25w-samsung-ep-ta800n,Sạc Samsung EP-TA800N,Lê Văn Nhật Tín,5
type-c-pd-25w-samsung-ep-ta800n,Sạc Samsung EP-TA800N,Lê Lợi,5
type-c-pd-25w-samsung-ep-ta800n,Sạc Samsung EP-TA800N,Tống Trường Thảo,5
type-c-pd-25w-samsung-ep-ta800n,Sạc Samsung EP-TA800N,Hoàng,5
type-c-pd-25w-samsung-ep-ta800n,Sạc Samsung EP-TA800N,Chị Lệ,4
type-c-pd-25w-samsung-ep-ta800n,Sạc Samsung EP-TA800N,Hạnh,5
type-c-pd-25w-samsung-ep-ta800n,Sạc Samsung EP-TA800N,Uyên,5
type-c-pd-25w-samsung-ep-ta800n,Sạc Samsung EP-TA800N,TRẦN TRUNG HIẾU,4
type-c-pd-25w-samsung-ep-ta800n,Sạc Samsung EP-TA800N,Nguyễn Thị Bích Phượng,5
type-c-pd-25w-samsung-ep-ta800n,Sạc Samsung EP-TA800N,Nguyễn Hoàng Phúc,5
type-c-pd-25w-samsung-ep-ta800n,Sạc Samsung EP-TA800N,Nguyễn Trường Giang,5
type-c-pd-25w-samsung-ep-ta800n,Sạc Samsung EP-TA800N,Phan Thành Long,5
type-c-pd-25w-samsung-ep-ta800n,Sạc Samsung EP-TA800N,Nguyễn Văn Tuấn,5
type-c-pd-25w-samsung-ep-ta800n,Sạc Samsung EP-TA800N,Lâm Gia Huy,5
type-c-pd-25w-samsung-ep-ta800n,Sạc Samsung EP-TA800N,Thảo,5
type-c-pd-25w-samsung-ep-ta800n,Sạc Samsung EP-TA800N,Anh Tuấn,5
type-c-pd-25w-samsung-ep-ta800n,Sạc Samsung EP-TA800N,Như,5
type-c-pd-25w-samsung-ep-ta800n,Sạc Samsung EP-TA800N,Anh Chiến,5
type-c-pd-25w-samsung-ep-ta800n,Sạc Samsung EP-TA800N,Tâm,5
type-c-pd-25w-samsung-ep-ta800n,Sạc Samsung EP-TA800N,Long,3
type-c-pd-25w-samsung-ep-ta800n,Sạc Samsung EP-TA800N,Nguyễn Minh Trí,5
type-c-pd-25w-samsung-ep-ta800n,Sạc Samsung EP-TA800N,Lê Tuấn,3
type-c-pd-25w-samsung-ep-ta800n,Sạc Samsung EP-TA800N,Trần Thị Thuỷ Triều,3
type-c-pd-25w-samsung-ep-ta800n,Sạc Samsung EP-TA800N,Cô Tạo,4
type-c-pd-25w-samsung-ep-ta800n,Sạc Samsung EP-TA800N,Mai Thanh Tình,5
type-c-pd-25w-samsung-ep-ta800n,Sạc Samsung EP-TA800N,Chú Nghĩa,4
type-c-pd-25w-samsung-ep-ta800n,Sạc Samsung EP-TA800N,Chị Hương,4
type-c-pd-25w-samsung-ep-ta800n,Sạc Samsung EP-TA800N,Lý,5
type-c-pd-25w-samsung-ep-ta800n,Sạc Samsung EP-TA800N,Trịnh Thái Vinh,5
type-c-pd-25w-samsung-ep-ta800n,Sạc Samsung EP-TA800N,Nguyễn Xuân Cương,5
type-c-pd-25w-samsung-ep-ta800n,Sạc Samsung EP-TA800N,NGUYỄN TRUYỀN,5
type-c-pd-25w-samsung-ep-ta800n,Sạc Samsung EP-TA800N,Chị Huệ,5
type-c-pd-25w-samsung-ep-ta800n,Sạc Samsung EP-TA800N,Ngân,4
type-c-pd-25w-samsung-ep-ta800n,Sạc Samsung EP-TA800N,Tiên,5
type-c-pd-25w-samsung-ep-ta800n,Sạc Samsung EP-TA800N,Khang,5
type-c-pd-25w-samsung-ep-ta800n,Sạc Samsung EP-TA800N,Hoàng,4
type-c-pd-25w-samsung-ep-ta800n,Sạc Samsung EP-TA800N,Loan,5
type-c-pd-25w-samsung-ep-ta800n,Sạc Samsung EP-TA800N,Hùng,5
type-c-pd-25w-samsung-ep-ta800n,Sạc Samsung EP-TA800N,Nguyễn Ngọc Tú,4
type-c-pd-25w-samsung-ep-ta800n,Sạc Samsung EP-TA800N,Anh Khương,5
type-c-pd-25w-samsung-ep-ta800n,Sạc Samsung EP-TA800N,Nguyễn Thị Mỹ Ái,5
type-c-pd-25w-samsung-ep-ta800n,Sạc Samsung EP-TA800N,Hoàng Ngọc Hà,5
type-c-pd-25w-samsung-ep-ta800n,Sạc Samsung EP-TA800N,Hồng,4
type-c-pd-25w-samsung-ep-ta800n,Sạc Samsung EP-TA800N,NGUYEN VO DUY PHUONG,5
type-c-pd-25w-samsung-ep-ta800n,Sạc Samsung EP-TA800N,Nguyễn Sơn Tùng,5
type-c-pd-25w-samsung-ep-ta800n,Sạc Samsung EP-TA800N,Võ Minh Lý,4
type-c-pd-25w-samsung-ep-ta800n,Sạc Samsung EP-TA800N,Trần Thị Tuyết Nhung,5
type-c-pd-25w-samsung-ep-ta800n,Sạc Samsung EP-TA800N,Nhã,5
type-c-pd-25w-samsung-ep-ta800n,Sạc Samsung EP-TA800N,Ngọc Quang,5
type-c-pd-25w-samsung-ep-ta800n,Sạc Samsung EP-TA800N,Nam,3
type-c-pd-25w-samsung-ep-ta800n,Sạc Samsung EP-TA800N,Lưu Vĩ Minh,5
type-c-pd-25w-samsung-ep-ta800n,Sạc Samsung EP-TA800N,Trình Hữu Tri,4
type-c-pd-25w-samsung-ep-ta800n,Sạc Samsung EP-TA800N,Phan Thị Mộng Thu,4
type-c-pd-25w-samsung-ep-ta800n,Sạc Samsung EP-TA800N,Khánh,5
type-c-pd-25w-samsung-ep-ta800n,Sạc Samsung EP-TA800N,Anh Hùng,4
type-c-pd-25w-samsung-ep-ta800n,Sạc Samsung EP-TA800N,Tuấn,3
type-c-pd-25w-samsung-ep-ta800n,Sạc Samsung EP-TA800N,Trường,5
type-c-pd-25w-samsung-ep-ta800n,Sạc Samsung EP-TA800N,Hà,4
type-c-pd-25w-samsung-ep-ta800n,Sạc Samsung EP-TA800N,Nguyễn Văn Tành,4
type-c-pd-25w-samsung-ep-ta800n,Sạc Samsung EP-TA800N,Linh,5
type-c-pd-25w-samsung-ep-ta800n,Sạc Samsung EP-TA800N,Bạch Đình Chiến,5
type-c-pd-25w-samsung-ep-ta800n,Sạc Samsung EP-TA800N,Thành,5
type-c-pd-25w-samsung-ep-ta800n,Sạc Samsung EP-TA800N,Trần Vỹ Tùng,4
type-c-pd-25w-samsung-ep-ta800n,Sạc Samsung EP-TA800N,Hồng Hoà,5
type-c-pd-25w-samsung-ep-ta800n,Sạc Samsung EP-TA800N,Anh Giang,5
type-c-pd-25w-samsung-ep-ta800n,Sạc Samsung EP-TA800N,Hằng,5
type-c-pd-25w-samsung-ep-ta800n,Sạc Samsung EP-TA800N,Yến Nhi,5
type-c-pd-25w-samsung-ep-ta800n,Sạc Samsung EP-TA800N,Quang,4
type-c-pd-25w-samsung-ep-ta800n,Sạc Samsung EP-TA800N,Lương Thanh Tịnh,5
type-c-pd-25w-samsung-ep-ta800n,Sạc Samsung EP-TA800N,Nguyễn Bá Hưng,5
type-c-pd-25w-samsung-ep-ta800n,Sạc Samsung EP-TA800N,Sang,5
type-c-pd-25w-samsung-ep-ta800n,Sạc Samsung EP-TA800N,147379 - Đào Hứa Hiếu,5
type-c-pd-25w-samsung-ep-ta800n,Sạc Samsung EP-TA800N,Trường,5
type-c-pd-25w-samsung-ep-ta800n,Sạc Samsung EP-TA800N,Cường,2
type-c-pd-25w-samsung-ep-ta800n,Sạc Samsung EP-TA800N,Châu,4
type-c-pd-25w-samsung-ep-ta800n,Sạc Samsung EP-TA800N,Huỳnh Văn Hùng,4
type-c-pd-25w-samsung-ep-ta800n,Sạc Samsung EP-TA800N,Trần Huynh,5
type-c-pd-25w-samsung-ep-ta800n,Sạc Samsung EP-TA800N,Tuấn,5
type-c-pd-25w-samsung-ep-ta800n,Sạc Samsung EP-TA800N,Chị Phương,5
type-c-pd-25w-samsung-ep-ta800n,Sạc Samsung EP-TA800N,Chi Giang,4
type-c-pd-25w-samsung-ep-ta800n,Sạc Samsung EP-TA800N,Trần Thị Ánh Hồng,5
type-c-pd-25w-samsung-ep-ta800n,Sạc Samsung EP-TA800N,Nông Văn Ngôn,5
type-c-pd-25w-samsung-ep-ta800n,Sạc Samsung EP-TA800N,TRẦN THỊ THANH TÂM,5
type-c-pd-25w-samsung-ep-ta800n,Sạc Samsung EP-TA800N,Huỳnh Tấn Lợi,5
type-c-pd-25w-samsung-ep-ta800n,Sạc Samsung EP-TA800N,HUỲNH HỮU THUẬN,5
type-c-pd-25w-samsung-ep-ta800n,Sạc Samsung EP-TA800N,Nguyễn Kim Cương,4
type-c-pd-25w-samsung-ep-ta800n,Sạc Samsung EP-TA800N,Anh Đào,4
type-c-pd-25w-samsung-ep-ta800n,Sạc Samsung EP-TA800N,Đỗ Nhàn,5
type-c-pd-25w-samsung-ep-ta800n,Sạc Samsung EP-TA800N,Phạm Huy Hoàng,4
type-c-pd-25w-samsung-ep-ta800n,Sạc Samsung EP-TA800N,Trần Lê Tuấn Anh,5
type-c-pd-25w-samsung-ep-ta800n,Sạc Samsung EP-TA800N,Nguyễn Thị Lan,5
type-c-pd-25w-samsung-ep-ta800n,Sạc Samsung EP-TA800N,Nguyễn Tuấn Anh,5
type-c-pd-25w-samsung-ep-ta800n,Sạc Samsung EP-TA800N,ANH THỊNH,5
type-c-pd-25w-samsung-ep-ta800n,Sạc Samsung EP-TA800N,Nguyễn Bá Triệu Đô,5
type-c-pd-25w-samsung-ep-ta800n,Sạc Samsung EP-TA800N,Linh Chi,4
type-c-pd-25w-samsung-ep-ta800n,Sạc Samsung EP-TA800N,Đào Thị Ánh Tuyết,5
type-c-pd-25w-samsung-ep-ta800n,Sạc Samsung EP-TA800N,X,5
type-c-pd-25w-samsung-ep-ta800n,Sạc Samsung EP-TA800N,Lê Trung Hiếu,5
type-c-pd-25w-samsung-ep-ta800n,Sạc Samsung EP-TA800N,Lâm Văn Tâm,5
type-c-pd-25w-samsung-ep-ta800n,Sạc Samsung EP-TA800N,Nguyễn Tấn Linh,5
type-c-pd-25w-samsung-ep-ta800n,Sạc Samsung EP-TA800N,Trương Thành Luân,5
type-c-pd-25w-samsung-ep-ta800n,Sạc Samsung EP-TA800N,Văn Hiếu,5
type-c-pd-25w-samsung-ep-ta800n,Sạc Samsung EP-TA800N,Anh Tân,5
type-c-pd-25w-samsung-ep-ta800n,Sạc Samsung EP-TA800N,Anh Cường,5
type-c-pd-25w-samsung-ep-ta800n,Sạc Samsung EP-TA800N,Chú Tài,4
type-c-pd-25w-samsung-ep-ta800n,Sạc Samsung EP-TA800N,Nguyễn Cáp Hảo,4
type-c-pd-25w-samsung-ep-ta800n,Sạc Samsung EP-TA800N,Nguyễn Hữu Phát,4
type-c-pd-25w-samsung-ep-ta800n,Sạc Samsung EP-TA800N,Bảo,4
type-c-pd-25w-samsung-ep-ta800n,Sạc Samsung EP-TA800N,Lưỡng,5
type-c-pd-25w-samsung-ep-ta800n,Sạc Samsung EP-TA800N,LÝ THUỲ LINH,4
type-c-pd-25w-samsung-ep-ta800n,Sạc Samsung EP-TA800N,TRẦN KHẢI HOÀN,5
type-c-pd-25w-samsung-ep-ta800n,Sạc Samsung EP-TA800N,TRÂN THỊ YẾN,4
type-c-pd-25w-samsung-ep-ta800n,Sạc Samsung EP-TA800N,Anh Hoàng,5
type-c-pd-25w-samsung-ep-ta800n,Sạc Samsung EP-TA800N,Hoa,4
type-c-pd-25w-samsung-ep-ta800n,Sạc Samsung EP-TA800N,Trần Văn Lộc,4
type-c-pd-25w-samsung-ep-ta800n,Sạc Samsung EP-TA800N,Khuyên,4
type-c-pd-25w-samsung-ep-ta800n,Sạc Samsung EP-TA800N,Nguyễn Văn Đức,1
type-c-pd-25w-samsung-ep-ta800n,Sạc Samsung EP-TA800N,BÙI CHÍ CƯỜNG,5
type-c-pd-25w-samsung-ep-ta800n,Sạc Samsung EP-TA800N,TRẦN TIỂU BẰNG,5
type-c-pd-25w-samsung-ep-ta800n,Sạc Samsung EP-TA800N,Anh Thoại,5
type-c-pd-25w-samsung-ep-ta800n,Sạc Samsung EP-TA800N,Nguyễn Thanh Long,5
type-c-pd-25w-samsung-ep-ta800n,Sạc Samsung EP-TA800N,Trần Bá Khoát,5
type-c-pd-25w-samsung-ep-ta800n,Sạc Samsung EP-TA800N,Chú Hà,4
type-c-pd-25w-samsung-ep-ta800n,Sạc Samsung EP-TA800N,Thư,5
type-c-pd-25w-samsung-ep-ta800n,Sạc Samsung EP-TA800N,Thăng,5
type-c-pd-25w-samsung-ep-ta800n,Sạc Samsung EP-TA800N,Nguyễn Phúc Thọ,5
type-c-pd-25w-samsung-ep-ta800n,Sạc Samsung EP-TA800N,Phùng Ngọc Linh,5
type-c-pd-25w-samsung-ep-ta800n,Sạc Samsung EP-TA800N,Huy,5
type-c-pd-25w-samsung-ep-ta800n,Sạc Samsung EP-TA800N,Phương,5
type-c-pd-25w-samsung-ep-ta800n,Sạc Samsung EP-TA800N,Đoàn Văn Thành,5
type-c-pd-25w-samsung-ep-ta800n,Sạc Samsung EP-TA800N,Nguyễn Ngọc Hải,5
type-c-pd-25w-samsung-ep-ta800n,Sạc Samsung EP-TA800N,Lê Quốc Trung,5
type-c-pd-25w-samsung-ep-ta800n,Sạc Samsung EP-TA800N,Le Xuan Nguyen,5
type-c-pd-25w-samsung-ep-ta800n,Sạc Samsung EP-TA800N,Anh Lâm,5
type-c-pd-25w-samsung-ep-ta800n,Sạc Samsung EP-TA800N,LÊ NHẬT LINH,4
type-c-pd-25w-samsung-ep-ta800n,Sạc Samsung EP-TA800N,Võ Văn Quốc,5
type-c-pd-25w-samsung-ep-ta800n,Sạc Samsung EP-TA800N,Phạm Văn Toàn,5
type-c-pd-25w-samsung-ep-ta800n,Sạc Samsung EP-TA800N,Trương Quốc Hưng,5
type-c-pd-25w-samsung-ep-ta800n,Sạc Samsung EP-TA800N,TẠ NGỌC GIÀU,5
type-c-pd-25w-samsung-ep-ta800n,Sạc Samsung EP-TA800N,Trần Thanh Trung,5
type-c-pd-25w-samsung-ep-ta800n,Sạc Samsung EP-TA800N,Nguyễn Khắc Huy,5
type-c-pd-25w-samsung-ep-ta800n,Sạc Samsung EP-TA800N,Chị Cúc,5
type-c-pd-25w-samsung-ep-ta800n,Sạc Samsung EP-TA800N,Ngô Bá Ngọc,5
type-c-pd-25w-samsung-ep-ta800n,Sạc Samsung EP-TA800N,Nguyễn Chương,5
type-c-pd-25w-samsung-ep-ta800n,Sạc Samsung EP-TA800N,Nguyễn Văn Hiện,4
type-c-pd-25w-samsung-ep-ta800n,Sạc Samsung EP-TA800N,Phan Thanh Tâm,5
type-c-pd-25w-samsung-ep-ta800n,Sạc Samsung EP-TA800N,Tiến Nguyễn,5
type-c-pd-25w-samsung-ep-ta800n,Sạc Samsung EP-TA800N,Phan Thanh Tâm,5
type-c-pd-25w-samsung-ep-ta800n,Sạc Samsung EP-TA800N,HOÀNG NGHĨA HÀ,5
type-c-pd-25w-samsung-ep-ta800n,Sạc Samsung EP-TA800N,Anh Thêm,5
type-c-pd-25w-samsung-ep-ta800n,Sạc Samsung EP-TA800N,Nguyễn Hoàng Thuận,5
cap-type-c-type-c-1-8m-anker-544-bio-a80f2,Cáp Type C - Type C 1.8m Anker 544 Bio A80F2,Trì Lê Tân Khoa,5
cap-type-c-type-c-1-8m-anker-544-bio-a80f2,Cáp Type C - Type C 1.8m Anker 544 Bio A80F2,Chiến,5
cap-type-c-type-c-1-8m-anker-544-bio-a80f2,Cáp Type C - Type C 1.8m Anker 544 Bio A80F2,Lê Văn Vũ,5
cap-type-c-type-c-1-8m-anker-544-bio-a80f2,Cáp Type C - Type C 1.8m Anker 544 Bio A80F2,Vũ Tiến Hưng,5
cap-type-c-type-c-1-8m-anker-544-bio-a80f2,Cáp Type C - Type C 1.8m Anker 544 Bio A80F2,Dương,5
cap-type-c-type-c-1-8m-anker-544-bio-a80f2,Cáp Type C - Type C 1.8m Anker 544 Bio A80F2,Anh Hải,5
cap-type-c-type-c-1-8m-anker-544-bio-a80f2,Cáp Type C - Type C 1.8m Anker 544 Bio A80F2,Đỗ Duy Mão,5
cap-type-c-type-c-1-8m-anker-544-bio-a80f2,Cáp Type C - Type C 1.8m Anker 544 Bio A80F2,Phạm Van Thanh,5
cap-type-c-type-c-1-8m-anker-544-bio-a80f2,Cáp Type C - Type C 1.8m Anker 544 Bio A80F2,Trần Thị Như Phượng,5
cap-type-c-type-c-1-8m-anker-544-bio-a80f2,Cáp Type C - Type C 1.8m Anker 544 Bio A80F2,Đặng Tấn Sỹ,5
cap-type-c-type-c-1-8m-anker-544-bio-a80f2,Cáp Type C - Type C 1.8m Anker 544 Bio A80F2,Dương Văn Cường,5
cap-type-c-type-c-1-8m-anker-544-bio-a80f2,Cáp Type C - Type C 1.8m Anker 544 Bio A80F2,Dương Văn Cường,5
cap-type-c-type-c-1-8m-anker-544-bio-a80f2,Cáp Type C - Type C 1.8m Anker 544 Bio A80F2,Nguyễn Huy Chương,5
cap-type-c-type-c-1-8m-anker-544-bio-a80f2,Cáp Type C - Type C 1.8m Anker 544 Bio A80F2,Lê Nguyên Trí,5
cap-type-c-type-c-1-8m-anker-544-bio-a80f2,Cáp Type C - Type C 1.8m Anker 544 Bio A80F2,Dao Duy Hai,4
cap-type-c-type-c-1-8m-anker-544-bio-a80f2,Cáp Type C - Type C 1.8m Anker 544 Bio A80F2,Nguyễn Thị Hồng Phương,4
cap-type-c-type-c-1-8m-anker-544-bio-a80f2,Cáp Type C - Type C 1.8m Anker 544 Bio A80F2,NGUYỄN QUỐC TIỆP,5
cap-type-c-type-c-1-8m-anker-544-bio-a80f2,Cáp Type C - Type C 1.8m Anker 544 Bio A80F2,Tuấn,5
cap-type-c-type-c-1-8m-anker-544-bio-a80f2,Cáp Type C - Type C 1.8m Anker 544 Bio A80F2,Lê Thành Thống,5
cap-type-c-type-c-1-8m-anker-544-bio-a80f2,Cáp Type C - Type C 1.8m Anker 544 Bio A80F2,Anh Công,5
cap-type-c-type-c-1-8m-anker-544-bio-a80f2,Cáp Type C - Type C 1.8m Anker 544 Bio A80F2,Hue,5
cap-type-c-type-c-1-8m-anker-544-bio-a80f2,Cáp Type C - Type C 1.8m Anker 544 Bio A80F2,Lê Quang Lâm,5
cap-type-c-type-c-1-8m-anker-544-bio-a80f2,Cáp Type C - Type C 1.8m Anker 544 Bio A80F2,Hoa,4
cap-type-c-type-c-1-8m-anker-544-bio-a80f2,Cáp Type C - Type C 1.8m Anker 544 Bio A80F2,Nguyễn Mậu Nam Long,5
cap-type-c-type-c-1-8m-anker-544-bio-a80f2,Cáp Type C - Type C 1.8m Anker 544 Bio A80F2,Khang,5
cap-type-c-type-c-1-8m-anker-544-bio-a80f2,Cáp Type C - Type C 1.8m Anker 544 Bio A80F2,Phi,5
cap-type-c-type-c-1-8m-anker-544-bio-a80f2,Cáp Type C - Type C 1.8m Anker 544 Bio A80F2,Thái,5
cap-type-c-type-c-1-8m-anker-544-bio-a80f2,Cáp Type C - Type C 1.8m Anker 544 Bio A80F2,Nguyễn Đăng Mạnh,4
cap-type-c-type-c-1-8m-anker-544-bio-a80f2,Cáp Type C - Type C 1.8m Anker 544 Bio A80F2,Lê Thiện Vũ,5
cap-type-c-type-c-1-8m-anker-544-bio-a80f2,Cáp Type C - Type C 1.8m Anker 544 Bio A80F2,Long,5
cap-type-c-type-c-1-8m-anker-544-bio-a80f2,Cáp Type C - Type C 1.8m Anker 544 Bio A80F2,LE DAT,5
cap-day-rut-type-c-type-c-1m-baseus-retractable-free2pull-mini-cb000088,Cáp Dây Rút Type C - Type C 1m Baseus Retractable Free2Pull Mini CB000088,Nguyễn Văn Tiến,2
adapter-chuyen-doi-usb-type-c-4-in-1-hyperdrive-hd41,Adapter chuyển đổi USB Type C 4 in 1 HyperDrive HD41,Thu Vân,5
adapter-chuyen-doi-usb-type-c-4-in-1-hyperdrive-hd41,Adapter chuyển đổi USB Type C 4 in 1 HyperDrive HD41,Nguyễn Nam Dương,4
adapter-chuyen-doi-usb-type-c-4-in-1-hyperdrive-hd41,Adapter chuyển đổi USB Type C 4 in 1 HyperDrive HD41,Chị Hằng,5
adapter-chuyen-doi-usb-type-c-4-in-1-hyperdrive-hd41,Adapter chuyển đổi USB Type C 4 in 1 HyperDrive HD41,Hà Xuân Tòng,4
adapter-sac-type-c-iq3-33w-anker-a2331,Sạc Anker A2331,Nguyễn Đức Trọng,5
adapter-sac-type-c-iq3-33w-anker-a2331,Sạc Anker A2331,Nguyễn Văn Dũng,5
adapter-sac-type-c-pd-gan-30w-ugreen-robot-nexode-15550,Sạc Ugreen Robot Nexode 15550,Phan Thanh Thế,5
adapter-sac-type-c-pd-gan-30w-ugreen-robot-nexode-15550,Sạc Ugreen Robot Nexode 15550,Hằng,5
adapter-sac-type-c-pd-gan-30w-ugreen-robot-nexode-15550,Sạc Ugreen Robot Nexode 15550,Minh Phú,5
adapter-sac-type-c-pd-gan-30w-ugreen-robot-nexode-15550,Sạc Ugreen Robot Nexode 15550,Dương Hữu Sướng,5
adapter-sac-type-c-pd-gan-30w-ugreen-robot-nexode-15550,Sạc Ugreen Robot Nexode 15550,Lương Minh Trí,5
adapter-sac-type-c-pd-gan-30w-ugreen-robot-nexode-15550,Sạc Ugreen Robot Nexode 15550,Liên Quốc Ân,5
adapter-sac-type-c-pd-gan-30w-ugreen-robot-nexode-15550,Sạc Ugreen Robot Nexode 15550,Huỳnh Sơn,5
adapter-sac-type-c-pd-gan-30w-ugreen-robot-nexode-15550,Sạc Ugreen Robot Nexode 15550,Nguyễn Huỳnh Khôi Nguyên,5
cap-type-c-type-c-1m-xmobile-ds103?utm_flashsale=1,Cáp Type C - Type C 1m Xmobile DS103,Vien,1
cap-type-c-type-c-1m-xmobile-ds103?utm_flashsale=1,Cáp Type C - Type C 1m Xmobile DS103,Hậu Lê,4
cap-type-c-type-c-1m-xmobile-ds103?utm_flashsale=1,Cáp Type C - Type C 1m Xmobile DS103,Sáu,3
cap-type-c-type-c-1m-xmobile-ds103?utm_flashsale=1,Cáp Type C - Type C 1m Xmobile DS103,Khoa,5
cap-type-c-type-c-1m-xmobile-ds103?utm_flashsale=1,Cáp Type C - Type C 1m Xmobile DS103,Nguyễn Văn Hoàng,5
cap-type-c-type-c-1m-xmobile-ds103?utm_flashsale=1,Cáp Type C - Type C 1m Xmobile DS103,Hậu,5
cap-type-c-type-c-1m-xmobile-ds103?utm_flashsale=1,Cáp Type C - Type C 1m Xmobile DS103,Nguyễn Nhựt Minh,5
cap-type-c-type-c-1m-xmobile-ds103?utm_flashsale=1,Cáp Type C - Type C 1m Xmobile DS103,Dẹp,5
cap-type-c-type-c-1m-xmobile-ds103?utm_flashsale=1,Cáp Type C - Type C 1m Xmobile DS103,Thu Diệu,5
cap-type-c-type-c-1m-xmobile-ds103?utm_flashsale=1,Cáp Type C - Type C 1m Xmobile DS103,Tuấn Khanh,5
cap-type-c-type-c-1m-xmobile-ds103?utm_flashsale=1,Cáp Type C - Type C 1m Xmobile DS103,Nguyên Phúc,5
cap-type-c-type-c-1m-xmobile-ds103?utm_flashsale=1,Cáp Type C - Type C 1m Xmobile DS103,Đức,5
cap-type-c-type-c-1m-xmobile-ds103?utm_flashsale=1,Cáp Type C - Type C 1m Xmobile DS103,Hạnh,5
cap-type-c-type-c-1m-xmobile-ds103?utm_flashsale=1,Cáp Type C - Type C 1m Xmobile DS103,Le Trong,5
cap-type-c-type-c-1m-xmobile-ds103?utm_flashsale=1,Cáp Type C - Type C 1m Xmobile DS103,Chiến,5
cap-type-c-type-c-1m-xmobile-ds103?utm_flashsale=1,Cáp Type C - Type C 1m Xmobile DS103,Chị Lành,5
cap-type-c-type-c-1m-xmobile-ds103?utm_flashsale=1,Cáp Type C - Type C 1m Xmobile DS103,Minh Kha,5
cap-type-c-type-c-1m-xmobile-dr-t09?utm_flashsale=1,Cáp Type C - Type C 1m Xmobile DR-T09,Giang,1
cap-type-c-type-c-1m-xmobile-dr-t09?utm_flashsale=1,Cáp Type C - Type C 1m Xmobile DR-T09,Hạnh,5
cap-type-c-type-c-1m-xmobile-dr-t09?utm_flashsale=1,Cáp Type C - Type C 1m Xmobile DR-T09,Anh Lê Chấn Linh,5
cap-type-c-type-c-1m-xmobile-dr-t09?utm_flashsale=1,Cáp Type C - Type C 1m Xmobile DR-T09,NGUYEN VAN THANH,5
cap-type-c-type-c-1m-xmobile-dr-t09?utm_flashsale=1,Cáp Type C - Type C 1m Xmobile DR-T09,Phạm Minh Vương,5
cap-type-c-type-c-1m-xmobile-dr-t09?utm_flashsale=1,Cáp Type C - Type C 1m Xmobile DR-T09,Thái,5
cap-type-c-type-c-1m-xmobile-dr-t09?utm_flashsale=1,Cáp Type C - Type C 1m Xmobile DR-T09,Nguyễn Thế Như,5
cap-type-c-type-c-1m-xmobile-dr-t09?utm_flashsale=1,Cáp Type C - Type C 1m Xmobile DR-T09,Khôi,5
cap-type-c-type-c-1m-xmobile-dr-t09?utm_flashsale=1,Cáp Type C - Type C 1m Xmobile DR-T09,Xuyền,5
cap-type-c-type-c-1m-xmobile-dr-t09?utm_flashsale=1,Cáp Type C - Type C 1m Xmobile DR-T09,Anh Triệu,5
cap-type-c-type-c-1m-xmobile-dr-t09?utm_flashsale=1,Cáp Type C - Type C 1m Xmobile DR-T09,A Lưu,5
cap-type-c-type-c-1m-xmobile-dr-t09?utm_flashsale=1,Cáp Type C - Type C 1m Xmobile DR-T09,Sơn,5
cap-type-c-type-c-1m-xmobile-dr-t09?utm_flashsale=1,Cáp Type C - Type C 1m Xmobile DR-T09,Tâm,5
cap-type-c-type-c-1m-xmobile-dr-t09?utm_flashsale=1,Cáp Type C - Type C 1m Xmobile DR-T09,Hải,5
cap-type-c-type-c-1m-xmobile-dr-t09?utm_flashsale=1,Cáp Type C - Type C 1m Xmobile DR-T09,Trọng,5
cap-type-c-type-c-1m-xmobile-dr-t09?utm_flashsale=1,Cáp Type C - Type C 1m Xmobile DR-T09,Hướng,4
cap-type-c-type-c-1m-xmobile-dr-t09?utm_flashsale=1,Cáp Type C - Type C 1m Xmobile DR-T09,NGUYỄN THANH TRÀ,5
cap-type-c-type-c-1m-xmobile-dr-t09?utm_flashsale=1,Cáp Type C - Type C 1m Xmobile DR-T09,Hậu,5
cap-type-c-type-c-1m-xmobile-dr-t09?utm_flashsale=1,Cáp Type C - Type C 1m Xmobile DR-T09,Chị Phương,4
cap-type-c-type-c-1m-xmobile-dr-t09?utm_flashsale=1,Cáp Type C - Type C 1m Xmobile DR-T09,Việt,5
cap-type-c-type-c-1m-xmobile-dr-t09?utm_flashsale=1,Cáp Type C - Type C 1m Xmobile DR-T09,Phong,3
cap-type-c-type-c-1m-xmobile-dr-t09?utm_flashsale=1,Cáp Type C - Type C 1m Xmobile DR-T09,Nga,5
cap-type-c-type-c-1m-xmobile-dr-t09?utm_flashsale=1,Cáp Type C - Type C 1m Xmobile DR-T09,Tâm,5
cap-type-c-type-c-1m-xmobile-dr-t09?utm_flashsale=1,Cáp Type C - Type C 1m Xmobile DR-T09,Công Danh,5
cap-type-c-type-c-1m-xmobile-dr-t09?utm_flashsale=1,Cáp Type C - Type C 1m Xmobile DR-T09,Nguyễn Nhật Hiếu,5
cap-type-c-type-c-1m-xmobile-dr-t09?utm_flashsale=1,Cáp Type C - Type C 1m Xmobile DR-T09,Luân,5
cap-type-c-1m-hydrus-jxl-33?utm_flashsale=1,Cáp Type C 1m Hydrus JXL-33,Huỳnh Tuấn Khải,5
cap-type-c-2m-hydrus-cv-12?utm_flashsale=1,Cáp Type C 2m Hydrus CV-12,Trần Quốc Dương,1
cap-lightning-2m-hydrus-cv-14?utm_flashsale=1,Cáp Lightning 2m Hydrus CV-14,Mỹ,4
cap-type-c-1m-mbest-ds462x,Cáp Type C 1m Mbest DS462X,Mai Hải Đăng,5
cap-type-c-1m-mbest-ds462x,Cáp Type C 1m Mbest DS462X,Sáng,4
cap-type-c-1m-mbest-ds462x,Cáp Type C 1m Mbest DS462X,Tiền,5
cap-type-c-1m-mbest-ds462x,Cáp Type C 1m Mbest DS462X,Phạm Minh Đức,5
cap-type-c-1m-mbest-ds462x,Cáp Type C 1m Mbest DS462X,Trung,5
cap-type-c-1m-mbest-ds462x,Cáp Type C 1m Mbest DS462X,Dũng,5
cap-type-c-1m-mbest-ds462x,Cáp Type C 1m Mbest DS462X,Tiến,5
cap-type-c-1m-mbest-ds462x,Cáp Type C 1m Mbest DS462X,Trần Khởi Nghĩa,2
cap-type-c-1m-mbest-ds462x,Cáp Type C 1m Mbest DS462X,Anh Phước,5
cap-type-c-1m-mbest-ds462x,Cáp Type C 1m Mbest DS462X,Anh Tiến,5
cap-type-c-1m-mbest-ds462x,Cáp Type C 1m Mbest DS462X,A Hội Tài,5
cap-type-c-1m-mbest-ds462x,Cáp Type C 1m Mbest DS462X,Anh Linh,5
cap-type-c-1m-mbest-ds462x,Cáp Type C 1m Mbest DS462X,Chú Hưng,4
cap-type-c-1m-mbest-ds462x,Cáp Type C 1m Mbest DS462X,Chị Thư,5
cap-type-c-1m-mbest-ds462x,Cáp Type C 1m Mbest DS462X,Hồng,4
cap-type-c-1m-mbest-ds462x,Cáp Type C 1m Mbest DS462X,Hào,5
cap-type-c-1m-mbest-ds462x,Cáp Type C 1m Mbest DS462X,Chị Linh,5
cap-type-c-1m-mbest-ds462x,Cáp Type C 1m Mbest DS462X,NGUYỄN MINH PHƯỚC,5
cap-type-c-1m-mbest-ds462x,Cáp Type C 1m Mbest DS462X,Anh Tú,5
cap-type-c-1m-mbest-ds462x,Cáp Type C 1m Mbest DS462X,Hùng,5
cap-type-c-1m-mbest-ds462x,Cáp Type C 1m Mbest DS462X,Mai Hải Đăng,5
cap-type-c-1m-mbest-ds462x,Cáp Type C 1m Mbest DS462X,Sáng,4
cap-type-c-1m-mbest-ds462x,Cáp Type C 1m Mbest DS462X,Tiền,5
cap-type-c-1m-mbest-ds462x,Cáp Type C 1m Mbest DS462X,Phạm Minh Đức,5
cap-type-c-1m-mbest-ds462x,Cáp Type C 1m Mbest DS462X,Trung,5
cap-type-c-1m-mbest-ds462x,Cáp Type C 1m Mbest DS462X,Dũng,5
cap-type-c-1m-mbest-ds462x,Cáp Type C 1m Mbest DS462X,Tiến,5
cap-type-c-1m-mbest-ds462x,Cáp Type C 1m Mbest DS462X,Trần Khởi Nghĩa,2
cap-type-c-1m-mbest-ds462x,Cáp Type C 1m Mbest DS462X,Anh Phước,5
cap-type-c-1m-mbest-ds462x,Cáp Type C 1m Mbest DS462X,Anh Tiến,5
cap-type-c-1m-mbest-ds462x,Cáp Type C 1m Mbest DS462X,A Hội Tài,5
cap-type-c-1m-mbest-ds462x,Cáp Type C 1m Mbest DS462X,Anh Linh,5
cap-type-c-1m-mbest-ds462x,Cáp Type C 1m Mbest DS462X,Chú Hưng,4
cap-type-c-1m-mbest-ds462x,Cáp Type C 1m Mbest DS462X,Chị Thư,5
cap-type-c-1m-mbest-ds462x,Cáp Type C 1m Mbest DS462X,Hồng,4
cap-type-c-1m-mbest-ds462x,Cáp Type C 1m Mbest DS462X,Hào,5
cap-type-c-1m-mbest-ds462x,Cáp Type C 1m Mbest DS462X,Chị Linh,5
cap-type-c-1m-mbest-ds462x,Cáp Type C 1m Mbest DS462X,NGUYỄN MINH PHƯỚC,5
cap-type-c-1m-mbest-ds462x,Cáp Type C 1m Mbest DS462X,Anh Tú,5
cap-type-c-1m-mbest-ds462x,Cáp Type C 1m Mbest DS462X,Hùng,5
cap-type-c-1m-mbest-ds462x,Cáp Type C 1m Mbest DS462X,Nguyễn Trung Hảo,4
cap-type-c-1m-mbest-ds462x,Cáp Type C 1m Mbest DS462X,Dương Hoàng Hà,4
cap-type-c-1m-mbest-ds462x,Cáp Type C 1m Mbest DS462X,Anh Diễm,4
cap-type-c-1m-mbest-ds462x,Cáp Type C 1m Mbest DS462X,Nguyễn Thị Mỹ,5
cap-type-c-1m-mbest-ds462x,Cáp Type C 1m Mbest DS462X,Đoàn Văn Sơn,4
cap-type-c-1m-mbest-ds462x,Cáp Type C 1m Mbest DS462X,Pham Thanh Nhã,5
cap-type-c-1m-mbest-ds462x,Cáp Type C 1m Mbest DS462X,Bui Quang Minh,5
cap-type-c-1m-mbest-ds462x,Cáp Type C 1m Mbest DS462X,PHẠM VĂN CHỜ,3
cap-type-c-1m-mbest-ds462x,Cáp Type C 1m Mbest DS462X,Anh Trọng,4
cap-type-c-1m-mbest-ds462x,Cáp Type C 1m Mbest DS462X,Thành Tâm,5
cap-type-c-1m-mbest-ds462x,Cáp Type C 1m Mbest DS462X,Nguyễn Hồ Điệp,5
cap-type-c-1m-mbest-ds462x,Cáp Type C 1m Mbest DS462X,Pháp,5
cap-type-c-1m-mbest-ds462x,Cáp Type C 1m Mbest DS462X,Lê Văn Tý,5
cap-type-c-1m-mbest-ds462x,Cáp Type C 1m Mbest DS462X,Thái Sơn,4
cap-type-c-1m-mbest-ds462x,Cáp Type C 1m Mbest DS462X,Thanh Tuyền,2
cap-type-c-1m-mbest-ds462x,Cáp Type C 1m Mbest DS462X,Hoàng,5
cap-type-c-1m-mbest-ds462x,Cáp Type C 1m Mbest DS462X,Chị Cherry,5
cap-type-c-1m-mbest-ds462x,Cáp Type C 1m Mbest DS462X,NGUYỄN VĂN SÓT,5
cap-type-c-1m-mbest-ds462x,Cáp Type C 1m Mbest DS462X,Nguyễn Cường,1
cap-type-c-1m-mbest-ds462x,Cáp Type C 1m Mbest DS462X,Mạnh,5
cap-type-c-1m-mbest-ds462x,Cáp Type C 1m Mbest DS462X,Anh Luân,5
cap-type-c-1m-mbest-ds462x,Cáp Type C 1m Mbest DS462X,Tiến,5
cap-type-c-1m-mbest-ds462x,Cáp Type C 1m Mbest DS462X,Trần Bảo Nhi,4
cap-type-c-1m-mbest-ds462x,Cáp Type C 1m Mbest DS462X,Hồng Thị Kim Xuyến,4
cap-type-c-1m-mbest-ds462x,Cáp Type C 1m Mbest DS462X,Diễm,5
cap-type-c-1m-mbest-ds462x,Cáp Type C 1m Mbest DS462X,Phạm Hoài Hận,5
cap-type-c-1m-mbest-ds462x,Cáp Type C 1m Mbest DS462X,Vũ,5
cap-type-c-1m-mbest-ds462x,Cáp Type C 1m Mbest DS462X,A Long,4
cap-type-c-1m-mbest-ds462x,Cáp Type C 1m Mbest DS462X,Trần Đào Minh Khang,5
cap-type-c-1m-mbest-ds462x,Cáp Type C 1m Mbest DS462X,Trần Phúc Tới,5
cap-type-c-1m-mbest-ds462x,Cáp Type C 1m Mbest DS462X,A Thạch,5
cap-type-c-1m-mbest-ds462x,Cáp Type C 1m Mbest DS462X,Nam,4
cap-type-c-1m-mbest-ds462x,Cáp Type C 1m Mbest DS462X,Lê Thị Hoa,3
cap-type-c-1m-mbest-ds462x,Cáp Type C 1m Mbest DS462X,Chị Hằng,4
cap-type-c-1m-mbest-ds462x,Cáp Type C 1m Mbest DS462X,Chị Khánh,4
cap-type-c-1m-mbest-ds462x,Cáp Type C 1m Mbest DS462X,Thọ,5
cap-type-c-1m-mbest-ds462x,Cáp Type C 1m Mbest DS462X,Thuong Huynh,4
cap-type-c-1m-mbest-ds462x,Cáp Type C 1m Mbest DS462X,Anh Trang,4
cap-type-c-1m-mbest-ds462x,Cáp Type C 1m Mbest DS462X,Chị Oanh,5
cap-type-c-1m-mbest-ds462x,Cáp Type C 1m Mbest DS462X,Chú Quang,5
adapter-sac-10w-hydrus-zc103?utm_flashsale=1,Sạc Hydrus ZC103,Anh Vy,5
adapter-sac-2-cong-type-c-pd-qc-3-0-20w-xmobile-dc02?utm_flashsale=1,Sạc 2 cổng Xmobile DC02,Nguyễn,5
cap-lightning-1m-hydrus-jxl-15?utm_flashsale=1,Cáp Lightning 1m Hydrus JXL-15,Thiện Trần,1
cap-type-c-supervooc-oppo-dl129?utm_flashsale=1,Cáp Type C SuperVOOC 1m OPPO DL129,Nguyễn Ngọc Sơn,5
cap-type-c-supervooc-oppo-dl129?utm_flashsale=1,Cáp Type C SuperVOOC 1m OPPO DL129,Trần Ngọc Ánh,1
cap-type-c-supervooc-oppo-dl129?utm_flashsale=1,Cáp Type C SuperVOOC 1m OPPO DL129,Nguyễn Mạnh Thắng,5
cap-type-c-supervooc-oppo-dl129?utm_flashsale=1,Cáp Type C SuperVOOC 1m OPPO DL129,Thành,5
cap-type-c-supervooc-oppo-dl129?utm_flashsale=1,Cáp Type C SuperVOOC 1m OPPO DL129,PHAN TRUNG THẮNG,5
cap-type-c-supervooc-oppo-dl129?utm_flashsale=1,Cáp Type C SuperVOOC 1m OPPO DL129,NGUYỄN ĐẶNG ANH THƯ,5
cap-type-c-supervooc-oppo-dl129?utm_flashsale=1,Cáp Type C SuperVOOC 1m OPPO DL129,Anh Mãi,4
cap-type-c-supervooc-oppo-dl129?utm_flashsale=1,Cáp Type C SuperVOOC 1m OPPO DL129,Lê Thị Phương,1
cap-type-c-supervooc-oppo-dl129?utm_flashsale=1,Cáp Type C SuperVOOC 1m OPPO DL129,Cao Văn Ý,5
cap-type-c-supervooc-oppo-dl129?utm_flashsale=1,Cáp Type C SuperVOOC 1m OPPO DL129,Trần Hiếu Lễ,2
cap-type-c-supervooc-oppo-dl129?utm_flashsale=1,Cáp Type C SuperVOOC 1m OPPO DL129,Nguyễn Thế Đức,5
cap-type-c-supervooc-oppo-dl129?utm_flashsale=1,Cáp Type C SuperVOOC 1m OPPO DL129,Duy,5
cap-type-c-supervooc-oppo-dl129?utm_flashsale=1,Cáp Type C SuperVOOC 1m OPPO DL129,Dương Tùng,3
cap-type-c-supervooc-oppo-dl129?utm_flashsale=1,Cáp Type C SuperVOOC 1m OPPO DL129,Phan Đăng Phú,5
cap-type-c-supervooc-oppo-dl129?utm_flashsale=1,Cáp Type C SuperVOOC 1m OPPO DL129,Vinh,5
cap-type-c-supervooc-oppo-dl129?utm_flashsale=1,Cáp Type C SuperVOOC 1m OPPO DL129,Trần Bảo Linh,5
cap-type-c-supervooc-oppo-dl129?utm_flashsale=1,Cáp Type C SuperVOOC 1m OPPO DL129,Nguyen Tri Quang,5
cap-type-c-supervooc-oppo-dl129?utm_flashsale=1,Cáp Type C SuperVOOC 1m OPPO DL129,Đỗ Hoàng Kha,5
cap-type-c-supervooc-oppo-dl129?utm_flashsale=1,Cáp Type C SuperVOOC 1m OPPO DL129,Nguyễn Ngọc Hào,5
cap-type-c-supervooc-oppo-dl129?utm_flashsale=1,Cáp Type C SuperVOOC 1m OPPO DL129,Nguyễn Duy Linh,5
cap-type-c-supervooc-oppo-dl129?utm_flashsale=1,Cáp Type C SuperVOOC 1m OPPO DL129,Nguyễn Ngọc Sơn,5
cap-type-c-supervooc-oppo-dl129?utm_flashsale=1,Cáp Type C SuperVOOC 1m OPPO DL129,Trần Ngọc Ánh,1
cap-type-c-supervooc-oppo-dl129?utm_flashsale=1,Cáp Type C SuperVOOC 1m OPPO DL129,Nguyễn Mạnh Thắng,5
cap-type-c-supervooc-oppo-dl129?utm_flashsale=1,Cáp Type C SuperVOOC 1m OPPO DL129,Thành,5
cap-type-c-supervooc-oppo-dl129?utm_flashsale=1,Cáp Type C SuperVOOC 1m OPPO DL129,PHAN TRUNG THẮNG,5
cap-type-c-supervooc-oppo-dl129?utm_flashsale=1,Cáp Type C SuperVOOC 1m OPPO DL129,NGUYỄN ĐẶNG ANH THƯ,5
cap-type-c-supervooc-oppo-dl129?utm_flashsale=1,Cáp Type C SuperVOOC 1m OPPO DL129,Anh Mãi,4
cap-type-c-supervooc-oppo-dl129?utm_flashsale=1,Cáp Type C SuperVOOC 1m OPPO DL129,Lê Thị Phương,1
cap-type-c-supervooc-oppo-dl129?utm_flashsale=1,Cáp Type C SuperVOOC 1m OPPO DL129,Cao Văn Ý,5
cap-type-c-supervooc-oppo-dl129?utm_flashsale=1,Cáp Type C SuperVOOC 1m OPPO DL129,Trần Hiếu Lễ,2
cap-type-c-supervooc-oppo-dl129?utm_flashsale=1,Cáp Type C SuperVOOC 1m OPPO DL129,Nguyễn Thế Đức,5
cap-type-c-supervooc-oppo-dl129?utm_flashsale=1,Cáp Type C SuperVOOC 1m OPPO DL129,Duy,5
cap-type-c-supervooc-oppo-dl129?utm_flashsale=1,Cáp Type C SuperVOOC 1m OPPO DL129,Dương Tùng,3
cap-type-c-supervooc-oppo-dl129?utm_flashsale=1,Cáp Type C SuperVOOC 1m OPPO DL129,Phan Đăng Phú,5
cap-type-c-supervooc-oppo-dl129?utm_flashsale=1,Cáp Type C SuperVOOC 1m OPPO DL129,Vinh,5
cap-type-c-supervooc-oppo-dl129?utm_flashsale=1,Cáp Type C SuperVOOC 1m OPPO DL129,Trần Bảo Linh,5
cap-type-c-supervooc-oppo-dl129?utm_flashsale=1,Cáp Type C SuperVOOC 1m OPPO DL129,Nguyen Tri Quang,5
cap-type-c-supervooc-oppo-dl129?utm_flashsale=1,Cáp Type C SuperVOOC 1m OPPO DL129,Đỗ Hoàng Kha,5
cap-type-c-supervooc-oppo-dl129?utm_flashsale=1,Cáp Type C SuperVOOC 1m OPPO DL129,Nguyễn Ngọc Hào,5
cap-type-c-supervooc-oppo-dl129?utm_flashsale=1,Cáp Type C SuperVOOC 1m OPPO DL129,Nguyễn Duy Linh,5
cap-type-c-supervooc-oppo-dl129?utm_flashsale=1,Cáp Type C SuperVOOC 1m OPPO DL129,Anh Hương,4
cap-type-c-supervooc-oppo-dl129?utm_flashsale=1,Cáp Type C SuperVOOC 1m OPPO DL129,Đào Quốc Việt,5
cap-type-c-supervooc-oppo-dl129?utm_flashsale=1,Cáp Type C SuperVOOC 1m OPPO DL129,Trần Minh Chau,5
cap-type-c-supervooc-oppo-dl129?utm_flashsale=1,Cáp Type C SuperVOOC 1m OPPO DL129,Trương Kiệt,5
cap-type-c-supervooc-oppo-dl129?utm_flashsale=1,Cáp Type C SuperVOOC 1m OPPO DL129,Hải,4
cap-type-c-supervooc-oppo-dl129?utm_flashsale=1,Cáp Type C SuperVOOC 1m OPPO DL129,Văn Hậu,5
cap-type-c-supervooc-oppo-dl129?utm_flashsale=1,Cáp Type C SuperVOOC 1m OPPO DL129,Anh Hiển,5
cap-type-c-supervooc-oppo-dl129?utm_flashsale=1,Cáp Type C SuperVOOC 1m OPPO DL129,Pham Nguyen,4
cap-type-c-supervooc-oppo-dl129?utm_flashsale=1,Cáp Type C SuperVOOC 1m OPPO DL129,Cao Bình,3
cap-type-c-supervooc-oppo-dl129?utm_flashsale=1,Cáp Type C SuperVOOC 1m OPPO DL129,Anh Việt,4
cap-type-c-supervooc-oppo-dl129?utm_flashsale=1,Cáp Type C SuperVOOC 1m OPPO DL129,Lâm,5
cap-type-c-supervooc-oppo-dl129?utm_flashsale=1,Cáp Type C SuperVOOC 1m OPPO DL129,Trương Thiên Thanh Tâm,5
cap-type-c-supervooc-oppo-dl129?utm_flashsale=1,Cáp Type C SuperVOOC 1m OPPO DL129,Chị Anh,4
cap-type-c-supervooc-oppo-dl129?utm_flashsale=1,Cáp Type C SuperVOOC 1m OPPO DL129,Ho Van Toan,5
cap-type-c-supervooc-oppo-dl129?utm_flashsale=1,Cáp Type C SuperVOOC 1m OPPO DL129,Chị Nhi,5
cap-type-c-supervooc-oppo-dl129?utm_flashsale=1,Cáp Type C SuperVOOC 1m OPPO DL129,Tỏa,5
cap-type-c-supervooc-oppo-dl129?utm_flashsale=1,Cáp Type C SuperVOOC 1m OPPO DL129,Nguyễn Đức Linh,5
cap-type-c-supervooc-oppo-dl129?utm_flashsale=1,Cáp Type C SuperVOOC 1m OPPO DL129,Chị Tâm,5
cap-type-c-supervooc-oppo-dl129?utm_flashsale=1,Cáp Type C SuperVOOC 1m OPPO DL129,Anh Châu,5
cap-type-c-supervooc-oppo-dl129?utm_flashsale=1,Cáp Type C SuperVOOC 1m OPPO DL129,CHAU QUOC TIN,5
cap-type-c-supervooc-oppo-dl129?utm_flashsale=1,Cáp Type C SuperVOOC 1m OPPO DL129,Hồ Ngọc Thanh Dung,4
cap-type-c-supervooc-oppo-dl129?utm_flashsale=1,Cáp Type C SuperVOOC 1m OPPO DL129,Tuấn,5
cap-type-c-supervooc-oppo-dl129?utm_flashsale=1,Cáp Type C SuperVOOC 1m OPPO DL129,Đỗ Bá Hiệu,4
cap-type-c-supervooc-oppo-dl129?utm_flashsale=1,Cáp Type C SuperVOOC 1m OPPO DL129,Hùng,5
cap-type-c-supervooc-oppo-dl129?utm_flashsale=1,Cáp Type C SuperVOOC 1m OPPO DL129,Trần Thanh Hùng,5
cap-type-c-supervooc-oppo-dl129?utm_flashsale=1,Cáp Type C SuperVOOC 1m OPPO DL129,Lương Thành Danh,5
cap-type-c-supervooc-oppo-dl129?utm_flashsale=1,Cáp Type C SuperVOOC 1m OPPO DL129,Đinh Minh Trí,4
cap-type-c-supervooc-oppo-dl129?utm_flashsale=1,Cáp Type C SuperVOOC 1m OPPO DL129,Huỳnh Trần Thanh Thuận,5
cap-type-c-supervooc-oppo-dl129?utm_flashsale=1,Cáp Type C SuperVOOC 1m OPPO DL129,Quản Văn Tuân,5
cap-type-c-supervooc-oppo-dl129?utm_flashsale=1,Cáp Type C SuperVOOC 1m OPPO DL129,BÙI THỊ CẨM NHUNG,5
cap-type-c-supervooc-oppo-dl129?utm_flashsale=1,Cáp Type C SuperVOOC 1m OPPO DL129,Lan,5
cap-type-c-supervooc-oppo-dl129?utm_flashsale=1,Cáp Type C SuperVOOC 1m OPPO DL129,Lan Anh,5
cap-type-c-supervooc-oppo-dl129?utm_flashsale=1,Cáp Type C SuperVOOC 1m OPPO DL129,Chị Dựa,4
cap-type-c-supervooc-oppo-dl129?utm_flashsale=1,Cáp Type C SuperVOOC 1m OPPO DL129,Nguyễn Thị Kim Loan,4
cap-type-c-supervooc-oppo-dl129?utm_flashsale=1,Cáp Type C SuperVOOC 1m OPPO DL129,Anh Hải,5
cap-type-c-supervooc-oppo-dl129?utm_flashsale=1,Cáp Type C SuperVOOC 1m OPPO DL129,Cô Phương,4
cap-type-c-supervooc-oppo-dl129?utm_flashsale=1,Cáp Type C SuperVOOC 1m OPPO DL129,Trần Văn Tuấn,5
cap-type-c-supervooc-oppo-dl129?utm_flashsale=1,Cáp Type C SuperVOOC 1m OPPO DL129,Anh Thịnh,5
cap-type-c-supervooc-oppo-dl129?utm_flashsale=1,Cáp Type C SuperVOOC 1m OPPO DL129,Dang Thanh Dat,5
cap-type-c-supervooc-oppo-dl129?utm_flashsale=1,Cáp Type C SuperVOOC 1m OPPO DL129,Nguyễn Khải Điệp,4
cap-type-c-supervooc-oppo-dl129?utm_flashsale=1,Cáp Type C SuperVOOC 1m OPPO DL129,Hồ Ngọc Thanh Dung,4
cap-type-c-supervooc-oppo-dl129?utm_flashsale=1,Cáp Type C SuperVOOC 1m OPPO DL129,Tuấn,5
cap-type-c-supervooc-oppo-dl129?utm_flashsale=1,Cáp Type C SuperVOOC 1m OPPO DL129,Đỗ Bá Hiệu,4
cap-type-c-supervooc-oppo-dl129?utm_flashsale=1,Cáp Type C SuperVOOC 1m OPPO DL129,Hùng,5
cap-type-c-supervooc-oppo-dl129?utm_flashsale=1,Cáp Type C SuperVOOC 1m OPPO DL129,Trần Thanh Hùng,5
cap-type-c-supervooc-oppo-dl129?utm_flashsale=1,Cáp Type C SuperVOOC 1m OPPO DL129,Lương Thành Danh,5
cap-type-c-supervooc-oppo-dl129?utm_flashsale=1,Cáp Type C SuperVOOC 1m OPPO DL129,Đinh Minh Trí,4
cap-type-c-supervooc-oppo-dl129?utm_flashsale=1,Cáp Type C SuperVOOC 1m OPPO DL129,Huỳnh Trần Thanh Thuận,5
cap-type-c-supervooc-oppo-dl129?utm_flashsale=1,Cáp Type C SuperVOOC 1m OPPO DL129,Quản Văn Tuân,5
cap-type-c-supervooc-oppo-dl129?utm_flashsale=1,Cáp Type C SuperVOOC 1m OPPO DL129,BÙI THỊ CẨM NHUNG,5
cap-type-c-supervooc-oppo-dl129?utm_flashsale=1,Cáp Type C SuperVOOC 1m OPPO DL129,Lan,5
cap-type-c-supervooc-oppo-dl129?utm_flashsale=1,Cáp Type C SuperVOOC 1m OPPO DL129,Lan Anh,5
cap-type-c-supervooc-oppo-dl129?utm_flashsale=1,Cáp Type C SuperVOOC 1m OPPO DL129,Chị Dựa,4
cap-type-c-supervooc-oppo-dl129?utm_flashsale=1,Cáp Type C SuperVOOC 1m OPPO DL129,Nguyễn Thị Kim Loan,4
cap-type-c-supervooc-oppo-dl129?utm_flashsale=1,Cáp Type C SuperVOOC 1m OPPO DL129,Anh Hải,5
cap-type-c-supervooc-oppo-dl129?utm_flashsale=1,Cáp Type C SuperVOOC 1m OPPO DL129,Cô Phương,4
cap-type-c-supervooc-oppo-dl129?utm_flashsale=1,Cáp Type C SuperVOOC 1m OPPO DL129,Trần Văn Tuấn,5
cap-type-c-supervooc-oppo-dl129?utm_flashsale=1,Cáp Type C SuperVOOC 1m OPPO DL129,Anh Thịnh,5
cap-type-c-supervooc-oppo-dl129?utm_flashsale=1,Cáp Type C SuperVOOC 1m OPPO DL129,Dang Thanh Dat,5
cap-type-c-supervooc-oppo-dl129?utm_flashsale=1,Cáp Type C SuperVOOC 1m OPPO DL129,Nguyễn Khải Điệp,4
cap-type-c-supervooc-oppo-dl129?utm_flashsale=1,Cáp Type C SuperVOOC 1m OPPO DL129,Trần Thị Thanh Hương,5
cap-type-c-supervooc-oppo-dl129?utm_flashsale=1,Cáp Type C SuperVOOC 1m OPPO DL129,Lê Đào Thành Tâm,4
cap-type-c-supervooc-oppo-dl129?utm_flashsale=1,Cáp Type C SuperVOOC 1m OPPO DL129,Ngô Thanh Hiền,5
cap-type-c-supervooc-oppo-dl129?utm_flashsale=1,Cáp Type C SuperVOOC 1m OPPO DL129,Hoàng An,5
cap-type-c-supervooc-oppo-dl129?utm_flashsale=1,Cáp Type C SuperVOOC 1m OPPO DL129,Anh Tuấn,5
cap-type-c-supervooc-oppo-dl129?utm_flashsale=1,Cáp Type C SuperVOOC 1m OPPO DL129,Lê Hoàng Anh,4
cap-type-c-supervooc-oppo-dl129?utm_flashsale=1,Cáp Type C SuperVOOC 1m OPPO DL129,NGUYỄN THANH HUY,2
cap-type-c-supervooc-oppo-dl129?utm_flashsale=1,Cáp Type C SuperVOOC 1m OPPO DL129,Công,3
cap-type-c-supervooc-oppo-dl129?utm_flashsale=1,Cáp Type C SuperVOOC 1m OPPO DL129,Khánh Huyền,5
cap-type-c-supervooc-oppo-dl129?utm_flashsale=1,Cáp Type C SuperVOOC 1m OPPO DL129,Thuận,5
cap-type-c-supervooc-oppo-dl129?utm_flashsale=1,Cáp Type C SuperVOOC 1m OPPO DL129,Em Dũng,5
cap-type-c-supervooc-oppo-dl129?utm_flashsale=1,Cáp Type C SuperVOOC 1m OPPO DL129,Nguyễn Minh Kha,5
cap-type-c-supervooc-oppo-dl129?utm_flashsale=1,Cáp Type C SuperVOOC 1m OPPO DL129,Nguyễn Thị Hà Phương,5
cap-type-c-supervooc-oppo-dl129?utm_flashsale=1,Cáp Type C SuperVOOC 1m OPPO DL129,Lưu Anh Duy,5
cap-type-c-supervooc-oppo-dl129?utm_flashsale=1,Cáp Type C SuperVOOC 1m OPPO DL129,Anh Hậu,5
cap-type-c-supervooc-oppo-dl129?utm_flashsale=1,Cáp Type C SuperVOOC 1m OPPO DL129,Anh Tươi,5
cap-type-c-supervooc-oppo-dl129?utm_flashsale=1,Cáp Type C SuperVOOC 1m OPPO DL129,TRANG SI HOANG SON,5
cap-type-c-supervooc-oppo-dl129?utm_flashsale=1,Cáp Type C SuperVOOC 1m OPPO DL129,Anh Lộc,5
cap-type-c-supervooc-oppo-dl129?utm_flashsale=1,Cáp Type C SuperVOOC 1m OPPO DL129,TRƯƠNG HUỲNH,5
cap-type-c-supervooc-oppo-dl129?utm_flashsale=1,Cáp Type C SuperVOOC 1m OPPO DL129,Anh Lợi,5
cap-type-c-supervooc-oppo-dl129?utm_flashsale=1,Cáp Type C SuperVOOC 1m OPPO DL129,Phạm Nhung,5
cap-type-c-supervooc-oppo-dl129?utm_flashsale=1,Cáp Type C SuperVOOC 1m OPPO DL129,Anh Hưng,5
cap-type-c-supervooc-oppo-dl129?utm_flashsale=1,Cáp Type C SuperVOOC 1m OPPO DL129,Trang,5
cap-type-c-supervooc-oppo-dl129?utm_flashsale=1,Cáp Type C SuperVOOC 1m OPPO DL129,Công,4
cap-type-c-supervooc-oppo-dl129?utm_flashsale=1,Cáp Type C SuperVOOC 1m OPPO DL129,Phó Hữu Đức,5
cap-type-c-supervooc-oppo-dl129?utm_flashsale=1,Cáp Type C SuperVOOC 1m OPPO DL129,LÊ ĐĂNG KHOA,5
cap-type-c-supervooc-oppo-dl129?utm_flashsale=1,Cáp Type C SuperVOOC 1m OPPO DL129,Vu,4
cap-type-c-supervooc-oppo-dl129?utm_flashsale=1,Cáp Type C SuperVOOC 1m OPPO DL129,Hằng,5
cap-type-c-supervooc-oppo-dl129?utm_flashsale=1,Cáp Type C SuperVOOC 1m OPPO DL129,Nguyễn Thị Tú,5
cap-type-c-supervooc-oppo-dl129?utm_flashsale=1,Cáp Type C SuperVOOC 1m OPPO DL129,Quan Cẩm Thanh,5
cap-type-c-supervooc-oppo-dl129?utm_flashsale=1,Cáp Type C SuperVOOC 1m OPPO DL129,Hung,5
cap-type-c-supervooc-oppo-dl129?utm_flashsale=1,Cáp Type C SuperVOOC 1m OPPO DL129,Phùi Kiến Cường,5
cap-type-c-supervooc-oppo-dl129?utm_flashsale=1,Cáp Type C SuperVOOC 1m OPPO DL129,Lữ Phượng Tường,5
cap-type-c-supervooc-oppo-dl129?utm_flashsale=1,Cáp Type C SuperVOOC 1m OPPO DL129,Trần Thị Thuỳ Linh,4
cap-type-c-supervooc-oppo-dl129?utm_flashsale=1,Cáp Type C SuperVOOC 1m OPPO DL129,Hân,5
cap-type-c-supervooc-oppo-dl129?utm_flashsale=1,Cáp Type C SuperVOOC 1m OPPO DL129,NGUYỄN NGỌC CHUNG,5
cap-type-c-supervooc-oppo-dl129?utm_flashsale=1,Cáp Type C SuperVOOC 1m OPPO DL129,Nguyễn Bá Phúc,5
cap-type-c-supervooc-oppo-dl129?utm_flashsale=1,Cáp Type C SuperVOOC 1m OPPO DL129,Trương Văn Hướng,5
cap-type-c-supervooc-oppo-dl129?utm_flashsale=1,Cáp Type C SuperVOOC 1m OPPO DL129,Cẩm Tú,5
cap-type-c-supervooc-oppo-dl129?utm_flashsale=1,Cáp Type C SuperVOOC 1m OPPO DL129,Tài,5
cap-type-c-supervooc-oppo-dl129?utm_flashsale=1,Cáp Type C SuperVOOC 1m OPPO DL129,Thùy Dương,4
cap-type-c-supervooc-oppo-dl129?utm_flashsale=1,Cáp Type C SuperVOOC 1m OPPO DL129,Nam,5
cap-type-c-supervooc-oppo-dl129?utm_flashsale=1,Cáp Type C SuperVOOC 1m OPPO DL129,Đinh Hoàng Hải Đăng,5
cap-type-c-supervooc-oppo-dl129?utm_flashsale=1,Cáp Type C SuperVOOC 1m OPPO DL129,Hoàng Gia Điệp,5
cap-type-c-supervooc-oppo-dl129?utm_flashsale=1,Cáp Type C SuperVOOC 1m OPPO DL129,Nguyễn Chí Tâm,5
cap-type-c-supervooc-oppo-dl129?utm_flashsale=1,Cáp Type C SuperVOOC 1m OPPO DL129,Dương Hoài Phi,5
cap-type-c-supervooc-oppo-dl129?utm_flashsale=1,Cáp Type C SuperVOOC 1m OPPO DL129,Nguyễn Hoàng Long,5
cap-type-c-supervooc-oppo-dl129?utm_flashsale=1,Cáp Type C SuperVOOC 1m OPPO DL129,Em Khanh,5
cap-type-c-supervooc-oppo-dl129?utm_flashsale=1,Cáp Type C SuperVOOC 1m OPPO DL129,Anh Kiên,4
cap-type-c-supervooc-oppo-dl129?utm_flashsale=1,Cáp Type C SuperVOOC 1m OPPO DL129,Anh Thiện,5
cap-type-c-supervooc-oppo-dl129?utm_flashsale=1,Cáp Type C SuperVOOC 1m OPPO DL129,Lê Thanh Nhàn,5
cap-type-c-supervooc-oppo-dl129?utm_flashsale=1,Cáp Type C SuperVOOC 1m OPPO DL129,Anh Châu,5
cap-type-c-supervooc-oppo-dl129?utm_flashsale=1,Cáp Type C SuperVOOC 1m OPPO DL129,Dương Thị Thủy Tiên,5
cap-type-c-supervooc-oppo-dl129?utm_flashsale=1,Cáp Type C SuperVOOC 1m OPPO DL129,CAO XUAN HAU,5
cap-type-c-supervooc-oppo-dl129?utm_flashsale=1,Cáp Type C SuperVOOC 1m OPPO DL129,Nguyễn Phúc Mạnh,5
cap-type-c-supervooc-oppo-dl129?utm_flashsale=1,Cáp Type C SuperVOOC 1m OPPO DL129,94677 - Phan Thị Ánh Tuyết,5
cap-type-c-supervooc-oppo-dl129?utm_flashsale=1,Cáp Type C SuperVOOC 1m OPPO DL129,Phan Vũ Linh,5
cap-type-c-supervooc-oppo-dl129?utm_flashsale=1,Cáp Type C SuperVOOC 1m OPPO DL129,Đặng Văn Lê,5
cap-type-c-supervooc-oppo-dl129?utm_flashsale=1,Cáp Type C SuperVOOC 1m OPPO DL129,Nguyen Thi Ngoc Diem,5
cap-type-c-supervooc-oppo-dl129?utm_flashsale=1,Cáp Type C SuperVOOC 1m OPPO DL129,Chị Thu,4
adapter-sac-2-4a-hydrus-jlc-333?utm_flashsale=1,Sạc Hydrus JLC-333,Hùng,1
cap-type-c-1m-hydrus-cs-dc046?utm_flashsale=1,Cáp Type C 1m Hydrus CS-DC046,Nguyên Van Trung,1
cap-type-c-1m-hydrus-cs-dc046?utm_flashsale=1,Cáp Type C 1m Hydrus CS-DC046,Bún,5
cap-type-c-1m-hydrus-cs-dc046?utm_flashsale=1,Cáp Type C 1m Hydrus CS-DC046,Tuan,1
adapter-sac-2-cong-2-4a-hydrus-h-35?utm_flashsale=1,Sạc 2 cổng Hydrus H-35,Oanh,1
cap-lightning-1m-hydrus-cw-19?utm_flashsale=1,Cáp Lightning 1m Hydrus CW-19,Nguyễn Duy Minh,2
cap-type-c-1m-hydrus-cv-12?utm_flashsale=1,Cáp Type C 1m Hydrus CV-12,Trung,1
sac-xe-hoi-2-cong-usb-type-c-pd-qc-3-0-30w-xmobile-sn-571,Sạc xe hơi 2 cổng Xmobile SN-571,Duong Vinh,5
sac-xe-hoi-2-cong-usb-type-c-pd-qc-3-0-30w-xmobile-sn-571,Sạc xe hơi 2 cổng Xmobile SN-571,Phương,5
adapter-sac-2-cong-12w-hydrus-zc102e?utm_flashsale=1,Sạc 2 cổng Hydrus ZC102E,Bún,5
adapter-sac-2-cong-12w-hydrus-zc102e?utm_flashsale=1,Sạc 2 cổng Hydrus ZC102E,Huỳnh Phát,4
adapter-sac-usb-24a-ava-cs-tc021-trang?utm_flashsale=1,Sạc AVA+ CS-TC021,Huỳnh Chí Vĩ,5
adapter-sac-usb-24a-ava-cs-tc021-trang?utm_flashsale=1,Sạc AVA+ CS-TC021,Nguyen Truong Giang,4
adapter-sac-usb-24a-ava-cs-tc021-trang?utm_flashsale=1,Sạc AVA+ CS-TC021,Nguyễn Đỗ Đăng Khoa,5
adapter-sac-usb-24a-ava-cs-tc021-trang?utm_flashsale=1,Sạc AVA+ CS-TC021,Đào Công Hiển,5
adapter-sac-usb-24a-ava-cs-tc021-trang?utm_flashsale=1,Sạc AVA+ CS-TC021,Nguyễn Đức Hạnh,5
adapter-sac-usb-24a-ava-cs-tc021-trang?utm_flashsale=1,Sạc AVA+ CS-TC021,Nguyễn Đức Hạnh,5
adapter-sac-usb-24a-ava-cs-tc021-trang?utm_flashsale=1,Sạc AVA+ CS-TC021,Trần Văn Trung,5
adapter-sac-usb-24a-ava-cs-tc021-trang?utm_flashsale=1,Sạc AVA+ CS-TC021,Thu,4
adapter-sac-usb-24a-ava-cs-tc021-trang?utm_flashsale=1,Sạc AVA+ CS-TC021,Đỗ Hữu Hiệp,5
adapter-sac-usb-24a-ava-cs-tc021-trang?utm_flashsale=1,Sạc AVA+ CS-TC021,Nguyễn Đăng Chiến,5
adapter-sac-usb-24a-ava-cs-tc021-trang?utm_flashsale=1,Sạc AVA+ CS-TC021,Bình,5
adapter-sac-usb-24a-ava-cs-tc021-trang?utm_flashsale=1,Sạc AVA+ CS-TC021,A Quyền,3
adapter-sac-usb-24a-ava-cs-tc021-trang?utm_flashsale=1,Sạc AVA+ CS-TC021,Nguyễn Phương Bẩy,5
adapter-sac-usb-24a-ava-cs-tc021-trang?utm_flashsale=1,Sạc AVA+ CS-TC021,Trang,5
adapter-sac-usb-24a-ava-cs-tc021-trang?utm_flashsale=1,Sạc AVA+ CS-TC021,Chị Trang,5
adapter-sac-usb-24a-ava-cs-tc021-trang?utm_flashsale=1,Sạc AVA+ CS-TC021,Le Tan,5
adapter-sac-usb-24a-ava-cs-tc021-trang?utm_flashsale=1,Sạc AVA+ CS-TC021,Nguyễn Thanh Tùng,5
adapter-sac-usb-24a-ava-cs-tc021-trang?utm_flashsale=1,Sạc AVA+ CS-TC021,Nguyễn Hửu Khanh,5
adapter-sac-usb-24a-ava-cs-tc021-trang?utm_flashsale=1,Sạc AVA+ CS-TC021,Sơn,5
adapter-sac-usb-24a-ava-cs-tc021-trang?utm_flashsale=1,Sạc AVA+ CS-TC021,Lệ Văn Quang,2
adapter-sac-usb-24a-ava-cs-tc021-trang?utm_flashsale=1,Sạc AVA+ CS-TC021,Phường,5
adapter-sac-usb-24a-ava-cs-tc021-trang?utm_flashsale=1,Sạc AVA+ CS-TC021,PHẠM MINH TRƯỜNG,4
adapter-sac-usb-24a-ava-cs-tc021-trang?utm_flashsale=1,Sạc AVA+ CS-TC021,Huệ Nguyễn,5
adapter-sac-usb-24a-ava-cs-tc021-trang?utm_flashsale=1,Sạc AVA+ CS-TC021,Nguyễn Nhật Nam,4
adapter-sac-usb-24a-ava-cs-tc021-trang?utm_flashsale=1,Sạc AVA+ CS-TC021,Quỳnh,3
adapter-sac-usb-24a-ava-cs-tc021-trang?utm_flashsale=1,Sạc AVA+ CS-TC021,Phạm Tuấn Anh,5
adapter-sac-usb-24a-ava-cs-tc021-trang?utm_flashsale=1,Sạc AVA+ CS-TC021,Mai Thị Diệu Hiền,5
adapter-sac-usb-24a-ava-cs-tc021-trang?utm_flashsale=1,Sạc AVA+ CS-TC021,Anh Minh,5
adapter-sac-usb-24a-ava-cs-tc021-trang?utm_flashsale=1,Sạc AVA+ CS-TC021,Nguyễn Minh Tiến,5
adapter-sac-usb-24a-ava-cs-tc021-trang?utm_flashsale=1,Sạc AVA+ CS-TC021,Võ Minh Kha,5
adapter-sac-usb-24a-ava-cs-tc021-trang?utm_flashsale=1,Sạc AVA+ CS-TC021,Duy,4
adapter-sac-usb-24a-ava-cs-tc021-trang?utm_flashsale=1,Sạc AVA+ CS-TC021,Phạm Thanh Sang,5
adapter-sac-usb-24a-ava-cs-tc021-trang?utm_flashsale=1,Sạc AVA+ CS-TC021,Vũ Đang,1
adapter-sac-usb-24a-ava-cs-tc021-trang?utm_flashsale=1,Sạc AVA+ CS-TC021,Anh Phương,4
adapter-sac-usb-24a-ava-cs-tc021-trang?utm_flashsale=1,Sạc AVA+ CS-TC021,Chị Huyền,5
adapter-sac-usb-24a-ava-cs-tc021-trang?utm_flashsale=1,Sạc AVA+ CS-TC021,Nguyễn Ngọc Diệp,4
adapter-sac-usb-24a-ava-cs-tc021-trang?utm_flashsale=1,Sạc AVA+ CS-TC021,Nguyễn Phong Lưu,1
adapter-sac-usb-24a-ava-cs-tc021-trang?utm_flashsale=1,Sạc AVA+ CS-TC021,Tăng Minh Thảo,5
adapter-sac-usb-24a-ava-cs-tc021-trang?utm_flashsale=1,Sạc AVA+ CS-TC021,Khởi,3
adapter-sac-usb-24a-ava-cs-tc021-trang?utm_flashsale=1,Sạc AVA+ CS-TC021,Xuân,4
adapter-sac-usb-24a-ava-cs-tc021-trang?utm_flashsale=1,Sạc AVA+ CS-TC021,Điền,1
adapter-sac-usb-24a-ava-cs-tc021-trang?utm_flashsale=1,Sạc AVA+ CS-TC021,Mỹ Anh,4
adapter-sac-usb-24a-ava-cs-tc021-trang?utm_flashsale=1,Sạc AVA+ CS-TC021,Nguyễn Trần Công Huy,5
adapter-sac-usb-24a-ava-cs-tc021-trang?utm_flashsale=1,Sạc AVA+ CS-TC021,Hà Văn Khánh,5
adapter-sac-usb-24a-ava-cs-tc021-trang?utm_flashsale=1,Sạc AVA+ CS-TC021,Chị Vy,3
adapter-sac-usb-24a-ava-cs-tc021-trang?utm_flashsale=1,Sạc AVA+ CS-TC021,Trần Ngọc Phú,5
adapter-sac-usb-24a-ava-cs-tc021-trang?utm_flashsale=1,Sạc AVA+ CS-TC021,Gia Ly,4
adapter-sac-usb-24a-ava-cs-tc021-trang?utm_flashsale=1,Sạc AVA+ CS-TC021,Chú Quý,4
adapter-sac-usb-24a-ava-cs-tc021-trang?utm_flashsale=1,Sạc AVA+ CS-TC021,Anh Khương,5
adapter-sac-usb-24a-ava-cs-tc021-trang?utm_flashsale=1,Sạc AVA+ CS-TC021,Chị Nhi,5
adapter-sac-usb-24a-ava-cs-tc021-trang?utm_flashsale=1,Sạc AVA+ CS-TC021,Bàn Thanh Bình,4
adapter-sac-usb-24a-ava-cs-tc021-trang?utm_flashsale=1,Sạc AVA+ CS-TC021,Phát,5
adapter-sac-usb-24a-ava-cs-tc021-trang?utm_flashsale=1,Sạc AVA+ CS-TC021,Tiệp,1
adapter-sac-usb-24a-ava-cs-tc021-trang?utm_flashsale=1,Sạc AVA+ CS-TC021,Minh,4
adapter-sac-usb-24a-ava-cs-tc021-trang?utm_flashsale=1,Sạc AVA+ CS-TC021,Thảo,5
adapter-sac-usb-24a-ava-cs-tc021-trang?utm_flashsale=1,Sạc AVA+ CS-TC021,Bùi Đức Chung,5
adapter-sac-usb-24a-ava-cs-tc021-trang?utm_flashsale=1,Sạc AVA+ CS-TC021,Hải,4
adapter-sac-usb-24a-ava-cs-tc021-trang?utm_flashsale=1,Sạc AVA+ CS-TC021,Chị Thắm,5
adapter-sac-usb-24a-ava-cs-tc021-trang?utm_flashsale=1,Sạc AVA+ CS-TC021,Anh Me,4
adapter-sac-usb-24a-ava-cs-tc021-trang?utm_flashsale=1,Sạc AVA+ CS-TC021,Hải,5
adapter-sac-usb-24a-ava-cs-tc021-trang?utm_flashsale=1,Sạc AVA+ CS-TC021,Điền,1
adapter-sac-usb-24a-ava-cs-tc021-trang?utm_flashsale=1,Sạc AVA+ CS-TC021,Mỹ Anh,4
adapter-sac-usb-24a-ava-cs-tc021-trang?utm_flashsale=1,Sạc AVA+ CS-TC021,Nguyễn Trần Công Huy,5
adapter-sac-usb-24a-ava-cs-tc021-trang?utm_flashsale=1,Sạc AVA+ CS-TC021,Hà Văn Khánh,5
adapter-sac-usb-24a-ava-cs-tc021-trang?utm_flashsale=1,Sạc AVA+ CS-TC021,Chị Vy,3
adapter-sac-usb-24a-ava-cs-tc021-trang?utm_flashsale=1,Sạc AVA+ CS-TC021,Trần Ngọc Phú,5
adapter-sac-usb-24a-ava-cs-tc021-trang?utm_flashsale=1,Sạc AVA+ CS-TC021,Gia Ly,4
adapter-sac-usb-24a-ava-cs-tc021-trang?utm_flashsale=1,Sạc AVA+ CS-TC021,Chú Quý,4
adapter-sac-usb-24a-ava-cs-tc021-trang?utm_flashsale=1,Sạc AVA+ CS-TC021,Anh Khương,5
adapter-sac-usb-24a-ava-cs-tc021-trang?utm_flashsale=1,Sạc AVA+ CS-TC021,Chị Nhi,5
adapter-sac-usb-24a-ava-cs-tc021-trang?utm_flashsale=1,Sạc AVA+ CS-TC021,Bàn Thanh Bình,4
adapter-sac-usb-24a-ava-cs-tc021-trang?utm_flashsale=1,Sạc AVA+ CS-TC021,Phát,5
adapter-sac-usb-24a-ava-cs-tc021-trang?utm_flashsale=1,Sạc AVA+ CS-TC021,Tiệp,1
adapter-sac-usb-24a-ava-cs-tc021-trang?utm_flashsale=1,Sạc AVA+ CS-TC021,Minh,4
adapter-sac-usb-24a-ava-cs-tc021-trang?utm_flashsale=1,Sạc AVA+ CS-TC021,Thảo,5
adapter-sac-usb-24a-ava-cs-tc021-trang?utm_flashsale=1,Sạc AVA+ CS-TC021,Bùi Đức Chung,5
adapter-sac-usb-24a-ava-cs-tc021-trang?utm_flashsale=1,Sạc AVA+ CS-TC021,Hải,4
adapter-sac-usb-24a-ava-cs-tc021-trang?utm_flashsale=1,Sạc AVA+ CS-TC021,Chị Thắm,5
adapter-sac-usb-24a-ava-cs-tc021-trang?utm_flashsale=1,Sạc AVA+ CS-TC021,Anh Me,4
adapter-sac-usb-24a-ava-cs-tc021-trang?utm_flashsale=1,Sạc AVA+ CS-TC021,Hải,5
adapter-sac-usb-24a-ava-cs-tc021-trang?utm_flashsale=1,Sạc AVA+ CS-TC021,Nguyễn Văn Tín,4
adapter-sac-usb-24a-ava-cs-tc021-trang?utm_flashsale=1,Sạc AVA+ CS-TC021,Anh Khánh,5
adapter-sac-usb-24a-ava-cs-tc021-trang?utm_flashsale=1,Sạc AVA+ CS-TC021,A Tuấn,4
adapter-sac-usb-24a-ava-cs-tc021-trang?utm_flashsale=1,Sạc AVA+ CS-TC021,Anh Bảo,5
adapter-sac-usb-24a-ava-cs-tc021-trang?utm_flashsale=1,Sạc AVA+ CS-TC021,Minh,4
adapter-sac-usb-24a-ava-cs-tc021-trang?utm_flashsale=1,Sạc AVA+ CS-TC021,Anh Minh,5
adapter-sac-usb-24a-ava-cs-tc021-trang?utm_flashsale=1,Sạc AVA+ CS-TC021,Dien Thanhh,5
adapter-sac-usb-24a-ava-cs-tc021-trang?utm_flashsale=1,Sạc AVA+ CS-TC021,Trần Văn Dũng,4
adapter-sac-usb-24a-ava-cs-tc021-trang?utm_flashsale=1,Sạc AVA+ CS-TC021,Nguyễn Văn Trường,5
adapter-sac-usb-24a-ava-cs-tc021-trang?utm_flashsale=1,Sạc AVA+ CS-TC021,Vũ,5
adapter-sac-usb-24a-ava-cs-tc021-trang?utm_flashsale=1,Sạc AVA+ CS-TC021,Hạnh,4
adapter-sac-usb-24a-ava-cs-tc021-trang?utm_flashsale=1,Sạc AVA+ CS-TC021,TRẦN CÀ MẠNH,5
adapter-sac-usb-24a-ava-cs-tc021-trang?utm_flashsale=1,Sạc AVA+ CS-TC021,Tùng,3
adapter-sac-usb-24a-ava-cs-tc021-trang?utm_flashsale=1,Sạc AVA+ CS-TC021,Nguyễn Vinh,5
adapter-sac-usb-24a-ava-cs-tc021-trang?utm_flashsale=1,Sạc AVA+ CS-TC021,Nguyễn Kế Hòa,5
adapter-sac-usb-24a-ava-cs-tc021-trang?utm_flashsale=1,Sạc AVA+ CS-TC021,Lý Văn Nguyện,4
adapter-sac-usb-24a-ava-cs-tc021-trang?utm_flashsale=1,Sạc AVA+ CS-TC021,VO THI DIEM MY,5
adapter-sac-usb-24a-ava-cs-tc021-trang?utm_flashsale=1,Sạc AVA+ CS-TC021,Nguyễn Đình An,4
adapter-sac-usb-24a-ava-cs-tc021-trang?utm_flashsale=1,Sạc AVA+ CS-TC021,Dang Van Be,1
adapter-sac-usb-24a-ava-cs-tc021-trang?utm_flashsale=1,Sạc AVA+ CS-TC021,Khang,4
adapter-sac-usb-24a-ava-cs-tc021-trang?utm_flashsale=1,Sạc AVA+ CS-TC021,Nguyễn Văn Hiền,5
adapter-sac-usb-24a-ava-cs-tc021-trang?utm_flashsale=1,Sạc AVA+ CS-TC021,Lê Biên,5
adapter-sac-usb-24a-ava-cs-tc021-trang?utm_flashsale=1,Sạc AVA+ CS-TC021,Lê Văn Tuấn,5
adapter-sac-usb-24a-ava-cs-tc021-trang?utm_flashsale=1,Sạc AVA+ CS-TC021,Anh Tuấn,5
adapter-sac-usb-24a-ava-cs-tc021-trang?utm_flashsale=1,Sạc AVA+ CS-TC021,Anh Chung,3
adapter-sac-usb-24a-ava-cs-tc021-trang?utm_flashsale=1,Sạc AVA+ CS-TC021,NGUYỄN THỊ NHUNG,5
adapter-sac-usb-24a-ava-cs-tc021-trang?utm_flashsale=1,Sạc AVA+ CS-TC021,PHẠM THỊ KIM CHI,5
adapter-sac-usb-24a-ava-cs-tc021-trang?utm_flashsale=1,Sạc AVA+ CS-TC021,Phan Tấn Lộc,4
adapter-sac-usb-24a-ava-cs-tc021-trang?utm_flashsale=1,Sạc AVA+ CS-TC021,Chị Lộc,5
