id_product,name_product,username,rating
tai-nghe-bluetooth-chup-tai-jbl-tune-670nc,Tai nghe Chụp Tai JBL Tune 670NC,Đặng Công Danh,5
tai-nghe-bluetooth-chup-tai-sony-wh1000xm5,Tai nghe Chụp Tai Sony WH1000XM5,Khoa,5
tai-nghe-co-day-ep-ava-livebass-e1,Tai nghe Dây AVA+ LiveBass E1,Trần Minh Tú,2
tai-nghe-co-day-ep-ava-livebass-e1,Tai nghe Dây AVA+ LiveBass E1,Quynh,3
tai-nghe-co-day-ep-ava-livebass-e1,Tai nghe Dây AVA+ LiveBass E1,Cảnh,1
tai-nghe-co-day-ep-ava-livebass-e1,Tai nghe Dây AVA+ LiveBass E1,Hoàng Văn Minh,2
tai-nghe-co-day-ep-ava-livebass-e1,Tai nghe Dây AVA+ LiveBass E1,Nguyễn Hiếu,2
tai-nghe-co-day-ep-ava-livebass-e1,Tai nghe Dây AVA+ LiveBass E1,Phu,5
tai-nghe-co-day-ep-ava-livebass-e1,Tai nghe Dây AVA+ LiveBass E1,Lợi Choành,5
tai-nghe-co-day-ep-ava-livebass-e1,Tai nghe Dây AVA+ LiveBass E1,Nguyễn Trọng Nguyên,5
tai-nghe-co-day-ep-ava-livebass-e1,Tai nghe Dây AVA+ LiveBass E1,Lê Thị Thu Uyên,5
tai-nghe-co-day-ep-ava-livebass-e1,Tai nghe Dây AVA+ LiveBass E1,Điền,3
tai-nghe-co-day-ep-ava-livebass-e1,Tai nghe Dây AVA+ LiveBass E1,Nguyễn Thị Thuý Ngân,5
tai-nghe-co-day-ep-ava-livebass-e1,Tai nghe Dây AVA+ LiveBass E1,Định Trần,3
tai-nghe-co-day-ep-ava-livebass-e1,Tai nghe Dây AVA+ LiveBass E1,Trương Quang Trí,3
tai-nghe-co-day-ep-ava-livebass-e1,Tai nghe Dây AVA+ LiveBass E1,TRẦN THANH THU NGUYỄN,5
tai-nghe-co-day-ep-ava-livebass-e1,Tai nghe Dây AVA+ LiveBass E1,Toàn Nguyễn,5
tai-nghe-co-day-ep-ava-livebass-e1,Tai nghe Dây AVA+ LiveBass E1,Võ Ngọc Minh Thư,4
tai-nghe-co-day-jbl-c200-siu,Tai nghe Dây JBL C200 SIU,Huy,1
tai-nghe-co-day-jbl-c200-siu,Tai nghe Dây JBL C200 SIU,Nhân,5
tai-nghe-co-day-jbl-c200-siu,Tai nghe Dây JBL C200 SIU,Võ Duc Xuyên,4
tai-nghe-co-day-jbl-c200-siu,Tai nghe Dây JBL C200 SIU,Minh Đức,2
tai-nghe-co-day-jbl-c200-siu,Tai nghe Dây JBL C200 SIU,Vũ,5
tai-nghe-co-day-jbl-c200-siu,Tai nghe Dây JBL C200 SIU,Phú,1
tai-nghe-co-day-jbl-c200-siu,Tai nghe Dây JBL C200 SIU,Kha,2
tai-nghe-co-day-jbl-c200-siu,Tai nghe Dây JBL C200 SIU,Cường,5
tai-nghe-co-day-jbl-c200-siu,Tai nghe Dây JBL C200 SIU,Phuhg Le,5
tai-nghe-co-day-jbl-c200-siu,Tai nghe Dây JBL C200 SIU,Nam,2
tai-nghe-co-day-jbl-c200-siu,Tai nghe Dây JBL C200 SIU,Hoàng Vinh,5
tai-nghe-co-day-jbl-c200-siu,Tai nghe Dây JBL C200 SIU,Trọng,2
tai-nghe-co-day-jbl-c200-siu,Tai nghe Dây JBL C200 SIU,Thao Vo,5
tai-nghe-co-day-jbl-c200-siu,Tai nghe Dây JBL C200 SIU,Thiện,5
tai-nghe-co-day-jbl-c200-siu,Tai nghe Dây JBL C200 SIU,Tú,3
tai-nghe-co-day-jbl-c200-siu,Tai nghe Dây JBL C200 SIU,Minh Hiếu,5
tai-nghe-co-day-jbl-c200-siu,Tai nghe Dây JBL C200 SIU,Bùi Trần Quốc Nguyên,5
tai-nghe-co-day-jbl-c200-siu,Tai nghe Dây JBL C200 SIU,Tống Hòa Thanh Tùng,5
tai-nghe-co-day-jbl-c200-siu,Tai nghe Dây JBL C200 SIU,Hà Lưu Thanh Bình,3
tai-nghe-co-day-jbl-c200-siu,Tai nghe Dây JBL C200 SIU,Lê Văn Tiến,5
tai-nghe-co-day-jbl-c200-siu,Tai nghe Dây JBL C200 SIU,Phạm Thái Minh Trí,3
tai-nghe-co-day-jbl-c200-siu,Tai nghe Dây JBL C200 SIU,Phu,5
tai-nghe-co-day-jbl-c200-siu,Tai nghe Dây JBL C200 SIU,Ngô Tuấn Kiệt,5
tai-nghe-co-day-jbl-c200-siu,Tai nghe Dây JBL C200 SIU,Khoa,2
tai-nghe-co-day-jbl-c200-siu,Tai nghe Dây JBL C200 SIU,Phạm Duy,4
tai-nghe-co-day-jbl-c200-siu,Tai nghe Dây JBL C200 SIU,Huỳnh Nhựt Linh,4
tai-nghe-co-day-jbl-c200-siu,Tai nghe Dây JBL C200 SIU,Anh Trung,5
tai-nghe-co-day-jbl-c200-siu,Tai nghe Dây JBL C200 SIU,Anh Thi,4
tai-nghe-co-day-jbl-c200-siu,Tai nghe Dây JBL C200 SIU,HUYNH VAN TIEN,5
tai-nghe-co-day-jbl-c200-siu,Tai nghe Dây JBL C200 SIU,Nguyễn Văn Duy,5
tai-nghe-co-day-jbl-c200-siu,Tai nghe Dây JBL C200 SIU,Huỳnh Hữu Lợi,5
tai-nghe-co-day-jbl-c200-siu,Tai nghe Dây JBL C200 SIU,Nguyễn Thắng,3
tai-nghe-co-day-jbl-c200-siu,Tai nghe Dây JBL C200 SIU,Lê Tuấn,4
tai-nghe-co-day-jbl-c200-siu,Tai nghe Dây JBL C200 SIU,Mẫn,5
tai-nghe-co-day-jbl-c200-siu,Tai nghe Dây JBL C200 SIU,Minh,5
tai-nghe-co-day-jbl-c200-siu,Tai nghe Dây JBL C200 SIU,Phạm Anh Quân,5
tai-nghe-co-day-jbl-c200-siu,Tai nghe Dây JBL C200 SIU,Phạm Sỹ Cường,4
tai-nghe-co-day-jbl-c200-siu,Tai nghe Dây JBL C200 SIU,Bảo,4
tai-nghe-co-day-jbl-c200-siu,Tai nghe Dây JBL C200 SIU,Nguyễn Thị Minh Thư,4
tai-nghe-co-day-jbl-c200-siu,Tai nghe Dây JBL C200 SIU,Cầu,5
tai-nghe-co-day-jbl-c200-siu,Tai nghe Dây JBL C200 SIU,Nguyễn Thanh Toan,5
tai-nghe-co-day-jbl-c200-siu,Tai nghe Dây JBL C200 SIU,Lan,5
tai-nghe-co-day-jbl-c200-siu,Tai nghe Dây JBL C200 SIU,Nguyễn Hoài Nam,5
tai-nghe-co-day-jbl-c200-siu,Tai nghe Dây JBL C200 SIU,Đào Dương,5
tai-nghe-co-day-jbl-c200-siu,Tai nghe Dây JBL C200 SIU,Lê Quang Nam,4
tai-nghe-co-day-jbl-c200-siu,Tai nghe Dây JBL C200 SIU,Tân,4
tai-nghe-co-day-jbl-c200-siu,Tai nghe Dây JBL C200 SIU,Nam,4
tai-nghe-co-day-jbl-c200-siu,Tai nghe Dây JBL C200 SIU,Đinh Bá Hiển,3
tai-nghe-co-day-jbl-c200-siu,Tai nghe Dây JBL C200 SIU,Thu Diệu,4
tai-nghe-co-day-jbl-c200-siu,Tai nghe Dây JBL C200 SIU,HUYNH MINH HIEN,5
tai-nghe-co-day-jbl-c200-siu,Tai nghe Dây JBL C200 SIU,Hải,4
tai-nghe-co-day-jbl-c200-siu,Tai nghe Dây JBL C200 SIU,Phước,5
tai-nghe-co-day-jbl-c200-siu,Tai nghe Dây JBL C200 SIU,Nguyễn Thanh Trúc,5
tai-nghe-co-day-jbl-c200-siu,Tai nghe Dây JBL C200 SIU,Nguyễn Song Tới,5
tai-nghe-co-day-jbl-c200-siu,Tai nghe Dây JBL C200 SIU,Nguyễn Đắc Vũ,5
tai-nghe-co-day-jbl-c200-siu,Tai nghe Dây JBL C200 SIU,Anh Đạt,4
tai-nghe-co-day-jbl-c200-siu,Tai nghe Dây JBL C200 SIU,Đặng Văn Hà,4
tai-nghe-co-day-jbl-c200-siu,Tai nghe Dây JBL C200 SIU,Phan Nguyễn Minh Đạt,5
tai-nghe-co-day-jbl-c200-siu,Tai nghe Dây JBL C200 SIU,Châu Thị Huyền Chi,5
tai-nghe-co-day-jbl-c200-siu,Tai nghe Dây JBL C200 SIU,Hoàng Nhật Nam,5
tai-nghe-co-day-jbl-c200-siu,Tai nghe Dây JBL C200 SIU,Lĩnh,5
tai-nghe-co-day-jbl-c200-siu,Tai nghe Dây JBL C200 SIU,Trường,4
tai-nghe-co-day-jbl-c200-siu,Tai nghe Dây JBL C200 SIU,Em Long,5
tai-nghe-co-day-jbl-c200-siu,Tai nghe Dây JBL C200 SIU,Mỹ Châu,4
tai-nghe-co-day-jbl-c200-siu,Tai nghe Dây JBL C200 SIU,Nguyễn Quốc Thái,4
tai-nghe-co-day-jbl-c200-siu,Tai nghe Dây JBL C200 SIU,NGUYỄN TIẾN SANG,4
tai-nghe-co-day-ep-ava-pc-25?utm_flashsale=1,Tai nghe Dây AVA+ PC-25,Vinh,5
tai-nghe-co-day-ep-ava-pc-25?utm_flashsale=1,Tai nghe Dây AVA+ PC-25,Thanhnam,5
tai-nghe-co-day-ep-ava-pc-25?utm_flashsale=1,Tai nghe Dây AVA+ PC-25,Thu Thủy,3
tai-nghe-co-day-ep-ava-pc-25?utm_flashsale=1,Tai nghe Dây AVA+ PC-25,A Thanh,5
tai-nghe-co-day-ep-ava-pc-25?utm_flashsale=1,Tai nghe Dây AVA+ PC-25,Trung,4
tai-nghe-co-day-ep-ava-pc-25?utm_flashsale=1,Tai nghe Dây AVA+ PC-25,Cuonghhh,5
tai-nghe-co-day-ep-ava-pc-25?utm_flashsale=1,Tai nghe Dây AVA+ PC-25,Uyên,2
tai-nghe-co-day-ep-ava-pc-25?utm_flashsale=1,Tai nghe Dây AVA+ PC-25,Thái,1
tai-nghe-co-day-ep-ava-pc-25?utm_flashsale=1,Tai nghe Dây AVA+ PC-25,Nguyễn Bá Công Hầu,5
tai-nghe-co-day-ep-ava-pc-25?utm_flashsale=1,Tai nghe Dây AVA+ PC-25,Lê Hồng Hảo,5
tai-nghe-co-day-ep-ava-pc-25?utm_flashsale=1,Tai nghe Dây AVA+ PC-25,Thanh Tuyền,4
tai-nghe-co-day-ep-ava-pc-25?utm_flashsale=1,Tai nghe Dây AVA+ PC-25,Nguyễn Viêt Anh,5
tai-nghe-co-day-ep-ava-pc-25?utm_flashsale=1,Tai nghe Dây AVA+ PC-25,Phan Thanh Hát,4
tai-nghe-co-day-ep-ava-pc-25?utm_flashsale=1,Tai nghe Dây AVA+ PC-25,SIU BIN,5
tai-nghe-co-day-ep-ava-pc-25?utm_flashsale=1,Tai nghe Dây AVA+ PC-25,Thanh Trúc,5
tai-nghe-co-day-ep-ava-pc-25?utm_flashsale=1,Tai nghe Dây AVA+ PC-25,Ma Văn Huy,5
tai-nghe-co-day-ep-ava-pc-25?utm_flashsale=1,Tai nghe Dây AVA+ PC-25,Lăng Ngô Minh Hưng,5
tai-nghe-co-day-ep-ava-pc-25?utm_flashsale=1,Tai nghe Dây AVA+ PC-25,Lê Thành Đạt,4
tai-nghe-co-day-ep-ava-pc-25?utm_flashsale=1,Tai nghe Dây AVA+ PC-25,Dau,5
tai-nghe-co-day-ep-ava-pc-25?utm_flashsale=1,Tai nghe Dây AVA+ PC-25,Trần Thị Minh Hương,5
tai-nghe-co-day-ep-ava-pc-25?utm_flashsale=1,Tai nghe Dây AVA+ PC-25,Võ Văn Lẹ,5
tai-nghe-co-day-ep-ava-pc-25?utm_flashsale=1,Tai nghe Dây AVA+ PC-25,ĐỖ HOÀNG LÂM,4
tai-nghe-co-day-ep-ava-pc-25?utm_flashsale=1,Tai nghe Dây AVA+ PC-25,Việt Chung,4
tai-nghe-co-day-ep-ava-pc-25?utm_flashsale=1,Tai nghe Dây AVA+ PC-25,Trần Huỳnh Ngọc Thuận,5
tai-nghe-co-day-ep-ava-pc-25?utm_flashsale=1,Tai nghe Dây AVA+ PC-25,Việt Chung,3
tai-nghe-co-day-ep-ava-pc-25?utm_flashsale=1,Tai nghe Dây AVA+ PC-25,Thanh Tuyền,4
tai-nghe-co-day-ep-ava-pc-25?utm_flashsale=1,Tai nghe Dây AVA+ PC-25,Vuong Thi Ngoc Thanh,4
tai-nghe-co-day-ep-ava-pc-25?utm_flashsale=1,Tai nghe Dây AVA+ PC-25,Ngô Văn Dũng,5
tai-nghe-ep-oppo-mh135,Tai nghe Dây OPPO MH135,Đỗ Xuân Minh,4
tai-nghe-ep-oppo-mh135,Tai nghe Dây OPPO MH135,Nguyen Nguyen,3
tai-nghe-ep-oppo-mh135,Tai nghe Dây OPPO MH135,Đ V Hít,4
tai-nghe-ep-oppo-mh135,Tai nghe Dây OPPO MH135,Nguyên Văn Thành,5
tai-nghe-ep-oppo-mh135,Tai nghe Dây OPPO MH135,Nguyễn Trung Hiếu,5
tai-nghe-ep-oppo-mh135,Tai nghe Dây OPPO MH135,Phạm Văn Qúy,5
tai-nghe-ep-oppo-mh135,Tai nghe Dây OPPO MH135,NGUYỄN VIỆT NHÂN,4
tai-nghe-co-day-ep-type-c-xiaomi,Tai nghe Dây Type C Xiaomi,Trần Vĩnh Lộc,2
tai-nghe-co-day-ep-type-c-xiaomi,Tai nghe Dây Type C Xiaomi,Sỹ,1
tai-nghe-co-day-ep-type-c-xiaomi,Tai nghe Dây Type C Xiaomi,Nguyễn Quốc Khang,5
tai-nghe-co-day-ep-type-c-xiaomi,Tai nghe Dây Type C Xiaomi,Huân,5
tai-nghe-co-day-ep-type-c-xiaomi,Tai nghe Dây Type C Xiaomi,Nguyễn Ngọc Sơn,5
tai-nghe-co-day-ep-type-c-xiaomi,Tai nghe Dây Type C Xiaomi,Hoàng Văn Tuấn,4
tai-nghe-co-day-ep-type-c-xiaomi,Tai nghe Dây Type C Xiaomi,Nguyễn Ngọc Tú,5
tai-nghe-co-day-ep-type-c-xiaomi,Tai nghe Dây Type C Xiaomi,Vương,5
tai-nghe-co-day-ep-type-c-xiaomi,Tai nghe Dây Type C Xiaomi,Dương Quốc Minh,4
tai-nghe-co-day-ep-type-c-xiaomi,Tai nghe Dây Type C Xiaomi,Thiện,5
tai-nghe-ep-type-c-ava-livebass-e2,Tai nghe Dây Type C AVA+ LiveBass E2,Hiếu,1
tai-nghe-day-ep-type-c-ava-livebass-e4,Tai nghe Dây Type C AVA+ LiveBass E4,Nguyễn Ngọc Việt,3
tai-nghe-earpods-cong-lightning-apple-mmtn2,Tai nghe Dây Apple MMTN2,Hậu Lê,5
tai-nghe-earpods-cong-lightning-apple-mmtn2,Tai nghe Dây Apple MMTN2,Duong Trà Quynh Anh,4
tai-nghe-earpods-cong-lightning-apple-mmtn2,Tai nghe Dây Apple MMTN2,Mai Quí Anh,3
tai-nghe-earpods-cong-lightning-apple-mmtn2,Tai nghe Dây Apple MMTN2,Lê Sơn,5
tai-nghe-earpods-cong-lightning-apple-mmtn2,Tai nghe Dây Apple MMTN2,Nguyễn Trọng Tài,5
tai-nghe-earpods-cong-lightning-apple-mmtn2,Tai nghe Dây Apple MMTN2,Thuận,5
tai-nghe-earpods-cong-lightning-apple-mmtn2,Tai nghe Dây Apple MMTN2,Đỗ Văn Phụng,5
tai-nghe-earpods-cong-lightning-apple-mmtn2,Tai nghe Dây Apple MMTN2,Đoàn Minh Tú,3
tai-nghe-earpods-cong-lightning-apple-mmtn2,Tai nghe Dây Apple MMTN2,Hoàng,5
tai-nghe-earpods-cong-lightning-apple-mmtn2,Tai nghe Dây Apple MMTN2,Le Quoc Thai,4
tai-nghe-earpods-cong-lightning-apple-mmtn2,Tai nghe Dây Apple MMTN2,Chị An,4
tai-nghe-earpods-cong-lightning-apple-mmtn2,Tai nghe Dây Apple MMTN2,Thành,2
tai-nghe-earpods-cong-lightning-apple-mmtn2,Tai nghe Dây Apple MMTN2,Kim,1
tai-nghe-earpods-cong-lightning-apple-mmtn2,Tai nghe Dây Apple MMTN2,Anh Thắng,5
tai-nghe-earpods-cong-lightning-apple-mmtn2,Tai nghe Dây Apple MMTN2,Võ Đức,5
tai-nghe-earpods-cong-lightning-apple-mmtn2,Tai nghe Dây Apple MMTN2,Tâm,5
tai-nghe-earpods-cong-lightning-apple-mmtn2,Tai nghe Dây Apple MMTN2,Của,4
tai-nghe-earpods-cong-lightning-apple-mmtn2,Tai nghe Dây Apple MMTN2,Đặng Trung Đức,5
tai-nghe-earpods-cong-lightning-apple-mmtn2,Tai nghe Dây Apple MMTN2,Lệ Thị Thu Thảo,5
tai-nghe-earpods-cong-lightning-apple-mmtn2,Tai nghe Dây Apple MMTN2,Anh Hoàn,5
tai-nghe-earpods-cong-lightning-apple-mmtn2,Tai nghe Dây Apple MMTN2,Cô Hồng,5
tai-nghe-earpods-cong-lightning-apple-mmtn2,Tai nghe Dây Apple MMTN2,Chúng,4
tai-nghe-earpods-cong-lightning-apple-mmtn2,Tai nghe Dây Apple MMTN2,Nguyễn Quốc Việt,5
tai-nghe-earpods-cong-lightning-apple-mmtn2,Tai nghe Dây Apple MMTN2,Quân Mobile,5
tai-nghe-earpods-cong-lightning-apple-mmtn2,Tai nghe Dây Apple MMTN2,Nguyễn Đức Trung,5
tai-nghe-earpods-cong-lightning-apple-mmtn2,Tai nghe Dây Apple MMTN2,HUY,5
tai-nghe-earpods-cong-lightning-apple-mmtn2,Tai nghe Dây Apple MMTN2,Anh Tuyển,5
tai-nghe-earpods-cong-lightning-apple-mmtn2,Tai nghe Dây Apple MMTN2,Nguyễn Thanh Phước,5
tai-nghe-earpods-cong-lightning-apple-mmtn2,Tai nghe Dây Apple MMTN2,Nguyễn Duy Hưng,4
tai-nghe-earpods-cong-lightning-apple-mmtn2,Tai nghe Dây Apple MMTN2,Lê Mến,5
tai-nghe-earpods-cong-lightning-apple-mmtn2,Tai nghe Dây Apple MMTN2,Trương Công Thắng,5
tai-nghe-earpods-cong-lightning-apple-mmtn2,Tai nghe Dây Apple MMTN2,Tâm,4
tai-nghe-earpods-cong-lightning-apple-mmtn2,Tai nghe Dây Apple MMTN2,Anh Tú,5
tai-nghe-earpods-cong-lightning-apple-mmtn2,Tai nghe Dây Apple MMTN2,Anh Phong,5
tai-nghe-earpods-cong-lightning-apple-mmtn2,Tai nghe Dây Apple MMTN2,Trần Hoang Vũ,1
tai-nghe-earpods-cong-lightning-apple-mmtn2,Tai nghe Dây Apple MMTN2,Phúc,5
tai-nghe-earpods-cong-lightning-apple-mmtn2,Tai nghe Dây Apple MMTN2,Lê Văn Quân,5
tai-nghe-earpods-cong-lightning-apple-mmtn2,Tai nghe Dây Apple MMTN2,Dũng,1
tai-nghe-earpods-cong-lightning-apple-mmtn2,Tai nghe Dây Apple MMTN2,Bạc Cầm Lâm,2
tai-nghe-earpods-cong-lightning-apple-mmtn2,Tai nghe Dây Apple MMTN2,Thảo,5
tai-nghe-earpods-cong-lightning-apple-mmtn2,Tai nghe Dây Apple MMTN2,Cô Hồng,5
tai-nghe-earpods-cong-lightning-apple-mmtn2,Tai nghe Dây Apple MMTN2,Chúng,4
tai-nghe-earpods-cong-lightning-apple-mmtn2,Tai nghe Dây Apple MMTN2,Nguyễn Quốc Việt,5
tai-nghe-earpods-cong-lightning-apple-mmtn2,Tai nghe Dây Apple MMTN2,Quân Mobile,5
tai-nghe-earpods-cong-lightning-apple-mmtn2,Tai nghe Dây Apple MMTN2,Nguyễn Đức Trung,5
tai-nghe-earpods-cong-lightning-apple-mmtn2,Tai nghe Dây Apple MMTN2,HUY,5
tai-nghe-earpods-cong-lightning-apple-mmtn2,Tai nghe Dây Apple MMTN2,Anh Tuyển,5
tai-nghe-earpods-cong-lightning-apple-mmtn2,Tai nghe Dây Apple MMTN2,Nguyễn Thanh Phước,5
tai-nghe-earpods-cong-lightning-apple-mmtn2,Tai nghe Dây Apple MMTN2,Nguyễn Duy Hưng,4
tai-nghe-earpods-cong-lightning-apple-mmtn2,Tai nghe Dây Apple MMTN2,Lê Mến,5
tai-nghe-earpods-cong-lightning-apple-mmtn2,Tai nghe Dây Apple MMTN2,Trương Công Thắng,5
tai-nghe-earpods-cong-lightning-apple-mmtn2,Tai nghe Dây Apple MMTN2,Tâm,4
tai-nghe-earpods-cong-lightning-apple-mmtn2,Tai nghe Dây Apple MMTN2,Anh Tú,5
tai-nghe-earpods-cong-lightning-apple-mmtn2,Tai nghe Dây Apple MMTN2,Anh Phong,5
tai-nghe-earpods-cong-lightning-apple-mmtn2,Tai nghe Dây Apple MMTN2,Trần Hoang Vũ,1
tai-nghe-earpods-cong-lightning-apple-mmtn2,Tai nghe Dây Apple MMTN2,Cô Ngoc,4
tai-nghe-earpods-cong-lightning-apple-mmtn2,Tai nghe Dây Apple MMTN2,Anh Hùng,4
tai-nghe-earpods-cong-lightning-apple-mmtn2,Tai nghe Dây Apple MMTN2,Thu Hiền,5
tai-nghe-earpods-cong-lightning-apple-mmtn2,Tai nghe Dây Apple MMTN2,Lê Hoà,4
tai-nghe-earpods-cong-lightning-apple-mmtn2,Tai nghe Dây Apple MMTN2,Phạm Thành Phúc,5
tai-nghe-earpods-cong-lightning-apple-mmtn2,Tai nghe Dây Apple MMTN2,Dương Sỹ Kha,5
tai-nghe-earpods-cong-lightning-apple-mmtn2,Tai nghe Dây Apple MMTN2,Huy,5
tai-nghe-earpods-cong-lightning-apple-mmtn2,Tai nghe Dây Apple MMTN2,Vũ Hùng Dũng,5
tai-nghe-earpods-cong-lightning-apple-mmtn2,Tai nghe Dây Apple MMTN2,Trần Văn Tú,5
tai-nghe-earpods-cong-lightning-apple-mmtn2,Tai nghe Dây Apple MMTN2,VO NGUYEN CHUONG,5
tai-nghe-earpods-cong-lightning-apple-mmtn2,Tai nghe Dây Apple MMTN2,Le Chi Cong,4
tai-nghe-earpods-cong-lightning-apple-mmtn2,Tai nghe Dây Apple MMTN2,Anh Lâm,4
tai-nghe-earpods-cong-lightning-apple-mmtn2,Tai nghe Dây Apple MMTN2,Nguyễn Hùng,5
tai-nghe-earpods-cong-lightning-apple-mmtn2,Tai nghe Dây Apple MMTN2,Hắc Ngọc Hoàng,5
tai-nghe-earpods-cong-lightning-apple-mmtn2,Tai nghe Dây Apple MMTN2,Nguyễn Đức Lâp,4
tai-nghe-earpods-cong-lightning-apple-mmtn2,Tai nghe Dây Apple MMTN2,Kiều,2
tai-nghe-earpods-cong-lightning-apple-mmtn2,Tai nghe Dây Apple MMTN2,Chị Mai,4
tai-nghe-earpods-cong-lightning-apple-mmtn2,Tai nghe Dây Apple MMTN2,Nguyễn Văn Khôi,5
tai-nghe-earpods-cong-lightning-apple-mmtn2,Tai nghe Dây Apple MMTN2,Giàng A Dinh,5
tai-nghe-earpods-cong-lightning-apple-mmtn2,Tai nghe Dây Apple MMTN2,Anh Thế Anh,4
tai-nghe-earpods-cong-lightning-apple-mmtn2,Tai nghe Dây Apple MMTN2,Chú Tiến,5
tai-nghe-earpods-cong-lightning-apple-mmtn2,Tai nghe Dây Apple MMTN2,Anh Tường,4
tai-nghe-earpods-cong-lightning-apple-mmtn2,Tai nghe Dây Apple MMTN2,Nguyễn Thành Phương,4
tai-nghe-earpods-cong-lightning-apple-mmtn2,Tai nghe Dây Apple MMTN2,Đức,5
tai-nghe-earpods-cong-lightning-apple-mmtn2,Tai nghe Dây Apple MMTN2,Tran Duy,1
tai-nghe-earpods-cong-lightning-apple-mmtn2,Tai nghe Dây Apple MMTN2,Thanh,5
tai-nghe-earpods-cong-lightning-apple-mmtn2,Tai nghe Dây Apple MMTN2,Sơn,5
tai-nghe-earpods-cong-lightning-apple-mmtn2,Tai nghe Dây Apple MMTN2,Anh Đoàn,5
tai-nghe-earpods-cong-lightning-apple-mmtn2,Tai nghe Dây Apple MMTN2,Trần Nam Thành,5
tai-nghe-earpods-cong-lightning-apple-mmtn2,Tai nghe Dây Apple MMTN2,Nguyễn Văn Thái,5
tai-nghe-earpods-cong-lightning-apple-mmtn2,Tai nghe Dây Apple MMTN2,Chị Mai,2
tai-nghe-earpods-cong-lightning-apple-mmtn2,Tai nghe Dây Apple MMTN2,Phan Phước Phong,5
tai-nghe-earpods-cong-lightning-apple-mmtn2,Tai nghe Dây Apple MMTN2,Sơn Nguyễn,5
tai-nghe-earpods-cong-lightning-apple-mmtn2,Tai nghe Dây Apple MMTN2,Trịnh Đình Công,5
tai-nghe-earpods-cong-lightning-apple-mmtn2,Tai nghe Dây Apple MMTN2,Luân,5
tai-nghe-earpods-cong-lightning-apple-mmtn2,Tai nghe Dây Apple MMTN2,Nam,5
tai-nghe-earpods-cong-lightning-apple-mmtn2,Tai nghe Dây Apple MMTN2,Hương,5
tai-nghe-earpods-cong-lightning-apple-mmtn2,Tai nghe Dây Apple MMTN2,Nguyễn Xuân Trình,4
tai-nghe-earpods-cong-lightning-apple-mmtn2,Tai nghe Dây Apple MMTN2,Nguyễn Tuyết Nhung,5
tai-nghe-earpods-cong-lightning-apple-mmtn2,Tai nghe Dây Apple MMTN2,Nguyên,5
tai-nghe-earpods-cong-lightning-apple-mmtn2,Tai nghe Dây Apple MMTN2,Doãn Thái Khả Hưng,5
tai-nghe-earpods-cong-lightning-apple-mmtn2,Tai nghe Dây Apple MMTN2,Chú Nhân,5
tai-nghe-earpods-cong-lightning-apple-mmtn2,Tai nghe Dây Apple MMTN2,Chị Hiệp,4
tai-nghe-earpods-cong-lightning-apple-mmtn2,Tai nghe Dây Apple MMTN2,Lý Quốc Đạt,5
tai-nghe-earpods-cong-lightning-apple-mmtn2,Tai nghe Dây Apple MMTN2,Lê Vy,5
tai-nghe-earpods-cong-lightning-apple-mmtn2,Tai nghe Dây Apple MMTN2,Quý,4
tai-nghe-earpods-cong-lightning-apple-mmtn2,Tai nghe Dây Apple MMTN2,Tran Ngoc Thảo,4
tai-nghe-earpods-cong-lightning-apple-mmtn2,Tai nghe Dây Apple MMTN2,Thư,5
tai-nghe-earpods-cong-lightning-apple-mmtn2,Tai nghe Dây Apple MMTN2,Huyền,5
tai-nghe-earpods-cong-lightning-apple-mmtn2,Tai nghe Dây Apple MMTN2,Kim,5
tai-nghe-earpods-cong-lightning-apple-mmtn2,Tai nghe Dây Apple MMTN2,Thu Trang,5
tai-nghe-earpods-cong-lightning-apple-mmtn2,Tai nghe Dây Apple MMTN2,Thích Tục Điền,5
tai-nghe-earpods-cong-lightning-apple-mmtn2,Tai nghe Dây Apple MMTN2,Hoàng Đại Nam,5
tai-nghe-earpods-cong-lightning-apple-mmtn2,Tai nghe Dây Apple MMTN2,Anh Trưởng,5
tai-nghe-earpods-cong-lightning-apple-mmtn2,Tai nghe Dây Apple MMTN2,Đinh Thị Phương Dung,5
tai-nghe-earpods-cong-lightning-apple-mmtn2,Tai nghe Dây Apple MMTN2,Bùi Vân Quỳnh,5
tai-nghe-earpods-cong-lightning-apple-mmtn2,Tai nghe Dây Apple MMTN2,Chú Bình,4
tai-nghe-earpods-cong-lightning-apple-mmtn2,Tai nghe Dây Apple MMTN2,Phạm Thị Mỹ Huệ,5
tai-nghe-earpods-cong-lightning-apple-mmtn2,Tai nghe Dây Apple MMTN2,Mai,5
tai-nghe-earpods-cong-lightning-apple-mmtn2,Tai nghe Dây Apple MMTN2,Trần Thị Cẩm Nguyên,5
tai-nghe-earpods-cong-lightning-apple-mmtn2,Tai nghe Dây Apple MMTN2,Anh Dũng,5
tai-nghe-earpods-cong-lightning-apple-mmtn2,Tai nghe Dây Apple MMTN2,Trần Võ Phương Trúc,4
tai-nghe-earpods-cong-lightning-apple-mmtn2,Tai nghe Dây Apple MMTN2,Bạn Hiệp,4
tai-nghe-earpods-cong-lightning-apple-mmtn2,Tai nghe Dây Apple MMTN2,Hà Thanh Sang,5
tai-nghe-earpods-cong-lightning-apple-mmtn2,Tai nghe Dây Apple MMTN2,Châu,5
tai-nghe-earpods-cong-lightning-apple-mmtn2,Tai nghe Dây Apple MMTN2,Liên,5
tai-nghe-earpods-cong-lightning-apple-mmtn2,Tai nghe Dây Apple MMTN2,Trương Trung Kiên,5
tai-nghe-earpods-cong-lightning-apple-mmtn2,Tai nghe Dây Apple MMTN2,Hà,5
tai-nghe-earpods-cong-lightning-apple-mmtn2,Tai nghe Dây Apple MMTN2,Nguyễn Huỳnh Trung Hậu,5
tai-nghe-earpods-cong-lightning-apple-mmtn2,Tai nghe Dây Apple MMTN2,Trần Hoang Vũ,2
tai-nghe-earpods-cong-lightning-apple-mmtn2,Tai nghe Dây Apple MMTN2,Tú,2
tai-nghe-earpods-cong-lightning-apple-mmtn2,Tai nghe Dây Apple MMTN2,Bùi Phong Vũ,5
tai-nghe-earpods-cong-lightning-apple-mmtn2,Tai nghe Dây Apple MMTN2,Trình,5
tai-nghe-earpods-cong-lightning-apple-mmtn2,Tai nghe Dây Apple MMTN2,Hoàng Anh,5
tai-nghe-earpods-cong-lightning-apple-mmtn2,Tai nghe Dây Apple MMTN2,Nguyễn Văn Khương,4
tai-nghe-earpods-cong-lightning-apple-mmtn2,Tai nghe Dây Apple MMTN2,Trần Bá Quốc,5
tai-nghe-earpods-cong-lightning-apple-mmtn2,Tai nghe Dây Apple MMTN2,NGO VIET NHAT,5
tai-nghe-earpods-cong-lightning-apple-mmtn2,Tai nghe Dây Apple MMTN2,Phan Thị Hồng Nhung,5
tai-nghe-earpods-cong-lightning-apple-mmtn2,Tai nghe Dây Apple MMTN2,Triều,5
tai-nghe-earpods-cong-lightning-apple-mmtn2,Tai nghe Dây Apple MMTN2,Võ Văn Trực,5
tai-nghe-earpods-cong-lightning-apple-mmtn2,Tai nghe Dây Apple MMTN2,Anh Trung,5
tai-nghe-earpods-cong-lightning-apple-mmtn2,Tai nghe Dây Apple MMTN2,Bình,4
tai-nghe-earpods-cong-lightning-apple-mmtn2,Tai nghe Dây Apple MMTN2,Sẫm Hữu Phước,5
tai-nghe-earpods-cong-lightning-apple-mmtn2,Tai nghe Dây Apple MMTN2,Trần Ngọc Cường,5
tai-nghe-earpods-cong-lightning-apple-mmtn2,Tai nghe Dây Apple MMTN2,Trần Hoàng Thiện,5
tai-nghe-earpods-cong-lightning-apple-mmtn2,Tai nghe Dây Apple MMTN2,Nhâm Ngô Bá,5
tai-nghe-earpods-cong-lightning-apple-mmtn2,Tai nghe Dây Apple MMTN2,Vũ Duy Hưng,5
tai-nghe-earpods-cong-lightning-apple-mmtn2,Tai nghe Dây Apple MMTN2,Yến,5
tai-nghe-earpods-cong-lightning-apple-mmtn2,Tai nghe Dây Apple MMTN2,Thịnh,5
tai-nghe-earpods-cong-lightning-apple-mmtn2,Tai nghe Dây Apple MMTN2,Nguyễn Thị Tâm,4
tai-nghe-earpods-cong-lightning-apple-mmtn2,Tai nghe Dây Apple MMTN2,Anh Trung,5
tai-nghe-earpods-cong-lightning-apple-mmtn2,Tai nghe Dây Apple MMTN2,NGUYỄN VĂN TÁM,4
tai-nghe-earpods-cong-lightning-apple-mmtn2,Tai nghe Dây Apple MMTN2,Phan Trường,4
tai-nghe-earpods-cong-lightning-apple-mmtn2,Tai nghe Dây Apple MMTN2,Trịnh Thị Thanh Nga,4
tai-nghe-earpods-cong-lightning-apple-mmtn2,Tai nghe Dây Apple MMTN2,Cẩm,1
tai-nghe-earpods-cong-lightning-apple-mmtn2,Tai nghe Dây Apple MMTN2,Hihi,5
tai-nghe-earpods-cong-lightning-apple-mmtn2,Tai nghe Dây Apple MMTN2,Dương Hoàng Dũng,5
tai-nghe-earpods-cong-lightning-apple-mmtn2,Tai nghe Dây Apple MMTN2,Nguyễn Tuấn Hải,3
tai-nghe-earpods-cong-lightning-apple-mmtn2,Tai nghe Dây Apple MMTN2,Chị Chi,5
tai-nghe-earpods-cong-lightning-apple-mmtn2,Tai nghe Dây Apple MMTN2,LE TAN TAI,3
tai-nghe-earpods-cong-lightning-apple-mmtn2,Tai nghe Dây Apple MMTN2,Bảo Ngọc,5
tai-nghe-earpods-cong-lightning-apple-mmtn2,Tai nghe Dây Apple MMTN2,Hùng,5
tai-nghe-earpods-cong-lightning-apple-mmtn2,Tai nghe Dây Apple MMTN2,Thanh Tuyền,4
tai-nghe-earpods-cong-lightning-apple-mmtn2,Tai nghe Dây Apple MMTN2,Chú Chinh,5
tai-nghe-earpods-cong-lightning-apple-mmtn2,Tai nghe Dây Apple MMTN2,Nam,5
tai-nghe-earpods-cong-lightning-apple-mmtn2,Tai nghe Dây Apple MMTN2,Nghia,4
tai-nghe-earpods-cong-lightning-apple-mmtn2,Tai nghe Dây Apple MMTN2,Đoàn Ngọc Uyên,5
tai-nghe-earpods-cong-lightning-apple-mmtn2,Tai nghe Dây Apple MMTN2,Tuyen,5
tai-nghe-earpods-cong-lightning-apple-mmtn2,Tai nghe Dây Apple MMTN2,Đỗ Văn Quân,5
tai-nghe-earpods-cong-lightning-apple-mmtn2,Tai nghe Dây Apple MMTN2,Châu Hoàng Tuyết Loan,5
tai-nghe-earpods-cong-lightning-apple-mmtn2,Tai nghe Dây Apple MMTN2,Kh Tiok,5
tai-nghe-earpods-cong-lightning-apple-mmtn2,Tai nghe Dây Apple MMTN2,Anh Hoàn,5
tai-nghe-earpods-cong-lightning-apple-mmtn2,Tai nghe Dây Apple MMTN2,Đặng Thị Bình,5
tai-nghe-earpods-cong-lightning-apple-mmtn2,Tai nghe Dây Apple MMTN2,Dương Thiết Hùng,5
tai-nghe-earpods-cong-lightning-apple-mmtn2,Tai nghe Dây Apple MMTN2,Nguyễn Ngọc Hải,2
tai-nghe-earpods-cong-lightning-apple-mmtn2,Tai nghe Dây Apple MMTN2,Nguyễn Hồng Tuyết Trâm,5
tai-nghe-earpods-cong-lightning-apple-mmtn2,Tai nghe Dây Apple MMTN2,Tuyến,5
tai-nghe-earpods-cong-lightning-apple-mmtn2,Tai nghe Dây Apple MMTN2,Nguyễn Thị Tân,3
tai-nghe-earpods-cong-lightning-apple-mmtn2,Tai nghe Dây Apple MMTN2,Huỳnh Phúc Thịnh,5
tai-nghe-earpods-cong-lightning-apple-mmtn2,Tai nghe Dây Apple MMTN2,Tiến,5
tai-nghe-earpods-cong-lightning-apple-mmtn2,Tai nghe Dây Apple MMTN2,Nguyễn Thị Ngọc,4
tai-nghe-earpods-cong-lightning-apple-mmtn2,Tai nghe Dây Apple MMTN2,Tính,5
tai-nghe-earpods-cong-lightning-apple-mmtn2,Tai nghe Dây Apple MMTN2,Nguyễn Văn Nghĩa,5
tai-nghe-earpods-cong-lightning-apple-mmtn2,Tai nghe Dây Apple MMTN2,Phi,1
tai-nghe-earpods-cong-lightning-apple-mmtn2,Tai nghe Dây Apple MMTN2,Lợi,5
tai-nghe-earpods-cong-lightning-apple-mmtn2,Tai nghe Dây Apple MMTN2,Phạm Minh Tan,5
tai-nghe-earpods-cong-lightning-apple-mmtn2,Tai nghe Dây Apple MMTN2,Anh Thạch,5
tai-nghe-earpods-cong-lightning-apple-mmtn2,Tai nghe Dây Apple MMTN2,Trần Thị Ngọc Thảo,5
tai-nghe-earpods-cong-lightning-apple-mmtn2,Tai nghe Dây Apple MMTN2,Nguyễn Xuân Trường,5
tai-nghe-earpods-cong-lightning-apple-mmtn2,Tai nghe Dây Apple MMTN2,Anh Thuận,4
tai-nghe-earpods-cong-lightning-apple-mmtn2,Tai nghe Dây Apple MMTN2,Quách Thế Nhật,5
tai-nghe-earpods-cong-lightning-apple-mmtn2,Tai nghe Dây Apple MMTN2,Trần Văn Côi,5
tai-nghe-earpods-cong-lightning-apple-mmtn2,Tai nghe Dây Apple MMTN2,Ngô Đức Hải Bình,5
tai-nghe-earpods-cong-lightning-apple-mmtn2,Tai nghe Dây Apple MMTN2,Minh,5
tai-nghe-earpods-cong-lightning-apple-mmtn2,Tai nghe Dây Apple MMTN2,Trần Ngọc Quỳnh,5
tai-nghe-earpods-cong-lightning-apple-mmtn2,Tai nghe Dây Apple MMTN2,Hoàng Khắc Bình,4
tai-nghe-earpods-cong-lightning-apple-mmtn2,Tai nghe Dây Apple MMTN2,Nguyễn Thuỷ,5
tai-nghe-earpods-cong-lightning-apple-mmtn2,Tai nghe Dây Apple MMTN2,A Quân,5
tai-nghe-earpods-cong-lightning-apple-mmtn2,Tai nghe Dây Apple MMTN2,Phạm Hoàng Long,5
tai-nghe-earpods-cong-lightning-apple-mmtn2,Tai nghe Dây Apple MMTN2,Khang,1
tai-nghe-earpods-cong-lightning-apple-mmtn2,Tai nghe Dây Apple MMTN2,Lê Minh Long,5
tai-nghe-earpods-cong-lightning-apple-mmtn2,Tai nghe Dây Apple MMTN2,Anh Đoàn,4
tai-nghe-earpods-cong-lightning-apple-mmtn2,Tai nghe Dây Apple MMTN2,Dũng,5
tai-nghe-earpods-cong-lightning-apple-mmtn2,Tai nghe Dây Apple MMTN2,Nguyễn Gia Huy,4
tai-nghe-earpods-cong-lightning-apple-mmtn2,Tai nghe Dây Apple MMTN2,Bùi Trung Chí,5
tai-nghe-earpods-cong-lightning-apple-mmtn2,Tai nghe Dây Apple MMTN2,Anh Đạt,5
tai-nghe-earpods-cong-lightning-apple-mmtn2,Tai nghe Dây Apple MMTN2,NGUYỄN TÀI THẮNG,5
tai-nghe-earpods-cong-lightning-apple-mmtn2,Tai nghe Dây Apple MMTN2,Trần Đặng Trung,5
tai-nghe-earpods-cong-lightning-apple-mmtn2,Tai nghe Dây Apple MMTN2,Hoàng Văn Ý,5
tai-nghe-earpods-cong-lightning-apple-mmtn2,Tai nghe Dây Apple MMTN2,Đào Hoàng Long,4
tai-nghe-earpods-cong-lightning-apple-mmtn2,Tai nghe Dây Apple MMTN2,Đoàn Thị Phương Hoa,2
tai-nghe-earpods-cong-lightning-apple-mmtn2,Tai nghe Dây Apple MMTN2,Anh Lam,5
tai-nghe-earpods-cong-lightning-apple-mmtn2,Tai nghe Dây Apple MMTN2,Trần Thanh Liêm,5
tai-nghe-earpods-cong-lightning-apple-mmtn2,Tai nghe Dây Apple MMTN2,Bill Li,5
tai-nghe-earpods-cong-lightning-apple-mmtn2,Tai nghe Dây Apple MMTN2,Bùi Công Trường,3
tai-nghe-earpods-cong-lightning-apple-mmtn2,Tai nghe Dây Apple MMTN2,Phan Minh Hieu,5
tai-nghe-earpods-cong-lightning-apple-mmtn2,Tai nghe Dây Apple MMTN2,Đặng Văn Hậu,3
tai-nghe-earpods-cong-lightning-apple-mmtn2,Tai nghe Dây Apple MMTN2,Thu,4
tai-nghe-earpods-cong-lightning-apple-mmtn2,Tai nghe Dây Apple MMTN2,Ý,2
tai-nghe-earpods-cong-lightning-apple-mmtn2,Tai nghe Dây Apple MMTN2,Nguyễn Văn Thái,1
tai-nghe-earpods-cong-lightning-apple-mmtn2,Tai nghe Dây Apple MMTN2,Tran Minh Tri,3
tai-nghe-earpods-cong-lightning-apple-mmtn2,Tai nghe Dây Apple MMTN2,Nguyễn Anh Quân,3
tai-nghe-earpods-cong-lightning-apple-mmtn2,Tai nghe Dây Apple MMTN2,HIẾU,4
tai-nghe-earpods-cong-lightning-apple-mmtn2,Tai nghe Dây Apple MMTN2,Trần Gia Huy,3
tai-nghe-earpods-cong-lightning-apple-mmtn2,Tai nghe Dây Apple MMTN2,Nguyễn Ngọc,3
tai-nghe-earpods-cong-lightning-apple-mmtn2,Tai nghe Dây Apple MMTN2,Phạm Liễu,3
tai-nghe-earpods-cong-lightning-apple-mmtn2,Tai nghe Dây Apple MMTN2,Dương Ngọc Luyến,1
tai-nghe-earpods-cong-lightning-apple-mmtn2,Tai nghe Dây Apple MMTN2,Huỳnh Thị Kim Liên,5
tai-nghe-earpods-cong-lightning-apple-mmtn2,Tai nghe Dây Apple MMTN2,Tô Trấn Phong,5
tai-nghe-earpods-cong-lightning-apple-mmtn2,Tai nghe Dây Apple MMTN2,Đỗ Như Ý,3
tai-nghe-earpods-cong-lightning-apple-mmtn2,Tai nghe Dây Apple MMTN2,Em Đăng,3
tai-nghe-earpods-cong-lightning-apple-mmtn2,Tai nghe Dây Apple MMTN2,Đạt,1
tai-nghe-earpods-cong-lightning-apple-mmtn2,Tai nghe Dây Apple MMTN2,Nguyễn Tấn Đạt,5
tai-nghe-earpods-cong-lightning-apple-mmtn2,Tai nghe Dây Apple MMTN2,Lê Đăng Hải,5
tai-nghe-earpods-cong-lightning-apple-mmtn2,Tai nghe Dây Apple MMTN2,Anh Trung,5
tai-nghe-earpods-cong-lightning-apple-mmtn2,Tai nghe Dây Apple MMTN2,Hoàng Thị Mai Hương,5
tai-nghe-earpods-cong-lightning-apple-mmtn2,Tai nghe Dây Apple MMTN2,Nguyễn Hùng Hải,5
tai-nghe-earpods-cong-lightning-apple-mmtn2,Tai nghe Dây Apple MMTN2,Dương,5
tai-nghe-earpods-cong-lightning-apple-mmtn2,Tai nghe Dây Apple MMTN2,HẠNH,5
tai-nghe-earpods-cong-lightning-apple-mmtn2,Tai nghe Dây Apple MMTN2,Hoàng,5
tai-nghe-earpods-cong-lightning-apple-mmtn2,Tai nghe Dây Apple MMTN2,Ái Nguyệt,4
tai-nghe-earpods-cong-lightning-apple-mmtn2,Tai nghe Dây Apple MMTN2,Nguyễn Thị Liên,5
tai-nghe-earpods-cong-lightning-apple-mmtn2,Tai nghe Dây Apple MMTN2,Mạnh,5
tai-nghe-earpods-cong-lightning-apple-mmtn2,Tai nghe Dây Apple MMTN2,Anh Phi,5
tai-nghe-earpods-cong-lightning-apple-mmtn2,Tai nghe Dây Apple MMTN2,Đức Tôn Nguyễn,5
tai-nghe-earpods-cong-lightning-apple-mmtn2,Tai nghe Dây Apple MMTN2,Dung,5
tai-nghe-earpods-cong-lightning-apple-mmtn2,Tai nghe Dây Apple MMTN2,An,5
tai-nghe-earpods-cong-lightning-apple-mmtn2,Tai nghe Dây Apple MMTN2,Vũ Thanh Tâm,5
tai-nghe-earpods-cong-lightning-apple-mmtn2,Tai nghe Dây Apple MMTN2,Mai Anh Tuấn,4
tai-nghe-earpods-cong-lightning-apple-mmtn2,Tai nghe Dây Apple MMTN2,Nguyễn Văn Hậu,5
tai-nghe-earpods-cong-lightning-apple-mmtn2,Tai nghe Dây Apple MMTN2,Phạm Đức Chương,4
tai-nghe-earpods-cong-lightning-apple-mmtn2,Tai nghe Dây Apple MMTN2,Cúc,5
tai-nghe-earpods-cong-lightning-apple-mmtn2,Tai nghe Dây Apple MMTN2,Nguyễn Hoàng Sang,5
tai-nghe-earpods-cong-lightning-apple-mmtn2,Tai nghe Dây Apple MMTN2,Trần Văn Lực,5
tai-nghe-earpods-cong-lightning-apple-mmtn2,Tai nghe Dây Apple MMTN2,Long,5
tai-nghe-earpods-cong-lightning-apple-mmtn2,Tai nghe Dây Apple MMTN2,Nakun Thuận,5
tai-nghe-earpods-cong-lightning-apple-mmtn2,Tai nghe Dây Apple MMTN2,ANH HIẾU,5
tai-nghe-earpods-cong-lightning-apple-mmtn2,Tai nghe Dây Apple MMTN2,Bùi Văn Đạt,5
tai-nghe-earpods-cong-lightning-apple-mmtn2,Tai nghe Dây Apple MMTN2,Hà,5
tai-nghe-earpods-cong-lightning-apple-mmtn2,Tai nghe Dây Apple MMTN2,Bùi Xuân Điện,5
tai-nghe-earpods-cong-lightning-apple-mmtn2,Tai nghe Dây Apple MMTN2,Phạm Văn Đức,5
tai-nghe-earpods-cong-lightning-apple-mmtn2,Tai nghe Dây Apple MMTN2,Trần Minh Vương,5
tai-nghe-earpods-cong-lightning-apple-mmtn2,Tai nghe Dây Apple MMTN2,Thanh,5
tai-nghe-earpods-cong-lightning-apple-mmtn2,Tai nghe Dây Apple MMTN2,Anh Lâm,5
tai-nghe-earpods-cong-lightning-apple-mmtn2,Tai nghe Dây Apple MMTN2,Trần Duy Đông,5
tai-nghe-earpods-cong-lightning-apple-mmtn2,Tai nghe Dây Apple MMTN2,Trần Thanh Minh,5
tai-nghe-earpods-cong-lightning-apple-mmtn2,Tai nghe Dây Apple MMTN2,Bắc,5
tai-nghe-earpods-cong-lightning-apple-mmtn2,Tai nghe Dây Apple MMTN2,Minh Anh,5
tai-nghe-earpods-cong-lightning-apple-mmtn2,Tai nghe Dây Apple MMTN2,Lê Văn Vương,5
tai-nghe-earpods-cong-lightning-apple-mmtn2,Tai nghe Dây Apple MMTN2,Ninh Văn Tưởng,4
tai-nghe-earpods-cong-lightning-apple-mmtn2,Tai nghe Dây Apple MMTN2,Chị Nhi,4
tai-nghe-earpods-cong-lightning-apple-mmtn2,Tai nghe Dây Apple MMTN2,NGUYỄN THỊ HƯƠNG GIANG,5
tai-nghe-earpods-cong-lightning-apple-mmtn2,Tai nghe Dây Apple MMTN2,Chị Huyền,5
tai-nghe-earpods-cong-lightning-apple-mmtn2,Tai nghe Dây Apple MMTN2,Lâm Thuận,5
tai-nghe-earpods-cong-lightning-apple-mmtn2,Tai nghe Dây Apple MMTN2,Đạt,5
tai-nghe-earpods-cong-lightning-apple-mmtn2,Tai nghe Dây Apple MMTN2,Nghĩa,4
tai-nghe-earpods-cong-lightning-apple-mmtn2,Tai nghe Dây Apple MMTN2,Phương,5
tai-nghe-earpods-cong-lightning-apple-mmtn2,Tai nghe Dây Apple MMTN2,Pham Van Cuong,5
tai-nghe-earpods-cong-lightning-apple-mmtn2,Tai nghe Dây Apple MMTN2,Anh Siêu,5
tai-nghe-earpods-cong-lightning-apple-mmtn2,Tai nghe Dây Apple MMTN2,Huy,5
tai-nghe-earpods-cong-lightning-apple-mmtn2,Tai nghe Dây Apple MMTN2,Đào Văn Ngọc,5
tai-nghe-earpods-cong-lightning-apple-mmtn2,Tai nghe Dây Apple MMTN2,VÕ ĐÌNH CHÁNH,4
tai-nghe-earpods-cong-lightning-apple-mmtn2,Tai nghe Dây Apple MMTN2,Hiệp,4
tai-nghe-earpods-cong-lightning-apple-mmtn2,Tai nghe Dây Apple MMTN2,Nguyễn Hoàng Sơn,4
tai-nghe-earpods-cong-lightning-apple-mmtn2,Tai nghe Dây Apple MMTN2,Lê Hảo,4
tai-nghe-earpods-cong-lightning-apple-mmtn2,Tai nghe Dây Apple MMTN2,Lê Hiếu,5
tai-nghe-earpods-cong-lightning-apple-mmtn2,Tai nghe Dây Apple MMTN2,Lê Bùi,5
tai-nghe-earpods-cong-lightning-apple-mmtn2,Tai nghe Dây Apple MMTN2,Bùi Văn An,4
tai-nghe-earpods-cong-lightning-apple-mmtn2,Tai nghe Dây Apple MMTN2,Bùi Thị Yến Thu,5
tai-nghe-earpods-cong-lightning-apple-mmtn2,Tai nghe Dây Apple MMTN2,Nguyễn Cao Trung,5
tai-nghe-earpods-cong-lightning-apple-mmtn2,Tai nghe Dây Apple MMTN2,Đinh Minh Dương,5
tai-nghe-earpods-cong-lightning-apple-mmtn2,Tai nghe Dây Apple MMTN2,Anh Phuoc,5
tai-nghe-earpods-cong-lightning-apple-mmtn2,Tai nghe Dây Apple MMTN2,Trần Văn An,5
tai-nghe-earpods-cong-lightning-apple-mmtn2,Tai nghe Dây Apple MMTN2,Nguyễn Thanh Dân,3
tai-nghe-earpods-cong-lightning-apple-mmtn2,Tai nghe Dây Apple MMTN2,Huỳnh Tam Bảo Thuý Vy,5
tai-nghe-earpods-cong-lightning-apple-mmtn2,Tai nghe Dây Apple MMTN2,Nguyễn Phúc Minh,5
tai-nghe-co-day-apple-mtjy3,Tai nghe Dây Apple MTJY3,Thạch Văn Nhân,5
tai-nghe-co-day-apple-mtjy3,Tai nghe Dây Apple MTJY3,Ngọc Quý,3
tai-nghe-co-day-apple-mtjy3,Tai nghe Dây Apple MTJY3,Anh Quảng,5
tai-nghe-co-day-apple-mtjy3,Tai nghe Dây Apple MTJY3,Hiệp,5
tai-nghe-co-day-apple-mtjy3,Tai nghe Dây Apple MTJY3,Châu Phương Nam,5
tai-nghe-co-day-apple-mtjy3,Tai nghe Dây Apple MTJY3,Trí,5
tai-nghe-co-day-apple-mtjy3,Tai nghe Dây Apple MTJY3,Bắc,5
tai-nghe-co-day-apple-mtjy3,Tai nghe Dây Apple MTJY3,Ngô Văn Tạo,5
tai-nghe-co-day-apple-mtjy3,Tai nghe Dây Apple MTJY3,Nguyễn Giang Tuấn,5
tai-nghe-co-day-apple-mtjy3,Tai nghe Dây Apple MTJY3,Trần Ngọc Hùng,5
tai-nghe-co-day-apple-mtjy3,Tai nghe Dây Apple MTJY3,Sang,5
tai-nghe-co-day-apple-mtjy3,Tai nghe Dây Apple MTJY3,PHẠM DUY KHANH,5
tai-nghe-co-day-apple-mtjy3,Tai nghe Dây Apple MTJY3,Nguyễn Thành Phát,5
tai-nghe-co-day-apple-mtjy3,Tai nghe Dây Apple MTJY3,Anh Dân,3
tai-nghe-co-day-apple-mtjy3,Tai nghe Dây Apple MTJY3,Đinh Minh Trọng,5
tai-nghe-co-day-apple-mtjy3,Tai nghe Dây Apple MTJY3,Hoa,5
tai-nghe-co-day-apple-mtjy3,Tai nghe Dây Apple MTJY3,Truong,5
tai-nghe-co-day-apple-mtjy3,Tai nghe Dây Apple MTJY3,Anh Trung,4
tai-nghe-co-day-apple-mtjy3,Tai nghe Dây Apple MTJY3,Vũ Văn Đê,5
tai-nghe-co-day-apple-mtjy3,Tai nghe Dây Apple MTJY3,Chị Mai,4
tai-nghe-co-day-apple-mtjy3,Tai nghe Dây Apple MTJY3,Quỳnh,5
tai-nghe-co-day-apple-mtjy3,Tai nghe Dây Apple MTJY3,Lê Văn Trung,5
tai-nghe-co-day-apple-mtjy3,Tai nghe Dây Apple MTJY3,A Triển,5
tai-nghe-co-day-apple-mtjy3,Tai nghe Dây Apple MTJY3,Trần Trọng Nghĩa,5
tai-nghe-co-day-apple-mtjy3,Tai nghe Dây Apple MTJY3,Văn Mừng,4
tai-nghe-co-day-apple-mtjy3,Tai nghe Dây Apple MTJY3,A Phước,5
tai-nghe-co-day-apple-mtjy3,Tai nghe Dây Apple MTJY3,Nguyễn Minh Nhật,5
tai-nghe-co-day-apple-mtjy3,Tai nghe Dây Apple MTJY3,Darling,4
tai-nghe-co-day-apple-mtjy3,Tai nghe Dây Apple MTJY3,Ngọc Oanh,5
tai-nghe-co-day-apple-mtjy3,Tai nghe Dây Apple MTJY3,Nguyễn Thị Minh Chuyên,5
tai-nghe-co-day-apple-mtjy3,Tai nghe Dây Apple MTJY3,Anh Chiến,4
tai-nghe-co-day-apple-mtjy3,Tai nghe Dây Apple MTJY3,Anh Đức,5
tai-nghe-co-day-apple-mtjy3,Tai nghe Dây Apple MTJY3,Phong,5
tai-nghe-co-day-apple-mtjy3,Tai nghe Dây Apple MTJY3,Trương Văn Hiển,5
tai-nghe-co-day-apple-mtjy3,Tai nghe Dây Apple MTJY3,Trần Hoàng Long,5
tai-nghe-bluetooth-chup-tai-havit-h662bt,Tai nghe Chụp Tai Havit H662BT,Nguyễn Duy Hiếu,3
tai-nghe-bluetooth-chup-tai-havit-h662bt,Tai nghe Chụp Tai Havit H662BT,Cong Nguyen,5
tai-nghe-bluetooth-chup-tai-havit-h662bt,Tai nghe Chụp Tai Havit H662BT,Lăng Kim Huy,5
tai-nghe-bluetooth-chup-tai-havit-h662bt,Tai nghe Chụp Tai Havit H662BT,Trần Gia Ân,4
tai-nghe-bluetooth-chup-tai-havit-h662bt,Tai nghe Chụp Tai Havit H662BT,Hiếu,5
tai-nghe-bluetooth-chup-tai-havit-h662bt,Tai nghe Chụp Tai Havit H662BT,Nguyễn Nghĩa,4
tai-nghe-bluetooth-chup-tai-havit-h662bt,Tai nghe Chụp Tai Havit H662BT,Huy,5
tai-nghe-bluetooth-chup-tai-havit-h662bt,Tai nghe Chụp Tai Havit H662BT,Sơn,4
tai-nghe-bluetooth-chup-tai-havit-h662bt,Tai nghe Chụp Tai Havit H662BT,Hồ Văn Hưng Thịnh,3
tai-nghe-bluetooth-chup-tai-havit-h662bt,Tai nghe Chụp Tai Havit H662BT,Hậu,5
tai-nghe-bluetooth-chup-tai-havit-h662bt,Tai nghe Chụp Tai Havit H662BT,A Dân,5
tai-nghe-bluetooth-chup-tai-havit-h662bt,Tai nghe Chụp Tai Havit H662BT,Công Minh,1
tai-nghe-bluetooth-chup-tai-havit-h662bt,Tai nghe Chụp Tai Havit H662BT,Nga,5
tai-nghe-bluetooth-chup-tai-havit-h662bt,Tai nghe Chụp Tai Havit H662BT,Anh Tuấn,2
tai-nghe-bluetooth-chup-tai-havit-h662bt,Tai nghe Chụp Tai Havit H662BT,Khương Duy,1
tai-nghe-bluetooth-chup-tai-havit-h662bt,Tai nghe Chụp Tai Havit H662BT,Anh Dũng,3
tai-nghe-bluetooth-chup-tai-havit-h662bt,Tai nghe Chụp Tai Havit H662BT,Ngô Thị Trân,3
tai-nghe-bluetooth-chup-tai-havit-h662bt,Tai nghe Chụp Tai Havit H662BT,Vinh,5
tai-nghe-bluetooth-chup-tai-havit-h662bt,Tai nghe Chụp Tai Havit H662BT,Dương Anh Kiệt,3
tai-nghe-bluetooth-chup-tai-havit-h662bt,Tai nghe Chụp Tai Havit H662BT,Vinh,5
tai-nghe-bluetooth-chup-tai-havit-h662bt,Tai nghe Chụp Tai Havit H662BT,Nguyễn Hoàng Đăng,5
tai-nghe-bluetooth-chup-tai-havit-h662bt,Tai nghe Chụp Tai Havit H662BT,Hữu Nhơn,4
tai-nghe-bluetooth-chup-tai-havit-h662bt,Tai nghe Chụp Tai Havit H662BT,Trân,5
tai-nghe-bluetooth-chup-tai-havit-h662bt,Tai nghe Chụp Tai Havit H662BT,Trang,3
tai-nghe-bluetooth-chup-tai-havit-h662bt,Tai nghe Chụp Tai Havit H662BT,Phạm Tấn Ngữ,3
tai-nghe-bluetooth-chup-tai-havit-h662bt,Tai nghe Chụp Tai Havit H662BT,Khoa,2
tai-nghe-bluetooth-chup-tai-havit-h662bt,Tai nghe Chụp Tai Havit H662BT,Nguyễn Văn Quyết,3
tai-nghe-bluetooth-chup-tai-havit-h662bt,Tai nghe Chụp Tai Havit H662BT,Nguyễn Thiên Phúc,5
tai-nghe-bluetooth-chup-tai-havit-h662bt,Tai nghe Chụp Tai Havit H662BT,Anh Lộc,5
tai-nghe-bluetooth-chup-tai-havit-h662bt,Tai nghe Chụp Tai Havit H662BT,Nguyễn Đình Sơn,1
tai-nghe-bluetooth-chup-tai-havit-h662bt,Tai nghe Chụp Tai Havit H662BT,Nguyễn Trần Nhật Minh,4
tai-nghe-bluetooth-chup-tai-havit-h662bt,Tai nghe Chụp Tai Havit H662BT,Mai Phuong,5
tai-nghe-bluetooth-chup-tai-havit-h662bt,Tai nghe Chụp Tai Havit H662BT,Thảo,4
tai-nghe-bluetooth-chup-tai-havit-h662bt,Tai nghe Chụp Tai Havit H662BT,Ngô Duy Khánh,5
tai-nghe-bluetooth-chup-tai-havit-h662bt,Tai nghe Chụp Tai Havit H662BT,Huỳnh Thị Thu Hạ,4
tai-nghe-bluetooth-chup-tai-havit-h662bt,Tai nghe Chụp Tai Havit H662BT,N,5
tai-nghe-bluetooth-chup-tai-havit-h662bt,Tai nghe Chụp Tai Havit H662BT,Nguyễn Xuân Vũ,5
tai-nghe-bluetooth-chup-tai-havit-h662bt,Tai nghe Chụp Tai Havit H662BT,Than Thi Quynh Trang,5
tai-nghe-bluetooth-chup-tai-havit-h662bt,Tai nghe Chụp Tai Havit H662BT,Đặng Thị Hồng Ngọc,3
tai-nghe-bluetooth-chup-tai-havit-h662bt,Tai nghe Chụp Tai Havit H662BT,Thanh Nguyen,5
tai-nghe-bluetooth-chup-tai-havit-h662bt,Tai nghe Chụp Tai Havit H662BT,Nhi,4
tai-nghe-bluetooth-chup-tai-havit-h662bt,Tai nghe Chụp Tai Havit H662BT,Vãng Ngọc Phương Trinh,5
tai-nghe-bluetooth-chup-tai-havit-h662bt,Tai nghe Chụp Tai Havit H662BT,Trâm,5
tai-nghe-bluetooth-chup-tai-havit-h662bt,Tai nghe Chụp Tai Havit H662BT,Nguyễn Thanh Nhu,5
tai-nghe-bluetooth-chup-tai-havit-h662bt,Tai nghe Chụp Tai Havit H662BT,Nguyễn Đức Duy,4
tai-nghe-bluetooth-chup-tai-havit-h662bt,Tai nghe Chụp Tai Havit H662BT,Đào Xuân Tài,4
tai-nghe-bluetooth-chup-tai-havit-h662bt,Tai nghe Chụp Tai Havit H662BT,Nguyễn Thị Nhung,4
tai-nghe-bluetooth-chup-tai-havit-h662bt,Tai nghe Chụp Tai Havit H662BT,Lê Trun Tín,5
tai-nghe-bluetooth-chup-tai-havit-h662bt,Tai nghe Chụp Tai Havit H662BT,Hùng,4
tai-nghe-co-day-ep-baseus-encok-hz20,Tai nghe Dây Baseus Encok HZ20,Nhật,5
tai-nghe-bluetooth-chup-tai-baseus-bass-35-max,Tai nghe Chụp Tai Baseus Bass 35 Max,Trần Công Khanh,1
tai-nghe-bluetooth-chup-tai-baseus-bass-35-max,Tai nghe Chụp Tai Baseus Bass 35 Max,Hoàng Lực,5
tai-nghe-bluetooth-chup-tai-baseus-bass-35-max,Tai nghe Chụp Tai Baseus Bass 35 Max,Nguyễn Cường,5
tai-nghe-bluetooth-chup-tai-baseus-bass-35-max,Tai nghe Chụp Tai Baseus Bass 35 Max,An Giang,5
tai-nghe-bluetooth-chup-tai-baseus-bass-35-max,Tai nghe Chụp Tai Baseus Bass 35 Max,Trần Thanh Bình,5
tai-nghe-bluetooth-chup-tai-baseus-bass-35-max,Tai nghe Chụp Tai Baseus Bass 35 Max,An,4
tai-nghe-bluetooth-chup-tai-baseus-bass-35-max,Tai nghe Chụp Tai Baseus Bass 35 Max,Luân,5
tai-nghe-bluetooth-chup-tai-baseus-bass-35-max,Tai nghe Chụp Tai Baseus Bass 35 Max,Lường Văn Hưởng,2
tai-nghe-bluetooth-chup-tai-baseus-bass-35-max,Tai nghe Chụp Tai Baseus Bass 35 Max,Nguyen Thi Bich Ngoc,5
tai-nghe-bluetooth-chup-tai-baseus-bass-35-max,Tai nghe Chụp Tai Baseus Bass 35 Max,Le Minh Tu,5
tai-nghe-bluetooth-chup-tai-baseus-bass-35-max,Tai nghe Chụp Tai Baseus Bass 35 Max,Tâm,5
tai-nghe-bluetooth-chup-tai-baseus-bass-35-max,Tai nghe Chụp Tai Baseus Bass 35 Max,Đinh Phong Hoàng,3
tai-nghe-bluetooth-chup-tai-baseus-bass-35-max,Tai nghe Chụp Tai Baseus Bass 35 Max,Nguyễn Quốc Việt,3
tai-nghe-bluetooth-chup-tai-baseus-bass-35-max,Tai nghe Chụp Tai Baseus Bass 35 Max,Lâm Thị Huy,5
tai-nghe-bluetooth-chup-tai-baseus-bass-35-max,Tai nghe Chụp Tai Baseus Bass 35 Max,Trần Phước Hiếu,5
tai-nghe-bluetooth-chup-tai-baseus-bass-35-max,Tai nghe Chụp Tai Baseus Bass 35 Max,Toàn,4
tai-nghe-bluetooth-chup-tai-baseus-bass-35-max,Tai nghe Chụp Tai Baseus Bass 35 Max,Lê Quang Nhật,5
tai-nghe-bluetooth-chup-tai-baseus-bass-35-max,Tai nghe Chụp Tai Baseus Bass 35 Max,Phong,5
tai-nghe-bluetooth-chup-tai-havit-h661bt,Tai nghe Chụp Tai Havit H661BT,Vũ Văn Dũng,3
tai-nghe-bluetooth-chup-tai-havit-h661bt,Tai nghe Chụp Tai Havit H661BT,Pham Ngoc Minh Quân,2
tai-nghe-bluetooth-chup-tai-havit-h661bt,Tai nghe Chụp Tai Havit H661BT,Kenny,3
tai-nghe-bluetooth-chup-tai-havit-h661bt,Tai nghe Chụp Tai Havit H661BT,Lê Nguyễn Toàn Năng,4
tai-nghe-bluetooth-chup-tai-havit-h661bt,Tai nghe Chụp Tai Havit H661BT,Vũ Trọng Nguyên Chương,3
tai-nghe-bluetooth-chup-tai-havit-h661bt,Tai nghe Chụp Tai Havit H661BT,NGUYỄN THỊ TUYẾT TRINH,5
tai-nghe-bluetooth-chup-tai-havit-h661bt,Tai nghe Chụp Tai Havit H661BT,Trung Trực,4
tai-nghe-bluetooth-chup-tai-havit-h661bt,Tai nghe Chụp Tai Havit H661BT,Võ Thuỳ Anh,2
tai-nghe-bluetooth-chup-tai-havit-h661bt,Tai nghe Chụp Tai Havit H661BT,Mona Zarita,5
tai-nghe-bluetooth-chup-tai-havit-h661bt,Tai nghe Chụp Tai Havit H661BT,Trần Vi Cường,5
tai-nghe-bluetooth-chup-tai-havit-h661bt,Tai nghe Chụp Tai Havit H661BT,Nguyễn Huyền,5
tai-nghe-bluetooth-chup-tai-havit-h661bt,Tai nghe Chụp Tai Havit H661BT,Bình,5
tai-nghe-bluetooth-chup-tai-havit-h661bt,Tai nghe Chụp Tai Havit H661BT,Đức,5
tai-nghe-bluetooth-chup-tai-havit-h661bt,Tai nghe Chụp Tai Havit H661BT,Đặng Duy Trọng,4
tai-nghe-bluetooth-chup-tai-havit-h661bt,Tai nghe Chụp Tai Havit H661BT,Dương Văn Định,4
tai-nghe-bluetooth-chup-tai-havit-h661bt,Tai nghe Chụp Tai Havit H661BT,Nguyễn Đức Tài,5
tai-nghe-bluetooth-chup-tai-havit-h661bt,Tai nghe Chụp Tai Havit H661BT,Tran Gia Huy,4
tai-nghe-bluetooth-chup-tai-havit-h661bt,Tai nghe Chụp Tai Havit H661BT,Duc,5
tai-nghe-bluetooth-chup-tai-havit-h661bt,Tai nghe Chụp Tai Havit H661BT,Uý,5
tai-nghe-bluetooth-chup-tai-havit-h661bt,Tai nghe Chụp Tai Havit H661BT,Bùi Vũ Đức Nghĩa,3
tai-nghe-bluetooth-chup-tai-havit-h661bt,Tai nghe Chụp Tai Havit H661BT,Hiền Trang,2
tai-nghe-bluetooth-chup-tai-havit-h661bt,Tai nghe Chụp Tai Havit H661BT,Nguyễn Thanh Nhàn,4
tai-nghe-bluetooth-chup-tai-havit-h661bt,Tai nghe Chụp Tai Havit H661BT,Vinh,5
tai-nghe-bluetooth-chup-tai-havit-h661bt,Tai nghe Chụp Tai Havit H661BT,Vương Văn Chi,4
tai-nghe-bluetooth-chup-tai-havit-h661bt,Tai nghe Chụp Tai Havit H661BT,Nguyễn Ngọc Hà,5
tai-nghe-bluetooth-chup-tai-havit-h661bt,Tai nghe Chụp Tai Havit H661BT,Chị Thi,4
tai-nghe-bluetooth-chup-tai-havit-h661bt,Tai nghe Chụp Tai Havit H661BT,Vu Thuy Duong,5
tai-nghe-bluetooth-chup-tai-havit-h661bt,Tai nghe Chụp Tai Havit H661BT,Tín,5
tai-nghe-bluetooth-chup-tai-havit-h661bt,Tai nghe Chụp Tai Havit H661BT,Hoàng,5
tai-nghe-bluetooth-chup-tai-havit-h661bt,Tai nghe Chụp Tai Havit H661BT,Bình,5
tai-nghe-bluetooth-chup-tai-havit-h661bt,Tai nghe Chụp Tai Havit H661BT,Nguyễn Hoàng Viênt,5
tai-nghe-bluetooth-chup-tai-havit-h661bt,Tai nghe Chụp Tai Havit H661BT,Lê Đức Minh,4
tai-nghe-bluetooth-chup-tai-havit-h661bt,Tai nghe Chụp Tai Havit H661BT,Gia Hưng,4
nhet-tai-samsung-ia500-den,Tai nghe Dây Samsung IA500,Minh Tuyền,1
nhet-tai-samsung-ia500-den,Tai nghe Dây Samsung IA500,Long,5
nhet-tai-samsung-ia500-den,Tai nghe Dây Samsung IA500,An,5
nhet-tai-samsung-ia500-den,Tai nghe Dây Samsung IA500,Thanh An,5
nhet-tai-samsung-ia500-den,Tai nghe Dây Samsung IA500,Phạm Huynh,5
nhet-tai-samsung-ia500-den,Tai nghe Dây Samsung IA500,Linh,3
nhet-tai-samsung-ia500-den,Tai nghe Dây Samsung IA500,Hoàng Nguyên Đan,5
nhet-tai-samsung-ia500-den,Tai nghe Dây Samsung IA500,HÀ PHƯỚC LUẬT,3
nhet-tai-samsung-ia500-den,Tai nghe Dây Samsung IA500,Tú,5
nhet-tai-samsung-ia500-den,Tai nghe Dây Samsung IA500,Nhựt Lành,5
nhet-tai-samsung-ia500-den,Tai nghe Dây Samsung IA500,BÙI ĐỨC ANH,2
nhet-tai-samsung-ia500-den,Tai nghe Dây Samsung IA500,Thành,5
nhet-tai-samsung-ia500-den,Tai nghe Dây Samsung IA500,Nguyễn Tất Đạt,5
nhet-tai-samsung-ia500-den,Tai nghe Dây Samsung IA500,Nguyễn Trí Tín,5
nhet-tai-samsung-ia500-den,Tai nghe Dây Samsung IA500,Võ Hoàng Bửu,5
nhet-tai-samsung-ia500-den,Tai nghe Dây Samsung IA500,Chị Thảo,4
nhet-tai-samsung-ia500-den,Tai nghe Dây Samsung IA500,Trần Minh Đức,4
nhet-tai-samsung-ia500-den,Tai nghe Dây Samsung IA500,Phạm Vũ Linh,4
nhet-tai-samsung-ia500-den,Tai nghe Dây Samsung IA500,Nguyễn Tuấn Vũ,5
nhet-tai-samsung-ia500-den,Tai nghe Dây Samsung IA500,LƯƠNG PHONG ĐIỀN,5
nhet-tai-samsung-ia500-den,Tai nghe Dây Samsung IA500,Điều,5
nhet-tai-samsung-ia500-den,Tai nghe Dây Samsung IA500,Anh Duy Song,5
nhet-tai-samsung-ia500-den,Tai nghe Dây Samsung IA500,Thảo,3
nhet-tai-samsung-ia500-den,Tai nghe Dây Samsung IA500,Bui Cong Dai,5
nhet-tai-samsung-ia500-den,Tai nghe Dây Samsung IA500,Đoan,5
nhet-tai-samsung-ia500-den,Tai nghe Dây Samsung IA500,Võ Minh Tân,3
nhet-tai-samsung-ia500-den,Tai nghe Dây Samsung IA500,Bui Thi Ngọc Trân,4
nhet-tai-samsung-ia500-den,Tai nghe Dây Samsung IA500,Hoang Viet,5
nhet-tai-samsung-ia500-den,Tai nghe Dây Samsung IA500,Ngọc Thu,5
nhet-tai-samsung-ia500-den,Tai nghe Dây Samsung IA500,PHAN THỊ ÚT,5
nhet-tai-samsung-ia500-den,Tai nghe Dây Samsung IA500,Hải,5
nhet-tai-samsung-ia500-den,Tai nghe Dây Samsung IA500,NGUYỄN HỒNG LINH,5
nhet-tai-samsung-ia500-den,Tai nghe Dây Samsung IA500,Nguyễn Văn Trường,4
nhet-tai-samsung-ia500-den,Tai nghe Dây Samsung IA500,Ngô Đình Ngọc,5
nhet-tai-samsung-ia500-den,Tai nghe Dây Samsung IA500,NGÔ THỊ NGỌC VỸ,5
nhet-tai-samsung-ia500-den,Tai nghe Dây Samsung IA500,Nguyễn Xuân Anh,5
nhet-tai-samsung-ia500-den,Tai nghe Dây Samsung IA500,Linh,3
nhet-tai-samsung-ia500-den,Tai nghe Dây Samsung IA500,C Hằng,5
nhet-tai-samsung-ia500-den,Tai nghe Dây Samsung IA500,Lê Nguyễn Hồng Ngọc,5
nhet-tai-samsung-ia500-den,Tai nghe Dây Samsung IA500,Tấn Phát,4
nhet-tai-samsung-ia500-den,Tai nghe Dây Samsung IA500,Điều,5
nhet-tai-samsung-ia500-den,Tai nghe Dây Samsung IA500,Anh Duy Song,5
nhet-tai-samsung-ia500-den,Tai nghe Dây Samsung IA500,Thảo,3
nhet-tai-samsung-ia500-den,Tai nghe Dây Samsung IA500,Bui Cong Dai,5
nhet-tai-samsung-ia500-den,Tai nghe Dây Samsung IA500,Đoan,5
nhet-tai-samsung-ia500-den,Tai nghe Dây Samsung IA500,Võ Minh Tân,3
nhet-tai-samsung-ia500-den,Tai nghe Dây Samsung IA500,Bui Thi Ngọc Trân,4
nhet-tai-samsung-ia500-den,Tai nghe Dây Samsung IA500,Hoang Viet,5
nhet-tai-samsung-ia500-den,Tai nghe Dây Samsung IA500,Ngọc Thu,5
nhet-tai-samsung-ia500-den,Tai nghe Dây Samsung IA500,PHAN THỊ ÚT,5
nhet-tai-samsung-ia500-den,Tai nghe Dây Samsung IA500,Hải,5
nhet-tai-samsung-ia500-den,Tai nghe Dây Samsung IA500,NGUYỄN HỒNG LINH,5
nhet-tai-samsung-ia500-den,Tai nghe Dây Samsung IA500,Nguyễn Văn Trường,4
nhet-tai-samsung-ia500-den,Tai nghe Dây Samsung IA500,Ngô Đình Ngọc,5
nhet-tai-samsung-ia500-den,Tai nghe Dây Samsung IA500,NGÔ THỊ NGỌC VỸ,5
nhet-tai-samsung-ia500-den,Tai nghe Dây Samsung IA500,Nguyễn Xuân Anh,5
nhet-tai-samsung-ia500-den,Tai nghe Dây Samsung IA500,Linh,3
nhet-tai-samsung-ia500-den,Tai nghe Dây Samsung IA500,C Hằng,5
nhet-tai-samsung-ia500-den,Tai nghe Dây Samsung IA500,Lê Nguyễn Hồng Ngọc,5
nhet-tai-samsung-ia500-den,Tai nghe Dây Samsung IA500,Tấn Phát,4
nhet-tai-samsung-ia500-den,Tai nghe Dây Samsung IA500,Chị Nhung,3
nhet-tai-samsung-ia500-den,Tai nghe Dây Samsung IA500,0392509028,5
nhet-tai-samsung-ia500-den,Tai nghe Dây Samsung IA500,Anh Quang,1
nhet-tai-samsung-ia500-den,Tai nghe Dây Samsung IA500,Anh Thanh,3
nhet-tai-samsung-ia500-den,Tai nghe Dây Samsung IA500,Huỳnh Nguyễn Thành Đạt,4
nhet-tai-samsung-ia500-den,Tai nghe Dây Samsung IA500,Phạm Thị Sen,5
nhet-tai-samsung-ia500-den,Tai nghe Dây Samsung IA500,Lê Tiến Thành,2
nhet-tai-samsung-ia500-den,Tai nghe Dây Samsung IA500,Nguyễn Lam Vũ,5
nhet-tai-samsung-ia500-den,Tai nghe Dây Samsung IA500,Võ Thị Thanh Vân,4
nhet-tai-samsung-ia500-den,Tai nghe Dây Samsung IA500,A Khánh,5
nhet-tai-samsung-ia500-den,Tai nghe Dây Samsung IA500,Hùng,5
nhet-tai-samsung-ia500-den,Tai nghe Dây Samsung IA500,Nguyễn Đăng Danh,5
nhet-tai-samsung-ia500-den,Tai nghe Dây Samsung IA500,Võ Văn Trí,4
nhet-tai-samsung-ia500-den,Tai nghe Dây Samsung IA500,Tuyển,5
nhet-tai-samsung-ia500-den,Tai nghe Dây Samsung IA500,Nguyễn Ngọc,4
nhet-tai-samsung-ia500-den,Tai nghe Dây Samsung IA500,Nguyễn Bá Cường,3
nhet-tai-samsung-ia500-den,Tai nghe Dây Samsung IA500,Anh Mạnh,5
nhet-tai-samsung-ia500-den,Tai nghe Dây Samsung IA500,Anh Bảy,5
nhet-tai-samsung-ia500-den,Tai nghe Dây Samsung IA500,Sự Phiếp,5
nhet-tai-samsung-ia500-den,Tai nghe Dây Samsung IA500,PHẠM HÙNG THIÊM,5
nhet-tai-samsung-ia500-den,Tai nghe Dây Samsung IA500,Lê Thị Kiều Nương,5
nhet-tai-samsung-ia500-den,Tai nghe Dây Samsung IA500,Thanh,4
nhet-tai-samsung-ia500-den,Tai nghe Dây Samsung IA500,Nguyễn Tấn Hiệp,5
nhet-tai-samsung-ia500-den,Tai nghe Dây Samsung IA500,Anh Việt,3
nhet-tai-samsung-ia500-den,Tai nghe Dây Samsung IA500,Tô Trung Kiên,5
nhet-tai-samsung-ia500-den,Tai nghe Dây Samsung IA500,Hiếu,4
nhet-tai-samsung-ia500-den,Tai nghe Dây Samsung IA500,Trần Quốc Nguyên,4
nhet-tai-samsung-ia500-den,Tai nghe Dây Samsung IA500,Phạm Hùng Vương,5
nhet-tai-samsung-ia500-den,Tai nghe Dây Samsung IA500,Chị Hoa,2
nhet-tai-samsung-ia500-den,Tai nghe Dây Samsung IA500,Bàn Văn Chỉnh,1
nhet-tai-samsung-ia500-den,Tai nghe Dây Samsung IA500,Anh Thịnh,5
nhet-tai-samsung-ia500-den,Tai nghe Dây Samsung IA500,Em Thịnh,3
nhet-tai-samsung-ia500-den,Tai nghe Dây Samsung IA500,Võ Thuận,5
nhet-tai-samsung-ia500-den,Tai nghe Dây Samsung IA500,Huy,3
nhet-tai-samsung-ia500-den,Tai nghe Dây Samsung IA500,Anh Lợi,5
nhet-tai-samsung-ia500-den,Tai nghe Dây Samsung IA500,BÍCH NGỌC,5
nhet-tai-samsung-ia500-den,Tai nghe Dây Samsung IA500,BÍCH NGỌC,5
nhet-tai-samsung-ia500-den,Tai nghe Dây Samsung IA500,Nguyễn Hoàng Thiện,1
nhet-tai-samsung-ia500-den,Tai nghe Dây Samsung IA500,Đoàn Thanh Hoài Vinh,5
nhet-tai-samsung-ia500-den,Tai nghe Dây Samsung IA500,Nghị,4
nhet-tai-samsung-ia500-den,Tai nghe Dây Samsung IA500,Lê Thị Kiều Nương,5
nhet-tai-samsung-ia500-den,Tai nghe Dây Samsung IA500,Thanh,4
nhet-tai-samsung-ia500-den,Tai nghe Dây Samsung IA500,Nguyễn Tấn Hiệp,5
nhet-tai-samsung-ia500-den,Tai nghe Dây Samsung IA500,Anh Việt,3
nhet-tai-samsung-ia500-den,Tai nghe Dây Samsung IA500,Tô Trung Kiên,5
nhet-tai-samsung-ia500-den,Tai nghe Dây Samsung IA500,Hiếu,4
nhet-tai-samsung-ia500-den,Tai nghe Dây Samsung IA500,Trần Quốc Nguyên,4
nhet-tai-samsung-ia500-den,Tai nghe Dây Samsung IA500,Phạm Hùng Vương,5
nhet-tai-samsung-ia500-den,Tai nghe Dây Samsung IA500,Chị Hoa,2
nhet-tai-samsung-ia500-den,Tai nghe Dây Samsung IA500,Bàn Văn Chỉnh,1
nhet-tai-samsung-ia500-den,Tai nghe Dây Samsung IA500,Anh Thịnh,5
nhet-tai-samsung-ia500-den,Tai nghe Dây Samsung IA500,Em Thịnh,3
nhet-tai-samsung-ia500-den,Tai nghe Dây Samsung IA500,Võ Thuận,5
nhet-tai-samsung-ia500-den,Tai nghe Dây Samsung IA500,Huy,3
nhet-tai-samsung-ia500-den,Tai nghe Dây Samsung IA500,Anh Lợi,5
nhet-tai-samsung-ia500-den,Tai nghe Dây Samsung IA500,BÍCH NGỌC,5
nhet-tai-samsung-ia500-den,Tai nghe Dây Samsung IA500,BÍCH NGỌC,5
nhet-tai-samsung-ia500-den,Tai nghe Dây Samsung IA500,Nguyễn Hoàng Thiện,1
nhet-tai-samsung-ia500-den,Tai nghe Dây Samsung IA500,Đoàn Thanh Hoài Vinh,5
nhet-tai-samsung-ia500-den,Tai nghe Dây Samsung IA500,Nghị,4
nhet-tai-samsung-ia500-den,Tai nghe Dây Samsung IA500,Hoài Nam,5
nhet-tai-samsung-ia500-den,Tai nghe Dây Samsung IA500,Trần Trung Hậu,5
nhet-tai-samsung-ia500-den,Tai nghe Dây Samsung IA500,NGUYỄN HỒNG THẢO,2
nhet-tai-samsung-ia500-den,Tai nghe Dây Samsung IA500,Đào Hồng Hạnh,5
nhet-tai-samsung-ia500-den,Tai nghe Dây Samsung IA500,Hải,5
nhet-tai-samsung-ia500-den,Tai nghe Dây Samsung IA500,TRẦN QUỐC VIỆT,5
nhet-tai-samsung-ia500-den,Tai nghe Dây Samsung IA500,Chú Bốn,5
nhet-tai-samsung-ia500-den,Tai nghe Dây Samsung IA500,Nguyễn Trung Kiên,5
nhet-tai-samsung-ia500-den,Tai nghe Dây Samsung IA500,Thanh Truyền,5
nhet-tai-samsung-ia500-den,Tai nghe Dây Samsung IA500,Lương Vũ Ngọc Hải,5
nhet-tai-samsung-ia500-den,Tai nghe Dây Samsung IA500,Toàn,5
nhet-tai-samsung-ia500-den,Tai nghe Dây Samsung IA500,Huỳnh Quốc Điền,5
nhet-tai-samsung-ia500-den,Tai nghe Dây Samsung IA500,A Đức,5
nhet-tai-samsung-ia500-den,Tai nghe Dây Samsung IA500,35590 - Đặng Hoàng Anh,5
nhet-tai-samsung-ia500-den,Tai nghe Dây Samsung IA500,Phạm Anh Tuấn,5
nhet-tai-samsung-ia500-den,Tai nghe Dây Samsung IA500,Nguyễn Hưng,4
nhet-tai-samsung-ia500-den,Tai nghe Dây Samsung IA500,Em Nguyệt,5
nhet-tai-samsung-ia500-den,Tai nghe Dây Samsung IA500,TRẦN THANH NGHIÊM,5
nhet-tai-samsung-ia500-den,Tai nghe Dây Samsung IA500,Lê Việt Phương,5
nhet-tai-samsung-ia500-den,Tai nghe Dây Samsung IA500,Trịnh Thái Vinh,4
nhet-tai-samsung-ia500-den,Tai nghe Dây Samsung IA500,Khải,5
nhet-tai-samsung-ia500-den,Tai nghe Dây Samsung IA500,Võ Nhật Phi,4
nhet-tai-samsung-ia500-den,Tai nghe Dây Samsung IA500,Ngô Thị Cẩm Vân,4
nhet-tai-samsung-ia500-den,Tai nghe Dây Samsung IA500,PhạM Văn Yên,4
nhet-tai-samsung-ia500-den,Tai nghe Dây Samsung IA500,Anh Ân,5
nhet-tai-samsung-ia500-den,Tai nghe Dây Samsung IA500,Nguyễn Minh Trí,5
nhet-tai-samsung-ia500-den,Tai nghe Dây Samsung IA500,Lê Thanh Tú,3
tai-nghe-ep-sony-mdr-ex15aplize,Tai nghe Dây Sony MDR-EX15AP,Dương Thị Hường,1
tai-nghe-ep-sony-mdr-ex15aplize,Tai nghe Dây Sony MDR-EX15AP,An Trương,2
tai-nghe-ep-sony-mdr-ex15aplize,Tai nghe Dây Sony MDR-EX15AP,Xuân Bắc,2
tai-nghe-ep-sony-mdr-ex15aplize,Tai nghe Dây Sony MDR-EX15AP,Yen Nguyen,2
tai-nghe-ep-sony-mdr-ex15aplize,Tai nghe Dây Sony MDR-EX15AP,Trung Tan,3
tai-nghe-ep-sony-mdr-ex15aplize,Tai nghe Dây Sony MDR-EX15AP,Giang,4
tai-nghe-ep-sony-mdr-ex15aplize,Tai nghe Dây Sony MDR-EX15AP,Cao Điểm,1
tai-nghe-ep-sony-mdr-ex15aplize,Tai nghe Dây Sony MDR-EX15AP,Gia Cát,4
tai-nghe-ep-sony-mdr-ex15aplize,Tai nghe Dây Sony MDR-EX15AP,Lê Thanh Phú,4
tai-nghe-ep-sony-mdr-ex15aplize,Tai nghe Dây Sony MDR-EX15AP,Nguyễn Văn Nhi,2
tai-nghe-ep-sony-mdr-ex15aplize,Tai nghe Dây Sony MDR-EX15AP,Huỳnh Thụy Tường Vi,4
tai-nghe-ep-sony-mdr-ex15aplize,Tai nghe Dây Sony MDR-EX15AP,Em Uyên,4
tai-nghe-ep-sony-mdr-ex15aplize,Tai nghe Dây Sony MDR-EX15AP,Nguyễn Viết Hoàng,1
tai-nghe-ep-sony-mdr-ex15aplize,Tai nghe Dây Sony MDR-EX15AP,Khánh,5
tai-nghe-ep-sony-mdr-ex15aplize,Tai nghe Dây Sony MDR-EX15AP,Phùng Thư,5
tai-nghe-ep-sony-mdr-ex15aplize,Tai nghe Dây Sony MDR-EX15AP,C Lệ,5
tai-nghe-ep-sony-mdr-ex15aplize,Tai nghe Dây Sony MDR-EX15AP,Hà,3
tai-nghe-ep-sony-mdr-ex15aplize,Tai nghe Dây Sony MDR-EX15AP,Phạm Thị Kim Cương,4
tai-nghe-ep-sony-mdr-ex15aplize,Tai nghe Dây Sony MDR-EX15AP,Rmah Nem,5
tai-nghe-ep-sony-mdr-ex15aplize,Tai nghe Dây Sony MDR-EX15AP,Hồ Quốc Dũng,2
tai-nghe-ep-sony-mdr-ex15aplize,Tai nghe Dây Sony MDR-EX15AP,Loan,2
tai-nghe-ep-sony-mdr-ex15aplize,Tai nghe Dây Sony MDR-EX15AP,Phạm Minh Thuận,5
tai-nghe-ep-sony-mdr-ex15aplize,Tai nghe Dây Sony MDR-EX15AP,Nguyễn Triều Thảo,5
tai-nghe-ep-sony-mdr-ex15aplize,Tai nghe Dây Sony MDR-EX15AP,Lê Tiến Lực,3
tai-nghe-ep-sony-mdr-ex15aplize,Tai nghe Dây Sony MDR-EX15AP,Nguyễn Cao Chăm,4
tai-nghe-ep-sony-mdr-ex15aplize,Tai nghe Dây Sony MDR-EX15AP,Nguyễn Anh,5
tai-nghe-ep-sony-mdr-ex15aplize,Tai nghe Dây Sony MDR-EX15AP,Nhật,5
tai-nghe-ep-sony-mdr-ex15aplize,Tai nghe Dây Sony MDR-EX15AP,Huỳnh Trung Hiếu,5
tai-nghe-ep-sony-mdr-ex15aplize,Tai nghe Dây Sony MDR-EX15AP,Thái Hoàng Tuấn,4
tai-nghe-ep-sony-mdr-ex15aplize,Tai nghe Dây Sony MDR-EX15AP,Trương Công Thắng,5
tai-nghe-ep-sony-mdr-ex15aplize,Tai nghe Dây Sony MDR-EX15AP,Bùi Nguyễn Đức Trọng,5
tai-nghe-ep-sony-mdr-ex15aplize,Tai nghe Dây Sony MDR-EX15AP,Tran Anh Tuan,5
tai-nghe-ep-sony-mdr-ex15aplize,Tai nghe Dây Sony MDR-EX15AP,LÊ HOÀNG VŨ,4
tai-nghe-ep-sony-mdr-ex15aplize,Tai nghe Dây Sony MDR-EX15AP,Linh,4
tai-nghe-ep-sony-mdr-ex15aplize,Tai nghe Dây Sony MDR-EX15AP,Dũng,3
tai-nghe-ep-sony-mdr-ex15aplize,Tai nghe Dây Sony MDR-EX15AP,TRỊNH HOÀNG THẠCH,5
tai-nghe-ep-sony-mdr-ex15aplize,Tai nghe Dây Sony MDR-EX15AP,HÀ TRUNG HIẾU,4
tai-nghe-ep-sony-mdr-ex15aplize,Tai nghe Dây Sony MDR-EX15AP,DƯƠNG CHÍ BẢO,4
tai-nghe-ep-sony-mdr-ex15aplize,Tai nghe Dây Sony MDR-EX15AP,LÊ HỮU GIAU,5
tai-nghe-ep-sony-mdr-ex15aplize,Tai nghe Dây Sony MDR-EX15AP,Thúy Kiều,5
tai-nghe-ep-sony-mdr-ex15aplize,Tai nghe Dây Sony MDR-EX15AP,Anh Mùi,4
tai-nghe-ep-sony-mdr-ex15aplize,Tai nghe Dây Sony MDR-EX15AP,Tran Van Tuan,5
tai-nghe-ep-sony-mdr-ex15aplize,Tai nghe Dây Sony MDR-EX15AP,Trần Ngọc Hải,4
tai-nghe-ep-sony-mdr-ex15aplize,Tai nghe Dây Sony MDR-EX15AP,Em Nhung,5
tai-nghe-ep-sony-mdr-ex15aplize,Tai nghe Dây Sony MDR-EX15AP,Trường,4
tai-nghe-ep-sony-mdr-ex15aplize,Tai nghe Dây Sony MDR-EX15AP,Văn,5
tai-nghe-ep-sony-mdr-ex15aplize,Tai nghe Dây Sony MDR-EX15AP,Nguyễn Viết Trọng,3
tai-nghe-ep-sony-mdr-ex15aplize,Tai nghe Dây Sony MDR-EX15AP,Hoàng Thị Hường,4
tai-nghe-ep-sony-mdr-ex15aplize,Tai nghe Dây Sony MDR-EX15AP,Lê Thanh Phong,4
tai-nghe-ep-sony-mdr-ex15aplize,Tai nghe Dây Sony MDR-EX15AP,CÔNG TY CỔ PHẦN ĐẦU TƯ XÂY DỰNG THƯƠNG MẠI VIỆT PHÚ,2
tai-nghe-ep-sony-mdr-ex15aplize,Tai nghe Dây Sony MDR-EX15AP,Nguyễn Thị Bảo Ngọc,5
tai-nghe-ep-sony-mdr-ex15aplize,Tai nghe Dây Sony MDR-EX15AP,Chung,4
tai-nghe-ep-sony-mdr-ex15aplize,Tai nghe Dây Sony MDR-EX15AP,Chị Thi,5
tai-nghe-ep-sony-mdr-ex15aplize,Tai nghe Dây Sony MDR-EX15AP,Th,3
tai-nghe-ep-sony-mdr-ex15aplize,Tai nghe Dây Sony MDR-EX15AP,Võ Thanh Trúc,5
tai-nghe-ep-sony-mdr-ex15aplize,Tai nghe Dây Sony MDR-EX15AP,Thời,5
tai-nghe-ep-sony-mdr-ex15aplize,Tai nghe Dây Sony MDR-EX15AP,Võ Hồng Nhi,4
tai-nghe-ep-sony-mdr-ex15aplize,Tai nghe Dây Sony MDR-EX15AP,Võ Lương Gia Huy,4
tai-nghe-ep-sony-mdr-ex15aplize,Tai nghe Dây Sony MDR-EX15AP,Đào Công Giáp,5
tai-nghe-ep-sony-mdr-ex15aplize,Tai nghe Dây Sony MDR-EX15AP,Nguyễn Diệu Thu,5
tai-nghe-ep-sony-mdr-ex15aplize,Tai nghe Dây Sony MDR-EX15AP,Đinh Duy Khoa,3
tai-nghe-ep-sony-mdr-ex15aplize,Tai nghe Dây Sony MDR-EX15AP,Thanh,5
tai-nghe-ep-sony-mdr-ex15aplize,Tai nghe Dây Sony MDR-EX15AP,Nguyễn Duy Hoàng,3
tai-nghe-ep-sony-mdr-ex15aplize,Tai nghe Dây Sony MDR-EX15AP,Đinh Hữu Lộc,4
tai-nghe-ep-sony-mdr-ex15aplize,Tai nghe Dây Sony MDR-EX15AP,Giang,4
tai-nghe-ep-sony-mdr-ex15aplize,Tai nghe Dây Sony MDR-EX15AP,Huỳnh Đăng Duy,4
tai-nghe-ep-sony-mdr-ex15aplize,Tai nghe Dây Sony MDR-EX15AP,Khoa,1
tai-nghe-ep-sony-mdr-ex15aplize,Tai nghe Dây Sony MDR-EX15AP,Đức Giang,4
tai-nghe-ep-sony-mdr-ex15aplize,Tai nghe Dây Sony MDR-EX15AP,Huỳnh Trinh,5
tai-nghe-ep-sony-mdr-ex15aplize,Tai nghe Dây Sony MDR-EX15AP,Đỗ Thị Thanh Thúy,4
tai-nghe-ep-sony-mdr-ex15aplize,Tai nghe Dây Sony MDR-EX15AP,Lâm,5
tai-nghe-ep-sony-mdr-ex15aplize,Tai nghe Dây Sony MDR-EX15AP,DOAN MINH THUAN,5
tai-nghe-ep-sony-mdr-ex15aplize,Tai nghe Dây Sony MDR-EX15AP,Huỳnh Thảo Chi,5
tai-nghe-ep-sony-mdr-ex15aplize,Tai nghe Dây Sony MDR-EX15AP,Nguyen,5
tai-nghe-ep-sony-mdr-ex15aplize,Tai nghe Dây Sony MDR-EX15AP,Phong,5
tai-nghe-ep-sony-mdr-ex15aplize,Tai nghe Dây Sony MDR-EX15AP,LÊ TUẤN SANG,5
tai-nghe-ep-sony-mdr-ex15aplize,Tai nghe Dây Sony MDR-EX15AP,Lê Thúy Quỳnh,2
tai-nghe-ep-sony-mdr-ex15aplize,Tai nghe Dây Sony MDR-EX15AP,Anh Truyền,5
tai-nghe-ep-sony-mdr-ex15aplize,Tai nghe Dây Sony MDR-EX15AP,Lê Nhật Minh,3
tai-nghe-ep-sony-mdr-ex15aplize,Tai nghe Dây Sony MDR-EX15AP,NGUYEN BUI THANH SON,4
tai-nghe-ep-sony-mdr-ex15aplize,Tai nghe Dây Sony MDR-EX15AP,Trần Anh Minh,4
tai-nghe-ep-sony-mdr-ex15aplize,Tai nghe Dây Sony MDR-EX15AP,NGUYỄN KHẮC HUY,2
tai-nghe-ep-sony-mdr-ex15aplize,Tai nghe Dây Sony MDR-EX15AP,Tuệ,5
tai-nghe-ep-sony-mdr-ex15aplize,Tai nghe Dây Sony MDR-EX15AP,Thuấn,3
tai-nghe-ep-sony-mdr-ex15aplize,Tai nghe Dây Sony MDR-EX15AP,Nguyễn Minh Tuấn Anh,1
tai-nghe-ep-sony-mdr-ex15aplize,Tai nghe Dây Sony MDR-EX15AP,Võ Văn Hiếu,5
tai-nghe-ep-sony-mdr-ex15aplize,Tai nghe Dây Sony MDR-EX15AP,Nguyễn Viết Thanh,2
tai-nghe-ep-sony-mdr-ex15aplize,Tai nghe Dây Sony MDR-EX15AP,Từ Phượng,5
tai-nghe-ep-sony-mdr-ex15aplize,Tai nghe Dây Sony MDR-EX15AP,Võ Văn Ngà,1
tai-nghe-ep-sony-mdr-ex15aplize,Tai nghe Dây Sony MDR-EX15AP,Châu Nhật Trường,4
tai-nghe-ep-sony-mdr-ex15aplize,Tai nghe Dây Sony MDR-EX15AP,Nguyễn Đức Đạt,2
tai-nghe-ep-sony-mdr-ex15aplize,Tai nghe Dây Sony MDR-EX15AP,Lê Thị Ánh Tuyết,5
tai-nghe-ep-sony-mdr-ex15aplize,Tai nghe Dây Sony MDR-EX15AP,Phú,5
tai-nghe-ep-sony-mdr-ex15aplize,Tai nghe Dây Sony MDR-EX15AP,Đặng Thị Phương Uyên,5
tai-nghe-ep-sony-mdr-ex15aplize,Tai nghe Dây Sony MDR-EX15AP,Khánh,3
tai-nghe-ep-sony-mdr-ex15aplize,Tai nghe Dây Sony MDR-EX15AP,Tô Văn Nghĩa,3
tai-nghe-ep-sony-mdr-ex15aplize,Tai nghe Dây Sony MDR-EX15AP,An,1
tai-nghe-ep-sony-mdr-ex15aplize,Tai nghe Dây Sony MDR-EX15AP,Bình,3
tai-nghe-ep-sony-mdr-ex15aplize,Tai nghe Dây Sony MDR-EX15AP,Nguyễn Bùi,5
tai-nghe-ep-sony-mdr-ex15aplize,Tai nghe Dây Sony MDR-EX15AP,Thanh Nhàn,1
tai-nghe-ep-sony-mdr-ex15aplize,Tai nghe Dây Sony MDR-EX15AP,Kiên,5
tai-nghe-ep-sony-mdr-ex15aplize,Tai nghe Dây Sony MDR-EX15AP,C Diệu,1
tai-nghe-ep-sony-mdr-ex15aplize,Tai nghe Dây Sony MDR-EX15AP,Anh Tiệp,4
tai-nghe-ep-sony-mdr-ex15aplize,Tai nghe Dây Sony MDR-EX15AP,Nguyễn Thanh Đa,4
tai-nghe-ep-sony-mdr-ex15aplize,Tai nghe Dây Sony MDR-EX15AP,Đỗ Xuân Võ,5
tai-nghe-ep-sony-mdr-ex15aplize,Tai nghe Dây Sony MDR-EX15AP,A Long,2
tai-nghe-ep-sony-mdr-ex15aplize,Tai nghe Dây Sony MDR-EX15AP,Anh Huy,5
tai-nghe-ep-sony-mdr-ex15aplize,Tai nghe Dây Sony MDR-EX15AP,Kim Phượng,3
tai-nghe-ep-sony-mdr-ex15aplize,Tai nghe Dây Sony MDR-EX15AP,Nguyễn Đỗ Khiêm,5
tai-nghe-ep-sony-mdr-ex15aplize,Tai nghe Dây Sony MDR-EX15AP,Tôn Thất Nam,5
tai-nghe-ep-sony-mdr-ex15aplize,Tai nghe Dây Sony MDR-EX15AP,Phương,2
tai-nghe-ep-sony-mdr-ex15aplize,Tai nghe Dây Sony MDR-EX15AP,Giang,3
tai-nghe-ep-sony-mdr-ex15aplize,Tai nghe Dây Sony MDR-EX15AP,Khánh,4
tai-nghe-ep-sony-mdr-ex15aplize,Tai nghe Dây Sony MDR-EX15AP,Anh,4
tai-nghe-ep-sony-mdr-ex15aplize,Tai nghe Dây Sony MDR-EX15AP,Lê Trần Yến Nhi,4
tai-nghe-ep-sony-mdr-ex15aplize,Tai nghe Dây Sony MDR-EX15AP,Nguyễn Thành Đạt,5
tai-nghe-ep-sony-mdr-ex15aplize,Tai nghe Dây Sony MDR-EX15AP,Nguyễn Hồng Phúc,5
tai-nghe-ep-sony-mdr-ex15aplize,Tai nghe Dây Sony MDR-EX15AP,Bùi Văn Phúc,5
tai-nghe-ep-sony-mdr-ex15aplize,Tai nghe Dây Sony MDR-EX15AP,Vũ Thiên,3
tai-nghe-ep-sony-mdr-ex15aplize,Tai nghe Dây Sony MDR-EX15AP,Anh Vũ Đức Lợi,3
tai-nghe-ep-sony-mdr-ex15aplize,Tai nghe Dây Sony MDR-EX15AP,Kiên,5
tai-nghe-ep-sony-mdr-ex15aplize,Tai nghe Dây Sony MDR-EX15AP,C Diệu,1
tai-nghe-ep-sony-mdr-ex15aplize,Tai nghe Dây Sony MDR-EX15AP,Anh Tiệp,4
tai-nghe-ep-sony-mdr-ex15aplize,Tai nghe Dây Sony MDR-EX15AP,Nguyễn Thanh Đa,4
tai-nghe-ep-sony-mdr-ex15aplize,Tai nghe Dây Sony MDR-EX15AP,Đỗ Xuân Võ,5
tai-nghe-ep-sony-mdr-ex15aplize,Tai nghe Dây Sony MDR-EX15AP,A Long,2
tai-nghe-ep-sony-mdr-ex15aplize,Tai nghe Dây Sony MDR-EX15AP,Anh Huy,5
tai-nghe-ep-sony-mdr-ex15aplize,Tai nghe Dây Sony MDR-EX15AP,Kim Phượng,3
tai-nghe-ep-sony-mdr-ex15aplize,Tai nghe Dây Sony MDR-EX15AP,Nguyễn Đỗ Khiêm,5
tai-nghe-ep-sony-mdr-ex15aplize,Tai nghe Dây Sony MDR-EX15AP,Tôn Thất Nam,5
tai-nghe-ep-sony-mdr-ex15aplize,Tai nghe Dây Sony MDR-EX15AP,Phương,2
tai-nghe-ep-sony-mdr-ex15aplize,Tai nghe Dây Sony MDR-EX15AP,Giang,3
tai-nghe-ep-sony-mdr-ex15aplize,Tai nghe Dây Sony MDR-EX15AP,Khánh,4
tai-nghe-ep-sony-mdr-ex15aplize,Tai nghe Dây Sony MDR-EX15AP,Anh,4
tai-nghe-ep-sony-mdr-ex15aplize,Tai nghe Dây Sony MDR-EX15AP,Lê Trần Yến Nhi,4
tai-nghe-ep-sony-mdr-ex15aplize,Tai nghe Dây Sony MDR-EX15AP,Nguyễn Thành Đạt,5
tai-nghe-ep-sony-mdr-ex15aplize,Tai nghe Dây Sony MDR-EX15AP,Nguyễn Hồng Phúc,5
tai-nghe-ep-sony-mdr-ex15aplize,Tai nghe Dây Sony MDR-EX15AP,Bùi Văn Phúc,5
tai-nghe-ep-sony-mdr-ex15aplize,Tai nghe Dây Sony MDR-EX15AP,Vũ Thiên,3
tai-nghe-ep-sony-mdr-ex15aplize,Tai nghe Dây Sony MDR-EX15AP,Anh Vũ Đức Lợi,3
tai-nghe-ep-sony-mdr-ex15aplize,Tai nghe Dây Sony MDR-EX15AP,NGUYEN DAC HUAN,5
tai-nghe-ep-sony-mdr-ex15aplize,Tai nghe Dây Sony MDR-EX15AP,Cảnh,2
tai-nghe-ep-sony-mdr-ex15aplize,Tai nghe Dây Sony MDR-EX15AP,Anh Vọng,5
tai-nghe-ep-sony-mdr-ex15aplize,Tai nghe Dây Sony MDR-EX15AP,Pham Duy Chinh,3
tai-nghe-ep-sony-mdr-ex15aplize,Tai nghe Dây Sony MDR-EX15AP,Phan Tuấn Vĩ,5
tai-nghe-ep-sony-mdr-ex15aplize,Tai nghe Dây Sony MDR-EX15AP,Quách Vĩ Hào,2
tai-nghe-ep-sony-mdr-ex15aplize,Tai nghe Dây Sony MDR-EX15AP,Dương Văn Minh,4
tai-nghe-ep-sony-mdr-ex15aplize,Tai nghe Dây Sony MDR-EX15AP,Lâm Văn Mẫn,5
tai-nghe-ep-sony-mdr-ex15aplize,Tai nghe Dây Sony MDR-EX15AP,Nhuanthu,5
tai-nghe-ep-sony-mdr-ex15aplize,Tai nghe Dây Sony MDR-EX15AP,Nghiệp,4
tai-nghe-ep-sony-mdr-ex15aplize,Tai nghe Dây Sony MDR-EX15AP,Tăng Văn Thăng,5
tai-nghe-ep-sony-mdr-ex15aplize,Tai nghe Dây Sony MDR-EX15AP,Đinh Tú Cường,5
tai-nghe-ep-sony-mdr-ex15aplize,Tai nghe Dây Sony MDR-EX15AP,Võ Thị Ánh Loan,5
tai-nghe-ep-sony-mdr-ex15aplize,Tai nghe Dây Sony MDR-EX15AP,Đinh Xuân Ngọc Bình,5
tai-nghe-ep-sony-mdr-ex15aplize,Tai nghe Dây Sony MDR-EX15AP,Chú Tuấn,5
tai-nghe-ep-sony-mdr-ex15aplize,Tai nghe Dây Sony MDR-EX15AP,Nguyễn Trung Quốc,4
tai-nghe-ep-sony-mdr-ex15aplize,Tai nghe Dây Sony MDR-EX15AP,Trịnh Văn Thạch,5
tai-nghe-ep-sony-mdr-ex15aplize,Tai nghe Dây Sony MDR-EX15AP,Phạm Văn Hùng,4
tai-nghe-ep-sony-mdr-ex15aplize,Tai nghe Dây Sony MDR-EX15AP,Bùi Thị Hà,5
tai-nghe-ep-sony-mdr-ex15aplize,Tai nghe Dây Sony MDR-EX15AP,Võ Đình Bảo,4
tai-nghe-bluetooth-chup-tai-havit-h667bt,Tai nghe Chụp Tai Havit H667BT,Phan Thanh Tuấn,2
tai-nghe-bluetooth-chup-tai-havit-h667bt,Tai nghe Chụp Tai Havit H667BT,Dương Trường,4
tai-nghe-bluetooth-chup-tai-havit-h667bt,Tai nghe Chụp Tai Havit H667BT,Nguyễn Văn Nam,1
tai-nghe-bluetooth-chup-tai-havit-h667bt,Tai nghe Chụp Tai Havit H667BT,Vũ Trường Sơn,5
tai-nghe-bluetooth-chup-tai-havit-h667bt,Tai nghe Chụp Tai Havit H667BT,Phùng Đức Dũng,5
tai-nghe-bluetooth-chup-tai-havit-h667bt,Tai nghe Chụp Tai Havit H667BT,Thanh Tuấn,4
tai-nghe-bluetooth-chup-tai-havit-h667bt,Tai nghe Chụp Tai Havit H667BT,Hồng,4
tai-nghe-bluetooth-chup-tai-havit-h667bt,Tai nghe Chụp Tai Havit H667BT,Nguyễn Hoàng Anh,4
tai-nghe-bluetooth-chup-tai-havit-h667bt,Tai nghe Chụp Tai Havit H667BT,Nhật Linh,3
tai-nghe-bluetooth-chup-tai-havit-h667bt,Tai nghe Chụp Tai Havit H667BT,Trần Hoàng Nguyên,5
tai-nghe-bluetooth-chup-tai-havit-h667bt,Tai nghe Chụp Tai Havit H667BT,Bùi Văn Tư,5
tai-nghe-bluetooth-chup-tai-havit-h667bt,Tai nghe Chụp Tai Havit H667BT,Tran Ngoc Dang,5
tai-nghe-bluetooth-chup-tai-havit-h667bt,Tai nghe Chụp Tai Havit H667BT,Cường,2
tai-nghe-bluetooth-chup-tai-havit-h667bt,Tai nghe Chụp Tai Havit H667BT,Khang Huy,5
tai-nghe-bluetooth-chup-tai-havit-h667bt,Tai nghe Chụp Tai Havit H667BT,Nguyễn Chí Tôn,4
tai-nghe-bluetooth-chup-tai-havit-h667bt,Tai nghe Chụp Tai Havit H667BT,TRUNG,5
tai-nghe-bluetooth-chup-tai-havit-h667bt,Tai nghe Chụp Tai Havit H667BT,Nguyễn Thị Hồng Gấm,3
tai-nghe-bluetooth-chup-tai-havit-h667bt,Tai nghe Chụp Tai Havit H667BT,Sang,5
tai-nghe-bluetooth-chup-tai-havit-h667bt,Tai nghe Chụp Tai Havit H667BT,Đỗ Văn Đức,4
tai-nghe-bluetooth-chup-tai-havit-h667bt,Tai nghe Chụp Tai Havit H667BT,Nguyễn Hoàng Phương Nhân,5
tai-nghe-bluetooth-chup-tai-havit-h667bt,Tai nghe Chụp Tai Havit H667BT,Trần,5
tai-nghe-bluetooth-chup-tai-havit-h667bt,Tai nghe Chụp Tai Havit H667BT,Thu Diệu,5
tai-nghe-bluetooth-chup-tai-havit-h667bt,Tai nghe Chụp Tai Havit H667BT,Trần Huy,2
tai-nghe-bluetooth-chup-tai-havit-h667bt,Tai nghe Chụp Tai Havit H667BT,Công Định,5
tai-nghe-bluetooth-chup-tai-havit-h667bt,Tai nghe Chụp Tai Havit H667BT,Anh VIỆT Anh,5
tai-nghe-bluetooth-chup-tai-havit-h667bt,Tai nghe Chụp Tai Havit H667BT,Lâm Nguyệt Huê,5
tai-nghe-bluetooth-chup-tai-havit-h667bt,Tai nghe Chụp Tai Havit H667BT,Vinh,4
tai-nghe-bluetooth-chup-tai-havit-h667bt,Tai nghe Chụp Tai Havit H667BT,Thảo,4
tai-nghe-bluetooth-chup-tai-havit-h667bt,Tai nghe Chụp Tai Havit H667BT,Anh An,3
tai-nghe-bluetooth-chup-tai-havit-h667bt,Tai nghe Chụp Tai Havit H667BT,Mr Minh,4
tai-nghe-bluetooth-chup-tai-havit-h667bt,Tai nghe Chụp Tai Havit H667BT,Bùi Xuân Dũng,4
tai-nghe-bluetooth-chup-tai-havit-h667bt,Tai nghe Chụp Tai Havit H667BT,Trần Tiến Thanh,5
tai-nghe-bluetooth-chup-tai-havit-h667bt,Tai nghe Chụp Tai Havit H667BT,Thạch Phi Trương,5
tai-nghe-bluetooth-chup-tai-havit-h667bt,Tai nghe Chụp Tai Havit H667BT,Quan Tình,5
tai-nghe-co-day-ep-type-c-ava-livebass-s870?utm_flashsale=1,Tai nghe Dây Type C AVA+ LiveBass S870,Minh Lộc,5
tai-nghe-co-day-ep-type-c-ava-livebass-s870?utm_flashsale=1,Tai nghe Dây Type C AVA+ LiveBass S870,Tính,3
tai-nghe-co-day-ep-type-c-ava-livebass-s870?utm_flashsale=1,Tai nghe Dây Type C AVA+ LiveBass S870,Ngân,3
tai-nghe-co-day-ep-type-c-ava-livebass-s870?utm_flashsale=1,Tai nghe Dây Type C AVA+ LiveBass S870,An,3
tai-nghe-co-day-ep-type-c-ava-livebass-s870?utm_flashsale=1,Tai nghe Dây Type C AVA+ LiveBass S870,Tâm,3
tai-nghe-co-day-ep-type-c-ava-livebass-s870?utm_flashsale=1,Tai nghe Dây Type C AVA+ LiveBass S870,Hai,4
tai-nghe-co-day-ep-type-c-ava-livebass-s870?utm_flashsale=1,Tai nghe Dây Type C AVA+ LiveBass S870,Hung,4
tai-nghe-co-day-ep-type-c-ava-livebass-s870?utm_flashsale=1,Tai nghe Dây Type C AVA+ LiveBass S870,Hiển,4
tai-nghe-co-day-ep-type-c-ava-livebass-s870?utm_flashsale=1,Tai nghe Dây Type C AVA+ LiveBass S870,Như,4
tai-nghe-co-day-ep-type-c-ava-livebass-s870?utm_flashsale=1,Tai nghe Dây Type C AVA+ LiveBass S870,Cường,5
tai-nghe-co-day-ep-type-c-ava-livebass-s870?utm_flashsale=1,Tai nghe Dây Type C AVA+ LiveBass S870,HUỲNH VĂN CẢNH,5
tai-nghe-co-day-ep-type-c-ava-livebass-s870?utm_flashsale=1,Tai nghe Dây Type C AVA+ LiveBass S870,Loan,4
tai-nghe-co-day-ep-type-c-ava-livebass-s870?utm_flashsale=1,Tai nghe Dây Type C AVA+ LiveBass S870,Lê Dương Trí Đạt,5
tai-nghe-co-day-ep-type-c-ava-livebass-s870?utm_flashsale=1,Tai nghe Dây Type C AVA+ LiveBass S870,Nguyễn Bằng Phi,4
tai-nghe-co-day-ep-type-c-ava-livebass-s870?utm_flashsale=1,Tai nghe Dây Type C AVA+ LiveBass S870,Đức Anh,5
tai-nghe-co-day-ep-type-c-ava-livebass-s870?utm_flashsale=1,Tai nghe Dây Type C AVA+ LiveBass S870,Lê Đình Anh Tuấn,5
tai-nghe-co-day-ep-type-c-ava-livebass-s870?utm_flashsale=1,Tai nghe Dây Type C AVA+ LiveBass S870,Phạm Vũ Trường Nhật,5
tai-nghe-co-day-ep-type-c-ava-livebass-s870?utm_flashsale=1,Tai nghe Dây Type C AVA+ LiveBass S870,Nguyễn Anh Dũng,5
tai-nghe-co-day-ep-type-c-ava-livebass-s870?utm_flashsale=1,Tai nghe Dây Type C AVA+ LiveBass S870,Lý Thị Cẩm Xuân,5
tai-nghe-bluetooth-chup-tai-havit-h663bt,Tai nghe Chụp Tai Havit H663BT,Thu Nguyễn,2
tai-nghe-bluetooth-chup-tai-havit-h663bt,Tai nghe Chụp Tai Havit H663BT,Huỳnh Thiên Thái An,5
tai-nghe-bluetooth-chup-tai-havit-h663bt,Tai nghe Chụp Tai Havit H663BT,Trịnh Quang Huy,4
tai-nghe-bluetooth-chup-tai-havit-h663bt,Tai nghe Chụp Tai Havit H663BT,Trần Văn Tuấn,5
tai-nghe-bluetooth-chup-tai-havit-h663bt,Tai nghe Chụp Tai Havit H663BT,Nguyễn Minh Đức,4
tai-nghe-bluetooth-chup-tai-havit-h663bt,Tai nghe Chụp Tai Havit H663BT,Trần Đức Huy,5
tai-nghe-bluetooth-chup-tai-havit-h663bt,Tai nghe Chụp Tai Havit H663BT,Nguyễn Thành Công,5
tai-nghe-bluetooth-chup-tai-havit-h663bt,Tai nghe Chụp Tai Havit H663BT,Nguyễn Cảnh Hùng,1
tai-nghe-bluetooth-chup-tai-havit-h663bt,Tai nghe Chụp Tai Havit H663BT,Nam,4
tai-nghe-bluetooth-chup-tai-havit-h663bt,Tai nghe Chụp Tai Havit H663BT,Duy,4
tai-nghe-bluetooth-chup-tai-havit-h663bt,Tai nghe Chụp Tai Havit H663BT,Nguyễn Minh Duy,4
tai-nghe-bluetooth-chup-tai-havit-h663bt,Tai nghe Chụp Tai Havit H663BT,A Dũng,1
tai-nghe-bluetooth-chup-tai-havit-h663bt,Tai nghe Chụp Tai Havit H663BT,Nguyễn Hồng Trường,3
tai-nghe-bluetooth-chup-tai-havit-h663bt,Tai nghe Chụp Tai Havit H663BT,Phương,5
tai-nghe-bluetooth-chup-tai-havit-h663bt,Tai nghe Chụp Tai Havit H663BT,Anh Hào,5
tai-nghe-bluetooth-chup-tai-havit-h663bt,Tai nghe Chụp Tai Havit H663BT,Trần Hữu Tiến,5
tai-nghe-bluetooth-chup-tai-havit-h663bt,Tai nghe Chụp Tai Havit H663BT,Phạm Bảo Châu,5
tai-nghe-bluetooth-chup-tai-havit-h663bt,Tai nghe Chụp Tai Havit H663BT,Nguyễn Duy Phương,3
tai-nghe-co-day-ava-livebass-y232?utm_flashsale=1,Tai nghe Dây AVA+ LiveBass Y232,Đoàn Thế Tài,2
tai-nghe-co-day-ava-livebass-y232?utm_flashsale=1,Tai nghe Dây AVA+ LiveBass Y232,Mecongnge,3
tai-nghe-co-day-ava-livebass-y232?utm_flashsale=1,Tai nghe Dây AVA+ LiveBass Y232,Tuyền,1
tai-nghe-co-day-ava-livebass-y232?utm_flashsale=1,Tai nghe Dây AVA+ LiveBass Y232,Phan Nguyễn Lâm,4
tai-nghe-co-day-ava-livebass-y232?utm_flashsale=1,Tai nghe Dây AVA+ LiveBass Y232,A Lộc,5
tai-nghe-co-day-ava-livebass-y232?utm_flashsale=1,Tai nghe Dây AVA+ LiveBass Y232,Cường,3
tai-nghe-co-day-ava-livebass-y232?utm_flashsale=1,Tai nghe Dây AVA+ LiveBass Y232,Nguyễn Thanh Sang,5
tai-nghe-co-day-ava-livebass-y232?utm_flashsale=1,Tai nghe Dây AVA+ LiveBass Y232,Đức Anh,4
tai-nghe-co-day-ava-livebass-y232?utm_flashsale=1,Tai nghe Dây AVA+ LiveBass Y232,Nguyen Dang,4
tai-nghe-co-day-ava-livebass-y232?utm_flashsale=1,Tai nghe Dây AVA+ LiveBass Y232,Tuấn,4
tai-nghe-co-day-ava-livebass-y232?utm_flashsale=1,Tai nghe Dây AVA+ LiveBass Y232,Anh Hiếu,5
tai-nghe-co-day-ava-livebass-y232?utm_flashsale=1,Tai nghe Dây AVA+ LiveBass Y232,Huy,5
tai-nghe-co-day-ava-livebass-y232?utm_flashsale=1,Tai nghe Dây AVA+ LiveBass Y232,Huỳnh Thanh Phong,5
tai-nghe-co-day-ava-livebass-y232?utm_flashsale=1,Tai nghe Dây AVA+ LiveBass Y232,Nguyễn Minh Thành,5
tai-nghe-co-day-ava-livebass-y232?utm_flashsale=1,Tai nghe Dây AVA+ LiveBass Y232,Trần Nhân,5
tai-nghe-co-day-ava-livebass-y232?utm_flashsale=1,Tai nghe Dây AVA+ LiveBass Y232,Anh Mạnh,5
tai-nghe-co-day-ava-livebass-y232?utm_flashsale=1,Tai nghe Dây AVA+ LiveBass Y232,Nguyen Thi Huyền,5
tai-nghe-co-day-ava-livebass-y232?utm_flashsale=1,Tai nghe Dây AVA+ LiveBass Y232,Hồ Thanh Xuân,5
tai-nghe-co-day-ava-livebass-y232?utm_flashsale=1,Tai nghe Dây AVA+ LiveBass Y232,Nguyễn Văn Thưởng,4
tai-nghe-co-day-ava-livebass-y232?utm_flashsale=1,Tai nghe Dây AVA+ LiveBass Y232,Pham Le Quoc Khanh,4
tai-nghe-co-day-ava-livebass-y232?utm_flashsale=1,Tai nghe Dây AVA+ LiveBass Y232,Anh Thắng,5
tai-nghe-co-day-ava-livebass-y232?utm_flashsale=1,Tai nghe Dây AVA+ LiveBass Y232,Anh Sỹ,2
tai-nghe-co-day-ava-livebass-y232?utm_flashsale=1,Tai nghe Dây AVA+ LiveBass Y232,Anh Quốc,3
tai-nghe-co-day-ava-livebass-y232?utm_flashsale=1,Tai nghe Dây AVA+ LiveBass Y232,Lê Thành Đoàn,5
tai-nghe-co-day-ava-livebass-y232?utm_flashsale=1,Tai nghe Dây AVA+ LiveBass Y232,Lắm,1
tai-nghe-co-day-ava-livebass-y232?utm_flashsale=1,Tai nghe Dây AVA+ LiveBass Y232,Dương,2
tai-nghe-co-day-ava-livebass-y232?utm_flashsale=1,Tai nghe Dây AVA+ LiveBass Y232,Ngô Thị Huyền,4
tai-nghe-co-day-ava-livebass-y232?utm_flashsale=1,Tai nghe Dây AVA+ LiveBass Y232,Loan,5
tai-nghe-co-day-ava-livebass-y232?utm_flashsale=1,Tai nghe Dây AVA+ LiveBass Y232,Chú Dương,5
tai-nghe-co-day-ava-livebass-y232?utm_flashsale=1,Tai nghe Dây AVA+ LiveBass Y232,Kha,3
tai-nghe-co-day-ava-livebass-y232?utm_flashsale=1,Tai nghe Dây AVA+ LiveBass Y232,Trần Đức Thông,3
tai-nghe-co-day-ava-livebass-y232?utm_flashsale=1,Tai nghe Dây AVA+ LiveBass Y232,Trần Thanh Tuấn,4
tai-nghe-co-day-ava-livebass-y232?utm_flashsale=1,Tai nghe Dây AVA+ LiveBass Y232,Văn,5
tai-nghe-co-day-ava-livebass-y232?utm_flashsale=1,Tai nghe Dây AVA+ LiveBass Y232,Nhật,5
tai-nghe-co-day-ava-livebass-y232?utm_flashsale=1,Tai nghe Dây AVA+ LiveBass Y232,Nguyễn Thành Luân,4
tai-nghe-co-day-ava-livebass-y232?utm_flashsale=1,Tai nghe Dây AVA+ LiveBass Y232,Ngọc,3
tai-nghe-co-day-ava-livebass-y232?utm_flashsale=1,Tai nghe Dây AVA+ LiveBass Y232,Trung,5
tai-nghe-co-day-ava-livebass-y232?utm_flashsale=1,Tai nghe Dây AVA+ LiveBass Y232,Anh Định,5
tai-nghe-co-day-ava-livebass-y232?utm_flashsale=1,Tai nghe Dây AVA+ LiveBass Y232,Trương Quốc Huy,5
tai-nghe-co-day-ava-livebass-y232?utm_flashsale=1,Tai nghe Dây AVA+ LiveBass Y232,BẠCH NGUYỄN HOÀI ÂN,5
tai-nghe-co-day-ava-livebass-y232?utm_flashsale=1,Tai nghe Dây AVA+ LiveBass Y232,Phúc,5
tai-nghe-co-day-ava-livebass-y232?utm_flashsale=1,Tai nghe Dây AVA+ LiveBass Y232,Đào Văn Kim,5
tai-nghe-co-day-ava-livebass-y232?utm_flashsale=1,Tai nghe Dây AVA+ LiveBass Y232,Chú Tiến,4
tai-nghe-co-day-ava-livebass-y232?utm_flashsale=1,Tai nghe Dây AVA+ LiveBass Y232,Phan Lê Đồng,5
tai-nghe-co-day-ava-livebass-y232?utm_flashsale=1,Tai nghe Dây AVA+ LiveBass Y232,Ngân,4
tai-nghe-co-day-ava-livebass-y232?utm_flashsale=1,Tai nghe Dây AVA+ LiveBass Y232,Trang,5
tai-nghe-co-day-ava-livebass-y232?utm_flashsale=1,Tai nghe Dây AVA+ LiveBass Y232,Phan Anh Kiệt,5
tai-nghe-co-day-ava-livebass-y232?utm_flashsale=1,Tai nghe Dây AVA+ LiveBass Y232,Anh Quân,4
tai-nghe-sony-mdr-zx110ap,Tai nghe Chụp Tai Sony MDR - ZX110AP,Lê Đạt,3
tai-nghe-sony-mdr-zx110ap,Tai nghe Chụp Tai Sony MDR - ZX110AP,Bô,2
tai-nghe-sony-mdr-zx110ap,Tai nghe Chụp Tai Sony MDR - ZX110AP,Nguyễn Minh Hiệp,1
tai-nghe-sony-mdr-zx110ap,Tai nghe Chụp Tai Sony MDR - ZX110AP,A Sỹ,5
tai-nghe-sony-mdr-zx110ap,Tai nghe Chụp Tai Sony MDR - ZX110AP,Lê Ngọc Trân,5
tai-nghe-sony-mdr-zx110ap,Tai nghe Chụp Tai Sony MDR - ZX110AP,Kim Biên,5
tai-nghe-sony-mdr-zx110ap,Tai nghe Chụp Tai Sony MDR - ZX110AP,Chị Lan Anh,5
tai-nghe-sony-mdr-zx110ap,Tai nghe Chụp Tai Sony MDR - ZX110AP,Đoàn Đức Nhiên,5
tai-nghe-sony-mdr-zx110ap,Tai nghe Chụp Tai Sony MDR - ZX110AP,Nguyễn Thành Duy,5
tai-nghe-sony-mdr-zx110ap,Tai nghe Chụp Tai Sony MDR - ZX110AP,Lê Thị Lệ Vân,4
tai-nghe-sony-mdr-zx110ap,Tai nghe Chụp Tai Sony MDR - ZX110AP,Đỗ Văn Lâm,5
tai-nghe-sony-mdr-zx110ap,Tai nghe Chụp Tai Sony MDR - ZX110AP,Nguyễn Văn Tiến,5
tai-nghe-sony-mdr-zx110ap,Tai nghe Chụp Tai Sony MDR - ZX110AP,Phương Quỳnh,4
tai-nghe-sony-mdr-zx110ap,Tai nghe Chụp Tai Sony MDR - ZX110AP,Võ Thị Như Thảo,5
tai-nghe-sony-mdr-zx110ap,Tai nghe Chụp Tai Sony MDR - ZX110AP,Dũng,5
tai-nghe-sony-mdr-zx110ap,Tai nghe Chụp Tai Sony MDR - ZX110AP,Phạm Ngọc Sơn,5
tai-nghe-sony-mdr-zx110ap,Tai nghe Chụp Tai Sony MDR - ZX110AP,Thanh,5
tai-nghe-sony-mdr-zx110ap,Tai nghe Chụp Tai Sony MDR - ZX110AP,Nguyễn Thị Hoa,3
tai-nghe-sony-mdr-zx110ap,Tai nghe Chụp Tai Sony MDR - ZX110AP,BUI NGOC THUY,5
tai-nghe-sony-mdr-zx110ap,Tai nghe Chụp Tai Sony MDR - ZX110AP,Bùi Quang An,3
tai-nghe-sony-mdr-zx110ap,Tai nghe Chụp Tai Sony MDR - ZX110AP,Anh Tuấn,5
tai-nghe-sony-mdr-zx110ap,Tai nghe Chụp Tai Sony MDR - ZX110AP,Anh Huy,5
tai-nghe-sony-mdr-zx110ap,Tai nghe Chụp Tai Sony MDR - ZX110AP,Hà Văn Lượng,5
tai-nghe-sony-mdr-zx110ap,Tai nghe Chụp Tai Sony MDR - ZX110AP,BÌNH,4
tai-nghe-sony-mdr-zx110ap,Tai nghe Chụp Tai Sony MDR - ZX110AP,Trần Thị Phương Uyên,5
tai-nghe-sony-mdr-zx110ap,Tai nghe Chụp Tai Sony MDR - ZX110AP,Phan Thị Kim Oanh,4
tai-nghe-sony-mdr-zx110ap,Tai nghe Chụp Tai Sony MDR - ZX110AP,CÔNG TY TNHH THƯƠNG MẠI VÀ DỊCH VỤ THỊNH PHÁT HD,5
tai-nghe-sony-mdr-zx110ap,Tai nghe Chụp Tai Sony MDR - ZX110AP,Thái Hoài Hận,4
tai-nghe-sony-mdr-zx110ap,Tai nghe Chụp Tai Sony MDR - ZX110AP,Trực,5
tai-nghe-sony-mdr-zx110ap,Tai nghe Chụp Tai Sony MDR - ZX110AP,Phan Bá Cửu,5
tai-nghe-sony-mdr-zx110ap,Tai nghe Chụp Tai Sony MDR - ZX110AP,Phạm Minh Tuấn,5
tai-nghe-sony-mdr-zx110ap,Tai nghe Chụp Tai Sony MDR - ZX110AP,Nguyễn Kim Hậu,5
tai-nghe-sony-mdr-zx110ap,Tai nghe Chụp Tai Sony MDR - ZX110AP,Nguyễn Văn Dương,2
tai-nghe-sony-mdr-zx110ap,Tai nghe Chụp Tai Sony MDR - ZX110AP,Anh Quang,5
tai-nghe-sony-mdr-zx110ap,Tai nghe Chụp Tai Sony MDR - ZX110AP,Nguyễn Văn Dương,2
tai-nghe-sony-mdr-zx110ap,Tai nghe Chụp Tai Sony MDR - ZX110AP,Anh Linh,4
tai-nghe-sony-mdr-zx110ap,Tai nghe Chụp Tai Sony MDR - ZX110AP,Thanh Kim,5
tai-nghe-sony-mdr-zx110ap,Tai nghe Chụp Tai Sony MDR - ZX110AP,Lê Thị Bích Trâm,5
tai-nghe-sony-mdr-zx110ap,Tai nghe Chụp Tai Sony MDR - ZX110AP,Nguyen Van Hưng,5
tai-nghe-sony-mdr-zx110ap,Tai nghe Chụp Tai Sony MDR - ZX110AP,Yến,5
tai-nghe-sony-mdr-zx110ap,Tai nghe Chụp Tai Sony MDR - ZX110AP,Trần Hoàng Phụng,1
tai-nghe-sony-mdr-zx110ap,Tai nghe Chụp Tai Sony MDR - ZX110AP,Phạm Lợi,5
tai-nghe-sony-mdr-zx110ap,Tai nghe Chụp Tai Sony MDR - ZX110AP,NGUYỄN TRỌNG NGHĨA,5
tai-nghe-sony-mdr-zx110ap,Tai nghe Chụp Tai Sony MDR - ZX110AP,Trung,5
tai-nghe-sony-mdr-zx110ap,Tai nghe Chụp Tai Sony MDR - ZX110AP,NGUYỄN DƯƠNG HOÀNG,5
tai-nghe-sony-mdr-zx110ap,Tai nghe Chụp Tai Sony MDR - ZX110AP,Tô Vũ Cường,5
tai-nghe-sony-mdr-zx110ap,Tai nghe Chụp Tai Sony MDR - ZX110AP,LE THANH NHAN,3
tai-nghe-sony-mdr-zx110ap,Tai nghe Chụp Tai Sony MDR - ZX110AP,Đỗ Quang Vinh,4
tai-nghe-sony-mdr-zx110ap,Tai nghe Chụp Tai Sony MDR - ZX110AP,Hải,3
tai-nghe-sony-mdr-zx110ap,Tai nghe Chụp Tai Sony MDR - ZX110AP,Trần Nguyễn Kiều Như,2
tai-nghe-sony-mdr-zx110ap,Tai nghe Chụp Tai Sony MDR - ZX110AP,Chị Ngân,2
tai-nghe-sony-mdr-zx110ap,Tai nghe Chụp Tai Sony MDR - ZX110AP,E Hoàng,5
tai-nghe-sony-mdr-zx110ap,Tai nghe Chụp Tai Sony MDR - ZX110AP,TRAN TUAN TU,5
tai-nghe-sony-mdr-zx110ap,Tai nghe Chụp Tai Sony MDR - ZX110AP,NGUYỄN VĂN QUÂN,5
tai-nghe-sony-mdr-zx110ap,Tai nghe Chụp Tai Sony MDR - ZX110AP,Tuấn,5
tai-nghe-sony-mdr-zx110ap,Tai nghe Chụp Tai Sony MDR - ZX110AP,Nguyễn Thanh Hoàng,5
tai-nghe-sony-mdr-zx110ap,Tai nghe Chụp Tai Sony MDR - ZX110AP,Trần Đăng Trung,5
tai-nghe-sony-mdr-zx110ap,Tai nghe Chụp Tai Sony MDR - ZX110AP,Đào Huy Thế,5
tai-nghe-sony-mdr-zx110ap,Tai nghe Chụp Tai Sony MDR - ZX110AP,Nguyễn Huỳnh Nhật Tú,5
tai-nghe-sony-mdr-zx110ap,Tai nghe Chụp Tai Sony MDR - ZX110AP,Nga,5
tai-nghe-sony-mdr-zx110ap,Tai nghe Chụp Tai Sony MDR - ZX110AP,Hoài,5
tai-nghe-sony-mdr-zx110ap,Tai nghe Chụp Tai Sony MDR - ZX110AP,Ngọ,5
tai-nghe-sony-mdr-zx110ap,Tai nghe Chụp Tai Sony MDR - ZX110AP,Phạm Thị Thảo Nguyên,5
tai-nghe-sony-mdr-zx110ap,Tai nghe Chụp Tai Sony MDR - ZX110AP,Nguyễn Minh Nhật,5
tai-nghe-sony-mdr-zx110ap,Tai nghe Chụp Tai Sony MDR - ZX110AP,Hằng,5
tai-nghe-sony-mdr-zx110ap,Tai nghe Chụp Tai Sony MDR - ZX110AP,Anh Quân,5
tai-nghe-sony-mdr-zx110ap,Tai nghe Chụp Tai Sony MDR - ZX110AP,Kim Lẹ,4
tai-nghe-sony-mdr-zx110ap,Tai nghe Chụp Tai Sony MDR - ZX110AP,Thảo,5
tai-nghe-sony-mdr-zx110ap,Tai nghe Chụp Tai Sony MDR - ZX110AP,TRUONG,5
tai-nghe-sony-mdr-zx110ap,Tai nghe Chụp Tai Sony MDR - ZX110AP,Nguyễn Văn Kết,5
tai-nghe-sony-mdr-zx110ap,Tai nghe Chụp Tai Sony MDR - ZX110AP,Bùi Xuân Thành,4
tai-nghe-sony-mdr-zx110ap,Tai nghe Chụp Tai Sony MDR - ZX110AP,Ngọ,5
tai-nghe-sony-mdr-zx110ap,Tai nghe Chụp Tai Sony MDR - ZX110AP,Trần Trung Trực,4
tai-nghe-co-day-ava-livebass-y231?utm_flashsale=1,Tai nghe Dây AVA+ LiveBass Y231,Loan,5
tai-nghe-co-day-ava-livebass-y231?utm_flashsale=1,Tai nghe Dây AVA+ LiveBass Y231,Khiếu Thị Mỹ Linh,5
tai-nghe-co-day-ava-livebass-y231?utm_flashsale=1,Tai nghe Dây AVA+ LiveBass Y231,Hà Văn Mão,4
tai-nghe-co-day-ava-livebass-y231?utm_flashsale=1,Tai nghe Dây AVA+ LiveBass Y231,NGUYỄN HOÀNG NHẬT VINH,4
tai-nghe-co-day-ava-livebass-y231?utm_flashsale=1,Tai nghe Dây AVA+ LiveBass Y231,Lê Hữu Ninh,4
tai-nghe-co-day-ava-livebass-y231?utm_flashsale=1,Tai nghe Dây AVA+ LiveBass Y231,Lê Phi,3
tai-nghe-co-day-ava-livebass-y231?utm_flashsale=1,Tai nghe Dây AVA+ LiveBass Y231,An,5
tai-nghe-co-day-ava-livebass-y231?utm_flashsale=1,Tai nghe Dây AVA+ LiveBass Y231,Nguyễn Quang Khải,5
tai-nghe-co-day-ava-livebass-y231?utm_flashsale=1,Tai nghe Dây AVA+ LiveBass Y231,Gia Huy,5
tai-nghe-co-day-ava-livebass-y231?utm_flashsale=1,Tai nghe Dây AVA+ LiveBass Y231,Nam,1
tai-nghe-co-day-ava-livebass-y231?utm_flashsale=1,Tai nghe Dây AVA+ LiveBass Y231,Nguyễn Thành Nguyên,4
tai-nghe-co-day-ava-livebass-y231?utm_flashsale=1,Tai nghe Dây AVA+ LiveBass Y231,Trần Tuấn,5
tai-nghe-co-day-ava-livebass-y231?utm_flashsale=1,Tai nghe Dây AVA+ LiveBass Y231,Chị Phil,5
tai-nghe-co-day-ava-livebass-y231?utm_flashsale=1,Tai nghe Dây AVA+ LiveBass Y231,Trí,5
tai-nghe-co-day-ava-livebass-y231?utm_flashsale=1,Tai nghe Dây AVA+ LiveBass Y231,Hồng Phuc,1
tai-nghe-co-day-ava-livebass-y231?utm_flashsale=1,Tai nghe Dây AVA+ LiveBass Y231,Lưu Minh Triết,5
tai-nghe-co-day-ava-livebass-y231?utm_flashsale=1,Tai nghe Dây AVA+ LiveBass Y231,Nam,2
tai-nghe-co-day-ava-livebass-y231?utm_flashsale=1,Tai nghe Dây AVA+ LiveBass Y231,Chung,5
tai-nghe-co-day-ava-livebass-y231?utm_flashsale=1,Tai nghe Dây AVA+ LiveBass Y231,Minh,5
tai-nghe-co-day-ava-livebass-y231?utm_flashsale=1,Tai nghe Dây AVA+ LiveBass Y231,Trần Anh Tuấn,5
tai-nghe-co-day-ava-livebass-y231?utm_flashsale=1,Tai nghe Dây AVA+ LiveBass Y231,Trần Minh Thuận,5
tai-nghe-co-day-ava-livebass-y231?utm_flashsale=1,Tai nghe Dây AVA+ LiveBass Y231,Lê Quang Xử,5
tai-nghe-co-day-ava-livebass-y231?utm_flashsale=1,Tai nghe Dây AVA+ LiveBass Y231,Anh Huy,5
tai-nghe-co-day-ava-livebass-y231?utm_flashsale=1,Tai nghe Dây AVA+ LiveBass Y231,PHÙ TUẤN KIỆT,5
tai-nghe-co-day-ava-livebass-y231?utm_flashsale=1,Tai nghe Dây AVA+ LiveBass Y231,Trần Văn Lụa,2
tai-nghe-co-day-ava-livebass-y231?utm_flashsale=1,Tai nghe Dây AVA+ LiveBass Y231,Tuấn,5
tai-nghe-co-day-ava-livebass-y231?utm_flashsale=1,Tai nghe Dây AVA+ LiveBass Y231,Lê Quang Vĩnh Linh,3
tai-nghe-co-day-ava-livebass-y231?utm_flashsale=1,Tai nghe Dây AVA+ LiveBass Y231,Phạm Thiên Hải,5
tai-nghe-co-day-ava-livebass-y231?utm_flashsale=1,Tai nghe Dây AVA+ LiveBass Y231,Nguyễn Xuân Trường,4
tai-nghe-co-day-ava-livebass-y231?utm_flashsale=1,Tai nghe Dây AVA+ LiveBass Y231,Vinh,4
tai-nghe-co-day-ava-livebass-y231?utm_flashsale=1,Tai nghe Dây AVA+ LiveBass Y231,Nguyễn Vĩ Ngọc,5
tai-nghe-co-day-ava-livebass-y231?utm_flashsale=1,Tai nghe Dây AVA+ LiveBass Y231,Loan,5
tai-nghe-co-day-ava-livebass-y231?utm_flashsale=1,Tai nghe Dây AVA+ LiveBass Y231,Đoàn Dục,5
tai-nghe-co-day-ava-livebass-y231?utm_flashsale=1,Tai nghe Dây AVA+ LiveBass Y231,NGUYỄN QUANG ĐẠO,5
tai-nghe-co-day-ava-livebass-y231?utm_flashsale=1,Tai nghe Dây AVA+ LiveBass Y231,Hoàng Mạnh Na,5
tai-nghe-co-day-ava-livebass-y231?utm_flashsale=1,Tai nghe Dây AVA+ LiveBass Y231,Anh Ngân,5
tai-nghe-co-day-ava-livebass-y231?utm_flashsale=1,Tai nghe Dây AVA+ LiveBass Y231,Nguyễn Minh Khôi,5
tai-nghe-co-day-ava-livebass-y231?utm_flashsale=1,Tai nghe Dây AVA+ LiveBass Y231,Ngọc,3
tai-nghe-co-day-ava-livebass-y231?utm_flashsale=1,Tai nghe Dây AVA+ LiveBass Y231,Bùi Quốc Vương,5
tai-nghe-co-day-ava-livebass-y231?utm_flashsale=1,Tai nghe Dây AVA+ LiveBass Y231,Anh Sơn,4
tai-nghe-co-day-ava-livebass-y231?utm_flashsale=1,Tai nghe Dây AVA+ LiveBass Y231,Nguyễn Vĩ Ngọc,5
tai-nghe-co-day-ava-livebass-y231?utm_flashsale=1,Tai nghe Dây AVA+ LiveBass Y231,Anh Quyền,5
tai-nghe-co-day-ava-livebass-y231?utm_flashsale=1,Tai nghe Dây AVA+ LiveBass Y231,Lê Anh Nhân,4
tai-nghe-co-day-ava-livebass-y231?utm_flashsale=1,Tai nghe Dây AVA+ LiveBass Y231,Hương,5
tai-nghe-co-day-ava-livebass-y231?utm_flashsale=1,Tai nghe Dây AVA+ LiveBass Y231,Đỗ Đức Kiên,5
tai-nghe-co-day-ava-livebass-y231?utm_flashsale=1,Tai nghe Dây AVA+ LiveBass Y231,Châu,5
tai-nghe-co-day-ava-livebass-y231?utm_flashsale=1,Tai nghe Dây AVA+ LiveBass Y231,Hồng Chiến,5
tai-nghe-co-day-ava-livebass-s1019?utm_flashsale=1,Tai nghe Dây AVA+ LiveBass S1019,Ngọc Thiện,1
tai-nghe-co-day-ava-livebass-s1019?utm_flashsale=1,Tai nghe Dây AVA+ LiveBass S1019,Bùi Duy Phước,1
tai-nghe-co-day-ava-livebass-s1019?utm_flashsale=1,Tai nghe Dây AVA+ LiveBass S1019,Ctd,1
tai-nghe-co-day-ava-livebass-s1019?utm_flashsale=1,Tai nghe Dây AVA+ LiveBass S1019,Đỗ Đức Bình,1
tai-nghe-co-day-ava-livebass-s1019?utm_flashsale=1,Tai nghe Dây AVA+ LiveBass S1019,Nguyễn Huy Hoàng,2
tai-nghe-co-day-ava-livebass-s1019?utm_flashsale=1,Tai nghe Dây AVA+ LiveBass S1019,Nguyễn Huỳnh Mai,2
tai-nghe-co-day-ava-livebass-s1019?utm_flashsale=1,Tai nghe Dây AVA+ LiveBass S1019,Mai Văn Anh,2
tai-nghe-co-day-ava-livebass-s1019?utm_flashsale=1,Tai nghe Dây AVA+ LiveBass S1019,Tâm Như,1
tai-nghe-co-day-ava-livebass-s1019?utm_flashsale=1,Tai nghe Dây AVA+ LiveBass S1019,Đặng Quốc Thái,4
tai-nghe-co-day-ava-livebass-s1019?utm_flashsale=1,Tai nghe Dây AVA+ LiveBass S1019,Nguyễn Thanh Phong,5
tai-nghe-co-day-ava-livebass-s1019?utm_flashsale=1,Tai nghe Dây AVA+ LiveBass S1019,Cao Anh Tuấn,5
tai-nghe-co-day-ava-livebass-s1019?utm_flashsale=1,Tai nghe Dây AVA+ LiveBass S1019,Hoàng Văn Trường,4
tai-nghe-co-day-ava-livebass-s1019?utm_flashsale=1,Tai nghe Dây AVA+ LiveBass S1019,Phùng Quan Thụy Liễu,5
tai-nghe-co-day-ava-livebass-s1019?utm_flashsale=1,Tai nghe Dây AVA+ LiveBass S1019,Nguyễn Mạnh Dũng,5
tai-nghe-co-day-ava-livebass-s1019?utm_flashsale=1,Tai nghe Dây AVA+ LiveBass S1019,Phượng,5
tai-nghe-co-day-ava-livebass-s1019?utm_flashsale=1,Tai nghe Dây AVA+ LiveBass S1019,Đỗ Quang Trường,5
tai-nghe-bluetooth-chup-tai-sony-wh-ch720n,Tai nghe Chụp Tai Sony WH-CH720N,Thành,5
tai-nghe-nhet-tai-ep-sony-mdr-ex155ap,Tai nghe Dây Sony MDR-EX155AP,Td,5
tai-nghe-nhet-tai-ep-sony-mdr-ex155ap,Tai nghe Dây Sony MDR-EX155AP,Nguyen Sang,1
tai-nghe-nhet-tai-ep-sony-mdr-ex155ap,Tai nghe Dây Sony MDR-EX155AP,Bui Huu Nghia,5
tai-nghe-nhet-tai-ep-sony-mdr-ex155ap,Tai nghe Dây Sony MDR-EX155AP,NGUYỄN THÀNH MINH,5
tai-nghe-nhet-tai-ep-sony-mdr-ex155ap,Tai nghe Dây Sony MDR-EX155AP,Bùi Thanh Kha,5
tai-nghe-nhet-tai-ep-sony-mdr-ex155ap,Tai nghe Dây Sony MDR-EX155AP,Nguyễn Bá Hào,5
tai-nghe-nhet-tai-ep-sony-mdr-ex155ap,Tai nghe Dây Sony MDR-EX155AP,Nguyễn Thị Cúc Hiếu,5
tai-nghe-nhet-tai-ep-sony-mdr-ex155ap,Tai nghe Dây Sony MDR-EX155AP,Dương Minh Hùng,5
tai-nghe-nhet-tai-ep-sony-mdr-ex155ap,Tai nghe Dây Sony MDR-EX155AP,Trần Văn Đẹp,4
tai-nghe-nhet-tai-ep-sony-mdr-ex155ap,Tai nghe Dây Sony MDR-EX155AP,Nguyễn Quang Chất,4
tai-nghe-nhet-tai-ep-sony-mdr-ex155ap,Tai nghe Dây Sony MDR-EX155AP,Đinh Nguyễn Trung Đức,3
tai-nghe-nhet-tai-ep-sony-mdr-ex155ap,Tai nghe Dây Sony MDR-EX155AP,Lâm Chí Đạt,5
tai-nghe-nhet-tai-ep-sony-mdr-ex155ap,Tai nghe Dây Sony MDR-EX155AP,Nguyen Kim Chi,4
tai-nghe-nhet-tai-ep-sony-mdr-ex155ap,Tai nghe Dây Sony MDR-EX155AP,Tài,5
tai-nghe-nhet-tai-ep-sony-mdr-ex155ap,Tai nghe Dây Sony MDR-EX155AP,Trần Văn Cửu,5
tai-nghe-nhet-tai-ep-sony-mdr-ex155ap,Tai nghe Dây Sony MDR-EX155AP,Nguyễn Tư Đô,3
tai-nghe-nhet-tai-ep-sony-mdr-ex155ap,Tai nghe Dây Sony MDR-EX155AP,Bi,5
tai-nghe-nhet-tai-ep-sony-mdr-ex155ap,Tai nghe Dây Sony MDR-EX155AP,Anh Đức,4
tai-nghe-nhet-tai-ep-sony-mdr-ex155ap,Tai nghe Dây Sony MDR-EX155AP,Lê Quỳnh Như,5
tai-nghe-nhet-tai-ep-sony-mdr-ex155ap,Tai nghe Dây Sony MDR-EX155AP,Triệu Quang Linh,5
tai-nghe-nhet-tai-ep-sony-mdr-ex155ap,Tai nghe Dây Sony MDR-EX155AP,Thiên Định,4
tai-nghe-nhet-tai-ep-sony-mdr-ex155ap,Tai nghe Dây Sony MDR-EX155AP,Trần Trọng Nghĩa,5
tai-nghe-nhet-tai-ep-sony-mdr-ex155ap,Tai nghe Dây Sony MDR-EX155AP,Dự,5
tai-nghe-nhet-tai-ep-sony-mdr-ex155ap,Tai nghe Dây Sony MDR-EX155AP,Nguyễn Minh Thắng,4
tai-nghe-nhet-tai-ep-sony-mdr-ex155ap,Tai nghe Dây Sony MDR-EX155AP,Anh Tân,5
tai-nghe-nhet-tai-ep-sony-mdr-ex155ap,Tai nghe Dây Sony MDR-EX155AP,HOÀNG VĂN SÁU,4
tai-nghe-nhet-tai-ep-sony-mdr-ex155ap,Tai nghe Dây Sony MDR-EX155AP,A Tí,5
tai-nghe-nhet-tai-ep-sony-mdr-ex155ap,Tai nghe Dây Sony MDR-EX155AP,Minh Khoa,5
tai-nghe-nhet-tai-ep-sony-mdr-ex155ap,Tai nghe Dây Sony MDR-EX155AP,Phan Đình Văn,5
tai-nghe-nhet-tai-ep-sony-mdr-ex155ap,Tai nghe Dây Sony MDR-EX155AP,Vu,3
tai-nghe-nhet-tai-ep-sony-mdr-ex155ap,Tai nghe Dây Sony MDR-EX155AP,Nguyễn Văn Sơn,5
tai-nghe-nhet-tai-ep-sony-mdr-ex155ap,Tai nghe Dây Sony MDR-EX155AP,Vinh,4
tai-nghe-nhet-tai-ep-sony-mdr-ex155ap,Tai nghe Dây Sony MDR-EX155AP,NGUYEN VAN DAI,3
tai-nghe-nhet-tai-ep-sony-mdr-ex155ap,Tai nghe Dây Sony MDR-EX155AP,Lộc,5
tai-nghe-nhet-tai-ep-sony-mdr-ex155ap,Tai nghe Dây Sony MDR-EX155AP,Dương,4
tai-nghe-nhet-tai-ep-sony-mdr-ex155ap,Tai nghe Dây Sony MDR-EX155AP,Dũng,4
tai-nghe-nhet-tai-ep-sony-mdr-ex155ap,Tai nghe Dây Sony MDR-EX155AP,Thành,4
tai-nghe-nhet-tai-ep-sony-mdr-ex155ap,Tai nghe Dây Sony MDR-EX155AP,Đào Duy Ngữ,5
tai-nghe-nhet-tai-ep-sony-mdr-ex155ap,Tai nghe Dây Sony MDR-EX155AP,Khâch Lẻ,4
tai-nghe-nhet-tai-ep-sony-mdr-ex155ap,Tai nghe Dây Sony MDR-EX155AP,Phát,5
tai-nghe-nhet-tai-ep-sony-mdr-ex155ap,Tai nghe Dây Sony MDR-EX155AP,Huỳnh Xuân Tân,5
tai-nghe-nhet-tai-ep-sony-mdr-ex155ap,Tai nghe Dây Sony MDR-EX155AP,Đinh Công Thao,5
tai-nghe-chup-tai-gaming-asus-tuf-h3-den-do,Tai nghe Chụp Tai Gaming Asus TUF H3,Duong Chuc,5
tai-nghe-chup-tai-gaming-asus-tuf-h3-den-do,Tai nghe Chụp Tai Gaming Asus TUF H3,Ryan,5
tai-nghe-chup-tai-gaming-asus-tuf-h3-den-do,Tai nghe Chụp Tai Gaming Asus TUF H3,Vy,5
tai-nghe-chup-tai-gaming-asus-tuf-h3-den-do,Tai nghe Chụp Tai Gaming Asus TUF H3,Phương,5
tai-nghe-chup-tai-gaming-asus-tuf-h3-den-do,Tai nghe Chụp Tai Gaming Asus TUF H3,Đức,5
tai-nghe-chup-tai-gaming-asus-tuf-h3-den-do,Tai nghe Chụp Tai Gaming Asus TUF H3,Phúc,5
tai-nghe-chup-tai-gaming-asus-tuf-h3-den-do,Tai nghe Chụp Tai Gaming Asus TUF H3,Giang,5
tai-nghe-chup-tai-gaming-asus-tuf-h3-den-do,Tai nghe Chụp Tai Gaming Asus TUF H3,Huyền,5
tai-nghe-chup-tai-gaming-asus-tuf-h3-den-do,Tai nghe Chụp Tai Gaming Asus TUF H3,Vinh,5
tai-nghe-chup-tai-gaming-asus-tuf-h3-den-do,Tai nghe Chụp Tai Gaming Asus TUF H3,Trần Nguyên Khang,5
tai-nghe-chup-tai-gaming-asus-tuf-h3-den-do,Tai nghe Chụp Tai Gaming Asus TUF H3,Đào Văn Ngọc,5
tai-nghe-chup-tai-gaming-asus-tuf-h3-den-do,Tai nghe Chụp Tai Gaming Asus TUF H3,C Huyền,5
tai-nghe-chup-tai-gaming-asus-tuf-h3-den-do,Tai nghe Chụp Tai Gaming Asus TUF H3,Nguyễn Mạnh Tuấn,4
tai-nghe-chup-tai-gaming-asus-tuf-h3-den-do,Tai nghe Chụp Tai Gaming Asus TUF H3,An Phạm,5
tai-nghe-chup-tai-gaming-asus-tuf-h3-den-do,Tai nghe Chụp Tai Gaming Asus TUF H3,Than,3
tai-nghe-chup-tai-gaming-asus-tuf-h3-den-do,Tai nghe Chụp Tai Gaming Asus TUF H3,A Hưng,4
tai-nghe-chup-tai-gaming-asus-tuf-h3-den-do,Tai nghe Chụp Tai Gaming Asus TUF H3,Lâm Minh Trường,5
tai-nghe-chup-tai-gaming-asus-tuf-h3-den-do,Tai nghe Chụp Tai Gaming Asus TUF H3,Em Phúc Minh,5
tai-nghe-chup-tai-gaming-asus-tuf-h3-den-do,Tai nghe Chụp Tai Gaming Asus TUF H3,Anh Vinh,5
tai-nghe-chup-tai-gaming-asus-tuf-h3-den-do,Tai nghe Chụp Tai Gaming Asus TUF H3,Đặng Huy Hoàng,4
tai-nghe-chup-tai-gaming-asus-tuf-h3-den-do,Tai nghe Chụp Tai Gaming Asus TUF H3,Cương,5
tai-nghe-chup-tai-gaming-asus-tuf-h3-den-do,Tai nghe Chụp Tai Gaming Asus TUF H3,Châu Thị Ka,2
tai-nghe-chup-tai-gaming-asus-tuf-h3-den-do,Tai nghe Chụp Tai Gaming Asus TUF H3,Sinh,5
tai-nghe-chup-tai-gaming-asus-tuf-h3-den-do,Tai nghe Chụp Tai Gaming Asus TUF H3,Nguyễn Dương Linh Chi,4
tai-nghe-chup-tai-gaming-asus-tuf-h3-den-do,Tai nghe Chụp Tai Gaming Asus TUF H3,Nguyễn Phạm Gia Phát,5
tai-nghe-chup-tai-gaming-asus-tuf-h3-den-do,Tai nghe Chụp Tai Gaming Asus TUF H3,Hào,5
tai-nghe-chup-tai-gaming-asus-tuf-h3-den-do,Tai nghe Chụp Tai Gaming Asus TUF H3,Trần Trung Kiên,5
tai-nghe-chup-tai-gaming-asus-tuf-h3-den-do,Tai nghe Chụp Tai Gaming Asus TUF H3,Trần Thị Thanh Loan,5
tai-nghe-chup-tai-gaming-asus-tuf-h3-den-do,Tai nghe Chụp Tai Gaming Asus TUF H3,Trần Ngọc Thiên Bảo,5
tai-nghe-chup-tai-gaming-asus-tuf-h3-den-do,Tai nghe Chụp Tai Gaming Asus TUF H3,Nguyễn Trọng Nhân,5
tai-nghe-chup-tai-gaming-asus-tuf-h3-den-do,Tai nghe Chụp Tai Gaming Asus TUF H3,NGUYEN NGOC NHAT NAM,5
tai-nghe-chup-tai-gaming-asus-tuf-h3-den-do,Tai nghe Chụp Tai Gaming Asus TUF H3,Ngô Hữu Chí Quang,5
tai-nghe-chup-tai-gaming-asus-tuf-h3-den-do,Tai nghe Chụp Tai Gaming Asus TUF H3,Phan Tấn Duy,5
tai-nghe-chup-tai-gaming-asus-tuf-h3-den-do,Tai nghe Chụp Tai Gaming Asus TUF H3,Em Dũng,2
tai-nghe-chup-tai-gaming-asus-tuf-h3-den-do,Tai nghe Chụp Tai Gaming Asus TUF H3,Nguyễn Xuân Lộc,5
tai-nghe-chup-tai-gaming-asus-tuf-h3-den-do,Tai nghe Chụp Tai Gaming Asus TUF H3,Phan Quí Vũ,5
tai-nghe-chup-tai-gaming-asus-tuf-h3-den-do,Tai nghe Chụp Tai Gaming Asus TUF H3,Tạ Văn Công,5
tai-nghe-chup-tai-gaming-asus-tuf-h3-den-do,Tai nghe Chụp Tai Gaming Asus TUF H3,Huỳnh Ngọc Tường,5
tai-nghe-chup-tai-gaming-asus-tuf-h3-den-do,Tai nghe Chụp Tai Gaming Asus TUF H3,Lê Huy,5
tai-nghe-chup-tai-gaming-asus-tuf-h3-den-do,Tai nghe Chụp Tai Gaming Asus TUF H3,Trần Uy Vũ,5
tai-nghe-chup-tai-gaming-asus-tuf-h3-den-do,Tai nghe Chụp Tai Gaming Asus TUF H3,Chị Kiều,5
tai-nghe-chup-tai-gaming-asus-tuf-h3-den-do,Tai nghe Chụp Tai Gaming Asus TUF H3,Le Thi Duyen Anh,5
tai-nghe-chup-tai-gaming-asus-tuf-h3-den-do,Tai nghe Chụp Tai Gaming Asus TUF H3,Nguyễn Thế Quý,5
tai-nghe-chup-tai-gaming-asus-tuf-h3-den-do,Tai nghe Chụp Tai Gaming Asus TUF H3,Tuấn,5
tai-nghe-chup-tai-gaming-asus-tuf-h3-den-do,Tai nghe Chụp Tai Gaming Asus TUF H3,Thịnh,5
tai-nghe-chup-tai-gaming-asus-tuf-h3-den-do,Tai nghe Chụp Tai Gaming Asus TUF H3,Trịnh Thanh Tuấn,5
tai-nghe-chup-tai-gaming-asus-tuf-h3-den-do,Tai nghe Chụp Tai Gaming Asus TUF H3,Sang,5
tai-nghe-chup-tai-gaming-asus-tuf-h3-den-do,Tai nghe Chụp Tai Gaming Asus TUF H3,Thu Trang,4
tai-nghe-chup-tai-gaming-asus-tuf-h3-den-do,Tai nghe Chụp Tai Gaming Asus TUF H3,Giang,5
tai-nghe-chup-tai-gaming-asus-tuf-h3-den-do,Tai nghe Chụp Tai Gaming Asus TUF H3,Nguyễn Toàn,5
tai-nghe-chup-tai-gaming-asus-tuf-h3-den-do,Tai nghe Chụp Tai Gaming Asus TUF H3,Huỳnh Mai,5
tai-nghe-chup-tai-gaming-asus-tuf-h3-den-do,Tai nghe Chụp Tai Gaming Asus TUF H3,Nguyễn Phúc Khang,5
tai-nghe-chup-tai-gaming-asus-tuf-h3-den-do,Tai nghe Chụp Tai Gaming Asus TUF H3,Trần Quang Huy,5
tai-nghe-co-day-ava-livebass-s1018?utm_flashsale=1,Tai nghe Dây AVA+ LiveBass S1018,Liên,2
tai-nghe-co-day-ava-livebass-s1018?utm_flashsale=1,Tai nghe Dây AVA+ LiveBass S1018,Vinh,5
tai-nghe-co-day-ava-livebass-s1018?utm_flashsale=1,Tai nghe Dây AVA+ LiveBass S1018,Huỳnh Đạt,1
tai-nghe-co-day-ava-livebass-s1018?utm_flashsale=1,Tai nghe Dây AVA+ LiveBass S1018,Hồ Văn Đông,1
tai-nghe-co-day-ava-livebass-s1018?utm_flashsale=1,Tai nghe Dây AVA+ LiveBass S1018,Phan Trình,1
tai-nghe-co-day-ava-livebass-s1018?utm_flashsale=1,Tai nghe Dây AVA+ LiveBass S1018,Bảo,2
tai-nghe-co-day-ava-livebass-s1018?utm_flashsale=1,Tai nghe Dây AVA+ LiveBass S1018,Linh,2
tai-nghe-co-day-ava-livebass-s1018?utm_flashsale=1,Tai nghe Dây AVA+ LiveBass S1018,Mạnh,2
tai-nghe-co-day-ava-livebass-s1018?utm_flashsale=1,Tai nghe Dây AVA+ LiveBass S1018,Phuc,1
tai-nghe-co-day-ava-livebass-s1018?utm_flashsale=1,Tai nghe Dây AVA+ LiveBass S1018,Ng,1
tai-nghe-co-day-ava-livebass-s1018?utm_flashsale=1,Tai nghe Dây AVA+ LiveBass S1018,Nguyễn Tiền Khôi,1
tai-nghe-co-day-ava-livebass-s1018?utm_flashsale=1,Tai nghe Dây AVA+ LiveBass S1018,Hồ Quang Nhật,1
tai-nghe-co-day-ava-livebass-s1018?utm_flashsale=1,Tai nghe Dây AVA+ LiveBass S1018,Trần Tấn Hân,2
tai-nghe-co-day-ava-livebass-s1018?utm_flashsale=1,Tai nghe Dây AVA+ LiveBass S1018,Lường,1
tai-nghe-co-day-ava-livebass-s1018?utm_flashsale=1,Tai nghe Dây AVA+ LiveBass S1018,Minh,1
tai-nghe-co-day-ava-livebass-s1018?utm_flashsale=1,Tai nghe Dây AVA+ LiveBass S1018,Nguyễn Đức Hưng,3
tai-nghe-co-day-ava-livebass-s1018?utm_flashsale=1,Tai nghe Dây AVA+ LiveBass S1018,Trần Bảo Hân,1
tai-nghe-co-day-ava-livebass-s1018?utm_flashsale=1,Tai nghe Dây AVA+ LiveBass S1018,Bùi Quang Vinh,1
tai-nghe-co-day-ava-livebass-s1018?utm_flashsale=1,Tai nghe Dây AVA+ LiveBass S1018,Quan,1
tai-nghe-co-day-ava-livebass-s1018?utm_flashsale=1,Tai nghe Dây AVA+ LiveBass S1018,Huan,1
tai-nghe-co-day-ava-livebass-s1018?utm_flashsale=1,Tai nghe Dây AVA+ LiveBass S1018,Đặng Thị Phương Châu,5
tai-nghe-co-day-ava-livebass-s1018?utm_flashsale=1,Tai nghe Dây AVA+ LiveBass S1018,Nguyễn Thành Quốc,1
tai-nghe-co-day-ava-livebass-s1018?utm_flashsale=1,Tai nghe Dây AVA+ LiveBass S1018,Nguyễn Trần Việt Hoàng,1
tai-nghe-co-day-ava-livebass-s1018?utm_flashsale=1,Tai nghe Dây AVA+ LiveBass S1018,Nguyễn Minh Sang,2
tai-nghe-co-day-ava-livebass-s1018?utm_flashsale=1,Tai nghe Dây AVA+ LiveBass S1018,ĐẶNG VĂN PHAT,4
tai-nghe-co-day-ava-livebass-s1018?utm_flashsale=1,Tai nghe Dây AVA+ LiveBass S1018,Trần Ý Phương Đài,2
tai-nghe-co-day-ava-livebass-s1018?utm_flashsale=1,Tai nghe Dây AVA+ LiveBass S1018,Nguyễn Nhật,5
tai-nghe-co-day-ava-livebass-s1018?utm_flashsale=1,Tai nghe Dây AVA+ LiveBass S1018,Cao Quang Tiến,3
tai-nghe-co-day-ava-livebass-s1018?utm_flashsale=1,Tai nghe Dây AVA+ LiveBass S1018,Tài,1
tai-nghe-co-day-ava-livebass-s1018?utm_flashsale=1,Tai nghe Dây AVA+ LiveBass S1018,Anh Tài,3
tai-nghe-co-day-ava-livebass-s1018?utm_flashsale=1,Tai nghe Dây AVA+ LiveBass S1018,Le Thien Luan,1
tai-nghe-co-day-ava-livebass-s1018?utm_flashsale=1,Tai nghe Dây AVA+ LiveBass S1018,Nguyễn Thái Vũ,4
tai-nghe-co-day-ava-livebass-s1018?utm_flashsale=1,Tai nghe Dây AVA+ LiveBass S1018,Võ Văn Thi,4
tai-nghe-co-day-ava-livebass-s1018?utm_flashsale=1,Tai nghe Dây AVA+ LiveBass S1018,Phạm Thị Sen,5
tai-nghe-co-day-ava-livebass-s1018?utm_flashsale=1,Tai nghe Dây AVA+ LiveBass S1018,Trúc Tô,4
tai-nghe-co-day-hp-hyperx-cloud-earbuds-ii,Tai nghe Dây Gaming HP HyperX Cloud Earbuds II,Nguyễn Minh Tuấn,5
tai-nghe-co-day-hp-hyperx-cloud-earbuds-ii,Tai nghe Dây Gaming HP HyperX Cloud Earbuds II,Tú,5
tai-nghe-co-day-hp-hyperx-cloud-earbuds-ii,Tai nghe Dây Gaming HP HyperX Cloud Earbuds II,Nguyễn Minh Tuấn,5
ep-gaming-asus-rog-cetra-ii-core-den,Tai nghe Dây Gaming Asus Rog Cetra II Core,Nga,5
ep-gaming-asus-rog-cetra-ii-core-den,Tai nghe Dây Gaming Asus Rog Cetra II Core,Phạm Duy Huệ,5
ep-gaming-asus-rog-cetra-ii-core-den,Tai nghe Dây Gaming Asus Rog Cetra II Core,Anh Duyên,4
ep-gaming-asus-rog-cetra-ii-core-den,Tai nghe Dây Gaming Asus Rog Cetra II Core,Huỳnh Hữu Tài,5
ep-gaming-asus-rog-cetra-ii-core-den,Tai nghe Dây Gaming Asus Rog Cetra II Core,Anh Nho,5
ep-gaming-asus-rog-cetra-ii-core-den,Tai nghe Dây Gaming Asus Rog Cetra II Core,Anh Lâm,5
ep-gaming-asus-rog-cetra-ii-core-den,Tai nghe Dây Gaming Asus Rog Cetra II Core,MANG CHIM,5
ep-gaming-asus-rog-cetra-ii-core-den,Tai nghe Dây Gaming Asus Rog Cetra II Core,Anh Tuấn,5
ep-gaming-asus-rog-cetra-ii-core-den,Tai nghe Dây Gaming Asus Rog Cetra II Core,Nguyễn Đức Thiện,5
ep-gaming-asus-rog-cetra-ii-core-den,Tai nghe Dây Gaming Asus Rog Cetra II Core,Lê Tấn Phát,1
ep-gaming-asus-rog-cetra-ii-core-den,Tai nghe Dây Gaming Asus Rog Cetra II Core,Vo Thanh Liem,4
ep-gaming-asus-rog-cetra-ii-core-den,Tai nghe Dây Gaming Asus Rog Cetra II Core,Bùi Tấn Hiển,3
ep-gaming-asus-rog-cetra-ii-core-den,Tai nghe Dây Gaming Asus Rog Cetra II Core,Lò Văn Tuấn,4
ep-gaming-asus-rog-cetra-ii-core-den,Tai nghe Dây Gaming Asus Rog Cetra II Core,Thanh Trường,5
ep-gaming-asus-rog-cetra-ii-core-den,Tai nghe Dây Gaming Asus Rog Cetra II Core,Toàn,1
ep-gaming-asus-rog-cetra-ii-core-den,Tai nghe Dây Gaming Asus Rog Cetra II Core,Tuấn Anh,1
ep-gaming-asus-rog-cetra-ii-core-den,Tai nghe Dây Gaming Asus Rog Cetra II Core,Vo Thanh Tu,5
ep-gaming-asus-rog-cetra-ii-core-den,Tai nghe Dây Gaming Asus Rog Cetra II Core,Đức Phúc,5
ep-gaming-asus-rog-cetra-ii-core-den,Tai nghe Dây Gaming Asus Rog Cetra II Core,Nguyễn Văn Hảo,5
ep-gaming-asus-rog-cetra-ii-core-den,Tai nghe Dây Gaming Asus Rog Cetra II Core,Vi,2
ep-gaming-asus-rog-cetra-ii-core-den,Tai nghe Dây Gaming Asus Rog Cetra II Core,Le Thi Duyen Anh,5
ep-gaming-asus-rog-cetra-ii-core-den,Tai nghe Dây Gaming Asus Rog Cetra II Core,Đặng Hoàng Nam,4
ep-gaming-asus-rog-cetra-ii-core-den,Tai nghe Dây Gaming Asus Rog Cetra II Core,Phạm Quốc Bảo,5
ep-gaming-asus-rog-cetra-ii-core-den,Tai nghe Dây Gaming Asus Rog Cetra II Core,Nguyễn Minh Tuấn,5
ep-gaming-asus-rog-cetra-ii-core-den,Tai nghe Dây Gaming Asus Rog Cetra II Core,Nguyễn Minh Tuấn,1
ep-gaming-asus-rog-cetra-ii-core-den,Tai nghe Dây Gaming Asus Rog Cetra II Core,Vũ Tuân,5
ep-gaming-asus-rog-cetra-ii-core-den,Tai nghe Dây Gaming Asus Rog Cetra II Core,Nguyễn An,5
tai-nghe-chup-tai-logitech-h390,Tai nghe Chụp Tai Logitech H390,Hải Đại Bàng,5
tai-nghe-bluetooth-chup-tai-jbl-live-670nc,Tai nghe Chụp Tai JBL Live 670NC,Nguyên,3
