id_product,name_product,username,rating
tai-nghe-bluetooth-truyen-am-thanh-qua-khong-khi-havit-hakii-light,Tai nghe Havit Hakii Light,Nguyễn Việt Cường,1
tai-nghe-bluetooth-truyen-am-thanh-qua-khong-khi-havit-hakii-light,Tai nghe Havit Hakii Light,Nguyen Sy Nhan,1
tai-nghe-bluetooth-truyen-am-thanh-qua-khong-khi-havit-hakii-light,Tai nghe Havit Hakii Light,Thái,3
tai-nghe-bluetooth-truyen-am-thanh-qua-khong-khi-havit-hakii-light,Tai nghe Havit Hakii Light,Dương,3
tai-nghe-bluetooth-truyen-am-thanh-qua-khong-khi-havit-hakii-light,Tai nghe Havit Hakii Light,Phạm Lợi,4
tai-nghe-bluetooth-truyen-am-thanh-qua-khong-khi-havit-hakii-light,Tai nghe Havit Hakii Light,Nguyễn Đức Sơn,3
tai-nghe-bluetooth-truyen-am-thanh-qua-khong-khi-havit-hakii-light,Tai nghe Havit Hakii Light,Yên,3
tai-nghe-bluetooth-true-wireless-oppo-enco-buds-3-pro-etek1,Tai nghe TWS OPPO ENCO Buds 3 Pro ETEK1,Dat Huynh,5
tai-nghe-bluetooth-true-wireless-oppo-enco-buds-3-pro-etek1,Tai nghe TWS OPPO ENCO Buds 3 Pro ETEK1,Danhlenh,5
tai-nghe-bluetooth-true-wireless-oppo-enco-buds-3-pro-etek1,Tai nghe TWS OPPO ENCO Buds 3 Pro ETEK1,Doan Le,1
tai-nghe-bluetooth-true-wireless-oppo-enco-buds-3-pro-etek1,Tai nghe TWS OPPO ENCO Buds 3 Pro ETEK1,Anh Thuỳ,4
tai-nghe-bluetooth-tws-xiaomi-redmi-buds-6-lite,Tai nghe TWS Xiaomi Redmi Buds 6 Lite,Trường,3
tai-nghe-bluetooth-tws-xiaomi-redmi-buds-6-lite,Tai nghe TWS Xiaomi Redmi Buds 6 Lite,Phương,1
tai-nghe-bluetooth-tws-xiaomi-redmi-buds-6-lite,Tai nghe TWS Xiaomi Redmi Buds 6 Lite,Nguyễn Sỹ Hải,5
tai-nghe-bluetooth-tws-xiaomi-redmi-buds-6-lite,Tai nghe TWS Xiaomi Redmi Buds 6 Lite,Nguyễn Văn Phát,1
tai-nghe-bluetooth-tws-xiaomi-redmi-buds-6-lite,Tai nghe TWS Xiaomi Redmi Buds 6 Lite,Chương,1
tai-nghe-bluetooth-tws-xiaomi-redmi-buds-6-lite,Tai nghe TWS Xiaomi Redmi Buds 6 Lite,Mẫn,4
tai-nghe-bluetooth-tws-xiaomi-redmi-buds-6-lite,Tai nghe TWS Xiaomi Redmi Buds 6 Lite,Ma Văn Duyệt,2
tai-nghe-bluetooth-tws-xiaomi-redmi-buds-6-lite,Tai nghe TWS Xiaomi Redmi Buds 6 Lite,Nguyễn Lê Bảo Trân,5
tai-nghe-bluetooth-tws-xiaomi-redmi-buds-6-lite,Tai nghe TWS Xiaomi Redmi Buds 6 Lite,Huỳnh Thanh Tuấn,4
tai-nghe-bluetooth-tws-xiaomi-redmi-buds-6-lite,Tai nghe TWS Xiaomi Redmi Buds 6 Lite,Vuong,2
tai-nghe-bluetooth-tws-xiaomi-redmi-buds-6-lite,Tai nghe TWS Xiaomi Redmi Buds 6 Lite,Bùi Minh Hoàng,5
tai-nghe-bluetooth-tws-xiaomi-redmi-buds-6-lite,Tai nghe TWS Xiaomi Redmi Buds 6 Lite,Nguyễn Thành Nghĩa,5
tai-nghe-bluetooth-tws-xiaomi-redmi-buds-6-lite,Tai nghe TWS Xiaomi Redmi Buds 6 Lite,Nguyễn Văn Đạt,5
tai-nghe-bluetooth-tws-xiaomi-redmi-buds-6-lite,Tai nghe TWS Xiaomi Redmi Buds 6 Lite,Phùng Tuyến,3
tai-nghe-bluetooth-tws-xiaomi-redmi-buds-6-lite,Tai nghe TWS Xiaomi Redmi Buds 6 Lite,Nhật Anh,5
tai-nghe-bluetooth-tws-xiaomi-redmi-buds-6-lite,Tai nghe TWS Xiaomi Redmi Buds 6 Lite,Nguyễn Minh Hiếu,1
tai-nghe-bluetooth-tws-xiaomi-redmi-buds-6-lite,Tai nghe TWS Xiaomi Redmi Buds 6 Lite,Nguyễn Xuân Thạch,3
tai-nghe-bluetooth-tws-xiaomi-redmi-buds-6-lite,Tai nghe TWS Xiaomi Redmi Buds 6 Lite,Phùng Văn Doanh,3
tai-nghe-bluetooth-tws-xiaomi-redmi-buds-6-lite,Tai nghe TWS Xiaomi Redmi Buds 6 Lite,Lục Anh Tuấn,1
tai-nghe-bluetooth-tws-xiaomi-redmi-buds-6-lite,Tai nghe TWS Xiaomi Redmi Buds 6 Lite,Cuong,1
tai-nghe-bluetooth-tws-xiaomi-redmi-buds-6-lite,Tai nghe TWS Xiaomi Redmi Buds 6 Lite,Lường,1
tai-nghe-bluetooth-tws-xiaomi-redmi-buds-6-lite,Tai nghe TWS Xiaomi Redmi Buds 6 Lite,Nguyễn Thị Phước Hồng,3
tai-nghe-bluetooth-tws-xiaomi-redmi-buds-6-lite,Tai nghe TWS Xiaomi Redmi Buds 6 Lite,Nguyễn Thành,1
tai-nghe-bluetooth-tws-xiaomi-redmi-buds-6-lite,Tai nghe TWS Xiaomi Redmi Buds 6 Lite,Quyên,1
tai-nghe-bluetooth-tws-xiaomi-redmi-buds-6-lite,Tai nghe TWS Xiaomi Redmi Buds 6 Lite,Dương Thành Nhân,2
tai-nghe-bluetooth-tws-xiaomi-redmi-buds-6-lite,Tai nghe TWS Xiaomi Redmi Buds 6 Lite,Trần Viết Đạt,2
tai-nghe-bluetooth-tws-xiaomi-redmi-buds-6-lite,Tai nghe TWS Xiaomi Redmi Buds 6 Lite,Thành Đạt,4
tai-nghe-bluetooth-tws-xiaomi-redmi-buds-6-lite,Tai nghe TWS Xiaomi Redmi Buds 6 Lite,Thanh,3
tai-nghe-bluetooth-tws-xiaomi-redmi-buds-6-lite,Tai nghe TWS Xiaomi Redmi Buds 6 Lite,Lam Long,5
tai-nghe-bluetooth-tws-xiaomi-redmi-buds-6-lite,Tai nghe TWS Xiaomi Redmi Buds 6 Lite,Thái,2
tai-nghe-bluetooth-tws-xiaomi-redmi-buds-6-lite,Tai nghe TWS Xiaomi Redmi Buds 6 Lite,Lê Thực,2
tai-nghe-bluetooth-tws-xiaomi-redmi-buds-6-lite,Tai nghe TWS Xiaomi Redmi Buds 6 Lite,Trọng Tình,3
tai-nghe-bluetooth-tws-xiaomi-redmi-buds-6-lite,Tai nghe TWS Xiaomi Redmi Buds 6 Lite,Nguyễn Viết Thành Long,3
tai-nghe-bluetooth-tws-xiaomi-redmi-buds-6-lite,Tai nghe TWS Xiaomi Redmi Buds 6 Lite,An,3
tai-nghe-bluetooth-tws-xiaomi-redmi-buds-6-lite,Tai nghe TWS Xiaomi Redmi Buds 6 Lite,A Quốc,3
tai-nghe-bluetooth-tws-xiaomi-redmi-buds-6-lite,Tai nghe TWS Xiaomi Redmi Buds 6 Lite,Huy,3
tai-nghe-bluetooth-tws-xiaomi-redmi-buds-6-lite,Tai nghe TWS Xiaomi Redmi Buds 6 Lite,NGUYỄN THỊ THU HƯƠNG,2
tai-nghe-bluetooth-tws-xiaomi-redmi-buds-6-lite,Tai nghe TWS Xiaomi Redmi Buds 6 Lite,Nguyễn Văn Thanh,3
tai-nghe-bluetooth-tws-xiaomi-redmi-buds-6-lite,Tai nghe TWS Xiaomi Redmi Buds 6 Lite,Hưng,5
tai-nghe-bluetooth-tws-xiaomi-redmi-buds-6-lite,Tai nghe TWS Xiaomi Redmi Buds 6 Lite,Đặng Hữu Tín,2
tai-nghe-bluetooth-tws-xiaomi-redmi-buds-6-lite,Tai nghe TWS Xiaomi Redmi Buds 6 Lite,Lê Văn Bính,3
tai-nghe-bluetooth-tws-xiaomi-redmi-buds-6-lite,Tai nghe TWS Xiaomi Redmi Buds 6 Lite,Bùi Văn Ban,3
tai-nghe-bluetooth-tws-xiaomi-redmi-buds-6-lite,Tai nghe TWS Xiaomi Redmi Buds 6 Lite,Dương,3
tai-nghe-bluetooth-tws-xiaomi-redmi-buds-6-lite,Tai nghe TWS Xiaomi Redmi Buds 6 Lite,Trường Thư,3
tai-nghe-bluetooth-tws-xiaomi-redmi-buds-6-lite,Tai nghe TWS Xiaomi Redmi Buds 6 Lite,Nguyễn Văn Hùng,2
tai-nghe-bluetooth-tws-xiaomi-redmi-buds-6-lite,Tai nghe TWS Xiaomi Redmi Buds 6 Lite,Hà,4
tai-nghe-bluetooth-tws-xiaomi-redmi-buds-6-lite,Tai nghe TWS Xiaomi Redmi Buds 6 Lite,Nguyễn Quốc Đạt,2
tai-nghe-bluetooth-tws-xiaomi-redmi-buds-6-lite,Tai nghe TWS Xiaomi Redmi Buds 6 Lite,Phạm Ngọc Hùng,5
tai-nghe-bluetooth-tws-xiaomi-redmi-buds-6-lite,Tai nghe TWS Xiaomi Redmi Buds 6 Lite,Phan Hữu Hoàng,3
tai-nghe-bluetooth-tws-xiaomi-redmi-buds-6-lite,Tai nghe TWS Xiaomi Redmi Buds 6 Lite,Khải,1
tai-nghe-bluetooth-tws-xiaomi-redmi-buds-6-lite,Tai nghe TWS Xiaomi Redmi Buds 6 Lite,Nguyễn Hồng Ân,3
tai-nghe-bluetooth-tws-xiaomi-redmi-buds-6-lite,Tai nghe TWS Xiaomi Redmi Buds 6 Lite,Huy,4
tai-nghe-bluetooth-tws-xiaomi-redmi-buds-6-lite,Tai nghe TWS Xiaomi Redmi Buds 6 Lite,Van Long,2
tai-nghe-bluetooth-tws-xiaomi-redmi-buds-6-lite,Tai nghe TWS Xiaomi Redmi Buds 6 Lite,Nguyễn Văn Hài,3
tai-nghe-bluetooth-tws-xiaomi-redmi-buds-6-lite,Tai nghe TWS Xiaomi Redmi Buds 6 Lite,Phạm Kiên,1
tai-nghe-bluetooth-tws-xiaomi-redmi-buds-6-lite,Tai nghe TWS Xiaomi Redmi Buds 6 Lite,Đinh Chí Thuận,3
tai-nghe-bluetooth-tws-xiaomi-redmi-buds-6-lite,Tai nghe TWS Xiaomi Redmi Buds 6 Lite,Thành,2
tai-nghe-bluetooth-tws-xiaomi-redmi-buds-6-lite,Tai nghe TWS Xiaomi Redmi Buds 6 Lite,Phạm Văn Công,3
tai-nghe-bluetooth-tws-xiaomi-redmi-buds-6-lite,Tai nghe TWS Xiaomi Redmi Buds 6 Lite,Nguyen Hanh,4
tai-nghe-bluetooth-tws-xiaomi-redmi-buds-6-lite,Tai nghe TWS Xiaomi Redmi Buds 6 Lite,Nguyễn Văn Phước,2
tai-nghe-bluetooth-tws-xiaomi-redmi-buds-6-lite,Tai nghe TWS Xiaomi Redmi Buds 6 Lite,Đạt,3
tai-nghe-bluetooth-tws-xiaomi-redmi-buds-6-lite,Tai nghe TWS Xiaomi Redmi Buds 6 Lite,Nguyễn Văn Đựng,5
tai-nghe-bluetooth-tws-xiaomi-redmi-buds-6-lite,Tai nghe TWS Xiaomi Redmi Buds 6 Lite,BH,3
tai-nghe-bluetooth-tws-xiaomi-redmi-buds-6-lite,Tai nghe TWS Xiaomi Redmi Buds 6 Lite,Nguyên Tân Đat,3
tai-nghe-bluetooth-tws-xiaomi-redmi-buds-6-lite,Tai nghe TWS Xiaomi Redmi Buds 6 Lite,Thế Anh,3
tai-nghe-bluetooth-tws-xiaomi-redmi-buds-6-lite,Tai nghe TWS Xiaomi Redmi Buds 6 Lite,Quốc Anh,1
tai-nghe-bluetooth-tws-xiaomi-redmi-buds-6-lite,Tai nghe TWS Xiaomi Redmi Buds 6 Lite,Hoài Hậu,3
tai-nghe-bluetooth-tws-xiaomi-redmi-buds-6-lite,Tai nghe TWS Xiaomi Redmi Buds 6 Lite,Trần Phú,4
tai-nghe-bluetooth-tws-xiaomi-redmi-buds-6-lite,Tai nghe TWS Xiaomi Redmi Buds 6 Lite,Ngọc Thái,3
tai-nghe-bluetooth-tws-xiaomi-redmi-buds-6-lite,Tai nghe TWS Xiaomi Redmi Buds 6 Lite,Tài,5
tai-nghe-bluetooth-tws-xiaomi-redmi-buds-6-lite,Tai nghe TWS Xiaomi Redmi Buds 6 Lite,Son Destiny,5
tai-nghe-bluetooth-tws-xiaomi-redmi-buds-6-lite,Tai nghe TWS Xiaomi Redmi Buds 6 Lite,Nguyễn Đạt Liên,2
tai-nghe-bluetooth-tws-xiaomi-redmi-buds-6-lite,Tai nghe TWS Xiaomi Redmi Buds 6 Lite,Tuấn Nguyễn,5
tai-nghe-bluetooth-tws-xiaomi-redmi-buds-6-lite,Tai nghe TWS Xiaomi Redmi Buds 6 Lite,Khánh Quy,4
tai-nghe-bluetooth-tws-xiaomi-redmi-buds-6-lite,Tai nghe TWS Xiaomi Redmi Buds 6 Lite,Minh Long,5
tai-nghe-tws-jbl-wave-beam-2,Tai nghe TWS JBL Wave Beam 2,Tiến Vũ,5
tai-nghe-tws-jbl-wave-beam-2,Tai nghe TWS JBL Wave Beam 2,Nguyễn Lộc,5
tai-nghe-tws-jbl-wave-beam-2,Tai nghe TWS JBL Wave Beam 2,Phạm Anh Hào,4
tai-nghe-tws-jbl-wave-beam-2,Tai nghe TWS JBL Wave Beam 2,Ninh,4
tai-nghe-tws-jbl-wave-beam-2,Tai nghe TWS JBL Wave Beam 2,Nguyễn Văn Tân,4
tai-nghe-tws-jbl-wave-beam-2,Tai nghe TWS JBL Wave Beam 2,Trần Tiến,5
tai-nghe-tws-jbl-wave-beam-2,Tai nghe TWS JBL Wave Beam 2,Nguyễn Ngọc Bảo,4
tai-nghe-bluetooth-chup-tai-jbl-tune-670nc,Tai nghe Chụp Tai JBL Tune 670NC,Đặng Công Danh,5
tai-nghe-tws-alpha-works-aw-curve-200,Tai nghe TWS Alpha Works AW-Curve 200,Tuấn Võ,5
tai-nghe-tws-alpha-works-aw-curve-200,Tai nghe TWS Alpha Works AW-Curve 200,Thanh,1
tai-nghe-bluetooth-true-wireless-rezo-k50?utm_flashsale=1,Tai nghe TWS Rezo K50,Thu,3
tai-nghe-bluetooth-true-wireless-rezo-k50?utm_flashsale=1,Tai nghe TWS Rezo K50,Nhân,1
tai-nghe-bluetooth-true-wireless-rezo-k50?utm_flashsale=1,Tai nghe TWS Rezo K50,Beo,3
tai-nghe-bluetooth-true-wireless-rezo-k50?utm_flashsale=1,Tai nghe TWS Rezo K50,Đại,2
tai-nghe-bluetooth-true-wireless-rezo-k50?utm_flashsale=1,Tai nghe TWS Rezo K50,Dan,3
tai-nghe-bluetooth-true-wireless-rezo-k50?utm_flashsale=1,Tai nghe TWS Rezo K50,Phương,1
tai-nghe-bluetooth-chup-tai-sony-wh-ch520,Tai nghe Chụp Tai Sony WH-CH520,Phạm Thái Bảo Khánh,2
tai-nghe-bluetooth-chup-tai-sony-wh-ch520,Tai nghe Chụp Tai Sony WH-CH520,Nguyễn Thu Hà,5
tai-nghe-bluetooth-chup-tai-sony-wh-ch520,Tai nghe Chụp Tai Sony WH-CH520,Ánh Tuyết,3
tai-nghe-bluetooth-chup-tai-sony-wh-ch520,Tai nghe Chụp Tai Sony WH-CH520,Trang Nguyen,5
tai-nghe-bluetooth-chup-tai-sony-wh-ch520,Tai nghe Chụp Tai Sony WH-CH520,Giang Nguyen,2
tai-nghe-bluetooth-chup-tai-sony-wh-ch520,Tai nghe Chụp Tai Sony WH-CH520,Nguyễn Văn Cường,2
tai-nghe-bluetooth-chup-tai-sony-wh-ch520,Tai nghe Chụp Tai Sony WH-CH520,Lâm,3
tai-nghe-bluetooth-chup-tai-sony-wh-ch520,Tai nghe Chụp Tai Sony WH-CH520,Đỗ Quyên,5
tai-nghe-bluetooth-chup-tai-sony-wh-ch520,Tai nghe Chụp Tai Sony WH-CH520,Nguyễn Tuấn Anh,4
tai-nghe-bluetooth-chup-tai-sony-wh-ch520,Tai nghe Chụp Tai Sony WH-CH520,Ng Vuong,2
tai-nghe-bluetooth-chup-tai-sony-wh-ch520,Tai nghe Chụp Tai Sony WH-CH520,Khanh,1
tai-nghe-bluetooth-chup-tai-sony-wh-ch520,Tai nghe Chụp Tai Sony WH-CH520,Bùi Hữu Phước,5
tai-nghe-bluetooth-chup-tai-sony-wh1000xm5,Tai nghe Chụp Tai Sony WH1000XM5,Khoa,5
tai-nghe-bluetooth-true-wireless-marshall-minor-iv,Tai nghe TWS Marshall Minor IV,Thành Hiếu,5
tai-nghe-bluetooth-true-wireless-marshall-minor-iv,Tai nghe TWS Marshall Minor IV,Thành,3
tai-nghe-bluetooth-true-wireless-marshall-minor-iv,Tai nghe TWS Marshall Minor IV,Chiến,5
tai-nghe-bluetooth-true-wireless-marshall-minor-iv,Tai nghe TWS Marshall Minor IV,Anh Được,4
tai-nghe-bluetooth-truyen-am-thanh-qua-xuong-shokz-openrun-s803,Tai nghe truyền xương Shokz OPENRUN S803,Toàn,5
tai-nghe-bluetooth-truyen-am-thanh-qua-xuong-shokz-openrun-s803,Tai nghe truyền xương Shokz OPENRUN S803,Dang Hieu Cong,4
tai-nghe-bluetooth-true-wireless-ava-buds-life-air-2-pro?utm_flashsale=1,Tai nghe TWS AVA+ Buds Life Air 2 Pro,Jay Chu,3
tai-nghe-bluetooth-true-wireless-ava-buds-life-air-2-pro?utm_flashsale=1,Tai nghe TWS AVA+ Buds Life Air 2 Pro,Huỳnh Thanh Sang,5
tai-nghe-bluetooth-true-wireless-ava-buds-life-air-2-pro?utm_flashsale=1,Tai nghe TWS AVA+ Buds Life Air 2 Pro,Phạm Văn Lâm,2
tai-nghe-bluetooth-true-wireless-ava-buds-life-air-2-pro?utm_flashsale=1,Tai nghe TWS AVA+ Buds Life Air 2 Pro,Nguyễn Hào Quang,3
tai-nghe-bluetooth-true-wireless-ava-buds-life-air-2-pro?utm_flashsale=1,Tai nghe TWS AVA+ Buds Life Air 2 Pro,Hồng Thuý,3
tai-nghe-bluetooth-true-wireless-ava-buds-life-air-2-pro?utm_flashsale=1,Tai nghe TWS AVA+ Buds Life Air 2 Pro,Vy,4
tai-nghe-bluetooth-true-wireless-ava-buds-life-air-2-pro?utm_flashsale=1,Tai nghe TWS AVA+ Buds Life Air 2 Pro,Đỗ Duy Lâm,5
tai-nghe-bluetooth-true-wireless-ava-buds-life-air-2-pro?utm_flashsale=1,Tai nghe TWS AVA+ Buds Life Air 2 Pro,Trần Thị Nhi,5
tai-nghe-bluetooth-true-wireless-ava-buds-life-air-2-pro?utm_flashsale=1,Tai nghe TWS AVA+ Buds Life Air 2 Pro,Thuỷ,4
tai-nghe-bluetooth-true-wireless-ava-buds-life-air-2-pro?utm_flashsale=1,Tai nghe TWS AVA+ Buds Life Air 2 Pro,Hà Phương,3
tai-nghe-bluetooth-true-wireless-ava-buds-life-air-2-pro?utm_flashsale=1,Tai nghe TWS AVA+ Buds Life Air 2 Pro,Nguyễn Thảo,5
tai-nghe-bluetooth-true-wireless-ava-buds-life-air-2-pro?utm_flashsale=1,Tai nghe TWS AVA+ Buds Life Air 2 Pro,Lương Tuấn Sang,5
tai-nghe-bluetooth-true-wireless-ava-buds-life-air-2-pro?utm_flashsale=1,Tai nghe TWS AVA+ Buds Life Air 2 Pro,Kim Văn Tài,5
tai-nghe-bluetooth-true-wireless-ava-buds-life-air-2-pro?utm_flashsale=1,Tai nghe TWS AVA+ Buds Life Air 2 Pro,Trần Quốc Việt,5
tai-nghe-bluetooth-true-wireless-ava-buds-life-air-2-pro?utm_flashsale=1,Tai nghe TWS AVA+ Buds Life Air 2 Pro,Nguyen Van Bien,5
tai-nghe-bluetooth-true-wireless-ava-buds-life-air-3?utm_flashsale=1,Tai nghe TWS AVA+ Buds Life Air 3,Hùng,5
tai-nghe-bluetooth-true-wireless-ava-buds-life-air-3?utm_flashsale=1,Tai nghe TWS AVA+ Buds Life Air 3,Huỳnh Thâu,5
tai-nghe-bluetooth-true-wireless-ava-buds-life-air-3?utm_flashsale=1,Tai nghe TWS AVA+ Buds Life Air 3,Trần Văn Bắc,3
tai-nghe-bluetooth-true-wireless-ava-buds-life-air-3?utm_flashsale=1,Tai nghe TWS AVA+ Buds Life Air 3,Hoàng,5
tai-nghe-bluetooth-true-wireless-ava-buds-life-air-3?utm_flashsale=1,Tai nghe TWS AVA+ Buds Life Air 3,Thùy Dung,5
tai-nghe-bluetooth-true-wireless-ava-buds-life-air-3?utm_flashsale=1,Tai nghe TWS AVA+ Buds Life Air 3,Huỳnh Quốc Trung,4
tai-nghe-bluetooth-true-wireless-ava-buds-life-air-3?utm_flashsale=1,Tai nghe TWS AVA+ Buds Life Air 3,Đỗ Hoàng Việt,2
tai-nghe-bluetooth-true-wireless-ava-buds-life-air-3?utm_flashsale=1,Tai nghe TWS AVA+ Buds Life Air 3,Đức Bản,1
tai-nghe-bluetooth-true-wireless-ava-buds-life-air-3?utm_flashsale=1,Tai nghe TWS AVA+ Buds Life Air 3,Linh,2
tai-nghe-bluetooth-true-wireless-ava-buds-life-air-3?utm_flashsale=1,Tai nghe TWS AVA+ Buds Life Air 3,Ba,1
tai-nghe-bluetooth-true-wireless-ava-buds-life-air-3?utm_flashsale=1,Tai nghe TWS AVA+ Buds Life Air 3,Trần Văn Thương,1
tai-nghe-bluetooth-true-wireless-ava-buds-life-air-3?utm_flashsale=1,Tai nghe TWS AVA+ Buds Life Air 3,Trần Quốc Việt,5
tai-nghe-bluetooth-true-wireless-ava-buds-life-air-3?utm_flashsale=1,Tai nghe TWS AVA+ Buds Life Air 3,Lý Đol,5
tai-nghe-bluetooth-true-wireless-ava-buds-life-air-3?utm_flashsale=1,Tai nghe TWS AVA+ Buds Life Air 3,Phong Vu,5
tai-nghe-bluetooth-true-wireless-ava-buds-life-air-3?utm_flashsale=1,Tai nghe TWS AVA+ Buds Life Air 3,Trần Cẩm Tiên,4
tai-nghe-bluetooth-true-wireless-ava-buds-life-air-3?utm_flashsale=1,Tai nghe TWS AVA+ Buds Life Air 3,Như Toàn Nguyễn,5
tai-nghe-bluetooth-true-wireless-ava-buds-life-air-3?utm_flashsale=1,Tai nghe TWS AVA+ Buds Life Air 3,Đăng Khoa,5
tai-nghe-bluetooth-true-wireless-ava-buds-life-air-3?utm_flashsale=1,Tai nghe TWS AVA+ Buds Life Air 3,Thắng,5
tai-nghe-bluetooth-true-wireless-ava-buds-life-air-3?utm_flashsale=1,Tai nghe TWS AVA+ Buds Life Air 3,Phạm Văn Quyết,5
tai-nghe-bluetooth-true-wireless-ava-buds-life-air-3?utm_flashsale=1,Tai nghe TWS AVA+ Buds Life Air 3,Duy,5
tai-nghe-bluetooth-true-wireless-ava-buds-life-air-3?utm_flashsale=1,Tai nghe TWS AVA+ Buds Life Air 3,Mạnh,5
tai-nghe-bluetooth-true-wireless-ava-buds-life-air-3?utm_flashsale=1,Tai nghe TWS AVA+ Buds Life Air 3,HOÀNGKHUYẾN,5
tai-nghe-bluetooth-true-wireless-ava-buds-life-air-3?utm_flashsale=1,Tai nghe TWS AVA+ Buds Life Air 3,Chí Tâm,5
tai-nghe-bluetooth-true-wireless-ava-buds-life-air-3?utm_flashsale=1,Tai nghe TWS AVA+ Buds Life Air 3,Tân,5
tai-nghe-bluetooth-true-wireless-ava-buds-life-air-3?utm_flashsale=1,Tai nghe TWS AVA+ Buds Life Air 3,Nguyễn Tiến Giang,5
tai-nghe-bluetooth-true-wireless-ava-buds-life-air-3?utm_flashsale=1,Tai nghe TWS AVA+ Buds Life Air 3,Châu Thiên Long,5
tai-nghe-bluetooth-true-wireless-ava-buds-life-air-3?utm_flashsale=1,Tai nghe TWS AVA+ Buds Life Air 3,Vũ Văn Hùng,5
tai-nghe-bluetooth-true-wireless-rezo-air-5-deluxe-anc?utm_flashsale=1,Tai nghe TWS Rezo Air 5 Deluxe ANC,Nguyễn Thái,4
tai-nghe-bluetooth-true-wireless-rezo-air-5-deluxe-anc?utm_flashsale=1,Tai nghe TWS Rezo Air 5 Deluxe ANC,Thái,3
tai-nghe-bluetooth-true-wireless-rezo-air-5-deluxe-anc?utm_flashsale=1,Tai nghe TWS Rezo Air 5 Deluxe ANC,Sùng A Dinh,1
tai-nghe-bluetooth-true-wireless-rezo-air-5-deluxe-anc?utm_flashsale=1,Tai nghe TWS Rezo Air 5 Deluxe ANC,Lê Minh ĐẠt,3
tai-nghe-bluetooth-true-wireless-rezo-air-5-deluxe-anc?utm_flashsale=1,Tai nghe TWS Rezo Air 5 Deluxe ANC,Trần Văn Ba,2
tai-nghe-bluetooth-true-wireless-samsung-galaxy-buds-3-pro-r630n,Tai nghe TWS Samsung Galaxy Buds3 Pro R630N,Ngọc Son Duong,1
tai-nghe-bluetooth-true-wireless-samsung-galaxy-buds-3-pro-r630n,Tai nghe TWS Samsung Galaxy Buds3 Pro R630N,Tiến,3
tai-nghe-bluetooth-true-wireless-samsung-galaxy-buds-3-pro-r630n,Tai nghe TWS Samsung Galaxy Buds3 Pro R630N,Thế Anh,2
tai-nghe-bluetooth-true-wireless-samsung-galaxy-buds-3-pro-r630n,Tai nghe TWS Samsung Galaxy Buds3 Pro R630N,Vinh,2
tai-nghe-bluetooth-true-wireless-samsung-galaxy-buds-3-pro-r630n,Tai nghe TWS Samsung Galaxy Buds3 Pro R630N,Ngô Quốc Toàn,1
tai-nghe-bluetooth-true-wireless-samsung-galaxy-buds-3-pro-r630n,Tai nghe TWS Samsung Galaxy Buds3 Pro R630N,Võ Thành Trí,4
tai-nghe-bluetooth-true-wireless-samsung-galaxy-buds-3-pro-r630n,Tai nghe TWS Samsung Galaxy Buds3 Pro R630N,Nguyễn Tuấn Dũng,5
tai-nghe-bluetooth-true-wireless-samsung-galaxy-buds-3-pro-r630n,Tai nghe TWS Samsung Galaxy Buds3 Pro R630N,V V M Tri,1
tai-nghe-bluetooth-true-wireless-samsung-galaxy-buds-3-pro-r630n,Tai nghe TWS Samsung Galaxy Buds3 Pro R630N,Thuận Võ,2
tai-nghe-bluetooth-true-wireless-samsung-galaxy-buds-3-pro-r630n,Tai nghe TWS Samsung Galaxy Buds3 Pro R630N,Huỳnh Bá Thiện,4
tai-nghe-bluetooth-true-wireless-ava-freego-w28,Tai nghe TWS AVA+ FreeGo W28,Nguyễn Văn Diễn,5
tai-nghe-bluetooth-true-wireless-ava-freego-w28,Tai nghe TWS AVA+ FreeGo W28,Trịnh Ngọc Thế,3
tai-nghe-bluetooth-true-wireless-ava-freego-w28,Tai nghe TWS AVA+ FreeGo W28,Châu,5
tai-nghe-bluetooth-true-wireless-ava-freego-w28,Tai nghe TWS AVA+ FreeGo W28,Hoàng,1
tai-nghe-bluetooth-true-wireless-ava-freego-w28,Tai nghe TWS AVA+ FreeGo W28,Bình,1
tai-nghe-bluetooth-true-wireless-ava-freego-w28,Tai nghe TWS AVA+ FreeGo W28,Duy Tân,3
tai-nghe-bluetooth-true-wireless-ava-freego-w28,Tai nghe TWS AVA+ FreeGo W28,Vũ Văn Ca,5
tai-nghe-bluetooth-true-wireless-ava-freego-w28,Tai nghe TWS AVA+ FreeGo W28,Nguyễn Thị Hồng,5
tai-nghe-bluetooth-true-wireless-ava-freego-w28,Tai nghe TWS AVA+ FreeGo W28,Vy Quốc Dũng,4
tai-nghe-bluetooth-true-wireless-ava-freego-w28,Tai nghe TWS AVA+ FreeGo W28,Nguyên Văn Phong,1
tai-nghe-bluetooth-true-wireless-ava-freego-w28,Tai nghe TWS AVA+ FreeGo W28,Thái Dương,5
tai-nghe-bluetooth-true-wireless-ava-freego-w28,Tai nghe TWS AVA+ FreeGo W28,Hưng Ngọc,1
tai-nghe-bluetooth-true-wireless-ava-freego-w28,Tai nghe TWS AVA+ FreeGo W28,Khuất Bá Luân,5
tai-nghe-bluetooth-true-wireless-ava-freego-pt52,Tai nghe TWS AVA+ FreeGo PT52,Tuân,2
tai-nghe-bluetooth-true-wireless-ava-freego-pt52,Tai nghe TWS AVA+ FreeGo PT52,Phương Văn Nhất,4
tai-nghe-bluetooth-true-wireless-ava-freego-pt52,Tai nghe TWS AVA+ FreeGo PT52,Trần Quốc,3
tai-nghe-bluetooth-true-wireless-ava-freego-pt52,Tai nghe TWS AVA+ FreeGo PT52,Maivanhuy,4
tai-nghe-bluetooth-true-wireless-ava-freego-pt52,Tai nghe TWS AVA+ FreeGo PT52,Nguyễ Phạm Ngọc Thảo,4
tai-nghe-bluetooth-true-wireless-ava-freego-pt52,Tai nghe TWS AVA+ FreeGo PT52,Phong Ngô,3
tai-nghe-bluetooth-true-wireless-ava-freego-pt52,Tai nghe TWS AVA+ FreeGo PT52,Thao Nguyen,5
tai-nghe-bluetooth-true-wireless-ava-freego-pt52,Tai nghe TWS AVA+ FreeGo PT52,An,4
tai-nghe-bluetooth-true-wireless-ava-freego-pt52,Tai nghe TWS AVA+ FreeGo PT52,Hồ Thị Hồng Định,3
tai-nghe-bluetooth-true-wireless-ava-freego-pt52,Tai nghe TWS AVA+ FreeGo PT52,Hiếu,2
tai-nghe-bluetooth-true-wireless-ava-freego-pt52,Tai nghe TWS AVA+ FreeGo PT52,Nguyễn Thị Thanh Quyên,5
tai-nghe-bluetooth-true-wireless-ava-freego-pt52,Tai nghe TWS AVA+ FreeGo PT52,Bùi Quang Tuyến,4
tai-nghe-bluetooth-true-wireless-ava-freego-pt52,Tai nghe TWS AVA+ FreeGo PT52,Thiện,3
tai-nghe-bluetooth-true-wireless-ava-freego-pt52,Tai nghe TWS AVA+ FreeGo PT52,Thái Bá Thành,3
tai-nghe-bluetooth-true-wireless-ava-freego-pt52,Tai nghe TWS AVA+ FreeGo PT52,Thành,1
tai-nghe-bluetooth-true-wireless-ava-freego-pt52,Tai nghe TWS AVA+ FreeGo PT52,Trần Lanh,2
tai-nghe-bluetooth-true-wireless-ava-freego-pt52,Tai nghe TWS AVA+ FreeGo PT52,Đinh Hoài Linh,4
tai-nghe-bluetooth-true-wireless-ava-freego-pt52,Tai nghe TWS AVA+ FreeGo PT52,Nguyễn Ngọc Quý,5
tai-nghe-bluetooth-true-wireless-ava-freego-pt52,Tai nghe TWS AVA+ FreeGo PT52,ĐOÀN VĂN HẬN,4
tai-nghe-bluetooth-true-wireless-ava-freego-pt52,Tai nghe TWS AVA+ FreeGo PT52,Chiến,3
tai-nghe-bluetooth-true-wireless-ava-freego-pt52,Tai nghe TWS AVA+ FreeGo PT52,Mạnh Hòa,4
tai-nghe-bluetooth-true-wireless-ava-freego-pt52,Tai nghe TWS AVA+ FreeGo PT52,Lưu Trần Thanh Sơn,5
tai-nghe-bluetooth-true-wireless-ava-freego-pt52,Tai nghe TWS AVA+ FreeGo PT52,Bình,1
tai-nghe-bluetooth-true-wireless-ava-freego-pt52,Tai nghe TWS AVA+ FreeGo PT52,Nguyễn Nhựt Long,5
tai-nghe-bluetooth-true-wireless-ava-freego-pt52,Tai nghe TWS AVA+ FreeGo PT52,Nguyễn Thị Hằng,3
tai-nghe-bluetooth-true-wireless-ava-freego-pt52,Tai nghe TWS AVA+ FreeGo PT52,Nguyễn Văn Việt,4
tai-nghe-bluetooth-true-wireless-ava-freego-pt52,Tai nghe TWS AVA+ FreeGo PT52,Phan Pháp,2
tai-nghe-bluetooth-true-wireless-ava-freego-pt52,Tai nghe TWS AVA+ FreeGo PT52,Manh,1
tai-nghe-bluetooth-true-wireless-ava-freego-pt52,Tai nghe TWS AVA+ FreeGo PT52,Ngọc,2
tai-nghe-bluetooth-true-wireless-ava-freego-pt52,Tai nghe TWS AVA+ FreeGo PT52,Hoang Nam,5
tai-nghe-bluetooth-true-wireless-ava-freego-pt52,Tai nghe TWS AVA+ FreeGo PT52,Lăng Nhuyệt,2
tai-nghe-bluetooth-true-wireless-ava-freego-pt52,Tai nghe TWS AVA+ FreeGo PT52,Ly,1
tai-nghe-bluetooth-true-wireless-ava-freego-pt52,Tai nghe TWS AVA+ FreeGo PT52,ANH HIẾU,5
tai-nghe-bluetooth-true-wireless-ava-freego-pt52,Tai nghe TWS AVA+ FreeGo PT52,HOAI LINH,5
tai-nghe-bluetooth-true-wireless-ava-freego-pt52,Tai nghe TWS AVA+ FreeGo PT52,Tám,5
tai-nghe-bluetooth-true-wireless-ava-freego-pt52,Tai nghe TWS AVA+ FreeGo PT52,Lê Ân,5
tai-nghe-bluetooth-true-wireless-ava-freego-pt52,Tai nghe TWS AVA+ FreeGo PT52,Nguyễn Thị Cẩm Thu,5
tai-nghe-bluetooth-true-wireless-ava-freego-pt52,Tai nghe TWS AVA+ FreeGo PT52,Bunny,5
tai-nghe-bluetooth-true-wireless-ava-freego-pt52,Tai nghe TWS AVA+ FreeGo PT52,Lam Long,5
tai-nghe-bluetooth-true-wireless-ava-freego-pt52,Tai nghe TWS AVA+ FreeGo PT52,Thuần,5
tai-nghe-bluetooth-true-wireless-ava-freego-pt52,Tai nghe TWS AVA+ FreeGo PT52,Đỗ Thị Quỳnh,5
tai-nghe-bluetooth-true-wireless-ava-freego-pt52,Tai nghe TWS AVA+ FreeGo PT52,Ly Ly,5
tai-nghe-bluetooth-true-wireless-ava-freego-pt52,Tai nghe TWS AVA+ FreeGo PT52,Lợi,5
tai-nghe-bluetooth-true-wireless-ava-freego-pt52,Tai nghe TWS AVA+ FreeGo PT52,Lục Pham,1
tai-nghe-bluetooth-true-wireless-ava-freego-pt52,Tai nghe TWS AVA+ FreeGo PT52,ĐIỆP TUẤN ANH,5
tai-nghe-bluetooth-true-wireless-ava-freego-pt52,Tai nghe TWS AVA+ FreeGo PT52,Tùng,3
tai-nghe-bluetooth-true-wireless-ava-freego-pt52,Tai nghe TWS AVA+ FreeGo PT52,Nguyễn Văn Hiếu,1
tai-nghe-bluetooth-true-wireless-ava-freego-pt52,Tai nghe TWS AVA+ FreeGo PT52,Trần Ngọc Sơn,3
tai-nghe-bluetooth-true-wireless-ava-freego-pt52,Tai nghe TWS AVA+ FreeGo PT52,Ni,5
tai-nghe-bluetooth-true-wireless-ava-freego-pt52,Tai nghe TWS AVA+ FreeGo PT52,Lộc,5
tai-nghe-bluetooth-true-wireless-ava-freego-pt52,Tai nghe TWS AVA+ FreeGo PT52,Văn Phúc,1
tai-nghe-bluetooth-true-wireless-ava-freego-pt52,Tai nghe TWS AVA+ FreeGo PT52,Hải Hoàng,3
tai-nghe-bluetooth-true-wireless-ava-freego-pt52,Tai nghe TWS AVA+ FreeGo PT52,Nguyễn Trọng Nghĩa,4
tai-nghe-bluetooth-true-wireless-xiaomi-redmi-buds-6-play,Tai nghe TWS Xiaomi Redmi Buds 6 Play,Giàu,1
tai-nghe-bluetooth-true-wireless-xiaomi-redmi-buds-6-play,Tai nghe TWS Xiaomi Redmi Buds 6 Play,Do Van Duc,5
tai-nghe-bluetooth-true-wireless-xiaomi-redmi-buds-6-play,Tai nghe TWS Xiaomi Redmi Buds 6 Play,Bui Quang Binh,5
tai-nghe-bluetooth-true-wireless-xiaomi-redmi-buds-6-play,Tai nghe TWS Xiaomi Redmi Buds 6 Play,Đoàn Khắc Du,5
tai-nghe-bluetooth-true-wireless-xiaomi-redmi-buds-6-play,Tai nghe TWS Xiaomi Redmi Buds 6 Play,Công Hoan,1
tai-nghe-bluetooth-true-wireless-xiaomi-redmi-buds-6-play,Tai nghe TWS Xiaomi Redmi Buds 6 Play,Nguyen Ngoc Khanh,5
tai-nghe-bluetooth-true-wireless-xiaomi-redmi-buds-6-play,Tai nghe TWS Xiaomi Redmi Buds 6 Play,Nguyễn Ngọc Anh,5
tai-nghe-bluetooth-true-wireless-xiaomi-redmi-buds-6-play,Tai nghe TWS Xiaomi Redmi Buds 6 Play,Nguyễn Kiên,5
tai-nghe-bluetooth-true-wireless-xiaomi-redmi-buds-6-play,Tai nghe TWS Xiaomi Redmi Buds 6 Play,Xuyến,1
tai-nghe-bluetooth-true-wireless-xiaomi-redmi-buds-6-play,Tai nghe TWS Xiaomi Redmi Buds 6 Play,Dương Hoàng Vũ,3
tai-nghe-bluetooth-true-wireless-xiaomi-redmi-buds-6-play,Tai nghe TWS Xiaomi Redmi Buds 6 Play,Sơn,3
tai-nghe-bluetooth-true-wireless-xiaomi-redmi-buds-6-play,Tai nghe TWS Xiaomi Redmi Buds 6 Play,Vy Nguyễn,3
tai-nghe-bluetooth-true-wireless-xiaomi-redmi-buds-6-play,Tai nghe TWS Xiaomi Redmi Buds 6 Play,Ngân,2
tai-nghe-bluetooth-true-wireless-xiaomi-redmi-buds-6-play,Tai nghe TWS Xiaomi Redmi Buds 6 Play,Pham Hai Son,1
tai-nghe-bluetooth-true-wireless-xiaomi-redmi-buds-6-play,Tai nghe TWS Xiaomi Redmi Buds 6 Play,Minh Phúc Nguyễn,4
tai-nghe-bluetooth-true-wireless-xiaomi-redmi-buds-6-play,Tai nghe TWS Xiaomi Redmi Buds 6 Play,Vũ Thắng,5
tai-nghe-bluetooth-true-wireless-xiaomi-redmi-buds-6-play,Tai nghe TWS Xiaomi Redmi Buds 6 Play,Vương Văn Chi,1
tai-nghe-bluetooth-true-wireless-xiaomi-redmi-buds-6-play,Tai nghe TWS Xiaomi Redmi Buds 6 Play,Lê Hải Đăng,3
tai-nghe-bluetooth-true-wireless-xiaomi-redmi-buds-6-play,Tai nghe TWS Xiaomi Redmi Buds 6 Play,Lê Văn Dư,5
tai-nghe-bluetooth-true-wireless-xiaomi-redmi-buds-6-play,Tai nghe TWS Xiaomi Redmi Buds 6 Play,Nguyễn Văn Phúc,5
tai-nghe-bluetooth-true-wireless-xiaomi-redmi-buds-6-play,Tai nghe TWS Xiaomi Redmi Buds 6 Play,QUYÊN,4
tai-nghe-bluetooth-true-wireless-xiaomi-redmi-buds-6-play,Tai nghe TWS Xiaomi Redmi Buds 6 Play,Đào Kho Báu,4
tai-nghe-bluetooth-true-wireless-xiaomi-redmi-buds-6-play,Tai nghe TWS Xiaomi Redmi Buds 6 Play,PHAN TẤN HUY,5
tai-nghe-bluetooth-true-wireless-xiaomi-redmi-buds-6-play,Tai nghe TWS Xiaomi Redmi Buds 6 Play,Đoàn Nguyễn Băng Tuyền,3
tai-nghe-bluetooth-true-wireless-xiaomi-redmi-buds-6-play,Tai nghe TWS Xiaomi Redmi Buds 6 Play,Nguyễn Duy Phòng,4
tai-nghe-bluetooth-true-wireless-xiaomi-redmi-buds-6-play,Tai nghe TWS Xiaomi Redmi Buds 6 Play,Xuyen Tran,5
tai-nghe-bluetooth-true-wireless-xiaomi-redmi-buds-6-play,Tai nghe TWS Xiaomi Redmi Buds 6 Play,Bùi Thị Yến Nhi,4
tai-nghe-bluetooth-true-wireless-xiaomi-redmi-buds-6-play,Tai nghe TWS Xiaomi Redmi Buds 6 Play,Thanh Truc,2
tai-nghe-bluetooth-true-wireless-xiaomi-redmi-buds-6-play,Tai nghe TWS Xiaomi Redmi Buds 6 Play,Hồng Xuân Đinh,5
tai-nghe-bluetooth-true-wireless-xiaomi-redmi-buds-6-play,Tai nghe TWS Xiaomi Redmi Buds 6 Play,Diệu,3
tai-nghe-bluetooth-true-wireless-xiaomi-redmi-buds-6-play,Tai nghe TWS Xiaomi Redmi Buds 6 Play,Hòa Phạm,3
tai-nghe-bluetooth-true-wireless-xiaomi-redmi-buds-6-play,Tai nghe TWS Xiaomi Redmi Buds 6 Play,Sơn,5
tai-nghe-bluetooth-true-wireless-xiaomi-redmi-buds-6-play,Tai nghe TWS Xiaomi Redmi Buds 6 Play,Táo Ngố,5
tai-nghe-bluetooth-true-wireless-xiaomi-redmi-buds-6-play,Tai nghe TWS Xiaomi Redmi Buds 6 Play,Phúc Thịnh,4
tai-nghe-bluetooth-true-wireless-xiaomi-redmi-buds-6-play,Tai nghe TWS Xiaomi Redmi Buds 6 Play,Minh,5
tai-nghe-bluetooth-true-wireless-xiaomi-redmi-buds-6-play,Tai nghe TWS Xiaomi Redmi Buds 6 Play,Dương,5
tai-nghe-bluetooth-true-wireless-xiaomi-redmi-buds-6-play,Tai nghe TWS Xiaomi Redmi Buds 6 Play,Huỳnh Hoàng Phi,2
tai-nghe-bluetooth-true-wireless-xiaomi-redmi-buds-6-play,Tai nghe TWS Xiaomi Redmi Buds 6 Play,Nhi,5
tai-nghe-bluetooth-true-wireless-xiaomi-redmi-buds-6-play,Tai nghe TWS Xiaomi Redmi Buds 6 Play,Thúy Vi,3
tai-nghe-bluetooth-true-wireless-xiaomi-redmi-buds-6-play,Tai nghe TWS Xiaomi Redmi Buds 6 Play,Sáng,5
tai-nghe-bluetooth-true-wireless-xiaomi-redmi-buds-6-play,Tai nghe TWS Xiaomi Redmi Buds 6 Play,Thành,3
tai-nghe-bluetooth-true-wireless-xiaomi-redmi-buds-6-play,Tai nghe TWS Xiaomi Redmi Buds 6 Play,Sự,5
tai-nghe-bluetooth-true-wireless-xiaomi-redmi-buds-6-play,Tai nghe TWS Xiaomi Redmi Buds 6 Play,Ngọc Bảo,5
tai-nghe-bluetooth-true-wireless-xiaomi-redmi-buds-6-play,Tai nghe TWS Xiaomi Redmi Buds 6 Play,Bùi Minh Tân,5
tai-nghe-bluetooth-true-wireless-xiaomi-redmi-buds-6-play,Tai nghe TWS Xiaomi Redmi Buds 6 Play,Phạm Linh,5
tai-nghe-bluetooth-true-wireless-xiaomi-redmi-buds-6-play,Tai nghe TWS Xiaomi Redmi Buds 6 Play,Huế,5
tai-nghe-bluetooth-true-wireless-xiaomi-redmi-buds-6-play,Tai nghe TWS Xiaomi Redmi Buds 6 Play,Phuoc,1
tai-nghe-bluetooth-true-wireless-xiaomi-redmi-buds-6-play,Tai nghe TWS Xiaomi Redmi Buds 6 Play,Duy Nguyễn,5
tai-nghe-bluetooth-true-wireless-xiaomi-redmi-buds-6-play,Tai nghe TWS Xiaomi Redmi Buds 6 Play,Phạm Anh Thi,5
tai-nghe-bluetooth-true-wireless-xiaomi-redmi-buds-6-play,Tai nghe TWS Xiaomi Redmi Buds 6 Play,Nguyễn Văn Tân,5
tai-nghe-bluetooth-true-wireless-xiaomi-redmi-buds-6-play,Tai nghe TWS Xiaomi Redmi Buds 6 Play,Nguyễn Viết Thành Long,5
tai-nghe-bluetooth-true-wireless-xiaomi-redmi-buds-6-play,Tai nghe TWS Xiaomi Redmi Buds 6 Play,Võ Trúc Nguyên,3
tai-nghe-bluetooth-true-wireless-xiaomi-redmi-buds-6-play,Tai nghe TWS Xiaomi Redmi Buds 6 Play,Toàn,4
tai-nghe-bluetooth-true-wireless-xiaomi-redmi-buds-6-play,Tai nghe TWS Xiaomi Redmi Buds 6 Play,Ngoann,1
tai-nghe-bluetooth-true-wireless-xiaomi-redmi-buds-6-play,Tai nghe TWS Xiaomi Redmi Buds 6 Play,Đỗ Kim Phượng,4
tai-nghe-bluetooth-true-wireless-xiaomi-redmi-buds-6-play,Tai nghe TWS Xiaomi Redmi Buds 6 Play,Phạm Tuấn Bình,4
tai-nghe-bluetooth-true-wireless-xiaomi-redmi-buds-6-play,Tai nghe TWS Xiaomi Redmi Buds 6 Play,Tỷ Phan,4
tai-nghe-bluetooth-true-wireless-xiaomi-redmi-buds-6-play,Tai nghe TWS Xiaomi Redmi Buds 6 Play,Nguyễn Văn Tin,3
tai-nghe-bluetooth-true-wireless-xiaomi-redmi-buds-6-play,Tai nghe TWS Xiaomi Redmi Buds 6 Play,Trọng,3
tai-nghe-bluetooth-true-wireless-xiaomi-redmi-buds-6-play,Tai nghe TWS Xiaomi Redmi Buds 6 Play,Nguyễn Bùi,1
tai-nghe-bluetooth-true-wireless-xiaomi-redmi-buds-6-play,Tai nghe TWS Xiaomi Redmi Buds 6 Play,Hạ Thái,1
tai-nghe-bluetooth-true-wireless-xiaomi-redmi-buds-6-play,Tai nghe TWS Xiaomi Redmi Buds 6 Play,Bích Cóc,4
tai-nghe-bluetooth-true-wireless-xiaomi-redmi-buds-6-play,Tai nghe TWS Xiaomi Redmi Buds 6 Play,Lê Văn Nhớ,4
tai-nghe-bluetooth-true-wireless-xiaomi-redmi-buds-6-play,Tai nghe TWS Xiaomi Redmi Buds 6 Play,Lộc,5
tai-nghe-bluetooth-true-wireless-xiaomi-redmi-buds-6-play,Tai nghe TWS Xiaomi Redmi Buds 6 Play,Tống Văn Chương,5
tai-nghe-bluetooth-true-wireless-xiaomi-redmi-buds-6-play,Tai nghe TWS Xiaomi Redmi Buds 6 Play,Sùng Thị Thơ,5
tai-nghe-bluetooth-true-wireless-xiaomi-redmi-buds-6-play,Tai nghe TWS Xiaomi Redmi Buds 6 Play,Phong,5
tai-nghe-bluetooth-true-wireless-xiaomi-redmi-buds-6-play,Tai nghe TWS Xiaomi Redmi Buds 6 Play,Tien Dung,2
tai-nghe-bluetooth-true-wireless-xiaomi-redmi-buds-6-play,Tai nghe TWS Xiaomi Redmi Buds 6 Play,Ng Hưnggg,5
tai-nghe-bluetooth-true-wireless-xiaomi-redmi-buds-6-play,Tai nghe TWS Xiaomi Redmi Buds 6 Play,Tuấn Linh,5
tai-nghe-bluetooth-true-wireless-xiaomi-redmi-buds-6-play,Tai nghe TWS Xiaomi Redmi Buds 6 Play,Cao Thị Tâm Việt,3
tai-nghe-bluetooth-true-wireless-xiaomi-redmi-buds-6-play,Tai nghe TWS Xiaomi Redmi Buds 6 Play,Phạm Nguyễn Đức Lộc,4
tai-nghe-bluetooth-true-wireless-xiaomi-redmi-buds-6-play,Tai nghe TWS Xiaomi Redmi Buds 6 Play,Dương Tấn Vương,5
tai-nghe-bluetooth-true-wireless-xiaomi-redmi-buds-6-play,Tai nghe TWS Xiaomi Redmi Buds 6 Play,Hồng Hoài Phương,5
tai-nghe-bluetooth-true-wireless-xiaomi-redmi-buds-6-play,Tai nghe TWS Xiaomi Redmi Buds 6 Play,Lê Chinh,1
tai-nghe-bluetooth-true-wireless-xiaomi-redmi-buds-6-play,Tai nghe TWS Xiaomi Redmi Buds 6 Play,Tùng,5
tai-nghe-bluetooth-true-wireless-xiaomi-redmi-buds-6-play,Tai nghe TWS Xiaomi Redmi Buds 6 Play,Trương Công Trí,5
tai-nghe-bluetooth-true-wireless-xiaomi-redmi-buds-6-play,Tai nghe TWS Xiaomi Redmi Buds 6 Play,Phúc,4
tai-nghe-bluetooth-true-wireless-xiaomi-redmi-buds-6-play,Tai nghe TWS Xiaomi Redmi Buds 6 Play,Phạm Quyền Linh,5
tai-nghe-bluetooth-true-wireless-xiaomi-redmi-buds-6-play,Tai nghe TWS Xiaomi Redmi Buds 6 Play,Đao Hai Lưu,5
tai-nghe-bluetooth-true-wireless-xiaomi-redmi-buds-6-play,Tai nghe TWS Xiaomi Redmi Buds 6 Play,Hoi,5
tai-nghe-bluetooth-true-wireless-xiaomi-redmi-buds-6-play,Tai nghe TWS Xiaomi Redmi Buds 6 Play,Nguyen Dong,4
tai-nghe-bluetooth-true-wireless-xiaomi-redmi-buds-6-play,Tai nghe TWS Xiaomi Redmi Buds 6 Play,Viet,5
tai-nghe-bluetooth-true-wireless-xiaomi-redmi-buds-6-play,Tai nghe TWS Xiaomi Redmi Buds 6 Play,Văn Dũng,5
tai-nghe-bluetooth-true-wireless-ava-go-f25,Tai nghe TWS AVA+ Go F25,Thach Thu,5
tai-nghe-bluetooth-true-wireless-ava-go-f25,Tai nghe TWS AVA+ Go F25,Bùi Duy Anh,3
tai-nghe-bluetooth-true-wireless-ava-go-f25,Tai nghe TWS AVA+ Go F25,Trương Loi,4
tai-nghe-bluetooth-true-wireless-ava-go-f25,Tai nghe TWS AVA+ Go F25,Nguyễn Phú Lộc,1
tai-nghe-bluetooth-true-wireless-ava-go-f25,Tai nghe TWS AVA+ Go F25,Tâm,1
tai-nghe-bluetooth-true-wireless-ava-go-f25,Tai nghe TWS AVA+ Go F25,Hải,1
tai-nghe-bluetooth-true-wireless-ava-go-f25,Tai nghe TWS AVA+ Go F25,Kiệt Nhỏ,4
tai-nghe-bluetooth-true-wireless-ava-go-f25,Tai nghe TWS AVA+ Go F25,Dũng,5
tai-nghe-bluetooth-true-wireless-ava-go-f25,Tai nghe TWS AVA+ Go F25,Ngọc Bích,3
tai-nghe-bluetooth-true-wireless-ava-go-f25,Tai nghe TWS AVA+ Go F25,Minh Tien,3
tai-nghe-bluetooth-true-wireless-ava-go-f25,Tai nghe TWS AVA+ Go F25,Nguyễn Minh Tú,2
tai-nghe-bluetooth-true-wireless-ava-go-f25,Tai nghe TWS AVA+ Go F25,Nguyễn Lê Dinh,2
tai-nghe-bluetooth-true-wireless-ava-go-f25,Tai nghe TWS AVA+ Go F25,Lương Tấn Vũ,5
tai-nghe-bluetooth-true-wireless-ava-go-f25,Tai nghe TWS AVA+ Go F25,Trần Như Sơn,2
tai-nghe-bluetooth-true-wireless-ava-go-f25,Tai nghe TWS AVA+ Go F25,Hoang Fanh Trung,3
tai-nghe-bluetooth-true-wireless-ava-go-f25,Tai nghe TWS AVA+ Go F25,Hà Linh,3
tai-nghe-bluetooth-true-wireless-ava-go-f25,Tai nghe TWS AVA+ Go F25,Võ Ngọc Trâm,3
tai-nghe-bluetooth-true-wireless-ava-go-f25,Tai nghe TWS AVA+ Go F25,Thiên Huỳnh,2
tai-nghe-bluetooth-true-wireless-ava-go-f25,Tai nghe TWS AVA+ Go F25,Nguyễn Trọng Nhân,4
tai-nghe-bluetooth-true-wireless-ava-go-f25,Tai nghe TWS AVA+ Go F25,Phan Minh,3
tai-nghe-bluetooth-true-wireless-ava-go-f25,Tai nghe TWS AVA+ Go F25,Hân,3
tai-nghe-bluetooth-true-wireless-ava-go-f25,Tai nghe TWS AVA+ Go F25,Minh Hiếu,5
tai-nghe-bluetooth-true-wireless-ava-go-f25,Tai nghe TWS AVA+ Go F25,Huỳnh Văn Mười Em,4
tai-nghe-bluetooth-true-wireless-ava-go-f25,Tai nghe TWS AVA+ Go F25,Như Quỳnh,2
tai-nghe-bluetooth-true-wireless-ava-go-f25,Tai nghe TWS AVA+ Go F25,Trần Tiến Sỹ,5
tai-nghe-bluetooth-true-wireless-ava-go-f25,Tai nghe TWS AVA+ Go F25,Lâm Thị Thuỳ Linh,5
tai-nghe-bluetooth-true-wireless-ava-go-f25,Tai nghe TWS AVA+ Go F25,Anh,3
tai-nghe-bluetooth-true-wireless-ava-go-f25,Tai nghe TWS AVA+ Go F25,Anh Mạnh,5
tai-nghe-bluetooth-true-wireless-ava-go-f25,Tai nghe TWS AVA+ Go F25,Lê Vũ Hoàng Quân,4
tai-nghe-bluetooth-true-wireless-ava-go-f25,Tai nghe TWS AVA+ Go F25,Hồ Thị Nga,4
tai-nghe-bluetooth-true-wireless-ava-go-f25,Tai nghe TWS AVA+ Go F25,Khang Huy,5
tai-nghe-bluetooth-true-wireless-ava-go-f25,Tai nghe TWS AVA+ Go F25,Ngọc Liễu,5
tai-nghe-bluetooth-true-wireless-ava-go-f25,Tai nghe TWS AVA+ Go F25,PHAN KIM LONG,3
tai-nghe-bluetooth-true-wireless-ava-go-f25,Tai nghe TWS AVA+ Go F25,Nguyễn Tấn Phát,5
tai-nghe-bluetooth-true-wireless-ava-go-f25,Tai nghe TWS AVA+ Go F25,Thang Văn Triều,5
tai-nghe-bluetooth-true-wireless-ava-go-f25,Tai nghe TWS AVA+ Go F25,Võ Minh Nhật,4
tai-nghe-bluetooth-true-wireless-ava-go-f25,Tai nghe TWS AVA+ Go F25,Anh Khoa,3
tai-nghe-bluetooth-true-wireless-ava-go-f25,Tai nghe TWS AVA+ Go F25,Đặng Văn Hoan,5
tai-nghe-bluetooth-true-wireless-ava-go-f25,Tai nghe TWS AVA+ Go F25,Anh,3
tai-nghe-bluetooth-true-wireless-ava-go-f25,Tai nghe TWS AVA+ Go F25,Đặng Thành Quang,5
tai-nghe-bluetooth-true-wireless-ava-go-f25,Tai nghe TWS AVA+ Go F25,Nguyễn Khánh Ngọc,5
tai-nghe-bluetooth-true-wireless-ava-go-f25,Tai nghe TWS AVA+ Go F25,Tuấn Việt,4
tai-nghe-bluetooth-true-wireless-ava-go-f25,Tai nghe TWS AVA+ Go F25,Ánh Ngọc,3
tai-nghe-bluetooth-true-wireless-ava-go-f25,Tai nghe TWS AVA+ Go F25,Trần Văn Hùng,3
tai-nghe-bluetooth-true-wireless-ava-go-f25,Tai nghe TWS AVA+ Go F25,ĐOÀN MẠNH QUỲNH,5
tai-nghe-bluetooth-true-wireless-ava-go-f25,Tai nghe TWS AVA+ Go F25,Lưu Phước Đông,5
tai-nghe-bluetooth-true-wireless-ava-go-f25,Tai nghe TWS AVA+ Go F25,Ho Doan Buu Chanh,5
tai-nghe-bluetooth-true-wireless-ava-go-f25,Tai nghe TWS AVA+ Go F25,Vũ Hoàng Lan,5
tai-nghe-bluetooth-true-wireless-ava-go-f25,Tai nghe TWS AVA+ Go F25,Anh Hải,5
tai-nghe-bluetooth-true-wireless-ava-go-f25,Tai nghe TWS AVA+ Go F25,Nguyễn Ngọc Mai Hân,5
tai-nghe-bluetooth-true-wireless-ava-go-f25,Tai nghe TWS AVA+ Go F25,Nguyễn Thị Quyền Trang,5
tai-nghe-bluetooth-tws-xiaomi-redmi-buds-6-active,Tai nghe TWS Xiaomi Redmi Buds 6 Active,Liêu,1
tai-nghe-bluetooth-tws-xiaomi-redmi-buds-6-active,Tai nghe TWS Xiaomi Redmi Buds 6 Active,Nguyễn Xuân Long,3
tai-nghe-bluetooth-tws-xiaomi-redmi-buds-6-active,Tai nghe TWS Xiaomi Redmi Buds 6 Active,Linh,3
tai-nghe-bluetooth-tws-xiaomi-redmi-buds-6-active,Tai nghe TWS Xiaomi Redmi Buds 6 Active,Thu,1
tai-nghe-bluetooth-tws-xiaomi-redmi-buds-6-active,Tai nghe TWS Xiaomi Redmi Buds 6 Active,Can Van Vuong,4
tai-nghe-bluetooth-tws-xiaomi-redmi-buds-6-active,Tai nghe TWS Xiaomi Redmi Buds 6 Active,Ngo Long,2
tai-nghe-bluetooth-tws-xiaomi-redmi-buds-6-active,Tai nghe TWS Xiaomi Redmi Buds 6 Active,Dương,1
tai-nghe-bluetooth-tws-xiaomi-redmi-buds-6-active,Tai nghe TWS Xiaomi Redmi Buds 6 Active,Tân,3
tai-nghe-bluetooth-tws-xiaomi-redmi-buds-6-active,Tai nghe TWS Xiaomi Redmi Buds 6 Active,Bình,1
tai-nghe-bluetooth-tws-xiaomi-redmi-buds-6-active,Tai nghe TWS Xiaomi Redmi Buds 6 Active,Hương,3
tai-nghe-bluetooth-tws-xiaomi-redmi-buds-6-active,Tai nghe TWS Xiaomi Redmi Buds 6 Active,Le Thanh Toan,1
tai-nghe-bluetooth-tws-xiaomi-redmi-buds-6-active,Tai nghe TWS Xiaomi Redmi Buds 6 Active,Duyên,1
tai-nghe-bluetooth-tws-xiaomi-redmi-buds-6-active,Tai nghe TWS Xiaomi Redmi Buds 6 Active,Lê Minh Duy,1
tai-nghe-bluetooth-tws-xiaomi-redmi-buds-6-active,Tai nghe TWS Xiaomi Redmi Buds 6 Active,Nguyễn Văn Bông,3
tai-nghe-bluetooth-tws-xiaomi-redmi-buds-6-active,Tai nghe TWS Xiaomi Redmi Buds 6 Active,Khánh,2
tai-nghe-bluetooth-tws-xiaomi-redmi-buds-6-active,Tai nghe TWS Xiaomi Redmi Buds 6 Active,Thang NguyenPhuc,1
tai-nghe-bluetooth-tws-xiaomi-redmi-buds-6-active,Tai nghe TWS Xiaomi Redmi Buds 6 Active,Tín,2
tai-nghe-bluetooth-tws-xiaomi-redmi-buds-6-active,Tai nghe TWS Xiaomi Redmi Buds 6 Active,Nguyễn Đức Trọng,5
tai-nghe-bluetooth-tws-xiaomi-redmi-buds-6-active,Tai nghe TWS Xiaomi Redmi Buds 6 Active,Phương,4
tai-nghe-bluetooth-tws-xiaomi-redmi-buds-6-active,Tai nghe TWS Xiaomi Redmi Buds 6 Active,Mạnh Lê,5
tai-nghe-bluetooth-tws-xiaomi-redmi-buds-6-active,Tai nghe TWS Xiaomi Redmi Buds 6 Active,Trần Hồng Quân,5
tai-nghe-bluetooth-tws-xiaomi-redmi-buds-6-active,Tai nghe TWS Xiaomi Redmi Buds 6 Active,Lê Khang,2
tai-nghe-bluetooth-tws-xiaomi-redmi-buds-6-active,Tai nghe TWS Xiaomi Redmi Buds 6 Active,Nguyenvanhung,3
tai-nghe-bluetooth-tws-xiaomi-redmi-buds-6-active,Tai nghe TWS Xiaomi Redmi Buds 6 Active,Sơn,4
tai-nghe-bluetooth-tws-xiaomi-redmi-buds-6-active,Tai nghe TWS Xiaomi Redmi Buds 6 Active,Sơn Ca,1
tai-nghe-bluetooth-tws-xiaomi-redmi-buds-6-active,Tai nghe TWS Xiaomi Redmi Buds 6 Active,Bách,1
tai-nghe-bluetooth-tws-xiaomi-redmi-buds-6-active,Tai nghe TWS Xiaomi Redmi Buds 6 Active,Nguyễn Thành Đạt,1
tai-nghe-bluetooth-tws-xiaomi-redmi-buds-6-active,Tai nghe TWS Xiaomi Redmi Buds 6 Active,Lê Nguyễn Thanh Vân,1
tai-nghe-bluetooth-tws-xiaomi-redmi-buds-6-active,Tai nghe TWS Xiaomi Redmi Buds 6 Active,Duy Khánh,4
tai-nghe-bluetooth-tws-xiaomi-redmi-buds-6-active,Tai nghe TWS Xiaomi Redmi Buds 6 Active,Thành,5
tai-nghe-bluetooth-tws-xiaomi-redmi-buds-6-active,Tai nghe TWS Xiaomi Redmi Buds 6 Active,Trần Quan,5
tai-nghe-bluetooth-tws-xiaomi-redmi-buds-6-active,Tai nghe TWS Xiaomi Redmi Buds 6 Active,Mai Tiến Đoàn,5
tai-nghe-bluetooth-tws-oppo-enco-buds-2-ete41-trang,Tai nghe TWS OPPO ENCO Buds 2 ETE41,Lương Vinh,4
tai-nghe-bluetooth-tws-oppo-enco-buds-2-ete41-trang,Tai nghe TWS OPPO ENCO Buds 2 ETE41,Hậu,4
tai-nghe-bluetooth-tws-oppo-enco-buds-2-ete41-trang,Tai nghe TWS OPPO ENCO Buds 2 ETE41,Min97,4
tai-nghe-bluetooth-tws-oppo-enco-buds-2-ete41-trang,Tai nghe TWS OPPO ENCO Buds 2 ETE41,Nguyễn Quốc Thái,5
tai-nghe-bluetooth-tws-oppo-enco-buds-2-ete41-trang,Tai nghe TWS OPPO ENCO Buds 2 ETE41,Phan Thành Tâm,3
tai-nghe-bluetooth-tws-oppo-enco-buds-2-ete41-trang,Tai nghe TWS OPPO ENCO Buds 2 ETE41,Ngô Gia Bảo,1
tai-nghe-bluetooth-tws-oppo-enco-buds-2-ete41-trang,Tai nghe TWS OPPO ENCO Buds 2 ETE41,Phan Văn Ngây,1
tai-nghe-bluetooth-tws-oppo-enco-buds-2-ete41-trang,Tai nghe TWS OPPO ENCO Buds 2 ETE41,Vũ Tiến Đạt,5
tai-nghe-bluetooth-tws-oppo-enco-buds-2-ete41-trang,Tai nghe TWS OPPO ENCO Buds 2 ETE41,HỮU NAM,1
tai-nghe-bluetooth-tws-oppo-enco-buds-2-ete41-trang,Tai nghe TWS OPPO ENCO Buds 2 ETE41,Nương,3
tai-nghe-bluetooth-tws-oppo-enco-buds-2-ete41-trang,Tai nghe TWS OPPO ENCO Buds 2 ETE41,Lê Cảnh Ba,3
tai-nghe-bluetooth-tws-oppo-enco-buds-2-ete41-trang,Tai nghe TWS OPPO ENCO Buds 2 ETE41,Nguyễn Văn Cương,3
tai-nghe-bluetooth-tws-oppo-enco-buds-2-ete41-trang,Tai nghe TWS OPPO ENCO Buds 2 ETE41,Vương,4
tai-nghe-bluetooth-tws-oppo-enco-buds-2-ete41-trang,Tai nghe TWS OPPO ENCO Buds 2 ETE41,Nguyễn Thành Luận,5
tai-nghe-bluetooth-tws-oppo-enco-buds-2-ete41-trang,Tai nghe TWS OPPO ENCO Buds 2 ETE41,Đặng Văn Tài,1
tai-nghe-bluetooth-tws-oppo-enco-buds-2-ete41-trang,Tai nghe TWS OPPO ENCO Buds 2 ETE41,Nguyễn Khánh Dương,5
tai-nghe-bluetooth-tws-oppo-enco-buds-2-ete41-trang,Tai nghe TWS OPPO ENCO Buds 2 ETE41,Manh,4
tai-nghe-bluetooth-tws-oppo-enco-buds-2-ete41-trang,Tai nghe TWS OPPO ENCO Buds 2 ETE41,Bùi Phương Quang,3
tai-nghe-bluetooth-tws-oppo-enco-buds-2-ete41-trang,Tai nghe TWS OPPO ENCO Buds 2 ETE41,Thái Nguyễn,3
tai-nghe-bluetooth-tws-oppo-enco-buds-2-ete41-trang,Tai nghe TWS OPPO ENCO Buds 2 ETE41,A Nhựt,4
tai-nghe-bluetooth-tws-oppo-enco-buds-2-ete41-trang,Tai nghe TWS OPPO ENCO Buds 2 ETE41,Dương Bình,5
tai-nghe-bluetooth-tws-oppo-enco-buds-2-ete41-trang,Tai nghe TWS OPPO ENCO Buds 2 ETE41,Đạt,3
tai-nghe-bluetooth-tws-oppo-enco-buds-2-ete41-trang,Tai nghe TWS OPPO ENCO Buds 2 ETE41,Nguyenthikimnhung,4
tai-nghe-bluetooth-tws-oppo-enco-buds-2-ete41-trang,Tai nghe TWS OPPO ENCO Buds 2 ETE41,Huy,1
tai-nghe-bluetooth-tws-oppo-enco-buds-2-ete41-trang,Tai nghe TWS OPPO ENCO Buds 2 ETE41,Hiếu,5
tai-nghe-bluetooth-tws-oppo-enco-buds-2-ete41-trang,Tai nghe TWS OPPO ENCO Buds 2 ETE41,Hoàng Thị Thanh Hoa,5
tai-nghe-bluetooth-tws-oppo-enco-buds-2-ete41-trang,Tai nghe TWS OPPO ENCO Buds 2 ETE41,Phạm Trung,5
tai-nghe-bluetooth-tws-oppo-enco-buds-2-ete41-trang,Tai nghe TWS OPPO ENCO Buds 2 ETE41,Trương Hoàng Năng,5
tai-nghe-bluetooth-tws-oppo-enco-buds-2-ete41-trang,Tai nghe TWS OPPO ENCO Buds 2 ETE41,Thuỳ,5
tai-nghe-bluetooth-tws-oppo-enco-buds-2-ete41-trang,Tai nghe TWS OPPO ENCO Buds 2 ETE41,Nguyễn Quang Hải,1
tai-nghe-bluetooth-tws-oppo-enco-buds-2-ete41-trang,Tai nghe TWS OPPO ENCO Buds 2 ETE41,Nguyễn Thảo,3
tai-nghe-bluetooth-tws-oppo-enco-buds-2-ete41-trang,Tai nghe TWS OPPO ENCO Buds 2 ETE41,Nguyễn Tuấn Anh,5
tai-nghe-bluetooth-tws-oppo-enco-buds-2-ete41-trang,Tai nghe TWS OPPO ENCO Buds 2 ETE41,Bá Tùng,4
tai-nghe-bluetooth-tws-oppo-enco-buds-2-ete41-trang,Tai nghe TWS OPPO ENCO Buds 2 ETE41,Lê Công Minh,5
tai-nghe-bluetooth-tws-oppo-enco-buds-2-ete41-trang,Tai nghe TWS OPPO ENCO Buds 2 ETE41,Trần Văn Linh,4
tai-nghe-bluetooth-tws-oppo-enco-buds-2-ete41-trang,Tai nghe TWS OPPO ENCO Buds 2 ETE41,Nguyễn Xuân Hoàng,3
tai-nghe-bluetooth-tws-oppo-enco-buds-2-ete41-trang,Tai nghe TWS OPPO ENCO Buds 2 ETE41,Ngọc Quý,3
tai-nghe-bluetooth-tws-oppo-enco-buds-2-ete41-trang,Tai nghe TWS OPPO ENCO Buds 2 ETE41,Phan Thanh Nhựt,4
tai-nghe-bluetooth-tws-oppo-enco-buds-2-ete41-trang,Tai nghe TWS OPPO ENCO Buds 2 ETE41,Trang,5
tai-nghe-bluetooth-tws-oppo-enco-buds-2-ete41-trang,Tai nghe TWS OPPO ENCO Buds 2 ETE41,Nguyen Nhuong,4
tai-nghe-bluetooth-tws-oppo-enco-buds-2-ete41-trang,Tai nghe TWS OPPO ENCO Buds 2 ETE41,Nguyễn Tiến Tuấn,4
tai-nghe-bluetooth-tws-oppo-enco-buds-2-ete41-trang,Tai nghe TWS OPPO ENCO Buds 2 ETE41,Nguyễn Xuân Hùng,4
tai-nghe-bluetooth-tws-oppo-enco-buds-2-ete41-trang,Tai nghe TWS OPPO ENCO Buds 2 ETE41,Đoan,2
tai-nghe-bluetooth-tws-oppo-enco-buds-2-ete41-trang,Tai nghe TWS OPPO ENCO Buds 2 ETE41,Nguyễn Thế Truyền,5
tai-nghe-bluetooth-tws-oppo-enco-buds-2-ete41-trang,Tai nghe TWS OPPO ENCO Buds 2 ETE41,Ngọc Huyền,5
tai-nghe-bluetooth-tws-oppo-enco-buds-2-ete41-trang,Tai nghe TWS OPPO ENCO Buds 2 ETE41,Nhung,3
tai-nghe-bluetooth-tws-oppo-enco-buds-2-ete41-trang,Tai nghe TWS OPPO ENCO Buds 2 ETE41,A Lẫn,4
tai-nghe-bluetooth-tws-oppo-enco-buds-2-ete41-trang,Tai nghe TWS OPPO ENCO Buds 2 ETE41,Lò Văn Chiến,4
tai-nghe-bluetooth-tws-oppo-enco-buds-2-ete41-trang,Tai nghe TWS OPPO ENCO Buds 2 ETE41,Nam,3
tai-nghe-bluetooth-tws-oppo-enco-buds-2-ete41-trang,Tai nghe TWS OPPO ENCO Buds 2 ETE41,Hạnh,4
tai-nghe-bluetooth-tws-oppo-enco-buds-2-ete41-trang,Tai nghe TWS OPPO ENCO Buds 2 ETE41,Đồng,2
tai-nghe-bluetooth-tws-oppo-enco-buds-2-ete41-trang,Tai nghe TWS OPPO ENCO Buds 2 ETE41,Anh Việt,4
tai-nghe-bluetooth-tws-oppo-enco-buds-2-ete41-trang,Tai nghe TWS OPPO ENCO Buds 2 ETE41,ĐÀO THANH TRANG,1
tai-nghe-bluetooth-tws-oppo-enco-buds-2-ete41-trang,Tai nghe TWS OPPO ENCO Buds 2 ETE41,Nguyễn Thị Thủy,5
tai-nghe-bluetooth-tws-oppo-enco-buds-2-ete41-trang,Tai nghe TWS OPPO ENCO Buds 2 ETE41,Nguyễn Xuân Hoàng,3
tai-nghe-bluetooth-tws-oppo-enco-buds-2-ete41-trang,Tai nghe TWS OPPO ENCO Buds 2 ETE41,Huỳnh Duy Phuong,5
tai-nghe-bluetooth-tws-oppo-enco-buds-2-ete41-trang,Tai nghe TWS OPPO ENCO Buds 2 ETE41,Lê Ngân,3
tai-nghe-bluetooth-tws-oppo-enco-buds-2-ete41-trang,Tai nghe TWS OPPO ENCO Buds 2 ETE41,Vinh,5
tai-nghe-bluetooth-tws-oppo-enco-buds-2-ete41-trang,Tai nghe TWS OPPO ENCO Buds 2 ETE41,Bùi Vinh Hiển,5
tai-nghe-bluetooth-tws-oppo-enco-buds-2-ete41-trang,Tai nghe TWS OPPO ENCO Buds 2 ETE41,Anh Thái,5
tai-nghe-bluetooth-tws-oppo-enco-buds-2-ete41-trang,Tai nghe TWS OPPO ENCO Buds 2 ETE41,Phụng,4
tai-nghe-bluetooth-tws-oppo-enco-buds-2-ete41-trang,Tai nghe TWS OPPO ENCO Buds 2 ETE41,Canh,3
tai-nghe-bluetooth-tws-oppo-enco-buds-2-ete41-trang,Tai nghe TWS OPPO ENCO Buds 2 ETE41,Trần Hoàng Huy,3
tai-nghe-bluetooth-tws-oppo-enco-buds-2-ete41-trang,Tai nghe TWS OPPO ENCO Buds 2 ETE41,Nguyễn Minh Thư,5
tai-nghe-bluetooth-tws-oppo-enco-buds-2-ete41-trang,Tai nghe TWS OPPO ENCO Buds 2 ETE41,Quan,2
tai-nghe-bluetooth-tws-oppo-enco-buds-2-ete41-trang,Tai nghe TWS OPPO ENCO Buds 2 ETE41,TỪ ĐỨC KIÊN,3
tai-nghe-bluetooth-tws-oppo-enco-buds-2-ete41-trang,Tai nghe TWS OPPO ENCO Buds 2 ETE41,Cô Mỹ,2
tai-nghe-bluetooth-tws-oppo-enco-buds-2-ete41-trang,Tai nghe TWS OPPO ENCO Buds 2 ETE41,Nguyễn Minh Hoàng,4
tai-nghe-bluetooth-tws-oppo-enco-buds-2-ete41-trang,Tai nghe TWS OPPO ENCO Buds 2 ETE41,Giang,5
tai-nghe-bluetooth-tws-oppo-enco-buds-2-ete41-trang,Tai nghe TWS OPPO ENCO Buds 2 ETE41,Phan Thanh Hạo,4
tai-nghe-bluetooth-tws-oppo-enco-buds-2-ete41-trang,Tai nghe TWS OPPO ENCO Buds 2 ETE41,Phạm Hoàng Minh,5
tai-nghe-bluetooth-tws-oppo-enco-buds-2-ete41-trang,Tai nghe TWS OPPO ENCO Buds 2 ETE41,Nguyên Minh Luân,5
tai-nghe-bluetooth-tws-oppo-enco-buds-2-ete41-trang,Tai nghe TWS OPPO ENCO Buds 2 ETE41,TRẦN MINH HOÀNG,5
tai-nghe-bluetooth-tws-oppo-enco-buds-2-ete41-trang,Tai nghe TWS OPPO ENCO Buds 2 ETE41,La Thành Nhân,4
tai-nghe-bluetooth-tws-oppo-enco-buds-2-ete41-trang,Tai nghe TWS OPPO ENCO Buds 2 ETE41,NGUYỄN VĂN MẬT,5
tai-nghe-bluetooth-tws-oppo-enco-buds-2-ete41-trang,Tai nghe TWS OPPO ENCO Buds 2 ETE41,Anh Diệu,2
tai-nghe-bluetooth-tws-oppo-enco-buds-2-ete41-trang,Tai nghe TWS OPPO ENCO Buds 2 ETE41,NGUYỄN VĂN THẬM,5
tai-nghe-bluetooth-tws-oppo-enco-buds-2-ete41-trang,Tai nghe TWS OPPO ENCO Buds 2 ETE41,Nguyễn Thị Loan,5
tai-nghe-bluetooth-tws-oppo-enco-buds-2-ete41-trang,Tai nghe TWS OPPO ENCO Buds 2 ETE41,Mai Trí Đức,3
tai-nghe-bluetooth-tws-oppo-enco-buds-2-ete41-trang,Tai nghe TWS OPPO ENCO Buds 2 ETE41,Minh,4
tai-nghe-bluetooth-tws-oppo-enco-buds-2-ete41-trang,Tai nghe TWS OPPO ENCO Buds 2 ETE41,Phạm Thị Duyên,5
tai-nghe-bluetooth-tws-oppo-enco-buds-2-ete41-trang,Tai nghe TWS OPPO ENCO Buds 2 ETE41,A Anh,5
tai-nghe-bluetooth-tws-oppo-enco-buds-2-ete41-trang,Tai nghe TWS OPPO ENCO Buds 2 ETE41,Thanh Điều,5
tai-nghe-bluetooth-tws-oppo-enco-buds-2-ete41-trang,Tai nghe TWS OPPO ENCO Buds 2 ETE41,Chị Quỳnh,1
tai-nghe-bluetooth-tws-oppo-enco-buds-2-ete41-trang,Tai nghe TWS OPPO ENCO Buds 2 ETE41,Đông,5
tai-nghe-bluetooth-tws-oppo-enco-buds-2-ete41-trang,Tai nghe TWS OPPO ENCO Buds 2 ETE41,Anh Lê,5
tai-nghe-bluetooth-tws-oppo-enco-buds-2-ete41-trang,Tai nghe TWS OPPO ENCO Buds 2 ETE41,Nguyễn Văn Hoài,5
tai-nghe-bluetooth-tws-oppo-enco-buds-2-ete41-trang,Tai nghe TWS OPPO ENCO Buds 2 ETE41,Hưng,5
tai-nghe-bluetooth-tws-oppo-enco-buds-2-ete41-trang,Tai nghe TWS OPPO ENCO Buds 2 ETE41,Huỳnh Hữu Tài,5
tai-nghe-bluetooth-tws-oppo-enco-buds-2-ete41-trang,Tai nghe TWS OPPO ENCO Buds 2 ETE41,Vũ Chí Kiên,5
tai-nghe-bluetooth-tws-oppo-enco-buds-2-ete41-trang,Tai nghe TWS OPPO ENCO Buds 2 ETE41,Nguyễn Thị Vân Anh,3
tai-nghe-bluetooth-tws-oppo-enco-buds-2-ete41-trang,Tai nghe TWS OPPO ENCO Buds 2 ETE41,Anh Tiền,4
tai-nghe-bluetooth-tws-oppo-enco-buds-2-ete41-trang,Tai nghe TWS OPPO ENCO Buds 2 ETE41,Trí,4
tai-nghe-bluetooth-tws-oppo-enco-buds-2-ete41-trang,Tai nghe TWS OPPO ENCO Buds 2 ETE41,Đông,5
tai-nghe-bluetooth-tws-oppo-enco-buds-2-ete41-trang,Tai nghe TWS OPPO ENCO Buds 2 ETE41,Vương,1
tai-nghe-bluetooth-tws-oppo-enco-buds-2-ete41-trang,Tai nghe TWS OPPO ENCO Buds 2 ETE41,ĐỖ THỊ Như,5
tai-nghe-bluetooth-tws-oppo-enco-buds-2-ete41-trang,Tai nghe TWS OPPO ENCO Buds 2 ETE41,Nguyễn Lê Hoàng,5
tai-nghe-bluetooth-tws-oppo-enco-buds-2-ete41-trang,Tai nghe TWS OPPO ENCO Buds 2 ETE41,Bờm,5
tai-nghe-bluetooth-tws-oppo-enco-buds-2-ete41-trang,Tai nghe TWS OPPO ENCO Buds 2 ETE41,NGUYỄN TRẠC NĂNG,3
tai-nghe-bluetooth-tws-oppo-enco-buds-2-ete41-trang,Tai nghe TWS OPPO ENCO Buds 2 ETE41,Nguyễn Hửu Thoại,3
tai-nghe-bluetooth-tws-oppo-enco-buds-2-ete41-trang,Tai nghe TWS OPPO ENCO Buds 2 ETE41,Phạm Thị Duyên,5
tai-nghe-bluetooth-tws-oppo-enco-buds-2-ete41-trang,Tai nghe TWS OPPO ENCO Buds 2 ETE41,A Anh,5
tai-nghe-bluetooth-tws-oppo-enco-buds-2-ete41-trang,Tai nghe TWS OPPO ENCO Buds 2 ETE41,Thanh Điều,5
tai-nghe-bluetooth-tws-oppo-enco-buds-2-ete41-trang,Tai nghe TWS OPPO ENCO Buds 2 ETE41,Chị Quỳnh,1
tai-nghe-bluetooth-tws-oppo-enco-buds-2-ete41-trang,Tai nghe TWS OPPO ENCO Buds 2 ETE41,Đông,5
tai-nghe-bluetooth-tws-oppo-enco-buds-2-ete41-trang,Tai nghe TWS OPPO ENCO Buds 2 ETE41,Anh Lê,5
tai-nghe-bluetooth-tws-oppo-enco-buds-2-ete41-trang,Tai nghe TWS OPPO ENCO Buds 2 ETE41,Nguyễn Văn Hoài,5
tai-nghe-bluetooth-tws-oppo-enco-buds-2-ete41-trang,Tai nghe TWS OPPO ENCO Buds 2 ETE41,Hưng,5
tai-nghe-bluetooth-tws-oppo-enco-buds-2-ete41-trang,Tai nghe TWS OPPO ENCO Buds 2 ETE41,Huỳnh Hữu Tài,5
tai-nghe-bluetooth-tws-oppo-enco-buds-2-ete41-trang,Tai nghe TWS OPPO ENCO Buds 2 ETE41,Vũ Chí Kiên,5
tai-nghe-bluetooth-tws-oppo-enco-buds-2-ete41-trang,Tai nghe TWS OPPO ENCO Buds 2 ETE41,Nguyễn Thị Vân Anh,3
tai-nghe-bluetooth-tws-oppo-enco-buds-2-ete41-trang,Tai nghe TWS OPPO ENCO Buds 2 ETE41,Anh Tiền,4
tai-nghe-bluetooth-tws-oppo-enco-buds-2-ete41-trang,Tai nghe TWS OPPO ENCO Buds 2 ETE41,Trí,4
tai-nghe-bluetooth-tws-oppo-enco-buds-2-ete41-trang,Tai nghe TWS OPPO ENCO Buds 2 ETE41,Đông,5
tai-nghe-bluetooth-tws-oppo-enco-buds-2-ete41-trang,Tai nghe TWS OPPO ENCO Buds 2 ETE41,Vương,1
tai-nghe-bluetooth-tws-oppo-enco-buds-2-ete41-trang,Tai nghe TWS OPPO ENCO Buds 2 ETE41,ĐỖ THỊ Như,5
tai-nghe-bluetooth-tws-oppo-enco-buds-2-ete41-trang,Tai nghe TWS OPPO ENCO Buds 2 ETE41,Nguyễn Lê Hoàng,5
tai-nghe-bluetooth-tws-oppo-enco-buds-2-ete41-trang,Tai nghe TWS OPPO ENCO Buds 2 ETE41,Bờm,5
tai-nghe-bluetooth-tws-oppo-enco-buds-2-ete41-trang,Tai nghe TWS OPPO ENCO Buds 2 ETE41,NGUYỄN TRẠC NĂNG,3
tai-nghe-bluetooth-tws-oppo-enco-buds-2-ete41-trang,Tai nghe TWS OPPO ENCO Buds 2 ETE41,Nguyễn Hửu Thoại,3
tai-nghe-bluetooth-tws-oppo-enco-buds-2-ete41-trang,Tai nghe TWS OPPO ENCO Buds 2 ETE41,Vân,3
tai-nghe-bluetooth-tws-oppo-enco-buds-2-ete41-trang,Tai nghe TWS OPPO ENCO Buds 2 ETE41,Quý,2
tai-nghe-bluetooth-tws-oppo-enco-buds-2-ete41-trang,Tai nghe TWS OPPO ENCO Buds 2 ETE41,Long,5
tai-nghe-bluetooth-tws-oppo-enco-buds-2-ete41-trang,Tai nghe TWS OPPO ENCO Buds 2 ETE41,Trần Văn Thắng,3
tai-nghe-bluetooth-tws-oppo-enco-buds-2-ete41-trang,Tai nghe TWS OPPO ENCO Buds 2 ETE41,Trần Quốc Toản,5
tai-nghe-bluetooth-tws-oppo-enco-buds-2-ete41-trang,Tai nghe TWS OPPO ENCO Buds 2 ETE41,Nguyễn Đình Giới,3
tai-nghe-bluetooth-tws-oppo-enco-buds-2-ete41-trang,Tai nghe TWS OPPO ENCO Buds 2 ETE41,Chị Mai,5
tai-nghe-bluetooth-tws-oppo-enco-buds-2-ete41-trang,Tai nghe TWS OPPO ENCO Buds 2 ETE41,Thảo,5
tai-nghe-bluetooth-tws-oppo-enco-buds-2-ete41-trang,Tai nghe TWS OPPO ENCO Buds 2 ETE41,Nguyễn Thị Thúy Vân,3
tai-nghe-bluetooth-tws-oppo-enco-buds-2-ete41-trang,Tai nghe TWS OPPO ENCO Buds 2 ETE41,Bảo,5
tai-nghe-bluetooth-tws-oppo-enco-buds-2-ete41-trang,Tai nghe TWS OPPO ENCO Buds 2 ETE41,Huỳnh Thanh Tuyền,5
tai-nghe-bluetooth-tws-oppo-enco-buds-2-ete41-trang,Tai nghe TWS OPPO ENCO Buds 2 ETE41,Đào Trọng Lý,4
tai-nghe-bluetooth-tws-oppo-enco-buds-2-ete41-trang,Tai nghe TWS OPPO ENCO Buds 2 ETE41,Anh Đức,5
tai-nghe-bluetooth-tws-oppo-enco-buds-2-ete41-trang,Tai nghe TWS OPPO ENCO Buds 2 ETE41,Thịnh,5
tai-nghe-bluetooth-tws-oppo-enco-buds-2-ete41-trang,Tai nghe TWS OPPO ENCO Buds 2 ETE41,Nguyễn Huy Hoàn,4
tai-nghe-bluetooth-tws-oppo-enco-buds-2-ete41-trang,Tai nghe TWS OPPO ENCO Buds 2 ETE41,Anh Trưong,5
tai-nghe-bluetooth-tws-oppo-enco-buds-2-ete41-trang,Tai nghe TWS OPPO ENCO Buds 2 ETE41,HỒ QUANG KHÁNH,5
tai-nghe-bluetooth-tws-oppo-enco-buds-2-ete41-trang,Tai nghe TWS OPPO ENCO Buds 2 ETE41,Trương Thị Phượng,4
tai-nghe-bluetooth-tws-oppo-enco-buds-2-ete41-trang,Tai nghe TWS OPPO ENCO Buds 2 ETE41,Nguyễn Hứa Hoàng Chương,5
tai-nghe-bluetooth-tws-oppo-enco-buds-2-ete41-trang,Tai nghe TWS OPPO ENCO Buds 2 ETE41,Huỳnh Thanh Sang,4
tai-nghe-bluetooth-tws-oppo-enco-buds-2-ete41-trang,Tai nghe TWS OPPO ENCO Buds 2 ETE41,Lương Văn Bắc,5
tai-nghe-bluetooth-tws-oppo-enco-buds-2-ete41-trang,Tai nghe TWS OPPO ENCO Buds 2 ETE41,A Huy,5
tai-nghe-bluetooth-tws-oppo-enco-buds-2-ete41-trang,Tai nghe TWS OPPO ENCO Buds 2 ETE41,Nguyễn Tấn Trí,5
tai-nghe-bluetooth-tws-oppo-enco-buds-2-ete41-trang,Tai nghe TWS OPPO ENCO Buds 2 ETE41,Anh Thông,5
tai-nghe-bluetooth-tws-oppo-enco-buds-2-ete41-trang,Tai nghe TWS OPPO ENCO Buds 2 ETE41,Phạm Tấn Dũng,5
tai-nghe-bluetooth-tws-oppo-enco-buds-2-ete41-trang,Tai nghe TWS OPPO ENCO Buds 2 ETE41,Nguyễn Văn Châu,3
tai-nghe-bluetooth-tws-oppo-enco-buds-2-ete41-trang,Tai nghe TWS OPPO ENCO Buds 2 ETE41,Tấn,3
tai-nghe-bluetooth-tws-oppo-enco-buds-2-ete41-trang,Tai nghe TWS OPPO ENCO Buds 2 ETE41,Giang,5
tai-nghe-bluetooth-tws-oppo-enco-buds-2-ete41-trang,Tai nghe TWS OPPO ENCO Buds 2 ETE41,Tình,4
tai-nghe-bluetooth-tws-oppo-enco-buds-2-ete41-trang,Tai nghe TWS OPPO ENCO Buds 2 ETE41,Điểu Ngọc Thi,3
tai-nghe-bluetooth-tws-oppo-enco-buds-2-ete41-trang,Tai nghe TWS OPPO ENCO Buds 2 ETE41,Phạm Thanh Trúc,4
tai-nghe-bluetooth-tws-oppo-enco-buds-2-ete41-trang,Tai nghe TWS OPPO ENCO Buds 2 ETE41,Nguyễn Văn Hải,5
tai-nghe-bluetooth-tws-oppo-enco-buds-2-ete41-trang,Tai nghe TWS OPPO ENCO Buds 2 ETE41,Hằng,4
tai-nghe-bluetooth-tws-oppo-enco-buds-2-ete41-trang,Tai nghe TWS OPPO ENCO Buds 2 ETE41,Nguyễn Công Hoàng,5
tai-nghe-bluetooth-tws-oppo-enco-buds-2-ete41-trang,Tai nghe TWS OPPO ENCO Buds 2 ETE41,Chú Thuận,5
tai-nghe-bluetooth-tws-oppo-enco-buds-2-ete41-trang,Tai nghe TWS OPPO ENCO Buds 2 ETE41,Ngô Hoàng Quân,5
tai-nghe-bluetooth-tws-oppo-enco-buds-2-ete41-trang,Tai nghe TWS OPPO ENCO Buds 2 ETE41,TRIỆU VĂN AN,5
tai-nghe-bluetooth-tws-oppo-enco-buds-2-ete41-trang,Tai nghe TWS OPPO ENCO Buds 2 ETE41,Thiện,4
tai-nghe-bluetooth-tws-oppo-enco-buds-2-ete41-trang,Tai nghe TWS OPPO ENCO Buds 2 ETE41,Pieter,5
tai-nghe-bluetooth-tws-oppo-enco-buds-2-ete41-trang,Tai nghe TWS OPPO ENCO Buds 2 ETE41,Anh Dân,5
tai-nghe-bluetooth-tws-oppo-enco-buds-2-ete41-trang,Tai nghe TWS OPPO ENCO Buds 2 ETE41,Tuấn,5
tai-nghe-bluetooth-tws-oppo-enco-buds-2-ete41-trang,Tai nghe TWS OPPO ENCO Buds 2 ETE41,Nguyễn Mạnh Dũng,3
tai-nghe-bluetooth-tws-oppo-enco-buds-2-ete41-trang,Tai nghe TWS OPPO ENCO Buds 2 ETE41,Yên,4
tai-nghe-bluetooth-tws-oppo-enco-buds-2-ete41-trang,Tai nghe TWS OPPO ENCO Buds 2 ETE41,Lâm Quốc Duy,5
tai-nghe-bluetooth-tws-oppo-enco-buds-2-ete41-trang,Tai nghe TWS OPPO ENCO Buds 2 ETE41,Yên,5
tai-nghe-bluetooth-tws-oppo-enco-buds-2-ete41-trang,Tai nghe TWS OPPO ENCO Buds 2 ETE41,Chú Tâm,5
tai-nghe-bluetooth-tws-oppo-enco-buds-2-ete41-trang,Tai nghe TWS OPPO ENCO Buds 2 ETE41,Trần Ngọc Loan,3
tai-nghe-bluetooth-tws-oppo-enco-buds-2-ete41-trang,Tai nghe TWS OPPO ENCO Buds 2 ETE41,TRẦN MINH HIẾU,5
tai-nghe-bluetooth-tws-oppo-enco-buds-2-ete41-trang,Tai nghe TWS OPPO ENCO Buds 2 ETE41,Trung,5
tai-nghe-bluetooth-tws-oppo-enco-buds-2-ete41-trang,Tai nghe TWS OPPO ENCO Buds 2 ETE41,Minh Tam,5
tai-nghe-bluetooth-tws-oppo-enco-buds-2-ete41-trang,Tai nghe TWS OPPO ENCO Buds 2 ETE41,Trường,3
tai-nghe-bluetooth-tws-oppo-enco-buds-2-ete41-trang,Tai nghe TWS OPPO ENCO Buds 2 ETE41,NGÔ GIA HUY,5
tai-nghe-bluetooth-tws-oppo-enco-buds-2-ete41-trang,Tai nghe TWS OPPO ENCO Buds 2 ETE41,Sơn,5
tai-nghe-bluetooth-tws-oppo-enco-buds-2-ete41-trang,Tai nghe TWS OPPO ENCO Buds 2 ETE41,Cường,1
tai-nghe-bluetooth-tws-oppo-enco-buds-2-ete41-trang,Tai nghe TWS OPPO ENCO Buds 2 ETE41,Nguyễn Chánh Tiến,5
tai-nghe-bluetooth-tws-oppo-enco-buds-2-ete41-trang,Tai nghe TWS OPPO ENCO Buds 2 ETE41,Anh Nhân,5
tai-nghe-bluetooth-tws-oppo-enco-buds-2-ete41-trang,Tai nghe TWS OPPO ENCO Buds 2 ETE41,Phạm Văn Cường,3
tai-nghe-bluetooth-tws-oppo-enco-buds-2-ete41-trang,Tai nghe TWS OPPO ENCO Buds 2 ETE41,Thuận,5
tai-nghe-bluetooth-tws-oppo-enco-buds-2-ete41-trang,Tai nghe TWS OPPO ENCO Buds 2 ETE41,Mai Văn Truyền,4
tai-nghe-bluetooth-tws-oppo-enco-buds-2-ete41-trang,Tai nghe TWS OPPO ENCO Buds 2 ETE41,CẢNH,5
tai-nghe-bluetooth-tws-oppo-enco-buds-2-ete41-trang,Tai nghe TWS OPPO ENCO Buds 2 ETE41,Trịnh Văn Thảo,2
tai-nghe-bluetooth-tws-oppo-enco-buds-2-ete41-trang,Tai nghe TWS OPPO ENCO Buds 2 ETE41,Ngô Viết Hướng,4
tai-nghe-bluetooth-tws-oppo-enco-buds-2-ete41-trang,Tai nghe TWS OPPO ENCO Buds 2 ETE41,Bùi Tấn Sang,5
tai-nghe-bluetooth-tws-oppo-enco-buds-2-ete41-trang,Tai nghe TWS OPPO ENCO Buds 2 ETE41,Trần Đức Anh,4
tai-nghe-bluetooth-tws-oppo-enco-buds-2-ete41-trang,Tai nghe TWS OPPO ENCO Buds 2 ETE41,Lê Văn Thơi,2
tai-nghe-bluetooth-tws-oppo-enco-buds-2-ete41-trang,Tai nghe TWS OPPO ENCO Buds 2 ETE41,Phạm Xuân Khoa,5
tai-nghe-bluetooth-tws-oppo-enco-buds-2-ete41-trang,Tai nghe TWS OPPO ENCO Buds 2 ETE41,Nguyễn Thanh Tuấn,4
tai-nghe-bluetooth-tws-oppo-enco-buds-2-ete41-trang,Tai nghe TWS OPPO ENCO Buds 2 ETE41,Chinh Đinh,5
tai-nghe-bluetooth-tws-oppo-enco-buds-2-ete41-trang,Tai nghe TWS OPPO ENCO Buds 2 ETE41,Hùng Anh,5
tai-nghe-bluetooth-tws-oppo-enco-buds-2-ete41-trang,Tai nghe TWS OPPO ENCO Buds 2 ETE41,Phạm Gia Thịnh,3
tai-nghe-bluetooth-tws-oppo-enco-buds-2-ete41-trang,Tai nghe TWS OPPO ENCO Buds 2 ETE41,Thanh,4
tai-nghe-bluetooth-tws-oppo-enco-buds-2-ete41-trang,Tai nghe TWS OPPO ENCO Buds 2 ETE41,Anh Toản,5
tai-nghe-bluetooth-tws-oppo-enco-buds-2-ete41-trang,Tai nghe TWS OPPO ENCO Buds 2 ETE41,Ngô Mạnh Đạt,3
tai-nghe-bluetooth-tws-oppo-enco-buds-2-ete41-trang,Tai nghe TWS OPPO ENCO Buds 2 ETE41,Trần Thị Ánh Cường,5
tai-nghe-bluetooth-tws-oppo-enco-buds-2-ete41-trang,Tai nghe TWS OPPO ENCO Buds 2 ETE41,TRẦN THANH PHONG,5
tai-nghe-bluetooth-tws-oppo-enco-buds-2-ete41-trang,Tai nghe TWS OPPO ENCO Buds 2 ETE41,HUỲNH THANH PHÚC,5
tai-nghe-bluetooth-tws-oppo-enco-buds-2-ete41-trang,Tai nghe TWS OPPO ENCO Buds 2 ETE41,Nguyễn Đình Tuấn,5
tai-nghe-bluetooth-tws-oppo-enco-buds-2-ete41-trang,Tai nghe TWS OPPO ENCO Buds 2 ETE41,Nguyễn Văn Đạt,4
tai-nghe-bluetooth-tws-oppo-enco-buds-2-ete41-trang,Tai nghe TWS OPPO ENCO Buds 2 ETE41,Tuấn,4
tai-nghe-bluetooth-tws-oppo-enco-buds-2-ete41-trang,Tai nghe TWS OPPO ENCO Buds 2 ETE41,Anh Vịnh,5
tai-nghe-bluetooth-tws-oppo-enco-buds-2-ete41-trang,Tai nghe TWS OPPO ENCO Buds 2 ETE41,Lê Việt Hà,5
tai-nghe-bluetooth-tws-oppo-enco-buds-2-ete41-trang,Tai nghe TWS OPPO ENCO Buds 2 ETE41,Nguyễn Hữu Đức,5
tai-nghe-bluetooth-tws-oppo-enco-buds-2-ete41-trang,Tai nghe TWS OPPO ENCO Buds 2 ETE41,Phạm Đức Thắng,5
tai-nghe-bluetooth-tws-oppo-enco-buds-2-ete41-trang,Tai nghe TWS OPPO ENCO Buds 2 ETE41,Phạm Duy Bình,5
tai-nghe-bluetooth-tws-oppo-enco-buds-2-ete41-trang,Tai nghe TWS OPPO ENCO Buds 2 ETE41,ANH THIỆN,3
tai-nghe-bluetooth-tws-oppo-enco-buds-2-ete41-trang,Tai nghe TWS OPPO ENCO Buds 2 ETE41,Huân,5
tai-nghe-bluetooth-tws-oppo-enco-buds-2-ete41-trang,Tai nghe TWS OPPO ENCO Buds 2 ETE41,Anh Lương,3
tai-nghe-bluetooth-tws-oppo-enco-buds-2-ete41-trang,Tai nghe TWS OPPO ENCO Buds 2 ETE41,ANH CDMA TELECOM VIỆT NAM,5
tai-nghe-bluetooth-tws-oppo-enco-buds-2-ete41-trang,Tai nghe TWS OPPO ENCO Buds 2 ETE41,C Lành,3
tai-nghe-bluetooth-tws-oppo-enco-buds-2-ete41-trang,Tai nghe TWS OPPO ENCO Buds 2 ETE41,Lưu Đăng Khoa,5
tai-nghe-bluetooth-tws-oppo-enco-buds-2-ete41-trang,Tai nghe TWS OPPO ENCO Buds 2 ETE41,Thiện,5
tai-nghe-bluetooth-tws-oppo-enco-buds-2-ete41-trang,Tai nghe TWS OPPO ENCO Buds 2 ETE41,Chị Minh,5
tai-nghe-bluetooth-tws-oppo-enco-buds-2-ete41-trang,Tai nghe TWS OPPO ENCO Buds 2 ETE41,PHAM DINH THANH,5
tai-nghe-bluetooth-tws-oppo-enco-buds-2-ete41-trang,Tai nghe TWS OPPO ENCO Buds 2 ETE41,Trần Thị Hồng Loan,4
tai-nghe-bluetooth-tws-oppo-enco-buds-2-ete41-trang,Tai nghe TWS OPPO ENCO Buds 2 ETE41,Anh Kiệt,4
tai-nghe-bluetooth-tws-oppo-enco-buds-2-ete41-trang,Tai nghe TWS OPPO ENCO Buds 2 ETE41,Anh Mạnh,5
tai-nghe-bluetooth-tws-oppo-enco-buds-2-ete41-trang,Tai nghe TWS OPPO ENCO Buds 2 ETE41,Phạm Văn Tiến,5
tai-nghe-bluetooth-tws-oppo-enco-buds-2-ete41-trang,Tai nghe TWS OPPO ENCO Buds 2 ETE41,Phạm Hoàng Trọng Long,4
tai-nghe-bluetooth-tws-oppo-enco-buds-2-ete41-trang,Tai nghe TWS OPPO ENCO Buds 2 ETE41,Anh Hoàng Ân,5
tai-nghe-bluetooth-tws-oppo-enco-buds-2-ete41-trang,Tai nghe TWS OPPO ENCO Buds 2 ETE41,Phạm Huỳnh Thùy Quyên,4
tai-nghe-bluetooth-tws-oppo-enco-buds-2-ete41-trang,Tai nghe TWS OPPO ENCO Buds 2 ETE41,Lien Hoa Thuan,5
tai-nghe-bluetooth-tws-oppo-enco-buds-2-ete41-trang,Tai nghe TWS OPPO ENCO Buds 2 ETE41,LÊ THỊ QUỲNH DUYÊN,3
tai-nghe-bluetooth-tws-oppo-enco-buds-2-ete41-trang,Tai nghe TWS OPPO ENCO Buds 2 ETE41,Đình Phong,1
tai-nghe-bluetooth-tws-oppo-enco-buds-2-ete41-trang,Tai nghe TWS OPPO ENCO Buds 2 ETE41,Lý Ngọc Tuyến,4
tai-nghe-bluetooth-tws-oppo-enco-buds-2-ete41-trang,Tai nghe TWS OPPO ENCO Buds 2 ETE41,A Đức,5
tai-nghe-bluetooth-tws-oppo-enco-buds-2-ete41-trang,Tai nghe TWS OPPO ENCO Buds 2 ETE41,Anh Vũ Đức Anh,5
tai-nghe-bluetooth-tws-oppo-enco-buds-2-ete41-trang,Tai nghe TWS OPPO ENCO Buds 2 ETE41,Chị Thảo,4
tai-nghe-bluetooth-tws-oppo-enco-buds-2-ete41-trang,Tai nghe TWS OPPO ENCO Buds 2 ETE41,Chị Ly,3
tai-nghe-bluetooth-tws-oppo-enco-buds-2-ete41-trang,Tai nghe TWS OPPO ENCO Buds 2 ETE41,Trí,5
tai-nghe-bluetooth-tws-oppo-enco-buds-2-ete41-trang,Tai nghe TWS OPPO ENCO Buds 2 ETE41,Thanh Vân,5
tai-nghe-bluetooth-tws-oppo-enco-buds-2-ete41-trang,Tai nghe TWS OPPO ENCO Buds 2 ETE41,CƯỜNG,5
tai-nghe-bluetooth-tws-oppo-enco-buds-2-ete41-trang,Tai nghe TWS OPPO ENCO Buds 2 ETE41,Vũ,5
tai-nghe-bluetooth-tws-oppo-enco-buds-2-ete41-trang,Tai nghe TWS OPPO ENCO Buds 2 ETE41,Anh Vũ,5
tai-nghe-bluetooth-tws-oppo-enco-buds-2-ete41-trang,Tai nghe TWS OPPO ENCO Buds 2 ETE41,Nguyễn Văn Dậu,5
tai-nghe-bluetooth-tws-oppo-enco-buds-2-ete41-trang,Tai nghe TWS OPPO ENCO Buds 2 ETE41,Đoàn Quang Tân,5
tai-nghe-bluetooth-tws-oppo-enco-buds-2-ete41-trang,Tai nghe TWS OPPO ENCO Buds 2 ETE41,Ho Van Trung,2
tai-nghe-bluetooth-tws-oppo-enco-buds-2-ete41-trang,Tai nghe TWS OPPO ENCO Buds 2 ETE41,Thống,5
tai-nghe-bluetooth-tws-oppo-enco-buds-2-ete41-trang,Tai nghe TWS OPPO ENCO Buds 2 ETE41,Quốc Kiệt,5
tai-nghe-bluetooth-tws-oppo-enco-buds-2-ete41-trang,Tai nghe TWS OPPO ENCO Buds 2 ETE41,Trung,5
tai-nghe-bluetooth-tws-oppo-enco-buds-2-ete41-trang,Tai nghe TWS OPPO ENCO Buds 2 ETE41,Trần Đức Nhất,3
tai-nghe-bluetooth-tws-oppo-enco-buds-2-ete41-trang,Tai nghe TWS OPPO ENCO Buds 2 ETE41,Phạm Thị Vân,5
tai-nghe-bluetooth-tws-oppo-enco-buds-2-ete41-trang,Tai nghe TWS OPPO ENCO Buds 2 ETE41,Phan Nhi,3
tai-nghe-bluetooth-tws-oppo-enco-buds-2-ete41-trang,Tai nghe TWS OPPO ENCO Buds 2 ETE41,Chú Thắng,5
tai-nghe-bluetooth-tws-oppo-enco-buds-2-ete41-trang,Tai nghe TWS OPPO ENCO Buds 2 ETE41,Anh Hợp,4
tai-nghe-bluetooth-tws-oppo-enco-buds-2-ete41-trang,Tai nghe TWS OPPO ENCO Buds 2 ETE41,Nguyễn Văn Thiêụ,5
tai-nghe-bluetooth-tws-oppo-enco-buds-2-ete41-trang,Tai nghe TWS OPPO ENCO Buds 2 ETE41,Nguyễn Thị Ngọc Tiên,5
tai-nghe-bluetooth-tws-oppo-enco-buds-2-ete41-trang,Tai nghe TWS OPPO ENCO Buds 2 ETE41,Phạm Cao Bằng,4
tai-nghe-bluetooth-tws-oppo-enco-buds-2-ete41-trang,Tai nghe TWS OPPO ENCO Buds 2 ETE41,ĐỖ TẤN QUANG,5
tai-nghe-bluetooth-tws-oppo-enco-buds-2-ete41-trang,Tai nghe TWS OPPO ENCO Buds 2 ETE41,Phong,4
tai-nghe-bluetooth-tws-oppo-enco-buds-2-ete41-trang,Tai nghe TWS OPPO ENCO Buds 2 ETE41,Chị Ngân,5
tai-nghe-bluetooth-tws-oppo-enco-buds-2-ete41-trang,Tai nghe TWS OPPO ENCO Buds 2 ETE41,Nguyễn Tuấn Đức,5
tai-nghe-bluetooth-tws-oppo-enco-buds-2-ete41-trang,Tai nghe TWS OPPO ENCO Buds 2 ETE41,Đăng,4
tai-nghe-bluetooth-tws-oppo-enco-buds-2-ete41-trang,Tai nghe TWS OPPO ENCO Buds 2 ETE41,Hậu,5
tai-nghe-bluetooth-tws-oppo-enco-buds-2-ete41-trang,Tai nghe TWS OPPO ENCO Buds 2 ETE41,ĐOÀN THỊ KHUYÊN,5
tai-nghe-bluetooth-tws-oppo-enco-buds-2-ete41-trang,Tai nghe TWS OPPO ENCO Buds 2 ETE41,Nguyễn Triết Thiệu,3
tai-nghe-bluetooth-tws-oppo-enco-buds-2-ete41-trang,Tai nghe TWS OPPO ENCO Buds 2 ETE41,Dũng,5
tai-nghe-bluetooth-tws-oppo-enco-buds-2-ete41-trang,Tai nghe TWS OPPO ENCO Buds 2 ETE41,Thống,5
tai-nghe-bluetooth-tws-oppo-enco-buds-2-ete41-trang,Tai nghe TWS OPPO ENCO Buds 2 ETE41,Nguyễn Văn Đặng,5
tai-nghe-bluetooth-tws-oppo-enco-buds-2-ete41-trang,Tai nghe TWS OPPO ENCO Buds 2 ETE41,Anh Quốc,4
tai-nghe-bluetooth-tws-oppo-enco-buds-2-ete41-trang,Tai nghe TWS OPPO ENCO Buds 2 ETE41,Sơn,5
tai-nghe-bluetooth-tws-oppo-enco-buds-2-ete41-trang,Tai nghe TWS OPPO ENCO Buds 2 ETE41,Hoàng Cao Hùng,5
tai-nghe-bluetooth-tws-oppo-enco-buds-2-ete41-trang,Tai nghe TWS OPPO ENCO Buds 2 ETE41,Trương Thị Kim Phương,5
tai-nghe-bluetooth-tws-oppo-enco-buds-2-ete41-trang,Tai nghe TWS OPPO ENCO Buds 2 ETE41,Thúy An,5
tai-nghe-bluetooth-tws-oppo-enco-buds-2-ete41-trang,Tai nghe TWS OPPO ENCO Buds 2 ETE41,Châu Minh Chí,5
tai-nghe-bluetooth-tws-oppo-enco-buds-2-ete41-trang,Tai nghe TWS OPPO ENCO Buds 2 ETE41,Phan Thanh Nhanh,5
tai-nghe-bluetooth-tws-oppo-enco-buds-2-ete41-trang,Tai nghe TWS OPPO ENCO Buds 2 ETE41,Chú Hoa,5
tai-nghe-bluetooth-tws-oppo-enco-buds-2-ete41-trang,Tai nghe TWS OPPO ENCO Buds 2 ETE41,Phạm Tấn Tài,5
tai-nghe-bluetooth-tws-oppo-enco-buds-2-ete41-trang,Tai nghe TWS OPPO ENCO Buds 2 ETE41,Thống,5
tai-nghe-bluetooth-tws-oppo-enco-buds-2-ete41-trang,Tai nghe TWS OPPO ENCO Buds 2 ETE41,Sơn,5
tai-nghe-bluetooth-tws-oppo-enco-buds-2-ete41-trang,Tai nghe TWS OPPO ENCO Buds 2 ETE41,Nguyễn Huy Bằng,5
tai-nghe-bluetooth-tws-oppo-enco-buds-2-ete41-trang,Tai nghe TWS OPPO ENCO Buds 2 ETE41,Lê Thị Kim Thoa,5
tai-nghe-bluetooth-tws-oppo-enco-buds-2-ete41-trang,Tai nghe TWS OPPO ENCO Buds 2 ETE41,Khương,5
tai-nghe-bluetooth-tws-oppo-enco-buds-2-ete41-trang,Tai nghe TWS OPPO ENCO Buds 2 ETE41,Trang,5
tai-nghe-bluetooth-tws-oppo-enco-buds-2-ete41-trang,Tai nghe TWS OPPO ENCO Buds 2 ETE41,THẠCH THỊ BÊN,4
tai-nghe-bluetooth-tws-oppo-enco-buds-2-ete41-trang,Tai nghe TWS OPPO ENCO Buds 2 ETE41,Lê Đình Sơn,4
tai-nghe-bluetooth-tws-oppo-enco-buds-2-ete41-trang,Tai nghe TWS OPPO ENCO Buds 2 ETE41,Ngọc Phúc,4
tai-nghe-bluetooth-tws-oppo-enco-buds-2-ete41-trang,Tai nghe TWS OPPO ENCO Buds 2 ETE41,Nguyễn Hoàng Nhân,5
tai-nghe-bluetooth-tws-oppo-enco-buds-2-ete41-trang,Tai nghe TWS OPPO ENCO Buds 2 ETE41,Trang,4
tai-nghe-bluetooth-tws-oppo-enco-buds-2-ete41-trang,Tai nghe TWS OPPO ENCO Buds 2 ETE41,Anh Huỳnh Nhật Minh,5
tai-nghe-bluetooth-tws-oppo-enco-buds-2-ete41-trang,Tai nghe TWS OPPO ENCO Buds 2 ETE41,Toàn,5
tai-nghe-bluetooth-tws-oppo-enco-buds-2-ete41-trang,Tai nghe TWS OPPO ENCO Buds 2 ETE41,LÊ THỊ MỸ HÒA,5
tai-nghe-bluetooth-tws-oppo-enco-buds-2-ete41-trang,Tai nghe TWS OPPO ENCO Buds 2 ETE41,Nguyễn Thị Đào,4
tai-nghe-bluetooth-tws-oppo-enco-buds-2-ete41-trang,Tai nghe TWS OPPO ENCO Buds 2 ETE41,Tùng,5
tai-nghe-bluetooth-tws-oppo-enco-buds-2-ete41-trang,Tai nghe TWS OPPO ENCO Buds 2 ETE41,Lê Trọng Trí,5
tai-nghe-bluetooth-tws-oppo-enco-buds-2-ete41-trang,Tai nghe TWS OPPO ENCO Buds 2 ETE41,Uyên,4
tai-nghe-bluetooth-tws-oppo-enco-buds-2-ete41-trang,Tai nghe TWS OPPO ENCO Buds 2 ETE41,Thảo,5
tai-nghe-bluetooth-tws-oppo-enco-buds-2-ete41-trang,Tai nghe TWS OPPO ENCO Buds 2 ETE41,Trần Kim Nhật,5
tai-nghe-bluetooth-tws-oppo-enco-buds-2-ete41-trang,Tai nghe TWS OPPO ENCO Buds 2 ETE41,Chú Đào,5
tai-nghe-bluetooth-tws-oppo-enco-buds-2-ete41-trang,Tai nghe TWS OPPO ENCO Buds 2 ETE41,Bình,4
tai-nghe-bluetooth-tws-oppo-enco-buds-2-ete41-trang,Tai nghe TWS OPPO ENCO Buds 2 ETE41,Trần Bá Tranh,5
tai-nghe-bluetooth-tws-oppo-enco-buds-2-ete41-trang,Tai nghe TWS OPPO ENCO Buds 2 ETE41,Nhựt,5
tai-nghe-bluetooth-tws-oppo-enco-buds-2-ete41-trang,Tai nghe TWS OPPO ENCO Buds 2 ETE41,Nguyenvanmanh,4
tai-nghe-bluetooth-tws-oppo-enco-buds-2-ete41-trang,Tai nghe TWS OPPO ENCO Buds 2 ETE41,Hiệp,2
tai-nghe-bluetooth-tws-oppo-enco-buds-2-ete41-trang,Tai nghe TWS OPPO ENCO Buds 2 ETE41,Thuỷ,4
tai-nghe-bluetooth-tws-oppo-enco-buds-2-ete41-trang,Tai nghe TWS OPPO ENCO Buds 2 ETE41,Mạch Thân,5
tai-nghe-bluetooth-tws-oppo-enco-buds-2-ete41-trang,Tai nghe TWS OPPO ENCO Buds 2 ETE41,Trần Minh Tuấn,5
tai-nghe-bluetooth-tws-oppo-enco-buds-2-ete41-trang,Tai nghe TWS OPPO ENCO Buds 2 ETE41,Tân,5
tai-nghe-bluetooth-tws-oppo-enco-buds-2-ete41-trang,Tai nghe TWS OPPO ENCO Buds 2 ETE41,Quỳnh,4
tai-nghe-bluetooth-tws-oppo-enco-buds-2-ete41-trang,Tai nghe TWS OPPO ENCO Buds 2 ETE41,Quốc An,5
tai-nghe-bluetooth-tws-oppo-enco-buds-2-ete41-trang,Tai nghe TWS OPPO ENCO Buds 2 ETE41,Ngọc Dung,5
tai-nghe-bluetooth-true-wireless-baseus-bowie-e20,Tai nghe TWS Baseus Bowie E20,Duy,3
tai-nghe-bluetooth-true-wireless-baseus-bowie-e20,Tai nghe TWS Baseus Bowie E20,Phan Hoàng Lâm,4
tai-nghe-bluetooth-true-wireless-baseus-bowie-e20,Tai nghe TWS Baseus Bowie E20,Chu Việt Bình,4
tai-nghe-bluetooth-true-wireless-baseus-bowie-e20,Tai nghe TWS Baseus Bowie E20,Sang,5
tai-nghe-bluetooth-true-wireless-baseus-bowie-e20,Tai nghe TWS Baseus Bowie E20,Như,4
tai-nghe-bluetooth-true-wireless-baseus-bowie-e20,Tai nghe TWS Baseus Bowie E20,Nguyễn Văn Dũng,3
tai-nghe-bluetooth-true-wireless-baseus-bowie-e20,Tai nghe TWS Baseus Bowie E20,Hà Luân,5
tai-nghe-bluetooth-true-wireless-baseus-bowie-e20,Tai nghe TWS Baseus Bowie E20,Võ Thị Phương Thảo,4
tai-nghe-bluetooth-true-wireless-baseus-bowie-e20,Tai nghe TWS Baseus Bowie E20,Quang Duy,3
tai-nghe-bluetooth-true-wireless-baseus-bowie-e20,Tai nghe TWS Baseus Bowie E20,Huỳnh Hữu Tình,3
tai-nghe-bluetooth-true-wireless-baseus-bowie-e20,Tai nghe TWS Baseus Bowie E20,Tuyền,4
tai-nghe-bluetooth-true-wireless-baseus-bowie-e20,Tai nghe TWS Baseus Bowie E20,Vũ Thanh,5
tai-nghe-bluetooth-true-wireless-baseus-bowie-e20,Tai nghe TWS Baseus Bowie E20,Trinh,3
tai-nghe-bluetooth-true-wireless-baseus-bowie-e20,Tai nghe TWS Baseus Bowie E20,Trương Quang Nam,3
tai-nghe-bluetooth-true-wireless-baseus-bowie-e20,Tai nghe TWS Baseus Bowie E20,Hoang Anh,3
tai-nghe-bluetooth-true-wireless-baseus-bowie-e20,Tai nghe TWS Baseus Bowie E20,Bồn,2
tai-nghe-bluetooth-true-wireless-baseus-bowie-e20,Tai nghe TWS Baseus Bowie E20,Tâmm,3
tai-nghe-bluetooth-true-wireless-baseus-bowie-e20,Tai nghe TWS Baseus Bowie E20,Tú,3
tai-nghe-bluetooth-true-wireless-baseus-bowie-e20,Tai nghe TWS Baseus Bowie E20,Thắng,4
tai-nghe-bluetooth-true-wireless-baseus-bowie-e20,Tai nghe TWS Baseus Bowie E20,Hai,3
tai-nghe-bluetooth-true-wireless-baseus-bowie-e20,Tai nghe TWS Baseus Bowie E20,Ninh,2
tai-nghe-bluetooth-true-wireless-baseus-bowie-e20,Tai nghe TWS Baseus Bowie E20,Đào Quỳnh,4
tai-nghe-bluetooth-true-wireless-baseus-bowie-e20,Tai nghe TWS Baseus Bowie E20,Trần Bảo,5
tai-nghe-bluetooth-true-wireless-baseus-bowie-e20,Tai nghe TWS Baseus Bowie E20,Điểu Bah,3
tai-nghe-bluetooth-true-wireless-baseus-bowie-e20,Tai nghe TWS Baseus Bowie E20,Bùi Sơn,3
tai-nghe-bluetooth-true-wireless-baseus-bowie-e20,Tai nghe TWS Baseus Bowie E20,PBC,4
tai-nghe-bluetooth-true-wireless-baseus-bowie-e20,Tai nghe TWS Baseus Bowie E20,Đinh Thiện Tuần,5
tai-nghe-bluetooth-true-wireless-baseus-bowie-e20,Tai nghe TWS Baseus Bowie E20,Đức,4
tai-nghe-bluetooth-true-wireless-baseus-bowie-e20,Tai nghe TWS Baseus Bowie E20,Hùng,5
tai-nghe-bluetooth-true-wireless-baseus-bowie-e20,Tai nghe TWS Baseus Bowie E20,Anh Thiện,5
tai-nghe-bluetooth-true-wireless-baseus-bowie-e20,Tai nghe TWS Baseus Bowie E20,Nguyễn Thanh Sơn,4
tai-nghe-bluetooth-true-wireless-baseus-bowie-e20,Tai nghe TWS Baseus Bowie E20,Dương Thanh Điền,5
tai-nghe-bluetooth-true-wireless-baseus-bowie-e20,Tai nghe TWS Baseus Bowie E20,VÕ THỊ MỸ KHUYÊN,5
tai-nghe-bluetooth-true-wireless-baseus-bowie-e20,Tai nghe TWS Baseus Bowie E20,Tây,4
tai-nghe-bluetooth-true-wireless-baseus-bowie-e20,Tai nghe TWS Baseus Bowie E20,Vũ Thị Mỹ Ngọc,5
tai-nghe-bluetooth-true-wireless-baseus-bowie-e20,Tai nghe TWS Baseus Bowie E20,Từ Phước Đáng,5
tai-nghe-bluetooth-true-wireless-baseus-bowie-e20,Tai nghe TWS Baseus Bowie E20,Anh Tạo,5
tai-nghe-bluetooth-true-wireless-baseus-bowie-e20,Tai nghe TWS Baseus Bowie E20,Châu,5
tai-nghe-bluetooth-true-wireless-baseus-bowie-e20,Tai nghe TWS Baseus Bowie E20,Khánh,5
tai-nghe-bluetooth-true-wireless-baseus-bowie-e20,Tai nghe TWS Baseus Bowie E20,Nguyễn Vĩnh Tường,3
tai-nghe-bluetooth-true-wireless-baseus-bowie-e20,Tai nghe TWS Baseus Bowie E20,Lê Toàn,5
tai-nghe-bluetooth-true-wireless-baseus-bowie-e20,Tai nghe TWS Baseus Bowie E20,Lê Thành Dư,4
tai-nghe-bluetooth-true-wireless-baseus-bowie-e20,Tai nghe TWS Baseus Bowie E20,Văn Duy Thường,5
airpods-4-mxp63,AirPods 4,Trần Quốc Trọng,4
airpods-4-mxp63,AirPods 4,Lê Thị Thuý Kiều,3
airpods-4-mxp63,AirPods 4,Nguyễn Bá Hiếu,2
airpods-4-mxp63,AirPods 4,Anhlầu,4
airpods-4-mxp63,AirPods 4,Đình Nhành,5
airpods-4-mxp63,AirPods 4,Mai Thị Trúc Linh,4
airpods-4-mxp63,AirPods 4,Nguyễn Khánh Hùnh,5
airpods-4-mxp63,AirPods 4,Đặng Kiên Giang,3
airpods-4-mxp63,AirPods 4,Ngọc Anh,5
airpods-4-mxp63,AirPods 4,Nguyễn Như,3
airpods-4-mxp63,AirPods 4,Tuấn,3
airpods-4-mxp63,AirPods 4,Trương Nguyễn Ngọc,3
airpods-4-mxp63,AirPods 4,Nhaw,5
airpods-4-mxp63,AirPods 4,Hoang Hoa,4
airpods-4-mxp63,AirPods 4,Lê Công Trung,3
airpods-4-mxp63,AirPods 4,Nghĩa,5
airpods-4-mxp63,AirPods 4,Bùi Công,4
airpods-4-mxp63,AirPods 4,Thuý,4
airpods-4-mxp63,AirPods 4,Nguyễn Trắng,5
tai-nghe-bluetooth-true-wireless-samsung-galaxy-buds-fe-r400n,Tai nghe TWS Samsung Galaxy Buds FE R400N,Huỳnh Thị Hồng Tuyết,1
tai-nghe-bluetooth-true-wireless-samsung-galaxy-buds-fe-r400n,Tai nghe TWS Samsung Galaxy Buds FE R400N,Hoàng,1
tai-nghe-bluetooth-true-wireless-samsung-galaxy-buds-fe-r400n,Tai nghe TWS Samsung Galaxy Buds FE R400N,Nguyễn Thị Thể,1
tai-nghe-bluetooth-true-wireless-samsung-galaxy-buds-fe-r400n,Tai nghe TWS Samsung Galaxy Buds FE R400N,Phạm Duy Bình,5
tai-nghe-bluetooth-true-wireless-samsung-galaxy-buds-fe-r400n,Tai nghe TWS Samsung Galaxy Buds FE R400N,Bùi Quang Hùng,5
tai-nghe-bluetooth-true-wireless-samsung-galaxy-buds-fe-r400n,Tai nghe TWS Samsung Galaxy Buds FE R400N,Nguyễn Trọng Nghĩa,3
tai-nghe-bluetooth-true-wireless-samsung-galaxy-buds-fe-r400n,Tai nghe TWS Samsung Galaxy Buds FE R400N,Trần Duy Quý,5
tai-nghe-bluetooth-true-wireless-samsung-galaxy-buds-fe-r400n,Tai nghe TWS Samsung Galaxy Buds FE R400N,Trí,3
tai-nghe-bluetooth-true-wireless-samsung-galaxy-buds-fe-r400n,Tai nghe TWS Samsung Galaxy Buds FE R400N,Hiển,1
tai-nghe-bluetooth-true-wireless-samsung-galaxy-buds-fe-r400n,Tai nghe TWS Samsung Galaxy Buds FE R400N,A Nu,4
tai-nghe-bluetooth-true-wireless-samsung-galaxy-buds-fe-r400n,Tai nghe TWS Samsung Galaxy Buds FE R400N,Nguyễn Đức Thắng,5
tai-nghe-bluetooth-true-wireless-samsung-galaxy-buds-fe-r400n,Tai nghe TWS Samsung Galaxy Buds FE R400N,Văn Hiền,1
tai-nghe-bluetooth-true-wireless-samsung-galaxy-buds-fe-r400n,Tai nghe TWS Samsung Galaxy Buds FE R400N,Thạch Rinh,3
tai-nghe-bluetooth-true-wireless-samsung-galaxy-buds-fe-r400n,Tai nghe TWS Samsung Galaxy Buds FE R400N,Trung,5
tai-nghe-bluetooth-true-wireless-samsung-galaxy-buds-fe-r400n,Tai nghe TWS Samsung Galaxy Buds FE R400N,Lê Ngọc Sáng,3
tai-nghe-bluetooth-true-wireless-samsung-galaxy-buds-fe-r400n,Tai nghe TWS Samsung Galaxy Buds FE R400N,Nguyễn Hằng,1
tai-nghe-bluetooth-true-wireless-samsung-galaxy-buds-fe-r400n,Tai nghe TWS Samsung Galaxy Buds FE R400N,Trần Nam,2
tai-nghe-bluetooth-true-wireless-samsung-galaxy-buds-fe-r400n,Tai nghe TWS Samsung Galaxy Buds FE R400N,An,1
tai-nghe-bluetooth-true-wireless-samsung-galaxy-buds-fe-r400n,Tai nghe TWS Samsung Galaxy Buds FE R400N,Ngô Sỹ Nguyên,3
tai-nghe-bluetooth-true-wireless-samsung-galaxy-buds-fe-r400n,Tai nghe TWS Samsung Galaxy Buds FE R400N,Hoàng Nguyên,1
tai-nghe-bluetooth-true-wireless-samsung-galaxy-buds-fe-r400n,Tai nghe TWS Samsung Galaxy Buds FE R400N,TRẦN HOÀNG ANH DŨNG,5
tai-nghe-bluetooth-true-wireless-samsung-galaxy-buds-fe-r400n,Tai nghe TWS Samsung Galaxy Buds FE R400N,Nguyễn Huy Phong,3
tai-nghe-bluetooth-true-wireless-samsung-galaxy-buds-fe-r400n,Tai nghe TWS Samsung Galaxy Buds FE R400N,Nguyễn Tuấn Dũng,5
tai-nghe-bluetooth-true-wireless-samsung-galaxy-buds-fe-r400n,Tai nghe TWS Samsung Galaxy Buds FE R400N,Trần Duy,5
tai-nghe-bluetooth-true-wireless-samsung-galaxy-buds-fe-r400n,Tai nghe TWS Samsung Galaxy Buds FE R400N,Sự,5
tai-nghe-bluetooth-true-wireless-samsung-galaxy-buds-fe-r400n,Tai nghe TWS Samsung Galaxy Buds FE R400N,Linh,3
tai-nghe-bluetooth-true-wireless-samsung-galaxy-buds-fe-r400n,Tai nghe TWS Samsung Galaxy Buds FE R400N,Nguyễn Long Khánh,5
tai-nghe-bluetooth-true-wireless-samsung-galaxy-buds-fe-r400n,Tai nghe TWS Samsung Galaxy Buds FE R400N,Phạm Văn Quyết,5
tai-nghe-bluetooth-true-wireless-samsung-galaxy-buds-fe-r400n,Tai nghe TWS Samsung Galaxy Buds FE R400N,Từ Quý Khiêm,5
tai-nghe-bluetooth-true-wireless-samsung-galaxy-buds-fe-r400n,Tai nghe TWS Samsung Galaxy Buds FE R400N,Nguyễn Duy Khoa,5
tai-nghe-bluetooth-true-wireless-samsung-galaxy-buds-fe-r400n,Tai nghe TWS Samsung Galaxy Buds FE R400N,Nguyễn Tuấn Dũng,4
tai-nghe-bluetooth-true-wireless-samsung-galaxy-buds-fe-r400n,Tai nghe TWS Samsung Galaxy Buds FE R400N,Trần Hoàng Phương,5
tai-nghe-bluetooth-true-wireless-samsung-galaxy-buds-fe-r400n,Tai nghe TWS Samsung Galaxy Buds FE R400N,Huỳnh Vũ Bảo,5
tai-nghe-bluetooth-true-wireless-samsung-galaxy-buds-fe-r400n,Tai nghe TWS Samsung Galaxy Buds FE R400N,Anh Linh,5
tai-nghe-bluetooth-true-wireless-samsung-galaxy-buds-fe-r400n,Tai nghe TWS Samsung Galaxy Buds FE R400N,NGUYỄN HÀ HƯNG,3
tai-nghe-bluetooth-true-wireless-samsung-galaxy-buds-fe-r400n,Tai nghe TWS Samsung Galaxy Buds FE R400N,Nguyễn Hiệp Dương,5
tai-nghe-bluetooth-true-wireless-samsung-galaxy-buds-fe-r400n,Tai nghe TWS Samsung Galaxy Buds FE R400N,Phu,3
tai-nghe-bluetooth-true-wireless-samsung-galaxy-buds-fe-r400n,Tai nghe TWS Samsung Galaxy Buds FE R400N,Phan Thanh Phú,5
tai-nghe-bluetooth-true-wireless-samsung-galaxy-buds-fe-r400n,Tai nghe TWS Samsung Galaxy Buds FE R400N,Nguyễn Tôn Tường Huy,4
tai-nghe-bluetooth-true-wireless-samsung-galaxy-buds-fe-r400n,Tai nghe TWS Samsung Galaxy Buds FE R400N,Chú Hải,5
tai-nghe-bluetooth-true-wireless-samsung-galaxy-buds-fe-r400n,Tai nghe TWS Samsung Galaxy Buds FE R400N,Nguyễn Hùng,4
tai-nghe-bluetooth-true-wireless-samsung-galaxy-buds-fe-r400n,Tai nghe TWS Samsung Galaxy Buds FE R400N,Minh Duy,5
tai-nghe-bluetooth-true-wireless-samsung-galaxy-buds-fe-r400n,Tai nghe TWS Samsung Galaxy Buds FE R400N,Trần Minh Phát,5
tai-nghe-bluetooth-true-wireless-samsung-galaxy-buds-fe-r400n,Tai nghe TWS Samsung Galaxy Buds FE R400N,Phương,1
tai-nghe-bluetooth-true-wireless-samsung-galaxy-buds-fe-r400n,Tai nghe TWS Samsung Galaxy Buds FE R400N,Kiên,5
tai-nghe-bluetooth-true-wireless-samsung-galaxy-buds-fe-r400n,Tai nghe TWS Samsung Galaxy Buds FE R400N,Thư,5
tai-nghe-bluetooth-true-wireless-samsung-galaxy-buds-fe-r400n,Tai nghe TWS Samsung Galaxy Buds FE R400N,Trần Cảnh Nam,4
tai-nghe-bluetooth-true-wireless-samsung-galaxy-buds-fe-r400n,Tai nghe TWS Samsung Galaxy Buds FE R400N,Yến,5
tai-nghe-bluetooth-true-wireless-samsung-galaxy-buds-fe-r400n,Tai nghe TWS Samsung Galaxy Buds FE R400N,Lê Thành Nhân,5
tai-nghe-bluetooth-true-wireless-samsung-galaxy-buds-fe-r400n,Tai nghe TWS Samsung Galaxy Buds FE R400N,Nguyễn Việt Tường,5
tai-nghe-bluetooth-true-wireless-samsung-galaxy-buds-fe-r400n,Tai nghe TWS Samsung Galaxy Buds FE R400N,Vu Hong Sơn,5
tai-nghe-bluetooth-true-wireless-samsung-galaxy-buds-fe-r400n,Tai nghe TWS Samsung Galaxy Buds FE R400N,Nguy Van Tue,5
tai-nghe-bluetooth-true-wireless-samsung-galaxy-buds-fe-r400n,Tai nghe TWS Samsung Galaxy Buds FE R400N,Nguyễn Văn Long,5
tai-nghe-bluetooth-true-wireless-samsung-galaxy-buds-fe-r400n,Tai nghe TWS Samsung Galaxy Buds FE R400N,Nguyễn Hà Quốc Việt,5
tai-nghe-bluetooth-true-wireless-samsung-galaxy-buds-fe-r400n,Tai nghe TWS Samsung Galaxy Buds FE R400N,Tuấn Anh,5
tai-nghe-bluetooth-true-wireless-ava-go-p310?utm_flashsale=1,Tai nghe TWS AVA+ Go P310,Minh Triết,1
tai-nghe-bluetooth-true-wireless-ava-go-p310?utm_flashsale=1,Tai nghe TWS AVA+ Go P310,Huy,4
tai-nghe-bluetooth-true-wireless-ava-go-p310?utm_flashsale=1,Tai nghe TWS AVA+ Go P310,LY TAN,1
tai-nghe-bluetooth-true-wireless-ava-go-p310?utm_flashsale=1,Tai nghe TWS AVA+ Go P310,Đào Đức Anh,2
tai-nghe-bluetooth-true-wireless-ava-go-p310?utm_flashsale=1,Tai nghe TWS AVA+ Go P310,Khoa,5
tai-nghe-bluetooth-true-wireless-ava-go-p310?utm_flashsale=1,Tai nghe TWS AVA+ Go P310,Vũ Hưng,4
tai-nghe-bluetooth-true-wireless-ava-go-p310?utm_flashsale=1,Tai nghe TWS AVA+ Go P310,Nguyễn Mạnh,5
tai-nghe-bluetooth-true-wireless-ava-go-p310?utm_flashsale=1,Tai nghe TWS AVA+ Go P310,Trương Tuấn Kiệt,5
tai-nghe-bluetooth-true-wireless-ava-go-p310?utm_flashsale=1,Tai nghe TWS AVA+ Go P310,Tiên,2
tai-nghe-bluetooth-true-wireless-ava-go-p310?utm_flashsale=1,Tai nghe TWS AVA+ Go P310,Nguyễn Vũ Quân,3
tai-nghe-bluetooth-true-wireless-ava-go-p310?utm_flashsale=1,Tai nghe TWS AVA+ Go P310,Nguyễn Thị Bích Ngọc,5
tai-nghe-bluetooth-true-wireless-ava-go-p310?utm_flashsale=1,Tai nghe TWS AVA+ Go P310,Vinh,1
tai-nghe-bluetooth-true-wireless-ava-go-p310?utm_flashsale=1,Tai nghe TWS AVA+ Go P310,Trần Văn Hiếu,1
tai-nghe-bluetooth-true-wireless-ava-go-p310?utm_flashsale=1,Tai nghe TWS AVA+ Go P310,THẠCH MINH,3
tai-nghe-bluetooth-true-wireless-ava-go-p310?utm_flashsale=1,Tai nghe TWS AVA+ Go P310,Trần Thị Ngọc Ánh,1
tai-nghe-bluetooth-true-wireless-ava-go-p310?utm_flashsale=1,Tai nghe TWS AVA+ Go P310,Liên Nguyễn,1
tai-nghe-bluetooth-true-wireless-ava-go-p310?utm_flashsale=1,Tai nghe TWS AVA+ Go P310,Phuong,1
tai-nghe-bluetooth-true-wireless-ava-go-p310?utm_flashsale=1,Tai nghe TWS AVA+ Go P310,Tuấn,4
tai-nghe-bluetooth-true-wireless-ava-go-p310?utm_flashsale=1,Tai nghe TWS AVA+ Go P310,Nguyễn Văn Đạt,3
tai-nghe-bluetooth-true-wireless-ava-go-p310?utm_flashsale=1,Tai nghe TWS AVA+ Go P310,Hieu,4
tai-nghe-bluetooth-true-wireless-ava-go-p310?utm_flashsale=1,Tai nghe TWS AVA+ Go P310,Minh Tiến,3
tai-nghe-bluetooth-true-wireless-ava-go-p310?utm_flashsale=1,Tai nghe TWS AVA+ Go P310,Quỳnh Ngọc,4
tai-nghe-bluetooth-true-wireless-ava-go-p310?utm_flashsale=1,Tai nghe TWS AVA+ Go P310,Nguyễn Thị Thu Hiền,3
tai-nghe-bluetooth-true-wireless-ava-go-p310?utm_flashsale=1,Tai nghe TWS AVA+ Go P310,Nhật Duy,5
tai-nghe-bluetooth-true-wireless-ava-go-p310?utm_flashsale=1,Tai nghe TWS AVA+ Go P310,Nguyễn Thành,3
tai-nghe-bluetooth-true-wireless-ava-go-p310?utm_flashsale=1,Tai nghe TWS AVA+ Go P310,Nguyễn Đình Tuấn,3
tai-nghe-bluetooth-true-wireless-ava-go-p310?utm_flashsale=1,Tai nghe TWS AVA+ Go P310,Tài,1
tai-nghe-bluetooth-true-wireless-ava-go-p310?utm_flashsale=1,Tai nghe TWS AVA+ Go P310,Bình,4
tai-nghe-bluetooth-true-wireless-ava-go-p310?utm_flashsale=1,Tai nghe TWS AVA+ Go P310,Nguyễn Bi,4
tai-nghe-bluetooth-true-wireless-ava-go-p310?utm_flashsale=1,Tai nghe TWS AVA+ Go P310,Ngân,1
tai-nghe-bluetooth-true-wireless-ava-go-p310?utm_flashsale=1,Tai nghe TWS AVA+ Go P310,Trân,3
tai-nghe-bluetooth-true-wireless-ava-go-p310?utm_flashsale=1,Tai nghe TWS AVA+ Go P310,Anh Cà,5
tai-nghe-bluetooth-true-wireless-ava-go-p310?utm_flashsale=1,Tai nghe TWS AVA+ Go P310,Nguyễn Trương Tấn Phát,1
tai-nghe-bluetooth-true-wireless-ava-go-p310?utm_flashsale=1,Tai nghe TWS AVA+ Go P310,Nhật,2
tai-nghe-bluetooth-true-wireless-ava-go-p310?utm_flashsale=1,Tai nghe TWS AVA+ Go P310,Vương,5
tai-nghe-bluetooth-true-wireless-ava-go-p310?utm_flashsale=1,Tai nghe TWS AVA+ Go P310,Luong Minh Đăng,2
tai-nghe-bluetooth-true-wireless-ava-go-p310?utm_flashsale=1,Tai nghe TWS AVA+ Go P310,Nguyễn Minh Nhựt,3
tai-nghe-bluetooth-true-wireless-ava-go-p310?utm_flashsale=1,Tai nghe TWS AVA+ Go P310,Nguyễn Đức Cảnh,5
tai-nghe-bluetooth-true-wireless-ava-go-p310?utm_flashsale=1,Tai nghe TWS AVA+ Go P310,Toàn,5
tai-nghe-bluetooth-true-wireless-ava-go-p310?utm_flashsale=1,Tai nghe TWS AVA+ Go P310,Văn Bảy,5
tai-nghe-bluetooth-true-wireless-ava-go-p310?utm_flashsale=1,Tai nghe TWS AVA+ Go P310,Phuọng,1
tai-nghe-bluetooth-true-wireless-ava-go-p310?utm_flashsale=1,Tai nghe TWS AVA+ Go P310,Quốc,2
tai-nghe-bluetooth-true-wireless-ava-go-p310?utm_flashsale=1,Tai nghe TWS AVA+ Go P310,Tiêu Nhật Vinh,5
tai-nghe-bluetooth-true-wireless-ava-go-p310?utm_flashsale=1,Tai nghe TWS AVA+ Go P310,Nguyễn Trọng Nghĩa,5
tai-nghe-bluetooth-tws-ava-freego-y913?utm_flashsale=1,Tai nghe TWS AVA+ FreeGo Y913,Nguyễn Duy Hữu Khang,1
tai-nghe-bluetooth-tws-ava-freego-y913?utm_flashsale=1,Tai nghe TWS AVA+ FreeGo Y913,Nguyễn Thị Yến Linh,2
tai-nghe-bluetooth-tws-ava-freego-y913?utm_flashsale=1,Tai nghe TWS AVA+ FreeGo Y913,Nguyễn Văn Hải,2
tai-nghe-bluetooth-tws-ava-freego-y913?utm_flashsale=1,Tai nghe TWS AVA+ FreeGo Y913,Dũng,4
tai-nghe-bluetooth-tws-ava-freego-y913?utm_flashsale=1,Tai nghe TWS AVA+ FreeGo Y913,Tran,3
tai-nghe-bluetooth-tws-ava-freego-y913?utm_flashsale=1,Tai nghe TWS AVA+ FreeGo Y913,Huy,3
tai-nghe-bluetooth-tws-ava-freego-y913?utm_flashsale=1,Tai nghe TWS AVA+ FreeGo Y913,Lu Vu,1
tai-nghe-bluetooth-tws-ava-freego-y913?utm_flashsale=1,Tai nghe TWS AVA+ FreeGo Y913,Bùi Quốc Thắng,2
tai-nghe-bluetooth-tws-ava-freego-y913?utm_flashsale=1,Tai nghe TWS AVA+ FreeGo Y913,Dương,5
tai-nghe-bluetooth-tws-ava-freego-y913?utm_flashsale=1,Tai nghe TWS AVA+ FreeGo Y913,Bình Anh,1
tai-nghe-bluetooth-tws-ava-freego-y913?utm_flashsale=1,Tai nghe TWS AVA+ FreeGo Y913,Khả Châu,5
tai-nghe-bluetooth-tws-ava-freego-y913?utm_flashsale=1,Tai nghe TWS AVA+ FreeGo Y913,Phạm Văn Đại,4
tai-nghe-bluetooth-tws-ava-freego-y913?utm_flashsale=1,Tai nghe TWS AVA+ FreeGo Y913,Trâm Anh,5
tai-nghe-bluetooth-tws-ava-freego-y913?utm_flashsale=1,Tai nghe TWS AVA+ FreeGo Y913,LÊ HOÀNG SANG,1
tai-nghe-bluetooth-tws-ava-freego-y913?utm_flashsale=1,Tai nghe TWS AVA+ FreeGo Y913,Nga,5
tai-nghe-bluetooth-tws-ava-freego-y913?utm_flashsale=1,Tai nghe TWS AVA+ FreeGo Y913,Trần Vy,5
tai-nghe-bluetooth-tws-ava-freego-y913?utm_flashsale=1,Tai nghe TWS AVA+ FreeGo Y913,Anh Tuấn,3
tai-nghe-bluetooth-tws-ava-freego-y913?utm_flashsale=1,Tai nghe TWS AVA+ FreeGo Y913,Lê Hoàng Ngâu,5
tai-nghe-bluetooth-tws-ava-freego-y913?utm_flashsale=1,Tai nghe TWS AVA+ FreeGo Y913,Thảo Nhi,4
tai-nghe-tws-havit-tw941,Tai nghe TWS Havit TW941,Nguyễn Minh Vy,3
tai-nghe-tws-havit-tw941,Tai nghe TWS Havit TW941,Trần Thị Ngọc,1
tai-nghe-tws-havit-tw941,Tai nghe TWS Havit TW941,Phương,2
tai-nghe-tws-havit-tw941,Tai nghe TWS Havit TW941,Vinh,1
tai-nghe-tws-havit-tw941,Tai nghe TWS Havit TW941,Vũ,5
tai-nghe-bluetooth-true-wireless-ava-freego-y50?utm_flashsale=1,Tai nghe TWS AVA+ FreeGo Y50,Nguyễn Sơn Thạch,4
tai-nghe-bluetooth-true-wireless-ava-freego-y50?utm_flashsale=1,Tai nghe TWS AVA+ FreeGo Y50,Rei,5
tai-nghe-bluetooth-true-wireless-ava-freego-y50?utm_flashsale=1,Tai nghe TWS AVA+ FreeGo Y50,Nguyễn Mạnh Hào,4
tai-nghe-bluetooth-true-wireless-ava-freego-y50?utm_flashsale=1,Tai nghe TWS AVA+ FreeGo Y50,Nguyễn Tâm,5
tai-nghe-bluetooth-true-wireless-ava-freego-y50?utm_flashsale=1,Tai nghe TWS AVA+ FreeGo Y50,Lê Thị Hà,4
tai-nghe-bluetooth-true-wireless-realme-buds-t200-lite,Tai nghe TWS realme Buds T200 Lite,Hòa,4
tai-nghe-bluetooth-true-wireless-realme-buds-t200-lite,Tai nghe TWS realme Buds T200 Lite,Kiệt,4
tai-nghe-bluetooth-true-wireless-havit-tw976,Tai nghe TWS Havit TW976,Trần Chí Quốc,3
tai-nghe-bluetooth-true-wireless-havit-tw976,Tai nghe TWS Havit TW976,Hàm Ni,3
tai-nghe-bluetooth-true-wireless-havit-tw976,Tai nghe TWS Havit TW976,Mai Thanh Hai,2
tai-nghe-bluetooth-true-wireless-havit-tw976,Tai nghe TWS Havit TW976,Khang,1
tai-nghe-bluetooth-true-wireless-havit-tw976,Tai nghe TWS Havit TW976,Mai Lê Huyền An,5
tai-nghe-bluetooth-true-wireless-havit-tw976,Tai nghe TWS Havit TW976,Hương,3
tai-nghe-bluetooth-true-wireless-havit-tw976,Tai nghe TWS Havit TW976,Nguyễn Thanh Tùng,4
tai-nghe-bluetooth-true-wireless-havit-tw976,Tai nghe TWS Havit TW976,Thế,5
tai-nghe-bluetooth-true-wireless-havit-tw976,Tai nghe TWS Havit TW976,Nguyễn Thị Phương Anh,5
tai-nghe-bluetooth-true-wireless-havit-tw976,Tai nghe TWS Havit TW976,Giang,2
tai-nghe-bluetooth-true-wireless-havit-tw976,Tai nghe TWS Havit TW976,Cầm,1
tai-nghe-bluetooth-true-wireless-havit-tw976,Tai nghe TWS Havit TW976,Nguyễn Trọng Tính,4
tai-nghe-bluetooth-true-wireless-havit-tw976,Tai nghe TWS Havit TW976,Minh,2
tai-nghe-bluetooth-true-wireless-havit-tw976,Tai nghe TWS Havit TW976,Minh Thiện,1
tai-nghe-bluetooth-true-wireless-havit-tw976,Tai nghe TWS Havit TW976,Bảo,3
tai-nghe-bluetooth-true-wireless-havit-tw976,Tai nghe TWS Havit TW976,Quỳnh Nguyễn,3
tai-nghe-bluetooth-true-wireless-havit-tw976,Tai nghe TWS Havit TW976,Lê Ân,5
tai-nghe-bluetooth-true-wireless-havit-tw976,Tai nghe TWS Havit TW976,Đức Lap,2
tai-nghe-bluetooth-true-wireless-havit-tw976,Tai nghe TWS Havit TW976,Thùy,3
tai-nghe-bluetooth-true-wireless-havit-tw976,Tai nghe TWS Havit TW976,Yu,2
tai-nghe-bluetooth-true-wireless-havit-tw976,Tai nghe TWS Havit TW976,Trịnh Thị Thu Thủy,5
tai-nghe-bluetooth-true-wireless-havit-tw976,Tai nghe TWS Havit TW976,Tùng,3
tai-nghe-bluetooth-true-wireless-havit-tw976,Tai nghe TWS Havit TW976,An Triệu,4
tai-nghe-bluetooth-true-wireless-havit-tw976,Tai nghe TWS Havit TW976,Trần Vinh,4
tai-nghe-bluetooth-true-wireless-havit-tw976,Tai nghe TWS Havit TW976,Vinh,4
tai-nghe-bluetooth-true-wireless-havit-tw976,Tai nghe TWS Havit TW976,Đạt,3
tai-nghe-bluetooth-true-wireless-havit-tw976,Tai nghe TWS Havit TW976,Phi,2
tai-nghe-bluetooth-true-wireless-havit-tw976,Tai nghe TWS Havit TW976,Võ Thúy Hạnh,5
tai-nghe-bluetooth-true-wireless-havit-tw976,Tai nghe TWS Havit TW976,Đào Thuy Ngọc Nữ,3
tai-nghe-bluetooth-true-wireless-havit-tw976,Tai nghe TWS Havit TW976,Dương Thuý,5
tai-nghe-bluetooth-true-wireless-havit-tw976,Tai nghe TWS Havit TW976,Bảo Thi,5
tai-nghe-bluetooth-true-wireless-havit-tw976,Tai nghe TWS Havit TW976,Nguyễn Quốc Toản,5
tai-nghe-bluetooth-true-wireless-havit-tw976,Tai nghe TWS Havit TW976,Hà,5
tai-nghe-bluetooth-true-wireless-havit-tw976,Tai nghe TWS Havit TW976,Minh Giang,3
tai-nghe-bluetooth-true-wireless-havit-tw976,Tai nghe TWS Havit TW976,Bàn Văn Quý,1
tai-nghe-bluetooth-true-wireless-havit-tw976,Tai nghe TWS Havit TW976,Nguyễn Tuyên,5
tai-nghe-bluetooth-true-wireless-havit-tw976,Tai nghe TWS Havit TW976,Sơn,5
tai-nghe-bluetooth-true-wireless-havit-tw976,Tai nghe TWS Havit TW976,Trương Huỳnh Trung,4
tai-nghe-bluetooth-true-wireless-havit-tw976,Tai nghe TWS Havit TW976,Ninh Văn Tiến,5
tai-nghe-bluetooth-true-wireless-havit-tw976,Tai nghe TWS Havit TW976,Chị Vân,3
tai-nghe-bluetooth-true-wireless-ava-freego-pt62?utm_flashsale=1,Tai nghe TWS AVA+ FreeGo PT62,Đoàn Duy Khang,2
tai-nghe-bluetooth-true-wireless-ava-freego-pt62?utm_flashsale=1,Tai nghe TWS AVA+ FreeGo PT62,Liêu,1
tai-nghe-bluetooth-true-wireless-ava-freego-pt62?utm_flashsale=1,Tai nghe TWS AVA+ FreeGo PT62,Nguyễn Hải Linh,4
tai-nghe-bluetooth-true-wireless-ava-freego-pt62?utm_flashsale=1,Tai nghe TWS AVA+ FreeGo PT62,Hoàng Hải,3
tai-nghe-bluetooth-true-wireless-ava-freego-pt62?utm_flashsale=1,Tai nghe TWS AVA+ FreeGo PT62,Lâm Văn Lợi,5
tai-nghe-bluetooth-true-wireless-ava-freego-pt62?utm_flashsale=1,Tai nghe TWS AVA+ FreeGo PT62,Văn Vun,1
tai-nghe-bluetooth-true-wireless-ava-freego-pt62?utm_flashsale=1,Tai nghe TWS AVA+ FreeGo PT62,Hoàng Phi Hùng,5
tai-nghe-bluetooth-true-wireless-ava-freego-pt62?utm_flashsale=1,Tai nghe TWS AVA+ FreeGo PT62,Trần Vũ Trường Giang,4
tai-nghe-bluetooth-true-wireless-ava-freego-pt62?utm_flashsale=1,Tai nghe TWS AVA+ FreeGo PT62,Nguyễn Văn Quân,3
tai-nghe-bluetooth-true-wireless-ava-freego-pt62?utm_flashsale=1,Tai nghe TWS AVA+ FreeGo PT62,Đại,1
tai-nghe-bluetooth-true-wireless-ava-freego-pt62?utm_flashsale=1,Tai nghe TWS AVA+ FreeGo PT62,Vịnh,3
tai-nghe-bluetooth-true-wireless-ava-freego-pt62?utm_flashsale=1,Tai nghe TWS AVA+ FreeGo PT62,Minh,1
tai-nghe-bluetooth-true-wireless-ava-freego-pt62?utm_flashsale=1,Tai nghe TWS AVA+ FreeGo PT62,Trần Duy Đạo,3
tai-nghe-bluetooth-true-wireless-ava-freego-pt62?utm_flashsale=1,Tai nghe TWS AVA+ FreeGo PT62,Nguyễn Kha,3
tai-nghe-bluetooth-true-wireless-ava-freego-pt62?utm_flashsale=1,Tai nghe TWS AVA+ FreeGo PT62,Dương Đình Phúc,5
tai-nghe-bluetooth-true-wireless-ava-freego-pt62?utm_flashsale=1,Tai nghe TWS AVA+ FreeGo PT62,Toàn,1
tai-nghe-bluetooth-true-wireless-ava-freego-pt62?utm_flashsale=1,Tai nghe TWS AVA+ FreeGo PT62,Khánh,1
tai-nghe-bluetooth-true-wireless-ava-freego-pt62?utm_flashsale=1,Tai nghe TWS AVA+ FreeGo PT62,Nguyễn Văn Quyền,3
tai-nghe-bluetooth-true-wireless-ava-freego-pt62?utm_flashsale=1,Tai nghe TWS AVA+ FreeGo PT62,Hoàng,5
tai-nghe-bluetooth-true-wireless-ava-freego-pt62?utm_flashsale=1,Tai nghe TWS AVA+ FreeGo PT62,Tam,1
tai-nghe-bluetooth-true-wireless-ava-freego-pt62?utm_flashsale=1,Tai nghe TWS AVA+ FreeGo PT62,Trân,2
tai-nghe-bluetooth-true-wireless-ava-freego-pt62?utm_flashsale=1,Tai nghe TWS AVA+ FreeGo PT62,TRẦN VĂN NGHĨA,4
tai-nghe-bluetooth-true-wireless-ava-freego-pt62?utm_flashsale=1,Tai nghe TWS AVA+ FreeGo PT62,Vủ,2
tai-nghe-bluetooth-true-wireless-ava-freego-pt62?utm_flashsale=1,Tai nghe TWS AVA+ FreeGo PT62,Trương Thị Tường Vi,4
tai-nghe-bluetooth-true-wireless-ava-freego-pt62?utm_flashsale=1,Tai nghe TWS AVA+ FreeGo PT62,Nguyễn Anh Khoa,1
tai-nghe-bluetooth-true-wireless-ava-freego-pt62?utm_flashsale=1,Tai nghe TWS AVA+ FreeGo PT62,Anh Tuân,5
tai-nghe-bluetooth-true-wireless-ava-freego-pt62?utm_flashsale=1,Tai nghe TWS AVA+ FreeGo PT62,Vàng A Dơ,2
tai-nghe-bluetooth-true-wireless-ava-freego-pt62?utm_flashsale=1,Tai nghe TWS AVA+ FreeGo PT62,Nâng,5
tai-nghe-bluetooth-true-wireless-ava-freego-pt62?utm_flashsale=1,Tai nghe TWS AVA+ FreeGo PT62,Dương Kim Long,5
tai-nghe-bluetooth-true-wireless-ava-freego-pt62?utm_flashsale=1,Tai nghe TWS AVA+ FreeGo PT62,Phương Khanh,3
tai-nghe-bluetooth-true-wireless-ava-freego-pt62?utm_flashsale=1,Tai nghe TWS AVA+ FreeGo PT62,Lê Hiệu,2
tai-nghe-bluetooth-true-wireless-ava-freego-pt62?utm_flashsale=1,Tai nghe TWS AVA+ FreeGo PT62,Hưởng Văn,2
tai-nghe-bluetooth-true-wireless-ava-freego-pt62?utm_flashsale=1,Tai nghe TWS AVA+ FreeGo PT62,Hà Thị Hải Yến,3
tai-nghe-bluetooth-true-wireless-ava-freego-pt62?utm_flashsale=1,Tai nghe TWS AVA+ FreeGo PT62,Thao Tran,1
tai-nghe-bluetooth-true-wireless-ava-freego-pt62?utm_flashsale=1,Tai nghe TWS AVA+ FreeGo PT62,Kien Ngoc Danh,2
tai-nghe-bluetooth-true-wireless-ava-freego-pt62?utm_flashsale=1,Tai nghe TWS AVA+ FreeGo PT62,Phạm Văn Khái,3
tai-nghe-bluetooth-true-wireless-ava-freego-pt62?utm_flashsale=1,Tai nghe TWS AVA+ FreeGo PT62,Trâm,2
tai-nghe-bluetooth-true-wireless-ava-freego-pt62?utm_flashsale=1,Tai nghe TWS AVA+ FreeGo PT62,Nguyễn Duy Đạt,3
tai-nghe-bluetooth-true-wireless-ava-freego-pt62?utm_flashsale=1,Tai nghe TWS AVA+ FreeGo PT62,Đặng Thanh,3
tai-nghe-bluetooth-true-wireless-ava-freego-pt62?utm_flashsale=1,Tai nghe TWS AVA+ FreeGo PT62,Kim Ngọc,4
tai-nghe-bluetooth-true-wireless-ava-freego-pt62?utm_flashsale=1,Tai nghe TWS AVA+ FreeGo PT62,Trần Phước Hậu,1
tai-nghe-bluetooth-true-wireless-ava-freego-pt62?utm_flashsale=1,Tai nghe TWS AVA+ FreeGo PT62,Nguyễn Nhật Hào,5
tai-nghe-bluetooth-true-wireless-ava-freego-pt62?utm_flashsale=1,Tai nghe TWS AVA+ FreeGo PT62,Trần Minh Toàn,1
tai-nghe-bluetooth-true-wireless-ava-freego-pt62?utm_flashsale=1,Tai nghe TWS AVA+ FreeGo PT62,Điêu Ngọc Dung,1
tai-nghe-bluetooth-true-wireless-ava-freego-pt62?utm_flashsale=1,Tai nghe TWS AVA+ FreeGo PT62,Thu Diệu,5
tai-nghe-bluetooth-true-wireless-ava-freego-pt62?utm_flashsale=1,Tai nghe TWS AVA+ FreeGo PT62,Ngọc Phương,4
tai-nghe-bluetooth-true-wireless-ava-freego-pt62?utm_flashsale=1,Tai nghe TWS AVA+ FreeGo PT62,Hồ Hoàng Tân,5
tai-nghe-bluetooth-true-wireless-ava-freego-pt62?utm_flashsale=1,Tai nghe TWS AVA+ FreeGo PT62,Hoàng Tân,5
tai-nghe-bluetooth-true-wireless-ava-freego-pt62?utm_flashsale=1,Tai nghe TWS AVA+ FreeGo PT62,Nguyễn Trí,4
tai-nghe-bluetooth-true-wireless-ava-freego-pt62?utm_flashsale=1,Tai nghe TWS AVA+ FreeGo PT62,Thuý,4
tai-nghe-bluetooth-true-wireless-ava-freego-pt62?utm_flashsale=1,Tai nghe TWS AVA+ FreeGo PT62,Công,4
tai-nghe-bluetooth-true-wireless-ava-freego-pt62?utm_flashsale=1,Tai nghe TWS AVA+ FreeGo PT62,Thien,4
tai-nghe-bluetooth-true-wireless-ava-freego-pt62?utm_flashsale=1,Tai nghe TWS AVA+ FreeGo PT62,Anh Tú,3
tai-nghe-bluetooth-true-wireless-ava-freego-pt62?utm_flashsale=1,Tai nghe TWS AVA+ FreeGo PT62,Trần Xuân Sơn,4
tai-nghe-bluetooth-true-wireless-ava-freego-pt62?utm_flashsale=1,Tai nghe TWS AVA+ FreeGo PT62,An,5
airpods-4-chong-on-mxp93,AirPods 4 (chống ồn),Danh Hàng,5
airpods-4-chong-on-mxp93,AirPods 4 (chống ồn),Bùi Văn Hiếu,2
airpods-4-chong-on-mxp93,AirPods 4 (chống ồn),Vũ Văn Cương,3
airpods-4-chong-on-mxp93,AirPods 4 (chống ồn),Huyen,1
airpods-4-chong-on-mxp93,AirPods 4 (chống ồn),Pham Minh Trong,3
airpods-4-chong-on-mxp93,AirPods 4 (chống ồn),Trinh Nguyen,3
airpods-4-chong-on-mxp93,AirPods 4 (chống ồn),Trường,5
airpods-4-chong-on-mxp93,AirPods 4 (chống ồn),Dương,1
airpods-4-chong-on-mxp93,AirPods 4 (chống ồn),Tún,4
airpods-4-chong-on-mxp93,AirPods 4 (chống ồn),Trần Thanh Hà,3
airpods-4-chong-on-mxp93,AirPods 4 (chống ồn),Bui Thanh Hai,2
airpods-4-chong-on-mxp93,AirPods 4 (chống ồn),Thảo,5
airpods-4-chong-on-mxp93,AirPods 4 (chống ồn),Lâm Văn Bá,5
tai-nghe-bluetooth-airpods-pro-gen-2-magsafe-charge-usb-c-apple-mtjv3,AirPods Pro Gen 2 (USB-C),Hoang,3
tai-nghe-bluetooth-airpods-pro-gen-2-magsafe-charge-usb-c-apple-mtjv3,AirPods Pro Gen 2 (USB-C),Dũng,5
tai-nghe-bluetooth-airpods-pro-gen-2-magsafe-charge-usb-c-apple-mtjv3,AirPods Pro Gen 2 (USB-C),Đoàn Văn Vũ,4
tai-nghe-bluetooth-airpods-pro-gen-2-magsafe-charge-usb-c-apple-mtjv3,AirPods Pro Gen 2 (USB-C),Nguyễn Nhựt Minh,5
tai-nghe-bluetooth-airpods-pro-gen-2-magsafe-charge-usb-c-apple-mtjv3,AirPods Pro Gen 2 (USB-C),Phát,5
tai-nghe-bluetooth-airpods-pro-gen-2-magsafe-charge-usb-c-apple-mtjv3,AirPods Pro Gen 2 (USB-C),Nguyễn Huy Hùng,1
tai-nghe-bluetooth-airpods-pro-gen-2-magsafe-charge-usb-c-apple-mtjv3,AirPods Pro Gen 2 (USB-C),Huy,3
tai-nghe-bluetooth-airpods-pro-gen-2-magsafe-charge-usb-c-apple-mtjv3,AirPods Pro Gen 2 (USB-C),Trần Nghĩa,5
tai-nghe-bluetooth-airpods-pro-gen-2-magsafe-charge-usb-c-apple-mtjv3,AirPods Pro Gen 2 (USB-C),Hiệp,5
tai-nghe-bluetooth-airpods-pro-gen-2-magsafe-charge-usb-c-apple-mtjv3,AirPods Pro Gen 2 (USB-C),Bùi Văn Ba,2
tai-nghe-bluetooth-airpods-pro-gen-2-magsafe-charge-usb-c-apple-mtjv3,AirPods Pro Gen 2 (USB-C),Trần Trọng Thắng,5
tai-nghe-bluetooth-airpods-pro-gen-2-magsafe-charge-usb-c-apple-mtjv3,AirPods Pro Gen 2 (USB-C),Trang Thái Trầm,5
tai-nghe-bluetooth-airpods-pro-gen-2-magsafe-charge-usb-c-apple-mtjv3,AirPods Pro Gen 2 (USB-C),Anh Vũ,4
tai-nghe-bluetooth-airpods-pro-gen-2-magsafe-charge-usb-c-apple-mtjv3,AirPods Pro Gen 2 (USB-C),Phạm Hoàng Mến,5
tai-nghe-bluetooth-airpods-pro-gen-2-magsafe-charge-usb-c-apple-mtjv3,AirPods Pro Gen 2 (USB-C),Nguyễn Thúy Huyền,5
tai-nghe-bluetooth-airpods-pro-gen-2-magsafe-charge-usb-c-apple-mtjv3,AirPods Pro Gen 2 (USB-C),Duy,1
tai-nghe-bluetooth-airpods-pro-gen-2-magsafe-charge-usb-c-apple-mtjv3,AirPods Pro Gen 2 (USB-C),Truc Le,4
tai-nghe-bluetooth-airpods-pro-gen-2-magsafe-charge-usb-c-apple-mtjv3,AirPods Pro Gen 2 (USB-C),Ngô Trọng Tân,5
tai-nghe-bluetooth-airpods-pro-gen-2-magsafe-charge-usb-c-apple-mtjv3,AirPods Pro Gen 2 (USB-C),Nguyễn Phú,3
tai-nghe-bluetooth-airpods-pro-gen-2-magsafe-charge-usb-c-apple-mtjv3,AirPods Pro Gen 2 (USB-C),NGUYỄN XUÂN ANH,3
tai-nghe-bluetooth-airpods-pro-gen-2-magsafe-charge-usb-c-apple-mtjv3,AirPods Pro Gen 2 (USB-C),Cảnh,3
tai-nghe-bluetooth-airpods-pro-gen-2-magsafe-charge-usb-c-apple-mtjv3,AirPods Pro Gen 2 (USB-C),NGUYỄN ĐỨC HIỀN,3
tai-nghe-bluetooth-airpods-pro-gen-2-magsafe-charge-usb-c-apple-mtjv3,AirPods Pro Gen 2 (USB-C),Triết,3
tai-nghe-bluetooth-airpods-pro-gen-2-magsafe-charge-usb-c-apple-mtjv3,AirPods Pro Gen 2 (USB-C),Anh Dũng,5
tai-nghe-bluetooth-airpods-pro-gen-2-magsafe-charge-usb-c-apple-mtjv3,AirPods Pro Gen 2 (USB-C),Lê Thị Thanh Lam,3
tai-nghe-bluetooth-airpods-pro-gen-2-magsafe-charge-usb-c-apple-mtjv3,AirPods Pro Gen 2 (USB-C),Anh Đạt,5
tai-nghe-bluetooth-airpods-pro-gen-2-magsafe-charge-usb-c-apple-mtjv3,AirPods Pro Gen 2 (USB-C),Hồ Hải Thanh,4
tai-nghe-bluetooth-airpods-pro-gen-2-magsafe-charge-usb-c-apple-mtjv3,AirPods Pro Gen 2 (USB-C),Phan Chức,5
tai-nghe-bluetooth-airpods-pro-gen-2-magsafe-charge-usb-c-apple-mtjv3,AirPods Pro Gen 2 (USB-C),Nguyễn Xuân Lực,4
tai-nghe-bluetooth-airpods-pro-gen-2-magsafe-charge-usb-c-apple-mtjv3,AirPods Pro Gen 2 (USB-C),Lê Minh Hiếu,5
tai-nghe-bluetooth-airpods-pro-gen-2-magsafe-charge-usb-c-apple-mtjv3,AirPods Pro Gen 2 (USB-C),Hồ Bảo Sơn,4
tai-nghe-bluetooth-airpods-pro-gen-2-magsafe-charge-usb-c-apple-mtjv3,AirPods Pro Gen 2 (USB-C),Nguyen Dan,5
tai-nghe-bluetooth-airpods-pro-gen-2-magsafe-charge-usb-c-apple-mtjv3,AirPods Pro Gen 2 (USB-C),Trần Lê Quốc Minh,5
tai-nghe-bluetooth-airpods-pro-gen-2-magsafe-charge-usb-c-apple-mtjv3,AirPods Pro Gen 2 (USB-C),TRƯƠNG QUANG NGHĨA,4
tai-nghe-bluetooth-airpods-pro-gen-2-magsafe-charge-usb-c-apple-mtjv3,AirPods Pro Gen 2 (USB-C),Lê Quốc Việt,5
tai-nghe-bluetooth-airpods-pro-gen-2-magsafe-charge-usb-c-apple-mtjv3,AirPods Pro Gen 2 (USB-C),Phạm Ngọc Tuân,5
tai-nghe-bluetooth-airpods-pro-gen-2-magsafe-charge-usb-c-apple-mtjv3,AirPods Pro Gen 2 (USB-C),Dương Thị Huyền Trang,5
tai-nghe-bluetooth-airpods-pro-gen-2-magsafe-charge-usb-c-apple-mtjv3,AirPods Pro Gen 2 (USB-C),Chú Kiệt,4
tai-nghe-bluetooth-airpods-pro-gen-2-magsafe-charge-usb-c-apple-mtjv3,AirPods Pro Gen 2 (USB-C),Vũ Mạnh Quỳnh,4
tai-nghe-bluetooth-airpods-pro-gen-2-magsafe-charge-usb-c-apple-mtjv3,AirPods Pro Gen 2 (USB-C),CÔNG TY CỔ PHẦN ĐẦU TƯ GIẢI PHÁP XANH KHÔI NGUYÊN,4
tai-nghe-bluetooth-airpods-pro-gen-2-magsafe-charge-usb-c-apple-mtjv3,AirPods Pro Gen 2 (USB-C),Mai Trần Nguyên,5
tai-nghe-bluetooth-airpods-pro-gen-2-magsafe-charge-usb-c-apple-mtjv3,AirPods Pro Gen 2 (USB-C),PHAN THANH TUẤN,4
tai-nghe-bluetooth-airpods-pro-gen-2-magsafe-charge-usb-c-apple-mtjv3,AirPods Pro Gen 2 (USB-C),ĐỖ VĂN ĐOÀI,5
tai-nghe-bluetooth-airpods-pro-gen-2-magsafe-charge-usb-c-apple-mtjv3,AirPods Pro Gen 2 (USB-C),Anh Kiên,5
tai-nghe-bluetooth-airpods-pro-gen-2-magsafe-charge-usb-c-apple-mtjv3,AirPods Pro Gen 2 (USB-C),Kien,1
tai-nghe-bluetooth-airpods-pro-gen-2-magsafe-charge-usb-c-apple-mtjv3,AirPods Pro Gen 2 (USB-C),Bùi Phi Long,5
tai-nghe-bluetooth-true-wireless-ava-buds-life-rider-gt09?utm_flashsale=1,Tai nghe TWS AVA+ Buds Life Rider GT09,Dũng,3
tai-nghe-bluetooth-true-wireless-ava-buds-life-rider-gt09?utm_flashsale=1,Tai nghe TWS AVA+ Buds Life Rider GT09,Quy,2
tai-nghe-bluetooth-true-wireless-ava-buds-life-rider-gt09?utm_flashsale=1,Tai nghe TWS AVA+ Buds Life Rider GT09,DUNG,4
tai-nghe-bluetooth-true-wireless-ava-buds-life-rider-gt09?utm_flashsale=1,Tai nghe TWS AVA+ Buds Life Rider GT09,Tham,5
tai-nghe-bluetooth-true-wireless-ava-buds-life-rider-gt09?utm_flashsale=1,Tai nghe TWS AVA+ Buds Life Rider GT09,Trương Thanh Cảnh,4
tai-nghe-bluetooth-true-wireless-ava-buds-life-rider-gt09?utm_flashsale=1,Tai nghe TWS AVA+ Buds Life Rider GT09,Tinhanh,5
tai-nghe-tws-havit-tw986,Tai nghe TWS Havit TW986,Nguyễn Văn Thưởng,1
tai-nghe-tws-havit-tw986,Tai nghe TWS Havit TW986,Ngọ Xuân Lợi,1
tai-nghe-tws-havit-tw986,Tai nghe TWS Havit TW986,Tình,3
tai-nghe-tws-havit-tw986,Tai nghe TWS Havit TW986,Đỗ Mạnh,2
tai-nghe-tws-havit-tw986,Tai nghe TWS Havit TW986,Quân,2
tai-nghe-tws-havit-tw986,Tai nghe TWS Havit TW986,Nguyễn Xuân Tiền,3
tai-nghe-tws-havit-tw986,Tai nghe TWS Havit TW986,Phạm Văn Thái,1
tai-nghe-tws-havit-tw986,Tai nghe TWS Havit TW986,Phượng,1
tai-nghe-tws-havit-tw986,Tai nghe TWS Havit TW986,Hoa Anh,5
tai-nghe-tws-havit-tw986,Tai nghe TWS Havit TW986,Phạm Thuỳ Trang,5
tai-nghe-tws-havit-tw986,Tai nghe TWS Havit TW986,A Thịnh,3
tai-nghe-bluetooth-true-wireless-ava-freego-w26?utm_flashsale=1,Tai nghe TWS AVA+ FreeGo W26,Nguyễn Bạch Cẩm Tú,4
tai-nghe-bluetooth-true-wireless-ava-freego-w26?utm_flashsale=1,Tai nghe TWS AVA+ FreeGo W26,Thái,1
tai-nghe-bluetooth-true-wireless-ava-freego-w26?utm_flashsale=1,Tai nghe TWS AVA+ FreeGo W26,Nghĩa,5
tai-nghe-bluetooth-true-wireless-ava-freego-w26?utm_flashsale=1,Tai nghe TWS AVA+ FreeGo W26,Lâm Bảo Tường Vy,3
tai-nghe-bluetooth-true-wireless-ava-freego-w26?utm_flashsale=1,Tai nghe TWS AVA+ FreeGo W26,Nguyen Thi Ut,2
tai-nghe-bluetooth-true-wireless-ava-freego-w26?utm_flashsale=1,Tai nghe TWS AVA+ FreeGo W26,Đinh Văn Cường,3
tai-nghe-bluetooth-true-wireless-ava-freego-w26?utm_flashsale=1,Tai nghe TWS AVA+ FreeGo W26,Nguyễn Trọng Tính,4
tai-nghe-bluetooth-true-wireless-ava-freego-w26?utm_flashsale=1,Tai nghe TWS AVA+ FreeGo W26,Nhật Trung,5
tai-nghe-bluetooth-true-wireless-ava-freego-w26?utm_flashsale=1,Tai nghe TWS AVA+ FreeGo W26,Vũ Minh Long,2
tai-nghe-bluetooth-true-wireless-ava-freego-w26?utm_flashsale=1,Tai nghe TWS AVA+ FreeGo W26,Pyang,4
tai-nghe-bluetooth-true-wireless-ava-freego-w26?utm_flashsale=1,Tai nghe TWS AVA+ FreeGo W26,Đức,4
tai-nghe-bluetooth-true-wireless-ava-freego-w26?utm_flashsale=1,Tai nghe TWS AVA+ FreeGo W26,Nguyễn Ngọc Thiện,4
tai-nghe-bluetooth-true-wireless-ava-freego-w26?utm_flashsale=1,Tai nghe TWS AVA+ FreeGo W26,Song,3
tai-nghe-bluetooth-true-wireless-ava-freego-w26?utm_flashsale=1,Tai nghe TWS AVA+ FreeGo W26,Phòng Cá Kiệt,2
tai-nghe-bluetooth-true-wireless-ava-freego-w26?utm_flashsale=1,Tai nghe TWS AVA+ FreeGo W26,Nguyễn Hoàng Tuấn,2
tai-nghe-bluetooth-true-wireless-ava-freego-w26?utm_flashsale=1,Tai nghe TWS AVA+ FreeGo W26,Tiêu Nhật Vinh,5
tai-nghe-bluetooth-true-wireless-ava-freego-w26?utm_flashsale=1,Tai nghe TWS AVA+ FreeGo W26,Nguyễn Thị Thuỳ Trâm,2
tai-nghe-bluetooth-true-wireless-ava-freego-w26?utm_flashsale=1,Tai nghe TWS AVA+ FreeGo W26,Gia Huy,5
tai-nghe-bluetooth-true-wireless-ava-freego-w26?utm_flashsale=1,Tai nghe TWS AVA+ FreeGo W26,Tiến,2
tai-nghe-bluetooth-true-wireless-ava-freego-w26?utm_flashsale=1,Tai nghe TWS AVA+ FreeGo W26,Hải,5
tai-nghe-bluetooth-true-wireless-ava-freego-w26?utm_flashsale=1,Tai nghe TWS AVA+ FreeGo W26,Xuân Hoa,5
tai-nghe-bluetooth-true-wireless-ava-freego-w26?utm_flashsale=1,Tai nghe TWS AVA+ FreeGo W26,Ngô Ngọc Minh,1
tai-nghe-bluetooth-true-wireless-ava-freego-w26?utm_flashsale=1,Tai nghe TWS AVA+ FreeGo W26,Bình Anh,2
tai-nghe-bluetooth-true-wireless-ava-freego-w26?utm_flashsale=1,Tai nghe TWS AVA+ FreeGo W26,Trúc,3
tai-nghe-bluetooth-true-wireless-ava-freego-w26?utm_flashsale=1,Tai nghe TWS AVA+ FreeGo W26,Trần Phước Hậu,3
tai-nghe-bluetooth-true-wireless-ava-freego-w26?utm_flashsale=1,Tai nghe TWS AVA+ FreeGo W26,Nguyễn Tuấn Dũng,5
tai-nghe-bluetooth-true-wireless-ava-freego-w26?utm_flashsale=1,Tai nghe TWS AVA+ FreeGo W26,Gia Khải,5
tai-nghe-bluetooth-true-wireless-ava-freego-w26?utm_flashsale=1,Tai nghe TWS AVA+ FreeGo W26,Vu,5
tai-nghe-bluetooth-true-wireless-ava-freego-w26?utm_flashsale=1,Tai nghe TWS AVA+ FreeGo W26,Luật Lê,3
tai-nghe-bluetooth-true-wireless-ava-freego-w26?utm_flashsale=1,Tai nghe TWS AVA+ FreeGo W26,VÕ THỊ NGỌC THUÝ,3
tai-nghe-bluetooth-true-wireless-ava-freego-w26?utm_flashsale=1,Tai nghe TWS AVA+ FreeGo W26,Mai Kiến Nguyên,3
tai-nghe-bluetooth-true-wireless-ava-freego-w26?utm_flashsale=1,Tai nghe TWS AVA+ FreeGo W26,Đỗ Khoa Trường,3
tai-nghe-bluetooth-true-wireless-ava-freego-w26?utm_flashsale=1,Tai nghe TWS AVA+ FreeGo W26,Nguyễn Thành Lợi,5
tai-nghe-bluetooth-true-wireless-ava-freego-w26?utm_flashsale=1,Tai nghe TWS AVA+ FreeGo W26,Nguyễn Công Thành,5
tai-nghe-bluetooth-true-wireless-ava-freego-w26?utm_flashsale=1,Tai nghe TWS AVA+ FreeGo W26,Thắng,5
tai-nghe-bluetooth-true-wireless-ava-freego-w26?utm_flashsale=1,Tai nghe TWS AVA+ FreeGo W26,Đức Thiên,4
tai-nghe-bluetooth-true-wireless-ava-freego-w26?utm_flashsale=1,Tai nghe TWS AVA+ FreeGo W26,Thế Vũ,5
tai-nghe-bluetooth-true-wireless-ava-freego-w26?utm_flashsale=1,Tai nghe TWS AVA+ FreeGo W26,A Hậu,5
tai-nghe-bluetooth-true-wireless-ava-freego-w26?utm_flashsale=1,Tai nghe TWS AVA+ FreeGo W26,Mình Suốt,5
tai-nghe-bluetooth-true-wireless-ava-freego-w26?utm_flashsale=1,Tai nghe TWS AVA+ FreeGo W26,Thịnh,5
tai-nghe-bluetooth-true-wireless-ava-freego-w26?utm_flashsale=1,Tai nghe TWS AVA+ FreeGo W26,NGUYEN PHUC,1
tai-nghe-bluetooth-true-wireless-ava-freego-w26?utm_flashsale=1,Tai nghe TWS AVA+ FreeGo W26,Nguyen Van Phuc,5
tai-nghe-bluetooth-true-wireless-ava-freego-w26?utm_flashsale=1,Tai nghe TWS AVA+ FreeGo W26,Võ Thanh Nhựt,5
tai-nghe-bluetooth-true-wireless-ava-freego-w26?utm_flashsale=1,Tai nghe TWS AVA+ FreeGo W26,Nguyễn Hải Duy,3
tai-nghe-bluetooth-true-wireless-ava-freego-w26?utm_flashsale=1,Tai nghe TWS AVA+ FreeGo W26,Nhóc,5
tai-nghe-bluetooth-true-wireless-ava-freego-w26?utm_flashsale=1,Tai nghe TWS AVA+ FreeGo W26,Nguyễn Thùy Dương,1
tai-nghe-bluetooth-true-wireless-ava-freego-w26?utm_flashsale=1,Tai nghe TWS AVA+ FreeGo W26,Huỳnh Quốc Vương,3
tai-nghe-bluetooth-true-wireless-ava-freego-w26?utm_flashsale=1,Tai nghe TWS AVA+ FreeGo W26,Phạm Hà Hùng Lâm,3
tai-nghe-bluetooth-true-wireless-ava-freego-w26?utm_flashsale=1,Tai nghe TWS AVA+ FreeGo W26,Lê Văn Huy,3
tai-nghe-bluetooth-true-wireless-ava-freego-w26?utm_flashsale=1,Tai nghe TWS AVA+ FreeGo W26,Anh Đông,2
tai-nghe-bluetooth-true-wireless-ava-freego-w26?utm_flashsale=1,Tai nghe TWS AVA+ FreeGo W26,Quách Việt Anh,5
tai-nghe-bluetooth-true-wireless-ava-freego-w26?utm_flashsale=1,Tai nghe TWS AVA+ FreeGo W26,Hàn Thị Hằng,5
tai-nghe-bluetooth-true-wireless-ava-freego-w26?utm_flashsale=1,Tai nghe TWS AVA+ FreeGo W26,Phạm Quốc Cường,3
tai-nghe-bluetooth-true-wireless-ava-freego-w26?utm_flashsale=1,Tai nghe TWS AVA+ FreeGo W26,Huỳnh Phú,5
tai-nghe-bluetooth-true-wireless-ava-freego-w26?utm_flashsale=1,Tai nghe TWS AVA+ FreeGo W26,Nguyễn Văn Pháp,1
tai-nghe-bluetooth-true-wireless-ava-freego-w26?utm_flashsale=1,Tai nghe TWS AVA+ FreeGo W26,Sơn,2
tai-nghe-bluetooth-true-wireless-ava-freego-w26?utm_flashsale=1,Tai nghe TWS AVA+ FreeGo W26,TRẦN HỮU HUY,2
tai-nghe-bluetooth-true-wireless-ava-freego-w26?utm_flashsale=1,Tai nghe TWS AVA+ FreeGo W26,Nguyễn Thị Thương,4
tai-nghe-bluetooth-true-wireless-ava-freego-w26?utm_flashsale=1,Tai nghe TWS AVA+ FreeGo W26,Nguyễn Văn Đầy,5
tai-nghe-bluetooth-true-wireless-ava-freego-w26?utm_flashsale=1,Tai nghe TWS AVA+ FreeGo W26,Diện,4
tai-nghe-bluetooth-true-wireless-ava-freego-w26?utm_flashsale=1,Tai nghe TWS AVA+ FreeGo W26,Em Trúc,3
tai-nghe-bluetooth-true-wireless-ava-freego-w26?utm_flashsale=1,Tai nghe TWS AVA+ FreeGo W26,Chị Linh,3
tai-nghe-bluetooth-true-wireless-ava-freego-w26?utm_flashsale=1,Tai nghe TWS AVA+ FreeGo W26,Sáng,4
tai-nghe-bluetooth-true-wireless-ava-freego-w26?utm_flashsale=1,Tai nghe TWS AVA+ FreeGo W26,Thành Long,2
tai-nghe-bluetooth-true-wireless-ava-freego-w26?utm_flashsale=1,Tai nghe TWS AVA+ FreeGo W26,Phạm Mai Gia Khang,5
tai-nghe-bluetooth-true-wireless-ava-freego-w26?utm_flashsale=1,Tai nghe TWS AVA+ FreeGo W26,Trần Văn Sệ,5
tai-nghe-bluetooth-true-wireless-ava-freego-w26?utm_flashsale=1,Tai nghe TWS AVA+ FreeGo W26,Anh Thắng,5
tai-nghe-bluetooth-true-wireless-ava-freego-w26?utm_flashsale=1,Tai nghe TWS AVA+ FreeGo W26,Khang,5
tai-nghe-bluetooth-true-wireless-ava-freego-w26?utm_flashsale=1,Tai nghe TWS AVA+ FreeGo W26,Trần Ngọc Đạt,5
tai-nghe-bluetooth-true-wireless-ava-freego-w26?utm_flashsale=1,Tai nghe TWS AVA+ FreeGo W26,NGUYỄN HỒNG NGOAN,5
tai-nghe-bluetooth-true-wireless-ava-freego-w26?utm_flashsale=1,Tai nghe TWS AVA+ FreeGo W26,Nguyễn Hải Đăng,1
tai-nghe-bluetooth-true-wireless-ava-freego-w26?utm_flashsale=1,Tai nghe TWS AVA+ FreeGo W26,Anh Tuân,2
tai-nghe-bluetooth-true-wireless-ava-freego-w26?utm_flashsale=1,Tai nghe TWS AVA+ FreeGo W26,Kim Nhien,1
tai-nghe-bluetooth-true-wireless-ava-freego-w26?utm_flashsale=1,Tai nghe TWS AVA+ FreeGo W26,TÔ VĂN CHIẾN,3
tai-nghe-bluetooth-true-wireless-ava-freego-w26?utm_flashsale=1,Tai nghe TWS AVA+ FreeGo W26,Hiếu,4
tai-nghe-bluetooth-true-wireless-ava-freego-w26?utm_flashsale=1,Tai nghe TWS AVA+ FreeGo W26,Trần Quang Diện,3
tai-nghe-bluetooth-true-wireless-ava-freego-w26?utm_flashsale=1,Tai nghe TWS AVA+ FreeGo W26,Minh Hoa,3
tai-nghe-bluetooth-true-wireless-ava-freego-w26?utm_flashsale=1,Tai nghe TWS AVA+ FreeGo W26,Vũ Nguyên,4
tai-nghe-bluetooth-true-wireless-ava-freego-w26?utm_flashsale=1,Tai nghe TWS AVA+ FreeGo W26,Hiếu Nguyễn,3
tai-nghe-bluetooth-true-wireless-ava-freego-w26?utm_flashsale=1,Tai nghe TWS AVA+ FreeGo W26,Rmah Nem,5
tai-nghe-bluetooth-true-wireless-ava-freego-w26?utm_flashsale=1,Tai nghe TWS AVA+ FreeGo W26,Hiệp,5
tai-nghe-bluetooth-true-wireless-ava-freego-w26?utm_flashsale=1,Tai nghe TWS AVA+ FreeGo W26,QUÁCH HƯỚNG TINH,2
tai-nghe-bluetooth-true-wireless-ava-freego-w26?utm_flashsale=1,Tai nghe TWS AVA+ FreeGo W26,Nguyễn Bá Thụ,4
tai-nghe-bluetooth-true-wireless-ava-freego-w26?utm_flashsale=1,Tai nghe TWS AVA+ FreeGo W26,Phạm Thái Châu,5
tai-nghe-bluetooth-true-wireless-ava-freego-w26?utm_flashsale=1,Tai nghe TWS AVA+ FreeGo W26,Trần Võ Kha Ly,3
tai-nghe-bluetooth-true-wireless-ava-freego-w26?utm_flashsale=1,Tai nghe TWS AVA+ FreeGo W26,Nguyễn Thành Nam,5
tai-nghe-bluetooth-true-wireless-ava-freego-w26?utm_flashsale=1,Tai nghe TWS AVA+ FreeGo W26,Lê Thị Minh Tâm,3
tai-nghe-bluetooth-true-wireless-ava-freego-w26?utm_flashsale=1,Tai nghe TWS AVA+ FreeGo W26,Trần Văn Sang,5
tai-nghe-bluetooth-true-wireless-ava-freego-w26?utm_flashsale=1,Tai nghe TWS AVA+ FreeGo W26,Nguyễn Lam Tuyền,2
tai-nghe-bluetooth-true-wireless-ava-freego-w26?utm_flashsale=1,Tai nghe TWS AVA+ FreeGo W26,Nguyen Minh Tri,5
tai-nghe-bluetooth-true-wireless-ava-freego-w26?utm_flashsale=1,Tai nghe TWS AVA+ FreeGo W26,Trương Văn Dũng,4
tai-nghe-bluetooth-true-wireless-ava-freego-w26?utm_flashsale=1,Tai nghe TWS AVA+ FreeGo W26,Thanh,3
tai-nghe-bluetooth-true-wireless-ava-freego-w26?utm_flashsale=1,Tai nghe TWS AVA+ FreeGo W26,Lê Thị Phương Trang,2
tai-nghe-bluetooth-true-wireless-ava-freego-w26?utm_flashsale=1,Tai nghe TWS AVA+ FreeGo W26,Hồ Công Tân,5
tai-nghe-bluetooth-true-wireless-ava-freego-w26?utm_flashsale=1,Tai nghe TWS AVA+ FreeGo W26,HOÀNG VĂN QUYẾT,5
tai-nghe-bluetooth-true-wireless-ava-freego-w26?utm_flashsale=1,Tai nghe TWS AVA+ FreeGo W26,Pham Vu Gia Huy,1
tai-nghe-bluetooth-true-wireless-ava-freego-w26?utm_flashsale=1,Tai nghe TWS AVA+ FreeGo W26,C Hường,1
tai-nghe-bluetooth-true-wireless-ava-freego-w26?utm_flashsale=1,Tai nghe TWS AVA+ FreeGo W26,Linh,5
tai-nghe-bluetooth-true-wireless-ava-freego-w26?utm_flashsale=1,Tai nghe TWS AVA+ FreeGo W26,Nguyễn Thành Nam,5
tai-nghe-bluetooth-true-wireless-ava-freego-w26?utm_flashsale=1,Tai nghe TWS AVA+ FreeGo W26,Văn Khôi,5
tai-nghe-bluetooth-true-wireless-ava-freego-w26?utm_flashsale=1,Tai nghe TWS AVA+ FreeGo W26,Nhiều,5
tai-nghe-bluetooth-true-wireless-ava-freego-w26?utm_flashsale=1,Tai nghe TWS AVA+ FreeGo W26,Anh Dự,5
tai-nghe-bluetooth-true-wireless-ava-freego-w26?utm_flashsale=1,Tai nghe TWS AVA+ FreeGo W26,Nguyễn Loan,5
tai-nghe-bluetooth-true-wireless-ava-freego-w26?utm_flashsale=1,Tai nghe TWS AVA+ FreeGo W26,Đặng Minh Tâm,5
tai-nghe-bluetooth-true-wireless-ava-freego-w26?utm_flashsale=1,Tai nghe TWS AVA+ FreeGo W26,Dương Thanh Châu,3
tai-nghe-bluetooth-true-wireless-ava-freego-w26?utm_flashsale=1,Tai nghe TWS AVA+ FreeGo W26,Viết Lãm,5
tai-nghe-bluetooth-true-wireless-ava-freego-w26?utm_flashsale=1,Tai nghe TWS AVA+ FreeGo W26,Tien,4
tai-nghe-bluetooth-true-wireless-ava-freego-w26?utm_flashsale=1,Tai nghe TWS AVA+ FreeGo W26,Thắng,3
tai-nghe-bluetooth-true-wireless-ava-freego-w26?utm_flashsale=1,Tai nghe TWS AVA+ FreeGo W26,Diện,5
tai-nghe-bluetooth-true-wireless-ava-freego-w26?utm_flashsale=1,Tai nghe TWS AVA+ FreeGo W26,Anh Lộc,2
tai-nghe-bluetooth-true-wireless-ava-freego-w26?utm_flashsale=1,Tai nghe TWS AVA+ FreeGo W26,Hoàng Đình Thiết,4
tai-nghe-bluetooth-true-wireless-ava-freego-w26?utm_flashsale=1,Tai nghe TWS AVA+ FreeGo W26,Nguyễn Thành Luân,1
tai-nghe-bluetooth-true-wireless-ava-freego-w26?utm_flashsale=1,Tai nghe TWS AVA+ FreeGo W26,Anh Trung,5
tai-nghe-bluetooth-true-wireless-ava-freego-w26?utm_flashsale=1,Tai nghe TWS AVA+ FreeGo W26,Nguyễn Thị Mỹ Linh,5
tai-nghe-bluetooth-true-wireless-ava-freego-w26?utm_flashsale=1,Tai nghe TWS AVA+ FreeGo W26,Nguyen Hoang Bao My,5
tai-nghe-bluetooth-true-wireless-ava-freego-w26?utm_flashsale=1,Tai nghe TWS AVA+ FreeGo W26,Huỳnh Thị Gấm,5
tai-nghe-bluetooth-true-wireless-ava-freego-w26?utm_flashsale=1,Tai nghe TWS AVA+ FreeGo W26,NGUYEN PHUC QUANG VINH,5
tai-nghe-bluetooth-true-wireless-ava-freego-w26?utm_flashsale=1,Tai nghe TWS AVA+ FreeGo W26,Chị Thùy,5
tai-nghe-bluetooth-true-wireless-ava-freego-w26?utm_flashsale=1,Tai nghe TWS AVA+ FreeGo W26,Nguyễn Thị Ngọc Yến,5
tai-nghe-bluetooth-true-wireless-ava-freego-w26?utm_flashsale=1,Tai nghe TWS AVA+ FreeGo W26,Chị Kim,5
tai-nghe-bluetooth-true-wireless-ava-freego-w26?utm_flashsale=1,Tai nghe TWS AVA+ FreeGo W26,Nhiều,5
tai-nghe-bluetooth-true-wireless-ava-freego-w26?utm_flashsale=1,Tai nghe TWS AVA+ FreeGo W26,Anh Dự,5
tai-nghe-bluetooth-true-wireless-ava-freego-w26?utm_flashsale=1,Tai nghe TWS AVA+ FreeGo W26,Nguyễn Loan,5
tai-nghe-bluetooth-true-wireless-ava-freego-w26?utm_flashsale=1,Tai nghe TWS AVA+ FreeGo W26,Đặng Minh Tâm,5
tai-nghe-bluetooth-true-wireless-ava-freego-w26?utm_flashsale=1,Tai nghe TWS AVA+ FreeGo W26,Dương Thanh Châu,3
tai-nghe-bluetooth-true-wireless-ava-freego-w26?utm_flashsale=1,Tai nghe TWS AVA+ FreeGo W26,Viết Lãm,5
tai-nghe-bluetooth-true-wireless-ava-freego-w26?utm_flashsale=1,Tai nghe TWS AVA+ FreeGo W26,Tien,4
tai-nghe-bluetooth-true-wireless-ava-freego-w26?utm_flashsale=1,Tai nghe TWS AVA+ FreeGo W26,Thắng,3
tai-nghe-bluetooth-true-wireless-ava-freego-w26?utm_flashsale=1,Tai nghe TWS AVA+ FreeGo W26,Diện,5
tai-nghe-bluetooth-true-wireless-ava-freego-w26?utm_flashsale=1,Tai nghe TWS AVA+ FreeGo W26,Anh Lộc,2
tai-nghe-bluetooth-true-wireless-ava-freego-w26?utm_flashsale=1,Tai nghe TWS AVA+ FreeGo W26,Hoàng Đình Thiết,4
tai-nghe-bluetooth-true-wireless-ava-freego-w26?utm_flashsale=1,Tai nghe TWS AVA+ FreeGo W26,Nguyễn Thành Luân,1
tai-nghe-bluetooth-true-wireless-ava-freego-w26?utm_flashsale=1,Tai nghe TWS AVA+ FreeGo W26,Anh Trung,5
tai-nghe-bluetooth-true-wireless-ava-freego-w26?utm_flashsale=1,Tai nghe TWS AVA+ FreeGo W26,Nguyễn Thị Mỹ Linh,5
tai-nghe-bluetooth-true-wireless-ava-freego-w26?utm_flashsale=1,Tai nghe TWS AVA+ FreeGo W26,Nguyen Hoang Bao My,5
tai-nghe-bluetooth-true-wireless-ava-freego-w26?utm_flashsale=1,Tai nghe TWS AVA+ FreeGo W26,Huỳnh Thị Gấm,5
tai-nghe-bluetooth-true-wireless-ava-freego-w26?utm_flashsale=1,Tai nghe TWS AVA+ FreeGo W26,NGUYEN PHUC QUANG VINH,5
tai-nghe-bluetooth-true-wireless-ava-freego-w26?utm_flashsale=1,Tai nghe TWS AVA+ FreeGo W26,Chị Thùy,5
tai-nghe-bluetooth-true-wireless-ava-freego-w26?utm_flashsale=1,Tai nghe TWS AVA+ FreeGo W26,Nguyễn Thị Ngọc Yến,5
tai-nghe-bluetooth-true-wireless-ava-freego-w26?utm_flashsale=1,Tai nghe TWS AVA+ FreeGo W26,Chị Kim,5
tai-nghe-bluetooth-true-wireless-ava-freego-w26?utm_flashsale=1,Tai nghe TWS AVA+ FreeGo W26,Chị Ngọc,5
tai-nghe-bluetooth-chup-tai-havit-h662bt,Tai nghe Chụp Tai Havit H662BT,Nguyễn Duy Hiếu,3
tai-nghe-bluetooth-chup-tai-havit-h662bt,Tai nghe Chụp Tai Havit H662BT,Cong Nguyen,5
tai-nghe-bluetooth-chup-tai-havit-h662bt,Tai nghe Chụp Tai Havit H662BT,Lăng Kim Huy,5
tai-nghe-bluetooth-chup-tai-havit-h662bt,Tai nghe Chụp Tai Havit H662BT,Trần Gia Ân,4
tai-nghe-bluetooth-chup-tai-havit-h662bt,Tai nghe Chụp Tai Havit H662BT,Hiếu,5
tai-nghe-bluetooth-chup-tai-havit-h662bt,Tai nghe Chụp Tai Havit H662BT,Nguyễn Nghĩa,4
tai-nghe-bluetooth-chup-tai-havit-h662bt,Tai nghe Chụp Tai Havit H662BT,Huy,5
tai-nghe-bluetooth-chup-tai-havit-h662bt,Tai nghe Chụp Tai Havit H662BT,Sơn,4
tai-nghe-bluetooth-chup-tai-havit-h662bt,Tai nghe Chụp Tai Havit H662BT,Hồ Văn Hưng Thịnh,3
tai-nghe-bluetooth-chup-tai-havit-h662bt,Tai nghe Chụp Tai Havit H662BT,Hậu,5
tai-nghe-bluetooth-chup-tai-havit-h662bt,Tai nghe Chụp Tai Havit H662BT,A Dân,5
tai-nghe-bluetooth-chup-tai-havit-h662bt,Tai nghe Chụp Tai Havit H662BT,Công Minh,1
tai-nghe-bluetooth-chup-tai-havit-h662bt,Tai nghe Chụp Tai Havit H662BT,Nga,5
tai-nghe-bluetooth-chup-tai-havit-h662bt,Tai nghe Chụp Tai Havit H662BT,Anh Tuấn,2
tai-nghe-bluetooth-chup-tai-havit-h662bt,Tai nghe Chụp Tai Havit H662BT,Khương Duy,1
tai-nghe-bluetooth-chup-tai-havit-h662bt,Tai nghe Chụp Tai Havit H662BT,Anh Dũng,3
tai-nghe-bluetooth-chup-tai-havit-h662bt,Tai nghe Chụp Tai Havit H662BT,Ngô Thị Trân,3
tai-nghe-bluetooth-chup-tai-havit-h662bt,Tai nghe Chụp Tai Havit H662BT,Vinh,5
tai-nghe-bluetooth-chup-tai-havit-h662bt,Tai nghe Chụp Tai Havit H662BT,Dương Anh Kiệt,3
tai-nghe-bluetooth-chup-tai-havit-h662bt,Tai nghe Chụp Tai Havit H662BT,Vinh,5
tai-nghe-bluetooth-chup-tai-havit-h662bt,Tai nghe Chụp Tai Havit H662BT,Nguyễn Hoàng Đăng,5
tai-nghe-bluetooth-chup-tai-havit-h662bt,Tai nghe Chụp Tai Havit H662BT,Hữu Nhơn,4
tai-nghe-bluetooth-chup-tai-havit-h662bt,Tai nghe Chụp Tai Havit H662BT,Trân,5
tai-nghe-bluetooth-chup-tai-havit-h662bt,Tai nghe Chụp Tai Havit H662BT,Trang,3
tai-nghe-bluetooth-chup-tai-havit-h662bt,Tai nghe Chụp Tai Havit H662BT,Phạm Tấn Ngữ,3
tai-nghe-bluetooth-chup-tai-havit-h662bt,Tai nghe Chụp Tai Havit H662BT,Khoa,2
tai-nghe-bluetooth-chup-tai-havit-h662bt,Tai nghe Chụp Tai Havit H662BT,Nguyễn Văn Quyết,3
tai-nghe-bluetooth-chup-tai-havit-h662bt,Tai nghe Chụp Tai Havit H662BT,Nguyễn Thiên Phúc,5
tai-nghe-bluetooth-chup-tai-havit-h662bt,Tai nghe Chụp Tai Havit H662BT,Anh Lộc,5
tai-nghe-bluetooth-chup-tai-havit-h662bt,Tai nghe Chụp Tai Havit H662BT,Nguyễn Đình Sơn,1
tai-nghe-bluetooth-chup-tai-havit-h662bt,Tai nghe Chụp Tai Havit H662BT,Nguyễn Trần Nhật Minh,4
tai-nghe-bluetooth-chup-tai-havit-h662bt,Tai nghe Chụp Tai Havit H662BT,Mai Phuong,5
tai-nghe-bluetooth-chup-tai-havit-h662bt,Tai nghe Chụp Tai Havit H662BT,Thảo,4
tai-nghe-bluetooth-chup-tai-havit-h662bt,Tai nghe Chụp Tai Havit H662BT,Ngô Duy Khánh,5
tai-nghe-bluetooth-chup-tai-havit-h662bt,Tai nghe Chụp Tai Havit H662BT,Huỳnh Thị Thu Hạ,4
tai-nghe-bluetooth-chup-tai-havit-h662bt,Tai nghe Chụp Tai Havit H662BT,N,5
tai-nghe-bluetooth-chup-tai-havit-h662bt,Tai nghe Chụp Tai Havit H662BT,Nguyễn Xuân Vũ,5
tai-nghe-bluetooth-chup-tai-havit-h662bt,Tai nghe Chụp Tai Havit H662BT,Than Thi Quynh Trang,5
tai-nghe-bluetooth-chup-tai-havit-h662bt,Tai nghe Chụp Tai Havit H662BT,Đặng Thị Hồng Ngọc,3
tai-nghe-bluetooth-chup-tai-havit-h662bt,Tai nghe Chụp Tai Havit H662BT,Thanh Nguyen,5
tai-nghe-bluetooth-chup-tai-havit-h662bt,Tai nghe Chụp Tai Havit H662BT,Nhi,4
tai-nghe-bluetooth-chup-tai-havit-h662bt,Tai nghe Chụp Tai Havit H662BT,Vãng Ngọc Phương Trinh,5
tai-nghe-bluetooth-chup-tai-havit-h662bt,Tai nghe Chụp Tai Havit H662BT,Trâm,5
tai-nghe-bluetooth-chup-tai-havit-h662bt,Tai nghe Chụp Tai Havit H662BT,Nguyễn Thanh Nhu,5
tai-nghe-bluetooth-chup-tai-havit-h662bt,Tai nghe Chụp Tai Havit H662BT,Nguyễn Đức Duy,4
tai-nghe-bluetooth-chup-tai-havit-h662bt,Tai nghe Chụp Tai Havit H662BT,Đào Xuân Tài,4
tai-nghe-bluetooth-chup-tai-havit-h662bt,Tai nghe Chụp Tai Havit H662BT,Nguyễn Thị Nhung,4
tai-nghe-bluetooth-chup-tai-havit-h662bt,Tai nghe Chụp Tai Havit H662BT,Lê Trun Tín,5
tai-nghe-bluetooth-chup-tai-havit-h662bt,Tai nghe Chụp Tai Havit H662BT,Hùng,4
tai-nghe-bluetooth-open-ear-true-wireless-ava-freego-ows04,Tai nghe Open-Ear TWS AVA+ FreeGo OWS04,Hoàng Văn Thắng,5
tai-nghe-bluetooth-open-ear-true-wireless-ava-freego-ows04,Tai nghe Open-Ear TWS AVA+ FreeGo OWS04,Đinh Công Nhiên,5
tai-nghe-bluetooth-open-ear-true-wireless-ava-freego-ows04,Tai nghe Open-Ear TWS AVA+ FreeGo OWS04,Nguyễn Thị Thanh Xuân,4
tai-nghe-bluetooth-chup-tai-baseus-bass-35-max,Tai nghe Chụp Tai Baseus Bass 35 Max,Trần Công Khanh,1
tai-nghe-bluetooth-chup-tai-baseus-bass-35-max,Tai nghe Chụp Tai Baseus Bass 35 Max,Hoàng Lực,5
tai-nghe-bluetooth-chup-tai-baseus-bass-35-max,Tai nghe Chụp Tai Baseus Bass 35 Max,Nguyễn Cường,5
tai-nghe-bluetooth-chup-tai-baseus-bass-35-max,Tai nghe Chụp Tai Baseus Bass 35 Max,An Giang,5
tai-nghe-bluetooth-chup-tai-baseus-bass-35-max,Tai nghe Chụp Tai Baseus Bass 35 Max,Trần Thanh Bình,5
tai-nghe-bluetooth-chup-tai-baseus-bass-35-max,Tai nghe Chụp Tai Baseus Bass 35 Max,An,4
tai-nghe-bluetooth-chup-tai-baseus-bass-35-max,Tai nghe Chụp Tai Baseus Bass 35 Max,Luân,5
tai-nghe-bluetooth-chup-tai-baseus-bass-35-max,Tai nghe Chụp Tai Baseus Bass 35 Max,Lường Văn Hưởng,2
tai-nghe-bluetooth-chup-tai-baseus-bass-35-max,Tai nghe Chụp Tai Baseus Bass 35 Max,Nguyen Thi Bich Ngoc,5
tai-nghe-bluetooth-chup-tai-baseus-bass-35-max,Tai nghe Chụp Tai Baseus Bass 35 Max,Le Minh Tu,5
tai-nghe-bluetooth-chup-tai-baseus-bass-35-max,Tai nghe Chụp Tai Baseus Bass 35 Max,Tâm,5
tai-nghe-bluetooth-chup-tai-baseus-bass-35-max,Tai nghe Chụp Tai Baseus Bass 35 Max,Đinh Phong Hoàng,3
tai-nghe-bluetooth-chup-tai-baseus-bass-35-max,Tai nghe Chụp Tai Baseus Bass 35 Max,Nguyễn Quốc Việt,3
tai-nghe-bluetooth-chup-tai-baseus-bass-35-max,Tai nghe Chụp Tai Baseus Bass 35 Max,Lâm Thị Huy,5
tai-nghe-bluetooth-chup-tai-baseus-bass-35-max,Tai nghe Chụp Tai Baseus Bass 35 Max,Trần Phước Hiếu,5
tai-nghe-bluetooth-chup-tai-baseus-bass-35-max,Tai nghe Chụp Tai Baseus Bass 35 Max,Toàn,4
tai-nghe-bluetooth-chup-tai-baseus-bass-35-max,Tai nghe Chụp Tai Baseus Bass 35 Max,Lê Quang Nhật,5
tai-nghe-bluetooth-chup-tai-baseus-bass-35-max,Tai nghe Chụp Tai Baseus Bass 35 Max,Phong,5
tai-nghe-bluetooth-chup-tai-havit-h661bt,Tai nghe Chụp Tai Havit H661BT,Vũ Văn Dũng,3
tai-nghe-bluetooth-chup-tai-havit-h661bt,Tai nghe Chụp Tai Havit H661BT,Pham Ngoc Minh Quân,2
tai-nghe-bluetooth-chup-tai-havit-h661bt,Tai nghe Chụp Tai Havit H661BT,Kenny,3
tai-nghe-bluetooth-chup-tai-havit-h661bt,Tai nghe Chụp Tai Havit H661BT,Lê Nguyễn Toàn Năng,4
tai-nghe-bluetooth-chup-tai-havit-h661bt,Tai nghe Chụp Tai Havit H661BT,Vũ Trọng Nguyên Chương,3
tai-nghe-bluetooth-chup-tai-havit-h661bt,Tai nghe Chụp Tai Havit H661BT,NGUYỄN THỊ TUYẾT TRINH,5
tai-nghe-bluetooth-chup-tai-havit-h661bt,Tai nghe Chụp Tai Havit H661BT,Trung Trực,4
tai-nghe-bluetooth-chup-tai-havit-h661bt,Tai nghe Chụp Tai Havit H661BT,Võ Thuỳ Anh,2
tai-nghe-bluetooth-chup-tai-havit-h661bt,Tai nghe Chụp Tai Havit H661BT,Mona Zarita,5
tai-nghe-bluetooth-chup-tai-havit-h661bt,Tai nghe Chụp Tai Havit H661BT,Trần Vi Cường,5
tai-nghe-bluetooth-chup-tai-havit-h661bt,Tai nghe Chụp Tai Havit H661BT,Nguyễn Huyền,5
tai-nghe-bluetooth-chup-tai-havit-h661bt,Tai nghe Chụp Tai Havit H661BT,Bình,5
tai-nghe-bluetooth-chup-tai-havit-h661bt,Tai nghe Chụp Tai Havit H661BT,Đức,5
tai-nghe-bluetooth-chup-tai-havit-h661bt,Tai nghe Chụp Tai Havit H661BT,Đặng Duy Trọng,4
tai-nghe-bluetooth-chup-tai-havit-h661bt,Tai nghe Chụp Tai Havit H661BT,Dương Văn Định,4
tai-nghe-bluetooth-chup-tai-havit-h661bt,Tai nghe Chụp Tai Havit H661BT,Nguyễn Đức Tài,5
tai-nghe-bluetooth-chup-tai-havit-h661bt,Tai nghe Chụp Tai Havit H661BT,Tran Gia Huy,4
tai-nghe-bluetooth-chup-tai-havit-h661bt,Tai nghe Chụp Tai Havit H661BT,Duc,5
tai-nghe-bluetooth-chup-tai-havit-h661bt,Tai nghe Chụp Tai Havit H661BT,Uý,5
tai-nghe-bluetooth-chup-tai-havit-h661bt,Tai nghe Chụp Tai Havit H661BT,Bùi Vũ Đức Nghĩa,3
tai-nghe-bluetooth-chup-tai-havit-h661bt,Tai nghe Chụp Tai Havit H661BT,Hiền Trang,2
tai-nghe-bluetooth-chup-tai-havit-h661bt,Tai nghe Chụp Tai Havit H661BT,Nguyễn Thanh Nhàn,4
tai-nghe-bluetooth-chup-tai-havit-h661bt,Tai nghe Chụp Tai Havit H661BT,Vinh,5
tai-nghe-bluetooth-chup-tai-havit-h661bt,Tai nghe Chụp Tai Havit H661BT,Vương Văn Chi,4
tai-nghe-bluetooth-chup-tai-havit-h661bt,Tai nghe Chụp Tai Havit H661BT,Nguyễn Ngọc Hà,5
tai-nghe-bluetooth-chup-tai-havit-h661bt,Tai nghe Chụp Tai Havit H661BT,Chị Thi,4
tai-nghe-bluetooth-chup-tai-havit-h661bt,Tai nghe Chụp Tai Havit H661BT,Vu Thuy Duong,5
tai-nghe-bluetooth-chup-tai-havit-h661bt,Tai nghe Chụp Tai Havit H661BT,Tín,5
tai-nghe-bluetooth-chup-tai-havit-h661bt,Tai nghe Chụp Tai Havit H661BT,Hoàng,5
tai-nghe-bluetooth-chup-tai-havit-h661bt,Tai nghe Chụp Tai Havit H661BT,Bình,5
tai-nghe-bluetooth-chup-tai-havit-h661bt,Tai nghe Chụp Tai Havit H661BT,Nguyễn Hoàng Viênt,5
tai-nghe-bluetooth-chup-tai-havit-h661bt,Tai nghe Chụp Tai Havit H661BT,Lê Đức Minh,4
tai-nghe-bluetooth-chup-tai-havit-h661bt,Tai nghe Chụp Tai Havit H661BT,Gia Hưng,4
tai-nghe-bluetooth-true-wireless-rezo-rz09-anc?utm_flashsale=1,Tai nghe TWS Rezo RZ09 ANC,Huy,2
tai-nghe-bluetooth-true-wireless-rezo-rz09-anc?utm_flashsale=1,Tai nghe TWS Rezo RZ09 ANC,Van Cuong,3
tai-nghe-bluetooth-true-wireless-rezo-rz09-anc?utm_flashsale=1,Tai nghe TWS Rezo RZ09 ANC,Vy,2
tai-nghe-bluetooth-true-wireless-rezo-rz09-anc?utm_flashsale=1,Tai nghe TWS Rezo RZ09 ANC,Quang,4
tai-nghe-bluetooth-true-wireless-rezo-rz09-anc?utm_flashsale=1,Tai nghe TWS Rezo RZ09 ANC,Đào Ngọc Tuyền,5
tai-nghe-bluetooth-true-wireless-rezo-rz09-anc?utm_flashsale=1,Tai nghe TWS Rezo RZ09 ANC,Phong,5
tai-nghe-bluetooth-true-wireless-rezo-rz09-anc?utm_flashsale=1,Tai nghe TWS Rezo RZ09 ANC,Dương Hoàng Hải,5
tai-nghe-tws-xiaomi-redmi-buds-6,Tai nghe TWS Xiaomi Redmi Buds 6,Hung,2
tai-nghe-tws-xiaomi-redmi-buds-6,Tai nghe TWS Xiaomi Redmi Buds 6,Dano,5
tai-nghe-tws-xiaomi-redmi-buds-6,Tai nghe TWS Xiaomi Redmi Buds 6,Trần Minh Hà,2
tai-nghe-tws-xiaomi-redmi-buds-6,Tai nghe TWS Xiaomi Redmi Buds 6,Nguyễn Văn Hội,5
tai-nghe-tws-xiaomi-redmi-buds-6,Tai nghe TWS Xiaomi Redmi Buds 6,Cường,5
tai-nghe-tws-xiaomi-redmi-buds-6,Tai nghe TWS Xiaomi Redmi Buds 6,Minh,5
tai-nghe-open-ear-tws-ava-freego-ows800,Tai nghe Open-Ear TWS AVA+ FreeGo OWS800,Nguyễn Lưu Bảo Duy,5
tai-nghe-bluetooth-true-wireless-soundcore-r50i-a3959,Tai nghe TWS soundcore R50i NC A3959,Phạm Tiến,3
tai-nghe-bluetooth-true-wireless-soundcore-r50i-a3959,Tai nghe TWS soundcore R50i NC A3959,Nguyễn Giang,3
tai-nghe-bluetooth-true-wireless-soundcore-r50i-a3959,Tai nghe TWS soundcore R50i NC A3959,Trần Văn Huy,4
tai-nghe-bluetooth-true-wireless-soundcore-r50i-a3959,Tai nghe TWS soundcore R50i NC A3959,Nguyễn Văn Tuyển,5
tai-nghe-bluetooth-true-wireless-soundcore-r50i-a3959,Tai nghe TWS soundcore R50i NC A3959,Công,5
tai-nghe-bluetooth-true-wireless-soundcore-r50i-a3959,Tai nghe TWS soundcore R50i NC A3959,Nhựt,1
tai-nghe-bluetooth-true-wireless-soundcore-r50i-a3959,Tai nghe TWS soundcore R50i NC A3959,Tuấn,2
tai-nghe-bluetooth-true-wireless-soundcore-r50i-a3959,Tai nghe TWS soundcore R50i NC A3959,Thành Đạt,5
tai-nghe-bluetooth-true-wireless-soundcore-r50i-a3959,Tai nghe TWS soundcore R50i NC A3959,Lương Minh Tuấn,5
tai-nghe-bluetooth-true-wireless-soundcore-r50i-a3959,Tai nghe TWS soundcore R50i NC A3959,Phạm Tô Diễm,1
tai-nghe-bluetooth-true-wireless-soundcore-r50i-a3959,Tai nghe TWS soundcore R50i NC A3959,Sơn,5
tai-nghe-bluetooth-true-wireless-soundcore-r50i-a3959,Tai nghe TWS soundcore R50i NC A3959,Võ Luân,5
tai-nghe-bluetooth-true-wireless-soundcore-r50i-a3959,Tai nghe TWS soundcore R50i NC A3959,Khương,5
tai-nghe-bluetooth-true-wireless-soundcore-r50i-a3959,Tai nghe TWS soundcore R50i NC A3959,Đình Trung,5
tai-nghe-bluetooth-true-wireless-soundcore-r50i-a3959,Tai nghe TWS soundcore R50i NC A3959,Bắc,5
tai-nghe-bluetooth-chup-tai-jbl-tune-520bt,Tai nghe Chụp Tai JBL Tune 520BT,Hiếu,5
tai-nghe-bluetooth-chup-tai-jbl-tune-520bt,Tai nghe Chụp Tai JBL Tune 520BT,Hoàng,3
tai-nghe-bluetooth-chup-tai-jbl-tune-520bt,Tai nghe Chụp Tai JBL Tune 520BT,KHOA,5
tai-nghe-bluetooth-chup-tai-jbl-tune-520bt,Tai nghe Chụp Tai JBL Tune 520BT,Thu Nga,5
tai-nghe-bluetooth-chup-tai-jbl-tune-520bt,Tai nghe Chụp Tai JBL Tune 520BT,Mai,5
tai-nghe-bluetooth-chup-tai-jbl-tune-520bt,Tai nghe Chụp Tai JBL Tune 520BT,A Luân,4
tai-nghe-bluetooth-chup-tai-jbl-tune-520bt,Tai nghe Chụp Tai JBL Tune 520BT,Hồ Khánh Diệu,4
tai-nghe-bluetooth-chup-tai-jbl-tune-520bt,Tai nghe Chụp Tai JBL Tune 520BT,Nguyễn Tiến Quân,1
tai-nghe-bluetooth-chup-tai-jbl-tune-520bt,Tai nghe Chụp Tai JBL Tune 520BT,Lê Mạnh,1
tai-nghe-bluetooth-chup-tai-jbl-tune-520bt,Tai nghe Chụp Tai JBL Tune 520BT,Nguyễn Hoàng Phương Uyên,5
tai-nghe-bluetooth-chup-tai-jbl-tune-520bt,Tai nghe Chụp Tai JBL Tune 520BT,Lê Văn Hay,5
tai-nghe-bluetooth-chup-tai-jbl-tune-520bt,Tai nghe Chụp Tai JBL Tune 520BT,Chị Kim,4
tai-nghe-bluetooth-chup-tai-jbl-tune-520bt,Tai nghe Chụp Tai JBL Tune 520BT,Hưng,5
tai-nghe-bluetooth-chup-tai-jbl-tune-520bt,Tai nghe Chụp Tai JBL Tune 520BT,Nguyễn Quốc Kiệt,5
tai-nghe-bluetooth-chup-tai-jbl-tune-520bt,Tai nghe Chụp Tai JBL Tune 520BT,Fayaz,5
tai-nghe-bluetooth-chup-tai-jbl-tune-520bt,Tai nghe Chụp Tai JBL Tune 520BT,Lê Anh Tuấn Minh,5
tai-nghe-bluetooth-chup-tai-jbl-tune-520bt,Tai nghe Chụp Tai JBL Tune 520BT,Nguyễn Thị Ngọc Trâm,5
tai-nghe-bluetooth-chup-tai-jbl-tune-520bt,Tai nghe Chụp Tai JBL Tune 520BT,NGUYỄN ĐÌNH TRỌNG,4
tai-nghe-bluetooth-chup-tai-jbl-tune-520bt,Tai nghe Chụp Tai JBL Tune 520BT,Phạm Thiên Phú,5
tai-nghe-bluetooth-chup-tai-jbl-tune-520bt,Tai nghe Chụp Tai JBL Tune 520BT,Phạm Quốc Hùng,5
tai-nghe-bluetooth-chup-tai-jbl-tune-520bt,Tai nghe Chụp Tai JBL Tune 520BT,Hà Mai Dương,5
tai-nghe-bluetooth-chup-tai-jbl-tune-520bt,Tai nghe Chụp Tai JBL Tune 520BT,Anh,5
tai-nghe-bluetooth-chup-tai-jbl-tune-520bt,Tai nghe Chụp Tai JBL Tune 520BT,Nguyễn Tăng Hoài,5
tai-nghe-bluetooth-chup-tai-jbl-tune-520bt,Tai nghe Chụp Tai JBL Tune 520BT,Diện,5
tai-nghe-bluetooth-chup-tai-jbl-tune-520bt,Tai nghe Chụp Tai JBL Tune 520BT,Phạm Quốc Trung,1
tai-nghe-bluetooth-chup-tai-jbl-tune-520bt,Tai nghe Chụp Tai JBL Tune 520BT,Hồ Hải Thanh,4
tai-nghe-bluetooth-chup-tai-jbl-tune-520bt,Tai nghe Chụp Tai JBL Tune 520BT,A Nhân,5
tai-nghe-bluetooth-chup-tai-jbl-tune-520bt,Tai nghe Chụp Tai JBL Tune 520BT,Trần Vũ Việt,5
tai-nghe-bluetooth-chup-tai-jbl-tune-520bt,Tai nghe Chụp Tai JBL Tune 520BT,Trần Ngọc Hưng,5
tai-nghe-bluetooth-chup-tai-jbl-tune-520bt,Tai nghe Chụp Tai JBL Tune 520BT,Trần Gia Trực,5
tai-nghe-bluetooth-chup-tai-jbl-tune-520bt,Tai nghe Chụp Tai JBL Tune 520BT,Nguyễn Văn Hưởng,4
tai-nghe-bluetooth-chup-tai-jbl-tune-520bt,Tai nghe Chụp Tai JBL Tune 520BT,Trần Van Thanh,5
tai-nghe-bluetooth-chup-tai-jbl-tune-520bt,Tai nghe Chụp Tai JBL Tune 520BT,Anh Chi,5
tai-nghe-bluetooth-chup-tai-jbl-tune-520bt,Tai nghe Chụp Tai JBL Tune 520BT,Nguyễn Văn Chiến,4
tai-nghe-bluetooth-chup-tai-jbl-tune-520bt,Tai nghe Chụp Tai JBL Tune 520BT,Tú,4
tai-nghe-bluetooth-chup-tai-jbl-tune-520bt,Tai nghe Chụp Tai JBL Tune 520BT,Dung,4
tai-nghe-bluetooth-chup-tai-jbl-tune-520bt,Tai nghe Chụp Tai JBL Tune 520BT,Anh Quang,4
tai-nghe-bluetooth-chup-tai-jbl-tune-520bt,Tai nghe Chụp Tai JBL Tune 520BT,Lý Công Hữu Tuyên,5
tai-nghe-bluetooth-chup-tai-jbl-tune-520bt,Tai nghe Chụp Tai JBL Tune 520BT,NGÔ THỊ KIM NGỌC,5
tai-nghe-bluetooth-chup-tai-jbl-tune-520bt,Tai nghe Chụp Tai JBL Tune 520BT,Lân,5
tai-nghe-bluetooth-true-wireless-oppo-enco-air-4-etee1,Tai nghe TWS OPPO ENCO Air 4 ETEE1,Thoa,2
tai-nghe-bluetooth-true-wireless-oppo-enco-air-4-etee1,Tai nghe TWS OPPO ENCO Air 4 ETEE1,Nguyễn Ngọc Duẩn,2
tai-nghe-bluetooth-true-wireless-oppo-enco-air-4-etee1,Tai nghe TWS OPPO ENCO Air 4 ETEE1,Mạnh,2
tai-nghe-bluetooth-open-ear-tws-ava-freego-ows02?utm_flashsale=1,Tai nghe Open-Ear TWS AVA+ FreeGo OWS02,Lê Thị Phú,3
tai-nghe-bluetooth-open-ear-tws-ava-freego-ows02?utm_flashsale=1,Tai nghe Open-Ear TWS AVA+ FreeGo OWS02,Mai Phương,5
tai-nghe-bluetooth-open-ear-tws-ava-freego-ows02?utm_flashsale=1,Tai nghe Open-Ear TWS AVA+ FreeGo OWS02,Cao Thị Nông,3
tai-nghe-bluetooth-open-ear-tws-ava-freego-ows02?utm_flashsale=1,Tai nghe Open-Ear TWS AVA+ FreeGo OWS02,Thành,3
tai-nghe-bluetooth-open-ear-tws-ava-freego-ows02?utm_flashsale=1,Tai nghe Open-Ear TWS AVA+ FreeGo OWS02,Lê Thương,3
tai-nghe-bluetooth-open-ear-tws-ava-freego-ows02?utm_flashsale=1,Tai nghe Open-Ear TWS AVA+ FreeGo OWS02,Hoàng Chung,5
tai-nghe-bluetooth-true-wireless-havit-tw982-life-01t,Tai nghe TWS Havit TW982 Life 01T,ÂN,2
tai-nghe-bluetooth-true-wireless-havit-tw982-life-01t,Tai nghe TWS Havit TW982 Life 01T,Lối Tây,3
tai-nghe-bluetooth-true-wireless-havit-tw982-life-01t,Tai nghe TWS Havit TW982 Life 01T,Tuấn,1
tai-nghe-bluetooth-true-wireless-havit-tw982-life-01t,Tai nghe TWS Havit TW982 Life 01T,Hoang Hải,2
tai-nghe-bluetooth-true-wireless-havit-tw982-life-01t,Tai nghe TWS Havit TW982 Life 01T,Trần Sương,3
tai-nghe-bluetooth-true-wireless-havit-tw982-life-01t,Tai nghe TWS Havit TW982 Life 01T,Sầm Văn Thương,4
tai-nghe-bluetooth-true-wireless-havit-tw982-life-01t,Tai nghe TWS Havit TW982 Life 01T,Sơn,3
tai-nghe-bluetooth-true-wireless-havit-tw982-life-01t,Tai nghe TWS Havit TW982 Life 01T,Nguyễn Văn Trường,1
tai-nghe-bluetooth-true-wireless-havit-tw982-life-01t,Tai nghe TWS Havit TW982 Life 01T,Huân,1
tai-nghe-bluetooth-true-wireless-havit-tw982-life-01t,Tai nghe TWS Havit TW982 Life 01T,Gia Phú,1
tai-nghe-bluetooth-true-wireless-havit-tw982-life-01t,Tai nghe TWS Havit TW982 Life 01T,Châu Đăng Khoa,3
tai-nghe-bluetooth-true-wireless-havit-tw982-life-01t,Tai nghe TWS Havit TW982 Life 01T,Nhật,5
tai-nghe-bluetooth-chup-tai-havit-h667bt,Tai nghe Chụp Tai Havit H667BT,Phan Thanh Tuấn,2
tai-nghe-bluetooth-chup-tai-havit-h667bt,Tai nghe Chụp Tai Havit H667BT,Dương Trường,4
tai-nghe-bluetooth-chup-tai-havit-h667bt,Tai nghe Chụp Tai Havit H667BT,Nguyễn Văn Nam,1
tai-nghe-bluetooth-chup-tai-havit-h667bt,Tai nghe Chụp Tai Havit H667BT,Vũ Trường Sơn,5
tai-nghe-bluetooth-chup-tai-havit-h667bt,Tai nghe Chụp Tai Havit H667BT,Phùng Đức Dũng,5
tai-nghe-bluetooth-chup-tai-havit-h667bt,Tai nghe Chụp Tai Havit H667BT,Thanh Tuấn,4
tai-nghe-bluetooth-chup-tai-havit-h667bt,Tai nghe Chụp Tai Havit H667BT,Hồng,4
tai-nghe-bluetooth-chup-tai-havit-h667bt,Tai nghe Chụp Tai Havit H667BT,Nguyễn Hoàng Anh,4
tai-nghe-bluetooth-chup-tai-havit-h667bt,Tai nghe Chụp Tai Havit H667BT,Nhật Linh,3
tai-nghe-bluetooth-chup-tai-havit-h667bt,Tai nghe Chụp Tai Havit H667BT,Trần Hoàng Nguyên,5
tai-nghe-bluetooth-chup-tai-havit-h667bt,Tai nghe Chụp Tai Havit H667BT,Bùi Văn Tư,5
tai-nghe-bluetooth-chup-tai-havit-h667bt,Tai nghe Chụp Tai Havit H667BT,Tran Ngoc Dang,5
tai-nghe-bluetooth-chup-tai-havit-h667bt,Tai nghe Chụp Tai Havit H667BT,Cường,2
tai-nghe-bluetooth-chup-tai-havit-h667bt,Tai nghe Chụp Tai Havit H667BT,Khang Huy,5
tai-nghe-bluetooth-chup-tai-havit-h667bt,Tai nghe Chụp Tai Havit H667BT,Nguyễn Chí Tôn,4
tai-nghe-bluetooth-chup-tai-havit-h667bt,Tai nghe Chụp Tai Havit H667BT,TRUNG,5
tai-nghe-bluetooth-chup-tai-havit-h667bt,Tai nghe Chụp Tai Havit H667BT,Nguyễn Thị Hồng Gấm,3
tai-nghe-bluetooth-chup-tai-havit-h667bt,Tai nghe Chụp Tai Havit H667BT,Sang,5
tai-nghe-bluetooth-chup-tai-havit-h667bt,Tai nghe Chụp Tai Havit H667BT,Đỗ Văn Đức,4
tai-nghe-bluetooth-chup-tai-havit-h667bt,Tai nghe Chụp Tai Havit H667BT,Nguyễn Hoàng Phương Nhân,5
tai-nghe-bluetooth-chup-tai-havit-h667bt,Tai nghe Chụp Tai Havit H667BT,Trần,5
tai-nghe-bluetooth-chup-tai-havit-h667bt,Tai nghe Chụp Tai Havit H667BT,Thu Diệu,5
tai-nghe-bluetooth-chup-tai-havit-h667bt,Tai nghe Chụp Tai Havit H667BT,Trần Huy,2
tai-nghe-bluetooth-chup-tai-havit-h667bt,Tai nghe Chụp Tai Havit H667BT,Công Định,5
tai-nghe-bluetooth-chup-tai-havit-h667bt,Tai nghe Chụp Tai Havit H667BT,Anh VIỆT Anh,5
tai-nghe-bluetooth-chup-tai-havit-h667bt,Tai nghe Chụp Tai Havit H667BT,Lâm Nguyệt Huê,5
tai-nghe-bluetooth-chup-tai-havit-h667bt,Tai nghe Chụp Tai Havit H667BT,Vinh,4
tai-nghe-bluetooth-chup-tai-havit-h667bt,Tai nghe Chụp Tai Havit H667BT,Thảo,4
tai-nghe-bluetooth-chup-tai-havit-h667bt,Tai nghe Chụp Tai Havit H667BT,Anh An,3
tai-nghe-bluetooth-chup-tai-havit-h667bt,Tai nghe Chụp Tai Havit H667BT,Mr Minh,4
tai-nghe-bluetooth-chup-tai-havit-h667bt,Tai nghe Chụp Tai Havit H667BT,Bùi Xuân Dũng,4
tai-nghe-bluetooth-chup-tai-havit-h667bt,Tai nghe Chụp Tai Havit H667BT,Trần Tiến Thanh,5
tai-nghe-bluetooth-chup-tai-havit-h667bt,Tai nghe Chụp Tai Havit H667BT,Thạch Phi Trương,5
tai-nghe-bluetooth-chup-tai-havit-h667bt,Tai nghe Chụp Tai Havit H667BT,Quan Tình,5
tai-nghe-bluetooth-tws-oppo-enco-air-4-pro-etea1,Tai nghe TWS OPPO ENCO Air 4 Pro ETEA1,Sontruong,4
tai-nghe-bluetooth-tws-oppo-enco-air-4-pro-etea1,Tai nghe TWS OPPO ENCO Air 4 Pro ETEA1,Nguyễn Văn Thái,2
tai-nghe-bluetooth-tws-oppo-enco-air-4-pro-etea1,Tai nghe TWS OPPO ENCO Air 4 Pro ETEA1,Thành,5
tai-nghe-bluetooth-tws-oppo-enco-air-4-pro-etea1,Tai nghe TWS OPPO ENCO Air 4 Pro ETEA1,Yến Nhi,5
tai-nghe-bluetooth-tws-oppo-enco-air-4-pro-etea1,Tai nghe TWS OPPO ENCO Air 4 Pro ETEA1,Tan,5
tai-nghe-bluetooth-tws-oppo-enco-air-4-pro-etea1,Tai nghe TWS OPPO ENCO Air 4 Pro ETEA1,Nguyen Dang Quang,5
tai-nghe-bluetooth-true-wireless-soul-s-live-30,Tai nghe TWS SOUL S-LIVE 30,Quyết Tâm,1
tai-nghe-bluetooth-true-wireless-soul-s-live-30,Tai nghe TWS SOUL S-LIVE 30,Lê Nguyễn,1
tai-nghe-bluetooth-true-wireless-soul-s-live-30,Tai nghe TWS SOUL S-LIVE 30,Lê Thiện Phúc,1
tai-nghe-bluetooth-true-wireless-soul-s-live-30,Tai nghe TWS SOUL S-LIVE 30,Van Chuong,3
tai-nghe-bluetooth-true-wireless-soul-s-live-30,Tai nghe TWS SOUL S-LIVE 30,Lâm,1
tai-nghe-bluetooth-true-wireless-soul-s-live-30,Tai nghe TWS SOUL S-LIVE 30,Nguyên,2
tai-nghe-bluetooth-true-wireless-soul-s-live-30,Tai nghe TWS SOUL S-LIVE 30,Chu Đinh Hung,1
tai-nghe-bluetooth-true-wireless-soul-s-live-30,Tai nghe TWS SOUL S-LIVE 30,Hoang Duc,2
tai-nghe-bluetooth-true-wireless-soul-s-live-30,Tai nghe TWS SOUL S-LIVE 30,Lý Văn Lộc,2
tai-nghe-bluetooth-true-wireless-soul-s-live-30,Tai nghe TWS SOUL S-LIVE 30,Tuấn Ngô,2
tai-nghe-bluetooth-true-wireless-soul-s-live-30,Tai nghe TWS SOUL S-LIVE 30,Tiến Đạt,2
tai-nghe-bluetooth-true-wireless-soul-s-live-30,Tai nghe TWS SOUL S-LIVE 30,Thái,3
tai-nghe-bluetooth-true-wireless-soul-s-live-30,Tai nghe TWS SOUL S-LIVE 30,Đức Mạnh,4
tai-nghe-bluetooth-true-wireless-soul-s-live-30,Tai nghe TWS SOUL S-LIVE 30,Vu Van Toan,2
tai-nghe-bluetooth-true-wireless-soul-s-live-30,Tai nghe TWS SOUL S-LIVE 30,Quân,1
tai-nghe-bluetooth-true-wireless-soul-s-live-30,Tai nghe TWS SOUL S-LIVE 30,Kiệt,1
tai-nghe-bluetooth-true-wireless-soul-s-live-30,Tai nghe TWS SOUL S-LIVE 30,Le Trung,3
tai-nghe-bluetooth-true-wireless-soul-s-live-30,Tai nghe TWS SOUL S-LIVE 30,NGUYỄN TRỌNG NGHĨA,5
tai-nghe-bluetooth-true-wireless-soul-s-live-30,Tai nghe TWS SOUL S-LIVE 30,LÊ HOÀNG CHƯƠNG,5
tai-nghe-bluetooth-true-wireless-soul-s-live-30,Tai nghe TWS SOUL S-LIVE 30,DANH THUẬN,5
tai-nghe-bluetooth-true-wireless-soul-s-live-30,Tai nghe TWS SOUL S-LIVE 30,Thức N,3
tai-nghe-bluetooth-true-wireless-soul-s-live-30,Tai nghe TWS SOUL S-LIVE 30,Diệp Lương Huy,5
tai-nghe-bluetooth-true-wireless-soul-s-live-30,Tai nghe TWS SOUL S-LIVE 30,Dinh Thanh Phát,2
tai-nghe-bluetooth-true-wireless-soul-s-live-30,Tai nghe TWS SOUL S-LIVE 30,Hoang Phong,5
tai-nghe-bluetooth-true-wireless-soul-s-live-30,Tai nghe TWS SOUL S-LIVE 30,Anh Học,5
tai-nghe-bluetooth-true-wireless-soul-s-live-30,Tai nghe TWS SOUL S-LIVE 30,Nguyễn Đỗ Quỳnh Nam,5
tai-nghe-bluetooth-true-wireless-soul-s-live-30,Tai nghe TWS SOUL S-LIVE 30,Giang,3
tai-nghe-bluetooth-true-wireless-soul-s-live-30,Tai nghe TWS SOUL S-LIVE 30,Minh,5
tai-nghe-bluetooth-true-wireless-soul-s-live-30,Tai nghe TWS SOUL S-LIVE 30,Trần Thị Kiều Oanh,2
tai-nghe-bluetooth-true-wireless-soul-s-live-30,Tai nghe TWS SOUL S-LIVE 30,Hoang Loan,2
tai-nghe-bluetooth-true-wireless-soul-s-live-30,Tai nghe TWS SOUL S-LIVE 30,Linh,1
tai-nghe-bluetooth-true-wireless-soul-s-live-30,Tai nghe TWS SOUL S-LIVE 30,Nguyễn Quang Minh,2
tai-nghe-bluetooth-true-wireless-soul-s-live-30,Tai nghe TWS SOUL S-LIVE 30,TRẦN NGỌC HƯNG,4
tai-nghe-bluetooth-true-wireless-soul-s-live-30,Tai nghe TWS SOUL S-LIVE 30,Tiến,4
tai-nghe-bluetooth-true-wireless-soul-s-live-30,Tai nghe TWS SOUL S-LIVE 30,Nguyễn Thị Ngọc Giàu,3
tai-nghe-bluetooth-true-wireless-soul-s-live-30,Tai nghe TWS SOUL S-LIVE 30,Nguyễn Hữu Hùng,3
tai-nghe-bluetooth-true-wireless-soul-s-live-30,Tai nghe TWS SOUL S-LIVE 30,Dương Văn Mao,1
tai-nghe-bluetooth-true-wireless-soul-s-live-30,Tai nghe TWS SOUL S-LIVE 30,Trần Trịnh Duy,2
tai-nghe-bluetooth-true-wireless-soul-s-live-30,Tai nghe TWS SOUL S-LIVE 30,Thành Vĩnh,5
tai-nghe-bluetooth-true-wireless-soul-s-live-30,Tai nghe TWS SOUL S-LIVE 30,Ho Dang Khoa,4
tai-nghe-bluetooth-true-wireless-soul-s-live-30,Tai nghe TWS SOUL S-LIVE 30,Phương,5
tai-nghe-bluetooth-true-wireless-soul-s-live-30,Tai nghe TWS SOUL S-LIVE 30,Long,3
tai-nghe-bluetooth-true-wireless-soul-s-live-30,Tai nghe TWS SOUL S-LIVE 30,Anh Hưng,2
tai-nghe-bluetooth-true-wireless-soul-s-live-30,Tai nghe TWS SOUL S-LIVE 30,NHẬT TÂN,3
tai-nghe-bluetooth-true-wireless-soul-s-live-30,Tai nghe TWS SOUL S-LIVE 30,Chu Văn Tinh,2
tai-nghe-bluetooth-true-wireless-soul-s-live-30,Tai nghe TWS SOUL S-LIVE 30,Ngọc Vân,3
tai-nghe-bluetooth-true-wireless-soul-s-live-30,Tai nghe TWS SOUL S-LIVE 30,Nguyễn Nhật,1
tai-nghe-bluetooth-true-wireless-soul-s-live-30,Tai nghe TWS SOUL S-LIVE 30,Anh Học,5
tai-nghe-bluetooth-true-wireless-soul-s-live-30,Tai nghe TWS SOUL S-LIVE 30,Trần Huy,1
tai-nghe-bluetooth-true-wireless-soul-s-live-30,Tai nghe TWS SOUL S-LIVE 30,Lê Công Minh,5
tai-nghe-bluetooth-true-wireless-soul-s-live-30,Tai nghe TWS SOUL S-LIVE 30,Vũ Trung,5
tai-nghe-bluetooth-true-wireless-soul-s-live-30,Tai nghe TWS SOUL S-LIVE 30,Chu Hải Đăng,3
tai-nghe-bluetooth-true-wireless-soul-s-live-30,Tai nghe TWS SOUL S-LIVE 30,Linh,3
tai-nghe-bluetooth-true-wireless-soul-s-live-30,Tai nghe TWS SOUL S-LIVE 30,Tô Hoàng Minh Mẫn,2
tai-nghe-bluetooth-true-wireless-soul-s-live-30,Tai nghe TWS SOUL S-LIVE 30,Thanh Thùy,4
tai-nghe-bluetooth-true-wireless-soul-s-live-30,Tai nghe TWS SOUL S-LIVE 30,Công,2
tai-nghe-bluetooth-true-wireless-soul-s-live-30,Tai nghe TWS SOUL S-LIVE 30,Đoàn Ngọc Thu Hiền,1
tai-nghe-bluetooth-true-wireless-soul-s-live-30,Tai nghe TWS SOUL S-LIVE 30,Lương Anh,2
tai-nghe-bluetooth-true-wireless-soul-s-live-30,Tai nghe TWS SOUL S-LIVE 30,Nguyễn Phú Hải,5
tai-nghe-bluetooth-true-wireless-soul-s-live-30,Tai nghe TWS SOUL S-LIVE 30,Anh Lợi,5
tai-nghe-bluetooth-true-wireless-soul-s-live-30,Tai nghe TWS SOUL S-LIVE 30,Kiệt,2
tai-nghe-bluetooth-true-wireless-soul-s-live-30,Tai nghe TWS SOUL S-LIVE 30,MẠC VƯƠNG LINH,5
tai-nghe-bluetooth-true-wireless-soul-s-live-30,Tai nghe TWS SOUL S-LIVE 30,LƯƠNG BÁ TRIỆU,5
tai-nghe-bluetooth-true-wireless-soul-s-live-30,Tai nghe TWS SOUL S-LIVE 30,Nguyễn Hà Linh,1
tai-nghe-bluetooth-true-wireless-soul-s-live-30,Tai nghe TWS SOUL S-LIVE 30,Minh Trung,2
tai-nghe-bluetooth-true-wireless-soul-s-live-30,Tai nghe TWS SOUL S-LIVE 30,Nguyễn Văn Sĩ,3
tai-nghe-bluetooth-true-wireless-soul-s-live-30,Tai nghe TWS SOUL S-LIVE 30,Nguyễn Ngọc Lâm,5
tai-nghe-bluetooth-true-wireless-soul-s-live-30,Tai nghe TWS SOUL S-LIVE 30,Phạm Thanh Tỉnh,5
tai-nghe-bluetooth-true-wireless-soul-s-live-30,Tai nghe TWS SOUL S-LIVE 30,Nguyễn Ngọc Phúc,1
tai-nghe-bluetooth-true-wireless-soul-s-live-30,Tai nghe TWS SOUL S-LIVE 30,Nguyễn Đức Tài,1
tai-nghe-bluetooth-true-wireless-soul-s-live-30,Tai nghe TWS SOUL S-LIVE 30,Triệu Dũng,1
tai-nghe-bluetooth-true-wireless-soul-s-live-30,Tai nghe TWS SOUL S-LIVE 30,NGUYỄN VĂN QUỐC,5
tai-nghe-bluetooth-true-wireless-soul-s-live-30,Tai nghe TWS SOUL S-LIVE 30,Nguyễn Đức Duy,2
tai-nghe-bluetooth-true-wireless-soul-s-live-30,Tai nghe TWS SOUL S-LIVE 30,Đặng Xuân Khánh,5
tai-nghe-bluetooth-true-wireless-soul-s-live-30,Tai nghe TWS SOUL S-LIVE 30,Hoa,5
tai-nghe-bluetooth-true-wireless-soul-s-live-30,Tai nghe TWS SOUL S-LIVE 30,Nguyễn Văn Cương,4
tai-nghe-bluetooth-true-wireless-soul-s-live-30,Tai nghe TWS SOUL S-LIVE 30,Nguyễn Văn Minh,4
tai-nghe-bluetooth-true-wireless-soul-s-live-30,Tai nghe TWS SOUL S-LIVE 30,NGUYỄN VĂN KHOA,5
tai-nghe-bluetooth-true-wireless-soul-s-live-30,Tai nghe TWS SOUL S-LIVE 30,Đỗ Quốc Trị,3
tai-nghe-bluetooth-true-wireless-soul-s-live-30,Tai nghe TWS SOUL S-LIVE 30,Nguyễn Đăng Khánh,5
tai-nghe-bluetooth-true-wireless-soul-s-live-30,Tai nghe TWS SOUL S-LIVE 30,Kiệt,2
tai-nghe-bluetooth-true-wireless-soul-s-live-30,Tai nghe TWS SOUL S-LIVE 30,MẠC VƯƠNG LINH,5
tai-nghe-bluetooth-true-wireless-soul-s-live-30,Tai nghe TWS SOUL S-LIVE 30,LƯƠNG BÁ TRIỆU,5
tai-nghe-bluetooth-true-wireless-soul-s-live-30,Tai nghe TWS SOUL S-LIVE 30,Nguyễn Hà Linh,1
tai-nghe-bluetooth-true-wireless-soul-s-live-30,Tai nghe TWS SOUL S-LIVE 30,Minh Trung,2
tai-nghe-bluetooth-true-wireless-soul-s-live-30,Tai nghe TWS SOUL S-LIVE 30,Nguyễn Văn Sĩ,3
tai-nghe-bluetooth-true-wireless-soul-s-live-30,Tai nghe TWS SOUL S-LIVE 30,Nguyễn Ngọc Lâm,5
tai-nghe-bluetooth-true-wireless-soul-s-live-30,Tai nghe TWS SOUL S-LIVE 30,Phạm Thanh Tỉnh,5
tai-nghe-bluetooth-true-wireless-soul-s-live-30,Tai nghe TWS SOUL S-LIVE 30,Nguyễn Ngọc Phúc,1
tai-nghe-bluetooth-true-wireless-soul-s-live-30,Tai nghe TWS SOUL S-LIVE 30,Nguyễn Đức Tài,1
tai-nghe-bluetooth-true-wireless-soul-s-live-30,Tai nghe TWS SOUL S-LIVE 30,Triệu Dũng,1
tai-nghe-bluetooth-true-wireless-soul-s-live-30,Tai nghe TWS SOUL S-LIVE 30,NGUYỄN VĂN QUỐC,5
tai-nghe-bluetooth-true-wireless-soul-s-live-30,Tai nghe TWS SOUL S-LIVE 30,Nguyễn Đức Duy,2
tai-nghe-bluetooth-true-wireless-soul-s-live-30,Tai nghe TWS SOUL S-LIVE 30,Đặng Xuân Khánh,5
tai-nghe-bluetooth-true-wireless-soul-s-live-30,Tai nghe TWS SOUL S-LIVE 30,Hoa,5
tai-nghe-bluetooth-true-wireless-soul-s-live-30,Tai nghe TWS SOUL S-LIVE 30,Nguyễn Văn Cương,4
tai-nghe-bluetooth-true-wireless-soul-s-live-30,Tai nghe TWS SOUL S-LIVE 30,Nguyễn Văn Minh,4
tai-nghe-bluetooth-true-wireless-soul-s-live-30,Tai nghe TWS SOUL S-LIVE 30,NGUYỄN VĂN KHOA,5
tai-nghe-bluetooth-true-wireless-soul-s-live-30,Tai nghe TWS SOUL S-LIVE 30,Đỗ Quốc Trị,3
tai-nghe-bluetooth-true-wireless-soul-s-live-30,Tai nghe TWS SOUL S-LIVE 30,Nguyễn Đăng Khánh,5
tai-nghe-bluetooth-true-wireless-soul-s-live-30,Tai nghe TWS SOUL S-LIVE 30,Thái,4
tai-nghe-bluetooth-true-wireless-soul-s-live-30,Tai nghe TWS SOUL S-LIVE 30,Nhung,4
tai-nghe-bluetooth-true-wireless-soul-s-live-30,Tai nghe TWS SOUL S-LIVE 30,Phạm Tiến Đạt,5
tai-nghe-bluetooth-chup-tai-havit-h663bt,Tai nghe Chụp Tai Havit H663BT,Thu Nguyễn,2
tai-nghe-bluetooth-chup-tai-havit-h663bt,Tai nghe Chụp Tai Havit H663BT,Huỳnh Thiên Thái An,5
tai-nghe-bluetooth-chup-tai-havit-h663bt,Tai nghe Chụp Tai Havit H663BT,Trịnh Quang Huy,4
tai-nghe-bluetooth-chup-tai-havit-h663bt,Tai nghe Chụp Tai Havit H663BT,Trần Văn Tuấn,5
tai-nghe-bluetooth-chup-tai-havit-h663bt,Tai nghe Chụp Tai Havit H663BT,Nguyễn Minh Đức,4
tai-nghe-bluetooth-chup-tai-havit-h663bt,Tai nghe Chụp Tai Havit H663BT,Trần Đức Huy,5
tai-nghe-bluetooth-chup-tai-havit-h663bt,Tai nghe Chụp Tai Havit H663BT,Nguyễn Thành Công,5
tai-nghe-bluetooth-chup-tai-havit-h663bt,Tai nghe Chụp Tai Havit H663BT,Nguyễn Cảnh Hùng,1
tai-nghe-bluetooth-chup-tai-havit-h663bt,Tai nghe Chụp Tai Havit H663BT,Nam,4
tai-nghe-bluetooth-chup-tai-havit-h663bt,Tai nghe Chụp Tai Havit H663BT,Duy,4
tai-nghe-bluetooth-chup-tai-havit-h663bt,Tai nghe Chụp Tai Havit H663BT,Nguyễn Minh Duy,4
tai-nghe-bluetooth-chup-tai-havit-h663bt,Tai nghe Chụp Tai Havit H663BT,A Dũng,1
tai-nghe-bluetooth-chup-tai-havit-h663bt,Tai nghe Chụp Tai Havit H663BT,Nguyễn Hồng Trường,3
tai-nghe-bluetooth-chup-tai-havit-h663bt,Tai nghe Chụp Tai Havit H663BT,Phương,5
tai-nghe-bluetooth-chup-tai-havit-h663bt,Tai nghe Chụp Tai Havit H663BT,Anh Hào,5
tai-nghe-bluetooth-chup-tai-havit-h663bt,Tai nghe Chụp Tai Havit H663BT,Trần Hữu Tiến,5
tai-nghe-bluetooth-chup-tai-havit-h663bt,Tai nghe Chụp Tai Havit H663BT,Phạm Bảo Châu,5
tai-nghe-bluetooth-chup-tai-havit-h663bt,Tai nghe Chụp Tai Havit H663BT,Nguyễn Duy Phương,3
tai-nghe-bluetooth-true-wireless-ava-go-p210?utm_flashsale=1,Tai nghe TWS AVA+ Go P210,Nguyễn Bảo Anh,3
tai-nghe-bluetooth-true-wireless-ava-go-p210?utm_flashsale=1,Tai nghe TWS AVA+ Go P210,Bảo Anh,3
tai-nghe-bluetooth-true-wireless-ava-go-p210?utm_flashsale=1,Tai nghe TWS AVA+ Go P210,Tống Hữu Phúc,1
tai-nghe-bluetooth-true-wireless-ava-go-p210?utm_flashsale=1,Tai nghe TWS AVA+ Go P210,Thanh Nghiêm,4
tai-nghe-bluetooth-true-wireless-ava-go-p210?utm_flashsale=1,Tai nghe TWS AVA+ Go P210,Thái Bảo,5
tai-nghe-bluetooth-true-wireless-ava-go-p210?utm_flashsale=1,Tai nghe TWS AVA+ Go P210,Quân,4
tai-nghe-bluetooth-true-wireless-ava-go-p210?utm_flashsale=1,Tai nghe TWS AVA+ Go P210,Thanh Tân,4
tai-nghe-bluetooth-true-wireless-ava-go-p210?utm_flashsale=1,Tai nghe TWS AVA+ Go P210,Đoàn Hồng Nghi,5
tai-nghe-bluetooth-true-wireless-ava-go-p210?utm_flashsale=1,Tai nghe TWS AVA+ Go P210,Lô Văn Tuấn,2
tai-nghe-bluetooth-true-wireless-ava-go-p210?utm_flashsale=1,Tai nghe TWS AVA+ Go P210,Trần Huệ,3
tai-nghe-bluetooth-true-wireless-ava-go-p210?utm_flashsale=1,Tai nghe TWS AVA+ Go P210,Lâm Nhật Khánh,3
tai-nghe-bluetooth-true-wireless-ava-go-p210?utm_flashsale=1,Tai nghe TWS AVA+ Go P210,Nguyễn Thị Lan Phương,2
tai-nghe-bluetooth-true-wireless-ava-go-p210?utm_flashsale=1,Tai nghe TWS AVA+ Go P210,Ngô Đăng Hùng,2
tai-nghe-bluetooth-true-wireless-ava-go-p210?utm_flashsale=1,Tai nghe TWS AVA+ Go P210,Đỗ Phú Đạo,5
tai-nghe-bluetooth-true-wireless-ava-go-p210?utm_flashsale=1,Tai nghe TWS AVA+ Go P210,Manhcuong,2
tai-nghe-bluetooth-true-wireless-ava-go-p210?utm_flashsale=1,Tai nghe TWS AVA+ Go P210,Đoàn Thanh Tâm,2
tai-nghe-bluetooth-true-wireless-ava-go-p210?utm_flashsale=1,Tai nghe TWS AVA+ Go P210,Nguyễn Thúy Chinh,2
tai-nghe-bluetooth-true-wireless-ava-go-p210?utm_flashsale=1,Tai nghe TWS AVA+ Go P210,Nguyen Viet Dung,3
tai-nghe-bluetooth-true-wireless-ava-go-p210?utm_flashsale=1,Tai nghe TWS AVA+ Go P210,Trần Sáng,3
tai-nghe-bluetooth-true-wireless-ava-go-p210?utm_flashsale=1,Tai nghe TWS AVA+ Go P210,Hiếu,3
tai-nghe-bluetooth-true-wireless-ava-go-p210?utm_flashsale=1,Tai nghe TWS AVA+ Go P210,Kiều,3
tai-nghe-bluetooth-true-wireless-ava-go-p210?utm_flashsale=1,Tai nghe TWS AVA+ Go P210,Nhóc,5
tai-nghe-bluetooth-true-wireless-ava-go-p210?utm_flashsale=1,Tai nghe TWS AVA+ Go P210,PHAM THANH BINH,5
tai-nghe-bluetooth-true-wireless-ava-go-p210?utm_flashsale=1,Tai nghe TWS AVA+ Go P210,Nguyễn Văn Vĩnh,5
tai-nghe-bluetooth-true-wireless-ava-go-p210?utm_flashsale=1,Tai nghe TWS AVA+ Go P210,Hoàng Nhân,5
tai-nghe-bluetooth-true-wireless-ava-go-p210?utm_flashsale=1,Tai nghe TWS AVA+ Go P210,Vi Văn Đạt,5
tai-nghe-bluetooth-true-wireless-ava-go-p210?utm_flashsale=1,Tai nghe TWS AVA+ Go P210,Lê Minh Tiến,5
tai-nghe-bluetooth-true-wireless-ava-go-p210?utm_flashsale=1,Tai nghe TWS AVA+ Go P210,Phạm Hồng Giàu,5
tai-nghe-bluetooth-true-wireless-ava-go-p210?utm_flashsale=1,Tai nghe TWS AVA+ Go P210,Dương Anh Tú,5
tai-nghe-bluetooth-true-wireless-ava-go-p210?utm_flashsale=1,Tai nghe TWS AVA+ Go P210,A Thảo,5
tai-nghe-bluetooth-true-wireless-ava-go-p210?utm_flashsale=1,Tai nghe TWS AVA+ Go P210,Lê Văn Hải,5
tai-nghe-bluetooth-true-wireless-ava-go-p210?utm_flashsale=1,Tai nghe TWS AVA+ Go P210,Nguyễn Minh Quân,5
tai-nghe-bluetooth-true-wireless-ava-go-p210?utm_flashsale=1,Tai nghe TWS AVA+ Go P210,Sơn,1
tai-nghe-bluetooth-true-wireless-ava-go-p210?utm_flashsale=1,Tai nghe TWS AVA+ Go P210,Trần Văn Quyết,5
tai-nghe-bluetooth-true-wireless-ava-go-p210?utm_flashsale=1,Tai nghe TWS AVA+ Go P210,Hoàng Phi Long,5
tai-nghe-bluetooth-true-wireless-ava-go-p210?utm_flashsale=1,Tai nghe TWS AVA+ Go P210,Đào Mạnh,5
tai-nghe-bluetooth-true-wireless-ava-go-p210?utm_flashsale=1,Tai nghe TWS AVA+ Go P210,Phù Hoai Long,5
tai-nghe-bluetooth-true-wireless-ava-go-p210?utm_flashsale=1,Tai nghe TWS AVA+ Go P210,Trần Vân Trường,5
tai-nghe-bluetooth-true-wireless-ava-go-p210?utm_flashsale=1,Tai nghe TWS AVA+ Go P210,Ha Lâm,5
tai-nghe-bluetooth-true-wireless-ava-go-p210?utm_flashsale=1,Tai nghe TWS AVA+ Go P210,Tạ Quang Lộc,3
tai-nghe-bluetooth-true-wireless-ava-go-p210?utm_flashsale=1,Tai nghe TWS AVA+ Go P210,Anh Nghĩa,4
tai-nghe-bluetooth-true-wireless-ava-go-p210?utm_flashsale=1,Tai nghe TWS AVA+ Go P210,Truong,4
tai-nghe-bluetooth-true-wireless-ava-go-p210?utm_flashsale=1,Tai nghe TWS AVA+ Go P210,Nguyễn Văn Hậu,2
tai-nghe-bluetooth-true-wireless-ava-go-p210?utm_flashsale=1,Tai nghe TWS AVA+ Go P210,Đàm Văn Dững,3
tai-nghe-bluetooth-true-wireless-ava-go-p210?utm_flashsale=1,Tai nghe TWS AVA+ Go P210,Vinh,5
tai-nghe-bluetooth-true-wireless-ava-go-p210?utm_flashsale=1,Tai nghe TWS AVA+ Go P210,Trang,3
tai-nghe-bluetooth-true-wireless-ava-go-p210?utm_flashsale=1,Tai nghe TWS AVA+ Go P210,Hiệp,4
tai-nghe-bluetooth-true-wireless-ava-go-p210?utm_flashsale=1,Tai nghe TWS AVA+ Go P210,Huy,1
tai-nghe-bluetooth-true-wireless-ava-go-p210?utm_flashsale=1,Tai nghe TWS AVA+ Go P210,Hậu,5
tai-nghe-bluetooth-true-wireless-ava-go-p210?utm_flashsale=1,Tai nghe TWS AVA+ Go P210,Trần Thị Minh Hương,5
tai-nghe-bluetooth-true-wireless-ava-go-p210?utm_flashsale=1,Tai nghe TWS AVA+ Go P210,Hùng,2
tai-nghe-bluetooth-true-wireless-ava-go-p210?utm_flashsale=1,Tai nghe TWS AVA+ Go P210,Nguyễn Văn Tùng,4
tai-nghe-bluetooth-true-wireless-ava-go-p210?utm_flashsale=1,Tai nghe TWS AVA+ Go P210,Phạm Văn Đạt,1
tai-nghe-bluetooth-true-wireless-ava-go-p210?utm_flashsale=1,Tai nghe TWS AVA+ Go P210,Trường,1
tai-nghe-bluetooth-true-wireless-ava-go-p210?utm_flashsale=1,Tai nghe TWS AVA+ Go P210,La Minh,4
tai-nghe-bluetooth-true-wireless-ava-go-p210?utm_flashsale=1,Tai nghe TWS AVA+ Go P210,Nga,5
tai-nghe-bluetooth-true-wireless-ava-go-p210?utm_flashsale=1,Tai nghe TWS AVA+ Go P210,Võ Văn Mỹ,3
tai-nghe-bluetooth-true-wireless-ava-go-p210?utm_flashsale=1,Tai nghe TWS AVA+ Go P210,Trần Thị Hồng Xuân,3
tai-nghe-bluetooth-true-wireless-ava-go-p210?utm_flashsale=1,Tai nghe TWS AVA+ Go P210,Nguyễn Minh Toàn,2
tai-nghe-bluetooth-true-wireless-ava-go-p210?utm_flashsale=1,Tai nghe TWS AVA+ Go P210,Anh Phúc,3
tai-nghe-bluetooth-true-wireless-ava-go-p210?utm_flashsale=1,Tai nghe TWS AVA+ Go P210,Hoàng Hiếu,3
tai-nghe-bluetooth-true-wireless-ava-go-p210?utm_flashsale=1,Tai nghe TWS AVA+ Go P210,Phạm Cường,3
tai-nghe-bluetooth-true-wireless-ava-go-p210?utm_flashsale=1,Tai nghe TWS AVA+ Go P210,Thúy,2
tai-nghe-bluetooth-true-wireless-ava-go-p210?utm_flashsale=1,Tai nghe TWS AVA+ Go P210,MAI HOÀN,1
tai-nghe-bluetooth-true-wireless-ava-go-p210?utm_flashsale=1,Tai nghe TWS AVA+ Go P210,Thanh Cường,4
tai-nghe-bluetooth-true-wireless-ava-go-p210?utm_flashsale=1,Tai nghe TWS AVA+ Go P210,LƯƠNG QUANG TRƯỜNG,3
tai-nghe-bluetooth-true-wireless-ava-go-p210?utm_flashsale=1,Tai nghe TWS AVA+ Go P210,Nguyễn Văn Tài,5
tai-nghe-bluetooth-true-wireless-ava-go-p210?utm_flashsale=1,Tai nghe TWS AVA+ Go P210,PHẠM THỊ TRINH,3
tai-nghe-bluetooth-true-wireless-ava-go-p210?utm_flashsale=1,Tai nghe TWS AVA+ Go P210,Nguyễn Thị Thu Thuỷ,5
tai-nghe-bluetooth-true-wireless-ava-go-p210?utm_flashsale=1,Tai nghe TWS AVA+ Go P210,Trần Văn Nghĩa,5
tai-nghe-bluetooth-true-wireless-ava-go-p210?utm_flashsale=1,Tai nghe TWS AVA+ Go P210,Le Hoàng Vỷ,4
tai-nghe-bluetooth-true-wireless-ava-go-p210?utm_flashsale=1,Tai nghe TWS AVA+ Go P210,Thuân,4
tai-nghe-bluetooth-true-wireless-ava-go-p210?utm_flashsale=1,Tai nghe TWS AVA+ Go P210,Dung,4
tai-nghe-bluetooth-true-wireless-ava-go-p210?utm_flashsale=1,Tai nghe TWS AVA+ Go P210,Lê Trường Tuân,1
tai-nghe-bluetooth-true-wireless-ava-go-p210?utm_flashsale=1,Tai nghe TWS AVA+ Go P210,Đức Phạm,5
tai-nghe-bluetooth-true-wireless-ava-go-p210?utm_flashsale=1,Tai nghe TWS AVA+ Go P210,MAI THỊ KIM TRÍ,3
tai-nghe-bluetooth-true-wireless-ava-go-p210?utm_flashsale=1,Tai nghe TWS AVA+ Go P210,Đoàn Thanh Vĩnh,5
tai-nghe-bluetooth-true-wireless-ava-go-p210?utm_flashsale=1,Tai nghe TWS AVA+ Go P210,Long,2
tai-nghe-bluetooth-true-wireless-ava-go-p210?utm_flashsale=1,Tai nghe TWS AVA+ Go P210,Đặng Ngọc Quang,5
tai-nghe-bluetooth-true-wireless-ava-go-p210?utm_flashsale=1,Tai nghe TWS AVA+ Go P210,Thành,1
tai-nghe-bluetooth-true-wireless-ava-go-p210?utm_flashsale=1,Tai nghe TWS AVA+ Go P210,Hoàng Hiếu,3
tai-nghe-bluetooth-true-wireless-ava-go-p210?utm_flashsale=1,Tai nghe TWS AVA+ Go P210,Phạm Cường,3
tai-nghe-bluetooth-true-wireless-ava-go-p210?utm_flashsale=1,Tai nghe TWS AVA+ Go P210,Thúy,2
tai-nghe-bluetooth-true-wireless-ava-go-p210?utm_flashsale=1,Tai nghe TWS AVA+ Go P210,MAI HOÀN,1
tai-nghe-bluetooth-true-wireless-ava-go-p210?utm_flashsale=1,Tai nghe TWS AVA+ Go P210,Thanh Cường,4
tai-nghe-bluetooth-true-wireless-ava-go-p210?utm_flashsale=1,Tai nghe TWS AVA+ Go P210,LƯƠNG QUANG TRƯỜNG,3
tai-nghe-bluetooth-true-wireless-ava-go-p210?utm_flashsale=1,Tai nghe TWS AVA+ Go P210,Nguyễn Văn Tài,5
tai-nghe-bluetooth-true-wireless-ava-go-p210?utm_flashsale=1,Tai nghe TWS AVA+ Go P210,PHẠM THỊ TRINH,3
tai-nghe-bluetooth-true-wireless-ava-go-p210?utm_flashsale=1,Tai nghe TWS AVA+ Go P210,Nguyễn Thị Thu Thuỷ,5
tai-nghe-bluetooth-true-wireless-ava-go-p210?utm_flashsale=1,Tai nghe TWS AVA+ Go P210,Trần Văn Nghĩa,5
tai-nghe-bluetooth-true-wireless-ava-go-p210?utm_flashsale=1,Tai nghe TWS AVA+ Go P210,Le Hoàng Vỷ,4
tai-nghe-bluetooth-true-wireless-ava-go-p210?utm_flashsale=1,Tai nghe TWS AVA+ Go P210,Thuân,4
tai-nghe-bluetooth-true-wireless-ava-go-p210?utm_flashsale=1,Tai nghe TWS AVA+ Go P210,Dung,4
tai-nghe-bluetooth-true-wireless-ava-go-p210?utm_flashsale=1,Tai nghe TWS AVA+ Go P210,Lê Trường Tuân,1
tai-nghe-bluetooth-true-wireless-ava-go-p210?utm_flashsale=1,Tai nghe TWS AVA+ Go P210,Đức Phạm,5
tai-nghe-bluetooth-true-wireless-ava-go-p210?utm_flashsale=1,Tai nghe TWS AVA+ Go P210,MAI THỊ KIM TRÍ,3
tai-nghe-bluetooth-true-wireless-ava-go-p210?utm_flashsale=1,Tai nghe TWS AVA+ Go P210,Đoàn Thanh Vĩnh,5
tai-nghe-bluetooth-true-wireless-ava-go-p210?utm_flashsale=1,Tai nghe TWS AVA+ Go P210,Long,2
tai-nghe-bluetooth-true-wireless-ava-go-p210?utm_flashsale=1,Tai nghe TWS AVA+ Go P210,Đặng Ngọc Quang,5
tai-nghe-bluetooth-true-wireless-ava-go-p210?utm_flashsale=1,Tai nghe TWS AVA+ Go P210,Đỗ Đăng Nam,5
tai-nghe-bluetooth-true-wireless-ava-go-p210?utm_flashsale=1,Tai nghe TWS AVA+ Go P210,Trần Anh Hùng,5
tai-nghe-bluetooth-true-wireless-ava-go-p210?utm_flashsale=1,Tai nghe TWS AVA+ Go P210,Anh,5
tai-nghe-bluetooth-true-wireless-soundcore-k20i-a3994,Tai nghe TWS soundcore K20i,Hải,2
tai-nghe-bluetooth-true-wireless-soundcore-k20i-a3994,Tai nghe TWS soundcore K20i,Lưu Vĩnh Thông,1
tai-nghe-bluetooth-true-wireless-soundcore-k20i-a3994,Tai nghe TWS soundcore K20i,Lê Thị Thùy Dương,3
tai-nghe-bluetooth-true-wireless-soundcore-k20i-a3994,Tai nghe TWS soundcore K20i,Minh Ngọc,3
tai-nghe-bluetooth-true-wireless-soundcore-k20i-a3994,Tai nghe TWS soundcore K20i,Phương,1
tai-nghe-bluetooth-true-wireless-soundcore-k20i-a3994,Tai nghe TWS soundcore K20i,Lực,5
tai-nghe-bluetooth-true-wireless-soundcore-k20i-a3994,Tai nghe TWS soundcore K20i,LINH,3
tai-nghe-bluetooth-true-wireless-soundcore-k20i-a3994,Tai nghe TWS soundcore K20i,Hoàng Phương,3
tai-nghe-bluetooth-true-wireless-soundcore-k20i-a3994,Tai nghe TWS soundcore K20i,Nguyễn Thanh Thuận,5
tai-nghe-bluetooth-true-wireless-soundcore-k20i-a3994,Tai nghe TWS soundcore K20i,Huỳnh Ngọc Đoàn,3
tai-nghe-bluetooth-true-wireless-havit-tw945,Tai nghe TWS Havit TW945,Phan Hoàng Nam,1
tai-nghe-bluetooth-true-wireless-havit-tw945,Tai nghe TWS Havit TW945,Nguyễn Trung,1
tai-nghe-bluetooth-true-wireless-havit-tw945,Tai nghe TWS Havit TW945,Phung Tran,5
tai-nghe-bluetooth-true-wireless-havit-tw945,Tai nghe TWS Havit TW945,Quốc Lâm,2
tai-nghe-bluetooth-true-wireless-havit-tw945,Tai nghe TWS Havit TW945,Võ Thành Thuận,1
tai-nghe-bluetooth-true-wireless-havit-tw945,Tai nghe TWS Havit TW945,Trần Hiền Thục Đoan,4
tai-nghe-bluetooth-true-wireless-havit-tw945,Tai nghe TWS Havit TW945,Mỹ Hạnh,5
tai-nghe-bluetooth-true-wireless-havit-tw945,Tai nghe TWS Havit TW945,Đạt,4
tai-nghe-bluetooth-true-wireless-havit-tw945,Tai nghe TWS Havit TW945,Định Anh,4
tai-nghe-bluetooth-true-wireless-havit-tw945,Tai nghe TWS Havit TW945,HỒ SỸ TƯỜNG,2
tai-nghe-bluetooth-true-wireless-havit-tw945,Tai nghe TWS Havit TW945,Nguyễn Văn Tý,5
tai-nghe-bluetooth-true-wireless-havit-tw945,Tai nghe TWS Havit TW945,Lê Minh Hải Lê Minh Hải,1
tai-nghe-bluetooth-true-wireless-havit-tw945,Tai nghe TWS Havit TW945,Anh Bửu,5
tai-nghe-bluetooth-true-wireless-havit-tw945,Tai nghe TWS Havit TW945,Dong Nguyen,4
tai-nghe-bluetooth-true-wireless-havit-tw945,Tai nghe TWS Havit TW945,Chú Long,5
tai-nghe-bluetooth-true-wireless-havit-tw945,Tai nghe TWS Havit TW945,Thoàn,5
tai-nghe-bluetooth-true-wireless-havit-tw945,Tai nghe TWS Havit TW945,Duc Thảo,4
tai-nghe-bluetooth-true-wireless-havit-tw945,Tai nghe TWS Havit TW945,Hoàng My,2
tai-nghe-bluetooth-true-wireless-havit-tw945,Tai nghe TWS Havit TW945,Nguyễn Xuân Sơn,1
tai-nghe-bluetooth-true-wireless-havit-tw945,Tai nghe TWS Havit TW945,Phạm Văn Bằng,1
tai-nghe-bluetooth-true-wireless-havit-tw945,Tai nghe TWS Havit TW945,Sơn,5
tai-nghe-bluetooth-true-wireless-havit-tw945,Tai nghe TWS Havit TW945,Nguyễn Đinh Quốc Bảo,1
tai-nghe-bluetooth-true-wireless-havit-tw945,Tai nghe TWS Havit TW945,Phạm Ngọc Anh,2
tai-nghe-bluetooth-true-wireless-havit-tw945,Tai nghe TWS Havit TW945,Hùng,3
tai-nghe-bluetooth-true-wireless-havit-tw945,Tai nghe TWS Havit TW945,Đinh Thanh Hưng,2
tai-nghe-bluetooth-true-wireless-havit-tw945,Tai nghe TWS Havit TW945,Nguyễn Bùi,5
tai-nghe-bluetooth-true-wireless-havit-tw945,Tai nghe TWS Havit TW945,Nguyễn Văn Khánh,3
tai-nghe-bluetooth-true-wireless-havit-tw945,Tai nghe TWS Havit TW945,Đoàn,5
tai-nghe-bluetooth-true-wireless-havit-tw945,Tai nghe TWS Havit TW945,Nguyễn Lý,5
tai-nghe-bluetooth-true-wireless-havit-tw945,Tai nghe TWS Havit TW945,Đức,5
tai-nghe-bluetooth-true-wireless-havit-tw945,Tai nghe TWS Havit TW945,Nguyên,5
tai-nghe-bluetooth-true-wireless-havit-tw945,Tai nghe TWS Havit TW945,Tú,3
tai-nghe-bluetooth-true-wireless-havit-tw945,Tai nghe TWS Havit TW945,C Huyền,5
tai-nghe-bluetooth-true-wireless-havit-tw945,Tai nghe TWS Havit TW945,Nguyễn Thị Kiều Trinh,2
tai-nghe-bluetooth-true-wireless-havit-tw945,Tai nghe TWS Havit TW945,Nguyễn Thanh Tú,5
tai-nghe-bluetooth-true-wireless-havit-tw945,Tai nghe TWS Havit TW945,Phúc,5
tai-nghe-bluetooth-true-wireless-havit-tw945,Tai nghe TWS Havit TW945,Nguyễn Văn Lợi,5
tai-nghe-bluetooth-true-wireless-havit-tw945,Tai nghe TWS Havit TW945,Trương Minh Trí,3
tai-nghe-bluetooth-true-wireless-havit-tw945,Tai nghe TWS Havit TW945,Cường,5
tai-nghe-bluetooth-true-wireless-havit-tw945,Tai nghe TWS Havit TW945,Nguyễn Việt Anh,4
tai-nghe-bluetooth-true-wireless-havit-tw945,Tai nghe TWS Havit TW945,Sơn,5
tai-nghe-bluetooth-true-wireless-havit-tw945,Tai nghe TWS Havit TW945,Nguyễn Đinh Quốc Bảo,1
tai-nghe-bluetooth-true-wireless-havit-tw945,Tai nghe TWS Havit TW945,Phạm Ngọc Anh,2
tai-nghe-bluetooth-true-wireless-havit-tw945,Tai nghe TWS Havit TW945,Hùng,3
tai-nghe-bluetooth-true-wireless-havit-tw945,Tai nghe TWS Havit TW945,Đinh Thanh Hưng,2
tai-nghe-bluetooth-true-wireless-havit-tw945,Tai nghe TWS Havit TW945,Nguyễn Bùi,5
tai-nghe-bluetooth-true-wireless-havit-tw945,Tai nghe TWS Havit TW945,Nguyễn Văn Khánh,3
tai-nghe-bluetooth-true-wireless-havit-tw945,Tai nghe TWS Havit TW945,Đoàn,5
tai-nghe-bluetooth-true-wireless-havit-tw945,Tai nghe TWS Havit TW945,Nguyễn Lý,5
tai-nghe-bluetooth-true-wireless-havit-tw945,Tai nghe TWS Havit TW945,Đức,5
tai-nghe-bluetooth-true-wireless-havit-tw945,Tai nghe TWS Havit TW945,Nguyên,5
tai-nghe-bluetooth-true-wireless-havit-tw945,Tai nghe TWS Havit TW945,Tú,3
tai-nghe-bluetooth-true-wireless-havit-tw945,Tai nghe TWS Havit TW945,C Huyền,5
tai-nghe-bluetooth-true-wireless-havit-tw945,Tai nghe TWS Havit TW945,Nguyễn Thị Kiều Trinh,2
tai-nghe-bluetooth-true-wireless-havit-tw945,Tai nghe TWS Havit TW945,Nguyễn Thanh Tú,5
tai-nghe-bluetooth-true-wireless-havit-tw945,Tai nghe TWS Havit TW945,Phúc,5
tai-nghe-bluetooth-true-wireless-havit-tw945,Tai nghe TWS Havit TW945,Nguyễn Văn Lợi,5
tai-nghe-bluetooth-true-wireless-havit-tw945,Tai nghe TWS Havit TW945,Trương Minh Trí,3
tai-nghe-bluetooth-true-wireless-havit-tw945,Tai nghe TWS Havit TW945,Cường,5
tai-nghe-bluetooth-true-wireless-havit-tw945,Tai nghe TWS Havit TW945,Nguyễn Việt Anh,4
tai-nghe-bluetooth-true-wireless-havit-tw945,Tai nghe TWS Havit TW945,Lê Văn Hoàng,5
tai-nghe-bluetooth-true-wireless-havit-tw945,Tai nghe TWS Havit TW945,A Huỳnh,4
tai-nghe-bluetooth-true-wireless-havit-tw945,Tai nghe TWS Havit TW945,Phượng,5
tai-nghe-bluetooth-true-wireless-havit-tw945,Tai nghe TWS Havit TW945,Giang,4
tai-nghe-bluetooth-true-wireless-havit-tw945,Tai nghe TWS Havit TW945,Phan Đình Luân,4
tai-nghe-bluetooth-true-wireless-havit-tw945,Tai nghe TWS Havit TW945,Hà Anh,2
tai-nghe-bluetooth-true-wireless-havit-tw945,Tai nghe TWS Havit TW945,Châu Trần Công Đạt,5
tai-nghe-bluetooth-true-wireless-havit-tw945,Tai nghe TWS Havit TW945,Thành,3
tai-nghe-bluetooth-true-wireless-havit-tw945,Tai nghe TWS Havit TW945,Nguyễn Tấn Lực,4
tai-nghe-bluetooth-true-wireless-havit-tw945,Tai nghe TWS Havit TW945,Nguyễn Văn Phương,5
tai-nghe-bluetooth-true-wireless-havit-tw945,Tai nghe TWS Havit TW945,Duy,3
tai-nghe-bluetooth-true-wireless-havit-tw945,Tai nghe TWS Havit TW945,Lợi,4
tai-nghe-bluetooth-true-wireless-havit-tw945,Tai nghe TWS Havit TW945,Huy,5
tai-nghe-bluetooth-true-wireless-havit-tw945,Tai nghe TWS Havit TW945,Nguyen Thi Ngọc Giàu,5
tai-nghe-bluetooth-true-wireless-havit-tw945,Tai nghe TWS Havit TW945,Khang,5
tai-nghe-bluetooth-true-wireless-havit-tw945,Tai nghe TWS Havit TW945,NGUYỄN NGỌC TRẦN VŨ THẮNG,5
tai-nghe-bluetooth-true-wireless-havit-tw945,Tai nghe TWS Havit TW945,Nguyễn Bùi,5
tai-nghe-bluetooth-true-wireless-havit-tw945,Tai nghe TWS Havit TW945,Hiếu,5
tai-nghe-bluetooth-true-wireless-havit-tw945,Tai nghe TWS Havit TW945,Võ Hùng Khánh,5
tai-nghe-bluetooth-true-wireless-havit-tw945,Tai nghe TWS Havit TW945,Đặng Văn Ưng,4
tai-nghe-bluetooth-sony-wi-c100,Tai nghe Sony WI-C100,Sinh,1
tai-nghe-bluetooth-sony-wi-c100,Tai nghe Sony WI-C100,Sáng Nguyễn,4
tai-nghe-bluetooth-sony-wi-c100,Tai nghe Sony WI-C100,A Chiến,5
tai-nghe-bluetooth-sony-wi-c100,Tai nghe Sony WI-C100,Quỳnh,4
tai-nghe-bluetooth-sony-wi-c100,Tai nghe Sony WI-C100,Nguyễn Hồng Hải,5
tai-nghe-bluetooth-sony-wi-c100,Tai nghe Sony WI-C100,Nguyễn Văn Minh,5
tai-nghe-bluetooth-sony-wi-c100,Tai nghe Sony WI-C100,Hieuvo,4
tai-nghe-bluetooth-sony-wi-c100,Tai nghe Sony WI-C100,Hữu Trung,5
tai-nghe-bluetooth-sony-wi-c100,Tai nghe Sony WI-C100,Tuấn,5
tai-nghe-bluetooth-sony-wi-c100,Tai nghe Sony WI-C100,VÕ DUY MẠNH,4
tai-nghe-bluetooth-true-wireless-samsung-galaxy-buds-3-r530n,Tai nghe TWS Samsung Galaxy Buds3 R530N,Le Văn Hậu,5
tai-nghe-bluetooth-true-wireless-samsung-galaxy-buds-3-r530n,Tai nghe TWS Samsung Galaxy Buds3 R530N,Dương,3
tai-nghe-bluetooth-true-wireless-samsung-galaxy-buds-3-r530n,Tai nghe TWS Samsung Galaxy Buds3 R530N,Trần Thanh Trung,5
tai-nghe-bluetooth-true-wireless-samsung-galaxy-buds-3-r530n,Tai nghe TWS Samsung Galaxy Buds3 R530N,Tr,4
tai-nghe-bluetooth-true-wireless-samsung-galaxy-buds-3-r530n,Tai nghe TWS Samsung Galaxy Buds3 R530N,NGUYỄN THÀNH TRUNG,5
tai-nghe-bluetooth-true-wireless-samsung-galaxy-buds-3-r530n,Tai nghe TWS Samsung Galaxy Buds3 R530N,Nguyễn Vũ Duy Phong,5
tai-nghe-bluetooth-true-wireless-samsung-galaxy-buds-3-r530n,Tai nghe TWS Samsung Galaxy Buds3 R530N,Hồ Hải Thanh,4
tai-nghe-bluetooth-true-wireless-sony-wf-c510,Tai nghe TWS Sony WF-C510,Thuy,5
tai-nghe-bluetooth-true-wireless-sony-wf-c510,Tai nghe TWS Sony WF-C510,Trần Văn Đức,4
tai-nghe-bluetooth-true-wireless-sony-wf-c510,Tai nghe TWS Sony WF-C510,Lam,1
tai-nghe-bluetooth-true-wireless-sony-wf-c510,Tai nghe TWS Sony WF-C510,Tạ Hải Đăng,1
tai-nghe-bluetooth-true-wireless-sony-wf-c510,Tai nghe TWS Sony WF-C510,Chu Đình Thêm,5
tai-nghe-bluetooth-true-wireless-sony-wf-c510,Tai nghe TWS Sony WF-C510,Anh Tí,5
tai-nghe-bluetooth-true-wireless-sony-wf-c510,Tai nghe TWS Sony WF-C510,Quan,5
tai-nghe-bluetooth-true-wireless-sony-wf-c510,Tai nghe TWS Sony WF-C510,Lâm Thư Thiên,4
tai-nghe-tws-jbl-tune-beam-2,Tai nghe TWS JBL Tune Beam 2,Cường,1
tai-nghe-tws-jbl-tune-beam-2,Tai nghe TWS JBL Tune Beam 2,Thắng,1
tai-nghe-tws-jbl-tune-beam-2,Tai nghe TWS JBL Tune Beam 2,Trung,1
tai-nghe-tws-jbl-tune-beam-2,Tai nghe TWS JBL Tune Beam 2,Trung,4
tai-nghe-tws-jbl-tune-beam-2,Tai nghe TWS JBL Tune Beam 2,Hưng,1
tai-nghe-tws-jbl-tune-beam-2,Tai nghe TWS JBL Tune Beam 2,Lữ TerRil,4
tai-nghe-tws-jbl-tune-beam-2,Tai nghe TWS JBL Tune Beam 2,Luu Hoang,4
tai-nghe-tws-jbl-tune-beam-2,Tai nghe TWS JBL Tune Beam 2,Minhuy,3
tai-nghe-bluetooth-tws-xiaomi-redmi-buds-4-lite?utm_flashsale=1,Tai nghe TWS Xiaomi Redmi Buds 4 Lite,Lý Y Nhi,1
tai-nghe-bluetooth-tws-xiaomi-redmi-buds-4-lite?utm_flashsale=1,Tai nghe TWS Xiaomi Redmi Buds 4 Lite,Trần Quốc Thắng,5
tai-nghe-bluetooth-tws-xiaomi-redmi-buds-4-lite?utm_flashsale=1,Tai nghe TWS Xiaomi Redmi Buds 4 Lite,Pham Vinh Tuyen,4
tai-nghe-bluetooth-tws-xiaomi-redmi-buds-4-lite?utm_flashsale=1,Tai nghe TWS Xiaomi Redmi Buds 4 Lite,Vũ Văn Khoa,1
tai-nghe-bluetooth-tws-xiaomi-redmi-buds-4-lite?utm_flashsale=1,Tai nghe TWS Xiaomi Redmi Buds 4 Lite,Đức Dũng,4
tai-nghe-bluetooth-tws-xiaomi-redmi-buds-4-lite?utm_flashsale=1,Tai nghe TWS Xiaomi Redmi Buds 4 Lite,Trường Sơn,5
tai-nghe-bluetooth-tws-xiaomi-redmi-buds-4-lite?utm_flashsale=1,Tai nghe TWS Xiaomi Redmi Buds 4 Lite,A Uy,4
tai-nghe-bluetooth-tws-xiaomi-redmi-buds-4-lite?utm_flashsale=1,Tai nghe TWS Xiaomi Redmi Buds 4 Lite,Tính,3
tai-nghe-bluetooth-tws-xiaomi-redmi-buds-4-lite?utm_flashsale=1,Tai nghe TWS Xiaomi Redmi Buds 4 Lite,Phùng Tuyến,3
tai-nghe-bluetooth-tws-xiaomi-redmi-buds-4-lite?utm_flashsale=1,Tai nghe TWS Xiaomi Redmi Buds 4 Lite,Huỳnh Văn Mãi,4
tai-nghe-bluetooth-tws-xiaomi-redmi-buds-4-lite?utm_flashsale=1,Tai nghe TWS Xiaomi Redmi Buds 4 Lite,Nguyễn Ngọc Sơn,4
tai-nghe-bluetooth-tws-xiaomi-redmi-buds-4-lite?utm_flashsale=1,Tai nghe TWS Xiaomi Redmi Buds 4 Lite,Nhung,4
tai-nghe-bluetooth-tws-xiaomi-redmi-buds-4-lite?utm_flashsale=1,Tai nghe TWS Xiaomi Redmi Buds 4 Lite,Thái Sang,1
tai-nghe-bluetooth-tws-xiaomi-redmi-buds-4-lite?utm_flashsale=1,Tai nghe TWS Xiaomi Redmi Buds 4 Lite,Trieu Vwng,4
tai-nghe-bluetooth-tws-xiaomi-redmi-buds-4-lite?utm_flashsale=1,Tai nghe TWS Xiaomi Redmi Buds 4 Lite,Sang,3
tai-nghe-bluetooth-tws-xiaomi-redmi-buds-4-lite?utm_flashsale=1,Tai nghe TWS Xiaomi Redmi Buds 4 Lite,Lê Thị Yến,3
tai-nghe-bluetooth-tws-xiaomi-redmi-buds-4-lite?utm_flashsale=1,Tai nghe TWS Xiaomi Redmi Buds 4 Lite,Dũng,5
tai-nghe-bluetooth-tws-xiaomi-redmi-buds-4-lite?utm_flashsale=1,Tai nghe TWS Xiaomi Redmi Buds 4 Lite,Minh Phương,3
tai-nghe-bluetooth-tws-xiaomi-redmi-buds-4-lite?utm_flashsale=1,Tai nghe TWS Xiaomi Redmi Buds 4 Lite,Thện,2
tai-nghe-bluetooth-tws-xiaomi-redmi-buds-4-lite?utm_flashsale=1,Tai nghe TWS Xiaomi Redmi Buds 4 Lite,Mr Tịnh,5
tai-nghe-bluetooth-tws-xiaomi-redmi-buds-4-lite?utm_flashsale=1,Tai nghe TWS Xiaomi Redmi Buds 4 Lite,Trần Anh Kiệt,4
tai-nghe-bluetooth-tws-xiaomi-redmi-buds-4-lite?utm_flashsale=1,Tai nghe TWS Xiaomi Redmi Buds 4 Lite,Vũ,1
tai-nghe-bluetooth-tws-xiaomi-redmi-buds-4-lite?utm_flashsale=1,Tai nghe TWS Xiaomi Redmi Buds 4 Lite,Thuong,2
tai-nghe-bluetooth-tws-xiaomi-redmi-buds-4-lite?utm_flashsale=1,Tai nghe TWS Xiaomi Redmi Buds 4 Lite,Chau Sine,3
tai-nghe-bluetooth-tws-xiaomi-redmi-buds-4-lite?utm_flashsale=1,Tai nghe TWS Xiaomi Redmi Buds 4 Lite,Hoàng Nhân,3
tai-nghe-bluetooth-tws-xiaomi-redmi-buds-4-lite?utm_flashsale=1,Tai nghe TWS Xiaomi Redmi Buds 4 Lite,Nguyễn Văn Tài,5
tai-nghe-bluetooth-tws-xiaomi-redmi-buds-4-lite?utm_flashsale=1,Tai nghe TWS Xiaomi Redmi Buds 4 Lite,Ha,3
tai-nghe-bluetooth-tws-xiaomi-redmi-buds-4-lite?utm_flashsale=1,Tai nghe TWS Xiaomi Redmi Buds 4 Lite,Pham Dieu Minh Thanh,3
tai-nghe-bluetooth-tws-xiaomi-redmi-buds-4-lite?utm_flashsale=1,Tai nghe TWS Xiaomi Redmi Buds 4 Lite,Sơn,3
tai-nghe-bluetooth-tws-xiaomi-redmi-buds-4-lite?utm_flashsale=1,Tai nghe TWS Xiaomi Redmi Buds 4 Lite,Vũ Dung,2
tai-nghe-bluetooth-tws-xiaomi-redmi-buds-4-lite?utm_flashsale=1,Tai nghe TWS Xiaomi Redmi Buds 4 Lite,Chứ Dung,5
tai-nghe-bluetooth-tws-xiaomi-redmi-buds-4-lite?utm_flashsale=1,Tai nghe TWS Xiaomi Redmi Buds 4 Lite,Linh,2
tai-nghe-bluetooth-tws-xiaomi-redmi-buds-4-lite?utm_flashsale=1,Tai nghe TWS Xiaomi Redmi Buds 4 Lite,Lê Văn Quang,1
tai-nghe-bluetooth-tws-xiaomi-redmi-buds-4-lite?utm_flashsale=1,Tai nghe TWS Xiaomi Redmi Buds 4 Lite,Toàn,3
tai-nghe-bluetooth-tws-xiaomi-redmi-buds-4-lite?utm_flashsale=1,Tai nghe TWS Xiaomi Redmi Buds 4 Lite,Phạm Hồng Phúc,5
tai-nghe-bluetooth-tws-xiaomi-redmi-buds-4-lite?utm_flashsale=1,Tai nghe TWS Xiaomi Redmi Buds 4 Lite,Hoàng Bá Công,3
tai-nghe-bluetooth-tws-xiaomi-redmi-buds-4-lite?utm_flashsale=1,Tai nghe TWS Xiaomi Redmi Buds 4 Lite,Dinh,5
tai-nghe-bluetooth-tws-xiaomi-redmi-buds-4-lite?utm_flashsale=1,Tai nghe TWS Xiaomi Redmi Buds 4 Lite,Nguyễn Ngọc Nhi,1
tai-nghe-bluetooth-tws-xiaomi-redmi-buds-4-lite?utm_flashsale=1,Tai nghe TWS Xiaomi Redmi Buds 4 Lite,Phan Văn Nhượng,4
tai-nghe-bluetooth-tws-xiaomi-redmi-buds-4-lite?utm_flashsale=1,Tai nghe TWS Xiaomi Redmi Buds 4 Lite,Trương Quang Thắng,4
tai-nghe-bluetooth-tws-xiaomi-redmi-buds-4-lite?utm_flashsale=1,Tai nghe TWS Xiaomi Redmi Buds 4 Lite,Trần Anh Kiệt,4
tai-nghe-bluetooth-tws-xiaomi-redmi-buds-4-lite?utm_flashsale=1,Tai nghe TWS Xiaomi Redmi Buds 4 Lite,Vũ,1
tai-nghe-bluetooth-tws-xiaomi-redmi-buds-4-lite?utm_flashsale=1,Tai nghe TWS Xiaomi Redmi Buds 4 Lite,Thuong,2
tai-nghe-bluetooth-tws-xiaomi-redmi-buds-4-lite?utm_flashsale=1,Tai nghe TWS Xiaomi Redmi Buds 4 Lite,Chau Sine,3
tai-nghe-bluetooth-tws-xiaomi-redmi-buds-4-lite?utm_flashsale=1,Tai nghe TWS Xiaomi Redmi Buds 4 Lite,Hoàng Nhân,3
tai-nghe-bluetooth-tws-xiaomi-redmi-buds-4-lite?utm_flashsale=1,Tai nghe TWS Xiaomi Redmi Buds 4 Lite,Nguyễn Văn Tài,5
tai-nghe-bluetooth-tws-xiaomi-redmi-buds-4-lite?utm_flashsale=1,Tai nghe TWS Xiaomi Redmi Buds 4 Lite,Ha,3
tai-nghe-bluetooth-tws-xiaomi-redmi-buds-4-lite?utm_flashsale=1,Tai nghe TWS Xiaomi Redmi Buds 4 Lite,Pham Dieu Minh Thanh,3
tai-nghe-bluetooth-tws-xiaomi-redmi-buds-4-lite?utm_flashsale=1,Tai nghe TWS Xiaomi Redmi Buds 4 Lite,Sơn,3
tai-nghe-bluetooth-tws-xiaomi-redmi-buds-4-lite?utm_flashsale=1,Tai nghe TWS Xiaomi Redmi Buds 4 Lite,Vũ Dung,2
tai-nghe-bluetooth-tws-xiaomi-redmi-buds-4-lite?utm_flashsale=1,Tai nghe TWS Xiaomi Redmi Buds 4 Lite,Chứ Dung,5
tai-nghe-bluetooth-tws-xiaomi-redmi-buds-4-lite?utm_flashsale=1,Tai nghe TWS Xiaomi Redmi Buds 4 Lite,Linh,2
tai-nghe-bluetooth-tws-xiaomi-redmi-buds-4-lite?utm_flashsale=1,Tai nghe TWS Xiaomi Redmi Buds 4 Lite,Lê Văn Quang,1
tai-nghe-bluetooth-tws-xiaomi-redmi-buds-4-lite?utm_flashsale=1,Tai nghe TWS Xiaomi Redmi Buds 4 Lite,Toàn,3
tai-nghe-bluetooth-tws-xiaomi-redmi-buds-4-lite?utm_flashsale=1,Tai nghe TWS Xiaomi Redmi Buds 4 Lite,Phạm Hồng Phúc,5
tai-nghe-bluetooth-tws-xiaomi-redmi-buds-4-lite?utm_flashsale=1,Tai nghe TWS Xiaomi Redmi Buds 4 Lite,Hoàng Bá Công,3
tai-nghe-bluetooth-tws-xiaomi-redmi-buds-4-lite?utm_flashsale=1,Tai nghe TWS Xiaomi Redmi Buds 4 Lite,Dinh,5
tai-nghe-bluetooth-tws-xiaomi-redmi-buds-4-lite?utm_flashsale=1,Tai nghe TWS Xiaomi Redmi Buds 4 Lite,Nguyễn Ngọc Nhi,1
tai-nghe-bluetooth-tws-xiaomi-redmi-buds-4-lite?utm_flashsale=1,Tai nghe TWS Xiaomi Redmi Buds 4 Lite,Phan Văn Nhượng,4
tai-nghe-bluetooth-tws-xiaomi-redmi-buds-4-lite?utm_flashsale=1,Tai nghe TWS Xiaomi Redmi Buds 4 Lite,Trương Quang Thắng,4
tai-nghe-bluetooth-tws-xiaomi-redmi-buds-4-lite?utm_flashsale=1,Tai nghe TWS Xiaomi Redmi Buds 4 Lite,Ms Vũ,1
tai-nghe-bluetooth-tws-xiaomi-redmi-buds-4-lite?utm_flashsale=1,Tai nghe TWS Xiaomi Redmi Buds 4 Lite,Phước Hùng Võ,4
tai-nghe-bluetooth-tws-xiaomi-redmi-buds-4-lite?utm_flashsale=1,Tai nghe TWS Xiaomi Redmi Buds 4 Lite,Hải,2
tai-nghe-bluetooth-tws-xiaomi-redmi-buds-4-lite?utm_flashsale=1,Tai nghe TWS Xiaomi Redmi Buds 4 Lite,Thanh Trúc,1
tai-nghe-bluetooth-tws-xiaomi-redmi-buds-4-lite?utm_flashsale=1,Tai nghe TWS Xiaomi Redmi Buds 4 Lite,Anh Sang,3
tai-nghe-bluetooth-tws-xiaomi-redmi-buds-4-lite?utm_flashsale=1,Tai nghe TWS Xiaomi Redmi Buds 4 Lite,Anh Hiếu,4
tai-nghe-bluetooth-tws-xiaomi-redmi-buds-4-lite?utm_flashsale=1,Tai nghe TWS Xiaomi Redmi Buds 4 Lite,Hồ Công Sĩ,5
tai-nghe-bluetooth-tws-xiaomi-redmi-buds-4-lite?utm_flashsale=1,Tai nghe TWS Xiaomi Redmi Buds 4 Lite,Đào Minh Quý,4
tai-nghe-bluetooth-tws-xiaomi-redmi-buds-4-lite?utm_flashsale=1,Tai nghe TWS Xiaomi Redmi Buds 4 Lite,Hiển Đen,5
tai-nghe-bluetooth-tws-xiaomi-redmi-buds-4-lite?utm_flashsale=1,Tai nghe TWS Xiaomi Redmi Buds 4 Lite,Anh Cường,1
tai-nghe-bluetooth-tws-xiaomi-redmi-buds-4-lite?utm_flashsale=1,Tai nghe TWS Xiaomi Redmi Buds 4 Lite,Anh Tăng,2
tai-nghe-bluetooth-tws-xiaomi-redmi-buds-4-lite?utm_flashsale=1,Tai nghe TWS Xiaomi Redmi Buds 4 Lite,Nguyễn Hữu Đức,5
tai-nghe-bluetooth-tws-xiaomi-redmi-buds-4-lite?utm_flashsale=1,Tai nghe TWS Xiaomi Redmi Buds 4 Lite,Chi Lan,2
tai-nghe-bluetooth-tws-xiaomi-redmi-buds-4-lite?utm_flashsale=1,Tai nghe TWS Xiaomi Redmi Buds 4 Lite,Nam,4
tai-nghe-bluetooth-tws-xiaomi-redmi-buds-4-lite?utm_flashsale=1,Tai nghe TWS Xiaomi Redmi Buds 4 Lite,Nguyễn Hoàng Long,3
tai-nghe-bluetooth-tws-xiaomi-redmi-buds-4-lite?utm_flashsale=1,Tai nghe TWS Xiaomi Redmi Buds 4 Lite,Nguyễn Thị Kim Ân,3
tai-nghe-bluetooth-tws-xiaomi-redmi-buds-4-lite?utm_flashsale=1,Tai nghe TWS Xiaomi Redmi Buds 4 Lite,Trần Minh Phương,4
tai-nghe-bluetooth-tws-xiaomi-redmi-buds-4-lite?utm_flashsale=1,Tai nghe TWS Xiaomi Redmi Buds 4 Lite,Cao Van Nam,2
tai-nghe-bluetooth-tws-xiaomi-redmi-buds-4-lite?utm_flashsale=1,Tai nghe TWS Xiaomi Redmi Buds 4 Lite,Mai Thành Công,5
tai-nghe-bluetooth-tws-xiaomi-redmi-buds-4-lite?utm_flashsale=1,Tai nghe TWS Xiaomi Redmi Buds 4 Lite,Nguyễn Minh Thái,4
tai-nghe-bluetooth-tws-xiaomi-redmi-buds-4-lite?utm_flashsale=1,Tai nghe TWS Xiaomi Redmi Buds 4 Lite,Nguyen Hong Hai,3
tai-nghe-bluetooth-tws-xiaomi-redmi-buds-4-lite?utm_flashsale=1,Tai nghe TWS Xiaomi Redmi Buds 4 Lite,Nam Nguyễn,2
tai-nghe-bluetooth-tws-xiaomi-redmi-buds-4-lite?utm_flashsale=1,Tai nghe TWS Xiaomi Redmi Buds 4 Lite,Đào Thành Nhật,5
tai-nghe-bluetooth-tws-xiaomi-redmi-buds-4-lite?utm_flashsale=1,Tai nghe TWS Xiaomi Redmi Buds 4 Lite,Võ Ngọc Hoài Hân,4
tai-nghe-bluetooth-tws-xiaomi-redmi-buds-4-lite?utm_flashsale=1,Tai nghe TWS Xiaomi Redmi Buds 4 Lite,Nguyễn Quốc Khánh,3
tai-nghe-bluetooth-tws-xiaomi-redmi-buds-4-lite?utm_flashsale=1,Tai nghe TWS Xiaomi Redmi Buds 4 Lite,Nguyễn Bảo Lộc,2
tai-nghe-bluetooth-tws-xiaomi-redmi-buds-4-lite?utm_flashsale=1,Tai nghe TWS Xiaomi Redmi Buds 4 Lite,Sáng,5
tai-nghe-bluetooth-tws-xiaomi-redmi-buds-4-lite?utm_flashsale=1,Tai nghe TWS Xiaomi Redmi Buds 4 Lite,Lê Đức Cảnh,4
tai-nghe-bluetooth-tws-xiaomi-redmi-buds-4-lite?utm_flashsale=1,Tai nghe TWS Xiaomi Redmi Buds 4 Lite,Anh Lâm,4
tai-nghe-bluetooth-tws-xiaomi-redmi-buds-4-lite?utm_flashsale=1,Tai nghe TWS Xiaomi Redmi Buds 4 Lite,Trần Văn Vương,2
tai-nghe-bluetooth-tws-xiaomi-redmi-buds-4-lite?utm_flashsale=1,Tai nghe TWS Xiaomi Redmi Buds 4 Lite,Ngân,3
tai-nghe-bluetooth-tws-xiaomi-redmi-buds-4-lite?utm_flashsale=1,Tai nghe TWS Xiaomi Redmi Buds 4 Lite,Tran Đai Hai,5
tai-nghe-bluetooth-tws-xiaomi-redmi-buds-4-lite?utm_flashsale=1,Tai nghe TWS Xiaomi Redmi Buds 4 Lite,Dương Thanh Ngọc,5
tai-nghe-bluetooth-tws-xiaomi-redmi-buds-4-lite?utm_flashsale=1,Tai nghe TWS Xiaomi Redmi Buds 4 Lite,Bích,1
tai-nghe-bluetooth-tws-xiaomi-redmi-buds-4-lite?utm_flashsale=1,Tai nghe TWS Xiaomi Redmi Buds 4 Lite,Phạm Đức Lộc,4
tai-nghe-bluetooth-tws-xiaomi-redmi-buds-4-lite?utm_flashsale=1,Tai nghe TWS Xiaomi Redmi Buds 4 Lite,Nguyễn Vân,4
tai-nghe-bluetooth-tws-xiaomi-redmi-buds-4-lite?utm_flashsale=1,Tai nghe TWS Xiaomi Redmi Buds 4 Lite,Tùng,5
tai-nghe-bluetooth-tws-xiaomi-redmi-buds-4-lite?utm_flashsale=1,Tai nghe TWS Xiaomi Redmi Buds 4 Lite,Nguyễn Đình Trung,4
tai-nghe-bluetooth-tws-xiaomi-redmi-buds-4-lite?utm_flashsale=1,Tai nghe TWS Xiaomi Redmi Buds 4 Lite,Anh Nhật,4
tai-nghe-bluetooth-tws-xiaomi-redmi-buds-4-lite?utm_flashsale=1,Tai nghe TWS Xiaomi Redmi Buds 4 Lite,Trung,4
tai-nghe-bluetooth-tws-xiaomi-redmi-buds-4-lite?utm_flashsale=1,Tai nghe TWS Xiaomi Redmi Buds 4 Lite,Quyet,2
tai-nghe-bluetooth-tws-xiaomi-redmi-buds-4-lite?utm_flashsale=1,Tai nghe TWS Xiaomi Redmi Buds 4 Lite,Phạm Trung Duy,3
tai-nghe-bluetooth-tws-xiaomi-redmi-buds-4-lite?utm_flashsale=1,Tai nghe TWS Xiaomi Redmi Buds 4 Lite,Phan Tấn Duy,5
tai-nghe-bluetooth-tws-xiaomi-redmi-buds-4-lite?utm_flashsale=1,Tai nghe TWS Xiaomi Redmi Buds 4 Lite,Bùi Thanh Toàn,2
tai-nghe-bluetooth-tws-xiaomi-redmi-buds-4-lite?utm_flashsale=1,Tai nghe TWS Xiaomi Redmi Buds 4 Lite,Anh Trung Tính,3
tai-nghe-bluetooth-tws-xiaomi-redmi-buds-4-lite?utm_flashsale=1,Tai nghe TWS Xiaomi Redmi Buds 4 Lite,Anh Sơn,4
tai-nghe-bluetooth-tws-xiaomi-redmi-buds-4-lite?utm_flashsale=1,Tai nghe TWS Xiaomi Redmi Buds 4 Lite,Nghiêm Văn Vỹ,3
tai-nghe-bluetooth-tws-xiaomi-redmi-buds-4-lite?utm_flashsale=1,Tai nghe TWS Xiaomi Redmi Buds 4 Lite,Nguyễn Trung Hậu,4
tai-nghe-bluetooth-tws-xiaomi-redmi-buds-4-lite?utm_flashsale=1,Tai nghe TWS Xiaomi Redmi Buds 4 Lite,Nguyễn Văn Sơn,5
tai-nghe-bluetooth-tws-xiaomi-redmi-buds-4-lite?utm_flashsale=1,Tai nghe TWS Xiaomi Redmi Buds 4 Lite,Lợi,4
tai-nghe-bluetooth-tws-xiaomi-redmi-buds-4-lite?utm_flashsale=1,Tai nghe TWS Xiaomi Redmi Buds 4 Lite,Nguyễn Văn Sang,3
tai-nghe-bluetooth-tws-xiaomi-redmi-buds-4-lite?utm_flashsale=1,Tai nghe TWS Xiaomi Redmi Buds 4 Lite,Hưng,5
tai-nghe-bluetooth-tws-xiaomi-redmi-buds-4-lite?utm_flashsale=1,Tai nghe TWS Xiaomi Redmi Buds 4 Lite,Trung,4
tai-nghe-bluetooth-tws-xiaomi-redmi-buds-4-lite?utm_flashsale=1,Tai nghe TWS Xiaomi Redmi Buds 4 Lite,Vũ Bá Nghĩa,5
tai-nghe-bluetooth-tws-xiaomi-redmi-buds-4-lite?utm_flashsale=1,Tai nghe TWS Xiaomi Redmi Buds 4 Lite,Nguyễn Văn Dược,4
tai-nghe-bluetooth-tws-xiaomi-redmi-buds-4-lite?utm_flashsale=1,Tai nghe TWS Xiaomi Redmi Buds 4 Lite,Bác Thiện,5
tai-nghe-bluetooth-tws-xiaomi-redmi-buds-4-lite?utm_flashsale=1,Tai nghe TWS Xiaomi Redmi Buds 4 Lite,Trần Thanh Quang,1
tai-nghe-bluetooth-tws-xiaomi-redmi-buds-4-lite?utm_flashsale=1,Tai nghe TWS Xiaomi Redmi Buds 4 Lite,Sang,2
tai-nghe-bluetooth-tws-xiaomi-redmi-buds-4-lite?utm_flashsale=1,Tai nghe TWS Xiaomi Redmi Buds 4 Lite,Vân Anh,5
tai-nghe-bluetooth-tws-xiaomi-redmi-buds-4-lite?utm_flashsale=1,Tai nghe TWS Xiaomi Redmi Buds 4 Lite,Phan Thanh Hòa,5
tai-nghe-bluetooth-tws-xiaomi-redmi-buds-4-lite?utm_flashsale=1,Tai nghe TWS Xiaomi Redmi Buds 4 Lite,Thu Hà,5
tai-nghe-bluetooth-tws-xiaomi-redmi-buds-4-lite?utm_flashsale=1,Tai nghe TWS Xiaomi Redmi Buds 4 Lite,Nguyễn Tuyên,5
tai-nghe-bluetooth-tws-xiaomi-redmi-buds-4-lite?utm_flashsale=1,Tai nghe TWS Xiaomi Redmi Buds 4 Lite,Bùi Văn Cường,3
tai-nghe-bluetooth-tws-xiaomi-redmi-buds-4-lite?utm_flashsale=1,Tai nghe TWS Xiaomi Redmi Buds 4 Lite,Nhẫn,5
tai-nghe-bluetooth-tws-xiaomi-redmi-buds-4-lite?utm_flashsale=1,Tai nghe TWS Xiaomi Redmi Buds 4 Lite,Bùi Thành Long,5
tai-nghe-bluetooth-tws-xiaomi-redmi-buds-4-lite?utm_flashsale=1,Tai nghe TWS Xiaomi Redmi Buds 4 Lite,ĐINH THỊ GIANG,5
tai-nghe-bluetooth-tws-xiaomi-redmi-buds-4-lite?utm_flashsale=1,Tai nghe TWS Xiaomi Redmi Buds 4 Lite,LE THI QUYNH LINH,5
tai-nghe-bluetooth-tws-xiaomi-redmi-buds-4-lite?utm_flashsale=1,Tai nghe TWS Xiaomi Redmi Buds 4 Lite,Đặng Kim Liên,5
tai-nghe-bluetooth-tws-xiaomi-redmi-buds-4-lite?utm_flashsale=1,Tai nghe TWS Xiaomi Redmi Buds 4 Lite,Bùi Đức Vượng,3
tai-nghe-bluetooth-tws-xiaomi-redmi-buds-4-lite?utm_flashsale=1,Tai nghe TWS Xiaomi Redmi Buds 4 Lite,Vũ Duy Phương,5
tai-nghe-bluetooth-tws-xiaomi-redmi-buds-4-lite?utm_flashsale=1,Tai nghe TWS Xiaomi Redmi Buds 4 Lite,Nguyễn Công Thắng,5
tai-nghe-bluetooth-tws-xiaomi-redmi-buds-4-lite?utm_flashsale=1,Tai nghe TWS Xiaomi Redmi Buds 4 Lite,Vĩnh,5
tai-nghe-bluetooth-tws-xiaomi-redmi-buds-4-lite?utm_flashsale=1,Tai nghe TWS Xiaomi Redmi Buds 4 Lite,Em Tùng,4
tai-nghe-bluetooth-tws-xiaomi-redmi-buds-4-lite?utm_flashsale=1,Tai nghe TWS Xiaomi Redmi Buds 4 Lite,Nguyễn Văn Long,4
tai-nghe-bluetooth-tws-xiaomi-redmi-buds-4-lite?utm_flashsale=1,Tai nghe TWS Xiaomi Redmi Buds 4 Lite,Võ Thanh Tùng,5
tai-nghe-bluetooth-tws-xiaomi-redmi-buds-4-lite?utm_flashsale=1,Tai nghe TWS Xiaomi Redmi Buds 4 Lite,Nguyễn Minh Thành,1
tai-nghe-bluetooth-tws-xiaomi-redmi-buds-4-lite?utm_flashsale=1,Tai nghe TWS Xiaomi Redmi Buds 4 Lite,Thiện,5
tai-nghe-bluetooth-tws-xiaomi-redmi-buds-4-lite?utm_flashsale=1,Tai nghe TWS Xiaomi Redmi Buds 4 Lite,Anh Phát,3
tai-nghe-bluetooth-tws-xiaomi-redmi-buds-4-lite?utm_flashsale=1,Tai nghe TWS Xiaomi Redmi Buds 4 Lite,Nguyễn Nam Hải,5
tai-nghe-bluetooth-tws-xiaomi-redmi-buds-4-lite?utm_flashsale=1,Tai nghe TWS Xiaomi Redmi Buds 4 Lite,Huỳnh Phương Bảo Anh,5
tai-nghe-bluetooth-tws-xiaomi-redmi-buds-4-lite?utm_flashsale=1,Tai nghe TWS Xiaomi Redmi Buds 4 Lite,Nguyễn Thái Tuyên,4
tai-nghe-bluetooth-tws-xiaomi-redmi-buds-4-lite?utm_flashsale=1,Tai nghe TWS Xiaomi Redmi Buds 4 Lite,NGUYỄN THỊ LINH,5
tai-nghe-bluetooth-tws-xiaomi-redmi-buds-4-lite?utm_flashsale=1,Tai nghe TWS Xiaomi Redmi Buds 4 Lite,Hoàng Thanh Liêm,5
tai-nghe-bluetooth-tws-xiaomi-redmi-buds-4-lite?utm_flashsale=1,Tai nghe TWS Xiaomi Redmi Buds 4 Lite,C Mỷ,5
tai-nghe-bluetooth-tws-xiaomi-redmi-buds-4-lite?utm_flashsale=1,Tai nghe TWS Xiaomi Redmi Buds 4 Lite,Anh Ninh,3
tai-nghe-bluetooth-tws-xiaomi-redmi-buds-4-lite?utm_flashsale=1,Tai nghe TWS Xiaomi Redmi Buds 4 Lite,Phạm Thị Hạnh Tú,4
tai-nghe-bluetooth-tws-xiaomi-redmi-buds-4-lite?utm_flashsale=1,Tai nghe TWS Xiaomi Redmi Buds 4 Lite,Nguyễn Văn Hậu,3
tai-nghe-bluetooth-tws-xiaomi-redmi-buds-4-lite?utm_flashsale=1,Tai nghe TWS Xiaomi Redmi Buds 4 Lite,Lê Thanh Quang,5
tai-nghe-bluetooth-tws-xiaomi-redmi-buds-4-lite?utm_flashsale=1,Tai nghe TWS Xiaomi Redmi Buds 4 Lite,Trần Thanh Quí,4
tai-nghe-bluetooth-tws-xiaomi-redmi-buds-4-lite?utm_flashsale=1,Tai nghe TWS Xiaomi Redmi Buds 4 Lite,Anh Thiện,4
tai-nghe-bluetooth-tws-xiaomi-redmi-buds-4-lite?utm_flashsale=1,Tai nghe TWS Xiaomi Redmi Buds 4 Lite,Chú Phạm Văn Rĩnh,5
tai-nghe-bluetooth-tws-xiaomi-redmi-buds-4-lite?utm_flashsale=1,Tai nghe TWS Xiaomi Redmi Buds 4 Lite,Nguyen Duy Quang,4
tai-nghe-bluetooth-tws-xiaomi-redmi-buds-4-lite?utm_flashsale=1,Tai nghe TWS Xiaomi Redmi Buds 4 Lite,Nguyễn Văn Đô,5
tai-nghe-bluetooth-tws-xiaomi-redmi-buds-4-lite?utm_flashsale=1,Tai nghe TWS Xiaomi Redmi Buds 4 Lite,Trần Hoàng Minh,4
tai-nghe-bluetooth-tws-xiaomi-redmi-buds-4-lite?utm_flashsale=1,Tai nghe TWS Xiaomi Redmi Buds 4 Lite,Hiệp,5
tai-nghe-bluetooth-tws-xiaomi-redmi-buds-4-lite?utm_flashsale=1,Tai nghe TWS Xiaomi Redmi Buds 4 Lite,Hùynh Việt Namhuy,5
tai-nghe-bluetooth-tws-xiaomi-redmi-buds-4-lite?utm_flashsale=1,Tai nghe TWS Xiaomi Redmi Buds 4 Lite,Bế Văn Bao,4
tai-nghe-bluetooth-tws-xiaomi-redmi-buds-4-lite?utm_flashsale=1,Tai nghe TWS Xiaomi Redmi Buds 4 Lite,Hoàng Minh Đức,4
tai-nghe-bluetooth-tws-xiaomi-redmi-buds-4-lite?utm_flashsale=1,Tai nghe TWS Xiaomi Redmi Buds 4 Lite,NGUYỄN THÁI VINH,5
tai-nghe-bluetooth-tws-xiaomi-redmi-buds-4-lite?utm_flashsale=1,Tai nghe TWS Xiaomi Redmi Buds 4 Lite,,5
tai-nghe-bluetooth-tws-xiaomi-redmi-buds-4-lite?utm_flashsale=1,Tai nghe TWS Xiaomi Redmi Buds 4 Lite,Khánh,5
tai-nghe-bluetooth-tws-xiaomi-redmi-buds-4-lite?utm_flashsale=1,Tai nghe TWS Xiaomi Redmi Buds 4 Lite,Nguyễn Công Hiếu,1
tai-nghe-bluetooth-tws-xiaomi-redmi-buds-4-lite?utm_flashsale=1,Tai nghe TWS Xiaomi Redmi Buds 4 Lite,Huỳnh Trúc Quyên,4
tai-nghe-bluetooth-tws-xiaomi-redmi-buds-4-lite?utm_flashsale=1,Tai nghe TWS Xiaomi Redmi Buds 4 Lite,Anh Thi,4
tai-nghe-bluetooth-tws-xiaomi-redmi-buds-4-lite?utm_flashsale=1,Tai nghe TWS Xiaomi Redmi Buds 4 Lite,Bạn Thành,4
tai-nghe-bluetooth-tws-xiaomi-redmi-buds-4-lite?utm_flashsale=1,Tai nghe TWS Xiaomi Redmi Buds 4 Lite,Trần Trung Mạnh,5
tai-nghe-bluetooth-tws-xiaomi-redmi-buds-4-lite?utm_flashsale=1,Tai nghe TWS Xiaomi Redmi Buds 4 Lite,Anh Tùng,4
tai-nghe-bluetooth-tws-xiaomi-redmi-buds-4-lite?utm_flashsale=1,Tai nghe TWS Xiaomi Redmi Buds 4 Lite,Nguyen Thi Bich Thuy,5
tai-nghe-bluetooth-tws-xiaomi-redmi-buds-4-lite?utm_flashsale=1,Tai nghe TWS Xiaomi Redmi Buds 4 Lite,C Trang,4
tai-nghe-bluetooth-tws-xiaomi-redmi-buds-4-lite?utm_flashsale=1,Tai nghe TWS Xiaomi Redmi Buds 4 Lite,Hải,5
tai-nghe-bluetooth-tws-xiaomi-redmi-buds-4-lite?utm_flashsale=1,Tai nghe TWS Xiaomi Redmi Buds 4 Lite,Phan Lê Bảo Trung,4
tai-nghe-bluetooth-tws-xiaomi-redmi-buds-4-lite?utm_flashsale=1,Tai nghe TWS Xiaomi Redmi Buds 4 Lite,Anh Toản,4
tai-nghe-bluetooth-tws-xiaomi-redmi-buds-4-lite?utm_flashsale=1,Tai nghe TWS Xiaomi Redmi Buds 4 Lite,Sử,5
tai-nghe-bluetooth-tws-xiaomi-redmi-buds-4-lite?utm_flashsale=1,Tai nghe TWS Xiaomi Redmi Buds 4 Lite,Pô,5
tai-nghe-bluetooth-tws-xiaomi-redmi-buds-4-lite?utm_flashsale=1,Tai nghe TWS Xiaomi Redmi Buds 4 Lite,LÊ BẢO VINH,3
tai-nghe-bluetooth-tws-xiaomi-redmi-buds-4-lite?utm_flashsale=1,Tai nghe TWS Xiaomi Redmi Buds 4 Lite,Anh Khôi,5
tai-nghe-bluetooth-tws-xiaomi-redmi-buds-4-lite?utm_flashsale=1,Tai nghe TWS Xiaomi Redmi Buds 4 Lite,Nguyễn Trường Giang,5
tai-nghe-bluetooth-tws-xiaomi-redmi-buds-4-lite?utm_flashsale=1,Tai nghe TWS Xiaomi Redmi Buds 4 Lite,A Vinh,4
tai-nghe-bluetooth-tws-xiaomi-redmi-buds-4-lite?utm_flashsale=1,Tai nghe TWS Xiaomi Redmi Buds 4 Lite,Kim Anh,5
tai-nghe-bluetooth-tws-xiaomi-redmi-buds-4-lite?utm_flashsale=1,Tai nghe TWS Xiaomi Redmi Buds 4 Lite,Anh Hoang,5
tai-nghe-bluetooth-tws-xiaomi-redmi-buds-4-lite?utm_flashsale=1,Tai nghe TWS Xiaomi Redmi Buds 4 Lite,ĐINH VĂN Ý,5
tai-nghe-bluetooth-tws-xiaomi-redmi-buds-4-lite?utm_flashsale=1,Tai nghe TWS Xiaomi Redmi Buds 4 Lite,Anh Thắng,3
tai-nghe-bluetooth-tws-xiaomi-redmi-buds-4-lite?utm_flashsale=1,Tai nghe TWS Xiaomi Redmi Buds 4 Lite,Trần Quốc Khánh,4
tai-nghe-bluetooth-tws-xiaomi-redmi-buds-4-lite?utm_flashsale=1,Tai nghe TWS Xiaomi Redmi Buds 4 Lite,Vũ Văn Sơn,5
tai-nghe-bluetooth-tws-xiaomi-redmi-buds-4-lite?utm_flashsale=1,Tai nghe TWS Xiaomi Redmi Buds 4 Lite,LÊ QUỐC PHONG,4
tai-nghe-bluetooth-tws-xiaomi-redmi-buds-4-lite?utm_flashsale=1,Tai nghe TWS Xiaomi Redmi Buds 4 Lite,Anh,3
tai-nghe-bluetooth-tws-xiaomi-redmi-buds-4-lite?utm_flashsale=1,Tai nghe TWS Xiaomi Redmi Buds 4 Lite,Trung,5
tai-nghe-bluetooth-tws-xiaomi-redmi-buds-4-lite?utm_flashsale=1,Tai nghe TWS Xiaomi Redmi Buds 4 Lite,Em Nhu,5
tai-nghe-bluetooth-tws-xiaomi-redmi-buds-4-lite?utm_flashsale=1,Tai nghe TWS Xiaomi Redmi Buds 4 Lite,Quý,4
tai-nghe-bluetooth-tws-xiaomi-redmi-buds-4-lite?utm_flashsale=1,Tai nghe TWS Xiaomi Redmi Buds 4 Lite,Hoàng Văn Bắc,5
tai-nghe-bluetooth-tws-xiaomi-redmi-buds-4-lite?utm_flashsale=1,Tai nghe TWS Xiaomi Redmi Buds 4 Lite,Vân,3
tai-nghe-bluetooth-tws-xiaomi-redmi-buds-4-lite?utm_flashsale=1,Tai nghe TWS Xiaomi Redmi Buds 4 Lite,Trần Ngọc Hùng,4
tai-nghe-bluetooth-tws-xiaomi-redmi-buds-4-lite?utm_flashsale=1,Tai nghe TWS Xiaomi Redmi Buds 4 Lite,Pham Thành,4
tai-nghe-bluetooth-tws-xiaomi-redmi-buds-4-lite?utm_flashsale=1,Tai nghe TWS Xiaomi Redmi Buds 4 Lite,Phạm Văn Nên,5
tai-nghe-bluetooth-tws-xiaomi-redmi-buds-4-lite?utm_flashsale=1,Tai nghe TWS Xiaomi Redmi Buds 4 Lite,Thái Minh Nhứt,5
tai-nghe-bluetooth-tws-xiaomi-redmi-buds-4-lite?utm_flashsale=1,Tai nghe TWS Xiaomi Redmi Buds 4 Lite,Phan Thị Thu Ngân,2
tai-nghe-bluetooth-tws-xiaomi-redmi-buds-4-lite?utm_flashsale=1,Tai nghe TWS Xiaomi Redmi Buds 4 Lite,Huỳnh Như,4
tai-nghe-bluetooth-tws-xiaomi-redmi-buds-4-lite?utm_flashsale=1,Tai nghe TWS Xiaomi Redmi Buds 4 Lite,Trưởng,5
tai-nghe-bluetooth-tws-xiaomi-redmi-buds-4-lite?utm_flashsale=1,Tai nghe TWS Xiaomi Redmi Buds 4 Lite,Nguyễn Minh Đức,5
tai-nghe-bluetooth-tws-xiaomi-redmi-buds-4-lite?utm_flashsale=1,Tai nghe TWS Xiaomi Redmi Buds 4 Lite,Anh Vinh,5
tai-nghe-bluetooth-tws-xiaomi-redmi-buds-4-lite?utm_flashsale=1,Tai nghe TWS Xiaomi Redmi Buds 4 Lite,Duong Huan,5
tai-nghe-bluetooth-tws-xiaomi-redmi-buds-4-lite?utm_flashsale=1,Tai nghe TWS Xiaomi Redmi Buds 4 Lite,Mỹ Linh,5
tai-nghe-bluetooth-tws-xiaomi-redmi-buds-4-lite?utm_flashsale=1,Tai nghe TWS Xiaomi Redmi Buds 4 Lite,Nam,3
tai-nghe-bluetooth-tws-xiaomi-redmi-buds-4-lite?utm_flashsale=1,Tai nghe TWS Xiaomi Redmi Buds 4 Lite,Trần Nguyễn Tuấn Anh,4
tai-nghe-bluetooth-tws-xiaomi-redmi-buds-4-lite?utm_flashsale=1,Tai nghe TWS Xiaomi Redmi Buds 4 Lite,Bảo,5
tai-nghe-bluetooth-tws-xiaomi-redmi-buds-4-lite?utm_flashsale=1,Tai nghe TWS Xiaomi Redmi Buds 4 Lite,Hưng,3
tai-nghe-bluetooth-tws-xiaomi-redmi-buds-4-lite?utm_flashsale=1,Tai nghe TWS Xiaomi Redmi Buds 4 Lite,A Phát,4
tai-nghe-bluetooth-tws-xiaomi-redmi-buds-4-lite?utm_flashsale=1,Tai nghe TWS Xiaomi Redmi Buds 4 Lite,A Trường,5
tai-nghe-bluetooth-tws-xiaomi-redmi-buds-4-lite?utm_flashsale=1,Tai nghe TWS Xiaomi Redmi Buds 4 Lite,Nguyễn Minh Hiếu,5
tai-nghe-bluetooth-tws-xiaomi-redmi-buds-4-lite?utm_flashsale=1,Tai nghe TWS Xiaomi Redmi Buds 4 Lite,Dương Chung,5
tai-nghe-bluetooth-tws-xiaomi-redmi-buds-4-lite?utm_flashsale=1,Tai nghe TWS Xiaomi Redmi Buds 4 Lite,Đặng Nhật Minh,5
tai-nghe-bluetooth-tws-xiaomi-redmi-buds-4-lite?utm_flashsale=1,Tai nghe TWS Xiaomi Redmi Buds 4 Lite,Nguyễn Văn Thanh,4
tai-nghe-bluetooth-tws-xiaomi-redmi-buds-4-lite?utm_flashsale=1,Tai nghe TWS Xiaomi Redmi Buds 4 Lite,Chị Nhường,4
tai-nghe-bluetooth-tws-xiaomi-redmi-buds-4-lite?utm_flashsale=1,Tai nghe TWS Xiaomi Redmi Buds 4 Lite,Lâm Văn Tâm,3
tai-nghe-bluetooth-tws-xiaomi-redmi-buds-4-lite?utm_flashsale=1,Tai nghe TWS Xiaomi Redmi Buds 4 Lite,Nguyễn Thị Chung,5
tai-nghe-bluetooth-tws-xiaomi-redmi-buds-4-lite?utm_flashsale=1,Tai nghe TWS Xiaomi Redmi Buds 4 Lite,Lưu Quang Trung,4
tai-nghe-bluetooth-tws-xiaomi-redmi-buds-4-lite?utm_flashsale=1,Tai nghe TWS Xiaomi Redmi Buds 4 Lite,Trần Lệnh,5
tai-nghe-bluetooth-tws-xiaomi-redmi-buds-4-lite?utm_flashsale=1,Tai nghe TWS Xiaomi Redmi Buds 4 Lite,Chị Thuyết,4
tai-nghe-bluetooth-tws-xiaomi-redmi-buds-4-lite?utm_flashsale=1,Tai nghe TWS Xiaomi Redmi Buds 4 Lite,Nguyễn Trang,5
tai-nghe-bluetooth-tws-xiaomi-redmi-buds-4-lite?utm_flashsale=1,Tai nghe TWS Xiaomi Redmi Buds 4 Lite,Bình,4
tai-nghe-bluetooth-tws-xiaomi-redmi-buds-4-lite?utm_flashsale=1,Tai nghe TWS Xiaomi Redmi Buds 4 Lite,Huỳnh Như,4
tai-nghe-bluetooth-tws-xiaomi-redmi-buds-4-lite?utm_flashsale=1,Tai nghe TWS Xiaomi Redmi Buds 4 Lite,Trần Nguyên Mạnh,4
tai-nghe-bluetooth-tws-xiaomi-redmi-buds-4-lite?utm_flashsale=1,Tai nghe TWS Xiaomi Redmi Buds 4 Lite,Châu Khoa,4
tai-nghe-bluetooth-chup-tai-sony-wh-ch720n,Tai nghe Chụp Tai Sony WH-CH720N,Thành,5
tai-nghe-bluetooth-true-wireless-havit-tw967-pro,Tai nghe TWS Havit TW967 Pro,NGUYEN HOANG ANH,5
tai-nghe-bluetooth-true-wireless-havit-tw967-pro,Tai nghe TWS Havit TW967 Pro,Định,3
tai-nghe-tws-xiaomi-redmi-buds-6-pro,Tai nghe TWS Xiaomi Redmi Buds 6 Pro,Chung,1
tai-nghe-tws-xiaomi-redmi-buds-6-pro,Tai nghe TWS Xiaomi Redmi Buds 6 Pro,Nguyễn Quang Vũ,5
tai-nghe-tws-xiaomi-redmi-buds-6-pro,Tai nghe TWS Xiaomi Redmi Buds 6 Pro,Trần Hậu,4
tai-nghe-bluetooth-true-wireless-havit-tw947,Tai nghe TWS Havit TW947,Huynh,2
tai-nghe-bluetooth-true-wireless-havit-tw947,Tai nghe TWS Havit TW947,Anh Thư,5
tai-nghe-bluetooth-true-wireless-havit-tw947,Tai nghe TWS Havit TW947,VO DUY TIEN,3
tai-nghe-bluetooth-true-wireless-havit-tw947,Tai nghe TWS Havit TW947,Vẻ,1
tai-nghe-bluetooth-true-wireless-havit-tw947,Tai nghe TWS Havit TW947,Nguyễn Hoàng Huy,4
tai-nghe-bluetooth-true-wireless-havit-tw947,Tai nghe TWS Havit TW947,Thiện,2
tai-nghe-bluetooth-true-wireless-havit-tw947,Tai nghe TWS Havit TW947,Lê Hoài Hận,5
tai-nghe-bluetooth-true-wireless-havit-tw947,Tai nghe TWS Havit TW947,Trần Văn Nghĩa,5
tai-nghe-bluetooth-true-wireless-havit-tw947,Tai nghe TWS Havit TW947,Võ Thanh Trúc,5
tai-nghe-bluetooth-true-wireless-havit-tw947,Tai nghe TWS Havit TW947,Trần Trường Khả,1
tai-nghe-bluetooth-true-wireless-havit-tw947,Tai nghe TWS Havit TW947,Trần Thị Diễm Sương,3
tai-nghe-bluetooth-true-wireless-havit-tw947,Tai nghe TWS Havit TW947,Vi Chiêu,3
tai-nghe-bluetooth-true-wireless-havit-tw947,Tai nghe TWS Havit TW947,Bé Bi,2
tai-nghe-bluetooth-true-wireless-havit-tw947,Tai nghe TWS Havit TW947,Nghi,5
tai-nghe-bluetooth-true-wireless-havit-tw947,Tai nghe TWS Havit TW947,Khôi,5
tai-nghe-bluetooth-true-wireless-havit-tw947,Tai nghe TWS Havit TW947,Phương,3
tai-nghe-bluetooth-true-wireless-havit-tw947,Tai nghe TWS Havit TW947,Phan Chí Linh,4
tai-nghe-bluetooth-true-wireless-havit-tw947,Tai nghe TWS Havit TW947,A Hiền,3
tai-nghe-bluetooth-true-wireless-havit-tw947,Tai nghe TWS Havit TW947,Tính,4
tai-nghe-bluetooth-true-wireless-havit-tw947,Tai nghe TWS Havit TW947,Ngọc Anh,4
tai-nghe-bluetooth-true-wireless-havit-tw947,Tai nghe TWS Havit TW947,Đoàn Lê Anh,5
tai-nghe-bluetooth-true-wireless-havit-tw947,Tai nghe TWS Havit TW947,Và Bá Chểnh,5
tai-nghe-bluetooth-true-wireless-havit-tw947,Tai nghe TWS Havit TW947,Thủy,5
tai-nghe-bluetooth-true-wireless-havit-tw947,Tai nghe TWS Havit TW947,Lê Bá Điển,5
tai-nghe-bluetooth-true-wireless-havit-tw947,Tai nghe TWS Havit TW947,Nguyễn Văn Hải,5
tai-nghe-bluetooth-true-wireless-havit-tw947,Tai nghe TWS Havit TW947,Nguyễn Thanh Tùng,4
tai-nghe-bluetooth-true-wireless-havit-tw947,Tai nghe TWS Havit TW947,Minh Anh,5
tai-nghe-bluetooth-true-wireless-havit-tw947,Tai nghe TWS Havit TW947,Vũ Văn Vinh,2
tai-nghe-bluetooth-true-wireless-havit-tw947,Tai nghe TWS Havit TW947,Vũ Ngọc Tân,4
tai-nghe-bluetooth-true-wireless-havit-tw947,Tai nghe TWS Havit TW947,TRẦN VĂN TÂM,5
tai-nghe-bluetooth-true-wireless-havit-tw947,Tai nghe TWS Havit TW947,Trường Nguyễn,5
tai-nghe-bluetooth-true-wireless-havit-tw947,Tai nghe TWS Havit TW947,Đức,3
tai-nghe-bluetooth-true-wireless-havit-tw947,Tai nghe TWS Havit TW947,Thạch Nguyển,4
tai-nghe-bluetooth-true-wireless-havit-tw947,Tai nghe TWS Havit TW947,Thanh Tài,3
tai-nghe-bluetooth-true-wireless-havit-tw947,Tai nghe TWS Havit TW947,Hoàng Văn Toàn,5
tai-nghe-bluetooth-true-wireless-havit-tw947,Tai nghe TWS Havit TW947,Quyết,3
tai-nghe-bluetooth-true-wireless-havit-tw947,Tai nghe TWS Havit TW947,Anh Thái,3
tai-nghe-bluetooth-true-wireless-havit-tw947,Tai nghe TWS Havit TW947,Lại Văn Ba,4
tai-nghe-bluetooth-true-wireless-havit-tw947,Tai nghe TWS Havit TW947,Hiến,4
tai-nghe-bluetooth-true-wireless-havit-tw947,Tai nghe TWS Havit TW947,Bích Trâm,4
tai-nghe-bluetooth-true-wireless-havit-tw947,Tai nghe TWS Havit TW947,Đoàn Lê Anh,5
tai-nghe-bluetooth-true-wireless-havit-tw947,Tai nghe TWS Havit TW947,Và Bá Chểnh,5
tai-nghe-bluetooth-true-wireless-havit-tw947,Tai nghe TWS Havit TW947,Thủy,5
tai-nghe-bluetooth-true-wireless-havit-tw947,Tai nghe TWS Havit TW947,Lê Bá Điển,5
tai-nghe-bluetooth-true-wireless-havit-tw947,Tai nghe TWS Havit TW947,Nguyễn Văn Hải,5
tai-nghe-bluetooth-true-wireless-havit-tw947,Tai nghe TWS Havit TW947,Nguyễn Thanh Tùng,4
tai-nghe-bluetooth-true-wireless-havit-tw947,Tai nghe TWS Havit TW947,Minh Anh,5
tai-nghe-bluetooth-true-wireless-havit-tw947,Tai nghe TWS Havit TW947,Vũ Văn Vinh,2
tai-nghe-bluetooth-true-wireless-havit-tw947,Tai nghe TWS Havit TW947,Vũ Ngọc Tân,4
tai-nghe-bluetooth-true-wireless-havit-tw947,Tai nghe TWS Havit TW947,TRẦN VĂN TÂM,5
tai-nghe-bluetooth-true-wireless-havit-tw947,Tai nghe TWS Havit TW947,Trường Nguyễn,5
tai-nghe-bluetooth-true-wireless-havit-tw947,Tai nghe TWS Havit TW947,Đức,3
tai-nghe-bluetooth-true-wireless-havit-tw947,Tai nghe TWS Havit TW947,Thạch Nguyển,4
tai-nghe-bluetooth-true-wireless-havit-tw947,Tai nghe TWS Havit TW947,Thanh Tài,3
tai-nghe-bluetooth-true-wireless-havit-tw947,Tai nghe TWS Havit TW947,Hoàng Văn Toàn,5
tai-nghe-bluetooth-true-wireless-havit-tw947,Tai nghe TWS Havit TW947,Quyết,3
tai-nghe-bluetooth-true-wireless-havit-tw947,Tai nghe TWS Havit TW947,Anh Thái,3
tai-nghe-bluetooth-true-wireless-havit-tw947,Tai nghe TWS Havit TW947,Lại Văn Ba,4
tai-nghe-bluetooth-true-wireless-havit-tw947,Tai nghe TWS Havit TW947,Hiến,4
tai-nghe-bluetooth-true-wireless-havit-tw947,Tai nghe TWS Havit TW947,Bích Trâm,4
tai-nghe-bluetooth-true-wireless-havit-tw947,Tai nghe TWS Havit TW947,Anh Mol,5
tai-nghe-bluetooth-true-wireless-havit-tw947,Tai nghe TWS Havit TW947,Huỳnh Trí Thành,5
tai-nghe-bluetooth-true-wireless-havit-tw947,Tai nghe TWS Havit TW947,Anh Sang,5
tai-nghe-bluetooth-true-wireless-havit-tw947,Tai nghe TWS Havit TW947,Bảo Ngọc,5
tai-nghe-bluetooth-true-wireless-havit-tw947,Tai nghe TWS Havit TW947,Nam,5
tai-nghe-bluetooth-true-wireless-havit-tw947,Tai nghe TWS Havit TW947,Thùy Trang,3
tai-nghe-bluetooth-true-wireless-havit-tw947,Tai nghe TWS Havit TW947,LĂNG VI LINH,5
tai-nghe-bluetooth-true-wireless-havit-tw947,Tai nghe TWS Havit TW947,Duyen,4
tai-nghe-bluetooth-true-wireless-havit-tw947,Tai nghe TWS Havit TW947,Trương Hoài Nam,5
tai-nghe-bluetooth-true-wireless-havit-tw947,Tai nghe TWS Havit TW947,Trịnh Ngọc Lê Thăng,5
tai-nghe-bluetooth-true-wireless-havit-tw947,Tai nghe TWS Havit TW947,Thành,5
tai-nghe-bluetooth-true-wireless-havit-tw947,Tai nghe TWS Havit TW947,Bùi Huỳnh Triệu Tỷ,5
tai-nghe-bluetooth-true-wireless-havit-tw947,Tai nghe TWS Havit TW947,Nguyễn Hà Minh Quốc,5
tai-nghe-bluetooth-true-wireless-havit-tw947,Tai nghe TWS Havit TW947,Trần Hiệp Cường,4
tai-nghe-bluetooth-true-wireless-havit-tw947,Tai nghe TWS Havit TW947,Trương Toàn,5
tai-nghe-bluetooth-true-wireless-havit-tw947,Tai nghe TWS Havit TW947,Thuỳ Dương,5
tai-nghe-bluetooth-true-wireless-havit-tw947,Tai nghe TWS Havit TW947,Nguyễn Hoàng Trọng,4
tai-nghe-bluetooth-true-wireless-havit-tw947,Tai nghe TWS Havit TW947,Phương Trần,5
tai-nghe-bluetooth-true-wireless-havit-tw947,Tai nghe TWS Havit TW947,Nguyễn Hùng Minh,5
tai-nghe-bluetooth-true-wireless-havit-tw947,Tai nghe TWS Havit TW947,Bùi Hữu Nghia,4
tai-nghe-bluetooth-true-wireless-oppo-enco-buds-2-pro-e510a,Tai nghe TWS OPPO Enco Buds 2 Pro E510A,Q.Chí,5
tai-nghe-bluetooth-true-wireless-oppo-enco-buds-2-pro-e510a,Tai nghe TWS OPPO Enco Buds 2 Pro E510A,Doan Le,5
tai-nghe-bluetooth-true-wireless-oppo-enco-buds-2-pro-e510a,Tai nghe TWS OPPO Enco Buds 2 Pro E510A,Nguyễn Minh San,2
tai-nghe-bluetooth-true-wireless-oppo-enco-buds-2-pro-e510a,Tai nghe TWS OPPO Enco Buds 2 Pro E510A,Tú Quỳnh,5
tai-nghe-bluetooth-true-wireless-oppo-enco-buds-2-pro-e510a,Tai nghe TWS OPPO Enco Buds 2 Pro E510A,Thuong,3
tai-nghe-bluetooth-true-wireless-oppo-enco-buds-2-pro-e510a,Tai nghe TWS OPPO Enco Buds 2 Pro E510A,Nguyễn Văn Vịnh,1
tai-nghe-bluetooth-true-wireless-oppo-enco-buds-2-pro-e510a,Tai nghe TWS OPPO Enco Buds 2 Pro E510A,Ngô Ngọc Huy,5
tai-nghe-bluetooth-true-wireless-oppo-enco-buds-2-pro-e510a,Tai nghe TWS OPPO Enco Buds 2 Pro E510A,Nguyễn Thị Mộng Thuy,3
tai-nghe-bluetooth-true-wireless-oppo-enco-buds-2-pro-e510a,Tai nghe TWS OPPO Enco Buds 2 Pro E510A,Lê Thị Thu,5
tai-nghe-bluetooth-true-wireless-oppo-enco-buds-2-pro-e510a,Tai nghe TWS OPPO Enco Buds 2 Pro E510A,Lê Văn Phong,5
tai-nghe-bluetooth-true-wireless-oppo-enco-buds-2-pro-e510a,Tai nghe TWS OPPO Enco Buds 2 Pro E510A,Anh Hoàng,5
tai-nghe-bluetooth-true-wireless-oppo-enco-buds-2-pro-e510a,Tai nghe TWS OPPO Enco Buds 2 Pro E510A,Đỗ Thị Huế,5
tai-nghe-bluetooth-true-wireless-oppo-enco-buds-2-pro-e510a,Tai nghe TWS OPPO Enco Buds 2 Pro E510A,Tích,2
tai-nghe-bluetooth-true-wireless-oppo-enco-buds-2-pro-e510a,Tai nghe TWS OPPO Enco Buds 2 Pro E510A,Anh Linh,5
tai-nghe-bluetooth-true-wireless-oppo-enco-buds-2-pro-e510a,Tai nghe TWS OPPO Enco Buds 2 Pro E510A,Thiều Quang Văn,4
tai-nghe-bluetooth-true-wireless-alpha-works-aw-curve-100,Tai nghe TWS Alpha Works AW Curve 100,Hoàng Thạnh,2
tai-nghe-bluetooth-soundpeats-free-2-classic,Tai nghe TWS Soundpeats Free 2 Classic,Thanh Trường,5
tai-nghe-bluetooth-soundpeats-free-2-classic,Tai nghe TWS Soundpeats Free 2 Classic,Mình Vương,3
tai-nghe-bluetooth-soundpeats-free-2-classic,Tai nghe TWS Soundpeats Free 2 Classic,Dương Minh Trọng,5
tai-nghe-bluetooth-soundpeats-free-2-classic,Tai nghe TWS Soundpeats Free 2 Classic,Nguyễn Trương Gia Bảo,2
tai-nghe-bluetooth-soundpeats-free-2-classic,Tai nghe TWS Soundpeats Free 2 Classic,Lê Như Phi,2
tai-nghe-bluetooth-soundpeats-free-2-classic,Tai nghe TWS Soundpeats Free 2 Classic,VÕ TRUNG NGUYÊN,5
tai-nghe-bluetooth-soundpeats-free-2-classic,Tai nghe TWS Soundpeats Free 2 Classic,Trần Đức Cường,5
tai-nghe-bluetooth-soundpeats-free-2-classic,Tai nghe TWS Soundpeats Free 2 Classic,VÕ PHẠM THỊ HẠNH DUY,3
tai-nghe-bluetooth-soundpeats-free-2-classic,Tai nghe TWS Soundpeats Free 2 Classic,Võ Bùi Thuý Vy,2
tai-nghe-bluetooth-soundpeats-free-2-classic,Tai nghe TWS Soundpeats Free 2 Classic,Loan,2
tai-nghe-bluetooth-soundpeats-free-2-classic,Tai nghe TWS Soundpeats Free 2 Classic,Nga,3
tai-nghe-bluetooth-soundpeats-free-2-classic,Tai nghe TWS Soundpeats Free 2 Classic,Tống Hoàng Phúc,4
tai-nghe-bluetooth-soundpeats-free-2-classic,Tai nghe TWS Soundpeats Free 2 Classic,LÊ TRỌNG ĐẠI,4
tai-nghe-bluetooth-soundpeats-free-2-classic,Tai nghe TWS Soundpeats Free 2 Classic,Trần Khánh Duy,4
tai-nghe-bluetooth-soundpeats-free-2-classic,Tai nghe TWS Soundpeats Free 2 Classic,Nguyễn Phương Toàn,4
tai-nghe-bluetooth-soundpeats-free-2-classic,Tai nghe TWS Soundpeats Free 2 Classic,Lê Hằng,2
tai-nghe-bluetooth-soundpeats-free-2-classic,Tai nghe TWS Soundpeats Free 2 Classic,Nguyễn Mạnh Cường,4
tai-nghe-bluetooth-soundpeats-free-2-classic,Tai nghe TWS Soundpeats Free 2 Classic,Lê Sơn Nam,5
tai-nghe-bluetooth-soundpeats-free-2-classic,Tai nghe TWS Soundpeats Free 2 Classic,Nguyễn Văn Tuấn,4
tai-nghe-bluetooth-soundpeats-free-2-classic,Tai nghe TWS Soundpeats Free 2 Classic,Anh Thinh,5
tai-nghe-bluetooth-soundpeats-free-2-classic,Tai nghe TWS Soundpeats Free 2 Classic,Anh Thọ,4
tai-nghe-bluetooth-soundpeats-free-2-classic,Tai nghe TWS Soundpeats Free 2 Classic,Nguyễn Đình Thu,5
tai-nghe-bluetooth-soundpeats-free-2-classic,Tai nghe TWS Soundpeats Free 2 Classic,Nguyễn Văn Bắc,5
tai-nghe-bluetooth-soundpeats-free-2-classic,Tai nghe TWS Soundpeats Free 2 Classic,Nguyễn Minh Hoàng,5
tai-nghe-bluetooth-soundpeats-free-2-classic,Tai nghe TWS Soundpeats Free 2 Classic,Nguyễn Trọng Nghĩa,5
tai-nghe-bluetooth-soundpeats-free-2-classic,Tai nghe TWS Soundpeats Free 2 Classic,Chị My,5
tai-nghe-bluetooth-soundpeats-free-2-classic,Tai nghe TWS Soundpeats Free 2 Classic,Huỳnh Hữu Tín,5
tai-nghe-bluetooth-soundpeats-free-2-classic,Tai nghe TWS Soundpeats Free 2 Classic,Võ Văn Thiện,5
tai-nghe-bluetooth-soundpeats-free-2-classic,Tai nghe TWS Soundpeats Free 2 Classic,Nguyễn Đình Thiệp,4
tai-nghe-bluetooth-soundpeats-free-2-classic,Tai nghe TWS Soundpeats Free 2 Classic,Hoà Nguyễn,4
tai-nghe-bluetooth-soundpeats-free-2-classic,Tai nghe TWS Soundpeats Free 2 Classic,Đặng Hoài Ân,3
tai-nghe-bluetooth-soundpeats-free-2-classic,Tai nghe TWS Soundpeats Free 2 Classic,Tuấn,5
tai-nghe-bluetooth-soundpeats-free-2-classic,Tai nghe TWS Soundpeats Free 2 Classic,LÊ TUẤN SANG,5
tai-nghe-bluetooth-soundpeats-free-2-classic,Tai nghe TWS Soundpeats Free 2 Classic,Trung,5
tai-nghe-bluetooth-soundpeats-free-2-classic,Tai nghe TWS Soundpeats Free 2 Classic,Trang,5
tai-nghe-bluetooth-soundpeats-free-2-classic,Tai nghe TWS Soundpeats Free 2 Classic,Trần Đình Hiệp,5
tai-nghe-bluetooth-soundpeats-free-2-classic,Tai nghe TWS Soundpeats Free 2 Classic,Phong,5
tai-nghe-bluetooth-soundpeats-free-2-classic,Tai nghe TWS Soundpeats Free 2 Classic,Dinh,5
tai-nghe-bluetooth-soundpeats-free-2-classic,Tai nghe TWS Soundpeats Free 2 Classic,NGUYỄN THỊ ANH ĐÀO,5
tai-nghe-bluetooth-soundpeats-free-2-classic,Tai nghe TWS Soundpeats Free 2 Classic,Trần Văn Sỹ,4
tai-nghe-bluetooth-soundpeats-free-2-classic,Tai nghe TWS Soundpeats Free 2 Classic,Anh Thọ,4
tai-nghe-bluetooth-soundpeats-free-2-classic,Tai nghe TWS Soundpeats Free 2 Classic,Nguyễn Đình Thu,5
tai-nghe-bluetooth-soundpeats-free-2-classic,Tai nghe TWS Soundpeats Free 2 Classic,Nguyễn Văn Bắc,5
tai-nghe-bluetooth-soundpeats-free-2-classic,Tai nghe TWS Soundpeats Free 2 Classic,Nguyễn Minh Hoàng,5
tai-nghe-bluetooth-soundpeats-free-2-classic,Tai nghe TWS Soundpeats Free 2 Classic,Nguyễn Trọng Nghĩa,5
tai-nghe-bluetooth-soundpeats-free-2-classic,Tai nghe TWS Soundpeats Free 2 Classic,Chị My,5
tai-nghe-bluetooth-soundpeats-free-2-classic,Tai nghe TWS Soundpeats Free 2 Classic,Huỳnh Hữu Tín,5
tai-nghe-bluetooth-soundpeats-free-2-classic,Tai nghe TWS Soundpeats Free 2 Classic,Võ Văn Thiện,5
tai-nghe-bluetooth-soundpeats-free-2-classic,Tai nghe TWS Soundpeats Free 2 Classic,Nguyễn Đình Thiệp,4
tai-nghe-bluetooth-soundpeats-free-2-classic,Tai nghe TWS Soundpeats Free 2 Classic,Hoà Nguyễn,4
tai-nghe-bluetooth-soundpeats-free-2-classic,Tai nghe TWS Soundpeats Free 2 Classic,Đặng Hoài Ân,3
tai-nghe-bluetooth-soundpeats-free-2-classic,Tai nghe TWS Soundpeats Free 2 Classic,Tuấn,5
tai-nghe-bluetooth-soundpeats-free-2-classic,Tai nghe TWS Soundpeats Free 2 Classic,LÊ TUẤN SANG,5
tai-nghe-bluetooth-soundpeats-free-2-classic,Tai nghe TWS Soundpeats Free 2 Classic,Trung,5
tai-nghe-bluetooth-soundpeats-free-2-classic,Tai nghe TWS Soundpeats Free 2 Classic,Trang,5
tai-nghe-bluetooth-soundpeats-free-2-classic,Tai nghe TWS Soundpeats Free 2 Classic,Trần Đình Hiệp,5
tai-nghe-bluetooth-soundpeats-free-2-classic,Tai nghe TWS Soundpeats Free 2 Classic,Phong,5
tai-nghe-bluetooth-soundpeats-free-2-classic,Tai nghe TWS Soundpeats Free 2 Classic,Dinh,5
tai-nghe-bluetooth-soundpeats-free-2-classic,Tai nghe TWS Soundpeats Free 2 Classic,NGUYỄN THỊ ANH ĐÀO,5
tai-nghe-bluetooth-soundpeats-free-2-classic,Tai nghe TWS Soundpeats Free 2 Classic,Trần Văn Sỹ,4
tai-nghe-bluetooth-true-wireless-baseus-bowie-mz10,Tai nghe TWS Baseus Bowie MZ10,Lương,1
tai-nghe-bluetooth-true-wireless-baseus-bowie-mz10,Tai nghe TWS Baseus Bowie MZ10,Hoàng Anh,1
tai-nghe-bluetooth-true-wireless-baseus-bowie-mz10,Tai nghe TWS Baseus Bowie MZ10,Khanh,4
tai-nghe-bluetooth-true-wireless-baseus-bowie-mz10,Tai nghe TWS Baseus Bowie MZ10,Trọng,5
tai-nghe-bluetooth-true-wireless-baseus-bowie-mz10,Tai nghe TWS Baseus Bowie MZ10,Hoàn Quân,2
tai-nghe-bluetooth-true-wireless-baseus-bowie-mz10,Tai nghe TWS Baseus Bowie MZ10,Đạt,5
tai-nghe-bluetooth-true-wireless-baseus-bowie-mz10,Tai nghe TWS Baseus Bowie MZ10,Đỗ Trung Kiên,1
tai-nghe-bluetooth-true-wireless-baseus-bowie-mz10,Tai nghe TWS Baseus Bowie MZ10,Trần Văn Tình,3
tai-nghe-bluetooth-true-wireless-baseus-bowie-mz10,Tai nghe TWS Baseus Bowie MZ10,Nguyễn Cao Minh Đức,3
tai-nghe-bluetooth-true-wireless-baseus-bowie-mz10,Tai nghe TWS Baseus Bowie MZ10,Tiến,1
tai-nghe-bluetooth-true-wireless-baseus-bowie-mz10,Tai nghe TWS Baseus Bowie MZ10,Đăng Khoa,4
tai-nghe-bluetooth-true-wireless-baseus-bowie-mz10,Tai nghe TWS Baseus Bowie MZ10,Quỳnh Anh,3
tai-nghe-bluetooth-true-wireless-baseus-bowie-mz10,Tai nghe TWS Baseus Bowie MZ10,Hồng,1
tai-nghe-bluetooth-true-wireless-baseus-bowie-mz10,Tai nghe TWS Baseus Bowie MZ10,Lương Dũng,3
tai-nghe-bluetooth-true-wireless-baseus-bowie-mz10,Tai nghe TWS Baseus Bowie MZ10,Lê Minh Tường,4
tai-nghe-bluetooth-true-wireless-baseus-bowie-mz10,Tai nghe TWS Baseus Bowie MZ10,Dương Quốc Thịnh,5
tai-nghe-bluetooth-true-wireless-baseus-bowie-mz10,Tai nghe TWS Baseus Bowie MZ10,Nguyễn Thanh Lâm,3
tai-nghe-bluetooth-true-wireless-baseus-bowie-mz10,Tai nghe TWS Baseus Bowie MZ10,Trân Kiệt,4
tai-nghe-bluetooth-true-wireless-baseus-bowie-mz10,Tai nghe TWS Baseus Bowie MZ10,Dương Thành Công,4
tai-nghe-bluetooth-true-wireless-baseus-bowie-mz10,Tai nghe TWS Baseus Bowie MZ10,Nguyễn Quốc Huy,3
tai-nghe-bluetooth-true-wireless-baseus-bowie-mz10,Tai nghe TWS Baseus Bowie MZ10,Hoàng Phi,2
tai-nghe-bluetooth-true-wireless-baseus-bowie-mz10,Tai nghe TWS Baseus Bowie MZ10,Bùi Trung Nguyên,4
tai-nghe-bluetooth-true-wireless-baseus-bowie-mz10,Tai nghe TWS Baseus Bowie MZ10,Sơn Quang,1
tai-nghe-bluetooth-true-wireless-baseus-bowie-mz10,Tai nghe TWS Baseus Bowie MZ10,Nguyễn Văn Lý,3
tai-nghe-bluetooth-true-wireless-baseus-bowie-mz10,Tai nghe TWS Baseus Bowie MZ10,Anh An,5
tai-nghe-bluetooth-true-wireless-baseus-bowie-mz10,Tai nghe TWS Baseus Bowie MZ10,Trần Hoàng Minh Nhật,2
tai-nghe-bluetooth-true-wireless-baseus-bowie-mz10,Tai nghe TWS Baseus Bowie MZ10,Minh Nhiên,5
tai-nghe-bluetooth-true-wireless-baseus-bowie-mz10,Tai nghe TWS Baseus Bowie MZ10,Phương,3
tai-nghe-bluetooth-true-wireless-baseus-bowie-mz10,Tai nghe TWS Baseus Bowie MZ10,Dương Thị Mỹ Hiền,2
tai-nghe-bluetooth-true-wireless-baseus-bowie-mz10,Tai nghe TWS Baseus Bowie MZ10,Minh,1
tai-nghe-bluetooth-true-wireless-baseus-bowie-mz10,Tai nghe TWS Baseus Bowie MZ10,Bảo Giang,2
tai-nghe-bluetooth-true-wireless-baseus-bowie-mz10,Tai nghe TWS Baseus Bowie MZ10,Nguyễn Thị Hồng Ngọc,4
tai-nghe-bluetooth-true-wireless-baseus-bowie-mz10,Tai nghe TWS Baseus Bowie MZ10,Tuấn,1
tai-nghe-bluetooth-true-wireless-baseus-bowie-mz10,Tai nghe TWS Baseus Bowie MZ10,Thiện,2
tai-nghe-bluetooth-true-wireless-baseus-bowie-mz10,Tai nghe TWS Baseus Bowie MZ10,LÊ SĨ NGUYÊN,3
tai-nghe-bluetooth-true-wireless-baseus-bowie-mz10,Tai nghe TWS Baseus Bowie MZ10,Nguyễn Anh Tú,5
tai-nghe-bluetooth-true-wireless-baseus-bowie-mz10,Tai nghe TWS Baseus Bowie MZ10,TRÌ LÊ TÂN KHOA,5
tai-nghe-bluetooth-true-wireless-baseus-bowie-mz10,Tai nghe TWS Baseus Bowie MZ10,Danh Đực,5
tai-nghe-bluetooth-true-wireless-baseus-bowie-mz10,Tai nghe TWS Baseus Bowie MZ10,Thu Diệu,4
tai-nghe-bluetooth-true-wireless-baseus-bowie-mz10,Tai nghe TWS Baseus Bowie MZ10,Vũ,4
tai-nghe-bluetooth-true-wireless-baseus-bowie-mz10,Tai nghe TWS Baseus Bowie MZ10,Huỳnh Thị Ngọc Nũ,1
tai-nghe-bluetooth-true-wireless-baseus-bowie-mz10,Tai nghe TWS Baseus Bowie MZ10,Huynh Thanh Loi,5
tai-nghe-bluetooth-true-wireless-baseus-bowie-mz10,Tai nghe TWS Baseus Bowie MZ10,Lê Như,5
tai-nghe-bluetooth-true-wireless-baseus-bowie-mz10,Tai nghe TWS Baseus Bowie MZ10,Trịnh Thị Mỹ Nhàn,4
tai-nghe-bluetooth-true-wireless-baseus-bowie-mz10,Tai nghe TWS Baseus Bowie MZ10,Vũ Minh Tân,3
tai-nghe-bluetooth-true-wireless-baseus-bowie-mz10,Tai nghe TWS Baseus Bowie MZ10,Lê Văn Vinh,5
tai-nghe-bluetooth-true-wireless-baseus-bowie-mz10,Tai nghe TWS Baseus Bowie MZ10,Huỳnh Trung Quốc,5
tai-nghe-bluetooth-true-wireless-realme-buds-t300?utm_flashsale=1,Tai nghe TWS realme Buds T300,Nguyễn Văn Tiến,3
tai-nghe-bluetooth-true-wireless-realme-buds-t300?utm_flashsale=1,Tai nghe TWS realme Buds T300,Vũ Xuân Mai Trung,2
tai-nghe-bluetooth-true-wireless-realme-buds-t300?utm_flashsale=1,Tai nghe TWS realme Buds T300,Huyền,3
tai-nghe-bluetooth-true-wireless-realme-buds-t300?utm_flashsale=1,Tai nghe TWS realme Buds T300,Quỳnh,2
tai-nghe-bluetooth-true-wireless-realme-buds-t300?utm_flashsale=1,Tai nghe TWS realme Buds T300,Huynh Van Hoang,3
tai-nghe-bluetooth-true-wireless-realme-buds-t300?utm_flashsale=1,Tai nghe TWS realme Buds T300,Cường,5
tai-nghe-bluetooth-true-wireless-realme-buds-t300?utm_flashsale=1,Tai nghe TWS realme Buds T300,Nguyễn Thanh Phong,3
tai-nghe-bluetooth-true-wireless-realme-buds-t300?utm_flashsale=1,Tai nghe TWS realme Buds T300,Phạm Viết Phú,5
tai-nghe-bluetooth-true-wireless-realme-buds-t300?utm_flashsale=1,Tai nghe TWS realme Buds T300,Lê Ánh,2
tai-nghe-bluetooth-true-wireless-realme-buds-t300?utm_flashsale=1,Tai nghe TWS realme Buds T300,Phạm Văn Ba,1
tai-nghe-bluetooth-true-wireless-realme-buds-t300?utm_flashsale=1,Tai nghe TWS realme Buds T300,Thành,3
tai-nghe-bluetooth-true-wireless-realme-buds-t300?utm_flashsale=1,Tai nghe TWS realme Buds T300,Pham Van Nam,1
tai-nghe-bluetooth-true-wireless-realme-buds-t300?utm_flashsale=1,Tai nghe TWS realme Buds T300,Lê Đăng Quan Minh,3
tai-nghe-bluetooth-true-wireless-realme-buds-t300?utm_flashsale=1,Tai nghe TWS realme Buds T300,Hải Như,5
tai-nghe-bluetooth-true-wireless-realme-buds-t300?utm_flashsale=1,Tai nghe TWS realme Buds T300,Quốc Thái,4
tai-nghe-bluetooth-true-wireless-realme-buds-t300?utm_flashsale=1,Tai nghe TWS realme Buds T300,Vũ Luân,5
tai-nghe-bluetooth-true-wireless-realme-buds-t300?utm_flashsale=1,Tai nghe TWS realme Buds T300,Nguyễn Thị Thanh Thanh,5
tai-nghe-bluetooth-true-wireless-realme-buds-t300?utm_flashsale=1,Tai nghe TWS realme Buds T300,Linh,4
tai-nghe-bluetooth-true-wireless-realme-buds-t300?utm_flashsale=1,Tai nghe TWS realme Buds T300,Phạm Trọng Kha,5
tai-nghe-bluetooth-true-wireless-realme-buds-t300?utm_flashsale=1,Tai nghe TWS realme Buds T300,Đỗ Ngọc Hoàng,5
tai-nghe-bluetooth-true-wireless-realme-buds-t300?utm_flashsale=1,Tai nghe TWS realme Buds T300,Ha Viet Hung,5
tai-nghe-bluetooth-true-wireless-realme-buds-t300?utm_flashsale=1,Tai nghe TWS realme Buds T300,Minh Nhựt,5
tai-nghe-bluetooth-true-wireless-realme-buds-t300?utm_flashsale=1,Tai nghe TWS realme Buds T300,Hoàng,5
tai-nghe-tws-oppo-enco-x3i-e509a,Tai nghe TWS OPPO ENCO X3i E509A,Trần Quang Vinh,5
tai-nghe-tws-oppo-enco-x3i-e509a,Tai nghe TWS OPPO ENCO X3i E509A,Hồ Minh Sơn,5
tai-nghe-bluetooth-soundpeats-wings2,Tai nghe TWS Soundpeats Wings2,Dương Minh Trọng,5
tai-nghe-bluetooth-soundpeats-wings2,Tai nghe TWS Soundpeats Wings2,Nguyễn Hoàng Lâm,4
tai-nghe-bluetooth-soundpeats-wings2,Tai nghe TWS Soundpeats Wings2,Khang,5
tai-nghe-bluetooth-soundpeats-wings2,Tai nghe TWS Soundpeats Wings2,Hà,3
tai-nghe-bluetooth-soundpeats-wings2,Tai nghe TWS Soundpeats Wings2,Triệu Tuyết Nhung,2
tai-nghe-bluetooth-soundpeats-wings2,Tai nghe TWS Soundpeats Wings2,Vũ Minh Hoàng,4
tai-nghe-bluetooth-soundpeats-wings2,Tai nghe TWS Soundpeats Wings2,Nghĩa Đỗ,1
tai-nghe-bluetooth-soundpeats-wings2,Tai nghe TWS Soundpeats Wings2,Trần Hoàng Việt,3
tai-nghe-bluetooth-soundpeats-wings2,Tai nghe TWS Soundpeats Wings2,Anh Dũng Nguyễn,4
tai-nghe-bluetooth-soundpeats-wings2,Tai nghe TWS Soundpeats Wings2,TRẦN MINH TUYẾN,5
tai-nghe-bluetooth-soundpeats-wings2,Tai nghe TWS Soundpeats Wings2,Đặng Văn Trí,3
tai-nghe-bluetooth-soundpeats-wings2,Tai nghe TWS Soundpeats Wings2,Thuận,4
tai-nghe-bluetooth-soundpeats-wings2,Tai nghe TWS Soundpeats Wings2,Trần Ngọc Ngang,5
tai-nghe-bluetooth-soundpeats-wings2,Tai nghe TWS Soundpeats Wings2,Hoàng Dũng,5
tai-nghe-bluetooth-soundpeats-wings2,Tai nghe TWS Soundpeats Wings2,Anh Tuấn,5
tai-nghe-bluetooth-soundpeats-wings2,Tai nghe TWS Soundpeats Wings2,Lò Văn Quyến,5
tai-nghe-bluetooth-soundpeats-wings2,Tai nghe TWS Soundpeats Wings2,Lâm Văn Hiếu,3
tai-nghe-bluetooth-soundpeats-wings2,Tai nghe TWS Soundpeats Wings2,Lattana Douangxai,2
tai-nghe-bluetooth-soundpeats-wings2,Tai nghe TWS Soundpeats Wings2,Trịnh Đức Thành,5
tai-nghe-bluetooth-soundpeats-wings2,Tai nghe TWS Soundpeats Wings2,Lập,5
tai-nghe-bluetooth-soundpeats-wings2,Tai nghe TWS Soundpeats Wings2,Lê Tấn Lực,4
tai-nghe-bluetooth-soundpeats-wings2,Tai nghe TWS Soundpeats Wings2,Nguyễn Thành Thế,5
tai-nghe-bluetooth-soundpeats-wings2,Tai nghe TWS Soundpeats Wings2,Dương Việt Thành,2
tai-nghe-bluetooth-soundpeats-wings2,Tai nghe TWS Soundpeats Wings2,Nguyễn Thanh Duy,3
tai-nghe-bluetooth-soundpeats-wings2,Tai nghe TWS Soundpeats Wings2,Vo Minh Tuy,5
tai-nghe-bluetooth-soundpeats-wings2,Tai nghe TWS Soundpeats Wings2,Hoàng Sac,4
tai-nghe-bluetooth-soundpeats-wings2,Tai nghe TWS Soundpeats Wings2,Trần Văn Trận,3
tai-nghe-bluetooth-soundpeats-wings2,Tai nghe TWS Soundpeats Wings2,Tuấn Anh,5
tai-nghe-bluetooth-soundpeats-wings2,Tai nghe TWS Soundpeats Wings2,Anh Trường,5
tai-nghe-bluetooth-soundpeats-wings2,Tai nghe TWS Soundpeats Wings2,Nguyễn Hứa Hồng Ánh,5
tai-nghe-bluetooth-soundpeats-wings2,Tai nghe TWS Soundpeats Wings2,Hieu,5
tai-nghe-bluetooth-soundpeats-wings2,Tai nghe TWS Soundpeats Wings2,Dương Văn Hiệu,4
tai-nghe-bluetooth-soundpeats-wings2,Tai nghe TWS Soundpeats Wings2,Nguyễn Cửu Quý,4
tai-nghe-bluetooth-soundpeats-wings2,Tai nghe TWS Soundpeats Wings2,Chi Huong,3
tai-nghe-bluetooth-soundpeats-wings2,Tai nghe TWS Soundpeats Wings2,Thành,4
tai-nghe-bluetooth-soundpeats-wings2,Tai nghe TWS Soundpeats Wings2,Mr Khang,4
tai-nghe-bluetooth-soundpeats-wings2,Tai nghe TWS Soundpeats Wings2,Lê Ngọc Tuân,4
tai-nghe-bluetooth-soundpeats-wings2,Tai nghe TWS Soundpeats Wings2,Trần Thanh Vũ,5
tai-nghe-bluetooth-soundpeats-wings2,Tai nghe TWS Soundpeats Wings2,Lưu Nguyễn Hữu Nhân,5
tai-nghe-bluetooth-soundpeats-wings2,Tai nghe TWS Soundpeats Wings2,Anh Cường,5
tai-nghe-bluetooth-soundpeats-wings2,Tai nghe TWS Soundpeats Wings2,Ngô Đình Tiến,4
tai-nghe-bluetooth-true-wireless-xiaomi-redmi-buds-4-active,Tai nghe TWS Xiaomi Redmi Buds 4 Active,Ngo Long,3
tai-nghe-bluetooth-true-wireless-xiaomi-redmi-buds-4-active,Tai nghe TWS Xiaomi Redmi Buds 4 Active,Nguyễn Thành Trung,5
tai-nghe-bluetooth-true-wireless-xiaomi-redmi-buds-4-active,Tai nghe TWS Xiaomi Redmi Buds 4 Active,Hoàng Ngọc Lâm,1
tai-nghe-bluetooth-true-wireless-xiaomi-redmi-buds-4-active,Tai nghe TWS Xiaomi Redmi Buds 4 Active,Lâm,2
tai-nghe-bluetooth-true-wireless-xiaomi-redmi-buds-4-active,Tai nghe TWS Xiaomi Redmi Buds 4 Active,Nguyễn Văn Bình,3
tai-nghe-bluetooth-true-wireless-xiaomi-redmi-buds-4-active,Tai nghe TWS Xiaomi Redmi Buds 4 Active,Vũ Việt Lâm,2
tai-nghe-bluetooth-true-wireless-xiaomi-redmi-buds-4-active,Tai nghe TWS Xiaomi Redmi Buds 4 Active,Hoàng Dương,3
tai-nghe-bluetooth-true-wireless-xiaomi-redmi-buds-4-active,Tai nghe TWS Xiaomi Redmi Buds 4 Active,Trần Minh Đức,4
tai-nghe-bluetooth-true-wireless-xiaomi-redmi-buds-4-active,Tai nghe TWS Xiaomi Redmi Buds 4 Active,Thạch,1
tai-nghe-bluetooth-true-wireless-xiaomi-redmi-buds-4-active,Tai nghe TWS Xiaomi Redmi Buds 4 Active,Dương,1
tai-nghe-bluetooth-true-wireless-xiaomi-redmi-buds-4-active,Tai nghe TWS Xiaomi Redmi Buds 4 Active,Phương,2
tai-nghe-bluetooth-true-wireless-xiaomi-redmi-buds-4-active,Tai nghe TWS Xiaomi Redmi Buds 4 Active,Hồ Huy Nguyễn,5
tai-nghe-bluetooth-true-wireless-xiaomi-redmi-buds-4-active,Tai nghe TWS Xiaomi Redmi Buds 4 Active,Thi,2
tai-nghe-bluetooth-true-wireless-xiaomi-redmi-buds-4-active,Tai nghe TWS Xiaomi Redmi Buds 4 Active,Lê Tùng,1
tai-nghe-bluetooth-true-wireless-xiaomi-redmi-buds-4-active,Tai nghe TWS Xiaomi Redmi Buds 4 Active,Đức Tài,2
tai-nghe-bluetooth-true-wireless-xiaomi-redmi-buds-4-active,Tai nghe TWS Xiaomi Redmi Buds 4 Active,Anh,5
tai-nghe-bluetooth-true-wireless-xiaomi-redmi-buds-4-active,Tai nghe TWS Xiaomi Redmi Buds 4 Active,Lê Châu An,3
tai-nghe-bluetooth-true-wireless-xiaomi-redmi-buds-4-active,Tai nghe TWS Xiaomi Redmi Buds 4 Active,Toan Tran,2
tai-nghe-bluetooth-true-wireless-xiaomi-redmi-buds-4-active,Tai nghe TWS Xiaomi Redmi Buds 4 Active,Trần Thanh Tùng,3
tai-nghe-bluetooth-true-wireless-xiaomi-redmi-buds-4-active,Tai nghe TWS Xiaomi Redmi Buds 4 Active,Võ Đoàn Trung Tín,1
tai-nghe-bluetooth-true-wireless-xiaomi-redmi-buds-4-active,Tai nghe TWS Xiaomi Redmi Buds 4 Active,Nguyên,2
tai-nghe-bluetooth-true-wireless-xiaomi-redmi-buds-4-active,Tai nghe TWS Xiaomi Redmi Buds 4 Active,Phượng,2
tai-nghe-bluetooth-true-wireless-xiaomi-redmi-buds-4-active,Tai nghe TWS Xiaomi Redmi Buds 4 Active,Nguyễn Quang Nhật,4
tai-nghe-bluetooth-true-wireless-xiaomi-redmi-buds-4-active,Tai nghe TWS Xiaomi Redmi Buds 4 Active,Nguyễn Văn Toàn,4
tai-nghe-bluetooth-true-wireless-xiaomi-redmi-buds-4-active,Tai nghe TWS Xiaomi Redmi Buds 4 Active,Lê Hoàng Phước,1
tai-nghe-bluetooth-true-wireless-xiaomi-redmi-buds-4-active,Tai nghe TWS Xiaomi Redmi Buds 4 Active,Trần Đức Cường,1
tai-nghe-bluetooth-true-wireless-xiaomi-redmi-buds-4-active,Tai nghe TWS Xiaomi Redmi Buds 4 Active,Lê Minh Trường,5
tai-nghe-bluetooth-true-wireless-xiaomi-redmi-buds-4-active,Tai nghe TWS Xiaomi Redmi Buds 4 Active,Bùi Quốc Vũ,1
tai-nghe-bluetooth-true-wireless-xiaomi-redmi-buds-4-active,Tai nghe TWS Xiaomi Redmi Buds 4 Active,Tới,4
tai-nghe-bluetooth-true-wireless-xiaomi-redmi-buds-4-active,Tai nghe TWS Xiaomi Redmi Buds 4 Active,Khâm,1
tai-nghe-bluetooth-true-wireless-xiaomi-redmi-buds-4-active,Tai nghe TWS Xiaomi Redmi Buds 4 Active,Hoàng Hạc,5
tai-nghe-bluetooth-true-wireless-xiaomi-redmi-buds-4-active,Tai nghe TWS Xiaomi Redmi Buds 4 Active,Hưng,3
tai-nghe-bluetooth-true-wireless-xiaomi-redmi-buds-4-active,Tai nghe TWS Xiaomi Redmi Buds 4 Active,Trọng Hiếu,5
tai-nghe-bluetooth-true-wireless-xiaomi-redmi-buds-4-active,Tai nghe TWS Xiaomi Redmi Buds 4 Active,Hoàng Anh Vũ,2
tai-nghe-bluetooth-true-wireless-xiaomi-redmi-buds-4-active,Tai nghe TWS Xiaomi Redmi Buds 4 Active,Trần Diệu Quan,5
tai-nghe-bluetooth-true-wireless-xiaomi-redmi-buds-4-active,Tai nghe TWS Xiaomi Redmi Buds 4 Active,Tuấn,3
tai-nghe-bluetooth-true-wireless-xiaomi-redmi-buds-4-active,Tai nghe TWS Xiaomi Redmi Buds 4 Active,Ng Tuấn,1
tai-nghe-bluetooth-true-wireless-xiaomi-redmi-buds-4-active,Tai nghe TWS Xiaomi Redmi Buds 4 Active,Đỗ Hoàng Minh,3
tai-nghe-bluetooth-true-wireless-xiaomi-redmi-buds-4-active,Tai nghe TWS Xiaomi Redmi Buds 4 Active,Trọng Hiếu,5
tai-nghe-bluetooth-true-wireless-xiaomi-redmi-buds-4-active,Tai nghe TWS Xiaomi Redmi Buds 4 Active,Nguyễn Trọng Nghĩa,4
tai-nghe-bluetooth-true-wireless-xiaomi-redmi-buds-4-active,Tai nghe TWS Xiaomi Redmi Buds 4 Active,Le Nhan,4
tai-nghe-bluetooth-true-wireless-xiaomi-redmi-buds-4-active,Tai nghe TWS Xiaomi Redmi Buds 4 Active,Khuyến,3
tai-nghe-bluetooth-true-wireless-xiaomi-redmi-buds-4-active,Tai nghe TWS Xiaomi Redmi Buds 4 Active,Đặng Hoàng Anh,5
tai-nghe-bluetooth-true-wireless-xiaomi-redmi-buds-4-active,Tai nghe TWS Xiaomi Redmi Buds 4 Active,Nguyễn Văn Khương,5
tai-nghe-bluetooth-true-wireless-xiaomi-redmi-buds-4-active,Tai nghe TWS Xiaomi Redmi Buds 4 Active,Nguyễn Nguyên,5
tai-nghe-bluetooth-true-wireless-xiaomi-redmi-buds-4-active,Tai nghe TWS Xiaomi Redmi Buds 4 Active,Hoa Nguyễn,2
tai-nghe-bluetooth-true-wireless-xiaomi-redmi-buds-4-active,Tai nghe TWS Xiaomi Redmi Buds 4 Active,Anh Vũ,2
tai-nghe-bluetooth-true-wireless-xiaomi-redmi-buds-4-active,Tai nghe TWS Xiaomi Redmi Buds 4 Active,Chú Chứ,1
tai-nghe-bluetooth-true-wireless-xiaomi-redmi-buds-4-active,Tai nghe TWS Xiaomi Redmi Buds 4 Active,Nam,4
tai-nghe-bluetooth-true-wireless-xiaomi-redmi-buds-4-active,Tai nghe TWS Xiaomi Redmi Buds 4 Active,Nguyễn Chí Tư,3
tai-nghe-bluetooth-true-wireless-xiaomi-redmi-buds-4-active,Tai nghe TWS Xiaomi Redmi Buds 4 Active,Chau Quốch Thươnl,2
tai-nghe-bluetooth-true-wireless-xiaomi-redmi-buds-4-active,Tai nghe TWS Xiaomi Redmi Buds 4 Active,Pham Van Quy,1
tai-nghe-bluetooth-true-wireless-xiaomi-redmi-buds-4-active,Tai nghe TWS Xiaomi Redmi Buds 4 Active,Dũng,3
tai-nghe-bluetooth-true-wireless-xiaomi-redmi-buds-4-active,Tai nghe TWS Xiaomi Redmi Buds 4 Active,Nikolic Marko,1
tai-nghe-bluetooth-true-wireless-xiaomi-redmi-buds-4-active,Tai nghe TWS Xiaomi Redmi Buds 4 Active,Nguyễn Minh Thái,4
tai-nghe-bluetooth-true-wireless-xiaomi-redmi-buds-4-active,Tai nghe TWS Xiaomi Redmi Buds 4 Active,Anh Cường,3
tai-nghe-bluetooth-true-wireless-xiaomi-redmi-buds-4-active,Tai nghe TWS Xiaomi Redmi Buds 4 Active,Khánh Tuấn,5
tai-nghe-bluetooth-true-wireless-xiaomi-redmi-buds-4-active,Tai nghe TWS Xiaomi Redmi Buds 4 Active,Lê Ngô Minh Chánh,4
tai-nghe-bluetooth-true-wireless-xiaomi-redmi-buds-4-active,Tai nghe TWS Xiaomi Redmi Buds 4 Active,Khang Huy,5
tai-nghe-bluetooth-true-wireless-xiaomi-redmi-buds-4-active,Tai nghe TWS Xiaomi Redmi Buds 4 Active,Anh Học,4
tai-nghe-bluetooth-true-wireless-xiaomi-redmi-buds-4-active,Tai nghe TWS Xiaomi Redmi Buds 4 Active,Le Nhan,4
tai-nghe-bluetooth-true-wireless-xiaomi-redmi-buds-4-active,Tai nghe TWS Xiaomi Redmi Buds 4 Active,Khuyến,3
tai-nghe-bluetooth-true-wireless-xiaomi-redmi-buds-4-active,Tai nghe TWS Xiaomi Redmi Buds 4 Active,Đặng Hoàng Anh,5
tai-nghe-bluetooth-true-wireless-xiaomi-redmi-buds-4-active,Tai nghe TWS Xiaomi Redmi Buds 4 Active,Nguyễn Văn Khương,5
tai-nghe-bluetooth-true-wireless-xiaomi-redmi-buds-4-active,Tai nghe TWS Xiaomi Redmi Buds 4 Active,Nguyễn Nguyên,5
tai-nghe-bluetooth-true-wireless-xiaomi-redmi-buds-4-active,Tai nghe TWS Xiaomi Redmi Buds 4 Active,Hoa Nguyễn,2
tai-nghe-bluetooth-true-wireless-xiaomi-redmi-buds-4-active,Tai nghe TWS Xiaomi Redmi Buds 4 Active,Anh Vũ,2
tai-nghe-bluetooth-true-wireless-xiaomi-redmi-buds-4-active,Tai nghe TWS Xiaomi Redmi Buds 4 Active,Chú Chứ,1
tai-nghe-bluetooth-true-wireless-xiaomi-redmi-buds-4-active,Tai nghe TWS Xiaomi Redmi Buds 4 Active,Nam,4
tai-nghe-bluetooth-true-wireless-xiaomi-redmi-buds-4-active,Tai nghe TWS Xiaomi Redmi Buds 4 Active,Nguyễn Chí Tư,3
tai-nghe-bluetooth-true-wireless-xiaomi-redmi-buds-4-active,Tai nghe TWS Xiaomi Redmi Buds 4 Active,Chau Quốch Thươnl,2
tai-nghe-bluetooth-true-wireless-xiaomi-redmi-buds-4-active,Tai nghe TWS Xiaomi Redmi Buds 4 Active,Pham Van Quy,1
tai-nghe-bluetooth-true-wireless-xiaomi-redmi-buds-4-active,Tai nghe TWS Xiaomi Redmi Buds 4 Active,Dũng,3
tai-nghe-bluetooth-true-wireless-xiaomi-redmi-buds-4-active,Tai nghe TWS Xiaomi Redmi Buds 4 Active,Nikolic Marko,1
tai-nghe-bluetooth-true-wireless-xiaomi-redmi-buds-4-active,Tai nghe TWS Xiaomi Redmi Buds 4 Active,Nguyễn Minh Thái,4
tai-nghe-bluetooth-true-wireless-xiaomi-redmi-buds-4-active,Tai nghe TWS Xiaomi Redmi Buds 4 Active,Anh Cường,3
tai-nghe-bluetooth-true-wireless-xiaomi-redmi-buds-4-active,Tai nghe TWS Xiaomi Redmi Buds 4 Active,Khánh Tuấn,5
tai-nghe-bluetooth-true-wireless-xiaomi-redmi-buds-4-active,Tai nghe TWS Xiaomi Redmi Buds 4 Active,Lê Ngô Minh Chánh,4
tai-nghe-bluetooth-true-wireless-xiaomi-redmi-buds-4-active,Tai nghe TWS Xiaomi Redmi Buds 4 Active,Khang Huy,5
tai-nghe-bluetooth-true-wireless-xiaomi-redmi-buds-4-active,Tai nghe TWS Xiaomi Redmi Buds 4 Active,Anh Học,4
tai-nghe-bluetooth-true-wireless-xiaomi-redmi-buds-4-active,Tai nghe TWS Xiaomi Redmi Buds 4 Active,Đạt,5
tai-nghe-bluetooth-true-wireless-xiaomi-redmi-buds-4-active,Tai nghe TWS Xiaomi Redmi Buds 4 Active,Trần Trường Lâm,4
tai-nghe-bluetooth-true-wireless-xiaomi-redmi-buds-4-active,Tai nghe TWS Xiaomi Redmi Buds 4 Active,Thu Diệu,5
tai-nghe-bluetooth-true-wireless-xiaomi-redmi-buds-4-active,Tai nghe TWS Xiaomi Redmi Buds 4 Active,Nguyễn Vũ Luân,4
tai-nghe-bluetooth-true-wireless-xiaomi-redmi-buds-4-active,Tai nghe TWS Xiaomi Redmi Buds 4 Active,Phạm Lộc,4
tai-nghe-bluetooth-true-wireless-xiaomi-redmi-buds-4-active,Tai nghe TWS Xiaomi Redmi Buds 4 Active,Chị Nhung,1
tai-nghe-bluetooth-true-wireless-xiaomi-redmi-buds-4-active,Tai nghe TWS Xiaomi Redmi Buds 4 Active,Khang,2
tai-nghe-bluetooth-true-wireless-xiaomi-redmi-buds-4-active,Tai nghe TWS Xiaomi Redmi Buds 4 Active,Van Phat,2
tai-nghe-bluetooth-true-wireless-xiaomi-redmi-buds-4-active,Tai nghe TWS Xiaomi Redmi Buds 4 Active,Nguyễn Thanh Lâm,5
tai-nghe-bluetooth-true-wireless-xiaomi-redmi-buds-4-active,Tai nghe TWS Xiaomi Redmi Buds 4 Active,Diễm,5
tai-nghe-bluetooth-true-wireless-xiaomi-redmi-buds-4-active,Tai nghe TWS Xiaomi Redmi Buds 4 Active,C Yến,5
tai-nghe-bluetooth-true-wireless-xiaomi-redmi-buds-4-active,Tai nghe TWS Xiaomi Redmi Buds 4 Active,Nguyễn Minh Hoàng,5
tai-nghe-bluetooth-true-wireless-xiaomi-redmi-buds-4-active,Tai nghe TWS Xiaomi Redmi Buds 4 Active,Vũ,2
tai-nghe-bluetooth-true-wireless-xiaomi-redmi-buds-4-active,Tai nghe TWS Xiaomi Redmi Buds 4 Active,Nguyễn Giàu,3
tai-nghe-bluetooth-true-wireless-xiaomi-redmi-buds-4-active,Tai nghe TWS Xiaomi Redmi Buds 4 Active,Đoàn Thành Ngọc,4
tai-nghe-bluetooth-true-wireless-xiaomi-redmi-buds-4-active,Tai nghe TWS Xiaomi Redmi Buds 4 Active,Vũ Văn Hiện,3
tai-nghe-bluetooth-true-wireless-xiaomi-redmi-buds-4-active,Tai nghe TWS Xiaomi Redmi Buds 4 Active,Trần Thu Hương,5
tai-nghe-bluetooth-true-wireless-xiaomi-redmi-buds-4-active,Tai nghe TWS Xiaomi Redmi Buds 4 Active,Hồ Thị Phương Hoàng,5
tai-nghe-bluetooth-true-wireless-xiaomi-redmi-buds-4-active,Tai nghe TWS Xiaomi Redmi Buds 4 Active,Đỗ Văn Hoàng,4
tai-nghe-bluetooth-true-wireless-xiaomi-redmi-buds-4-active,Tai nghe TWS Xiaomi Redmi Buds 4 Active,Mai Hoàng Kha,3
tai-nghe-bluetooth-true-wireless-xiaomi-redmi-buds-4-active,Tai nghe TWS Xiaomi Redmi Buds 4 Active,Nguyễn Hoàng Tuấn,4
tai-nghe-bluetooth-true-wireless-xiaomi-redmi-buds-4-active,Tai nghe TWS Xiaomi Redmi Buds 4 Active,Nguyễn Phan Hoàng Nguyên,5
tai-nghe-bluetooth-true-wireless-xiaomi-redmi-buds-4-active,Tai nghe TWS Xiaomi Redmi Buds 4 Active,Phát,4
tai-nghe-bluetooth-true-wireless-xiaomi-redmi-buds-4-active,Tai nghe TWS Xiaomi Redmi Buds 4 Active,Đỗ Văn Thái,5
tai-nghe-bluetooth-true-wireless-xiaomi-redmi-buds-4-active,Tai nghe TWS Xiaomi Redmi Buds 4 Active,Nguyễn Mỳ,3
tai-nghe-bluetooth-true-wireless-realme-buds-t110?utm_flashsale=1,Tai nghe TWS realme Buds T110,Hào,5
tai-nghe-bluetooth-true-wireless-realme-buds-t110?utm_flashsale=1,Tai nghe TWS realme Buds T110,L Giang,2
tai-nghe-bluetooth-true-wireless-realme-buds-t110?utm_flashsale=1,Tai nghe TWS realme Buds T110,TRẦN BÁ LUẬT,5
tai-nghe-bluetooth-true-wireless-realme-buds-t110?utm_flashsale=1,Tai nghe TWS realme Buds T110,Khiêm,5
tai-nghe-bluetooth-true-wireless-realme-buds-t110?utm_flashsale=1,Tai nghe TWS realme Buds T110,Phạm Minh Tâm,4
tai-nghe-bluetooth-true-wireless-realme-buds-t110?utm_flashsale=1,Tai nghe TWS realme Buds T110,Van Hoc,1
tai-nghe-bluetooth-true-wireless-realme-buds-t110?utm_flashsale=1,Tai nghe TWS realme Buds T110,Nguyễn Gia Hiu,4
tai-nghe-bluetooth-true-wireless-realme-buds-t110?utm_flashsale=1,Tai nghe TWS realme Buds T110,SÙNG MÍ SÍNH,1
tai-nghe-bluetooth-true-wireless-realme-buds-t110?utm_flashsale=1,Tai nghe TWS realme Buds T110,Khánh,3
tai-nghe-bluetooth-true-wireless-realme-buds-t110?utm_flashsale=1,Tai nghe TWS realme Buds T110,NguyenTV,5
tai-nghe-bluetooth-true-wireless-realme-buds-t110?utm_flashsale=1,Tai nghe TWS realme Buds T110,Quỳnh Như,5
tai-nghe-bluetooth-true-wireless-realme-buds-t110?utm_flashsale=1,Tai nghe TWS realme Buds T110,Vũ Quyết,2
tai-nghe-bluetooth-true-wireless-realme-buds-t110?utm_flashsale=1,Tai nghe TWS realme Buds T110,Trần Thạnh,5
tai-nghe-bluetooth-true-wireless-realme-buds-t110?utm_flashsale=1,Tai nghe TWS realme Buds T110,Võ Thị Mỹ Khuyên,5
tai-nghe-bluetooth-true-wireless-realme-buds-t110?utm_flashsale=1,Tai nghe TWS realme Buds T110,Kim Minh Vững,5
tai-nghe-bluetooth-true-wireless-realme-buds-t110?utm_flashsale=1,Tai nghe TWS realme Buds T110,Tú Ngô Tuấn,3
tai-nghe-bluetooth-true-wireless-realme-buds-t110?utm_flashsale=1,Tai nghe TWS realme Buds T110,Nguyễn Đăng Tuấn,5
tai-nghe-bluetooth-true-wireless-realme-buds-t110?utm_flashsale=1,Tai nghe TWS realme Buds T110,Nguyen An Khuong,5
tai-nghe-bluetooth-true-wireless-realme-buds-t110?utm_flashsale=1,Tai nghe TWS realme Buds T110,Khánh,5
tai-nghe-bluetooth-true-wireless-realme-buds-t110?utm_flashsale=1,Tai nghe TWS realme Buds T110,Lê Thiêm Thuận,4
tai-nghe-bluetooth-chup-tai-zadez-gp-803b,Tai nghe Chụp Tai Zadez GP-803B,Bùi Tiến Hoà,4
tai-nghe-bluetooth-chup-tai-zadez-gp-803b,Tai nghe Chụp Tai Zadez GP-803B,Võ Đức Thành,5
tai-nghe-bluetooth-chup-tai-zadez-gp-803b,Tai nghe Chụp Tai Zadez GP-803B,A Thuận,5
tai-nghe-bluetooth-chup-tai-zadez-gp-803b,Tai nghe Chụp Tai Zadez GP-803B,Võ Đức Thành,5
tai-nghe-bluetooth-chup-tai-zadez-gp-803b,Tai nghe Chụp Tai Zadez GP-803B,Lý Chí Hào,4
tai-nghe-bluetooth-chup-tai-zadez-gp-803b,Tai nghe Chụp Tai Zadez GP-803B,Tân,3
tai-nghe-bluetooth-chup-tai-zadez-gp-803b,Tai nghe Chụp Tai Zadez GP-803B,Hoàng Lê Hiệp Phát,5
tai-nghe-bluetooth-chup-tai-zadez-gp-803b,Tai nghe Chụp Tai Zadez GP-803B,Đào Thành Trung Hậu,3
tai-nghe-bluetooth-chup-tai-zadez-gp-803b,Tai nghe Chụp Tai Zadez GP-803B,Ngọc Thiện,4
tai-nghe-bluetooth-chup-tai-zadez-gp-803b,Tai nghe Chụp Tai Zadez GP-803B,Lương Tiến Đạt,5
tai-nghe-bluetooth-chup-tai-zadez-gp-803b,Tai nghe Chụp Tai Zadez GP-803B,Huy,5
tai-nghe-bluetooth-chup-tai-zadez-gp-803b,Tai nghe Chụp Tai Zadez GP-803B,Huỳnh Kim Tuyền,4
tai-nghe-bluetooth-chup-tai-zadez-gp-803b,Tai nghe Chụp Tai Zadez GP-803B,Danh,5
tai-nghe-bluetooth-chup-tai-zadez-gp-803b,Tai nghe Chụp Tai Zadez GP-803B,Nguyễn Tấn Lộc,4
tai-nghe-bluetooth-chup-tai-zadez-gp-803b,Tai nghe Chụp Tai Zadez GP-803B,Xuân Vội,5
tai-nghe-bluetooth-chup-tai-zadez-gp-803b,Tai nghe Chụp Tai Zadez GP-803B,Đoàn Thị Vân Anh,3
tai-nghe-bluetooth-chup-tai-zadez-gp-803b,Tai nghe Chụp Tai Zadez GP-803B,Minh Tuấn,5
tai-nghe-bluetooth-chup-tai-zadez-gp-803b,Tai nghe Chụp Tai Zadez GP-803B,Minh,5
tai-nghe-bluetooth-chup-tai-zadez-gp-803b,Tai nghe Chụp Tai Zadez GP-803B,Phạm Oai Nhân,5
tai-nghe-bluetooth-truyen-am-thanh-qua-xuong-soul-open-ear-plus,Tai nghe Soul Open-Ear Plus,Hoàng Thị Hạnh,3
tai-nghe-bluetooth-truyen-am-thanh-qua-xuong-soul-open-ear-plus,Tai nghe Soul Open-Ear Plus,Tân,1
tai-nghe-tws-jbl-tour-pro-3,Tai nghe TWS JBL Tour Pro 3,Nguyên,3
tai-nghe-tws-jbl-tour-pro-3,Tai nghe TWS JBL Tour Pro 3,Hiếu,1
tai-nghe-tws-jbl-tour-pro-3,Tai nghe TWS JBL Tour Pro 3,Quốc Khánh,5
tai-nghe-bluetooth-soundpeats-capsule-3-pro,Tai nghe TWS Soundpeats Capsule 3 Pro,Lâm,1
tai-nghe-bluetooth-soundpeats-capsule-3-pro,Tai nghe TWS Soundpeats Capsule 3 Pro,Phú,2
tai-nghe-bluetooth-soundpeats-capsule-3-pro,Tai nghe TWS Soundpeats Capsule 3 Pro,Thái,5
tai-nghe-bluetooth-soundpeats-capsule-3-pro,Tai nghe TWS Soundpeats Capsule 3 Pro,Nguyên,3
tai-nghe-bluetooth-soundpeats-capsule-3-pro,Tai nghe TWS Soundpeats Capsule 3 Pro,Chiến,5
tai-nghe-bluetooth-soundpeats-capsule-3-pro,Tai nghe TWS Soundpeats Capsule 3 Pro,Nguyễn Hoàng Vũ,5
tai-nghe-bluetooth-soundpeats-capsule-3-pro,Tai nghe TWS Soundpeats Capsule 3 Pro,Đang,3
tai-nghe-bluetooth-soundpeats-capsule-3-pro,Tai nghe TWS Soundpeats Capsule 3 Pro,Đỗ Hoàng Long,1
tai-nghe-bluetooth-soundpeats-capsule-3-pro,Tai nghe TWS Soundpeats Capsule 3 Pro,Tâm,1
tai-nghe-bluetooth-soundpeats-capsule-3-pro,Tai nghe TWS Soundpeats Capsule 3 Pro,Nguyễn Thành Vinh,4
tai-nghe-bluetooth-soundpeats-capsule-3-pro,Tai nghe TWS Soundpeats Capsule 3 Pro,Đỗ Hoàng Long,1
tai-nghe-bluetooth-soundpeats-capsule-3-pro,Tai nghe TWS Soundpeats Capsule 3 Pro,Nguyễn Trường Giang,3
tai-nghe-bluetooth-soundpeats-capsule-3-pro,Tai nghe TWS Soundpeats Capsule 3 Pro,Dương Diểm Chinh,4
tai-nghe-bluetooth-soundpeats-capsule-3-pro,Tai nghe TWS Soundpeats Capsule 3 Pro,Anh Tùng,3
tai-nghe-bluetooth-soundpeats-capsule-3-pro,Tai nghe TWS Soundpeats Capsule 3 Pro,Âu Văn Ngọc,4
tai-nghe-bluetooth-soundpeats-capsule-3-pro,Tai nghe TWS Soundpeats Capsule 3 Pro,Nguyễn Thị Ngọc Thương,5
tai-nghe-bluetooth-soundpeats-capsule-3-pro,Tai nghe TWS Soundpeats Capsule 3 Pro,Tăng Văn Thuấn,4
tai-nghe-bluetooth-soundpeats-capsule-3-pro,Tai nghe TWS Soundpeats Capsule 3 Pro,Phạm Văn Tiến,3
tai-nghe-bluetooth-soundpeats-capsule-3-pro,Tai nghe TWS Soundpeats Capsule 3 Pro,Nguyễn Cường,5
tai-nghe-bluetooth-true-wireless-soundpeats-gofree-2-open-ear,Tai nghe Open - Ear TWS Soundpeats GoFree 2,Thắng,3
tai-nghe-bluetooth-true-wireless-soundpeats-gofree-2-open-ear,Tai nghe Open - Ear TWS Soundpeats GoFree 2,Tin,2
tai-nghe-bluetooth-true-wireless-soundpeats-gofree-2-open-ear,Tai nghe Open - Ear TWS Soundpeats GoFree 2,Viet,3
tai-nghe-bluetooth-true-wireless-soundpeats-gofree-2-open-ear,Tai nghe Open - Ear TWS Soundpeats GoFree 2,Mai Huỳnh Đức,5
tai-nghe-bluetooth-true-wireless-soundpeats-gofree-2-open-ear,Tai nghe Open - Ear TWS Soundpeats GoFree 2,Luân,5
tai-nghe-bluetooth-true-wireless-soundpeats-gofree-2-open-ear,Tai nghe Open - Ear TWS Soundpeats GoFree 2,Phạm Thành Khải,5
tai-nghe-bluetooth-true-wireless-soundpeats-gofree-2-open-ear,Tai nghe Open - Ear TWS Soundpeats GoFree 2,KHƯƠNG GIA VỸ,5
tai-nghe-bluetooth-true-wireless-soundpeats-gofree-2-open-ear,Tai nghe Open - Ear TWS Soundpeats GoFree 2,Lê Công Thiên,4
tai-nghe-bluetooth-true-wireless-soundpeats-gofree-2-open-ear,Tai nghe Open - Ear TWS Soundpeats GoFree 2,Chị Phú,5
tai-nghe-bluetooth-true-wireless-soundpeats-gofree-2-open-ear,Tai nghe Open - Ear TWS Soundpeats GoFree 2,Nguyễn Thành Lê,5
tai-nghe-bluetooth-true-wireless-soundpeats-gofree-2-open-ear,Tai nghe Open - Ear TWS Soundpeats GoFree 2,Trần Tấn Cường,5
tai-nghe-bluetooth-true-wireless-soundpeats-gofree-2-open-ear,Tai nghe Open - Ear TWS Soundpeats GoFree 2,Chị Ngọc,5
tai-nghe-bluetooth-true-wireless-soundpeats-gofree-2-open-ear,Tai nghe Open - Ear TWS Soundpeats GoFree 2,Võ Thanh Hiền,5
tai-nghe-bluetooth-true-wireless-jbl-live-beam-3,Tai nghe TWS JBL Live Beam 3,Đặng Văn Vinh,1
tai-nghe-bluetooth-true-wireless-jbl-live-beam-3,Tai nghe TWS JBL Live Beam 3,Viết Sỹ Đỗ,1
tai-nghe-bluetooth-true-wireless-jbl-live-beam-3,Tai nghe TWS JBL Live Beam 3,Minh,3
tai-nghe-bluetooth-true-wireless-jbl-live-beam-3,Tai nghe TWS JBL Live Beam 3,Hung,1
tai-nghe-bluetooth-true-wireless-jbl-live-beam-3,Tai nghe TWS JBL Live Beam 3,Trung,5
tai-nghe-bluetooth-open-ear-ows-baseus-bowie-mc1,Tai nghe Open-Ear OWS Baseus Bowie MC1,Thảo,5
tai-nghe-bluetooth-true-wireless-marshall-motif-ii-a-n-c,Tai nghe TWS Marshall Motif II A.N.C.,Chị Giàu,5
tai-nghe-bluetooth-true-wireless-marshall-motif-ii-a-n-c,Tai nghe TWS Marshall Motif II A.N.C.,Lê Đình Nam,5
tai-nghe-bluetooth-true-wireless-marshall-motif-ii-a-n-c,Tai nghe TWS Marshall Motif II A.N.C.,Đỗ Văn Mạnh,4
tai-nghe-bluetooth-true-wireless-jbl-wave-beam,Tai nghe TWS JBL Wave Beam,Nhân,1
tai-nghe-bluetooth-true-wireless-jbl-wave-beam,Tai nghe TWS JBL Wave Beam,Nguyen Thi Lạn,5
tai-nghe-bluetooth-true-wireless-jbl-wave-beam,Tai nghe TWS JBL Wave Beam,Nguyễn Phúc Hậu,2
tai-nghe-bluetooth-true-wireless-jbl-wave-beam,Tai nghe TWS JBL Wave Beam,Trần Đức Cường,5
tai-nghe-bluetooth-true-wireless-jbl-wave-beam,Tai nghe TWS JBL Wave Beam,Hưng,4
tai-nghe-bluetooth-true-wireless-jbl-wave-beam,Tai nghe TWS JBL Wave Beam,Võ Thanh Hiền,3
tai-nghe-bluetooth-true-wireless-jbl-wave-beam,Tai nghe TWS JBL Wave Beam,Anh Đào Tuấn Anh,5
tai-nghe-bluetooth-true-wireless-jbl-wave-beam,Tai nghe TWS JBL Wave Beam,Dũng,4
tai-nghe-bluetooth-true-wireless-jbl-wave-beam,Tai nghe TWS JBL Wave Beam,Quốc,3
tai-nghe-bluetooth-true-wireless-jbl-wave-beam,Tai nghe TWS JBL Wave Beam,Đặng Điệu,5
tai-nghe-bluetooth-true-wireless-jbl-wave-beam,Tai nghe TWS JBL Wave Beam,Đào Văn Ngọc,5
tai-nghe-bluetooth-true-wireless-jbl-wave-beam,Tai nghe TWS JBL Wave Beam,Lữ Tông Xán,5
tai-nghe-bluetooth-true-wireless-jbl-wave-beam,Tai nghe TWS JBL Wave Beam,Kiệt,5
tai-nghe-bluetooth-true-wireless-jbl-wave-beam,Tai nghe TWS JBL Wave Beam,Nguyễn Long An,5
tai-nghe-bluetooth-true-wireless-jbl-wave-beam,Tai nghe TWS JBL Wave Beam,Trương Thị Thu Trang,5
tai-nghe-bluetooth-true-wireless-jbl-wave-beam,Tai nghe TWS JBL Wave Beam,Minh Hoàng,4
tai-nghe-bluetooth-true-wireless-jbl-wave-beam,Tai nghe TWS JBL Wave Beam,Ngọc Anh,3
tai-nghe-bluetooth-true-wireless-havit-tw967,Tai nghe TWS Havit TW967,Nguyễn Đức Vũ,5
tai-nghe-bluetooth-true-wireless-havit-tw967,Tai nghe TWS Havit TW967,Trần Thị Ngọc Hạnh,3
tai-nghe-bluetooth-true-wireless-havit-tw967,Tai nghe TWS Havit TW967,Thảo,5
tai-nghe-bluetooth-true-wireless-havit-tw967,Tai nghe TWS Havit TW967,Như,5
tai-nghe-bluetooth-true-wireless-havit-tw967,Tai nghe TWS Havit TW967,Nguyễn Ngọc Anh,5
tai-nghe-bluetooth-true-wireless-havit-tw967,Tai nghe TWS Havit TW967,Long,5
tai-nghe-bluetooth-true-wireless-havit-tw967,Tai nghe TWS Havit TW967,Lộv,1
tai-nghe-bluetooth-true-wireless-havit-tw967,Tai nghe TWS Havit TW967,Trung,4
tai-nghe-bluetooth-true-wireless-havit-tw967,Tai nghe TWS Havit TW967,Trần Nguyễn Thuý Diễm,4
tai-nghe-bluetooth-true-wireless-havit-tw967,Tai nghe TWS Havit TW967,Truong,5
tai-nghe-bluetooth-true-wireless-havit-tw967,Tai nghe TWS Havit TW967,Duy,5
tai-nghe-bluetooth-true-wireless-havit-tw967,Tai nghe TWS Havit TW967,Trầm Phạm Hồng Hạnh,3
tai-nghe-bluetooth-true-wireless-havit-tw967,Tai nghe TWS Havit TW967,Chu Thị Yến,5
tai-nghe-bluetooth-true-wireless-havit-tw967,Tai nghe TWS Havit TW967,Chị Như,5
tai-nghe-bluetooth-true-wireless-havit-tw967,Tai nghe TWS Havit TW967,Đỗ Minh Châu,4
tai-nghe-bluetooth-true-wireless-havit-tw967,Tai nghe TWS Havit TW967,Nguyễn Lê Tuấn ANh,4
tai-nghe-bluetooth-true-wireless-havit-tw967,Tai nghe TWS Havit TW967,Thanh Vươn,4
tai-nghe-bluetooth-true-wireless-havit-tw967,Tai nghe TWS Havit TW967,Bảy,3
tai-nghe-bluetooth-true-wireless-havit-tw967,Tai nghe TWS Havit TW967,Nguyễn Thị Huệ,3
tai-nghe-bluetooth-true-wireless-havit-tw967,Tai nghe TWS Havit TW967,Trần Văn Bình,3
tai-nghe-bluetooth-true-wireless-havit-tw967,Tai nghe TWS Havit TW967,Mr Hoang,4
tai-nghe-bluetooth-true-wireless-havit-tw967,Tai nghe TWS Havit TW967,Nguyễn Ngọc Thanh,2
tai-nghe-bluetooth-true-wireless-havit-tw967,Tai nghe TWS Havit TW967,Nguyễn Hữu Thiên Lộc,2
tai-nghe-bluetooth-true-wireless-havit-tw967,Tai nghe TWS Havit TW967,Trần Ngọc Khánh Hà,5
tai-nghe-bluetooth-true-wireless-havit-tw967,Tai nghe TWS Havit TW967,Lê Tấn Lợi,5
tai-nghe-bluetooth-true-wireless-havit-tw967,Tai nghe TWS Havit TW967,Nguyễn Trần San,5
tai-nghe-bluetooth-true-wireless-havit-tw967,Tai nghe TWS Havit TW967,Hoàng Thị Mai Anh,5
tai-nghe-bluetooth-true-wireless-havit-tw967,Tai nghe TWS Havit TW967,Huy,5
tai-nghe-bluetooth-true-wireless-havit-tw967,Tai nghe TWS Havit TW967,Trần Thị Hạnh,1
tai-nghe-bluetooth-true-wireless-havit-tw967,Tai nghe TWS Havit TW967,Quang,4
tai-nghe-bluetooth-true-wireless-havit-tw967,Tai nghe TWS Havit TW967,Đào Đình Khôi,5
tai-nghe-bluetooth-true-wireless-havit-tw967,Tai nghe TWS Havit TW967,Trúc,3
tai-nghe-bluetooth-true-wireless-havit-tw967,Tai nghe TWS Havit TW967,Nguyễn Phuong Nga,5
tai-nghe-bluetooth-true-wireless-havit-tw967,Tai nghe TWS Havit TW967,TRẦN THỊ PHƯƠNG DUNG,5
tai-nghe-bluetooth-true-wireless-havit-tw967,Tai nghe TWS Havit TW967,Đào Đình Khôi,5
tai-nghe-bluetooth-true-wireless-havit-tw967,Tai nghe TWS Havit TW967,Chị Nguyệt,3
tai-nghe-bluetooth-true-wireless-havit-tw967,Tai nghe TWS Havit TW967,Đặng Thị Quỳnh Trâm,5
tai-nghe-bluetooth-true-wireless-havit-tw967,Tai nghe TWS Havit TW967,Nguyễn Tuấn Vinh,5
tai-nghe-bluetooth-true-wireless-havit-tw967,Tai nghe TWS Havit TW967,Nguyễn Út Thương,5
tai-nghe-bluetooth-true-wireless-havit-tw967,Tai nghe TWS Havit TW967,Minh,3
tai-nghe-bluetooth-true-wireless-havit-tw967,Tai nghe TWS Havit TW967,Mr Hoang,4
tai-nghe-bluetooth-true-wireless-havit-tw967,Tai nghe TWS Havit TW967,Nguyễn Ngọc Thanh,2
tai-nghe-bluetooth-true-wireless-havit-tw967,Tai nghe TWS Havit TW967,Nguyễn Hữu Thiên Lộc,2
tai-nghe-bluetooth-true-wireless-havit-tw967,Tai nghe TWS Havit TW967,Trần Ngọc Khánh Hà,5
tai-nghe-bluetooth-true-wireless-havit-tw967,Tai nghe TWS Havit TW967,Lê Tấn Lợi,5
tai-nghe-bluetooth-true-wireless-havit-tw967,Tai nghe TWS Havit TW967,Nguyễn Trần San,5
tai-nghe-bluetooth-true-wireless-havit-tw967,Tai nghe TWS Havit TW967,Hoàng Thị Mai Anh,5
tai-nghe-bluetooth-true-wireless-havit-tw967,Tai nghe TWS Havit TW967,Hồ Thảo,3
tai-nghe-bluetooth-true-wireless-havit-tw967,Tai nghe TWS Havit TW967,Nguyễn Duy Minh,5
tai-nghe-bluetooth-true-wireless-havit-tw967,Tai nghe TWS Havit TW967,Kiệt Nhỏ,1
tai-nghe-bluetooth-true-wireless-havit-tw967,Tai nghe TWS Havit TW967,Long,5
tai-nghe-bluetooth-true-wireless-havit-tw967,Tai nghe TWS Havit TW967,Phạm Thị Lâm Hương,5
tai-nghe-bluetooth-true-wireless-havit-tw967,Tai nghe TWS Havit TW967,Hà,5
tai-nghe-bluetooth-true-wireless-havit-tw967,Tai nghe TWS Havit TW967,Tường,5
tai-nghe-bluetooth-true-wireless-havit-tw967,Tai nghe TWS Havit TW967,Hoàng Thế Anh,5
tai-nghe-bluetooth-true-wireless-havit-tw967,Tai nghe TWS Havit TW967,Anh Tín,4
tai-nghe-bluetooth-true-wireless-havit-tw967,Tai nghe TWS Havit TW967,Nguyễn Thuận Thành,3
tai-nghe-bluetooth-true-wireless-havit-tw967,Tai nghe TWS Havit TW967,Chau Thi,5
tai-nghe-bluetooth-true-wireless-havit-tw967,Tai nghe TWS Havit TW967,Ngọc Diễm,3
tai-nghe-bluetooth-true-wireless-havit-tw967,Tai nghe TWS Havit TW967,Thanh,4
tai-nghe-bluetooth-true-wireless-havit-tw967,Tai nghe TWS Havit TW967,Mến,5
tai-nghe-bluetooth-true-wireless-havit-tw967,Tai nghe TWS Havit TW967,Hồng Phượng,5
tai-nghe-bluetooth-true-wireless-havit-tw967,Tai nghe TWS Havit TW967,Đỗ Trần Mỹ Huyền,5
tai-nghe-bluetooth-true-wireless-havit-tw967,Tai nghe TWS Havit TW967,TRẦN NGỌC ĐỨC,5
tai-nghe-bluetooth-true-wireless-havit-tw967,Tai nghe TWS Havit TW967,Chị Phúc,5
tai-nghe-bluetooth-true-wireless-havit-tw967,Tai nghe TWS Havit TW967,Văn Chiến,5
tai-nghe-bluetooth-true-wireless-havit-tw967,Tai nghe TWS Havit TW967,Truong Van Khanh,5
tai-nghe-bluetooth-true-wireless-havit-tw967,Tai nghe TWS Havit TW967,Hoàng Quốc Việt,4
tai-nghe-bluetooth-true-wireless-havit-tw967,Tai nghe TWS Havit TW967,Anh Lâm,4
tai-nghe-bluetooth-true-wireless-havit-tw967,Tai nghe TWS Havit TW967,Nguyễn Hữu Tài,5
tai-nghe-bluetooth-true-wireless-havit-tw967,Tai nghe TWS Havit TW967,Phan Hà Văn,5
tai-nghe-bluetooth-true-wireless-havit-tw967,Tai nghe TWS Havit TW967,Lê Tuấn,4
tai-nghe-bluetooth-true-wireless-havit-tw967,Tai nghe TWS Havit TW967,Trần Hữu Nghĩa,4
tai-nghe-bluetooth-true-wireless-havit-tw967,Tai nghe TWS Havit TW967,Anh Việt,4
tai-nghe-bluetooth-true-wireless-havit-tw967,Tai nghe TWS Havit TW967,Ngô Minh Trí,5
tai-nghe-bluetooth-chup-tai-jbl-live-670nc,Tai nghe Chụp Tai JBL Live 670NC,Nguyên,3
tai-nghe-bluetooth-open-ear-tws-baseus-eli-sport-1,Tai nghe Open-Ear TWS Baseus Eli Sport 1,Phạm Minh Tuấn,5
tai-nghe-bluetooth-tws-sounarc-q1-earbuds?utm_flashsale=1,Tai nghe TWS Sounarc Q1 Earbuds,Phan Chí Cường,3
tai-nghe-bluetooth-tws-sounarc-q1-earbuds?utm_flashsale=1,Tai nghe TWS Sounarc Q1 Earbuds,Lang,2
tai-nghe-bluetooth-tws-sounarc-q1-earbuds?utm_flashsale=1,Tai nghe TWS Sounarc Q1 Earbuds,Hoàng Định,3
tai-nghe-bluetooth-tws-sounarc-q1-earbuds?utm_flashsale=1,Tai nghe TWS Sounarc Q1 Earbuds,Ksor H Lana,4
tai-nghe-bluetooth-tws-sounarc-q1-earbuds?utm_flashsale=1,Tai nghe TWS Sounarc Q1 Earbuds,Khánh,2
tai-nghe-bluetooth-true-wireless-sony-wf-c700n,Tai nghe TWS Sony WF-C700N,Tùng,5
tai-nghe-bluetooth-true-wireless-sony-wf-c700n,Tai nghe TWS Sony WF-C700N,Minh,4
tai-nghe-bluetooth-true-wireless-sony-wf-c700n,Tai nghe TWS Sony WF-C700N,Lê Văn Huy,2
tai-nghe-bluetooth-true-wireless-sony-wf-c700n,Tai nghe TWS Sony WF-C700N,Nông Thuỳ,1
tai-nghe-bluetooth-true-wireless-sony-wf-c700n,Tai nghe TWS Sony WF-C700N,Nguyễn Thành Trung Thắng,5
tai-nghe-bluetooth-true-wireless-sony-wf-c700n,Tai nghe TWS Sony WF-C700N,Ngô Bảo Lộc,4
tai-nghe-bluetooth-true-wireless-sony-wf-c700n,Tai nghe TWS Sony WF-C700N,Phước,5
tai-nghe-bluetooth-true-wireless-sony-wf-c700n,Tai nghe TWS Sony WF-C700N,Thảo,3
tai-nghe-bluetooth-true-wireless-sony-wf-c700n,Tai nghe TWS Sony WF-C700N,Đô Trung Nhân,5
tai-nghe-bluetooth-true-wireless-sony-wf-c700n,Tai nghe TWS Sony WF-C700N,Phạm Duy,5
tai-nghe-bluetooth-true-wireless-sony-wf-c700n,Tai nghe TWS Sony WF-C700N,Phạm Duy Thái,5
tai-nghe-bluetooth-true-wireless-sony-wf-c700n,Tai nghe TWS Sony WF-C700N,Nguyễn Văn Duẫn,4
tai-nghe-bluetooth-true-wireless-sony-wf-c700n,Tai nghe TWS Sony WF-C700N,Trần Văn Duy,3
tai-nghe-bluetooth-true-wireless-sony-wf-c700n,Tai nghe TWS Sony WF-C700N,Đông,2
tai-nghe-bluetooth-true-wireless-sony-wf-c700n,Tai nghe TWS Sony WF-C700N,Trịnh Tuấn Thành,5
tai-nghe-bluetooth-true-wireless-sony-wf-c700n,Tai nghe TWS Sony WF-C700N,Anh Đồng,2
tai-nghe-bluetooth-true-wireless-sony-wf-c700n,Tai nghe TWS Sony WF-C700N,Nguyễn Xuân Đĩnh,3
tai-nghe-bluetooth-true-wireless-sony-wf-c700n,Tai nghe TWS Sony WF-C700N,Phạm Việt Nga,4
tai-nghe-bluetooth-true-wireless-sony-wf-c700n,Tai nghe TWS Sony WF-C700N,Vanthanh,3
tai-nghe-bluetooth-true-wireless-sony-wf-c700n,Tai nghe TWS Sony WF-C700N,Nguyễn Minh Đức,4
tai-nghe-bluetooth-true-wireless-sony-wf-c700n,Tai nghe TWS Sony WF-C700N,Huynh Quoc,4
tai-nghe-bluetooth-true-wireless-sony-wf-c700n,Tai nghe TWS Sony WF-C700N,Mí,5
tai-nghe-bluetooth-true-wireless-sony-wf-c700n,Tai nghe TWS Sony WF-C700N,Tâm,4
tai-nghe-bluetooth-true-wireless-sony-wf-c700n,Tai nghe TWS Sony WF-C700N,Hồ,4
tai-nghe-bluetooth-true-wireless-sony-wf-c700n,Tai nghe TWS Sony WF-C700N,NGUYỄN VĂN BẢO VIỆT,4
tai-nghe-bluetooth-true-wireless-sony-wf-c700n,Tai nghe TWS Sony WF-C700N,Nguyễn Thị Bảo Yến,4
tai-nghe-bluetooth-true-wireless-sony-wf-c700n,Tai nghe TWS Sony WF-C700N,Đỗ Trường An,4
tai-nghe-bluetooth-true-wireless-sony-wf-c700n,Tai nghe TWS Sony WF-C700N,Thiều Gia Khánh,5
tai-nghe-bluetooth-true-wireless-sony-wf-c700n,Tai nghe TWS Sony WF-C700N,Sơn,5
tai-nghe-bluetooth-true-wireless-sony-wf-c700n,Tai nghe TWS Sony WF-C700N,Trần Thanh Tú,5
tai-nghe-bluetooth-true-wireless-sony-wf-c700n,Tai nghe TWS Sony WF-C700N,Lê Phương Uyên,5
tai-nghe-bluetooth-true-wireless-sony-wf-c700n,Tai nghe TWS Sony WF-C700N,A Phước Lợi,5
tai-nghe-bluetooth-true-wireless-sony-wf-c700n,Tai nghe TWS Sony WF-C700N,Nguyễn Mạnh Dũng,5
tai-nghe-bluetooth-true-wireless-sony-wf-c700n,Tai nghe TWS Sony WF-C700N,LÊ ĐÌNH DŨNG,4
tai-nghe-bluetooth-true-wireless-gaming-asus-rog-cetra-trang,Tai nghe TWS Gaming Asus Rog Cetra,Nguyên,5
tai-nghe-bluetooth-true-wireless-gaming-asus-rog-cetra-trang,Tai nghe TWS Gaming Asus Rog Cetra,Nguyễn Hoàng Lâm,5
tai-nghe-bluetooth-true-wireless-gaming-asus-rog-cetra-trang,Tai nghe TWS Gaming Asus Rog Cetra,Huỳnh Hồng Phúc,5
tai-nghe-bluetooth-true-wireless-gaming-asus-rog-cetra-trang,Tai nghe TWS Gaming Asus Rog Cetra,Trần Cao Sơn,4
tai-nghe-bluetooth-true-wireless-gaming-asus-rog-cetra-trang,Tai nghe TWS Gaming Asus Rog Cetra,Huỳnh Kim Thành,4
tai-nghe-bluetooth-true-wireless-gaming-asus-rog-cetra-trang,Tai nghe TWS Gaming Asus Rog Cetra,Khôi,5
tai-nghe-bluetooth-true-wireless-gaming-asus-rog-cetra-trang,Tai nghe TWS Gaming Asus Rog Cetra,Trương Văn Hướng,5
tai-nghe-bluetooth-true-wireless-gaming-asus-rog-cetra-trang,Tai nghe TWS Gaming Asus Rog Cetra,Lâm Ngọc Sơn,5
tai-nghe-bluetooth-true-wireless-gaming-asus-rog-cetra-trang,Tai nghe TWS Gaming Asus Rog Cetra,Đặng Phước Toàn,5
tai-nghe-bluetooth-true-wireless-gaming-asus-rog-cetra-trang,Tai nghe TWS Gaming Asus Rog Cetra,Phan Kim Khánh,4
tai-nghe-bluetooth-true-wireless-gaming-asus-rog-cetra-trang,Tai nghe TWS Gaming Asus Rog Cetra,Phương,5
tai-nghe-bluetooth-true-wireless-gaming-asus-rog-cetra-trang,Tai nghe TWS Gaming Asus Rog Cetra,Anh Trung,4
tai-nghe-bluetooth-true-wireless-gaming-asus-rog-cetra-trang,Tai nghe TWS Gaming Asus Rog Cetra,Nguyễn La Vĩ Khang,4
tai-nghe-bluetooth-true-wireless-gaming-asus-rog-cetra-trang,Tai nghe TWS Gaming Asus Rog Cetra,NGUYỄN VĂN TÌNH,5
tai-nghe-bluetooth-true-wireless-gaming-asus-rog-cetra-trang,Tai nghe TWS Gaming Asus Rog Cetra,Lê Anh Tuấn Minh,5
tai-nghe-bluetooth-true-wireless-gaming-asus-rog-cetra-trang,Tai nghe TWS Gaming Asus Rog Cetra,Lương Văn Tới,4
tai-nghe-bluetooth-true-wireless-baseus-airgo-as01-open-ear?utm_flashsale=1,Tai nghe TWS Baseus AirGo AS01 Open-Ear,Khang Tran,2
tai-nghe-bluetooth-true-wireless-baseus-airgo-as01-open-ear?utm_flashsale=1,Tai nghe TWS Baseus AirGo AS01 Open-Ear,Phúc Lx,3
tai-nghe-bluetooth-true-wireless-baseus-airgo-as01-open-ear?utm_flashsale=1,Tai nghe TWS Baseus AirGo AS01 Open-Ear,Huy,2
tai-nghe-bluetooth-true-wireless-baseus-airgo-as01-open-ear?utm_flashsale=1,Tai nghe TWS Baseus AirGo AS01 Open-Ear,Nguyễn,4
tai-nghe-bluetooth-true-wireless-baseus-airgo-as01-open-ear?utm_flashsale=1,Tai nghe TWS Baseus AirGo AS01 Open-Ear,Nguyễn Thanh Phong,2
tai-nghe-bluetooth-true-wireless-baseus-airgo-as01-open-ear?utm_flashsale=1,Tai nghe TWS Baseus AirGo AS01 Open-Ear,Hoàng Đạt,1
tai-nghe-bluetooth-true-wireless-baseus-airgo-as01-open-ear?utm_flashsale=1,Tai nghe TWS Baseus AirGo AS01 Open-Ear,Nguyễn Thị Bửu Trân,5
tai-nghe-bluetooth-true-wireless-baseus-airgo-as01-open-ear?utm_flashsale=1,Tai nghe TWS Baseus AirGo AS01 Open-Ear,Nguyễn Hoài Thanh Bảo,5
tai-nghe-bluetooth-tws-havit-tw980,Tai nghe TWS Havit TW980,Long,2
tai-nghe-bluetooth-true-wireless-gaming-asus-rog-cetra,Tai nghe TWS Gaming Asus Rog Cetra,Trần Lê Minh,1
tai-nghe-bluetooth-true-wireless-gaming-asus-rog-cetra,Tai nghe TWS Gaming Asus Rog Cetra,Minh,5
tai-nghe-bluetooth-true-wireless-gaming-asus-rog-cetra,Tai nghe TWS Gaming Asus Rog Cetra,Huỳnh Công Hậu,4
tai-nghe-bluetooth-true-wireless-gaming-asus-rog-cetra,Tai nghe TWS Gaming Asus Rog Cetra,Long,5
tai-nghe-bluetooth-true-wireless-gaming-asus-rog-cetra,Tai nghe TWS Gaming Asus Rog Cetra,Nhật,4
tai-nghe-bluetooth-true-wireless-gaming-asus-rog-cetra,Tai nghe TWS Gaming Asus Rog Cetra,Đỗ Trần Ngọc Hải,5
tai-nghe-bluetooth-true-wireless-gaming-asus-rog-cetra,Tai nghe TWS Gaming Asus Rog Cetra,Thành,4
tai-nghe-bluetooth-true-wireless-gaming-asus-rog-cetra,Tai nghe TWS Gaming Asus Rog Cetra,Võ Nguyên Thạch Son,5
tai-nghe-bluetooth-true-wireless-gaming-asus-rog-cetra,Tai nghe TWS Gaming Asus Rog Cetra,Âu Dương Ngọc,1
tai-nghe-bluetooth-true-wireless-gaming-asus-rog-cetra,Tai nghe TWS Gaming Asus Rog Cetra,Do Manh Tu,5
tai-nghe-bluetooth-true-wireless-gaming-asus-rog-cetra,Tai nghe TWS Gaming Asus Rog Cetra,Trương Nghi,1
tai-nghe-bluetooth-true-wireless-gaming-asus-rog-cetra,Tai nghe TWS Gaming Asus Rog Cetra,Nguyễn Đức Phương,3
tai-nghe-bluetooth-true-wireless-gaming-asus-rog-cetra,Tai nghe TWS Gaming Asus Rog Cetra,Lê Hoàng Khang,5
tai-nghe-bluetooth-true-wireless-gaming-asus-rog-cetra,Tai nghe TWS Gaming Asus Rog Cetra,Đạt,5
tai-nghe-bluetooth-true-wireless-gaming-asus-rog-cetra,Tai nghe TWS Gaming Asus Rog Cetra,Tuấn,1
tai-nghe-bluetooth-true-wireless-gaming-asus-rog-cetra,Tai nghe TWS Gaming Asus Rog Cetra,Ngô Thế Phong,5
tai-nghe-bluetooth-true-wireless-gaming-asus-rog-cetra,Tai nghe TWS Gaming Asus Rog Cetra,Hồ Ngọc Kính,4
tai-nghe-bluetooth-true-wireless-gaming-asus-rog-cetra,Tai nghe TWS Gaming Asus Rog Cetra,Em Nhân,5
tai-nghe-bluetooth-true-wireless-gaming-asus-rog-cetra,Tai nghe TWS Gaming Asus Rog Cetra,Nguyễn Đức Thiện,5
tai-nghe-bluetooth-true-wireless-gaming-asus-rog-cetra,Tai nghe TWS Gaming Asus Rog Cetra,Xuân Bách,5
tai-nghe-bluetooth-true-wireless-gaming-asus-rog-cetra,Tai nghe TWS Gaming Asus Rog Cetra,Duyên,4
tai-nghe-bluetooth-true-wireless-gaming-asus-rog-cetra,Tai nghe TWS Gaming Asus Rog Cetra,Anh Quang,5
tai-nghe-bluetooth-true-wireless-gaming-asus-rog-cetra,Tai nghe TWS Gaming Asus Rog Cetra,Trần Trọng Hữu,5
tai-nghe-bluetooth-true-wireless-gaming-asus-rog-cetra,Tai nghe TWS Gaming Asus Rog Cetra,Anh Nam,5
tai-nghe-bluetooth-true-wireless-gaming-asus-rog-cetra,Tai nghe TWS Gaming Asus Rog Cetra,Huỳnh,4
tai-nghe-bluetooth-true-wireless-gaming-asus-rog-cetra,Tai nghe TWS Gaming Asus Rog Cetra,Quân,3
tai-nghe-bluetooth-true-wireless-gaming-asus-rog-cetra,Tai nghe TWS Gaming Asus Rog Cetra,Đoàn Thanh Khang,4
tai-nghe-bluetooth-true-wireless-gaming-asus-rog-cetra,Tai nghe TWS Gaming Asus Rog Cetra,Anh Luân,5
tai-nghe-bluetooth-true-wireless-gaming-asus-rog-cetra,Tai nghe TWS Gaming Asus Rog Cetra,Võ Tấn Phát,5
tai-nghe-bluetooth-the-thao-soundpeats-runfree-lite-2,Tai nghe Thể thao Soundpeats RunFree Lite 2,Trung,2
tai-nghe-bluetooth-the-thao-soundpeats-runfree-lite-2,Tai nghe Thể thao Soundpeats RunFree Lite 2,Phan Xuân Bá,1
tai-nghe-bluetooth-true-wireless-monster-mh22163-n-lite-203-airlinks,Tai nghe TWS Monster MH22163 N-Lite 203 AirLinks,Nguyễn Văn Nam,1
tai-nghe-bluetooth-true-wireless-monster-mh22163-n-lite-203-airlinks,Tai nghe TWS Monster MH22163 N-Lite 203 AirLinks,Trần Nguyễn,3
tai-nghe-bluetooth-true-wireless-monster-mh22163-n-lite-203-airlinks,Tai nghe TWS Monster MH22163 N-Lite 203 AirLinks,Hà,5
tai-nghe-bluetooth-true-wireless-monster-mh22163-n-lite-203-airlinks,Tai nghe TWS Monster MH22163 N-Lite 203 AirLinks,CHU THÀNH TÂM,5
tai-nghe-bluetooth-true-wireless-monster-mh22163-n-lite-203-airlinks,Tai nghe TWS Monster MH22163 N-Lite 203 AirLinks,Nguyễn Thế Phương,4
tai-nghe-bluetooth-true-wireless-monster-mh22163-n-lite-203-airlinks,Tai nghe TWS Monster MH22163 N-Lite 203 AirLinks,Dưỡng,4
tai-nghe-bluetooth-true-wireless-monster-mh22163-n-lite-203-airlinks,Tai nghe TWS Monster MH22163 N-Lite 203 AirLinks,Anh,5
tai-nghe-bluetooth-true-wireless-monster-mh22163-n-lite-203-airlinks,Tai nghe TWS Monster MH22163 N-Lite 203 AirLinks,Anh Cường,3
tai-nghe-bluetooth-true-wireless-monster-mh22163-n-lite-203-airlinks,Tai nghe TWS Monster MH22163 N-Lite 203 AirLinks,Anh Thạnh,1
tai-nghe-bluetooth-true-wireless-monster-mh22163-n-lite-203-airlinks,Tai nghe TWS Monster MH22163 N-Lite 203 AirLinks,NGUYEN MINH PHUC,3
tai-nghe-bluetooth-true-wireless-monster-mh22163-n-lite-203-airlinks,Tai nghe TWS Monster MH22163 N-Lite 203 AirLinks,ĐẶNG QUỐC KHÁNH,4
tai-nghe-bluetooth-true-wireless-monster-mh22163-n-lite-203-airlinks,Tai nghe TWS Monster MH22163 N-Lite 203 AirLinks,Nguyễn Anh Hào,5
tai-nghe-bluetooth-true-wireless-ava-buds-life-rider-gt07,Tai nghe TWS AVA+ Buds Life Rider GT07,Toản,1
tai-nghe-bluetooth-true-wireless-ava-buds-life-rider-gt07,Tai nghe TWS AVA+ Buds Life Rider GT07,Nguyễn Văn Khiêm,1
tai-nghe-bluetooth-true-wireless-ava-buds-life-rider-gt07,Tai nghe TWS AVA+ Buds Life Rider GT07,Alana,2
tai-nghe-bluetooth-true-wireless-ava-buds-life-rider-gt07,Tai nghe TWS AVA+ Buds Life Rider GT07,Tình,2
tai-nghe-bluetooth-true-wireless-ava-buds-life-rider-gt07,Tai nghe TWS AVA+ Buds Life Rider GT07,Bình,3
tai-nghe-bluetooth-true-wireless-ava-buds-life-rider-gt07,Tai nghe TWS AVA+ Buds Life Rider GT07,Cao Lâm Nhật Nguyên,3
tai-nghe-bluetooth-true-wireless-ava-buds-life-rider-gt07,Tai nghe TWS AVA+ Buds Life Rider GT07,Phạm Minh Đạt,1
tai-nghe-bluetooth-true-wireless-ava-buds-life-rider-gt07,Tai nghe TWS AVA+ Buds Life Rider GT07,Phan Hoàng Thiệu,3
tai-nghe-bluetooth-true-wireless-ava-buds-life-rider-gt07,Tai nghe TWS AVA+ Buds Life Rider GT07,Nguyễn Thị Hà,4
tai-nghe-bluetooth-true-wireless-ava-buds-life-rider-gt07,Tai nghe TWS AVA+ Buds Life Rider GT07,Nguyễn Văn Điền,1
tai-nghe-bluetooth-true-wireless-ava-buds-life-rider-gt07,Tai nghe TWS AVA+ Buds Life Rider GT07,Trần Bá Duy,5
tai-nghe-bluetooth-true-wireless-ava-buds-life-rider-gt07,Tai nghe TWS AVA+ Buds Life Rider GT07,Tượng,5
tai-nghe-bluetooth-true-wireless-ava-buds-life-rider-gt07,Tai nghe TWS AVA+ Buds Life Rider GT07,Van Quang,2
tai-nghe-bluetooth-true-wireless-ava-buds-life-rider-gt07,Tai nghe TWS AVA+ Buds Life Rider GT07,Hoàng,1
tai-nghe-bluetooth-true-wireless-ava-buds-life-rider-gt07,Tai nghe TWS AVA+ Buds Life Rider GT07,Sầu,5
tai-nghe-bluetooth-true-wireless-ava-buds-life-rider-gt07,Tai nghe TWS AVA+ Buds Life Rider GT07,Nguyễn Duy Cương,4
tai-nghe-bluetooth-true-wireless-ava-buds-life-rider-gt07,Tai nghe TWS AVA+ Buds Life Rider GT07,Hương,2
tai-nghe-bluetooth-true-wireless-ava-buds-life-rider-gt07,Tai nghe TWS AVA+ Buds Life Rider GT07,Trần Tuấn Anh,2
tai-nghe-bluetooth-true-wireless-ava-buds-life-rider-gt07,Tai nghe TWS AVA+ Buds Life Rider GT07,NGUYỄN MINH TUẤN,4
tai-nghe-bluetooth-true-wireless-ava-buds-life-rider-gt07,Tai nghe TWS AVA+ Buds Life Rider GT07,Cao Nhật Phi,4
tai-nghe-bluetooth-true-wireless-ava-buds-life-rider-gt07,Tai nghe TWS AVA+ Buds Life Rider GT07,Lê Hoàng Vinh,3
tai-nghe-bluetooth-true-wireless-ava-buds-life-rider-gt07,Tai nghe TWS AVA+ Buds Life Rider GT07,Trần Xuân Sơn,5
tai-nghe-bluetooth-true-wireless-ava-buds-life-rider-gt07,Tai nghe TWS AVA+ Buds Life Rider GT07,Ngọc,3
tai-nghe-bluetooth-true-wireless-ava-buds-life-rider-gt07,Tai nghe TWS AVA+ Buds Life Rider GT07,Nguyễn Duy Khánh,2
tai-nghe-bluetooth-true-wireless-ava-buds-life-rider-gt07,Tai nghe TWS AVA+ Buds Life Rider GT07,Thanh Lâm,5
tai-nghe-bluetooth-true-wireless-ava-buds-life-rider-gt07,Tai nghe TWS AVA+ Buds Life Rider GT07,TRƯƠNG ĐĂNG KHOA,5
tai-nghe-bluetooth-true-wireless-ava-buds-life-rider-gt07,Tai nghe TWS AVA+ Buds Life Rider GT07,Hoàng Thu Thủy,4
tai-nghe-bluetooth-true-wireless-ava-buds-life-rider-gt07,Tai nghe TWS AVA+ Buds Life Rider GT07,Son La,5
tai-nghe-bluetooth-true-wireless-ava-buds-life-rider-gt07,Tai nghe TWS AVA+ Buds Life Rider GT07,Hồ Hoàng Sỹ,5
tai-nghe-bluetooth-true-wireless-ava-buds-life-rider-gt07,Tai nghe TWS AVA+ Buds Life Rider GT07,Khánh Ngọc,3
tai-nghe-bluetooth-true-wireless-ava-buds-life-rider-gt07,Tai nghe TWS AVA+ Buds Life Rider GT07,Vũ Thái,4
tai-nghe-bluetooth-true-wireless-ava-buds-life-rider-gt07,Tai nghe TWS AVA+ Buds Life Rider GT07,Trần Dũng,2
tai-nghe-bluetooth-true-wireless-ava-buds-life-rider-gt07,Tai nghe TWS AVA+ Buds Life Rider GT07,Anh Toàn,5
tai-nghe-bluetooth-true-wireless-ava-buds-life-rider-gt07,Tai nghe TWS AVA+ Buds Life Rider GT07,Anh Hùng,5
tai-nghe-bluetooth-true-wireless-ava-buds-life-rider-gt07,Tai nghe TWS AVA+ Buds Life Rider GT07,Em Kiểu,5
tai-nghe-bluetooth-true-wireless-ava-buds-life-rider-gt07,Tai nghe TWS AVA+ Buds Life Rider GT07,Cường,5
tai-nghe-bluetooth-true-wireless-ava-buds-life-rider-gt07,Tai nghe TWS AVA+ Buds Life Rider GT07,Lâm Thị Thu Hà,1
tai-nghe-bluetooth-true-wireless-ava-buds-life-rider-gt07,Tai nghe TWS AVA+ Buds Life Rider GT07,Minh Hau,2
tai-nghe-bluetooth-true-wireless-ava-buds-life-rider-gt07,Tai nghe TWS AVA+ Buds Life Rider GT07,Anh Khánh,5
tai-nghe-bluetooth-true-wireless-ava-buds-life-rider-gt07,Tai nghe TWS AVA+ Buds Life Rider GT07,Pham Thi Anh Tho,5
tai-nghe-bluetooth-true-wireless-shokz-openfit-t910,Tai nghe TWS Shokz OPENFIT T910,Trung,1
bluetooth-true-wireless-mozard-ts11-mini,Tai nghe TWS Mozard TS11 mini,Thảo Minh,1
bluetooth-true-wireless-mozard-ts11-mini,Tai nghe TWS Mozard TS11 mini,Phú Lợi,1
bluetooth-true-wireless-mozard-ts11-mini,Tai nghe TWS Mozard TS11 mini,Đào Xuân Quyết,1
bluetooth-true-wireless-mozard-ts11-mini,Tai nghe TWS Mozard TS11 mini,Tới,5
bluetooth-true-wireless-mozard-ts11-mini,Tai nghe TWS Mozard TS11 mini,Trần Đức Cảnh,1
bluetooth-true-wireless-mozard-ts11-mini,Tai nghe TWS Mozard TS11 mini,Khoa,1
bluetooth-true-wireless-mozard-ts11-mini,Tai nghe TWS Mozard TS11 mini,CHAU KHÉCH,1
bluetooth-true-wireless-mozard-ts11-mini,Tai nghe TWS Mozard TS11 mini,Nguyễn Thị Kim Ánh,3
bluetooth-true-wireless-mozard-ts11-mini,Tai nghe TWS Mozard TS11 mini,Hoàng Văn Long,5
bluetooth-true-wireless-mozard-ts11-mini,Tai nghe TWS Mozard TS11 mini,Nguyễn Trình,2
bluetooth-true-wireless-mozard-ts11-mini,Tai nghe TWS Mozard TS11 mini,Lê Minh Hiếu,4
bluetooth-true-wireless-mozard-ts11-mini,Tai nghe TWS Mozard TS11 mini,MINH,5
bluetooth-true-wireless-mozard-ts11-mini,Tai nghe TWS Mozard TS11 mini,Trần Thị Như Phượng,5
bluetooth-true-wireless-mozard-ts11-mini,Tai nghe TWS Mozard TS11 mini,Phương,2
bluetooth-true-wireless-mozard-ts11-mini,Tai nghe TWS Mozard TS11 mini,Nguyễn Hoàng Duy,1
bluetooth-true-wireless-mozard-ts11-mini,Tai nghe TWS Mozard TS11 mini,Công Hào,3
bluetooth-true-wireless-mozard-ts11-mini,Tai nghe TWS Mozard TS11 mini,NHUNG,5
bluetooth-true-wireless-mozard-ts11-mini,Tai nghe TWS Mozard TS11 mini,Chị Mai,2
bluetooth-true-wireless-mozard-ts11-mini,Tai nghe TWS Mozard TS11 mini,Hồng Thắm,1
bluetooth-true-wireless-mozard-ts11-mini,Tai nghe TWS Mozard TS11 mini,Em Bảo,2
bluetooth-true-wireless-mozard-ts11-mini,Tai nghe TWS Mozard TS11 mini,Thảo Minh,1
bluetooth-true-wireless-mozard-ts11-mini,Tai nghe TWS Mozard TS11 mini,Phú Lợi,1
bluetooth-true-wireless-mozard-ts11-mini,Tai nghe TWS Mozard TS11 mini,Đào Xuân Quyết,1
bluetooth-true-wireless-mozard-ts11-mini,Tai nghe TWS Mozard TS11 mini,Tới,5
bluetooth-true-wireless-mozard-ts11-mini,Tai nghe TWS Mozard TS11 mini,Trần Đức Cảnh,1
bluetooth-true-wireless-mozard-ts11-mini,Tai nghe TWS Mozard TS11 mini,Khoa,1
bluetooth-true-wireless-mozard-ts11-mini,Tai nghe TWS Mozard TS11 mini,CHAU KHÉCH,1
bluetooth-true-wireless-mozard-ts11-mini,Tai nghe TWS Mozard TS11 mini,Nguyễn Thị Kim Ánh,3
bluetooth-true-wireless-mozard-ts11-mini,Tai nghe TWS Mozard TS11 mini,Hoàng Văn Long,5
bluetooth-true-wireless-mozard-ts11-mini,Tai nghe TWS Mozard TS11 mini,Nguyễn Trình,2
bluetooth-true-wireless-mozard-ts11-mini,Tai nghe TWS Mozard TS11 mini,Lê Minh Hiếu,4
bluetooth-true-wireless-mozard-ts11-mini,Tai nghe TWS Mozard TS11 mini,MINH,5
bluetooth-true-wireless-mozard-ts11-mini,Tai nghe TWS Mozard TS11 mini,Trần Thị Như Phượng,5
bluetooth-true-wireless-mozard-ts11-mini,Tai nghe TWS Mozard TS11 mini,Phương,2
bluetooth-true-wireless-mozard-ts11-mini,Tai nghe TWS Mozard TS11 mini,Nguyễn Hoàng Duy,1
bluetooth-true-wireless-mozard-ts11-mini,Tai nghe TWS Mozard TS11 mini,Công Hào,3
bluetooth-true-wireless-mozard-ts11-mini,Tai nghe TWS Mozard TS11 mini,NHUNG,5
bluetooth-true-wireless-mozard-ts11-mini,Tai nghe TWS Mozard TS11 mini,Chị Mai,2
bluetooth-true-wireless-mozard-ts11-mini,Tai nghe TWS Mozard TS11 mini,Hồng Thắm,1
bluetooth-true-wireless-mozard-ts11-mini,Tai nghe TWS Mozard TS11 mini,Em Bảo,2
bluetooth-true-wireless-mozard-ts11-mini,Tai nghe TWS Mozard TS11 mini,Trần Thanh Tùng,1
bluetooth-true-wireless-mozard-ts11-mini,Tai nghe TWS Mozard TS11 mini,Nguyễn Văn Hoàng,5
bluetooth-true-wireless-mozard-ts11-mini,Tai nghe TWS Mozard TS11 mini,Phung Minh Trong,3
bluetooth-true-wireless-mozard-ts11-mini,Tai nghe TWS Mozard TS11 mini,Bùi Minh Trí,2
bluetooth-true-wireless-mozard-ts11-mini,Tai nghe TWS Mozard TS11 mini,Kim Lan,3
bluetooth-true-wireless-mozard-ts11-mini,Tai nghe TWS Mozard TS11 mini,Nguyễn Thị Thùy,1
bluetooth-true-wireless-mozard-ts11-mini,Tai nghe TWS Mozard TS11 mini,Nguyễn Ngọc Hữu,1
bluetooth-true-wireless-mozard-ts11-mini,Tai nghe TWS Mozard TS11 mini,Phạm Thị Lê,4
bluetooth-true-wireless-mozard-ts11-mini,Tai nghe TWS Mozard TS11 mini,Nguyễn Văn Cường,1
bluetooth-true-wireless-mozard-ts11-mini,Tai nghe TWS Mozard TS11 mini,Phạm Lợi,4
bluetooth-true-wireless-mozard-ts11-mini,Tai nghe TWS Mozard TS11 mini,Phương Ty Phạm,5
bluetooth-true-wireless-mozard-ts11-mini,Tai nghe TWS Mozard TS11 mini,Huỳnh Phú Luận,4
bluetooth-true-wireless-mozard-ts11-mini,Tai nghe TWS Mozard TS11 mini,Nông Thị Hiền,3
bluetooth-true-wireless-mozard-ts11-mini,Tai nghe TWS Mozard TS11 mini,Hoàng,5
bluetooth-true-wireless-mozard-ts11-mini,Tai nghe TWS Mozard TS11 mini,Phúc,3
bluetooth-true-wireless-mozard-ts11-mini,Tai nghe TWS Mozard TS11 mini,Em Trung,4
bluetooth-true-wireless-mozard-ts11-mini,Tai nghe TWS Mozard TS11 mini,Bùi Việt Quốc,5
bluetooth-true-wireless-mozard-ts11-mini,Tai nghe TWS Mozard TS11 mini,Lê Xuân Mạnh,2
bluetooth-true-wireless-mozard-ts11-mini,Tai nghe TWS Mozard TS11 mini,Duc,1
bluetooth-true-wireless-mozard-ts11-mini,Tai nghe TWS Mozard TS11 mini,Anh Long,4
bluetooth-true-wireless-mozard-ts11-mini,Tai nghe TWS Mozard TS11 mini,Anh Châu,4
bluetooth-true-wireless-mozard-ts11-mini,Tai nghe TWS Mozard TS11 mini,Thiện,5
bluetooth-true-wireless-mozard-ts11-mini,Tai nghe TWS Mozard TS11 mini,Huynh,3
bluetooth-true-wireless-mozard-ts11-mini,Tai nghe TWS Mozard TS11 mini,Đô,4
bluetooth-true-wireless-mozard-ts11-mini,Tai nghe TWS Mozard TS11 mini,Anh Duy,5
bluetooth-true-wireless-mozard-ts11-mini,Tai nghe TWS Mozard TS11 mini,Ngọc Tùng,1
bluetooth-true-wireless-mozard-ts11-mini,Tai nghe TWS Mozard TS11 mini,Tín Phạm,1
bluetooth-true-wireless-mozard-ts11-mini,Tai nghe TWS Mozard TS11 mini,Triệu,2
bluetooth-true-wireless-mozard-ts11-mini,Tai nghe TWS Mozard TS11 mini,Anh Hoan,1
bluetooth-true-wireless-mozard-ts11-mini,Tai nghe TWS Mozard TS11 mini,Trần Thị Mỹ Duyên,5
bluetooth-true-wireless-mozard-ts11-mini,Tai nghe TWS Mozard TS11 mini,TRẦN HỮU TỰ,2
bluetooth-true-wireless-mozard-ts11-mini,Tai nghe TWS Mozard TS11 mini,Chiến,5
bluetooth-true-wireless-mozard-ts11-mini,Tai nghe TWS Mozard TS11 mini,Đat,1
bluetooth-true-wireless-mozard-ts11-mini,Tai nghe TWS Mozard TS11 mini,Nguyễn Thành Đạt,3
bluetooth-true-wireless-mozard-ts11-mini,Tai nghe TWS Mozard TS11 mini,Chị Phụng,5
bluetooth-true-wireless-mozard-ts11-mini,Tai nghe TWS Mozard TS11 mini,Nguyen Toan,2
bluetooth-true-wireless-mozard-ts11-mini,Tai nghe TWS Mozard TS11 mini,Đào Văn Thiện,3
bluetooth-true-wireless-mozard-ts11-mini,Tai nghe TWS Mozard TS11 mini,Y Niêm Niê,4
bluetooth-true-wireless-mozard-ts11-mini,Tai nghe TWS Mozard TS11 mini,Trịnh Công Biên,5
bluetooth-true-wireless-mozard-ts11-mini,Tai nghe TWS Mozard TS11 mini,Anh Quỳnh,4
bluetooth-true-wireless-mozard-ts11-mini,Tai nghe TWS Mozard TS11 mini,Trương Kim Ngân,4
bluetooth-true-wireless-mozard-ts11-mini,Tai nghe TWS Mozard TS11 mini,Huy,4
bluetooth-true-wireless-mozard-ts11-mini,Tai nghe TWS Mozard TS11 mini,Anh Sơn,1
bluetooth-true-wireless-mozard-ts11-mini,Tai nghe TWS Mozard TS11 mini,Ân,5
bluetooth-true-wireless-mozard-ts11-mini,Tai nghe TWS Mozard TS11 mini,Anh Hoà,4
bluetooth-true-wireless-mozard-ts11-mini,Tai nghe TWS Mozard TS11 mini,Trân Tuấn,5
bluetooth-true-wireless-mozard-ts11-mini,Tai nghe TWS Mozard TS11 mini,Anh Thông,1
bluetooth-true-wireless-mozard-ts11-mini,Tai nghe TWS Mozard TS11 mini,Nguyễn Thị Phương Duyên,4
bluetooth-true-wireless-mozard-ts11-mini,Tai nghe TWS Mozard TS11 mini,Nguyễn Đức Chính,1
bluetooth-true-wireless-mozard-ts11-mini,Tai nghe TWS Mozard TS11 mini,Trung,5
bluetooth-true-wireless-mozard-ts11-mini,Tai nghe TWS Mozard TS11 mini,Nguyễn Văn Thuận,5
bluetooth-true-wireless-mozard-ts11-mini,Tai nghe TWS Mozard TS11 mini,Quân,1
bluetooth-true-wireless-mozard-ts11-mini,Tai nghe TWS Mozard TS11 mini,Hiển,5
bluetooth-true-wireless-mozard-ts11-mini,Tai nghe TWS Mozard TS11 mini,Nguyễn Dương Đạt,2
bluetooth-true-wireless-mozard-ts11-mini,Tai nghe TWS Mozard TS11 mini,Nguyễn Ngọc Ngân,4
bluetooth-true-wireless-mozard-ts11-mini,Tai nghe TWS Mozard TS11 mini,Nguyễn Phúc Thuận,5
bluetooth-true-wireless-mozard-ts11-mini,Tai nghe TWS Mozard TS11 mini,Nguyễn Văn Hoàng,5
bluetooth-true-wireless-mozard-ts11-mini,Tai nghe TWS Mozard TS11 mini,Nguyễn Ngọc Tú,1
bluetooth-true-wireless-mozard-ts11-mini,Tai nghe TWS Mozard TS11 mini,Vũ Văn Soi,5
bluetooth-true-wireless-mozard-ts11-mini,Tai nghe TWS Mozard TS11 mini,PHẠM DUY HIẾU,5
bluetooth-true-wireless-mozard-ts11-mini,Tai nghe TWS Mozard TS11 mini,Trần Văn Tiếp,4
bluetooth-true-wireless-mozard-ts11-mini,Tai nghe TWS Mozard TS11 mini,Bé Nhi,3
bluetooth-true-wireless-mozard-ts11-mini,Tai nghe TWS Mozard TS11 mini,Đinh Quang Dũng,2
bluetooth-true-wireless-mozard-ts11-mini,Tai nghe TWS Mozard TS11 mini,Phạm Hiếu Nghĩa,3
bluetooth-true-wireless-mozard-ts11-mini,Tai nghe TWS Mozard TS11 mini,Nguyễn Thanh Ương,5
bluetooth-true-wireless-mozard-ts11-mini,Tai nghe TWS Mozard TS11 mini,LÊ VĂN DUY,5
bluetooth-true-wireless-mozard-ts11-mini,Tai nghe TWS Mozard TS11 mini,Lê Võ Chí Trung,4
bluetooth-true-wireless-mozard-ts11-mini,Tai nghe TWS Mozard TS11 mini,Bạn Thảo,5
bluetooth-true-wireless-mozard-ts11-mini,Tai nghe TWS Mozard TS11 mini,Nguyễn Văn Khá,5
bluetooth-true-wireless-mozard-ts11-mini,Tai nghe TWS Mozard TS11 mini,Vương Đông Khang,3
bluetooth-true-wireless-mozard-ts11-mini,Tai nghe TWS Mozard TS11 mini,Lê Thị Thuỳ Dung,4
bluetooth-true-wireless-mozard-ts11-mini,Tai nghe TWS Mozard TS11 mini,Anh Hưng,5
bluetooth-true-wireless-mozard-ts11-mini,Tai nghe TWS Mozard TS11 mini,Lan Anh,5
bluetooth-true-wireless-mozard-ts11-mini,Tai nghe TWS Mozard TS11 mini,Nguyễn Thi Châu,1
bluetooth-true-wireless-mozard-ts11-mini,Tai nghe TWS Mozard TS11 mini,Đức Nhật,4
bluetooth-true-wireless-mozard-ts11-mini,Tai nghe TWS Mozard TS11 mini,NGUYỄN THỊ HOA,1
bluetooth-true-wireless-mozard-ts11-mini,Tai nghe TWS Mozard TS11 mini,Hiếu,1
bluetooth-true-wireless-mozard-ts11-mini,Tai nghe TWS Mozard TS11 mini,Tùng,1
bluetooth-true-wireless-mozard-ts11-mini,Tai nghe TWS Mozard TS11 mini,Huỳnh,2
bluetooth-true-wireless-mozard-ts11-mini,Tai nghe TWS Mozard TS11 mini,Bùi Trang Thanh,4
bluetooth-true-wireless-mozard-ts11-mini,Tai nghe TWS Mozard TS11 mini,Tượng,2
bluetooth-true-wireless-mozard-ts11-mini,Tai nghe TWS Mozard TS11 mini,Nguyễn Văn Hà,3
bluetooth-true-wireless-mozard-ts11-mini,Tai nghe TWS Mozard TS11 mini,PHUNG THI NGOC CAM,2
bluetooth-true-wireless-mozard-ts11-mini,Tai nghe TWS Mozard TS11 mini,Tô Thế Duy,4
bluetooth-true-wireless-mozard-ts11-mini,Tai nghe TWS Mozard TS11 mini,Bùi Sĩ Nguyên,4
bluetooth-true-wireless-mozard-ts11-mini,Tai nghe TWS Mozard TS11 mini,Ngọc Hải,5
bluetooth-true-wireless-mozard-ts11-mini,Tai nghe TWS Mozard TS11 mini,Yến,4
bluetooth-true-wireless-mozard-ts11-mini,Tai nghe TWS Mozard TS11 mini,Nguyễn Thị Bích Phượng,2
bluetooth-true-wireless-mozard-ts11-mini,Tai nghe TWS Mozard TS11 mini,Anh Điệp,5
bluetooth-true-wireless-mozard-ts11-mini,Tai nghe TWS Mozard TS11 mini,Bùi Huy Phú,5
bluetooth-true-wireless-mozard-ts11-mini,Tai nghe TWS Mozard TS11 mini,Hoàng Tuấn,4
bluetooth-true-wireless-mozard-ts11-mini,Tai nghe TWS Mozard TS11 mini,Huy,5
bluetooth-true-wireless-mozard-ts11-mini,Tai nghe TWS Mozard TS11 mini,Chị Lương,4
bluetooth-true-wireless-mozard-ts11-mini,Tai nghe TWS Mozard TS11 mini,Hậu,4
bluetooth-true-wireless-mozard-ts11-mini,Tai nghe TWS Mozard TS11 mini,Nguyễn Quang Nhật,4
bluetooth-true-wireless-mozard-ts11-mini,Tai nghe TWS Mozard TS11 mini,Oanh,5
bluetooth-true-wireless-mozard-ts11-mini,Tai nghe TWS Mozard TS11 mini,,4
bluetooth-true-wireless-mozard-ts11-mini,Tai nghe TWS Mozard TS11 mini,Trần Đình Hiệp,5
bluetooth-true-wireless-mozard-ts11-mini,Tai nghe TWS Mozard TS11 mini,HOÀNG TRUNG,2
bluetooth-true-wireless-mozard-ts11-mini,Tai nghe TWS Mozard TS11 mini,Lực,5
bluetooth-true-wireless-ava-ds200a-wb,Tai nghe Bluetooth True Wireless AVA+ DS200A-WB,Nguyễn Văn Phục,5
bluetooth-true-wireless-ava-ds200a-wb,Tai nghe Bluetooth True Wireless AVA+ DS200A-WB,A Đức,2
bluetooth-true-wireless-ava-ds200a-wb,Tai nghe Bluetooth True Wireless AVA+ DS200A-WB,Hoài,5
bluetooth-true-wireless-ava-ds200a-wb,Tai nghe Bluetooth True Wireless AVA+ DS200A-WB,Đỗ Thanh Sang,5
bluetooth-true-wireless-ava-ds200a-wb,Tai nghe Bluetooth True Wireless AVA+ DS200A-WB,Dương Trọng Phúc,3
bluetooth-true-wireless-ava-ds200a-wb,Tai nghe Bluetooth True Wireless AVA+ DS200A-WB,NGUYỄN XUÂN TUẤN,5
bluetooth-true-wireless-ava-ds200a-wb,Tai nghe Bluetooth True Wireless AVA+ DS200A-WB,Nguyễn Văn Quy,5
bluetooth-true-wireless-ava-ds200a-wb,Tai nghe Bluetooth True Wireless AVA+ DS200A-WB,Đào Văn Tưởng,1
bluetooth-true-wireless-ava-ds200a-wb,Tai nghe Bluetooth True Wireless AVA+ DS200A-WB,Nguyễn Minh Đông,1
bluetooth-true-wireless-ava-ds200a-wb,Tai nghe Bluetooth True Wireless AVA+ DS200A-WB,Nguyễn Đức Hùng,5
bluetooth-true-wireless-ava-ds200a-wb,Tai nghe Bluetooth True Wireless AVA+ DS200A-WB,Bảo Đăng,3
bluetooth-true-wireless-ava-ds200a-wb,Tai nghe Bluetooth True Wireless AVA+ DS200A-WB,Nguyễn Thị Bích Ngọc,1
bluetooth-true-wireless-ava-ds200a-wb,Tai nghe Bluetooth True Wireless AVA+ DS200A-WB,Anh Điền,5
bluetooth-true-wireless-ava-ds200a-wb,Tai nghe Bluetooth True Wireless AVA+ DS200A-WB,Huân,3
bluetooth-true-wireless-ava-ds200a-wb,Tai nghe Bluetooth True Wireless AVA+ DS200A-WB,153504 - Lê Minh Thành,5
bluetooth-true-wireless-ava-ds200a-wb,Tai nghe Bluetooth True Wireless AVA+ DS200A-WB,Võ Thị Yến,1
bluetooth-true-wireless-ava-ds200a-wb,Tai nghe Bluetooth True Wireless AVA+ DS200A-WB,Nguyễn Thế Anh,5
bluetooth-true-wireless-ava-ds200a-wb,Tai nghe Bluetooth True Wireless AVA+ DS200A-WB,Quý,2
bluetooth-true-wireless-ava-ds200a-wb,Tai nghe Bluetooth True Wireless AVA+ DS200A-WB,Lâm Thành Phát,5
bluetooth-true-wireless-ava-ds200a-wb,Tai nghe Bluetooth True Wireless AVA+ DS200A-WB,Trần Thị Hồng Ngọc,5
bluetooth-true-wireless-ava-ds200a-wb,Tai nghe Bluetooth True Wireless AVA+ DS200A-WB,Ngân,5
bluetooth-true-wireless-ava-ds200a-wb,Tai nghe Bluetooth True Wireless AVA+ DS200A-WB,NGUYỄN ĐỨC TÂM,1
bluetooth-true-wireless-ava-ds200a-wb,Tai nghe Bluetooth True Wireless AVA+ DS200A-WB,Nguyễn Thị Trang Đài,5
bluetooth-true-wireless-ava-ds200a-wb,Tai nghe Bluetooth True Wireless AVA+ DS200A-WB,Kiều Diễm,3
bluetooth-true-wireless-ava-ds200a-wb,Tai nghe Bluetooth True Wireless AVA+ DS200A-WB,Chị Dung,3
bluetooth-true-wireless-ava-ds200a-wb,Tai nghe Bluetooth True Wireless AVA+ DS200A-WB,Thật,5
bluetooth-true-wireless-ava-ds200a-wb,Tai nghe Bluetooth True Wireless AVA+ DS200A-WB,Trần Thuý Phượng,4
bluetooth-true-wireless-ava-ds200a-wb,Tai nghe Bluetooth True Wireless AVA+ DS200A-WB,Nguyên Thị Hồng Nhung,5
bluetooth-true-wireless-ava-ds200a-wb,Tai nghe Bluetooth True Wireless AVA+ DS200A-WB,Nguyễn Ngọc Như Sương,5
bluetooth-true-wireless-ava-ds200a-wb,Tai nghe Bluetooth True Wireless AVA+ DS200A-WB,Linh,1
bluetooth-true-wireless-ava-ds200a-wb,Tai nghe Bluetooth True Wireless AVA+ DS200A-WB,Bùi Ngọc Chung,4
bluetooth-true-wireless-ava-ds200a-wb,Tai nghe Bluetooth True Wireless AVA+ DS200A-WB,Lê Minh Quân,4
bluetooth-true-wireless-ava-ds200a-wb,Tai nghe Bluetooth True Wireless AVA+ DS200A-WB,Long,1
bluetooth-true-wireless-ava-ds200a-wb,Tai nghe Bluetooth True Wireless AVA+ DS200A-WB,Bắp,4
bluetooth-true-wireless-ava-ds200a-wb,Tai nghe Bluetooth True Wireless AVA+ DS200A-WB,Đặng Văn Vi,5
bluetooth-true-wireless-ava-ds200a-wb,Tai nghe Bluetooth True Wireless AVA+ DS200A-WB,Khách Lẻ,5
bluetooth-true-wireless-ava-ds200a-wb,Tai nghe Bluetooth True Wireless AVA+ DS200A-WB,Võ Hồng Phong,2
bluetooth-true-wireless-ava-ds200a-wb,Tai nghe Bluetooth True Wireless AVA+ DS200A-WB,Kiều,4
bluetooth-true-wireless-ava-ds200a-wb,Tai nghe Bluetooth True Wireless AVA+ DS200A-WB,Chị Nhân,2
bluetooth-true-wireless-ava-ds200a-wb,Tai nghe Bluetooth True Wireless AVA+ DS200A-WB,Trịnh Văn Tú,3
bluetooth-true-wireless-ava-ds200a-wb,Tai nghe Bluetooth True Wireless AVA+ DS200A-WB,Ngân,5
bluetooth-true-wireless-ava-ds200a-wb,Tai nghe Bluetooth True Wireless AVA+ DS200A-WB,NGUYỄN ĐỨC TÂM,1
bluetooth-true-wireless-ava-ds200a-wb,Tai nghe Bluetooth True Wireless AVA+ DS200A-WB,Nguyễn Thị Trang Đài,5
bluetooth-true-wireless-ava-ds200a-wb,Tai nghe Bluetooth True Wireless AVA+ DS200A-WB,Kiều Diễm,3
bluetooth-true-wireless-ava-ds200a-wb,Tai nghe Bluetooth True Wireless AVA+ DS200A-WB,Chị Dung,3
bluetooth-true-wireless-ava-ds200a-wb,Tai nghe Bluetooth True Wireless AVA+ DS200A-WB,Thật,5
bluetooth-true-wireless-ava-ds200a-wb,Tai nghe Bluetooth True Wireless AVA+ DS200A-WB,Trần Thuý Phượng,4
bluetooth-true-wireless-ava-ds200a-wb,Tai nghe Bluetooth True Wireless AVA+ DS200A-WB,Nguyên Thị Hồng Nhung,5
bluetooth-true-wireless-ava-ds200a-wb,Tai nghe Bluetooth True Wireless AVA+ DS200A-WB,Nguyễn Ngọc Như Sương,5
bluetooth-true-wireless-ava-ds200a-wb,Tai nghe Bluetooth True Wireless AVA+ DS200A-WB,Linh,1
bluetooth-true-wireless-ava-ds200a-wb,Tai nghe Bluetooth True Wireless AVA+ DS200A-WB,Bùi Ngọc Chung,4
bluetooth-true-wireless-ava-ds200a-wb,Tai nghe Bluetooth True Wireless AVA+ DS200A-WB,Lê Minh Quân,4
bluetooth-true-wireless-ava-ds200a-wb,Tai nghe Bluetooth True Wireless AVA+ DS200A-WB,Long,1
bluetooth-true-wireless-ava-ds200a-wb,Tai nghe Bluetooth True Wireless AVA+ DS200A-WB,Bắp,4
bluetooth-true-wireless-ava-ds200a-wb,Tai nghe Bluetooth True Wireless AVA+ DS200A-WB,Đặng Văn Vi,5
bluetooth-true-wireless-ava-ds200a-wb,Tai nghe Bluetooth True Wireless AVA+ DS200A-WB,Khách Lẻ,5
bluetooth-true-wireless-ava-ds200a-wb,Tai nghe Bluetooth True Wireless AVA+ DS200A-WB,Võ Hồng Phong,2
bluetooth-true-wireless-ava-ds200a-wb,Tai nghe Bluetooth True Wireless AVA+ DS200A-WB,Kiều,4
bluetooth-true-wireless-ava-ds200a-wb,Tai nghe Bluetooth True Wireless AVA+ DS200A-WB,Chị Nhân,2
bluetooth-true-wireless-ava-ds200a-wb,Tai nghe Bluetooth True Wireless AVA+ DS200A-WB,Trịnh Văn Tú,3
bluetooth-true-wireless-ava-ds200a-wb,Tai nghe Bluetooth True Wireless AVA+ DS200A-WB,Nguyễn Cao Cường,5
bluetooth-true-wireless-ava-ds200a-wb,Tai nghe Bluetooth True Wireless AVA+ DS200A-WB,Hà,4
bluetooth-true-wireless-ava-ds200a-wb,Tai nghe Bluetooth True Wireless AVA+ DS200A-WB,Hoàng Anh Tuấn,5
bluetooth-true-wireless-ava-ds200a-wb,Tai nghe Bluetooth True Wireless AVA+ DS200A-WB,Anh Thanh,4
bluetooth-true-wireless-ava-ds200a-wb,Tai nghe Bluetooth True Wireless AVA+ DS200A-WB,Đoàn Thị Thùy Linh,2
bluetooth-true-wireless-ava-ds200a-wb,Tai nghe Bluetooth True Wireless AVA+ DS200A-WB,Nguyễn Trọng Tính,4
bluetooth-true-wireless-ava-ds200a-wb,Tai nghe Bluetooth True Wireless AVA+ DS200A-WB,Lê Công Lai,2
bluetooth-true-wireless-ava-ds200a-wb,Tai nghe Bluetooth True Wireless AVA+ DS200A-WB,Tuan,5
bluetooth-true-wireless-ava-ds200a-wb,Tai nghe Bluetooth True Wireless AVA+ DS200A-WB,Nguyễn Phú Quí,1
bluetooth-true-wireless-ava-ds200a-wb,Tai nghe Bluetooth True Wireless AVA+ DS200A-WB,Nguyễn Văn Nam,5
bluetooth-true-wireless-ava-ds200a-wb,Tai nghe Bluetooth True Wireless AVA+ DS200A-WB,Hoàng Quốc Vũ,5
bluetooth-true-wireless-ava-ds200a-wb,Tai nghe Bluetooth True Wireless AVA+ DS200A-WB,Thái Hiền,5
bluetooth-true-wireless-ava-ds200a-wb,Tai nghe Bluetooth True Wireless AVA+ DS200A-WB,Lâm Tấn Hiệp,5
bluetooth-true-wireless-ava-ds200a-wb,Tai nghe Bluetooth True Wireless AVA+ DS200A-WB,Hoàng Văn Thắng,5
bluetooth-true-wireless-ava-ds200a-wb,Tai nghe Bluetooth True Wireless AVA+ DS200A-WB,TRẦN MIỀN NAM,4
bluetooth-true-wireless-ava-ds200a-wb,Tai nghe Bluetooth True Wireless AVA+ DS200A-WB,Khoa,4
bluetooth-true-wireless-ava-ds200a-wb,Tai nghe Bluetooth True Wireless AVA+ DS200A-WB,Niền,5
bluetooth-true-wireless-ava-ds200a-wb,Tai nghe Bluetooth True Wireless AVA+ DS200A-WB,Nguyễn Thị Quỳnh,4
bluetooth-true-wireless-ava-ds200a-wb,Tai nghe Bluetooth True Wireless AVA+ DS200A-WB,Mai Đắc Lượng,5
bluetooth-true-wireless-ava-ds200a-wb,Tai nghe Bluetooth True Wireless AVA+ DS200A-WB,Trí,5
bluetooth-true-wireless-ava-ds200a-wb,Tai nghe Bluetooth True Wireless AVA+ DS200A-WB,Anh Đại,5
bluetooth-true-wireless-ava-ds200a-wb,Tai nghe Bluetooth True Wireless AVA+ DS200A-WB,Lư Trường Giang,5
bluetooth-true-wireless-ava-ds200a-wb,Tai nghe Bluetooth True Wireless AVA+ DS200A-WB,Lê Ngọc Định,4
bluetooth-true-wireless-ava-ds200a-wb,Tai nghe Bluetooth True Wireless AVA+ DS200A-WB,Khiêm,2
bluetooth-true-wireless-ava-ds200a-wb,Tai nghe Bluetooth True Wireless AVA+ DS200A-WB,Trần Dũng,5
bluetooth-true-wireless-ava-ds200a-wb,Tai nghe Bluetooth True Wireless AVA+ DS200A-WB,Phạm Thị Giang,5
bluetooth-true-wireless-ava-ds200a-wb,Tai nghe Bluetooth True Wireless AVA+ DS200A-WB,Chị Lan Anh,5
bluetooth-true-wireless-ava-ds200a-wb,Tai nghe Bluetooth True Wireless AVA+ DS200A-WB,Hải,5
bluetooth-true-wireless-ava-ds200a-wb,Tai nghe Bluetooth True Wireless AVA+ DS200A-WB,Phi,2
bluetooth-true-wireless-ava-ds200a-wb,Tai nghe Bluetooth True Wireless AVA+ DS200A-WB,Lan,2
bluetooth-true-wireless-ava-ds200a-wb,Tai nghe Bluetooth True Wireless AVA+ DS200A-WB,Anh Hiến,3
bluetooth-true-wireless-ava-ds200a-wb,Tai nghe Bluetooth True Wireless AVA+ DS200A-WB,Đỗ Thị Mỹ Lệ,4
bluetooth-true-wireless-ava-ds200a-wb,Tai nghe Bluetooth True Wireless AVA+ DS200A-WB,Trương Chí Kiện,5
bluetooth-true-wireless-ava-ds200a-wb,Tai nghe Bluetooth True Wireless AVA+ DS200A-WB,Thức,5
bluetooth-true-wireless-ava-ds200a-wb,Tai nghe Bluetooth True Wireless AVA+ DS200A-WB,Chú Chương,5
bluetooth-true-wireless-ava-ds200a-wb,Tai nghe Bluetooth True Wireless AVA+ DS200A-WB,Đoàn Trung Mạnh,1
bluetooth-true-wireless-ava-ds200a-wb,Tai nghe Bluetooth True Wireless AVA+ DS200A-WB,Hải,5
bluetooth-true-wireless-ava-ds200a-wb,Tai nghe Bluetooth True Wireless AVA+ DS200A-WB,Thanh,4
bluetooth-true-wireless-ava-ds200a-wb,Tai nghe Bluetooth True Wireless AVA+ DS200A-WB,Anh An,5
bluetooth-true-wireless-ava-ds200a-wb,Tai nghe Bluetooth True Wireless AVA+ DS200A-WB,Nguyễn Văn Năng,5
bluetooth-true-wireless-ava-ds200a-wb,Tai nghe Bluetooth True Wireless AVA+ DS200A-WB,HUỲNH XUÂN QUÁNH,4
bluetooth-true-wireless-ava-ds200a-wb,Tai nghe Bluetooth True Wireless AVA+ DS200A-WB,Thảo,5
bluetooth-true-wireless-ava-ds200a-wb,Tai nghe Bluetooth True Wireless AVA+ DS200A-WB,Nguyễn Văn Tiệp,5
bluetooth-true-wireless-ava-ds200a-wb,Tai nghe Bluetooth True Wireless AVA+ DS200A-WB,Lê Xuân Hệ,3
bluetooth-true-wireless-ava-ds200a-wb,Tai nghe Bluetooth True Wireless AVA+ DS200A-WB,NGUYỄN THÁI VINH,5
bluetooth-true-wireless-ava-ds200a-wb,Tai nghe Bluetooth True Wireless AVA+ DS200A-WB,Anh Bàn Chàn Tòong,4
bluetooth-true-wireless-ava-ds200a-wb,Tai nghe Bluetooth True Wireless AVA+ DS200A-WB,Phạm Văn Nên,5
bluetooth-true-wireless-ava-ds200a-wb,Tai nghe Bluetooth True Wireless AVA+ DS200A-WB,Nguyễn Văn Cường,4
bluetooth-true-wireless-ava-ds200a-wb,Tai nghe Bluetooth True Wireless AVA+ DS200A-WB,Anh Hưng,2
bluetooth-true-wireless-ava-ds200a-wb,Tai nghe Bluetooth True Wireless AVA+ DS200A-WB,Anh Tiến,3
bluetooth-true-wireless-ava-ds200a-wb,Tai nghe Bluetooth True Wireless AVA+ DS200A-WB,Luân,5
bluetooth-true-wireless-ava-ds200a-wb,Tai nghe Bluetooth True Wireless AVA+ DS200A-WB,Nguyễn Lưu Định,4
bluetooth-true-wireless-ava-ds200a-wb,Tai nghe Bluetooth True Wireless AVA+ DS200A-WB,Anh Tiến,3
bluetooth-true-wireless-ava-ds200a-wb,Tai nghe Bluetooth True Wireless AVA+ DS200A-WB,Huyền,3
bluetooth-true-wireless-ava-ds200a-wb,Tai nghe Bluetooth True Wireless AVA+ DS200A-WB,Y Win,5
bluetooth-true-wireless-ava-ds200a-wb,Tai nghe Bluetooth True Wireless AVA+ DS200A-WB,Hoa,4
bluetooth-true-wireless-ava-ds200a-wb,Tai nghe Bluetooth True Wireless AVA+ DS200A-WB,Chú Đẩu,5
bluetooth-true-wireless-ava-ds200a-wb,Tai nghe Bluetooth True Wireless AVA+ DS200A-WB,Thu Lan,5
bluetooth-true-wireless-ava-ds200a-wb,Tai nghe Bluetooth True Wireless AVA+ DS200A-WB,Vũ Nguyên Minh,4
bluetooth-true-wireless-ava-ds200a-wb,Tai nghe Bluetooth True Wireless AVA+ DS200A-WB,Cường,4
bluetooth-true-wireless-ava-ds200a-wb,Tai nghe Bluetooth True Wireless AVA+ DS200A-WB,Bác Phương,5
bluetooth-true-wireless-ava-ds200a-wb,Tai nghe Bluetooth True Wireless AVA+ DS200A-WB,Hoàng Ở,5
bluetooth-true-wireless-ava-ds200a-wb,Tai nghe Bluetooth True Wireless AVA+ DS200A-WB,Tuân,3
bluetooth-true-wireless-ava-ds200a-wb,Tai nghe Bluetooth True Wireless AVA+ DS200A-WB,Phạm Thị No,5
bluetooth-true-wireless-ava-ds200a-wb,Tai nghe Bluetooth True Wireless AVA+ DS200A-WB,Huỳnh Văn Giàu,4
bluetooth-true-wireless-ava-ds200a-wb,Tai nghe Bluetooth True Wireless AVA+ DS200A-WB,Anh Tính,5
bluetooth-true-wireless-ava-ds200a-wb,Tai nghe Bluetooth True Wireless AVA+ DS200A-WB,Phạm Văn Phú,5
bluetooth-true-wireless-ava-ds200a-wb,Tai nghe Bluetooth True Wireless AVA+ DS200A-WB,Vũ Thị Thanh Thanh,4
bluetooth-true-wireless-ava-ds200a-wb,Tai nghe Bluetooth True Wireless AVA+ DS200A-WB,Trần Thanh Cường,5
bluetooth-true-wireless-ava-ds200a-wb,Tai nghe Bluetooth True Wireless AVA+ DS200A-WB,Hạnh,5
bluetooth-true-wireless-ava-ds200a-wb,Tai nghe Bluetooth True Wireless AVA+ DS200A-WB,Cô Vân,5
bluetooth-true-wireless-ava-ds200a-wb,Tai nghe Bluetooth True Wireless AVA+ DS200A-WB,Nguyễn Trọng Lâm,4
bluetooth-true-wireless-ava-ds200a-wb,Tai nghe Bluetooth True Wireless AVA+ DS200A-WB,Lê Quang,5
bluetooth-true-wireless-ava-ds200a-wb,Tai nghe Bluetooth True Wireless AVA+ DS200A-WB,Tran Van Dong,2
bluetooth-true-wireless-ava-ds200a-wb,Tai nghe Bluetooth True Wireless AVA+ DS200A-WB,Anh Thái,4
bluetooth-true-wireless-ava-ds200a-wb,Tai nghe Bluetooth True Wireless AVA+ DS200A-WB,An,5
bluetooth-true-wireless-ava-ds200a-wb,Tai nghe Bluetooth True Wireless AVA+ DS200A-WB,Hùng,4
bluetooth-true-wireless-ava-ds200a-wb,Tai nghe Bluetooth True Wireless AVA+ DS200A-WB,Dang Quoc Van,1
bluetooth-true-wireless-ava-ds200a-wb,Tai nghe Bluetooth True Wireless AVA+ DS200A-WB,Nguyễn Văn Bình,5
bluetooth-true-wireless-ava-ds200a-wb,Tai nghe Bluetooth True Wireless AVA+ DS200A-WB,Đặng Kim Bảo,5
bluetooth-true-wireless-ava-ds200a-wb,Tai nghe Bluetooth True Wireless AVA+ DS200A-WB,Nguyễn Đình Tâm,5
bluetooth-true-wireless-ava-ds200a-wb,Tai nghe Bluetooth True Wireless AVA+ DS200A-WB,Mai Đức Anh,5
bluetooth-true-wireless-ava-ds200a-wb,Tai nghe Bluetooth True Wireless AVA+ DS200A-WB,Hùng,4
bluetooth-true-wireless-ava-ds200a-wb,Tai nghe Bluetooth True Wireless AVA+ DS200A-WB,Anh Hưng,5
bluetooth-true-wireless-ava-ds200a-wb,Tai nghe Bluetooth True Wireless AVA+ DS200A-WB,Trần Minh Sơn,5
bluetooth-true-wireless-ava-ds200a-wb,Tai nghe Bluetooth True Wireless AVA+ DS200A-WB,Phan Hoàng Nam,4
bluetooth-true-wireless-ava-ds200a-wb,Tai nghe Bluetooth True Wireless AVA+ DS200A-WB,Thúy,3
bluetooth-true-wireless-ava-ds200a-wb,Tai nghe Bluetooth True Wireless AVA+ DS200A-WB,Quỳnh,5
bluetooth-true-wireless-ava-ds200a-wb,Tai nghe Bluetooth True Wireless AVA+ DS200A-WB,Em Hiền,4
bluetooth-true-wireless-ava-ds200a-wb,Tai nghe Bluetooth True Wireless AVA+ DS200A-WB,Huỳnh Thị Mai Trinh,4
bluetooth-true-wireless-ava-ds200a-wb,Tai nghe Bluetooth True Wireless AVA+ DS200A-WB,Đinh Hoài Nam,4
bluetooth-true-wireless-ava-ds200a-wb,Tai nghe Bluetooth True Wireless AVA+ DS200A-WB,Nghĩa,5
bluetooth-true-wireless-ava-ds200a-wb,Tai nghe Bluetooth True Wireless AVA+ DS200A-WB,Trần Diệu,4
bluetooth-true-wireless-ava-ds200a-wb,Tai nghe Bluetooth True Wireless AVA+ DS200A-WB,Chị Hường,3
bluetooth-true-wireless-ava-ds200a-wb,Tai nghe Bluetooth True Wireless AVA+ DS200A-WB,Ngô Văn Quân,5
bluetooth-true-wireless-ava-ds200a-wb,Tai nghe Bluetooth True Wireless AVA+ DS200A-WB,Hiền,4
bluetooth-true-wireless-ava-ds200a-wb,Tai nghe Bluetooth True Wireless AVA+ DS200A-WB,Lê Văn,4
bluetooth-true-wireless-ava-ds200a-wb,Tai nghe Bluetooth True Wireless AVA+ DS200A-WB,A Hiếu,3
bluetooth-true-wireless-ava-ds200a-wb,Tai nghe Bluetooth True Wireless AVA+ DS200A-WB,Trương Vũ Thành Lâm,3
bluetooth-true-wireless-ava-ds200a-wb,Tai nghe Bluetooth True Wireless AVA+ DS200A-WB,Minh,4
bluetooth-true-wireless-ava-ds200a-wb,Tai nghe Bluetooth True Wireless AVA+ DS200A-WB,Quan,4
bluetooth-true-wireless-ava-ds200a-wb,Tai nghe Bluetooth True Wireless AVA+ DS200A-WB,Kha Thanh Tùng,5
bluetooth-true-wireless-ava-ds200a-wb,Tai nghe Bluetooth True Wireless AVA+ DS200A-WB,Nông Thị Thu,4
bluetooth-true-wireless-ava-ds200a-wb,Tai nghe Bluetooth True Wireless AVA+ DS200A-WB,Anh Cường,5
bluetooth-true-wireless-ava-ds200a-wb,Tai nghe Bluetooth True Wireless AVA+ DS200A-WB,Anh Nhật,3
bluetooth-true-wireless-ava-ds200a-wb,Tai nghe Bluetooth True Wireless AVA+ DS200A-WB,NGUYỄN MẠNH HUỲNH,2
bluetooth-true-wireless-ava-ds200a-wb,Tai nghe Bluetooth True Wireless AVA+ DS200A-WB,Đinh Thị Minh Hiếu,2
bluetooth-true-wireless-ava-ds200a-wb,Tai nghe Bluetooth True Wireless AVA+ DS200A-WB,A Phí Văn Phượng,2
bluetooth-true-wireless-ava-ds200a-wb,Tai nghe Bluetooth True Wireless AVA+ DS200A-WB,Trịnh Minh Tu,5
bluetooth-true-wireless-ava-ds200a-wb,Tai nghe Bluetooth True Wireless AVA+ DS200A-WB,Đinh Quang Dũng,2
bluetooth-true-wireless-ava-ds200a-wb,Tai nghe Bluetooth True Wireless AVA+ DS200A-WB,Lê Duy Khánh,5
bluetooth-true-wireless-ava-ds200a-wb,Tai nghe Bluetooth True Wireless AVA+ DS200A-WB,Thành Phong,5
bluetooth-true-wireless-ava-ds200a-wb,Tai nghe Bluetooth True Wireless AVA+ DS200A-WB,Nguyễn Thị Tâm,5
bluetooth-true-wireless-ava-ds200a-wb,Tai nghe Bluetooth True Wireless AVA+ DS200A-WB,Phùng Tất Trung,4
bluetooth-true-wireless-ava-ds200a-wb,Tai nghe Bluetooth True Wireless AVA+ DS200A-WB,Anh Thái,2
bluetooth-true-wireless-ava-ds200a-wb,Tai nghe Bluetooth True Wireless AVA+ DS200A-WB,TRẦN VĂN SỮ,3
bluetooth-true-wireless-ava-ds200a-wb,Tai nghe Bluetooth True Wireless AVA+ DS200A-WB,Lê Thị Hồng Yến,5
bluetooth-true-wireless-ava-ds200a-wb,Tai nghe Bluetooth True Wireless AVA+ DS200A-WB,Anh Cường,2
bluetooth-true-wireless-ava-ds200a-wb,Tai nghe Bluetooth True Wireless AVA+ DS200A-WB,Lê Hồ,4
bluetooth-true-wireless-ava-ds200a-wb,Tai nghe Bluetooth True Wireless AVA+ DS200A-WB,Hà Thị Trang,3
bluetooth-true-wireless-ava-ds200a-wb,Tai nghe Bluetooth True Wireless AVA+ DS200A-WB,Nguyễn Thành Long,4
bluetooth-true-wireless-ava-ds200a-wb,Tai nghe Bluetooth True Wireless AVA+ DS200A-WB,Anh Nhuận,3
bluetooth-true-wireless-ava-ds200a-wb,Tai nghe Bluetooth True Wireless AVA+ DS200A-WB,Nguyễn Quốc Tiệp,1
bluetooth-true-wireless-ava-ds200a-wb,Tai nghe Bluetooth True Wireless AVA+ DS200A-WB,Bùi Văn Phấn,3
bluetooth-true-wireless-ava-ds200a-wb,Tai nghe Bluetooth True Wireless AVA+ DS200A-WB,Nguyễn Hữu Nghĩa,4
bluetooth-true-wireless-ava-ds200a-wb,Tai nghe Bluetooth True Wireless AVA+ DS200A-WB,Anh Nhạc,5
bluetooth-true-wireless-ava-ds200a-wb,Tai nghe Bluetooth True Wireless AVA+ DS200A-WB,Huỳnh Thị Mai Trúc,5
bluetooth-true-wireless-ava-ds200a-wb,Tai nghe Bluetooth True Wireless AVA+ DS200A-WB,Huỳnh Thanh Tuấn,5
bluetooth-true-wireless-ava-ds200a-wb,Tai nghe Bluetooth True Wireless AVA+ DS200A-WB,Nguyễn Trọng Nhân,4
bluetooth-true-wireless-ava-ds200a-wb,Tai nghe Bluetooth True Wireless AVA+ DS200A-WB,Chị Tình,5
bluetooth-true-wireless-ava-ds200a-wb,Tai nghe Bluetooth True Wireless AVA+ DS200A-WB,Lê Cảnh,4
bluetooth-true-wireless-ava-ds200a-wb,Tai nghe Bluetooth True Wireless AVA+ DS200A-WB,NGUYEN THANH LONG,4
bluetooth-true-wireless-ava-ds200a-wb,Tai nghe Bluetooth True Wireless AVA+ DS200A-WB,CHUNG GIÁO THẠNH,4
bluetooth-true-wireless-ava-ds200a-wb,Tai nghe Bluetooth True Wireless AVA+ DS200A-WB,Đinh Châu Lộc,5
bluetooth-true-wireless-ava-ds200a-wb,Tai nghe Bluetooth True Wireless AVA+ DS200A-WB,Em Khải,5
bluetooth-true-wireless-ava-ds200a-wb,Tai nghe Bluetooth True Wireless AVA+ DS200A-WB,Tô Thanh Tùng,5
bluetooth-true-wireless-ava-ds200a-wb,Tai nghe Bluetooth True Wireless AVA+ DS200A-WB,Đinh Duy,5
bluetooth-true-wireless-ava-ds200a-wb,Tai nghe Bluetooth True Wireless AVA+ DS200A-WB,Phạm Duy Khanh,5
bluetooth-true-wireless-ava-ds200a-wb,Tai nghe Bluetooth True Wireless AVA+ DS200A-WB,Nguyễn Thế Công,4
bluetooth-true-wireless-ava-ds200a-wb,Tai nghe Bluetooth True Wireless AVA+ DS200A-WB,Bùi Thị Vân Anh,5
bluetooth-true-wireless-ava-ds200a-wb,Tai nghe Bluetooth True Wireless AVA+ DS200A-WB,Cô Lan,4
bluetooth-true-wireless-ava-ds200a-wb,Tai nghe Bluetooth True Wireless AVA+ DS200A-WB,Mai Quốc Khang,5
bluetooth-true-wireless-ava-ds200a-wb,Tai nghe Bluetooth True Wireless AVA+ DS200A-WB,Đặng Hoàng Thư,5
bluetooth-true-wireless-ava-ds200a-wb,Tai nghe Bluetooth True Wireless AVA+ DS200A-WB,Hoàng Huy Dũng,5
bluetooth-true-wireless-ava-ds200a-wb,Tai nghe Bluetooth True Wireless AVA+ DS200A-WB,TRẦN KHẮC HIỆP,2
bluetooth-true-wireless-ava-ds200a-wb,Tai nghe Bluetooth True Wireless AVA+ DS200A-WB,Lò Trung Anh,5
bluetooth-true-wireless-ava-ds200a-wb,Tai nghe Bluetooth True Wireless AVA+ DS200A-WB,Hưng,5
bluetooth-true-wireless-ava-ds200a-wb,Tai nghe Bluetooth True Wireless AVA+ DS200A-WB,Sinh,5
bluetooth-true-wireless-ava-ds200a-wb,Tai nghe Bluetooth True Wireless AVA+ DS200A-WB,Khánh Ly,3
bluetooth-true-wireless-ava-ds200a-wb,Tai nghe Bluetooth True Wireless AVA+ DS200A-WB,Hoàng Văn Ngôi,2
bluetooth-true-wireless-ava-ds200a-wb,Tai nghe Bluetooth True Wireless AVA+ DS200A-WB,Anh Phúc,3
bluetooth-true-wireless-ava-ds200a-wb,Tai nghe Bluetooth True Wireless AVA+ DS200A-WB,Anh Kin,5
bluetooth-true-wireless-ava-ds200a-wb,Tai nghe Bluetooth True Wireless AVA+ DS200A-WB,Phạm Bình An,5
bluetooth-true-wireless-ava-ds200a-wb,Tai nghe Bluetooth True Wireless AVA+ DS200A-WB,Nguyễn Đình Nam,4
bluetooth-true-wireless-ava-ds200a-wb,Tai nghe Bluetooth True Wireless AVA+ DS200A-WB,Trần Thanh Hùng,5
bluetooth-true-wireless-ava-ds200a-wb,Tai nghe Bluetooth True Wireless AVA+ DS200A-WB,Trần Mạnh Toàn,5
bluetooth-true-wireless-ava-ds200a-wb,Tai nghe Bluetooth True Wireless AVA+ DS200A-WB,Nguyen Tan Linh,5
bluetooth-true-wireless-ava-ds200a-wb,Tai nghe Bluetooth True Wireless AVA+ DS200A-WB,Hà,5
bluetooth-true-wireless-ava-ds200a-wb,Tai nghe Bluetooth True Wireless AVA+ DS200A-WB,Nguyễn Thành Cưu,5
bluetooth-true-wireless-ava-ds200a-wb,Tai nghe Bluetooth True Wireless AVA+ DS200A-WB,Kim Sao,5
bluetooth-true-wireless-ava-ds200a-wb,Tai nghe Bluetooth True Wireless AVA+ DS200A-WB,Hiếu,2
bluetooth-true-wireless-ava-ds200a-wb,Tai nghe Bluetooth True Wireless AVA+ DS200A-WB,Anh Nguyễn Phú Hữu,5
bluetooth-true-wireless-ava-ds200a-wb,Tai nghe Bluetooth True Wireless AVA+ DS200A-WB,Võ Đức Tiến,2
bluetooth-true-wireless-ava-ds200a-wb,Tai nghe Bluetooth True Wireless AVA+ DS200A-WB,Trí,5
bluetooth-true-wireless-ava-ds200a-wb,Tai nghe Bluetooth True Wireless AVA+ DS200A-WB,Đinh Văn Cường,5
bluetooth-true-wireless-ava-ds200a-wb,Tai nghe Bluetooth True Wireless AVA+ DS200A-WB,Nga,3
bluetooth-true-wireless-ava-ds200a-wb,Tai nghe Bluetooth True Wireless AVA+ DS200A-WB,Anh Huân,3
bluetooth-true-wireless-ava-ds200a-wb,Tai nghe Bluetooth True Wireless AVA+ DS200A-WB,Ngô Duy Phương,4
bluetooth-true-wireless-ava-ds200a-wb,Tai nghe Bluetooth True Wireless AVA+ DS200A-WB,Phi,5
bluetooth-true-wireless-ava-ds200a-wb,Tai nghe Bluetooth True Wireless AVA+ DS200A-WB,Đức Trọng,5
bluetooth-true-wireless-ava-ds200a-wb,Tai nghe Bluetooth True Wireless AVA+ DS200A-WB,Anh Sơn,5
bluetooth-true-wireless-ava-ds200a-wb,Tai nghe Bluetooth True Wireless AVA+ DS200A-WB,Đỗ Phước Toàn,5
bluetooth-true-wireless-ava-ds200a-wb,Tai nghe Bluetooth True Wireless AVA+ DS200A-WB,Anh Toàn,5
bluetooth-true-wireless-ava-ds200a-wb,Tai nghe Bluetooth True Wireless AVA+ DS200A-WB,Ngoan,4
bluetooth-true-wireless-ava-ds200a-wb,Tai nghe Bluetooth True Wireless AVA+ DS200A-WB,Hoàng Hà Anh,5
bluetooth-true-wireless-ava-ds200a-wb,Tai nghe Bluetooth True Wireless AVA+ DS200A-WB,Hieu,1
bluetooth-true-wireless-ava-ds200a-wb,Tai nghe Bluetooth True Wireless AVA+ DS200A-WB,Tran Van Thanh,5
bluetooth-true-wireless-ava-ds200a-wb,Tai nghe Bluetooth True Wireless AVA+ DS200A-WB,Cao Quang Tân,2
bluetooth-true-wireless-ava-ds200a-wb,Tai nghe Bluetooth True Wireless AVA+ DS200A-WB,Lê Văn Ngộ,3
bluetooth-true-wireless-ava-ds200a-wb,Tai nghe Bluetooth True Wireless AVA+ DS200A-WB,A Quân,4
bluetooth-true-wireless-ava-ds200a-wb,Tai nghe Bluetooth True Wireless AVA+ DS200A-WB,Nguyễn Tiến Thành,5
bluetooth-true-wireless-ava-ds200a-wb,Tai nghe Bluetooth True Wireless AVA+ DS200A-WB,Thủy,5
bluetooth-true-wireless-ava-ds200a-wb,Tai nghe Bluetooth True Wireless AVA+ DS200A-WB,Kh,4
bluetooth-true-wireless-ava-ds200a-wb,Tai nghe Bluetooth True Wireless AVA+ DS200A-WB,Bùi Ngọc Long,1
bluetooth-true-wireless-ava-ds200a-wb,Tai nghe Bluetooth True Wireless AVA+ DS200A-WB,Trung,4
bluetooth-true-wireless-ava-ds200a-wb,Tai nghe Bluetooth True Wireless AVA+ DS200A-WB,Huỳnh Phạm Nhật Tiến,2
bluetooth-true-wireless-ava-ds200a-wb,Tai nghe Bluetooth True Wireless AVA+ DS200A-WB,Anh Phú,5
bluetooth-true-wireless-ava-ds200a-wb,Tai nghe Bluetooth True Wireless AVA+ DS200A-WB,Giang Vệ Châu,3
bluetooth-true-wireless-ava-ds200a-wb,Tai nghe Bluetooth True Wireless AVA+ DS200A-WB,Lê Ngọc Trình,4
bluetooth-true-wireless-ava-ds200a-wb,Tai nghe Bluetooth True Wireless AVA+ DS200A-WB,Anh Tính,4
bluetooth-true-wireless-ava-ds200a-wb,Tai nghe Bluetooth True Wireless AVA+ DS200A-WB,Phạm Văn Vịnh,4
bluetooth-true-wireless-ava-ds200a-wb,Tai nghe Bluetooth True Wireless AVA+ DS200A-WB,Lê Thanh Dũng,5
bluetooth-true-wireless-ava-ds200a-wb,Tai nghe Bluetooth True Wireless AVA+ DS200A-WB,Dương Công Tuấn,4
bluetooth-true-wireless-ava-ds200a-wb,Tai nghe Bluetooth True Wireless AVA+ DS200A-WB,Thế Lực,4
bluetooth-true-wireless-ava-ds200a-wb,Tai nghe Bluetooth True Wireless AVA+ DS200A-WB,Phương,4
bluetooth-true-wireless-ava-ds200a-wb,Tai nghe Bluetooth True Wireless AVA+ DS200A-WB,Huỳnh Bá Tuấn,5
bluetooth-true-wireless-ava-ds200a-wb,Tai nghe Bluetooth True Wireless AVA+ DS200A-WB,Võ Hoài Nam,5
bluetooth-true-wireless-ava-ds200a-wb,Tai nghe Bluetooth True Wireless AVA+ DS200A-WB,Lê Hùng Thiện,5
bluetooth-true-wireless-ava-ds200a-wb,Tai nghe Bluetooth True Wireless AVA+ DS200A-WB,Trinh,5
bluetooth-true-wireless-ava-ds200a-wb,Tai nghe Bluetooth True Wireless AVA+ DS200A-WB,Thông,5
bluetooth-true-wireless-ava-ds200a-wb,Tai nghe Bluetooth True Wireless AVA+ DS200A-WB,Trương Võ Văn Tâm,2
bluetooth-true-wireless-ava-ds200a-wb,Tai nghe Bluetooth True Wireless AVA+ DS200A-WB,Đông,2
bluetooth-true-wireless-ava-ds200a-wb,Tai nghe Bluetooth True Wireless AVA+ DS200A-WB,NGUYỄN THỊ NGỌC YẾN,5
bluetooth-true-wireless-ava-ds200a-wb,Tai nghe Bluetooth True Wireless AVA+ DS200A-WB,Nguyễn Ngọc Hiền,5
bluetooth-true-wireless-ava-ds200a-wb,Tai nghe Bluetooth True Wireless AVA+ DS200A-WB,TRẦN CÔNG NGUYÊN,2
bluetooth-true-wireless-ava-ds200a-wb,Tai nghe Bluetooth True Wireless AVA+ DS200A-WB,LÊ VĂN DUY,5
bluetooth-true-wireless-ava-ds200a-wb,Tai nghe Bluetooth True Wireless AVA+ DS200A-WB,Hoàng Văn Biên,2
bluetooth-true-wireless-ava-ds200a-wb,Tai nghe Bluetooth True Wireless AVA+ DS200A-WB,Võ Minh Cường,4
bluetooth-true-wireless-ava-ds200a-wb,Tai nghe Bluetooth True Wireless AVA+ DS200A-WB,Anh Chiến,5
bluetooth-true-wireless-ava-ds200a-wb,Tai nghe Bluetooth True Wireless AVA+ DS200A-WB,Triệu Phúc Tuấn,5
bluetooth-true-wireless-ava-ds200a-wb,Tai nghe Bluetooth True Wireless AVA+ DS200A-WB,Võ Đức Nam,4
bluetooth-true-wireless-ava-ds200a-wb,Tai nghe Bluetooth True Wireless AVA+ DS200A-WB,NguyễN Văn Huynh,4
bluetooth-true-wireless-ava-ds200a-wb,Tai nghe Bluetooth True Wireless AVA+ DS200A-WB,Cơ,2
bluetooth-true-wireless-ava-ds200a-wb,Tai nghe Bluetooth True Wireless AVA+ DS200A-WB,Thanh,5
bluetooth-true-wireless-ava-ds200a-wb,Tai nghe Bluetooth True Wireless AVA+ DS200A-WB,Vũ Bá Hùng,5
bluetooth-true-wireless-ava-ds200a-wb,Tai nghe Bluetooth True Wireless AVA+ DS200A-WB,Tuấn,5
bluetooth-true-wireless-ava-ds200a-wb,Tai nghe Bluetooth True Wireless AVA+ DS200A-WB,NGUYỄN PHƯỚC HÂN,2
bluetooth-true-wireless-ava-ds200a-wb,Tai nghe Bluetooth True Wireless AVA+ DS200A-WB,Nguyễn Doanh Đông,5
bluetooth-true-wireless-ava-ds200a-wb,Tai nghe Bluetooth True Wireless AVA+ DS200A-WB,Nguyễn Nhựt Hoàng Nam,1
bluetooth-true-wireless-ava-ds200a-wb,Tai nghe Bluetooth True Wireless AVA+ DS200A-WB,Anh Hưng,5
bluetooth-true-wireless-ava-ds200a-wb,Tai nghe Bluetooth True Wireless AVA+ DS200A-WB,Nguyễn Công Trí,4
bluetooth-true-wireless-ava-ds200a-wb,Tai nghe Bluetooth True Wireless AVA+ DS200A-WB,Chú Văn,3
bluetooth-true-wireless-ava-ds200a-wb,Tai nghe Bluetooth True Wireless AVA+ DS200A-WB,Nguyễn Gia Hưng,5
bluetooth-true-wireless-ava-ds200a-wb,Tai nghe Bluetooth True Wireless AVA+ DS200A-WB,Hiệp,5
bluetooth-true-wireless-ava-ds200a-wb,Tai nghe Bluetooth True Wireless AVA+ DS200A-WB,Vo Trung Tam,3
bluetooth-true-wireless-ava-ds200a-wb,Tai nghe Bluetooth True Wireless AVA+ DS200A-WB,Ben,5
bluetooth-true-wireless-ava-ds200a-wb,Tai nghe Bluetooth True Wireless AVA+ DS200A-WB,Nguyễn Thị Quí Nữ,3
bluetooth-true-wireless-ava-ds200a-wb,Tai nghe Bluetooth True Wireless AVA+ DS200A-WB,Quang Anh,3
bluetooth-true-wireless-ava-ds200a-wb,Tai nghe Bluetooth True Wireless AVA+ DS200A-WB,Pham Thi Thuy Duong,4
bluetooth-true-wireless-ava-ds200a-wb,Tai nghe Bluetooth True Wireless AVA+ DS200A-WB,Lý Thanh Thái,4
bluetooth-true-wireless-ava-ds200a-wb,Tai nghe Bluetooth True Wireless AVA+ DS200A-WB,Mai,5
bluetooth-true-wireless-ava-ds200a-wb,Tai nghe Bluetooth True Wireless AVA+ DS200A-WB,Ngọc Diệp,5
bluetooth-true-wireless-ava-ds200a-wb,Tai nghe Bluetooth True Wireless AVA+ DS200A-WB,Trịnh Ngọc Lê Thăng,5
bluetooth-true-wireless-ava-ds200a-wb,Tai nghe Bluetooth True Wireless AVA+ DS200A-WB,GIÀU,5
bluetooth-true-wireless-ava-ds200a-wb,Tai nghe Bluetooth True Wireless AVA+ DS200A-WB,Lê Bảo,5
bluetooth-true-wireless-ava-ds200a-wb,Tai nghe Bluetooth True Wireless AVA+ DS200A-WB,Tâm,5
bluetooth-true-wireless-ava-ds200a-wb,Tai nghe Bluetooth True Wireless AVA+ DS200A-WB,Anh Hận,4
bluetooth-true-wireless-ava-ds200a-wb,Tai nghe Bluetooth True Wireless AVA+ DS200A-WB,Thanh Vân,5
bluetooth-true-wireless-ava-ds200a-wb,Tai nghe Bluetooth True Wireless AVA+ DS200A-WB,Trần Ngọc Hồi,4
bluetooth-true-wireless-ava-ds200a-wb,Tai nghe Bluetooth True Wireless AVA+ DS200A-WB,Anh Công,3
bluetooth-true-wireless-ava-ds200a-wb,Tai nghe Bluetooth True Wireless AVA+ DS200A-WB,Lưu Đức Anh,3
bluetooth-true-wireless-ava-ds200a-wb,Tai nghe Bluetooth True Wireless AVA+ DS200A-WB,Hứa Ngọc Vương,3
bluetooth-true-wireless-ava-ds200a-wb,Tai nghe Bluetooth True Wireless AVA+ DS200A-WB,Yến Phương,3
bluetooth-true-wireless-ava-ds200a-wb,Tai nghe Bluetooth True Wireless AVA+ DS200A-WB,Chị Nhung,3
bluetooth-true-wireless-ava-ds200a-wb,Tai nghe Bluetooth True Wireless AVA+ DS200A-WB,Trần Thị Ngọc Thu,3
bluetooth-true-wireless-ava-ds200a-wb,Tai nghe Bluetooth True Wireless AVA+ DS200A-WB,Anh Thành,4
bluetooth-true-wireless-ava-ds200a-wb,Tai nghe Bluetooth True Wireless AVA+ DS200A-WB,La Hoc Hoa,3
bluetooth-true-wireless-ava-ds200a-wb,Tai nghe Bluetooth True Wireless AVA+ DS200A-WB,Lê Việt Trinh,5
bluetooth-true-wireless-ava-ds200a-wb,Tai nghe Bluetooth True Wireless AVA+ DS200A-WB,Trung,4
bluetooth-true-wireless-ava-ds200a-wb,Tai nghe Bluetooth True Wireless AVA+ DS200A-WB,Chị Cúc,5
bluetooth-true-wireless-ava-ds200a-wb,Tai nghe Bluetooth True Wireless AVA+ DS200A-WB,Chị Yến,4
bluetooth-true-wireless-ava-ds200a-wb,Tai nghe Bluetooth True Wireless AVA+ DS200A-WB,Thơm,4
bluetooth-true-wireless-ava-ds200a-wb,Tai nghe Bluetooth True Wireless AVA+ DS200A-WB,Thêu,5
bluetooth-true-wireless-ava-ds200a-wb,Tai nghe Bluetooth True Wireless AVA+ DS200A-WB,Xuân Yến,4
bluetooth-true-wireless-ava-ds200a-wb,Tai nghe Bluetooth True Wireless AVA+ DS200A-WB,Hưng,3
bluetooth-true-wireless-ava-ds200a-wb,Tai nghe Bluetooth True Wireless AVA+ DS200A-WB,Đặng Phương Nam,2
bluetooth-true-wireless-ava-ds200a-wb,Tai nghe Bluetooth True Wireless AVA+ DS200A-WB,Hưởng,4
bluetooth-true-wireless-ava-ds200a-wb,Tai nghe Bluetooth True Wireless AVA+ DS200A-WB,Chú Trường,2
bluetooth-true-wireless-ava-ds200a-wb,Tai nghe Bluetooth True Wireless AVA+ DS200A-WB,Chị Mai Anh,3
bluetooth-true-wireless-ava-ds200a-wb,Tai nghe Bluetooth True Wireless AVA+ DS200A-WB,Nguyễn Thanh Long,5
tai-nghe-bluetooth-true-wireless-baseus-bowie-e11,Tai nghe TWS Baseus Bowie E11,Thành,1
tai-nghe-bluetooth-true-wireless-baseus-bowie-e11,Tai nghe TWS Baseus Bowie E11,Huỳnh Hằng,4
tai-nghe-bluetooth-true-wireless-baseus-bowie-e11,Tai nghe TWS Baseus Bowie E11,Hoàng Công Sơm,3
tai-nghe-bluetooth-true-wireless-baseus-bowie-e11,Tai nghe TWS Baseus Bowie E11,Uyên,4
tai-nghe-bluetooth-true-wireless-baseus-bowie-e11,Tai nghe TWS Baseus Bowie E11,Phấn,5
tai-nghe-bluetooth-true-wireless-baseus-bowie-e11,Tai nghe TWS Baseus Bowie E11,Phùng Bình,2
tai-nghe-bluetooth-true-wireless-baseus-bowie-e11,Tai nghe TWS Baseus Bowie E11,Hoàng,2
tai-nghe-bluetooth-true-wireless-baseus-bowie-e11,Tai nghe TWS Baseus Bowie E11,Lê Hữu Phước,3
tai-nghe-bluetooth-true-wireless-baseus-bowie-e11,Tai nghe TWS Baseus Bowie E11,Lai,5
tai-nghe-bluetooth-true-wireless-baseus-bowie-e11,Tai nghe TWS Baseus Bowie E11,Bùi Minh Mẫn,5
tai-nghe-bluetooth-true-wireless-baseus-bowie-e11,Tai nghe TWS Baseus Bowie E11,Phúc,3
tai-nghe-bluetooth-true-wireless-baseus-bowie-e11,Tai nghe TWS Baseus Bowie E11,Trần Đình Quốc,4
tai-nghe-bluetooth-true-wireless-baseus-bowie-e11,Tai nghe TWS Baseus Bowie E11,Phan Hoài Linh,5
tai-nghe-bluetooth-true-wireless-baseus-bowie-e11,Tai nghe TWS Baseus Bowie E11,Nguyễn Khắc Hải,3
tai-nghe-bluetooth-true-wireless-baseus-bowie-e11,Tai nghe TWS Baseus Bowie E11,Thu Diệu,5
tai-nghe-bluetooth-true-wireless-baseus-bowie-e11,Tai nghe TWS Baseus Bowie E11,TOÀN,2
tai-nghe-bluetooth-true-wireless-baseus-bowie-e11,Tai nghe TWS Baseus Bowie E11,Nguyễn Quốc Việt,5
tai-nghe-bluetooth-true-wireless-baseus-bowie-e11,Tai nghe TWS Baseus Bowie E11,Bình,1
tai-nghe-bluetooth-true-wireless-baseus-bowie-e11,Tai nghe TWS Baseus Bowie E11,Cẩm Ly,4
tai-nghe-bluetooth-true-wireless-baseus-bowie-e11,Tai nghe TWS Baseus Bowie E11,Trần Thanh Vủ,5
tai-nghe-bluetooth-true-wireless-baseus-bowie-e11,Tai nghe TWS Baseus Bowie E11,Tâm,4
tai-nghe-bluetooth-true-wireless-baseus-bowie-e11,Tai nghe TWS Baseus Bowie E11,Anh Nhựt,5
tai-nghe-bluetooth-true-wireless-baseus-bowie-e11,Tai nghe TWS Baseus Bowie E11,Đức,4
tai-nghe-bluetooth-true-wireless-baseus-bowie-e11,Tai nghe TWS Baseus Bowie E11,Trần Văn Thuận,5
tai-nghe-bluetooth-true-wireless-denon-perl-pro-ahc15plbkem,Tai nghe TWS Denon Perl Pro AHC15PLBKEM,Đặng Văn Long,3
