id_product,name_product,username,rating
thiet-bi-dinh-vi-thong-minh-airtag-1-pack-mx532,Thiết bị định vị thông minh AirTag 1 Cái MX532,Anh Việt,5
thiet-bi-dinh-vi-thong-minh-airtag-1-pack-mx532,Thiết bị định vị thông minh AirTag 1 Cái MX532,Hưng,5
thiet-bi-dinh-vi-thong-minh-airtag-1-pack-mx532,Thiết bị định vị thông minh AirTag 1 Cái MX532,Hoà,5
thiet-bi-dinh-vi-thong-minh-airtag-1-pack-mx532,Thiết bị định vị thông minh AirTag 1 Cái MX532,Khanh,5
thiet-bi-dinh-vi-thong-minh-airtag-1-pack-mx532,Thiết bị định vị thông minh AirTag 1 Cái MX532,Duy,5
thiet-bi-dinh-vi-thong-minh-airtag-1-pack-mx532,Thiết bị định vị thông minh AirTag 1 Cái MX532,Long,5
thiet-bi-dinh-vi-thong-minh-airtag-1-pack-mx532,Thiết bị định vị thông minh AirTag 1 Cái MX532,Anh Hưng,4
thiet-bi-dinh-vi-thong-minh-airtag-1-pack-mx532,Thiết bị định vị thông minh AirTag 1 Cái MX532,Minh,5
tui-dung-airtag-nhua-deo-pu-well-jm-nau,Vỏ bảo vệ AirTag Nhựa dẻo PU Well JM Nâu,Thành,4
tui-dung-airtag-nhua-deo-pu-well-jm-den,Vỏ bảo vệ AirTag Nhựa dẻo PU Well JM Đen,Khoa,5
tui-dung-airtag-nhua-deo-pu-well-jm-den,Vỏ bảo vệ AirTag Nhựa dẻo PU Well JM Đen,Hoà,4
tui-dung-airtag-nhua-deo-pu-well-jm-den,Vỏ bảo vệ AirTag Nhựa dẻo PU Well JM Đen,Trung,5
vo-bao-ve-airtag-silicon-uniq-lino-liquid-liquid-xam-dam,Vỏ bảo vệ AirTag Silicon UNIQ LINO LIQUID Liquid Xám đậm,Long,5
tui-dung-airtag-nhua-deo-pu-rains-jm-den,Vỏ bảo vệ AirTag Nhựa dẻo PU Rains JM Đen,Trường,5
tui-dung-airtag-nhua-deo-pu-rains-jm-den,Vỏ bảo vệ AirTag Nhựa dẻo PU Rains JM Đen,Tuấn,5
tui-dung-airtag-nhua-deo-pu-jm-xanh-dai-duong,Vỏ bảo vệ AirTag Nhựa dẻo PU JM Xanh đại dương,Mạnh,5
vo-bao-ve-silicon-jm,Vỏ bảo vệ AirTag Silicon JM Đỏ,Anh Tuấn,5
vo-bao-ve-silicon-jm,Vỏ bảo vệ AirTag Silicon JM Đỏ,Lộc,5
bo-ban-phim-chuot-khong-day-philips-spt6348?utm_flashsale=1,Bộ Bàn Phím Chuột Không Dây Philips SPT6348,Ngân,5
ban-phim-bluetooth-logitech-k380s,Bàn Phím Bluetooth Logitech K380s,Giang,5
bo-ban-phim-chuot-khong-day-logitech-mk240,Bộ Bàn Phím Chuột Không Dây Logitech MK240,Hùng,3
bo-ban-phim-chuot-khong-day-logitech-mk240,Bộ Bàn Phím Chuột Không Dây Logitech MK240,Sang,3
ban-phim-co-day-logitech-k120,Bàn Phím Có Dây Logitech K120,Tâm,1
ban-phim-co-day-logitech-k120,Bàn Phím Có Dây Logitech K120,Thiện,4
ba-n-phi-m-co-day-gaming-zadez-g-850k,Bàn Phím Có Dây Gaming Zadez G-850K,Khanh,5
ba-n-phi-m-co-day-gaming-zadez-g-850k,Bàn Phím Có Dây Gaming Zadez G-850K,Thắng,5
co-day-gaming-asus-tuf-k1,Bàn Phím Có Dây Gaming Asus TUF K1,Anh Quang,5
ban-phim-co-day-gaming-rapoo-v50s,Bàn Phím Có Dây Gaming Rapoo V50S,Anh Tú,5
ban-phim-co-day-gaming-rapoo-v50s,Bàn Phím Có Dây Gaming Rapoo V50S,Anh An,1
ban-phim-co-day-gaming-rapoo-v50s,Bàn Phím Có Dây Gaming Rapoo V50S,Phúc,3
ban-phim-co-day-gaming-rapoo-v50s,Bàn Phím Có Dây Gaming Rapoo V50S,Tài,3
ban-phim-co-day-gaming-rapoo-v50s,Bàn Phím Có Dây Gaming Rapoo V50S,Linh,4
ban-phim-co-bluetooth-dareu-ek75-pro,Bàn Phím Cơ Bluetooth DareU EK75 Pro,Long,4
ban-phim-co-bluetooth-dareu-ek75-pro,Bàn Phím Cơ Bluetooth DareU EK75 Pro,Phúc,5
ban-phim-co-bluetooth-dareu-ek75-pro,Bàn Phím Cơ Bluetooth DareU EK75 Pro,Hậu,1
bluetooth-microsoft-qsz-00017-den,Bàn Phím Bluetooth Microsoft QSZ-00017,Loan,4
bluetooth-microsoft-qsz-00017-den,Bàn Phím Bluetooth Microsoft QSZ-00017,Anh Hùng,5
camera-ip-ngoai-troi-3mp-tp-link-tapo-tc65,Camera IP Ngoài Trời 3MP TP-Link Tapo TC65,Tân,1
camera-ip-ngoai-troi-3mp-tp-link-tapo-tc65,Camera IP Ngoài Trời 3MP TP-Link Tapo TC65,Long,4
camera-ip-ngoai-troi-3mp-tp-link-tapo-tc65,Camera IP Ngoài Trời 3MP TP-Link Tapo TC65,Trinh,4
camera-ip-ngoai-troi-3mp-tp-link-tapo-tc65,Camera IP Ngoài Trời 3MP TP-Link Tapo TC65,Cường,1
camera-ip-ngoai-troi-360-do-4mp-tp-link-tapo-c520ws,Camera IP Ngoài trời 360 Độ 4MP TP-Link Tapo C520WS,Bình,2
camera-ip-ngoai-troi-360-do-4mp-tp-link-tapo-c520ws,Camera IP Ngoài trời 360 Độ 4MP TP-Link Tapo C520WS,Hậu,5
camera-ip-ngoai-troi-360-do-4mp-tp-link-tapo-c520ws,Camera IP Ngoài trời 360 Độ 4MP TP-Link Tapo C520WS,Anh Minh,5
camera-ip-ngoai-troi-360-do-4mp-tp-link-tapo-c520ws,Camera IP Ngoài trời 360 Độ 4MP TP-Link Tapo C520WS,Thuận,5
camera-ip-ngoai-troi-360-do-4mp-tp-link-tapo-c520ws,Camera IP Ngoài trời 360 Độ 4MP TP-Link Tapo C520WS,Thành,5
camera-ip-ngoai-troi-360-do-4mp-tp-link-tapo-c520ws,Camera IP Ngoài trời 360 Độ 4MP TP-Link Tapo C520WS,Minh,5
camera-ip-ngoai-troi-360-do-3mp-imou-cruiser-2c-s7cp-3m0we,Camera IP Ngoài trời 360 Độ 3MP IMOU Cruiser 2C S7CP-3M0WE,Minh,5
camera-ip-ngoai-troi-360-do-3mp-imou-cruiser-2c-s7cp-3m0we,Camera IP Ngoài trời 360 Độ 3MP IMOU Cruiser 2C S7CP-3M0WE,Hiếu,2
camera-ip-ngoai-troi-360-do-3mp-imou-cruiser-2c-s7cp-3m0we,Camera IP Ngoài trời 360 Độ 3MP IMOU Cruiser 2C S7CP-3M0WE,Sơn,5
camera-ip-ngoai-troi-360-do-3mp-imou-cruiser-2c-s7cp-3m0we,Camera IP Ngoài trời 360 Độ 3MP IMOU Cruiser 2C S7CP-3M0WE,Chị Thảo,4
camera-ip-ngoai-troi-360-do-2mp-tp-link-tapo-c500,Camera IP Ngoài Trời 360 Độ 2MP TP-Link Tapo C500,Thanh,4
camera-ip-ngoai-troi-360-do-2mp-tp-link-tapo-c500,Camera IP Ngoài Trời 360 Độ 2MP TP-Link Tapo C500,Thủy,4
camera-ip-ngoai-troi-360-do-2mp-tp-link-tapo-c500,Camera IP Ngoài Trời 360 Độ 2MP TP-Link Tapo C500,Vinh,3
camera-ip-ngoai-troi-360-do-2mp-tp-link-tapo-c500,Camera IP Ngoài Trời 360 Độ 2MP TP-Link Tapo C500,Tiên,3
camera-ip-ngoai-troi-360-do-2mp-tp-link-tapo-c500,Camera IP Ngoài Trời 360 Độ 2MP TP-Link Tapo C500,Chiến,3
camera-ip-ngoai-troi-360-do-2mp-tp-link-tapo-c500,Camera IP Ngoài Trời 360 Độ 2MP TP-Link Tapo C500,Chị Hiền,4
camera-ip-ngoai-troi-360-do-2mp-tp-link-tapo-c500,Camera IP Ngoài Trời 360 Độ 2MP TP-Link Tapo C500,Chị Ngân,3
camera-ip-ngoai-troi-360-do-2mp-tp-link-tapo-c500,Camera IP Ngoài Trời 360 Độ 2MP TP-Link Tapo C500,Đức,5
camera-ip-ngoai-troi-360-do-2mp-tp-link-tapo-c500,Camera IP Ngoài Trời 360 Độ 2MP TP-Link Tapo C500,Anh Linh,5
camera-ip-ngoai-troi-360-do-2mp-tp-link-tapo-c500,Camera IP Ngoài Trời 360 Độ 2MP TP-Link Tapo C500,Bình,2
camera-ip-ngoai-troi-360-do-2mp-tp-link-tapo-c500,Camera IP Ngoài Trời 360 Độ 2MP TP-Link Tapo C500,Anh Phương,4
camera-ip-ngoai-troi-360-do-5mp-ezviz-h8,Camera IP Ngoài Trời 360 Độ 5MP Ezviz H8,Huy,3
camera-ip-ngoai-troi-360-do-5mp-ezviz-h8,Camera IP Ngoài Trời 360 Độ 5MP Ezviz H8,Hải,2
camera-ip-ngoai-troi-360-do-5mp-imou-cruiser-2c-s7cp-5m0we,Camera IP Ngoài trời 360 Độ 5MP IMOU Cruiser 2C S7CP-5M0WE,Hung,5
camera-ip-ngoai-troi-1080p-imou-bullet-2c-f22p,Camera IP Ngoài Trời 2MP IMOU Bullet 2C F22P,Đức,3
camera-ip-ngoai-troi-1080p-imou-bullet-2c-f22p,Camera IP Ngoài Trời 2MP IMOU Bullet 2C F22P,Quý,5
camera-ip-ngoai-troi-1080p-imou-bullet-2c-f22p,Camera IP Ngoài Trời 2MP IMOU Bullet 2C F22P,Hân,5
camera-ip-ngoai-troi-1080p-imou-bullet-2c-f22p,Camera IP Ngoài Trời 2MP IMOU Bullet 2C F22P,Anh Thanh,5
camera-ip-ngoai-troi-1080p-imou-bullet-2c-f22p,Camera IP Ngoài Trời 2MP IMOU Bullet 2C F22P,Thịnh,5
camera-ip-ngoai-troi-1080p-imou-bullet-2c-f22p,Camera IP Ngoài Trời 2MP IMOU Bullet 2C F22P,Linh,3
camera-ip-ngoai-troi-1080p-imou-bullet-2c-f22p,Camera IP Ngoài Trời 2MP IMOU Bullet 2C F22P,Anh Sơn,3
camera-ip-ngoai-troi-1080p-imou-bullet-2c-f22p,Camera IP Ngoài Trời 2MP IMOU Bullet 2C F22P,Nhung,5
camera-ip-ngoai-troi-1080p-imou-bullet-2c-f22p,Camera IP Ngoài Trời 2MP IMOU Bullet 2C F22P,Anh Đạt,5
camera-ip-ngoai-troi-1080p-imou-bullet-2c-f22p,Camera IP Ngoài Trời 2MP IMOU Bullet 2C F22P,Anh Hải,4
camera-ip-ngoai-troi-1080p-imou-bullet-2c-f22p,Camera IP Ngoài Trời 2MP IMOU Bullet 2C F22P,Tùng,5
camera-ip-ngoai-troi-1080p-imou-bullet-2c-f22p,Camera IP Ngoài Trời 2MP IMOU Bullet 2C F22P,Linh,4
camera-ip-ngoai-troi-1080p-imou-bullet-2c-f22p,Camera IP Ngoài Trời 2MP IMOU Bullet 2C F22P,Hồng,5
camera-ip-ngoai-troi-1080p-imou-bullet-2c-f22p,Camera IP Ngoài Trời 2MP IMOU Bullet 2C F22P,Anh Trường,4
camera-ip-ngoai-troi-1080p-imou-bullet-2c-f22p,Camera IP Ngoài Trời 2MP IMOU Bullet 2C F22P,Anh Duy,4
camera-ip-ngoai-troi-1080p-imou-bullet-2c-f22p,Camera IP Ngoài Trời 2MP IMOU Bullet 2C F22P,Cường,5
camera-ip-ngoai-troi-1080p-imou-bullet-2c-f22p,Camera IP Ngoài Trời 2MP IMOU Bullet 2C F22P,Anh Sơn,5
camera-ip-ngoai-troi-1080p-imou-bullet-2c-f22p,Camera IP Ngoài Trời 2MP IMOU Bullet 2C F22P,Đạt,4
camera-ip-ngoai-troi-1080p-imou-bullet-2c-f22p,Camera IP Ngoài Trời 2MP IMOU Bullet 2C F22P,Chị Hằng,4
camera-ip-ngoai-troi-1080p-imou-bullet-2c-f22p,Camera IP Ngoài Trời 2MP IMOU Bullet 2C F22P,Long,5
camera-ip-ngoai-troi-1080p-imou-bullet-2c-f22p,Camera IP Ngoài Trời 2MP IMOU Bullet 2C F22P,Chị Nhi,5
camera-ip-ngoai-troi-360-do-3mp-tiandy-tc-h333n,Camera IP Ngoài Trời 360 Độ 3MP TIANDY TC-H333N,Chị Thảo,4
camera-ip-ngoai-troi-360-do-3mp-tiandy-tc-h333n,Camera IP Ngoài Trời 360 Độ 3MP TIANDY TC-H333N,Tú,5
camera-ip-ngoai-troi-360-do-3mp-tiandy-tc-h333n,Camera IP Ngoài Trời 360 Độ 3MP TIANDY TC-H333N,Thắng,1
camera-ip-ngoai-troi-360-do-3mp-tiandy-tc-h333n,Camera IP Ngoài Trời 360 Độ 3MP TIANDY TC-H333N,Vương,5
camera-ip-ngoai-troi-360-do-3mp-tiandy-tc-h333n,Camera IP Ngoài Trời 360 Độ 3MP TIANDY TC-H333N,Đạt,4
camera-ip-ngoai-troi-360-do-5mp-imou-cruiser-dual-s7xp-10m0wed,Camera IP Ngoài trời 360 Độ 5MP IMOU Cruiser Dual S7XP-10M0WED,Thịnh,4
camera-ip-ngoai-troi-360-do-5mp-imou-cruiser-dual-s7xp-10m0wed,Camera IP Ngoài trời 360 Độ 5MP IMOU Cruiser Dual S7XP-10M0WED,Hải,1
camera-ip-ngoai-troi-360-do-4mp-ezviz-h8c,Camera IP Ngoài Trời 360 độ 4MP EZVIZ H8C,Dũng,3
camera-ip-ngoai-troi-360-do-4mp-ezviz-h8c,Camera IP Ngoài Trời 360 độ 4MP EZVIZ H8C,Hưng,2
camera-ip-ngoai-troi-360-do-4mp-ezviz-h8c,Camera IP Ngoài Trời 360 độ 4MP EZVIZ H8C,Khanh,5
camera-ip-ngoai-troi-360-do-4mp-ezviz-h8c,Camera IP Ngoài Trời 360 độ 4MP EZVIZ H8C,Chị Hà,4
camera-ip-ngoai-troi-360-do-3mp-ezviz-h9c-dual,Camera IP Ngoài Trời 360 độ 3MP EZVIZ H9C Dual,Hoàng,4
camera-ip-ngoai-troi-360-do-4mp-botslab-w312,Camera IP Ngoài Trời 360 Độ 4MP BOTSLAB W312,Thiện,1
camera-ip-ngoai-troi-360-do-4mp-botslab-w312,Camera IP Ngoài Trời 360 Độ 4MP BOTSLAB W312,Giang,4
camera-ip-360-do-2mp-tp-link-tapo-c200c,Camera IP 360 Độ 2MP TP-Link Tapo C200C,Trung,5
camera-ip-360-do-3mp-imou-ta32cp-l-trang,Camera IP 360 Độ 3MP IMOU TA32CP-L,Nhung,1
camera-ip-360-do-3mp-imou-ta32cp-l-trang,Camera IP 360 Độ 3MP IMOU TA32CP-L,Linh,4
camera-ip-360-do-3mp-imou-ta32cp-l-trang,Camera IP 360 Độ 3MP IMOU TA32CP-L,Khang,4
camera-ip-360-do-3mp-imou-ta32cp-l-trang,Camera IP 360 Độ 3MP IMOU TA32CP-L,Hậu,5
camera-ip-360-do-3mp-imou-ta32cp-l-trang,Camera IP 360 Độ 3MP IMOU TA32CP-L,My,1
camera-ip-360-do-3mp-imou-ta32cp-l-trang,Camera IP 360 Độ 3MP IMOU TA32CP-L,Thắng,3
camera-ip-360-do-3mp-imou-ta32cp-l-trang,Camera IP 360 Độ 3MP IMOU TA32CP-L,Hằng,3
camera-ip-360-do-3mp-imou-ta32cp-l-trang,Camera IP 360 Độ 3MP IMOU TA32CP-L,Sang,3
camera-ip-360-do-3mp-imou-ta32cp-l-trang,Camera IP 360 Độ 3MP IMOU TA32CP-L,Phúc,2
camera-ip-360-do-3mp-imou-ta32cp-l-trang,Camera IP 360 Độ 3MP IMOU TA32CP-L,Thúy,3
camera-ip-360-do-3mp-imou-ta32cp-l-trang,Camera IP 360 Độ 3MP IMOU TA32CP-L,Minh,5
camera-ip-360-do-3mp-imou-ta32cp-l-trang,Camera IP 360 Độ 3MP IMOU TA32CP-L,Hồng,4
camera-ip-360-do-3mp-imou-ta32cp-l-trang,Camera IP 360 Độ 3MP IMOU TA32CP-L,Anh Trung,4
camera-ip-360-do-1080p-ezviz-c6n-trang,Camera IP 360 Độ 2MP Ezviz C6N,Phương,5
camera-ip-360-do-1080p-ezviz-c6n-trang,Camera IP 360 Độ 2MP Ezviz C6N,Nhi,4
camera-ip-360-do-1080p-ezviz-c6n-trang,Camera IP 360 Độ 2MP Ezviz C6N,Đạt,1
camera-ip-360-do-1080p-ezviz-c6n-trang,Camera IP 360 Độ 2MP Ezviz C6N,Nam,5
camera-ip-360-do-1080p-ezviz-c6n-trang,Camera IP 360 Độ 2MP Ezviz C6N,Thiện,5
camera-ip-360-do-1080p-ezviz-c6n-trang,Camera IP 360 Độ 2MP Ezviz C6N,Như,4
camera-ip-360-do-1080p-ezviz-c6n-trang,Camera IP 360 Độ 2MP Ezviz C6N,Tuấn,1
camera-ip-360-do-1080p-ezviz-c6n-trang,Camera IP 360 Độ 2MP Ezviz C6N,Ngân,4
camera-ip-360-do-1080p-ezviz-c6n-trang,Camera IP 360 Độ 2MP Ezviz C6N,Trâm,1
camera-ip-360-do-1080p-ezviz-c6n-trang,Camera IP 360 Độ 2MP Ezviz C6N,Lộc,5
camera-ip-360-do-1080p-ezviz-c6n-trang,Camera IP 360 Độ 2MP Ezviz C6N,An,2
camera-ip-360-do-1080p-ezviz-c6n-trang,Camera IP 360 Độ 2MP Ezviz C6N,Hồng,5
camera-ip-360-do-1080p-ezviz-c6n-trang,Camera IP 360 Độ 2MP Ezviz C6N,Khanh,4
camera-ip-360-do-1080p-ezviz-c6n-trang,Camera IP 360 Độ 2MP Ezviz C6N,Thịnh,1
camera-ip-360-do-1080p-ezviz-c6n-trang,Camera IP 360 Độ 2MP Ezviz C6N,Tuấn,5
camera-ip-360-do-1080p-ezviz-c6n-trang,Camera IP 360 Độ 2MP Ezviz C6N,Luân,5
camera-ip-360-do-1080p-ezviz-c6n-trang,Camera IP 360 Độ 2MP Ezviz C6N,Anh Hải,4
camera-ip-360-do-1080p-ezviz-c6n-trang,Camera IP 360 Độ 2MP Ezviz C6N,Nam,4
camera-ip-360-do-1080p-ezviz-c6n-trang,Camera IP 360 Độ 2MP Ezviz C6N,Bình,1
camera-ip-360-do-1080p-ezviz-c6n-trang,Camera IP 360 Độ 2MP Ezviz C6N,Chị Thảo,5
camera-ip-360-do-1080p-ezviz-c6n-trang,Camera IP 360 Độ 2MP Ezviz C6N,Anh Vinh,3
camera-ip-360-do-1080p-ezviz-c6n-trang,Camera IP 360 Độ 2MP Ezviz C6N,Hùng,4
camera-ip-360-do-1080p-ezviz-c6n-trang,Camera IP 360 Độ 2MP Ezviz C6N,Anh Hiếu,4
camera-ip-360-do-1080p-ezviz-c6n-trang,Camera IP 360 Độ 2MP Ezviz C6N,Thanh,2
camera-ip-360-do-1080p-ezviz-c6n-trang,Camera IP 360 Độ 2MP Ezviz C6N,Loan,5
camera-ip-360-do-1080p-ezviz-c6n-trang,Camera IP 360 Độ 2MP Ezviz C6N,Dung,1
camera-ip-360-do-1080p-ezviz-c6n-trang,Camera IP 360 Độ 2MP Ezviz C6N,Dũng,4
camera-ip-360-do-1080p-ezviz-c6n-trang,Camera IP 360 Độ 2MP Ezviz C6N,Toàn,5
camera-ip-360-do-1080p-ezviz-c6n-trang,Camera IP 360 Độ 2MP Ezviz C6N,Sang,5
camera-ip-360-do-1080p-ezviz-c6n-trang,Camera IP 360 Độ 2MP Ezviz C6N,Chị Hương,4
camera-ip-360-do-1080p-ezviz-c6n-trang,Camera IP 360 Độ 2MP Ezviz C6N,Đức,5
camera-ip-360-do-1080p-ezviz-c6n-trang,Camera IP 360 Độ 2MP Ezviz C6N,Tùng,3
camera-ip-360-do-1080p-ezviz-c6n-trang,Camera IP 360 Độ 2MP Ezviz C6N,Mai,5
camera-ip-360-do-1080p-ezviz-c6n-trang,Camera IP 360 Độ 2MP Ezviz C6N,Tâm,4
camera-ip-360-do-1080p-ezviz-c6n-trang,Camera IP 360 Độ 2MP Ezviz C6N,Thắng,4
camera-ip-360-do-1080p-ezviz-c6n-trang,Camera IP 360 Độ 2MP Ezviz C6N,Bình,4
camera-ip-360-do-1080p-ezviz-c6n-trang,Camera IP 360 Độ 2MP Ezviz C6N,Thiện,4
camera-ip-360-do-1080p-ezviz-c6n-trang,Camera IP 360 Độ 2MP Ezviz C6N,Tâm,5
camera-ip-360-do-1080p-ezviz-c6n-trang,Camera IP 360 Độ 2MP Ezviz C6N,Sơn,5
camera-ip-360-do-1080p-ezviz-c6n-trang,Camera IP 360 Độ 2MP Ezviz C6N,Hưng,5
camera-ip-360-do-1080p-ezviz-c6n-trang,Camera IP 360 Độ 2MP Ezviz C6N,Hiền,4
camera-ip-360-do-1080p-ezviz-c6n-trang,Camera IP 360 Độ 2MP Ezviz C6N,Chị Hà,4
camera-ip-360-do-1080p-ezviz-c6n-trang,Camera IP 360 Độ 2MP Ezviz C6N,Anh Sơn,4
camera-ip-360-do-2mp-tiandy-tc-h322n,Camera IP 360 Độ 2MP TIANDY TC-H322N,Trâm,3
camera-ip-360-do-2mp-tiandy-tc-h322n,Camera IP 360 Độ 2MP TIANDY TC-H322N,Phương,1
camera-ip-360-do-2mp-tiandy-tc-h322n,Camera IP 360 Độ 2MP TIANDY TC-H322N,Mai,5
camera-ip-360-do-2mp-tiandy-tc-h322n,Camera IP 360 Độ 2MP TIANDY TC-H322N,Vinh,5
camera-ip-360-do-2mp-tiandy-tc-h322n,Camera IP 360 Độ 2MP TIANDY TC-H322N,Hằng,4
camera-ip-360-do-2mp-tiandy-tc-h322n,Camera IP 360 Độ 2MP TIANDY TC-H322N,Anh Duy,1
camera-ip-360-do-2mp-tiandy-tc-h322n,Camera IP 360 Độ 2MP TIANDY TC-H322N,Quân,5
camera-ip-360-do-2mp-tiandy-tc-h322n,Camera IP 360 Độ 2MP TIANDY TC-H322N,Tú,5
camera-ip-360-do-2mp-tiandy-tc-h322n,Camera IP 360 Độ 2MP TIANDY TC-H322N,Loan,1
camera-ip-360-do-1080p-tp-link-tapo-tc70-trang,Camera IP 360 Độ 2MP TP-Link Tapo TC70,Quang,1
camera-ip-360-do-1080p-tp-link-tapo-tc70-trang,Camera IP 360 Độ 2MP TP-Link Tapo TC70,Hung,5
camera-ip-360-do-1080p-tp-link-tapo-tc70-trang,Camera IP 360 Độ 2MP TP-Link Tapo TC70,Chị Linh,5
camera-ip-360-do-1080p-tp-link-tapo-tc70-trang,Camera IP 360 Độ 2MP TP-Link Tapo TC70,Anh Huy,3
camera-ip-360-do-1080p-tp-link-tapo-tc70-trang,Camera IP 360 Độ 2MP TP-Link Tapo TC70,Anh,5
camera-ip-360-do-1080p-tp-link-tapo-tc70-trang,Camera IP 360 Độ 2MP TP-Link Tapo TC70,Khang,2
camera-ip-360-do-1080p-tp-link-tapo-tc70-trang,Camera IP 360 Độ 2MP TP-Link Tapo TC70,Trung,4
camera-ip-360-do-1080p-tp-link-tapo-tc70-trang,Camera IP 360 Độ 2MP TP-Link Tapo TC70,Anh Việt,5
camera-ip-360-do-1080p-tp-link-tapo-tc70-trang,Camera IP 360 Độ 2MP TP-Link Tapo TC70,Chị Dung,4
camera-ip-360-do-1080p-tp-link-tapo-tc70-trang,Camera IP 360 Độ 2MP TP-Link Tapo TC70,Bình,5
camera-ip-360-do-1080p-tp-link-tapo-tc70-trang,Camera IP 360 Độ 2MP TP-Link Tapo TC70,Huy,5
camera-ip-360-do-1080p-tp-link-tapo-tc70-trang,Camera IP 360 Độ 2MP TP-Link Tapo TC70,Hậu,5
camera-ip-360-do-1080p-tp-link-tapo-tc70-trang,Camera IP 360 Độ 2MP TP-Link Tapo TC70,Duy,4
camera-ip-360-do-1080p-tp-link-tapo-tc70-trang,Camera IP 360 Độ 2MP TP-Link Tapo TC70,Tú,5
camera-ip-360-do-1080p-tp-link-tapo-tc70-trang,Camera IP 360 Độ 2MP TP-Link Tapo TC70,Chị Hương,4
camera-ip-360-do-1080p-tp-link-tapo-tc70-trang,Camera IP 360 Độ 2MP TP-Link Tapo TC70,Linh,5
camera-ip-360-do-1080p-tp-link-tapo-tc70-trang,Camera IP 360 Độ 2MP TP-Link Tapo TC70,Duyên,5
camera-ip-360-do-1080p-tp-link-tapo-tc70-trang,Camera IP 360 Độ 2MP TP-Link Tapo TC70,Chị Hương,5
camera-ip-360-do-1080p-tp-link-tapo-tc70-trang,Camera IP 360 Độ 2MP TP-Link Tapo TC70,Anh Tiến,3
camera-ip-360-do-1080p-tp-link-tapo-tc70-trang,Camera IP 360 Độ 2MP TP-Link Tapo TC70,Chị Ngân,5
camera-ip-360-do-1080p-tp-link-tapo-tc70-trang,Camera IP 360 Độ 2MP TP-Link Tapo TC70,Anh Bình,4
camera-ip-360-do-1080p-tp-link-tapo-tc70-trang,Camera IP 360 Độ 2MP TP-Link Tapo TC70,Chị Nhi,4
camera-ip-360-do-1080p-tp-link-tapo-tc70-trang,Camera IP 360 Độ 2MP TP-Link Tapo TC70,Anh Linh,5
camera-ip-360-do-1080p-tp-link-tapo-tc70-trang,Camera IP 360 Độ 2MP TP-Link Tapo TC70,Chị Nhung,5
camera-ip-360-do-1080p-tp-link-tapo-tc70-trang,Camera IP 360 Độ 2MP TP-Link Tapo TC70,Chị Hiền,5
camera-ip-360-do-1080p-tp-link-tapo-tc70-trang,Camera IP 360 Độ 2MP TP-Link Tapo TC70,Anh Minh,5
camera-ip-360-do-1080p-tp-link-tapo-tc70-trang,Camera IP 360 Độ 2MP TP-Link Tapo TC70,Anh Hưng,5
camera-ip-360-do-1080p-tp-link-tapo-tc70-trang,Camera IP 360 Độ 2MP TP-Link Tapo TC70,Minh,5
camera-ip-360-do-1080p-tp-link-tapo-tc70-trang,Camera IP 360 Độ 2MP TP-Link Tapo TC70,Thanh,1
camera-ip-360-do-1080p-tp-link-tapo-tc70-trang,Camera IP 360 Độ 2MP TP-Link Tapo TC70,Trí,4
camera-ip-360-do-1080p-tp-link-tapo-tc70-trang,Camera IP 360 Độ 2MP TP-Link Tapo TC70,Trí,3
camera-ip-360-do-1080p-tp-link-tapo-tc70-trang,Camera IP 360 Độ 2MP TP-Link Tapo TC70,Huyền,5
camera-ip-360-do-1080p-tp-link-tapo-tc70-trang,Camera IP 360 Độ 2MP TP-Link Tapo TC70,Thủy,5
camera-ip-360-do-1080p-tp-link-tapo-tc70-trang,Camera IP 360 Độ 2MP TP-Link Tapo TC70,Chị Hằng,4
camera-ip-360-do-1080p-tp-link-tapo-tc70-trang,Camera IP 360 Độ 2MP TP-Link Tapo TC70,Anh Thành,4
camera-ip-360-do-3mp-imou-ranger-rc-gk2cp-3c0wr,Camera IP 360 Độ 3MP IMOU RANGER RC GK2CP-3C0WR,Dũng,5
camera-ip-360-do-3mp-imou-ranger-rc-gk2cp-3c0wr,Camera IP 360 Độ 3MP IMOU RANGER RC GK2CP-3C0WR,My,3
camera-ip-360-do-3mp-imou-ranger-rc-gk2cp-3c0wr,Camera IP 360 Độ 3MP IMOU RANGER RC GK2CP-3C0WR,Vinh,4
camera-ip-360-do-3mp-imou-ranger-rc-gk2cp-3c0wr,Camera IP 360 Độ 3MP IMOU RANGER RC GK2CP-3C0WR,Tiên,4
camera-ip-360-do-3mp-imou-ranger-rc-gk2cp-3c0wr,Camera IP 360 Độ 3MP IMOU RANGER RC GK2CP-3C0WR,Huy,5
camera-ip-360-do-3mp-imou-ranger-rc-gk2cp-3c0wr,Camera IP 360 Độ 3MP IMOU RANGER RC GK2CP-3C0WR,Long,5
camera-ip-360-do-3mp-imou-ranger-rc-gk2cp-3c0wr,Camera IP 360 Độ 3MP IMOU RANGER RC GK2CP-3C0WR,Tiên,2
camera-ip-360-do-3mp-imou-ranger-rc-gk2cp-3c0wr,Camera IP 360 Độ 3MP IMOU RANGER RC GK2CP-3C0WR,Linh,3
camera-ip-360-do-3mp-imou-ranger-rc-gk2cp-3c0wr,Camera IP 360 Độ 3MP IMOU RANGER RC GK2CP-3C0WR,Chị Ngọc,2
camera-ip-360-do-3mp-imou-ranger-rc-gk2cp-3c0wr,Camera IP 360 Độ 3MP IMOU RANGER RC GK2CP-3C0WR,Yến,5
camera-ip-360-do-3mp-imou-ranger-rc-gk2cp-3c0wr,Camera IP 360 Độ 3MP IMOU RANGER RC GK2CP-3C0WR,Quang,5
camera-ip-360-do-3mp-imou-ranger-rc-gk2cp-3c0wr,Camera IP 360 Độ 3MP IMOU RANGER RC GK2CP-3C0WR,Nhân,5
camera-ip-360-do-3mp-tiandy-tc-h332n,Camera IP 360 Độ 3MP TIANDY TC-H332N,Anh Đức,3
camera-ip-360-do-3mp-tiandy-tc-h332n,Camera IP 360 Độ 3MP TIANDY TC-H332N,Chị Hằng,3
camera-ip-360-do-3mp-tiandy-tc-h332n,Camera IP 360 Độ 3MP TIANDY TC-H332N,Cường,1
camera-ip-360-do-3mp-tiandy-tc-h332n,Camera IP 360 Độ 3MP TIANDY TC-H332N,Thành,1
camera-ip-360-do-3mp-tiandy-tc-h332n,Camera IP 360 Độ 3MP TIANDY TC-H332N,Minh,1
camera-ip-360-do-3mp-tiandy-tc-h332n,Camera IP 360 Độ 3MP TIANDY TC-H332N,Duy,4
camera-ip-360-do-3mp-tiandy-tc-h332n,Camera IP 360 Độ 3MP TIANDY TC-H332N,Quân,5
camera-ip-360-do-3mp-tiandy-tc-h332n,Camera IP 360 Độ 3MP TIANDY TC-H332N,Bình,2
camera-ip-360-do-3mp-tiandy-tc-h332n,Camera IP 360 Độ 3MP TIANDY TC-H332N,Loan,3
camera-ip-360-do-3mp-tiandy-tc-h332n,Camera IP 360 Độ 3MP TIANDY TC-H332N,Phương,4
camera-ip-360-do-3mp-tiandy-tc-h332n,Camera IP 360 Độ 3MP TIANDY TC-H332N,Trung,3
camera-ip-360-do-3mp-365-selection-c1,Camera IP 360 Độ 3MP 365 Selection C1,Tuấn,5
camera-ip-360-do-3mp-365-selection-c1,Camera IP 360 Độ 3MP 365 Selection C1,Huyền,1
camera-ip-360-do-4mp-ezviz-h6c-pro,Camera IP 360 Độ 4MP EZVIZ H6C Pro,Hiếu,1
camera-ip-360-do-4mp-ezviz-h6c-pro,Camera IP 360 Độ 4MP EZVIZ H6C Pro,Dung,4
camera-ip-360-do-4mp-ezviz-h6c-pro,Camera IP 360 Độ 4MP EZVIZ H6C Pro,Chị Linh,4
camera-ip-360-do-4mp-ezviz-h6c-pro,Camera IP 360 Độ 4MP EZVIZ H6C Pro,Trâm,3
camera-ip-360-do-4mp-ezviz-h6c-pro,Camera IP 360 Độ 4MP EZVIZ H6C Pro,Thành,4
camera-ip-360-do-3mp-botslab-c212?utm_flashsale=1,Camera IP 360 Độ 3MP BOTSLAB C212,Trinh,1
camera-ip-360-do-3mp-botslab-c212?utm_flashsale=1,Camera IP 360 Độ 3MP BOTSLAB C212,Sang,5
camera-ip-360-do-3mp-botslab-c212?utm_flashsale=1,Camera IP 360 Độ 3MP BOTSLAB C212,Nam,3
camera-ip-360-do-3mp-botslab-c212?utm_flashsale=1,Camera IP 360 Độ 3MP BOTSLAB C212,Trường,1
camera-ip-360-do-3mp-botslab-c212?utm_flashsale=1,Camera IP 360 Độ 3MP BOTSLAB C212,Duy,1
camera-ip-360-do-3mp-botslab-c212?utm_flashsale=1,Camera IP 360 Độ 3MP BOTSLAB C212,Nhân,3
camera-ip-360-do-3mp-botslab-c212?utm_flashsale=1,Camera IP 360 Độ 3MP BOTSLAB C212,Tiên,5
camera-ip-360-do-3mp-tp-link-tapo-c210,Camera IP 360 Độ 3MP TP-Link Tapo C210,Trang,3
camera-ip-360-do-3mp-tp-link-tapo-c210,Camera IP 360 Độ 3MP TP-Link Tapo C210,Phước,2
camera-ip-360-do-3mp-tp-link-tapo-c210,Camera IP 360 Độ 3MP TP-Link Tapo C210,Tân,1
camera-ip-360-do-3mp-tp-link-tapo-c210,Camera IP 360 Độ 3MP TP-Link Tapo C210,Trang,5
camera-ip-360-do-3mp-tp-link-tapo-c210,Camera IP 360 Độ 3MP TP-Link Tapo C210,Anh Toàn,5
camera-ip-360-do-3mp-tp-link-tapo-c210,Camera IP 360 Độ 3MP TP-Link Tapo C210,Sang,2
camera-ip-360-do-3mp-tp-link-tapo-c210,Camera IP 360 Độ 3MP TP-Link Tapo C210,Hùng,4
camera-ip-360-do-3mp-tp-link-tapo-c210,Camera IP 360 Độ 3MP TP-Link Tapo C210,Anh,5
camera-ip-360-do-3mp-tp-link-tapo-c210,Camera IP 360 Độ 3MP TP-Link Tapo C210,Vương,3
camera-ip-360-do-3mp-tp-link-tapo-c210,Camera IP 360 Độ 3MP TP-Link Tapo C210,Vy,5
camera-ip-360-do-3mp-tp-link-tapo-c210,Camera IP 360 Độ 3MP TP-Link Tapo C210,Anh Thái,5
camera-ip-360-do-3mp-tp-link-tapo-c210,Camera IP 360 Độ 3MP TP-Link Tapo C210,Thúy,5
camera-ip-360-do-3mp-tp-link-tapo-c210,Camera IP 360 Độ 3MP TP-Link Tapo C210,Nhi,5
camera-ip-360-do-3mp-tp-link-tapo-c210,Camera IP 360 Độ 3MP TP-Link Tapo C210,Quỳnh,3
camera-ip-360-do-3mp-tp-link-tapo-c210,Camera IP 360 Độ 3MP TP-Link Tapo C210,Phương,3
camera-ip-360-do-3mp-tp-link-tapo-c210,Camera IP 360 Độ 3MP TP-Link Tapo C210,Hương,1
camera-ip-360-do-3mp-tp-link-tapo-c210,Camera IP 360 Độ 3MP TP-Link Tapo C210,Trí,5
camera-ip-360-do-3mp-tp-link-tapo-c210,Camera IP 360 Độ 3MP TP-Link Tapo C210,Thịnh,3
camera-ip-360-do-3mp-tp-link-tapo-c210,Camera IP 360 Độ 3MP TP-Link Tapo C210,Khoa,5
camera-ip-360-do-3mp-tp-link-tapo-c210,Camera IP 360 Độ 3MP TP-Link Tapo C210,Dương,4
camera-ip-360-do-3mp-tp-link-tapo-c210,Camera IP 360 Độ 3MP TP-Link Tapo C210,Anh Thành,1
camera-ip-360-do-3mp-tp-link-tapo-c210,Camera IP 360 Độ 3MP TP-Link Tapo C210,Đạt,5
camera-ip-360-do-3mp-tp-link-tapo-c210,Camera IP 360 Độ 3MP TP-Link Tapo C210,Chị Phương,5
camera-ip-360-do-3mp-tp-link-tapo-c210,Camera IP 360 Độ 3MP TP-Link Tapo C210,Hoài,4
camera-ip-360-do-3mp-tp-link-tapo-c210,Camera IP 360 Độ 3MP TP-Link Tapo C210,Anh Tuấn,4
camera-ip-360-do-3mp-tp-link-tapo-c210,Camera IP 360 Độ 3MP TP-Link Tapo C210,Sơn,3
camera-ip-360-do-3mp-tp-link-tapo-c210,Camera IP 360 Độ 3MP TP-Link Tapo C210,Việt,4
camera-ip-360-do-3mp-tp-link-tapo-c210,Camera IP 360 Độ 3MP TP-Link Tapo C210,Anh Phúc,4
camera-ip-360-do-3mp-tp-link-tapo-c210,Camera IP 360 Độ 3MP TP-Link Tapo C210,Tâm,4
camera-ip-360-do-3mp-tp-link-tapo-c210,Camera IP 360 Độ 3MP TP-Link Tapo C210,Hạnh,4
camera-ip-360-do-3mp-tp-link-tapo-c210,Camera IP 360 Độ 3MP TP-Link Tapo C210,Trâm,5
camera-ip-360-do-3mp-tp-link-tapo-c210,Camera IP 360 Độ 3MP TP-Link Tapo C210,Phượng,4
camera-ip-360-do-3mp-tp-link-tapo-c210,Camera IP 360 Độ 3MP TP-Link Tapo C210,Anh Hùng,5
camera-ip-360-do-3mp-tp-link-tapo-c210,Camera IP 360 Độ 3MP TP-Link Tapo C210,Giang,5
camera-ip-360-do-3mp-tp-link-tapo-c210,Camera IP 360 Độ 3MP TP-Link Tapo C210,Hân,5
camera-ip-360-do-3mp-tp-link-tapo-c210,Camera IP 360 Độ 3MP TP-Link Tapo C210,Minh,5
camera-ip-360-do-3mp-tp-link-tapo-c210,Camera IP 360 Độ 3MP TP-Link Tapo C210,Hà,4
camera-ip-360-do-3mp-tp-link-tapo-c210,Camera IP 360 Độ 3MP TP-Link Tapo C210,Trường,2
camera-ip-360-do-3mp-tp-link-tapo-c210,Camera IP 360 Độ 3MP TP-Link Tapo C210,Hùng,5
camera-ip-360-do-3mp-tp-link-tapo-c210,Camera IP 360 Độ 3MP TP-Link Tapo C210,Tuấn,2
camera-ip-360-do-3mp-tp-link-tapo-c210,Camera IP 360 Độ 3MP TP-Link Tapo C210,Anh Thái,4
camera-ip-360-do-3mp-tp-link-tapo-c210,Camera IP 360 Độ 3MP TP-Link Tapo C210,Dương,5
camera-ip-360-do-3mp-tp-link-tapo-c210,Camera IP 360 Độ 3MP TP-Link Tapo C210,Hoàng,5
camera-ip-360-do-3mp-tp-link-tapo-c210,Camera IP 360 Độ 3MP TP-Link Tapo C210,Nam,4
camera-ip-360-do-3mp-tp-link-tapo-c210,Camera IP 360 Độ 3MP TP-Link Tapo C210,Anh Phương,5
camera-ip-360-do-3mp-tp-link-tapo-c210,Camera IP 360 Độ 3MP TP-Link Tapo C210,Anh Thành,5
camera-ip-360-do-3mp-tp-link-tapo-c210,Camera IP 360 Độ 3MP TP-Link Tapo C210,Anh Tuấn,5
camera-ip-360-do-3mp-tp-link-tapo-c210,Camera IP 360 Độ 3MP TP-Link Tapo C210,Hương,5
camera-ip-360-do-3mp-tp-link-tapo-c210,Camera IP 360 Độ 3MP TP-Link Tapo C210,Phúc,5
camera-ip-360-do-3mp-tp-link-tapo-c210,Camera IP 360 Độ 3MP TP-Link Tapo C210,Ngọc,5
camera-ip-360-do-3mp-tp-link-tapo-c210,Camera IP 360 Độ 3MP TP-Link Tapo C210,Hiếu,3
camera-ip-360-do-3mp-tp-link-tapo-c210,Camera IP 360 Độ 3MP TP-Link Tapo C210,Tuấn,5
camera-ip-360-do-3mp-tp-link-tapo-c210,Camera IP 360 Độ 3MP TP-Link Tapo C210,Anh Dũng,4
camera-trong-tre-1080p-ezviz-bm1,Camera Trông Trẻ 2MP EZVIZ BM1,Nghĩa,5
camera-ip-360-do-4mp-imou-ranger-rc-gk2cp-4c0wr,Camera IP 360 Độ 4MP IMOU RANGER RC GK2CP-4C0WR,Minh,4
camera-ip-360-do-5mp-imou-ranger-rc-gk2cp-5c0wr,Camera IP 360 Độ 5MP IMOU RANGER RC GK2CP-5C0WR,Giang,5
camera-ip-360-do-3k-imou-rex-2d-gk2dp,Camera IP 360 Độ 5MP IMOU Rex 2D GK2DP,Minh,5
camera-ip-360-do-3k-imou-rex-2d-gk2dp,Camera IP 360 Độ 5MP IMOU Rex 2D GK2DP,Chị Huyền,2
camera-ip-360-do-3k-imou-rex-2d-gk2dp,Camera IP 360 Độ 5MP IMOU Rex 2D GK2DP,Anh Hùng,5
camera-ip-360-do-3k-imou-rex-2d-gk2dp,Camera IP 360 Độ 5MP IMOU Rex 2D GK2DP,Anh Hoàng,5
camera-ip-360-do-3k-imou-rex-2d-gk2dp,Camera IP 360 Độ 5MP IMOU Rex 2D GK2DP,Cường,5
camera-ip-360-do-3k-imou-rex-2d-gk2dp,Camera IP 360 Độ 5MP IMOU Rex 2D GK2DP,Tuấn,4
camera-ip-360-do-3k-imou-rex-2d-gk2dp,Camera IP 360 Độ 5MP IMOU Rex 2D GK2DP,Huy,4
camera-ip-360-do-3k-imou-rex-2d-gk2dp,Camera IP 360 Độ 5MP IMOU Rex 2D GK2DP,Anh Hiếu,4
camera-ip-360-do-5mp-botslab-c221,Camera IP 360 Độ 5MP BOTSLAB C221,Nam,4
camera-ip-360-do-5mp-botslab-c221,Camera IP 360 Độ 5MP BOTSLAB C221,Anh Thắng,5
camera-ip-360-do-5mp-botslab-c221,Camera IP 360 Độ 5MP BOTSLAB C221,Anh Dũng,5
camera-ip-360-do-5mp-botslab-c221,Camera IP 360 Độ 5MP BOTSLAB C221,Cường,5
camera-ip-360-do-5mp-botslab-c221,Camera IP 360 Độ 5MP BOTSLAB C221,Phát,4
camera-ip-360-do-5mp-ezviz-h6,Camera IP 360 Độ 5MP EZVIZ H6,Hà,2
chuot-bluetooth-philips-spk7448?utm_flashsale=1,Chuột Bluetooth Philips SPK7448,Ngân,5
chuot-khong-day-dareu-lm106g,Chuột Không dây DareU LM106G,Thanh,5
chuot-khong-day-dareu-lm106g,Chuột Không dây DareU LM106G,Việt,5
chuot-khong-day-dareu-lm106g,Chuột Không dây DareU LM106G,Chị Phương,4
chuot-khong-day-dareu-lm106g,Chuột Không dây DareU LM106G,Quỳnh,5
chuot-khong-day-dareu-lm106g,Chuột Không dây DareU LM106G,Linh,5
chuot-khong-day-dareu-lm106g,Chuột Không dây DareU LM106G,Trinh,5
chuot-khong-day-dareu-lm106g,Chuột Không dây DareU LM106G,Ngọc,4
chuot-khong-day-dareu-lm106g,Chuột Không dây DareU LM106G,Khang,5
chuot-khong-day-logitech-m170-den?utm_flashsale=1,Chuột Không dây Logitech M170,Hiệp,5
chuot-khong-day-logitech-m170-den?utm_flashsale=1,Chuột Không dây Logitech M170,Mai,5
chuot-khong-day-logitech-m170-den?utm_flashsale=1,Chuột Không dây Logitech M170,Vũ,1
chuot-khong-day-logitech-m170-den?utm_flashsale=1,Chuột Không dây Logitech M170,Vũ,4
chuot-khong-day-logitech-m170-den?utm_flashsale=1,Chuột Không dây Logitech M170,Thuận,5
chuot-khong-day-logitech-m170-den?utm_flashsale=1,Chuột Không dây Logitech M170,Lâm,5
chuot-khong-day-logitech-m170-den?utm_flashsale=1,Chuột Không dây Logitech M170,Linh,4
chuot-khong-day-logitech-m170-den?utm_flashsale=1,Chuột Không dây Logitech M170,Dương,4
chuot-sac-bluetooth-rapoo-mt760-mini,Chuột sạc Bluetooth Rapoo MT760 Mini,Vinh,4
chuot-khong-day-silent-rapoo-b2s,Chuột Không dây Silent Rapoo B2S,Long,5
chuot-khong-day-silent-rapoo-b2s,Chuột Không dây Silent Rapoo B2S,Ngân,4
chuot-khong-day-silent-rapoo-b2s,Chuột Không dây Silent Rapoo B2S,Oanh,5
chuot-khong-day-silent-rapoo-b2s,Chuột Không dây Silent Rapoo B2S,Trinh,4
chuot-khong-day-silent-rapoo-b2s,Chuột Không dây Silent Rapoo B2S,Hằng,5
chuot-khong-day-silent-rapoo-b2s,Chuột Không dây Silent Rapoo B2S,Khang,5
chuot-khong-day-silent-rapoo-b2s,Chuột Không dây Silent Rapoo B2S,Phương,5
chuot-khong-day-silent-rapoo-b2s,Chuột Không dây Silent Rapoo B2S,Phát,5
chuot-khong-day-silent-rapoo-b2s,Chuột Không dây Silent Rapoo B2S,Anh Huy,5
chuot-bluetooth-silent-logitech-mx-anywhere-3s,Chuột sạc Bluetooth Silent Logitech MX Anywhere 3s,Anh Thắng,5
chuot-khong-day-gaming-logitech-g304,Chuột Không dây Gaming Logitech G304,Khải,4
chuot-khong-day-gaming-logitech-g304,Chuột Không dây Gaming Logitech G304,Huy,1
chuot-khong-day-gaming-logitech-g304,Chuột Không dây Gaming Logitech G304,Nhân,5
chuot-gaming-logitech-g102-gen2-lightsync,Chuột Có dây Gaming Logitech G102 Gen2 Lightsync,Phong,5
chuot-gaming-logitech-g102-gen2-lightsync,Chuột Có dây Gaming Logitech G102 Gen2 Lightsync,Hiền,2
chuot-gaming-logitech-g102-gen2-lightsync,Chuột Có dây Gaming Logitech G102 Gen2 Lightsync,Anh Tùng,1
chuot-gaming-logitech-g102-gen2-lightsync,Chuột Có dây Gaming Logitech G102 Gen2 Lightsync,Phước,5
chuot-gaming-logitech-g102-gen2-lightsync,Chuột Có dây Gaming Logitech G102 Gen2 Lightsync,Hưng,5
chuot-gaming-logitech-g102-gen2-lightsync,Chuột Có dây Gaming Logitech G102 Gen2 Lightsync,Vy,4
chuot-gaming-logitech-g102-gen2-lightsync,Chuột Có dây Gaming Logitech G102 Gen2 Lightsync,Trang,2
chuot-gaming-logitech-g102-gen2-lightsync,Chuột Có dây Gaming Logitech G102 Gen2 Lightsync,Linh,5
chuot-gaming-logitech-g102-gen2-lightsync,Chuột Có dây Gaming Logitech G102 Gen2 Lightsync,Tùng,4
chuot-gaming-logitech-g102-gen2-lightsync,Chuột Có dây Gaming Logitech G102 Gen2 Lightsync,Chị Phương,5
chuot-co-day-gaming-asus-tuf-m3-gen-ii,Chuột Có dây Gaming Asus TUF M3 Gen II,Khôi,4
chuot-co-day-gaming-asus-tuf-m3-gen-ii,Chuột Có dây Gaming Asus TUF M3 Gen II,Tân,5
chuot-co-day-gaming-asus-tuf-m3-gen-ii,Chuột Có dây Gaming Asus TUF M3 Gen II,Huy,5
chuot-co-day-gaming-asus-tuf-m3-gen-ii,Chuột Có dây Gaming Asus TUF M3 Gen II,Hùng,5
chuot-co-day-gaming-asus-tuf-m3-gen-ii,Chuột Có dây Gaming Asus TUF M3 Gen II,Hiền,5
chuot-khong-day-silent-logitech-m331,Chuột Không dây Silent Logitech M331,Linh,4
chuot-khong-day-silent-logitech-m331,Chuột Không dây Silent Logitech M331,Công,4
chuot-khong-day-silent-logitech-m331,Chuột Không dây Silent Logitech M331,Tuấn,5
chuot-khong-day-silent-logitech-m331,Chuột Không dây Silent Logitech M331,Linh,5
chuot-khong-day-silent-logitech-m331,Chuột Không dây Silent Logitech M331,Hưng,5
chuot-khong-day-silent-logitech-m331,Chuột Không dây Silent Logitech M331,Chị Huyền,5
chuot-khong-day-silent-logitech-m331,Chuột Không dây Silent Logitech M331,Vy,5
chuot-co-day-silent-rapoo-n1200-den,Chuột Có dây Silent Rapoo N1200,Giang,1
chuot-co-day-silent-rapoo-n1200-den,Chuột Có dây Silent Rapoo N1200,Lộc,5
chuot-co-day-silent-rapoo-n1200-den,Chuột Có dây Silent Rapoo N1200,Anh Minh,5
chuot-co-day-silent-rapoo-n1200-den,Chuột Có dây Silent Rapoo N1200,Sơn,5
chuot-co-day-silent-rapoo-n1200-den,Chuột Có dây Silent Rapoo N1200,Duy,5
chuot-co-day-silent-rapoo-n1200-den,Chuột Có dây Silent Rapoo N1200,Nam,1
chuot-co-day-silent-rapoo-n1200-den,Chuột Có dây Silent Rapoo N1200,Hải,3
chuot-co-day-silent-rapoo-n1200-den,Chuột Có dây Silent Rapoo N1200,Phúc,5
chuot-co-day-silent-rapoo-n1200-den,Chuột Có dây Silent Rapoo N1200,Thanh,5
chuot-co-day-silent-rapoo-n1200-den,Chuột Có dây Silent Rapoo N1200,Thành,5
chuot-co-day-silent-rapoo-n1200-den,Chuột Có dây Silent Rapoo N1200,Anh Tùng,4
chuot-khong-day-logitech-m171?utm_flashsale=1,Chuột Không Dây Logitech M171,Hiền,1
chuot-khong-day-logitech-m171?utm_flashsale=1,Chuột Không Dây Logitech M171,Toàn,4
chuot-khong-day-logitech-m171?utm_flashsale=1,Chuột Không Dây Logitech M171,Linh,4
chuot-khong-day-logitech-m171?utm_flashsale=1,Chuột Không Dây Logitech M171,Tiên,5
chuot-khong-day-logitech-m171?utm_flashsale=1,Chuột Không Dây Logitech M171,Chị Ngọc,5
chuot-khong-day-logitech-m185,Chuột Không dây Logitech M185,Hương,5
chuot-khong-day-logitech-m185,Chuột Không dây Logitech M185,Vũ,3
chuot-khong-day-logitech-m185,Chuột Không dây Logitech M185,Sơn,5
chuot-khong-day-logitech-m185,Chuột Không dây Logitech M185,Dương,4
chuot-khong-day-logitech-m185,Chuột Không dây Logitech M185,Hoàng,2
chuot-khong-day-logitech-m185,Chuột Không dây Logitech M185,Thái,4
chuot-khong-day-logitech-m185,Chuột Không dây Logitech M185,Nhân,4
chuot-khong-day-logitech-m185,Chuột Không dây Logitech M185,Tú,5
chuot-khong-day-logitech-m185,Chuột Không dây Logitech M185,Nhựt,5
chuot-khong-day-logitech-m185,Chuột Không dây Logitech M185,Huyền,1
chuot-khong-day-logitech-m185,Chuột Không dây Logitech M185,Hưng,5
chuot-khong-day-logitech-m185,Chuột Không dây Logitech M185,Hải,5
chuot-khong-day-logitech-m185,Chuột Không dây Logitech M185,Hiếu,5
chuot-khong-day-logitech-m185,Chuột Không dây Logitech M185,Duy,5
chuot-khong-day-silent-zadez-m326?utm_flashsale=1,Chuột Không dây Silent Zadez M326,An,4
chuot-khong-day-silent-zadez-m326?utm_flashsale=1,Chuột Không dây Silent Zadez M326,Hùng,5
chuot-khong-day-silent-zadez-m326?utm_flashsale=1,Chuột Không dây Silent Zadez M326,Trang,5
chuot-khong-day-silent-zadez-m326?utm_flashsale=1,Chuột Không dây Silent Zadez M326,Phát,4
chuot-khong-day-silent-zadez-m326?utm_flashsale=1,Chuột Không dây Silent Zadez M326,Chị Hạnh,5
chuot-khong-day-silent-zadez-m326?utm_flashsale=1,Chuột Không dây Silent Zadez M326,Anh Toàn,5
chuot-khong-day-silent-zadez-m326?utm_flashsale=1,Chuột Không dây Silent Zadez M326,Thành,5
chuot-khong-day-silent-zadez-m326?utm_flashsale=1,Chuột Không dây Silent Zadez M326,Khoa,5
chuot-khong-day-silent-zadez-m326?utm_flashsale=1,Chuột Không dây Silent Zadez M326,Phong,3
chuot-khong-day-silent-zadez-m326?utm_flashsale=1,Chuột Không dây Silent Zadez M326,Huy,4
chuot-khong-day-silent-zadez-m326?utm_flashsale=1,Chuột Không dây Silent Zadez M326,Anh Tùng,4
chuot-khong-day-silent-zadez-m326?utm_flashsale=1,Chuột Không dây Silent Zadez M326,Anh Huy,5
chuot-khong-day-silent-zadez-m326?utm_flashsale=1,Chuột Không dây Silent Zadez M326,Trang,4
chuot-khong-day-rapoo-m216-den,Chuột Không dây Rapoo M216,Phú,5
chuot-khong-day-rapoo-m216-den,Chuột Không dây Rapoo M216,Tân,5
chuot-khong-day-rapoo-m216-den,Chuột Không dây Rapoo M216,Anh Long,5
chuot-khong-day-rapoo-m216-den,Chuột Không dây Rapoo M216,Anh Tiến,1
chuot-khong-day-rapoo-m216-den,Chuột Không dây Rapoo M216,Việt,4
chuot-khong-day-rapoo-m216-den,Chuột Không dây Rapoo M216,Phong,5
chuot-khong-day-rapoo-m216-den,Chuột Không dây Rapoo M216,Khang,5
chuot-khong-day-rapoo-m216-den,Chuột Không dây Rapoo M216,Hoàng,5
chuot-khong-day-rapoo-m216-den,Chuột Không dây Rapoo M216,Linh,4
chuot-khong-day-rapoo-m216-den,Chuột Không dây Rapoo M216,Tùng,5
chuot-khong-day-rapoo-m216-den,Chuột Không dây Rapoo M216,Chị Yến,5
chuot-khong-day-rapoo-m216-den,Chuột Không dây Rapoo M216,Anh,5
chuot-khong-day-rapoo-m216-den,Chuột Không dây Rapoo M216,Chị Ngân,5
chuot-khong-day-rapoo-m216-den,Chuột Không dây Rapoo M216,Anh Trung,5
chuot-khong-day-rapoo-m216-den,Chuột Không dây Rapoo M216,Anh Minh,3
chuot-khong-day-rapoo-m216-den,Chuột Không dây Rapoo M216,Hiếu,3
chuot-khong-day-rapoo-m216-den,Chuột Không dây Rapoo M216,Dương,5
chuot-khong-day-rapoo-m216-den,Chuột Không dây Rapoo M216,Thịnh,5
chuot-khong-day-rapoo-m216-den,Chuột Không dây Rapoo M216,Chị Huyền,5
chuot-khong-day-rapoo-m216-den,Chuột Không dây Rapoo M216,Hiền,5
chuot-khong-day-rapoo-m216-den,Chuột Không dây Rapoo M216,Ngọc,4
chuot-khong-day-rapoo-m216-den,Chuột Không dây Rapoo M216,Tuấn,4
chuot-khong-day-rapoo-m216-den,Chuột Không dây Rapoo M216,Anh Vũ,4
chuot-khong-day-logitech-silent-signature-m650-size-m,Chuột Bluetooth Silent Logitech Signature M650,Hồng,1
chuot-khong-day-logitech-silent-signature-m650-size-m,Chuột Bluetooth Silent Logitech Signature M650,Hiệp,5
chuot-khong-day-logitech-silent-signature-m650-size-m,Chuột Bluetooth Silent Logitech Signature M650,Anh Trung,3
chuot-khong-day-logitech-silent-signature-m650-size-m,Chuột Bluetooth Silent Logitech Signature M650,Hân,1
chuot-khong-day-logitech-silent-signature-m650-size-m,Chuột Bluetooth Silent Logitech Signature M650,Ngọc,5
chuot-khong-day-logitech-silent-signature-m650-size-m,Chuột Bluetooth Silent Logitech Signature M650,Phong,5
chuot-khong-day-logitech-silent-signature-m650-size-m,Chuột Bluetooth Silent Logitech Signature M650,Châu,5
chuot-khong-day-logitech-silent-signature-m650-size-m,Chuột Bluetooth Silent Logitech Signature M650,Châu,4
chuot-khong-day-logitech-silent-signature-m650-size-m,Chuột Bluetooth Silent Logitech Signature M650,Trung,4
chuot-khong-day-logitech-silent-signature-m650-size-m,Chuột Bluetooth Silent Logitech Signature M650,Như,4
chuot-khong-day-logitech-silent-signature-m650-size-m,Chuột Bluetooth Silent Logitech Signature M650,Anh Hiếu,4
chuot-khong-day-logitech-silent-signature-m650-size-m,Chuột Bluetooth Silent Logitech Signature M650,Anh Huy,5
chuot-khong-day-logitech-silent-signature-m650-size-m,Chuột Bluetooth Silent Logitech Signature M650,Anh Thịnh,5
chuot-khong-day-logitech-silent-signature-m650-size-m,Chuột Bluetooth Silent Logitech Signature M650,Anh Tiến,5
chuot-khong-day-silent-ugreen-mu105?utm_flashsale=1,Chuột Không Dây Silent Ugreen MU105,Hưng,5
chuot-khong-day-silent-ugreen-mu105?utm_flashsale=1,Chuột Không Dây Silent Ugreen MU105,Thu,5
chuot-bluetooth-silent-ugreen-mu001?utm_flashsale=1,Chuột Bluetooth Silent Ugreen MU001,Minh,1
chuot-bluetooth-silent-ugreen-mu001?utm_flashsale=1,Chuột Bluetooth Silent Ugreen MU001,Hiền,5
chuot-khong-day-silent-ugreen-mu006?utm_flashsale=1,Chuột Không Dây Silent Ugreen MU006,Nhân,5
chuot-khong-day-silent-ugreen-mu006?utm_flashsale=1,Chuột Không Dây Silent Ugreen MU006,Ngân,5
chuot-khong-day-silent-ugreen-mu006?utm_flashsale=1,Chuột Không Dây Silent Ugreen MU006,Khánh,5
chuot-bluetooth-silent-ugreen-mu006?utm_flashsale=1,Chuột Bluetooth Silent Ugreen MU006,Dũng,1
chuot-bluetooth-silent-ugreen-mu006?utm_flashsale=1,Chuột Bluetooth Silent Ugreen MU006,Chị Hương,5
chuot-sac-bluetooth-silent-zadez-m382b?utm_flashsale=1,Chuột sạc Bluetooth Silent Zadez M382B,Vinh,5
chuot-sac-bluetooth-silent-zadez-m382b?utm_flashsale=1,Chuột sạc Bluetooth Silent Zadez M382B,Anh Hải,5
chuot-sac-bluetooth-silent-zadez-m382b?utm_flashsale=1,Chuột sạc Bluetooth Silent Zadez M382B,Vân,4
chuot-sac-bluetooth-silent-zadez-m382b?utm_flashsale=1,Chuột sạc Bluetooth Silent Zadez M382B,Vinh,4
chuot-sac-bluetooth-silent-zadez-m382b?utm_flashsale=1,Chuột sạc Bluetooth Silent Zadez M382B,Anh Hoàng,4
chuot-sac-bluetooth-silent-zadez-m382b?utm_flashsale=1,Chuột sạc Bluetooth Silent Zadez M382B,Anh Hiếu,5
chuot-sac-bluetooth-silent-zadez-m382b?utm_flashsale=1,Chuột sạc Bluetooth Silent Zadez M382B,Huyền,5
chuot-gaming-zadez-g156m,Chuột Có dây Gaming Zadez G156M,Anh Duy,5
chuot-co-day-zadez-m213-den,Chuột Có dây Zadez M213,Đạt,3
chuot-co-day-zadez-m213-den,Chuột Có dây Zadez M213,Phương,5
chuot-co-day-zadez-m213-den,Chuột Có dây Zadez M213,Chị Trang,4
chuot-co-day-zadez-m213-den,Chuột Có dây Zadez M213,Huy,5
chuot-co-day-zadez-m213-den,Chuột Có dây Zadez M213,Anh Tuấn,2
chuot-co-day-zadez-m213-den,Chuột Có dây Zadez M213,Tuấn Anh,5
chuot-co-day-zadez-m213-den,Chuột Có dây Zadez M213,Khánh,5
chuot-co-day-zadez-m213-den,Chuột Có dây Zadez M213,Thanh,5
chuot-co-day-zadez-m213-den,Chuột Có dây Zadez M213,Đăng,4
chuot-co-day-zadez-m213-den,Chuột Có dây Zadez M213,Anh Thành,5
chuot-co-day-zadez-m213-den,Chuột Có dây Zadez M213,Tân,1
chuot-co-day-zadez-m213-den,Chuột Có dây Zadez M213,Quý,1
chuot-khong-day-zadez-m325,Chuột Không dây Zadez M325 Tuxedo,Tuấn,5
chuot-khong-day-zadez-m325,Chuột Không dây Zadez M325 Tuxedo,Hoàng,5
chuot-khong-day-zadez-m325,Chuột Không dây Zadez M325 Tuxedo,Anh Hiếu,4
chuot-khong-day-zadez-m325,Chuột Không dây Zadez M325 Tuxedo,Nhân,5
chuot-khong-day-zadez-m325,Chuột Không dây Zadez M325 Tuxedo,Thu,5
chuot-khong-day-zadez-m325,Chuột Không dây Zadez M325 Tuxedo,Duy,5
chuot-khong-day-zadez-m325,Chuột Không dây Zadez M325 Tuxedo,Phước,4
chuot-khong-day-zadez-m325,Chuột Không dây Zadez M325 Tuxedo,Huy,2
chuot-khong-day-zadez-m325,Chuột Không dây Zadez M325 Tuxedo,Anh Long,5
chuot-khong-day-zadez-m325,Chuột Không dây Zadez M325 Tuxedo,Hiếu,2
chuot-khong-day-zadez-m325,Chuột Không dây Zadez M325 Tuxedo,Anh Lộc,1
chuot-khong-day-zadez-m325,Chuột Không dây Zadez M325 Tuxedo,Quỳnh,4
chuot-khong-day-zadez-m325,Chuột Không dây Zadez M325 Tuxedo,Trang,2
chuot-khong-day-zadez-m325,Chuột Không dây Zadez M325 Tuxedo,Hiếu,5
chuot-khong-day-zadez-m325,Chuột Không dây Zadez M325 Tuxedo,Dũng,4
chuot-co-day-gaming-rapoo-v16s,Chuột Có dây Gaming Rapoo V16S,Anh Hưng,4
chuot-co-day-gaming-rapoo-v16s,Chuột Có dây Gaming Rapoo V16S,Chị Ngọc,5
chuot-co-day-gaming-rapoo-v16s,Chuột Có dây Gaming Rapoo V16S,Khoa,4
chuot-co-day-gaming-zadez-g-611m,Chuột Có dây Gaming Zadez G-611M,Hiếu,5
chuot-co-day-gaming-zadez-g-611m,Chuột Có dây Gaming Zadez G-611M,Hậu,3
chuot-co-day-gaming-zadez-g-611m,Chuột Có dây Gaming Zadez G-611M,Thắng,5
chuot-khong-day-silent-rapoo-m320?utm_flashsale=1,Chuột Không dây Silent Rapoo M320,Huy,1
chuot-khong-day-silent-rapoo-m320?utm_flashsale=1,Chuột Không dây Silent Rapoo M320,Hậu,4
chuot-khong-day-silent-rapoo-m320?utm_flashsale=1,Chuột Không dây Silent Rapoo M320,Giang,4
chuot-khong-day-silent-rapoo-m310-den,Chuột Không dây Silent Rapoo M310 Đen,Đạt,3
chuot-khong-day-silent-ugreen-mu001?utm_flashsale=1,Chuột Không dây Silent Ugreen MU001,Tùng,5
chuot-bluetooth-silent-dareu-lm115b,Chuột Bluetooth Silent DareU LM115B,Hoàng,5
chuot-bluetooth-silent-dareu-lm115b,Chuột Bluetooth Silent DareU LM115B,Trường,5
chuot-bluetooth-silent-dareu-lm115b,Chuột Bluetooth Silent DareU LM115B,Phát,2
chuot-bluetooth-silent-dareu-lm115b,Chuột Bluetooth Silent DareU LM115B,Anh An,5
chuot-bluetooth-silent-dareu-lm115b,Chuột Bluetooth Silent DareU LM115B,Thắng,5
chuot-bluetooth-silent-dareu-lm115b,Chuột Bluetooth Silent DareU LM115B,Nhung,5
chuot-bluetooth-silent-dareu-lm115b,Chuột Bluetooth Silent DareU LM115B,Trang,3
chuot-khong-day-gaming-asus-tuf-m4-wl,Chuột Bluetooth Gaming Asus TUF M4 WL,Anh Thắng,5
chuot-khong-day-gaming-asus-tuf-m4-wl,Chuột Bluetooth Gaming Asus TUF M4 WL,Bình,1
chuot-khong-day-gaming-asus-tuf-m4-wl,Chuột Bluetooth Gaming Asus TUF M4 WL,Anh Hiếu,5
chuot-khong-day-gaming-asus-tuf-m4-wl,Chuột Bluetooth Gaming Asus TUF M4 WL,Chị Yến,5
chuot-khong-day-gaming-asus-tuf-m4-wl,Chuột Bluetooth Gaming Asus TUF M4 WL,Hoài,5
chuot-khong-day-bluetooth-silent-rapoo-m650-lucky-cat,Chuột Bluetooth Silent Rapoo M650 Lucky Cat,Sơn,3
chuot-khong-day-bluetooth-silent-rapoo-m650-lucky-cat,Chuột Bluetooth Silent Rapoo M650 Lucky Cat,Trường,1
chuot-khong-day-bluetooth-silent-rapoo-m650-lucky-cat,Chuột Bluetooth Silent Rapoo M650 Lucky Cat,Tuấn,5
chuot-khong-day-bluetooth-silent-rapoo-m650-lucky-cat,Chuột Bluetooth Silent Rapoo M650 Lucky Cat,Chị Ngọc,5
chuot-khong-day-bluetooth-silent-rapoo-m650-lucky-cat,Chuột Bluetooth Silent Rapoo M650 Lucky Cat,Dũng,5
chuot-khong-day-bluetooth-silent-rapoo-m650-lucky-cat,Chuột Bluetooth Silent Rapoo M650 Lucky Cat,Trang,5
chuot-khong-day-bluetooth-silent-rapoo-m650-lucky-cat,Chuột Bluetooth Silent Rapoo M650 Lucky Cat,An,5
chuot-bluetooth-silent-rapoo-m500,Chuột Bluetooth Silent Rapoo M500,Thành,4
chuot-bluetooth-silent-rapoo-m500,Chuột Bluetooth Silent Rapoo M500,Khoa,5
chuot-bluetooth-silent-rapoo-m500,Chuột Bluetooth Silent Rapoo M500,Hải,5
chuot-bluetooth-silent-rapoo-m500,Chuột Bluetooth Silent Rapoo M500,Anh Hùng,3
chuot-bluetooth-silent-rapoo-m500,Chuột Bluetooth Silent Rapoo M500,Hoàng Anh,5
chuot-bluetooth-silent-rapoo-m500,Chuột Bluetooth Silent Rapoo M500,Chị Trang,5
chuot-bluetooth-silent-rapoo-m500,Chuột Bluetooth Silent Rapoo M500,Anh Tùng,3
chuot-bluetooth-silent-rapoo-m500,Chuột Bluetooth Silent Rapoo M500,Khánh,5
chuot-bluetooth-silent-rapoo-m500,Chuột Bluetooth Silent Rapoo M500,Phú,5
chuot-bluetooth-silent-rapoo-m500,Chuột Bluetooth Silent Rapoo M500,Trang,5
chuot-bluetooth-silent-rapoo-m500,Chuột Bluetooth Silent Rapoo M500,Tú,3
chuot-khong-day-zadez-m338,Chuột Không dây Zadez M338,Anh Dũng,5
chuot-khong-day-zadez-m338,Chuột Không dây Zadez M338,Anh Hải,3
chuot-khong-day-zadez-m338,Chuột Không dây Zadez M338,Yến,4
chuot-khong-day-zadez-m338,Chuột Không dây Zadez M338,Tú,5
chuot-khong-day-zadez-m338,Chuột Không dây Zadez M338,Tài,4
chuot-khong-day-zadez-m338,Chuột Không dây Zadez M338,Chị Yến,5
chuot-khong-day-zadez-m338,Chuột Không dây Zadez M338,Ngân,5
chuot-khong-day-zadez-m338,Chuột Không dây Zadez M338,Anh,5
chuot-khong-day-zadez-m338,Chuột Không dây Zadez M338,Tú,4
chuot-khong-day-zadez-m338,Chuột Không dây Zadez M338,Hiếu,2
chuot-khong-day-zadez-m338,Chuột Không dây Zadez M338,Trang,5
chuot-khong-day-zadez-m338,Chuột Không dây Zadez M338,Vũ,3
chuot-khong-day-zadez-m338,Chuột Không dây Zadez M338,Thắng,2
chuot-khong-day-zadez-m338,Chuột Không dây Zadez M338,Anh Tùng,4
chuot-khong-day-zadez-m338,Chuột Không dây Zadez M338,Anh Tú,4
chuot-khong-day-zadez-m338,Chuột Không dây Zadez M338,Phượng,3
chuot-khong-day-zadez-m338,Chuột Không dây Zadez M338,Thành,4
chuot-khong-day-rapoo-1620-den,Chuột Không dây Rapoo 1620,Trung,5
chuot-khong-day-rapoo-1620-den,Chuột Không dây Rapoo 1620,Ngân,5
chuot-khong-day-rapoo-1620-den,Chuột Không dây Rapoo 1620,Giang,4
chuot-khong-day-rapoo-1620-den,Chuột Không dây Rapoo 1620,Anh Tú,4
chuot-khong-day-rapoo-1620-den,Chuột Không dây Rapoo 1620,Anh Thắng,5
chuot-khong-day-rapoo-1620-den,Chuột Không dây Rapoo 1620,Linh,5
chuot-khong-day-rapoo-1620-den,Chuột Không dây Rapoo 1620,Tuyền,5
chuot-khong-day-rapoo-1620-den,Chuột Không dây Rapoo 1620,Anh Trung,5
chuot-khong-day-rapoo-1620-den,Chuột Không dây Rapoo 1620,Trinh,5
chuot-khong-day-rapoo-1620-den,Chuột Không dây Rapoo 1620,Long,5
chuot-khong-day-rapoo-1620-den,Chuột Không dây Rapoo 1620,Nga,4
chuot-khong-day-rapoo-1620-den,Chuột Không dây Rapoo 1620,Hiếu,5
chuot-khong-day-rapoo-1620-den,Chuột Không dây Rapoo 1620,Đức,3
chuot-khong-day-rapoo-1620-den,Chuột Không dây Rapoo 1620,Dũng,4
chuot-khong-day-rapoo-1620-den,Chuột Không dây Rapoo 1620,Hoài,5
chuot-khong-day-rapoo-1620-den,Chuột Không dây Rapoo 1620,Huyền,4
chuot-khong-day-rapoo-1620-den,Chuột Không dây Rapoo 1620,Anh Minh,4
chuot-khong-day-rapoo-1620-den,Chuột Không dây Rapoo 1620,Hùng,5
chuot-khong-day-rapoo-1620-den,Chuột Không dây Rapoo 1620,Vũ,5
chuot-bluetooth-silent-dareu-lm135d?utm_flashsale=1,Chuột sạc Bluetooth Silent DareU LM135D,Nhi,5
chuot-bluetooth-gaming-corsair-harpoon-rgb-den,Chuột sạc Bluetooth Gaming Corsair Harpoon RGB,Nhung,3
chuot-bluetooth-gaming-corsair-harpoon-rgb-den,Chuột sạc Bluetooth Gaming Corsair Harpoon RGB,Hiếu,3
chuot-gaming-corsair-nightsword-rgb-den,Chuột Có dây Gaming Corsair Nightsword RGB,Tiến,5
chuot-co-day-gaming-rapoo-v25s,Chuột Có dây Gaming Rapoo V25S,Khánh,5
chuot-co-day-gaming-hp-hyperx-pulsefire-haste-ii?utm_flashsale=1,Chuột Có dây Gaming HP HyperX Pulsefire Haste II,Hoàng,5
chuot-khong-day-zadez-m353-xam,Chuột Không dây Zadez M353,Thái,4
chuot-khong-day-zadez-m353-xam,Chuột Không dây Zadez M353,Phương,1
chuot-khong-day-zadez-m353-xam,Chuột Không dây Zadez M353,Anh Tú,4
chuot-khong-day-zadez-m353-xam,Chuột Không dây Zadez M353,Hiệp,1
chuot-khong-day-zadez-m353-xam,Chuột Không dây Zadez M353,Hoàng,5
chuot-khong-day-zadez-m353-xam,Chuột Không dây Zadez M353,Anh Tuấn,4
chuot-khong-day-logitech-m190,Chuột Không dây Logitech M190,Giang,5
chuot-khong-day-logitech-m190,Chuột Không dây Logitech M190,Chị Dung,5
chuot-khong-day-logitech-m190,Chuột Không dây Logitech M190,Công,5
day-mvw-sl101-03-da-den,Dây da đồng hồ 18mm SL101-03,Linh,5
day-mvw-sl100-01-da-den,Dây da đồng hồ 14mm SL100-01,Tiên,5
day-mvw-sl100-01-da-den,Dây da đồng hồ 14mm SL100-01,Trang,4
day-mvw-sl100-01-da-den,Dây da đồng hồ 14mm SL100-01,Chị Phương,5
day-mvw-sl100-01-da-den,Dây da đồng hồ 14mm SL100-01,Hùng,3
day-da-dong-ho-l003-04-18-xanh-dam-size-18mm,Dây da đồng hồ 18mm L003-04-18,Vân,2
day-mvw-sl100-02-da-xanh-ngoc,Dây da đồng hồ 14mm SL100-02,Thanh,5
day-mvw-sl100-02-da-xanh-ngoc,Dây da đồng hồ 14mm SL100-02,Hiệp,5
day-mvw-sl100-02-da-xanh-ngoc,Dây da đồng hồ 14mm SL100-02,Trí,5
day-mvw-sl100-02-da-xanh-ngoc,Dây da đồng hồ 14mm SL100-02,Anh Thịnh,4
day-silicone-apple-40-mm-den-mtp62fe-a-ch,Dây silicone Apple Watch mặt 40mm MTP62FE/A,Tâm,5
day-dong-ho-size-20mm-rz-jm20-bac-ha,Dây silicone đồng hồ 20mm RZ-JM20,Đức,5
day-da-dong-ho-size-12mm-nau-ls058-01,Dây da đồng hồ 12mm LS058-01,Yến,4
day-da-dong-ho-size-12mm-den-ls059-01,Dây da đồng hồ 12mm LS059-01,Long,5
day-da-dong-ho-size-12mm-den-ls059-01,Dây da đồng hồ 12mm LS059-01,Chị Yến,4
day-da-dong-ho-size-14mm-nau-ls058-02,Dây da đồng hồ 14mm LS058-02,Yến,5
day-da-dong-ho-size-14mm-nau-ls058-02,Dây da đồng hồ 14mm LS058-02,Chị Hà,4
day-da-dong-ho-size-14mm-nau-ls058-02,Dây da đồng hồ 14mm LS058-02,Lan,5
day-da-dong-ho-size-14mm-nau-ls058-02,Dây da đồng hồ 14mm LS058-02,Chị Thảo,4
day-da-dong-ho-size-14mm-nau-ls058-02,Dây da đồng hồ 14mm LS058-02,Hà,5
day-da-dong-ho-size-14mm-nau-ls058-02,Dây da đồng hồ 14mm LS058-02,Chị Phượng,5
day-da-dong-ho-size-16mm-nau-ls052-01,Dây da đồng hồ 16mm LS052-01,Chị Nhung,4
day-da-dong-ho-size-16mm-nau-ls052-01,Dây da đồng hồ 16mm LS052-01,Hiệp,3
day-da-dong-ho-size-16mm-den-ls042-01,Dây da đồng hồ 16mm LS042-01,Anh Nam,5
day-da-dong-ho-l021-03-16-den-size-16mm,Dây da đồng hồ 16mm L021-03-16,Thảo,5
day-da-dong-ho-l021-03-16-den-size-16mm,Dây da đồng hồ 16mm L021-03-16,Nga,4
day-da-dong-ho-l021-04-18-den-size-18mm,Dây da đồng hồ 18mm L021-04-18,Trang,5
day-da-dong-ho-l021-04-18-den-size-18mm,Dây da đồng hồ 18mm L021-04-18,Dung,5
day-da-dong-ho-l021-04-18-den-size-18mm,Dây da đồng hồ 18mm L021-04-18,Khánh,5
day-rz31-00a-da-nau-cam,Dây da MVW mặt 44mm RZ31-00A,Nam,4
day-da-dong-ho-l017-01-12-cam-size-12mm,Dây da đồng hồ 12mm L017-01-12,Linh,5
day-da-dong-ho-l016-03-16-nau-size-16mm,Dây da đồng hồ 16mm L016-03-16,Minh,3
day-da-dong-ho-l016-04-18-nau-size-18mm,Dây da đồng hồ 18mm L016-04-18,Tiến,5
day-dong-ho-size-40mm-m05-03-40,Dây silicone MVW mặt 40mm M05-03-40,Anh Thắng,5
day-dong-ho-size-44mm-m02-02-44,Dây silicone MVW mặt 44mm M02-02-44,Anh Lộc,5
day-da-dong-ho-l003-01-12-xanh-dam-size-12mm,Dây da đồng hồ 12mm L003-01-12,Phúc,5
day-da-dong-ho-l019-01-12-xanh-dam-size-12mm,Dây da đồng hồ 12mm L019-01-12,Chị Nhung,5
day-da-dong-ho-l002-03-16-nau-size-16mm,Dây da đồng hồ 16mm L002-03-16,Khánh,5
day-da-dong-ho-l002-03-16-nau-size-16mm,Dây da đồng hồ 16mm L002-03-16,Quân,4
day-da-dong-ho-l006-03-16-nau-size-16mm,Dây da đồng hồ 16mm L006-03-16,Trang,5
day-da-dong-ho-l020-03-16-hong-size-16mm,Dây da đồng hồ 16mm L020-03-16,Ngọc,5
day-da-dong-ho-l002-04-18-nau-size-18mm,Dây da đồng hồ 18mm L002-04-18,Hà,5
day-da-dong-ho-l002-04-18-nau-size-18mm,Dây da đồng hồ 18mm L002-04-18,Tuấn,5
day-da-dong-ho-l013-04-18-nau-bo-size-18mm,Dây da đồng hồ 18mm L013-04-18,Khoa,5
day-dong-ho-size-44mm-m07-01-44,Dây da MVW mặt 44mm M07-01-44,Khang,5
day-dong-ho-size-40mm-m01-02-40,Dây silicone MVW mặt 40mm M01-02-40,Dung,5
day-dong-ho-size-40mm-m05-08-40,Dây silicone MVW mặt 40mm M05-08-40,Tiến,5
day-dong-ho-size-44mm-m01-04-44,Dây silicone MVW mặt 44mm M01-04-44,Anh Trường,4
day-dong-ho-size-44mm-m02-01-44,Dây silicone MVW mặt 44mm M02-01-44,Anh Hiếu,5
day-dong-ho-size-44mm-m02-03-44,Dây silicone MVW mặt 44mm M02-03-44,Hạnh,5
day-rz31-00a-da-trang,Dây da MVW mặt 40mm RZ31-00A,Nhân,5
day-rz31-00a-da-xanh-ngoc,Dây da MVW mặt 44mm RZ31-00A,Phương,5
day-da-phuong-linh-g067-vang-hong-22mm,Dây da đồng hồ 22mm G067,Nhân,5
day-da-phuong-linh-g067-vang-hong-22mm,Dây da đồng hồ 22mm G067,My,4
day-da-phuong-linh-g069-den-16mm,Dây da đồng hồ 16mm G069,Thuỷ,5
day-da-dong-ho-l017-02-14-cam-size-14mm,Dây da đồng hồ 14mm L017-02-14,Anh Lộc,5
day-da-dong-ho-l001-03-16-den-size-16mm,Dây da đồng hồ 16mm L001-03-16,Anh Hải,5
day-da-dong-ho-l001-04-18-den-size-18mm,Dây da đồng hồ 18mm L001-04-18,Phương,5
day-dong-ho-size-40mm-m07-01-40,Dây da MVW mặt 40mm M07-01-40,Linh,5
day-dong-ho-size-40mm-m07-01-40,Dây da MVW mặt 40mm M07-01-40,Như,5
day-dong-ho-size-40mm-m05-05-40,Dây silicone MVW mặt 40mm M05-05-40,Quyên,4
day-dong-ho-size-40mm-m05-07-40,Dây silicone MVW mặt 40mm M05-07-40,Hạnh,5
day-dong-ho-22-mm-m08-02-22,Dây silicone đồng hồ 22mm M08-02-22,Thuận,1
day-dong-ho-22-mm-m08-02-22,Dây silicone đồng hồ 22mm M08-02-22,Dũng,2
day-dong-ho-22-mm-m08-02-22,Dây silicone đồng hồ 22mm M08-02-22,Quyên,2
day-dong-ho-22-mm-m08-02-22,Dây silicone đồng hồ 22mm M08-02-22,Nguyên,5
day-silicone-dong-ho-apple-size-40mm-rz-0100a-vang,Dây silicone Ruizhi mặt 40mm RZ-0100A,Phong,5
day-mvw-m031-02-silicone-xam,Dây silicone đồng hồ 22mm M031-02,Phát,5
day-mvw-m031-02-silicone-xam,Dây silicone đồng hồ 22mm M031-02,Anh Trung,5
day-mvw-m031-02-silicone-xam,Dây silicone đồng hồ 22mm M031-02,Lâm,4
casio-mtp-m305l-7avdf-nam,CASIO 34 mm Nam MTP-M305L-7AVDF,Nam,4
baby-g-bgd-565sj-2dr-nu?utm_flashsale=1,BABY-G 37.9 mm Nữ BGD-565SJ-2DR,Hậu,4
elio-es163-01-nu,ELIO Elegant Lady 26 mm Nữ ES163-01,Vũ,5
g-shock-gm-2100-1adr-nam,G-SHOCK 2100 45.4 mm Nam GM-2100-1ADR,Dung,5
g-shock-gm-2100-1adr-nam,G-SHOCK 2100 45.4 mm Nam GM-2100-1ADR,Khánh,4
citizen-nj0158-89y-nam,CITIZEN Tsuyosa 40 mm Nam NJ0158-89Y,Tuấn,3
elio-ess11-02-unisex,Elio ESS11-02 - Unisex,Đạt,5
elio-ess11-02-unisex,Elio ESS11-02 - Unisex,Anh Tuấn,4
elio-ess11-01-unisex,Elio ESS11-01 - Unisex,Tiên,5
casio-mtp-m100l-7avdf-nam?utm_flashsale=1,CASIO 42.5 mm Nam MTP-M100L-7AVDF,Phương,1
elio-el105-01-nu,ELIO Flower 35 mm Nữ EL105-01,Anh Hoàng,4
citizen-bm8550-81e-nam,CITIZEN 41.8 mm Nam BM8550-81E,Khanh,5
baby-g-bga-250-7a2dr-trang,BABY-G 38.8 mm Nữ BGA-250-7A2DR,Dũng,5
baby-g-bga-250-7a2dr-trang,BABY-G 38.8 mm Nữ BGA-250-7A2DR,Chị Yến,5
baby-g-bga-250-7a2dr-trang,BABY-G 38.8 mm Nữ BGA-250-7A2DR,Hằng,4
baby-g-bga-250-7a2dr-trang,BABY-G 38.8 mm Nữ BGA-250-7A2DR,Quyên,3
baby-g-bga-250-7a2dr-trang,BABY-G 38.8 mm Nữ BGA-250-7A2DR,Dương,4
dong-ho-kim-nam-day-da-citizen-bi5002-14a-trang?utm_flashsale=1,CITIZEN 39.1 mm Nam BI5002-14A,Anh,4
dong-ho-kim-nam-day-da-citizen-bi5002-14a-trang?utm_flashsale=1,CITIZEN 39.1 mm Nam BI5002-14A,Thịnh,3
dong-ho-kim-nam-day-da-citizen-bi5002-14a-trang?utm_flashsale=1,CITIZEN 39.1 mm Nam BI5002-14A,Bình,4
casio-mtp-m300d-7avdf-nam,CASIO 40 mm Nam MTP-M300D-7AVDF,Hiệp,5
g-shock-ga-100cy-1adr-nam,G-SHOCK 51.2 mm Nam GA-100CY-1ADR,Toàn,5
g-shock-gba-900-1adr-nam,G-SHOCK 48.9 mm Nam GBA-900-1ADR,Long,5
g-shock-gba-900-1adr-nam,G-SHOCK 48.9 mm Nam GBA-900-1ADR,Anh Thái,5
edifice-efs-s570db-2audf-nam,EDIFICE CASIO 44 mm Nam EFS-S570DB-2AUDF,Duy,5
edifice-efs-s570db-2audf-nam,EDIFICE CASIO 44 mm Nam EFS-S570DB-2AUDF,Giang,5
g-shock-ga-b2100-1a1dr-nam,G-SHOCK 2100 45.4 mm Nam GA-B2100-1A1DR,Nghĩa,5
g-shock-ga-b2100-1a1dr-nam,G-SHOCK 2100 45.4 mm Nam GA-B2100-1A1DR,Phương,5
casio-mtp-e715d-7avdf-nam?utm_flashsale=1,CASIO 43.4 mm Nam MTP-E715D-7AVDF,Tuấn,4
orient-ra-aa0818l19b-nam,ORIENT Mako 41.8 mm Nam RA-AA0818L19B,Hoà,5
edifice-efv-c110d-2bdf-nam,EDIFICE CASIO 46.9 mm Nam EFV-C110D-2BDF,Hưng,4
baby-g-ba-110ga-7a1dr-trang?utm_flashsale=1,BABY-G BA-110 43 mm Nữ BA-110GA-7A1DR,Hương,5
baby-g-ba-110ga-7a1dr-trang?utm_flashsale=1,BABY-G BA-110 43 mm Nữ BA-110GA-7A1DR,Tài,5
edifice-efv-c110d-2avdf-nam?utm_flashsale=1,EDIFICE CASIO 46.9 mm Nam EFV-C110D-2AVDF,Trung,5
orient-ra-aa0b05r19b,ORIENT SK 41.7 mm Nam RA-AA0B05R19B,Việt,3
orient-ra-aa0b05r19b,ORIENT SK 41.7 mm Nam RA-AA0B05R19B,Hiếu,5
orient-ra-aa0b05r19b,ORIENT SK 41.7 mm Nam RA-AA0B05R19B,Trung,5
orient-ra-aa0b05r19b,ORIENT SK 41.7 mm Nam RA-AA0B05R19B,Minh,5
casio-ae-1200whd-1avdf-bac?utm_flashsale=1,CASIO 45 x 42.1 mm Nam AE-1200WHD-1AVDF,Thành,5
casio-ae-1200whd-1avdf-bac?utm_flashsale=1,CASIO 45 x 42.1 mm Nam AE-1200WHD-1AVDF,Trí,5
casio-ae-1200whd-1avdf-bac?utm_flashsale=1,CASIO 45 x 42.1 mm Nam AE-1200WHD-1AVDF,Anh Hoàng,5
casio-ae-1200whd-1avdf-bac?utm_flashsale=1,CASIO 45 x 42.1 mm Nam AE-1200WHD-1AVDF,Anh Trung,5
casio-ae-1200whd-1avdf-bac?utm_flashsale=1,CASIO 45 x 42.1 mm Nam AE-1200WHD-1AVDF,Dương,2
casio-ae-1200whd-1avdf-bac?utm_flashsale=1,CASIO 45 x 42.1 mm Nam AE-1200WHD-1AVDF,Nguyên,5
casio-ae-1200whd-1avdf-bac?utm_flashsale=1,CASIO 45 x 42.1 mm Nam AE-1200WHD-1AVDF,Trường,5
casio-ae-1200whd-1avdf-bac?utm_flashsale=1,CASIO 45 x 42.1 mm Nam AE-1200WHD-1AVDF,Mạnh,2
casio-ae-1200whd-1avdf-bac?utm_flashsale=1,CASIO 45 x 42.1 mm Nam AE-1200WHD-1AVDF,Lộc,5
casio-ae-1200whd-1avdf-bac?utm_flashsale=1,CASIO 45 x 42.1 mm Nam AE-1200WHD-1AVDF,Duy,3
casio-ae-1200whd-1avdf-bac?utm_flashsale=1,CASIO 45 x 42.1 mm Nam AE-1200WHD-1AVDF,Chị Ngân,5
casio-ae-1200whd-1avdf-bac?utm_flashsale=1,CASIO 45 x 42.1 mm Nam AE-1200WHD-1AVDF,Hoàng,4
casio-ae-1200whd-1avdf-bac?utm_flashsale=1,CASIO 45 x 42.1 mm Nam AE-1200WHD-1AVDF,Cường,4
casio-ae-1200whd-1avdf-bac?utm_flashsale=1,CASIO 45 x 42.1 mm Nam AE-1200WHD-1AVDF,Quân,5
casio-ae-1200whd-1avdf-bac?utm_flashsale=1,CASIO 45 x 42.1 mm Nam AE-1200WHD-1AVDF,Anh Hưng,1
g-shock-ga-700ff-8adr-nam?utm_flashsale=1,G-SHOCK Forgotten Future 53.4 mm Nam GA-700FF-8ADR,Dũng,5
orient-ra-aa0b04r19b,ORIENT SK 41.7 mm Nam RA-AA0B04R19B,Anh,4
orient-ra-aa0b04r19b,ORIENT SK 41.7 mm Nam RA-AA0B04R19B,Anh Việt,4
orient-ra-aa0b04r19b,ORIENT SK 41.7 mm Nam RA-AA0B04R19B,Chị Huyền,5
orient-ra-aa0b04r19b,ORIENT SK 41.7 mm Nam RA-AA0B04R19B,Tuấn,3
casio-ae-1200wh-1avdf-den?utm_flashsale=1,CASIO 42 mm Nam AE-1200WH-1AVDF,Thuỷ,4
casio-ae-1200wh-1avdf-den?utm_flashsale=1,CASIO 42 mm Nam AE-1200WH-1AVDF,Anh Trung,5
casio-ae-1200wh-1avdf-den?utm_flashsale=1,CASIO 42 mm Nam AE-1200WH-1AVDF,Anh Dũng,5
casio-ae-1200wh-1avdf-den?utm_flashsale=1,CASIO 42 mm Nam AE-1200WH-1AVDF,Anh Toàn,5
casio-ae-1200wh-1avdf-den?utm_flashsale=1,CASIO 42 mm Nam AE-1200WH-1AVDF,Thắng,5
casio-ae-1200wh-1avdf-den?utm_flashsale=1,CASIO 42 mm Nam AE-1200WH-1AVDF,Thuỷ,5
casio-ae-1200wh-1avdf-den?utm_flashsale=1,CASIO 42 mm Nam AE-1200WH-1AVDF,Hạnh,5
edifice-casio-efr-526l-7avudf-nau?utm_flashsale=1,EDIFICE CASIO 43 mm Nam EFR-526L-7AVUDF,Đạt,2
edifice-casio-efr-526l-7avudf-nau?utm_flashsale=1,EDIFICE CASIO 43 mm Nam EFR-526L-7AVUDF,Bảo,1
edifice-casio-efr-526l-7avudf-nau?utm_flashsale=1,EDIFICE CASIO 43 mm Nam EFR-526L-7AVUDF,Khang,4
g-shock-gm-2100mf-5adr-nam?utm_flashsale=1,G-SHOCK 2100 45 mm Nam GM-2100MF-5ADR,Anh Thành,4
casio-a158wa-1df-bac?utm_flashsale=1,CASIO 30.2 mm Unisex A158WA-1DF,Nguyên,4
casio-a158wa-1df-bac?utm_flashsale=1,CASIO 30.2 mm Unisex A158WA-1DF,Thảo,5
casio-a158wa-1df-bac?utm_flashsale=1,CASIO 30.2 mm Unisex A158WA-1DF,Sơn,5
casio-a158wa-1df-bac?utm_flashsale=1,CASIO 30.2 mm Unisex A158WA-1DF,Hoài,5
casio-a158wa-1df-bac?utm_flashsale=1,CASIO 30.2 mm Unisex A158WA-1DF,Loan,5
casio-a158wa-1df-bac?utm_flashsale=1,CASIO 30.2 mm Unisex A158WA-1DF,Long,5
casio-a158wa-1df-bac?utm_flashsale=1,CASIO 30.2 mm Unisex A158WA-1DF,Anh Huy,1
edifice-ecb-2000d-1adf-nam,EDIFICE CASIO 51 mm Nam ECB-2000D-1ADF,Vinh,1
edifice-ecb-2000d-1adf-nam,EDIFICE CASIO 51 mm Nam ECB-2000D-1ADF,Duy,4
edifice-efr-571d-1avudf-nam?utm_flashsale=1,EDIFICE CASIO 47.1 mm Nam EFR-571D-1AVUDF,Tâm,5
edifice-efr-571d-1avudf-nam?utm_flashsale=1,EDIFICE CASIO 47.1 mm Nam EFR-571D-1AVUDF,Đăng,5
g-shock-ga-2100-1a1dr-nam,G-SHOCK 2100 45.4 mm Nam GA-2100-1A1DR,Bảo,5
g-shock-ga-2100-1a1dr-nam,G-SHOCK 2100 45.4 mm Nam GA-2100-1A1DR,Đức,5
g-shock-ga-2100-1a1dr-nam,G-SHOCK 2100 45.4 mm Nam GA-2100-1A1DR,Đạt,4
g-shock-ga-2100-1a1dr-nam,G-SHOCK 2100 45.4 mm Nam GA-2100-1A1DR,Nguyên,5
g-shock-ga-2100-1a1dr-nam,G-SHOCK 2100 45.4 mm Nam GA-2100-1A1DR,Thành,1
g-shock-ga-2100-1a1dr-nam,G-SHOCK 2100 45.4 mm Nam GA-2100-1A1DR,Anh Tuấn,5
edifice-casio-efv-610db-2avudf-nam?utm_flashsale=1,EDIFICE CASIO 44 mm Nam EFV-610DB-2AVUDF,Cường,5
casio-la670wa-7df-nu?utm_flashsale=1,CASIO 24.6 mm Nữ LA670WA-7DF,Thu,5
elio-el119-02-nu,ELIO Flower 28 mm Nữ EL119-02,Đức,5
casio-la670wa-1df-nu?utm_flashsale=1,CASIO 24.6 mm Nữ LA670WA-1DF,Tân,5
casio-lws-2200h-4avdf-nu?utm_flashsale=1,CASIO 37.6 mm Nữ LWS-2200H-4AVDF,Huyền,2
casio-lws-2200h-4avdf-nu?utm_flashsale=1,CASIO 37.6 mm Nữ LWS-2200H-4AVDF,Anh Lộc,5
baby-g-bg-169g-7bdr-trang?utm_flashsale=1,BABY-G BG-169 42.4 mm Nữ BG-169G-7BDR,Thảo,2
baby-g-bg-169g-7bdr-trang?utm_flashsale=1,BABY-G BG-169 42.4 mm Nữ BG-169G-7BDR,Trí,1
baby-g-bg-169g-7bdr-trang?utm_flashsale=1,BABY-G BG-169 42.4 mm Nữ BG-169G-7BDR,Chị Linh,5
casio-lws-2200h-1avdf-nu,CASIO 37.6 mm Nữ LWS-2200H-1AVDF,Ngân,5
casio-mtp-1384d-7avdf-nam?utm_flashsale=1,CASIO 41 mm Nam MTP-1384D-7AVDF,Anh Tùng,5
casio-mtp-1384d-7avdf-nam?utm_flashsale=1,CASIO 41 mm Nam MTP-1384D-7AVDF,Toàn,2
casio-mtp-1384d-7avdf-nam?utm_flashsale=1,CASIO 41 mm Nam MTP-1384D-7AVDF,Long,4
casio-mtp-1384d-7avdf-nam?utm_flashsale=1,CASIO 41 mm Nam MTP-1384D-7AVDF,Hưng,3
casio-mtp-1384d-7avdf-nam?utm_flashsale=1,CASIO 41 mm Nam MTP-1384D-7AVDF,Anh Phong,5
casio-mtp-1384d-7avdf-nam?utm_flashsale=1,CASIO 41 mm Nam MTP-1384D-7AVDF,Lâm,5
casio-mtp-1384d-2avdf-nam?utm_flashsale=1,CASIO 41 mm Nam MTP-1384D-2AVDF,Nguyên,5
casio-mtp-1384d-2avdf-nam?utm_flashsale=1,CASIO 41 mm Nam MTP-1384D-2AVDF,Vũ,4
casio-mtp-1384d-2avdf-nam?utm_flashsale=1,CASIO 41 mm Nam MTP-1384D-2AVDF,Minh,3
casio-mtp-v300gb-1audf-nam?utm_flashsale=1,CASIO 40 mm Nam MTP-V300GB-1AUDF,Ngọc,4
casio-mtp-v300b-1audf-nam?utm_flashsale=1,CASIO 41.5 mm Nam MTP-V300B-1AUDF,Anh Đức,5
casio-mtp-v300b-1audf-nam?utm_flashsale=1,CASIO 41.5 mm Nam MTP-V300B-1AUDF,Duy,5
casio-mtp-v300b-1audf-nam?utm_flashsale=1,CASIO 41.5 mm Nam MTP-V300B-1AUDF,Minh,5
casio-mtp-v300bl-5audf-nam?utm_flashsale=1,CASIO 41.5 mm Nam MTP-V300BL-5AUDF,Anh Đạt,5
casio-mtp-vd02l-1eudf-nam?utm_flashsale=1,CASIO 41 mm Nam MTP-VD02L-1EUDF,Thuận,5
casio-mtp-vd02l-1eudf-nam?utm_flashsale=1,CASIO 41 mm Nam MTP-VD02L-1EUDF,Thắng,5
smile-kid-sl127-01-tre-em,SMILE KID 42 mm Trẻ em SL127-01,Nhung,4
smile-kid-sl127-01-tre-em,SMILE KID 42 mm Trẻ em SL127-01,Linh,4
smile-kid-sl127-01-tre-em,SMILE KID 42 mm Trẻ em SL127-01,Quang,5
smile-kid-sl127-02-tre-em,SMILE KID 42 mm Trẻ em SL127-02,Hoàng,5
smile-kid-sl127-02-tre-em,SMILE KID 42 mm Trẻ em SL127-02,Bình,4
smile-kid-sl127-02-tre-em,SMILE KID 42 mm Trẻ em SL127-02,Hải,5
smile-kid-sl127-02-tre-em,SMILE KID 42 mm Trẻ em SL127-02,Linh,3
casio-mtp-1314d-7avdf-nam?utm_flashsale=1,CASIO 45 mm Nam MTP-1314D-7AVDF,Long,5
casio-mtp-1314d-7avdf-nam?utm_flashsale=1,CASIO 45 mm Nam MTP-1314D-7AVDF,Trung,4
casio-mtp-1314d-7avdf-nam?utm_flashsale=1,CASIO 45 mm Nam MTP-1314D-7AVDF,Nguyên,5
casio-mtp-1314d-7avdf-nam?utm_flashsale=1,CASIO 45 mm Nam MTP-1314D-7AVDF,Chị Hạnh,5
casio-mtp-1374d-1avdf-nam,CASIO 42 mm Nam MTP-1374D-1AVDF,Chị Phương,5
casio-mtp-1374d-1avdf-nam,CASIO 42 mm Nam MTP-1374D-1AVDF,Anh Cường,5
casio-mtp-1374d-1avdf-nam,CASIO 42 mm Nam MTP-1374D-1AVDF,Đạt,5
casio-mtp-1374d-1avdf-nam,CASIO 42 mm Nam MTP-1374D-1AVDF,Nhung,1
casio-mtp-1374d-1avdf-nam,CASIO 42 mm Nam MTP-1374D-1AVDF,Hải,5
casio-mtp-1374d-1avdf-nam,CASIO 42 mm Nam MTP-1374D-1AVDF,Đức,1
casio-mtp-1374d-1avdf-nam,CASIO 42 mm Nam MTP-1374D-1AVDF,Linh,4
elio-es051-01-nu,ELIO Nàng Thơ 32 mm Nữ ES051-01,Tâm,5
elio-es051-01-nu,ELIO Nàng Thơ 32 mm Nữ ES051-01,Ngân,5
elio-es051-01-nu,ELIO Nàng Thơ 32 mm Nữ ES051-01,Hiệp,4
elio-es051-01-nu,ELIO Nàng Thơ 32 mm Nữ ES051-01,Thanh,5
smile-kid-sl053-01,SMILE KID 34 mm Trẻ em SL053-01,Hồng,5
smile-kid-sl053-01,SMILE KID 34 mm Trẻ em SL053-01,Cường,5
smile-kid-sl053-01,SMILE KID 34 mm Trẻ em SL053-01,Chị Linh,4
smile-kid-sl053-01,SMILE KID 34 mm Trẻ em SL053-01,Hoa,5
smile-kid-sl053-01,SMILE KID 34 mm Trẻ em SL053-01,Trinh,5
smile-kid-sl064-01-tre-em,SMILE KID 47 mm Trẻ em SL064-01,Trang,3
smile-kid-sl064-01-tre-em,SMILE KID 47 mm Trẻ em SL064-01,Lâm,5
smile-kid-sl064-01-tre-em,SMILE KID 47 mm Trẻ em SL064-01,Trường,5
smile-kid-sl064-01-tre-em,SMILE KID 47 mm Trẻ em SL064-01,Lan,5
smile-kid-sl064-01-tre-em,SMILE KID 47 mm Trẻ em SL064-01,Anh Tâm,5
smile-kid-sl064-01-tre-em,SMILE KID 47 mm Trẻ em SL064-01,Phượng,4
smile-kid-sl131-02-tre-em,SMILE KID 42 mm Trẻ em SL131-02,Linh,4
smile-kid-sl131-02-tre-em,SMILE KID 42 mm Trẻ em SL131-02,Chị Thảo,5
smile-kid-sl064-02-tre-em,SMILE KID 47 mm Trẻ em SL064-02,Hoà,5
smile-kid-sl064-02-tre-em,SMILE KID 47 mm Trẻ em SL064-02,Hưng,5
casio-mtp-1374d-2avdf-nam?utm_flashsale=1,CASIO 41.2 mm Nam MTP-1374D-2AVDF,Tùng,5
smile-kid-sl028-01,SMILE KID 30 mm Trẻ em SL028-01,Anh An,5
smile-kid-sl028-01,SMILE KID 30 mm Trẻ em SL028-01,Anh Tùng,4
casio-mts-100l-1avdf-nam?utm_flashsale=1,CASIO 41.3 mm Nam MTS-100L-1AVDF,Tuấn,5
casio-mts-100l-1avdf-nam?utm_flashsale=1,CASIO 41.3 mm Nam MTS-100L-1AVDF,Nam,5
casio-mts-100l-1avdf-nam?utm_flashsale=1,CASIO 41.3 mm Nam MTS-100L-1AVDF,Tài,5
casio-mts-100l-1avdf-nam?utm_flashsale=1,CASIO 41.3 mm Nam MTS-100L-1AVDF,Anh Duy,5
elio-el044-01-nu,ELIO Nắng Xuân 31 mm Nữ EL044-01,Oanh,5
casio-mtp-1375l-1avdf-nam?utm_flashsale=1,CASIO 42 mm Nam MTP-1375L-1AVDF,Trung,5
casio-mtp-1375l-1avdf-nam?utm_flashsale=1,CASIO 42 mm Nam MTP-1375L-1AVDF,Tuấn,5
casio-mtp-1375l-1avdf-nam?utm_flashsale=1,CASIO 42 mm Nam MTP-1375L-1AVDF,Huy,5
casio-mtp-1375l-1avdf-nam?utm_flashsale=1,CASIO 42 mm Nam MTP-1375L-1AVDF,Vinh,4
casio-mtp-1375l-1avdf-nam?utm_flashsale=1,CASIO 42 mm Nam MTP-1375L-1AVDF,Giang,5
casio-mtp-1375l-1avdf-nam?utm_flashsale=1,CASIO 42 mm Nam MTP-1375L-1AVDF,Đăng,5
casio-mtp-1375l-1avdf-nam?utm_flashsale=1,CASIO 42 mm Nam MTP-1375L-1AVDF,Tiến,5
elio-el042-01-nu?utm_flashsale=1,ELIO Nắng Xuân 28 mm Nữ EL042-01,Tâm,5
elio-el042-01-nu?utm_flashsale=1,ELIO Nắng Xuân 28 mm Nữ EL042-01,Ngân,5
casio-mtp-1375l-7avdf-nam?utm_flashsale=1,CASIO 42 mm Nam MTP-1375L-7AVDF,Vinh,5
casio-mtp-1375l-7avdf-nam?utm_flashsale=1,CASIO 42 mm Nam MTP-1375L-7AVDF,Anh Tiến,5
casio-mtp-1375l-7avdf-nam?utm_flashsale=1,CASIO 42 mm Nam MTP-1375L-7AVDF,Tiến,5
casio-mtp-1375l-7avdf-nam?utm_flashsale=1,CASIO 42 mm Nam MTP-1375L-7AVDF,Hiệp,4
casio-mtp-1375l-7avdf-nam?utm_flashsale=1,CASIO 42 mm Nam MTP-1375L-7AVDF,Tâm,4
casio-b650wd-1adf-bac,CASIO 38 mm Unisex B650WD-1ADF,Anh Thái,4
casio-b650wd-1adf-bac,CASIO 38 mm Unisex B650WD-1ADF,Anh Phúc,5
casio-b650wd-1adf-bac,CASIO 38 mm Unisex B650WD-1ADF,Quân,5
elio-el028-01-nu,ELIO Nắng Xuân 33 mm Nữ EL028-01,Hà,5
elio-el028-01-nu,ELIO Nắng Xuân 33 mm Nữ EL028-01,Anh Cường,4
elio-el028-01-nu,ELIO Nắng Xuân 33 mm Nữ EL028-01,Lan,5
elio-el028-01-nu,ELIO Nắng Xuân 33 mm Nữ EL028-01,Hà,3
casio-ltp-1275g-9adf-nu?utm_flashsale=1,CASIO 25 mm Nữ LTP-1275G-9ADF,Chị Thảo,4
casio-ltp-1275g-9adf-nu?utm_flashsale=1,CASIO 25 mm Nữ LTP-1275G-9ADF,Anh Minh,5
casio-ltp-1274d-7bdf-bac?utm_flashsale=1,CASIO 26 mm Nữ LTP-1274D-7BDF,Chị Hiền,5
casio-ltp-1274g-7adf-nu?utm_flashsale=1,CASIO 26 mm Nữ LTP-1274G-7ADF,Lâm,5
casio-ltp-1274g-7adf-nu?utm_flashsale=1,CASIO 26 mm Nữ LTP-1274G-7ADF,Duy,5
casio-ltp-1274g-7adf-nu?utm_flashsale=1,CASIO 26 mm Nữ LTP-1274G-7ADF,Anh Linh,5
casio-ltp-1274g-7adf-nu?utm_flashsale=1,CASIO 26 mm Nữ LTP-1274G-7ADF,Chị Trang,5
casio-ltp-1274g-7adf-nu?utm_flashsale=1,CASIO 26 mm Nữ LTP-1274G-7ADF,Chị Yến,5
elio-es034-01-nu,ELIO Nàng Thơ 28 mm Nữ ES034-01,Thảo,1
elio-es034-01-nu,ELIO Nàng Thơ 28 mm Nữ ES034-01,Nga,2
elio-es034-01-nu,ELIO Nàng Thơ 28 mm Nữ ES034-01,Chị Hằng,5
elio-es034-01-nu,ELIO Nàng Thơ 28 mm Nữ ES034-01,Ngân,5
casio-ltp-1275sg-9adf-bac?utm_flashsale=1,CASIO 25 mm Nữ LTP-1275SG-9ADF,Dũng,4
citizen-eu6073-53a-vang,CITIZEN 28 mm Nữ EU6073-53A,Trâm,5
casio-mtp-v004g-7budf-nam?utm_flashsale=1,CASIO 41.5 mm Nam MTP-V004G-7BUDF,Quang,4
casio-mtp-v004g-7budf-nam?utm_flashsale=1,CASIO 41.5 mm Nam MTP-V004G-7BUDF,Tâm,3
casio-ltp-v004g-7budf-vang?utm_flashsale=1,CASIO 30.2 mm Nữ LTP-V004G-7BUDF,Hà,4
casio-ltp-v004g-7budf-vang?utm_flashsale=1,CASIO 30.2 mm Nữ LTP-V004G-7BUDF,Hiệp,5
citizen-an3610-55l,CITIZEN 41 mm Nam AN3610-55L,Anh Tuấn,5
citizen-be9170-05l-xanh,CITIZEN 39 mm Nam BE9170-05L,Hưng,5
citizen-be9170-05l-xanh,CITIZEN 39 mm Nam BE9170-05L,Huy,5
citizen-be9170-05l-xanh,CITIZEN 39 mm Nam BE9170-05L,Huy,4
citizen-be9170-05l-xanh,CITIZEN 39 mm Nam BE9170-05L,Sơn,1
casio-la680wa-7df-bac?utm_flashsale=1,CASIO 28.5 mm Unisex LA680WA-7DF,Tú,5
casio-la680wa-7df-bac?utm_flashsale=1,CASIO 28.5 mm Unisex LA680WA-7DF,Trâm,5
casio-la680wa-7df-bac?utm_flashsale=1,CASIO 28.5 mm Unisex LA680WA-7DF,Loan,3
casio-ae-1400wh-1avdf-den?utm_flashsale=1,CASIO 45.4 mm Nam AE-1400WH-1AVDF,Bình,5
casio-ae-1300wh-8avdf-den?utm_flashsale=1,CASIO 42 mm Nam AE-1300WH-8AVDF,Anh Trung,5
casio-ae-1300wh-8avdf-den?utm_flashsale=1,CASIO 42 mm Nam AE-1300WH-8AVDF,Quý,5
casio-ae-1300wh-8avdf-den?utm_flashsale=1,CASIO 42 mm Nam AE-1300WH-8AVDF,Anh Hùng,5
casio-ae-1300wh-8avdf-den?utm_flashsale=1,CASIO 42 mm Nam AE-1300WH-8AVDF,Hoàng,5
casio-ae-1300wh-8avdf-den?utm_flashsale=1,CASIO 42 mm Nam AE-1300WH-8AVDF,Nhung,5
casio-ae-1300wh-8avdf-den?utm_flashsale=1,CASIO 42 mm Nam AE-1300WH-8AVDF,Tùng,5
casio-ae-1300wh-8avdf-den?utm_flashsale=1,CASIO 42 mm Nam AE-1300WH-8AVDF,Thắng,5
casio-ae-1300wh-8avdf-den?utm_flashsale=1,CASIO 42 mm Nam AE-1300WH-8AVDF,Anh Hoàng,5
casio-ae-1300wh-8avdf-den?utm_flashsale=1,CASIO 42 mm Nam AE-1300WH-8AVDF,Chị Hương,5
casio-ae-1000w-2avdf-xanh-duong?utm_flashsale=1,CASIO 43 mm Nam AE-1000W-2AVDF,Hiệp,4
casio-ae-1000w-2avdf-xanh-duong?utm_flashsale=1,CASIO 43 mm Nam AE-1000W-2AVDF,Long,5
casio-ae-1000w-2avdf-xanh-duong?utm_flashsale=1,CASIO 43 mm Nam AE-1000W-2AVDF,Chị Phương,4
casio-ae-1000w-2avdf-xanh-duong?utm_flashsale=1,CASIO 43 mm Nam AE-1000W-2AVDF,Mạnh,5
casio-ae-1000w-2avdf-xanh-duong?utm_flashsale=1,CASIO 43 mm Nam AE-1000W-2AVDF,Đăng,5
casio-ae-1000w-4bvdf-cam?utm_flashsale=1,CASIO 43.5 mm Nam AE-1000W-4BVDF,Anh Cường,4
casio-ae-1000w-4bvdf-cam?utm_flashsale=1,CASIO 43.5 mm Nam AE-1000W-4BVDF,Anh Việt,3
casio-ae-1000w-4bvdf-cam?utm_flashsale=1,CASIO 43.5 mm Nam AE-1000W-4BVDF,Dũng,5
casio-ae-1000w-3avdf-xanh-bo-doi?utm_flashsale=1,CASIO 43.5 mm Nam AE-1000W-3AVDF,Vy,5
casio-ae-1000w-3avdf-xanh-bo-doi?utm_flashsale=1,CASIO 43.5 mm Nam AE-1000W-3AVDF,Chị Thuỷ,5
casio-ae-1000w-3avdf-xanh-bo-doi?utm_flashsale=1,CASIO 43.5 mm Nam AE-1000W-3AVDF,Đạt,5
casio-ae-1000w-3avdf-xanh-bo-doi?utm_flashsale=1,CASIO 43.5 mm Nam AE-1000W-3AVDF,Anh Tiến,5
casio-ae-1000w-3avdf-xanh-bo-doi?utm_flashsale=1,CASIO 43.5 mm Nam AE-1000W-3AVDF,Duy,5
casio-dw-291hx-1avdf-nam?utm_flashsale=1,CASIO 50.5 × 50.4 mm Nam DW-291HX-1AVDF,Vinh,4
casio-dw-291hx-1avdf-nam?utm_flashsale=1,CASIO 50.5 × 50.4 mm Nam DW-291HX-1AVDF,Hoàng,5
casio-dw-291hx-1avdf-nam?utm_flashsale=1,CASIO 50.5 × 50.4 mm Nam DW-291HX-1AVDF,Quân,5
casio-dw-291hx-1avdf-nam?utm_flashsale=1,CASIO 50.5 × 50.4 mm Nam DW-291HX-1AVDF,Luân,3
casio-dw-291hx-1avdf-nam?utm_flashsale=1,CASIO 50.5 × 50.4 mm Nam DW-291HX-1AVDF,Anh Cường,5
casio-dw-291hx-1avdf-nam?utm_flashsale=1,CASIO 50.5 × 50.4 mm Nam DW-291HX-1AVDF,Hiệp,4
casio-dw-291hx-1avdf-nam?utm_flashsale=1,CASIO 50.5 × 50.4 mm Nam DW-291HX-1AVDF,Thịnh,4
casio-ae-1500wh-2avdf-nam?utm_flashsale=1,CASIO 51.2 mm Nam AE-1500WH-2AVDF,Anh Đức,5
casio-ae-1500wh-2avdf-nam?utm_flashsale=1,CASIO 51.2 mm Nam AE-1500WH-2AVDF,Hưng,5
q-q-vq94j001y-unisex?utm_flashsale=1,Q&Q 37 mm Unisex VQ94J001Y,Nhung,4
q-q-vq94j001y-unisex?utm_flashsale=1,Q&Q 37 mm Unisex VQ94J001Y,Oanh,5
q-q-vq94j001y-unisex?utm_flashsale=1,Q&Q 37 mm Unisex VQ94J001Y,Chị Hằng,5
casio-ws-1400h-1bvdf-nam?utm_flashsale=1,CASIO 44.5 mm Nam WS-1400H-1BVDF,Phúc,5
casio-ws-1400h-1bvdf-nam?utm_flashsale=1,CASIO 44.5 mm Nam WS-1400H-1BVDF,Phương,5
casio-ws-1400h-1bvdf-nam?utm_flashsale=1,CASIO 44.5 mm Nam WS-1400H-1BVDF,Vân,4
g-shock-ga-700-1adr-den,G-SHOCK 52.5 mm Nam GA-700-1ADR,Quỳnh,5
casio-a168wg-9wdf-vang?utm_flashsale=1,CASIO 35 mm Unisex A168WG-9WDF,Tiên,5
casio-a168wg-9wdf-vang?utm_flashsale=1,CASIO 35 mm Unisex A168WG-9WDF,Uyên,5
casio-a168wg-9wdf-vang?utm_flashsale=1,CASIO 35 mm Unisex A168WG-9WDF,Linh,5
casio-a168wg-9wdf-vang?utm_flashsale=1,CASIO 35 mm Unisex A168WG-9WDF,Nhân,5
casio-a168wg-9wdf-vang?utm_flashsale=1,CASIO 35 mm Unisex A168WG-9WDF,Thanh,4
dong-ho-nam-casio-w-218h-4bvdf?utm_flashsale=1,CASIO 43 mm Nam W-218H-4BVDF,Anh Đức,5
dong-ho-nam-casio-w-218h-4bvdf?utm_flashsale=1,CASIO 43 mm Nam W-218H-4BVDF,Quyên,4
dong-ho-nam-casio-w-218h-4bvdf?utm_flashsale=1,CASIO 43 mm Nam W-218H-4BVDF,Trí,5
casio-a168wer-2adf-unisex?utm_flashsale=1,CASIO 38.6 × 36.3 mm Unisex A168WER-2ADF,An,4
casio-ws-1400h-3avdf-nam?utm_flashsale=1,CASIO 47.2 x 44.5 mm Nam WS-1400H-3AVDF,Hằng,4
casio-ws-1400h-3avdf-nam?utm_flashsale=1,CASIO 47.2 x 44.5 mm Nam WS-1400H-3AVDF,Thắng,4
casio-ws-1400h-3avdf-nam?utm_flashsale=1,CASIO 47.2 x 44.5 mm Nam WS-1400H-3AVDF,Đức,4
casio-ws-1400h-3avdf-nam?utm_flashsale=1,CASIO 47.2 x 44.5 mm Nam WS-1400H-3AVDF,Thắng,5
casio-ltp-1169d-7ardf-bac?utm_flashsale=1,CASIO 21 mm Nữ LTP-1169D-7ARDF,My,4
casio-ltp-1169d-7ardf-bac?utm_flashsale=1,CASIO 21 mm Nữ LTP-1169D-7ARDF,Chị Hạnh,5
casio-mtp-1370d-1a1vdf-nam,CASIO 40 mm Nam MTP-1370D-1A1VDF,Linh,5
casio-mtp-1370d-1a1vdf-nam,CASIO 40 mm Nam MTP-1370D-1A1VDF,Quỳnh,5
casio-mtp-1370d-7a2vdf-nam,CASIO 40 mm Nam MTP-1370D-7A2VDF,Anh Tùng,5
casio-mtp-1370d-7a2vdf-nam,CASIO 40 mm Nam MTP-1370D-7A2VDF,Anh Cường,4
casio-mtp-1370d-7a2vdf-nam,CASIO 40 mm Nam MTP-1370D-7A2VDF,Nghĩa,4
casio-mtp-1370d-7a2vdf-nam,CASIO 40 mm Nam MTP-1370D-7A2VDF,Thịnh,4
casio-mtp-1370l-1avdf-nam,CASIO 39.8 mm Nam MTP-1370L-1AVDF,Nam,3
casio-mtp-1370l-1avdf-nam,CASIO 39.8 mm Nam MTP-1370L-1AVDF,Trung,5
casio-aeq-120w-9avdf-nam,CASIO 52 mm Nam AEQ-120W-9AVDF,Anh Minh,4
casio-aeq-120w-9avdf-nam,CASIO 52 mm Nam AEQ-120W-9AVDF,Sang,4
casio-hda-600b-1bvdf-den?utm_flashsale=1,CASIO 39 mm Nam HDA-600B-1BVDF,Dương,4
casio-hda-600b-1bvdf-den?utm_flashsale=1,CASIO 39 mm Nam HDA-600B-1BVDF,Hiệp,5
casio-hda-600b-1bvdf-den?utm_flashsale=1,CASIO 39 mm Nam HDA-600B-1BVDF,Hưng,4
casio-aeq-120w-2avdf-nam?utm_flashsale=1,CASIO 51 mm Nam AEQ-120W-2AVDF,Anh Hùng,3
casio-aeq-120w-2avdf-nam?utm_flashsale=1,CASIO 51 mm Nam AEQ-120W-2AVDF,Việt,5
casio-aeq-120w-2avdf-nam?utm_flashsale=1,CASIO 51 mm Nam AEQ-120W-2AVDF,Anh Nam,4
casio-w-219h-2avdf-nam?utm_flashsale=1,CASIO 47 mm Nam W-219H-2AVDF,Chị Nhung,4
casio-hdc-700-9avdf-den,Casio HDC-700-9AVDF - Nam,Tiến,4
casio-mtp-vd03d-7audf-nam,CASIO 41 mm Nam MTP-VD03D-7AUDF,Vân,5
casio-aeq-110w-1avdf-den?utm_flashsale=1,CASIO 45.5 mm Nam AEQ-110W-1AVDF,Anh Hưng,5
casio-aeq-110w-1avdf-den?utm_flashsale=1,CASIO 45.5 mm Nam AEQ-110W-1AVDF,Anh Thắng,4
casio-aeq-110w-1avdf-den?utm_flashsale=1,CASIO 45.5 mm Nam AEQ-110W-1AVDF,Phong,3
casio-ltp-vt01gl-4budf-nu?utm_flashsale=1,CASIO 34 mm Nữ LTP-VT01GL-4BUDF,Quyên,4
casio-ltp-vt01l-5budf-nu?utm_flashsale=1,CASIO 34 mm Nữ LTP-VT01L-5BUDF,Hưng,4
casio-ltp-vt01l-5budf-nu?utm_flashsale=1,CASIO 34 mm Nữ LTP-VT01L-5BUDF,Khánh,5
dong-ho-nam-casio-w-215h-2avdf?utm_flashsale=1,CASIO 41 mm Nam W-215H-2AVDF,Bình,1
dong-ho-nam-casio-w-215h-2avdf?utm_flashsale=1,CASIO 41 mm Nam W-215H-2AVDF,Nguyên,4
casio-ws-1600h-1avdf-nam?utm_flashsale=1,CASIO 42.1 mm Nam WS-1600H-1AVDF,Anh Phương,5
casio-ws-1600h-1avdf-nam?utm_flashsale=1,CASIO 42.1 mm Nam WS-1600H-1AVDF,Phúc,4
dong-ho-nam-casio-w-800hg-9avdf?utm_flashsale=1,CASIO 36.8 mm Nam W-800HG-9AVDF,Chị Phương,4
dong-ho-nam-casio-w-800hg-9avdf?utm_flashsale=1,CASIO 36.8 mm Nam W-800HG-9AVDF,Dung,5
dong-ho-nam-casio-w-800hg-9avdf?utm_flashsale=1,CASIO 36.8 mm Nam W-800HG-9AVDF,Vũ,5
dong-ho-nam-casio-w-800hg-9avdf?utm_flashsale=1,CASIO 36.8 mm Nam W-800HG-9AVDF,Long,5
dong-ho-nam-casio-w-800hg-9avdf?utm_flashsale=1,CASIO 36.8 mm Nam W-800HG-9AVDF,Long,1
dong-ho-nam-casio-w-800hg-9avdf?utm_flashsale=1,CASIO 36.8 mm Nam W-800HG-9AVDF,Vinh,5
orient-ra-ag0003s10b-nam-co-tu-dong,ORIENT Bambino 40 mm Nam RA-AG0003S10B,Minh,3
orient-ra-ag0003s10b-nam-co-tu-dong,ORIENT Bambino 40 mm Nam RA-AG0003S10B,Anh Hùng,5
smile-kid-sl021-01-tre-em,SMILE KID 34 mm Trẻ em SL021-01,Thuỷ,4
smile-kid-sl021-01-tre-em,SMILE KID 34 mm Trẻ em SL021-01,Quang,5
smile-kid-sl021-01-tre-em,SMILE KID 34 mm Trẻ em SL021-01,Anh Trung,1
smile-kid-sl021-01-tre-em,SMILE KID 34 mm Trẻ em SL021-01,Hùng,1
smile-kid-sl021-01-tre-em,SMILE KID 34 mm Trẻ em SL021-01,Hương,4
casio-mtp-v004l-7audf-nam?utm_flashsale=1,CASIO 40 mm Nam MTP-V004L-7AUDF,Linh,5
casio-mtp-v004l-7audf-nam?utm_flashsale=1,CASIO 40 mm Nam MTP-V004L-7AUDF,Diễm,5
casio-mtp-v004l-7audf-nam?utm_flashsale=1,CASIO 40 mm Nam MTP-V004L-7AUDF,Quân,5
casio-mtp-v004l-7audf-nam?utm_flashsale=1,CASIO 40 mm Nam MTP-V004L-7AUDF,Chị Trang,5
casio-mtp-1375d-1avdf-nam?utm_flashsale=1,CASIO 42 mm Nam MTP-1375D-1AVDF,Trung,4
smile-kid-sl221l-2-tre-em,SMILE KID 40 mm Trẻ em SL221L-2,Linh,5
smile-kid-sl221l-2-tre-em,SMILE KID 40 mm Trẻ em SL221L-2,Hoa,5
smile-kid-sl221l-2-tre-em,SMILE KID 40 mm Trẻ em SL221L-2,Anh Tâm,5
smile-kid-sl058-02-tre-em,SMILE KID 42 mm Trẻ em SL058-02,Tuyền,4
smile-kid-sl058-02-tre-em,SMILE KID 42 mm Trẻ em SL058-02,Bình,5
smile-kid-sl058-02-tre-em,SMILE KID 42 mm Trẻ em SL058-02,Ngọc,5
smile-kid-sl058-02-tre-em,SMILE KID 42 mm Trẻ em SL058-02,Khánh,5
smile-kid-sl082-01-tre-em,SMILE KID 38 mm Trẻ em SL082-01,Sơn,4
smile-kid-sl082-01-tre-em,SMILE KID 38 mm Trẻ em SL082-01,Mai,4
smile-kid-sl082-01-tre-em,SMILE KID 38 mm Trẻ em SL082-01,Phương,4
smile-kid-sl082-01-tre-em,SMILE KID 38 mm Trẻ em SL082-01,Dung,5
smile-kid-sl082-01-tre-em,SMILE KID 38 mm Trẻ em SL082-01,Chị Linh,5
mvw-mla088-02-nam?utm_flashsale=1,MVW Galaxy 43 mm Nam MLA088-02,Hiếu,4
mvw-mla088-02-nam?utm_flashsale=1,MVW Galaxy 43 mm Nam MLA088-02,Hậu,5
mvw-mla088-02-nam?utm_flashsale=1,MVW Galaxy 43 mm Nam MLA088-02,Hùng,5
casio-ltp-1170a-7ardf-bac?utm_flashsale=1,CASIO 26.1 mm Nữ LTP-1170A-7ARDF,Hoa,4
casio-ltp-1170a-7ardf-bac?utm_flashsale=1,CASIO 26.1 mm Nữ LTP-1170A-7ARDF,Chị Nga,5
casio-mtp-v001l-7budf-nam?utm_flashsale=1,CASIO 38 mm Nam MTP-V001L-7BUDF,Huy,5
casio-mtp-v001l-7budf-nam?utm_flashsale=1,CASIO 38 mm Nam MTP-V001L-7BUDF,Hoàng,4
casio-mtp-v001l-7budf-nam?utm_flashsale=1,CASIO 38 mm Nam MTP-V001L-7BUDF,Quang,5
dong-ho-nam-mvw-ms074-01,MVW 42 mm Nam MS074-01,Anh Thắng,5
dong-ho-nam-mvw-ms074-01,MVW 42 mm Nam MS074-01,Trinh,4
dong-ho-nam-mvw-ms074-01,MVW 42 mm Nam MS074-01,Hạnh,5
dong-ho-nam-mvw-ms074-01,MVW 42 mm Nam MS074-01,Tâm,5
q-q-c24a-009vy-nam?utm_flashsale=1,Q&Q 42.5 mm Nam C24A-009VY,Quỳnh,4
smile-kid-sl221l-1-tre-em,SMILE KID 40 mm Trẻ em SL221L-1,Anh Tâm,3
mvw-mla088-01-nam?utm_flashsale=1,MVW Galaxy 43 mm Nam MLA088-01,Nghĩa,5
casio-ltp-1129a-7brdf-bac?utm_flashsale=1,CASIO 26.2 mm Nữ LTP-1129A-7BRDF,Khanh,3
casio-ltp-1129a-7brdf-bac?utm_flashsale=1,CASIO 26.2 mm Nữ LTP-1129A-7BRDF,Thủy,5
casio-ltp-1129a-7brdf-bac?utm_flashsale=1,CASIO 26.2 mm Nữ LTP-1129A-7BRDF,Hà,5
casio-ltp-v001d-7budf-bac?utm_flashsale=1,CASIO 25.2 mm Nữ LTP-V001D-7BUDF,Trang,5
casio-mtp-1303d-7avdf-nam?utm_flashsale=1,CASIO 40 mm Nam MTP-1303D-7AVDF,Hương,5
casio-mtp-1303d-7avdf-nam?utm_flashsale=1,CASIO 40 mm Nam MTP-1303D-7AVDF,Anh Quang,4
mvw-star-mla005-01n-nam?utm_flashsale=1,MVW Star Automatic 42 mm Nam MLA005-01N,Thuận,3
mvw-mla084-01-s2-nam?utm_flashsale=1,MVW Star Automatic 41 mm Nam MLA084-01-S2,Nhân,4
elio-el086-02-nu,ELIO 28 mm Nữ EL086-02,Phượng,5
smile-kid-sl121-03-tre-em,SMILE KID 29 mm Trẻ em SL121-03,Tuyền,4
smile-kid-sl121-03-tre-em,SMILE KID 29 mm Trẻ em SL121-03,Chị Hương,4
casio-ltp-1129a-7ardf-bac?utm_flashsale=1,CASIO 26 mm Nữ LTP-1129A-7ARDF,Phương,4
casio-ltp-1129a-7ardf-bac?utm_flashsale=1,CASIO 26 mm Nữ LTP-1129A-7ARDF,An,4
casio-ltp-1129a-7ardf-bac?utm_flashsale=1,CASIO 26 mm Nữ LTP-1129A-7ARDF,Uyên,4
elio-el040-01-nu,ELIO Nắng Xuân 28 mm Nữ EL040-01,Chị Hiền,3
elio-el040-01-nu,ELIO Nắng Xuân 28 mm Nữ EL040-01,Diễm,5
elio-el040-01-nu,ELIO Nắng Xuân 28 mm Nữ EL040-01,Vương,5
elio-el040-01-nu,ELIO Nắng Xuân 28 mm Nữ EL040-01,Thảo,4
q-q-a212j004y-unisex,Q&Q 38 mm Unisex A212J004Y,Hà,5
q-q-a212j004y-unisex,Q&Q 38 mm Unisex A212J004Y,Hoàng,1
mvw-ms064-01-nam,MVW 40 mm Nam MS064-01,Vũ,5
mvw-ms064-01-nam,MVW 40 mm Nam MS064-01,Đức,5
mvw-ms064-01-nam,MVW 40 mm Nam MS064-01,Nam,4
mvw-ms064-01-nam,MVW 40 mm Nam MS064-01,Quân,5
casio-ltp-1170g-7ardf-bac?utm_flashsale=1,CASIO 26.1 mm Nữ LTP-1170G-7ARDF,Hương,5
casio-ltp-1170g-7ardf-bac?utm_flashsale=1,CASIO 26.1 mm Nữ LTP-1170G-7ARDF,Nam,5
casio-ltp-1170g-7ardf-bac?utm_flashsale=1,CASIO 26.1 mm Nữ LTP-1170G-7ARDF,Thảo,4
q-q-m154j002y-unisex,Q&Q 39 mm Unisex M154J002Y,Trang,5
q-q-m154j002y-unisex,Q&Q 39 mm Unisex M154J002Y,Linh,5
q-q-m154j002y-unisex,Q&Q 39 mm Unisex M154J002Y,Anh Hưng,4
elio-ec001-02-nu?utm_flashsale=1,ELIO Nàng Thơ 30 mm Nữ EC001-02,Quyên,4
elio-ec001-02-nu?utm_flashsale=1,ELIO Nàng Thơ 30 mm Nữ EC001-02,Anh Tuấn,4
elio-ec001-02-nu?utm_flashsale=1,ELIO Nàng Thơ 30 mm Nữ EC001-02,Phương,4
elio-ec001-02-nu?utm_flashsale=1,ELIO Nàng Thơ 30 mm Nữ EC001-02,Huy,4
casio-mtp-1302d-7a2vdf-nam?utm_flashsale=1,CASIO 38.5 mm Nam MTP-1302D-7A2VDF,Minh,5
casio-mtp-1302d-7a2vdf-nam?utm_flashsale=1,CASIO 38.5 mm Nam MTP-1302D-7A2VDF,Tiến,5
casio-mtp-1302d-7a2vdf-nam?utm_flashsale=1,CASIO 38.5 mm Nam MTP-1302D-7A2VDF,Anh Vinh,1
elio-el008-02-nu,ELIO 34.8 mm Nữ EL008,Yến,5
elio-el008-02-nu,ELIO 34.8 mm Nữ EL008,Huy,5
elio-el008-02-nu,ELIO 34.8 mm Nữ EL008,Khải,5
elio-el008-02-nu,ELIO 34.8 mm Nữ EL008,Huy,4
elio-el008-02-nu,ELIO 34.8 mm Nữ EL008,Thảo,5
mvw-ms073-01-nam,MVW Sport 41 mm Nam MS073-01,Vũ,5
mvw-ms073-01-nam,MVW Sport 41 mm Nam MS073-01,Đức,3
mvw-ms073-01-nam,MVW Sport 41 mm Nam MS073-01,Chị Thảo,5
casio-ltp-v300l-7a2udf-nu,CASIO 33.2 mm Nữ LTP-V300L-7A2UDF,Bình,4
casio-ltp-v300l-7a2udf-nu,CASIO 33.2 mm Nữ LTP-V300L-7A2UDF,Phương,4
casio-ltp-v300l-7a2udf-nu,CASIO 33.2 mm Nữ LTP-V300L-7A2UDF,Nga,4
casio-mtp-1183e-7adf-nam?utm_flashsale=1,CASIO 38 mm Nam MTP-1183E-7ADF,Hùng,1
casio-mtp-1183e-7adf-nam?utm_flashsale=1,CASIO 38 mm Nam MTP-1183E-7ADF,Anh Thắng,4
casio-mtp-1183e-7adf-nam?utm_flashsale=1,CASIO 38 mm Nam MTP-1183E-7ADF,Anh Đức,5
mvw-ml086-01-hv-nam?utm_flashsale=1,MVW Hồn Việt 43 mm Nam ML086-01-HV,Trung,3
casio-ltp-1094q-7ardf-den?utm_flashsale=1,CASIO 23 mm Nữ LTP-1094Q-7ARDF,Giang,4
casio-ltp-1094q-7ardf-den?utm_flashsale=1,CASIO 23 mm Nữ LTP-1094Q-7ARDF,Hằng,5
casio-ltp-1094q-7ardf-den?utm_flashsale=1,CASIO 23 mm Nữ LTP-1094Q-7ARDF,Tuyền,5
casio-ltp-1094q-7ardf-den?utm_flashsale=1,CASIO 23 mm Nữ LTP-1094Q-7ARDF,Anh Hiếu,2
casio-ltp-1094q-7ardf-den?utm_flashsale=1,CASIO 23 mm Nữ LTP-1094Q-7ARDF,Thanh,5
casio-ltp-1094q-7ardf-den?utm_flashsale=1,CASIO 23 mm Nữ LTP-1094Q-7ARDF,Trang,5
casio-ltp-1094q-7ardf-den?utm_flashsale=1,CASIO 23 mm Nữ LTP-1094Q-7ARDF,Dung,5
casio-ltp-v001l-7budf-den?utm_flashsale=1,CASIO 25.1 mm Nữ LTP-V001L-7BUDF,Thịnh,4
casio-ltp-v001l-7budf-den?utm_flashsale=1,CASIO 25.1 mm Nữ LTP-V001L-7BUDF,Chị Mai,5
casio-ltp-v001l-7budf-den?utm_flashsale=1,CASIO 25.1 mm Nữ LTP-V001L-7BUDF,Thuỷ,5
casio-ltp-v001l-7budf-den?utm_flashsale=1,CASIO 25.1 mm Nữ LTP-V001L-7BUDF,Trâm,5
casio-ltp-v001l-7budf-den?utm_flashsale=1,CASIO 25.1 mm Nữ LTP-V001L-7BUDF,Chị Hương,5
casio-ltp-1129g-7ardf-vang?utm_flashsale=1,CASIO 26.2 mm Nữ LTP-1129G-7ARDF,Duy,5
casio-ltp-1129g-7ardf-vang?utm_flashsale=1,CASIO 26.2 mm Nữ LTP-1129G-7ARDF,Anh Lộc,2
casio-mtp-1335d-7avdf-nam?utm_flashsale=1,CASIO 38 mm Nam MTP-1335D-7AVDF,Thắng,5
dong-ho-nam-mvw-ms068-01,MVW 39.5 mm Nam MS068-01,Cường,5
elio-el112-02-nu,ELIO 28 mm Nữ EL112-02,Anh Hải,4
mvw-ml074-01-nam?utm_flashsale=1,MVW Sport 43 mm Nam ML074-01,Tuấn,4
mvw-ml074-01-nam?utm_flashsale=1,MVW Sport 43 mm Nam ML074-01,Khang,5
smile-kid-sl126-02-tre-em,SMILE KID 39 mm Trẻ em SL126-02,Chị Hà,4
casio-w-218hc-4a2vdf-nu?utm_flashsale=1,CASIO 43.2 mm Nữ W-218HC-4A2VDF,Châu,5
casio-w-218hc-4a2vdf-nu?utm_flashsale=1,CASIO 43.2 mm Nữ W-218HC-4A2VDF,Thắng,5
casio-ltp-v004gl-7audf-nau?utm_flashsale=1,CASIO 29.6 mm Nữ LTP-V004GL-7AUDF,Trường,4
casio-ltp-v004gl-7audf-nau?utm_flashsale=1,CASIO 29.6 mm Nữ LTP-V004GL-7AUDF,Vũ,5
q-q-a212j005y-nu,Q&Q 38 mm Nữ A212J005Y,Hùng,5
q-q-a212j005y-nu,Q&Q 38 mm Nữ A212J005Y,Anh Thái,4
dong-ho-nam-mvw-ms068-03,MVW 39.5 mm Nam MS068-03,Anh Thắng,5
elio-es144-01-nu,ELIO 33 mm Nữ ES144-01,Hoàng,4
casio-ltp-1302d-7a2vdf-bac?utm_flashsale=1,CASIO 30 mm Nữ LTP-1302D-7A2VDF,Huyền,5
casio-ltp-1302d-7a2vdf-bac?utm_flashsale=1,CASIO 30 mm Nữ LTP-1302D-7A2VDF,Quân,5
casio-ltp-1302d-7a2vdf-bac?utm_flashsale=1,CASIO 30 mm Nữ LTP-1302D-7A2VDF,Huy,5
casio-ltp-1302d-7a2vdf-bac?utm_flashsale=1,CASIO 30 mm Nữ LTP-1302D-7A2VDF,Quỳnh,5
elio-el004-01-nu,ELIO 32.5 mm Nữ EL004-01,Chị Thuỷ,5
smile-kid-sl215l-8-tre-em,SMILE KID 37 mm Trẻ em SL215L-8,Khoa,4
smile-kid-sl215l-8-tre-em,SMILE KID 37 mm Trẻ em SL215L-8,Chị Hương,4
smile-kid-sl215l-8-tre-em,SMILE KID 37 mm Trẻ em SL215L-8,Tuyền,5
casio-mtp-v004gl-7audf-nam?utm_flashsale=1,CASIO 41.5 mm Nam MTP-V004GL-7AUDF,Hùng,1
casio-mtp-v004gl-7audf-nam?utm_flashsale=1,CASIO 41.5 mm Nam MTP-V004GL-7AUDF,Khải,5
casio-ltp-v006d-4budf-nu?utm_flashsale=1,CASIO 25 mm Nữ LTP-V006D-4BUDF,Tú,5
elio-el022-c2-nu,ELIO 29 mm Nữ EL022-C2,Chị Linh,5
elio-el022-c2-nu,ELIO 29 mm Nữ EL022-C2,Hùng,5
elio-el022-c2-nu,ELIO 29 mm Nữ EL022-C2,Anh Hải,5
elio-el022-c2-nu,ELIO 29 mm Nữ EL022-C2,Khánh,5
elio-el022-c2-nu,ELIO 29 mm Nữ EL022-C2,Anh Duy,5
elio-es100-02-nu,ELIO Xmas 26 mm Nữ ES100-02,Tiên,5
elio-es100-02-nu,ELIO Xmas 26 mm Nữ ES100-02,Phượng,5
elio-es100-02-nu,ELIO Xmas 26 mm Nữ ES100-02,Anh Huy,5
elio-es100-02-nu,ELIO Xmas 26 mm Nữ ES100-02,Chị Hạnh,4
elio-es100-02-nu,ELIO Xmas 26 mm Nữ ES100-02,Thảo,3
smile-kid-sl082-02-tre-em,SMILE KID 38 mm Trẻ em SL082-02,Chị Linh,5
smile-kid-sl082-02-tre-em,SMILE KID 38 mm Trẻ em SL082-02,Hiệp,5
smile-kid-sl082-02-tre-em,SMILE KID 38 mm Trẻ em SL082-02,Trang,4
smile-kid-sl082-02-tre-em,SMILE KID 38 mm Trẻ em SL082-02,Chị Phương,5
smile-kid-sl082-02-tre-em,SMILE KID 38 mm Trẻ em SL082-02,Anh Phương,4
elio-es110-01-nu,ELIO Flower 28 mm Nữ ES110-01,Quang,5
elio-es110-01-nu,ELIO Flower 28 mm Nữ ES110-01,Mai,4
mvw-glory-ml080-02-nam?utm_flashsale=1,MVW Glory 43 mm Nam ML080-02,Đạt,5
mvw-glory-ml080-02-nam?utm_flashsale=1,MVW Glory 43 mm Nam ML080-02,Thắm,5
mvw-ml086-02-hv-nam?utm_flashsale=1,MVW Hồn Việt 43 mm Nam ML086-02-HV,Tuấn,4
casio-a159wa-n1df-bac?utm_flashsale=1,CASIO 33 mm Unisex A159WA-N1DF,Thủy,5
casio-a159wa-n1df-bac?utm_flashsale=1,CASIO 33 mm Unisex A159WA-N1DF,Ngân,5
casio-a159wa-n1df-bac?utm_flashsale=1,CASIO 33 mm Unisex A159WA-N1DF,Linh,5
casio-a159wa-n1df-bac?utm_flashsale=1,CASIO 33 mm Unisex A159WA-N1DF,Minh,4
casio-a159wa-n1df-bac?utm_flashsale=1,CASIO 33 mm Unisex A159WA-N1DF,Chị Ngân,5
casio-a159wa-n1df-bac?utm_flashsale=1,CASIO 33 mm Unisex A159WA-N1DF,Trường,5
elio-ec024-02-nu,ELIO 29 mm Nữ EC024-02,Đăng,5
smile-kid-sl126-03-tre-em,SMILE KID 39 mm Trẻ em SL126-03,Chị Thảo,5
smile-kid-sl126-03-tre-em,SMILE KID 39 mm Trẻ em SL126-03,Ngọc,5
elio-es165-01-nu,ELIO Sunshine 29 mm Nữ ES165-01,Duy,5
dong-ho-casio-ae-1000w-1bvsdf-nam?utm_flashsale=1,CASIO 43.5 mm Nam AE-1000W-1BVDF,Anh Việt,5
dong-ho-casio-ae-1000w-1bvsdf-nam?utm_flashsale=1,CASIO 43.5 mm Nam AE-1000W-1BVDF,Chị Hằng,4
smile-kid-sl034-01-tre-em,SMILE KID 27 mm Trẻ em SL034-01,Thắng,5
smile-kid-sl034-01-tre-em,SMILE KID 27 mm Trẻ em SL034-01,Trí,5
smile-kid-sl034-01-tre-em,SMILE KID 27 mm Trẻ em SL034-01,Thịnh,4
elio-ec002-01-nam?utm_flashsale=1,ELIO 42 mm Nam EC002-01,Kiệt,4
elio-el092-01-nu,ELIO 26 mm Nữ EL092-01,Hồng,3
mvw-ml070-02-nam?utm_flashsale=1,MVW 40 mm Nam ML070-02,Cường,3
elio-el140-01-nu,ELIO 32 mm Nữ EL140-01,Hiền,5
smile-kid-sl131-03-tre-em,SMILE KID 42 mm Trẻ em SL131-03,Chị Hương,4
smile-kid-sl131-03-tre-em,SMILE KID 42 mm Trẻ em SL131-03,Hương,5
smile-kid-sl133-01-tre-em,SMILE KID 41.5 mm Trẻ em SL133-01,Phúc,5
smile-kid-sl133-01-tre-em,SMILE KID 41.5 mm Trẻ em SL133-01,Anh Thắng,3
smile-kid-sl133-01-tre-em,SMILE KID 41.5 mm Trẻ em SL133-01,Tài,5
casio-lwa-300h-7evdf-nu?utm_flashsale=1,CASIO 42 mm Nữ LWA-300H-7EVDF,Vy,5
casio-lwa-300h-7evdf-nu?utm_flashsale=1,CASIO 42 mm Nữ LWA-300H-7EVDF,Trang,3
casio-ltp-v005l-7audf-nu?utm_flashsale=1,CASIO 28.2 mm Nữ LTP-V005L-7AUDF,Oanh,4
q-q-mmw3p101y-nam?utm_flashsale=1,Q&Q 40 mm Nam MMW3P101Y,Thành,1
q-q-mmw3p101y-nam?utm_flashsale=1,Q&Q 40 mm Nam MMW3P101Y,Tuấn Anh,4
elio-el021-01-nu,ELIO 31 mm Nữ EL021-01,Chị Phương,5
smile-kid-sl018-01-tre-em,SMILE KID 30 mm Trẻ em SL018-01,Chị Dung,5
smile-kid-sl024-01,SMILE KID 37 mm Trẻ em SL024-01,Vân,5
smile-kid-sl024-01,SMILE KID 37 mm Trẻ em SL024-01,Chị Hà,5
smile-kid-sl024-01,SMILE KID 37 mm Trẻ em SL024-01,Sang,5
smile-kid-sl024-01,SMILE KID 37 mm Trẻ em SL024-01,Lâm,5
q-q-vs13j003y-nu,Q&Q 32 mm Nữ VS13J003Y,Vương,4
q-q-vs13j003y-nu,Q&Q 32 mm Nữ VS13J003Y,Hân,4
smile-kid-sl215l-9-tre-em,SMILE KID 37 mm Trẻ em SL215L-9,Long,5
smile-kid-sl215l-9-tre-em,SMILE KID 37 mm Trẻ em SL215L-9,Trung,5
elio-el092-02-nu,ELIO 26 mm Nữ EL092-02,Trang,3
elio-el092-02-nu,ELIO 26 mm Nữ EL092-02,Hà,4
smile-kid-sl123-01-tre-em,SMILE KID 29 mm Trẻ em SL123-01,Phương,5
mvw-glory-ms087-02-nam,MVW Glory 43 mm Nam MS087-02,Tuấn,5
mvw-glory-ms087-02-nam,MVW Glory 43 mm Nam MS087-02,Thắng,4
mvw-msa090-02-s1-nam,MVW Star Automatic 43 mm Nam MSA090-02-S1,Đăng,5
mvw-msa090-02-s1-nam,MVW Star Automatic 43 mm Nam MSA090-02-S1,Anh Minh,4
casio-ltp-1303d-4avdf-bac?utm_flashsale=1,CASIO 30 mm Nữ LTP-1303D-4AVDF,Quỳnh,4
casio-ltp-1303d-4avdf-bac?utm_flashsale=1,CASIO 30 mm Nữ LTP-1303D-4AVDF,Anh Cường,5
casio-ltp-1303d-4avdf-bac?utm_flashsale=1,CASIO 30 mm Nữ LTP-1303D-4AVDF,Tâm,5
casio-mtp-v300l-7audf-nam,CASIO 41.5 mm Nam MTP-V300L-7AUDF,Sang,4
casio-mtp-v300l-7audf-nam,CASIO 41.5 mm Nam MTP-V300L-7AUDF,Anh An,4
elio-es015-c2-nu,ELIO 29.5 mm Nữ ES015-C2,Nguyên,5
elio-es024-c2-nu?utm_flashsale=1,ELIO 28 mm Nữ ES024-C2,Thái,5
smile-kid-sl043-01-tre-em,SMILE KID 27 mm Trẻ em SL043-01,Chị Hương,4
smile-kid-sl043-01-tre-em,SMILE KID 27 mm Trẻ em SL043-01,Tuyền,5
smile-kid-sl043-01-tre-em,SMILE KID 27 mm Trẻ em SL043-01,Chị Huyền,5
smile-kid-sl043-01-tre-em,SMILE KID 27 mm Trẻ em SL043-01,Chị Nhi,4
smile-kid-sl043-01-tre-em,SMILE KID 27 mm Trẻ em SL043-01,Dũng,5
smile-kid-sl043-01-tre-em,SMILE KID 27 mm Trẻ em SL043-01,Thắng,5
smile-kid-sl043-01-tre-em,SMILE KID 27 mm Trẻ em SL043-01,Lan,5
elio-es028-01-nu,ELIO 25 mm Nữ ES028-01,Duy,5
elio-es028-01-nu,ELIO 25 mm Nữ ES028-01,Quỳnh,5
elio-el039-01-nu,ELIO Nắng Xuân 29 mm Nữ EL039-01,Nhi,5
elio-el039-01-nu,ELIO Nắng Xuân 29 mm Nữ EL039-01,Chị Ngọc,3
elio-el039-01-nu,ELIO Nắng Xuân 29 mm Nữ EL039-01,Nam,5
elio-el039-01-nu,ELIO Nắng Xuân 29 mm Nữ EL039-01,Quỳnh,5
elio-el039-01-nu,ELIO Nắng Xuân 29 mm Nữ EL039-01,Đức,5
dong-ho-nam-mvw-ms060-01,MVW 40 mm Nam MS060-01,Anh Cường,5
dong-ho-nam-mvw-ms060-01,MVW 40 mm Nam MS060-01,Nam,5
dong-ho-nam-mvw-ms060-01,MVW 40 mm Nam MS060-01,Anh Cường,1
dong-ho-nam-mvw-ms060-01,MVW 40 mm Nam MS060-01,Chị Hiền,3
mvw-ml062-01-nam,MVW Sport 41 mm Nam ML062-01,Hoài,5
mvw-ml062-01-nam,MVW Sport 41 mm Nam ML062-01,Anh Vũ,5
mvw-ml062-01-nam,MVW Sport 41 mm Nam ML062-01,Danh,5
elio-es092-01-nu,ELIO 32 mm Nữ ES092-01,Thuỷ,1
elio-es092-01-nu,ELIO 32 mm Nữ ES092-01,Hiền,4
elio-es100-01-nu,ELIO 26 mm Nữ ES100-01,Hương,1
elio-es100-01-nu,ELIO 26 mm Nữ ES100-01,Ngân,5
elio-es100-01-nu,ELIO 26 mm Nữ ES100-01,Chị Ngân,4
elio-es100-01-nu,ELIO 26 mm Nữ ES100-01,Nhung,5
elio-es100-01-nu,ELIO 26 mm Nữ ES100-01,Chị Nhung,4
elio-ec008-02-nu,ELIO 33 mm Nữ EC008-02,Chị Phượng,5
elio-ec008-02-nu,ELIO 33 mm Nữ EC008-02,Anh Tâm,5
elio-ec008-02-nu,ELIO 33 mm Nữ EC008-02,Sang,3
elio-ec008-02-nu,ELIO 33 mm Nữ EC008-02,Chị Hà,5
elio-el129-02-nu,ELIO Flower 32 mm Nữ EL129-02,Chị Thuỷ,5
mvw-ml085-02-sm-nam,MVW 44 mm Nam ML085-02-SM,Trí,2
smile-kid-sl414-012sk-tre-em,SMILE KID 38 mm Trẻ em SL414-012SK,Trang,1
elio-es026-c2-nu,ELIO 30.5 mm Nữ ES026-C2,Chị Hà,5
elio-el041-01-nu,ELIO Nắng Xuân 28 mm Nữ EL041-01,Hùng,5
smile-kid-sl065-02-tre-em,SMILE KID 50 mm Trẻ em SL065-02,Tùng,5
smile-kid-sl065-02-tre-em,SMILE KID 50 mm Trẻ em SL065-02,Việt,5
smile-kid-sl065-02-tre-em,SMILE KID 50 mm Trẻ em SL065-02,Phương,5
smile-kid-sl065-02-tre-em,SMILE KID 50 mm Trẻ em SL065-02,Anh Dũng,4
elio-el090-01-nu,ELIO 21 mm Nữ EL090-01,Hải,4
elio-el090-01-nu,ELIO 21 mm Nữ EL090-01,Phượng,5
elio-el090-01-nu,ELIO 21 mm Nữ EL090-01,Phong,5
elio-el095-02-nu,ELIO 30 mm Nữ EL095-02,Cường,5
elio-el095-02-nu,ELIO 30 mm Nữ EL095-02,Chị Hạnh,5
elio-el095-02-nu,ELIO 30 mm Nữ EL095-02,Trang,5
casio-mtp-v004d-7b2udf-nam?utm_flashsale=1,CASIO 41.5 mm Nam MTP-V004D-7B2UDF,Hùng,5
elio-el138-03-nu?utm_flashsale=1,ELIO 35 mm Nữ EL138-03,Dương,5
smile-kid-sl133-04-tre-em,SMILE KID 41.5 mm Trẻ em SL133-04,Hạnh,5
smile-kid-sl133-04-tre-em,SMILE KID 41.5 mm Trẻ em SL133-04,Anh Dũng,5
smile-kid-sl133-04-tre-em,SMILE KID 41.5 mm Trẻ em SL133-04,Anh Sơn,4
smile-kid-sl133-04-tre-em,SMILE KID 41.5 mm Trẻ em SL133-04,Anh Đạt,4
elio-es150-04-nu,ELIO Set quà 20.5 mm Nữ ES150-04,Long,5
casio-ltp-1128g-7brdf-vang?utm_flashsale=1,CASIO 27 mm Nữ LTP-1128G-7BRDF,Nhung,2
elio-es064-02-nu,ELIO Nàng Thơ 30 mm Nữ ES064-02,Châu,5
elio-es064-02-nu,ELIO Nàng Thơ 30 mm Nữ ES064-02,Mai,5
elio-es064-02-nu,ELIO Nàng Thơ 30 mm Nữ ES064-02,Chị Huyền,5
elio-es064-02-nu,ELIO Nàng Thơ 30 mm Nữ ES064-02,Chị Hương,4
citizen-bm6838-25x-nam?utm_flashsale=1,CITIZEN 42 mm Nam BM6838-25X,Minh,3
smile-kid-sl070-02-tre-em,SMILE KID 33.5 mm Trẻ em SL070-02,Thanh,1
smile-kid-sl070-02-tre-em,SMILE KID 33.5 mm Trẻ em SL070-02,Tiến,4
smile-kid-sl070-02-tre-em,SMILE KID 33.5 mm Trẻ em SL070-02,Chị Nhi,4
smile-kid-sl070-02-tre-em,SMILE KID 33.5 mm Trẻ em SL070-02,Dung,4
smile-kid-sl381-4-tre-em,SMILE KID 34 mm Trẻ em SL381-4,Quỳnh,5
elio-ec006-02-nu,ELIO 33 mm Nữ EC006-02,Chị Phương,4
elio-ec006-02-nu,ELIO 33 mm Nữ EC006-02,Quỳnh,4
smile-kid-sl095-01-tre-em?utm_flashsale=1,SMILE KID 31 mm Trẻ em SL095-01,Trâm,5
q-q-c09a-002py-nu?utm_flashsale=1,Q&Q 30 mm Nữ C09A-002PY,Mai,5
q-q-c09a-002py-nu?utm_flashsale=1,Q&Q 30 mm Nữ C09A-002PY,Nhựt,5
q-q-q58a-005py-nu?utm_flashsale=1,Q&Q 30 mm Nữ Q58A-005PY,Chị Linh,4
smile-kid-sl129-01-tre-em,SMILE KID 39.5 mm Trẻ em SL129-01,Thủy,5
mvw-msa090-01-s1-nam,MVW Star Automatic 43 mm Nam MSA090-01-S1,Duy,5
mvw-msa090-01-s1-nam,MVW Star Automatic 43 mm Nam MSA090-01-S1,Nhi,5
casio-mq-24-7e2ldf-den?utm_flashsale=1,CASIO 35 mm Nam MQ-24-7E2LDF,Thanh,5
casio-mq-24-7e2ldf-den?utm_flashsale=1,CASIO 35 mm Nam MQ-24-7E2LDF,Lâm,4
casio-mq-24-7e2ldf-den?utm_flashsale=1,CASIO 35 mm Nam MQ-24-7E2LDF,Hậu,5
casio-ltp-1094q-7b4rdf-nau?utm_flashsale=1,CASIO 23 mm Nữ LTP-1094Q-7B4RDF,Thu,5
casio-ltp-1094q-7b4rdf-nau?utm_flashsale=1,CASIO 23 mm Nữ LTP-1094Q-7B4RDF,Huyền,5
casio-ltp-1094q-7b4rdf-nau?utm_flashsale=1,CASIO 23 mm Nữ LTP-1094Q-7B4RDF,Thúy,5
casio-ltp-1094q-7b4rdf-nau?utm_flashsale=1,CASIO 23 mm Nữ LTP-1094Q-7B4RDF,Loan,5
casio-ltp-1094q-7b4rdf-nau?utm_flashsale=1,CASIO 23 mm Nữ LTP-1094Q-7B4RDF,Quang,3
casio-ltp-1275d-1adf-bac?utm_flashsale=1,CASIO 25 mm Nữ LTP-1275D-1ADF,Nga,4
casio-mtp-1303d-1avdf-nam?utm_flashsale=1,CASIO 40 mm Nam MTP-1303D-1AVDF,Nhân,5
casio-mtp-1303d-1avdf-nam?utm_flashsale=1,CASIO 40 mm Nam MTP-1303D-1AVDF,Anh Cường,1
nakzen-sl4043lbk-1-nu?utm_flashsale=1,NAKZEN 28 mm Nữ SL4043LBK-1,Châu,4
nakzen-sl4050lbk-7-nu?utm_flashsale=1,NAKZEN 36.4 mm Nữ SL4050LBK-7,Duy,5
nakzen-sl4050lbk-7-nu?utm_flashsale=1,NAKZEN 36.4 mm Nữ SL4050LBK-7,Chị Hương,5
nakzen-sl4090g-7-nam?utm_flashsale=1,NAKZEN 39 mm Nam SL4090G-7,Vy,5
elio-es035-01-nu,ELIO Xmas 26 mm Nữ ES035-01,Vân,4
elio-es035-01-nu,ELIO Xmas 26 mm Nữ ES035-01,Trang,5
elio-el050-02-nu,ELIO Nắng Xuân 33 mm Nữ EL050-02,Phượng,4
elio-el050-02-nu,ELIO Nắng Xuân 33 mm Nữ EL050-02,Chị Hương,4
dong-ho-nam-mvw-ml057-01,MVW 42 mm Nam ML057-01,Thịnh,4
dong-ho-nam-mvw-ml057-01,MVW 42 mm Nam ML057-01,Sơn,5
dong-ho-nam-mvw-ml057-01,MVW 42 mm Nam ML057-01,Anh Đạt,5
casio-mtp-v005l-1b5udf-nam?utm_flashsale=1,CASIO 40 mm Nam MTP-V005L-1B5UDF,Nhi,5
casio-mtp-v005l-1b5udf-nam?utm_flashsale=1,CASIO 40 mm Nam MTP-V005L-1B5UDF,Khoa,5
elio-el115-01-nu,ELIO 32 mm Nữ EL115-01,Tú,5
elio-es132-04-nu,ELIO 33.5 mm Nữ ES132-04,Chị Hà,4
elio-el130-02-nu,ELIO 32 mm Nữ EL130-02,Phương,5
mvw-star-mla004-02n-nam,MVW Star Automatic 41.5 mm Nam MLA004-02N,Tiến,5
mvw-star-mla004-02n-nam,MVW Star Automatic 41.5 mm Nam MLA004-02N,Anh Nam,5
mvw-star-mla004-02n-nam,MVW Star Automatic 41.5 mm Nam MLA004-02N,Thành,5
mvw-msca002-03-s3-nam,MVW Galaxy 41.5 mm Nam MSCA002-03-S3,Anh Toàn,4
casio-w-800h-2avdf-nam?utm_flashsale=1,CASIO 36.8 mm Nam W-800H-2AVDF,Hậu,5
casio-ltp-v005l-7budf-den?utm_flashsale=1,CASIO 28.4 mm Nữ LTP-V005L-7BUDF,Bình,1
casio-ltp-v005d-2budf-bac,CASIO 28.2 mm Nữ LTP-V005D-2BUDF,Hậu,5
casio-ltp-v005d-2budf-bac,CASIO 28.2 mm Nữ LTP-V005D-2BUDF,Hưng,5
casio-ltp-v005d-2budf-bac,CASIO 28.2 mm Nữ LTP-V005D-2BUDF,Tuấn Anh,5
casio-ltp-v005d-2budf-bac,CASIO 28.2 mm Nữ LTP-V005D-2BUDF,Quyên,5
edifice-casio-efr-526d-7avudf-bac?utm_flashsale=1,EDIFICE CASIO 42 mm Nam EFR-526D-7AVUDF,Hoàng,5
edifice-casio-efr-526d-7avudf-bac?utm_flashsale=1,EDIFICE CASIO 42 mm Nam EFR-526D-7AVUDF,Tài,5
edifice-casio-efr-526d-7avudf-bac?utm_flashsale=1,EDIFICE CASIO 42 mm Nam EFR-526D-7AVUDF,Ngọc,5
casio-ltp-v300l-1audf-nu,CASIO 33.2 mm Nữ LTP-V300L-1AUDF,Ngọc,5
casio-mtp-v004d-1budf-nam?utm_flashsale=1,CASIO 41.5 mm Nam MTP-V004D-1BUDF,Phát,4
casio-mtp-v004d-1budf-nam?utm_flashsale=1,CASIO 41.5 mm Nam MTP-V004D-1BUDF,Hiếu,5
casio-mtp-v004d-1budf-nam?utm_flashsale=1,CASIO 41.5 mm Nam MTP-V004D-1BUDF,Khánh,5
q-q-m153j009y-unisex,Q&Q 39 mm Unisex M153J009Y,An,5
nakzen-ss9010g-7-nam,NAKZEN 38 mm Nam SS9010G-7,Anh,1
elio-el035-01-nu,ELIO Nắng Xuân 32 mm Nữ EL035-01,Diễm,5
elio-el035-01-nu,ELIO Nắng Xuân 32 mm Nữ EL035-01,Vân,5
elio-el035-01-nu,ELIO Nắng Xuân 32 mm Nữ EL035-01,Dung,3
elio-el035-01-nu,ELIO Nắng Xuân 32 mm Nữ EL035-01,Bảo,4
elio-el068-02-nu?utm_flashsale=1,ELIO 33 mm Nữ EL068-02,Phương,5
elio-el068-02-nu?utm_flashsale=1,ELIO 33 mm Nữ EL068-02,Bình,4
elio-el068-02-nu?utm_flashsale=1,ELIO 33 mm Nữ EL068-02,Chị Thuỷ,4
elio-es086-01-nu,ELIO 28 mm Nữ ES086-01,Anh Thanh,5
elio-el086-01-nu,ELIO 28 mm Nữ EL086-01,Hiền,5
elio-el086-01-nu,ELIO 28 mm Nữ EL086-01,Thắng,5
elio-el086-01-nu,ELIO 28 mm Nữ EL086-01,Chị Phương,5
elio-el086-03-nu,ELIO 28 mm Nữ EL086-03,Chị Nhi,4
elio-el086-03-nu,ELIO 28 mm Nữ EL086-03,Huyền,5
elio-el086-03-nu,ELIO 28 mm Nữ EL086-03,Hằng,5
elio-ec013-02-nu,ELIO 28 mm Nữ EC013-02,Ngân,5
elio-es134-01-nu?utm_flashsale=1,ELIO 36 mm Nữ ES134-01,Quân,5
elio-es138-01-nu,ELIO 26 mm Nữ ES138-01,Nhân,4
smile-kid-sl123-02-tre-em,SMILE KID 29 mm Trẻ em SL123-02,Hùng,5
smile-kid-sl133-03-tre-em,SMILE KID 41.5 mm Trẻ em SL133-03,Hải,5
smile-kid-sl133-03-tre-em,SMILE KID 41.5 mm Trẻ em SL133-03,Minh,5
smile-kid-sl133-03-tre-em,SMILE KID 41.5 mm Trẻ em SL133-03,Hoà,5
smile-kid-sl133-03-tre-em,SMILE KID 41.5 mm Trẻ em SL133-03,Nam,4
smile-kid-sl133-03-tre-em,SMILE KID 41.5 mm Trẻ em SL133-03,Loan,4
smile-kid-sl133-03-tre-em,SMILE KID 41.5 mm Trẻ em SL133-03,Chị Phương,4
smile-kid-sl133-03-tre-em,SMILE KID 41.5 mm Trẻ em SL133-03,Bình,5
smile-kid-sl133-03-tre-em,SMILE KID 41.5 mm Trẻ em SL133-03,Linh,4
citizen-bj6541-58p-nam?utm_flashsale=1,CITIZEN 38 mm Nam BJ6541-58P,Tiến,5
mvw-msc003-01-nam,MVW Sport 44 mm Nam MSC003-01,Phong,4
mvw-msc003-01-nam,MVW Sport 44 mm Nam MSC003-01,Anh Thịnh,5
casio-ltp-v005l-1budf-den?utm_flashsale=1,CASIO 28 mm Nữ LTP-V005L-1BUDF,Yến,5
casio-ltp-v005l-1budf-den?utm_flashsale=1,CASIO 28 mm Nữ LTP-V005L-1BUDF,Nhi,5
casio-lrw-200h-2bvdf-trang?utm_flashsale=1,CASIO 33 mm Nữ LRW-200H-2BVDF,Quỳnh,4
casio-lrw-200h-2bvdf-trang?utm_flashsale=1,CASIO 33 mm Nữ LRW-200H-2BVDF,Anh Long,5
casio-mtp-1308d-1avdf-nam?utm_flashsale=1,CASIO 43.5 mm Nam MTP-1308D-1AVDF,Anh Long,5
casio-mtp-1308d-1avdf-nam?utm_flashsale=1,CASIO 43.5 mm Nam MTP-1308D-1AVDF,Chị Phượng,4
casio-mtp-1308d-1avdf-nam?utm_flashsale=1,CASIO 43.5 mm Nam MTP-1308D-1AVDF,Tâm,5
casio-mtp-v006l-7budf-nam?utm_flashsale=1,CASIO 38 mm Nam MTP-V006L-7BUDF,Trường,5
casio-mtp-v006l-7budf-nam?utm_flashsale=1,CASIO 38 mm Nam MTP-V006L-7BUDF,Anh Đức,3
casio-mtp-v006l-7budf-nam?utm_flashsale=1,CASIO 38 mm Nam MTP-V006L-7BUDF,Trung,4
elio-el006-01-nu,ELIO 34.7 mm Nữ EL006-01,Thu,5
elio-el006-01-nu,ELIO 34.7 mm Nữ EL006-01,Yến,5
elio-el006-01-nu,ELIO 34.7 mm Nữ EL006-01,Minh,5
elio-el007-01-nu,ELIO 34.3 mm Nữ EL007-01,Dung,5
elio-el007-01-nu,ELIO 34.3 mm Nữ EL007-01,Thảo,4
elio-el007-01-nu,ELIO 34.3 mm Nữ EL007-01,Thảo,5
q-q-vq86j029y-nu?utm_flashsale=1,Q&Q 34 mm Nữ VQ86J029Y,Hà,4
q-q-vq86j029y-nu?utm_flashsale=1,Q&Q 34 mm Nữ VQ86J029Y,Chị Liên,5
q-q-vq86j029y-nu?utm_flashsale=1,Q&Q 34 mm Nữ VQ86J029Y,Nhựt,4
mww-ml037-01-nam?utm_flashsale=1,MVW 40 mm Nam ML037-01,Anh Sơn,4
mww-ml037-01-nam?utm_flashsale=1,MVW 40 mm Nam ML037-01,Anh Cường,4
mww-ml037-01-nam?utm_flashsale=1,MVW 40 mm Nam ML037-01,Trinh,4
mww-ml037-01-nam?utm_flashsale=1,MVW 40 mm Nam ML037-01,Thảo,3
mww-ml037-01-nam?utm_flashsale=1,MVW 40 mm Nam ML037-01,Toàn,4
mww-ml037-01-nam?utm_flashsale=1,MVW 40 mm Nam ML037-01,Tuấn,4
mww-ml037-01-nam?utm_flashsale=1,MVW 40 mm Nam ML037-01,Chị Hương,5
mww-ml041-01-nam?utm_flashsale=1,MVW 44 mm Nam ML041-01,Anh Quang,3
mww-ml041-01-nam?utm_flashsale=1,MVW 44 mm Nam ML041-01,Anh Hiếu,4
mvw-ml058-01-nam,MVW 40 mm Nam ML058-01,Việt,5
mvw-ml058-01-nam,MVW 40 mm Nam ML058-01,Anh Thành,5
mvw-ml058-01-nam,MVW 40 mm Nam ML058-01,Huy,5
dong-ho-nam-mvw-ml057-02,MVW 42 mm Nam ML057-02,Huyền,5
dong-ho-nam-mvw-ml057-02,MVW 42 mm Nam ML057-02,Nhân,4
dong-ho-nam-mvw-ml060-02?utm_flashsale=1,MVW 40 mm Nam ML060-02,Tú,5
dong-ho-nam-mvw-ml060-02?utm_flashsale=1,MVW 40 mm Nam ML060-02,Hiếu,5
dong-ho-nam-mvw-ml060-02?utm_flashsale=1,MVW 40 mm Nam ML060-02,Sơn,5
dong-ho-nam-mvw-ml060-02?utm_flashsale=1,MVW 40 mm Nam ML060-02,Huy,4
smile-kid-sl382-4-tre-em,SMILE KID 34 mm Trẻ em SL382-4,Đức,4
smile-kid-sl382-4-tre-em,SMILE KID 34 mm Trẻ em SL382-4,Phương,5
smile-kid-sl382-4-tre-em,SMILE KID 34 mm Trẻ em SL382-4,Thu,5
casio-mtp-vt01b-1budf-nam,CASIO 40 mm Nam MTP-VT01B-1BUDF,Hải,5
elio-el111-02-nu,ELIO 29 mm Nữ EL111-02,Hoà,4
mvw-ms076-02-nam?utm_flashsale=1,MVW 40 mm Nam MS076-02,Anh Long,5
mvw-ms076-02-nam?utm_flashsale=1,MVW 40 mm Nam MS076-02,Chị Hiền,4
mvw-ms079-01-nam?utm_flashsale=1,MVW 41 mm Nam MS079-01,Duy,1
mvw-ms079-01-nam?utm_flashsale=1,MVW 41 mm Nam MS079-01,Minh,4
elio-el090-04-nu,ELIO 20.5 x 34 mm Nữ EL090-04,Chị Hằng,5
elio-el090-04-nu,ELIO 20.5 x 34 mm Nữ EL090-04,Diễm,5
elio-el090-04-nu,ELIO 20.5 x 34 mm Nữ EL090-04,Hiền,5
elio-es127-02-nu,ELIO Flower 29.5 mm Nữ ES127-02,Loan,5
elio-es127-02-nu,ELIO Flower 29.5 mm Nữ ES127-02,Hùng,5
nakzen-sl9324gbn-1-nam,NAKZEN 40 mm Nam SL9324GBN-1,Đức,5
elio-el126-01-nu,ELIO 30.5 mm Nữ EL126-01,Phương,4
elio-el126-01-nu,ELIO 30.5 mm Nữ EL126-01,Quỳnh,5
elio-es131-02-nu,ELIO Ngày có em 32 mm Nữ ES131-02,Hằng,4
smile-kid-sl126-01-tre-em,SMILE KID 39 mm Trẻ em SL126-01,Anh Tuấn,4
smile-kid-sl126-01-tre-em,SMILE KID 39 mm Trẻ em SL126-01,Chị Linh,3
mvw-star-msa003-02n-nam,MVW Star Automatic 41 mm Nam MSA003-02N,Quang,5
mvw-star-msa003-02n-nam,MVW Star Automatic 41 mm Nam MSA003-02N,Anh Huy,5
mvw-star-msa003-02n-nam,MVW Star Automatic 41 mm Nam MSA003-02N,Tiên,5
mvw-glory-ml080-01-nam?utm_flashsale=1,MVW Glory 43 mm Nam ML080-01,Trí,4
mvw-glory-ml080-01-nam?utm_flashsale=1,MVW Glory 43 mm Nam ML080-01,Quân,3
mvw-glory-ml080-01-nam?utm_flashsale=1,MVW Glory 43 mm Nam ML080-01,My,3
mvw-glory-ml080-01-nam?utm_flashsale=1,MVW Glory 43 mm Nam ML080-01,Anh Quang,5
mvw-ml078-01-nam?utm_flashsale=1,MVW UT 40 mm Nam ML078-01,Nam,5
casio-w-219h-1avdf-nam?utm_flashsale=1,CASIO 47.1 mm Nam W-219H-1AVDF,Tài,5
casio-lrw-200h-2evdr-den,CASIO 32 mm Nữ LRW-200H-2EVDR,Phương,5
g-shock-ga-400gb-1a4dr-den?utm_flashsale=1,G-SHOCK 49.6 mm Nam GA-400GB-1A4DR,Phương,5
g-shock-ga-400gb-1a4dr-den?utm_flashsale=1,G-SHOCK 49.6 mm Nam GA-400GB-1A4DR,Đức,1
dong-ho-nam-citizen-bi5006-81l-xanh?utm_flashsale=1,CITIZEN 39 mm Nam BI5006-81L,Hằng,1
orient-ra-ag0002s10b-nam-co-tu-dong,ORIENT Bambino 40 mm Nam RA-AG0002S10B,Hiếu,1
casio-ltp-v004l-1audf-nu?utm_flashsale=1,CASIO 30 mm Nữ LTP-V004L-1AUDF,Nga,4
casio-ltp-v004l-1audf-nu?utm_flashsale=1,CASIO 30 mm Nữ LTP-V004L-1AUDF,Hiệp,4
casio-ltp-v004l-1audf-nu?utm_flashsale=1,CASIO 30 mm Nữ LTP-V004L-1AUDF,Trinh,5
casio-ltp-v004l-1audf-nu?utm_flashsale=1,CASIO 30 mm Nữ LTP-V004L-1AUDF,Thắm,5
casio-ltp-v004l-1audf-nu?utm_flashsale=1,CASIO 30 mm Nữ LTP-V004L-1AUDF,Anh Lộc,4
casio-mtp-1335d-2avdf-nam?utm_flashsale=1,CASIO 38 mm Nam MTP-1335D-2AVDF,Mai,5
casio-mtp-1335d-2avdf-nam?utm_flashsale=1,CASIO 38 mm Nam MTP-1335D-2AVDF,Duy,5
casio-mtp-1335d-2avdf-nam?utm_flashsale=1,CASIO 38 mm Nam MTP-1335D-2AVDF,Công,5
casio-mtp-1381l-7avdf-nam,CASIO 40 mm Nam MTP-1381L-7AVDF,Thành,5
casio-mtp-1381l-7avdf-nam,CASIO 40 mm Nam MTP-1381L-7AVDF,Hải,5
casio-ltp-v002gl-7budf-nu?utm_flashsale=1,CASIO 25 mm Nữ LTP-V002GL-7BUDF,Uyên,5
casio-ltp-v002gl-7budf-nu?utm_flashsale=1,CASIO 25 mm Nữ LTP-V002GL-7BUDF,Anh Tuấn,4
casio-ltp-v002gl-7budf-nu?utm_flashsale=1,CASIO 25 mm Nữ LTP-V002GL-7BUDF,Phong,5
casio-ltp-v002gl-7budf-nu?utm_flashsale=1,CASIO 25 mm Nữ LTP-V002GL-7BUDF,Hoài,5
q-q-m123j001y-nam,Q&Q 48 mm Nam M123J001Y,Anh Quang,3
q-q-m123j001y-nam,Q&Q 48 mm Nam M123J001Y,Hải,5
q-q-m123j001y-nam,Q&Q 48 mm Nam M123J001Y,Luân,5
nakzen-sl9006g-7-nam?utm_flashsale=1,NAKZEN 40 mm Nam SL9006G-7,Long,3
nakzen-sl4090gbn-7nr-nam?utm_flashsale=1,NAKZEN 39 mm Nam SL4090GBN-7NR,Linh,4
smile-kid-sl042-01-tre-em,Smile Kid SL042-01 - Trẻ em,Anh Thành,5
elio-el068-01-nam?utm_flashsale=1,ELIO 40 mm Nam EL068-01,Chị Phượng,5
elio-el068-01-nam?utm_flashsale=1,ELIO 40 mm Nam EL068-01,Tân,1
elio-el068-01-nam?utm_flashsale=1,ELIO 40 mm Nam EL068-01,Linh,5
elio-es041-01-nu,ELIO Nàng Thơ 30 mm Nữ ES041-01,Thắm,5
elio-es041-01-nu,ELIO Nàng Thơ 30 mm Nữ ES041-01,Như,5
elio-es041-01-nu,ELIO Nàng Thơ 30 mm Nữ ES041-01,Chị Phương,3
elio-el028-02-nu,ELIO Nắng Xuân 33 mm Nữ EL028-02,Khải,5
elio-el028-02-nu,ELIO Nắng Xuân 33 mm Nữ EL028-02,Quỳnh,5
elio-el028-02-nu,ELIO Nắng Xuân 33 mm Nữ EL028-02,Thủy,4
elio-el028-02-nu,ELIO Nắng Xuân 33 mm Nữ EL028-02,Anh Cường,5
smile-kid-sl055-01,SMILE KID 34 mm Trẻ em SL055-01,Anh,5
smile-kid-sl055-01,SMILE KID 34 mm Trẻ em SL055-01,Phương,5
smile-kid-sl055-01,SMILE KID 34 mm Trẻ em SL055-01,Lan,5
citizen-ak5000-54a-nam,CITIZEN 42 mm Nam AK5000-54A,Lâm,5
mww-ms054-01-nam?utm_flashsale=1,MVW 41 mm Nam MS054-01,Tâm,5
dong-ho-nam-mvw-ms063-02?utm_flashsale=1,MVW 42 mm Nam MS063-02,Khánh,3
dong-ho-nam-mvw-ms063-02?utm_flashsale=1,MVW 42 mm Nam MS063-02,Anh Tuấn,5
dong-ho-nam-mvw-ms063-02?utm_flashsale=1,MVW 42 mm Nam MS063-02,Tiến,4
dong-ho-nam-mvw-ms063-02?utm_flashsale=1,MVW 42 mm Nam MS063-02,Thành,3
mvw-ml058-02-nam,MVW 40 mm Nam ML058-02,Anh Dũng,3
mvw-ml058-02-nam,MVW 40 mm Nam ML058-02,Chị Linh,5
mvw-ml058-02-nam,MVW 40 mm Nam ML058-02,Anh,4
mvw-ml058-02-nam,MVW 40 mm Nam ML058-02,Cường,5
q-q-s279j304y-nu?utm_flashsale=1,Q&Q 30 mm Nữ S279J304Y,Chị Phượng,5
q-q-s279j304y-nu?utm_flashsale=1,Q&Q 30 mm Nữ S279J304Y,Tân,3
smile-kid-sl219l-05-tre-em,SMILE KID 39 mm Trẻ em SL219L-05,Vy,5
smile-kid-sl219l-05-tre-em,SMILE KID 39 mm Trẻ em SL219L-05,Oanh,4
smile-kid-sl381-2-tre-em,SMILE KID 34 mm Trẻ em SL381-2,Hoàng,5
smile-kid-sl381-2-tre-em,SMILE KID 34 mm Trẻ em SL381-2,Chị Liên,3
elio-es113-01-nu,ELIO 33 mm Nữ ES113-01,Anh Nam,5
elio-el095-01-nu,ELIO 30 mm Nữ EL095-01,Chị Phương,4
elio-el095-01-nu,ELIO 30 mm Nữ EL095-01,Chị Dung,5
elio-el095-01-nu,ELIO 30 mm Nữ EL095-01,Đạt,4
elio-el101-01-nu,ELIO 30 mm Nữ EL101-01,Thắm,5
elio-el101-01-nu,ELIO 30 mm Nữ EL101-01,Trang,5
elio-es117-01-nu,ELIO 30 mm Nữ ES117-01,Mạnh,4
elio-es123-02-nu,ELIO 35.5 mm Nữ ES123-02,Thịnh,5
elio-es123-02-nu,ELIO 35.5 mm Nữ ES123-02,Trâm,5
mvw-ml066-01-nam?utm_flashsale=1,MVW Sport 42 mm Nam ML066-01,Chị Thuỷ,4
mvw-ms079-03-nam?utm_flashsale=1,MVW MS079-03 - Nam,Anh An,5
mvw-ms079-03-nam?utm_flashsale=1,MVW MS079-03 - Nam,Ngọc,5
mvw-ms079-03-nam?utm_flashsale=1,MVW MS079-03 - Nam,Chị Thảo,5
nakzen-ss8425lbk-1nr-nu,NAKZEN Hoa & Gió 33.6 mm Nữ SS8425LBK-1NR,Chị Linh,5
nakzen-ss8425lbk-1nr-nu,NAKZEN Hoa & Gió 33.6 mm Nữ SS8425LBK-1NR,Chị Liên,4
nakzen-ss8425lbk-1nr-nu,NAKZEN Hoa & Gió 33.6 mm Nữ SS8425LBK-1NR,Đạt,4
elio-el090-02-nu,ELIO Xmas 20.5 x 34 mm Nữ EL090-02,Nguyên,3
elio-el090-02-nu,ELIO Xmas 20.5 x 34 mm Nữ EL090-02,Hồng,4
elio-el090-03-nu,ELIO 20.5 x 34 mm Nữ EL090-03,Diễm,5
elio-el090-03-nu,ELIO 20.5 x 34 mm Nữ EL090-03,Trang,5
elio-el090-03-nu,ELIO 20.5 x 34 mm Nữ EL090-03,Nga,4
elio-el119-03-nu,ELIO Flower 28 mm Nữ EL119-03,Phúc,5
elio-el120-03-nu,ELIO 25 mm Nữ EL120-03,Chị Hương,4
elio-el120-03-nu,ELIO 25 mm Nữ EL120-03,Oanh,4
elio-el120-03-nu,ELIO 25 mm Nữ EL120-03,Trang,4
elio-el121-01-nu,ELIO Flower 33 mm Nữ EL121-01,Diễm,5
elio-el123-01-nu,ELIO Flower 35 mm Nữ EL123-01,Ngọc,4
mvw-ml073-01-nam?utm_flashsale=1,MVW 40 mm Nam ML073-01,Anh Hưng,4
mvw-ml073-01-nam?utm_flashsale=1,MVW 40 mm Nam ML073-01,Anh,5
elio-el128-01-nu,ELIO Flower 32 mm Nữ EL128-01,Chị Thảo,5
smile-kid-sl122-01-tre-em,SMILE KID 29 mm Trẻ em SL122-01,Chị Hằng,4
smile-kid-sl122-03-tre-em,SMILE KID 29 mm Trẻ em SL122-03,Oanh,5
smile-kid-sl122-03-tre-em,SMILE KID 29 mm Trẻ em SL122-03,Huyền,4
smile-kid-sl130-03-tre-em,SMILE KID 29 mm Trẻ em SL130-03,Hà,5
citizen-nh9130-17a-nam,CITIZEN Sunshine and Luna 40 mm Nam NH9130-17A,Long,5
mvw-msca002-01-s3-nam,MVW Galaxy 43 mm Nam MSCA002-01-S3,Anh Tiến,3
mvw-msca002-01-s3-nam,MVW Galaxy 43 mm Nam MSCA002-01-S3,Tuấn,5
mvw-msca002-01-s3-nam,MVW Galaxy 43 mm Nam MSCA002-01-S3,Hải,5
casio-ltp-1094q-1ardf-den,CASIO 23 mm Nữ LTP-1094Q-1ARDF,Trinh,5
casio-ltp-1094q-1ardf-den,CASIO 23 mm Nữ LTP-1094Q-1ARDF,Chị Ngọc,4
casio-ltp-1094q-7b6rdf-nau?utm_flashsale=1,CASIO 23 mm Nữ LTP-1094Q-7B6RDF,Vinh,1
casio-ltp-1094q-7b6rdf-nau?utm_flashsale=1,CASIO 23 mm Nữ LTP-1094Q-7B6RDF,Thanh,4
casio-ltp-v002l-7b2udf-nau,CASIO 25 mm Nữ LTP-V002L-7B2UDF,Giang,4
casio-ltp-v001d-1budf-bac?utm_flashsale=1,CASIO 25.2 mm Nữ LTP-V001D-1BUDF,Dương,5
casio-lrw-200h-4bvdf-trang,CASIO 32.6 mm Nữ LRW-200H-4BVDF,Hoàng Anh,4
casio-lrw-200h-4bvdf-trang,CASIO 32.6 mm Nữ LRW-200H-4BVDF,Long,5
casio-lrw-200h-7bvdf-trang?utm_flashsale=1,CASIO 33 mm Nữ LRW-200H-7BVDF,Thư,5
casio-lrw-200h-7bvdf-trang?utm_flashsale=1,CASIO 33 mm Nữ LRW-200H-7BVDF,Nhựt,5
casio-lrw-200h-7bvdf-trang?utm_flashsale=1,CASIO 33 mm Nữ LRW-200H-7BVDF,Chị Nhung,4
casio-lrw-200h-7bvdf-trang?utm_flashsale=1,CASIO 33 mm Nữ LRW-200H-7BVDF,Anh Phúc,4
casio-lrw-200h-7bvdf-trang?utm_flashsale=1,CASIO 33 mm Nữ LRW-200H-7BVDF,Anh Thái,5
citizen-bi5072-51e-den?utm_flashsale=1,CITIZEN 40.5 mm Nam BI5072-51E,Nam,4
citizen-bi5072-51e-den?utm_flashsale=1,CITIZEN 40.5 mm Nam BI5072-51E,Tâm,5
citizen-bi5072-51e-den?utm_flashsale=1,CITIZEN 40.5 mm Nam BI5072-51E,Anh Việt,5
citizen-nh8350-59a-trang,CITIZEN 40 mm Nam NH8350-59A,Anh Thanh,5
dong-ho-nam-citizen-bi5000-87e,CITIZEN 39 mm Nam BI5000-87E,Khải,5
dong-ho-nam-citizen-bi5000-87e,CITIZEN 39 mm Nam BI5000-87E,Anh Huy,5
casio-ltp-v004gl-9audf-nu?utm_flashsale=1,CASIO 30.2 mm Nữ LTP-V004GL-9AUDF,Tuấn,4
casio-ltp-v004gl-9audf-nu?utm_flashsale=1,CASIO 30.2 mm Nữ LTP-V004GL-9AUDF,Anh Phong,5
casio-ltp-v004gl-9audf-nu?utm_flashsale=1,CASIO 30.2 mm Nữ LTP-V004GL-9AUDF,Trang,5
casio-ltp-v004gl-9audf-nu?utm_flashsale=1,CASIO 30.2 mm Nữ LTP-V004GL-9AUDF,Hải,4
casio-ltp-v004gl-9audf-nu?utm_flashsale=1,CASIO 30.2 mm Nữ LTP-V004GL-9AUDF,Anh Tiến,5
casio-ltp-v004gl-9audf-nu?utm_flashsale=1,CASIO 30.2 mm Nữ LTP-V004GL-9AUDF,Hậu,5
casio-mtp-1183q-9adf-nam?utm_flashsale=1,CASIO 38 mm Nam MTP-1183Q-9ADF,Trang,5
casio-mtp-1183q-9adf-nam?utm_flashsale=1,CASIO 38 mm Nam MTP-1183Q-9ADF,Hoàng,3
casio-mtp-1183q-9adf-nam?utm_flashsale=1,CASIO 38 mm Nam MTP-1183Q-9ADF,Đức,1
edifice-casio-efv-c100d-1avdf-nam?utm_flashsale=1,EDIFICE CASIO 46.6 mm Nam EFV-C100D-1AVDF,Long,4
edifice-casio-efv-c100d-1avdf-nam?utm_flashsale=1,EDIFICE CASIO 46.6 mm Nam EFV-C100D-1AVDF,Nam,4
edifice-casio-efv-c100d-1avdf-nam?utm_flashsale=1,EDIFICE CASIO 46.6 mm Nam EFV-C100D-1AVDF,Trường,4
nakzen-ss4051g-1-nam?utm_flashsale=1,NAKZEN Hoa & Gió 40.2 mm Nam SS4051G-1,Sang,5
elio-es023-c2-nu,ELIO 29 mm Nữ ES023-C2,Thanh,4
elio-es023-c2-nu,ELIO 29 mm Nữ ES023-C2,Thảo,4
elio-es023-c2-nu,ELIO 29 mm Nữ ES023-C2,Ngọc,5
elio-es023-c2-nu,ELIO 29 mm Nữ ES023-C2,Trung,5
elio-es023-c2-nu,ELIO 29 mm Nữ ES023-C2,Giang,5
elio-es023-c2-nu,ELIO 29 mm Nữ ES023-C2,Trinh,4
elio-es027-c2-nu,ELIO 30 mm Nữ ES027-C2,Chị Linh,5
elio-es027-c2-nu,ELIO 30 mm Nữ ES027-C2,Chị Phương,5
elio-es027-c2-nu,ELIO 30 mm Nữ ES027-C2,Bảo,5
elio-es027-c2-nu,ELIO 30 mm Nữ ES027-C2,Quỳnh,4
elio-es027-c2-nu,ELIO 30 mm Nữ ES027-C2,Việt,5
elio-es027-c2-nu,ELIO 30 mm Nữ ES027-C2,Tuấn,5
smile-kid-sl022-02-tre-em,SMILE KID 28 mm Trẻ em SL022-02,Chị Dung,4
smile-kid-sl022-02-tre-em,SMILE KID 28 mm Trẻ em SL022-02,Chị Hằng,5
smile-kid-sl022-02-tre-em,SMILE KID 28 mm Trẻ em SL022-02,Trung,4
elio-el062-01-nam?utm_flashsale=1,ELIO 40 mm Nam EL062-01,Phong,5
elio-el062-01-nam?utm_flashsale=1,ELIO 40 mm Nam EL062-01,Nam,5
elio-el062-01-nam?utm_flashsale=1,ELIO 40 mm Nam EL062-01,Thảo,5
elio-el062-01-nam?utm_flashsale=1,ELIO 40 mm Nam EL062-01,Tài,4
elio-el062-01-nam?utm_flashsale=1,ELIO 40 mm Nam EL062-01,Anh Tuấn,5
elio-el062-01-nam?utm_flashsale=1,ELIO 40 mm Nam EL062-01,Thịnh,5
elio-el025-01-nu,ELIO Nắng Xuân 32 mm Nữ EL025-01,Thảo,4
elio-el025-01-nu,ELIO Nắng Xuân 32 mm Nữ EL025-01,Minh,5
elio-el025-01-nu,ELIO Nắng Xuân 32 mm Nữ EL025-01,Giang,5
elio-el025-01-nu,ELIO Nắng Xuân 32 mm Nữ EL025-01,Vương,5
elio-el025-01-nu,ELIO Nắng Xuân 32 mm Nữ EL025-01,Tâm,3
elio-el037-01-nu,ELIO Nắng Xuân 28 mm Nữ EL037-01,Duy,5
elio-el037-01-nu,ELIO Nắng Xuân 28 mm Nữ EL037-01,Vy,3
elio-el037-01-nu,ELIO Nắng Xuân 28 mm Nữ EL037-01,Minh,5
elio-es058-01-nu,ELIO Nàng Thơ 28 mm Nữ ES058-01,Chị Hà,4
elio-es058-01-nu,ELIO Nàng Thơ 28 mm Nữ ES058-01,Hậu,4
elio-es058-01-nu,ELIO Nàng Thơ 28 mm Nữ ES058-01,Như,5
mvw-ml036-01-nam?utm_flashsale=1,MVW 43 mm Nam ML036-01,Hoàng Anh,5
mvw-ml036-01-nam?utm_flashsale=1,MVW 43 mm Nam ML036-01,Anh Nam,4
dong-ho-nam-mvw-ms072-01?utm_flashsale=1,MVW Yally 43 mm Nam MS072-01,Trung,3
smile-kid-sl219lm-1-tre-em,SMILE KID 39 mm Trẻ em SL219LM-1,Chị Dung,4
elio-ec012-02-nu,ELIO 30 mm Nữ EC012-02,Huy,5
elio-ec012-02-nu,ELIO 30 mm Nữ EC012-02,Huyền,5
elio-ec012-02-nu,ELIO 30 mm Nữ EC012-02,Chị Ngọc,4
smile-kid-sl094-01-tre-em?utm_flashsale=1,SMILE KID 31 mm Trẻ em SL094-01,Trang,5
smile-kid-sl094-01-tre-em?utm_flashsale=1,SMILE KID 31 mm Trẻ em SL094-01,Phúc,5
smile-kid-sl094-01-tre-em?utm_flashsale=1,SMILE KID 31 mm Trẻ em SL094-01,Vân,5
smile-kid-sl099-01-tre-em,SMILE KID 31 mm Trẻ em SL099-01,Nhi,4
elio-el106-02-nam?utm_flashsale=1,ELIO 43 mm Nam EL106-02,Anh Hùng,5
elio-el091-01-nu,ELIO 30 mm Nữ EL091-01,Anh Duy,5
elio-el091-01-nu,ELIO 30 mm Nữ EL091-01,Khang,5
elio-el097-01-nu,ELIO 30 mm Nữ EL097-01,Phượng,5
elio-el097-01-nu,ELIO 30 mm Nữ EL097-01,Chị Thuỷ,4
elio-el101-02-nu,ELIO 30 mm Nữ EL101-02,Thành,5
elio-el101-02-nu,ELIO 30 mm Nữ EL101-02,Sang,5
elio-el102-01-nu,ELIO 32 mm Nữ EL102-01,Chị Nhi,5
elio-el102-01-nu,ELIO 32 mm Nữ EL102-01,Quang,5
elio-el102-01-nu,ELIO 32 mm Nữ EL102-01,Hằng,4
elio-el105-02-nu,ELIO Flower 35 mm Nữ EL105-02,Duy,5
elio-el105-02-nu,ELIO Flower 35 mm Nữ EL105-02,Chị Hà,4
elio-el105-02-nu,ELIO Flower 35 mm Nữ EL105-02,Phong,5
mvw-ml069-01-nam?utm_flashsale=1,MVW 42 mm Nam ML069-01,Chị Thảo,4
mvw-ml069-01-nam?utm_flashsale=1,MVW 42 mm Nam ML069-01,Nam,5
casio-ltp-1094q-9ardf-nu?utm_flashsale=1,CASIO 23 mm Nữ LTP-1094Q-9ARDF,Chị Nhung,5
casio-ltp-v004l-1budf-nu,CASIO 30.2 mm Nữ LTP-V004L-1BUDF,Quang,5
elio-es129-03-nu,ELIO Flower 28.5 mm Nữ ES129-03,Uyên,5
elio-es129-03-nu,ELIO Flower 28.5 mm Nữ ES129-03,Sang,5
elio-el127-02-nu,ELIO 35.2 mm Nữ EL127-02,Chị Nhi,5
elio-es137-01-nu,ELIO 33 mm Nữ ES137-01,Uyên,3
q-q-c09a-018py-nu?utm_flashsale=1,Q&Q 30 mm Nữ C09A-018PY,Sơn,5
smile-kid-sl127-03-tre-em,SMILE KID 42 mm Trẻ em SL127-03,Chị Ngân,4
q-q-g14a-003vy-nu,Q&Q 41 mm Nữ G14A-003VY,Anh Thái,4
mvw-msa101-02-nam,MVW Galaxy 44.8 mm Nam MSA101-02,Giang,5
casio-ltp-v005gl-7audf-nau?utm_flashsale=1,CASIO 27.8 mm Nữ LTP-V005GL-7AUDF,Chị Mai,5
casio-ltp-1230d-7cdf-bac?utm_flashsale=1,CASIO 23 mm Nữ LTP-1230D-7CDF,Như,5
casio-lrw-200h-1evdf-trang?utm_flashsale=1,CASIO 32 mm Nữ LRW-200H-1EVDF,Hoa,5
casio-lrw-200h-1evdf-trang?utm_flashsale=1,CASIO 32 mm Nữ LRW-200H-1EVDF,Chị Nhung,4
casio-lrw-200h-1evdf-trang?utm_flashsale=1,CASIO 32 mm Nữ LRW-200H-1EVDF,Nhi,4
g-shock-ga-400hr-1adr-den?utm_flashsale=1,G-SHOCK 51.9 mm Nam GA-400HR-1ADR,Anh,4
g-shock-ga-400hr-1adr-den?utm_flashsale=1,G-SHOCK 51.9 mm Nam GA-400HR-1ADR,Thành,5
g-shock-ga-400hr-1adr-den?utm_flashsale=1,G-SHOCK 51.9 mm Nam GA-400HR-1ADR,Hải,5
citizen-au1060-51e?utm_flashsale=1,CITIZEN 40 mm Nam AU1060-51E,Huy,5
citizen-au1060-51e?utm_flashsale=1,CITIZEN 40 mm Nam AU1060-51E,Tuấn,4
citizen-au1060-51e?utm_flashsale=1,CITIZEN 40 mm Nam AU1060-51E,Hưng,5
citizen-au1060-51e?utm_flashsale=1,CITIZEN 40 mm Nam AU1060-51E,Anh Vũ,5
orient-fac00007w0-nam-co-tu-dong?utm_flashsale=1,ORIENT Bambino 40 mm Nam FAC00007W0,Anh Phương,5
orient-fac00007w0-nam-co-tu-dong?utm_flashsale=1,ORIENT Bambino 40 mm Nam FAC00007W0,Anh Minh,5
orient-fac00007w0-nam-co-tu-dong?utm_flashsale=1,ORIENT Bambino 40 mm Nam FAC00007W0,Anh Quang,5
orient-fac00007w0-nam-co-tu-dong?utm_flashsale=1,ORIENT Bambino 40 mm Nam FAC00007W0,Anh Hùng,4
dong-ho-nam-orient-fag02002w0-nam-co-tu-dong,ORIENT 41 mm Nam FAG02002W0,Nam,5
dong-ho-nam-orient-fag02002w0-nam-co-tu-dong,ORIENT 41 mm Nam FAG02002W0,Anh Tùng,5
dong-ho-nam-orient-fag02002w0-nam-co-tu-dong,ORIENT 41 mm Nam FAG02002W0,Thắng,5
casio-ltp-1335d-5avdf-nu?utm_flashsale=1,CASIO 30 mm Nữ LTP-1335D-5AVDF,Thuỷ,5
casio-mtp-1215a-1adf-nam,CASIO 39 mm Nam MTP-1215A-1ADF,Thắng,5
casio-mtp-1384d-1avdf-nam?utm_flashsale=1,CASIO 41 mm Nam MTP-1384D-1AVDF,Anh Trường,5
nakzen-ss4051l-1-nu,NAKZEN 31.2 mm Nữ SS4051L-1,Thuỷ,4
nakzen-ss4051l-1-nu,NAKZEN 31.2 mm Nữ SS4051L-1,Giang,5
elio-el011-01-nu,ELIO 35.7 mm Nữ EL011-01,Hà,5
elio-el011-01-nu,ELIO 35.7 mm Nữ EL011-01,Trung,5
elio-el011-01-nu,ELIO 35.7 mm Nữ EL011-01,Chị Hà,5
elio-el011-01-nu,ELIO 35.7 mm Nữ EL011-01,Chị Yến,5
elio-el011-01-nu,ELIO 35.7 mm Nữ EL011-01,Hiền,5
elio-el012-01-nu,ELIO 33 mm Nữ EL012-01,Trí,5
elio-el012-01-nu,ELIO 33 mm Nữ EL012-01,Thanh,4
q-q-s398j201y-nam,Q&Q 40 mm Nam S398J201Y,Hạnh,5
q-q-s398j201y-nam,Q&Q 40 mm Nam S398J201Y,Thành,3
smile-kid-sl041-01-tre-em,SMILE KID 27 mm Trẻ em SL041-01,Chị Hiền,5
elio-es044-01-nu,ELIO Nàng Thơ 28 mm Nữ ES044-01,Linh,5
elio-es044-01-nu,ELIO Nàng Thơ 28 mm Nữ ES044-01,Nhân,4
elio-el043-01-nu?utm_flashsale=1,ELIO Xmas 32 mm Nữ EL043-01,Trang,4
elio-el043-01-nu?utm_flashsale=1,ELIO Xmas 32 mm Nữ EL043-01,Huy,5
elio-es058-02-nu,ELIO Nàng Thơ 28 mm Nữ ES058-02,Anh Tâm,5
elio-es058-02-nu,ELIO Nàng Thơ 28 mm Nữ ES058-02,Chị Dung,5
elio-el076-02-nu,ELIO 29 mm Nữ EL076-02,Trang,4
smile-kid-sl058-01-tre-em,SMILE KID 40 mm Trẻ em SL058-01,Hiếu,5
smile-kid-sl058-01-tre-em,SMILE KID 40 mm Trẻ em SL058-01,Hương,4
smile-kid-sl058-01-tre-em,SMILE KID 40 mm Trẻ em SL058-01,Mai,5
nakzen-sl4050gd-7-nam,NAKZEN 40 mm Nam SL4050GD-7,Thiện,4
nakzen-sl4050gd-7-nam,NAKZEN 40 mm Nam SL4050GD-7,Thuận,1
q-q-vq86j047y-nu?utm_flashsale=1,Q&Q 34 mm Nữ VQ86J047Y,Chị Nga,4
citizen-bi5092-03e-nam?utm_flashsale=1,CITIZEN 42 mm Nam BI5092-03E,Bình,2
citizen-bi5092-03e-nam?utm_flashsale=1,CITIZEN 42 mm Nam BI5092-03E,Thảo,4
citizen-bi5092-03e-nam?utm_flashsale=1,CITIZEN 42 mm Nam BI5092-03E,Chị Ngân,5
mww-ml038-01-nam?utm_flashsale=1,MVW 42 mm Nam ML038-01,Tiến,5
mww-ml038-01-nam?utm_flashsale=1,MVW 42 mm Nam ML038-01,Linh,5
mww-ml038-01-nam?utm_flashsale=1,MVW 42 mm Nam ML038-01,Nhân,2
mww-ml038-01-nam?utm_flashsale=1,MVW 42 mm Nam ML038-01,Thảo,5
mww-ml038-01-nam?utm_flashsale=1,MVW 42 mm Nam ML038-01,Chị Phượng,5
mvw-ml051-01-nam?utm_flashsale=1,MVW 43 mm Nam ML051-01,Trang,5
mvw-ml051-01-nam?utm_flashsale=1,MVW 43 mm Nam ML051-01,Khanh,1
mvw-ml051-01-nam?utm_flashsale=1,MVW 43 mm Nam ML051-01,Anh Dũng,5
mvw-ml051-01-nam?utm_flashsale=1,MVW 43 mm Nam ML051-01,Chị Ngọc,5
mvw-ml051-01-nam?utm_flashsale=1,MVW 43 mm Nam ML051-01,Hải,5
mvw-ml052-02-nam?utm_flashsale=1,MVW 40 mm Nam ML052-02,Anh Thanh,5
mvw-ml052-02-nam?utm_flashsale=1,MVW 40 mm Nam ML052-02,Đức,1
elio-es084-01-nu,ELIO 28.5 mm Nữ ES084-01,Duy,5
elio-es084-01-nu,ELIO 28.5 mm Nữ ES084-01,Ngọc,5
elio-es084-01-nu,ELIO 28.5 mm Nữ ES084-01,Thảo,4
q-q-s284j101y-nam,Q&Q 40 mm Nam S284J101Y,Sơn,4
q-q-s284j101y-nam,Q&Q 40 mm Nam S284J101Y,Chị Trang,5
q-q-s284j101y-nam,Q&Q 40 mm Nam S284J101Y,Minh,3
q-q-s398j302y-nam,Q&Q 40 mm Nam S398J302Y,Chị Phượng,4
q-q-s398j302y-nam,Q&Q 40 mm Nam S398J302Y,Chị Phượng,5
dong-ho-nam-mvw-ml064-01,MVW Sport 42 mm Nam ML064-01,Lộc,4
dong-ho-nam-mvw-ml064-01,MVW Sport 42 mm Nam ML064-01,Anh Thanh,5
dong-ho-nam-mvw-ml064-01,MVW Sport 42 mm Nam ML064-01,Tuấn,4
smile-kid-sl223l-4-tre-em,SMILE KID 34 mm Trẻ em SL223L-4,Nhân,4
smile-kid-sl223l-4-tre-em,SMILE KID 34 mm Trẻ em SL223L-4,Duy,5
smile-kid-sl223l-4-tre-em,SMILE KID 34 mm Trẻ em SL223L-4,Lâm,5
smile-kid-sl223l-6-tre-em,SMILE KID 34 mm Trẻ em SL223L-6,Anh Tùng,5
smile-kid-sl223l-6-tre-em,SMILE KID 34 mm Trẻ em SL223L-6,Hương,4
elio-ec004-02-nu,ELIO 28 mm Nữ EC004-02,Nhi,5
elio-ec004-02-nu,ELIO 28 mm Nữ EC004-02,Thảo,5
elio-ec004-02-nu,ELIO 28 mm Nữ EC004-02,Nguyên,5
elio-ec004-02-nu,ELIO 28 mm Nữ EC004-02,Hiền,5
elio-ec004-02-nu,ELIO 28 mm Nữ EC004-02,Hồng,4
elio-el109-01-nam?utm_flashsale=1,ELIO 41 mm Nam EL109-01,Phú,4
elio-es118-01-nu,ELIO 34 mm Nữ ES118-01,Trung,5
elio-es118-01-nu,ELIO 34 mm Nữ ES118-01,Thanh,5
elio-es118-01-nu,ELIO 34 mm Nữ ES118-01,Hạnh,5
elio-es118-01-nu,ELIO 34 mm Nữ ES118-01,Minh,5
elio-es119-03-nu,ELIO Flower 32 mm Nữ ES119-03,Hạnh,4
mvw-ml069-03-nam?utm_flashsale=1,MVW 42 mm Nam ML069-03,Khải,5
casio-mtp-v005l-7b5udf-nam?utm_flashsale=1,CASIO 40 mm Nam MTP-V005L-7B5UDF,Anh,5
casio-mtp-v005l-7b5udf-nam?utm_flashsale=1,CASIO 40 mm Nam MTP-V005L-7B5UDF,Mai,5
elio-el118-01-nu?utm_flashsale=1,ELIO 27 mm Nữ EL118-01,Dương,5
elio-es128-01-nu,ELIO Flower 35 mm Nữ ES128-01,Anh Tùng,5
citizen-bm7521-85l-nam,CITIZEN 39 mm Nam BM7521-85L,Luân,4
citizen-ew2591-82d-nu,CITIZEN 29 mm Nữ EW2591-82D,Hoàng,1
mvw-ms083-01-nam,MVW 40 mm Nam MS083-01,Thái,5
mvw-ms083-01-nam,MVW 40 mm Nam MS083-01,Anh Phúc,4
mvw-ms085-02-nam,MVW 43 mm Nam MS085-02,Anh Đức,5
mvw-ms085-02-nam,MVW 43 mm Nam MS085-02,Phương,5
mvw-ms085-02-nam,MVW 43 mm Nam MS085-02,Minh,5
mvw-ms085-02-nam,MVW 43 mm Nam MS085-02,Anh Thái,5
elio-es134-02-nu?utm_flashsale=1,ELIO 36 mm Nữ ES134-02,Thái,4
smile-kid-sl125-01-tre-em,SMILE KID 30 mm Trẻ em SL125-01,Nguyên,5
smile-kid-sl129-02-tre-em,SMILE KID 39.5 mm Trẻ em SL129-02,Chị Phương,4
mvw-star-msa003-01n-nam,MVW Star Automatic 41.5 mm Nam MSA003-01N,Tâm,5
mvw-star-msa003-01n-nam,MVW Star Automatic 41.5 mm Nam MSA003-01N,Trung,4
mvw-star-msa003-01n-nam,MVW Star Automatic 41.5 mm Nam MSA003-01N,Khải,5
mvw-star-msa003-01n-nam,MVW Star Automatic 41.5 mm Nam MSA003-01N,Thiện,5
mvw-star-msa003-01n-nam,MVW Star Automatic 41.5 mm Nam MSA003-01N,Việt,5
mvw-star-mla004-01n,MVW Star Automatic 41 mm Nam MLA004-01N,Chị Trang,2
mvw-star-mla004-01n,MVW Star Automatic 41 mm Nam MLA004-01N,Bình,4
mvw-star-mla004-01n,MVW Star Automatic 41 mm Nam MLA004-01N,Hưng,5
mvw-glory-ms087-01-nam,MVW Glory 43 mm Nam MS087-01,Toàn,5
mvw-msca004-01-nam?utm_flashsale=1,MVW Galaxy 44 mm Nam MSCA004-01,Thái,5
mvw-msca004-01-nam?utm_flashsale=1,MVW Galaxy 44 mm Nam MSCA004-01,Thanh,5
baby-g-ba-110nr-8adr-trang,BABY-G BA-110 43 mm Nữ BA-110NR-8ADR,Linh,5
casio-ltp-v006gl-7budf-nau?utm_flashsale=1,CASIO 25 mm Nữ LTP-V006GL-7BUDF,Phong,5
casio-ltp-1130n-7brdf-vang,CASIO 25.2 mm Nữ LTP-1130N-7BRDF,Anh Tâm,5
casio-ltp-1130n-7brdf-vang,CASIO 25.2 mm Nữ LTP-1130N-7BRDF,Anh Đức,4
casio-ltp-1241d-4adf-bac,CASIO 25 mm Nữ LTP-1241D-4ADF,Châu,5
casio-lq-142e-9adf-den?utm_flashsale=1,CASIO 22.4 mm Nữ LQ-142E-9ADF,Mai,5
casio-lq-142e-9adf-den?utm_flashsale=1,CASIO 22.4 mm Nữ LQ-142E-9ADF,Linh,5
casio-lq-142e-9adf-den?utm_flashsale=1,CASIO 22.4 mm Nữ LQ-142E-9ADF,Chị Yến,4
citizen-eq0593-85p-vang,CITIZEN 26.5 mm Nữ EQ0593-85P,Hải,5
citizen-eu6094-53a-trang,CITIZEN 28 mm Nữ EU6094-53A,Giang,5
citizen-eu6094-53a-trang,CITIZEN 28 mm Nữ EU6094-53A,Chị Huyền,5
citizen-nh8350-08a-trang,CITIZEN Mechanical 42 mm Nam NH8350-08A,Long,4
citizen-nh8350-08a-trang,CITIZEN Mechanical 42 mm Nam NH8350-08A,Đạt,5
citizen-nh8350-08a-trang,CITIZEN Mechanical 42 mm Nam NH8350-08A,Tiến,3
citizen-nh8350-08a-trang,CITIZEN Mechanical 42 mm Nam NH8350-08A,Trung,5
citizen-nh8350-83a-trang,CITIZEN Mechanical 40 mm Nam NH8350-83A,Thảo,4
citizen-nh8350-83a-trang,CITIZEN Mechanical 40 mm Nam NH8350-83A,Quý,4
citizen-nh8350-83a-trang,CITIZEN Mechanical 40 mm Nam NH8350-83A,Trí,5
citizen-nh8365-19f-den?utm_flashsale=1,CITIZEN Mechanical 41.1 mm Nam NH8365-19F,Tuấn,4
citizen-nh8365-19f-den?utm_flashsale=1,CITIZEN Mechanical 41.1 mm Nam NH8365-19F,Hùng,5
citizen-nh8350-83e-den,CITIZEN Mechanical 40 mm Nam NH8350-83E,Tâm,5
citizen-nh8350-83e-den,CITIZEN Mechanical 40 mm Nam NH8350-83E,Anh An,4
citizen-nh8350-83e-den,CITIZEN Mechanical 40 mm Nam NH8350-83E,Việt,4
citizen-nh8350-83e-den,CITIZEN Mechanical 40 mm Nam NH8350-83E,Quang,5
dong-ho-automatic-nam-day-kim-loai-citizen-nh8356-87a,CITIZEN Mechanical 40 mm Nam NH8356-87A,Anh Phương,4
dong-ho-automatic-nam-day-kim-loai-citizen-nh8356-87a,CITIZEN Mechanical 40 mm Nam NH8356-87A,Bình,1
dong-ho-kim-nam-day-kim-loai-citizen-bi5056-58a,CITIZEN 41.8 mm Nam BI5056-58A,Hằng,5
dong-ho-kim-nu-day-kim-loai-citizen-er0205-80x-hon?utm_flashsale=1,CITIZEN 26.5 mm Nữ ER0205-80X,Chị Mai,4
dong-ho-kim-nu-day-kim-loai-citizen-er0205-80x-hon?utm_flashsale=1,CITIZEN 26.5 mm Nữ ER0205-80X,Hiếu,4
dong-ho-kim-nu-day-kim-loai-citizen-er0205-80x-hon?utm_flashsale=1,CITIZEN 26.5 mm Nữ ER0205-80X,Anh Tuấn,5
orient-fgw01001w0-nam,ORIENT 38 mm Nam FGW01001W0,Thành,5
orient-fgw01001w0-nam,ORIENT 38 mm Nam FGW01001W0,Quang,5
orient-fgw01001w0-nam,ORIENT 38 mm Nam FGW01001W0,Khải,4
orient-fgw01003w0-nam,ORIENT 37.9 mm Nam FGW01003W0,Nhi,1
orient-fgw01003w0-nam,ORIENT 37.9 mm Nam FGW01003W0,Cường,5
orient-fgw01003w0-nam,ORIENT 37.9 mm Nam FGW01003W0,Anh,5
orient-tag02005w0-nam-co-tu-dong,ORIENT 41 mm Nam TAG02005W0,Tiến,4
orient-fag00001s0-nam-co-tu-dong,ORIENT Bambino 42.5 mm Nam FAG00001S0,Linh,5
orient-fag00001s0-nam-co-tu-dong,ORIENT Bambino 42.5 mm Nam FAG00001S0,Cường,5
orient-fag00001s0-nam-co-tu-dong,ORIENT Bambino 42.5 mm Nam FAG00001S0,Bình,3
orient-fag00001t0-nam-co-tu-dong,ORIENT Bambino 42.5 mm Nam FAG00001T0,Phượng,3
orient-fag00001t0-nam-co-tu-dong,ORIENT Bambino 42.5 mm Nam FAG00001T0,Dung,3
orient-fag00001t0-nam-co-tu-dong,ORIENT Bambino 42.5 mm Nam FAG00001T0,Tùng,5
orient-ra-ag0001s10b-nam-co-tu-dong,ORIENT Bambino 40 mm Nam RA-AG0001S10B,Hùng,5
dong-ho-nam-orient-fag02003w0-nam-co-tu-dong,ORIENT 41 mm Nam FAG02003W0,Ngân,5
orient-ra-ap0004s10b-nam?utm_flashsale=1,ORIENT Bambino 40.5 mm Nam RA-AP0004S10B,Anh Dũng,3
orient-ra-ap0004s10b-nam?utm_flashsale=1,ORIENT Bambino 40.5 mm Nam RA-AP0004S10B,Công,1
casio-mtp-v006gl-7budf-nam?utm_flashsale=1,CASIO 38 mm Nam MTP-V006GL-7BUDF,Đăng,5
casio-mtp-v006gl-7budf-nam?utm_flashsale=1,CASIO 38 mm Nam MTP-V006GL-7BUDF,Huy,5
casio-mtp-v006gl-7budf-nam?utm_flashsale=1,CASIO 38 mm Nam MTP-V006GL-7BUDF,An,4
casio-mtp-v006gl-7budf-nam?utm_flashsale=1,CASIO 38 mm Nam MTP-V006GL-7BUDF,Anh Hải,4
casio-mtp-v006gl-7budf-nam?utm_flashsale=1,CASIO 38 mm Nam MTP-V006GL-7BUDF,Hiếu,5
nakzen-ss5002g-1-nam,NAKZEN 40 mm Nam SS5002G-1,Luân,4
elio-es008-01-nu,ELIO 33 mm Nữ ES008-01,Tuấn,5
elio-es008-01-nu,ELIO 33 mm Nữ ES008-01,Nhi,5
elio-es008-01-nu,ELIO 33 mm Nữ ES008-01,Tiên,5
elio-es008-01-nu,ELIO 33 mm Nữ ES008-01,Thảo,5
elio-es008-01-nu,ELIO 33 mm Nữ ES008-01,Chị Hiền,5
q-q-s279j312y-nu?utm_flashsale=1,Q&Q 30 mm Nữ S279J312Y,Anh Trường,5
q-q-s279j312y-nu?utm_flashsale=1,Q&Q 30 mm Nữ S279J312Y,Chị Dung,5
q-q-s279j312y-nu?utm_flashsale=1,Q&Q 30 mm Nữ S279J312Y,Trang,5
q-q-s279j312y-nu?utm_flashsale=1,Q&Q 30 mm Nữ S279J312Y,Anh Bình,1
smile-kid-sl022-01-tre-em,SMILE KID Yally 28 mm Trẻ em SL022-01,Anh,5
q-q-s398j212y-nam,Q&Q 40 mm Nam S398J212Y,Thanh,5
q-q-s398j212y-nam,Q&Q 40 mm Nam S398J212Y,Đạt,5
smile-kid-sl044-01-tre-em,SMILE KID 27 mm Trẻ em SL044-01,Thủy,5
elio-es050-01-nu,ELIO Nàng Thơ 30 mm Nữ ES050-01,Khang,1
elio-el052-02-nu,ELIO Nắng Xuân 33 mm Nữ EL052-02,Thảo,5
elio-es061-02-nu,ELIO Nắng Xuân 30 mm Nữ ES061-02,Nhân,5
elio-es061-02-nu,ELIO Nắng Xuân 30 mm Nữ ES061-02,Phương,5
elio-es061-02-nu,ELIO Nắng Xuân 30 mm Nữ ES061-02,Anh Linh,4
elio-es061-02-nu,ELIO Nắng Xuân 30 mm Nữ ES061-02,Vân,5
smile-kid-sl063-02-tre-em,SMILE KID 36 mm Trẻ em SL063-02,Vân,5
smile-kid-sl063-02-tre-em,SMILE KID 36 mm Trẻ em SL063-02,Phương,4
smile-kid-sl063-02-tre-em,SMILE KID 36 mm Trẻ em SL063-02,Chị Trang,5
smile-kid-sl063-02-tre-em,SMILE KID 36 mm Trẻ em SL063-02,Chị Hương,3
smile-kid-sl063-02-tre-em,SMILE KID 36 mm Trẻ em SL063-02,Chị Nga,5
q-q-vq86j039y-nu?utm_flashsale=1,Q&Q 34 mm Nữ VQ86J039Y,Phong,5
smile-kid-sl067-02-tre-em,SMILE KID 42 mm Trẻ em SL067-02,Tiên,5
smile-kid-sl067-02-tre-em,SMILE KID 42 mm Trẻ em SL067-02,Chị Ngân,4
smile-kid-sl067-02-tre-em,SMILE KID 42 mm Trẻ em SL067-02,Diễm,4
smile-kid-sl067-02-tre-em,SMILE KID 42 mm Trẻ em SL067-02,Anh Tú,3
mww-ms056-01-nam?utm_flashsale=1,MVW 43 mm Nam MS056-01,Anh Duy,4
mww-ms056-01-nam?utm_flashsale=1,MVW 43 mm Nam MS056-01,Như,5
mww-ms059-01-nam?utm_flashsale=1,MVW 43 mm Nam MS059-01,Anh Quang,4
mww-ms059-01-nam?utm_flashsale=1,MVW 43 mm Nam MS059-01,Anh Cường,3
mww-ms059-01-nam?utm_flashsale=1,MVW 43 mm Nam MS059-01,Anh Vũ,4
mww-ml040-01-nam?utm_flashsale=1,MVW 44 mm Nam ML040-01,Sang,5
mww-ml040-01-nam?utm_flashsale=1,MVW 44 mm Nam ML040-01,Bình,4
mww-ml043-01-nam?utm_flashsale=1,MVW 43 mm Nam ML043-01,Dương,5
mww-ml043-01-nam?utm_flashsale=1,MVW 43 mm Nam ML043-01,Vương,5
mww-ml043-01-nam?utm_flashsale=1,MVW 43 mm Nam ML043-01,Huy,5
mww-ml044-01-nam?utm_flashsale=1,MVW 44 mm Nam ML044-01,Anh Hiếu,4
citizen-an8190-51a-nam,CITIZEN 42 mm Nam AN8190-51A,Anh Đức,5
dong-ho-mvw-ms065-01,MVW 40 mm Nam MS065-01,Anh Tuấn,5
q-q-s398j301y-nam,Q&Q 40 mm Nam S398J301Y,Duy,5
q-q-s398j301y-nam,Q&Q 40 mm Nam S398J301Y,Tâm,5
q-q-s398j301y-nam,Q&Q 40 mm Nam S398J301Y,Anh Hải,3
q-q-s398j301y-nam,Q&Q 40 mm Nam S398J301Y,Trang,4
q-q-s398j301y-nam,Q&Q 40 mm Nam S398J301Y,Sang,5
q-q-s401j211y-nu?utm_flashsale=1,Q&Q 31 mm Nữ S401J211Y,Dương,5
mvw-ms069-01-nam?utm_flashsale=1,MVW 40 mm Nam MS069-01,Tiên,5
mvw-ms070-01-nam?utm_flashsale=1,MVW 40 mm Nam MS070-01,Tuấn,5
mvw-ms070-01-nam?utm_flashsale=1,MVW 40 mm Nam MS070-01,Hải,3
mvw-ms070-01-nam?utm_flashsale=1,MVW 40 mm Nam MS070-01,Lan,5
dong-ho-nam-mvw-ml054-01?utm_flashsale=1,MVW 40 mm Nam ML054-01,Ngân,5
dong-ho-nam-mvw-ml054-01?utm_flashsale=1,MVW 40 mm Nam ML054-01,Quân,4
dong-ho-nam-mvw-ml054-01?utm_flashsale=1,MVW 40 mm Nam ML054-01,Chị Hiền,4
dong-ho-nam-mvw-ml056-01?utm_flashsale=1,MVW 42 mm Nam ML056-01,Hiệp,4
dong-ho-nam-mvw-ml056-01?utm_flashsale=1,MVW 42 mm Nam ML056-01,Thanh,4
elio-es098-01-nu,ELIO Nàng Thơ 28 mm Nữ ES098-01,Chị Thảo,4
elio-el085-01-nu,ELIO Xmas 21.5 mm Nữ EL085-01,Ngọc,5
elio-el085-01-nu,ELIO Xmas 21.5 mm Nữ EL085-01,Chị Hương,5
elio-el085-01-nu,ELIO Xmas 21.5 mm Nữ EL085-01,Sơn,3
elio-el085-01-nu,ELIO Xmas 21.5 mm Nữ EL085-01,Dung,5
elio-el085-01-nu,ELIO Xmas 21.5 mm Nữ EL085-01,Như,5
smile-kid-sl219lm-3-tre-em,SMILE KID 39 mm Trẻ em SL219LM-3,Nghĩa,2
smile-kid-sl219lm-3-tre-em,SMILE KID 39 mm Trẻ em SL219LM-3,Toàn,4
elio-ec011-02-nu,ELIO 30 mm Nữ EC011-02,Chị Nhi,5
elio-ec011-02-nu,ELIO 30 mm Nữ EC011-02,Hiệp,5
elio-ec011-02-nu,ELIO 30 mm Nữ EC011-02,Ngọc,5
elio-el096-01-nam?utm_flashsale=1,ELIO 42 mm Nam EL096-01,Anh Dũng,3
elio-el096-01-nam?utm_flashsale=1,ELIO 42 mm Nam EL096-01,Hải,5
elio-el096-01-nam?utm_flashsale=1,ELIO 42 mm Nam EL096-01,Anh Đức,5
elio-el096-01-nam?utm_flashsale=1,ELIO 42 mm Nam EL096-01,Quang,5
elio-el100-01-nu,ELIO 33 mm Nữ EL100-01,Hương,5
elio-el100-01-nu,ELIO 33 mm Nữ EL100-01,Hiếu,5
elio-el102-02-nu,ELIO 32 mm Nữ EL102-02,Phú,4
elio-el102-02-nu,ELIO 32 mm Nữ EL102-02,Anh Tâm,4
elio-el102-02-nu,ELIO 32 mm Nữ EL102-02,Hà,4
elio-es118-03-nu,ELIO 34 mm Nữ ES118-03,Yến,4
elio-es118-03-nu,ELIO 34 mm Nữ ES118-03,Ngọc,4
elio-el105-03-nu,ELIO Flower 35 mm Nữ EL105-03,Chị Hà,4
elio-el112-01-nu,ELIO 28 mm Nữ EL112-01,Trinh,5
elio-el112-01-nu,ELIO 28 mm Nữ EL112-01,Anh Thành,5
elio-el114-02-nu,ELIO 32 mm Nữ EL114-02,Nga,5
elio-el114-02-nu,ELIO 32 mm Nữ EL114-02,Chị Thảo,3
mvw-ms078-01-nam?utm_flashsale=1,MVW 39.6 mm Nam MS078-01,Thủy,3
mvw-ms078-01-nam?utm_flashsale=1,MVW 39.6 mm Nam MS078-01,Anh Hiếu,3
mvw-ml069-02-nam?utm_flashsale=1,MVW 42 mm Nam ML069-02,Nhân,5
mvw-ml070-01-nam?utm_flashsale=1,MVW 40 mm Nam ML070-01,Chị Dung,4
nakzen-sl8255lbk-3-nu,NAKZEN 34 mm Nữ SL8255LBK-3,Chị Thảo,5
nakzen-sl8255lbk-3-nu,NAKZEN 34 mm Nữ SL8255LBK-3,Thu,5
nakzen-sl8255lbk-3-nu,NAKZEN 34 mm Nữ SL8255LBK-3,Anh Việt,3
citizen-nj0154-80h-nam,CITIZEN Tsuyosa 40 mm Nam NJ0154-80H,Tuấn,5
mvw-ms085-01-nam,MVW 43 mm Nam MS085-01,Hưng,5
mvw-ms085-01-nam,MVW 43 mm Nam MS085-01,Anh Nam,5
mvw-ms086-02-nam?utm_flashsale=1,MVW 43 mm Nam MS086-02,Chị Hương,5
mvw-ms086-02-nam?utm_flashsale=1,MVW 43 mm Nam MS086-02,Thủy,4
elio-ec015-02-nu,ELIO 35 mm Nữ EC015-02,Nhi,4
elio-el127-01-nu,ELIO 35.2 mm Nữ EL127-01,Luân,5
elio-el124-01-nu,ELIO 28.5 mm Nữ EL124-01,Tài,5
elio-el124-01-nu,ELIO 28.5 mm Nữ EL124-01,Chị Phương,4
elio-ec017-02-nu,ELIO 32 mm Nữ EC017-02,Tiên,5
elio-ec022-01-nam?utm_flashsale=1,ELIO 40 mm Nam EC022-01,Trang,5
eyki-eyc012-01-nam?utm_flashsale=1,EYKI 41 mm Nam EYC012-01,Linh,3
eyki-eys008-01-nu?utm_flashsale=1,EYKI 30 mm Nữ EYS008-01,Hoa,4
eyki-eys008-01-nu?utm_flashsale=1,EYKI 30 mm Nữ EYS008-01,Thái,4
eyki-eys008-01-nu?utm_flashsale=1,EYKI 30 mm Nữ EYS008-01,Trang,5
eyki-eys008-01-nu?utm_flashsale=1,EYKI 30 mm Nữ EYS008-01,Tuấn Anh,5
eyki-eys008-01-nu?utm_flashsale=1,EYKI 30 mm Nữ EYS008-01,Hiếu,5
mvw-ml074-02-nam,MVW Sport 43 mm Nam ML074-02,Chị Linh,5
mvw-ml074-02-nam,MVW Sport 43 mm Nam ML074-02,Anh Hùng,5
mvw-ml074-02-nam,MVW Sport 43 mm Nam ML074-02,Chị Trang,4
mvw-glory-ml079-02-nam?utm_flashsale=1,MVW Glory 43 mm Nam ML079-02,Hiệp,5
mvw-glory-ml079-02-nam?utm_flashsale=1,MVW Glory 43 mm Nam ML079-02,Anh Linh,5
mvw-glory-ml079-02-nam?utm_flashsale=1,MVW Glory 43 mm Nam ML079-02,Hùng,5
mvw-ml083-02-nam?utm_flashsale=1,MVW 43 mm Nam ML083-02,Giang,4
mvw-ml083-02-nam?utm_flashsale=1,MVW 43 mm Nam ML083-02,Loan,3
q-q-a11a-002py-nam,Q&Q 42 mm Nam A11A-002PY,Anh Sơn,5
mvw-mla084-02-s1-nam?utm_flashsale=1,MVW Star Automatic 41 mm Nam MLA084-02-S1,Mai,5
mvw-mla084-02-s1-nam?utm_flashsale=1,MVW Star Automatic 41 mm Nam MLA084-02-S1,Kiệt,4
mvw-mla084-02-s1-nam?utm_flashsale=1,MVW Star Automatic 41 mm Nam MLA084-02-S1,Hoàng,4
mvw-msca002-04-s3-nam?utm_flashsale=1,MVW Galaxy 41.5 mm Nam MSCA002-04-S3,Tâm,5
casio-edifice-efr-571db-1a1vudf-nam,EDIFICE CASIO 47.1 mm Nam EFR-571DB-1A1VUDF,Trung,2
casio-ltp-v002gl-1budf-nau?utm_flashsale=1,CASIO 25 mm Nữ LTP-V002GL-1BUDF,Huyền,5
casio-ltp-v002g-9audf-vang,CASIO 25 mm Nữ LTP-V002G-9AUDF,Đạt,5
casio-lrw-200h-1bvdf-den,CASIO 32.6 mm Nữ LRW-200H-1BVDF,Chị Dung,5
casio-lrw-200h-1bvdf-den,CASIO 32.6 mm Nữ LRW-200H-1BVDF,Hà,3
casio-lrw-200h-4cvdf-trang?utm_flashsale=1,CASIO 32.6 mm Nữ LRW-200H-4CVDF,Linh,4
casio-lrw-200h-4cvdf-trang?utm_flashsale=1,CASIO 32.6 mm Nữ LRW-200H-4CVDF,Chị Hương,4
casio-lrw-200h-4evdr-den?utm_flashsale=1,CASIO 32 mm Nữ LRW-200H-4EVDR,Lan,5
casio-lrw-200h-4evdr-den?utm_flashsale=1,CASIO 32 mm Nữ LRW-200H-4EVDR,Thanh,5
casio-lrw-200h-4evdr-den?utm_flashsale=1,CASIO 32 mm Nữ LRW-200H-4EVDR,Chị Trang,4
casio-lrw-200h-4evdr-den?utm_flashsale=1,CASIO 32 mm Nữ LRW-200H-4EVDR,Sang,4
citizen-ar1133-23a,CITIZEN 39 mm Nam AR1133-23A,Đạt,5
citizen-ar1133-23a,CITIZEN 39 mm Nam AR1133-23A,Nhân,5
citizen-ar1133-23a,CITIZEN 39 mm Nam AR1133-23A,Duy,5
citizen-bf2001-12a-trang?utm_flashsale=1,CITIZEN 41.2 mm Nam BF2001-12A,Thành,5
citizen-bf2001-12a-trang?utm_flashsale=1,CITIZEN 41.2 mm Nam BF2001-12A,Hiếu,1
citizen-bf2001-80e,CITIZEN 41 mm Nam BF2001-80E,Anh Toàn,5
citizen-bi1050-56l-xanh,CITIZEN 40 mm Nam BI1050-56L,Nam,1
citizen-bi1050-56l-xanh,CITIZEN 40 mm Nam BI1050-56L,Giang,4
citizen-bi1050-56l-xanh,CITIZEN 40 mm Nam BI1050-56L,Trinh,4
citizen-nh8350-08e-den,CITIZEN Mechanical 40 mm Nam NH8350-08E,Long,1
citizen-nh8350-08e-den,CITIZEN Mechanical 40 mm Nam NH8350-08E,Long,5
citizen-nh8350-08e-den,CITIZEN Mechanical 40 mm Nam NH8350-08E,Anh Hoàng,3
citizen-nh8350-08e-den,CITIZEN Mechanical 40 mm Nam NH8350-08E,Nhân,4
citizen-nh8350-08e-den,CITIZEN Mechanical 40 mm Nam NH8350-08E,Anh Tiến,4
citizen-nh8350-08e-den,CITIZEN Mechanical 40 mm Nam NH8350-08E,Anh Hoàng,4
citizen-nh8350-83l-xanh,CITIZEN Mechanical 40 mm Nam NH8350-83L,Anh Linh,4
citizen-nh8363-14h-xam,CITIZEN Mechanical 41.3 mm Nam NH8363-14H,Hùng,4
citizen-nh8363-14h-xam,CITIZEN Mechanical 41.3 mm Nam NH8363-14H,Tâm,4
citizen-nh8363-14h-xam,CITIZEN Mechanical 41.3 mm Nam NH8363-14H,Tùng,5
citizen-nh8363-14h-xam,CITIZEN Mechanical 41.3 mm Nam NH8363-14H,Thắng,4
citizen-nj0080-50a-trang,CITIZEN Mechanical 42 mm Nam NJ0080-50A,Bình,4
citizen-nj0080-50a-trang,CITIZEN Mechanical 42 mm Nam NJ0080-50A,Hải,1
citizen-nj0080-50a-trang,CITIZEN Mechanical 42 mm Nam NJ0080-50A,Anh Tùng,5
citizen-nh8350-59l-xanh,CITIZEN Mechanical 40 mm Nam NH8350-59L,Hải,2
citizen-nh8350-59l-xanh,CITIZEN Mechanical 40 mm Nam NH8350-59L,Anh Lộc,5
citizen-nh8350-59l-xanh,CITIZEN Mechanical 40 mm Nam NH8350-59L,Anh Hưng,1
dong-ho-kim-eco-drive-nam-day-da-citizen-ar1113-12?utm_flashsale=1,CITIZEN 39 mm Nam AR1113-12A,Hùng,5
dong-ho-kim-eco-drive-nam-day-da-citizen-ar1113-12?utm_flashsale=1,CITIZEN 39 mm Nam AR1113-12A,Long,2
dong-ho-kim-eco-drive-nam-day-da-citizen-ar1113-12?utm_flashsale=1,CITIZEN 39 mm Nam AR1113-12A,Nguyên,5
dong-ho-kim-eco-drive-nu-day-kim-loai-citizen-em05,CITIZEN 32 mm Nữ EM0503-83X,Linh,4
dong-ho-kim-eco-drive-nu-day-kim-loai-citizen-em05,CITIZEN 32 mm Nữ EM0503-83X,Diễm,5
citizen-fe6088-87a?utm_flashsale=1,CITIZEN 36 mm Nữ FE6088-87A,Chị Hiền,3
citizen-fe6088-87a?utm_flashsale=1,CITIZEN 36 mm Nữ FE6088-87A,Hằng,5
dong-ho-kim-nu-day-kim-loai-citizen-be9174-55l-xan,CITIZEN 39 mm Nam BE9174-55L,Lộc,2
orient-fgw01005b0-nam?utm_flashsale=1,ORIENT 38 mm Nam FGW01005B0,Nhân,5
orient-fgw01005b0-nam?utm_flashsale=1,ORIENT 38 mm Nam FGW01005B0,Ngân,4
orient-fac00003w0-nam-co-tu-dong?utm_flashsale=1,ORIENT Bambino 40.8 mm Nam FAC00003W0,Anh Nam,3
orient-fag00003w0-nam-co-tu-dong,ORIENT Bambino 42.5 mm Nam FAG00003W0,Vinh,5
orient-fag00003w0-nam-co-tu-dong,ORIENT Bambino 42.5 mm Nam FAG00003W0,Ngọc,2
orient-ra-ap0002s10b-nam-co-tu-dong?utm_flashsale=1,ORIENT Bambino 40 mm Nam RA-AP0002S10B,Hùng,5
orient-ra-ap0002s10b-nam-co-tu-dong?utm_flashsale=1,ORIENT Bambino 40 mm Nam RA-AP0002S10B,Anh Huy,5
orient-ra-ap0002s10b-nam-co-tu-dong?utm_flashsale=1,ORIENT Bambino 40 mm Nam RA-AP0002S10B,Đăng,5
orient-ra-ap0002s10b-nam-co-tu-dong?utm_flashsale=1,ORIENT Bambino 40 mm Nam RA-AP0002S10B,Tuấn,4
orient-ra-ap0002s10b-nam-co-tu-dong?utm_flashsale=1,ORIENT Bambino 40 mm Nam RA-AP0002S10B,Hiếu,5
orient-ra-ap0002s10b-nam-co-tu-dong?utm_flashsale=1,ORIENT Bambino 40 mm Nam RA-AP0002S10B,Tuấn,5
orient-fag00002w0-nam-co-tu-dong,ORIENT Bambino 43 mm Nam FAG00002W0,Anh Hưng,5
orient-fag00002w0-nam-co-tu-dong,ORIENT Bambino 43 mm Nam FAG00002W0,Trung,5
orient-fag03001d0-nam-co-tu-dong,ORIENT 38.3 mm Nam FAG03001D0,Thư,4
citizen-be9182-06e-nam?utm_flashsale=1,CITIZEN 42 mm Nam BE9182-06E,Hiếu,5
dong-ho-nam-orient-ra-ag0027y10b?utm_flashsale=1,ORIENT Bambino 40.5 mm Nam RA-AG0027Y10B,Nhựt,3
dong-ho-nam-orient-ra-ag0027y10b?utm_flashsale=1,ORIENT Bambino 40.5 mm Nam RA-AG0027Y10B,Nhân,5
festina-f20357-3-nam,FESTINA 41 mm Nam F20357/3,Trung,5
citizen-bi5055-51e-nam,CITIZEN 42.5 mm Nam BI5055-51E,Anh Hoàng,5
citizen-bi5055-51e-nam,CITIZEN 42.5 mm Nam BI5055-51E,Duyên,5
citizen-bi5055-51e-nam,CITIZEN 42.5 mm Nam BI5055-51E,Anh Phúc,5
citizen-em0401-59e-nu?utm_flashsale=1,CITIZEN 27.7 mm Nữ EM0401-59E,Thắm,3
citizen-em0401-59e-nu?utm_flashsale=1,CITIZEN 27.7 mm Nữ EM0401-59E,Long,2
orient-ra-ag0028l10b-nam?utm_flashsale=1,ORIENT Bambino 40.5 mm Nam RA-AG0028L10B,Cường,3
orient-ra-ag0028l10b-nam?utm_flashsale=1,ORIENT Bambino 40.5 mm Nam RA-AG0028L10B,Anh Trung,4
casio-ltp-v006l-7budf-nu?utm_flashsale=1,CASIO 25 mm Nữ LTP-V006L-7BUDF,Hiệp,5
casio-mtp-1314l-7avdf-nam?utm_flashsale=1,CASIO 45 mm Nam MTP-1314L-7AVDF,Hiếu,5
casio-mtp-1314l-7avdf-nam?utm_flashsale=1,CASIO 45 mm Nam MTP-1314L-7AVDF,Tuấn,4
elio-el005-01-nu,ELIO 35.2 mm Nữ EL005-01,Phượng,4
elio-el005-01-nu,ELIO 35.2 mm Nữ EL005-01,Anh Việt,5
q-q-s392j202y-nam,Q&Q 40 mm Nam S392J202Y,Chị Hà,4
q-q-s392j202y-nam,Q&Q 40 mm Nam S392J202Y,Đức,4
q-q-s396j212y-nam,Q&Q 40 mm Nam S396J212Y,Anh Hưng,4
q-q-s396j212y-nam,Q&Q 40 mm Nam S396J212Y,Thanh,4
q-q-s396j212y-nam,Q&Q 40 mm Nam S396J212Y,Anh Thành,4
q-q-s396j212y-nam,Q&Q 40 mm Nam S396J212Y,Tiến,5
q-q-s396j212y-nam,Q&Q 40 mm Nam S396J212Y,Trung,4
q-q-s398j001y-nam?utm_flashsale=1,Q&Q 40 mm Nam S398J001Y,Anh Hùng,5
nakzen-ss9001lre-7no-nu,NAKZEN Hoa & Gió 32 mm Nữ SS9001LRE-7NO,Hương,5
nakzen-ss4073g-7-nam,NAKZEN 40 mm Nam SS4073G-7,Chị Thảo,4
nakzen-ss4073g-7-nam,NAKZEN 40 mm Nam SS4073G-7,Quân,4
nakzen-ss4073g-7-nam,NAKZEN 40 mm Nam SS4073G-7,Anh Thái,5
nakzen-ss4073g-7-nam,NAKZEN 40 mm Nam SS4073G-7,Trung,4
nakzen-ss4073g-7-nam,NAKZEN 40 mm Nam SS4073G-7,Khanh,5
nakzen-sl4072gbn-7nr-nam,NAKZEN 38 mm Nam SL4072GBN-7NR,Hiếu,5
nakzen-sl4072gbn-7nr-nam,NAKZEN 38 mm Nam SL4072GBN-7NR,Anh Hải,5
nakzen-sl4072gbn-7nr-nam,NAKZEN 38 mm Nam SL4072GBN-7NR,Chị Trang,4
q-q-s397j202y-nu,Q&Q 31 mm Nữ S397J202Y,Trang,4
q-q-s399j031y-nu,Q&Q 30 mm Nữ S399J031Y,Linh,4
q-q-s399j031y-nu,Q&Q 30 mm Nữ S399J031Y,Hồng,4
q-q-s399j212y-nu,Q&Q 30 mm Nữ S399J212Y,Anh Thành,4
g-shock-ga-140gb-1a2dr-nam?utm_flashsale=1,G-SHOCK 51.2 mm Nam GA-140GB-1A2DR,Trang,5
elio-es060-01-nam?utm_flashsale=1,ELIO 40 mm Nam ES060-01,Chị Hằng,4
elio-es060-01-nam?utm_flashsale=1,ELIO 40 mm Nam ES060-01,Anh Tuấn,4
elio-es060-01-nam?utm_flashsale=1,ELIO 40 mm Nam ES060-01,Thái,5
elio-es060-01-nam?utm_flashsale=1,ELIO 40 mm Nam ES060-01,Tuấn Anh,5
elio-es060-01-nam?utm_flashsale=1,ELIO 40 mm Nam ES060-01,Anh Hải,3
elio-es060-01-nam?utm_flashsale=1,ELIO 40 mm Nam ES060-01,Thành,2
elio-es060-01-nam?utm_flashsale=1,ELIO 40 mm Nam ES060-01,Duy,5
elio-es060-01-nam?utm_flashsale=1,ELIO 40 mm Nam ES060-01,Dung,2
elio-es060-01-nam?utm_flashsale=1,ELIO 40 mm Nam ES060-01,Phúc,4
elio-el060-01-nam,ELIO 39 mm Nam EL060-01,Duy,5
elio-el060-01-nam,ELIO 39 mm Nam EL060-01,Nam,5
elio-el060-01-nam,ELIO 39 mm Nam EL060-01,Thư,5
elio-el076-01-nam?utm_flashsale=1,ELIO 39 mm Nam EL076-01,Anh Tuấn,5
elio-el076-01-nam?utm_flashsale=1,ELIO 39 mm Nam EL076-01,Thuận,5
elio-el076-01-nam?utm_flashsale=1,ELIO 39 mm Nam EL076-01,Đức,3
elio-es054-01-nu?utm_flashsale=1,ELIO Nàng Thơ 30 mm Nữ ES054-01,Trâm,5
elio-el061-02-nu?utm_flashsale=1,ELIO 29 mm Nữ EL061-02,Hằng,4
elio-el061-02-nu?utm_flashsale=1,ELIO 29 mm Nữ EL061-02,Thúy,5
elio-es059-02-nu,ELIO Nàng Thơ 27 mm Nữ ES059-02,Mai,3
elio-es059-02-nu,ELIO Nàng Thơ 27 mm Nữ ES059-02,Yến,5
elio-es059-02-nu,ELIO Nàng Thơ 27 mm Nữ ES059-02,Dung,5
orient-ra-as0101s10b-nam,ORIENT Sun & Moon 41.5 mm Nam RA-AS0101S10B,Anh Minh,5
smile-kid-sl059-01-tre-em,SMILE KID 40 mm Trẻ em SL059-01,Hùng,4
smile-kid-sl059-01-tre-em,SMILE KID 40 mm Trẻ em SL059-01,Nga,4
smile-kid-sl059-01-tre-em,SMILE KID 40 mm Trẻ em SL059-01,Vinh,4
smile-kid-sl059-01-tre-em,SMILE KID 40 mm Trẻ em SL059-01,Chị Trang,4
citizen-nh8393-05a-nam,CITIZEN C7 40 mm Nam NH8393-05A,Hoài,5
citizen-nh8393-05a-nam,CITIZEN C7 40 mm Nam NH8393-05A,Đạt,5
citizen-nh8393-05a-nam,CITIZEN C7 40 mm Nam NH8393-05A,Anh Bình,1
citizen-nh8393-05a-nam,CITIZEN C7 40 mm Nam NH8393-05A,Anh Thắng,5
citizen-nh8393-05a-nam,CITIZEN C7 40 mm Nam NH8393-05A,Sang,4
smile-kid-sl065-01-tre-em,SMILE KID 50 mm Trẻ em SL065-01,Anh Duy,5
smile-kid-sl065-01-tre-em,SMILE KID 50 mm Trẻ em SL065-01,Linh,4
smile-kid-sl065-01-tre-em,SMILE KID 50 mm Trẻ em SL065-01,Thắng,4
smile-kid-sl065-01-tre-em,SMILE KID 50 mm Trẻ em SL065-01,Khoa,5
smile-kid-sl065-01-tre-em,SMILE KID 50 mm Trẻ em SL065-01,Nghĩa,5
smile-kid-sl065-01-tre-em,SMILE KID 50 mm Trẻ em SL065-01,Nguyên,5
citizen-bh5000-59a-nam,CITIZEN 41 mm Nam BH5000-59A,Anh Đức,5
citizen-bi5093-01l-nam,CITIZEN 42 mm Nam BI5093-01L,Anh Hùng,4
mww-ml035-01-nam?utm_flashsale=1,MVW 40 mm Nam ML035-01,Luân,5
mww-ml035-01-nam?utm_flashsale=1,MVW 40 mm Nam ML035-01,Công,4
mww-ml035-01-nam?utm_flashsale=1,MVW 40 mm Nam ML035-01,Ngọc,4
mww-ml035-01-nam?utm_flashsale=1,MVW 40 mm Nam ML035-01,Long,5
mww-ml035-01-nam?utm_flashsale=1,MVW 40 mm Nam ML035-01,Toàn,4
mww-ml035-01-nam?utm_flashsale=1,MVW 40 mm Nam ML035-01,Phúc,5
mww-ml035-01-nam?utm_flashsale=1,MVW 40 mm Nam ML035-01,Trí,2
mww-ms052-01-nam?utm_flashsale=1,MVW 44 mm Nam MS052-01,Chị Hằng,5
mww-ml039-01-nam?utm_flashsale=1,MVW 43 mm Nam ML039-01,Tâm,5
mww-ml039-01-nam?utm_flashsale=1,MVW 43 mm Nam ML039-01,Dung,4
mww-ml039-01-nam?utm_flashsale=1,MVW 43 mm Nam ML039-01,Anh Quang,5
mww-ml039-01-nam?utm_flashsale=1,MVW 43 mm Nam ML039-01,Hoàng Anh,5
mww-ml046-01-nam?utm_flashsale=1,MVW 42 mm Nam ML046-01,Khôi,5
mww-ml046-01-nam?utm_flashsale=1,MVW 42 mm Nam ML046-01,Thanh,5
mww-ml046-01-nam?utm_flashsale=1,MVW 42 mm Nam ML046-01,Trang,5
mww-ml046-01-nam?utm_flashsale=1,MVW 42 mm Nam ML046-01,Anh Minh,5
mvw-ms061-01-nam?utm_flashsale=1,MVW 42 mm Nam MS061-01,Anh Minh,4
mvw-ms061-01-nam?utm_flashsale=1,MVW 42 mm Nam MS061-01,Anh Trung,5
mvw-ms061-01-nam?utm_flashsale=1,MVW 42 mm Nam MS061-01,Khoa,5
mvw-ms061-01-nam?utm_flashsale=1,MVW 42 mm Nam MS061-01,Quang,5
mvw-ms061-01-nam?utm_flashsale=1,MVW 42 mm Nam MS061-01,Hiền,5
mvw-ml051-02-nam?utm_flashsale=1,MVW 43 mm Nam ML051-02,Thắng,1
mvw-ml051-02-nam?utm_flashsale=1,MVW 43 mm Nam ML051-02,Chị Yến,5
mvw-ml052-01-nam?utm_flashsale=1,MVW 40 mm Nam ML052-01,Nghĩa,2
mvw-ml052-01-nam?utm_flashsale=1,MVW 40 mm Nam ML052-01,Hiếu,5
mvw-ml052-01-nam?utm_flashsale=1,MVW 40 mm Nam ML052-01,Anh Tuấn,5
mvw-ml052-01-nam?utm_flashsale=1,MVW 40 mm Nam ML052-01,Nhung,5
mvw-ml052-01-nam?utm_flashsale=1,MVW 40 mm Nam ML052-01,Anh Dũng,5
mvw-ms066-01-nam?utm_flashsale=1,MVW 41 mm Nam MS066-01,Mạnh,5
mvw-ms066-01-nam?utm_flashsale=1,MVW 41 mm Nam MS066-01,Phong,5
mvw-ms066-01-nam?utm_flashsale=1,MVW 41 mm Nam MS066-01,Anh Nam,4
mvw-ms066-01-nam?utm_flashsale=1,MVW 41 mm Nam MS066-01,Nam,5
mvw-ms066-01-nam?utm_flashsale=1,MVW 41 mm Nam MS066-01,Anh Dũng,5
mvw-ms066-01-nam?utm_flashsale=1,MVW 41 mm Nam MS066-01,Trinh,5
citizen-bm7460-88e-nam,CITIZEN 40 mm Nam BM7460-88E,Chiến,5
citizen-bm7460-88h-nam,CITIZEN 40 mm Nam BM7460-88H,Phương,5
dong-ho-nam-mvw-ml048-01,MVW 42 mm Nam ML048-01,Thanh,4
dong-ho-nam-mvw-ml048-01,MVW 42 mm Nam ML048-01,Anh Tùng,5
dong-ho-nam-mvw-ml048-01,MVW 42 mm Nam ML048-01,Anh Vinh,3
dong-ho-nam-mvw-ml048-01,MVW 42 mm Nam ML048-01,Hải,5
dong-ho-nam-mvw-ml048-01,MVW 42 mm Nam ML048-01,Nguyên,5
elio-es076-01-nu,ELIO 23 mm Nữ ES076-01,Dương,4
elio-es076-01-nu,ELIO 23 mm Nữ ES076-01,Vinh,3
elio-es076-01-nu,ELIO 23 mm Nữ ES076-01,Vũ,5
elio-es076-01-nu,ELIO 23 mm Nữ ES076-01,An,3
elio-es076-01-nu,ELIO 23 mm Nữ ES076-01,Chị Thuỷ,4
elio-es087-02-nu,ELIO Xmas 32 mm Nữ ES087-02,Phượng,5
elio-el083-02-nu,ELIO Xmas 36 mm Nữ EL083-02,Thu,5
elio-el083-02-nu,ELIO Xmas 36 mm Nữ EL083-02,Vy,5
elio-el083-02-nu,ELIO Xmas 36 mm Nữ EL083-02,Ngọc,3
q-q-s284j301y-nam,Q&Q 40 mm Nam S284J301Y,Anh,5
q-q-s284j301y-nam,Q&Q 40 mm Nam S284J301Y,Anh Cường,5
q-q-s284j301y-nam,Q&Q 40 mm Nam S284J301Y,Thuận,5
q-q-s284j301y-nam,Q&Q 40 mm Nam S284J301Y,Anh An,4
mvw-ms067-01-nam?utm_flashsale=1,MVW 40 mm Nam MS067-01,Anh Hiếu,4
mvw-ms067-01-nam?utm_flashsale=1,MVW 40 mm Nam MS067-01,Phong,5
mvw-ms067-01-nam?utm_flashsale=1,MVW 40 mm Nam MS067-01,Phương,5
mvw-ms070-02-nam?utm_flashsale=1,MVW 40 mm Nam MS070-02,Tâm,5
mvw-ms070-02-nam?utm_flashsale=1,MVW 40 mm Nam MS070-02,Bình,5
dong-ho-nam-mvw-ml060-01?utm_flashsale=1,MVW 40 mm Nam ML060-01,Vũ,5
dong-ho-nam-mvw-ms071-01?utm_flashsale=1,MVW 40 mm Nam MS071-01,Đạt,4
dong-ho-nam-mvw-ms071-01?utm_flashsale=1,MVW 40 mm Nam MS071-01,Phương,2
dong-ho-nam-mvw-ms071-01?utm_flashsale=1,MVW 40 mm Nam MS071-01,Thái,4
dong-ho-nam-mvw-ml061-01?utm_flashsale=1,MVW 42 mm Nam ML061-01,Lộc,5
dong-ho-nam-mvw-ml061-01?utm_flashsale=1,MVW 42 mm Nam ML061-01,Long,4
dong-ho-nam-mvw-ml061-01?utm_flashsale=1,MVW 42 mm Nam ML061-01,Chị Dung,5
dong-ho-nam-mvw-ml061-01?utm_flashsale=1,MVW 42 mm Nam ML061-01,Châu,1
dong-ho-nam-mvw-ml061-01?utm_flashsale=1,MVW 42 mm Nam ML061-01,Thu,4
dong-ho-nam-mvw-ml061-01?utm_flashsale=1,MVW 42 mm Nam ML061-01,Nguyên,4
dong-ho-nam-mvw-ms072-02?utm_flashsale=1,MVW 43 mm Nam MS072-02,Thanh,4
dong-ho-nam-mvw-ml065-01?utm_flashsale=1,MVW 42 mm Nam ML065-01,Anh Tiến,5
dong-ho-nam-mvw-ml065-01?utm_flashsale=1,MVW 42 mm Nam ML065-01,Thu,1
elio-es091-01-nu?utm_flashsale=1,ELIO 32 mm Nữ ES091-01,Chị Hiền,5
elio-es091-01-nu?utm_flashsale=1,ELIO 32 mm Nữ ES091-01,Chị Ngân,3
elio-es091-01-nu?utm_flashsale=1,ELIO 32 mm Nữ ES091-01,Anh Toàn,5
elio-es091-01-nu?utm_flashsale=1,ELIO 32 mm Nữ ES091-01,My,5
q-q-s279j302y-nu?utm_flashsale=1,Q&Q 30 mm Nữ S279J302Y,Chị Phượng,1
q-q-s283j212y-nu?utm_flashsale=1,Q&Q 30 mm Nữ S283J212Y,Châu,4
elio-ec011-01-nam?utm_flashsale=1,ELIO 41 mm Nam EC011-01,Khang,5
elio-ec011-01-nam?utm_flashsale=1,ELIO 41 mm Nam EC011-01,Việt,4
elio-ec011-01-nam?utm_flashsale=1,ELIO 41 mm Nam EC011-01,Chị Hiền,4
elio-ec011-01-nam?utm_flashsale=1,ELIO 41 mm Nam EC011-01,Mai,3
elio-ec012-01-nam?utm_flashsale=1,ELIO 41 mm Nam EC012-01,Việt,5
elio-ec005-02-nu,ELIO 33 mm Nữ EC005-02,Đức,5
elio-ec005-02-nu,ELIO 33 mm Nữ EC005-02,Chị Hà,5
elio-ec010-02-nu?utm_flashsale=1,ELIO Nàng Thơ 32 mm Nữ EC010-02,Trang,5
elio-ec010-02-nu?utm_flashsale=1,ELIO Nàng Thơ 32 mm Nữ EC010-02,Hương,5
elio-ec010-02-nu?utm_flashsale=1,ELIO Nàng Thơ 32 mm Nữ EC010-02,Chị Trang,5
elio-ec010-02-nu?utm_flashsale=1,ELIO Nàng Thơ 32 mm Nữ EC010-02,Ngân,5
elio-ec010-02-nu?utm_flashsale=1,ELIO Nàng Thơ 32 mm Nữ EC010-02,Hiếu,4
citizen-c7-nh8391-51e-nam,CITIZEN C7 40 mm Nam NH8391-51E,Thanh,5
citizen-c7-nh8391-51e-nam,CITIZEN C7 40 mm Nam NH8391-51E,Nhân,5
citizen-c7-nh8391-51x-nam,CITIZEN C7 40 mm Nam NH8391-51X,Anh Dũng,5
citizen-c7-nh8391-51x-nam,CITIZEN C7 40 mm Nam NH8391-51X,Anh Tâm,5
citizen-bm8553-16a-nam,CITIZEN 41 mm Nam BM8553-16A,Hiệp,3
elio-el107-02-nam?utm_flashsale=1,ELIO 40 mm Nam EL107-02,An,5
elio-el107-02-nam?utm_flashsale=1,ELIO 40 mm Nam EL107-02,Phú,1
elio-el107-02-nam?utm_flashsale=1,ELIO 40 mm Nam EL107-02,Linh,5
elio-el098-03-nu,ELIO 30 mm Nữ EL098-03,Anh Thắng,4
elio-es115-01-nu,ELIO Nàng Thơ 30 mm Nữ ES115-01,Nam,5
elio-es116-01-nu?utm_flashsale=1,ELIO 31 mm Nữ ES116-01,Chị Huyền,5
elio-es116-01-nu?utm_flashsale=1,ELIO 31 mm Nữ ES116-01,Minh,5
elio-es117-02-nu,ELIO 30 mm Nữ ES117-02,Yến,5
elio-es117-02-nu,ELIO 30 mm Nữ ES117-02,Nguyên,5
elio-es118-02-nu,ELIO 34 mm Nữ ES118-02,Vinh,5
elio-es118-02-nu,ELIO 34 mm Nữ ES118-02,Ngân,5
elio-es119-02-nu,ELIO Flower 30 mm Nữ ES119-02,Tú,1
elio-es119-02-nu,ELIO Flower 30 mm Nữ ES119-02,Bảo,5
elio-es119-02-nu,ELIO Flower 30 mm Nữ ES119-02,Hương,5
elio-es119-02-nu,ELIO Flower 30 mm Nữ ES119-02,Huyền,4
elio-es120-01-nu,ELIO Flower 30 mm Nữ ES120-01,Thảo,3
mvw-ms076-01-nam?utm_flashsale=1,MVW 40 mm Nam MS076-01,Hải,5
mvw-ms076-01-nam?utm_flashsale=1,MVW 40 mm Nam MS076-01,Nhân,5
mvw-ms081-01-nam,MVW 41 mm Nam MS081-01,Nhân,5
mvw-ms081-01-nam,MVW 41 mm Nam MS081-01,Anh Thành,2
mvw-ml066-03-nam?utm_flashsale=1,MVW Sport 42 mm Nam ML066-03,Thảo,5
mvw-ml066-03-nam?utm_flashsale=1,MVW Sport 42 mm Nam ML066-03,Dung,5
mvw-ml066-03-nam?utm_flashsale=1,MVW Sport 42 mm Nam ML066-03,Anh Minh,5
mvw-ml066-03-nam?utm_flashsale=1,MVW Sport 42 mm Nam ML066-03,Anh Hải,4
mvw-ml068-01-nam?utm_flashsale=1,MVW 41 mm Nam ML068-01,Vũ,5
g-shock-gm-s2100b-8adr-nu,G-SHOCK 2100 40.4 mm Nữ GM-S2100B-8ADR,Anh Tú,5
mvw-ml071-01-nam?utm_flashsale=1,MVW Sport 41 mm Nam ML071-01,Anh Toàn,4
mvw-ml071-01-nam?utm_flashsale=1,MVW Sport 41 mm Nam ML071-01,Hiền,4
mvw-ml071-01-nam?utm_flashsale=1,MVW Sport 41 mm Nam ML071-01,Linh,5
elio-el121-02-nu?utm_flashsale=1,ELIO Flower 33 mm Nữ EL121-02,Hằng,5
elio-el123-02-nu,ELIO Flower 35 mm Nữ EL123-02,Linh,5
elio-el123-02-nu,ELIO Flower 35 mm Nữ EL123-02,Tâm,5
citizen-ca7060-88e-nam,CITIZEN 42 mm Nam CA7060-88E,Tuấn,1
citizen-em0500-73a-nu?utm_flashsale=1,CITIZEN 32 mm Nữ EM0500-73A,Chị Hằng,4
citizen-em0990-81y-nu,CITIZEN L 28 mm Nữ EM0990-81Y,Khải,4
elio-el129-03-nu,ELIO Flower 32 mm Nữ EL129-03,Hiền,4
elio-ec022-02-nu,ELIO 29 mm Nữ EC022-02,Nhi,5
elio-ec022-02-nu,ELIO 29 mm Nữ EC022-02,Hà,5
elio-el136-01-nu,ELIO 26 mm Nữ EL136-01,Dũng,5
elio-es139-01-nu,ELIO 35 mm Nữ ES139-01,Vân,5
elio-es139-01-nu,ELIO 35 mm Nữ ES139-01,Thành,4
elio-es139-01-nu,ELIO 35 mm Nữ ES139-01,Hiền,5
q-q-c01a-005py-nu,Q&Q 30 mm Nữ C01A-005PY,Thảo,5
q-q-c01a-005py-nu,Q&Q 30 mm Nữ C01A-005PY,Phúc,5
q-q-c01a-005py-nu,Q&Q 30 mm Nữ C01A-005PY,Mạnh,5
q-q-c07a-003py-nu,Q&Q 28 mm Nữ C07A-003PY,Hân,5
q-q-c07a-003py-nu,Q&Q 28 mm Nữ C07A-003PY,Dũng,5
eyki-eys006-01-nu?utm_flashsale=1,EYKI 32.5 mm Nữ EYS006-01,Diễm,5
eyki-eys008-03-nu,EYKI 30 mm Nữ EYS008-03,Chị Hương,5
eyki-eys008-03-nu,EYKI 30 mm Nữ EYS008-03,Anh Phúc,3
eyki-eys008-03-nu,EYKI 30 mm Nữ EYS008-03,Loan,4
mvw-ml075-03-nam?utm_flashsale=1,MVW Sport 43 mm Nam ML075-03,Anh Hùng,5
mvw-ml075-03-nam?utm_flashsale=1,MVW Sport 43 mm Nam ML075-03,Anh Huy,5
smile-kid-sl121-01-tre-em,SMILE KID 29 mm Trẻ em SL121-01,Chị Thuỷ,3
smile-kid-sl121-01-tre-em,SMILE KID 29 mm Trẻ em SL121-01,Chị Linh,3
smile-kid-sl125-05-tre-em,SMILE KID 29 mm Trẻ em SL125-05,Nhung,5
mvw-star-msa005-01n-nam?utm_flashsale=1,MVW Star Automatic 43 mm Nam MSA005-01N,Cường,3
mvw-star-msa005-01n-nam?utm_flashsale=1,MVW Star Automatic 43 mm Nam MSA005-01N,Anh Minh,4
mvw-star-msa005-01n-nam?utm_flashsale=1,MVW Star Automatic 43 mm Nam MSA005-01N,Minh,4
mvw-glory-ml079-01-nam?utm_flashsale=1,MVW Glory 43 mm Nam ML079-01,Tân,4
mvw-glory-ml079-03-nam?utm_flashsale=1,MVW Glory 43 mm Nam ML079-03,Tâm,3
mvw-glory-ml079-03-nam?utm_flashsale=1,MVW Glory 43 mm Nam ML079-03,Việt,5
mvw-glory-ml079-03-nam?utm_flashsale=1,MVW Glory 43 mm Nam ML079-03,Duy,5
mvw-glory-ml079-03-nam?utm_flashsale=1,MVW Glory 43 mm Nam ML079-03,Phương,5
q-q-a12a-004py-nam,Q&Q 42 mm Nam A12A-004PY,Huy,5
mvw-msa088-02-s2-nam,MVW Galaxy 43 mm Nam MSA088-02-S2,Hương,5
casio-ltp-1314l-7avdf?utm_flashsale=1,CASIO 31 mm Nữ LTP-1314L-7AVDF,Danh,4
casio-ltp-1314l-7avdf?utm_flashsale=1,CASIO 31 mm Nữ LTP-1314L-7AVDF,Trung,5
casio-ltp-1314l-7avdf?utm_flashsale=1,CASIO 31 mm Nữ LTP-1314L-7AVDF,My,5
casio-lrw-200h-4b2vdf-hong?utm_flashsale=1,CASIO 34 mm Nữ LRW-200H-4B2VDF,Chị Hà,5
casio-lrw-200h-4b2vdf-hong?utm_flashsale=1,CASIO 34 mm Nữ LRW-200H-4B2VDF,Chị Trang,5
casio-lrw-200h-4b2vdf-hong?utm_flashsale=1,CASIO 34 mm Nữ LRW-200H-4B2VDF,Phương,4
edifice-casio-ef-539d-1avudf-bac,EDIFICE CASIO 45 mm Nam EF-539D-1AVUDF,Đức,5
edifice-casio-ef-539d-1avudf-bac,EDIFICE CASIO 45 mm Nam EF-539D-1AVUDF,Anh Tùng,5
citizen-au1060-51a,CITIZEN 39.8 mm Nam AU1060-51A,Anh Trường,1
citizen-au1060-51a,CITIZEN 39.8 mm Nam AU1060-51A,Trang,5
citizen-bh3003-51a,CITIZEN 25.7 mm Nam BH3003-51A,Châu,4
citizen-bi1054-55a,CITIZEN 39.6 mm Nam BI1054-55A,Dương,4
citizen-ew3250-53e,CITIZEN 27 mm Nữ EW3250-53E,Hoàng,4
citizen-fe6016-88a?utm_flashsale=1,CITIZEN 33 mm Nữ FE6016-88A,Nga,5
citizen-fe6020-56f-den,CITIZEN 35 mm Nữ FE6020-56F,Hùng,3
citizen-nh8350-59b-trang,CITIZEN Mechanical 40 mm Nam NH8350-59B,An,5
citizen-nh8350-59b-trang,CITIZEN Mechanical 40 mm Nam NH8350-59B,Giang,5
citizen-nh8350-59b-trang,CITIZEN Mechanical 40 mm Nam NH8350-59B,Khoa,4
citizen-nh8353-18a-trang,CITIZEN Mechanical 39.8 mm Nam NH8353-18A,Khánh,4
citizen-nh8353-18a-trang,CITIZEN Mechanical 39.8 mm Nam NH8353-18A,Tiến,5
citizen-nh8353-18a-trang,CITIZEN Mechanical 39.8 mm Nam NH8353-18A,Thắng,1
citizen-nh8373-88a-trang,CITIZEN Mechanical 42.6 mm Nam NH8373-88A,Anh Phương,3
dong-ho-eco-drive-nam-day-kim-loai-citizen-bm6770,CITIZEN 37 mm Nam BM6770-51E,Hương,5
dong-ho-eco-drive-nu-day-kim-loai-citizen-ga1050-5,CITIZEN 29.6 mm Nữ GA1050-51A,Khanh,5
dong-ho-kim-eco-drive-nam-day-kim-loai-citizen-bm6?utm_flashsale=1,CITIZEN 37 mm Nam BM6774-51A,Nghĩa,4
citizen-em0504-81a-trang,CITIZEN 32 mm Nữ EM0504-81A,Thiện,4
citizen-em0504-81a-trang,CITIZEN 32 mm Nữ EM0504-81A,Nam,4
citizen-em0504-81a-trang,CITIZEN 32 mm Nữ EM0504-81A,Khoa,4
dong-ho-nam-citizen-bi5000-87l-trang,CITIZEN 39 mm Nam BI5000-87L,Hương,4
dong-ho-nam-citizen-bi5000-87l-trang,CITIZEN 39 mm Nam BI5000-87L,Dũng,3
dong-ho-nam-citizen-bi5000-87l-trang,CITIZEN 39 mm Nam BI5000-87L,Chị Hà,4
dong-ho-nam-citizen-bi5006-81p-vang?utm_flashsale=1,CITIZEN 39 mm Nam BI5006-81P,Anh,5
dong-ho-nam-citizen-bi5006-81p-vang?utm_flashsale=1,CITIZEN 39 mm Nam BI5006-81P,Bình,1
citizen-eu6070-51d-trang,CITIZEN 28 mm Nữ EU6070-51D,Ngọc,2
citizen-eu6070-51d-trang,CITIZEN 28 mm Nữ EU6070-51D,My,5
orient-fgw01008w0-nam,ORIENT 37.9 mm Nam FGW01008W0,Đức,3
orient-fgw01008w0-nam,ORIENT 37.9 mm Nam FGW01008W0,Hậu,5
orient-fgw01008w0-nam,ORIENT 37.9 mm Nam FGW01008W0,Hùng,4
orient-fgw0100fw0-nam,ORIENT 37.9 mm Nam FGW0100FW0,Tuấn,2
orient-ra-ac0e02s10b-nam-co-tu-dong?utm_flashsale=1,ORIENT 39.5 mm Nam RA-AC0E02S10B,Thanh,5
orient-ra-ac0e02s10b-nam-co-tu-dong?utm_flashsale=1,ORIENT 39.5 mm Nam RA-AC0E02S10B,Khoa,1
orient-ra-ac0e02s10b-nam-co-tu-dong?utm_flashsale=1,ORIENT 39.5 mm Nam RA-AC0E02S10B,Khoa,2
orient-ra-ac0e02s10b-nam-co-tu-dong?utm_flashsale=1,ORIENT 39.5 mm Nam RA-AC0E02S10B,Anh Nam,5
orient-ra-ac0e02s10b-nam-co-tu-dong?utm_flashsale=1,ORIENT 39.5 mm Nam RA-AC0E02S10B,Bảo,5
orient-ra-ag0005l10b-nam-co-tu-dong,ORIENT Bambino 40 mm Nam RA-AG0005L10B,Việt,5
orient-ra-ag0005l10b-nam-co-tu-dong,ORIENT Bambino 40 mm Nam RA-AG0005L10B,Thành,5
orient-ra-ag0005l10b-nam-co-tu-dong,ORIENT Bambino 40 mm Nam RA-AG0005L10B,Đức,5
orient-ra-ag0005l10b-nam-co-tu-dong,ORIENT Bambino 40 mm Nam RA-AG0005L10B,Anh Phong,1
orient-ra-ag0005l10b-nam-co-tu-dong,ORIENT Bambino 40 mm Nam RA-AG0005L10B,Long,5
citizen-eq9062-58a-nu?utm_flashsale=1,CITIZEN 34.1 mm Nữ EQ9062-58A,Huy,3
citizen-eq9062-58a-nu?utm_flashsale=1,CITIZEN 34.1 mm Nữ EQ9062-58A,Anh Tuấn,4
citizen-eq9062-58a-nu?utm_flashsale=1,CITIZEN 34.1 mm Nữ EQ9062-58A,Dũng,5
citizen-bf2022-55h-nam,CITIZEN 41 mm Nam BF2022-55H,Sang,5
citizen-bf2022-55h-nam,CITIZEN 41 mm Nam BF2022-55H,Trường,3
orient-ra-ap0003s10b-nam?utm_flashsale=1,ORIENT Bambino 40 mm Nam RA-AP0003S10B,Thiện,2
orient-ra-ap0003s10b-nam?utm_flashsale=1,ORIENT Bambino 40 mm Nam RA-AP0003S10B,Dương,5
orient-ra-ap0005b10b-nam?utm_flashsale=1,ORIENT Bambino 40 mm Nam RA-AP0005B10B,Huy,5
citizen-bi1050-56a-nam,CITIZEN 40 mm Nam BI1050-56A,Anh Thịnh,5
casio-mq-24mg-1edf-nam,CASIO 34.7 mm Nam MQ-24MG-1EDF,Hoàng,4
casio-mq-24mg-1edf-nam,CASIO 34.7 mm Nam MQ-24MG-1EDF,Sang,5
g-shock-ga-110mmc-1adr-nam?utm_flashsale=1,G-SHOCK 51.2 mm Nam GA-110MMC-1ADR,Danh,5
g-shock-ga-110mmc-1adr-nam?utm_flashsale=1,G-SHOCK 51.2 mm Nam GA-110MMC-1ADR,Trung,5
nakzen-sl5055grebn-7n0-nam,NAKZEN 39 mm Nam SL5055GREBN-7N0,Anh Dũng,4
nakzen-ss4051g-7-nam?utm_flashsale=1,NAKZEN 40.2 mm Nam SS4051G-7,Vy,5
nakzen-ss4051g-7-nam?utm_flashsale=1,NAKZEN 40.2 mm Nam SS4051G-7,Hoà,3
nakzen-ss1015l-7n0-nu,NAKZEN Hoa & Gió 30 mm Nữ SS1015L-7N0,Thảo,2
nakzen-ss1015l-7n0-nu,NAKZEN Hoa & Gió 30 mm Nữ SS1015L-7N0,Thắm,5
nakzen-ss1015l-7n0-nu,NAKZEN Hoa & Gió 30 mm Nữ SS1015L-7N0,Chị Nhi,5
citizen-eq9063-55a-nu?utm_flashsale=1,CITIZEN 34 mm Nữ EQ9063-55A,Chị Thuỷ,4
nakzen-ss4063l-2no-nu?utm_flashsale=1,NAKZEN Hoa & Gió 36 mm Nữ SS4063L-2NO,Phương,4
nakzen-ss4063l-2no-nu?utm_flashsale=1,NAKZEN Hoa & Gió 36 mm Nữ SS4063L-2NO,Chị Phượng,5
nakzen-ss4063l-2no-nu?utm_flashsale=1,NAKZEN Hoa & Gió 36 mm Nữ SS4063L-2NO,Hiếu,4
q-q-s396j201y-nam,Q&Q 40 mm Nam S396J201Y,Nhung,5
q-q-s396j201y-nam,Q&Q 40 mm Nam S396J201Y,Anh Đức,5
q-q-s396j201y-nam,Q&Q 40 mm Nam S396J201Y,Nguyên,4
q-q-s396j201y-nam,Q&Q 40 mm Nam S396J201Y,Hậu,4
q-q-s396j202y-nam,Q&Q 40 mm Nam S396J202Y,Sang,4
q-q-s396j202y-nam,Q&Q 40 mm Nam S396J202Y,Thảo,5
q-q-s396j202y-nam,Q&Q 40 mm Nam S396J202Y,Anh Thanh,5
q-q-s396j202y-nam,Q&Q 40 mm Nam S396J202Y,Việt,5
q-q-s396j202y-nam,Q&Q 40 mm Nam S396J202Y,Anh Tuấn,5
smile-kid-sl031-01?utm_flashsale=1,SMILE KID 30 mm Trẻ em SL031-01,Hạnh,3
smile-kid-sl031-01?utm_flashsale=1,SMILE KID 30 mm Trẻ em SL031-01,Anh Tuấn,4
smile-kid-sl031-01?utm_flashsale=1,SMILE KID 30 mm Trẻ em SL031-01,Tiên,5
smile-kid-sl031-01?utm_flashsale=1,SMILE KID 30 mm Trẻ em SL031-01,Loan,3
smile-kid-sl031-01?utm_flashsale=1,SMILE KID 30 mm Trẻ em SL031-01,Hằng,5
q-q-s397j212y-nu,Q&Q 31 mm Nữ S397J212Y,Chị Dung,4
q-q-s397j212y-nu,Q&Q 31 mm Nữ S397J212Y,Hằng,5
q-q-s399j021y-nu,Q&Q 30 mm Nữ S399J021Y,Ngân,5
smile-kid-sl033-01-tre-em,SMILE KID 27 mm Trẻ em SL033-01,Trinh,5
smile-kid-sl033-01-tre-em,SMILE KID 27 mm Trẻ em SL033-01,Nga,5
smile-kid-sl038-01-tre-em,SMILE KID 27 mm Trẻ em SL038-01,Thanh,5
g-shock-gd-120cm-5dr-nam?utm_flashsale=1,G-SHOCK 51.2 mm Nam GD-120CM-5DR,Hùng,5
elio-es045-01-nam?utm_flashsale=1,ELIO 41 mm Nam ES045-01,Nhân,5
elio-es045-01-nam?utm_flashsale=1,ELIO 41 mm Nam ES045-01,Khôi,4
elio-es045-01-nam?utm_flashsale=1,ELIO 41 mm Nam ES045-01,Ngọc,5
elio-es045-01-nam?utm_flashsale=1,ELIO 41 mm Nam ES045-01,Nam,5
elio-es045-01-nam?utm_flashsale=1,ELIO 41 mm Nam ES045-01,Trường,1
elio-el036-01-unisex,ELIO Nắng Xuân 38 mm Unisex EL036-01,Hải,5
elio-el036-01-unisex,ELIO Nắng Xuân 38 mm Unisex EL036-01,Tuấn,5
elio-el036-01-unisex,ELIO Nắng Xuân 38 mm Unisex EL036-01,Phương,5
elio-el036-01-unisex,ELIO Nắng Xuân 38 mm Unisex EL036-01,Chị Phương,5
elio-el036-01-unisex,ELIO Nắng Xuân 38 mm Unisex EL036-01,Lan,5
elio-el036-01-unisex,ELIO Nắng Xuân 38 mm Unisex EL036-01,Quân,5
elio-el036-01-unisex,ELIO Nắng Xuân 38 mm Unisex EL036-01,Hoài,5
elio-el036-01-unisex,ELIO Nắng Xuân 38 mm Unisex EL036-01,Bình,5
smile-kid-sl061-02-tre-em,SMILE KID 31 mm Trẻ em SL061-02,Tuấn,5
smile-kid-sl062-01-tre-em,SMILE KID 32 mm Trẻ em SL062-01,Ngân,4
nakzen-sl4110l-7n3-nu,NAKZEN 25 mm Nữ SL4110L-7N3,Dung,5
nakzen-sl4110l-7n3-nu,NAKZEN 25 mm Nữ SL4110L-7N3,Thành,5
g-shock-gd-100gb-1dr-nam?utm_flashsale=1,G-SHOCK 51.2 mm Nam GD-100GB-1DR,Tuấn,5
citizen-nh8395-77e-nam,CITIZEN C7 40 mm Nam NH8395-77E,Bình,5
citizen-bi5090-09a-nam,CITIZEN 43 mm Nam BI5090-09A,Anh Minh,5
citizen-bi5090-50a-nam,CITIZEN 42 mm Nam BI5090-50A,Hiền,3
citizen-eq0603-59f-nu,CITIZEN 27 mm Nữ EQ0603-59F,Thủy,3
citizen-eq0603-59f-nu,CITIZEN 27 mm Nữ EQ0603-59F,Hà,3
citizen-er0218-53l-nu,CITIZEN 30 mm Nữ ER0218-53L,Yến,5
mww-ms055-01-nam?utm_flashsale=1,MVW 43 mm Nam MS055-01,Sơn,1
mww-ms055-01-nam?utm_flashsale=1,MVW 43 mm Nam MS055-01,Tùng,1
mww-ms055-01-nam?utm_flashsale=1,MVW 43 mm Nam MS055-01,Tuấn,4
mww-ms048-01-nam?utm_flashsale=1,MVW Sport 43 mm Nam MS048-01,Anh Phúc,5
mww-ms048-01-nam?utm_flashsale=1,MVW Sport 43 mm Nam MS048-01,Chị Trang,4
mww-ms048-01-nam?utm_flashsale=1,MVW Sport 43 mm Nam MS048-01,Anh Tuấn,4
mww-ms048-01-nam?utm_flashsale=1,MVW Sport 43 mm Nam MS048-01,Lộc,5
mww-ms048-01-nam?utm_flashsale=1,MVW Sport 43 mm Nam MS048-01,Nghĩa,5
mww-ms049-01-nam?utm_flashsale=1,MVW 43 mm Nam MS049-01,Anh,4
mww-ms049-01-nam?utm_flashsale=1,MVW 43 mm Nam MS049-01,Dũng,4
mww-ms049-01-nam?utm_flashsale=1,MVW 43 mm Nam MS049-01,Anh Thanh,3
mww-ms049-01-nam?utm_flashsale=1,MVW 43 mm Nam MS049-01,Anh Thái,4
mvw-ms061-02-nam?utm_flashsale=1,MVW 42 mm Nam MS061-02,Tân,5
mvw-ms061-03-nam?utm_flashsale=1,MVW 42 mm Nam MS061-03,Trường,4
mvw-ms061-03-nam?utm_flashsale=1,MVW 42 mm Nam MS061-03,Thành,5
mvw-ms061-03-nam?utm_flashsale=1,MVW 42 mm Nam MS061-03,Thành,4
citizen-aw1670-82a-nam,CITIZEN 41.5 mm Nam AW1670-82A,Chị Trang,5
citizen-aw1670-82a-nam,CITIZEN 41.5 mm Nam AW1670-82A,Hải,5
dong-ho-nam-mvw-ml047-01?utm_flashsale=1,MVW 42 mm Nam ML047-01,Phát,5
dong-ho-nam-mvw-ml047-01?utm_flashsale=1,MVW 42 mm Nam ML047-01,Quân,5
dong-ho-nam-mvw-ml047-01?utm_flashsale=1,MVW 42 mm Nam ML047-01,Chiến,4
dong-ho-nam-mvw-ml047-01?utm_flashsale=1,MVW 42 mm Nam ML047-01,Anh Cường,4
elio-es087-01-nu,ELIO 32 mm Nữ ES087-01,Hà,4
q-q-s284j312y-nam,Q&Q 40 mm Nam S284J312Y,Thư,4
q-q-s284j312y-nam,Q&Q 40 mm Nam S284J312Y,Nga,4
dong-ho-nam-mvw-ml055-01?utm_flashsale=1,MVW 42 mm Nam ML055-01,Anh Nam,5
dong-ho-nam-mvw-ml055-01?utm_flashsale=1,MVW 42 mm Nam ML055-01,Anh Cường,3
dong-ho-nam-mvw-ml059-01?utm_flashsale=1,MVW 40 mm Nam ML059-01,An,5
dong-ho-nam-mvw-ml059-01?utm_flashsale=1,MVW 40 mm Nam ML059-01,Anh Cường,5
dong-ho-nam-mvw-ml063-01,MVW 42 mm Nam ML063-01,Anh Minh,5
dong-ho-nam-mvw-ml063-01,MVW 42 mm Nam ML063-01,Huyền,5
dong-ho-nam-mvw-ml063-01,MVW 42 mm Nam ML063-01,Anh Đạt,5
dong-ho-nam-mvw-ml063-01,MVW 42 mm Nam ML063-01,Hưng,5
elio-es099-03-nu,ELIO Xmas 26 mm Nữ ES099-03,Trang,4
elio-es099-03-nu,ELIO Xmas 26 mm Nữ ES099-03,Tuyền,5
elio-es100-03-nu,ELIO Nàng Thơ 26 mm Nữ ES100-03,Chị Phương,5
elio-es100-03-nu,ELIO Nàng Thơ 26 mm Nữ ES100-03,Dương,4
elio-es100-03-nu,ELIO Nàng Thơ 26 mm Nữ ES100-03,Anh Vinh,3
elio-es100-03-nu,ELIO Nàng Thơ 26 mm Nữ ES100-03,Ngọc,5
nakzen-sl9006l-1-nu,NAKZEN 32 mm Nữ SL9006L-1,Ngân,1
elio-el095-03-nu,ELIO 30 mm Nữ EL095-03,Phong,5
elio-es115-02-nu,ELIO 30 mm Nữ ES115-02,Linh,5
elio-es115-02-nu,ELIO 30 mm Nữ ES115-02,Anh Phong,5
elio-el100-02-nu,ELIO 33 mm Nữ EL100-02,Duyên,3
elio-el100-02-nu,ELIO 33 mm Nữ EL100-02,Phương,5
elio-el100-02-nu,ELIO 33 mm Nữ EL100-02,Chị Liên,4
elio-el100-02-nu,ELIO 33 mm Nữ EL100-02,Chị Linh,5
elio-es119-01-nu,ELIO Flower 32 mm Nữ ES119-01,Dung,4
mvw-ml067-02-nam,MVW ML067-02 - Nam,Thiện,5
mvw-ml067-02-nam,MVW ML067-02 - Nam,Linh,5
mvw-ml067-02-nam,MVW ML067-02 - Nam,Duyên,4
mvw-ml067-02-nam,MVW ML067-02 - Nam,Quân,5
mvw-ml066-02-nam?utm_flashsale=1,MVW Sport 42 mm Nam ML066-02,Đức,5
mvw-ms077-02-nam?utm_flashsale=1,MVW Sport 43 mm Nam MS077-02,Minh,5
mvw-ms077-02-nam?utm_flashsale=1,MVW Sport 43 mm Nam MS077-02,Huyền,4
mvw-ml071-02-nam,MVW ML071-02 - Nam,Đạt,5
mvw-ml071-02-nam,MVW ML071-02 - Nam,Khánh,4
mvw-ml071-02-nam,MVW ML071-02 - Nam,Nhi,5
mvw-ml071-02-nam,MVW ML071-02 - Nam,Loan,4
elio-el116-01-nam?utm_flashsale=1,ELIO 41 mm Nam EL116-01,Anh Hiếu,4
elio-el118-02-nu?utm_flashsale=1,ELIO 27 mm Nữ EL118-02,Chị Dung,4
elio-el123-03-nu,ELIO Flower 35 mm Nữ EL123-03,My,5
elio-el123-03-nu,ELIO Flower 35 mm Nữ EL123-03,An,3
elio-el123-03-nu,ELIO Flower 35 mm Nữ EL123-03,Anh,4
elio-el123-03-nu,ELIO Flower 35 mm Nữ EL123-03,Hương,3
elio-el123-03-nu,ELIO Flower 35 mm Nữ EL123-03,Hiếu,4
elio-el123-03-nu,ELIO Flower 35 mm Nữ EL123-03,Linh,5
citizen-eq0614-52e-nu,CITIZEN 28 mm Nữ EQ0614-52E,Chị Hiền,5
citizen-eq0614-52e-nu,CITIZEN 28 mm Nữ EQ0614-52E,Bình,3
mvw-ms084-02-nam,MVW 40 mm Nam MS084-02,Anh Hùng,5
mvw-ms084-02-nam,MVW 40 mm Nam MS084-02,Phúc,5
mvw-ms086-01-nam?utm_flashsale=1,MVW 43 mm Nam MS086-01,Ngân,4
mvw-ms086-01-nam?utm_flashsale=1,MVW 43 mm Nam MS086-01,Anh Phương,4
mvw-ms086-01-nam?utm_flashsale=1,MVW 43 mm Nam MS086-01,Thắng,4
mvw-ms086-01-nam?utm_flashsale=1,MVW 43 mm Nam MS086-01,Anh Lộc,5
mvw-ml073-02-nam?utm_flashsale=1,MVW 40 mm Nam ML073-02,Anh Huy,4
elio-el127-03-nu,ELIO 35.2 mm Nữ EL127-03,Chị Phương,4
elio-el127-03-nu,ELIO 35.2 mm Nữ EL127-03,Tâm,4
elio-es131-03-nu,ELIO Ngày có em 32 mm Nữ ES131-03,Quý,5
elio-el125-03-nu,ELIO 32 mm Nữ EL125-03,Linh,5
elio-el128-02-nu,ELIO Flower 32 mm Nữ EL128-02,Chị Nhung,5
elio-el129-01-nu,ELIO Flower 32 mm Nữ EL129-01,Chị Thảo,5
elio-ec024-01-nam?utm_flashsale=1,ELIO 40 mm Nam EC024-01,Hà,3
elio-ec024-01-nam?utm_flashsale=1,ELIO 40 mm Nam EC024-01,Thịnh,5
elio-ec024-01-nam?utm_flashsale=1,ELIO 40 mm Nam EC024-01,Vinh,5
q-q-c01a-007py-nu,Q&Q 30 mm Nữ C01A-007PY,Thu,5
q-q-c09a-015py-nu?utm_flashsale=1,Q&Q 30 mm Nữ C09A-015PY,Phúc,4
eyki-eys008-04-nu,EYKI EYS008-04 - Nữ,Hà,5
mvw-ml074-03-nam?utm_flashsale=1,MVW Sport 43 mm Nam ML074-03,Hiếu,5
smile-kid-sl130-04-tre-em,SMILE KID 29 mm Trẻ em SL130-04,Ngân,4
smile-kid-sl130-04-tre-em,SMILE KID 29 mm Trẻ em SL130-04,Giang,5
smile-kid-sl130-04-tre-em,SMILE KID 29 mm Trẻ em SL130-04,Tiên,4
smile-kid-sl132-02-tre-em,SMILE KID 47.2 mm Trẻ em SL132-02,Chị Hương,4
citizen-pr1041-18n-nu,CITIZEN Sunshine and Luna 28.5 mm Nữ PR1041-18N,Thúy,5
q-q-c35a-005py-nu,Q&Q 30.5 mm Nữ C35A-005PY,Thảo,5
mvw-msca001-01-s1-nam?utm_flashsale=1,MVW Galaxy 43 mm Nam MSCA001-01-S1,Phương,5
casio-ltp-1303d-1avdf-bac,CASIO 30 mm Nữ LTP-1303D-1AVDF,Duy,5
casio-ltp-1335d-7avdf-bac,CASIO 30 mm Nữ LTP-1335D-7AVDF,Chị Dung,4
casio-ltp-1335d-7avdf-bac,CASIO 30 mm Nữ LTP-1335D-7AVDF,Anh Đạt,4
casio-ltp-v002d-1audf-bac,CASIO 25 mm Nữ LTP-V002D-1AUDF,Linh,5
casio-ltp-v004d-7budf-bac,CASIO 30 mm Nữ LTP-V004D-7BUDF,Ngân,5
casio-ltp-v005d-7budf-bac,CASIO 28.2 mm Nữ LTP-V005D-7BUDF,Anh,5
casio-ltp-v005d-7budf-bac,CASIO 28.2 mm Nữ LTP-V005D-7BUDF,Anh Long,5
casio-ltp-v006d-2budf-bac,CASIO 24.9 mm Nữ LTP-V006D-2BUDF,Nam,5
g-shock-ga-710gb-1adr-den?utm_flashsale=1,G-SHOCK 52.5 mm Nam GA-710GB-1ADR,Tuấn Anh,4
g-shock-dw-6900mma-2dr-den?utm_flashsale=1,G-SHOCK 48 mm Nam DW-6900MMA-2DR,Nguyên,5
citizen-eq0591-81e-den,CITIZEN 26.5 mm Nữ EQ0591-81E,Ngân,5
citizen-eq0591-81e-den,CITIZEN 26.5 mm Nữ EQ0591-81E,Trí,3
citizen-eq0591-81e-den,CITIZEN 26.5 mm Nữ EQ0591-81E,Anh,5
citizen-eq0591-81e-den,CITIZEN 26.5 mm Nữ EQ0591-81E,Loan,3
citizen-eq0591-81e-den,CITIZEN 26.5 mm Nữ EQ0591-81E,Nhân,4
citizen-eu6090-54h-xam,CITIZEN 28.1 mm Nữ EU6090-54H,Chị Nga,4
citizen-ex1493-13a,CITIZEN 29.6 mm Nữ EX1493-13A,Anh Vũ,1
citizen-ex1493-13a,CITIZEN 29.6 mm Nữ EX1493-13A,Loan,5
citizen-ex1493-13a,CITIZEN 29.6 mm Nữ EX1493-13A,Anh Hiếu,5
citizen-ex1493-13a,CITIZEN 29.6 mm Nữ EX1493-13A,Thuỷ,5
citizen-fe6080-71x-hong,CITIZEN 35.6 mm Nữ FE6080-71X,Chị Hạnh,4
dong-ho-eco-drive-nam-day-kim-loai-citizen-bm7400,CITIZEN 40 mm Nam BM7400-80L,Huy,4
dong-ho-eco-drive-nam-day-kim-loai-citizen-bm7400,CITIZEN 40 mm Nam BM7400-80L,Lộc,5
dong-ho-eco-drive-nam-day-kim-loai-citizen-bm7400,CITIZEN 40 mm Nam BM7400-80L,Chị Yến,4
citizen-aw1370-51f-trang-nam,CITIZEN 41 mm Nam AW1370-51F,Anh Hải,4
dong-ho-kim-eco-drive-nu-day-da-citizen-ew2533-11x,CITIZEN 30.1 mm Nữ EW2533-11X,Trang,4
dong-ho-kim-eco-drive-nu-day-da-citizen-ew2533-11x,CITIZEN 30.1 mm Nữ EW2533-11X,Trí,5
dong-ho-kim-nam-day-kim-loai-citizen-bi5070-57h-xa,CITIZEN 40 mm Nam BI5070-57H,Ngọc,5
dong-ho-kim-nam-day-kim-loai-citizen-bi5070-57h-xa,CITIZEN 40 mm Nam BI5070-57H,Anh Toàn,5
dong-ho-nam-citizen-nh8360-80j,Citizen NH8360-80J - Nam,Vinh,5
dong-ho-nam-citizen-nh8360-80j,Citizen NH8360-80J - Nam,Nguyên,3
dong-ho-nam-citizen-nh8360-80j,Citizen NH8360-80J - Nam,Huy,4
dong-ho-nam-citizen-nh8360-80j,Citizen NH8360-80J - Nam,Nhân,4
orient-fac00009w0-nam-co-tu-dong,ORIENT Bambino 40.5 mm Nam FAC00009W0,Long,5
orient-fac08001t0-nam-co-tu-dong,ORIENT Bambino 42.1 mm Nam FAC08001T0,Lộc,3
orient-fac08001t0-nam-co-tu-dong,ORIENT Bambino 42.1 mm Nam FAC08001T0,Anh Linh,5
orient-fac08001t0-nam-co-tu-dong,ORIENT Bambino 42.1 mm Nam FAC08001T0,Nhân,4
orient-faa02005d9-nam-co-tu-dong,ORIENT Mako 40.9 mm Nam FAA02005D9,Hiếu,5
orient-fag00004d0-nam-co-tu-dong,ORIENT Bambino 43 mm Nam FAG00004D0,Thảo,5
orient-fag00004d0-nam-co-tu-dong,ORIENT Bambino 43 mm Nam FAG00004D0,Linh,4
orient-fag00004d0-nam-co-tu-dong,ORIENT Bambino 43 mm Nam FAG00004D0,Bảo,1
orient-fag00004d0-nam-co-tu-dong,ORIENT Bambino 43 mm Nam FAG00004D0,Bảo,2
orient-fag00004d0-nam-co-tu-dong,ORIENT Bambino 43 mm Nam FAG00004D0,Duy,5
citizen-be9180-52e-nam,CITIZEN 42 mm Nam BE9180-52E,Phúc,5
citizen-be9174-55a-nam,CITIZEN 39 mm Nam BE9174-55A,Đạt,5
citizen-be9174-55a-nam,CITIZEN 39 mm Nam BE9174-55A,Dương,5
citizen-bi5058-52l-nam,CITIZEN 42 mm Nam BI5058-52L,Anh Minh,2
citizen-bi5058-52l-nam,CITIZEN 42 mm Nam BI5058-52L,Hoàng,4
citizen-eu6084-57a-nu,CITIZEN 32 mm Nữ EU6084-57A,Chị Hà,5
orient-ra-ag0026e10b-nam,ORIENT Bambino 40.5 mm Nam RA-AG0026E10B,Anh Tuấn,4
festina-f20358-4-nam,FESTINA 41 mm Nam F20358/4,Anh,4
festina-f20358-4-nam,FESTINA 41 mm Nam F20358/4,Sơn,4
festina-f20347-5-nam,FESTINA 41.5 mm Nam F20347/5,Danh,5
citizen-ez6364-83a-nu,CITIZEN 14 x 28 mm Nữ EZ6364-83A,Thái,5
citizen-ez6364-83a-nu,CITIZEN 14 x 28 mm Nữ EZ6364-83A,Anh Tuấn,5
casio-ltp-1314d-1avdf-nu,CASIO 33 mm Nữ LTP-1314D-1AVDF,Mạnh,5
casio-ltp-1314d-1avdf-nu,CASIO 33 mm Nữ LTP-1314D-1AVDF,Quỳnh,4
nakzen-ss1011l-7n0-nu,NAKZEN Pha Lê Tuyết 32 mm Nữ SS1011L-7N0,Tuyền,5
nakzen-ss1011l-7n0-nu,NAKZEN Pha Lê Tuyết 32 mm Nữ SS1011L-7N0,Nguyên,5
citizen-ao3033-00l-nam,CITIZEN 44 mm Nam AO3033-00L,Chị Linh,5
citizen-eq0595-55l-nu,CITIZEN 28 mm Nữ EQ0595-55L,Anh Việt,5
citizen-fe6011-81l-nu?utm_flashsale=1,CITIZEN 33.3 mm Nữ FE6011-81L,Anh Dũng,5
citizen-fe6011-81l-nu?utm_flashsale=1,CITIZEN 33.3 mm Nữ FE6011-81L,Tú,5
citizen-bi5072-01a-nam,CITIZEN 41 mm Nam BI5072-01A,Hải,5
citizen-bi5072-01a-nam,CITIZEN 41 mm Nam BI5072-01A,Hưng,3
citizen-bi5072-01a-nam,CITIZEN 41 mm Nam BI5072-01A,Linh,4
citizen-bi5072-01a-nam,CITIZEN 41 mm Nam BI5072-01A,Tiến,4
korlex-ks002-02-nu,KORLEX 33 mm Nữ KS002-02,Trung,5
korlex-ks002-02-nu,KORLEX 33 mm Nữ KS002-02,Lộc,4
q-q-vq94j024y-unisex,Q&Q 37 mm Unisex VQ94J024Y,Anh Hưng,4
elio-el019-01-nu,Elio EL019-01 - Nữ,Chị Dung,1
elio-el019-01-nu,Elio EL019-01 - Nữ,Chị Hạnh,3
elio-el019-01-nu,Elio EL019-01 - Nữ,Vương,5
elio-es011-02-nu,ELIO 35 mm Nữ ES011-02,Thảo,3
elio-es011-02-nu,ELIO 35 mm Nữ ES011-02,Phượng,5
q-q-s398j202y-nam,Q&Q 40 mm Nam S398J202Y,Thủy,3
q-q-s398j202y-nam,Q&Q 40 mm Nam S398J202Y,Ngọc,5
q-q-s398j202y-nam,Q&Q 40 mm Nam S398J202Y,Hà,5
q-q-s398j202y-nam,Q&Q 40 mm Nam S398J202Y,Anh Tuấn,4
nakzen-ss4095g-7-nam,NAKZEN 38 mm Nam SS4095G-7,Anh Tú,1
nakzen-ss4095g-7-nam,NAKZEN 38 mm Nam SS4095G-7,Nam,4
nakzen-ss4095g-7-nam,NAKZEN 38 mm Nam SS4095G-7,Anh Vinh,4
q-q-s397j011y-nu?utm_flashsale=1,Q&Q 31 mm Nữ S397J011Y,Tâm,5
q-q-s397j011y-nu?utm_flashsale=1,Q&Q 31 mm Nữ S397J011Y,Phương,3
q-q-s401j202y-nu,Q&Q 30 mm Nữ S401J202Y,Hạnh,5
q-q-s401j212y-nu?utm_flashsale=1,Q&Q 31 mm Nữ S401J212Y,Hồng,4
skmei-sk-1483-hong-dam,SKMEI 33 mm Trẻ em SK-1483,Dương,4
skmei-sk-1483-hong-dam,SKMEI 33 mm Trẻ em SK-1483,Chị Phượng,4
skmei-sk-1483-hong-dam,SKMEI 33 mm Trẻ em SK-1483,Anh Cường,5
skmei-sk-1559-den-tre-em,SKMEI 36 mm Trẻ em SK-1559,Chị Phượng,5
skmei-sk-1559-den-tre-em,SKMEI 36 mm Trẻ em SK-1559,Trang,5
skmei-sk-1559-den-tre-em,SKMEI 36 mm Trẻ em SK-1559,Lan,5
smile-kid-sl046-01-tre-em,SMILE KID 27 mm Trẻ em SL046-01,Hoàng Anh,5
elio-el055-01-nam,ELIO 42 mm Nam EL055-01,Lộc,1
elio-el059-02-nu,ELIO 33 mm Nữ EL059-02,Chị Thảo,5
elio-el077-01-nu,ELIO 29 mm Nữ EL077-01,Quý,5
elio-el077-01-nu,ELIO 29 mm Nữ EL077-01,Hà,5
elio-el077-01-nu,ELIO 29 mm Nữ EL077-01,Thái,5
nakzen-ss4117ld-7n3-nu,NAKZEN 25 mm Nữ SS4117LD-7N3,Phương,5
orient-star-re-au0001s00b-nam,ORIENT Star 38.7 mm Nam RE-AU0001S00B,Anh Huy,5
citizen-bh5003-00l-nam,CITIZEN 42 mm Nam BH5003-00L,Anh Hải,3
citizen-ed8184-51a-nu,CITIZEN 33 mm Nữ ED8184-51A,Tuyền,3
citizen-ed8184-51a-nu,CITIZEN 33 mm Nữ ED8184-51A,Hải,4
mww-mp007-01-nam?utm_flashsale=1,MVW 40 mm Nam MP007-01,Thư,5
mww-mp007-01-nam?utm_flashsale=1,MVW 40 mm Nam MP007-01,Thảo,3
mww-mp007-01-nam?utm_flashsale=1,MVW 40 mm Nam MP007-01,Dương,5
mww-mp007-01-nam?utm_flashsale=1,MVW 40 mm Nam MP007-01,Sang,3
mww-mp007-01-nam?utm_flashsale=1,MVW 40 mm Nam MP007-01,Phượng,2
mww-mp007-01-nam?utm_flashsale=1,MVW 40 mm Nam MP007-01,Ngân,5
mww-mp007-01-nam?utm_flashsale=1,MVW 40 mm Nam MP007-01,Lâm,5
mww-mp007-01-nam?utm_flashsale=1,MVW 40 mm Nam MP007-01,Minh,5
citizen-an8195-58e-nam,CITIZEN 42 mm Nam AN8195-58E,Duy,4
citizen-an8195-58e-nam,CITIZEN 42 mm Nam AN8195-58E,Hiệp,5
citizen-an8196-55e-nam,CITIZEN 42 mm Nam AN8196-55E,Việt,5
citizen-an8196-55e-nam,CITIZEN 42 mm Nam AN8196-55E,Hoàng,5
certina-c033-257-11-118-00-nu,CERTINA Urban 32 mm Nữ C033.257.11.118.00,Thắng,5
candino-c4724-2-nam,CANDINO 39.5 mm Nam C4724/2,Anh Lộc,5
dong-ho-nam-mvw-ms075-01,MVW 42 mm Nam MS075-01,Tiến,2
dong-ho-nam-mvw-ms075-01,MVW 42 mm Nam MS075-01,Anh Toàn,5
dong-ho-nam-mvw-ms075-01,MVW 42 mm Nam MS075-01,Phước,5
dong-ho-nam-mvw-ms075-01,MVW 42 mm Nam MS075-01,Anh Sơn,5
dong-ho-nam-mvw-ms075-01,MVW 42 mm Nam MS075-01,Anh Thanh,3
dong-ho-nam-mvw-ms075-01,MVW 42 mm Nam MS075-01,Yến,4
elio-es095-02-nu,ELIO Nàng Thơ 25.7 mm Nữ ES095-02,Bình,4
elio-es095-02-nu,ELIO Nàng Thơ 25.7 mm Nữ ES095-02,Yến,5
festina-f20512-2-nam,FESTINA 39.3 mm Nam F20512/2,Anh Trường,1
festina-f20512-2-nam,FESTINA 39.3 mm Nam F20512/2,Tuấn,4
smile-kid-sl090-01-tre-em,SMILE KID 39 mm Trẻ em SL090-01,Thu,5
smile-kid-sl090-01-tre-em,SMILE KID 39 mm Trẻ em SL090-01,Tuấn Anh,5
smile-kid-sl090-01-tre-em,SMILE KID 39 mm Trẻ em SL090-01,Thủy,5
casio-mtp-vt01bl-5budf-nam,CASIO 40 mm Nam MTP-VT01BL-5BUDF,Khánh,4
elio-ec009-02-nu,ELIO Nàng Thơ 32 mm Nữ EC009-02,Trí,3
smile-kid-sl098-01-tre-em,SMILE KID 31 mm Trẻ em SL098-01,Anh Minh,5
smile-kid-sl102-01-tre-em,SMILE KID 43 mm Trẻ em SL102-01,Tuấn Anh,5
smile-kid-sl103-01-tre-em,SMILE KID 35 mm Trẻ em SL103-01,Linh,5
smile-kid-sl103-01-tre-em,SMILE KID 35 mm Trẻ em SL103-01,Huyền,5
smile-kid-sl103-01-tre-em,SMILE KID 35 mm Trẻ em SL103-01,Nhi,5
orient-ra-aa0b02r19b-nam,ORIENT SK 42 mm Nam RA-AA0B02R19B,Tuyền,4
orient-ra-aa0b02r19b-nam,ORIENT SK 42 mm Nam RA-AA0B02R19B,Huy,4
orient-ra-aa0b02r19b-nam,ORIENT SK 42 mm Nam RA-AA0B02R19B,Hiền,4
smile-kid-sl084-01-tre-em?utm_flashsale=1,SMILE KID 37 mm Trẻ em SL084-01,Minh,4
smile-kid-sl084-01-tre-em?utm_flashsale=1,SMILE KID 37 mm Trẻ em SL084-01,Chị Thảo,5
smile-kid-sl084-01-tre-em?utm_flashsale=1,SMILE KID 37 mm Trẻ em SL084-01,Long,4
smile-kid-sl084-01-tre-em?utm_flashsale=1,SMILE KID 37 mm Trẻ em SL084-01,Bảo,5
smile-kid-sl088-03-tre-em?utm_flashsale=1,SMILE KID 44 mm Trẻ em SL088-03,Minh,3
smile-kid-sl088-03-tre-em?utm_flashsale=1,SMILE KID 44 mm Trẻ em SL088-03,Hà,3
smile-kid-sl088-03-tre-em?utm_flashsale=1,SMILE KID 44 mm Trẻ em SL088-03,Anh Trung,5
nakzen-sl9001g-7d-nam,NAKZEN 40 mm Nam SL9001G-7D,Khôi,5
nakzen-sl9006g-1-nam,NAKZEN 40 mm Nam SL9006G-1,Hải,1
nakzen-ss9009l-7-nu,NAKZEN 32 x 34 mm Nữ SS9009L-7,Hằng,1
citizen-c7-nh8391-51l-nam,CITIZEN C7 40 mm Nam NH8391-51L,Hải,5
nakzen-sl9002lrerd-7no-nu,NAKZEN 32 mm Nữ SL9002LRERD-7NO,Mai,5
elio-es123-01-nu,ELIO 35.5 mm Nữ ES123-01,Chị Nga,4
smile-kid-sl115-01-tre-em,SMILE KID 28 mm Trẻ em SL115-01,Chị Hương,5
smile-kid-sl115-02-tre-em,SMILE KID 28 mm Trẻ em SL115-02,Chị Linh,5
edifice-ecb-900mdc-1adr-nam,EDIFICE CASIO 48 mm Nam ECB-900MDC-1ADR,Anh Trung,5
nakzen-sl8332lbk-3-nu,NAKZEN 34 mm Nữ SL8332LBK-3,Chị Phượng,4
nakzen-sl8255lbe-2-nu,NAKZEN 34 mm Nữ SL8255LBE-2,Hương,5
nakzen-sl8255lbe-2-nu,NAKZEN 34 mm Nữ SL8255LBE-2,Chị Linh,5
citizen-nj0155-87e-nam,CITIZEN Tsuyosa 40 mm Nam NJ0155-87E,Vương,4
citizen-nk0001-84e-nam,CITIZEN Kuroshio 64 41 mm Nam NK0001-84E,Minh,4
nakzen-ss9290gd-7-nam?utm_flashsale=1,NAKZEN Hoa & Gió 41 mm Nam SS9290GD-7,Hiếu,5
elio-ec014-01-nam?utm_flashsale=1,ELIO 42 mm Nam EC014-01,Trường,5
elio-ec014-01-nam?utm_flashsale=1,ELIO 42 mm Nam EC014-01,Anh Toàn,4
elio-ec014-01-nam?utm_flashsale=1,ELIO 42 mm Nam EC014-01,Dương,3
elio-es130-02-nu,ELIO 32 mm Nữ ES130-02,Tài,5
elio-es130-02-nu,ELIO 32 mm Nữ ES130-02,Thảo,5
q-q-v06a-007vy-nu,Q&Q 34 mm Nữ V06A-007VY,Thắng,5
q-q-v06a-009vy-nu,Q&Q 34 mm Nữ V06A-009VY,Tú,5
eyki-eys010-01-nu,EYKI 36 mm Nữ EYS010-01,Tâm,5
eyki-eys010-02-nu,EYKI 36 mm Nữ EYS010-02,Dung,5
eyki-eyl014-01-nu?utm_flashsale=1,EYKI 32 mm Nữ EYL014-01,Linh,4
eyki-eyl014-01-nu?utm_flashsale=1,EYKI 32 mm Nữ EYL014-01,Linh,5
eyki-eyl014-02-nu?utm_flashsale=1,EYKI 32 mm Nữ EYL014-02,Duyên,5
eyki-eyl014-02-nu?utm_flashsale=1,EYKI 32 mm Nữ EYL014-02,Chị Phượng,4
cap-chuyen-doi-type-c-sang-35mm-apple-mu7e2-trang,Cáp chuyển đổi Type C - 3.5mm Apple MU7E2,Ngọc,5
cap-chuyen-doi-type-c-sang-35mm-apple-mu7e2-trang,Cáp chuyển đổi Type C - 3.5mm Apple MU7E2,Anh Duy,5
cap-chuyen-doi-type-c-sang-35mm-apple-mu7e2-trang,Cáp chuyển đổi Type C - 3.5mm Apple MU7E2,Anh Tuấn,5
cap-chuyen-doi-type-c-sang-35mm-apple-mu7e2-trang,Cáp chuyển đổi Type C - 3.5mm Apple MU7E2,Dương,3
cap-chuyen-doi-type-c-sang-35mm-apple-mu7e2-trang,Cáp chuyển đổi Type C - 3.5mm Apple MU7E2,Anh Quang,5
adapter-chuyen-doi-usb-c-5-in-1-baseus-ultrajoy-bs-oh150,Adapter chuyển đổi USB C 5 in 1 Baseus UltraJoy BS-OH150,Linh,5
adapter-type-c-sang-hdmi-type-c-usb-apple-muf82,Adapter chuyển đổi Type C 3 in 1 Apple MUF82,Chị Linh,4
asus-vivobook-go-15-e1504fa-r5-nj776w,Asus Vivobook Go 15 E1504FA R5 7520U (NJ776W),Thắng,5
asus-vivobook-go-15-e1504fa-r5-nj776w,Asus Vivobook Go 15 E1504FA R5 7520U (NJ776W),Hùng,2
asus-vivobook-go-15-e1504fa-r5-nj776w,Asus Vivobook Go 15 E1504FA R5 7520U (NJ776W),Tài,4
asus-vivobook-go-15-e1504fa-r5-nj776w,Asus Vivobook Go 15 E1504FA R5 7520U (NJ776W),Giang,4
asus-vivobook-go-15-e1504fa-r5-nj776w,Asus Vivobook Go 15 E1504FA R5 7520U (NJ776W),Long,5
asus-vivobook-go-15-e1504fa-r5-nj776w,Asus Vivobook Go 15 E1504FA R5 7520U (NJ776W),Trường,1
asus-vivobook-go-15-e1504fa-r5-nj776w,Asus Vivobook Go 15 E1504FA R5 7520U (NJ776W),Chị Hà,4
asus-vivobook-go-15-e1504fa-r5-nj776w,Asus Vivobook Go 15 E1504FA R5 7520U (NJ776W),Anh,5
asus-vivobook-go-15-e1504fa-r5-nj776w,Asus Vivobook Go 15 E1504FA R5 7520U (NJ776W),Anh Cường,3
asus-vivobook-go-15-e1504fa-r5-nj776w,Asus Vivobook Go 15 E1504FA R5 7520U (NJ776W),Huy,5
hp-15-fd0234tu-i5-9q969pa,HP 15 fd0234TU i5 1334U (9Q969PA),Trang,3
hp-15-fd0234tu-i5-9q969pa,HP 15 fd0234TU i5 1334U (9Q969PA),Nhi,4
hp-15-fd0234tu-i5-9q969pa,HP 15 fd0234TU i5 1334U (9Q969PA),Thanh,4
dell-inspiron-15-3520-i5-n5i5057w1,Dell Inspiron 15 3520 i5 1235U (N5I5057W1),Hoàng,4
dell-inspiron-15-3520-i5-n5i5057w1,Dell Inspiron 15 3520 i5 1235U (N5I5057W1),Thu,4
lenovo-ideapad-slim-3-15amn8-r5-82xq00j0vn,Lenovo Ideapad Slim 3 15AMN8 R5 7520U (82XQ00J0VN),Quang,2
lenovo-ideapad-slim-3-15amn8-r5-82xq00j0vn,Lenovo Ideapad Slim 3 15AMN8 R5 7520U (82XQ00J0VN),Thanh,1
lenovo-ideapad-slim-3-15amn8-r5-82xq00j0vn,Lenovo Ideapad Slim 3 15AMN8 R5 7520U (82XQ00J0VN),Linh,1
dell-inspiron-15-3520-i5-25p231,Dell Inspiron 15 3520 i5 1235U (25P2312),Nam,5
dell-inspiron-15-3520-i5-25p231,Dell Inspiron 15 3520 i5 1235U (25P2312),Trung,2
dell-inspiron-15-3520-i5-25p231,Dell Inspiron 15 3520 i5 1235U (25P2312),Anh Trung,4
dell-inspiron-15-3520-i5-25p231,Dell Inspiron 15 3520 i5 1235U (25P2312),Tuấn,5
asus-vivobook-16-x1605va-i5-mb360w,Asus Vivobook 16 X1605VA i5 1335U (MB360W),Vinh,4
apple-macbook-air-2020-mgn63saa,MacBook Air 13 inch M1 8GB/256GB,Chị Hạnh,5
apple-macbook-air-2020-mgn63saa,MacBook Air 13 inch M1 8GB/256GB,Anh Minh,4
apple-macbook-air-2020-mgn63saa,MacBook Air 13 inch M1 8GB/256GB,Yến,4
apple-macbook-air-2020-mgn63saa,MacBook Air 13 inch M1 8GB/256GB,Dung,4
apple-macbook-air-2020-mgn63saa,MacBook Air 13 inch M1 8GB/256GB,Thanh,4
apple-macbook-air-2020-mgn63saa,MacBook Air 13 inch M1 8GB/256GB,Đức,1
apple-macbook-air-2020-mgn63saa,MacBook Air 13 inch M1 8GB/256GB,Đức,5
apple-macbook-air-2020-mgn63saa,MacBook Air 13 inch M1 8GB/256GB,Thành,5
apple-macbook-air-2020-mgn63saa,MacBook Air 13 inch M1 8GB/256GB,Tân,1
apple-macbook-air-2020-mgn63saa,MacBook Air 13 inch M1 8GB/256GB,Chị Mai,4
apple-macbook-air-2020-mgn63saa,MacBook Air 13 inch M1 8GB/256GB,Chị Hương,5
apple-macbook-air-2020-mgn63saa,MacBook Air 13 inch M1 8GB/256GB,Uyên,5
apple-macbook-air-2020-mgn63saa,MacBook Air 13 inch M1 8GB/256GB,Hùng,1
apple-macbook-air-2020-mgn63saa,MacBook Air 13 inch M1 8GB/256GB,Toàn,4
apple-macbook-air-2020-mgn63saa,MacBook Air 13 inch M1 8GB/256GB,Anh Minh,2
apple-macbook-air-2020-mgn63saa,MacBook Air 13 inch M1 8GB/256GB,Trung,5
apple-macbook-air-2020-mgn63saa,MacBook Air 13 inch M1 8GB/256GB,Thuận,5
apple-macbook-air-2020-mgn63saa,MacBook Air 13 inch M1 8GB/256GB,Duyên,5
apple-macbook-air-2020-mgn63saa,MacBook Air 13 inch M1 8GB/256GB,Nghĩa,3
apple-macbook-air-2020-mgn63saa,MacBook Air 13 inch M1 8GB/256GB,Anh Đạt,4
apple-macbook-air-2020-mgn63saa,MacBook Air 13 inch M1 8GB/256GB,Chị Nga,4
apple-macbook-air-2020-mgn63saa,MacBook Air 13 inch M1 8GB/256GB,Hương,5
apple-macbook-air-2020-mgn63saa,MacBook Air 13 inch M1 8GB/256GB,Ngân,5
apple-macbook-air-2020-mgn63saa,MacBook Air 13 inch M1 8GB/256GB,Chị Phượng,5
apple-macbook-air-2020-mgn63saa,MacBook Air 13 inch M1 8GB/256GB,Anh Dũng,5
apple-macbook-air-2020-mgn63saa,MacBook Air 13 inch M1 8GB/256GB,Hiệp,5
apple-macbook-air-2020-mgn63saa,MacBook Air 13 inch M1 8GB/256GB,Linh,1
apple-macbook-air-2020-mgn63saa,MacBook Air 13 inch M1 8GB/256GB,Long,5
apple-macbook-air-2020-mgn63saa,MacBook Air 13 inch M1 8GB/256GB,Thảo,5
apple-macbook-air-2020-mgn63saa,MacBook Air 13 inch M1 8GB/256GB,Hùng,3
apple-macbook-air-2020-mgn63saa,MacBook Air 13 inch M1 8GB/256GB,Minh,5
apple-macbook-air-2020-mgn63saa,MacBook Air 13 inch M1 8GB/256GB,Hà,5
apple-macbook-air-2020-mgn63saa,MacBook Air 13 inch M1 8GB/256GB,Nga,4
apple-macbook-air-2020-mgn63saa,MacBook Air 13 inch M1 8GB/256GB,Dương,5
apple-macbook-air-2020-mgn63saa,MacBook Air 13 inch M1 8GB/256GB,Nhung,4
apple-macbook-air-2020-mgn63saa,MacBook Air 13 inch M1 8GB/256GB,Tiên,4
apple-macbook-air-2020-mgn63saa,MacBook Air 13 inch M1 8GB/256GB,Nga,5
apple-macbook-air-2020-mgn63saa,MacBook Air 13 inch M1 8GB/256GB,Chị Trang,5
apple-macbook-air-2020-mgn63saa,MacBook Air 13 inch M1 8GB/256GB,Trang,5
apple-macbook-air-2020-mgn63saa,MacBook Air 13 inch M1 8GB/256GB,Nhi,5
apple-macbook-air-2020-mgn63saa,MacBook Air 13 inch M1 8GB/256GB,Huyền,3
apple-macbook-air-2020-mgn63saa,MacBook Air 13 inch M1 8GB/256GB,Ngọc,5
msi-modern-15-b12mo-i5-625vn,MSI Modern 15 B12MO i5 1235U (625VN),Duyên,4
asus-asus-vivobook-15-oled-a1505za-i5-ma415w,Asus Vivobook 15 OLED A1505ZA i5 12500H (MA415W),Bình,3
asus-asus-vivobook-15-oled-a1505za-i5-ma415w,Asus Vivobook 15 OLED A1505ZA i5 12500H (MA415W),Duy,5
asus-asus-vivobook-15-oled-a1505za-i5-ma415w,Asus Vivobook 15 OLED A1505ZA i5 12500H (MA415W),Quý,4
asus-asus-vivobook-15-oled-a1505za-i5-ma415w,Asus Vivobook 15 OLED A1505ZA i5 12500H (MA415W),Tiến,4
acer-nitro-v-15-anv15-41-r1jy-r5-nhqpfsv001,Acer Nitro V 15 ANV15 41 R1JY R5 6600H (NH.QPFSV.001),Bảo,5
lenovo-loq-gaming-15iax9-i5-83gs000jvn,Lenovo Gaming LOQ 15IAX9 i5 12450HX (83GS000JVN),Phúc,5
lenovo-loq-gaming-15iax9-i5-83gs000jvn,Lenovo Gaming LOQ 15IAX9 i5 12450HX (83GS000JVN),Nguyên,3
lenovo-loq-gaming-15iax9-i5-83gs000jvn,Lenovo Gaming LOQ 15IAX9 i5 12450HX (83GS000JVN),Linh,3
lenovo-loq-gaming-15iax9-i5-83gs000jvn,Lenovo Gaming LOQ 15IAX9 i5 12450HX (83GS000JVN),Công,5
msi-gf63-thin-12ve-i5-460vn,MSI Gaming GF63 Thin 12VE i5 12450H (460VN),Hà,4
msi-gf63-thin-12ve-i5-460vn,MSI Gaming GF63 Thin 12VE i5 12450H (460VN),Tâm,4
hp-victus-15-fa1139tx-i5-8y6w3pa,HP Gaming VICTUS 15 fa1139TX i5 12450H (8Y6W3PA),Cường,2
asus-vivobook-14-x1404va-i5-nk050w,Asus Vivobook 14 X1404VA i5 1335U (NK050W),Quỳnh,3
asus-vivobook-k3605zf-i5-rp745w,Asus Gaming Vivobook K3605ZF i5 12500H (RP745W),Hiếu,5
asus-vivobook-x1404za-i3-nk246w,Asus Vivobook X1404ZA i3 1215U (NK246W),Giang,1
hp-pavilion-15-eg3091tu-i7-8c5l2pa,HP Pavilion 15 eg3091TU i7 1355U (8C5L2PA),Hải,4
asus-vivobook-k3605zc-i5-rp629w,Asus Gaming Vivobook K3605ZC i5 12500H (RP629W),Trung,3
hp-victus-15-fb1022ax-r5-94f19pa,HP Gaming VICTUS 15 fb1022AX R5 7535HS (94F19PA),Hoài,5
msi-gaming-gf63-thin-12uc-i7-887vn,MSI Gaming GF63 Thin 12UC i7 12650H (887VN),Anh,5
asus-vivobook-15-x1504za-i3-nj102w?utm_flashsale=1,Asus Vivobook 15 X1504ZA i3 1215U (NJ102W),Thảo,5
hp-envy-x360-14-fc0162tu-ultra-5-ay8x1pa,HP Envy x360 14 fc0162TU Ultra 5 125U (AY8X1PA),Thảo,1
asus-x1504za-i5-nj1608w?utm_flashsale=1,Asus Vivobook 15 X1504ZA i5 1235U (NJ1608W),Hưng,3
hp-pavilion-15-eg2088tu-i7-7c0r0pa?utm_flashsale=1,HP Pavilion 15 eg2088TU i7 1260P (7C0R0PA),Trí,2
hp-pavilion-15-eg2088tu-i7-7c0r0pa?utm_flashsale=1,HP Pavilion 15 eg2088TU i7 1260P (7C0R0PA),Trung,4
hp-pavilion-15-eg2088tu-i7-7c0r0pa?utm_flashsale=1,HP Pavilion 15 eg2088TU i7 1260P (7C0R0PA),Bình,5
acer-nitro-5-tiger-an515-58-52sp-i5-nhqfhsv001,Acer Gaming Nitro 5 Tiger AN515 58 52SP i5 12500H (NH.QFHSV.001),Thái,1
acer-nitro-5-tiger-an515-58-52sp-i5-nhqfhsv001,Acer Gaming Nitro 5 Tiger AN515 58 52SP i5 12500H (NH.QFHSV.001),Đạt,5
msi-gaming-gf63-thin-12ve-i5-460vn,MSI Gaming GF63 Thin 12VE i5 12450H (460VN),Tân,3
msi-gaming-gf63-thin-12ve-i5-460vn,MSI Gaming GF63 Thin 12VE i5 12450H (460VN),Chị Hương,5
msi-gaming-gf63-thin-12ve-i5-460vn,MSI Gaming GF63 Thin 12VE i5 12450H (460VN),Quân,4
asus-vivobook-15-oled-a1505va-i5-l1341w,Asus Vivobook 15 OLED A1505VA i5 13500H (L1341W),Duyên,2
asus-vivobook-15-oled-a1505va-i5-l1341w,Asus Vivobook 15 OLED A1505VA i5 13500H (L1341W),Huy,5
asus-vivobook-15-oled-a1505va-i5-l1341w,Asus Vivobook 15 OLED A1505VA i5 13500H (L1341W),Lan,4
hp-gaming-victus-16-s0077ax-r7-8c5n6pa,HP Gaming VICTUS 16 s0077AX R7 7840HS (8C5N6PA),Tuấn Anh,1
acer-aspire-7-gaming-a715-76g-5806-i5-nhqmfsv002,Acer Gaming Aspire 7 A715 76G 5806 i5 12450H (NH.QMFSV.002),Hiếu,5
lenovo-ideapad-slim-3-15iah8-i5-83er00evn,Lenovo Ideapad Slim 3 15IAH8 i5 12450H (83ER000EVN),Quyên,5
lenovo-ideapad-slim-3-15iah8-i5-83er00evn,Lenovo Ideapad Slim 3 15IAH8 i5 12450H (83ER000EVN),Nhung,5
lenovo-ideapad-slim-3-15iah8-i5-83er00evn,Lenovo Ideapad Slim 3 15IAH8 i5 12450H (83ER000EVN),Lâm,2
lenovo-ideapad-slim-3-15iah8-i5-83er00evn,Lenovo Ideapad Slim 3 15IAH8 i5 12450H (83ER000EVN),Như,4
lenovo-ideapad-slim-3-15iah8-i5-83er00evn,Lenovo Ideapad Slim 3 15IAH8 i5 12450H (83ER000EVN),Tuấn Anh,5
acer-aspire-5-a515-58gm-51lb-i5-nxkq4sv002,Acer Gaming Aspire 5 A515 58GM 51LB i5 13420H (NX.KQ4SV.002),Tân,4
acer-aspire-5-a515-58gm-51lb-i5-nxkq4sv002,Acer Gaming Aspire 5 A515 58GM 51LB i5 13420H (NX.KQ4SV.002),Anh Vũ,4
acer-aspire-lite-14-51m-36pn-i3-nxktwsv001,Acer Aspire Lite 14 51M 36PN i3 1215U (NX.KTWSV.001),Hải,5
lenovo-thinkpad-v14-i7-83a00012vn,Lenovo V14 G4 i7 1355U (83A00012VN),Huyền,3
msi-bravo-15-b7ed-r5-010vn,MSI Gaming Bravo 15 B7ED R5 7535HS (010VN),Vinh,5
msi-bravo-15-b7ed-r5-010vn,MSI Gaming Bravo 15 B7ED R5 7535HS (010VN),Nam,2
hp-pavilion-15-eg2081tu-i5-7c0q4pa,HP Pavilion 15 eg2081TU i5 1240P (7C0Q4PA),Trí,3
hp-pavilion-15-eg2081tu-i5-7c0q4pa,HP Pavilion 15 eg2081TU i5 1240P (7C0Q4PA),Thư,1
hp-pavilion-15-eg2081tu-i5-7c0q4pa,HP Pavilion 15 eg2081TU i5 1240P (7C0Q4PA),Chị Liên,2
hp-pavilion-15-eg2081tu-i5-7c0q4pa,HP Pavilion 15 eg2081TU i5 1240P (7C0Q4PA),Tâm,5
hp-pavilion-15-eg2081tu-i5-7c0q4pa,HP Pavilion 15 eg2081TU i5 1240P (7C0Q4PA),Châu,4
hp-pavilion-15-eg2081tu-i5-7c0q4pa,HP Pavilion 15 eg2081TU i5 1240P (7C0Q4PA),Linh,4
hp-pavilion-15-eg2081tu-i5-7c0q4pa,HP Pavilion 15 eg2081TU i5 1240P (7C0Q4PA),Chị Liên,5
hp-pavilion-15-eg2082tu-i5-7c0q5pa,HP Pavilion 15 eg2082TU i5 1240P (7C0Q5PA),Chị Liên,4
hp-pavilion-15-eg2082tu-i5-7c0q5pa,HP Pavilion 15 eg2082TU i5 1240P (7C0Q5PA),Thuỷ,3
hp-pavilion-15-eg2082tu-i5-7c0q5pa,HP Pavilion 15 eg2082TU i5 1240P (7C0Q5PA),Chị Hằng,4
hp-pavilion-15-eg2082tu-i5-7c0q5pa,HP Pavilion 15 eg2082TU i5 1240P (7C0Q5PA),Phượng,4
hp-pavilion-15-eg2082tu-i5-7c0q5pa,HP Pavilion 15 eg2082TU i5 1240P (7C0Q5PA),Anh Việt,5
hp-pavilion-15-eg2082tu-i5-7c0q5pa,HP Pavilion 15 eg2082TU i5 1240P (7C0Q5PA),Anh Trường,3
acer-aspire-5-a515-58m-56yx-i5-nxkq8sv005,Acer Aspire 5 A515 58M 56YX i5 13420H (NX.KQ8SV.005),Thịnh,4
acer-aspire-5-a515-58m-56yx-i5-nxkq8sv005,Acer Aspire 5 A515 58M 56YX i5 13420H (NX.KQ8SV.005),Nhi,4
dell-vostro-3530-i5-80gg93,Dell Vostro 3530 i5 1335U (80GG93),Thuỷ,2
hp-gaming-victus-16-r0130tx-i5-8c5n5pa,HP Gaming VICTUS 16 r0130TX i5 13500H (8C5N5PA),Vinh,5
lenovo-ideapad-1-15alc7-r7-82r400c1vn,Lenovo Ideapad 1 15ALC7 R7 5700U (82R400C1VN),Thành,5
lenovo-ideapad-1-15alc7-r7-82r400c1vn,Lenovo Ideapad 1 15ALC7 R7 5700U (82R400C1VN),Nhung,4
lenovo-ideapad-1-15alc7-r7-82r400c1vn,Lenovo Ideapad 1 15ALC7 R7 5700U (82R400C1VN),Nam,5
asus-tuf-gaming-f15-fx507zc4-i5-hn229w,Asus TUF Gaming F15 FX507ZC4 i5 12500H (HN229W),Phúc,3
dell-vostro-15-3520-i5-5m2tt2,Dell Vostro 15 3520 i5 1235U (5M2TT2),Nhung,1
dell-vostro-15-3520-i5-5m2tt2,Dell Vostro 15 3520 i5 1235U (5M2TT2),Tiến,3
dell-vostro-15-3520-i5-5m2tt2,Dell Vostro 15 3520 i5 1235U (5M2TT2),Chị Hạnh,5
acer-nitro-5-an515-58-769j-i7-nhqfhsv003,Acer Gaming Nitro 5 Tiger AN515 58 769J i7 12700H (NH.QFHSV.003),Lộc,4
acer-aspire-a514-54-5127-i5-nxa28sv007,Acer Aspire 5 A514 54 5127 i5 1135G7 (NX.A28SV.007),Thanh,1
acer-aspire-a514-54-5127-i5-nxa28sv007,Acer Aspire 5 A514 54 5127 i5 1135G7 (NX.A28SV.007),Trung,3
acer-aspire-a514-54-5127-i5-nxa28sv007,Acer Aspire 5 A514 54 5127 i5 1135G7 (NX.A28SV.007),Anh Tùng,4
acer-aspire-a514-54-5127-i5-nxa28sv007,Acer Aspire 5 A514 54 5127 i5 1135G7 (NX.A28SV.007),Huy,4
acer-aspire-a514-54-5127-i5-nxa28sv007,Acer Aspire 5 A514 54 5127 i5 1135G7 (NX.A28SV.007),Thắng,4
dell-inspiron-15-3520-i5u085w11blu?utm_flashsale=1,Dell Inspiron 15 3520 i5 1235U (i5U085W11BLU),Phúc,1
dell-inspiron-15-3520-i5u085w11blu?utm_flashsale=1,Dell Inspiron 15 3520 i5 1235U (i5U085W11BLU),Hoàng Anh,2
dell-inspiron-3530-i5-1335u-i5u085w11blu,Dell Inspiron 15 3530 i5 1335U (N3530-i5U085W11BLU),Trang,1
dell-inspiron-3530-i5-1335u-i5u085w11blu,Dell Inspiron 15 3530 i5 1335U (N3530-i5U085W11BLU),Phúc,5
dell-inspiron-3530-i5-1335u-i5u085w11blu,Dell Inspiron 15 3530 i5 1335U (N3530-i5U085W11BLU),Minh,3
dell-inspiron-3530-i5-1335u-i5u085w11blu,Dell Inspiron 15 3530 i5 1335U (N3530-i5U085W11BLU),Như,4
dell-vostro-15-3520-i5-i5u165w11gru,Dell Vostro 15 3520 i5 1235U (i5U165W11GRU),Quỳnh,5
asus-vivobook-14x-oled-k3405vc-i5-km006w?utm_flashsale=1,Asus Vivobook 14X OLED K3405VC i5 13500H (KM006W),Hương,4
asus-vivobook-14x-oled-k3405vc-i5-km006w?utm_flashsale=1,Asus Vivobook 14X OLED K3405VC i5 13500H (KM006W),Dung,4
asus-vivobook-14x-oled-k3405vc-i5-km006w?utm_flashsale=1,Asus Vivobook 14X OLED K3405VC i5 13500H (KM006W),Anh Huy,4
asus-ux5406sa-ultra-7-pv140ws,Asus Zenbook S 14 UX5406SA Ultra 7 258V (PV140WS),Huy,5
asus-tuf-gaming-fx517ze-i5-hn045w,Asus TUF Gaming Dash F15 FX517ZE i5 12450H (HN045W),Lộc,5
asus-tuf-gaming-fx517ze-i5-hn045w,Asus TUF Gaming Dash F15 FX517ZE i5 12450H (HN045W),Minh,4
asus-tuf-gaming-fx517ze-i5-hn045w,Asus TUF Gaming Dash F15 FX517ZE i5 12450H (HN045W),Long,4
asus-tuf-gaming-fx517ze-i5-hn045w,Asus TUF Gaming Dash F15 FX517ZE i5 12450H (HN045W),Anh Thắng,5
asus-tuf-gaming-fx517ze-i5-hn045w,Asus TUF Gaming Dash F15 FX517ZE i5 12450H (HN045W),Duy,5
asus-tuf-gaming-fx517ze-i5-hn045w,Asus TUF Gaming Dash F15 FX517ZE i5 12450H (HN045W),Toàn,4
asus-vivobook-15-x1504va-i5-nj025w,Asus Vivobook 15 X1504VA i5 1335U (NJ025W),Nam,3
asus-vivobook-15-x1504va-i5-nj025w,Asus Vivobook 15 X1504VA i5 1335U (NJ025W),Tuyền,4
asus-vivobook-15-x1504va-i5-nj025w,Asus Vivobook 15 X1504VA i5 1335U (NJ025W),Trang,4
macbook-air-13-inch-m4-24gb-256gb,MacBook Air 13 inch M4 24GB/256GB,An,1
loa-bluetooth-jbl-charge-6,Loa Bluetooth JBL Charge 6,Quân,5
loa-bluetooth-xiaomi-sound-pocket,Loa Bluetooth Xiaomi Sound Pocket,Phúc,5
loa-bluetooth-xiaomi-sound-pocket,Loa Bluetooth Xiaomi Sound Pocket,Hoa,1
loa-bluetooth-xiaomi-sound-pocket,Loa Bluetooth Xiaomi Sound Pocket,Phát,5
loa-bluetooth-xiaomi-sound-pocket,Loa Bluetooth Xiaomi Sound Pocket,Dũng,5
loa-bluetooth-jbl-clip-5,Loa Bluetooth JBL Clip 5,Dũng,4
loa-bluetooth-jbl-clip-5,Loa Bluetooth JBL Clip 5,Hoà,5
loa-bluetooth-jbl-clip-5,Loa Bluetooth JBL Clip 5,An,4
loa-bluetooth-rezo-play,Loa Bluetooth Rezo Play,Thảo,2
bluetooth-harman-kardon-soundsticks-4,Loa Bluetooth Harman Kardon SoundSticks 4,Anh Hưng,5
bluetooth-harman-kardon-soundsticks-4,Loa Bluetooth Harman Kardon SoundSticks 4,Anh Hải,5
bluetooth-harman-kardon-soundsticks-4,Loa Bluetooth Harman Kardon SoundSticks 4,Phú,5
bluetooth-harman-kardon-soundsticks-4,Loa Bluetooth Harman Kardon SoundSticks 4,Mai,5
loa-bluetooth-ava-go-z12?utm_flashsale=1,Loa Bluetooth AVA+ Go Z12,Huy,4
loa-bluetooth-ava-go-z12?utm_flashsale=1,Loa Bluetooth AVA+ Go Z12,Hồng,4
loa-bluetooth-ava-go-z12?utm_flashsale=1,Loa Bluetooth AVA+ Go Z12,Dũng,5
loa-bluetooth-ava-go-z12?utm_flashsale=1,Loa Bluetooth AVA+ Go Z12,Hoàng,4
loa-bluetooth-ava-go-z12?utm_flashsale=1,Loa Bluetooth AVA+ Go Z12,Kiệt,5
loa-bluetooth-ava-go-z12?utm_flashsale=1,Loa Bluetooth AVA+ Go Z12,Hải,4
loa-bluetooth-ava-go-z12?utm_flashsale=1,Loa Bluetooth AVA+ Go Z12,Hương,5
loa-bluetooth-ava-go-z12?utm_flashsale=1,Loa Bluetooth AVA+ Go Z12,Hùng,4
loa-bluetooth-ava-go-z12?utm_flashsale=1,Loa Bluetooth AVA+ Go Z12,Minh,5
loa-bluetooth-ava-go-z12?utm_flashsale=1,Loa Bluetooth AVA+ Go Z12,Hưng,5
loa-bluetooth-jbl-go-4,Loa Bluetooth JBL Go 4,Công,5
loa-bluetooth-ava-plus-led-k09?utm_flashsale=1,Loa Bluetooth AVA+ Led K09,Đức,4
loa-bluetooth-ava-plus-led-k09?utm_flashsale=1,Loa Bluetooth AVA+ Led K09,Anh Thành,5
loa-bluetooth-ava-plus-led-k09?utm_flashsale=1,Loa Bluetooth AVA+ Led K09,Thịnh,5
loa-bluetooth-rezo-light-motion-k118?utm_flashsale=1,Loa Bluetooth Rezo Light Motion K118,Minh,2
loa-bluetooth-rezo-light-motion-k118?utm_flashsale=1,Loa Bluetooth Rezo Light Motion K118,Anh Huy,5
loa-bluetooth-rezo-light-motion-k118?utm_flashsale=1,Loa Bluetooth Rezo Light Motion K118,Giang,2
loa-bluetooth-rezo-light-motion-k118?utm_flashsale=1,Loa Bluetooth Rezo Light Motion K118,Tú,3
loa-bluetooth-rezo-light-motion-k118?utm_flashsale=1,Loa Bluetooth Rezo Light Motion K118,Vũ,5
loa-bluetooth-rezo-light-motion-k118?utm_flashsale=1,Loa Bluetooth Rezo Light Motion K118,Hương,5
loa-vi-tinh-21-enkor-s2880-den,Loa vi tính Bluetooth Enkor S2880,Anh Đức,1
loa-vi-tinh-21-enkor-s2880-den,Loa vi tính Bluetooth Enkor S2880,Hiền,1
loa-vi-tinh-21-enkor-s2880-den,Loa vi tính Bluetooth Enkor S2880,Thành,1
loa-vi-tinh-21-enkor-s2880-den,Loa vi tính Bluetooth Enkor S2880,Thanh,5
loa-vi-tinh-21-enkor-s2880-den,Loa vi tính Bluetooth Enkor S2880,Anh,4
loa-vi-tinh-21-enkor-s2880-den,Loa vi tính Bluetooth Enkor S2880,Hiếu,5
loa-vi-tinh-21-enkor-s2880-den,Loa vi tính Bluetooth Enkor S2880,Thúy,5
loa-vi-tinh-21-enkor-s2880-den,Loa vi tính Bluetooth Enkor S2880,Thảo,4
loa-vi-tinh-21-enkor-s2880-den,Loa vi tính Bluetooth Enkor S2880,Trung,3
loa-vi-tinh-21-enkor-s2880-den,Loa vi tính Bluetooth Enkor S2880,Nam,3
loa-vi-tinh-21-enkor-s2880-den,Loa vi tính Bluetooth Enkor S2880,Quân,5
loa-vi-tinh-21-enkor-s2880-den,Loa vi tính Bluetooth Enkor S2880,Anh Nam,5
loa-vi-tinh-21-enkor-s2880-den,Loa vi tính Bluetooth Enkor S2880,Vũ,4
loa-vi-tinh-21-enkor-s2880-den,Loa vi tính Bluetooth Enkor S2880,Chị Trang,4
loa-vi-tinh-21-enkor-s2880-den,Loa vi tính Bluetooth Enkor S2880,Thái,3
loa-vi-tinh-21-enkor-s2880-den,Loa vi tính Bluetooth Enkor S2880,Trường,5
loa-vi-tinh-21-enkor-s2880-den,Loa vi tính Bluetooth Enkor S2880,Long,5
loa-vi-tinh-21-enkor-s2880-den,Loa vi tính Bluetooth Enkor S2880,Đạt,5
loa-vi-tinh-21-enkor-s2880-den,Loa vi tính Bluetooth Enkor S2880,Dũng,5
loa-vi-tinh-21-enkor-s2880-den,Loa vi tính Bluetooth Enkor S2880,Dũng,3
loa-vi-tinh-21-enkor-s2880-den,Loa vi tính Bluetooth Enkor S2880,Hoàng,4
loa-vi-tinh-21-enkor-s2880-den,Loa vi tính Bluetooth Enkor S2880,Anh Việt,2
loa-vi-tinh-21-enkor-s2880-den,Loa vi tính Bluetooth Enkor S2880,Anh Hiếu,4
loa-vi-tinh-21-enkor-s2880-den,Loa vi tính Bluetooth Enkor S2880,Đức,4
loa-vi-tinh-21-enkor-s2880-den,Loa vi tính Bluetooth Enkor S2880,Sơn,1
loa-vi-tinh-21-enkor-s2880-den,Loa vi tính Bluetooth Enkor S2880,Anh Hùng,4
loa-vi-tinh-21-enkor-s2880-den,Loa vi tính Bluetooth Enkor S2880,Tài,5
loa-vi-tinh-21-enkor-s2880-den,Loa vi tính Bluetooth Enkor S2880,Phúc,3
loa-vi-tinh-21-enkor-s2880-den,Loa vi tính Bluetooth Enkor S2880,Trung,4
loa-vi-tinh-21-enkor-s2880-den,Loa vi tính Bluetooth Enkor S2880,Tuấn,5
loa-vi-tinh-21-enkor-s2880-den,Loa vi tính Bluetooth Enkor S2880,Anh Trường,5
loa-vi-tinh-21-enkor-s2880-den,Loa vi tính Bluetooth Enkor S2880,Mạnh,4
loa-vi-tinh-21-enkor-e700-den,Loa vi tính Bluetooth Enkor E700,Hoa,3
loa-vi-tinh-21-enkor-e700-den,Loa vi tính Bluetooth Enkor E700,Nhân,5
loa-vi-tinh-21-enkor-e700-den,Loa vi tính Bluetooth Enkor E700,Đạt,5
loa-vi-tinh-21-enkor-e700-den,Loa vi tính Bluetooth Enkor E700,Giang,5
loa-vi-tinh-21-enkor-e700-den,Loa vi tính Bluetooth Enkor E700,Vinh,3
loa-vi-tinh-21-enkor-e700-den,Loa vi tính Bluetooth Enkor E700,Quyên,4
loa-vi-tinh-21-enkor-e700-den,Loa vi tính Bluetooth Enkor E700,Đăng,3
loa-vi-tinh-21-enkor-e700-den,Loa vi tính Bluetooth Enkor E700,Anh Hưng,4
loa-vi-tinh-21-enkor-e700-den,Loa vi tính Bluetooth Enkor E700,Trường,4
loa-vi-tinh-21-enkor-e700-den,Loa vi tính Bluetooth Enkor E700,Danh,5
loa-vi-tinh-21-enkor-e700-den,Loa vi tính Bluetooth Enkor E700,Hồng,1
loa-vi-tinh-21-enkor-e700-den,Loa vi tính Bluetooth Enkor E700,Anh Hưng,5
loa-vi-tinh-21-enkor-e700-den,Loa vi tính Bluetooth Enkor E700,Anh Tuấn,3
loa-vi-tinh-21-enkor-e700-den,Loa vi tính Bluetooth Enkor E700,Anh Dũng,5
loa-vi-tinh-21-enkor-e700-den,Loa vi tính Bluetooth Enkor E700,Phú,5
loa-vi-tinh-21-enkor-e700-den,Loa vi tính Bluetooth Enkor E700,Anh Tiến,5
loa-vi-tinh-21-enkor-e700-den,Loa vi tính Bluetooth Enkor E700,Vinh,5
loa-vi-tinh-21-enkor-e700-den,Loa vi tính Bluetooth Enkor E700,Anh Hiếu,4
loa-vi-tinh-21-enkor-e700-den,Loa vi tính Bluetooth Enkor E700,Hoàng,5
loa-vi-tinh-21-enkor-e700-den,Loa vi tính Bluetooth Enkor E700,Anh Tuấn,5
loa-vi-tinh-21-enkor-e700-den,Loa vi tính Bluetooth Enkor E700,Anh Hải,5
loa-vi-tinh-21-enkor-e700-den,Loa vi tính Bluetooth Enkor E700,Long,4
loa-vi-tinh-21-enkor-e700-den,Loa vi tính Bluetooth Enkor E700,Anh Hưng,3
loa-vi-tinh-21-enkor-e700-den,Loa vi tính Bluetooth Enkor E700,Hoà,4
loa-vi-tinh-21-enkor-e700-den,Loa vi tính Bluetooth Enkor E700,Anh,4
loa-vi-tinh-21-enkor-e700-den,Loa vi tính Bluetooth Enkor E700,Duy,5
loa-vi-tinh-21-enkor-e700-den,Loa vi tính Bluetooth Enkor E700,Nam,5
loa-vi-tinh-21-enkor-e700-den,Loa vi tính Bluetooth Enkor E700,Hoà,3
loa-vi-tinh-21-enkor-e700-den,Loa vi tính Bluetooth Enkor E700,Hiệp,5
loa-vi-tinh-21-enkor-e700-den,Loa vi tính Bluetooth Enkor E700,Hoà,5
loa-bluetooth-xiaomi-sound-outdoor,Loa Bluetooth Xiaomi Sound Outdoor,Quang,4
loa-bluetooth-xiaomi-sound-outdoor,Loa Bluetooth Xiaomi Sound Outdoor,Hiếu,5
loa-bluetooth-xiaomi-sound-outdoor,Loa Bluetooth Xiaomi Sound Outdoor,Vũ,5
loa-bluetooth-xiaomi-sound-outdoor,Loa Bluetooth Xiaomi Sound Outdoor,Toàn,5
vi-tinh-microlab-b26-den,Loa vi tính Microlab B26,Thanh,4
vi-tinh-microlab-b26-den,Loa vi tính Microlab B26,Tùng,5
vi-tinh-microlab-b26-den,Loa vi tính Microlab B26,Đạt,5
vi-tinh-microlab-b26-den,Loa vi tính Microlab B26,Cường,4
vi-tinh-microlab-b26-den,Loa vi tính Microlab B26,Hằng,2
vi-tinh-microlab-b26-den,Loa vi tính Microlab B26,Tân,3
vi-tinh-microlab-b26-den,Loa vi tính Microlab B26,Phong,4
vi-tinh-microlab-b26-den,Loa vi tính Microlab B26,Hương,5
loa-bluetooth-rezo-home-series-bag?utm_flashsale=1,Loa Bluetooth Rezo Home Series Bag,Tuấn,5
loa-bluetooth-rezo-home-series-bag?utm_flashsale=1,Loa Bluetooth Rezo Home Series Bag,Phong,4
bluetooth-jbl-charge-5,Loa Bluetooth JBL Charge 5,Chị Nhi,5
bluetooth-jbl-charge-5,Loa Bluetooth JBL Charge 5,Anh Tú,4
bluetooth-jbl-charge-5,Loa Bluetooth JBL Charge 5,Phong,5
loa-keo-karaoke-nanomax-s-820-400w,Loa kéo Nanomax S-820,Sơn,1
loa-keo-karaoke-nanomax-s-820-400w,Loa kéo Nanomax S-820,Ngọc,1
loa-keo-karaoke-nanomax-s-820-400w,Loa kéo Nanomax S-820,Khôi,3
loa-keo-karaoke-nanomax-s-820-400w,Loa kéo Nanomax S-820,Hoàng,5
loa-keo-karaoke-nanomax-s-820-400w,Loa kéo Nanomax S-820,Châu,3
loa-keo-karaoke-nanomax-s-820-400w,Loa kéo Nanomax S-820,Anh Nam,4
loa-keo-karaoke-nanomax-s-820-400w,Loa kéo Nanomax S-820,Duyên,4
loa-keo-karaoke-nanomax-s-820-400w,Loa kéo Nanomax S-820,Phượng,5
loa-keo-karaoke-nanomax-s-820-400w,Loa kéo Nanomax S-820,Chị Thuỷ,2
loa-keo-karaoke-nanomax-s-820-400w,Loa kéo Nanomax S-820,Dũng,5
loa-keo-karaoke-nanomax-s-820-400w,Loa kéo Nanomax S-820,Thành,5
loa-keo-karaoke-nanomax-s-820-400w,Loa kéo Nanomax S-820,Thủy,3
loa-bluetooth-ava-go-z09?utm_flashsale=1,Loa Bluetooth AVA+ Go Z09,Hồng,4
loa-bluetooth-ava-go-z09?utm_flashsale=1,Loa Bluetooth AVA+ Go Z09,Tâm,5
loa-bluetooth-ava-go-z09?utm_flashsale=1,Loa Bluetooth AVA+ Go Z09,Tuấn Anh,5
loa-bluetooth-ava-go-z09?utm_flashsale=1,Loa Bluetooth AVA+ Go Z09,Quý,5
loa-bluetooth-ava-go-z09?utm_flashsale=1,Loa Bluetooth AVA+ Go Z09,Vinh,1
loa-bluetooth-ava-go-z09?utm_flashsale=1,Loa Bluetooth AVA+ Go Z09,Anh Phúc,3
loa-bluetooth-ava-go-z09?utm_flashsale=1,Loa Bluetooth AVA+ Go Z09,Linh,5
loa-bluetooth-ava-go-z09?utm_flashsale=1,Loa Bluetooth AVA+ Go Z09,Thiện,4
loa-thanh-samsung-hw-q600c-xv,Bộ loa thanh Samsung HW-Q600C/XV,Huy,3
loa-thanh-samsung-hw-q600c-xv,Bộ loa thanh Samsung HW-Q600C/XV,Anh Việt,4
loa-thanh-samsung-hw-q600c-xv,Bộ loa thanh Samsung HW-Q600C/XV,Anh Đức,3
nanomax-s-1000,Loa kéo Nanomax S-1000,Tú,5
nanomax-s-1000,Loa kéo Nanomax S-1000,Anh Tuấn,3
nanomax-s-1000,Loa kéo Nanomax S-1000,Anh Tuấn,5
nanomax-s-1000,Loa kéo Nanomax S-1000,Anh Trung,4
nanomax-s-1000,Loa kéo Nanomax S-1000,Chị Trang,4
nanomax-s-1000,Loa kéo Nanomax S-1000,Trí,5
nanomax-s-1000,Loa kéo Nanomax S-1000,Lâm,3
nanomax-s-1000,Loa kéo Nanomax S-1000,Minh,5
nanomax-s-1000,Loa kéo Nanomax S-1000,Quang,5
nanomax-s-1000,Loa kéo Nanomax S-1000,Anh Thịnh,5
nanomax-s-1000,Loa kéo Nanomax S-1000,Chị Nga,5
nanomax-s-1000,Loa kéo Nanomax S-1000,Linh,3
nanomax-s-1000,Loa kéo Nanomax S-1000,Khánh,5
nanomax-s-1000,Loa kéo Nanomax S-1000,Anh Cường,5
loa-vi-tinh-microlab-b27,Loa vi tính Microlab B27,Đạt,2
loa-bluetooth-ava-plus-freego-f13?utm_flashsale=1,Loa Bluetooth AVA+ FreeGo F13,Chị Trang,4
loa-bluetooth-ava-plus-freego-f13?utm_flashsale=1,Loa Bluetooth AVA+ FreeGo F13,Tài,3
loa-bluetooth-ava-plus-freego-f13?utm_flashsale=1,Loa Bluetooth AVA+ FreeGo F13,Đạt,3
loa-bluetooth-ava-plus-freego-f13?utm_flashsale=1,Loa Bluetooth AVA+ FreeGo F13,Vương,5
loa-bluetooth-ava-plus-freego-f13?utm_flashsale=1,Loa Bluetooth AVA+ FreeGo F13,Hải,5
loa-karaoke-nanomax-x-2000,Loa kéo Nanomax X-2000,Thuận,5
loa-karaoke-nanomax-x-2000,Loa kéo Nanomax X-2000,Chị Linh,5
loa-karaoke-nanomax-x-2000,Loa kéo Nanomax X-2000,Huy,2
loa-karaoke-nanomax-x-2000,Loa kéo Nanomax X-2000,Hiền,5
loa-thanh-samsung-hw-c450-xv,Bộ loa thanh Samsung HW-C450/XV,Ngân,4
loa-thanh-samsung-hw-c450-xv,Bộ loa thanh Samsung HW-C450/XV,Anh Bình,5
bluetooth-jbl-go-3-xanh-den,Loa Bluetooth JBL Go 3,Hưng,2
bluetooth-jbl-go-3-xanh-den,Loa Bluetooth JBL Go 3,Chị Nhung,5
bluetooth-jbl-go-3-xanh-den,Loa Bluetooth JBL Go 3,Việt,5
bluetooth-jbl-go-3-xanh-den,Loa Bluetooth JBL Go 3,Anh,3
bluetooth-jbl-go-3-xanh-den,Loa Bluetooth JBL Go 3,Anh Huy,3
bluetooth-jbl-go-3-xanh-den,Loa Bluetooth JBL Go 3,Linh,5
bluetooth-jbl-go-3-xanh-den,Loa Bluetooth JBL Go 3,Phước,5
bluetooth-jbl-go-3-xanh-den,Loa Bluetooth JBL Go 3,Chị Mai,4
bluetooth-jbl-go-3-xanh-den,Loa Bluetooth JBL Go 3,Sang,5
bluetooth-jbl-go-3-xanh-den,Loa Bluetooth JBL Go 3,Phúc,5
bluetooth-jbl-go-3-xanh-den,Loa Bluetooth JBL Go 3,Tuấn,1
bluetooth-jbl-go-3-xanh-den,Loa Bluetooth JBL Go 3,Tuấn,2
bluetooth-jbl-go-3-xanh-den,Loa Bluetooth JBL Go 3,Hậu,5
bluetooth-jbl-go-3-xanh-den,Loa Bluetooth JBL Go 3,An,4
bluetooth-jbl-go-3-xanh-den,Loa Bluetooth JBL Go 3,Dũng,5
bluetooth-jbl-go-3-xanh-den,Loa Bluetooth JBL Go 3,Chị Hương,5
bluetooth-jbl-go-3-xanh-den,Loa Bluetooth JBL Go 3,Chị Trang,5
bluetooth-jbl-go-3-xanh-den,Loa Bluetooth JBL Go 3,Huyền,5
bluetooth-jbl-go-3-xanh-den,Loa Bluetooth JBL Go 3,Danh,5
bluetooth-jbl-go-3-xanh-den,Loa Bluetooth JBL Go 3,Minh,5
bluetooth-jbl-go-3-xanh-den,Loa Bluetooth JBL Go 3,Hoàng,5
bluetooth-jbl-go-3-xanh-den,Loa Bluetooth JBL Go 3,Thắng,5
bluetooth-jbl-go-3-xanh-den,Loa Bluetooth JBL Go 3,Anh Minh,5
bluetooth-jbl-go-3-xanh-den,Loa Bluetooth JBL Go 3,Anh Thái,5
bluetooth-jbl-go-3-xanh-den,Loa Bluetooth JBL Go 3,Đạt,4
bluetooth-jbl-go-3-xanh-den,Loa Bluetooth JBL Go 3,Tuấn,5
bluetooth-jbl-go-3-xanh-den,Loa Bluetooth JBL Go 3,Nghĩa,5
bluetooth-jbl-go-3-xanh-den,Loa Bluetooth JBL Go 3,Thu,5
bluetooth-jbl-go-3-xanh-den,Loa Bluetooth JBL Go 3,Anh Hải,5
bluetooth-jbl-go-3-xanh-den,Loa Bluetooth JBL Go 3,Anh Thanh,4
loa-karaoke-dalton-ts-15a6500,Loa kéo Dalton TS-15A6500,Khánh,5
bluetooth-jbl-flip-6,Loa Bluetooth JBL Flip 6,Huy,5
bluetooth-jbl-flip-6,Loa Bluetooth JBL Flip 6,Khải,5
bluetooth-jbl-flip-6,Loa Bluetooth JBL Flip 6,Đạt,5
bluetooth-jbl-flip-6,Loa Bluetooth JBL Flip 6,Dương,5
bluetooth-jbl-flip-6,Loa Bluetooth JBL Flip 6,Phương,4
bluetooth-jbl-flip-6,Loa Bluetooth JBL Flip 6,Tuấn,5
loa-bluetooth-harman-kardon-go-play-3,Loa Bluetooth Harman Kardon Go + Play 3,Hiếu,5
loa-vi-tinh-soundmax-a700,Loa vi tính Bluetooth Soundmax A700,Vũ,5
loa-karaoke-nanomax-s-5000,Loa kéo Nanomax S-5000,Hiếu,3
loa-karaoke-nanomax-s-5000,Loa kéo Nanomax S-5000,Thanh,5
loa-karaoke-nanomax-s-5000,Loa kéo Nanomax S-5000,Anh Duy,3
loa-karaoke-nanomax-s-5000,Loa kéo Nanomax S-5000,Giang,4
loa-karaoke-nanomax-s-5000,Loa kéo Nanomax S-5000,Anh Duy,4
loa-karaoke-nanomax-s-5000,Loa kéo Nanomax S-5000,Chị Ngọc,4
loa-karaoke-nanomax-s-5000,Loa kéo Nanomax S-5000,Phong,3
loa-karaoke-nanomax-s-5000,Loa kéo Nanomax S-5000,Anh Hải,2
loa-karaoke-nanomax-s-5000,Loa kéo Nanomax S-5000,Nam,5
loa-karaoke-nanomax-s-5000,Loa kéo Nanomax S-5000,Nguyên,5
loa-karaoke-nanomax-s-5000,Loa kéo Nanomax S-5000,Anh Hiếu,3
loa-karaoke-dalton-k220c,Loa Karaoke Dalton K220C,Phước,3
loa-karaoke-dalton-k220c,Loa Karaoke Dalton K220C,Anh An,5
loa-karaoke-dalton-k220c,Loa Karaoke Dalton K220C,Bảo,4
loa-thanh-samsung-hw-t420,Bộ loa thanh Samsung HW-T420,Hằng,5
loa-thanh-samsung-hw-t420,Bộ loa thanh Samsung HW-T420,Huy,5
loa-thanh-samsung-hw-t420,Bộ loa thanh Samsung HW-T420,Tân,4
loa-thanh-samsung-hw-t420,Bộ loa thanh Samsung HW-T420,Nhân,3
loa-thanh-samsung-hw-t420,Bộ loa thanh Samsung HW-T420,Dũng,5
loa-thanh-samsung-hw-t420,Bộ loa thanh Samsung HW-T420,Tuấn,5
loa-thanh-samsung-hw-t420,Bộ loa thanh Samsung HW-T420,Tài,5
loa-thanh-samsung-hw-t420,Bộ loa thanh Samsung HW-T420,Nhi,5
loa-thanh-samsung-hw-t420,Bộ loa thanh Samsung HW-T420,Khang,2
loa-thanh-samsung-hw-t420,Bộ loa thanh Samsung HW-T420,Giang,3
loa-thanh-samsung-hw-t420,Bộ loa thanh Samsung HW-T420,Long,5
loa-thanh-samsung-hw-t420,Bộ loa thanh Samsung HW-T420,Hoà,5
loa-thanh-samsung-hw-t420,Bộ loa thanh Samsung HW-T420,Anh Tuấn,5
loa-thanh-samsung-hw-t420,Bộ loa thanh Samsung HW-T420,Anh Long,5
loa-thanh-samsung-hw-t420,Bộ loa thanh Samsung HW-T420,Hạnh,5
loa-thanh-samsung-hw-t420,Bộ loa thanh Samsung HW-T420,Tùng,5
loa-thanh-samsung-hw-t420,Bộ loa thanh Samsung HW-T420,Danh,5
loa-thanh-samsung-hw-t420,Bộ loa thanh Samsung HW-T420,Anh Hải,5
loa-thanh-samsung-hw-t420,Bộ loa thanh Samsung HW-T420,Hồng,5
loa-thanh-samsung-hw-t420,Bộ loa thanh Samsung HW-T420,Thắng,4
loa-thanh-samsung-hw-t420,Bộ loa thanh Samsung HW-T420,Giang,5
loa-thanh-samsung-hw-t420,Bộ loa thanh Samsung HW-T420,Vân,4
loa-thanh-samsung-hw-t420,Bộ loa thanh Samsung HW-T420,Lộc,5
loa-thanh-samsung-hw-t420,Bộ loa thanh Samsung HW-T420,Thuận,5
loa-thanh-samsung-hw-t420,Bộ loa thanh Samsung HW-T420,Dũng,4
dalton-ts-15g600x,Loa kéo Dalton TS-15G600X,Minh,5
dalton-ts-15g600x,Loa kéo Dalton TS-15G600X,Khánh,5
dalton-ts-15g600x,Loa kéo Dalton TS-15G600X,Dương,5
dalton-ts-15g600x,Loa kéo Dalton TS-15G600X,Vinh,5
dalton-ts-15g600x,Loa kéo Dalton TS-15G600X,Quyên,4
dalton-ts-15g600x,Loa kéo Dalton TS-15G600X,Anh Thắng,2
dalton-ts-15g600x,Loa kéo Dalton TS-15G600X,Anh Tuấn,1
dalton-ts-15g600x,Loa kéo Dalton TS-15G600X,Tài,4
dalton-ts-15g600x,Loa kéo Dalton TS-15G600X,Trung,5
dalton-ts-15g600x,Loa kéo Dalton TS-15G600X,Linh,5
dalton-ts-15g600x,Loa kéo Dalton TS-15G600X,Nhân,5
dalton-ts-15g600x,Loa kéo Dalton TS-15G600X,Chị Liên,4
dalton-ts-15g600x,Loa kéo Dalton TS-15G600X,Chị Nga,4
dalton-ts-15g600x,Loa kéo Dalton TS-15G600X,Lâm,5
dalton-ts-15g600x,Loa kéo Dalton TS-15G600X,Trường,4
dalton-ts-15g600x,Loa kéo Dalton TS-15G600X,Tiên,5
dalton-ts-15g600x,Loa kéo Dalton TS-15G600X,Anh Linh,4
dalton-ts-15g600x,Loa kéo Dalton TS-15G600X,Hà,5
dalton-ts-15g600x,Loa kéo Dalton TS-15G600X,Chị Linh,5
dalton-ts-15g600x,Loa kéo Dalton TS-15G600X,Phượng,5
dalton-ts-15g600x,Loa kéo Dalton TS-15G600X,Thảo,4
dalton-ts-15g600x,Loa kéo Dalton TS-15G600X,Bình,4
loa-keo-karaoke-dalton-ts-12g350n,Loa kéo Dalton TS-12G350N,Nguyên,5
loa-keo-karaoke-dalton-ts-12g350n,Loa kéo Dalton TS-12G350N,Anh Tuấn,4
loa-keo-karaoke-dalton-ts-12g350n,Loa kéo Dalton TS-12G350N,Đức,4
loa-keo-karaoke-dalton-ts-12g350n,Loa kéo Dalton TS-12G350N,Anh Trường,5
loa-keo-karaoke-dalton-ts-12g350n,Loa kéo Dalton TS-12G350N,Phượng,4
loa-keo-karaoke-dalton-ts-12g350n,Loa kéo Dalton TS-12G350N,Đạt,5
loa-keo-karaoke-dalton-ts-12g350n,Loa kéo Dalton TS-12G350N,Anh Thắng,3
loa-keo-karaoke-dalton-ts-12g350n,Loa kéo Dalton TS-12G350N,Quyên,5
dalton-ts-18g850x,Loa kéo Dalton TS-18G850X,Mai,3
dalton-ts-18g850x,Loa kéo Dalton TS-18G850X,Tiến,4
dalton-ts-18g850x,Loa kéo Dalton TS-18G850X,Phương,5
dalton-ts-18g850x,Loa kéo Dalton TS-18G850X,Chị Nga,4
dalton-ts-18g850x,Loa kéo Dalton TS-18G850X,Anh Toàn,4
dalton-ts-18g850x,Loa kéo Dalton TS-18G850X,Anh Lộc,2
dalton-ts-18g850x,Loa kéo Dalton TS-18G850X,Dung,5
dalton-ts-18g850x,Loa kéo Dalton TS-18G850X,Chị Hương,5
dalton-ts-18g850x,Loa kéo Dalton TS-18G850X,Thảo,2
dalton-ts-18g850x,Loa kéo Dalton TS-18G850X,Chị Thảo,4
dalton-ts-18g850x,Loa kéo Dalton TS-18G850X,Phú,2
dalton-ts-18g850x,Loa kéo Dalton TS-18G850X,Giang,4
dalton-ts-18g850x,Loa kéo Dalton TS-18G850X,Thu,4
dalton-ts-18g850x,Loa kéo Dalton TS-18G850X,Chị Yến,1
dalton-ts-18g850x,Loa kéo Dalton TS-18G850X,Anh Vũ,5
dalton-ts-18g850x,Loa kéo Dalton TS-18G850X,Tùng,3
dalton-ts-18g850x,Loa kéo Dalton TS-18G850X,Tuấn,5
dalton-ts-18g850x,Loa kéo Dalton TS-18G850X,Thủy,4
dalton-ts-18g850x,Loa kéo Dalton TS-18G850X,Ngân,5
dalton-ts-18g850x,Loa kéo Dalton TS-18G850X,Lan,4
dalton-ts-18g850x,Loa kéo Dalton TS-18G850X,Tân,5
dalton-ts-18g850x,Loa kéo Dalton TS-18G850X,Chị Linh,4
loa-karaoke-dalton-ts-12g450x,Loa kéo Dalton TS-12G450X,Trung,3
loa-karaoke-dalton-ts-12g450x,Loa kéo Dalton TS-12G450X,Đạt,5
loa-karaoke-dalton-ts-12g450x,Loa kéo Dalton TS-12G450X,Hoa,4
loa-karaoke-dalton-ts-12g450x,Loa kéo Dalton TS-12G450X,Hiền,5
loa-karaoke-dalton-ts-12g450x,Loa kéo Dalton TS-12G450X,Sơn,4
loa-karaoke-dalton-ts-12g450x,Loa kéo Dalton TS-12G450X,Chị Ngọc,5
loa-karaoke-dalton-ts-12g450x,Loa kéo Dalton TS-12G450X,Anh Nam,4
loa-karaoke-dalton-ts-12g450x,Loa kéo Dalton TS-12G450X,Anh Thanh,4
loa-karaoke-dalton-ts-12g450x,Loa kéo Dalton TS-12G450X,Dung,5
loa-karaoke-dalton-ts-12g450x,Loa kéo Dalton TS-12G450X,Anh Trung,4
loa-karaoke-dalton-ts-12g450x,Loa kéo Dalton TS-12G450X,Hằng,5
loa-karaoke-dalton-ts-12g450x,Loa kéo Dalton TS-12G450X,Vy,4
loa-karaoke-dalton-ts-12g450x,Loa kéo Dalton TS-12G450X,Tùng,5
loa-karaoke-xach-tay-jammy-n2070k,Loa karaoke xách tay Jammy N2070K,Huy,5
loa-karaoke-xach-tay-jammy-n2070k,Loa karaoke xách tay Jammy N2070K,Giang,5
loa-karaoke-xach-tay-jammy-n2070k,Loa karaoke xách tay Jammy N2070K,Anh Phương,3
loa-karaoke-xach-tay-jammy-n2070k,Loa karaoke xách tay Jammy N2070K,Thúy,5
loa-bluetooth-sony-srs-xb100,Loa Bluetooth Sony SRS-XB100,Anh Lộc,5
loa-bluetooth-sony-srs-xb100,Loa Bluetooth Sony SRS-XB100,Sang,5
loa-bluetooth-sony-srs-xb100,Loa Bluetooth Sony SRS-XB100,Anh Minh,4
loa-bluetooth-sony-srs-xb100,Loa Bluetooth Sony SRS-XB100,Anh Hiếu,3
loa-bluetooth-sony-srs-xb100,Loa Bluetooth Sony SRS-XB100,Nguyên,5
loa-bluetooth-sony-srs-xb100,Loa Bluetooth Sony SRS-XB100,Quý,5
loa-bluetooth-sony-srs-xb100,Loa Bluetooth Sony SRS-XB100,Anh Nam,5
loa-bluetooth-sony-srs-xb100,Loa Bluetooth Sony SRS-XB100,Duy,5
loa-bluetooth-sony-srs-xb100,Loa Bluetooth Sony SRS-XB100,Thuận,5
loa-bluetooth-harman-kardon-aura-studio-4,Loa Bluetooth Harman Kardon Aura Studio 4,Vinh,5
loa-dien-karaoke-dalton-ts-18a8500-3000w,Loa điện Dalton TS-18A8500,Thanh,5
loa-dien-karaoke-dalton-ts-18a8500-3000w,Loa điện Dalton TS-18A8500,Nhung,1
loa-dien-karaoke-dalton-ts-18a8500-3000w,Loa điện Dalton TS-18A8500,Sơn,4
loa-dien-karaoke-dalton-ts-18a8500-3000w,Loa điện Dalton TS-18A8500,Khánh,4
loa-dien-karaoke-dalton-ts-18a8500-3000w,Loa điện Dalton TS-18A8500,Tuấn,1
loa-dien-karaoke-dalton-ts-18a8500-3000w,Loa điện Dalton TS-18A8500,Nam,5
loa-dien-karaoke-dalton-ts-18a8500-3000w,Loa điện Dalton TS-18A8500,Anh Huy,2
loa-dien-karaoke-dalton-ts-18a8500-3000w,Loa điện Dalton TS-18A8500,Duy,5
loa-dien-karaoke-dalton-ts-18a8500-3000w,Loa điện Dalton TS-18A8500,Tài,5
loa-dien-karaoke-dalton-ts-18a8500-3000w,Loa điện Dalton TS-18A8500,Tiên,3
loa-dien-karaoke-dalton-ts-18a8500-3000w,Loa điện Dalton TS-18A8500,Hoàng,2
loa-dien-karaoke-dalton-ts-18a8500-3000w,Loa điện Dalton TS-18A8500,Anh Long,4
loa-dien-karaoke-dalton-ts-18a8500-3000w,Loa điện Dalton TS-18A8500,Thắng,5
loa-dien-karaoke-dalton-ts-18a8500-3000w,Loa điện Dalton TS-18A8500,Trí,4
loa-dien-karaoke-dalton-ts-18a8500-3000w,Loa điện Dalton TS-18A8500,Kiệt,5
loa-dien-karaoke-dalton-ts-18a8500-3000w,Loa điện Dalton TS-18A8500,Chị Nhung,4
loa-karaoke-birici-nb-6889,Loa kéo Birici NB-6889,Tuyền,3
loa-karaoke-birici-nb-6889,Loa kéo Birici NB-6889,Anh Minh,4
loa-karaoke-birici-nb-6889,Loa kéo Birici NB-6889,Huy,5
loa-bluetooth-jbl-boombox-3,Loa Bluetooth JBL Boombox 3,Vũ,3
loa-bluetooth-jbl-boombox-3,Loa Bluetooth JBL Boombox 3,Hiền,5
loa-bluetooth-jbl-boombox-3,Loa Bluetooth JBL Boombox 3,Thuận,5
loa-thanh-lg-sc9s,Bộ loa thanh LG SC9S,Anh Hoàng,5
loa-bluetooth-jbl-partybox-320,Loa Bluetooth JBL Partybox 320,Hùng,5
loa-bluetooth-rezo-ledmi-k311?utm_flashsale=1,Loa Bluetooth Rezo Ledmi K311,Tuấn,5
loa-jammy-s8078k,Loa kéo Jammy S8078K,Anh Trung,5
loa-jammy-s8078k,Loa kéo Jammy S8078K,Chị Nhung,4
loa-bluetooth-soundcore-select-4-go,Loa Bluetooth soundcore Select 4 Go,Dũng,5
loa-bluetooth-alpha-works-aw-w88,Loa Bluetooth Alpha Works AW-W88,Đăng,5
loa-bluetooth-marshall-woburn-iii,Loa Bluetooth Marshall Woburn III,Nguyên,1
loa-karaoke-dalton-k225h,Loa Karaoke Dalton K225H,Trí,5
loa-karaoke-dalton-k225h,Loa Karaoke Dalton K225H,Thịnh,3
loa-karaoke-dalton-k225h,Loa Karaoke Dalton K225H,Trung,2
loa-bluetooth-jbl-partybox-120,Loa Bluetooth JBL Partybox 120,Minh,4
zenbos-k-360,Loa kéo Zenbos K-360,Anh Dũng,4
zenbos-k-360,Loa kéo Zenbos K-360,Tuyền,4
zenbos-k-360,Loa kéo Zenbos K-360,An,3
loa-bluetooth-monster-adventurer-max,Loa Bluetooth Monster Adventurer MAX,Dương,5
loa-bluetooth-monster-adventurer-max,Loa Bluetooth Monster Adventurer MAX,Vinh,5
loa-bluetooth-monster-adventurer-max,Loa Bluetooth Monster Adventurer MAX,Thủy,5
loa-karaoke-xach-tay-sumico-bt-s52,Loa karaoke xách tay Sumico BT-S52,Thư,5
loa-bluetooth-harman-kardon-luna,Loa Bluetooth Harman Kardon Luna,Anh Tiến,3
loa-bluetooth-harman-kardon-luna,Loa Bluetooth Harman Kardon Luna,Cường,5
loa-bluetooth-marshall-emberton,Loa Bluetooth Marshall Emberton II,Sang,3
loa-bluetooth-marshall-emberton,Loa Bluetooth Marshall Emberton II,Quyên,5
da-n-am-thanh-sony-ht-s20r,Bộ loa thanh Sony HT-S20R,Vinh,4
da-n-am-thanh-sony-ht-s20r,Bộ loa thanh Sony HT-S20R,Anh Minh,3
da-n-am-thanh-sony-ht-s20r,Bộ loa thanh Sony HT-S20R,Quân,5
da-n-am-thanh-sony-ht-s20r,Bộ loa thanh Sony HT-S20R,Hiếu,4
da-n-am-thanh-sony-ht-s20r,Bộ loa thanh Sony HT-S20R,Anh Long,4
da-n-am-thanh-sony-ht-s20r,Bộ loa thanh Sony HT-S20R,Hiếu,5
da-n-am-thanh-sony-ht-s20r,Bộ loa thanh Sony HT-S20R,Minh,5
da-n-am-thanh-sony-ht-s20r,Bộ loa thanh Sony HT-S20R,Hải,4
da-n-am-thanh-sony-ht-s20r,Bộ loa thanh Sony HT-S20R,Anh Tùng,4
da-n-am-thanh-sony-ht-s20r,Bộ loa thanh Sony HT-S20R,Huy,5
da-n-am-thanh-sony-ht-s20r,Bộ loa thanh Sony HT-S20R,Hùng,5
da-n-am-thanh-sony-ht-s20r,Bộ loa thanh Sony HT-S20R,Quang,5
da-n-am-thanh-sony-ht-s20r,Bộ loa thanh Sony HT-S20R,Long,4
da-n-am-thanh-sony-ht-s20r,Bộ loa thanh Sony HT-S20R,Chị Ngọc,4
da-n-am-thanh-sony-ht-s20r,Bộ loa thanh Sony HT-S20R,Nghĩa,5
dalton-ts-18a1500,Loa điện Dalton TS - 18A1500,Hà,3
dalton-ts-18a1500,Loa điện Dalton TS - 18A1500,Trinh,5
dalton-ts-18a1500,Loa điện Dalton TS - 18A1500,Phong,5
dalton-ts-18a1500,Loa điện Dalton TS - 18A1500,Trí,4
dalton-ts-18a1500,Loa điện Dalton TS - 18A1500,Thái,5
dalton-ts-18a1500,Loa điện Dalton TS - 18A1500,Tâm,1
dalton-ts-18a1500,Loa điện Dalton TS - 18A1500,Thành,4
dalton-ts-18a1500,Loa điện Dalton TS - 18A1500,Anh Tú,5
dalton-ts-18a1500,Loa điện Dalton TS - 18A1500,Ngân,5
dalton-ts-18a1500,Loa điện Dalton TS - 18A1500,Chị Thảo,5
loa-thap-samsung-mx-t70-xv,Loa tháp Samsung MX-T70/XV,Vinh,5
loa-thap-samsung-mx-t70-xv,Loa tháp Samsung MX-T70/XV,Lâm,5
loa-thap-samsung-mx-t70-xv,Loa tháp Samsung MX-T70/XV,Hà,3
loa-thap-samsung-mx-t70-xv,Loa tháp Samsung MX-T70/XV,Anh Hiếu,2
loa-thap-samsung-mx-t70-xv,Loa tháp Samsung MX-T70/XV,Anh Cường,5
loa-thap-samsung-mx-t70-xv,Loa tháp Samsung MX-T70/XV,Khải,1
loa-thap-samsung-mx-t70-xv,Loa tháp Samsung MX-T70/XV,Phương,5
loa-thap-samsung-mx-t70-xv,Loa tháp Samsung MX-T70/XV,Phúc,3
loa-thap-samsung-mx-t70-xv,Loa tháp Samsung MX-T70/XV,Phước,5
loa-thap-samsung-mx-t70-xv,Loa tháp Samsung MX-T70/XV,Nguyên,4
loa-thap-samsung-mx-t70-xv,Loa tháp Samsung MX-T70/XV,Anh Hải,3
loa-thap-samsung-mx-t70-xv,Loa tháp Samsung MX-T70/XV,Anh Vinh,4
loa-thap-samsung-mx-t70-xv,Loa tháp Samsung MX-T70/XV,Chị Linh,5
loa-thap-samsung-mx-t70-xv,Loa tháp Samsung MX-T70/XV,Anh An,4
loa-thap-samsung-mx-t70-xv,Loa tháp Samsung MX-T70/XV,Toàn,5
loa-thap-samsung-mx-t70-xv,Loa tháp Samsung MX-T70/XV,Hậu,3
loa-thap-samsung-mx-t70-xv,Loa tháp Samsung MX-T70/XV,Trung,4
loa-thap-samsung-mx-t70-xv,Loa tháp Samsung MX-T70/XV,Nguyên,5
loa-thap-samsung-mx-t70-xv,Loa tháp Samsung MX-T70/XV,Anh Thắng,5
loa-thap-samsung-mx-t70-xv,Loa tháp Samsung MX-T70/XV,Chiến,3
loa-thap-samsung-mx-t70-xv,Loa tháp Samsung MX-T70/XV,Anh An,5
loa-thap-samsung-mx-t70-xv,Loa tháp Samsung MX-T70/XV,Anh Cường,4
loa-thap-samsung-mx-t70-xv,Loa tháp Samsung MX-T70/XV,Vũ,5
loa-thap-samsung-mx-t70-xv,Loa tháp Samsung MX-T70/XV,Hiếu,5
loa-bluetooth-marshall-middleton,Loa Bluetooth Marshall Middleton,Hậu,5
dan-am-thanh-sony-ht-s40r,Bộ loa thanh Sony HT-S40R,Thuận,2
dan-am-thanh-sony-ht-s40r,Bộ loa thanh Sony HT-S40R,Anh Hoàng,4
dan-am-thanh-sony-ht-s40r,Bộ loa thanh Sony HT-S40R,Tâm,5
dan-am-thanh-sony-ht-s40r,Bộ loa thanh Sony HT-S40R,Chị Nhung,1
dan-am-thanh-sony-ht-s40r,Bộ loa thanh Sony HT-S40R,Anh Tùng,5
dan-am-thanh-sony-ht-s40r,Bộ loa thanh Sony HT-S40R,Anh Đức,5
dan-am-thanh-sony-ht-s40r,Bộ loa thanh Sony HT-S40R,Hồng,5
dan-am-thanh-sony-ht-s40r,Bộ loa thanh Sony HT-S40R,Anh Bình,4
dan-am-thanh-sony-ht-s40r,Bộ loa thanh Sony HT-S40R,Hùng,4
dan-am-thanh-sony-ht-s40r,Bộ loa thanh Sony HT-S40R,Diễm,5
dan-am-thanh-sony-ht-s40r,Bộ loa thanh Sony HT-S40R,Anh Nam,2
dan-am-thanh-sony-ht-s40r,Bộ loa thanh Sony HT-S40R,Anh Hải,5
dan-am-thanh-sony-ht-s40r,Bộ loa thanh Sony HT-S40R,Đạt,5
dan-am-thanh-sony-ht-s40r,Bộ loa thanh Sony HT-S40R,Thanh,5
dan-am-thanh-sony-ht-s40r,Bộ loa thanh Sony HT-S40R,Tiến,3
dan-am-thanh-sony-ht-s40r,Bộ loa thanh Sony HT-S40R,Huyền,4
dan-am-thanh-sony-ht-s40r,Bộ loa thanh Sony HT-S40R,Hung,4
loa-karaoke-xach-tay-dalton-ps-k20,Loa karaoke xách tay Dalton PS-K20A,Thái,5
loa-karaoke-xach-tay-dalton-ps-k20,Loa karaoke xách tay Dalton PS-K20A,Anh,5
loa-karaoke-xach-tay-dalton-ps-k20,Loa karaoke xách tay Dalton PS-K20A,Giang,5
loa-karaoke-xach-tay-dalton-ps-k20,Loa karaoke xách tay Dalton PS-K20A,Chị Ngân,5
loa-karaoke-xach-tay-dalton-ps-k20,Loa karaoke xách tay Dalton PS-K20A,Phượng,5
loa-karaoke-xach-tay-dalton-ps-k20,Loa karaoke xách tay Dalton PS-K20A,Anh Nam,5
loa-karaoke-xach-tay-dalton-ps-k20,Loa karaoke xách tay Dalton PS-K20A,Phát,4
loa-karaoke-xach-tay-dalton-ps-k20,Loa karaoke xách tay Dalton PS-K20A,Cường,4
loa-karaoke-xach-tay-dalton-ps-k20,Loa karaoke xách tay Dalton PS-K20A,Anh Minh,4
loa-karaoke-xach-tay-dalton-ps-k20,Loa karaoke xách tay Dalton PS-K20A,Trang,5
loa-bluetooth-jbl-partybox-110-imei,Loa Bluetooth JBL Partybox 110,Anh Hải,1
da-n-am-thanh-sony-5-1-ht-s700rf,Bộ loa Sony 5.1 HT-S700RF,Trang,4
da-n-am-thanh-sony-5-1-ht-s700rf,Bộ loa Sony 5.1 HT-S700RF,Vân,5
loa-thanh-soundbar-sony-ht-s100f,Loa thanh Sony HT-S100F,Anh Vinh,4
loa-thanh-soundbar-sony-ht-s100f,Loa thanh Sony HT-S100F,Thắng,3
loa-thanh-soundbar-sony-ht-s100f,Loa thanh Sony HT-S100F,Chị Phương,5
loa-thanh-soundbar-sony-ht-s100f,Loa thanh Sony HT-S100F,Thanh,5
loa-thanh-soundbar-sony-ht-s100f,Loa thanh Sony HT-S100F,Hoàng,5
loa-bluetooth-klipsch-gig-xl,Loa Bluetooth Klipsch GIG XL,Tiến,5
loa-bluetooth-klipsch-gig-xl,Loa Bluetooth Klipsch GIG XL,Dương,5
loa-bluetooth-klipsch-gig-xl,Loa Bluetooth Klipsch GIG XL,Vinh,4
loa-bluetooth-ava-plus-minipod-y23,Loa Bluetooth AVA+ MiniPod Y23,Hồng,4
loa-bluetooth-ava-plus-minipod-y23,Loa Bluetooth AVA+ MiniPod Y23,An,4
loa-bluetooth-ava-plus-minipod-y23,Loa Bluetooth AVA+ MiniPod Y23,Chị Trang,5
loa-bluetooth-ava-plus-minipod-y23,Loa Bluetooth AVA+ MiniPod Y23,Hùng,5
loa-bluetooth-ava-plus-minipod-y23,Loa Bluetooth AVA+ MiniPod Y23,Lâm,5
loa-bluetooth-ava-plus-minipod-y23,Loa Bluetooth AVA+ MiniPod Y23,Hùng,3
loa-bluetooth-ava-plus-minipod-y23,Loa Bluetooth AVA+ MiniPod Y23,Giang,5
loa-bluetooth-ava-plus-minipod-y23,Loa Bluetooth AVA+ MiniPod Y23,Duy,1
loa-bluetooth-ava-plus-minipod-y23,Loa Bluetooth AVA+ MiniPod Y23,Anh Phương,4
loa-bluetooth-ava-plus-minipod-y23,Loa Bluetooth AVA+ MiniPod Y23,Minh,5
loa-bluetooth-ava-plus-minipod-y23,Loa Bluetooth AVA+ MiniPod Y23,Anh Tùng,5
loa-bluetooth-ava-plus-minipod-y23,Loa Bluetooth AVA+ MiniPod Y23,Nhựt,5
loa-bluetooth-monster-superstar-s320,Loa Bluetooth Monster Superstar S320,Nam,5
loa-bluetooth-monster-superstar-s320,Loa Bluetooth Monster Superstar S320,Quang,5
loa-bluetooth-monster-superstar-s320,Loa Bluetooth Monster Superstar S320,Hương,2
loa-bluetooth-monster-superstar-s320,Loa Bluetooth Monster Superstar S320,Anh Đức,4
loa-bluetooth-rezo-home-series-one,Loa Bluetooth Rezo Home Series One,Nghĩa,1
loa-bluetooth-rezo-home-series-one,Loa Bluetooth Rezo Home Series One,Trường,4
loa-bluetooth-rezo-home-series-one,Loa Bluetooth Rezo Home Series One,Long,5
loa-bluetooth-rezo-home-series-one,Loa Bluetooth Rezo Home Series One,Anh Vũ,3
loa-bluetooth-rezo-home-series-one,Loa Bluetooth Rezo Home Series One,Hậu,4
loa-bluetooth-rezo-home-series-one,Loa Bluetooth Rezo Home Series One,Hậu,3
loa-bluetooth-rezo-home-series-one,Loa Bluetooth Rezo Home Series One,Hằng,4
loa-bluetooth-rezo-home-series-one,Loa Bluetooth Rezo Home Series One,Anh Dũng,5
loa-bluetooth-rezo-home-series-one,Loa Bluetooth Rezo Home Series One,Anh Quang,5
loa-bluetooth-rezo-home-series-one,Loa Bluetooth Rezo Home Series One,Anh Hải,5
loa-bluetooth-rezo-home-series-one,Loa Bluetooth Rezo Home Series One,Anh Linh,5
loa-bluetooth-rezo-home-series-one,Loa Bluetooth Rezo Home Series One,Nghĩa,4
loa-bluetooth-rezo-home-series-one,Loa Bluetooth Rezo Home Series One,Vũ,5
loa-bluetooth-rezo-home-series-one,Loa Bluetooth Rezo Home Series One,Anh Thành,5
loa-bluetooth-rezo-home-series-one,Loa Bluetooth Rezo Home Series One,Tuyền,4
loa-bluetooth-klipsch-gig-xxl,Loa Bluetooth Klipsch GIG XXL,Long,5
loa-bluetooth-monster-s310-superstar-ms11902,Loa Bluetooth Monster S310 Superstar MS11902,Khánh,5
birici-mx-700,Loa điện Birici MX-700,Hung,5
birici-mx-700,Loa điện Birici MX-700,Chị Ngân,5
birici-mx-700,Loa điện Birici MX-700,Dung,5
birici-mx-700,Loa điện Birici MX-700,Hương,4
birici-mx-700,Loa điện Birici MX-700,Tuấn,2
birici-mx-700,Loa điện Birici MX-700,Chị Hạnh,1
birici-mx-700,Loa điện Birici MX-700,Anh Cường,5
birici-mx-700,Loa điện Birici MX-700,Anh Cường,2
zenbos-k-200,Loa kéo Zenbos K-200,Anh Cường,2
zenbos-k-200,Loa kéo Zenbos K-200,Phát,1
zenbos-k-200,Loa kéo Zenbos K-200,Trung,2
cap-loa-karaoke-jbl-pasion-12-500w,Cặp loa karaoke JBL Pasion 12,Quang,5
loa-keo-karaoke-mobell-mk-6080-500w,Loa kéo Mobell MK-6080,Long,4
loa-keo-karaoke-mobell-mk-6080-500w,Loa kéo Mobell MK-6080,Anh Dũng,4
loa-keo-karaoke-mobell-mk-6080-500w,Loa kéo Mobell MK-6080,Trung,4
loa-keo-karaoke-mobell-mk-6080-500w,Loa kéo Mobell MK-6080,Thanh,3
loa-keo-karaoke-mobell-mk-6080-500w,Loa kéo Mobell MK-6080,Tuấn,5
loa-keo-karaoke-mobell-mk-6080-500w,Loa kéo Mobell MK-6080,Lộc,5
loa-keo-karaoke-mobell-mk-6080-500w,Loa kéo Mobell MK-6080,Phước,5
loa-keo-karaoke-mobell-mk-6080-500w,Loa kéo Mobell MK-6080,Linh,5
loa-keo-karaoke-mobell-mk-6080-500w,Loa kéo Mobell MK-6080,Thiện,5
loa-keo-karaoke-mobell-mk-6080-500w,Loa kéo Mobell MK-6080,Trung,3
loa-keo-karaoke-mobell-mk-6080-500w,Loa kéo Mobell MK-6080,Anh Tùng,5
loa-keo-karaoke-mobell-mk-6080-500w,Loa kéo Mobell MK-6080,Trung,5
loa-keo-karaoke-mobell-mk-7080-1000w,Loa kéo Mobell MK-7080,Hoàng,5
loa-keo-karaoke-mobell-mk-7080-1000w,Loa kéo Mobell MK-7080,Linh,3
loa-keo-karaoke-mobell-mk-7080-1000w,Loa kéo Mobell MK-7080,Anh Bình,1
loa-keo-karaoke-mobell-mk-7080-1000w,Loa kéo Mobell MK-7080,Ngọc,5
loa-keo-karaoke-mobell-mk-7080-1000w,Loa kéo Mobell MK-7080,Anh Hải,3
loa-keo-karaoke-mobell-mk-7080-1000w,Loa kéo Mobell MK-7080,Nam,3
amply-paramax-ax-850-350w,Amply Paramax AX-850,Minh,5
amply-paramax-ax-850-350w,Amply Paramax AX-850,Phương,3
amply-paramax-ax-850-350w,Amply Paramax AX-850,Anh Thái,5
amply-paramax-ax-850-350w,Amply Paramax AX-850,Vũ,5
loa-karaoke-paramax-lx-850,Cặp loa karaoke Paramax LX-850,Nam,4
loa-karaoke-paramax-lx-850,Cặp loa karaoke Paramax LX-850,Anh Duy,4
cap-loa-karaoke-paramax-lx-1200-500w,Cặp loa karaoke Paramax LX-1200,Phong,5
cap-loa-karaoke-paramax-lx-1200-500w,Cặp loa karaoke Paramax LX-1200,Hải,5
cap-loa-karaoke-paramax-lx-1200-500w,Cặp loa karaoke Paramax LX-1200,Thanh,2
cap-loa-karaoke-paramax-lx-1200-500w,Cặp loa karaoke Paramax LX-1200,Anh Hoàng,5
loa-keo-karaoke-mobell-mk-5070-400w,Loa kéo Mobell MK-5070,Khanh,1
loa-keo-karaoke-mobell-mk-5070-400w,Loa kéo Mobell MK-5070,Tuấn,3
loa-keo-karaoke-mobell-mk-5070-400w,Loa kéo Mobell MK-5070,Nghĩa,3
loa-keo-karaoke-mobell-mk-5070-400w,Loa kéo Mobell MK-5070,Tuấn,5
loa-keo-karaoke-mobell-mk-5070-400w,Loa kéo Mobell MK-5070,Trung,4
loa-karaoke-xach-tay-dalton-ps-k25a,Loa karaoke xách tay Dalton PS-K25A,Ngọc,4
loa-karaoke-xach-tay-dalton-ps-k25a,Loa karaoke xách tay Dalton PS-K25A,Huy,5
loa-karaoke-xach-tay-dalton-ps-k25a,Loa karaoke xách tay Dalton PS-K25A,Anh Hải,4
loa-karaoke-xach-tay-dalton-ps-k25a,Loa karaoke xách tay Dalton PS-K25A,Sơn,1
loa-karaoke-xach-tay-dalton-ps-k25a,Loa karaoke xách tay Dalton PS-K25A,Sơn,4
loa-karaoke-xach-tay-dalton-ps-k25a,Loa karaoke xách tay Dalton PS-K25A,Khánh,5
loa-karaoke-xach-tay-dalton-ps-k25a,Loa karaoke xách tay Dalton PS-K25A,Thu,3
loa-karaoke-xach-tay-dalton-ps-k25a,Loa karaoke xách tay Dalton PS-K25A,Anh Minh,5
loa-karaoke-xach-tay-dalton-ps-k25a,Loa karaoke xách tay Dalton PS-K25A,Minh,4
loa-keo-jbl-irx112bt,Loa điện JBL IRX112BT,Phúc,5
cap-loa-paramax-lx-2800,Cặp loa karaoke Paramax LX-2800,Tiên,5
cap-loa-paramax-lx-2800,Cặp loa karaoke Paramax LX-2800,Chị Hà,4
loa-thap-samsung-mx-t40-xv,Loa Tháp Samsung MX-T40/XV,Quang,4
loa-thap-samsung-mx-t40-xv,Loa Tháp Samsung MX-T40/XV,Tân,5
loa-bluetooth-jbl-go-essential,Loa Bluetooth JBL Go Essential,Anh Bình,5
loa-bluetooth-jbl-go-essential,Loa Bluetooth JBL Go Essential,Kiệt,5
loa-bluetooth-jbl-go-essential,Loa Bluetooth JBL Go Essential,Hiền,2
loa-bluetooth-jbl-go-essential,Loa Bluetooth JBL Go Essential,Lộc,5
loa-bluetooth-jbl-go-essential,Loa Bluetooth JBL Go Essential,Anh Huy,4
loa-bluetooth-jbl-go-essential,Loa Bluetooth JBL Go Essential,Minh,5
loa-bluetooth-jbl-go-essential,Loa Bluetooth JBL Go Essential,Vũ,5
loa-bluetooth-jbl-go-essential,Loa Bluetooth JBL Go Essential,Anh Hoàng,4
loa-bluetooth-jbl-go-essential,Loa Bluetooth JBL Go Essential,Tài,4
loa-bluetooth-jbl-go-essential,Loa Bluetooth JBL Go Essential,Hoàng,4
loa-karaoke-xach-tay-zenbos-k-180,Loa karaoke xách tay Zenbos K-180,Tùng,5
loa-karaoke-xach-tay-zenbos-k-180,Loa karaoke xách tay Zenbos K-180,Hoàng,4
loa-karaoke-xach-tay-zenbos-k-180,Loa karaoke xách tay Zenbos K-180,Hoài,5
loa-thanh-lg-sn4,Bộ loa thanh LG SN4,Anh Tuấn,4
zenbos-mz-201,Micro không dây Zenbos MZ-201,Tùng,5
zenbos-mz-201,Micro không dây Zenbos MZ-201,Dung,1
zenbos-mz-201,Micro không dây Zenbos MZ-201,Sơn,5
zenbos-mz-201,Micro không dây Zenbos MZ-201,Nam,5
zenbos-mz-201,Micro không dây Zenbos MZ-201,Bảo,5
zenbos-mz-201,Micro không dây Zenbos MZ-201,Chị Dung,3
zenbos-mz-201,Micro không dây Zenbos MZ-201,Hương,3
zenbos-mz-201,Micro không dây Zenbos MZ-201,Khánh,4
zenbos-mz-202,Micro không dây Zenbos MZ-202,Vinh,5
zenbos-mz-202,Micro không dây Zenbos MZ-202,Chị Hà,5
zenbos-mz-202,Micro không dây Zenbos MZ-202,Anh Sơn,4
zenbos-mz-202,Micro không dây Zenbos MZ-202,Hiếu,5
zenbos-mz-202,Micro không dây Zenbos MZ-202,Linh,5
zenbos-mz-202,Micro không dây Zenbos MZ-202,Anh Minh,5
mieng-dan-kinh-cuong-luc-iphone-16-jincase?utm_flashsale=1,Miếng dán kính cường lực iPhone 16 Jincase,Duy,1
mieng-dan-kinh-cuong-luc-iphone-15-jincase?utm_flashsale=1,Miếng dán kính cường lực iPhone 15 Jincase,Nghĩa,5
mieng-dan-kinh-cuong-luc-iphone-15-pro-max-jincase?utm_flashsale=1,Miếng dán kính cường lực iPhone 15 Pro Max Jincase,Trung,5
mieng-dan-kinh-cuong-luc-iphone-15-pro-jincase,Miếng dán kính cường lực iPhone 15 Pro Jincase,Tuấn Anh,2
mieng-dan-kinh-cuong-luc-iphone-15-pro-jincase,Miếng dán kính cường lực iPhone 15 Pro Jincase,Thu,3
mieng-dan-kinh-cuong-luc-iphone-15-pro-jincase,Miếng dán kính cường lực iPhone 15 Pro Jincase,Danh,5
mieng-dan-kinh-cuong-luc-iphone-15-plus-jincase,Miếng dán kính cường lực iPhone 15 Plus Jincase,Khoa,5
mieng-dan-kinh-cuong-luc-iphone-15-plus-jincase,Miếng dán kính cường lực iPhone 15 Plus Jincase,Tuấn,3
mieng-dan-may-cat-tpu-4-lop-o-tech-hd10,Miếng dán máy cắt TPU 4 lớp O-TECH HD10,Khoa,5
mieng-dan-laptop-17-inch,Miếng dán Laptop 17 inch - TA,Trang,5
mieng-dan-man-hinh-6-inch-ub,Miếng dán màn hình 6 inch_UB,Nhi,5
mieng-dan-man-hinh-6-inch-ub,Miếng dán màn hình 6 inch_UB,Duy,5
mieng-dan-man-hinh-6-inch-ub,Miếng dán màn hình 6 inch_UB,Bình,5
mieng-dan-man-hinh-6-inch-gos,Miếng dán màn hình 6 inch GOS,Tuấn,3
mieng-dan-man-hinh-6-inch,Miếng dán màn hình 6 inch,Hùng,5
mieng-dan-man-hinh-6-inch,Miếng dán màn hình 6 inch,Hậu,5
mieng-dan-man-hinh-6-inch,Miếng dán màn hình 6 inch,Đức,4
mieng-dan-kinh-cuong-luc-samsung-galaxy-a35-a55-jincase,Miếng dán kính cường lực Samsung Galaxy A35/A55/M35 Jincase,Tuấn,1
mieng-dan-film-trong-dien-thoai-6-inch,Miếng dán film trong điện thoại 6 inch,Thúy,5
mieng-dan-kinh-cuong-luc-iphone-15-pro-max-jcpal,Miếng dán kính cường lực iPhone 15 Pro Max JCPAL,Bảo,5
mieng-dan-film-trong-dien-thoai-6-inch-ub,Miếng dán film trong điện thoại 6 inch - UB,Anh Nam,4
mieng-dan-kinh-full-man-hinh-iphone-11-xr-jincase-trang,Miếng dán kính full màn hình iPhone 11/XR Jincase,Hoàng Anh,5
mieng-dan-kinh-cuong-luc-samsung-galaxy-a15-jincase,Miếng dán kính cường lực Samsung Galaxy A15/M15 Jincase,Long,5
mieng-dan-kinh-cuong-luc-samsung-galaxy-a15-jincase,Miếng dán kính cường lực Samsung Galaxy A15/M15 Jincase,Tuấn,5
mieng-dan-kinh-full-man-hinh-iphone-14-plus-jincase,Miếng dán kính full màn hình iPhone 14 Plus Jincase,Anh Hải,5
mieng-dan-kinh-full-man-hinh-iphone-14-pro-jincase,Miếng dán kính full màn hình iPhone 14 Pro Jincase,Minh,5
mieng-dan-kinh-cuong-luc-ultra-thin-0-15mm-iphone-15-pro-max-jincase?utm_flashsale=1,Miếng dán kính cường lực ultra thin 0.15mm iPhone 15 Pro Max Jincase,Hiệp,5
mieng-dan-kinh-cuong-luc-ultra-thin-0-15mm-iphone-15-pro-max-jincase?utm_flashsale=1,Miếng dán kính cường lực ultra thin 0.15mm iPhone 15 Pro Max Jincase,Tùng,3
mieng-dan-kinh-full-man-hinh-iphone-12-pro-max-rt-gss-k180-wd,Miếng dán kính full màn hình iPhone 12 Pro Max RT-GSS-K180-WD,Nhân,5
mieng-dan-kinh-iphone-x-xs-jcpal,Miếng dán kính iPhone X/Xs JCPAL,Huy,5
mieng-dan-full-man-hinh-galaxy-s22-s23-ultra-ta-shhc004,Miếng dán full màn hình Galaxy S22/S23 Ultra TA SHHC004,Anh Trường,1
mieng-dan-kinh-iphone-13-mini-jcpal,Miếng dán kính iPhone 13 Mini JCPAL,Mai,5
mieng-dan-kinh-iphone-13-mini-jcpal,Miếng dán kính iPhone 13 Mini JCPAL,Giang,1
mieng-dan-kinh-iphone-13-mini-jcpal,Miếng dán kính iPhone 13 Mini JCPAL,Cường,5
mieng-dan-man-hinh-iphone-14-plus-ub,Miếng dán màn hình iPhone 14 Plus - UB,Giang,5
mieng-dan-man-hinh-iphone-14-plus-ub,Miếng dán màn hình iPhone 14 Plus - UB,Hồng,4
mieng-dan-man-hinh-iphone-14-pro-ub,Miếng dán màn hình iPhone 14 Pro - UB,Hạnh,5
op-lung-magsafe-iphone-15-pro-max-nhua-cung-vien-deo-jm-bayer-ii?utm_flashsale=1,Ốp lưng MagSafe iPhone 15 Pro Max Nhựa cứng viền dẻo JM Bayer II,Hùng,5
op-lung-magsafe-iphone-15-pro-max-nhua-cung-vien-deo-jincase-stand-jcs0075,Ốp lưng MagSafe iPhone 15 Pro Max Nhựa cứng viền dẻo Jincase Stand JCS0075,Trang,5
op-lung-magsafe-iphone-15-pro-max-nhua-cung-vien-deo-jincase-stand-jcs0075,Ốp lưng MagSafe iPhone 15 Pro Max Nhựa cứng viền dẻo Jincase Stand JCS0075,Hậu,5
op-lung-galaxy-m15-nhua-cung-vien-deo-jincase-jcs1601,Ốp lưng Galaxy M15 Nhựa cứng viền dẻo Jincase JCS1601,Long,5
op-lung-iphone-11-nhua-deo-uv-ckny002-meo,Ốp lưng iPhone 11 Nhựa dẻo UV printing OSMIA CKNY002 Mèo,Trung,1
op-lung-galaxy-a05s-nhua-cung-vien-deo-jm-pure-ii,Ốp lưng Galaxy A05s Nhựa cứng viền dẻo JM Pure II,Thịnh,5
op-lung-galaxy-a05s-nhua-cung-vien-deo-jm-pure-ii,Ốp lưng Galaxy A05s Nhựa cứng viền dẻo JM Pure II,Quân,4
bao-da-galaxy-s24-ultra-samsung-thong-minh-den,Bao da Galaxy S24 Ultra Samsung Thông minh,Anh Tùng,5
op-lung-magsafe-iphone-14-nhua-cung-vien-deo-freelander-i-jm,Ốp lưng MagSafe iPhone 14 Nhựa cứng viền dẻo FREELANDER I JM,Huy,3
op-lung-magsafe-iphone-14-nhua-cung-vien-deo-freelander-i-jm,Ốp lưng MagSafe iPhone 14 Nhựa cứng viền dẻo FREELANDER I JM,Chị Nhung,5
op-lung-magsafe-iphone-14-nhua-cung-vien-deo-freelander-i-jm,Ốp lưng MagSafe iPhone 14 Nhựa cứng viền dẻo FREELANDER I JM,Thư,4
op-lung-magsafe-iphone-15-pro-nhua-cung-vien-deo-jm-bayer-ii,Ốp lưng MagSafe iPhone 15 Pro Nhựa cứng viền dẻo JM Bayer II,Thiện,5
op-lung-galaxy-a24-nhua-cung-samsung,Ốp lưng Galaxy A24 Nhựa cứng Samsung,Hằng,2
op-lung-magsafe-iphone-15-pro-max-silicone-apple-mt1q3,Ốp lưng Magsafe iPhone 15 Pro Max Silicone Apple MT1Q3,Anh Thịnh,1
op-lung-iphone-14-nhua-deo-kingxbar-trong-suot,Ốp lưng iPhone 14 Nhựa dẻo Kingxbar,Huy,3
op-lung-iphone-14-nhua-deo-kingxbar-trong-suot,Ốp lưng iPhone 14 Nhựa dẻo Kingxbar,Phú,5
op-lung-magsafe-iphone-15-plus-vai-tinh-det-apple-mt473,Ốp lưng Magsafe iPhone 15 Plus Vải tinh dệt Apple MT473,Tuấn,5
op-lung-galaxy-a55-silicone-samsung,Ốp lưng Galaxy A55 Silicone Samsung,Phúc,5
op-lung-magsafe-iphone-14-plus-nhua-cung-vien-deo-freelander-i-jm,Ốp lưng MagSafe iPhone 14 Plus Nhựa cứng viền dẻo FREELANDER I JM,Anh Phong,5
op-lung-magsafe-iphone-14-plus-nhua-cung-vien-deo-freelander-i-jm,Ốp lưng MagSafe iPhone 14 Plus Nhựa cứng viền dẻo FREELANDER I JM,Ngân,5
op-lung-iphone-13-silicon,Ốp lưng iPhone 13 Silicone OSMIA,Danh,4
op-lung-iphone-13-silicon,Ốp lưng iPhone 13 Silicone OSMIA,Thư,4
op-lung-iphone-13-silicon,Ốp lưng iPhone 13 Silicone OSMIA,Dương,5
op-lung-iphone-13-silicon,Ốp lưng iPhone 13 Silicone OSMIA,Đạt,4
op-lung-iphone-14-nhua-cung-vien-deo-shock-hole-jm,Ốp lưng iPhone 14 Nhựa cứng viền dẻo SHOCK HOLE JM,Trung,5
op-lung-iphone-14-nhua-cung-vien-deo-shock-hole-jm,Ốp lưng iPhone 14 Nhựa cứng viền dẻo SHOCK HOLE JM,Thảo,5
op-lung-iphone-14-nhua-cung-vien-deo-shock-hole-jm,Ốp lưng iPhone 14 Nhựa cứng viền dẻo SHOCK HOLE JM,Anh Việt,3
op-lung-iphone-11-nhua-cung-vien-deo-1-6mm-kingxbar-trong,Ốp lưng iPhone 11 Nhựa cứng viền dẻo 1.6mm Kingxbar,Anh Trung,3
op-lung-galaxy-a14-nhua-deo-tpu-co-khe-dung-the-samsung,Ốp lưng Galaxy A14 Nhựa dẻo TPU có khe đựng thẻ Samsung,Vương,5
op-lung-galaxy-a14-nhua-deo-tpu-co-khe-dung-the-samsung,Ốp lưng Galaxy A14 Nhựa dẻo TPU có khe đựng thẻ Samsung,Lan,3
op-lung-galaxy-s22-ultra-nhua-deo-tpu-araree-flexield-den-chinh-hang,Ốp lưng Galaxy S22 Ultra Nhựa dẻo TPU ARAREE FLEXIELD,Chị Ngọc,5
op-lung-galaxy-s22-ultra-nhua-deo-tpu-araree-flexield-den-chinh-hang,Ốp lưng Galaxy S22 Ultra Nhựa dẻo TPU ARAREE FLEXIELD,Trung,5
op-lung-galaxy-s22-ultra-nhua-deo-tpu-araree-flexield-den-chinh-hang,Ốp lưng Galaxy S22 Ultra Nhựa dẻo TPU ARAREE FLEXIELD,Huyền,5
op-lung-iphone-13-silicon-osmia-cam,Ốp lưng iPhone 13 Silicon OSMIA,Hùng,5
op-lung-iphone-13-nhua-deo-tpu-injection-kingxbar,Ốp lưng iPhone 13 Nhựa dẻo TPU Injection Kingxbar,Chị Hằng,5
op-lung-iphone-13-nhua-deo-tpu-injection-kingxbar,Ốp lưng iPhone 13 Nhựa dẻo TPU Injection Kingxbar,Thành,5
op-lung-iphone-13-nhua-deo-tpu-injection-kingxbar,Ốp lưng iPhone 13 Nhựa dẻo TPU Injection Kingxbar,Vũ,1
op-lung-iphone-14-pro-nhua-cung-vien-deo-clear-cosano-vien-xanh-duong,Ốp lưng iPhone 14 Pro Nhựa cứng viền dẻo Clear COSANO,Nghĩa,3
op-lung-iphone-14-pro-nhua-cung-vien-deo-clear-cosano-vien-xanh-duong,Ốp lưng iPhone 14 Pro Nhựa cứng viền dẻo Clear COSANO,Dũng,4
op-lung-iphone-14-plus-nhua-cung-vien-deo-big-eye-jm,Ốp lưng iPhone 14 Plus Nhựa cứng viền dẻo BIG EYE JM,Hằng,3
op-lung-iphone-14-plus-nhua-cung-vien-deo-big-eye-jm,Ốp lưng iPhone 14 Plus Nhựa cứng viền dẻo BIG EYE JM,Anh Thắng,5
op-lung-iphone-14-pro-max-nhua-deo-mets-candy-tpu-jm,Ốp lưng iPhone 14 Pro Max Nhựa dẻo METS CANDY TPU JM,Huyền,4
op-lung-iphone-14-pro-max-nhua-deo-mets-candy-tpu-jm,Ốp lưng iPhone 14 Pro Max Nhựa dẻo METS CANDY TPU JM,Chị Trang,4
op-lung-iphone-14-pro-max-silicone-jm-case,Ốp lưng iPhone 14 Pro Max Silicone JM CASE,Nhi,5
op-magsafe-iphone-15-nhua-cung-uniq-hybrid-lifepro-af-frost-clear,Ốp lưng MagSafe iPhone 15 Nhựa cứng viền dẻo UNIQ HYBRID MAGCLICK CHARGING LIFEPRO XTREME (AF),Thu,5
op-iphone-13-pro-deo-bare-feeling-tpu-cosano,Ốp lưng iPhone 13 Pro Nhựa dẻo Bare Feeling TPU COSANO,Vũ,1
op-lung-iphone-13-pro-nhua-deo-comu-jm-cam,Ốp lưng iPhone 13 Pro Nhựa dẻo COMU JM,Lâm,5
op-iphone-13-pro-max-deo-pp-20s-osmia-xam,Ốp lưng iPhone 13 Pro Max Nhựa dẻo PP-20s OSMIA,Trung,1
op-lung-iphone-13-pro-max-silicon-osmia-do,Ốp lưng iPhone 13 Pro Max Silicon OSMIA,Chị Thảo,5
op-lung-iphone-13-pro-max-silicon-osmia-do,Ốp lưng iPhone 13 Pro Max Silicon OSMIA,Duyên,5
op-lung-iphone-13-pro-nhua-deo-candy-tpu-meeker-xanh,Ốp lưng iPhone 13 Pro Nhựa dẻo Candy TPU MEEKER,Thiện,3
op-lung-galaxy-s22-nhua-cung-vien-deo-samsung-trong,Ốp lưng Galaxy S22 Nhựa cứng viền dẻo Samsung,Phúc,1
op-lung-magsafe-iphone-14-pro-candy-silicone-jm,Ốp lưng Magsafe iPhone 14 Pro Candy Silicone JM,Chị Phượng,4
op-lung-magsafe-iphone-14-pro-candy-silicone-jm,Ốp lưng Magsafe iPhone 14 Pro Candy Silicone JM,Đạt,4
op-lung-magsafe-iphone-14-pro-candy-silicone-jm,Ốp lưng Magsafe iPhone 14 Pro Candy Silicone JM,Thịnh,4
op-lung-iphone-14-pro-max-magsafe-candy-silicone-jm-xanh-duong-nhat,Ốp lưng Magsafe iPhone 14 Pro Max Candy Silicone JM,Bảo,5
op-lung-iphone-14-pro-max-magsafe-candy-silicone-jm-xanh-duong-nhat,Ốp lưng Magsafe iPhone 14 Pro Max Candy Silicone JM,Thảo,1
op-lung-iphone-14-pro-max-magsafe-candy-silicone-jm-xanh-duong-nhat,Ốp lưng Magsafe iPhone 14 Pro Max Candy Silicone JM,Chị Hà,4
op-lung-iphone-14-pro-max-magsafe-candy-silicone-jm-xanh-duong-nhat,Ốp lưng Magsafe iPhone 14 Pro Max Candy Silicone JM,Ngọc,5
op-lung-iphone-14-pro-max-magsafe-candy-silicone-jm-xanh-duong-nhat,Ốp lưng Magsafe iPhone 14 Pro Max Candy Silicone JM,Thắng,5
op-lung-iphone-14-pro-max-magsafe-candy-silicone-jm-xanh-duong-nhat,Ốp lưng Magsafe iPhone 14 Pro Max Candy Silicone JM,Thịnh,3
op-lung-iphone-14-pro-max-magsafe-candy-silicone-jm-xanh-duong-nhat,Ốp lưng Magsafe iPhone 14 Pro Max Candy Silicone JM,Hùng,4
op-lung-iphone-14-pro-max-magsafe-candy-silicone-jm-xanh-duong-nhat,Ốp lưng Magsafe iPhone 14 Pro Max Candy Silicone JM,Sơn,4
op-lung-iphone-14-pro-max-nhua-cung-vien-deo-magsafe-freelander-i-jm,Ốp lưng MagSafe iPhone 14 Pro Max Nhựa cứng viền dẻo FREELANDER I JM,Nhung,5
op-lung-iphone-14-pro-max-nhua-cung-vien-deo-magsafe-freelander-i-jm,Ốp lưng MagSafe iPhone 14 Pro Max Nhựa cứng viền dẻo FREELANDER I JM,Chị Trang,5
op-lung-iphone-14-pro-max-nhua-cung-vien-deo-magsafe-freelander-i-jm,Ốp lưng MagSafe iPhone 14 Pro Max Nhựa cứng viền dẻo FREELANDER I JM,Chị Thảo,5
op-lung-galaxy-a14-nhua-cung-samsung,Ốp lưng Galaxy A14 Nhựa cứng Samsung,An,4
op-lung-galaxy-a34-nhua-deo-tpu-co-khe-dung-the-samsung-chinh-hang,Ốp lưng Galaxy A34 Nhựa dẻo TPU có khe đựng thẻ Samsung,Nhân,5
op-lung-galaxy-a34-nhua-deo-tpu-co-khe-dung-the-samsung-chinh-hang,Ốp lưng Galaxy A34 Nhựa dẻo TPU có khe đựng thẻ Samsung,Chị Liên,4
op-lung-galaxy-a34-nhua-deo-tpu-co-khe-dung-the-samsung-chinh-hang,Ốp lưng Galaxy A34 Nhựa dẻo TPU có khe đựng thẻ Samsung,Tâm,4
op-lung-galaxy-a34-nhua-deo-tpu-co-khe-dung-the-samsung-chinh-hang,Ốp lưng Galaxy A34 Nhựa dẻo TPU có khe đựng thẻ Samsung,Tuấn,4
op-lung-galaxy-a54-silicone-samsung-den,Ốp lưng Galaxy A54 Silicone Samsung,Anh Đức,5
op-lung-galaxy-a54-nhua-cung-samsung-trong,Ốp lưng Galaxy A54 Nhựa cứng Samsung,Quỳnh,5
op-lung-galaxy-a54-nhua-cung-samsung-trong,Ốp lưng Galaxy A54 Nhựa cứng Samsung,Anh Bình,5
op-lung-galaxy-a54-nhua-cung-samsung-trong,Ốp lưng Galaxy A54 Nhựa cứng Samsung,Thái,1
op-lung-galaxy-z-flip5-nhua-cung-samsung-thong-minh-chinh-hang,Ốp lưng Galaxy Z Flip5 Nhựa cứng Samsung Thông minh,Nhi,5
op-lung-magsafe-iphone-14-pro-nhua-cung-vien-deo-jm-freelander-i,Ốp lưng MagSafe iPhone 14 Pro Nhựa cứng viền dẻo JM FREELANDER I,Trường,2
op-lung-magsafe-iphone-14-pro-nhua-cung-vien-deo-jm-freelander-i,Ốp lưng MagSafe iPhone 14 Pro Nhựa cứng viền dẻo JM FREELANDER I,Dương,5
op-lung-iphone-15-nhua-cung-vien-deo-jm-bayer-ii,Ốp lưng iPhone 15 Nhựa cứng viền dẻo JM Bayer II,Nhi,5
op-lung-iphone-15-nhua-cung-vien-deo-jm-bayer-ii,Ốp lưng iPhone 15 Nhựa cứng viền dẻo JM Bayer II,Trang,5
op-lung-iphone-15-nhua-cung-vien-deo-jm-bayer-ii,Ốp lưng iPhone 15 Nhựa cứng viền dẻo JM Bayer II,Chị Trang,4
op-lung-iphone-11-cung-vien-deo-glass-duo-jm-trang,Ốp lưng iPhone 11 Nhựa cứng viền dẻo Glass Duo JM,Anh Trung,5
op-lung-iphone-11-cung-vien-deo-glass-duo-jm-trang,Ốp lưng iPhone 11 Nhựa cứng viền dẻo Glass Duo JM,Anh Hưng,5
op-lung-iphone-11-cung-vien-deo-tempered-glass,Ốp lưng iPhone 11 Nhựa cứng viền dẻo Tempered glass OSMIA Kẹo ngọt,Hùng,5
op-13-pro-cung-vien-deo-tpu-pc-case-cosano,Ốp lưng iPhone 13 Pro Nhựa cứng viền dẻo Twill TPU PC Case COSANO,Hoàng,5
op-13-pro-cung-vien-deo-tpu-pc-case-cosano,Ốp lưng iPhone 13 Pro Nhựa cứng viền dẻo Twill TPU PC Case COSANO,Anh Tuấn,5
op-13-pro-cung-vien-deo-tpu-pc-case-cosano,Ốp lưng iPhone 13 Pro Nhựa cứng viền dẻo Twill TPU PC Case COSANO,Thu,5
op-13-pro-cung-vien-deo-tpu-pc-case-cosano,Ốp lưng iPhone 13 Pro Nhựa cứng viền dẻo Twill TPU PC Case COSANO,Lộc,5
op-iphone-13-pro-max-nhua-deo-moline-jm-gold,Ốp lưng iPhone 13 Pro Max Nhựa dẻo MOLINE JM,Anh Vinh,2
op-iphone-13-pro-max-nhua-deo-moline-jm-gold,Ốp lưng iPhone 13 Pro Max Nhựa dẻo MOLINE JM,Hạnh,2
op-iphone-13-pro-max-nhua-deo-moline-jm-gold,Ốp lưng iPhone 13 Pro Max Nhựa dẻo MOLINE JM,Trang,1
op-iphone-13-pro-max-nhua-deo-sliipa-jm-nude,Ốp lưng iPhone 13 Pro Max Nhựa dẻo Sliipa JM,Trâm,5
op-iphone-13-pro-max-nhua-deo-sliipa-jm-nude,Ốp lưng iPhone 13 Pro Max Nhựa dẻo Sliipa JM,Tuấn,5
op-lung-iphone-13-pro-nhua-deo-pp-20s-osmia-den,Ốp lưng iPhone 13 Pro Nhựa dẻo PP-20s OSMIA,Quý,4
op-iphone-13-pro-nhua-deo-magic-straight-meeker,Ốp lưng iPhone 13 Pro Nhựa dẻo Magic Straight MEEKER,Bình,5
op-iphone-13-pro-nhua-deo-magic-straight-meeker,Ốp lưng iPhone 13 Pro Nhựa dẻo Magic Straight MEEKER,Chị Dung,5
op-lung-iphone-13-pro-kinh-vien-deo-rainbow-osmia,Ốp lưng iPhone 13 Pro Kính viền dẻo Rainbow OSMIA,Anh Hải,5
op-iphone-13-pro-max-magnetic-candy-silicone-jm,Ốp lưng iPhone 13 Pro Max Magnetic Candy Silicone JM,Việt,5
op-iphone-13-pro-max-magnetic-candy-silicone-jm,Ốp lưng iPhone 13 Pro Max Magnetic Candy Silicone JM,Huy,4
op-iphone-13-pro-max-magnetic-candy-silicone-jm,Ốp lưng iPhone 13 Pro Max Magnetic Candy Silicone JM,Chị Hằng,3
op-iphone-13-pro-max-magnetic-candy-silicone-jm,Ốp lưng iPhone 13 Pro Max Magnetic Candy Silicone JM,Trang,5
op-iphone-13-pro-max-magnetic-candy-silicone-jm,Ốp lưng iPhone 13 Pro Max Magnetic Candy Silicone JM,Hải,5
op-lung-iphone-13-pro-nhua-deo-tpu-injection-kingxbar,Ốp lưng iPhone 13 Pro Nhựa dẻo TPU Injection Kingxbar,Hằng,5
op-lung-iphone-13-pro-nhua-deo-tpu-injection-kingxbar,Ốp lưng iPhone 13 Pro Nhựa dẻo TPU Injection Kingxbar,Tuấn,5
op-lung-iphone-13-pro-max-nhua-deo-candy-tpu-meeker,Ốp lưng iPhone 13 Pro Max Nhựa dẻo Candy TPU MEEKER,Bảo,5
op-lung-iphone-13-pro-max-nhua-deo-candy-tpu-meeker,Ốp lưng iPhone 13 Pro Max Nhựa dẻo Candy TPU MEEKER,Trang,5
op-lung-iphone-13-pro-max-nhua-deo-candy-tpu-meeker,Ốp lưng iPhone 13 Pro Max Nhựa dẻo Candy TPU MEEKER,Hằng,5
op-lung-galaxy-s22-plus-nhua-cung-vien-deo-protective-standing-samsung,Ốp lưng Galaxy S22+ Nhựa cứng viền dẻo Protective Standing Samsung,Vinh,5
op-lung-galaxy-s22-plus-nhua-cung-vien-deo-protective-standing-samsung,Ốp lưng Galaxy S22+ Nhựa cứng viền dẻo Protective Standing Samsung,Trang,5
op-lung-iphone-14-pro-max-nhua-cung-vien-deo-summer-cosano,Ốp lưng iPhone 14 Pro Max Nhựa cứng viền dẻo Summer COSANO,Hoàng,2
op-lung-iphone-14-pro-max-nhua-cung-vien-deo-summer-cosano,Ốp lưng iPhone 14 Pro Max Nhựa cứng viền dẻo Summer COSANO,Vũ,5
op-lung-iphone-14-pro-max-nhua-cung-vien-deo-metal-cosano,Ốp lưng iPhone 14 Pro Max Nhựa cứng viền dẻo Metal COSANO,Trinh,4
op-lung-iphone-14-plus-nhua-deo-kingxbar,Ốp lưng iPhone 14 Plus Nhựa dẻo Kingxbar,Vy,5
op-lung-iphone-14-plus-nhua-deo-kingxbar,Ốp lưng iPhone 14 Plus Nhựa dẻo Kingxbar,Huy,5
op-lung-iphone-14-plus-nhua-deo-kingxbar,Ốp lưng iPhone 14 Plus Nhựa dẻo Kingxbar,Dũng,5
op-lung-iphone-14-plus-nhua-deo-kingxbar,Ốp lưng iPhone 14 Plus Nhựa dẻo Kingxbar,Chị Yến,4
op-lung-magsafe-iphone-14-plus-kinh-vien-deo-glass-gra-simple-jm,Ốp lưng MagSafe iPhone 14 Plus Kính viền dẻo GLASS GRA-SIMPLE JM,Tiến,4
op-lung-magsafe-iphone-14-pro-kinh-vien-deo-glass-gra-simple-jm,Ốp lưng MagSafe iPhone 14 Pro Kính viền dẻo GLASS GRA-SIMPLE JM,Huy,5
op-lung-magsafe-iphone-14-pro-kinh-vien-deo-glass-gra-simple-jm,Ốp lưng MagSafe iPhone 14 Pro Kính viền dẻo GLASS GRA-SIMPLE JM,Nhung,2
op-lung-magsafe-iphone-14-pro-kinh-vien-deo-glass-gra-simple-jm,Ốp lưng MagSafe iPhone 14 Pro Kính viền dẻo GLASS GRA-SIMPLE JM,Quân,5
op-lung-magsafe-iphone-14-pro-kinh-vien-deo-glass-gra-simple-jm,Ốp lưng MagSafe iPhone 14 Pro Kính viền dẻo GLASS GRA-SIMPLE JM,Hân,5
op-lung-magsafe-iphone-14-pro-kinh-vien-deo-glass-gra-simple-jm,Ốp lưng MagSafe iPhone 14 Pro Kính viền dẻo GLASS GRA-SIMPLE JM,Khoa,5
op-lung-iphone-14-silicone-case-jm,Ốp lưng iPhone 14 SILICONE CASE JM,Uyên,5
op-lung-galaxy-s23-nhua-deo-araree-flexield-trong,Ốp lưng Galaxy S23 Nhựa dẻo ARAREE FLEXIELD,Phương,5
bao-da-galaxy-a54-smart-clear-view-samsung-chinh-hang,Bao da Galaxy A54 Smart Clear View Samsung,Sơn,5
op-lung-galaxy-z-flip5-nhua-cung-samsung-linh-hoat-chinh-hang,Ốp lưng Galaxy Z Flip5 Nhựa cứng Samsung Linh hoạt,Long,5
op-lung-galaxy-z-flip5-nhua-cung-samsung-linh-hoat-chinh-hang,Ốp lưng Galaxy Z Flip5 Nhựa cứng Samsung Linh hoạt,Hồng,3
op-lung-iphone-15-pro-nhua-deo-tpu-araree-flexield-clear,Ốp lưng iPhone 15 Pro Nhựa dẻo TPU Araree FLEXIELD,Nhựt,2
op-lung-magsafe-iphone-15-pro-max-nhua-cung-vien-deo-araree-duple-m-clear,Ốp lưng MagSafe iPhone 15 Pro Max Nhựa cứng viền dẻo Araree Duple M,Hải,4
op-lung-xiaomi-redmi-13c-nhua-cung-vien-deo-cosano-pure-trong,Ốp lưng Xiaomi Redmi 13C Nhựa cứng viền dẻo COSANO Pure,Đạt,5
op-lung-xiaomi-redmi-13c-nhua-cung-vien-deo-cosano-pure-trong,Ốp lưng Xiaomi Redmi 13C Nhựa cứng viền dẻo COSANO Pure,Linh,5
op-lung-xiaomi-redmi-13c-nhua-cung-vien-deo-cosano-pure-trong,Ốp lưng Xiaomi Redmi 13C Nhựa cứng viền dẻo COSANO Pure,Duy,5
op-lung-galaxy-a55-nhua-deo-smapp-samsung,Ốp lưng Galaxy A55 Nhựa dẻo Samsung SMAPP,Hiệp,3
op-lung-iphone-11-deo-matte-osmia-ckac741-la-xanh,Ốp lưng iPhone 11 Nhựa dẻo Matte IMD 360 OSMIA CKAC741,Chị Dung,4
op-iphone-13-pro-nhua-deo-como-handle-jm-den,Ốp lưng iPhone 13 Pro Nhựa dẻo COMO HANDLE JM,Bảo,5
op-iphone-13-pro-nhua-deo-como-handle-jm-den,Ốp lưng iPhone 13 Pro Nhựa dẻo COMO HANDLE JM,Anh Trung,5
op-iphone-13-pro-nhua-deo-como-handle-jm-den,Ốp lưng iPhone 13 Pro Nhựa dẻo COMO HANDLE JM,Anh Tuấn,4
op-iphone-13-pro-max-deo-litchi-grain-osmia-nau,Ốp lưng iPhone 13 Pro Max Nhựa dẻo Litchi Grain OSMIA,Đạt,5
op-lung-iphone-13-nhua-deo-matte-20s-osmia-do,Ốp lưng iPhone 13 Nhựa Dẻo Matte-20s OSMIA,Huy,5
op-lung-iphone-13-nhua-deo-matte-20s-osmia-do,Ốp lưng iPhone 13 Nhựa Dẻo Matte-20s OSMIA,Tài,5
op-iphone-13-pro-max-kinh-deo-rainbow-osmia,Ốp lưng iPhone 13 Pro Max Kính viền dẻo Rainbow OSMIA,Yến,5
op-iphone-13-pro-max-kinh-deo-rainbow-osmia,Ốp lưng iPhone 13 Pro Max Kính viền dẻo Rainbow OSMIA,Anh Duy,5
op-iphone-13-pro-max-kinh-deo-rainbow-osmia,Ốp lưng iPhone 13 Pro Max Kính viền dẻo Rainbow OSMIA,Khoa,1
op-lung-iphone-14-pro-max-nhua-cung-vien-deo-clear-cosano-vien-tim,Ốp lưng iPhone 14 Pro Max Nhựa cứng viền dẻo Clear COSANO,Anh Toàn,5
op-lung-magsafe-iphone-14-plus-candy-silicone-jm-hong,Ốp lưng Magsafe iPhone 14 Plus Candy Silicone JM,Nhung,5
op-lung-magsafe-iphone-14-plus-candy-silicone-jm-hong,Ốp lưng Magsafe iPhone 14 Plus Candy Silicone JM,Loan,1
op-lung-iphone-14-plus-silicone-case-jm,Ốp lưng iPhone 14 Plus SILICONE CASE JM,Chị Hạnh,4
op-lung-iphone-14-plus-silicone-case-jm,Ốp lưng iPhone 14 Plus SILICONE CASE JM,Bình,5
bao-da-galaxy-a34-samsung-smart-clear-view,Bao da Galaxy A34 Smart Clear View Samsung,Bình,2
bao-da-galaxy-a34-samsung-smart-clear-view,Bao da Galaxy A34 Smart Clear View Samsung,Dương,5
bao-da-galaxy-a34-samsung-smart-clear-view-chinh-hang,Bao da Galaxy A34 Smart Clear View Samsung,Dung,5
op-lung-galaxy-a34-nhua-cung-samsung-chinh-hang,Ốp lưng Galaxy A34 Nhựa cứng Samsung,Bình,1
op-lung-galaxy-a54-nhua-cung-vien-deo-crystal-pure-jm-trong,Ốp lưng Galaxy A54 Nhựa cứng viền dẻo CRYSTAL PURE JM,Phúc,5
op-lung-galaxy-a54-nhua-cung-vien-deo-crystal-pure-jm-trong,Ốp lưng Galaxy A54 Nhựa cứng viền dẻo CRYSTAL PURE JM,Tuấn Anh,5
op-lung-galaxy-a54-nhua-cung-vien-deo-crystal-pure-jm-trong,Ốp lưng Galaxy A54 Nhựa cứng viền dẻo CRYSTAL PURE JM,Anh Phúc,4
op-lung-galaxy-a54-nhua-cung-vien-deo-crystal-pure-jm-trong,Ốp lưng Galaxy A54 Nhựa cứng viền dẻo CRYSTAL PURE JM,Chị Hạnh,5
op-lung-iphone-14-nhua-cung-vien-deo-uniq-iridescent-lifepro-xtreme,Ốp lưng iPhone 14 Nhựa cứng viền dẻo UNIQ LIFEPRO XTREME,Trang,5
op-magsafe-iphone-15-pro-max-silicone-uniq-hybrid-lino-hue-liquid-blue,Ốp lưng MagSafe iPhone 15 Pro Max Silicone UNIQ HYBRID MAGCLICK CHARGING LINO HUE Liquid,Phát,5
op-magsafe-iphone-15-pro-max-silicone-uniq-hybrid-lino-hue-liquid-blue,Ốp lưng MagSafe iPhone 15 Pro Max Silicone UNIQ HYBRID MAGCLICK CHARGING LINO HUE Liquid,Thư,5
op-lung-iphone-11-nhua-deo-silicone-felt-cosano-do,Ốp lưng iPhone 11 Nhựa dẻo Silicone Felt COSANO,Bình,5
op-lung-iphone-11-cung-vien-deo-srtg270-meo-trang,Ốp lưng iPhone 11 Nhựa cứng viền dẻo COSANO SRTG270 Mèo,Kiệt,5
op-lung-iphone-11-nhua-deo-noble-nake-jm-nude,Ốp lưng iPhone 11 Nhựa dẻo Noble Nake JM,Nhung,1
op-lung-iphone-11-nhua-deo-noble-nake-jm-nude,Ốp lưng iPhone 11 Nhựa dẻo Noble Nake JM,Anh Toàn,1
op-lung-iphone-11-nhua-cung-vien-deo-glass-cam,Ốp lưng iPhone 11 Nhựa cứng viền dẻo Glass Print JM,Chị Hằng,5
op-lung-iphone-11-nhua-cung-vien-deo-glass-cam,Ốp lưng iPhone 11 Nhựa cứng viền dẻo Glass Print JM,Trung,5
op-lung-iphone-11-nhua-deo-contrast-silicone-jm-mi,Ốp lưng iPhone 11 Nhựa dẻo CONTRAST SILICONE JM,Sơn,5
op-iphone-11-nhua-cung-no-border-pc-meo-den,Ốp lưng iPhone 11 Nhựa cứng No border PC with printing MEEKER Mèo,Đạt,5
op-iphone-13-pro-nhua-deo-tpu-case-cosano,Ốp lưng iPhone 13 Pro Nhựa dẻo Back Stand TPU Case COSANO,Chị Phương,5
op-iphone-13-nhua-deo-jelly-carbon-jm-hong,Ốp lưng iPhone 13 Nhựa dẻo JELLY CARBON JM,Trang,5
op-iphone-13-nhua-deo-jelly-carbon-jm-hong,Ốp lưng iPhone 13 Nhựa dẻo JELLY CARBON JM,Nam,5
op-iphone-13-nhua-deo-jelly-carbon-jm-hong,Ốp lưng iPhone 13 Nhựa dẻo JELLY CARBON JM,Nhi,5
op-iphone-13-nhua-deo-jelly-carbon-jm-hong,Ốp lưng iPhone 13 Nhựa dẻo JELLY CARBON JM,Linh,5
op-iphone-13-nhua-deo-jelly-carbon-jm-hong,Ốp lưng iPhone 13 Nhựa dẻo JELLY CARBON JM,Linh,1
op-lung-iphone-13-nhua-deo-moline-jm-den-trong,Ốp lưng iPhone 13 Nhựa dẻo MOLINE JM,My,5
op-lung-iphone-13-nhua-deo-moline-jm-den-trong,Ốp lưng iPhone 13 Nhựa dẻo MOLINE JM,Nhân,3
op-lung-iphone-13-nhua-deo-h-shock-tpu-jm-den,Ốp lưng iPhone 13 Nhựa dẻo H SHOCK TPU JM,Trung,3
op-lung-iphone-13-nhua-deo-h-shock-tpu-jm-den,Ốp lưng iPhone 13 Nhựa dẻo H SHOCK TPU JM,Nam,5
op-lung-iphone-13-nhua-deo-h-shock-tpu-jm-den,Ốp lưng iPhone 13 Nhựa dẻo H SHOCK TPU JM,Cường,5
op-lung-iphone-13-nhua-deo-h-shock-tpu-jm-den,Ốp lưng iPhone 13 Nhựa dẻo H SHOCK TPU JM,Trâm,5
op-iphone-13-pro-max-nhua-deo-matte-20s-osmia-do,Ốp lưng iPhone 13 Pro Max Nhựa dẻo Matte-20s OSMIA,Trâm,5
op-lung-iphone-13-pro-max-nhua-deo-rainbow-osmia,Ốp lưng iPhone 13 Pro Max Nhựa Dẻo Rainbow OSMIA,Dương,5
op-ip-13-pro-deo-magnetic-candy-silicone-jm-xanh,Ốp lưng iPhone 13 Pro Nhựa dẻo Magnetic Candy Silicone JM,Nga,5
op-ip-13-pro-deo-magnetic-candy-silicone-jm-xanh,Ốp lưng iPhone 13 Pro Nhựa dẻo Magnetic Candy Silicone JM,Ngọc,5
op-ip-13-pro-deo-magnetic-candy-silicone-jm-xanh,Ốp lưng iPhone 13 Pro Nhựa dẻo Magnetic Candy Silicone JM,Bình,5
op-13-pro-max-nhua-cung-vien-deo-arden-osmia,Ốp lưng iPhone 13 Pro Max Nhựa cứng viền dẻo Arden OSMIA,Anh,5
op-13-pro-max-nhua-cung-vien-deo-arden-osmia,Ốp lưng iPhone 13 Pro Max Nhựa cứng viền dẻo Arden OSMIA,Quang,5
op-13-pro-max-nhua-cung-vien-deo-arden-osmia,Ốp lưng iPhone 13 Pro Max Nhựa cứng viền dẻo Arden OSMIA,Lộc,4
op-13-pro-max-nhua-cung-vien-deo-arden-osmia,Ốp lưng iPhone 13 Pro Max Nhựa cứng viền dẻo Arden OSMIA,Hiệp,4
op-13-pro-max-nhua-cung-vien-deo-arden-osmia,Ốp lưng iPhone 13 Pro Max Nhựa cứng viền dẻo Arden OSMIA,Đức,5
op-lung-iphone-13-nhua-deo-i-shaped-cosano,Ốp lưng iPhone 13 Nhựa dẻo I Shaped COSANO,Khôi,2
op-lung-iphone-13-nhua-deo-i-shaped-cosano,Ốp lưng iPhone 13 Nhựa dẻo I Shaped COSANO,Thắng,1
op-iphone-13-pro-max-nhua-deo-clear-beauty-cosano,Ốp lưng iPhone 13 Pro Max Nhựa cứng viền dẻo Clear Beauty COSANO,Anh Minh,2
op-iphone-13-pro-max-nhua-deo-clear-beauty-cosano,Ốp lưng iPhone 13 Pro Max Nhựa cứng viền dẻo Clear Beauty COSANO,Ngọc,3
op-iphone-13-pro-max-nhua-gradient-fresh-cosano,Ốp lưng iPhone 13 Pro Max Nhựa dẻo Gradient Fresh COSANO,Thanh,3
op-iphone-13-pro-max-nhua-gradient-fresh-cosano,Ốp lưng iPhone 13 Pro Max Nhựa dẻo Gradient Fresh COSANO,Anh Duy,5
op-iphone-13-pro-max-nhua-gradient-fresh-cosano,Ốp lưng iPhone 13 Pro Max Nhựa dẻo Gradient Fresh COSANO,Hiền,5
op-iphone-13-pro-max-nhua-gradient-fresh-cosano,Ốp lưng iPhone 13 Pro Max Nhựa dẻo Gradient Fresh COSANO,Anh Vũ,5
op-lung-iphone-13-pro-max-nhua-deo-tpu-injection-kingxbar,Ốp lưng iPhone 13 Pro Max Nhựa dẻo TPU Injection Kingxbar,Duy,5
op-lung-iphone-13-pro-max-nhua-deo-tpu-injection-kingxbar,Ốp lưng iPhone 13 Pro Max Nhựa dẻo TPU Injection Kingxbar,Luân,5
op-lung-iphone-13-pro-max-nhua-deo-tpu-injection-kingxbar,Ốp lưng iPhone 13 Pro Max Nhựa dẻo TPU Injection Kingxbar,Huyền,5
op-lung-samsung-galaxy-s21-fe-nhua-deo,Ốp lưng Galaxy S21 FE Nhựa dẻo Samsung,Ngân,5
op-samsung-galaxy-s21-fe-nhua-deo-clear-strap,Ốp lưng Galaxy S21 FE Nhựa dẻo Clear Strap Samsung,Đức,5
op-lung-nap-gap-galaxy-z-flip4-kem-vong-deo-samsung-trong,Ốp lưng nắp gập Galaxy Z Flip4 Nhựa dẻo kèm vòng đeo Samsung,Huy,5
op-lung-nap-gap-galaxy-z-flip4-kem-vong-deo-samsung-trong,Ốp lưng nắp gập Galaxy Z Flip4 Nhựa dẻo kèm vòng đeo Samsung,Hoa,4
op-lung-nap-gap-galaxy-z-flip4-kem-vong-deo-samsung-trong,Ốp lưng nắp gập Galaxy Z Flip4 Nhựa dẻo kèm vòng đeo Samsung,Phúc,5
op-lung-nap-gap-galaxy-z-flip4-kem-vong-deo-samsung-trong,Ốp lưng nắp gập Galaxy Z Flip4 Nhựa dẻo kèm vòng đeo Samsung,Phong,5
op-lung-nap-gap-galaxy-z-flip4-kem-vong-deo-samsung-trong,Ốp lưng nắp gập Galaxy Z Flip4 Nhựa dẻo kèm vòng đeo Samsung,Toàn,5
op-lung-nap-gap-galaxy-z-flip4-kem-vong-deo-samsung-trong,Ốp lưng nắp gập Galaxy Z Flip4 Nhựa dẻo kèm vòng đeo Samsung,Phương,4
op-lung-iphone-14-pro-max-nhua-deo-ducth-tpu-jm,Ốp lưng iPhone 14 Pro Max Nhựa dẻo DUCTH TPU JM,Phong,5
op-lung-iphone-14-pro-max-nhua-deo-ducth-tpu-jm,Ốp lưng iPhone 14 Pro Max Nhựa dẻo DUCTH TPU JM,Thu,2
op-lung-galaxy-s23-5g-flexield-nhua-deo-tpu-araree-den-trong,Ốp lưng Galaxy S23 Nhựa dẻo ARAREE FLEXIELD,Hung,5
op-lung-galaxy-s23-5g-flexield-nhua-deo-tpu-araree-den-trong,Ốp lưng Galaxy S23 Nhựa dẻo ARAREE FLEXIELD,Quý,4
op-lung-iphone-13-pro-nhua-cung-vien-deo-laut-fog-grey-huex,Ốp lưng iPhone 13 Pro Nhựa cứng viền dẻo Laut HUEX,Phú,5
op-lung-magsafe-iphone-14-plus-nhua-cung-vien-deo-laut-black-crystal-matter,Ốp lưng MagSafe iPhone 14 Plus Nhựa cứng viền dẻo Laut Crystal Matter,Tiến,5
op-lung-magsafe-iphone-14-nhua-cung-vien-deo-switcheasy-transparent-crush-m,Ốp lưng MagSafe iPhone 14 Nhựa cứng viền dẻo SwitchEasy Crush M,Anh Huy,5
op-lung-iphone-14-pro-max-nhua-cung-vien-deo-switcheasy-frozen-starfield,Ốp lưng iPhone 14 Pro Max Nhựa cứng viền dẻo SwitchEasy Starfield Chính hãng,Thanh,5
op-lung-iphone-14-pro-nhua-cung-vien-deo-uniq-tinsel-lucent-lifepro-xtreme,Ốp lưng iPhone 14 Pro Nhựa cứng viền dẻo UNIQ LIFEPRO XTREME,Hằng,5
op-lung-iphone-14-pro-nhua-cung-vien-deo-uniq-tinsel-lucent-lifepro-xtreme,Ốp lưng iPhone 14 Pro Nhựa cứng viền dẻo UNIQ LIFEPRO XTREME,Thịnh,5
op-lung-iphone-14-pro-nhua-cung-vien-deo-uniq-stardust-coehl,Ốp lưng iPhone 14 Pro Nhựa cứng viền dẻo UNIQ COEHL,Loan,5
op-magsafe-iphone-15-pro-max-silicone-uniq-hybrid-lino-hue-liquid-grey,Ốp lưng MagSafe iPhone 15 Pro Max Silicone UNIQ HYBRID MAGCLICK CHARGING LINO HUE Liquid,Mạnh,1
op-lung-galaxy-s22-ultra-nhua-deo-tpu-araree-flexield-trong,Ốp lưng Galaxy S22 Ultra Nhựa dẻo TPU ARAREE FLEXIELD,Toàn,5
op-lung-magsafe-iphone-14-pro-nhua-cung-mg-001?utm_flashsale=1,Ốp lưng MagSafe iPhone 14 Pro nhựa cứng MG-001,Thanh,1
bao-da-galaxy-tab-a9-samsung-chinh-hang,Bao da Galaxy Tab A9 Samsung,Thanh,5
op-lung-ipad-mini-6-proud-jm-hong,Bao da nắp gập iPad Mini 6 PROUD JM,Hoàng,5
op-lung-ipad-mini-6-proud-jm-hong,Bao da nắp gập iPad Mini 6 PROUD JM,Thảo,3
op-lung-ipad-mini-6-proud-jm-hong,Bao da nắp gập iPad Mini 6 PROUD JM,Hoàng,4
op-ipad-pro-129-inch-2021-cung-deo-carbon-proud-jm,Bao da nắp gập iPad Pro 12.9 inch Carbon Proud JM,Minh,4
op-lung-ipad-2021-102-moster-jm-gold,Bao da nắp gập iPad 10.2 inch MOSTER JM,Đức,5
op-lung-ipad-2021-102-moster-jm-gold,Bao da nắp gập iPad 10.2 inch MOSTER JM,Chị Hà,4
op-lung-ipad-2021-102-moster-jm-gold,Bao da nắp gập iPad 10.2 inch MOSTER JM,Anh Phong,4
op-lung-nap-gap-ipad-pro-11-inch-2021-shock-x-jm,Bao da nắp gập iPad Pro 11 inch SHOCK X JM,Thịnh,4
op-lung-ipad-pro-11-inch-nhua-deo-armour-jm-den,Ốp lưng iPad Pro 11 inch Nhựa dẻo Armour JM,Duyên,5
iphone-16-pro-max,iPhone 16 Pro Max 256GB,Thịnh,4
iphone-16-pro-max,iPhone 16 Pro Max 256GB,Huy,5
iphone-16-pro-max,iPhone 16 Pro Max 256GB,Dung,1
iphone-16-pro-max,iPhone 16 Pro Max 256GB,Lâm,2
iphone-16-pro-max,iPhone 16 Pro Max 256GB,Dũng,5
iphone-16-pro-max,iPhone 16 Pro Max 256GB,Hiệp,3
iphone-16-pro-max,iPhone 16 Pro Max 256GB,Khang,2
iphone-16-pro-max,iPhone 16 Pro Max 256GB,Tiên,2
iphone-16-pro-max,iPhone 16 Pro Max 256GB,Trung,2
iphone-16-pro-max,iPhone 16 Pro Max 256GB,Huyền,3
iphone-16-pro-max,iPhone 16 Pro Max 256GB,Minh,5
iphone-16-pro-max,iPhone 16 Pro Max 256GB,Khoa,1
iphone-16-pro-max,iPhone 16 Pro Max 256GB,Trang,2
iphone-16-pro-max,iPhone 16 Pro Max 256GB,Huy,3
iphone-16-pro-max,iPhone 16 Pro Max 256GB,Thành,1
iphone-16-pro-max,iPhone 16 Pro Max 256GB,Ngọc,1
iphone-16-pro-max,iPhone 16 Pro Max 256GB,Minh,1
iphone-16-pro-max,iPhone 16 Pro Max 256GB,Long,5
iphone-16-pro-max,iPhone 16 Pro Max 256GB,Nhân,5
iphone-16-pro-max,iPhone 16 Pro Max 256GB,Nga,5
iphone-16-pro-max,iPhone 16 Pro Max 256GB,Trung,5
iphone-16-pro,iPhone 16 Pro 128GB,Huyền,3
iphone-16-pro,iPhone 16 Pro 128GB,Lan,2
iphone-16-pro,iPhone 16 Pro 128GB,Công,3
iphone-16-pro,iPhone 16 Pro 128GB,Phúc,1
iphone-16-pro,iPhone 16 Pro 128GB,Thành,5
samsung-galaxy-a56,Samsung Galaxy A56 5G 12GB/256GB,Huy,1
oppo-reno13-5g,OPPO Reno13 5G 12GB/256GB,Hậu,4
oppo-reno13-5g,OPPO Reno13 5G 12GB/256GB,Phước,4
vivo-v50-lite-5g,vivo V50 Lite 5G 8GB/256GB,Long,5
tecno-spark-30,Tecno Spark 30 8GB/128GB,Linh,1
tecno-spark-30,Tecno Spark 30 8GB/128GB,Hùng,5
iphone-16-plus,iPhone 16 Plus 128GB,Hồng,1
iphone-16-plus,iPhone 16 Plus 128GB,Toàn,1
iphone-16,iPhone 16 128GB,Hải,2
iphone-16,iPhone 16 128GB,Anh Duy,4
iphone-16,iPhone 16 128GB,Oanh,1
iphone-16,iPhone 16 128GB,Phương,1
iphone-16,iPhone 16 128GB,Ngân,5
samsung-galaxy-a06-5g-6gb-128gb,Samsung Galaxy A06 5G 6GB/128GB,Đăng,1
xiaomi-redmi-note-14-pro-plus,Xiaomi Redmi Note 14 Pro+ 5G 8GB/256GB,Đạt,5
xiaomi-redmi-note-14-pro-plus,Xiaomi Redmi Note 14 Pro+ 5G 8GB/256GB,Thanh,4
xiaomi-redmi-note-14-pro-plus,Xiaomi Redmi Note 14 Pro+ 5G 8GB/256GB,Hải,4
realme-c75x,realme C75x 8GB/128GB,Bình,4
xiaomi-redmi-13x-6gb-128gb,Xiaomi Redmi 13x 6GB/128GB,Vũ,2
xiaomi-redmi-13x-6gb-128gb,Xiaomi Redmi 13x 6GB/128GB,Hải,4
samsung-galaxy-s25-ultra,Samsung Galaxy S25 Ultra 5G 12GB/256GB,Linh,5
samsung-galaxy-s25-ultra,Samsung Galaxy S25 Ultra 5G 12GB/256GB,Đạt,5
iphone-16e,iPhone 16e 128GB,Vũ,5
iphone-15,iPhone 15 128GB,Nam,3
iphone-15,iPhone 15 128GB,Tuấn,1
iphone-15,iPhone 15 128GB,Trâm,1
iphone-15,iPhone 15 128GB,Mai,3
iphone-15,iPhone 15 128GB,Huy,5
iphone-15,iPhone 15 128GB,Trinh,3
iphone-15,iPhone 15 128GB,Thắm,4
iphone-15,iPhone 15 128GB,Thuỷ,4
iphone-15,iPhone 15 128GB,Nga,5
iphone-15,iPhone 15 128GB,Hà,4
iphone-15,iPhone 15 128GB,Anh Trung,5
iphone-15,iPhone 15 128GB,Trang,4
iphone-15,iPhone 15 128GB,Huyền,4
iphone-15,iPhone 15 128GB,Nguyên,5
iphone-15,iPhone 15 128GB,Anh Vinh,4
iphone-15,iPhone 15 128GB,Hồng,5
samsung-galaxy-z-fold6,Samsung Galaxy Z Fold6 5G 12GB/256GB,Duy,5
samsung-galaxy-z-fold6,Samsung Galaxy Z Fold6 5G 12GB/256GB,Minh,5
samsung-galaxy-z-fold6,Samsung Galaxy Z Fold6 5G 12GB/256GB,Ngọc,5
oppo-a60-128gb,OPPO A60 8GB/128GB,Anh Nam,3
oppo-a60-128gb,OPPO A60 8GB/128GB,Tuyền,4
oppo-a60-128gb,OPPO A60 8GB/128GB,Nhung,3
oppo-a60-128gb,OPPO A60 8GB/128GB,Minh,3
oppo-a60-128gb,OPPO A60 8GB/128GB,Thủy,3
oppo-a60-128gb,OPPO A60 8GB/128GB,Minh,5
oppo-a60-128gb,OPPO A60 8GB/128GB,Hoàng,5
oppo-a60-128gb,OPPO A60 8GB/128GB,Anh Cường,5
oppo-a60-128gb,OPPO A60 8GB/128GB,Anh Tú,5
oppo-a60-128gb,OPPO A60 8GB/128GB,Ngọc,1
oppo-a60-128gb,OPPO A60 8GB/128GB,Tuấn,5
oppo-a60-128gb,OPPO A60 8GB/128GB,Tiến,5
oppo-a60-128gb,OPPO A60 8GB/128GB,Phúc,1
oppo-a60-128gb,OPPO A60 8GB/128GB,Mai,2
oppo-a60-128gb,OPPO A60 8GB/128GB,Châu,1
oppo-a60-128gb,OPPO A60 8GB/128GB,Thắng,5
oppo-a5-pro,OPPO A5 Pro 8GB/256GB,Hoài,1
oppo-a5-pro,OPPO A5 Pro 8GB/256GB,Linh,3
oppo-a3x-4gb-64gb,OPPO A3x 4GB/64GB,Hoàng,5
oppo-a3x-4gb-64gb,OPPO A3x 4GB/64GB,Minh,1
oppo-a3x-4gb-64gb,OPPO A3x 4GB/64GB,Hân,1
oppo-a3x-4gb-64gb,OPPO A3x 4GB/64GB,Minh,5
oppo-a3x-4gb-64gb,OPPO A3x 4GB/64GB,Trường,5
oppo-a3x-4gb-64gb,OPPO A3x 4GB/64GB,Nguyên,5
oppo-a3x-4gb-64gb,OPPO A3x 4GB/64GB,Thanh,4
oppo-a3x-4gb-64gb,OPPO A3x 4GB/64GB,Nam,5
realme-c75-8gb-128gb?utm_flashsale=1,realme C75 8GB/128GB,Thảo,1
realme-c75-8gb-128gb?utm_flashsale=1,realme C75 8GB/128GB,Ngân,5
iphone-15-plus,iPhone 15 Plus 128GB,Anh,3
iphone-15-plus,iPhone 15 Plus 128GB,Tuấn,5
iphone-15-plus,iPhone 15 Plus 128GB,Hoài,5
iphone-15-plus,iPhone 15 Plus 128GB,Hoàng,5
iphone-15-plus,iPhone 15 Plus 128GB,Anh Linh,4
iphone-15-plus,iPhone 15 Plus 128GB,Hoàng,1
iphone-15-plus,iPhone 15 Plus 128GB,Thịnh,5
iphone-15-plus,iPhone 15 Plus 128GB,Trang,3
iphone-15-plus,iPhone 15 Plus 128GB,Hiếu,5
iphone-15-plus,iPhone 15 Plus 128GB,Thành,5
iphone-15-plus,iPhone 15 Plus 128GB,Nam,5
iphone-13,iPhone 13 128GB,Thuận,3
iphone-13,iPhone 13 128GB,Dũng,1
iphone-13,iPhone 13 128GB,Sang,5
iphone-13,iPhone 13 128GB,Thảo,3
iphone-13,iPhone 13 128GB,Lâm,2
iphone-13,iPhone 13 128GB,Phong,5
iphone-13,iPhone 13 128GB,Ngọc,2
iphone-13,iPhone 13 128GB,My,1
iphone-13,iPhone 13 128GB,Hậu,3
iphone-13,iPhone 13 128GB,Trường,5
iphone-13,iPhone 13 128GB,Duyên,3
iphone-13,iPhone 13 128GB,Như,4
iphone-13,iPhone 13 128GB,Anh Hải,3
iphone-13,iPhone 13 128GB,Quang,3
iphone-13,iPhone 13 128GB,Công,5
iphone-13,iPhone 13 128GB,Thảo,4
iphone-13,iPhone 13 128GB,Hiệp,3
iphone-13,iPhone 13 128GB,Toàn,3
iphone-13,iPhone 13 128GB,Dung,1
iphone-13,iPhone 13 128GB,Thảo,5
iphone-13,iPhone 13 128GB,Bình,2
iphone-13,iPhone 13 128GB,Anh Cường,5
iphone-13,iPhone 13 128GB,Chị Nhi,5
iphone-13,iPhone 13 128GB,Chị Mai,5
iphone-13,iPhone 13 128GB,Anh Tùng,4
iphone-13,iPhone 13 128GB,Trung,4
iphone-13,iPhone 13 128GB,Anh Trường,3
iphone-13,iPhone 13 128GB,Anh Dũng,2
iphone-13,iPhone 13 128GB,Nhân,5
iphone-13,iPhone 13 128GB,Chị Thuỷ,4
iphone-13,iPhone 13 128GB,Anh Dũng,4
iphone-13,iPhone 13 128GB,Ngân,4
iphone-13,iPhone 13 128GB,Cường,5
iphone-13,iPhone 13 128GB,Bảo,3
iphone-13,iPhone 13 128GB,Duy,5
iphone-13,iPhone 13 128GB,Chị Nhung,5
iphone-13,iPhone 13 128GB,Anh Thắng,3
iphone-13,iPhone 13 128GB,Kiệt,5
iphone-13,iPhone 13 128GB,Anh Linh,4
iphone-13,iPhone 13 128GB,Chị Nga,5
iphone-13,iPhone 13 128GB,Hương,1
iphone-13,iPhone 13 128GB,Anh Long,4
iphone-13,iPhone 13 128GB,Anh Hoàng,3
iphone-13,iPhone 13 128GB,Dương,5
iphone-13,iPhone 13 128GB,Hương,5
iphone-13,iPhone 13 128GB,Chị Hiền,3
iphone-13,iPhone 13 128GB,Hiếu,5
iphone-13,iPhone 13 128GB,Hải,4
iphone-13,iPhone 13 128GB,Chị Linh,3
iphone-13,iPhone 13 128GB,Hằng,4
iphone-13,iPhone 13 128GB,Quỳnh,3
iphone-13,iPhone 13 128GB,Trí,5
iphone-13,iPhone 13 128GB,Anh Tuấn,4
iphone-13,iPhone 13 128GB,Anh Hoàng,5
iphone-13,iPhone 13 128GB,Chị Thảo,4
iphone-13,iPhone 13 128GB,Cường,3
iphone-13,iPhone 13 128GB,Toàn,5
iphone-13,iPhone 13 128GB,Sơn,5
iphone-13,iPhone 13 128GB,Chị Hiền,5
iphone-13,iPhone 13 128GB,Chị Thuỷ,5
iphone-13,iPhone 13 128GB,Anh Sơn,5
iphone-13,iPhone 13 128GB,Thư,5
iphone-13,iPhone 13 128GB,Chị Linh,5
iphone-13,iPhone 13 128GB,Chị Ngân,4
iphone-13,iPhone 13 128GB,Huyền,5
iphone-13,iPhone 13 128GB,Anh Phúc,5
iphone-13,iPhone 13 128GB,Dũng,4
iphone-13,iPhone 13 128GB,Tuấn,5
iphone-13,iPhone 13 128GB,Trâm,5
iphone-13,iPhone 13 128GB,Anh Minh,5
iphone-13,iPhone 13 128GB,Hồng,5
iphone-13,iPhone 13 128GB,Linh,1
samsung-galaxy-s24-fe-8gb-256gb,Samsung Galaxy S24 FE 5G 8GB/256GB,Phương,5
samsung-galaxy-s24-256gb-5g,Samsung Galaxy S24 5G 8GB/256GB,Minh,1
samsung-galaxy-s24-256gb-5g,Samsung Galaxy S24 5G 8GB/256GB,Giang,2
samsung-galaxy-s24-256gb-5g,Samsung Galaxy S24 5G 8GB/256GB,Quyên,3
samsung-galaxy-s24-256gb-5g,Samsung Galaxy S24 5G 8GB/256GB,Trâm,5
samsung-galaxy-s24-256gb-5g,Samsung Galaxy S24 5G 8GB/256GB,My,5
samsung-galaxy-s24-256gb-5g,Samsung Galaxy S24 5G 8GB/256GB,Khang,5
samsung-galaxy-s24-256gb-5g,Samsung Galaxy S24 5G 8GB/256GB,Hạnh,5
samsung-galaxy-s24-256gb-5g,Samsung Galaxy S24 5G 8GB/256GB,Minh,5
samsung-galaxy-s24-256gb-5g,Samsung Galaxy S24 5G 8GB/256GB,Dương,5
samsung-galaxy-s24-256gb-5g,Samsung Galaxy S24 5G 8GB/256GB,Uyên,1
samsung-galaxy-s24-256gb-5g,Samsung Galaxy S24 5G 8GB/256GB,Thanh,5
samsung-galaxy-s24-256gb-5g,Samsung Galaxy S24 5G 8GB/256GB,Tâm,5
samsung-galaxy-s24-256gb-5g,Samsung Galaxy S24 5G 8GB/256GB,Duy,5
samsung-galaxy-s24-256gb-5g,Samsung Galaxy S24 5G 8GB/256GB,Khải,3
samsung-galaxy-s24-256gb-5g,Samsung Galaxy S24 5G 8GB/256GB,Thiện,4
samsung-galaxy-s24-256gb-5g,Samsung Galaxy S24 5G 8GB/256GB,Hương,4
xiaomi-14t-5g,Xiaomi 14T 5G 12GB/256GB,Hiệp,3
xiaomi-14t-5g,Xiaomi 14T 5G 12GB/256GB,Ngân,1
xiaomi-14t-5g,Xiaomi 14T 5G 12GB/256GB,Tiến,1
xiaomi-14t-5g,Xiaomi 14T 5G 12GB/256GB,Duyên,1
xiaomi-14t-5g,Xiaomi 14T 5G 12GB/256GB,Huy,1
xiaomi-14t-5g,Xiaomi 14T 5G 12GB/256GB,Việt,2
xiaomi-14t-5g,Xiaomi 14T 5G 12GB/256GB,Anh Sơn,3
xiaomi-14t-5g,Xiaomi 14T 5G 12GB/256GB,Bình,3
xiaomi-14t-5g,Xiaomi 14T 5G 12GB/256GB,Long,5
xiaomi-14t-5g,Xiaomi 14T 5G 12GB/256GB,Quân,1
xiaomi-14t-5g,Xiaomi 14T 5G 12GB/256GB,Trường,5
xiaomi-14t-5g,Xiaomi 14T 5G 12GB/256GB,Tuyền,5
xiaomi-14t-5g,Xiaomi 14T 5G 12GB/256GB,Linh,3
xiaomi-14t-5g,Xiaomi 14T 5G 12GB/256GB,Đức,5
xiaomi-14t-5g,Xiaomi 14T 5G 12GB/256GB,Vương,4
xiaomi-14t-5g,Xiaomi 14T 5G 12GB/256GB,Thái,5
xiaomi-14t-5g,Xiaomi 14T 5G 12GB/256GB,Quân,2
xiaomi-14t-5g,Xiaomi 14T 5G 12GB/256GB,Minh,2
xiaomi-14t-5g,Xiaomi 14T 5G 12GB/256GB,Huy,5
xiaomi-14t-5g,Xiaomi 14T 5G 12GB/256GB,Minh,5
xiaomi-14t-pro-5g-12gb-256gb,Xiaomi 14T Pro 5G 12GB/256GB,Vũ,4
xiaomi-14t-pro-5g-12gb-256gb,Xiaomi 14T Pro 5G 12GB/256GB,Nhi,4
xiaomi-14t-pro-5g-12gb-256gb,Xiaomi 14T Pro 5G 12GB/256GB,Hoàng,1
xiaomi-14t-pro-5g-12gb-256gb,Xiaomi 14T Pro 5G 12GB/256GB,Duyên,5
xiaomi-14t-pro-5g-12gb-256gb,Xiaomi 14T Pro 5G 12GB/256GB,Khánh,4
xiaomi-14t-pro-5g-12gb-256gb,Xiaomi 14T Pro 5G 12GB/256GB,Lan,5
xiaomi-14t-pro-5g-12gb-256gb,Xiaomi 14T Pro 5G 12GB/256GB,Nhân,1
oppo-a3-8gb-128gb,OPPO A3 8GB/128GB,Nhi,2
oppo-a3-8gb-128gb,OPPO A3 8GB/128GB,Sơn,4
oppo-a3-8gb-128gb,OPPO A3 8GB/128GB,Bình,1
oppo-a3-8gb-128gb,OPPO A3 8GB/128GB,Dũng,3
oppo-a3-8gb-128gb,OPPO A3 8GB/128GB,Duy,1
oppo-a3-8gb-128gb,OPPO A3 8GB/128GB,Hằng,3
oppo-reno12-f-4g-8gb-256gb,OPPO Reno12 F 8GB/256GB,Huyền,1
oppo-reno12-f-4g-8gb-256gb,OPPO Reno12 F 8GB/256GB,Trang,3
tecno-spark-go-1,Tecno Spark GO 1 3GB/64GB,Lâm,5
tecno-spark-go-1,Tecno Spark GO 1 3GB/64GB,Linh,5
tecno-spark-go-1,Tecno Spark GO 1 3GB/64GB,Danh,2
tecno-spark-go-1,Tecno Spark GO 1 3GB/64GB,Long,5
tecno-spark-go-1,Tecno Spark GO 1 3GB/64GB,Hoàng Anh,1
tecno-spark-go-1,Tecno Spark GO 1 3GB/64GB,Thu,1
tecno-spark-go-1,Tecno Spark GO 1 3GB/64GB,An,5
tecno-spark-go-1,Tecno Spark GO 1 3GB/64GB,Hải,3
tecno-spark-go-1,Tecno Spark GO 1 3GB/64GB,Sơn,4
tecno-spark-go-1,Tecno Spark GO 1 3GB/64GB,Quang,5
honor-x8b?utm_flashsale=1,HONOR X8b 8GB/512GB,Nguyên,3
honor-x8b?utm_flashsale=1,HONOR X8b 8GB/512GB,Dương,1
honor-x8b?utm_flashsale=1,HONOR X8b 8GB/512GB,Linh,5
honor-x8b?utm_flashsale=1,HONOR X8b 8GB/512GB,Hồng,5
honor-x8b?utm_flashsale=1,HONOR X8b 8GB/512GB,Vinh,5
honor-x6b-6gb-128gb,HONOR X6b 6GB/128GB Tím,Nhi,3
iphone-14,iPhone 14 128GB,Linh,4
iphone-14,iPhone 14 128GB,Quân,2
iphone-14,iPhone 14 128GB,Linh,1
iphone-14,iPhone 14 128GB,Hải,5
iphone-14,iPhone 14 128GB,Vân,4
iphone-14,iPhone 14 128GB,Kiệt,5
iphone-14,iPhone 14 128GB,Thủy,1
iphone-14,iPhone 14 128GB,Huy,2
iphone-14,iPhone 14 128GB,Anh Tuấn,5
iphone-14,iPhone 14 128GB,Thuận,1
iphone-14,iPhone 14 128GB,Tâm,5
iphone-14,iPhone 14 128GB,Anh Trường,3
iphone-14,iPhone 14 128GB,Quang,5
iphone-14,iPhone 14 128GB,Tú,4
iphone-14,iPhone 14 128GB,Trâm,5
iphone-14,iPhone 14 128GB,Anh Bình,4
iphone-14,iPhone 14 128GB,Anh,1
iphone-14,iPhone 14 128GB,Chị Hằng,4
iphone-14,iPhone 14 128GB,Chị Phương,4
iphone-14,iPhone 14 128GB,Hà,5
iphone-14,iPhone 14 128GB,Chị Hà,5
iphone-14,iPhone 14 128GB,Đức,4
iphone-14,iPhone 14 128GB,Tiên,5
iphone-14,iPhone 14 128GB,Tiến,5
iphone-14,iPhone 14 128GB,Trường,4
iphone-14,iPhone 14 128GB,Lâm,5
iphone-14,iPhone 14 128GB,Danh,5
iphone-14,iPhone 14 128GB,Chị Hương,3
iphone-14,iPhone 14 128GB,Anh Long,4
iphone-14,iPhone 14 128GB,Duy,5
iphone-14,iPhone 14 128GB,Anh Tú,4
iphone-14,iPhone 14 128GB,Nhi,4
iphone-14,iPhone 14 128GB,Anh Long,5
iphone-14,iPhone 14 128GB,Minh,5
iphone-14,iPhone 14 128GB,Đăng,5
iphone-14,iPhone 14 128GB,Thủy,4
iphone-14,iPhone 14 128GB,Sơn,5
iphone-14,iPhone 14 128GB,Chị Liên,5
iphone-14,iPhone 14 128GB,Thảo,4
iphone-15-pro-max,iPhone 15 Pro Max 256GB,Khánh,3
iphone-15-pro-max,iPhone 15 Pro Max 256GB,Mai,3
iphone-15-pro-max,iPhone 15 Pro Max 256GB,Phú,2
iphone-15-pro-max,iPhone 15 Pro Max 256GB,Đăng,1
iphone-15-pro-max,iPhone 15 Pro Max 256GB,Hoàng,5
iphone-15-pro-max,iPhone 15 Pro Max 256GB,Lan,3
iphone-15-pro-max,iPhone 15 Pro Max 256GB,Hằng,3
iphone-15-pro-max,iPhone 15 Pro Max 256GB,Đạt,5
iphone-15-pro-max,iPhone 15 Pro Max 256GB,Lộc,4
iphone-15-pro-max,iPhone 15 Pro Max 256GB,Hoài,3
iphone-15-pro-max,iPhone 15 Pro Max 256GB,Tùng,4
iphone-15-pro-max,iPhone 15 Pro Max 256GB,Khoa,3
iphone-15-pro-max,iPhone 15 Pro Max 256GB,Vũ,2
iphone-15-pro-max,iPhone 15 Pro Max 256GB,Thảo,3
iphone-15-pro-max,iPhone 15 Pro Max 256GB,Nhung,3
iphone-15-pro-max,iPhone 15 Pro Max 256GB,Minh,5
iphone-15-pro-max,iPhone 15 Pro Max 256GB,Nam,3
iphone-15-pro-max,iPhone 15 Pro Max 256GB,Quỳnh,5
iphone-15-pro-max,iPhone 15 Pro Max 256GB,Hùng,5
iphone-15-pro-max,iPhone 15 Pro Max 256GB,Sơn,4
iphone-15-pro-max,iPhone 15 Pro Max 256GB,Nghĩa,3
iphone-15-pro-max,iPhone 15 Pro Max 256GB,Phượng,2
iphone-15-pro-max,iPhone 15 Pro Max 256GB,Phát,5
iphone-15-pro-max,iPhone 15 Pro Max 256GB,Trâm,2
iphone-15-pro-max,iPhone 15 Pro Max 256GB,Huyền,5
iphone-15-pro-max,iPhone 15 Pro Max 256GB,Anh Đạt,5
iphone-15-pro-max,iPhone 15 Pro Max 256GB,Anh Tuấn,5
iphone-15-pro-max,iPhone 15 Pro Max 256GB,An,5
iphone-15-pro-max,iPhone 15 Pro Max 256GB,Anh Hùng,4
iphone-15-pro-max,iPhone 15 Pro Max 256GB,Thanh,5
iphone-12,iPhone 12 64GB,Nhi,2
iphone-12,iPhone 12 64GB,Đăng,5
iphone-12,iPhone 12 64GB,Tùng,1
iphone-12,iPhone 12 64GB,Hoàng,2
iphone-12,iPhone 12 64GB,Ngọc,3
iphone-12,iPhone 12 64GB,Tùng,5
iphone-12,iPhone 12 64GB,Anh Huy,5
iphone-12,iPhone 12 64GB,Linh,5
iphone-12,iPhone 12 64GB,Nam,5
iphone-12,iPhone 12 64GB,Chị Trang,4
iphone-12,iPhone 12 64GB,Anh Hiếu,5
iphone-12,iPhone 12 64GB,Chị Ngọc,4
iphone-12,iPhone 12 64GB,Hiệp,5
iphone-12,iPhone 12 64GB,Bảo,5
iphone-12,iPhone 12 64GB,Anh Tâm,4
iphone-12,iPhone 12 64GB,Phương,5
iphone-12,iPhone 12 64GB,Anh Việt,4
iphone-12,iPhone 12 64GB,Hoàng Anh,4
iphone-12,iPhone 12 64GB,Mạnh,5
iphone-12,iPhone 12 64GB,Hưng,5
iphone-12,iPhone 12 64GB,Anh Long,1
iphone-12,iPhone 12 64GB,Hằng,5
iphone-12,iPhone 12 64GB,Tân,1
iphone-12,iPhone 12 64GB,Hoàng,5
iphone-12,iPhone 12 64GB,Thảo,4
iphone-12,iPhone 12 64GB,Anh Phong,3
iphone-12,iPhone 12 64GB,Tâm,1
iphone-12,iPhone 12 64GB,Nhi,3
iphone-12,iPhone 12 64GB,Dũng,3
iphone-12,iPhone 12 64GB,Danh,5
iphone-12,iPhone 12 64GB,Anh Hưng,5
iphone-12,iPhone 12 64GB,Anh Đạt,1
iphone-12,iPhone 12 64GB,Hồng,3
iphone-12,iPhone 12 64GB,Thúy,5
iphone-12,iPhone 12 64GB,Quân,4
xiaomi-redmi-a3?utm_flashsale=1,Xiaomi Redmi A3 3GB/64GB,Thái,4
xiaomi-redmi-a3?utm_flashsale=1,Xiaomi Redmi A3 3GB/64GB,Hải,2
xiaomi-redmi-a3?utm_flashsale=1,Xiaomi Redmi A3 3GB/64GB,Phúc,2
xiaomi-redmi-a3?utm_flashsale=1,Xiaomi Redmi A3 3GB/64GB,Mạnh,3
xiaomi-redmi-a3?utm_flashsale=1,Xiaomi Redmi A3 3GB/64GB,Lâm,5
samsung-galaxy-s25,Samsung Galaxy S25 5G 12GB/256GB,Luân,4
xiaomi-redmi-13-6gb-128gb?utm_flashsale=1,Xiaomi Redmi 13 6GB/128GB,Nam,5
xiaomi-redmi-13-6gb-128gb?utm_flashsale=1,Xiaomi Redmi 13 6GB/128GB,Nguyên,3
xiaomi-redmi-13-6gb-128gb?utm_flashsale=1,Xiaomi Redmi 13 6GB/128GB,Thảo,3
xiaomi-redmi-13-6gb-128gb?utm_flashsale=1,Xiaomi Redmi 13 6GB/128GB,Huyền,4
xiaomi-redmi-13-6gb-128gb?utm_flashsale=1,Xiaomi Redmi 13 6GB/128GB,Toàn,4
xiaomi-redmi-13-6gb-128gb?utm_flashsale=1,Xiaomi Redmi 13 6GB/128GB,Phong,1
xiaomi-redmi-13-6gb-128gb?utm_flashsale=1,Xiaomi Redmi 13 6GB/128GB,Phương,3
xiaomi-redmi-13-6gb-128gb?utm_flashsale=1,Xiaomi Redmi 13 6GB/128GB,Thanh,1
xiaomi-redmi-13-6gb-128gb?utm_flashsale=1,Xiaomi Redmi 13 6GB/128GB,Duy,2
xiaomi-redmi-13-6gb-128gb?utm_flashsale=1,Xiaomi Redmi 13 6GB/128GB,Dương,1
xiaomi-redmi-13-6gb-128gb?utm_flashsale=1,Xiaomi Redmi 13 6GB/128GB,Huy,5
xiaomi-redmi-13-6gb-128gb?utm_flashsale=1,Xiaomi Redmi 13 6GB/128GB,Anh Phương,2
xiaomi-redmi-13-6gb-128gb?utm_flashsale=1,Xiaomi Redmi 13 6GB/128GB,Trung,5
xiaomi-redmi-13-6gb-128gb?utm_flashsale=1,Xiaomi Redmi 13 6GB/128GB,Khanh,5
xiaomi-redmi-13-6gb-128gb?utm_flashsale=1,Xiaomi Redmi 13 6GB/128GB,Bảo,5
xiaomi-redmi-13-6gb-128gb?utm_flashsale=1,Xiaomi Redmi 13 6GB/128GB,Sơn,5
xiaomi-redmi-13-6gb-128gb?utm_flashsale=1,Xiaomi Redmi 13 6GB/128GB,Hiếu,2
xiaomi-redmi-13-6gb-128gb?utm_flashsale=1,Xiaomi Redmi 13 6GB/128GB,Tân,5
xiaomi-redmi-13-6gb-128gb?utm_flashsale=1,Xiaomi Redmi 13 6GB/128GB,Vy,2
xiaomi-redmi-13-6gb-128gb?utm_flashsale=1,Xiaomi Redmi 13 6GB/128GB,Quang,5
xiaomi-redmi-13-6gb-128gb?utm_flashsale=1,Xiaomi Redmi 13 6GB/128GB,Phúc,5
xiaomi-redmi-13-6gb-128gb?utm_flashsale=1,Xiaomi Redmi 13 6GB/128GB,Thiện,5
xiaomi-redmi-13-6gb-128gb?utm_flashsale=1,Xiaomi Redmi 13 6GB/128GB,Tuyền,5
xiaomi-redmi-14c-6gb-128gb?utm_flashsale=1,Xiaomi Redmi 14C 6GB/128GB,Hằng,3
xiaomi-redmi-14c-6gb-128gb?utm_flashsale=1,Xiaomi Redmi 14C 6GB/128GB,Anh Dũng,5
xiaomi-redmi-14c-6gb-128gb?utm_flashsale=1,Xiaomi Redmi 14C 6GB/128GB,Bảo,1
realme-13-plus-5g?utm_flashsale=1,realme 13+ 5G 12GB/256GB,Trung,1
samsung-galaxy-a35-5g?utm_flashsale=1,Samsung Galaxy A35 5G 8GB/256GB,Thành,3
samsung-galaxy-a35-5g?utm_flashsale=1,Samsung Galaxy A35 5G 8GB/256GB,Diễm,3
samsung-galaxy-a35-5g?utm_flashsale=1,Samsung Galaxy A35 5G 8GB/256GB,Hiếu,5
samsung-galaxy-a35-5g?utm_flashsale=1,Samsung Galaxy A35 5G 8GB/256GB,Phương,5
samsung-galaxy-a35-5g?utm_flashsale=1,Samsung Galaxy A35 5G 8GB/256GB,Thủy,1
samsung-galaxy-a35-5g?utm_flashsale=1,Samsung Galaxy A35 5G 8GB/256GB,Nam,1
samsung-galaxy-a35-5g?utm_flashsale=1,Samsung Galaxy A35 5G 8GB/256GB,Vân,5
samsung-galaxy-a35-5g?utm_flashsale=1,Samsung Galaxy A35 5G 8GB/256GB,Minh,2
samsung-galaxy-a35-5g?utm_flashsale=1,Samsung Galaxy A35 5G 8GB/256GB,Linh,3
samsung-galaxy-a35-5g?utm_flashsale=1,Samsung Galaxy A35 5G 8GB/256GB,Đức,4
samsung-galaxy-a35-5g?utm_flashsale=1,Samsung Galaxy A35 5G 8GB/256GB,Lộc,1
samsung-galaxy-a35-5g?utm_flashsale=1,Samsung Galaxy A35 5G 8GB/256GB,Tuấn,4
vivo-v40-lite-8gb-256gb,vivo V40 Lite 8GB/256GB,Tâm,1
vivo-v40-lite-8gb-256gb,vivo V40 Lite 8GB/256GB,Khánh,5
vivo-v40-lite-8gb-256gb,vivo V40 Lite 8GB/256GB,Trường,2
vivo-v40-lite-8gb-256gb,vivo V40 Lite 8GB/256GB,Tùng,5
realme-note-50-64gb,realme Note 50 3GB/64GB,Minh,3
realme-note-50-64gb,realme Note 50 3GB/64GB,Hoà,1
realme-note-50-64gb,realme Note 50 3GB/64GB,Linh,2
realme-note-50-64gb,realme Note 50 3GB/64GB,Thanh,1
realme-note-50-64gb,realme Note 50 3GB/64GB,Hung,1
realme-note-50-64gb,realme Note 50 3GB/64GB,Trinh,2
realme-note-50-64gb,realme Note 50 3GB/64GB,Dũng,5
realme-note-50-64gb,realme Note 50 3GB/64GB,Ngân,5
vivo-v30,vivo V30 5G 12GB/512GB,Hà,5
vivo-v30,vivo V30 5G 12GB/512GB,Hùng,4
vivo-v30,vivo V30 5G 12GB/512GB,Nga,4
vivo-v30,vivo V30 5G 12GB/512GB,Bình,4
vivo-v30e-12gb,vivo V30e 5G 12GB/256GB,Toàn,5
vivo-v30e-12gb,vivo V30e 5G 12GB/256GB,Chiến,5
xiaomi-redmi-note-14-8gb-128gb,Xiaomi Redmi Note 14 8GB/128GB,Linh,4
xiaomi-redmi-note-14-8gb-128gb,Xiaomi Redmi Note 14 8GB/128GB,Phong,5
xiaomi-redmi-note-14-8gb-128gb,Xiaomi Redmi Note 14 8GB/128GB,Huy,1
xiaomi-redmi-note-14-8gb-128gb,Xiaomi Redmi Note 14 8GB/128GB,Linh,1
xiaomi-redmi-note-14-8gb-128gb,Xiaomi Redmi Note 14 8GB/128GB,Minh,4
xiaomi-redmi-note-14-8gb-128gb,Xiaomi Redmi Note 14 8GB/128GB,Vương,5
xiaomi-redmi-note-14-8gb-128gb,Xiaomi Redmi Note 14 8GB/128GB,Thúy,3
xiaomi-redmi-note-14-8gb-128gb,Xiaomi Redmi Note 14 8GB/128GB,Nam,3
xiaomi-redmi-note-14-8gb-128gb,Xiaomi Redmi Note 14 8GB/128GB,Nam,5
oppo-reno13-f-5g,OPPO Reno13 F 5G 8GB/256GB,Hoàng,1
oppo-reno13-f-5g,OPPO Reno13 F 5G 8GB/256GB,Linh,3
oppo-reno13-f-5g,OPPO Reno13 F 5G 8GB/256GB,Diễm,5
oppo-reno13-f-5g,OPPO Reno13 F 5G 8GB/256GB,Tân,2
samsung-galaxy-a16-5g,Samsung Galaxy A16 5G 8GB/256GB,Dương,1
samsung-galaxy-a16-5g,Samsung Galaxy A16 5G 8GB/256GB,Quý,1
samsung-galaxy-a16-5g,Samsung Galaxy A16 5G 8GB/256GB,Phúc,3
samsung-galaxy-a16-5g,Samsung Galaxy A16 5G 8GB/256GB,Thúy,3
samsung-galaxy-a16-5g,Samsung Galaxy A16 5G 8GB/256GB,Long,5
samsung-galaxy-a16-5g,Samsung Galaxy A16 5G 8GB/256GB,Thanh,5
samsung-galaxy-a06-4gb-64gb?utm_flashsale=1,Samsung Galaxy A06 4GB/64GB,Hiền,5
samsung-galaxy-a06-4gb-64gb?utm_flashsale=1,Samsung Galaxy A06 4GB/64GB,Linh,5
samsung-galaxy-a06-4gb-64gb?utm_flashsale=1,Samsung Galaxy A06 4GB/64GB,Giang,3
nokia-hmd-105-4g,Nokia HMD 105 4G,My,2
nokia-hmd-105-4g,Nokia HMD 105 4G,Hùng,5
nokia-hmd-105-4g,Nokia HMD 105 4G,Thắm,3
nokia-hmd-105-4g,Nokia HMD 105 4G,Tuấn,4
masstel-izi-10,Masstel IZI 10 4G,Hung,4
masstel-izi-10,Masstel IZI 10 4G,Duyên,2
masstel-izi-10,Masstel IZI 10 4G,Quang,2
masstel-izi-10,Masstel IZI 10 4G,Hằng,5
masstel-izi-10,Masstel IZI 10 4G,Châu,5
masstel-izi-10,Masstel IZI 10 4G,Bình,5
masstel-izi-10,Masstel IZI 10 4G,Anh Huy,2
masstel-izi-10,Masstel IZI 10 4G,Trung,3
masstel-izi-10,Masstel IZI 10 4G,Trường,3
masstel-izi-10,Masstel IZI 10 4G,Ngọc,2
masstel-izi-10,Masstel IZI 10 4G,Anh Hùng,5
masstel-izi-10,Masstel IZI 10 4G,Thư,1
masstel-izi-10,Masstel IZI 10 4G,Anh Duy,5
masstel-izi-10,Masstel IZI 10 4G,Trinh,4
masstel-izi-10,Masstel IZI 10 4G,Linh,5
masstel-izi-10,Masstel IZI 10 4G,Khang,5
masstel-izi-10,Masstel IZI 10 4G,Anh,5
masstel-izi-10,Masstel IZI 10 4G,Quân,5
masstel-izi-10,Masstel IZI 10 4G,Nhung,5
masstel-izi-10,Masstel IZI 10 4G,Chị Hà,3
masstel-izi-10,Masstel IZI 10 4G,Nhi,4
masstel-izi-10,Masstel IZI 10 4G,Chị Yến,3
masstel-izi-10,Masstel IZI 10 4G,Anh Lộc,5
masstel-izi-10,Masstel IZI 10 4G,Trang,5
masstel-izi-10,Masstel IZI 10 4G,Anh Phong,5
masstel-izi-10,Masstel IZI 10 4G,Trang,3
masstel-izi-10,Masstel IZI 10 4G,Chị Trang,4
masstel-izi-10,Masstel IZI 10 4G,Thuỷ,4
masstel-izi-10,Masstel IZI 10 4G,Anh Vinh,4
masstel-izi-10,Masstel IZI 10 4G,Anh Phúc,4
masstel-izi-10,Masstel IZI 10 4G,Chị Hương,5
masstel-izi-10,Masstel IZI 10 4G,Chị Nga,5
masstel-izi-10,Masstel IZI 10 4G,Tài,5
masstel-izi-10,Masstel IZI 10 4G,Anh Quang,4
masstel-izi-10,Masstel IZI 10 4G,Phong,5
masstel-izi-10,Masstel IZI 10 4G,Anh Dũng,2
nokia-105-4g-pro,Nokia 105 4G Pro,Trang,3
nokia-105-4g-pro,Nokia 105 4G Pro,Thúy,4
nokia-105-4g-pro,Nokia 105 4G Pro,Tùng,2
nokia-105-4g-pro,Nokia 105 4G Pro,Trung,1
nokia-105-4g-pro,Nokia 105 4G Pro,Anh Tuấn,1
nokia-105-4g-pro,Nokia 105 4G Pro,Dũng,2
nokia-105-4g-pro,Nokia 105 4G Pro,Cường,1
nokia-105-4g-pro,Nokia 105 4G Pro,Thành,3
nokia-105-4g-pro,Nokia 105 4G Pro,Nhân,4
nokia-105-4g-pro,Nokia 105 4G Pro,Thảo,4
nokia-105-4g-pro,Nokia 105 4G Pro,Thiện,5
nokia-105-4g-pro,Nokia 105 4G Pro,Khoa,1
nokia-105-4g-pro,Nokia 105 4G Pro,Hưng,5
nokia-105-4g-pro,Nokia 105 4G Pro,Hải,3
nokia-105-4g-pro,Nokia 105 4G Pro,Thuận,1
nokia-105-4g-pro,Nokia 105 4G Pro,Linh,5
nokia-105-4g-pro,Nokia 105 4G Pro,My,5
nokia-220-4g,Nokia 220 4G,Trung,1
nokia-220-4g,Nokia 220 4G,Quang,4
nokia-220-4g,Nokia 220 4G,Lộc,3
nokia-220-4g,Nokia 220 4G,Nam,1
nokia-220-4g,Nokia 220 4G,Vương,4
nokia-220-4g,Nokia 220 4G,Hải,1
nokia-220-4g,Nokia 220 4G,Long,4
nokia-220-4g,Nokia 220 4G,Quý,3
nokia-220-4g,Nokia 220 4G,Linh,5
mobell-m331,Mobell M331 4G,Chị Hằng,5
mobell-m331,Mobell M331 4G,Minh,5
mobell-m331,Mobell M331 4G,Anh,4
mobell-m331,Mobell M331 4G,Tâm,4
mobell-m331,Mobell M331 4G,Duy,5
mobell-m331,Mobell M331 4G,Hân,3
mobell-m331,Mobell M331 4G,Nhân,1
mobell-m331,Mobell M331 4G,Thanh,5
mobell-m539,Mobell M539 4G,Khanh,5
mobell-m539,Mobell M539 4G,Hoà,5
mobell-m539,Mobell M539 4G,Tuấn,5
mobell-m539,Mobell M539 4G,Công,5
mobell-m539,Mobell M539 4G,Hưng,4
mobell-m539,Mobell M539 4G,Anh Hùng,4
mobell-m539,Mobell M539 4G,Chị Thuỷ,4
mobell-m539,Mobell M539 4G,Huy,2
mobell-m539,Mobell M539 4G,Tuấn Anh,2
mobell-m539,Mobell M539 4G,Anh Cường,4
mobell-m539,Mobell M539 4G,Minh,1
mobell-m539,Mobell M539 4G,Chị Thảo,4
viettel-sumo-4g-t2,Viettel Sumo 4G T2,Thái,5
masstel-izi-t6,Masstel IZI T6 4G,Oanh,3
masstel-izi-t6,Masstel IZI T6 4G,Dũng,3
masstel-izi-t6,Masstel IZI T6 4G,Thanh,1
masstel-izi-t6,Masstel IZI T6 4G,Thiện,1
masstel-izi-t6,Masstel IZI T6 4G,Sơn,2
masstel-izi-t6,Masstel IZI T6 4G,Thanh,5
masstel-izi-t6,Masstel IZI T6 4G,Vinh,5
masstel-fami-50,Masstel Fami 50 4G,Nam,4
masstel-fami-50,Masstel Fami 50 4G,Thắng,5
vivo-v50-lite,vivo V50 Lite 8GB/256GB,Thuỷ,5
mobell-m239,Mobell M239 4G,Linh,1
mobell-m239,Mobell M239 4G,Thu,2
mobell-m239,Mobell M239 4G,Dung,2
mobell-m239,Mobell M239 4G,Khôi,4
mobell-m239,Mobell M239 4G,Khôi,5
mobell-m239,Mobell M239 4G,Thắng,4
mobell-m239,Mobell M239 4G,Hồng,5
mobell-m239,Mobell M239 4G,Nam,1
mobell-m239,Mobell M239 4G,Hạnh,4
mobell-m239,Mobell M239 4G,Loan,5
mobell-m239,Mobell M239 4G,Hậu,5
mobell-m239,Mobell M239 4G,Tài,4
mobell-m239,Mobell M239 4G,Anh Phương,4
mobell-m239,Mobell M239 4G,Chị Phương,2
mobell-m239,Mobell M239 4G,Chị Thuỷ,3
mobell-m239,Mobell M239 4G,Tân,5
mobell-m239,Mobell M239 4G,Hương,5
mobell-m239,Mobell M239 4G,Việt,5
mobell-m239,Mobell M239 4G,Dũng,2
mobell-m239,Mobell M239 4G,Lan,5
mobell-m239,Mobell M239 4G,Hà,3
mobell-m239,Mobell M239 4G,Thanh,4
mobell-m239,Mobell M239 4G,Hiệp,1
mobell-m239,Mobell M239 4G,Hà,1
mobell-m239,Mobell M239 4G,Nghĩa,5
mobell-m239,Mobell M239 4G,Hà,4
mobell-m239,Mobell M239 4G,Phước,5
mobell-m239,Mobell M239 4G,Nhung,5
mobell-m239,Mobell M239 4G,Anh Đạt,4
mobell-m239,Mobell M239 4G,Toàn,5
nokia-110-4g-pro,Nokia 110 4G Pro,Nam,3
nokia-110-4g-pro,Nokia 110 4G Pro,Minh,1
nokia-110-4g-pro,Nokia 110 4G Pro,Trí,3
nokia-110-4g-pro,Nokia 110 4G Pro,Hạnh,5
nokia-110-4g-pro,Nokia 110 4G Pro,Hưng,4
mobell-f309,Mobell F309 4G,Anh Hiếu,5
mobell-f309,Mobell F309 4G,Anh Huy,5
mobell-f309,Mobell F309 4G,Châu,5
mobell-f309,Mobell F309 4G,Chị Thảo,1
mobell-f309,Mobell F309 4G,Chị Phương,4
mobell-f309,Mobell F309 4G,Ngọc,3
mobell-f309,Mobell F309 4G,Nam,3
mobell-f309,Mobell F309 4G,Loan,5
mobell-f309,Mobell F309 4G,Hậu,5
mobell-f309,Mobell F309 4G,Nga,5
mobell-f309,Mobell F309 4G,Chị Hương,5
mobell-f309,Mobell F309 4G,Chị Trang,4
mobell-f309,Mobell F309 4G,Chị Liên,5
mobell-f309,Mobell F309 4G,Tâm,4
mobell-f309,Mobell F309 4G,Hùng,5
mobell-f309,Mobell F309 4G,Sơn,3
samsung-galaxy-s24-ultra-5g,Samsung Galaxy S24 Ultra 5G 12GB/256GB,Thịnh,5
samsung-galaxy-s24-ultra-5g,Samsung Galaxy S24 Ultra 5G 12GB/256GB,Giang,3
samsung-galaxy-s24-ultra-5g,Samsung Galaxy S24 Ultra 5G 12GB/256GB,Dung,4
samsung-galaxy-s24-ultra-5g,Samsung Galaxy S24 Ultra 5G 12GB/256GB,Tâm,3
samsung-galaxy-s24-ultra-5g,Samsung Galaxy S24 Ultra 5G 12GB/256GB,Chiến,1
samsung-galaxy-s24-ultra-5g,Samsung Galaxy S24 Ultra 5G 12GB/256GB,Tuấn,1
samsung-galaxy-s24-ultra-5g,Samsung Galaxy S24 Ultra 5G 12GB/256GB,Sơn,4
samsung-galaxy-s24-ultra-5g,Samsung Galaxy S24 Ultra 5G 12GB/256GB,An,1
samsung-galaxy-s24-ultra-5g,Samsung Galaxy S24 Ultra 5G 12GB/256GB,Tuấn,3
samsung-galaxy-s24-ultra-5g,Samsung Galaxy S24 Ultra 5G 12GB/256GB,Cường,1
samsung-galaxy-s24-ultra-5g,Samsung Galaxy S24 Ultra 5G 12GB/256GB,Hoàng,3
samsung-galaxy-s24-ultra-5g,Samsung Galaxy S24 Ultra 5G 12GB/256GB,Huy,5
samsung-galaxy-s24-ultra-5g,Samsung Galaxy S24 Ultra 5G 12GB/256GB,Long,1
samsung-galaxy-s24-ultra-5g,Samsung Galaxy S24 Ultra 5G 12GB/256GB,Hạnh,5
samsung-galaxy-s24-ultra-5g,Samsung Galaxy S24 Ultra 5G 12GB/256GB,Hiền,5
samsung-galaxy-s24-ultra-5g,Samsung Galaxy S24 Ultra 5G 12GB/256GB,Hồng,5
samsung-galaxy-s24-ultra-5g,Samsung Galaxy S24 Ultra 5G 12GB/256GB,Trâm,5
samsung-galaxy-s24-ultra-5g,Samsung Galaxy S24 Ultra 5G 12GB/256GB,Minh,5
samsung-galaxy-s24-ultra-5g,Samsung Galaxy S24 Ultra 5G 12GB/256GB,Tuấn,5
samsung-galaxy-s24-ultra-5g,Samsung Galaxy S24 Ultra 5G 12GB/256GB,Linh,3
samsung-galaxy-s24-ultra-5g,Samsung Galaxy S24 Ultra 5G 12GB/256GB,Anh Thịnh,5
samsung-galaxy-s24-ultra-5g,Samsung Galaxy S24 Ultra 5G 12GB/256GB,Linh,1
samsung-galaxy-s24-ultra-5g,Samsung Galaxy S24 Ultra 5G 12GB/256GB,Cường,5
xiaomi-redmi-note-14-5g,Xiaomi Redmi Note 14 5G 8GB/256GB,Hoàng,5
honor-x7c,HONOR X7c 8GB/256GB,Mai,3
benco-4g-g3,Benco 4G G3,Hung,1
nokia-3210-4g,Nokia 3210 4G,Hải,1
nokia-3210-4g,Nokia 3210 4G,Tuấn,1
oppo-reno12-5g-12gb-512gb,OPPO Reno12 5G 12GB/512GB,Ngọc,4
oppo-reno12-5g-12gb-512gb,OPPO Reno12 5G 12GB/512GB,Tiến,2
oppo-reno12-5g-12gb-512gb,OPPO Reno12 5G 12GB/512GB,Hân,3
oppo-reno12-5g-12gb-512gb,OPPO Reno12 5G 12GB/512GB,Thảo,4
oppo-reno12-5g-12gb-512gb,OPPO Reno12 5G 12GB/512GB,Phúc,5
samsung-galaxy-m35-5g?utm_flashsale=1,Samsung Galaxy M35 5G 8GB/256GB,Tuấn,5
samsung-galaxy-m35-5g?utm_flashsale=1,Samsung Galaxy M35 5G 8GB/256GB,Cường,3
samsung-galaxy-m35-5g?utm_flashsale=1,Samsung Galaxy M35 5G 8GB/256GB,Mạnh,2
samsung-galaxy-m35-5g?utm_flashsale=1,Samsung Galaxy M35 5G 8GB/256GB,Hùng,3
samsung-galaxy-m35-5g?utm_flashsale=1,Samsung Galaxy M35 5G 8GB/256GB,Trí,5
samsung-galaxy-m35-5g?utm_flashsale=1,Samsung Galaxy M35 5G 8GB/256GB,Tâm,5
samsung-galaxy-m35-5g?utm_flashsale=1,Samsung Galaxy M35 5G 8GB/256GB,Hạnh,5
samsung-galaxy-m35-5g?utm_flashsale=1,Samsung Galaxy M35 5G 8GB/256GB,Mạnh,5
samsung-galaxy-m35-5g?utm_flashsale=1,Samsung Galaxy M35 5G 8GB/256GB,Vy,5
samsung-galaxy-m35-5g?utm_flashsale=1,Samsung Galaxy M35 5G 8GB/256GB,Lộc,1
vivo-y03,vivo Y03 4GB/128GB,Anh Quang,5
vivo-v40-5g,vivo V40 5G 12GB/256GB,Tuấn,5
tecno-spark-30c,Tecno Spark 30C 6GB/128GB,Phúc,2
samsung-galaxy-a16-8gb-128gb,Samsung Galaxy A16 8GB/128GB,Hung,2
samsung-galaxy-a16-8gb-128gb,Samsung Galaxy A16 8GB/128GB,Thảo,4
samsung-galaxy-a16-8gb-128gb,Samsung Galaxy A16 8GB/128GB,Hậu,4
samsung-galaxy-a16-8gb-128gb,Samsung Galaxy A16 8GB/128GB,Hương,2
oppo-a58-4g,OPPO A58 8GB/128GB,Tâm,2
oppo-a58-4g,OPPO A58 8GB/128GB,Hiếu,1
oppo-a58-4g,OPPO A58 8GB/128GB,Dũng,3
oppo-a58-4g,OPPO A58 8GB/128GB,Chị Hà,4
oppo-a58-4g,OPPO A58 8GB/128GB,Vũ,5
oppo-a58-4g,OPPO A58 8GB/128GB,Trung,2
oppo-a58-4g,OPPO A58 8GB/128GB,Quân,1
oppo-a58-4g,OPPO A58 8GB/128GB,Anh Đức,5
oppo-a58-4g,OPPO A58 8GB/128GB,Hương,4
oppo-a58-4g,OPPO A58 8GB/128GB,Quỳnh,3
oppo-a58-4g,OPPO A58 8GB/128GB,Tiên,4
oppo-a58-4g,OPPO A58 8GB/128GB,Đạt,5
mobell-f209,Mobell F209 4G,Hạnh,1
mobell-f209,Mobell F209 4G,Anh Hải,3
mobell-f209,Mobell F209 4G,Anh Việt,4
mobell-f209,Mobell F209 4G,Khôi,4
mobell-f209,Mobell F209 4G,Toàn,5
mobell-f209,Mobell F209 4G,Chị Nga,5
mobell-f209,Mobell F209 4G,Lan,5
mobell-f209,Mobell F209 4G,Thắng,4
mobell-f209,Mobell F209 4G,Ngọc,5
mobell-f209,Mobell F209 4G,Chị Hằng,3
mobell-f209,Mobell F209 4G,Chị Hà,2
mobell-f209,Mobell F209 4G,Anh Long,4
mobell-f209,Mobell F209 4G,Anh Bình,4
mobell-f209,Mobell F209 4G,Thành,3
mobell-f209,Mobell F209 4G,Linh,5
realme-c65s-8gb-128gb,realme C65s 8GB/128GB,Hương,5
realme-c65s-8gb-128gb,realme C65s 8GB/128GB,Nghĩa,5
realme-c65s-8gb-128gb,realme C65s 8GB/128GB,Thủy,2
vivo-y28,vivo Y28 8GB/128GB,Huyền,5
vivo-y28,vivo Y28 8GB/128GB,An,1
vivo-y28,vivo Y28 8GB/128GB,Phương,1
vivo-y28,vivo Y28 8GB/128GB,Huy,4
oppo-find-n3-flip-hong,OPPO Find N3 Flip 5G 12GB/256GB Hồng,Ngọc,1
oppo-reno12-5g-12gb-256gb-hong,OPPO Reno12 5G 12GB/256GB Hồng,Dũng,3
oppo-reno12-f-5g-12gb-256gb,OPPO Reno12 F 5G 12GB/256GB,Thái,5
oppo-reno12-f-5g-12gb-256gb,OPPO Reno12 F 5G 12GB/256GB,Quân,1
oppo-reno12-f-5g-12gb-256gb,OPPO Reno12 F 5G 12GB/256GB,Phương,2
oppo-reno12-f-5g-12gb-256gb,OPPO Reno12 F 5G 12GB/256GB,Lâm,1
oppo-reno12-f-5g-12gb-256gb,OPPO Reno12 F 5G 12GB/256GB,Hằng,4
oppo-reno12-f-5g-12gb-256gb,OPPO Reno12 F 5G 12GB/256GB,Ngọc,2
oppo-reno12-f-5g-12gb-256gb,OPPO Reno12 F 5G 12GB/256GB,Hồng,3
oppo-reno12-f-5g-12gb-256gb,OPPO Reno12 F 5G 12GB/256GB,Khoa,5
realme-12,realme 12 8GB/256GB,Lộc,1
realme-12,realme 12 8GB/256GB,Hà,5
realme-12,realme 12 8GB/256GB,Anh Phương,5
iphone-14-plus-256gb,iPhone 14 Plus 256GB,Nga,5
iphone-14-plus-256gb,iPhone 14 Plus 256GB,Anh Vũ,5
iphone-14-plus-256gb,iPhone 14 Plus 256GB,Chị Mai,1
iphone-14-plus-256gb,iPhone 14 Plus 256GB,Thảo,3
iphone-14-plus-256gb,iPhone 14 Plus 256GB,Chị Thảo,5
iphone-14-plus-256gb,iPhone 14 Plus 256GB,Thắng,5
honor-magic-v3,HONOR Magic V3 5G 12GB/512GB,Thành,5
iphone-15-pro-1tb,iPhone 15 Pro 1TB,Tùng,5
samsung-galaxy-m15?utm_flashsale=1,Samsung Galaxy M15 5G 6GB/128GB,Ngọc,1
samsung-galaxy-m15?utm_flashsale=1,Samsung Galaxy M15 5G 6GB/128GB,Huy,4
samsung-galaxy-m15?utm_flashsale=1,Samsung Galaxy M15 5G 6GB/128GB,Thanh,5
samsung-galaxy-m15?utm_flashsale=1,Samsung Galaxy M15 5G 6GB/128GB,Quỳnh,1
samsung-galaxy-m15?utm_flashsale=1,Samsung Galaxy M15 5G 6GB/128GB,Dũng,4
samsung-galaxy-m15?utm_flashsale=1,Samsung Galaxy M15 5G 6GB/128GB,Minh,1
samsung-galaxy-m15?utm_flashsale=1,Samsung Galaxy M15 5G 6GB/128GB,Đức,1
samsung-galaxy-m15?utm_flashsale=1,Samsung Galaxy M15 5G 6GB/128GB,Nhung,3
samsung-galaxy-m15?utm_flashsale=1,Samsung Galaxy M15 5G 6GB/128GB,Dũng,1
samsung-galaxy-m15?utm_flashsale=1,Samsung Galaxy M15 5G 6GB/128GB,Thanh,3
samsung-galaxy-m15?utm_flashsale=1,Samsung Galaxy M15 5G 6GB/128GB,Long,1
samsung-galaxy-m15?utm_flashsale=1,Samsung Galaxy M15 5G 6GB/128GB,Toàn,3
samsung-galaxy-m15?utm_flashsale=1,Samsung Galaxy M15 5G 6GB/128GB,Hung,2
samsung-galaxy-m15?utm_flashsale=1,Samsung Galaxy M15 5G 6GB/128GB,Anh Tuấn,1
samsung-galaxy-m15?utm_flashsale=1,Samsung Galaxy M15 5G 6GB/128GB,Trường,1
samsung-galaxy-m15?utm_flashsale=1,Samsung Galaxy M15 5G 6GB/128GB,Dũng,5
samsung-galaxy-m15?utm_flashsale=1,Samsung Galaxy M15 5G 6GB/128GB,Nhân,3
samsung-galaxy-m15?utm_flashsale=1,Samsung Galaxy M15 5G 6GB/128GB,Vũ,3
samsung-galaxy-m15?utm_flashsale=1,Samsung Galaxy M15 5G 6GB/128GB,Thuận,5
adapter-sac-type-c-pd-20w-xmobile-ds602a?utm_flashsale=1,Sạc Xmobile DS602A,Trung,4
adapter-sac-type-c-pd-20w-xmobile-ds602a?utm_flashsale=1,Sạc Xmobile DS602A,Hằng,5
adapter-sac-type-c-pd-20w-xmobile-ds602a?utm_flashsale=1,Sạc Xmobile DS602A,Nhung,5
adapter-sac-type-c-pd-20w-xmobile-ds602a?utm_flashsale=1,Sạc Xmobile DS602A,Anh Tiến,5
adapter-sac-type-c-pd-gan-30w-xmobile-ds230-trang?utm_flashsale=1,Sạc Xmobile DS230,Chị Trang,4
adapter-sac-type-c-pd-gan-30w-xmobile-ds230-trang?utm_flashsale=1,Sạc Xmobile DS230,Anh Tuấn,5
adapter-sac-type-c-pd-gan-30w-xmobile-ds230-trang?utm_flashsale=1,Sạc Xmobile DS230,Hân,3
adapter-sac-type-c-pd-gan-30w-xmobile-ds230-trang?utm_flashsale=1,Sạc Xmobile DS230,Minh,5
adapter-sac-type-c-pd-gan-30w-xmobile-ds230-trang?utm_flashsale=1,Sạc Xmobile DS230,Thắng,5
adapter-sac-type-c-pd-gan-30w-xmobile-ds230-trang?utm_flashsale=1,Sạc Xmobile DS230,Tâm,5
adapter-sac-type-c-pd-gan-30w-xmobile-ds230-trang?utm_flashsale=1,Sạc Xmobile DS230,Hùng,5
adapter-sac-type-c-pd-gan-30w-xmobile-ds230-trang?utm_flashsale=1,Sạc Xmobile DS230,Thảo,4
adapter-sac-type-c-pd-gan-30w-xmobile-ds230-trang?utm_flashsale=1,Sạc Xmobile DS230,Huyền,4
adapter-sac-type-c-pd-gan-30w-xmobile-ds230-trang?utm_flashsale=1,Sạc Xmobile DS230,Anh Huy,5
adapter-sac-type-c-pd-gan-30w-xmobile-ds230-trang?utm_flashsale=1,Sạc Xmobile DS230,Anh Tâm,5
adapter-sac-type-c-pd-gan-30w-xmobile-ds230-trang?utm_flashsale=1,Sạc Xmobile DS230,Hoàng,5
adapter-sac-type-c-pd-gan-30w-xmobile-ds230-trang?utm_flashsale=1,Sạc Xmobile DS230,Hiệp,4
adapter-type-c-pd-20w-anker-powerport-nano-a2633,Sạc Anker PowerPort III Nano A2633,Tuyền,4
adapter-type-c-pd-20w-anker-powerport-nano-a2633,Sạc Anker PowerPort III Nano A2633,Linh,5
adapter-type-c-pd-20w-anker-powerport-nano-a2633,Sạc Anker PowerPort III Nano A2633,Nam,4
adapter-type-c-pd-20w-anker-powerport-nano-a2633,Sạc Anker PowerPort III Nano A2633,Phú,5
adapter-type-c-pd-20w-anker-powerport-nano-a2633,Sạc Anker PowerPort III Nano A2633,Nhân,5
adapter-type-c-pd-20w-anker-powerport-nano-a2633,Sạc Anker PowerPort III Nano A2633,Thành,5
adapter-type-c-pd-20w-anker-powerport-nano-a2633,Sạc Anker PowerPort III Nano A2633,Tùng,5
adapter-type-c-pd-20w-anker-powerport-nano-a2633,Sạc Anker PowerPort III Nano A2633,Phong,5
adapter-type-c-pd-20w-anker-powerport-nano-a2633,Sạc Anker PowerPort III Nano A2633,Phương,4
adapter-type-c-pd-20w-anker-powerport-nano-a2633,Sạc Anker PowerPort III Nano A2633,Toàn,5
adapter-type-c-pd-20w-anker-powerport-nano-a2633,Sạc Anker PowerPort III Nano A2633,Cường,1
adapter-type-c-pd-20w-anker-powerport-nano-a2633,Sạc Anker PowerPort III Nano A2633,Hải,5
adapter-type-c-pd-20w-anker-powerport-nano-a2633,Sạc Anker PowerPort III Nano A2633,Anh Cường,4
adapter-type-c-pd-20w-anker-powerport-nano-a2633,Sạc Anker PowerPort III Nano A2633,Anh Trường,5
adapter-type-c-pd-20w-anker-powerport-nano-a2633,Sạc Anker PowerPort III Nano A2633,Đạt,5
adapter-type-c-pd-20w-anker-powerport-nano-a2633,Sạc Anker PowerPort III Nano A2633,Lâm,5
adapter-type-c-pd-20w-anker-powerport-nano-a2633,Sạc Anker PowerPort III Nano A2633,Trí,5
adapter-type-c-pd-20w-anker-powerport-nano-a2633,Sạc Anker PowerPort III Nano A2633,Duy,5
adapter-type-c-pd-20w-anker-powerport-nano-a2633,Sạc Anker PowerPort III Nano A2633,Đức,5
adapter-type-c-pd-20w-anker-powerport-nano-a2633,Sạc Anker PowerPort III Nano A2633,Thảo,4
adapter-type-c-pd-20w-anker-powerport-nano-a2633,Sạc Anker PowerPort III Nano A2633,Anh Đạt,5
adapter-type-c-pd-20w-anker-powerport-nano-a2633,Sạc Anker PowerPort III Nano A2633,Quý,5
adapter-sac-type-c-iq3-67w-anker-a2671,Sạc Anker A2671,Phong,5
adapter-sac-type-c-pd-gan-30w-ugreen-nexode-90901,Sạc Ugreen Nexode 90901,Linh,5
sac-khong-day-magpro-2-in-1-15w-baseus-bs-w531,Sạc không dây 2 in 1 Baseus BS-W531,Hoàng,3
cap-type-c-lightning-2m-xmobile-lcl-05?utm_flashsale=1,Cáp Type C - Lightning 2m Xmobile LCL-05,Phú,3
adapter-sac-2-cong-usb-type-c-iq3-kem-cap-type-c-type-c-1-5m-20w-anker-b2348,Sạc 2 cổng Anker kèm Cáp Type C - Type C B2348,Nguyên,1
cap-type-c-type-c-2m-baseus-glimmer-cb000025,Cáp Type C - Type C 2m Baseus Glimmer CB000025,Anh Việt,5
cap-type-c-type-c-2m-baseus-glimmer-cb000025,Cáp Type C - Type C 2m Baseus Glimmer CB000025,Nghĩa,5
cap-type-c-type-c-2m-baseus-glimmer-cb000025,Cáp Type C - Type C 2m Baseus Glimmer CB000025,Hiếu,4
cap-type-c-1m-xmobile-ds09cp-wb?utm_flashsale=1,Cáp Type C 1m Xmobile DS09CP-WB,Hưng,5
cap-type-c-1m-xmobile-ds09cp-wb?utm_flashsale=1,Cáp Type C 1m Xmobile DS09CP-WB,Nhân,5
cap-type-c-1m-xmobile-ds09cp-wb?utm_flashsale=1,Cáp Type C 1m Xmobile DS09CP-WB,Diễm,4
cap-type-c-1m-xmobile-ds09cp-wb?utm_flashsale=1,Cáp Type C 1m Xmobile DS09CP-WB,Tú,2
cap-type-c-1m-xmobile-ds09cp-wb?utm_flashsale=1,Cáp Type C 1m Xmobile DS09CP-WB,Sang,5
cap-type-c-1m-xmobile-ds09cp-wb?utm_flashsale=1,Cáp Type C 1m Xmobile DS09CP-WB,Tú,5
adapter-sac-type-c-pd-gan-30w-ugreen-robot-nexode-25036,Sạc Ugreen Robot Nexode 25036,Tâm,3
adapter-sac-type-c-pd-gan-30w-ugreen-robot-nexode-25036,Sạc Ugreen Robot Nexode 25036,Hải,4
adapter-sac-type-c-pd-gan-30w-ugreen-robot-nexode-25036,Sạc Ugreen Robot Nexode 25036,Dương,5
adapter-sac-type-c-pd-gan-30w-ugreen-robot-nexode-25036,Sạc Ugreen Robot Nexode 25036,Chị Hằng,5
cap-lightning-1m-xmobile-dr-l001x-do-den?utm_flashsale=1,Cáp Lightning 1m Xmobile DR-L001X,Anh Hưng,5
cap-lightning-1m-xmobile-dr-l001x-do-den?utm_flashsale=1,Cáp Lightning 1m Xmobile DR-L001X,Thu,4
cap-lightning-1m-xmobile-dr-l001x-do-den?utm_flashsale=1,Cáp Lightning 1m Xmobile DR-L001X,Thúy,5
cap-lightning-1m-xmobile-dr-l001x-do-den?utm_flashsale=1,Cáp Lightning 1m Xmobile DR-L001X,Hiền,5
cap-lightning-1m-xmobile-dr-l001x-do-den?utm_flashsale=1,Cáp Lightning 1m Xmobile DR-L001X,Anh Cường,5
cap-lightning-1m-xmobile-dr-l001x-do-den?utm_flashsale=1,Cáp Lightning 1m Xmobile DR-L001X,Giang,5
cap-lightning-1m-xmobile-dr-l001x-do-den?utm_flashsale=1,Cáp Lightning 1m Xmobile DR-L001X,Quân,3
cap-lightning-1m-xmobile-dr-l001x-do-den?utm_flashsale=1,Cáp Lightning 1m Xmobile DR-L001X,Vinh,4
cap-lightning-1m-xmobile-dr-l001x-do-den?utm_flashsale=1,Cáp Lightning 1m Xmobile DR-L001X,Tài,1
cap-lightning-1m-xmobile-dr-l001x-do-den?utm_flashsale=1,Cáp Lightning 1m Xmobile DR-L001X,Nhung,4
cap-lightning-1m-xmobile-dr-l001x-do-den?utm_flashsale=1,Cáp Lightning 1m Xmobile DR-L001X,Trang,4
cap-lightning-1m-xmobile-dr-l001x-do-den?utm_flashsale=1,Cáp Lightning 1m Xmobile DR-L001X,Vinh,5
cap-lightning-1m-xmobile-dr-l001x-do-den?utm_flashsale=1,Cáp Lightning 1m Xmobile DR-L001X,Chị Dung,4
cap-lightning-1m-xmobile-dr-l001x-do-den?utm_flashsale=1,Cáp Lightning 1m Xmobile DR-L001X,Thịnh,4
cap-lightning-1m-xmobile-dr-l001x-do-den?utm_flashsale=1,Cáp Lightning 1m Xmobile DR-L001X,Thuận,4
cap-lightning-1m-xmobile-dr-l001x-do-den?utm_flashsale=1,Cáp Lightning 1m Xmobile DR-L001X,Oanh,5
cap-type-c-type-c-1m-ugreen-70427,Cáp Type C - Type C 1m Ugreen 70427,Chị Liên,5
cap-day-rut-type-c-type-c-1m-baseus-retractable-bright-mirror-cb000062,Cáp Dây Rút Type C - Type C 1m Baseus Retractable Bright Mirror CB000062,Bình,5
cap-day-rut-type-c-type-c-1m-baseus-retractable-bright-mirror-cb000062,Cáp Dây Rút Type C - Type C 1m Baseus Retractable Bright Mirror CB000062,Anh Phương,4
cap-type-c-lightning-0-2m-xmobile-l2203?utm_flashsale=1,Cáp Type C - Lightning 0.2m Xmobile L2203,Hằng,5
adapter-sac-2-cong-type-c-pd-gan-35w-mazer-gan35us,Sạc 2 cổng Mazer GAN35US,Long,3
adapter-sac-2-cong-type-c-pd-gan-35w-mazer-gan35us,Sạc 2 cổng Mazer GAN35US,Công,5
adapter-sac-3-cong-usb-type-c-pd-qc3-0-gan-65w-ugreen-nexode-10334,Sạc 3 cổng Ugreen Nexode 10334,Chị Thảo,5
adapter-sac-type-c-pd-gan5-20w-baseus-ccgan20cs,Sạc Baseus CCGAN20CS,Dung,4
type-c-pd-25w-samsung-ep-ta800n,Sạc Samsung EP-TA800N,Ngân,5
type-c-pd-25w-samsung-ep-ta800n,Sạc Samsung EP-TA800N,Anh Minh,4
type-c-pd-25w-samsung-ep-ta800n,Sạc Samsung EP-TA800N,Thu,4
type-c-pd-25w-samsung-ep-ta800n,Sạc Samsung EP-TA800N,Chị Phương,4
type-c-pd-25w-samsung-ep-ta800n,Sạc Samsung EP-TA800N,Hùng,4
type-c-pd-25w-samsung-ep-ta800n,Sạc Samsung EP-TA800N,Anh Tâm,4
type-c-pd-25w-samsung-ep-ta800n,Sạc Samsung EP-TA800N,Nga,1
type-c-pd-25w-samsung-ep-ta800n,Sạc Samsung EP-TA800N,Hương,5
type-c-pd-25w-samsung-ep-ta800n,Sạc Samsung EP-TA800N,Tiến,5
type-c-pd-25w-samsung-ep-ta800n,Sạc Samsung EP-TA800N,Anh Cường,3
type-c-pd-25w-samsung-ep-ta800n,Sạc Samsung EP-TA800N,Chị Nga,5
type-c-pd-25w-samsung-ep-ta800n,Sạc Samsung EP-TA800N,Danh,5
type-c-pd-25w-samsung-ep-ta800n,Sạc Samsung EP-TA800N,Phượng,4
type-c-pd-25w-samsung-ep-ta800n,Sạc Samsung EP-TA800N,Chị Linh,5
type-c-pd-25w-samsung-ep-ta800n,Sạc Samsung EP-TA800N,Anh Long,4
type-c-pd-25w-samsung-ep-ta800n,Sạc Samsung EP-TA800N,Phương,4
type-c-pd-25w-samsung-ep-ta800n,Sạc Samsung EP-TA800N,Thắng,5
type-c-pd-25w-samsung-ep-ta800n,Sạc Samsung EP-TA800N,Anh Hải,5
type-c-pd-25w-samsung-ep-ta800n,Sạc Samsung EP-TA800N,Ngọc,5
type-c-pd-25w-samsung-ep-ta800n,Sạc Samsung EP-TA800N,Chị Phượng,5
type-c-pd-25w-samsung-ep-ta800n,Sạc Samsung EP-TA800N,Anh Trung,5
type-c-pd-25w-samsung-ep-ta800n,Sạc Samsung EP-TA800N,Anh Cường,4
type-c-pd-25w-samsung-ep-ta800n,Sạc Samsung EP-TA800N,Bảo,5
type-c-pd-25w-samsung-ep-ta800n,Sạc Samsung EP-TA800N,Anh Huy,3
type-c-pd-25w-samsung-ep-ta800n,Sạc Samsung EP-TA800N,Phát,4
type-c-pd-25w-samsung-ep-ta800n,Sạc Samsung EP-TA800N,Hà,5
type-c-pd-25w-samsung-ep-ta800n,Sạc Samsung EP-TA800N,Anh Tú,5
type-c-pd-25w-samsung-ep-ta800n,Sạc Samsung EP-TA800N,Anh Đức,4
type-c-pd-25w-samsung-ep-ta800n,Sạc Samsung EP-TA800N,Sơn,5
type-c-pd-25w-samsung-ep-ta800n,Sạc Samsung EP-TA800N,Hoàng,5
type-c-pd-25w-samsung-ep-ta800n,Sạc Samsung EP-TA800N,Uyên,5
type-c-pd-25w-samsung-ep-ta800n,Sạc Samsung EP-TA800N,Thảo,5
type-c-pd-25w-samsung-ep-ta800n,Sạc Samsung EP-TA800N,Anh Tuấn,5
type-c-pd-25w-samsung-ep-ta800n,Sạc Samsung EP-TA800N,Như,5
type-c-pd-25w-samsung-ep-ta800n,Sạc Samsung EP-TA800N,Long,3
type-c-pd-25w-samsung-ep-ta800n,Sạc Samsung EP-TA800N,Chị Hương,4
type-c-pd-25w-samsung-ep-ta800n,Sạc Samsung EP-TA800N,Ngân,4
type-c-pd-25w-samsung-ep-ta800n,Sạc Samsung EP-TA800N,Tiên,5
type-c-pd-25w-samsung-ep-ta800n,Sạc Samsung EP-TA800N,Hoàng,4
type-c-pd-25w-samsung-ep-ta800n,Sạc Samsung EP-TA800N,Loan,5
type-c-pd-25w-samsung-ep-ta800n,Sạc Samsung EP-TA800N,Hùng,5
type-c-pd-25w-samsung-ep-ta800n,Sạc Samsung EP-TA800N,Hồng,4
type-c-pd-25w-samsung-ep-ta800n,Sạc Samsung EP-TA800N,Nam,3
type-c-pd-25w-samsung-ep-ta800n,Sạc Samsung EP-TA800N,Khánh,5
type-c-pd-25w-samsung-ep-ta800n,Sạc Samsung EP-TA800N,Anh Hùng,4
type-c-pd-25w-samsung-ep-ta800n,Sạc Samsung EP-TA800N,Tuấn,3
type-c-pd-25w-samsung-ep-ta800n,Sạc Samsung EP-TA800N,Hà,4
type-c-pd-25w-samsung-ep-ta800n,Sạc Samsung EP-TA800N,Linh,5
type-c-pd-25w-samsung-ep-ta800n,Sạc Samsung EP-TA800N,Hằng,5
type-c-pd-25w-samsung-ep-ta800n,Sạc Samsung EP-TA800N,Quang,4
type-c-pd-25w-samsung-ep-ta800n,Sạc Samsung EP-TA800N,Sang,5
type-c-pd-25w-samsung-ep-ta800n,Sạc Samsung EP-TA800N,Cường,2
type-c-pd-25w-samsung-ep-ta800n,Sạc Samsung EP-TA800N,Châu,4
type-c-pd-25w-samsung-ep-ta800n,Sạc Samsung EP-TA800N,Anh Cường,5
type-c-pd-25w-samsung-ep-ta800n,Sạc Samsung EP-TA800N,Bảo,4
type-c-pd-25w-samsung-ep-ta800n,Sạc Samsung EP-TA800N,Hoa,4
type-c-pd-25w-samsung-ep-ta800n,Sạc Samsung EP-TA800N,Thư,5
type-c-pd-25w-samsung-ep-ta800n,Sạc Samsung EP-TA800N,Huy,5
type-c-pd-25w-samsung-ep-ta800n,Sạc Samsung EP-TA800N,Phương,5
cap-type-c-type-c-1-8m-anker-544-bio-a80f2,Cáp Type C - Type C 1.8m Anker 544 Bio A80F2,Chiến,5
cap-type-c-type-c-1-8m-anker-544-bio-a80f2,Cáp Type C - Type C 1.8m Anker 544 Bio A80F2,Dương,5
cap-type-c-type-c-1-8m-anker-544-bio-a80f2,Cáp Type C - Type C 1.8m Anker 544 Bio A80F2,Anh Hải,5
cap-type-c-type-c-1-8m-anker-544-bio-a80f2,Cáp Type C - Type C 1.8m Anker 544 Bio A80F2,Tuấn,5
cap-type-c-type-c-1-8m-anker-544-bio-a80f2,Cáp Type C - Type C 1.8m Anker 544 Bio A80F2,Hoa,4
cap-type-c-type-c-1-8m-anker-544-bio-a80f2,Cáp Type C - Type C 1.8m Anker 544 Bio A80F2,Khang,5
cap-type-c-type-c-1-8m-anker-544-bio-a80f2,Cáp Type C - Type C 1.8m Anker 544 Bio A80F2,Thái,5
cap-type-c-type-c-1-8m-anker-544-bio-a80f2,Cáp Type C - Type C 1.8m Anker 544 Bio A80F2,Long,5
adapter-sac-type-c-pd-gan-30w-ugreen-robot-nexode-15550,Sạc Ugreen Robot Nexode 15550,Hằng,5
cap-type-c-type-c-1m-xmobile-ds103?utm_flashsale=1,Cáp Type C - Type C 1m Xmobile DS103,Khoa,5
cap-type-c-type-c-1m-xmobile-ds103?utm_flashsale=1,Cáp Type C - Type C 1m Xmobile DS103,Hậu,5
cap-type-c-type-c-1m-xmobile-ds103?utm_flashsale=1,Cáp Type C - Type C 1m Xmobile DS103,Đức,5
cap-type-c-type-c-1m-xmobile-ds103?utm_flashsale=1,Cáp Type C - Type C 1m Xmobile DS103,Hạnh,5
cap-type-c-type-c-1m-xmobile-ds103?utm_flashsale=1,Cáp Type C - Type C 1m Xmobile DS103,Chiến,5
cap-type-c-type-c-1m-xmobile-dr-t09?utm_flashsale=1,Cáp Type C - Type C 1m Xmobile DR-T09,Giang,1
cap-type-c-type-c-1m-xmobile-dr-t09?utm_flashsale=1,Cáp Type C - Type C 1m Xmobile DR-T09,Hạnh,5
cap-type-c-type-c-1m-xmobile-dr-t09?utm_flashsale=1,Cáp Type C - Type C 1m Xmobile DR-T09,Thái,5
cap-type-c-type-c-1m-xmobile-dr-t09?utm_flashsale=1,Cáp Type C - Type C 1m Xmobile DR-T09,Khôi,5
cap-type-c-type-c-1m-xmobile-dr-t09?utm_flashsale=1,Cáp Type C - Type C 1m Xmobile DR-T09,Sơn,5
cap-type-c-type-c-1m-xmobile-dr-t09?utm_flashsale=1,Cáp Type C - Type C 1m Xmobile DR-T09,Hải,5
cap-type-c-type-c-1m-xmobile-dr-t09?utm_flashsale=1,Cáp Type C - Type C 1m Xmobile DR-T09,Hậu,5
cap-type-c-type-c-1m-xmobile-dr-t09?utm_flashsale=1,Cáp Type C - Type C 1m Xmobile DR-T09,Chị Phương,4
cap-type-c-type-c-1m-xmobile-dr-t09?utm_flashsale=1,Cáp Type C - Type C 1m Xmobile DR-T09,Việt,5
cap-type-c-type-c-1m-xmobile-dr-t09?utm_flashsale=1,Cáp Type C - Type C 1m Xmobile DR-T09,Nga,5
cap-type-c-type-c-1m-xmobile-dr-t09?utm_flashsale=1,Cáp Type C - Type C 1m Xmobile DR-T09,Luân,5
cap-type-c-1m-mbest-ds462x,Cáp Type C 1m Mbest DS462X,Hoàng,5
cap-type-c-1m-mbest-ds462x,Cáp Type C 1m Mbest DS462X,Mạnh,5
cap-type-c-1m-mbest-ds462x,Cáp Type C 1m Mbest DS462X,Diễm,5
cap-type-c-1m-mbest-ds462x,Cáp Type C 1m Mbest DS462X,Vũ,5
cap-type-c-1m-mbest-ds462x,Cáp Type C 1m Mbest DS462X,Nam,4
cap-type-c-1m-mbest-ds462x,Cáp Type C 1m Mbest DS462X,Chị Hằng,4
cap-type-c-supervooc-oppo-dl129?utm_flashsale=1,Cáp Type C SuperVOOC 1m OPPO DL129,Hải,4
cap-type-c-supervooc-oppo-dl129?utm_flashsale=1,Cáp Type C SuperVOOC 1m OPPO DL129,Anh Việt,4
cap-type-c-supervooc-oppo-dl129?utm_flashsale=1,Cáp Type C SuperVOOC 1m OPPO DL129,Lâm,5
cap-type-c-supervooc-oppo-dl129?utm_flashsale=1,Cáp Type C SuperVOOC 1m OPPO DL129,Chị Nhi,5
cap-type-c-supervooc-oppo-dl129?utm_flashsale=1,Cáp Type C SuperVOOC 1m OPPO DL129,Anh Tuấn,5
cap-type-c-supervooc-oppo-dl129?utm_flashsale=1,Cáp Type C SuperVOOC 1m OPPO DL129,Công,3
cap-type-c-supervooc-oppo-dl129?utm_flashsale=1,Cáp Type C SuperVOOC 1m OPPO DL129,Thuận,5
cap-type-c-supervooc-oppo-dl129?utm_flashsale=1,Cáp Type C SuperVOOC 1m OPPO DL129,Anh Hưng,5
cap-type-c-supervooc-oppo-dl129?utm_flashsale=1,Cáp Type C SuperVOOC 1m OPPO DL129,Trang,5
cap-type-c-supervooc-oppo-dl129?utm_flashsale=1,Cáp Type C SuperVOOC 1m OPPO DL129,Công,4
cap-type-c-supervooc-oppo-dl129?utm_flashsale=1,Cáp Type C SuperVOOC 1m OPPO DL129,Hằng,5
cap-type-c-supervooc-oppo-dl129?utm_flashsale=1,Cáp Type C SuperVOOC 1m OPPO DL129,Hung,5
cap-type-c-supervooc-oppo-dl129?utm_flashsale=1,Cáp Type C SuperVOOC 1m OPPO DL129,Hân,5
cap-type-c-supervooc-oppo-dl129?utm_flashsale=1,Cáp Type C SuperVOOC 1m OPPO DL129,Tài,5
cap-type-c-supervooc-oppo-dl129?utm_flashsale=1,Cáp Type C SuperVOOC 1m OPPO DL129,Nam,5
adapter-sac-2-4a-hydrus-jlc-333?utm_flashsale=1,Sạc Hydrus JLC-333,Hùng,1
adapter-sac-2-cong-2-4a-hydrus-h-35?utm_flashsale=1,Sạc 2 cổng Hydrus H-35,Oanh,1
cap-type-c-1m-hydrus-cv-12?utm_flashsale=1,Cáp Type C 1m Hydrus CV-12,Trung,1
sac-xe-hoi-2-cong-usb-type-c-pd-qc-3-0-30w-xmobile-sn-571,Sạc xe hơi 2 cổng Xmobile SN-571,Phương,5
adapter-sac-usb-24a-ava-cs-tc021-trang?utm_flashsale=1,Sạc AVA+ CS-TC021,Thu,4
adapter-sac-usb-24a-ava-cs-tc021-trang?utm_flashsale=1,Sạc AVA+ CS-TC021,Bình,5
adapter-sac-usb-24a-ava-cs-tc021-trang?utm_flashsale=1,Sạc AVA+ CS-TC021,Trang,5
adapter-sac-usb-24a-ava-cs-tc021-trang?utm_flashsale=1,Sạc AVA+ CS-TC021,Chị Trang,5
adapter-sac-usb-24a-ava-cs-tc021-trang?utm_flashsale=1,Sạc AVA+ CS-TC021,Sơn,5
adapter-sac-usb-24a-ava-cs-tc021-trang?utm_flashsale=1,Sạc AVA+ CS-TC021,Quỳnh,3
adapter-sac-usb-24a-ava-cs-tc021-trang?utm_flashsale=1,Sạc AVA+ CS-TC021,Duy,4
adapter-sac-usb-24a-ava-cs-tc021-trang?utm_flashsale=1,Sạc AVA+ CS-TC021,Anh Phương,4
adapter-sac-usb-24a-ava-cs-tc021-trang?utm_flashsale=1,Sạc AVA+ CS-TC021,Chị Huyền,5
adapter-sac-usb-24a-ava-cs-tc021-trang?utm_flashsale=1,Sạc AVA+ CS-TC021,Vũ,5
adapter-sac-usb-24a-ava-cs-tc021-trang?utm_flashsale=1,Sạc AVA+ CS-TC021,Hạnh,4
adapter-sac-usb-24a-ava-cs-tc021-trang?utm_flashsale=1,Sạc AVA+ CS-TC021,Tùng,3
adapter-sac-usb-24a-ava-cs-tc021-trang?utm_flashsale=1,Sạc AVA+ CS-TC021,Khang,4
adapter-sac-usb-24a-ava-cs-tc021-trang?utm_flashsale=1,Sạc AVA+ CS-TC021,Anh Tuấn,5
sac-du-phong-polymer-10000mah-khong-day-magnetic-type-c-pd-20w-ugreen-pb206,Ugreen 20W PB206,Sang,5
pin-sac-du-phong-10000mah-type-c-pd-qc-3-0-33w-xiaomi-pb1033mi,Xiaomi 33W PB1033MI kèm Cáp Type C,Hiếu,4
pin-sac-du-phong-10000mah-type-c-pd-qc-3-0-45w-baseus-picogo-pppg-1w45c,Baseus PicoGo 45W PPPG-1W45C kèm Cáp Type C,Toàn,1
pin-sac-du-phong-10000mah-type-c-pd-qc-3-0-45w-baseus-picogo-pppg-1w45c,Baseus PicoGo 45W PPPG-1W45C kèm Cáp Type C,Bảo,1
sac-du-phong-polymer-10000mah-3in1-magnetic-pd-qc-3-0-22-5w-xmobile-dx367?utm_flashsale=1,Xmobile 22.5W DX367 tích hợp Adapter sạc,Thành,1
pin-sac-du-phong-polymer-20000mah-type-c-10-5w-ava-g-dx258,AVA+ 10.5W G-DX258 kèm Cáp Lightning và Cáp Type C,Tân,3
pin-sac-du-phong-polymer-20000mah-type-c-10-5w-ava-g-dx258,AVA+ 10.5W G-DX258 kèm Cáp Lightning và Cáp Type C,Tâm,2
pin-sac-du-phong-polymer-20000mah-type-c-10-5w-ava-g-dx258,AVA+ 10.5W G-DX258 kèm Cáp Lightning và Cáp Type C,Tâm,3
pin-sac-du-phong-polymer-20000mah-type-c-10-5w-ava-g-dx258,AVA+ 10.5W G-DX258 kèm Cáp Lightning và Cáp Type C,Hà,2
pin-sac-du-phong-polymer-20000mah-type-c-10-5w-ava-g-dx258,AVA+ 10.5W G-DX258 kèm Cáp Lightning và Cáp Type C,Ngân,3
pin-sac-du-phong-polymer-20000mah-type-c-10-5w-ava-g-dx258,AVA+ 10.5W G-DX258 kèm Cáp Lightning và Cáp Type C,Tuấn,4
pin-sac-du-phong-polymer-20000mah-type-c-10-5w-ava-g-dx258,AVA+ 10.5W G-DX258 kèm Cáp Lightning và Cáp Type C,Vinh,3
pin-sac-du-phong-20000mah-type-c-pd-qc-3-0-22-5w-xmobile-ym-672-den,Xmobile 22.5W YM-672,Thanh,3
pin-sac-du-phong-polymer-20000mah-type-c-pd-qc-3-0-22-5w-xmobile-a16-xanh,Xmobile 22.5W A16,Duy,2
sac-du-phong-polymer-10000mah-khong-day-magnetic-type-c-20w-xmobile-jp331,Xmobile 20W JP331,Bảo,1
pin-sac-du-phong-polymer-10000mah-type-c-10-5w-hydrus-k108?utm_flashsale=1,Hydrus 10.5W K108 kèm Cáp Lightning - Type C - Micro,Trinh,3
pin-sac-du-phong-10000mah-type-c-pd-qc-3-0-22-5w-hydrus-k98?utm_flashsale=1,Hydrus 22.5W K98 kèm Cáp Lightning và Cáp Type C,Nguyên,3
pin-sac-du-phong-10000mah-type-c-pd-qc-3-0-22-5w-hydrus-k98?utm_flashsale=1,Hydrus 22.5W K98 kèm Cáp Lightning và Cáp Type C,Hùng,1
pin-sac-du-phong-polymer-20000mah-10-5w-ava-plus-q7,AVA+ 10.5W Q7,Duyên,3
pin-sac-du-phong-polymer-20000mah-10-5w-ava-plus-q7,AVA+ 10.5W Q7,Thảo,1
pin-sac-du-phong-polymer-20000mah-10-5w-ava-plus-q7,AVA+ 10.5W Q7,Loan,3
pin-sac-du-phong-polymer-20000mah-10-5w-ava-plus-q7,AVA+ 10.5W Q7,Vương,5
pin-sac-du-phong-polymer-20000mah-10-5w-ava-plus-q7,AVA+ 10.5W Q7,Quân,1
pin-sac-du-phong-polymer-20000mah-10-5w-ava-plus-q7,AVA+ 10.5W Q7,Lộc,5
pin-sac-du-phong-polymer-20000mah-10-5w-ava-plus-q7,AVA+ 10.5W Q7,Quỳnh,1
pin-sac-du-phong-polymer-20000mah-10-5w-ava-plus-q7,AVA+ 10.5W Q7,Dũng,5
pin-sac-du-phong-polymer-20000mah-10-5w-ava-plus-q7,AVA+ 10.5W Q7,An,5
pin-sac-du-phong-polymer-20000mah-10-5w-ava-plus-q7,AVA+ 10.5W Q7,Hưng,5
pin-sac-du-phong-polymer-10000mah-khong-day-magnetic-type-c-pd-qc-3-0-22-5w-xmobile-m12-3,Xmobile 22.5W M12-3,Vương,1
sac-du-phong-polymer-10000mah-khong-day-magnetic-type-c-pd-20w-xmobile-t156?utm_flashsale=1,Xmobile 20W T156,Tuấn,4
sac-du-phong-polymer-10000mah-khong-day-magnetic-type-c-pd-20w-xmobile-t156?utm_flashsale=1,Xmobile 20W T156,Ngọc,4
sac-du-phong-polymer-10000mah-khong-day-magnetic-type-c-pd-20w-xmobile-t156?utm_flashsale=1,Xmobile 20W T156,Phát,1
sac-du-phong-polymer-10000mah-khong-day-magnetic-type-c-pd-20w-xmobile-t156?utm_flashsale=1,Xmobile 20W T156,Thu,2
sac-du-phong-polymer-10000mah-khong-day-magnetic-type-c-pd-20w-xmobile-t156?utm_flashsale=1,Xmobile 20W T156,Hùng,1
sac-du-phong-polymer-10000mah-khong-day-magnetic-type-c-pd-20w-xmobile-t156?utm_flashsale=1,Xmobile 20W T156,Đạt,4
sac-du-phong-polymer-10000mah-khong-day-magnetic-type-c-pd-20w-xmobile-t156?utm_flashsale=1,Xmobile 20W T156,Ngọc,5
sac-du-phong-polymer-10000mah-khong-day-magnetic-type-c-pd-20w-xmobile-t156?utm_flashsale=1,Xmobile 20W T156,Đức,1
sac-du-phong-polymer-10000mah-khong-day-magnetic-type-c-pd-20w-xmobile-t156?utm_flashsale=1,Xmobile 20W T156,Nhân,5
sac-du-phong-polymer-10000mah-khong-day-magnetic-type-c-pd-20w-xmobile-t156?utm_flashsale=1,Xmobile 20W T156,Hùng,2
sac-du-phong-polymer-10000mah-khong-day-magnetic-type-c-pd-20w-xmobile-t156?utm_flashsale=1,Xmobile 20W T156,Diễm,4
sac-du-phong-polymer-10000mah-khong-day-magnetic-type-c-pd-20w-xmobile-t156?utm_flashsale=1,Xmobile 20W T156,Anh Duy,4
sac-du-phong-polymer-10000mah-khong-day-magnetic-type-c-pd-20w-xmobile-t156?utm_flashsale=1,Xmobile 20W T156,Sang,5
pin-sac-du-phong-10000mah-type-c-pd-qc-3-0-30w-anker-nano-a1259,Anker Nano 30W A1259 kèm cáp Type C,Tú,4
pin-sac-du-phong-polymer-10000mah-ava-jp299,AVA+ 12W JP299,Minh,1
pin-sac-du-phong-polymer-10000mah-ava-jp299,AVA+ 12W JP299,Tiến,1
pin-sac-du-phong-polymer-10000mah-ava-jp299,AVA+ 12W JP299,Tân,4
pin-sac-du-phong-polymer-10000mah-ava-jp299,AVA+ 12W JP299,Bảo,3
pin-sac-du-phong-polymer-10000mah-ava-jp299,AVA+ 12W JP299,Thắng,1
pin-sac-du-phong-polymer-10000mah-ava-jp299,AVA+ 12W JP299,Giang,1
pin-sac-du-phong-polymer-10000mah-ava-jp299,AVA+ 12W JP299,Hân,4
pin-sac-du-phong-polymer-10000mah-ava-jp299,AVA+ 12W JP299,Duyên,3
pin-sac-du-phong-polymer-10000mah-ava-jp299,AVA+ 12W JP299,Nghĩa,5
pin-sac-du-phong-polymer-10000mah-ava-jp299,AVA+ 12W JP299,Hồng,3
pin-sac-du-phong-polymer-10000mah-ava-jp299,AVA+ 12W JP299,Sang,2
pin-sac-du-phong-polymer-10000mah-ava-jp299,AVA+ 12W JP299,Oanh,1
pin-sac-du-phong-polymer-10000mah-ava-jp299,AVA+ 12W JP299,Tiến,5
pin-sac-du-phong-polymer-10000mah-ava-jp299,AVA+ 12W JP299,Thư,4
pin-sac-du-phong-polymer-10000mah-ava-jp299,AVA+ 12W JP299,Ngân,3
pin-sac-du-phong-polymer-10000mah-ava-jp299,AVA+ 12W JP299,Thảo,5
pin-sac-du-phong-polymer-10000mah-ava-jp299,AVA+ 12W JP299,Nam,5
pin-sac-du-phong-polymer-10000mah-ava-jp299,AVA+ 12W JP299,Châu,5
pin-sac-du-phong-polymer-10000mah-ava-jp299,AVA+ 12W JP299,Như,4
pin-sac-du-phong-polymer-10000mah-ava-jp299,AVA+ 12W JP299,Tài,5
pin-sac-du-phong-polymer-10000mah-ava-jp299,AVA+ 12W JP299,Hoàng,5
pin-sac-du-phong-polymer-10000mah-ava-jp299,AVA+ 12W JP299,Tân,5
pin-sac-du-phong-polymer-10000mah-ava-jp299,AVA+ 12W JP299,Duy,5
pin-sac-du-phong-polymer-10000mah-ava-jp299,AVA+ 12W JP299,Ngọc,5
ava-pj-jp192?utm_flashsale=1,AVA+ 12W PJ JP192,Long,5
ava-pj-jp192?utm_flashsale=1,AVA+ 12W PJ JP192,Trinh,5
ava-pj-jp192?utm_flashsale=1,AVA+ 12W PJ JP192,Trang,5
ava-pj-jp192?utm_flashsale=1,AVA+ 12W PJ JP192,Sang,1
ava-pj-jp192?utm_flashsale=1,AVA+ 12W PJ JP192,Việt,1
ava-pj-jp192?utm_flashsale=1,AVA+ 12W PJ JP192,Chị Mai,1
ava-pj-jp192?utm_flashsale=1,AVA+ 12W PJ JP192,Trinh,4
ava-pj-jp192?utm_flashsale=1,AVA+ 12W PJ JP192,Chị Nhi,5
ava-pj-jp192?utm_flashsale=1,AVA+ 12W PJ JP192,Anh Tuấn,2
ava-pj-jp192?utm_flashsale=1,AVA+ 12W PJ JP192,Vy,2
ava-pj-jp192?utm_flashsale=1,AVA+ 12W PJ JP192,Tú,1
ava-pj-jp192?utm_flashsale=1,AVA+ 12W PJ JP192,Huy,1
ava-pj-jp192?utm_flashsale=1,AVA+ 12W PJ JP192,Sơn,4
ava-pj-jp192?utm_flashsale=1,AVA+ 12W PJ JP192,Phương,4
ava-pj-jp192?utm_flashsale=1,AVA+ 12W PJ JP192,Chị Thảo,5
ava-pj-jp192?utm_flashsale=1,AVA+ 12W PJ JP192,Chị Phương,5
ava-pj-jp192?utm_flashsale=1,AVA+ 12W PJ JP192,Nhung,2
ava-pj-jp192?utm_flashsale=1,AVA+ 12W PJ JP192,Chị Mai,5
ava-pj-jp192?utm_flashsale=1,AVA+ 12W PJ JP192,Thảo,4
ava-pj-jp192?utm_flashsale=1,AVA+ 12W PJ JP192,Khải,4
ava-pj-jp192?utm_flashsale=1,AVA+ 12W PJ JP192,Linh,3
ava-pj-jp192?utm_flashsale=1,AVA+ 12W PJ JP192,Bình,4
ava-pj-jp192?utm_flashsale=1,AVA+ 12W PJ JP192,Như,5
ava-pj-jp192?utm_flashsale=1,AVA+ 12W PJ JP192,Cường,4
ava-pj-jp192?utm_flashsale=1,AVA+ 12W PJ JP192,Hồng,5
ava-pj-jp192?utm_flashsale=1,AVA+ 12W PJ JP192,Chị Hương,5
ava-pj-jp192?utm_flashsale=1,AVA+ 12W PJ JP192,Hạnh,4
ava-pj-jp192?utm_flashsale=1,AVA+ 12W PJ JP192,Dung,3
ava-pj-jp192?utm_flashsale=1,AVA+ 12W PJ JP192,Bình,3
ava-pj-jp192?utm_flashsale=1,AVA+ 12W PJ JP192,Khang,5
ava-pj-jp192?utm_flashsale=1,AVA+ 12W PJ JP192,Thắm,5
ava-pj-jp192?utm_flashsale=1,AVA+ 12W PJ JP192,Bảo,4
ava-pj-jp192?utm_flashsale=1,AVA+ 12W PJ JP192,Khang,3
ava-pj-jp192?utm_flashsale=1,AVA+ 12W PJ JP192,Nhi,5
ava-pj-jp192?utm_flashsale=1,AVA+ 12W PJ JP192,Anh Nam,5
ava-pj-jp192?utm_flashsale=1,AVA+ 12W PJ JP192,Khánh,5
ava-pj-jp192?utm_flashsale=1,AVA+ 12W PJ JP192,Hoàng,3
ava-pj-jp192?utm_flashsale=1,AVA+ 12W PJ JP192,Thư,5
ava-pj-jp192?utm_flashsale=1,AVA+ 12W PJ JP192,Hiệp,4
ava-pj-jp192?utm_flashsale=1,AVA+ 12W PJ JP192,Quyên,5
ava-pj-jp192?utm_flashsale=1,AVA+ 12W PJ JP192,Thu,3
ava-pj-jp192?utm_flashsale=1,AVA+ 12W PJ JP192,Anh Tiến,3
ava-pj-jp192?utm_flashsale=1,AVA+ 12W PJ JP192,Minh,4
ava-pj-jp192?utm_flashsale=1,AVA+ 12W PJ JP192,Vân,4
ava-pj-jp192?utm_flashsale=1,AVA+ 12W PJ JP192,Phượng,3
ava-pj-jp192?utm_flashsale=1,AVA+ 12W PJ JP192,Trang,1
ava-pj-jp192?utm_flashsale=1,AVA+ 12W PJ JP192,Luân,5
ava-pj-jp192?utm_flashsale=1,AVA+ 12W PJ JP192,Hoài,4
ava-pj-jp192?utm_flashsale=1,AVA+ 12W PJ JP192,Anh Cường,5
ava-pj-jp192?utm_flashsale=1,AVA+ 12W PJ JP192,Hùng,4
ava-pj-jp192?utm_flashsale=1,AVA+ 12W PJ JP192,Duy,4
ava-pj-jp192?utm_flashsale=1,AVA+ 12W PJ JP192,Chị Hạnh,5
ava-pj-jp192?utm_flashsale=1,AVA+ 12W PJ JP192,Duyên,4
ava-pj-jp192?utm_flashsale=1,AVA+ 12W PJ JP192,Hà,2
pin-sac-du-phong-polymer-10000mah-12w-ava-ds609a,AVA+ 12W DS609A,Khanh,5
pin-sac-du-phong-polymer-10000mah-12w-ava-ds609a,AVA+ 12W DS609A,Chị Liên,3
pin-sac-du-phong-polymer-10000mah-12w-ava-ds609a,AVA+ 12W DS609A,Vy,4
pin-sac-du-phong-polymer-10000mah-12w-ava-ds609a,AVA+ 12W DS609A,Thiện,4
pin-sac-du-phong-polymer-10000mah-12w-ava-ds609a,AVA+ 12W DS609A,Anh Sơn,2
pin-sac-du-phong-polymer-10000mah-12w-ava-ds609a,AVA+ 12W DS609A,Hiếu,5
pin-sac-du-phong-polymer-10000mah-12w-ava-ds609a,AVA+ 12W DS609A,Phong,4
pin-sac-du-phong-polymer-10000mah-12w-ava-ds609a,AVA+ 12W DS609A,Giang,5
pin-sac-du-phong-polymer-10000mah-12w-ava-ds609a,AVA+ 12W DS609A,Thu,5
pin-sac-du-phong-polymer-10000mah-12w-ava-ds609a,AVA+ 12W DS609A,Lâm,5
pin-sac-du-phong-polymer-10000mah-12w-ava-ds609a,AVA+ 12W DS609A,Vinh,5
pin-sac-du-phong-polymer-10000mah-12w-ava-ds609a,AVA+ 12W DS609A,Minh,1
pin-sac-du-phong-polymer-10000mah-12w-ava-ds609a,AVA+ 12W DS609A,Trang,4
pin-sac-du-phong-polymer-10000mah-12w-ava-ds609a,AVA+ 12W DS609A,Tuấn,5
pin-sac-du-phong-polymer-10000mah-12w-ava-ds609a,AVA+ 12W DS609A,Chị Liên,5
pin-sac-du-phong-polymer-10000mah-12w-ava-ds609a,AVA+ 12W DS609A,Chị Nhi,4
pin-sac-du-phong-polymer-10000mah-12w-ava-ds609a,AVA+ 12W DS609A,Mạnh,5
pin-sac-du-phong-polymer-10000mah-12w-ava-ds609a,AVA+ 12W DS609A,Linh,5
pin-sac-du-phong-polymer-10000mah-12w-ava-ds609a,AVA+ 12W DS609A,Thuỷ,5
pin-sac-du-phong-polymer-10000mah-12w-ava-ds609a,AVA+ 12W DS609A,Loan,5
pin-sac-du-phong-polymer-10000mah-12w-ava-ds609a,AVA+ 12W DS609A,Nhi,5
pin-sac-du-phong-polymer-10000mah-12w-ava-ds609a,AVA+ 12W DS609A,Hạnh,5
pin-sac-du-phong-polymer-10000mah-12w-ava-ds609a,AVA+ 12W DS609A,Thanh,5
pin-sac-du-phong-polymer-10000mah-12w-ava-ds609a,AVA+ 12W DS609A,Nghĩa,3
pin-sac-du-phong-polymer-10000mah-12w-ava-ds609a,AVA+ 12W DS609A,Chị Phượng,5
pin-sac-du-phong-polymer-10000mah-12w-ava-ds609a,AVA+ 12W DS609A,Chị Phượng,4
pin-sac-du-phong-polymer-10000mah-12w-ava-ds609a,AVA+ 12W DS609A,Huyền,4
pin-sac-du-phong-polymer-10000mah-12w-ava-ds609a,AVA+ 12W DS609A,Anh Thịnh,5
pin-sac-du-phong-polymer-10000mah-12w-ava-ds609a,AVA+ 12W DS609A,Cường,5
pin-sac-du-phong-polymer-10000mah-12w-ava-ds609a,AVA+ 12W DS609A,Nhân,4
pin-sac-du-phong-polymer-10000mah-12w-ava-ds609a,AVA+ 12W DS609A,Anh An,5
pin-sac-du-phong-polymer-10000mah-12w-ava-ds609a,AVA+ 12W DS609A,Tâm,3
pin-sac-du-phong-polymer-10000mah-12w-ava-ds609a,AVA+ 12W DS609A,Anh Hùng,4
pin-sac-du-phong-polymer-10000mah-12w-ava-ds609a,AVA+ 12W DS609A,Dương,4
pin-sac-du-phong-polymer-10000mah-12w-ava-ds609a,AVA+ 12W DS609A,Quang,5
pin-sac-du-phong-polymer-10000mah-12w-ava-ds609a,AVA+ 12W DS609A,Trung,5
pin-sac-du-phong-polymer-10000mah-12w-ava-ds609a,AVA+ 12W DS609A,Anh Phương,5
pin-sac-du-phong-polymer-10000mah-12w-ava-ds609a,AVA+ 12W DS609A,Chiến,5
pin-sac-du-phong-polymer-10000mah-12w-ava-ds609a,AVA+ 12W DS609A,Thuận,3
pin-sac-du-phong-polymer-10000mah-12w-ava-ds609a,AVA+ 12W DS609A,Anh Hoàng,1
pin-sac-du-phong-polymer-10000mah-12w-ava-ds609a,AVA+ 12W DS609A,Chị Hiền,4
pin-sac-du-phong-polymer-10000mah-12w-ava-ds609a,AVA+ 12W DS609A,Chị Ngọc,5
pin-sac-du-phong-polymer-10000mah-12w-ava-ds609a,AVA+ 12W DS609A,Phượng,5
pin-sac-du-phong-polymer-10000mah-12w-ava-ds609a,AVA+ 12W DS609A,Hậu,5
pin-sac-du-phong-polymer-10000mah-12w-ava-ds609a,AVA+ 12W DS609A,Thảo,5
pin-sac-du-phong-polymer-10000mah-12w-ava-ds609a,AVA+ 12W DS609A,Chị Ngân,5
pin-sac-du-phong-polymer-10000mah-12w-ava-ds609a,AVA+ 12W DS609A,Anh Cường,4
pin-sac-du-phong-polymer-10000mah-12w-ava-ds609a,AVA+ 12W DS609A,Vy,5
pin-sac-du-phong-polymer-10000mah-12w-ava-ds609a,AVA+ 12W DS609A,Hương,5
pin-sac-du-phong-polymer-10000mah-12w-ava-ds609a,AVA+ 12W DS609A,Anh Toàn,4
pin-sac-du-phong-polymer-10000mah-12w-ava-ds609a,AVA+ 12W DS609A,Huy,4
pin-sac-du-phong-polymer-10000mah-12w-ava-ds609a,AVA+ 12W DS609A,Linh,4
pin-sac-du-phong-polymer-10000mah-12w-ava-ds609a,AVA+ 12W DS609A,Anh Bình,4
pin-sac-du-phong-polymer-10000mah-12w-ava-ds609a,AVA+ 12W DS609A,Anh Hùng,5
pin-sac-du-phong-polymer-10000mah-12w-ava-ds609a,AVA+ 12W DS609A,Dương,5
pin-sac-du-phong-polymer-10000mah-12w-ava-ds609a,AVA+ 12W DS609A,Duy,5
pin-sac-du-phong-polymer-10000mah-12w-ava-ds609a,AVA+ 12W DS609A,Anh An,2
pin-sac-du-phong-polymer-10000mah-12w-ava-ds609a,AVA+ 12W DS609A,Khoa,5
pin-sac-du-phong-polymer-10000mah-12w-ava-ds609a,AVA+ 12W DS609A,Anh Cường,5
pin-sac-du-phong-polymer-10000mah-12w-ava-ds609a,AVA+ 12W DS609A,Dung,4
pin-sac-du-phong-polymer-10000mah-12w-ava-ds609a,AVA+ 12W DS609A,Anh Tiến,4
pin-sac-du-phong-polymer-10000mah-12w-ava-ds609a,AVA+ 12W DS609A,Chị Phương,4
pin-sac-du-phong-polymer-10000mah-12w-ava-ds609a,AVA+ 12W DS609A,Chị Yến,4
pin-sac-du-phong-polymer-10000mah-12w-ava-ds609a,AVA+ 12W DS609A,Khang,5
pin-sac-du-phong-polymer-10000mah-12w-ava-ds609a,AVA+ 12W DS609A,Tuấn Anh,4
pin-sac-du-phong-polymer-10000mah-12w-ava-ds609a,AVA+ 12W DS609A,Bình,4
pin-sac-du-phong-polymer-10000mah-12w-ava-ds609a,AVA+ 12W DS609A,Hằng,4
pin-sac-du-phong-polymer-10000mah-12w-ava-ds609a,AVA+ 12W DS609A,Quỳnh,5
pin-sac-du-phong-polymer-10000mah-12w-ava-ds609a,AVA+ 12W DS609A,Quang,4
pin-sac-du-phong-polymer-10000mah-12w-ava-ds609a,AVA+ 12W DS609A,Anh Thành,5
pin-sac-du-phong-polymer-10000mah-12w-ava-ds609a,AVA+ 12W DS609A,Tuấn,3
pin-sac-du-phong-polymer-10000mah-12w-ava-ds609a,AVA+ 12W DS609A,Anh Trung,5
pin-sac-du-phong-polymer-10000mah-12w-ava-ds609a,AVA+ 12W DS609A,Hùng,5
sac-du-phong-polymer-20000mah-type-c-pd-qc-3-0-22-5w-xmobile-mh811,Xmobile 22.5W MH811 kèm Cáp Lightning và Type C,Khoa,1
pin-sac-du-phong-polymer-20000mah-type-c-pd-qc3-0-20w-xmobile-ds223b,Xmobile 20W DS223B,Trinh,2
pin-sac-du-phong-polymer-20000mah-type-c-pd-qc3-0-20w-xmobile-ds223b,Xmobile 20W DS223B,Thiện,3
pin-sac-du-phong-polymer-20000mah-type-c-pd-qc3-0-20w-xmobile-ds223b,Xmobile 20W DS223B,Minh,1
pin-sac-du-phong-polymer-20000mah-type-c-pd-qc3-0-20w-xmobile-ds223b,Xmobile 20W DS223B,Lan,3
pin-sac-du-phong-polymer-20000mah-type-c-pd-qc3-0-20w-xmobile-ds223b,Xmobile 20W DS223B,Khoa,3
pin-sac-du-phong-polymer-20000mah-type-c-pd-qc3-0-20w-xmobile-ds223b,Xmobile 20W DS223B,Phương,1
pin-sac-du-phong-polymer-20000mah-type-c-pd-qc3-0-20w-xmobile-ds223b,Xmobile 20W DS223B,Nhi,5
pin-sac-du-phong-polymer-20000mah-type-c-pd-qc3-0-20w-xmobile-ds223b,Xmobile 20W DS223B,Đăng,2
pin-sac-du-phong-polymer-20000mah-type-c-pd-qc3-0-20w-xmobile-ds223b,Xmobile 20W DS223B,Duy,5
pin-sac-du-phong-polymer-20000mah-type-c-pd-qc3-0-20w-xmobile-ds223b,Xmobile 20W DS223B,Hậu,5
pin-sac-du-phong-polymer-20000mah-type-c-pd-qc3-0-20w-xmobile-ds223b,Xmobile 20W DS223B,Thanh,5
pin-sac-du-phong-10000mah-type-c-pd-qc3-0-22-5w-xmobile-t121,Xmobile 22.5W T121,Long,1
pin-sac-du-phong-10000mah-type-c-pd-qc3-0-22-5w-xmobile-t121,Xmobile 22.5W T121,Nguyên,2
pin-sac-du-phong-10000mah-type-c-pd-qc3-0-22-5w-xmobile-t121,Xmobile 22.5W T121,Hoài,3
pin-sac-du-phong-10000mah-type-c-pd-qc3-0-22-5w-xmobile-t121,Xmobile 22.5W T121,Tân,5
pin-sac-du-phong-10000mah-type-c-pd-qc3-0-22-5w-xmobile-t121,Xmobile 22.5W T121,Hương,5
pin-sac-du-phong-10000mah-type-c-pd-qc3-0-22-5w-xmobile-t121,Xmobile 22.5W T121,Ngọc,5
pin-sac-du-phong-10000mah-type-c-pd-qc3-0-22-5w-xmobile-t121,Xmobile 22.5W T121,Như,5
pin-sac-du-phong-10000mah-type-c-pd-qc3-0-22-5w-xmobile-t121,Xmobile 22.5W T121,Anh Trường,5
pin-sac-du-phong-10000mah-type-c-pd-qc3-0-22-5w-xmobile-t121,Xmobile 22.5W T121,Thành,5
pin-sac-du-phong-10000mah-type-c-pd-qc3-0-22-5w-xmobile-t121,Xmobile 22.5W T121,Tâm,5
pin-sac-du-phong-10000mah-type-c-pd-qc3-0-22-5w-xmobile-t121,Xmobile 22.5W T121,Sơn,4
pin-sac-du-phong-10000mah-type-c-pd-qc3-0-22-5w-xmobile-t121,Xmobile 22.5W T121,Anh Tuấn,5
pin-sac-du-phong-10000mah-type-c-pd-qc3-0-22-5w-xmobile-t121,Xmobile 22.5W T121,Khôi,4
pin-sac-du-phong-polymer-10000mah-type-c-pd-20w-baseus-bipow-pro-ppbd2-1020,Baseus 20W Bipow Pro PPBD2-1020,Đức,5
pin-sac-du-phong-polymer-10000mah-type-c-pd-20w-baseus-bipow-pro-ppbd2-1020,Baseus 20W Bipow Pro PPBD2-1020,Khang,3
pin-sac-du-phong-polymer-10000mah-type-c-pd-20w-baseus-bipow-pro-ppbd2-1020,Baseus 20W Bipow Pro PPBD2-1020,Trung,5
pin-sac-du-phong-polymer-10000mah-type-c-pd-20w-baseus-bipow-pro-ppbd2-1020,Baseus 20W Bipow Pro PPBD2-1020,Trâm,4
pin-sac-du-phong-polymer-10000mah-type-c-pd-20w-baseus-bipow-pro-ppbd2-1020,Baseus 20W Bipow Pro PPBD2-1020,Trang,4
pin-sac-du-phong-polymer-10000mah-10-5w-ava-plus-gn-05,AVA+ 10.5W GN-05,Lộc,1
pin-sac-du-phong-polymer-10000mah-10-5w-ava-plus-gn-05,AVA+ 10.5W GN-05,Nam,5
pin-sac-du-phong-polymer-10000mah-10-5w-ava-plus-gn-05,AVA+ 10.5W GN-05,Hiền,3
pin-sac-du-phong-polymer-10000mah-10-5w-ava-plus-gn-05,AVA+ 10.5W GN-05,Dương,4
pin-sac-du-phong-polymer-10000mah-10-5w-ava-plus-gn-05,AVA+ 10.5W GN-05,Vũ,1
pin-sac-du-phong-polymer-10000mah-10-5w-ava-plus-gn-05,AVA+ 10.5W GN-05,Hải,4
pin-sac-du-phong-polymer-10000mah-10-5w-ava-plus-gn-05,AVA+ 10.5W GN-05,Chiến,5
pin-sac-du-phong-polymer-10000mah-10-5w-ava-plus-gn-05,AVA+ 10.5W GN-05,Trinh,4
pin-sac-du-phong-polymer-10000mah-10-5w-ava-plus-gn-05,AVA+ 10.5W GN-05,Duy,4
pin-sac-du-phong-polymer-10000mah-10-5w-ava-plus-gn-05,AVA+ 10.5W GN-05,Hoà,5
pin-sac-du-phong-polymer-10000mah-10-5w-ava-plus-gn-05,AVA+ 10.5W GN-05,Thư,5
sac-du-phong-20000mah-typecpd-22-5w-xmobile-s2032u-cap-lightning-va-type-c,Xmobile 22.5W S2032U kèm cáp Lightning và Type C,Đức,1
sac-du-phong-20000mah-typecpd-22-5w-xmobile-s2032u-cap-lightning-va-type-c,Xmobile 22.5W S2032U kèm cáp Lightning và Type C,Ngân,5
sac-du-phong-20000mah-typecpd-22-5w-xmobile-s2032u-cap-lightning-va-type-c,Xmobile 22.5W S2032U kèm cáp Lightning và Type C,Việt,4
sac-du-phong-20000mah-typecpd-22-5w-xmobile-s2032u-cap-lightning-va-type-c,Xmobile 22.5W S2032U kèm cáp Lightning và Type C,Ngọc,4
sac-du-phong-20000mah-typecpd-22-5w-xmobile-s2032u-cap-lightning-va-type-c,Xmobile 22.5W S2032U kèm cáp Lightning và Type C,Dương,2
pin-sac-du-phong-10000mah-type-c-15w-ava-ds608a,AVA+ 15W DS608A,Anh Tuấn,5
pin-sac-du-phong-polymer-10000mah-type-c-15w-ava-jp399,AVA+ 15W JP399,Như,5
pin-sac-du-phong-polymer-10000mah-type-c-15w-ava-jp399,AVA+ 15W JP399,Phúc,5
pin-sac-du-phong-polymer-10000mah-type-c-15w-ava-jp399,AVA+ 15W JP399,Sang,1
pin-sac-du-phong-polymer-10000mah-type-c-15w-ava-jp399,AVA+ 15W JP399,Thắm,3
pin-sac-du-phong-polymer-10000mah-type-c-15w-ava-jp399,AVA+ 15W JP399,Anh Thắng,5
pin-sac-du-phong-polymer-10000mah-type-c-15w-ava-jp399,AVA+ 15W JP399,My,5
pin-sac-du-phong-polymer-10000mah-type-c-15w-ava-jp399,AVA+ 15W JP399,Chị Linh,5
pin-sac-du-phong-polymer-10000mah-type-c-15w-ava-jp399,AVA+ 15W JP399,Anh Dũng,5
pin-sac-du-phong-polymer-10000mah-type-c-15w-ava-jp399,AVA+ 15W JP399,Như,4
pin-sac-du-phong-polymer-10000mah-type-c-15w-ava-jp399,AVA+ 15W JP399,Huyền,5
pin-sac-du-phong-polymer-10000mah-type-c-15w-ava-jp399,AVA+ 15W JP399,Phước,5
pin-sac-du-phong-polymer-10000mah-type-c-15w-ava-jp399,AVA+ 15W JP399,Hoà,5
pin-sac-du-phong-polymer-10000mah-type-c-15w-ava-jp399,AVA+ 15W JP399,Anh Nam,4
pin-sac-du-phong-polymer-10000mah-type-c-15w-ava-jp399,AVA+ 15W JP399,Diễm,5
sac-du-phong-10000mah-typecpd-22-5w-baseus-ppmd10-cap-lightning-va-typec,Baseus 22.5W Comet PPMD10 kèm cáp Lightning và Type C,Tâm,5
sac-du-phong-10000mah-typecpd-22-5w-baseus-ppmd10-cap-lightning-va-typec,Baseus 22.5W Comet PPMD10 kèm cáp Lightning và Type C,Linh,5
sac-du-phong-10000mah-typecpd-22-5w-baseus-ppmd10-cap-lightning-va-typec,Baseus 22.5W Comet PPMD10 kèm cáp Lightning và Type C,Thành,5
sac-du-phong-10000mah-typecpd-22-5w-baseus-ppmd10-cap-lightning-va-typec,Baseus 22.5W Comet PPMD10 kèm cáp Lightning và Type C,Khánh,2
sac-du-phong-10000mah-typecpd-22-5w-baseus-ppmd10-cap-lightning-va-typec,Baseus 22.5W Comet PPMD10 kèm cáp Lightning và Type C,Hoàng,4
sac-du-phong-10000mah-typecpd-22-5w-baseus-ppmd10-cap-lightning-va-typec,Baseus 22.5W Comet PPMD10 kèm cáp Lightning và Type C,Chị Trang,5
sac-du-phong-10000mah-typecpd-22-5w-baseus-ppmd10-cap-lightning-va-typec,Baseus 22.5W Comet PPMD10 kèm cáp Lightning và Type C,Tuấn Anh,4
sac-du-phong-10000mah-typecpd-22-5w-baseus-ppmd10-cap-lightning-va-typec,Baseus 22.5W Comet PPMD10 kèm cáp Lightning và Type C,Hiếu,5
sac-du-phong-10000mah-typecpd-22-5w-baseus-ppmd10-cap-lightning-va-typec,Baseus 22.5W Comet PPMD10 kèm cáp Lightning và Type C,Tiên,5
sac-du-phong-10000mah-typecpd-22-5w-baseus-ppmd10-cap-lightning-va-typec,Baseus 22.5W Comet PPMD10 kèm cáp Lightning và Type C,Hiền,3
sac-du-phong-10000mah-typecpd-22-5w-baseus-ppmd10-cap-lightning-va-typec,Baseus 22.5W Comet PPMD10 kèm cáp Lightning và Type C,Bình,5
sac-du-phong-10000mah-typecpd-22-5w-baseus-ppmd10-cap-lightning-va-typec,Baseus 22.5W Comet PPMD10 kèm cáp Lightning và Type C,Anh Phong,4
sac-du-phong-10000mah-typecpd-22-5w-baseus-ppmd10-cap-lightning-va-typec,Baseus 22.5W Comet PPMD10 kèm cáp Lightning và Type C,Hoàng,5
sac-du-phong-20000mah-typecpd-22-5w-baseus-ppmd20-cap-lightning-va-typec,Baseus 22.5W Comet PPMD20 kèm cáp Lightning và Type C,Trung,2
sac-du-phong-20000mah-typecpd-22-5w-baseus-ppmd20-cap-lightning-va-typec,Baseus 22.5W Comet PPMD20 kèm cáp Lightning và Type C,Loan,2
sac-du-phong-20000mah-typecpd-22-5w-baseus-ppmd20-cap-lightning-va-typec,Baseus 22.5W Comet PPMD20 kèm cáp Lightning và Type C,Vân,2
sac-du-phong-20000mah-typecpd-22-5w-baseus-ppmd20-cap-lightning-va-typec,Baseus 22.5W Comet PPMD20 kèm cáp Lightning và Type C,Hải,4
sac-du-phong-20000mah-typecpd-22-5w-baseus-ppmd20-cap-lightning-va-typec,Baseus 22.5W Comet PPMD20 kèm cáp Lightning và Type C,Huy,5
sac-du-phong-20000mah-typecpd-22-5w-baseus-ppmd20-cap-lightning-va-typec,Baseus 22.5W Comet PPMD20 kèm cáp Lightning và Type C,Khang,2
sac-du-phong-20000mah-typecpd-22-5w-baseus-ppmd20-cap-lightning-va-typec,Baseus 22.5W Comet PPMD20 kèm cáp Lightning và Type C,Thu,5
sac-du-phong-20000mah-typecpd-22-5w-baseus-ppmd20-cap-lightning-va-typec,Baseus 22.5W Comet PPMD20 kèm cáp Lightning và Type C,Phúc,5
sac-du-phong-20000mah-typecpd-22-5w-baseus-ppmd20-cap-lightning-va-typec,Baseus 22.5W Comet PPMD20 kèm cáp Lightning và Type C,Vũ,5
sac-du-phong-20000mah-typecpd-22-5w-baseus-ppmd20-cap-lightning-va-typec,Baseus 22.5W Comet PPMD20 kèm cáp Lightning và Type C,Cường,4
sac-du-phong-20000mah-typecpd-22-5w-baseus-ppmd20-cap-lightning-va-typec,Baseus 22.5W Comet PPMD20 kèm cáp Lightning và Type C,Khanh,4
sac-du-phong-20000mah-typecpd-22-5w-baseus-ppmd20-cap-lightning-va-typec,Baseus 22.5W Comet PPMD20 kèm cáp Lightning và Type C,Anh An,5
sac-du-phong-20000mah-typecpd-22-5w-baseus-ppmd20-cap-lightning-va-typec,Baseus 22.5W Comet PPMD20 kèm cáp Lightning và Type C,Hồng,5
sac-du-phong-20000mah-typecpd-22-5w-baseus-ppmd20-cap-lightning-va-typec,Baseus 22.5W Comet PPMD20 kèm cáp Lightning và Type C,Hương,4
sac-du-phong-20000mah-typecpd-22-5w-baseus-ppmd20-cap-lightning-va-typec,Baseus 22.5W Comet PPMD20 kèm cáp Lightning và Type C,Đăng,5
sac-du-phong-20000mah-typecpd-22-5w-baseus-ppmd20-cap-lightning-va-typec,Baseus 22.5W Comet PPMD20 kèm cáp Lightning và Type C,Thái,4
sac-du-phong-20000mah-typecpd-22-5w-baseus-ppmd20-cap-lightning-va-typec,Baseus 22.5W Comet PPMD20 kèm cáp Lightning và Type C,Ngọc,5
sac-du-phong-20000mah-typecpd-22-5w-baseus-ppmd20-cap-lightning-va-typec,Baseus 22.5W Comet PPMD20 kèm cáp Lightning và Type C,Lan,5
sac-du-phong-20000mah-typecpd-22-5w-baseus-ppmd20-cap-lightning-va-typec,Baseus 22.5W Comet PPMD20 kèm cáp Lightning và Type C,Danh,4
pin-sac-du-phong-polymer-10000mah-12w-ava-ds266c,AVA+ 12W DS266C,Thiện,1
pin-sac-du-phong-polymer-10000mah-12w-ava-ds266c,AVA+ 12W DS266C,An,3
pin-sac-du-phong-polymer-10000mah-12w-ava-ds266c,AVA+ 12W DS266C,Thảo,4
pin-sac-du-phong-polymer-10000mah-12w-ava-ds266c,AVA+ 12W DS266C,Đạt,5
pin-sac-du-phong-polymer-10000mah-12w-ava-ds266c,AVA+ 12W DS266C,Thái,5
sac-du-phong-10000mah-magnetic-typecpd-30w-baseus-ppcxm10t-kem-cap-type-c,Baseus 30W PPCXM10T kèm cáp Type C,Đạt,1
sac-du-phong-10000mah-magnetic-typecpd-30w-baseus-ppcxm10t-kem-cap-type-c,Baseus 30W PPCXM10T kèm cáp Type C,Thanh,4
sac-du-phong-10000mah-magnetic-typecpd-30w-baseus-ppcxm10t-kem-cap-type-c,Baseus 30W PPCXM10T kèm cáp Type C,Hoàng Anh,5
sac-du-phong-10000mah-magnetic-typecpd-30w-baseus-ppcxm10t-kem-cap-type-c,Baseus 30W PPCXM10T kèm cáp Type C,Thư,4
sac-du-phong-10000mah-magnetic-typecpd-30w-baseus-ppcxm10t-kem-cap-type-c,Baseus 30W PPCXM10T kèm cáp Type C,Phương,5
sac-du-phong-10000mah-magnetic-typecpd-30w-baseus-ppcxm10t-kem-cap-type-c,Baseus 30W PPCXM10T kèm cáp Type C,Danh,5
pin-sac-du-phong-10000mah-type-c-pd-samsung-eb-p3400,Samsung 25W EB-P3400,Khánh,2
pin-sac-du-phong-10000mah-type-c-pd-samsung-eb-p3400,Samsung 25W EB-P3400,Luân,5
pin-sac-du-phong-10000mah-type-c-pd-samsung-eb-p3400,Samsung 25W EB-P3400,Anh Hưng,5
pin-sac-du-phong-10000mah-type-c-pd-samsung-eb-p3400,Samsung 25W EB-P3400,Thảo,5
pin-sac-du-phong-10000mah-type-c-pd-samsung-eb-p3400,Samsung 25W EB-P3400,Anh Huy,5
pin-sac-du-phong-10000mah-type-c-pd-samsung-eb-p3400,Samsung 25W EB-P3400,Anh Cường,5
pin-sac-du-phong-10000mah-type-c-pd-samsung-eb-p3400,Samsung 25W EB-P3400,Thanh,5
pin-sac-du-phong-10000mah-type-c-pd-samsung-eb-p3400,Samsung 25W EB-P3400,Trinh,4
pin-sac-du-phong-10000mah-type-c-pd-samsung-eb-p3400,Samsung 25W EB-P3400,Hoàng,3
pin-sac-du-phong-10000mah-type-c-pd-samsung-eb-p3400,Samsung 25W EB-P3400,Hùng,4
pin-sac-du-phong-10000mah-type-c-pd-samsung-eb-p3400,Samsung 25W EB-P3400,Phong,4
pin-sac-du-phong-10000mah-type-c-pd-samsung-eb-p3400,Samsung 25W EB-P3400,Huy,5
pin-sac-du-phong-10000mah-type-c-pd-samsung-eb-p3400,Samsung 25W EB-P3400,Linh,4
pin-sac-du-phong-20000mah-type-c-pd-45w-samsung-eb-p4520,Samsung 45W EB-P4520,Tú,4
pin-sac-du-phong-20000mah-type-c-pd-45w-samsung-eb-p4520,Samsung 45W EB-P4520,Anh Hoàng,4
pin-sac-du-phong-20000mah-type-c-pd-45w-samsung-eb-p4520,Samsung 45W EB-P4520,Việt,3
pin-sac-du-phong-20000mah-type-c-pd-45w-samsung-eb-p4520,Samsung 45W EB-P4520,Anh Hùng,4
pin-sac-du-phong-20000mah-type-c-pd-45w-samsung-eb-p4520,Samsung 45W EB-P4520,Hung,5
10000mah-lightning-xmobile-lj-jp90s-nhom-xam,Xmobile 10W LJ JP90S,Anh Bình,4
10000mah-lightning-xmobile-lj-jp90s-nhom-xam,Xmobile 10W LJ JP90S,Mạnh,5
10000mah-lightning-xmobile-lj-jp90s-nhom-xam,Xmobile 10W LJ JP90S,Nam,4
10000mah-lightning-xmobile-lj-jp90s-nhom-xam,Xmobile 10W LJ JP90S,Đạt,5
10000mah-lightning-xmobile-lj-jp90s-nhom-xam,Xmobile 10W LJ JP90S,Phúc,4
10000mah-lightning-xmobile-lj-jp90s-nhom-xam,Xmobile 10W LJ JP90S,Hoàng,5
10000mah-lightning-xmobile-lj-jp90s-nhom-xam,Xmobile 10W LJ JP90S,Quân,5
10000mah-lightning-xmobile-lj-jp90s-nhom-xam,Xmobile 10W LJ JP90S,An,1
10000mah-lightning-xmobile-lj-jp90s-nhom-xam,Xmobile 10W LJ JP90S,Hùng,3
pin-polymer-10000mah-ava-plus-jp208,AVA+ 10W JP208,Đức,4
pin-polymer-10000mah-ava-plus-jp208,AVA+ 10W JP208,Nguyên,5
pin-polymer-10000mah-ava-plus-jp208,AVA+ 10W JP208,Tú,5
pin-polymer-10000mah-ava-plus-jp208,AVA+ 10W JP208,Anh Đức,5
pin-polymer-10000mah-ava-plus-jp208,AVA+ 10W JP208,Phong,5
pin-polymer-10000mah-ava-plus-jp208,AVA+ 10W JP208,Anh Thành,4
pin-polymer-10000mah-ava-plus-jp208,AVA+ 10W JP208,Hương,5
pin-polymer-10000mah-ava-plus-jp208,AVA+ 10W JP208,Vy,4
pin-polymer-10000mah-ava-plus-jp208,AVA+ 10W JP208,Chị Trang,1
pin-polymer-10000mah-ava-plus-jp208,AVA+ 10W JP208,Tài,3
pin-polymer-10000mah-ava-plus-jp208,AVA+ 10W JP208,Trinh,5
pin-polymer-10000mah-ava-plus-jp208,AVA+ 10W JP208,Anh Thịnh,4
pin-polymer-10000mah-ava-plus-jp208,AVA+ 10W JP208,Chị Hằng,5
pin-polymer-10000mah-ava-plus-jp208,AVA+ 10W JP208,Anh Việt,4
pin-polymer-10000mah-ava-plus-jp208,AVA+ 10W JP208,Anh Bình,4
pin-polymer-10000mah-ava-plus-jp208,AVA+ 10W JP208,Anh Cường,5
pin-polymer-10000mah-ava-plus-jp208,AVA+ 10W JP208,Dương,5
pin-polymer-10000mah-ava-plus-jp208,AVA+ 10W JP208,Huy,4
pin-polymer-10000mah-ava-plus-jp208,AVA+ 10W JP208,Sang,5
pin-polymer-10000mah-ava-plus-jp208,AVA+ 10W JP208,Cường,4
pin-polymer-10000mah-ava-plus-jp208,AVA+ 10W JP208,Hùng,5
pin-polymer-10000mah-ava-plus-jp208,AVA+ 10W JP208,Lộc,5
pin-polymer-10000mah-ava-plus-jp208,AVA+ 10W JP208,Quyên,4
pin-polymer-10000mah-ava-plus-jp208,AVA+ 10W JP208,Anh Hoàng,5
pin-polymer-10000mah-ava-plus-jp208,AVA+ 10W JP208,Cường,5
pin-polymer-10000mah-ava-plus-jp208,AVA+ 10W JP208,Anh Tuấn,5
pin-polymer-10000mah-ava-plus-jp208,AVA+ 10W JP208,Huyền,5
pin-polymer-10000mah-ava-plus-jp208,AVA+ 10W JP208,Chị Thuỷ,5
pin-polymer-10000mah-ava-plus-jp208,AVA+ 10W JP208,Chị Huyền,5
pin-polymer-10000mah-ava-plus-jp208,AVA+ 10W JP208,Tuấn,3
pin-polymer-10000mah-ava-plus-jp208,AVA+ 10W JP208,Anh Tuấn,3
pin-polymer-10000mah-ava-plus-jp208,AVA+ 10W JP208,Anh Lộc,5
pin-polymer-10000mah-ava-plus-jp208,AVA+ 10W JP208,Ngân,1
pin-polymer-10000mah-ava-plus-jp208,AVA+ 10W JP208,Khang,2
pin-polymer-10000mah-ava-plus-jp208,AVA+ 10W JP208,Nam,5
pin-polymer-10000mah-ava-plus-jp208,AVA+ 10W JP208,Long,4
pin-polymer-10000mah-ava-plus-jp208,AVA+ 10W JP208,Anh Thắng,5
pin-polymer-10000mah-ava-plus-jp208,AVA+ 10W JP208,Thuận,5
pin-polymer-10000mah-ava-plus-jp208,AVA+ 10W JP208,Đạt,5
pin-polymer-10000mah-ava-plus-jp208,AVA+ 10W JP208,Anh Dũng,5
pin-polymer-10000mah-ava-plus-jp208,AVA+ 10W JP208,Anh Phương,3
pin-polymer-10000mah-ava-plus-jp208,AVA+ 10W JP208,Huy,3
pin-polymer-10000mah-ava-plus-jp208,AVA+ 10W JP208,Minh,3
pin-polymer-10000mah-ava-plus-jp208,AVA+ 10W JP208,Quyên,5
pin-polymer-10000mah-ava-plus-jp208,AVA+ 10W JP208,Trường,4
pin-polymer-10000mah-ava-plus-jp208,AVA+ 10W JP208,Ngọc,1
pin-polymer-10000mah-ava-plus-jp208,AVA+ 10W JP208,Giang,5
pin-polymer-10000mah-type-c-ava-pj-jp260,AVA+ 12W PJ JP260,Yến,5
pin-polymer-10000mah-type-c-ava-pj-jp260,AVA+ 12W PJ JP260,Quân,2
pin-polymer-10000mah-type-c-ava-pj-jp260,AVA+ 12W PJ JP260,Phước,5
pin-polymer-10000mah-type-c-ava-pj-jp260,AVA+ 12W PJ JP260,Phát,5
pin-polymer-10000mah-type-c-ava-pj-jp260,AVA+ 12W PJ JP260,An,3
pin-polymer-10000mah-type-c-ava-pj-jp260,AVA+ 12W PJ JP260,Công,3
pin-polymer-10000mah-type-c-ava-pj-jp260,AVA+ 12W PJ JP260,Thảo,5
pin-polymer-10000mah-type-c-ava-pj-jp260,AVA+ 12W PJ JP260,Phong,1
pin-polymer-10000mah-type-c-ava-pj-jp260,AVA+ 12W PJ JP260,Hà,5
pin-polymer-10000mah-type-c-ava-pj-jp260,AVA+ 12W PJ JP260,Anh Đức,5
pin-polymer-10000mah-type-c-ava-pj-jp260,AVA+ 12W PJ JP260,Hiền,5
pin-polymer-10000mah-type-c-ava-pj-jp260,AVA+ 12W PJ JP260,Minh,3
pin-polymer-10000mah-type-c-ava-pj-jp260,AVA+ 12W PJ JP260,Tuấn,4
pin-polymer-10000mah-type-c-ava-pj-jp260,AVA+ 12W PJ JP260,Thanh,4
pin-polymer-10000mah-type-c-ava-pj-jp260,AVA+ 12W PJ JP260,Sơn,5
pin-polymer-10000mah-type-c-ava-pj-jp260,AVA+ 12W PJ JP260,Giang,5
pin-polymer-10000mah-type-c-ava-pj-jp260,AVA+ 12W PJ JP260,Anh Vũ,5
pin-polymer-10000mah-type-c-ava-pj-jp260,AVA+ 12W PJ JP260,Linh,5
pin-polymer-10000mah-type-c-ava-pj-jp260,AVA+ 12W PJ JP260,Công,4
pin-polymer-10000mah-type-c-ava-pj-jp260,AVA+ 12W PJ JP260,Trung,3
pin-polymer-10000mah-type-c-ava-pj-jp260,AVA+ 12W PJ JP260,Hải,4
pin-polymer-10000mah-type-c-ava-pj-jp260,AVA+ 12W PJ JP260,Ngân,4
pin-polymer-10000mah-type-c-ava-pj-jp260,AVA+ 12W PJ JP260,Quý,1
pin-polymer-10000mah-type-c-ava-pj-jp260,AVA+ 12W PJ JP260,Kiệt,5
pin-polymer-10000mah-type-c-ava-pj-jp260,AVA+ 12W PJ JP260,Cường,5
pin-polymer-10000mah-type-c-ava-pj-jp260,AVA+ 12W PJ JP260,Thái,1
pin-polymer-10000mah-type-c-ava-pj-jp260,AVA+ 12W PJ JP260,Khánh,5
pin-polymer-10000mah-type-c-ava-pj-jp260,AVA+ 12W PJ JP260,Trang,5
pin-polymer-10000mah-type-c-ava-pj-jp260,AVA+ 12W PJ JP260,Trâm,5
pin-polymer-10000mah-type-c-ava-pj-jp260,AVA+ 12W PJ JP260,Nguyên,5
pin-polymer-10000mah-type-c-ava-pj-jp260,AVA+ 12W PJ JP260,Hậu,3
pin-polymer-10000mah-type-c-ava-pj-jp260,AVA+ 12W PJ JP260,Lâm,5
pin-polymer-10000mah-type-c-ava-pj-jp260,AVA+ 12W PJ JP260,Anh Tuấn,4
pin-polymer-10000mah-type-c-ava-pj-jp260,AVA+ 12W PJ JP260,Hưng,5
pin-polymer-10000mah-type-c-ava-pj-jp260,AVA+ 12W PJ JP260,Huyền,5
pin-polymer-10000mah-type-c-ava-pj-jp260,AVA+ 12W PJ JP260,Khanh,5
pin-polymer-10000mah-type-c-ava-pj-jp260,AVA+ 12W PJ JP260,Khanh,4
pin-polymer-10000mah-type-c-ava-pj-jp260,AVA+ 12W PJ JP260,Tùng,5
pin-polymer-10000mah-type-c-ava-pj-jp260,AVA+ 12W PJ JP260,Danh,4
pin-polymer-10000mah-type-c-ava-pj-jp260,AVA+ 12W PJ JP260,Quyên,5
pin-polymer-10000mah-type-c-ava-pj-jp260,AVA+ 12W PJ JP260,Vinh,5
pin-polymer-10000mah-type-c-ava-pj-jp260,AVA+ 12W PJ JP260,Thái,5
pin-polymer-10000mah-type-c-ava-pj-jp260,AVA+ 12W PJ JP260,Anh Đức,3
pin-polymer-10000mah-type-c-ava-pj-jp260,AVA+ 12W PJ JP260,Khánh,4
pin-polymer-10000mah-type-c-ava-pj-jp260,AVA+ 12W PJ JP260,Thanh,5
pin-polymer-10000mah-type-c-ava-pj-jp260,AVA+ 12W PJ JP260,Thu,5
pin-polymer-10000mah-type-c-ava-pj-jp260,AVA+ 12W PJ JP260,Thuỷ,5
pin-polymer-10000mah-type-c-ava-pj-jp260,AVA+ 12W PJ JP260,Việt,5
pin-polymer-10000mah-type-c-ava-pj-jp260,AVA+ 12W PJ JP260,Anh Sơn,5
pin-polymer-10000mah-type-c-ava-pj-jp260,AVA+ 12W PJ JP260,Anh Vinh,5
pin-polymer-10000mah-type-c-ava-pj-jp260,AVA+ 12W PJ JP260,Anh Phong,4
pin-polymer-10000mah-type-c-ava-pj-jp260,AVA+ 12W PJ JP260,Thiện,5
pin-polymer-10000mah-type-c-ava-pj-jp260,AVA+ 12W PJ JP260,Phú,5
pin-polymer-10000mah-type-c-ava-pj-jp260,AVA+ 12W PJ JP260,Nhựt,5
garmin-forerunner-165,Garmin Forerunner 165 43mm dây silicone,Phong,5
kidcare-sight-s1?utm_flashsale=1,Kidcare Sight S1 47.5mm dây silicone,Hương,3
kidcare-sight-s1?utm_flashsale=1,Kidcare Sight S1 47.5mm dây silicone,Hải,4
kidcare-sight-s1?utm_flashsale=1,Kidcare Sight S1 47.5mm dây silicone,Vũ,1
kidcare-sight-s1?utm_flashsale=1,Kidcare Sight S1 47.5mm dây silicone,Thanh,3
samsung-galaxy-fit3,Samsung Galaxy Fit3 dây silicone,Thủy,4
samsung-galaxy-fit3,Samsung Galaxy Fit3 dây silicone,Phước,1
samsung-galaxy-fit3,Samsung Galaxy Fit3 dây silicone,Ngọc,3
samsung-galaxy-fit3,Samsung Galaxy Fit3 dây silicone,Long,4
samsung-galaxy-fit3,Samsung Galaxy Fit3 dây silicone,Hưng,3
samsung-galaxy-fit3,Samsung Galaxy Fit3 dây silicone,Thảo,3
samsung-galaxy-fit3,Samsung Galaxy Fit3 dây silicone,Cường,3
samsung-galaxy-fit3,Samsung Galaxy Fit3 dây silicone,Nhân,2
samsung-galaxy-fit3,Samsung Galaxy Fit3 dây silicone,Thanh,2
samsung-galaxy-fit3,Samsung Galaxy Fit3 dây silicone,Hạnh,5
samsung-galaxy-fit3,Samsung Galaxy Fit3 dây silicone,An,3
samsung-galaxy-fit3,Samsung Galaxy Fit3 dây silicone,Tuyền,4
samsung-galaxy-fit3,Samsung Galaxy Fit3 dây silicone,Anh Nam,4
samsung-galaxy-fit3,Samsung Galaxy Fit3 dây silicone,Anh Quang,4
samsung-galaxy-fit3,Samsung Galaxy Fit3 dây silicone,Toàn,3
huawei-band-10-vien-nhom?utm_flashsale=1,Huawei Band 10 viền nhôm dây cao su,Khải,5
xiaomi-redmi-watch-5,Xiaomi Redmi Watch 5 47.5 mm dây TPU,Toàn,5
xiaomi-redmi-watch-5,Xiaomi Redmi Watch 5 47.5 mm dây TPU,Nam,3
xiaomi-redmi-watch-5,Xiaomi Redmi Watch 5 47.5 mm dây TPU,Linh,3
xiaomi-redmi-watch-5,Xiaomi Redmi Watch 5 47.5 mm dây TPU,Tùng,3
xiaomi-redmi-watch-5,Xiaomi Redmi Watch 5 47.5 mm dây TPU,Tuấn Anh,1
huawei-watch-gt-5-46mm-vien-thep-day-cao-su,Huawei Watch GT 5 46mm viền thép dây cao su,Thanh,2
garmin-venu-sq-2-day-silicone,Garmin Venu SQ 2 40.6mm dây silicone,Đạt,4
garmin-venu-sq-2-day-silicone,Garmin Venu SQ 2 40.6mm dây silicone,Minh,5
apple-watch-s10,Apple Watch Series 10 42mm viền nhôm dây thể thao,Quân,2
garmin-forerunner-55-day-silicone-den,Garmin Forerunner 55 42mm dây silicone,Cường,4
garmin-forerunner-55-day-silicone-den,Garmin Forerunner 55 42mm dây silicone,Anh Tuấn,5
garmin-forerunner-55-day-silicone-den,Garmin Forerunner 55 42mm dây silicone,Anh Hưng,5
garmin-forerunner-55-day-silicone-den,Garmin Forerunner 55 42mm dây silicone,Khánh,5
garmin-forerunner-55-day-silicone-den,Garmin Forerunner 55 42mm dây silicone,Anh Tuấn,4
garmin-forerunner-55-day-silicone-den,Garmin Forerunner 55 42mm dây silicone,Anh Trung,4
garmin-forerunner-55-day-silicone-den,Garmin Forerunner 55 42mm dây silicone,Anh Phong,5
garmin-forerunner-55-day-silicone-den,Garmin Forerunner 55 42mm dây silicone,Phương,5
garmin-forerunner-55-day-silicone-den,Garmin Forerunner 55 42mm dây silicone,Quyên,2
garmin-forerunner-55-day-silicone-den,Garmin Forerunner 55 42mm dây silicone,Anh Toàn,4
mi-band-9-active,Xiaomi Mi Band 9 Active dây TPU,Khoa,3
xiaomi-band-9,Xiaomi Mi Band 9 dây TPU,Dương,5
xiaomi-band-9,Xiaomi Mi Band 9 dây TPU,Loan,2
xiaomi-band-9,Xiaomi Mi Band 9 dây TPU,Thắng,5
xiaomi-band-9,Xiaomi Mi Band 9 dây TPU,Khoa,5
xiaomi-band-9,Xiaomi Mi Band 9 dây TPU,Hà,2
xiaomi-band-9,Xiaomi Mi Band 9 dây TPU,Khang,4
xiaomi-band-9,Xiaomi Mi Band 9 dây TPU,Ngân,4
xiaomi-band-9,Xiaomi Mi Band 9 dây TPU,Minh,5
xiaomi-band-9,Xiaomi Mi Band 9 dây TPU,Cường,5
redmi-watch-5-lite,Xiaomi Redmi Watch 5 Lite 48.2mm dây TPU,Tiến,4
redmi-watch-5-lite,Xiaomi Redmi Watch 5 Lite 48.2mm dây TPU,Minh,2
redmi-watch-5-lite,Xiaomi Redmi Watch 5 Lite 48.2mm dây TPU,Vy,2
redmi-watch-5-lite,Xiaomi Redmi Watch 5 Lite 48.2mm dây TPU,An,3
redmi-watch-5-active,Xiaomi Redmi Watch 5 Active 49.1mm dây TPU,Nam,2
redmi-watch-5-active,Xiaomi Redmi Watch 5 Active 49.1mm dây TPU,Ngọc,1
redmi-watch-5-active,Xiaomi Redmi Watch 5 Active 49.1mm dây TPU,Như,3
redmi-watch-5-active,Xiaomi Redmi Watch 5 Active 49.1mm dây TPU,Thanh,5
redmi-watch-5-active,Xiaomi Redmi Watch 5 Active 49.1mm dây TPU,Tâm,3
redmi-watch-5-active,Xiaomi Redmi Watch 5 Active 49.1mm dây TPU,Trí,3
redmi-watch-5-active,Xiaomi Redmi Watch 5 Active 49.1mm dây TPU,Nhân,5
redmi-watch-5-active,Xiaomi Redmi Watch 5 Active 49.1mm dây TPU,Thư,5
redmi-watch-5-active,Xiaomi Redmi Watch 5 Active 49.1mm dây TPU,Thắng,5
garmin-fenix-8-sapphire-47mm,Garmin Fenix 8 Sapphire 47mm viền Titanium dây silicone,Hiếu,5
garmin-forerunner-965-day-silicone,Garmin Forerunner 965 47.2mm dây silicone,Thắng,5
befit-sporty-2-day-da,BeFit Sporty 2 44.5mm dây da,Phượng,5
befit-sporty-2-day-da,BeFit Sporty 2 44.5mm dây da,Anh Duy,4
befit-sporty-2-day-da,BeFit Sporty 2 44.5mm dây da,Phượng,3
befit-sporty-2-day-da,BeFit Sporty 2 44.5mm dây da,Anh Hải,5
befit-sporty-2-day-da,BeFit Sporty 2 44.5mm dây da,Vân,4
befit-sporty-2-day-da,BeFit Sporty 2 44.5mm dây da,Anh Vũ,5
befit-sporty-2-day-da,BeFit Sporty 2 44.5mm dây da,Vũ,3
mykid-4g-lite,MyKid 4G Lite 56mm dây cao su,Toàn,1
masstel-smart-hero-10,Masstel Smart Hero 10 42.6mm dây silicone,Anh Đức,1
masstel-smart-hero-10,Masstel Smart Hero 10 42.6mm dây silicone,Trâm,2
masstel-smart-hero-10,Masstel Smart Hero 10 42.6mm dây silicone,Hằng,4
masstel-smart-hero-10,Masstel Smart Hero 10 42.6mm dây silicone,Anh Long,2
masstel-smart-hero-10,Masstel Smart Hero 10 42.6mm dây silicone,Chị Huyền,2
masstel-smart-hero-10,Masstel Smart Hero 10 42.6mm dây silicone,Trang,2
masstel-smart-hero-10,Masstel Smart Hero 10 42.6mm dây silicone,Nga,5
masstel-smart-hero-10,Masstel Smart Hero 10 42.6mm dây silicone,Chị Linh,3
masstel-smart-hero-10,Masstel Smart Hero 10 42.6mm dây silicone,Lộc,2
masstel-smart-hero-10,Masstel Smart Hero 10 42.6mm dây silicone,An,3
masstel-smart-hero-10,Masstel Smart Hero 10 42.6mm dây silicone,Anh Việt,1
masstel-smart-hero-10,Masstel Smart Hero 10 42.6mm dây silicone,Dũng,5
masstel-smart-hero-10,Masstel Smart Hero 10 42.6mm dây silicone,Chị Phương,1
masstel-smart-hero-10,Masstel Smart Hero 10 42.6mm dây silicone,Chị Huyền,5
masstel-smart-hero-10,Masstel Smart Hero 10 42.6mm dây silicone,Chị Linh,4
masstel-smart-hero-10,Masstel Smart Hero 10 42.6mm dây silicone,Anh Minh,4
masstel-smart-hero-10,Masstel Smart Hero 10 42.6mm dây silicone,Chị Yến,4
masstel-smart-hero-10,Masstel Smart Hero 10 42.6mm dây silicone,Chị Ngân,5
masstel-smart-hero-10,Masstel Smart Hero 10 42.6mm dây silicone,Anh Tâm,3
masstel-smart-hero-10,Masstel Smart Hero 10 42.6mm dây silicone,Sơn,5
masstel-smart-hero-10,Masstel Smart Hero 10 42.6mm dây silicone,Hiền,5
masstel-smart-hero-10,Masstel Smart Hero 10 42.6mm dây silicone,Anh Trường,3
masstel-smart-hero-10,Masstel Smart Hero 10 42.6mm dây silicone,Thanh,4
masstel-smart-hero-10,Masstel Smart Hero 10 42.6mm dây silicone,Thúy,1
masstel-smart-hero-10,Masstel Smart Hero 10 42.6mm dây silicone,Chị Mai,5
masstel-smart-hero-10,Masstel Smart Hero 10 42.6mm dây silicone,Tiến,4
masstel-smart-hero-10,Masstel Smart Hero 10 42.6mm dây silicone,Huyền,5
masstel-smart-hero-5?utm_flashsale=1,Masstel Smart Hero 5 41.6mm dây silicone,Oanh,1
masstel-smart-hero-5?utm_flashsale=1,Masstel Smart Hero 5 41.6mm dây silicone,Hải,4
masstel-smart-hero-5?utm_flashsale=1,Masstel Smart Hero 5 41.6mm dây silicone,Anh Việt,3
masstel-smart-hero-5?utm_flashsale=1,Masstel Smart Hero 5 41.6mm dây silicone,Nghĩa,5
masstel-smart-hero-5?utm_flashsale=1,Masstel Smart Hero 5 41.6mm dây silicone,Phong,5
masstel-smart-hero-5?utm_flashsale=1,Masstel Smart Hero 5 41.6mm dây silicone,Anh Dũng,4
masstel-smart-hero-20?utm_flashsale=1,Masstel Smart Hero 20 58.2mm dây silicone,Hương,3
masstel-smart-hero-20?utm_flashsale=1,Masstel Smart Hero 20 58.2mm dây silicone,Anh Tuấn,3
masstel-smart-hero-20?utm_flashsale=1,Masstel Smart Hero 20 58.2mm dây silicone,Thuận,1
masstel-smart-hero-20?utm_flashsale=1,Masstel Smart Hero 20 58.2mm dây silicone,Dũng,5
masstel-smart-hero-20?utm_flashsale=1,Masstel Smart Hero 20 58.2mm dây silicone,Trường,4
masstel-smart-hero-20?utm_flashsale=1,Masstel Smart Hero 20 58.2mm dây silicone,Nhung,5
masstel-smart-hero-20?utm_flashsale=1,Masstel Smart Hero 20 58.2mm dây silicone,Anh Phong,4
kidcare-s88-den?utm_flashsale=1,Kidcare S88 43.4mm dây silicone,Việt,4
kidcare-s88-den?utm_flashsale=1,Kidcare S88 43.4mm dây silicone,Thủy,2
kidcare-s88-den?utm_flashsale=1,Kidcare S88 43.4mm dây silicone,Hằng,2
kidcare-s88-den?utm_flashsale=1,Kidcare S88 43.4mm dây silicone,Phước,3
kidcare-s88-den?utm_flashsale=1,Kidcare S88 43.4mm dây silicone,Thuận,5
kidcare-s88-den?utm_flashsale=1,Kidcare S88 43.4mm dây silicone,Hằng,5
kidcare-s88-den?utm_flashsale=1,Kidcare S88 43.4mm dây silicone,Cường,2
kidcare-s88-den?utm_flashsale=1,Kidcare S88 43.4mm dây silicone,Đạt,1
kidcare-s88-den?utm_flashsale=1,Kidcare S88 43.4mm dây silicone,Tài,1
kidcare-s88-den?utm_flashsale=1,Kidcare S88 43.4mm dây silicone,Hoàng,4
kidcare-s88-den?utm_flashsale=1,Kidcare S88 43.4mm dây silicone,Anh Hưng,1
kidcare-s88-den?utm_flashsale=1,Kidcare S88 43.4mm dây silicone,Dũng,2
kidcare-s88-den?utm_flashsale=1,Kidcare S88 43.4mm dây silicone,Phương,5
kidcare-s88-den?utm_flashsale=1,Kidcare S88 43.4mm dây silicone,Anh Sơn,3
kidcare-s88-den?utm_flashsale=1,Kidcare S88 43.4mm dây silicone,Huyền,5
kidcare-s88-den?utm_flashsale=1,Kidcare S88 43.4mm dây silicone,Ngọc,2
kidcare-s88-den?utm_flashsale=1,Kidcare S88 43.4mm dây silicone,Chị Nhung,1
kidcare-s88-den?utm_flashsale=1,Kidcare S88 43.4mm dây silicone,Trung,4
kidcare-s88-den?utm_flashsale=1,Kidcare S88 43.4mm dây silicone,Thuận,4
kidcare-s88-den?utm_flashsale=1,Kidcare S88 43.4mm dây silicone,Thanh,4
kidcare-s6-day-silicone-xanh?utm_flashsale=1,Kidcare S6 41.5mm dây silicone,Huyền,5
kidcare-s6-day-silicone-xanh?utm_flashsale=1,Kidcare S6 41.5mm dây silicone,Trang,1
kidcare-s6-day-silicone-xanh?utm_flashsale=1,Kidcare S6 41.5mm dây silicone,Hoàng,2
kidcare-s6-day-silicone-xanh?utm_flashsale=1,Kidcare S6 41.5mm dây silicone,Anh Cường,5
kidcare-s6-day-silicone-xanh?utm_flashsale=1,Kidcare S6 41.5mm dây silicone,Chị Dung,5
kidcare-s6-day-silicone-xanh?utm_flashsale=1,Kidcare S6 41.5mm dây silicone,Anh Trung,4
kidcare-s6-day-silicone-xanh?utm_flashsale=1,Kidcare S6 41.5mm dây silicone,Khanh,1
kidcare-s6-day-silicone-xanh?utm_flashsale=1,Kidcare S6 41.5mm dây silicone,Sơn,5
kidcare-s6-day-silicone-xanh?utm_flashsale=1,Kidcare S6 41.5mm dây silicone,Thịnh,5
kidcare-s6-day-silicone-xanh?utm_flashsale=1,Kidcare S6 41.5mm dây silicone,Trang,3
kidcare-s6-day-silicone-xanh?utm_flashsale=1,Kidcare S6 41.5mm dây silicone,Anh Tùng,4
kidcare-s6-day-silicone-xanh?utm_flashsale=1,Kidcare S6 41.5mm dây silicone,Long,5
kidcare-s6-day-silicone-xanh?utm_flashsale=1,Kidcare S6 41.5mm dây silicone,Anh Hùng,3
kidcare-s6-day-silicone-xanh?utm_flashsale=1,Kidcare S6 41.5mm dây silicone,Anh Tiến,3
kidcare-s6-day-silicone-xanh?utm_flashsale=1,Kidcare S6 41.5mm dây silicone,Chị Hiền,3
kidcare-s6-day-silicone-xanh?utm_flashsale=1,Kidcare S6 41.5mm dây silicone,Loan,5
kidcare-s6-day-silicone-xanh?utm_flashsale=1,Kidcare S6 41.5mm dây silicone,Chị Hiền,5
kidcare-s6-day-silicone-xanh?utm_flashsale=1,Kidcare S6 41.5mm dây silicone,Linh,5
kidcare-s6-day-silicone-xanh?utm_flashsale=1,Kidcare S6 41.5mm dây silicone,Chị Dung,4
kidcare-s6-day-silicone-xanh?utm_flashsale=1,Kidcare S6 41.5mm dây silicone,Anh Tâm,5
kidcare-s6-day-silicone-xanh?utm_flashsale=1,Kidcare S6 41.5mm dây silicone,Hạnh,4
kidcare-s6-day-silicone-xanh?utm_flashsale=1,Kidcare S6 41.5mm dây silicone,Hoàng,4
kidcare-s6-day-silicone-xanh?utm_flashsale=1,Kidcare S6 41.5mm dây silicone,Anh Thịnh,1
kidcare-s6-day-silicone-xanh?utm_flashsale=1,Kidcare S6 41.5mm dây silicone,Duyên,4
kidcare-s6-day-silicone-xanh?utm_flashsale=1,Kidcare S6 41.5mm dây silicone,Anh Sơn,5
kidcare-s6-day-silicone?utm_flashsale=1,Kidcare S6 41.5mm dây silicone,Hiệp,1
kidcare-s6-day-silicone?utm_flashsale=1,Kidcare S6 41.5mm dây silicone,Hoà,1
kidcare-s6-day-silicone?utm_flashsale=1,Kidcare S6 41.5mm dây silicone,Việt,1
kidcare-s6-day-silicone?utm_flashsale=1,Kidcare S6 41.5mm dây silicone,Trung,1
kidcare-s6-day-silicone?utm_flashsale=1,Kidcare S6 41.5mm dây silicone,Tân,2
kidcare-s6-day-silicone?utm_flashsale=1,Kidcare S6 41.5mm dây silicone,Bình,4
kidcare-s6-day-silicone?utm_flashsale=1,Kidcare S6 41.5mm dây silicone,Chị Phượng,4
kidcare-s6-day-silicone?utm_flashsale=1,Kidcare S6 41.5mm dây silicone,Chị Nhi,2
kidcare-s6-day-silicone?utm_flashsale=1,Kidcare S6 41.5mm dây silicone,Chị Nga,4
kidcare-s6-day-silicone?utm_flashsale=1,Kidcare S6 41.5mm dây silicone,Phương,4
kidcare-s6-day-silicone?utm_flashsale=1,Kidcare S6 41.5mm dây silicone,Anh Tùng,5
kidcare-s6-day-silicone?utm_flashsale=1,Kidcare S6 41.5mm dây silicone,Dũng,5
kidcare-s6-day-silicone?utm_flashsale=1,Kidcare S6 41.5mm dây silicone,Anh An,5
kidcare-s6-day-silicone?utm_flashsale=1,Kidcare S6 41.5mm dây silicone,Quỳnh,4
kidcare-s6-day-silicone?utm_flashsale=1,Kidcare S6 41.5mm dây silicone,Chị Mai,5
kidcare-s6-day-silicone?utm_flashsale=1,Kidcare S6 41.5mm dây silicone,Long,5
kidcare-s6-day-silicone?utm_flashsale=1,Kidcare S6 41.5mm dây silicone,Tuyền,5
kidcare-s6-day-silicone?utm_flashsale=1,Kidcare S6 41.5mm dây silicone,Chị Phương,5
kidcare-s6-day-silicone?utm_flashsale=1,Kidcare S6 41.5mm dây silicone,Hiếu,4
kidcare-s6-day-silicone?utm_flashsale=1,Kidcare S6 41.5mm dây silicone,Anh Tuấn,1
kidcare-s6-day-silicone?utm_flashsale=1,Kidcare S6 41.5mm dây silicone,Nguyên,5
kidcare-s6-day-silicone?utm_flashsale=1,Kidcare S6 41.5mm dây silicone,Chị Nhi,3
kidcare-s6-day-silicone?utm_flashsale=1,Kidcare S6 41.5mm dây silicone,Tuấn Anh,1
kidcare-s6-day-silicone?utm_flashsale=1,Kidcare S6 41.5mm dây silicone,Chị Mai,4
kidcare-s6-day-silicone?utm_flashsale=1,Kidcare S6 41.5mm dây silicone,Nhung,5
kidcare-s6-day-silicone?utm_flashsale=1,Kidcare S6 41.5mm dây silicone,Chị Thảo,1
kidcare-s6-day-silicone?utm_flashsale=1,Kidcare S6 41.5mm dây silicone,Huy,4
kidcare-s6-day-silicone?utm_flashsale=1,Kidcare S6 41.5mm dây silicone,Thư,4
kidcare-s6-day-silicone?utm_flashsale=1,Kidcare S6 41.5mm dây silicone,Ngân,4
kidcare-s6-day-silicone?utm_flashsale=1,Kidcare S6 41.5mm dây silicone,Hạnh,3
kidcare-s6-day-silicone?utm_flashsale=1,Kidcare S6 41.5mm dây silicone,Chị Hương,5
kidcare-s6-day-silicone?utm_flashsale=1,Kidcare S6 41.5mm dây silicone,Anh Phong,5
kidcare-s6-day-silicone?utm_flashsale=1,Kidcare S6 41.5mm dây silicone,Dương,3
kidcare-s6-day-silicone?utm_flashsale=1,Kidcare S6 41.5mm dây silicone,Nga,5
kidcare-s6-day-silicone?utm_flashsale=1,Kidcare S6 41.5mm dây silicone,Huyền,4
kidcare-s6-day-silicone?utm_flashsale=1,Kidcare S6 41.5mm dây silicone,Anh Bình,3
kidcare-s6-day-silicone?utm_flashsale=1,Kidcare S6 41.5mm dây silicone,Anh Thắng,3
kidcare-s6-day-silicone?utm_flashsale=1,Kidcare S6 41.5mm dây silicone,Minh,4
kidcare-s6-day-silicone?utm_flashsale=1,Kidcare S6 41.5mm dây silicone,Tú,4
kidcare-s6-day-silicone?utm_flashsale=1,Kidcare S6 41.5mm dây silicone,Vy,5
kidcare-s6-day-silicone?utm_flashsale=1,Kidcare S6 41.5mm dây silicone,Anh Thành,5
kidcare-s6-day-silicone?utm_flashsale=1,Kidcare S6 41.5mm dây silicone,Vân,4
kidcare-s6-day-silicone?utm_flashsale=1,Kidcare S6 41.5mm dây silicone,Phượng,5
kidcare-s6-day-silicone?utm_flashsale=1,Kidcare S6 41.5mm dây silicone,Phương,2
kidcare-s6-day-silicone?utm_flashsale=1,Kidcare S6 41.5mm dây silicone,Hoàng,5
kidcare-s6-day-silicone?utm_flashsale=1,Kidcare S6 41.5mm dây silicone,Hiền,4
mi-band-8-pro,Xiaomi Mi Band 8 Pro dây TPU,Quỳnh,4
mi-band-8-pro,Xiaomi Mi Band 8 Pro dây TPU,Mai,3
mi-band-8-pro,Xiaomi Mi Band 8 Pro dây TPU,Trang,4
mi-band-8-pro,Xiaomi Mi Band 8 Pro dây TPU,Hải,5
mi-band-8-pro,Xiaomi Mi Band 8 Pro dây TPU,Anh Việt,4
mi-band-8-pro,Xiaomi Mi Band 8 Pro dây TPU,Linh,5
apple-watch-se-2023-40mm-vien-nhom-day-silicone,Apple Watch SE 2 GPS 40mm viền nhôm dây thể thao,Uyên,1
apple-watch-se-2023-40mm-vien-nhom-day-silicone,Apple Watch SE 2 GPS 40mm viền nhôm dây thể thao,Hằng,2
apple-watch-se-2023-40mm-vien-nhom-day-silicone,Apple Watch SE 2 GPS 40mm viền nhôm dây thể thao,Đăng,4
apple-watch-se-2023-40mm-vien-nhom-day-silicone,Apple Watch SE 2 GPS 40mm viền nhôm dây thể thao,Hằng,5
apple-watch-se-2023-40mm-vien-nhom-day-silicone,Apple Watch SE 2 GPS 40mm viền nhôm dây thể thao,Hạnh,5
apple-watch-se-2023-40mm-vien-nhom-day-silicone,Apple Watch SE 2 GPS 40mm viền nhôm dây thể thao,Quyên,5
huawei-watch-fit-3,Huawei Watch Fit 3 43.2mm dây silicone,Huyền,5
huawei-watch-fit-3,Huawei Watch Fit 3 43.2mm dây silicone,Đức,5
huawei-watch-fit-3,Huawei Watch Fit 3 43.2mm dây silicone,Nam,4
huawei-watch-fit-3,Huawei Watch Fit 3 43.2mm dây silicone,Thanh,4
huawei-watch-fit-3,Huawei Watch Fit 3 43.2mm dây silicone,Hà,1
huawei-watch-fit-3,Huawei Watch Fit 3 43.2mm dây silicone,Giang,5
huawei-watch-fit-3,Huawei Watch Fit 3 43.2mm dây silicone,Ngân,5
mykid-4g-v2-day-silicone,MyKid 4G V2 57.1mm dây silicone,Nhi,3
mykid-4g-v2-day-silicone,MyKid 4G V2 57.1mm dây silicone,Minh,2
mykid-4g-v2-day-silicone,MyKid 4G V2 57.1mm dây silicone,Dũng,5
masstel-smart-hero-6?utm_flashsale=1,Masstel Smart Hero 6 56mm dây silicone,Phong,3
masstel-smart-hero-6?utm_flashsale=1,Masstel Smart Hero 6 56mm dây silicone,Long,5
huawei-watch-kids-4-pro,Huawei Watch Kids 4 Pro 52mm dây silicone,Quý,1
huawei-watch-kids-4-pro,Huawei Watch Kids 4 Pro 52mm dây silicone,Thu,1
huawei-watch-kids-4-pro,Huawei Watch Kids 4 Pro 52mm dây silicone,Hoài,5
befit-watch-fit,BeFit WatchFit 46.7mm dây silicone,Thiện,3
befit-watch-fit,BeFit WatchFit 46.7mm dây silicone,Hoàng,3
befit-watch-fit,BeFit WatchFit 46.7mm dây silicone,Anh Tuấn,4
befit-watch-fit,BeFit WatchFit 46.7mm dây silicone,Anh Trung,5
befit-watch-fit,BeFit WatchFit 46.7mm dây silicone,Vinh,3
befit-watch-fit,BeFit WatchFit 46.7mm dây silicone,Thắm,3
befit-watch-fit,BeFit WatchFit 46.7mm dây silicone,Hoà,4
befit-watch-fit,BeFit WatchFit 46.7mm dây silicone,Như,5
befit-watch-fit,BeFit WatchFit 46.7mm dây silicone,Anh,4
befit-watch-fit,BeFit WatchFit 46.7mm dây silicone,Nguyên,4
befit-watch-fit,BeFit WatchFit 46.7mm dây silicone,Anh Sơn,5
befit-watch-fit,BeFit WatchFit 46.7mm dây silicone,Giang,1
befit-watch-fit,BeFit WatchFit 46.7mm dây silicone,Phong,5
befit-watch-fit,BeFit WatchFit 46.7mm dây silicone,Anh Nam,5
befit-watch-fit,BeFit WatchFit 46.7mm dây silicone,Vinh,5
befit-watch-fit,BeFit WatchFit 46.7mm dây silicone,Chị Trang,3
befit-watch-fit,BeFit WatchFit 46.7mm dây silicone,Chị Thảo,1
befit-watch-fit,BeFit WatchFit 46.7mm dây silicone,Nhung,5
befit-watch-fit,BeFit WatchFit 46.7mm dây silicone,Ngọc,4
befit-watch-fit,BeFit WatchFit 46.7mm dây silicone,Anh Dũng,4
befit-watch-fit,BeFit WatchFit 46.7mm dây silicone,Nhân,3
befit-watch-fit,BeFit WatchFit 46.7mm dây silicone,Chị Hà,5
befit-watch-fit,BeFit WatchFit 46.7mm dây silicone,Trung,3
befit-watch-fit,BeFit WatchFit 46.7mm dây silicone,Anh Linh,5
befit-watch-fit,BeFit WatchFit 46.7mm dây silicone,Anh Hải,3
redmi-watch-4,Xiaomi Redmi Watch 4 47.5mm dây silicone,Tùng,4
redmi-watch-4,Xiaomi Redmi Watch 4 47.5mm dây silicone,Đức,5
redmi-watch-4,Xiaomi Redmi Watch 4 47.5mm dây silicone,Nguyên,3
redmi-watch-4,Xiaomi Redmi Watch 4 47.5mm dây silicone,An,3
redmi-watch-4,Xiaomi Redmi Watch 4 47.5mm dây silicone,Vũ,1
redmi-watch-4,Xiaomi Redmi Watch 4 47.5mm dây silicone,Khanh,3
redmi-watch-4,Xiaomi Redmi Watch 4 47.5mm dây silicone,Hoàng,4
redmi-watch-4,Xiaomi Redmi Watch 4 47.5mm dây silicone,Thuận,5
redmi-watch-4,Xiaomi Redmi Watch 4 47.5mm dây silicone,Cường,5
redmi-watch-4,Xiaomi Redmi Watch 4 47.5mm dây silicone,Anh Tùng,5
redmi-watch-4,Xiaomi Redmi Watch 4 47.5mm dây silicone,Anh Tâm,5
redmi-watch-4,Xiaomi Redmi Watch 4 47.5mm dây silicone,Tiến,3
redmi-watch-4,Xiaomi Redmi Watch 4 47.5mm dây silicone,Tuấn Anh,5
redmi-watch-4,Xiaomi Redmi Watch 4 47.5mm dây silicone,Chị Thảo,3
redmi-watch-4,Xiaomi Redmi Watch 4 47.5mm dây silicone,Oanh,5
befit-active-2,BeFit Active 2 42mm dây silicone,Đạt,1
befit-active-2,BeFit Active 2 42mm dây silicone,Anh Thanh,1
befit-active-2,BeFit Active 2 42mm dây silicone,Tú,3
apple-watch-se-lte-2023-40mm-vien-nhom-day-silicone,Apple Watch SE 2 GPS + Cellular 40mm viền nhôm dây thể thao,Phú,5
xiaomi-watch-s-3,Xiaomi Watch S3 47mm dây silicone,Cường,3
xiaomi-watch-s-3,Xiaomi Watch S3 47mm dây silicone,Hà,3
xiaomi-watch-s-3,Xiaomi Watch S3 47mm dây silicone,Khánh,5
xiaomi-watch-s-3,Xiaomi Watch S3 47mm dây silicone,Tiến,3
xiaomi-watch-s-3,Xiaomi Watch S3 47mm dây silicone,Nguyên,4
xiaomi-watch-s-3,Xiaomi Watch S3 47mm dây silicone,Minh,1
xiaomi-watch-s-3,Xiaomi Watch S3 47mm dây silicone,Anh,1
xiaomi-watch-s-3,Xiaomi Watch S3 47mm dây silicone,Long,3
xiaomi-watch-s-3,Xiaomi Watch S3 47mm dây silicone,Anh Nam,4
huawei-band-9,Huawei Band 9 dây cao su,Nguyên,5
huawei-band-9,Huawei Band 9 dây cao su,Anh Thịnh,5
xiaomi-watch-2,Xiaomi Watch 2 47.8mm dây silicone,Lộc,5
garmin-forerunner-265-music-day-silicone,Garmin Forerunner 265 Music 46.1mm dây silicone,Phong,5
garmin-forerunner-265-music-day-silicone,Garmin Forerunner 265 Music 46.1mm dây silicone,Anh Thành,4
garmin-forerunner-265-music-day-silicone,Garmin Forerunner 265 Music 46.1mm dây silicone,Vũ,5
samsung-galaxy-watch6-classic-43mm,Samsung Galaxy Watch6 Classic 43mm dây silicone,Anh Dũng,5
samsung-galaxy-watch6-classic-43mm,Samsung Galaxy Watch6 Classic 43mm dây silicone,Anh Lộc,2
apple-watch-s9-41mm-vien-nhom-day-vai?utm_flashsale=1,Apple Watch Series 9 GPS 41mm viền nhôm dây vải,Trang,5
befit-hunter2-day-silicone,BeFit Hunter2 47.8mm dây silicone,Mạnh,1
befit-luna-day-da,BeFit Luna 33mm dây da,Nga,1
befit-luna-day-da,BeFit Luna 33mm dây da,Như,3
befit-luna-day-da,BeFit Luna 33mm dây da,Quang,5
amazfit-balance-day-nylon,Amazfit Balance 46mm dây nylon,Anh Tâm,5
amazfit-balance-day-nylon,Amazfit Balance 46mm dây nylon,Anh Thịnh,5
garmin-lily-day-silicone-vang,Garmin Lily 34.5mm dây silicone,Chị Hương,4
garmin-lily-day-silicone-vang,Garmin Lily 34.5mm dây silicone,Đạt,5
garmin-venu-sq-2-music,Garmin Venu SQ 2 Music 40.6mm dây silicone,Hưng,5
garmin-venu-sq-2-music,Garmin Venu SQ 2 Music 40.6mm dây silicone,Chị Hương,3
garmin-venu-sq-2-music,Garmin Venu SQ 2 Music 40.6mm dây silicone,Đạt,5
garmin-golf-approach-s70-day-silicone,Garmin Golf Approach S70 47mm dây silicone,Hùng,5
amazfit-cheetah-pro,Amazfit Cheetah Pro 47mm dây nylon,Thuận,5
oppo-watch-x,Oppo Watch X 47mm dây silicone,Trung,3
dong-ho-thong-minh-befit-hunter1-48mm,BeFit Hunter1 48.3mm dây silicone,Phú,2
dong-ho-thong-minh-befit-hunter1-48mm,BeFit Hunter1 48.3mm dây silicone,Sơn,1
dong-ho-thong-minh-befit-hunter1-48mm,BeFit Hunter1 48.3mm dây silicone,Anh Huy,1
dong-ho-thong-minh-befit-hunter1-48mm,BeFit Hunter1 48.3mm dây silicone,Hung,5
samsung-galaxy-watch6-40mm,Samsung Galaxy Watch6 40mm dây silicone,Anh Hưng,5
samsung-galaxy-watch6-40mm,Samsung Galaxy Watch6 40mm dây silicone,Tiên,3
samsung-galaxy-watch6-40mm,Samsung Galaxy Watch6 40mm dây silicone,Vũ,5
samsung-galaxy-watch6-40mm,Samsung Galaxy Watch6 40mm dây silicone,Trang,4
samsung-galaxy-watch6-40mm,Samsung Galaxy Watch6 40mm dây silicone,Huy,5
samsung-galaxy-watch6-40mm,Samsung Galaxy Watch6 40mm dây silicone,Chị Phương,4
xiaomi-pad-7-8gb-256gb,Xiaomi Pad 7 WiFi 8GB/256GB,Lộc,5
xiaomi-redmi-pad-se-4gb,Xiaomi Redmi Pad SE WiFi 4GB/128GB,Hoàng,5
xiaomi-redmi-pad-se-4gb,Xiaomi Redmi Pad SE WiFi 4GB/128GB,Hùng,4
xiaomi-redmi-pad-se-4gb,Xiaomi Redmi Pad SE WiFi 4GB/128GB,Hương,5
xiaomi-redmi-pad-se-4gb,Xiaomi Redmi Pad SE WiFi 4GB/128GB,Dương,3
xiaomi-redmi-pad-se-4gb,Xiaomi Redmi Pad SE WiFi 4GB/128GB,Duy,3
xiaomi-redmi-pad-se-4gb,Xiaomi Redmi Pad SE WiFi 4GB/128GB,Chị Dung,5
xiaomi-redmi-pad-se-4gb,Xiaomi Redmi Pad SE WiFi 4GB/128GB,Phú,5
xiaomi-redmi-pad-pro-6gb-128gb,Xiaomi Redmi Pad Pro WiFi 6GB/128GB,Hương,3
xiaomi-redmi-pad-pro-6gb-128gb,Xiaomi Redmi Pad Pro WiFi 6GB/128GB,Tuấn,5
xiaomi-redmi-pad-pro-6gb-128gb,Xiaomi Redmi Pad Pro WiFi 6GB/128GB,Lộc,5
oppo-pad-neo-6gb,OPPO Pad Neo WiFi 6GB/128GB,Mai,1
samsung-galaxy-tab-a9-plus-5g,Samsung Galaxy Tab A9+ 5G 4GB/64GB,Vương,1
samsung-galaxy-tab-a9-plus-5g,Samsung Galaxy Tab A9+ 5G 4GB/64GB,Sơn,5
samsung-galaxy-tab-a9-plus-5g,Samsung Galaxy Tab A9+ 5G 4GB/64GB,Anh Long,4
samsung-galaxy-tab-a9-plus-5g,Samsung Galaxy Tab A9+ 5G 4GB/64GB,Thành,5
redmi-pad-se-8-7-wifi-4gb-64gb,Xiaomi Redmi Pad SE 8.7 WiFi 4GB/64GB,Trang,5
tcl-tab-10-gen-2,TCL Tab 10 Gen 2 4G 4GB/64GB,Dương,5
tcl-tab-10-gen-2,TCL Tab 10 Gen 2 4G 4GB/64GB,Trí,4
ipad-pro-m4-13-inch-wifi-256gb,iPad Pro M4 13 inch WiFi 256GB,Phương,5
samsung-galaxy-tab-a9-4g,Samsung Galaxy Tab A9 4G 4GB/64GB,Minh,1
samsung-galaxy-tab-a9-4g,Samsung Galaxy Tab A9 4G 4GB/64GB,Hồng,2
samsung-galaxy-tab-a9-4g,Samsung Galaxy Tab A9 4G 4GB/64GB,Trâm,5
samsung-galaxy-tab-a9-4g,Samsung Galaxy Tab A9 4G 4GB/64GB,Khải,5
samsung-galaxy-tab-s9,Samsung Galaxy Tab S9 WiFi 8GB/128GB,Anh Hiếu,4
tcl-tab-11,TCL Tab 11 WiFi 4GB/128GB,Lan,4
tcl-tab-11,TCL Tab 11 WiFi 4GB/128GB,Dũng,5
tcl-tab-11,TCL Tab 11 WiFi 4GB/128GB,Nhi,5
samsung-galaxy-tab-s9-5g-128gb,Samsung Galaxy Tab S9 5G 8GB/128GB,Đăng,5
samsung-galaxy-tab-a9-plus-wifi-8gb-128gb,Samsung Galaxy Tab A9+ WiFi 8GB/128GB,Tiến,3
tcl-tab-10l-gen-2,TCL Tab 10L Gen 2 WiFi 3GB/32GB,Anh Đức,5
tcl-tab-10l-gen-2,TCL Tab 10L Gen 2 WiFi 3GB/32GB,Anh Duy,3
tcl-tab-10l-gen-2,TCL Tab 10L Gen 2 WiFi 3GB/32GB,Anh Hùng,5
lenovo-tab-m11-4g,Lenovo Tab M11 4G 4GB/128GB,Trung,1
tai-nghe-bluetooth-tws-xiaomi-redmi-buds-6-lite,Tai nghe TWS Xiaomi Redmi Buds 6 Lite,Trường,3
tai-nghe-bluetooth-tws-xiaomi-redmi-buds-6-lite,Tai nghe TWS Xiaomi Redmi Buds 6 Lite,Phương,1
tai-nghe-bluetooth-tws-xiaomi-redmi-buds-6-lite,Tai nghe TWS Xiaomi Redmi Buds 6 Lite,Quyên,1
tai-nghe-bluetooth-tws-xiaomi-redmi-buds-6-lite,Tai nghe TWS Xiaomi Redmi Buds 6 Lite,Thanh,3
tai-nghe-bluetooth-tws-xiaomi-redmi-buds-6-lite,Tai nghe TWS Xiaomi Redmi Buds 6 Lite,Thái,2
tai-nghe-bluetooth-tws-xiaomi-redmi-buds-6-lite,Tai nghe TWS Xiaomi Redmi Buds 6 Lite,An,3
tai-nghe-bluetooth-tws-xiaomi-redmi-buds-6-lite,Tai nghe TWS Xiaomi Redmi Buds 6 Lite,Huy,3
tai-nghe-bluetooth-tws-xiaomi-redmi-buds-6-lite,Tai nghe TWS Xiaomi Redmi Buds 6 Lite,Hưng,5
tai-nghe-bluetooth-tws-xiaomi-redmi-buds-6-lite,Tai nghe TWS Xiaomi Redmi Buds 6 Lite,Dương,3
tai-nghe-bluetooth-tws-xiaomi-redmi-buds-6-lite,Tai nghe TWS Xiaomi Redmi Buds 6 Lite,Hà,4
tai-nghe-bluetooth-tws-xiaomi-redmi-buds-6-lite,Tai nghe TWS Xiaomi Redmi Buds 6 Lite,Khải,1
tai-nghe-bluetooth-tws-xiaomi-redmi-buds-6-lite,Tai nghe TWS Xiaomi Redmi Buds 6 Lite,Huy,4
tai-nghe-bluetooth-tws-xiaomi-redmi-buds-6-lite,Tai nghe TWS Xiaomi Redmi Buds 6 Lite,Thành,2
tai-nghe-bluetooth-tws-xiaomi-redmi-buds-6-lite,Tai nghe TWS Xiaomi Redmi Buds 6 Lite,Đạt,3
tai-nghe-bluetooth-tws-xiaomi-redmi-buds-6-lite,Tai nghe TWS Xiaomi Redmi Buds 6 Lite,Tài,5
tai-nghe-tws-alpha-works-aw-curve-200,Tai nghe TWS Alpha Works AW-Curve 200,Thanh,1
tai-nghe-bluetooth-true-wireless-rezo-k50?utm_flashsale=1,Tai nghe TWS Rezo K50,Thu,3
tai-nghe-bluetooth-true-wireless-rezo-k50?utm_flashsale=1,Tai nghe TWS Rezo K50,Nhân,1
tai-nghe-bluetooth-true-wireless-rezo-k50?utm_flashsale=1,Tai nghe TWS Rezo K50,Phương,1
tai-nghe-bluetooth-true-wireless-marshall-minor-iv,Tai nghe TWS Marshall Minor IV,Thành,3
tai-nghe-bluetooth-true-wireless-marshall-minor-iv,Tai nghe TWS Marshall Minor IV,Chiến,5
tai-nghe-bluetooth-true-wireless-ava-buds-life-air-2-pro?utm_flashsale=1,Tai nghe TWS AVA+ Buds Life Air 2 Pro,Vy,4
tai-nghe-bluetooth-true-wireless-ava-buds-life-air-2-pro?utm_flashsale=1,Tai nghe TWS AVA+ Buds Life Air 2 Pro,Thuỷ,4
tai-nghe-bluetooth-true-wireless-ava-buds-life-air-3?utm_flashsale=1,Tai nghe TWS AVA+ Buds Life Air 3,Thắng,5
tai-nghe-bluetooth-true-wireless-ava-buds-life-air-3?utm_flashsale=1,Tai nghe TWS AVA+ Buds Life Air 3,Duy,5
tai-nghe-bluetooth-true-wireless-ava-buds-life-air-3?utm_flashsale=1,Tai nghe TWS AVA+ Buds Life Air 3,Mạnh,5
tai-nghe-bluetooth-true-wireless-ava-buds-life-air-3?utm_flashsale=1,Tai nghe TWS AVA+ Buds Life Air 3,Tân,5
tai-nghe-bluetooth-true-wireless-rezo-air-5-deluxe-anc?utm_flashsale=1,Tai nghe TWS Rezo Air 5 Deluxe ANC,Thái,3
tai-nghe-bluetooth-true-wireless-samsung-galaxy-buds-3-pro-r630n,Tai nghe TWS Samsung Galaxy Buds3 Pro R630N,Tiến,3
tai-nghe-bluetooth-true-wireless-samsung-galaxy-buds-3-pro-r630n,Tai nghe TWS Samsung Galaxy Buds3 Pro R630N,Vinh,2
tai-nghe-bluetooth-true-wireless-ava-freego-w28,Tai nghe TWS AVA+ FreeGo W28,Châu,5
tai-nghe-bluetooth-true-wireless-ava-freego-w28,Tai nghe TWS AVA+ FreeGo W28,Hoàng,1
tai-nghe-bluetooth-true-wireless-ava-freego-w28,Tai nghe TWS AVA+ FreeGo W28,Bình,1
tai-nghe-bluetooth-true-wireless-ava-freego-pt52,Tai nghe TWS AVA+ FreeGo PT52,An,4
tai-nghe-bluetooth-true-wireless-ava-freego-pt52,Tai nghe TWS AVA+ FreeGo PT52,Hiếu,2
tai-nghe-bluetooth-true-wireless-ava-freego-pt52,Tai nghe TWS AVA+ FreeGo PT52,Thành,1
tai-nghe-bluetooth-true-wireless-ava-freego-pt52,Tai nghe TWS AVA+ FreeGo PT52,Bình,1
tai-nghe-bluetooth-true-wireless-ava-freego-pt52,Tai nghe TWS AVA+ FreeGo PT52,Ngọc,2
tai-nghe-bluetooth-true-wireless-ava-freego-pt52,Tai nghe TWS AVA+ FreeGo PT52,Tùng,3
tai-nghe-bluetooth-true-wireless-ava-freego-pt52,Tai nghe TWS AVA+ FreeGo PT52,Lộc,5
tai-nghe-bluetooth-true-wireless-xiaomi-redmi-buds-6-play,Tai nghe TWS Xiaomi Redmi Buds 6 Play,Sơn,3
tai-nghe-bluetooth-true-wireless-xiaomi-redmi-buds-6-play,Tai nghe TWS Xiaomi Redmi Buds 6 Play,Ngân,2
tai-nghe-bluetooth-true-wireless-xiaomi-redmi-buds-6-play,Tai nghe TWS Xiaomi Redmi Buds 6 Play,Sơn,5
tai-nghe-bluetooth-true-wireless-xiaomi-redmi-buds-6-play,Tai nghe TWS Xiaomi Redmi Buds 6 Play,Minh,5
tai-nghe-bluetooth-true-wireless-xiaomi-redmi-buds-6-play,Tai nghe TWS Xiaomi Redmi Buds 6 Play,Dương,5
tai-nghe-bluetooth-true-wireless-xiaomi-redmi-buds-6-play,Tai nghe TWS Xiaomi Redmi Buds 6 Play,Nhi,5
tai-nghe-bluetooth-true-wireless-xiaomi-redmi-buds-6-play,Tai nghe TWS Xiaomi Redmi Buds 6 Play,Thành,3
tai-nghe-bluetooth-true-wireless-xiaomi-redmi-buds-6-play,Tai nghe TWS Xiaomi Redmi Buds 6 Play,Toàn,4
tai-nghe-bluetooth-true-wireless-xiaomi-redmi-buds-6-play,Tai nghe TWS Xiaomi Redmi Buds 6 Play,Phong,5
tai-nghe-bluetooth-true-wireless-xiaomi-redmi-buds-6-play,Tai nghe TWS Xiaomi Redmi Buds 6 Play,Tùng,5
tai-nghe-bluetooth-true-wireless-xiaomi-redmi-buds-6-play,Tai nghe TWS Xiaomi Redmi Buds 6 Play,Phúc,4
tai-nghe-bluetooth-true-wireless-ava-go-f25,Tai nghe TWS AVA+ Go F25,Tâm,1
tai-nghe-bluetooth-true-wireless-ava-go-f25,Tai nghe TWS AVA+ Go F25,Hải,1
tai-nghe-bluetooth-true-wireless-ava-go-f25,Tai nghe TWS AVA+ Go F25,Dũng,5
tai-nghe-bluetooth-true-wireless-ava-go-f25,Tai nghe TWS AVA+ Go F25,Hân,3
tai-nghe-bluetooth-tws-xiaomi-redmi-buds-6-active,Tai nghe TWS Xiaomi Redmi Buds 6 Active,Linh,3
tai-nghe-bluetooth-tws-xiaomi-redmi-buds-6-active,Tai nghe TWS Xiaomi Redmi Buds 6 Active,Thu,1
tai-nghe-bluetooth-tws-xiaomi-redmi-buds-6-active,Tai nghe TWS Xiaomi Redmi Buds 6 Active,Dương,1
tai-nghe-bluetooth-tws-xiaomi-redmi-buds-6-active,Tai nghe TWS Xiaomi Redmi Buds 6 Active,Tân,3
tai-nghe-bluetooth-tws-xiaomi-redmi-buds-6-active,Tai nghe TWS Xiaomi Redmi Buds 6 Active,Bình,1
tai-nghe-bluetooth-tws-xiaomi-redmi-buds-6-active,Tai nghe TWS Xiaomi Redmi Buds 6 Active,Hương,3
tai-nghe-bluetooth-tws-xiaomi-redmi-buds-6-active,Tai nghe TWS Xiaomi Redmi Buds 6 Active,Duyên,1
tai-nghe-bluetooth-tws-xiaomi-redmi-buds-6-active,Tai nghe TWS Xiaomi Redmi Buds 6 Active,Khánh,2
tai-nghe-bluetooth-tws-xiaomi-redmi-buds-6-active,Tai nghe TWS Xiaomi Redmi Buds 6 Active,Phương,4
tai-nghe-bluetooth-tws-xiaomi-redmi-buds-6-active,Tai nghe TWS Xiaomi Redmi Buds 6 Active,Sơn,4
tai-nghe-bluetooth-tws-xiaomi-redmi-buds-6-active,Tai nghe TWS Xiaomi Redmi Buds 6 Active,Thành,5
tai-nghe-bluetooth-tws-oppo-enco-buds-2-ete41-trang,Tai nghe TWS OPPO ENCO Buds 2 ETE41,Hậu,4
tai-nghe-bluetooth-tws-oppo-enco-buds-2-ete41-trang,Tai nghe TWS OPPO ENCO Buds 2 ETE41,Vương,4
tai-nghe-bluetooth-tws-oppo-enco-buds-2-ete41-trang,Tai nghe TWS OPPO ENCO Buds 2 ETE41,Đạt,3
tai-nghe-bluetooth-tws-oppo-enco-buds-2-ete41-trang,Tai nghe TWS OPPO ENCO Buds 2 ETE41,Huy,1
tai-nghe-bluetooth-tws-oppo-enco-buds-2-ete41-trang,Tai nghe TWS OPPO ENCO Buds 2 ETE41,Hiếu,5
tai-nghe-bluetooth-tws-oppo-enco-buds-2-ete41-trang,Tai nghe TWS OPPO ENCO Buds 2 ETE41,Nhung,3
tai-nghe-bluetooth-tws-oppo-enco-buds-2-ete41-trang,Tai nghe TWS OPPO ENCO Buds 2 ETE41,Hạnh,4
tai-nghe-bluetooth-tws-oppo-enco-buds-2-ete41-trang,Tai nghe TWS OPPO ENCO Buds 2 ETE41,Anh Việt,4
tai-nghe-bluetooth-tws-oppo-enco-buds-2-ete41-trang,Tai nghe TWS OPPO ENCO Buds 2 ETE41,Vinh,5
tai-nghe-bluetooth-tws-oppo-enco-buds-2-ete41-trang,Tai nghe TWS OPPO ENCO Buds 2 ETE41,Minh,4
tai-nghe-bluetooth-tws-oppo-enco-buds-2-ete41-trang,Tai nghe TWS OPPO ENCO Buds 2 ETE41,Vân,3
tai-nghe-bluetooth-tws-oppo-enco-buds-2-ete41-trang,Tai nghe TWS OPPO ENCO Buds 2 ETE41,Quý,2
tai-nghe-bluetooth-tws-oppo-enco-buds-2-ete41-trang,Tai nghe TWS OPPO ENCO Buds 2 ETE41,Long,5
tai-nghe-bluetooth-tws-oppo-enco-buds-2-ete41-trang,Tai nghe TWS OPPO ENCO Buds 2 ETE41,Chị Mai,5
tai-nghe-bluetooth-tws-oppo-enco-buds-2-ete41-trang,Tai nghe TWS OPPO ENCO Buds 2 ETE41,Bảo,5
tai-nghe-bluetooth-tws-oppo-enco-buds-2-ete41-trang,Tai nghe TWS OPPO ENCO Buds 2 ETE41,Anh Đức,5
tai-nghe-bluetooth-tws-oppo-enco-buds-2-ete41-trang,Tai nghe TWS OPPO ENCO Buds 2 ETE41,Thịnh,5
tai-nghe-bluetooth-tws-oppo-enco-buds-2-ete41-trang,Tai nghe TWS OPPO ENCO Buds 2 ETE41,Hằng,4
tai-nghe-bluetooth-tws-oppo-enco-buds-2-ete41-trang,Tai nghe TWS OPPO ENCO Buds 2 ETE41,Thiện,4
tai-nghe-bluetooth-tws-oppo-enco-buds-2-ete41-trang,Tai nghe TWS OPPO ENCO Buds 2 ETE41,Trường,3
tai-nghe-bluetooth-tws-oppo-enco-buds-2-ete41-trang,Tai nghe TWS OPPO ENCO Buds 2 ETE41,Cường,1
tai-nghe-bluetooth-tws-oppo-enco-buds-2-ete41-trang,Tai nghe TWS OPPO ENCO Buds 2 ETE41,Thuận,5
tai-nghe-bluetooth-tws-oppo-enco-buds-2-ete41-trang,Tai nghe TWS OPPO ENCO Buds 2 ETE41,Thanh,4
tai-nghe-bluetooth-tws-oppo-enco-buds-2-ete41-trang,Tai nghe TWS OPPO ENCO Buds 2 ETE41,Tuấn,4
tai-nghe-bluetooth-tws-oppo-enco-buds-2-ete41-trang,Tai nghe TWS OPPO ENCO Buds 2 ETE41,Thiện,5
tai-nghe-bluetooth-tws-oppo-enco-buds-2-ete41-trang,Tai nghe TWS OPPO ENCO Buds 2 ETE41,Chị Thảo,4
tai-nghe-bluetooth-tws-oppo-enco-buds-2-ete41-trang,Tai nghe TWS OPPO ENCO Buds 2 ETE41,Trí,5
tai-nghe-bluetooth-tws-oppo-enco-buds-2-ete41-trang,Tai nghe TWS OPPO ENCO Buds 2 ETE41,Vũ,5
tai-nghe-bluetooth-tws-oppo-enco-buds-2-ete41-trang,Tai nghe TWS OPPO ENCO Buds 2 ETE41,Anh Vũ,5
tai-nghe-bluetooth-tws-oppo-enco-buds-2-ete41-trang,Tai nghe TWS OPPO ENCO Buds 2 ETE41,Phong,4
tai-nghe-bluetooth-tws-oppo-enco-buds-2-ete41-trang,Tai nghe TWS OPPO ENCO Buds 2 ETE41,Chị Ngân,5
tai-nghe-bluetooth-tws-oppo-enco-buds-2-ete41-trang,Tai nghe TWS OPPO ENCO Buds 2 ETE41,Đăng,4
tai-nghe-bluetooth-tws-oppo-enco-buds-2-ete41-trang,Tai nghe TWS OPPO ENCO Buds 2 ETE41,Hậu,5
tai-nghe-bluetooth-tws-oppo-enco-buds-2-ete41-trang,Tai nghe TWS OPPO ENCO Buds 2 ETE41,Dũng,5
tai-nghe-bluetooth-tws-oppo-enco-buds-2-ete41-trang,Tai nghe TWS OPPO ENCO Buds 2 ETE41,Trang,4
tai-nghe-bluetooth-tws-oppo-enco-buds-2-ete41-trang,Tai nghe TWS OPPO ENCO Buds 2 ETE41,Tùng,5
tai-nghe-bluetooth-tws-oppo-enco-buds-2-ete41-trang,Tai nghe TWS OPPO ENCO Buds 2 ETE41,Uyên,4
tai-nghe-bluetooth-tws-oppo-enco-buds-2-ete41-trang,Tai nghe TWS OPPO ENCO Buds 2 ETE41,Bình,4
tai-nghe-bluetooth-tws-oppo-enco-buds-2-ete41-trang,Tai nghe TWS OPPO ENCO Buds 2 ETE41,Nhựt,5
tai-nghe-bluetooth-tws-oppo-enco-buds-2-ete41-trang,Tai nghe TWS OPPO ENCO Buds 2 ETE41,Hiệp,2
tai-nghe-bluetooth-tws-oppo-enco-buds-2-ete41-trang,Tai nghe TWS OPPO ENCO Buds 2 ETE41,Thuỷ,4
tai-nghe-bluetooth-tws-oppo-enco-buds-2-ete41-trang,Tai nghe TWS OPPO ENCO Buds 2 ETE41,Tân,5
tai-nghe-bluetooth-tws-oppo-enco-buds-2-ete41-trang,Tai nghe TWS OPPO ENCO Buds 2 ETE41,Quỳnh,4
tai-nghe-bluetooth-true-wireless-baseus-bowie-e20,Tai nghe TWS Baseus Bowie E20,Duy,3
tai-nghe-bluetooth-true-wireless-baseus-bowie-e20,Tai nghe TWS Baseus Bowie E20,Như,4
tai-nghe-bluetooth-true-wireless-baseus-bowie-e20,Tai nghe TWS Baseus Bowie E20,Trinh,3
tai-nghe-bluetooth-true-wireless-baseus-bowie-e20,Tai nghe TWS Baseus Bowie E20,Tú,3
tai-nghe-bluetooth-true-wireless-baseus-bowie-e20,Tai nghe TWS Baseus Bowie E20,Thắng,4
tai-nghe-bluetooth-true-wireless-baseus-bowie-e20,Tai nghe TWS Baseus Bowie E20,Đức,4
tai-nghe-bluetooth-true-wireless-baseus-bowie-e20,Tai nghe TWS Baseus Bowie E20,Hùng,5
tai-nghe-bluetooth-true-wireless-baseus-bowie-e20,Tai nghe TWS Baseus Bowie E20,Châu,5
tai-nghe-bluetooth-true-wireless-baseus-bowie-e20,Tai nghe TWS Baseus Bowie E20,Khánh,5
airpods-4-mxp63,AirPods 4,Tuấn,3
airpods-4-mxp63,AirPods 4,Nghĩa,5
tai-nghe-bluetooth-true-wireless-samsung-galaxy-buds-fe-r400n,Tai nghe TWS Samsung Galaxy Buds FE R400N,Hoàng,1
tai-nghe-bluetooth-true-wireless-samsung-galaxy-buds-fe-r400n,Tai nghe TWS Samsung Galaxy Buds FE R400N,Trí,3
tai-nghe-bluetooth-true-wireless-samsung-galaxy-buds-fe-r400n,Tai nghe TWS Samsung Galaxy Buds FE R400N,Trung,5
tai-nghe-bluetooth-true-wireless-samsung-galaxy-buds-fe-r400n,Tai nghe TWS Samsung Galaxy Buds FE R400N,An,1
tai-nghe-bluetooth-true-wireless-samsung-galaxy-buds-fe-r400n,Tai nghe TWS Samsung Galaxy Buds FE R400N,Linh,3
tai-nghe-bluetooth-true-wireless-samsung-galaxy-buds-fe-r400n,Tai nghe TWS Samsung Galaxy Buds FE R400N,Anh Linh,5
tai-nghe-bluetooth-true-wireless-samsung-galaxy-buds-fe-r400n,Tai nghe TWS Samsung Galaxy Buds FE R400N,Phương,1
tai-nghe-bluetooth-true-wireless-samsung-galaxy-buds-fe-r400n,Tai nghe TWS Samsung Galaxy Buds FE R400N,Thư,5
tai-nghe-bluetooth-true-wireless-samsung-galaxy-buds-fe-r400n,Tai nghe TWS Samsung Galaxy Buds FE R400N,Yến,5
tai-nghe-bluetooth-true-wireless-samsung-galaxy-buds-fe-r400n,Tai nghe TWS Samsung Galaxy Buds FE R400N,Tuấn Anh,5
tai-nghe-bluetooth-true-wireless-ava-go-p310?utm_flashsale=1,Tai nghe TWS AVA+ Go P310,Huy,4
tai-nghe-bluetooth-true-wireless-ava-go-p310?utm_flashsale=1,Tai nghe TWS AVA+ Go P310,Khoa,5
tai-nghe-bluetooth-true-wireless-ava-go-p310?utm_flashsale=1,Tai nghe TWS AVA+ Go P310,Tiên,2
tai-nghe-bluetooth-true-wireless-ava-go-p310?utm_flashsale=1,Tai nghe TWS AVA+ Go P310,Vinh,1
tai-nghe-bluetooth-true-wireless-ava-go-p310?utm_flashsale=1,Tai nghe TWS AVA+ Go P310,Tuấn,4
tai-nghe-bluetooth-true-wireless-ava-go-p310?utm_flashsale=1,Tai nghe TWS AVA+ Go P310,Tài,1
tai-nghe-bluetooth-true-wireless-ava-go-p310?utm_flashsale=1,Tai nghe TWS AVA+ Go P310,Bình,4
tai-nghe-bluetooth-true-wireless-ava-go-p310?utm_flashsale=1,Tai nghe TWS AVA+ Go P310,Ngân,1
tai-nghe-bluetooth-true-wireless-ava-go-p310?utm_flashsale=1,Tai nghe TWS AVA+ Go P310,Vương,5
tai-nghe-bluetooth-true-wireless-ava-go-p310?utm_flashsale=1,Tai nghe TWS AVA+ Go P310,Toàn,5
tai-nghe-bluetooth-tws-ava-freego-y913?utm_flashsale=1,Tai nghe TWS AVA+ FreeGo Y913,Dũng,4
tai-nghe-bluetooth-tws-ava-freego-y913?utm_flashsale=1,Tai nghe TWS AVA+ FreeGo Y913,Huy,3
tai-nghe-bluetooth-tws-ava-freego-y913?utm_flashsale=1,Tai nghe TWS AVA+ FreeGo Y913,Dương,5
tai-nghe-bluetooth-tws-ava-freego-y913?utm_flashsale=1,Tai nghe TWS AVA+ FreeGo Y913,Nga,5
tai-nghe-bluetooth-tws-ava-freego-y913?utm_flashsale=1,Tai nghe TWS AVA+ FreeGo Y913,Anh Tuấn,3
tai-nghe-tws-havit-tw941,Tai nghe TWS Havit TW941,Phương,2
tai-nghe-tws-havit-tw941,Tai nghe TWS Havit TW941,Vinh,1
tai-nghe-tws-havit-tw941,Tai nghe TWS Havit TW941,Vũ,5
tai-nghe-bluetooth-true-wireless-realme-buds-t200-lite,Tai nghe TWS realme Buds T200 Lite,Kiệt,4
tai-nghe-bluetooth-true-wireless-havit-tw976,Tai nghe TWS Havit TW976,Khang,1
tai-nghe-bluetooth-true-wireless-havit-tw976,Tai nghe TWS Havit TW976,Hương,3
tai-nghe-bluetooth-true-wireless-havit-tw976,Tai nghe TWS Havit TW976,Giang,2
tai-nghe-bluetooth-true-wireless-havit-tw976,Tai nghe TWS Havit TW976,Minh,2
tai-nghe-bluetooth-true-wireless-havit-tw976,Tai nghe TWS Havit TW976,Tùng,3
tai-nghe-bluetooth-true-wireless-havit-tw976,Tai nghe TWS Havit TW976,Vinh,4
tai-nghe-bluetooth-true-wireless-havit-tw976,Tai nghe TWS Havit TW976,Đạt,3
tai-nghe-bluetooth-true-wireless-havit-tw976,Tai nghe TWS Havit TW976,Hà,5
tai-nghe-bluetooth-true-wireless-havit-tw976,Tai nghe TWS Havit TW976,Sơn,5
tai-nghe-bluetooth-true-wireless-ava-freego-pt62?utm_flashsale=1,Tai nghe TWS AVA+ FreeGo PT62,Minh,1
tai-nghe-bluetooth-true-wireless-ava-freego-pt62?utm_flashsale=1,Tai nghe TWS AVA+ FreeGo PT62,Toàn,1
tai-nghe-bluetooth-true-wireless-ava-freego-pt62?utm_flashsale=1,Tai nghe TWS AVA+ FreeGo PT62,Khánh,1
tai-nghe-bluetooth-true-wireless-ava-freego-pt62?utm_flashsale=1,Tai nghe TWS AVA+ FreeGo PT62,Hoàng,5
tai-nghe-bluetooth-true-wireless-ava-freego-pt62?utm_flashsale=1,Tai nghe TWS AVA+ FreeGo PT62,Trâm,2
tai-nghe-bluetooth-true-wireless-ava-freego-pt62?utm_flashsale=1,Tai nghe TWS AVA+ FreeGo PT62,Công,4
tai-nghe-bluetooth-true-wireless-ava-freego-pt62?utm_flashsale=1,Tai nghe TWS AVA+ FreeGo PT62,Anh Tú,3
tai-nghe-bluetooth-true-wireless-ava-freego-pt62?utm_flashsale=1,Tai nghe TWS AVA+ FreeGo PT62,An,5
airpods-4-chong-on-mxp93,AirPods 4 (chống ồn),Trường,5
airpods-4-chong-on-mxp93,AirPods 4 (chống ồn),Dương,1
airpods-4-chong-on-mxp93,AirPods 4 (chống ồn),Thảo,5
tai-nghe-bluetooth-airpods-pro-gen-2-magsafe-charge-usb-c-apple-mtjv3,AirPods Pro Gen 2 (USB-C),Dũng,5
tai-nghe-bluetooth-airpods-pro-gen-2-magsafe-charge-usb-c-apple-mtjv3,AirPods Pro Gen 2 (USB-C),Phát,5
tai-nghe-bluetooth-airpods-pro-gen-2-magsafe-charge-usb-c-apple-mtjv3,AirPods Pro Gen 2 (USB-C),Huy,3
tai-nghe-bluetooth-airpods-pro-gen-2-magsafe-charge-usb-c-apple-mtjv3,AirPods Pro Gen 2 (USB-C),Hiệp,5
tai-nghe-bluetooth-airpods-pro-gen-2-magsafe-charge-usb-c-apple-mtjv3,AirPods Pro Gen 2 (USB-C),Anh Vũ,4
tai-nghe-bluetooth-airpods-pro-gen-2-magsafe-charge-usb-c-apple-mtjv3,AirPods Pro Gen 2 (USB-C),Duy,1
tai-nghe-bluetooth-airpods-pro-gen-2-magsafe-charge-usb-c-apple-mtjv3,AirPods Pro Gen 2 (USB-C),Anh Dũng,5
tai-nghe-bluetooth-airpods-pro-gen-2-magsafe-charge-usb-c-apple-mtjv3,AirPods Pro Gen 2 (USB-C),Anh Đạt,5
tai-nghe-tws-havit-tw986,Tai nghe TWS Havit TW986,Quân,2
tai-nghe-tws-havit-tw986,Tai nghe TWS Havit TW986,Phượng,1
tai-nghe-bluetooth-true-wireless-ava-freego-w26?utm_flashsale=1,Tai nghe TWS AVA+ FreeGo W26,Thái,1
tai-nghe-bluetooth-true-wireless-ava-freego-w26?utm_flashsale=1,Tai nghe TWS AVA+ FreeGo W26,Nghĩa,5
tai-nghe-bluetooth-true-wireless-ava-freego-w26?utm_flashsale=1,Tai nghe TWS AVA+ FreeGo W26,Tiến,2
tai-nghe-bluetooth-true-wireless-ava-freego-w26?utm_flashsale=1,Tai nghe TWS AVA+ FreeGo W26,Hải,5
tai-nghe-bluetooth-true-wireless-ava-freego-w26?utm_flashsale=1,Tai nghe TWS AVA+ FreeGo W26,Thắng,5
tai-nghe-bluetooth-true-wireless-ava-freego-w26?utm_flashsale=1,Tai nghe TWS AVA+ FreeGo W26,Thịnh,5
tai-nghe-bluetooth-true-wireless-ava-freego-w26?utm_flashsale=1,Tai nghe TWS AVA+ FreeGo W26,Sơn,2
tai-nghe-bluetooth-true-wireless-ava-freego-w26?utm_flashsale=1,Tai nghe TWS AVA+ FreeGo W26,Chị Linh,3
tai-nghe-bluetooth-true-wireless-ava-freego-w26?utm_flashsale=1,Tai nghe TWS AVA+ FreeGo W26,Hiếu,4
tai-nghe-bluetooth-true-wireless-ava-freego-w26?utm_flashsale=1,Tai nghe TWS AVA+ FreeGo W26,Thanh,3
tai-nghe-bluetooth-true-wireless-ava-freego-w26?utm_flashsale=1,Tai nghe TWS AVA+ FreeGo W26,Linh,5
tai-nghe-bluetooth-true-wireless-ava-freego-w26?utm_flashsale=1,Tai nghe TWS AVA+ FreeGo W26,Chị Ngọc,5
tai-nghe-bluetooth-true-wireless-rezo-rz09-anc?utm_flashsale=1,Tai nghe TWS Rezo RZ09 ANC,Huy,2
tai-nghe-bluetooth-true-wireless-rezo-rz09-anc?utm_flashsale=1,Tai nghe TWS Rezo RZ09 ANC,Vy,2
tai-nghe-bluetooth-true-wireless-rezo-rz09-anc?utm_flashsale=1,Tai nghe TWS Rezo RZ09 ANC,Quang,4
tai-nghe-bluetooth-true-wireless-rezo-rz09-anc?utm_flashsale=1,Tai nghe TWS Rezo RZ09 ANC,Phong,5
tai-nghe-tws-xiaomi-redmi-buds-6,Tai nghe TWS Xiaomi Redmi Buds 6,Hung,2
tai-nghe-tws-xiaomi-redmi-buds-6,Tai nghe TWS Xiaomi Redmi Buds 6,Cường,5
tai-nghe-tws-xiaomi-redmi-buds-6,Tai nghe TWS Xiaomi Redmi Buds 6,Minh,5
tai-nghe-bluetooth-true-wireless-soundcore-r50i-a3959,Tai nghe TWS soundcore R50i NC A3959,Nhựt,1
tai-nghe-bluetooth-true-wireless-soundcore-r50i-a3959,Tai nghe TWS soundcore R50i NC A3959,Tuấn,2
tai-nghe-bluetooth-true-wireless-soundcore-r50i-a3959,Tai nghe TWS soundcore R50i NC A3959,Sơn,5
tai-nghe-bluetooth-true-wireless-oppo-enco-air-4-etee1,Tai nghe TWS OPPO ENCO Air 4 ETEE1,Mạnh,2
tai-nghe-bluetooth-true-wireless-havit-tw982-life-01t,Tai nghe TWS Havit TW982 Life 01T,Tuấn,1
tai-nghe-bluetooth-true-wireless-havit-tw982-life-01t,Tai nghe TWS Havit TW982 Life 01T,Sơn,3
tai-nghe-bluetooth-tws-oppo-enco-air-4-pro-etea1,Tai nghe TWS OPPO ENCO Air 4 Pro ETEA1,Thành,5
tai-nghe-bluetooth-true-wireless-soul-s-live-30,Tai nghe TWS SOUL S-LIVE 30,Lâm,1
tai-nghe-bluetooth-true-wireless-soul-s-live-30,Tai nghe TWS SOUL S-LIVE 30,Nguyên,2
tai-nghe-bluetooth-true-wireless-soul-s-live-30,Tai nghe TWS SOUL S-LIVE 30,Thái,3
tai-nghe-bluetooth-true-wireless-soul-s-live-30,Tai nghe TWS SOUL S-LIVE 30,Quân,1
tai-nghe-bluetooth-true-wireless-soul-s-live-30,Tai nghe TWS SOUL S-LIVE 30,Kiệt,1
tai-nghe-bluetooth-true-wireless-soul-s-live-30,Tai nghe TWS SOUL S-LIVE 30,Giang,3
tai-nghe-bluetooth-true-wireless-soul-s-live-30,Tai nghe TWS SOUL S-LIVE 30,Minh,5
tai-nghe-bluetooth-true-wireless-soul-s-live-30,Tai nghe TWS SOUL S-LIVE 30,Linh,1
tai-nghe-bluetooth-true-wireless-soul-s-live-30,Tai nghe TWS SOUL S-LIVE 30,Tiến,4
tai-nghe-bluetooth-true-wireless-soul-s-live-30,Tai nghe TWS SOUL S-LIVE 30,Phương,5
tai-nghe-bluetooth-true-wireless-soul-s-live-30,Tai nghe TWS SOUL S-LIVE 30,Long,3
tai-nghe-bluetooth-true-wireless-soul-s-live-30,Tai nghe TWS SOUL S-LIVE 30,Anh Hưng,2
tai-nghe-bluetooth-true-wireless-soul-s-live-30,Tai nghe TWS SOUL S-LIVE 30,Linh,3
tai-nghe-bluetooth-true-wireless-soul-s-live-30,Tai nghe TWS SOUL S-LIVE 30,Công,2
tai-nghe-bluetooth-true-wireless-soul-s-live-30,Tai nghe TWS SOUL S-LIVE 30,Thái,4
tai-nghe-bluetooth-true-wireless-soul-s-live-30,Tai nghe TWS SOUL S-LIVE 30,Nhung,4
tai-nghe-bluetooth-true-wireless-ava-go-p210?utm_flashsale=1,Tai nghe TWS AVA+ Go P210,Hiếu,3
tai-nghe-bluetooth-true-wireless-ava-go-p210?utm_flashsale=1,Tai nghe TWS AVA+ Go P210,Sơn,1
tai-nghe-bluetooth-true-wireless-ava-go-p210?utm_flashsale=1,Tai nghe TWS AVA+ Go P210,Vinh,5
tai-nghe-bluetooth-true-wireless-ava-go-p210?utm_flashsale=1,Tai nghe TWS AVA+ Go P210,Trang,3
tai-nghe-bluetooth-true-wireless-ava-go-p210?utm_flashsale=1,Tai nghe TWS AVA+ Go P210,Hiệp,4
tai-nghe-bluetooth-true-wireless-ava-go-p210?utm_flashsale=1,Tai nghe TWS AVA+ Go P210,Huy,1
tai-nghe-bluetooth-true-wireless-ava-go-p210?utm_flashsale=1,Tai nghe TWS AVA+ Go P210,Hậu,5
tai-nghe-bluetooth-true-wireless-ava-go-p210?utm_flashsale=1,Tai nghe TWS AVA+ Go P210,Hùng,2
tai-nghe-bluetooth-true-wireless-ava-go-p210?utm_flashsale=1,Tai nghe TWS AVA+ Go P210,Trường,1
tai-nghe-bluetooth-true-wireless-ava-go-p210?utm_flashsale=1,Tai nghe TWS AVA+ Go P210,Nga,5
tai-nghe-bluetooth-true-wireless-ava-go-p210?utm_flashsale=1,Tai nghe TWS AVA+ Go P210,Anh Phúc,3
tai-nghe-bluetooth-true-wireless-ava-go-p210?utm_flashsale=1,Tai nghe TWS AVA+ Go P210,Thành,1
tai-nghe-bluetooth-true-wireless-soundcore-k20i-a3994,Tai nghe TWS soundcore K20i,Hải,2
tai-nghe-bluetooth-true-wireless-soundcore-k20i-a3994,Tai nghe TWS soundcore K20i,Phương,1
tai-nghe-bluetooth-true-wireless-havit-tw945,Tai nghe TWS Havit TW945,Đạt,4
tai-nghe-bluetooth-true-wireless-havit-tw945,Tai nghe TWS Havit TW945,Phượng,5
tai-nghe-bluetooth-true-wireless-havit-tw945,Tai nghe TWS Havit TW945,Giang,4
tai-nghe-bluetooth-true-wireless-havit-tw945,Tai nghe TWS Havit TW945,Thành,3
tai-nghe-bluetooth-true-wireless-havit-tw945,Tai nghe TWS Havit TW945,Duy,3
tai-nghe-bluetooth-true-wireless-havit-tw945,Tai nghe TWS Havit TW945,Huy,5
tai-nghe-bluetooth-true-wireless-havit-tw945,Tai nghe TWS Havit TW945,Khang,5
tai-nghe-bluetooth-true-wireless-havit-tw945,Tai nghe TWS Havit TW945,Hiếu,5
tai-nghe-bluetooth-sony-wi-c100,Tai nghe Sony WI-C100,Quỳnh,4
tai-nghe-bluetooth-sony-wi-c100,Tai nghe Sony WI-C100,Tuấn,5
tai-nghe-bluetooth-true-wireless-samsung-galaxy-buds-3-r530n,Tai nghe TWS Samsung Galaxy Buds3 R530N,Dương,3
tai-nghe-tws-jbl-tune-beam-2,Tai nghe TWS JBL Tune Beam 2,Cường,1
tai-nghe-tws-jbl-tune-beam-2,Tai nghe TWS JBL Tune Beam 2,Thắng,1
tai-nghe-tws-jbl-tune-beam-2,Tai nghe TWS JBL Tune Beam 2,Trung,1
tai-nghe-tws-jbl-tune-beam-2,Tai nghe TWS JBL Tune Beam 2,Trung,4
tai-nghe-tws-jbl-tune-beam-2,Tai nghe TWS JBL Tune Beam 2,Hưng,1
tai-nghe-bluetooth-tws-xiaomi-redmi-buds-4-lite?utm_flashsale=1,Tai nghe TWS Xiaomi Redmi Buds 4 Lite,Dũng,5
tai-nghe-bluetooth-tws-xiaomi-redmi-buds-4-lite?utm_flashsale=1,Tai nghe TWS Xiaomi Redmi Buds 4 Lite,Hải,2
tai-nghe-bluetooth-tws-xiaomi-redmi-buds-4-lite?utm_flashsale=1,Tai nghe TWS Xiaomi Redmi Buds 4 Lite,Anh Cường,1
tai-nghe-bluetooth-tws-xiaomi-redmi-buds-4-lite?utm_flashsale=1,Tai nghe TWS Xiaomi Redmi Buds 4 Lite,Ngân,3
tai-nghe-bluetooth-tws-xiaomi-redmi-buds-4-lite?utm_flashsale=1,Tai nghe TWS Xiaomi Redmi Buds 4 Lite,Tùng,5
tai-nghe-bluetooth-tws-xiaomi-redmi-buds-4-lite?utm_flashsale=1,Tai nghe TWS Xiaomi Redmi Buds 4 Lite,Anh Sơn,4
tai-nghe-bluetooth-tws-xiaomi-redmi-buds-4-lite?utm_flashsale=1,Tai nghe TWS Xiaomi Redmi Buds 4 Lite,Hưng,5
tai-nghe-bluetooth-tws-xiaomi-redmi-buds-4-lite?utm_flashsale=1,Tai nghe TWS Xiaomi Redmi Buds 4 Lite,Sang,2
tai-nghe-bluetooth-tws-xiaomi-redmi-buds-4-lite?utm_flashsale=1,Tai nghe TWS Xiaomi Redmi Buds 4 Lite,Thiện,5
tai-nghe-bluetooth-tws-xiaomi-redmi-buds-4-lite?utm_flashsale=1,Tai nghe TWS Xiaomi Redmi Buds 4 Lite,Hiệp,5
tai-nghe-bluetooth-tws-xiaomi-redmi-buds-4-lite?utm_flashsale=1,Tai nghe TWS Xiaomi Redmi Buds 4 Lite,Khánh,5
tai-nghe-bluetooth-tws-xiaomi-redmi-buds-4-lite?utm_flashsale=1,Tai nghe TWS Xiaomi Redmi Buds 4 Lite,Anh Tùng,4
tai-nghe-bluetooth-tws-xiaomi-redmi-buds-4-lite?utm_flashsale=1,Tai nghe TWS Xiaomi Redmi Buds 4 Lite,Hải,5
tai-nghe-bluetooth-tws-xiaomi-redmi-buds-4-lite?utm_flashsale=1,Tai nghe TWS Xiaomi Redmi Buds 4 Lite,Anh Thắng,3
tai-nghe-bluetooth-tws-xiaomi-redmi-buds-4-lite?utm_flashsale=1,Tai nghe TWS Xiaomi Redmi Buds 4 Lite,Anh,3
tai-nghe-bluetooth-tws-xiaomi-redmi-buds-4-lite?utm_flashsale=1,Tai nghe TWS Xiaomi Redmi Buds 4 Lite,Trung,5
tai-nghe-bluetooth-tws-xiaomi-redmi-buds-4-lite?utm_flashsale=1,Tai nghe TWS Xiaomi Redmi Buds 4 Lite,Quý,4
tai-nghe-bluetooth-tws-xiaomi-redmi-buds-4-lite?utm_flashsale=1,Tai nghe TWS Xiaomi Redmi Buds 4 Lite,Vân,3
tai-nghe-bluetooth-tws-xiaomi-redmi-buds-4-lite?utm_flashsale=1,Tai nghe TWS Xiaomi Redmi Buds 4 Lite,Nam,3
tai-nghe-bluetooth-tws-xiaomi-redmi-buds-4-lite?utm_flashsale=1,Tai nghe TWS Xiaomi Redmi Buds 4 Lite,Bảo,5
tai-nghe-bluetooth-tws-xiaomi-redmi-buds-4-lite?utm_flashsale=1,Tai nghe TWS Xiaomi Redmi Buds 4 Lite,Hưng,3
tai-nghe-bluetooth-tws-xiaomi-redmi-buds-4-lite?utm_flashsale=1,Tai nghe TWS Xiaomi Redmi Buds 4 Lite,Bình,4
tai-nghe-bluetooth-true-wireless-havit-tw947,Tai nghe TWS Havit TW947,Khôi,5
tai-nghe-bluetooth-true-wireless-havit-tw947,Tai nghe TWS Havit TW947,Phương,3
tai-nghe-bluetooth-true-wireless-havit-tw947,Tai nghe TWS Havit TW947,Nam,5
tai-nghe-bluetooth-true-wireless-havit-tw947,Tai nghe TWS Havit TW947,Thành,5
tai-nghe-bluetooth-soundpeats-free-2-classic,Tai nghe TWS Soundpeats Free 2 Classic,Nga,3
tai-nghe-bluetooth-true-wireless-baseus-bowie-mz10,Tai nghe TWS Baseus Bowie MZ10,Hoàng Anh,1
tai-nghe-bluetooth-true-wireless-baseus-bowie-mz10,Tai nghe TWS Baseus Bowie MZ10,Khanh,4
tai-nghe-bluetooth-true-wireless-baseus-bowie-mz10,Tai nghe TWS Baseus Bowie MZ10,Đạt,5
tai-nghe-bluetooth-true-wireless-baseus-bowie-mz10,Tai nghe TWS Baseus Bowie MZ10,Tiến,1
tai-nghe-bluetooth-true-wireless-baseus-bowie-mz10,Tai nghe TWS Baseus Bowie MZ10,Hồng,1
tai-nghe-bluetooth-true-wireless-baseus-bowie-mz10,Tai nghe TWS Baseus Bowie MZ10,Anh An,5
tai-nghe-bluetooth-true-wireless-baseus-bowie-mz10,Tai nghe TWS Baseus Bowie MZ10,Phương,3
tai-nghe-bluetooth-true-wireless-baseus-bowie-mz10,Tai nghe TWS Baseus Bowie MZ10,Minh,1
tai-nghe-bluetooth-true-wireless-baseus-bowie-mz10,Tai nghe TWS Baseus Bowie MZ10,Tuấn,1
tai-nghe-bluetooth-true-wireless-baseus-bowie-mz10,Tai nghe TWS Baseus Bowie MZ10,Thiện,2
tai-nghe-bluetooth-true-wireless-baseus-bowie-mz10,Tai nghe TWS Baseus Bowie MZ10,Vũ,4
tai-nghe-bluetooth-true-wireless-realme-buds-t300?utm_flashsale=1,Tai nghe TWS realme Buds T300,Quỳnh,2
tai-nghe-bluetooth-true-wireless-realme-buds-t300?utm_flashsale=1,Tai nghe TWS realme Buds T300,Cường,5
tai-nghe-bluetooth-true-wireless-realme-buds-t300?utm_flashsale=1,Tai nghe TWS realme Buds T300,Thành,3
tai-nghe-bluetooth-true-wireless-realme-buds-t300?utm_flashsale=1,Tai nghe TWS realme Buds T300,Linh,4
tai-nghe-bluetooth-true-wireless-realme-buds-t300?utm_flashsale=1,Tai nghe TWS realme Buds T300,Hoàng,5
tai-nghe-bluetooth-soundpeats-wings2,Tai nghe TWS Soundpeats Wings2,Khang,5
tai-nghe-bluetooth-soundpeats-wings2,Tai nghe TWS Soundpeats Wings2,Hà,3
tai-nghe-bluetooth-soundpeats-wings2,Tai nghe TWS Soundpeats Wings2,Thuận,4
tai-nghe-bluetooth-soundpeats-wings2,Tai nghe TWS Soundpeats Wings2,Anh Tuấn,5
tai-nghe-bluetooth-soundpeats-wings2,Tai nghe TWS Soundpeats Wings2,Tuấn Anh,5
tai-nghe-bluetooth-soundpeats-wings2,Tai nghe TWS Soundpeats Wings2,Anh Trường,5
tai-nghe-bluetooth-soundpeats-wings2,Tai nghe TWS Soundpeats Wings2,Thành,4
tai-nghe-bluetooth-soundpeats-wings2,Tai nghe TWS Soundpeats Wings2,Anh Cường,5
tai-nghe-bluetooth-true-wireless-xiaomi-redmi-buds-4-active,Tai nghe TWS Xiaomi Redmi Buds 4 Active,Lâm,2
tai-nghe-bluetooth-true-wireless-xiaomi-redmi-buds-4-active,Tai nghe TWS Xiaomi Redmi Buds 4 Active,Dương,1
tai-nghe-bluetooth-true-wireless-xiaomi-redmi-buds-4-active,Tai nghe TWS Xiaomi Redmi Buds 4 Active,Phương,2
tai-nghe-bluetooth-true-wireless-xiaomi-redmi-buds-4-active,Tai nghe TWS Xiaomi Redmi Buds 4 Active,Anh,5
tai-nghe-bluetooth-true-wireless-xiaomi-redmi-buds-4-active,Tai nghe TWS Xiaomi Redmi Buds 4 Active,Nguyên,2
tai-nghe-bluetooth-true-wireless-xiaomi-redmi-buds-4-active,Tai nghe TWS Xiaomi Redmi Buds 4 Active,Phượng,2
tai-nghe-bluetooth-true-wireless-xiaomi-redmi-buds-4-active,Tai nghe TWS Xiaomi Redmi Buds 4 Active,Hưng,3
tai-nghe-bluetooth-true-wireless-xiaomi-redmi-buds-4-active,Tai nghe TWS Xiaomi Redmi Buds 4 Active,Tuấn,3
tai-nghe-bluetooth-true-wireless-xiaomi-redmi-buds-4-active,Tai nghe TWS Xiaomi Redmi Buds 4 Active,Đạt,5
tai-nghe-bluetooth-true-wireless-xiaomi-redmi-buds-4-active,Tai nghe TWS Xiaomi Redmi Buds 4 Active,Khang,2
tai-nghe-bluetooth-true-wireless-xiaomi-redmi-buds-4-active,Tai nghe TWS Xiaomi Redmi Buds 4 Active,Diễm,5
tai-nghe-bluetooth-true-wireless-xiaomi-redmi-buds-4-active,Tai nghe TWS Xiaomi Redmi Buds 4 Active,Phát,4
tai-nghe-bluetooth-true-wireless-realme-buds-t110?utm_flashsale=1,Tai nghe TWS realme Buds T110,Khánh,3
tai-nghe-bluetooth-true-wireless-realme-buds-t110?utm_flashsale=1,Tai nghe TWS realme Buds T110,Khánh,5
tai-nghe-tws-jbl-tour-pro-3,Tai nghe TWS JBL Tour Pro 3,Nguyên,3
tai-nghe-tws-jbl-tour-pro-3,Tai nghe TWS JBL Tour Pro 3,Hiếu,1
tai-nghe-bluetooth-soundpeats-capsule-3-pro,Tai nghe TWS Soundpeats Capsule 3 Pro,Lâm,1
tai-nghe-bluetooth-soundpeats-capsule-3-pro,Tai nghe TWS Soundpeats Capsule 3 Pro,Phú,2
tai-nghe-bluetooth-soundpeats-capsule-3-pro,Tai nghe TWS Soundpeats Capsule 3 Pro,Thái,5
tai-nghe-bluetooth-soundpeats-capsule-3-pro,Tai nghe TWS Soundpeats Capsule 3 Pro,Nguyên,3
tai-nghe-bluetooth-soundpeats-capsule-3-pro,Tai nghe TWS Soundpeats Capsule 3 Pro,Chiến,5
tai-nghe-bluetooth-soundpeats-capsule-3-pro,Tai nghe TWS Soundpeats Capsule 3 Pro,Tâm,1
tai-nghe-bluetooth-soundpeats-capsule-3-pro,Tai nghe TWS Soundpeats Capsule 3 Pro,Anh Tùng,3
tai-nghe-bluetooth-true-wireless-jbl-live-beam-3,Tai nghe TWS JBL Live Beam 3,Minh,3
tai-nghe-bluetooth-true-wireless-jbl-live-beam-3,Tai nghe TWS JBL Live Beam 3,Trung,5
tai-nghe-bluetooth-true-wireless-jbl-wave-beam,Tai nghe TWS JBL Wave Beam,Nhân,1
tai-nghe-bluetooth-true-wireless-jbl-wave-beam,Tai nghe TWS JBL Wave Beam,Hưng,4
tai-nghe-bluetooth-true-wireless-jbl-wave-beam,Tai nghe TWS JBL Wave Beam,Dũng,4
tai-nghe-bluetooth-true-wireless-jbl-wave-beam,Tai nghe TWS JBL Wave Beam,Kiệt,5
tai-nghe-bluetooth-true-wireless-havit-tw967,Tai nghe TWS Havit TW967,Thảo,5
tai-nghe-bluetooth-true-wireless-havit-tw967,Tai nghe TWS Havit TW967,Như,5
tai-nghe-bluetooth-true-wireless-havit-tw967,Tai nghe TWS Havit TW967,Duy,5
tai-nghe-bluetooth-true-wireless-havit-tw967,Tai nghe TWS Havit TW967,Huy,5
tai-nghe-bluetooth-true-wireless-havit-tw967,Tai nghe TWS Havit TW967,Quang,4
tai-nghe-bluetooth-true-wireless-havit-tw967,Tai nghe TWS Havit TW967,Minh,3
tai-nghe-bluetooth-true-wireless-havit-tw967,Tai nghe TWS Havit TW967,Hà,5
tai-nghe-bluetooth-true-wireless-havit-tw967,Tai nghe TWS Havit TW967,Thanh,4
tai-nghe-bluetooth-true-wireless-havit-tw967,Tai nghe TWS Havit TW967,Anh Việt,4
tai-nghe-bluetooth-tws-sounarc-q1-earbuds?utm_flashsale=1,Tai nghe TWS Sounarc Q1 Earbuds,Khánh,2
tai-nghe-bluetooth-true-wireless-sony-wf-c700n,Tai nghe TWS Sony WF-C700N,Minh,4
tai-nghe-bluetooth-true-wireless-sony-wf-c700n,Tai nghe TWS Sony WF-C700N,Phước,5
tai-nghe-bluetooth-true-wireless-sony-wf-c700n,Tai nghe TWS Sony WF-C700N,Thảo,3
tai-nghe-bluetooth-true-wireless-sony-wf-c700n,Tai nghe TWS Sony WF-C700N,Tâm,4
tai-nghe-bluetooth-true-wireless-sony-wf-c700n,Tai nghe TWS Sony WF-C700N,Sơn,5
tai-nghe-bluetooth-true-wireless-gaming-asus-rog-cetra-trang,Tai nghe TWS Gaming Asus Rog Cetra,Nguyên,5
tai-nghe-bluetooth-true-wireless-gaming-asus-rog-cetra-trang,Tai nghe TWS Gaming Asus Rog Cetra,Khôi,5
tai-nghe-bluetooth-true-wireless-gaming-asus-rog-cetra-trang,Tai nghe TWS Gaming Asus Rog Cetra,Phương,5
tai-nghe-bluetooth-true-wireless-gaming-asus-rog-cetra-trang,Tai nghe TWS Gaming Asus Rog Cetra,Anh Trung,4
tai-nghe-bluetooth-true-wireless-gaming-asus-rog-cetra,Tai nghe TWS Gaming Asus Rog Cetra,Minh,5
tai-nghe-bluetooth-true-wireless-gaming-asus-rog-cetra,Tai nghe TWS Gaming Asus Rog Cetra,Long,5
tai-nghe-bluetooth-true-wireless-gaming-asus-rog-cetra,Tai nghe TWS Gaming Asus Rog Cetra,Thành,4
tai-nghe-bluetooth-true-wireless-gaming-asus-rog-cetra,Tai nghe TWS Gaming Asus Rog Cetra,Đạt,5
tai-nghe-bluetooth-true-wireless-gaming-asus-rog-cetra,Tai nghe TWS Gaming Asus Rog Cetra,Tuấn,1
tai-nghe-bluetooth-true-wireless-gaming-asus-rog-cetra,Tai nghe TWS Gaming Asus Rog Cetra,Duyên,4
tai-nghe-bluetooth-true-wireless-gaming-asus-rog-cetra,Tai nghe TWS Gaming Asus Rog Cetra,Anh Quang,5
tai-nghe-bluetooth-true-wireless-gaming-asus-rog-cetra,Tai nghe TWS Gaming Asus Rog Cetra,Anh Nam,5
tai-nghe-bluetooth-true-wireless-gaming-asus-rog-cetra,Tai nghe TWS Gaming Asus Rog Cetra,Quân,3
tai-nghe-bluetooth-true-wireless-monster-mh22163-n-lite-203-airlinks,Tai nghe TWS Monster MH22163 N-Lite 203 AirLinks,Hà,5
tai-nghe-bluetooth-true-wireless-monster-mh22163-n-lite-203-airlinks,Tai nghe TWS Monster MH22163 N-Lite 203 AirLinks,Anh,5
tai-nghe-bluetooth-true-wireless-monster-mh22163-n-lite-203-airlinks,Tai nghe TWS Monster MH22163 N-Lite 203 AirLinks,Anh Cường,3
tai-nghe-bluetooth-true-wireless-ava-buds-life-rider-gt07,Tai nghe TWS AVA+ Buds Life Rider GT07,Bình,3
tai-nghe-bluetooth-true-wireless-ava-buds-life-rider-gt07,Tai nghe TWS AVA+ Buds Life Rider GT07,Hương,2
tai-nghe-bluetooth-true-wireless-ava-buds-life-rider-gt07,Tai nghe TWS AVA+ Buds Life Rider GT07,Ngọc,3
tai-nghe-bluetooth-true-wireless-ava-buds-life-rider-gt07,Tai nghe TWS AVA+ Buds Life Rider GT07,Anh Toàn,5
tai-nghe-bluetooth-true-wireless-ava-buds-life-rider-gt07,Tai nghe TWS AVA+ Buds Life Rider GT07,Anh Hùng,5
tai-nghe-bluetooth-true-wireless-ava-buds-life-rider-gt07,Tai nghe TWS AVA+ Buds Life Rider GT07,Cường,5
bluetooth-true-wireless-mozard-ts11-mini,Tai nghe TWS Mozard TS11 mini,Hoàng,5
bluetooth-true-wireless-mozard-ts11-mini,Tai nghe TWS Mozard TS11 mini,Phúc,3
bluetooth-true-wireless-mozard-ts11-mini,Tai nghe TWS Mozard TS11 mini,Anh Long,4
bluetooth-true-wireless-mozard-ts11-mini,Tai nghe TWS Mozard TS11 mini,Thiện,5
bluetooth-true-wireless-mozard-ts11-mini,Tai nghe TWS Mozard TS11 mini,Anh Duy,5
bluetooth-true-wireless-mozard-ts11-mini,Tai nghe TWS Mozard TS11 mini,Huy,4
bluetooth-true-wireless-mozard-ts11-mini,Tai nghe TWS Mozard TS11 mini,Anh Sơn,1
bluetooth-true-wireless-mozard-ts11-mini,Tai nghe TWS Mozard TS11 mini,Trung,5
bluetooth-true-wireless-mozard-ts11-mini,Tai nghe TWS Mozard TS11 mini,Quân,1
bluetooth-true-wireless-mozard-ts11-mini,Tai nghe TWS Mozard TS11 mini,Anh Hưng,5
bluetooth-true-wireless-mozard-ts11-mini,Tai nghe TWS Mozard TS11 mini,Hiếu,1
bluetooth-true-wireless-mozard-ts11-mini,Tai nghe TWS Mozard TS11 mini,Tùng,1
bluetooth-true-wireless-mozard-ts11-mini,Tai nghe TWS Mozard TS11 mini,Yến,4
bluetooth-true-wireless-mozard-ts11-mini,Tai nghe TWS Mozard TS11 mini,Huy,5
bluetooth-true-wireless-mozard-ts11-mini,Tai nghe TWS Mozard TS11 mini,Oanh,5
bluetooth-true-wireless-ava-ds200a-wb,Tai nghe Bluetooth True Wireless AVA+ DS200A-WB,Hoài,5
bluetooth-true-wireless-ava-ds200a-wb,Tai nghe Bluetooth True Wireless AVA+ DS200A-WB,Quý,2
bluetooth-true-wireless-ava-ds200a-wb,Tai nghe Bluetooth True Wireless AVA+ DS200A-WB,Hà,4
bluetooth-true-wireless-ava-ds200a-wb,Tai nghe Bluetooth True Wireless AVA+ DS200A-WB,Anh Thanh,4
bluetooth-true-wireless-ava-ds200a-wb,Tai nghe Bluetooth True Wireless AVA+ DS200A-WB,Khoa,4
bluetooth-true-wireless-ava-ds200a-wb,Tai nghe Bluetooth True Wireless AVA+ DS200A-WB,Lan,2
bluetooth-true-wireless-ava-ds200a-wb,Tai nghe Bluetooth True Wireless AVA+ DS200A-WB,Thanh,4
bluetooth-true-wireless-ava-ds200a-wb,Tai nghe Bluetooth True Wireless AVA+ DS200A-WB,Anh An,5
bluetooth-true-wireless-ava-ds200a-wb,Tai nghe Bluetooth True Wireless AVA+ DS200A-WB,Thảo,5
bluetooth-true-wireless-ava-ds200a-wb,Tai nghe Bluetooth True Wireless AVA+ DS200A-WB,Anh Hưng,2
bluetooth-true-wireless-ava-ds200a-wb,Tai nghe Bluetooth True Wireless AVA+ DS200A-WB,Huyền,3
bluetooth-true-wireless-ava-ds200a-wb,Tai nghe Bluetooth True Wireless AVA+ DS200A-WB,Hoa,4
bluetooth-true-wireless-ava-ds200a-wb,Tai nghe Bluetooth True Wireless AVA+ DS200A-WB,Cường,4
bluetooth-true-wireless-ava-ds200a-wb,Tai nghe Bluetooth True Wireless AVA+ DS200A-WB,Hạnh,5
bluetooth-true-wireless-ava-ds200a-wb,Tai nghe Bluetooth True Wireless AVA+ DS200A-WB,Anh Thái,4
bluetooth-true-wireless-ava-ds200a-wb,Tai nghe Bluetooth True Wireless AVA+ DS200A-WB,An,5
bluetooth-true-wireless-ava-ds200a-wb,Tai nghe Bluetooth True Wireless AVA+ DS200A-WB,Thúy,3
bluetooth-true-wireless-ava-ds200a-wb,Tai nghe Bluetooth True Wireless AVA+ DS200A-WB,Quỳnh,5
bluetooth-true-wireless-ava-ds200a-wb,Tai nghe Bluetooth True Wireless AVA+ DS200A-WB,Nghĩa,5
bluetooth-true-wireless-ava-ds200a-wb,Tai nghe Bluetooth True Wireless AVA+ DS200A-WB,Hiền,4
bluetooth-true-wireless-ava-ds200a-wb,Tai nghe Bluetooth True Wireless AVA+ DS200A-WB,Minh,4
bluetooth-true-wireless-ava-ds200a-wb,Tai nghe Bluetooth True Wireless AVA+ DS200A-WB,Anh Cường,5
bluetooth-true-wireless-ava-ds200a-wb,Tai nghe Bluetooth True Wireless AVA+ DS200A-WB,Anh Thái,2
bluetooth-true-wireless-ava-ds200a-wb,Tai nghe Bluetooth True Wireless AVA+ DS200A-WB,Anh Cường,2
bluetooth-true-wireless-ava-ds200a-wb,Tai nghe Bluetooth True Wireless AVA+ DS200A-WB,Hưng,5
bluetooth-true-wireless-ava-ds200a-wb,Tai nghe Bluetooth True Wireless AVA+ DS200A-WB,Anh Phúc,3
bluetooth-true-wireless-ava-ds200a-wb,Tai nghe Bluetooth True Wireless AVA+ DS200A-WB,Hà,5
bluetooth-true-wireless-ava-ds200a-wb,Tai nghe Bluetooth True Wireless AVA+ DS200A-WB,Hiếu,2
bluetooth-true-wireless-ava-ds200a-wb,Tai nghe Bluetooth True Wireless AVA+ DS200A-WB,Nga,3
bluetooth-true-wireless-ava-ds200a-wb,Tai nghe Bluetooth True Wireless AVA+ DS200A-WB,Anh Sơn,5
bluetooth-true-wireless-ava-ds200a-wb,Tai nghe Bluetooth True Wireless AVA+ DS200A-WB,Thủy,5
bluetooth-true-wireless-ava-ds200a-wb,Tai nghe Bluetooth True Wireless AVA+ DS200A-WB,Phương,4
bluetooth-true-wireless-ava-ds200a-wb,Tai nghe Bluetooth True Wireless AVA+ DS200A-WB,Trinh,5
bluetooth-true-wireless-ava-ds200a-wb,Tai nghe Bluetooth True Wireless AVA+ DS200A-WB,Thanh,5
bluetooth-true-wireless-ava-ds200a-wb,Tai nghe Bluetooth True Wireless AVA+ DS200A-WB,Tuấn,5
bluetooth-true-wireless-ava-ds200a-wb,Tai nghe Bluetooth True Wireless AVA+ DS200A-WB,Hiệp,5
bluetooth-true-wireless-ava-ds200a-wb,Tai nghe Bluetooth True Wireless AVA+ DS200A-WB,Mai,5
bluetooth-true-wireless-ava-ds200a-wb,Tai nghe Bluetooth True Wireless AVA+ DS200A-WB,Tâm,5
bluetooth-true-wireless-ava-ds200a-wb,Tai nghe Bluetooth True Wireless AVA+ DS200A-WB,Chị Nhung,3
bluetooth-true-wireless-ava-ds200a-wb,Tai nghe Bluetooth True Wireless AVA+ DS200A-WB,Anh Thành,4
bluetooth-true-wireless-ava-ds200a-wb,Tai nghe Bluetooth True Wireless AVA+ DS200A-WB,Chị Yến,4
bluetooth-true-wireless-ava-ds200a-wb,Tai nghe Bluetooth True Wireless AVA+ DS200A-WB,Hưng,3
tai-nghe-bluetooth-true-wireless-baseus-bowie-e11,Tai nghe TWS Baseus Bowie E11,Thành,1
tai-nghe-bluetooth-true-wireless-baseus-bowie-e11,Tai nghe TWS Baseus Bowie E11,Uyên,4
tai-nghe-bluetooth-true-wireless-baseus-bowie-e11,Tai nghe TWS Baseus Bowie E11,Hoàng,2
tai-nghe-bluetooth-true-wireless-baseus-bowie-e11,Tai nghe TWS Baseus Bowie E11,Tâm,4
tai-nghe-bluetooth-true-wireless-baseus-bowie-e11,Tai nghe TWS Baseus Bowie E11,Đức,4
tai-nghe-co-day-jbl-c200-siu,Tai nghe Dây JBL C200 SIU,Huy,1
tai-nghe-co-day-jbl-c200-siu,Tai nghe Dây JBL C200 SIU,Nhân,5
tai-nghe-co-day-jbl-c200-siu,Tai nghe Dây JBL C200 SIU,Vũ,5
tai-nghe-co-day-jbl-c200-siu,Tai nghe Dây JBL C200 SIU,Phú,1
tai-nghe-co-day-jbl-c200-siu,Tai nghe Dây JBL C200 SIU,Cường,5
tai-nghe-co-day-jbl-c200-siu,Tai nghe Dây JBL C200 SIU,Nam,2
tai-nghe-co-day-jbl-c200-siu,Tai nghe Dây JBL C200 SIU,Khoa,2
tai-nghe-co-day-jbl-c200-siu,Tai nghe Dây JBL C200 SIU,Anh Trung,5
tai-nghe-co-day-jbl-c200-siu,Tai nghe Dây JBL C200 SIU,Minh,5
tai-nghe-co-day-jbl-c200-siu,Tai nghe Dây JBL C200 SIU,Bảo,4
tai-nghe-co-day-jbl-c200-siu,Tai nghe Dây JBL C200 SIU,Lan,5
tai-nghe-co-day-jbl-c200-siu,Tai nghe Dây JBL C200 SIU,Tân,4
tai-nghe-co-day-jbl-c200-siu,Tai nghe Dây JBL C200 SIU,Nam,4
tai-nghe-co-day-jbl-c200-siu,Tai nghe Dây JBL C200 SIU,Hải,4
tai-nghe-co-day-jbl-c200-siu,Tai nghe Dây JBL C200 SIU,Phước,5
tai-nghe-co-day-jbl-c200-siu,Tai nghe Dây JBL C200 SIU,Anh Đạt,4
tai-nghe-co-day-jbl-c200-siu,Tai nghe Dây JBL C200 SIU,Trường,4
tai-nghe-co-day-ep-ava-pc-25?utm_flashsale=1,Tai nghe Dây AVA+ PC-25,Vinh,5
tai-nghe-co-day-ep-ava-pc-25?utm_flashsale=1,Tai nghe Dây AVA+ PC-25,Trung,4
tai-nghe-co-day-ep-ava-pc-25?utm_flashsale=1,Tai nghe Dây AVA+ PC-25,Uyên,2
tai-nghe-co-day-ep-ava-pc-25?utm_flashsale=1,Tai nghe Dây AVA+ PC-25,Thái,1
tai-nghe-co-day-ep-type-c-xiaomi,Tai nghe Dây Type C Xiaomi,Vương,5
tai-nghe-co-day-ep-type-c-xiaomi,Tai nghe Dây Type C Xiaomi,Thiện,5
tai-nghe-ep-type-c-ava-livebass-e2,Tai nghe Dây Type C AVA+ LiveBass E2,Hiếu,1
tai-nghe-earpods-cong-lightning-apple-mmtn2,Tai nghe Dây Apple MMTN2,Thuận,5
tai-nghe-earpods-cong-lightning-apple-mmtn2,Tai nghe Dây Apple MMTN2,Thành,2
tai-nghe-earpods-cong-lightning-apple-mmtn2,Tai nghe Dây Apple MMTN2,Tâm,5
tai-nghe-earpods-cong-lightning-apple-mmtn2,Tai nghe Dây Apple MMTN2,Phúc,5
tai-nghe-earpods-cong-lightning-apple-mmtn2,Tai nghe Dây Apple MMTN2,Thảo,5
tai-nghe-earpods-cong-lightning-apple-mmtn2,Tai nghe Dây Apple MMTN2,Anh Hùng,4
tai-nghe-earpods-cong-lightning-apple-mmtn2,Tai nghe Dây Apple MMTN2,Đức,5
tai-nghe-earpods-cong-lightning-apple-mmtn2,Tai nghe Dây Apple MMTN2,Sơn,5
tai-nghe-earpods-cong-lightning-apple-mmtn2,Tai nghe Dây Apple MMTN2,Luân,5
tai-nghe-earpods-cong-lightning-apple-mmtn2,Tai nghe Dây Apple MMTN2,Hương,5
tai-nghe-earpods-cong-lightning-apple-mmtn2,Tai nghe Dây Apple MMTN2,Nguyên,5
tai-nghe-earpods-cong-lightning-apple-mmtn2,Tai nghe Dây Apple MMTN2,Quý,4
tai-nghe-earpods-cong-lightning-apple-mmtn2,Tai nghe Dây Apple MMTN2,Thư,5
tai-nghe-earpods-cong-lightning-apple-mmtn2,Tai nghe Dây Apple MMTN2,Huyền,5
tai-nghe-earpods-cong-lightning-apple-mmtn2,Tai nghe Dây Apple MMTN2,Mai,5
tai-nghe-earpods-cong-lightning-apple-mmtn2,Tai nghe Dây Apple MMTN2,Anh Dũng,5
tai-nghe-earpods-cong-lightning-apple-mmtn2,Tai nghe Dây Apple MMTN2,Châu,5
tai-nghe-earpods-cong-lightning-apple-mmtn2,Tai nghe Dây Apple MMTN2,Tú,2
tai-nghe-earpods-cong-lightning-apple-mmtn2,Tai nghe Dây Apple MMTN2,Bình,4
tai-nghe-earpods-cong-lightning-apple-mmtn2,Tai nghe Dây Apple MMTN2,Yến,5
tai-nghe-earpods-cong-lightning-apple-mmtn2,Tai nghe Dây Apple MMTN2,Thịnh,5
tai-nghe-earpods-cong-lightning-apple-mmtn2,Tai nghe Dây Apple MMTN2,Hùng,5
tai-nghe-earpods-cong-lightning-apple-mmtn2,Tai nghe Dây Apple MMTN2,Tiến,5
tai-nghe-earpods-cong-lightning-apple-mmtn2,Tai nghe Dây Apple MMTN2,Minh,5
tai-nghe-earpods-cong-lightning-apple-mmtn2,Tai nghe Dây Apple MMTN2,Khang,1
tai-nghe-earpods-cong-lightning-apple-mmtn2,Tai nghe Dây Apple MMTN2,Dũng,5
tai-nghe-earpods-cong-lightning-apple-mmtn2,Tai nghe Dây Apple MMTN2,Anh Đạt,5
tai-nghe-earpods-cong-lightning-apple-mmtn2,Tai nghe Dây Apple MMTN2,Thu,4
tai-nghe-earpods-cong-lightning-apple-mmtn2,Tai nghe Dây Apple MMTN2,Đạt,1
tai-nghe-earpods-cong-lightning-apple-mmtn2,Tai nghe Dây Apple MMTN2,Mạnh,5
tai-nghe-earpods-cong-lightning-apple-mmtn2,Tai nghe Dây Apple MMTN2,Dung,5
tai-nghe-earpods-cong-lightning-apple-mmtn2,Tai nghe Dây Apple MMTN2,An,5
tai-nghe-earpods-cong-lightning-apple-mmtn2,Tai nghe Dây Apple MMTN2,Long,5
tai-nghe-earpods-cong-lightning-apple-mmtn2,Tai nghe Dây Apple MMTN2,Chị Nhi,4
tai-nghe-earpods-cong-lightning-apple-mmtn2,Tai nghe Dây Apple MMTN2,Chị Huyền,5
tai-nghe-earpods-cong-lightning-apple-mmtn2,Tai nghe Dây Apple MMTN2,Đạt,5
tai-nghe-earpods-cong-lightning-apple-mmtn2,Tai nghe Dây Apple MMTN2,Nghĩa,4
tai-nghe-earpods-cong-lightning-apple-mmtn2,Tai nghe Dây Apple MMTN2,Phương,5
tai-nghe-earpods-cong-lightning-apple-mmtn2,Tai nghe Dây Apple MMTN2,Hiệp,4
tai-nghe-co-day-apple-mtjy3,Tai nghe Dây Apple MTJY3,Hiệp,5
tai-nghe-co-day-apple-mtjy3,Tai nghe Dây Apple MTJY3,Trí,5
tai-nghe-co-day-apple-mtjy3,Tai nghe Dây Apple MTJY3,Sang,5
tai-nghe-co-day-apple-mtjy3,Tai nghe Dây Apple MTJY3,Chị Mai,4
tai-nghe-co-day-apple-mtjy3,Tai nghe Dây Apple MTJY3,Quỳnh,5
tai-nghe-co-day-apple-mtjy3,Tai nghe Dây Apple MTJY3,Phong,5
nhet-tai-samsung-ia500-den,Tai nghe Dây Samsung IA500,Long,5
nhet-tai-samsung-ia500-den,Tai nghe Dây Samsung IA500,Tú,5
nhet-tai-samsung-ia500-den,Tai nghe Dây Samsung IA500,Thành,5
nhet-tai-samsung-ia500-den,Tai nghe Dây Samsung IA500,Chị Thảo,4
nhet-tai-samsung-ia500-den,Tai nghe Dây Samsung IA500,Chị Nhung,3
nhet-tai-samsung-ia500-den,Tai nghe Dây Samsung IA500,Anh Quang,1
nhet-tai-samsung-ia500-den,Tai nghe Dây Samsung IA500,Anh Thanh,3
nhet-tai-samsung-ia500-den,Tai nghe Dây Samsung IA500,Hùng,5
nhet-tai-samsung-ia500-den,Tai nghe Dây Samsung IA500,Toàn,5
nhet-tai-samsung-ia500-den,Tai nghe Dây Samsung IA500,Khải,5
tai-nghe-ep-sony-mdr-ex15aplize,Tai nghe Dây Sony MDR-EX15AP,Khánh,5
tai-nghe-ep-sony-mdr-ex15aplize,Tai nghe Dây Sony MDR-EX15AP,Hà,3
tai-nghe-ep-sony-mdr-ex15aplize,Tai nghe Dây Sony MDR-EX15AP,Linh,4
tai-nghe-ep-sony-mdr-ex15aplize,Tai nghe Dây Sony MDR-EX15AP,Dũng,3
tai-nghe-ep-sony-mdr-ex15aplize,Tai nghe Dây Sony MDR-EX15AP,Trường,4
tai-nghe-ep-sony-mdr-ex15aplize,Tai nghe Dây Sony MDR-EX15AP,Thanh,5
tai-nghe-ep-sony-mdr-ex15aplize,Tai nghe Dây Sony MDR-EX15AP,Khoa,1
tai-nghe-ep-sony-mdr-ex15aplize,Tai nghe Dây Sony MDR-EX15AP,Lâm,5
tai-nghe-ep-sony-mdr-ex15aplize,Tai nghe Dây Sony MDR-EX15AP,Phong,5
tai-nghe-ep-sony-mdr-ex15aplize,Tai nghe Dây Sony MDR-EX15AP,Phú,5
tai-nghe-ep-sony-mdr-ex15aplize,Tai nghe Dây Sony MDR-EX15AP,Khánh,3
tai-nghe-ep-sony-mdr-ex15aplize,Tai nghe Dây Sony MDR-EX15AP,An,1
tai-nghe-ep-sony-mdr-ex15aplize,Tai nghe Dây Sony MDR-EX15AP,Bình,3
tai-nghe-co-day-ep-type-c-ava-livebass-s870?utm_flashsale=1,Tai nghe Dây Type C AVA+ LiveBass S870,Ngân,3
tai-nghe-co-day-ep-type-c-ava-livebass-s870?utm_flashsale=1,Tai nghe Dây Type C AVA+ LiveBass S870,An,3
tai-nghe-co-day-ep-type-c-ava-livebass-s870?utm_flashsale=1,Tai nghe Dây Type C AVA+ LiveBass S870,Tâm,3
tai-nghe-co-day-ep-type-c-ava-livebass-s870?utm_flashsale=1,Tai nghe Dây Type C AVA+ LiveBass S870,Hung,4
tai-nghe-co-day-ep-type-c-ava-livebass-s870?utm_flashsale=1,Tai nghe Dây Type C AVA+ LiveBass S870,Như,4
tai-nghe-co-day-ep-type-c-ava-livebass-s870?utm_flashsale=1,Tai nghe Dây Type C AVA+ LiveBass S870,Cường,5
tai-nghe-co-day-ep-type-c-ava-livebass-s870?utm_flashsale=1,Tai nghe Dây Type C AVA+ LiveBass S870,Loan,4
tai-nghe-co-day-ava-livebass-y232?utm_flashsale=1,Tai nghe Dây AVA+ LiveBass Y232,Tuyền,1
tai-nghe-co-day-ava-livebass-y232?utm_flashsale=1,Tai nghe Dây AVA+ LiveBass Y232,Cường,3
tai-nghe-co-day-ava-livebass-y232?utm_flashsale=1,Tai nghe Dây AVA+ LiveBass Y232,Tuấn,4
tai-nghe-co-day-ava-livebass-y232?utm_flashsale=1,Tai nghe Dây AVA+ LiveBass Y232,Anh Hiếu,5
tai-nghe-co-day-ava-livebass-y232?utm_flashsale=1,Tai nghe Dây AVA+ LiveBass Y232,Huy,5
tai-nghe-co-day-ava-livebass-y232?utm_flashsale=1,Tai nghe Dây AVA+ LiveBass Y232,Anh Thắng,5
tai-nghe-co-day-ava-livebass-y232?utm_flashsale=1,Tai nghe Dây AVA+ LiveBass Y232,Dương,2
tai-nghe-co-day-ava-livebass-y232?utm_flashsale=1,Tai nghe Dây AVA+ LiveBass Y232,Loan,5
tai-nghe-co-day-ava-livebass-y232?utm_flashsale=1,Tai nghe Dây AVA+ LiveBass Y232,Ngọc,3
tai-nghe-co-day-ava-livebass-y232?utm_flashsale=1,Tai nghe Dây AVA+ LiveBass Y232,Trung,5
tai-nghe-co-day-ava-livebass-y232?utm_flashsale=1,Tai nghe Dây AVA+ LiveBass Y232,Phúc,5
tai-nghe-co-day-ava-livebass-y232?utm_flashsale=1,Tai nghe Dây AVA+ LiveBass Y232,Ngân,4
tai-nghe-co-day-ava-livebass-y232?utm_flashsale=1,Tai nghe Dây AVA+ LiveBass Y232,Trang,5
tai-nghe-co-day-ava-livebass-y231?utm_flashsale=1,Tai nghe Dây AVA+ LiveBass Y231,An,5
tai-nghe-co-day-ava-livebass-y231?utm_flashsale=1,Tai nghe Dây AVA+ LiveBass Y231,Nam,1
tai-nghe-co-day-ava-livebass-y231?utm_flashsale=1,Tai nghe Dây AVA+ LiveBass Y231,Trí,5
tai-nghe-co-day-ava-livebass-y231?utm_flashsale=1,Tai nghe Dây AVA+ LiveBass Y231,Nam,2
tai-nghe-co-day-ava-livebass-y231?utm_flashsale=1,Tai nghe Dây AVA+ LiveBass Y231,Minh,5
tai-nghe-co-day-ava-livebass-y231?utm_flashsale=1,Tai nghe Dây AVA+ LiveBass Y231,Anh Huy,5
tai-nghe-co-day-ava-livebass-y231?utm_flashsale=1,Tai nghe Dây AVA+ LiveBass Y231,Tuấn,5
tai-nghe-co-day-ava-livebass-y231?utm_flashsale=1,Tai nghe Dây AVA+ LiveBass Y231,Vinh,4
tai-nghe-co-day-ava-livebass-y231?utm_flashsale=1,Tai nghe Dây AVA+ LiveBass Y231,Ngọc,3
tai-nghe-co-day-ava-livebass-y231?utm_flashsale=1,Tai nghe Dây AVA+ LiveBass Y231,Anh Sơn,4
tai-nghe-co-day-ava-livebass-y231?utm_flashsale=1,Tai nghe Dây AVA+ LiveBass Y231,Hương,5
tai-nghe-co-day-ava-livebass-y231?utm_flashsale=1,Tai nghe Dây AVA+ LiveBass Y231,Châu,5
tai-nghe-co-day-ava-livebass-s1019?utm_flashsale=1,Tai nghe Dây AVA+ LiveBass S1019,Phượng,5
tai-nghe-nhet-tai-ep-sony-mdr-ex155ap,Tai nghe Dây Sony MDR-EX155AP,Tài,5
tai-nghe-nhet-tai-ep-sony-mdr-ex155ap,Tai nghe Dây Sony MDR-EX155AP,Anh Đức,4
tai-nghe-nhet-tai-ep-sony-mdr-ex155ap,Tai nghe Dây Sony MDR-EX155AP,Vinh,4
tai-nghe-nhet-tai-ep-sony-mdr-ex155ap,Tai nghe Dây Sony MDR-EX155AP,Lộc,5
tai-nghe-nhet-tai-ep-sony-mdr-ex155ap,Tai nghe Dây Sony MDR-EX155AP,Dương,4
tai-nghe-nhet-tai-ep-sony-mdr-ex155ap,Tai nghe Dây Sony MDR-EX155AP,Dũng,4
tai-nghe-nhet-tai-ep-sony-mdr-ex155ap,Tai nghe Dây Sony MDR-EX155AP,Thành,4
tai-nghe-nhet-tai-ep-sony-mdr-ex155ap,Tai nghe Dây Sony MDR-EX155AP,Phát,5
tai-nghe-co-day-ava-livebass-s1018?utm_flashsale=1,Tai nghe Dây AVA+ LiveBass S1018,Vinh,5
tai-nghe-co-day-ava-livebass-s1018?utm_flashsale=1,Tai nghe Dây AVA+ LiveBass S1018,Bảo,2
tai-nghe-co-day-ava-livebass-s1018?utm_flashsale=1,Tai nghe Dây AVA+ LiveBass S1018,Linh,2
tai-nghe-co-day-ava-livebass-s1018?utm_flashsale=1,Tai nghe Dây AVA+ LiveBass S1018,Mạnh,2
tai-nghe-co-day-ava-livebass-s1018?utm_flashsale=1,Tai nghe Dây AVA+ LiveBass S1018,Minh,1
tai-nghe-co-day-hp-hyperx-cloud-earbuds-ii,Tai nghe Dây Gaming HP HyperX Cloud Earbuds II,Tú,5
ep-gaming-asus-rog-cetra-ii-core-den,Tai nghe Dây Gaming Asus Rog Cetra II Core,Nga,5
ep-gaming-asus-rog-cetra-ii-core-den,Tai nghe Dây Gaming Asus Rog Cetra II Core,Anh Tuấn,5
ep-gaming-asus-rog-cetra-ii-core-den,Tai nghe Dây Gaming Asus Rog Cetra II Core,Tuấn Anh,1
repeater-mo-rong-song-wifi-chuan-n-xiaomi-pro-ce-r03-den,Repeater mở rộng sóng Wifi Chuẩn N Xiaomi Pro CE R03,Hoàng,2
repeater-mo-rong-song-wifi-chuan-n-xiaomi-pro-ce-r03-den,Repeater mở rộng sóng Wifi Chuẩn N Xiaomi Pro CE R03,Dũng,5
repeater-mo-rong-song-wifi-chuan-n-xiaomi-pro-ce-r03-den,Repeater mở rộng sóng Wifi Chuẩn N Xiaomi Pro CE R03,Nam,1
repeater-mo-rong-song-wifi-chuan-n-xiaomi-pro-ce-r03-den,Repeater mở rộng sóng Wifi Chuẩn N Xiaomi Pro CE R03,Dương,4
repeater-mo-rong-song-wifi-chuan-n-xiaomi-pro-ce-r03-den,Repeater mở rộng sóng Wifi Chuẩn N Xiaomi Pro CE R03,Giang,4
repeater-mo-rong-song-wifi-chuan-n-xiaomi-pro-ce-r03-den,Repeater mở rộng sóng Wifi Chuẩn N Xiaomi Pro CE R03,Đạt,3
usb-wifi-300-mbps-tp-link-tl-wn823n-den,USB Wifi 300Mbps TP-Link TL-WN823N,Thiện,2
usb-wifi-300-mbps-tp-link-tl-wn823n-den,USB Wifi 300Mbps TP-Link TL-WN823N,Minh,5
usb-wifi-300-mbps-tp-link-tl-wn823n-den,USB Wifi 300Mbps TP-Link TL-WN823N,Anh Đức,5
usb-wifi-300-mbps-tp-link-tl-wn823n-den,USB Wifi 300Mbps TP-Link TL-WN823N,Mạnh,4
usb-wifi-300-mbps-tp-link-tl-wn823n-den,USB Wifi 300Mbps TP-Link TL-WN823N,Anh Thắng,5
usb-wifi-300-mbps-tp-link-tl-wn823n-den,USB Wifi 300Mbps TP-Link TL-WN823N,Anh Tiến,1
usb-wifi-300-mbps-tp-link-tl-wn823n-den,USB Wifi 300Mbps TP-Link TL-WN823N,Hà,4
bo-phat-wifi-di-dong-4g-lte-286mbps-tenda-4g180-v4,Bộ phát Wifi di động 4G LTE 286Mbps Tenda 4G180-V4,Long,4
bo-phat-wifi-di-dong-4g-lte-286mbps-tenda-4g180-v4,Bộ phát Wifi di động 4G LTE 286Mbps Tenda 4G180-V4,Dũng,5
usb-wifi-chuan-ac600-bluetooth-4-2-tp-link-archer-t2ub-nano,USB Wifi Chuẩn AC600 Bluetooth 4.2 TP-Link Archer T2UB Nano,Long,1
usb-wifi-chuan-ac600-bluetooth-4-2-tp-link-archer-t2ub-nano,USB Wifi Chuẩn AC600 Bluetooth 4.2 TP-Link Archer T2UB Nano,Anh Minh,5
usb-wifi-chuan-ac600-bluetooth-4-2-tp-link-archer-t2ub-nano,USB Wifi Chuẩn AC600 Bluetooth 4.2 TP-Link Archer T2UB Nano,Chị Thảo,5
usb-wifi-chuan-ac600-bluetooth-4-2-tp-link-archer-t2ub-nano,USB Wifi Chuẩn AC600 Bluetooth 4.2 TP-Link Archer T2UB Nano,Cường,5
usb-wifi-ac650-mercusys-mu6h-den,USB Wifi AC650 Mercusys MU6H,Hoàng,5
usb-wifi-ac650-mercusys-mu6h-den,USB Wifi AC650 Mercusys MU6H,Phát,2
usb-wifi-ac650-mercusys-mu6h-den,USB Wifi AC650 Mercusys MU6H,Khánh,5
usb-wifi-ac650-mercusys-mu6h-den,USB Wifi AC650 Mercusys MU6H,Phương,5
bo-phat-wifi-di-dong-4g-lte-150mbps-tenda-4g180,Bộ phát Wifi di động 4G LTE 150Mbps Tenda 4G180,Anh Tuấn,5
bo-phat-wifi-di-dong-4g-lte-150mbps-tenda-4g180,Bộ phát Wifi di động 4G LTE 150Mbps Tenda 4G180,Khoa,5
bo-phat-wifi-di-dong-4g-lte-150mbps-tenda-4g180,Bộ phát Wifi di động 4G LTE 150Mbps Tenda 4G180,Phương,5
router-wifi-chuan-ac1200-xiaomi-4a-trang,Router Wifi Chuẩn AC1200 Xiaomi 4A,Trung,3
router-wifi-chuan-ac1200-xiaomi-4a-trang,Router Wifi Chuẩn AC1200 Xiaomi 4A,Tâm,1
router-wifi-chuan-ac1200-xiaomi-4a-trang,Router Wifi Chuẩn AC1200 Xiaomi 4A,Thanh,3
router-wifi-chuan-ac1200-xiaomi-4a-trang,Router Wifi Chuẩn AC1200 Xiaomi 4A,Anh Duy,5
router-wifi-chuan-ac1200-xiaomi-4a-trang,Router Wifi Chuẩn AC1200 Xiaomi 4A,Anh Huy,4
router-wifi-chuan-ac1200-xiaomi-4a-trang,Router Wifi Chuẩn AC1200 Xiaomi 4A,Công,5
router-wifi-chuan-ac1200-xiaomi-4a-trang,Router Wifi Chuẩn AC1200 Xiaomi 4A,Anh Tuấn,1
router-wifi-chuan-ac1200-xiaomi-4a-trang,Router Wifi Chuẩn AC1200 Xiaomi 4A,Bảo,2
router-wifi-chuan-ac1200-xiaomi-4a-trang,Router Wifi Chuẩn AC1200 Xiaomi 4A,Anh Duy,4
router-wifi-chuan-ac1200-xiaomi-4a-trang,Router Wifi Chuẩn AC1200 Xiaomi 4A,Khoa,4
bo-phat-wifi-di-dong-4g-lte-150mbps-tp-link-m7000,Bộ phát Wifi di động 4G LTE 300Mbps TP-Link M7000,Vy,4
repeater-wifi-ac220v-tp-link-tl-wa850re-trang,Repeater mở rộng sóng Wifi Chuẩn N TP-Link TL-WA850RE,Tâm,4
repeater-wifi-ac220v-tp-link-tl-wa850re-trang,Repeater mở rộng sóng Wifi Chuẩn N TP-Link TL-WA850RE,Anh Cường,4
repeater-wifi-ac220v-tp-link-tl-wa850re-trang,Repeater mở rộng sóng Wifi Chuẩn N TP-Link TL-WA850RE,Vũ,2
repeater-wifi-ac220v-tp-link-tl-wa850re-trang,Repeater mở rộng sóng Wifi Chuẩn N TP-Link TL-WA850RE,Trung,5
repeater-wifi-ac220v-tp-link-tl-wa850re-trang,Repeater mở rộng sóng Wifi Chuẩn N TP-Link TL-WA850RE,Nguyên,5
repeater-wifi-ac220v-tp-link-tl-wa850re-trang,Repeater mở rộng sóng Wifi Chuẩn N TP-Link TL-WA850RE,Minh,5
repeater-wifi-ac220v-tp-link-tl-wa850re-trang,Repeater mở rộng sóng Wifi Chuẩn N TP-Link TL-WA850RE,Hạnh,5
repeater-wifi-ac220v-tp-link-tl-wa850re-trang,Repeater mở rộng sóng Wifi Chuẩn N TP-Link TL-WA850RE,Anh Hiếu,4
repeater-wifi-ac220v-tp-link-tl-wa850re-trang,Repeater mở rộng sóng Wifi Chuẩn N TP-Link TL-WA850RE,Tuấn,5
repeater-wifi-ac220v-tp-link-tl-wa850re-trang,Repeater mở rộng sóng Wifi Chuẩn N TP-Link TL-WA850RE,Thanh,4
repeater-wifi-ac220v-tp-link-tl-wa850re-trang,Repeater mở rộng sóng Wifi Chuẩn N TP-Link TL-WA850RE,Chị Linh,4
repeater-wifi-ac220v-tp-link-tl-wa850re-trang,Repeater mở rộng sóng Wifi Chuẩn N TP-Link TL-WA850RE,Anh Dũng,5
repeater-wifi-ac220v-tp-link-tl-wa850re-trang,Repeater mở rộng sóng Wifi Chuẩn N TP-Link TL-WA850RE,Quang,3
router-wifi-chuan-ac1200-tp-link-archer-c54,Router Wifi Chuẩn AC1200 TP-Link Archer C54,Tú,5
router-wifi-chuan-ac1200-tp-link-archer-c54,Router Wifi Chuẩn AC1200 TP-Link Archer C54,Nam,4
router-wifi-chuan-ac1200-tp-link-archer-c54,Router Wifi Chuẩn AC1200 TP-Link Archer C54,Hoàng,3
router-wifi-chuan-ac1200-tp-link-archer-c54,Router Wifi Chuẩn AC1200 TP-Link Archer C54,Mạnh,2
router-wifi-chuan-ac1200-tp-link-archer-c54,Router Wifi Chuẩn AC1200 TP-Link Archer C54,Anh Thanh,4
router-wifi-chuan-ac1200-tp-link-archer-c54,Router Wifi Chuẩn AC1200 TP-Link Archer C54,Anh Vinh,3
router-wifi-chuan-ac1200-tp-link-archer-c54,Router Wifi Chuẩn AC1200 TP-Link Archer C54,Đạt,5
router-wifi-chuan-ac1200-tp-link-archer-c54,Router Wifi Chuẩn AC1200 TP-Link Archer C54,Anh Tâm,5
router-wifi-chuan-ac1200-tp-link-archer-c54,Router Wifi Chuẩn AC1200 TP-Link Archer C54,Thành,3
router-wifi-chuan-ac1200-tp-link-archer-c54,Router Wifi Chuẩn AC1200 TP-Link Archer C54,Cường,5
router-wifi-chuan-ac1200-tp-link-archer-c54,Router Wifi Chuẩn AC1200 TP-Link Archer C54,Khoa,5
router-wifi-chuan-ac1200-tp-link-archer-c54,Router Wifi Chuẩn AC1200 TP-Link Archer C54,Trường,5
bo-phat-wifi-di-dong-4g-lte-tp-link-m7350-den,Bộ phát Wifi di động 4G LTE 150Mbps TP-Link M7350,Tuấn Anh,5
bo-phat-wifi-di-dong-4g-lte-tp-link-m7350-den,Bộ phát Wifi di động 4G LTE 150Mbps TP-Link M7350,Nam,5
bo-phat-wifi-di-dong-4g-lte-tp-link-m7350-den,Bộ phát Wifi di động 4G LTE 150Mbps TP-Link M7350,Sơn,3
bo-phat-wifi-di-dong-4g-lte-tp-link-m7350-den,Bộ phát Wifi di động 4G LTE 150Mbps TP-Link M7350,Anh Phúc,2
bo-phat-wifi-di-dong-4g-lte-tp-link-m7350-den,Bộ phát Wifi di động 4G LTE 150Mbps TP-Link M7350,Hùng,4
bo-phat-wifi-di-dong-4g-lte-tp-link-m7350-den,Bộ phát Wifi di động 4G LTE 150Mbps TP-Link M7350,Anh Hải,2
bo-phat-wifi-di-dong-4g-lte-tp-link-m7350-den,Bộ phát Wifi di động 4G LTE 150Mbps TP-Link M7350,Hiếu,4
bo-phat-wifi-di-dong-4g-lte-tp-link-m7350-den,Bộ phát Wifi di động 4G LTE 150Mbps TP-Link M7350,Thiện,4
bo-phat-wifi-di-dong-4g-lte-tp-link-m7350-den,Bộ phát Wifi di động 4G LTE 150Mbps TP-Link M7350,Duy,5
bo-phat-wifi-di-dong-4g-lte-tp-link-m7350-den,Bộ phát Wifi di động 4G LTE 150Mbps TP-Link M7350,Anh Sơn,4
bo-phat-wifi-di-dong-4g-lte-tp-link-m7350-den,Bộ phát Wifi di động 4G LTE 150Mbps TP-Link M7350,Linh,4
bo-phat-wifi-di-dong-4g-lte-300mbps-totolink-lr350,Bộ phát Wifi di động 4G LTE 300Mbps Totolink LR350,Hiền,5
bo-phat-wifi-4g-300-mbps-tp-link-tl-mr100,Bộ phát Wifi 4G 300 Mbps TP-Link TL-MR100,Thảo,1
bo-phat-wifi-4g-300-mbps-tp-link-tl-mr100,Bộ phát Wifi 4G 300 Mbps TP-Link TL-MR100,Cường,1
bo-phat-wifi-4g-300-mbps-tp-link-tl-mr100,Bộ phát Wifi 4G 300 Mbps TP-Link TL-MR100,Dũng,4
router-wifi-chuan-ac1200-totolink-a720r,Router Wifi Chuẩn AC1200 Totolink A720R,Hậu,1
router-wifi-chuan-ac1200-totolink-a720r,Router Wifi Chuẩn AC1200 Totolink A720R,Nam,5
router-wifi-chuan-ac1200-totolink-a720r,Router Wifi Chuẩn AC1200 Totolink A720R,Vũ,3
bo-mo-rong-song-wifi-ac1200-mercusys-ac1200-trang,Repeater mở rộng sóng Wifi AC1200 Mercusys ME30,Dương,5
bo-mo-rong-song-wifi-ac1200-mercusys-ac1200-trang,Repeater mở rộng sóng Wifi AC1200 Mercusys ME30,Anh Thành,1
bo-mo-rong-song-wifi-ac1200-mercusys-ac1200-trang,Repeater mở rộng sóng Wifi AC1200 Mercusys ME30,Anh Lộc,2
bo-mo-rong-song-wifi-ac1200-mercusys-ac1200-trang,Repeater mở rộng sóng Wifi AC1200 Mercusys ME30,Duy,4
bo-mo-rong-song-wifi-ac1200-mercusys-ac1200-trang,Repeater mở rộng sóng Wifi AC1200 Mercusys ME30,Anh Trường,5
bo-mo-rong-song-wifi-ac1200-mercusys-ac1200-trang,Repeater mở rộng sóng Wifi AC1200 Mercusys ME30,Anh Hải,5
bo-mo-rong-song-wifi-ac220v-totolink-ex200-trang,Repeater mở rộng sóng Wifi 300Mbps Totolink EX200 Trắng,Quân,2
usb-wifi-bang-tan-kep-ac650-tenda-u10,USB WiFi băng tần kép AC650 Tenda U10,Thái,2
usb-wifi-bang-tan-kep-ac650-tenda-u10,USB WiFi băng tần kép AC650 Tenda U10,Anh Long,4
usb-wifi-ac1200-asus-ac53-nano,USB Wifi AC1200 Asus AC53 Nano,Tâm,1
usb-wifi-ac1200-asus-ac53-nano,USB Wifi AC1200 Asus AC53 Nano,Cường,1
usb-wifi-ac1200-asus-ac53-nano,USB Wifi AC1200 Asus AC53 Nano,Sơn,1
usb-wifi-ac1200-asus-ac53-nano,USB Wifi AC1200 Asus AC53 Nano,Vinh,5
usb-wifi-ac1200-asus-ac53-nano,USB Wifi AC1200 Asus AC53 Nano,An,5
usb-wifi-ac1200-asus-ac53-nano,USB Wifi AC1200 Asus AC53 Nano,Cường,5
usb-wifi-ac1200-asus-ac53-nano,USB Wifi AC1200 Asus AC53 Nano,Danh,3
usb-wifi-ac1200-asus-ac53-nano,USB Wifi AC1200 Asus AC53 Nano,Hoàng,5
usb-wifi-ac1200-asus-ac53-nano,USB Wifi AC1200 Asus AC53 Nano,Long,1
usb-wifi-ac1200-asus-ac53-nano,USB Wifi AC1200 Asus AC53 Nano,Tiến,2
usb-wifi-ac1200-asus-ac53-nano,USB Wifi AC1200 Asus AC53 Nano,Nam,5
router-chuan-wifi-6-ax1500-tp-link-archer-ax10,Router Wifi Chuẩn Wifi 6 AX1500 TP-Link Archer AX10,Giang,5
router-chuan-wifi-6-ax1500-tp-link-archer-ax10,Router Wifi Chuẩn Wifi 6 AX1500 TP-Link Archer AX10,Công,4
router-chuan-wifi-6-ax1500-tp-link-archer-ax10,Router Wifi Chuẩn Wifi 6 AX1500 TP-Link Archer AX10,Thành,1
router-chuan-wifi-6-ax1500-tp-link-archer-ax10,Router Wifi Chuẩn Wifi 6 AX1500 TP-Link Archer AX10,Minh,5
router-chuan-wifi-6-ax1500-tp-link-archer-ax10,Router Wifi Chuẩn Wifi 6 AX1500 TP-Link Archer AX10,Anh Cường,4
router-wifi-chuan-ac1200-tp-link-archer-c64-gigabit,Router Wifi Chuẩn AC1200 TP-Link Archer C64 Gigabit,Tân,1
router-wifi-chuan-ac1200-tp-link-archer-c64-gigabit,Router Wifi Chuẩn AC1200 TP-Link Archer C64 Gigabit,Huy,4
router-wifi-chuan-ac1200-tp-link-archer-c64-gigabit,Router Wifi Chuẩn AC1200 TP-Link Archer C64 Gigabit,Toàn,5
router-wifi-chuan-ac1200-tp-link-archer-c64-gigabit,Router Wifi Chuẩn AC1200 TP-Link Archer C64 Gigabit,Minh,5
router-wifi-chuan-n-mercusys-mw305r-trang,Router Wifi Chuẩn N Mercusys MW305R,Việt,5
router-wifi-chuan-n-mercusys-mw305r-trang,Router Wifi Chuẩn N Mercusys MW305R,Phúc,2
router-wifi-chuan-n-mercusys-mw305r-trang,Router Wifi Chuẩn N Mercusys MW305R,Chị Hiền,3
router-wifi-chuan-n-mercusys-mw305r-trang,Router Wifi Chuẩn N Mercusys MW305R,Duy,4
router-wifi-chuan-n-mercusys-mw305r-trang,Router Wifi Chuẩn N Mercusys MW305R,Khánh,5
router-wifi-chuan-n-mercusys-mw305r-trang,Router Wifi Chuẩn N Mercusys MW305R,Phương,5
tui-chong-soc-laptop-156-inch-togo-mem?utm_flashsale=1,Túi chống sốc Laptop 15.6 inch Togo vải mềm,Anh Trung,4
tui-chong-soc-laptop-156-inch-togo-mem?utm_flashsale=1,Túi chống sốc Laptop 15.6 inch Togo vải mềm,Đức,5
tui-chong-soc-laptop-156-inch-togo-mem?utm_flashsale=1,Túi chống sốc Laptop 15.6 inch Togo vải mềm,Thiện,5
tui-chong-soc-laptop-156-inch-togo-mem?utm_flashsale=1,Túi chống sốc Laptop 15.6 inch Togo vải mềm,Dung,5
tui-chong-soc-laptop-156-inch-togo-mem?utm_flashsale=1,Túi chống sốc Laptop 15.6 inch Togo vải mềm,Phong,3
tui-chong-soc-laptop-156-inch-togo-mem?utm_flashsale=1,Túi chống sốc Laptop 15.6 inch Togo vải mềm,Chị Hằng,5
tui-chong-soc-laptop-156-inch-togo-mem?utm_flashsale=1,Túi chống sốc Laptop 15.6 inch Togo vải mềm,Việt,4
tui-chong-soc-laptop-156-inch-togo-mem?utm_flashsale=1,Túi chống sốc Laptop 15.6 inch Togo vải mềm,Đạt,5
tui-chong-soc-laptop-156-inch-togo-cung?utm_flashsale=1,Túi chống sốc Laptop 15.6 inch Togo vải cứng,Hiếu,3
tui-chong-soc-laptop-156-inch-togo-cung?utm_flashsale=1,Túi chống sốc Laptop 15.6 inch Togo vải cứng,Hùng,4
tui-chong-soc-laptop-156-inch-togo-cung?utm_flashsale=1,Túi chống sốc Laptop 15.6 inch Togo vải cứng,Dũng,5
balo-laptop-tomtoc-slash-flip-16-inch-t64m1d1-a64e1d1,Balo Laptop 16 inch Tomtoc Slash Flip T64M1D1/A64E1D1,Thanh,3
balo-laptop-16-inch-togo-tgb2?utm_flashsale=1,Balo Laptop 16 inch Togo TGB02,Chị Phương,5
balo-laptop-16-inch-togo-tgb2?utm_flashsale=1,Balo Laptop 16 inch Togo TGB02,Phước,4
balo-laptop-16-inch-togo-tgb2?utm_flashsale=1,Balo Laptop 16 inch Togo TGB02,Chị Nhi,2
balo-laptop-16-inch-togo-tgb2?utm_flashsale=1,Balo Laptop 16 inch Togo TGB02,Duy,5
balo-laptop-16-inch-togo-tgb2?utm_flashsale=1,Balo Laptop 16 inch Togo TGB02,Trung,5
balo-laptop-16-inch-togo-tgb2?utm_flashsale=1,Balo Laptop 16 inch Togo TGB02,Bình,4
balo-laptop-16-inch-togo-tgb2?utm_flashsale=1,Balo Laptop 16 inch Togo TGB02,Chị Phượng,4
balo-laptop-16-inch-togo-tgb2?utm_flashsale=1,Balo Laptop 16 inch Togo TGB02,Minh,5
tui-chong-soc-14-inch-targus-citygear-tss931gl-80,Túi chống sốc Laptop 14 inch Targus CityGear TSS931GL-80 Đen,Anh Thanh,5
tui-chong-soc-14-inch-targus-citygear-tss931gl-80,Túi chống sốc Laptop 14 inch Targus CityGear TSS931GL-80 Đen,Anh Trung,1
tui-chong-soc-14-inch-targus-citygear-tss931gl-80,Túi chống sốc Laptop 14 inch Targus CityGear TSS931GL-80 Đen,Hân,5
balo-laptop-156-inch-targus-intellect-tbb565gl-74?utm_flashsale=1,Balo Laptop 15.6 inch Targus Intellect TBB565GL-74,Đức,5
balo-laptop-156-inch-targus-intellect-tbb565gl-74?utm_flashsale=1,Balo Laptop 15.6 inch Targus Intellect TBB565GL-74,Anh Tiến,5
balo-laptop-156-inch-targus-intellect-tbb565gl-74?utm_flashsale=1,Balo Laptop 15.6 inch Targus Intellect TBB565GL-74,Hoài,3
tui-chong-soc-laptop-14-inch-togo-mem?utm_flashsale=1,Túi chống sốc Laptop 14 inch Togo vải mềm,Thắng,5
tui-chong-soc-laptop-14-inch-togo-mem?utm_flashsale=1,Túi chống sốc Laptop 14 inch Togo vải mềm,Châu,5
tui-chong-soc-laptop-14-inch-togo-mem?utm_flashsale=1,Túi chống sốc Laptop 14 inch Togo vải mềm,Dương,5
tui-chong-soc-laptop-14-inch-togo-mem?utm_flashsale=1,Túi chống sốc Laptop 14 inch Togo vải mềm,Chị Linh,5
tui-chong-soc-laptop-14-inch-togo-mem?utm_flashsale=1,Túi chống sốc Laptop 14 inch Togo vải mềm,Nghĩa,5
tui-chong-soc-laptop-14-inch-togo-mem?utm_flashsale=1,Túi chống sốc Laptop 14 inch Togo vải mềm,Lộc,5
balo-laptop-156-inch-targus-safire-tsb883-72?utm_flashsale=1,Balo Laptop 15.6 inch Targus Safire TSB883-72,Anh Nam,5
balo-laptop-156-inch-targus-safire-tsb883-72?utm_flashsale=1,Balo Laptop 15.6 inch Targus Safire TSB883-72,Trang,5
balo-laptop-156-inch-targus-safire-tsb883-72?utm_flashsale=1,Balo Laptop 15.6 inch Targus Safire TSB883-72,Phương,4
balo-laptop-156-inch-targus-safire-tsb883-72?utm_flashsale=1,Balo Laptop 15.6 inch Targus Safire TSB883-72,Tú,5
balo-laptop-156-inch-targus-safire-tsb883-72?utm_flashsale=1,Balo Laptop 15.6 inch Targus Safire TSB883-72,Trung,5
tui-chong-soc-laptop-15-6-inch-togo-keo-ngang?utm_flashsale=1,Túi chống sốc Laptop 15.6 inch Togo kéo ngang,Minh,4
tui-chong-soc-laptop-15-6-inch-togo-keo-ngang?utm_flashsale=1,Túi chống sốc Laptop 15.6 inch Togo kéo ngang,Lộc,4
tui-chong-soc-laptop-15-6-inch-togo-keo-ngang?utm_flashsale=1,Túi chống sốc Laptop 15.6 inch Togo kéo ngang,Anh Bình,4
tui-chong-soc-laptop-15-6-inch-togo-keo-ngang?utm_flashsale=1,Túi chống sốc Laptop 15.6 inch Togo kéo ngang,Ngọc,5
tui-chong-soc-laptop-15-6-inch-togo-keo-ngang?utm_flashsale=1,Túi chống sốc Laptop 15.6 inch Togo kéo ngang,Dung,4
tui-chong-soc-laptop-15-6-inch-togo-keo-ngang?utm_flashsale=1,Túi chống sốc Laptop 15.6 inch Togo kéo ngang,Minh,5
tui-chong-soc-laptop-15-6-inch-togo-keo-ngang?utm_flashsale=1,Túi chống sốc Laptop 15.6 inch Togo kéo ngang,Tú,5
tui-chong-soc-laptop-15-6-inch-togo-keo-ngang?utm_flashsale=1,Túi chống sốc Laptop 15.6 inch Togo kéo ngang,Huy,5
tui-chong-soc-laptop-14-inch-togo-keo-ngang?utm_flashsale=1,Túi chống sốc Laptop 14 inch Togo kéo ngang,Thắng,5
tui-chong-soc-laptop-14-inch-togo-keo-ngang?utm_flashsale=1,Túi chống sốc Laptop 14 inch Togo kéo ngang,Trí,1
tui-chong-soc-laptop-14-inch-togo-keo-ngang?utm_flashsale=1,Túi chống sốc Laptop 14 inch Togo kéo ngang,Hằng,4
tui-chong-soc-laptop-14-inch-togo-keo-ngang?utm_flashsale=1,Túi chống sốc Laptop 14 inch Togo kéo ngang,Chị Thảo,5
tui-chong-soc-laptop-14-inch-togo-keo-ngang?utm_flashsale=1,Túi chống sốc Laptop 14 inch Togo kéo ngang,Hà,4
balo-laptop-15-6-inch-togo-tgb03?utm_flashsale=1,Balo Laptop 15.6 inch Togo TGB03,Duy,4
tui-chong-soc-156-inch-targus-citygear-tss994gl-80,Túi chống sốc Laptop 15.6 inch Targus CityGear TSS994GL-80 Đen,Dũng,2
tui-chong-soc-156-inch-targus-citygear-tss994gl-80,Túi chống sốc Laptop 15.6 inch Targus CityGear TSS994GL-80 Đen,Giang,5
tui-xach-chong-soc-laptop-16-inch-innostyle-omniprotect-carry-s114,Túi chống sốc Laptop 16 inch Innostyle OmniProtect carry S114,Bảo,5
tui-chong-soc-laptop-156-inch-zadez-zlc-830,Túi chống sốc Laptop 15.6 inch Zadez ZLC-830,Vương,3
tui-chong-soc-laptop-156-inch-zadez-zlc-830,Túi chống sốc Laptop 15.6 inch Zadez ZLC-830,Tâm,5
tui-chong-soc-laptop-14-inch-zadez-zlc-8612b,Túi chống sốc Laptop 14 inch Zadez ZLC-8612B,Anh Đức,5
pro-nhua-deo-tpu-nap18,Túi đựng Airpods Pro Nhựa dẻo TPU kèm móc JM NAP18,Khánh,5
tui-dung-airpods-pro-nhua-deo-tpu-kem-moc-jm-sn12,Túi đựng AirPods Pro Nhựa dẻo TPU kèm móc JM SN12,Nhi,5
tui-dung-airpods-pro-nhua-deo-tpu-kem-moc-jm-sn12,Túi đựng AirPods Pro Nhựa dẻo TPU kèm móc JM SN12,Tân,5
tui-dung-airpods-pro-nhua-deo-carton-jm,Túi đựng Airpods Pro Nhựa dẻo Carton JM,Hưng,5
tui-dung-airpods-pro-nhua-deo-carton-jm,Túi đựng Airpods Pro Nhựa dẻo Carton JM,Hạnh,5
tui-dung-airpods-pro-silicone-kem-moc-jm-ap02,Túi đựng AirPods Pro Silicone kèm móc JM AP02,Lâm,4
tui-dung-airpods-pro-silicone-kem-moc-jm-ap02,Túi đựng AirPods Pro Silicone kèm móc JM AP02,Thanh,5
tui-dung-airpods-pro-silicone-kem-moc-jm-ap02,Túi đựng AirPods Pro Silicone kèm móc JM AP02,Linh,5
1-2-nhua-deo-silicone-ck-ap002,Túi đựng Airpods 1 & 2 Nhựa dẻo OSMIA CK-AP002,Thắng,5
1-2-nhua-deo-silicone-ck-ap002,Túi đựng Airpods 1 & 2 Nhựa dẻo OSMIA CK-AP002,Phượng,5
1-2-nhua-deo-silicone-ck-ap002,Túi đựng Airpods 1 & 2 Nhựa dẻo OSMIA CK-AP002,Chị Linh,5
1-2-nhua-deo-silicone-ck-ap002,Túi đựng Airpods 1 & 2 Nhựa dẻo OSMIA CK-AP002,Hưng,5
tui-dung-airpod-silicone-kem-moc-jm-pdc013-xam,Túi đựng AirPods 1 & 2 Nhựa dẻo kèm móc JM PDC013,Quang,5
tui-dung-airpod-silicone-kem-moc-jm-pdc013-xam,Túi đựng AirPods 1 & 2 Nhựa dẻo kèm móc JM PDC013,Hoà,3
tui-dung-airpods-1-2-silicone-kem-moc-jm-fr03,Túi đựng AirPods 1 & 2 Silicone kèm móc JM FR03,Phương,4
tui-dung-airpods-1-2-silicone-kem-moc-jm-fr03,Túi đựng AirPods 1 & 2 Silicone kèm móc JM FR03,Sơn,5
tui-dung-airpods-1-2-silicone-kem-moc-jm-fr03,Túi đựng AirPods 1 & 2 Silicone kèm móc JM FR03,Hoàng,5
tui-airpods-pro-nhua-cung-trong-jm-pd01,Túi đựng AirPods Pro Nhựa cứng trong JM PD01,Tâm,5
tui-airpods-pro-nhua-cung-trong-jm-pd01,Túi đựng AirPods Pro Nhựa cứng trong JM PD01,Trung,2
tui-dung-airpods-pro-silicone-kem-moc-jm-nap31,Túi đựng Airpods Pro Silicone kèm móc JM NAP31,Tùng,5
tui-dung-airpods-pro-silicone-kem-moc-jm-nap31,Túi đựng Airpods Pro Silicone kèm móc JM NAP31,Anh Bình,5
tui-dung-airpods-1-2-nhua-deo-carton-jm,Túi đựng Airpods 1 & 2 Nhựa dẻo Carton JM,Duy,5
tui-dung-airpods-1-2-nhua-deo-tpuimd-nap51,Túi đựng Airpods 1 & 2 Nhựa dẻo TPUIMD NAP51,Ngọc,5
tui-dung-airpods-1-2-nhua-deo-tpuimd-nap51,Túi đựng Airpods 1 & 2 Nhựa dẻo TPUIMD NAP51,Nghĩa,3
tui-dung-airpods-1-2-nhua-deo-tpuimd-nap51,Túi đựng Airpods 1 & 2 Nhựa dẻo TPUIMD NAP51,Anh Minh,5
tui-dung-airpods-pro-nhua-deo-tpu-ck-f048-osmia,Túi đựng Airpods Pro Nhựa dẻo TPU OSMIA CK-F048,Anh Thanh,4
tui-dung-airpods-1-2-nhua-deo-tpu-ck-f048-osmia,Túi đựng Airpods 1 & 2 nhựa dẻo TPU OSMIA CK-F048,Nam,3
